timestamp,open,high,low,close,volume
2025-09-11 11:00:00,0.5214,0.5234,0.5172,0.518,438646.7239
2025-09-11 12:00:00,0.5181,0.5288,0.5085,0.5178,2912200.8862
2025-09-11 13:00:00,0.518,0.522,0.5097,0.5208,1309531.494
2025-09-11 14:00:00,0.5209,0.5213,0.5127,0.5167,597255.8857
2025-09-11 15:00:00,0.5169,0.5178,0.5129,0.5141,236575.4375
2025-09-11 16:00:00,0.5143,0.5196,0.514,0.5165,304772.8497
2025-09-11 17:00:00,0.5161,0.5201,0.5155,0.5195,208467.303
2025-09-11 18:00:00,0.5194,0.52,0.5168,0.5192,109176.2071
2025-09-11 19:00:00,0.5189,0.5239,0.5183,0.5225,487372.1701
2025-09-11 20:00:00,0.5223,0.5234,0.52,0.5219,181530.8459
2025-09-11 21:00:00,0.5219,0.524,0.5203,0.5237,251474.4239
2025-09-11 22:00:00,0.524,0.5288,0.5224,0.5282,1513984.1751
2025-09-11 23:00:00,0.5286,0.5326,0.5271,0.5302,1098641.5351
2025-09-12 00:00:00,0.53,0.5374,0.529,0.5336,1389513.2059
2025-09-12 01:00:00,0.5337,0.5362,0.5295,0.5295,979931.5423
2025-09-12 02:00:00,0.5296,0.5339,0.529,0.5308,425122.4318
2025-09-12 03:00:00,0.5309,0.5311,0.5261,0.5304,770873.2596
2025-09-12 04:00:00,0.5307,0.5328,0.5283,0.5321,692231.6685
2025-09-12 05:00:00,0.5321,0.5366,0.5299,0.5366,857845.6155
2025-09-12 06:00:00,0.5366,0.5375,0.531,0.532,537215.6581
2025-09-12 07:00:00,0.5319,0.5346,0.5291,0.5301,666522.337
2025-09-12 08:00:00,0.5302,0.5306,0.5268,0.5291,556274.3085
2025-09-12 09:00:00,0.5291,0.5301,0.5243,0.526,788522.7796
2025-09-12 10:00:00,0.5259,0.5273,0.5232,0.5271,345802.861
2025-09-12 11:00:00,0.5269,0.5289,0.5242,0.5246,255018.0481
2025-09-12 12:00:00,0.5246,0.5283,0.5211,0.5275,435526.516
2025-09-12 13:00:00,0.5276,0.5297,0.5251,0.5294,397948.1812
2025-09-12 14:00:00,0.5295,0.5336,0.527,0.5298,608433.4762
2025-09-12 15:00:00,0.5298,0.5303,0.5247,0.5282,193336.5783
2025-09-12 16:00:00,0.528,0.5351,0.5279,0.535,480559.1567
2025-09-12 17:00:00,0.5349,0.541,0.5331,0.5393,1265388.5879
2025-09-12 18:00:00,0.5392,0.5455,0.5385,0.5455,1131689.1157
2025-09-12 19:00:00,0.5456,0.5467,0.5415,0.5457,286143.4799
2025-09-12 20:00:00,0.5456,0.5469,0.5417,0.5448,436139.8526
2025-09-12 21:00:00,0.545,0.545,0.5412,0.5434,333254.8654
2025-09-12 22:00:00,0.5435,0.5501,0.5435,0.5468,777618.8748
2025-09-12 23:00:00,0.5467,0.5477,0.5439,0.5476,502363.4862
2025-09-13 00:00:00,0.5471,0.5477,0.543,0.5463,382975.7031
2025-09-13 01:00:00,0.5462,0.5506,0.5428,0.5435,532773.1752
2025-09-13 02:00:00,0.5428,0.5451,0.5411,0.5441,589389.8715
2025-09-13 03:00:00,0.5441,0.5484,0.5435,0.548,487260.264
2025-09-13 04:00:00,0.548,0.5483,0.5436,0.5446,764469.4188
2025-09-13 05:00:00,0.5443,0.5444,0.5412,0.5436,573738.6425
2025-09-13 06:00:00,0.5437,0.5475,0.5435,0.5459,374743.3076
2025-09-13 07:00:00,0.5461,0.5461,0.5432,0.5434,203327.2365
2025-09-13 08:00:00,0.5434,0.5496,0.5433,0.5496,413045.059
2025-09-13 09:00:00,0.5497,0.5566,0.5495,0.5561,955723.7269
2025-09-13 10:00:00,0.5559,0.5577,0.5521,0.5535,1085578.5438
2025-09-13 11:00:00,0.5535,0.5556,0.5496,0.5548,407228.2871
2025-09-13 12:00:00,0.5548,0.5563,0.552,0.5555,454498.3315
2025-09-13 13:00:00,0.5552,0.557,0.5366,0.545,1367258.1914
2025-09-13 14:00:00,0.5449,0.5489,0.5393,0.5467,831187.8947
2025-09-13 15:00:00,0.5465,0.5506,0.5412,0.5433,622591.4286
2025-09-13 16:00:00,0.5437,0.546,0.5355,0.5375,1174514.2933
2025-09-13 17:00:00,0.5376,0.5393,0.5312,0.5387,578646.1426
2025-09-13 18:00:00,0.5386,0.5389,0.5356,0.5386,190143.8178
2025-09-13 19:00:00,0.5386,0.5395,0.5372,0.5386,178323.3094
2025-09-13 20:00:00,0.5385,0.5436,0.5382,0.5423,277152.3175
2025-09-13 21:00:00,0.542,0.5452,0.542,0.5426,166324.9065
2025-09-13 22:00:00,0.5426,0.5438,0.5413,0.5417,77153.6449
2025-09-13 23:00:00,0.5418,0.5433,0.5407,0.5414,152845.7521
2025-09-14 00:00:00,0.5414,0.5428,0.5357,0.5371,380230.3121
2025-09-14 01:00:00,0.537,0.5377,0.5304,0.5369,1009772.9426
2025-09-14 02:00:00,0.537,0.5416,0.5363,0.5397,352934.3567
2025-09-14 03:00:00,0.5403,0.5406,0.5314,0.5323,304939.6123
2025-09-14 04:00:00,0.5323,0.5337,0.5269,0.5327,556552.6714
2025-09-14 05:00:00,0.5329,0.5374,0.5326,0.5372,241844.0969
2025-09-14 06:00:00,0.5373,0.5385,0.5314,0.5338,134508.3065
2025-09-14 07:00:00,0.534,0.5341,0.5298,0.5309,366326.7438
2025-09-14 08:00:00,0.5307,0.5331,0.5291,0.5312,260538.4028
2025-09-14 09:00:00,0.5309,0.5338,0.5295,0.5322,285317.6942
2025-09-14 10:00:00,0.5326,0.5331,0.5302,0.5308,180096.8917
2025-09-14 11:00:00,0.5306,0.5315,0.5195,0.5209,841923.367
2025-09-14 12:00:00,0.521,0.5235,0.5145,0.5168,787839.0071
2025-09-14 13:00:00,0.517,0.5179,0.5104,0.5126,990336.3381
2025-09-14 14:00:00,0.5127,0.5169,0.5067,0.5106,1298208.8434
2025-09-14 15:00:00,0.5107,0.5126,0.5068,0.5099,976097.1472
2025-09-14 16:00:00,0.5099,0.5145,0.5088,0.5131,327328.5902
2025-09-14 17:00:00,0.513,0.5179,0.5121,0.5163,397313.51
2025-09-14 18:00:00,0.5165,0.5165,0.5132,0.5141,335447.8188
2025-09-14 19:00:00,0.5135,0.5166,0.512,0.5147,90325.9815
2025-09-14 20:00:00,0.5146,0.5176,0.5144,0.5168,110507.3873
2025-09-14 21:00:00,0.5165,0.5198,0.5137,0.5179,269477.4724
2025-09-14 22:00:00,0.518,0.5207,0.5155,0.5188,205311.5106
2025-09-14 23:00:00,0.5187,0.5188,0.5122,0.5135,236045.6834
2025-09-15 00:00:00,0.5134,0.5175,0.513,0.5139,177079.4071
2025-09-15 01:00:00,0.514,0.517,0.5083,0.5152,427449.5355
2025-09-15 02:00:00,0.5155,0.5189,0.5142,0.5153,240845.2447
2025-09-15 03:00:00,0.5154,0.5204,0.5151,0.5198,424662.0757
2025-09-15 04:00:00,0.5198,0.5228,0.5194,0.5199,542105.6069
2025-09-15 05:00:00,0.5199,0.5248,0.5193,0.5236,464189.8253
2025-09-15 06:00:00,0.5237,0.5238,0.5111,0.514,598103.4437
2025-09-15 07:00:00,0.5136,0.5176,0.5053,0.5074,1200787.4812
2025-09-15 08:00:00,0.5072,0.5075,0.4914,0.4928,3412339.9842
2025-09-15 09:00:00,0.4926,0.5004,0.4915,0.4978,837878.9303
2025-09-15 10:00:00,0.4976,0.4994,0.493,0.4983,707593.5989
2025-09-15 11:00:00,0.4981,0.499,0.4947,0.4969,683787.9693
2025-09-15 12:00:00,0.4968,0.4989,0.4932,0.4934,665235.0244
2025-09-15 13:00:00,0.4936,0.4984,0.4923,0.4954,688042.0433
2025-09-15 14:00:00,0.4951,0.4985,0.4914,0.4929,1139547.5919
2025-09-15 15:00:00,0.493,0.4952,0.4872,0.4907,1555005.3907
2025-09-15 16:00:00,0.4905,0.4906,0.4855,0.4867,680914.3948
2025-09-15 17:00:00,0.4865,0.4903,0.4852,0.4902,314350.1249
2025-09-15 18:00:00,0.4902,0.4907,0.4868,0.4896,255811.1239
2025-09-15 19:00:00,0.4895,0.4922,0.4874,0.49,307690.2273
2025-09-15 20:00:00,0.4899,0.4926,0.4894,0.4923,179337.3725
2025-09-15 21:00:00,0.4926,0.494,0.4907,0.4934,167629.7469
2025-09-15 22:00:00,0.4934,0.4941,0.4905,0.4914,227692.3504
2025-09-15 23:00:00,0.4914,0.4932,0.4905,0.4925,112253.9191
2025-09-16 00:00:00,0.4923,0.4924,0.4886,0.4906,157087.2164
2025-09-16 01:00:00,0.4906,0.494,0.4895,0.4898,454592.7434
2025-09-16 02:00:00,0.4898,0.4921,0.4883,0.4883,206887.2646
2025-09-16 03:00:00,0.4884,0.4913,0.4881,0.4887,187871.8491
2025-09-16 04:00:00,0.4891,0.4891,0.4837,0.4884,667801.8245
2025-09-16 05:00:00,0.4883,0.4928,0.4877,0.4928,331996.9347
2025-09-16 06:00:00,0.4929,0.4948,0.4887,0.4917,305786.136
2025-09-16 07:00:00,0.4918,0.501,0.4918,0.4926,1395743.8124
2025-09-16 08:00:00,0.4926,0.4988,0.4926,0.4971,507113.3329
2025-09-16 09:00:00,0.4971,0.498,0.4948,0.4972,531739.5012
2025-09-16 10:00:00,0.4972,0.4975,0.4928,0.4929,385820.9197
2025-09-16 11:00:00,0.493,0.4945,0.4919,0.4921,380627.0628
2025-09-16 12:00:00,0.4922,0.4943,0.4911,0.4925,554995.5121
2025-09-16 13:00:00,0.4926,0.4963,0.4866,0.4919,919375.5837
2025-09-16 14:00:00,0.4919,0.4919,0.4839,0.4903,984211.2088
2025-09-16 15:00:00,0.4903,0.4952,0.4874,0.4951,316654.8432
2025-09-16 16:00:00,0.495,0.4953,0.4899,0.4916,491754.1957
2025-09-16 17:00:00,0.4918,0.4996,0.4917,0.4964,608229.5602
2025-09-16 18:00:00,0.4964,0.4989,0.4948,0.4969,466744.2324
2025-09-16 19:00:00,0.4968,0.4977,0.4949,0.4964,205288.074
2025-09-16 20:00:00,0.4963,0.4974,0.4956,0.497,201550.566
2025-09-16 21:00:00,0.4968,0.4984,0.4957,0.498,196590.2771
2025-09-16 22:00:00,0.4982,0.4998,0.4968,0.4985,195008.5822
2025-09-16 23:00:00,0.4986,0.4986,0.4938,0.4949,191225.3787
2025-09-17 00:00:00,0.4949,0.4966,0.4923,0.4951,488227.9381
2025-09-17 01:00:00,0.4954,0.497,0.4933,0.496,316435.2193
2025-09-17 02:00:00,0.4962,0.5007,0.4945,0.4975,817447.8585
2025-09-17 03:00:00,0.4976,0.4985,0.4926,0.493,357642.3658
2025-09-17 04:00:00,0.4932,0.4948,0.4886,0.4895,408795.7617
2025-09-17 05:00:00,0.4894,0.4943,0.4887,0.4941,655653.1008
2025-09-17 06:00:00,0.4943,0.498,0.4929,0.4979,478087.7526
2025-09-17 07:00:00,0.4976,0.4985,0.4959,0.4964,374660.3675
2025-09-17 08:00:00,0.4964,0.4967,0.4909,0.4923,436740.7728
2025-09-17 09:00:00,0.4923,0.4923,0.4896,0.4897,170588.3119
2025-09-17 10:00:00,0.4896,0.4907,0.4873,0.4889,750855.1344
2025-09-17 11:00:00,0.4888,0.4918,0.4885,0.4902,219062.8075
2025-09-17 12:00:00,0.4903,0.4934,0.4888,0.4911,553781.5823
2025-09-17 13:00:00,0.491,0.4928,0.4881,0.4901,488130.8259
2025-09-17 14:00:00,0.49,0.4908,0.4861,0.4881,413375.4851
2025-09-17 15:00:00,0.4881,0.4901,0.4874,0.4883,346890.3614
2025-09-17 16:00:00,0.4882,0.4919,0.485,0.4913,324358.3138
2025-09-17 17:00:00,0.4912,0.498,0.4884,0.4885,1018379.3121
2025-09-17 18:00:00,0.4885,0.4991,0.4864,0.4896,4728771.687
2025-09-17 19:00:00,0.4897,0.5066,0.4896,0.5062,1239380.8994
2025-09-17 20:00:00,0.506,0.5145,0.5028,0.5039,1543321.324
2025-09-17 21:00:00,0.5038,0.5168,0.4992,0.5157,1234220.9412
2025-09-17 22:00:00,0.516,0.5243,0.5156,0.5226,1313469.5234
2025-09-17 23:00:00,0.5228,0.5262,0.5188,0.5203,1212670.5708
2025-09-18 00:00:00,0.5208,0.5248,0.5168,0.5175,990448.6823
2025-09-18 01:00:00,0.5177,0.524,0.5165,0.5214,470799.4525
2025-09-18 02:00:00,0.5215,0.5229,0.5178,0.5228,909934.8501
2025-09-18 03:00:00,0.5228,0.5285,0.5211,0.5247,810252.4949
2025-09-18 04:00:00,0.5248,0.5267,0.5221,0.5253,744844.8797
2025-09-18 05:00:00,0.5252,0.5252,0.5184,0.5193,298952.5194
2025-09-18 06:00:00,0.5193,0.5202,0.5136,0.5165,674730.229
2025-09-18 07:00:00,0.5163,0.5194,0.5158,0.5171,177534.3938
2025-09-18 08:00:00,0.5171,0.5205,0.516,0.519,552732.0462
2025-09-18 09:00:00,0.5189,0.52,0.5171,0.5184,198861.6438
2025-09-18 10:00:00,0.5182,0.5193,0.5138,0.5146,487603.4236
2025-09-18 11:00:00,0.5147,0.5164,0.5133,0.5146,216011.889
2025-09-18 12:00:00,0.5146,0.5168,0.5123,0.5152,244906.8226
2025-09-18 13:00:00,0.5147,0.5195,0.5128,0.5179,764034.2527
2025-09-18 14:00:00,0.5178,0.5235,0.5178,0.5194,553096.937
2025-09-18 15:00:00,0.5195,0.5218,0.5177,0.5202,1166380.1613
2025-09-18 16:00:00,0.5203,0.5241,0.519,0.5229,560713.1656
2025-09-18 17:00:00,0.5228,0.5261,0.5216,0.5253,491442.3496
2025-09-18 18:00:00,0.5256,0.5275,0.5241,0.527,268148.7972
2025-09-18 19:00:00,0.5271,0.5274,0.5194,0.5234,496472.44
2025-09-18 20:00:00,0.5234,0.5252,0.5226,0.5235,90734.1932
2025-09-18 21:00:00,0.5235,0.5268,0.5221,0.5249,211942.3939
2025-09-18 22:00:00,0.5247,0.5277,0.5233,0.5239,374246.7748
2025-09-18 23:00:00,0.5239,0.5261,0.5198,0.5241,486409.3908
2025-09-19 00:00:00,0.5247,0.533,0.5247,0.5329,660130.0638
2025-09-19 01:00:00,0.5329,0.5351,0.5283,0.5299,522927.0258
2025-09-19 02:00:00,0.5296,0.5329,0.5247,0.5268,400779.8667
2025-09-19 03:00:00,0.527,0.53,0.5188,0.5194,1059296.6131
2025-09-19 04:00:00,0.5191,0.5218,0.5129,0.5214,714249.8321
2025-09-19 05:00:00,0.5217,0.522,0.516,0.518,608019.2008
2025-09-19 06:00:00,0.5182,0.5182,0.513,0.5136,906823.9816
2025-09-19 07:00:00,0.5136,0.5178,0.5109,0.5156,434255.6067
2025-09-19 08:00:00,0.5155,0.5173,0.5114,0.512,249431.3717
2025-09-19 09:00:00,0.5121,0.5151,0.5075,0.509,824360.6372
2025-09-19 10:00:00,0.5091,0.5103,0.5068,0.5084,557524.4342
2025-09-19 11:00:00,0.5083,0.5086,0.4996,0.5013,1243786.2964
2025-09-19 12:00:00,0.5012,0.505,0.5007,0.5025,384796.1114
2025-09-19 13:00:00,0.5024,0.5063,0.5015,0.5046,675647.9003
2025-09-19 14:00:00,0.5047,0.5055,0.4959,0.4977,926377.2349
2025-09-19 15:00:00,0.4975,0.498,0.4911,0.4959,1033309.738
2025-09-19 16:00:00,0.496,0.4993,0.4948,0.4957,771264.0224
2025-09-19 17:00:00,0.4957,0.496,0.491,0.4912,914446.2323
2025-09-19 18:00:00,0.4911,0.4928,0.4872,0.4906,924150.4888
2025-09-19 19:00:00,0.4907,0.4932,0.4898,0.4899,682296.2544
2025-09-19 20:00:00,0.4898,0.493,0.4898,0.4905,588522.2875
2025-09-19 21:00:00,0.4906,0.4934,0.4891,0.4925,178111.1007
2025-09-19 22:00:00,0.4925,0.4929,0.4913,0.4913,301678.3847
2025-09-19 23:00:00,0.4912,0.4915,0.4845,0.4888,997166.1977
2025-09-20 00:00:00,0.4886,0.492,0.4881,0.492,675018.8737
2025-09-20 01:00:00,0.4918,0.492,0.4882,0.4898,175371.4826
2025-09-20 02:00:00,0.4895,0.4906,0.4861,0.4904,175799.2474
2025-09-20 03:00:00,0.4903,0.4916,0.4887,0.4911,160745.8313
2025-09-20 04:00:00,0.491,0.4942,0.49,0.4928,193952.1594
2025-09-20 05:00:00,0.4929,0.4952,0.4916,0.4951,214171.0547
2025-09-20 06:00:00,0.495,0.4967,0.4928,0.4951,595827.3924
2025-09-20 07:00:00,0.4952,0.4965,0.4937,0.4959,251096.3959
2025-09-20 08:00:00,0.4958,0.4959,0.4901,0.4904,460904.5281
2025-09-20 09:00:00,0.4904,0.4918,0.488,0.4888,244551.5483
2025-09-20 10:00:00,0.4889,0.4904,0.4868,0.4872,592065.0516
2025-09-20 11:00:00,0.4872,0.4902,0.4868,0.49,171365.2878
2025-09-20 12:00:00,0.4899,0.4905,0.4887,0.49,259621.3824
2025-09-20 13:00:00,0.4899,0.4909,0.4889,0.4896,408961.4834
2025-09-20 14:00:00,0.4895,0.4958,0.4877,0.4953,403926.1419
2025-09-20 15:00:00,0.4954,0.5,0.4951,0.4963,599518.5971
2025-09-20 16:00:00,0.4965,0.4985,0.4947,0.497,197531.9184
2025-09-20 17:00:00,0.4971,0.4973,0.492,0.4932,292633.9888
2025-09-20 18:00:00,0.4931,0.4932,0.4894,0.4908,185389.1347
2025-09-20 19:00:00,0.4906,0.4929,0.4897,0.4916,105731.5525
2025-09-20 20:00:00,0.4913,0.4953,0.4909,0.4947,108515.4135
2025-09-20 21:00:00,0.4948,0.4977,0.4945,0.495,277272.612
2025-09-20 22:00:00,0.4949,0.4952,0.4931,0.4938,71562.1997
2025-09-20 23:00:00,0.494,0.494,0.4918,0.4933,148636.4191
2025-09-21 00:00:00,0.493,0.4958,0.492,0.4944,149134.8358
2025-09-21 01:00:00,0.4945,0.4956,0.4923,0.4929,119161.2121
2025-09-21 02:00:00,0.4928,0.4953,0.4904,0.4942,312038.6832
2025-09-21 03:00:00,0.4942,0.4947,0.4929,0.4944,124612.2395
2025-09-21 04:00:00,0.4943,0.4944,0.4919,0.4928,161965.9405
2025-09-21 05:00:00,0.4932,0.4973,0.4925,0.4972,150305.2664
2025-09-21 06:00:00,0.4973,0.4992,0.497,0.4971,259916.7317
2025-09-21 07:00:00,0.4969,0.4973,0.4949,0.4954,168220.8246
2025-09-21 08:00:00,0.4954,0.496,0.4921,0.4925,205366.6505
2025-09-21 09:00:00,0.4924,0.493,0.4822,0.4874,794334.3157
2025-09-21 10:00:00,0.4875,0.4886,0.4848,0.485,230984.4248
2025-09-21 11:00:00,0.4848,0.4887,0.4842,0.4869,211871.6379
2025-09-21 12:00:00,0.4867,0.4907,0.4866,0.4882,192679.4658
2025-09-21 13:00:00,0.488,0.4903,0.4879,0.4899,129127.0327
2025-09-21 14:00:00,0.4901,0.4904,0.486,0.4865,672596.9138
2025-09-21 15:00:00,0.4864,0.4881,0.4846,0.4854,460917.4191
2025-09-21 16:00:00,0.4852,0.4864,0.4795,0.4826,1164734.6669
2025-09-21 17:00:00,0.4828,0.4861,0.4788,0.4859,678197.8143
2025-09-21 18:00:00,0.486,0.487,0.4847,0.487,87009.7734
2025-09-21 19:00:00,0.4871,0.4872,0.483,0.4849,243169.2947
2025-09-21 20:00:00,0.485,0.4854,0.4831,0.4841,338815.2992
2025-09-21 21:00:00,0.4842,0.4854,0.4825,0.4842,229863.8128
2025-09-21 22:00:00,0.4841,0.4855,0.481,0.4848,158019.4782
2025-09-21 23:00:00,0.4847,0.4847,0.4805,0.4807,121846.3786
2025-09-22 00:00:00,0.4806,0.4828,0.4628,0.4649,3756697.3238
2025-09-22 01:00:00,0.4647,0.4697,0.4633,0.4654,1078197.6961
2025-09-22 02:00:00,0.4656,0.4671,0.454,0.4587,1848881.7091
2025-09-22 03:00:00,0.4587,0.4622,0.4583,0.4611,598485.1801
2025-09-22 04:00:00,0.4612,0.463,0.4592,0.46,1157125.7104
2025-09-22 05:00:00,0.46,0.4603,0.4493,0.4501,1921248.785
2025-09-22 06:00:00,0.4501,0.4508,0.4154,0.4392,14812166.2524
2025-09-22 07:00:00,0.439,0.442,0.4375,0.4378,1324194.9279
2025-09-22 08:00:00,0.4378,0.4416,0.4351,0.4401,783675.1842
2025-09-22 09:00:00,0.4398,0.4398,0.433,0.4336,1128527.5126
2025-09-22 10:00:00,0.4336,0.4409,0.433,0.44,666891.9517
2025-09-22 11:00:00,0.4398,0.4407,0.436,0.4373,639021.8742
2025-09-22 12:00:00,0.4373,0.4395,0.436,0.4386,509101.5338
2025-09-22 13:00:00,0.4385,0.4418,0.4362,0.4409,1313321.8717
2025-09-22 14:00:00,0.4408,0.4418,0.4349,0.436,913555.3172
2025-09-22 15:00:00,0.4358,0.4367,0.4321,0.4331,975596.3383
2025-09-22 16:00:00,0.4331,0.4352,0.43,0.4318,527839.3782
2025-09-22 17:00:00,0.4318,0.4342,0.4298,0.433,515012.6312
2025-09-22 18:00:00,0.4332,0.4343,0.4312,0.4312,157001.6292
2025-09-22 19:00:00,0.4311,0.4318,0.4268,0.4279,719832.4136
2025-09-22 20:00:00,0.428,0.4346,0.4278,0.434,371339.025
2025-09-22 21:00:00,0.4341,0.4377,0.4326,0.4371,305947.4892
2025-09-22 22:00:00,0.437,0.437,0.435,0.4359,68309.56
2025-09-22 23:00:00,0.436,0.4372,0.4357,0.4367,110807.4463
2025-09-23 00:00:00,0.4362,0.4383,0.4333,0.4333,247597.2357
2025-09-23 01:00:00,0.4334,0.4335,0.4274,0.4275,469492.7143
2025-09-23 02:00:00,0.4276,0.4299,0.4231,0.4234,2301985.1941
2025-09-23 03:00:00,0.4235,0.4349,0.4217,0.4317,1156823.5835
2025-09-23 04:00:00,0.4322,0.4336,0.427,0.428,355243.9446
2025-09-23 05:00:00,0.4279,0.4303,0.4249,0.4268,777683.4379
2025-09-23 06:00:00,0.4271,0.436,0.4269,0.4355,676506.6422
2025-09-23 07:00:00,0.4353,0.4359,0.4333,0.435,368180.7998
2025-09-23 08:00:00,0.435,0.4369,0.4339,0.4357,733773.0493
2025-09-23 09:00:00,0.4355,0.4374,0.4321,0.433,437938.0109
2025-09-23 10:00:00,0.4328,0.4351,0.4323,0.4347,246101.9245
2025-09-23 11:00:00,0.4346,0.4353,0.4323,0.4349,264919.3388
2025-09-23 12:00:00,0.4347,0.437,0.4332,0.4356,426165.7868
2025-09-23 13:00:00,0.4357,0.4364,0.4328,0.4344,484877.2562
2025-09-23 14:00:00,0.4344,0.439,0.4335,0.4346,693554.1235
2025-09-23 15:00:00,0.4347,0.4405,0.4321,0.4382,593785.7368
2025-09-23 16:00:00,0.4384,0.4435,0.4364,0.4415,1040896.2089
2025-09-23 17:00:00,0.4413,0.4414,0.4331,0.4336,451033.2049
2025-09-23 18:00:00,0.4337,0.4356,0.4305,0.432,528247.0047
2025-09-23 19:00:00,0.4319,0.4367,0.4303,0.4318,510345.2844
2025-09-23 20:00:00,0.4321,0.4351,0.4301,0.4351,258790.6271
2025-09-23 21:00:00,0.4351,0.4365,0.4327,0.4357,141595.1172
2025-09-23 22:00:00,0.4357,0.4363,0.4333,0.4348,76081.6222
2025-09-23 23:00:00,0.4348,0.4358,0.4312,0.4323,135117.1265
2025-09-24 00:00:00,0.4329,0.4375,0.4325,0.4348,221949.3516
2025-09-24 01:00:00,0.4342,0.4388,0.4335,0.4386,541147.7857
2025-09-24 02:00:00,0.4386,0.4389,0.4343,0.4356,399944.8633
2025-09-24 03:00:00,0.4359,0.4364,0.4274,0.4287,976656.7131
2025-09-24 04:00:00,0.4287,0.4356,0.4208,0.4318,1423722.8009
2025-09-24 05:00:00,0.432,0.4387,0.4316,0.4384,563688.1998
2025-09-24 06:00:00,0.438,0.4433,0.4355,0.4412,5066944.5299
2025-09-24 07:00:00,0.4414,0.442,0.438,0.4402,350392.2489
2025-09-24 08:00:00,0.4403,0.4412,0.4392,0.4399,484405.6262
2025-09-24 09:00:00,0.44,0.4419,0.4387,0.4414,235318.2589
2025-09-24 10:00:00,0.4413,0.4415,0.4392,0.4407,158667.5865
2025-09-24 11:00:00,0.4408,0.4433,0.4402,0.4419,386706.0484
2025-09-24 12:00:00,0.442,0.4428,0.4405,0.4415,205473.9638
2025-09-24 13:00:00,0.4415,0.4428,0.4371,0.4375,575613.0041
2025-09-24 14:00:00,0.4373,0.4434,0.4373,0.4409,267118.151
2025-09-24 15:00:00,0.4411,0.4415,0.435,0.4356,243987.2431
2025-09-24 16:00:00,0.4354,0.4375,0.434,0.4365,450622.3703
2025-09-24 17:00:00,0.4366,0.4383,0.4362,0.4367,354177.9409
2025-09-24 18:00:00,0.4366,0.4366,0.4336,0.435,185033.0277
2025-09-24 19:00:00,0.4351,0.4356,0.4328,0.4343,240901.1118
2025-09-24 20:00:00,0.4343,0.4349,0.4304,0.4327,123926.836
2025-09-24 21:00:00,0.4321,0.4327,0.4273,0.4282,306189.1149
2025-09-24 22:00:00,0.4284,0.4307,0.4273,0.4279,379928.8621
2025-09-24 23:00:00,0.428,0.4302,0.4277,0.4296,337538.8613
2025-09-25 00:00:00,0.4295,0.4306,0.4265,0.4275,507836.4449
2025-09-25 01:00:00,0.4272,0.4286,0.4238,0.4251,705781.9569
2025-09-25 02:00:00,0.4252,0.4306,0.423,0.4281,707737.9851
2025-09-25 03:00:00,0.428,0.428,0.4213,0.425,557406.5179
2025-09-25 04:00:00,0.4246,0.4264,0.4146,0.4186,2144390.5867
2025-09-25 05:00:00,0.4182,0.4241,0.4135,0.4221,1737058.5614
2025-09-25 06:00:00,0.4223,0.4228,0.4167,0.4172,595445.3331
2025-09-25 07:00:00,0.4172,0.4205,0.4166,0.4182,506074.4547
2025-09-25 08:00:00,0.4183,0.4209,0.417,0.4192,497629.5781
2025-09-25 09:00:00,0.419,0.4223,0.4174,0.4175,785301.6961
2025-09-25 10:00:00,0.4174,0.421,0.4171,0.4172,405912.4649
2025-09-25 11:00:00,0.4173,0.4186,0.4138,0.4156,1199955.0634
2025-09-25 12:00:00,0.4159,0.4217,0.4076,0.4193,3525434.3575
2025-09-25 13:00:00,0.4194,0.424,0.4161,0.42,1110083.4927
2025-09-25 14:00:00,0.42,0.4272,0.42,0.4237,864125.407
2025-09-25 15:00:00,0.4238,0.4242,0.4206,0.4226,744158.7717
2025-09-25 16:00:00,0.4226,0.4231,0.4127,0.4137,4134703.2435
2025-09-25 17:00:00,0.4139,0.414,0.3989,0.4015,13600885.7877
2025-09-25 18:00:00,0.4018,0.4151,0.3992,0.4151,2389036.5974
2025-09-25 19:00:00,0.415,0.4168,0.4113,0.4115,736521.9524
2025-09-25 20:00:00,0.4121,0.4133,0.4076,0.4086,449794.4837
2025-09-25 21:00:00,0.4085,0.4128,0.407,0.412,684412.3078
2025-09-25 22:00:00,0.4116,0.4143,0.4083,0.4103,385560.6483
2025-09-25 23:00:00,0.4102,0.4132,0.4044,0.4079,1444518.0316
2025-09-26 00:00:00,0.408,0.4152,0.4069,0.4144,812052.3954
2025-09-26 01:00:00,0.4145,0.4156,0.4121,0.4138,763799.8386
2025-09-26 02:00:00,0.4139,0.416,0.4114,0.4123,320792.803
2025-09-26 03:00:00,0.4124,0.4139,0.4108,0.4134,272621.7186
2025-09-26 04:00:00,0.4138,0.4144,0.4098,0.4102,444578.1394
2025-09-26 05:00:00,0.4102,0.4138,0.4086,0.4091,270316.8174
2025-09-26 06:00:00,0.4091,0.4127,0.407,0.4087,571846.3994
2025-09-26 07:00:00,0.4092,0.4116,0.4064,0.4105,390818.3754
2025-09-26 08:00:00,0.4105,0.4139,0.4102,0.4124,222957.2393
2025-09-26 09:00:00,0.4125,0.4134,0.4072,0.4084,277915.6602
2025-09-26 10:00:00,0.4085,0.4088,0.4033,0.4054,686056.4117
2025-09-26 11:00:00,0.4053,0.4089,0.403,0.4073,510616.2266
2025-09-26 12:00:00,0.4073,0.4141,0.4021,0.4104,1147316.3815
2025-09-26 13:00:00,0.4105,0.4158,0.4071,0.4143,1150373.6067
2025-09-26 14:00:00,0.4146,0.4155,0.4098,0.4117,665617.1134
2025-09-26 15:00:00,0.4122,0.416,0.4119,0.4141,629495.7472
2025-09-26 16:00:00,0.4141,0.4195,0.414,0.4188,342952.1222
2025-09-26 17:00:00,0.4187,0.4232,0.4171,0.4227,688494.2626
2025-09-26 18:00:00,0.423,0.4261,0.4224,0.4239,657716.0093
2025-09-26 19:00:00,0.4243,0.4243,0.4195,0.4221,467227.5663
2025-09-26 20:00:00,0.4222,0.4237,0.4212,0.4228,235210.8045
2025-09-26 21:00:00,0.4221,0.4253,0.4215,0.4247,308266.0466
2025-09-26 22:00:00,0.4247,0.426,0.4238,0.4241,199653.0618
2025-09-26 23:00:00,0.4238,0.4251,0.4225,0.425,208133.8264
2025-09-27 00:00:00,0.4252,0.4254,0.4237,0.4251,143013.9013
2025-09-27 01:00:00,0.4252,0.4252,0.4226,0.4248,143784.3116
2025-09-27 02:00:00,0.4247,0.4252,0.4237,0.4238,133346.8468
2025-09-27 03:00:00,0.4239,0.4262,0.4237,0.4238,194300.3779
2025-09-27 04:00:00,0.4237,0.4244,0.4231,0.4239,146310.3814
2025-09-27 05:00:00,0.424,0.426,0.4226,0.4257,91066.8078
2025-09-27 06:00:00,0.4258,0.4267,0.4246,0.4257,278205.3874
2025-09-27 07:00:00,0.4258,0.4267,0.4233,0.4235,221202.7246
2025-09-27 08:00:00,0.4234,0.4235,0.4198,0.4201,306530.2372
2025-09-27 09:00:00,0.4201,0.4238,0.4187,0.423,194740.8692
2025-09-27 10:00:00,0.423,0.425,0.4213,0.4228,185811.3099
2025-09-27 11:00:00,0.4227,0.4234,0.4221,0.423,157140.5262
2025-09-27 12:00:00,0.423,0.4243,0.4208,0.4236,325940.195
2025-09-27 13:00:00,0.4235,0.4235,0.4217,0.4219,108389.1346
2025-09-27 14:00:00,0.4219,0.4226,0.4209,0.4212,102449.8831
2025-09-27 15:00:00,0.421,0.4237,0.419,0.4236,203587.3778
2025-09-27 16:00:00,0.4234,0.4236,0.4208,0.4211,722035.4465
2025-09-27 17:00:00,0.4211,0.4211,0.4185,0.421,418532.6782
2025-09-27 18:00:00,0.4209,0.4215,0.4194,0.4208,206112.4134
2025-09-27 19:00:00,0.421,0.4228,0.4202,0.4227,80126.7596
2025-09-27 20:00:00,0.4228,0.4236,0.4218,0.422,101986.7352
2025-09-27 21:00:00,0.4223,0.4256,0.4217,0.4253,356254.8611
2025-09-27 22:00:00,0.4251,0.4297,0.4251,0.4259,378088.0174
2025-09-27 23:00:00,0.4258,0.4268,0.4236,0.4238,100349.6715
2025-09-28 00:00:00,0.4243,0.4248,0.421,0.4211,164368.5784
2025-09-28 01:00:00,0.4212,0.4213,0.4171,0.4182,191272.4769
2025-09-28 02:00:00,0.4184,0.4202,0.4176,0.4189,91897.0243
2025-09-28 03:00:00,0.4189,0.4193,0.4174,0.4189,170939.1837
2025-09-28 04:00:00,0.419,0.42,0.418,0.4192,324494.6767
2025-09-28 05:00:00,0.4194,0.4203,0.4181,0.4187,180324.0173
2025-09-28 06:00:00,0.4185,0.4188,0.4147,0.4166,313651.2388
2025-09-28 07:00:00,0.4166,0.4171,0.415,0.416,133893.0203
2025-09-28 08:00:00,0.416,0.417,0.414,0.4145,324826.7562
2025-09-28 09:00:00,0.4144,0.4149,0.4124,0.4136,231601.5817
2025-09-28 10:00:00,0.4135,0.4146,0.4115,0.4141,895750.5805
2025-09-28 11:00:00,0.4141,0.4141,0.4113,0.4128,372349.4176
2025-09-28 12:00:00,0.4129,0.4129,0.4088,0.4106,259641.1573
2025-09-28 13:00:00,0.411,0.4183,0.4105,0.4174,525805.8634
2025-09-28 14:00:00,0.4175,0.4189,0.4158,0.4174,405950.9357
2025-09-28 15:00:00,0.4173,0.4183,0.4164,0.4174,142950.9232
2025-09-28 16:00:00,0.4173,0.4216,0.4173,0.4194,336697.9657
2025-09-28 17:00:00,0.4195,0.4246,0.4193,0.4225,261277.4347
2025-09-28 18:00:00,0.4226,0.423,0.4213,0.4224,74860.3072
2025-09-28 19:00:00,0.4227,0.4231,0.4207,0.422,43636.5888
2025-09-28 20:00:00,0.4224,0.4265,0.4217,0.4245,174227.3966
2025-09-28 21:00:00,0.4246,0.4261,0.4231,0.4247,250509.3206
2025-09-28 22:00:00,0.4248,0.4324,0.4248,0.4312,447819.6069
2025-09-28 23:00:00,0.4315,0.4322,0.4293,0.4303,165795.6512
2025-09-29 00:00:00,0.4302,0.4303,0.4265,0.4265,174299.1145
2025-09-29 01:00:00,0.4266,0.4271,0.425,0.425,184745.3179
2025-09-29 02:00:00,0.425,0.4273,0.4238,0.4254,120538.8924
2025-09-29 03:00:00,0.4252,0.4253,0.4235,0.4251,216485.4187
2025-09-29 04:00:00,0.4253,0.4253,0.4228,0.4232,95005.6179
2025-09-29 05:00:00,0.4233,0.4233,0.4209,0.4223,149895.5052
2025-09-29 06:00:00,0.4225,0.4227,0.4183,0.4183,335743.8732
2025-09-29 07:00:00,0.4184,0.4219,0.4175,0.4205,158239.8251
2025-09-29 08:00:00,0.4206,0.4237,0.4193,0.4218,252479.4712
2025-09-29 09:00:00,0.4216,0.423,0.4191,0.4201,302564.0352
2025-09-29 10:00:00,0.4201,0.4207,0.4168,0.4169,194833.4706
2025-09-29 11:00:00,0.4167,0.4172,0.4137,0.4163,301479.2101
2025-09-29 12:00:00,0.4162,0.418,0.411,0.4114,178043.0387
2025-09-29 13:00:00,0.4115,0.4186,0.409,0.417,884176.2755
2025-09-29 14:00:00,0.4171,0.4254,0.4166,0.4244,916080.1184
2025-09-29 15:00:00,0.4246,0.4254,0.4167,0.4172,513181.331
2025-09-29 16:00:00,0.4173,0.4199,0.412,0.4122,590334.7343
2025-09-29 17:00:00,0.4123,0.4157,0.4103,0.4154,217755.5335
2025-09-29 18:00:00,0.4149,0.4149,0.4118,0.414,237867.3044
2025-09-29 19:00:00,0.4141,0.4189,0.4137,0.4184,276101.5289
2025-09-29 20:00:00,0.4185,0.4241,0.4181,0.4237,459943.2169
2025-09-29 21:00:00,0.4241,0.4241,0.4214,0.4222,239100.4526
2025-09-29 22:00:00,0.4221,0.4223,0.4195,0.4202,146654.1627
2025-09-29 23:00:00,0.4201,0.4205,0.4174,0.4178,307327.1719
2025-09-30 00:00:00,0.4176,0.4191,0.4133,0.4138,699888.4614
2025-09-30 01:00:00,0.4137,0.4168,0.4097,0.4125,434437.4895
2025-09-30 02:00:00,0.4123,0.4141,0.4115,0.4115,119258.0131
2025-09-30 03:00:00,0.4115,0.4146,0.4103,0.4125,121975.3862
2025-09-30 04:00:00,0.4125,0.4149,0.4118,0.4124,136212.3678
2025-09-30 05:00:00,0.4124,0.4149,0.4108,0.4138,541066.7157
2025-09-30 06:00:00,0.4138,0.4165,0.4123,0.4139,323740.0356
2025-09-30 07:00:00,0.4141,0.4154,0.4103,0.4118,250261.585
2025-09-30 08:00:00,0.4117,0.4123,0.4097,0.4097,186711.0441
2025-09-30 09:00:00,0.4096,0.4115,0.4068,0.4073,301617.702
2025-09-30 10:00:00,0.4073,0.4106,0.4068,0.4095,161281.6104
2025-09-30 11:00:00,0.4095,0.4115,0.4078,0.4113,217457.1268
2025-09-30 12:00:00,0.411,0.412,0.4086,0.4089,474735.9095
2025-09-30 13:00:00,0.4089,0.4131,0.4075,0.4105,374553.7007
2025-09-30 14:00:00,0.4106,0.4126,0.4083,0.4108,472064.1999
2025-09-30 15:00:00,0.4106,0.4109,0.403,0.4104,835898.1085
2025-09-30 16:00:00,0.4104,0.4124,0.4048,0.4068,1103744.4331
2025-09-30 17:00:00,0.4068,0.409,0.4057,0.4064,606167.5549
2025-09-30 18:00:00,0.4061,0.411,0.4053,0.4105,184832.2057
2025-09-30 19:00:00,0.4106,0.4217,0.4097,0.4214,1052887.0806
2025-09-30 20:00:00,0.4214,0.4232,0.4188,0.4219,651729.2897
2025-09-30 21:00:00,0.4224,0.4244,0.4206,0.4208,395535.4559
2025-09-30 22:00:00,0.4209,0.4243,0.4186,0.419,305681.3301
2025-09-30 23:00:00,0.4189,0.4216,0.4175,0.4216,244800.6866
2025-10-01 00:00:00,0.4216,0.4224,0.4176,0.4192,316601.4929
2025-10-01 01:00:00,0.4197,0.4223,0.4177,0.4222,185797.8854
2025-10-01 02:00:00,0.4224,0.4225,0.4193,0.4198,161310.9682
2025-10-01 03:00:00,0.4198,0.4202,0.4162,0.4167,368174.0729
2025-10-01 04:00:00,0.4165,0.4206,0.4163,0.4178,405647.3329
2025-10-01 05:00:00,0.4183,0.4228,0.4181,0.4209,201205.1734
2025-10-01 06:00:00,0.421,0.4212,0.4178,0.4181,369920.2918
2025-10-01 07:00:00,0.4179,0.4215,0.4178,0.4195,320551.2443
2025-10-01 08:00:00,0.4192,0.4381,0.419,0.4371,2603406.7272
2025-10-01 09:00:00,0.4373,0.4417,0.4368,0.4401,1299470.5955
2025-10-01 10:00:00,0.4402,0.4407,0.4347,0.4353,592559.5781
2025-10-01 11:00:00,0.4354,0.4366,0.4334,0.4337,303129.6695
2025-10-01 12:00:00,0.4338,0.435,0.4297,0.4299,371202.3768
2025-10-01 13:00:00,0.43,0.4333,0.4298,0.4314,872850.2448
2025-10-01 14:00:00,0.4314,0.4352,0.4309,0.4322,1156508.4641
2025-10-01 15:00:00,0.4323,0.4354,0.431,0.4329,462907.9807
2025-10-01 16:00:00,0.433,0.4347,0.4312,0.4322,511307.5122
2025-10-01 17:00:00,0.4321,0.433,0.43,0.4303,173022.899
2025-10-01 18:00:00,0.4303,0.4351,0.4303,0.4347,234187.6352
2025-10-01 19:00:00,0.4344,0.4371,0.4342,0.4361,283630.5445
2025-10-01 20:00:00,0.4364,0.4367,0.4349,0.4358,289429.4049
2025-10-01 21:00:00,0.4357,0.4358,0.4323,0.4333,167433.6635
2025-10-01 22:00:00,0.4334,0.4354,0.4321,0.4336,161501.2026
2025-10-01 23:00:00,0.4336,0.4358,0.4327,0.4352,462591.0787
2025-10-02 00:00:00,0.4354,0.4373,0.4332,0.4337,475790.2927
2025-10-02 01:00:00,0.4337,0.4415,0.4329,0.4412,234484.9729
2025-10-02 02:00:00,0.4413,0.4417,0.4382,0.4404,352249.3124
2025-10-02 03:00:00,0.4405,0.4433,0.4397,0.4423,354742.318
2025-10-02 04:00:00,0.4423,0.4439,0.4395,0.4434,347283.628
2025-10-02 05:00:00,0.4435,0.4438,0.4406,0.4412,580071.7964
2025-10-02 06:00:00,0.4416,0.4461,0.441,0.4435,598166.4039
2025-10-02 07:00:00,0.4437,0.4448,0.4409,0.441,264410.926
2025-10-02 08:00:00,0.4412,0.4421,0.4404,0.4406,101078.019
2025-10-02 09:00:00,0.4406,0.441,0.439,0.4405,381858.3074
2025-10-02 10:00:00,0.4406,0.4411,0.4371,0.4407,623822.9284
2025-10-02 11:00:00,0.4405,0.4435,0.4398,0.4414,204438.8587
2025-10-02 12:00:00,0.441,0.4441,0.441,0.4437,437804.6184
2025-10-02 13:00:00,0.4438,0.4447,0.4372,0.4417,1218570.792
2025-10-02 14:00:00,0.442,0.4425,0.4331,0.4359,967297.1146
2025-10-02 15:00:00,0.4355,0.4433,0.4323,0.4428,547511.5301
2025-10-02 16:00:00,0.4426,0.4491,0.4416,0.4446,919429.6602
2025-10-02 17:00:00,0.4448,0.4516,0.4433,0.4509,544906.5509
2025-10-02 18:00:00,0.4508,0.4535,0.4507,0.4523,483759.0795
2025-10-02 19:00:00,0.4523,0.4565,0.4519,0.4555,290394.4977
2025-10-02 20:00:00,0.4554,0.4565,0.4514,0.4534,252807.481
2025-10-02 21:00:00,0.4536,0.4563,0.4511,0.452,303893.4534
2025-10-02 22:00:00,0.452,0.4537,0.4495,0.4506,260298.2399
2025-10-02 23:00:00,0.4508,0.4531,0.4504,0.4528,239275.5826
2025-10-03 00:00:00,0.4528,0.4531,0.4464,0.4472,396198.8815
2025-10-03 01:00:00,0.4474,0.4491,0.4444,0.4448,219055.6403
2025-10-03 02:00:00,0.4447,0.4493,0.4444,0.4484,307365.5429
2025-10-03 03:00:00,0.4484,0.4527,0.446,0.4462,425967.2443
2025-10-03 04:00:00,0.4462,0.4506,0.446,0.4489,352209.2391
2025-10-03 05:00:00,0.4489,0.4493,0.445,0.4466,342212.5824
2025-10-03 06:00:00,0.4466,0.4482,0.4421,0.4448,426144.1951
2025-10-03 07:00:00,0.4449,0.4451,0.4421,0.444,246182.6256
2025-10-03 08:00:00,0.4439,0.4445,0.4403,0.4444,186419.1304
2025-10-03 09:00:00,0.4445,0.4461,0.4423,0.4443,600379.3317
2025-10-03 10:00:00,0.4445,0.4446,0.4426,0.4434,349292.9809
2025-10-03 11:00:00,0.4434,0.4436,0.4405,0.4409,137014.8235
2025-10-03 12:00:00,0.4409,0.4429,0.4396,0.4412,262626.6378
2025-10-03 13:00:00,0.4412,0.4452,0.4376,0.4414,711672.2106
2025-10-03 14:00:00,0.4411,0.4451,0.4374,0.4428,638168.3761
2025-10-03 15:00:00,0.4426,0.4537,0.4406,0.4529,617633.4143
2025-10-03 16:00:00,0.453,0.4606,0.4526,0.4543,2470400.6939
2025-10-03 17:00:00,0.454,0.4542,0.4433,0.4453,2366514.4048
2025-10-03 18:00:00,0.4455,0.4539,0.4433,0.4538,589103.39
2025-10-03 19:00:00,0.4539,0.4566,0.4519,0.4542,596893.2728
2025-10-03 20:00:00,0.4542,0.4556,0.4509,0.4551,334856.1952
2025-10-03 21:00:00,0.4554,0.4559,0.452,0.4531,191922.7509
2025-10-03 22:00:00,0.4531,0.454,0.452,0.4525,178322.1128
2025-10-03 23:00:00,0.4523,0.4523,0.4499,0.45,217722.0677
2025-10-04 00:00:00,0.4502,0.4526,0.448,0.4498,211233.1039
2025-10-04 01:00:00,0.4499,0.4499,0.4441,0.4456,303353.9486
2025-10-04 02:00:00,0.4454,0.4475,0.4434,0.4448,555718.7861
2025-10-04 03:00:00,0.4448,0.4451,0.4413,0.4427,518509.9707
2025-10-04 04:00:00,0.4426,0.4442,0.4409,0.4422,186372.0565
2025-10-04 05:00:00,0.4423,0.4444,0.4418,0.4442,202586.7197
2025-10-04 06:00:00,0.444,0.4481,0.4438,0.446,347439.2099
2025-10-04 07:00:00,0.4457,0.4457,0.4416,0.4422,223257.3447
2025-10-04 08:00:00,0.4423,0.4426,0.437,0.438,365885.8623
2025-10-04 09:00:00,0.438,0.4399,0.4354,0.4356,398738.6641
2025-10-04 10:00:00,0.4356,0.4378,0.4334,0.4342,233047.7561
2025-10-04 11:00:00,0.4338,0.435,0.4327,0.434,177924.8582
2025-10-04 12:00:00,0.4337,0.4351,0.4326,0.4331,156129.688
2025-10-04 13:00:00,0.433,0.4386,0.433,0.4365,373324.1601
2025-10-04 14:00:00,0.4364,0.4384,0.4313,0.4315,579645.4185
2025-10-04 15:00:00,0.4314,0.4329,0.4265,0.4282,955724.8274
2025-10-04 16:00:00,0.4282,0.4316,0.4268,0.4309,469205.3015
2025-10-04 17:00:00,0.4309,0.4347,0.4306,0.4326,256428.4155
2025-10-04 18:00:00,0.4326,0.4329,0.4296,0.43,228410.2452
2025-10-04 19:00:00,0.4301,0.4318,0.4297,0.4317,303208.1338
2025-10-04 20:00:00,0.4319,0.4339,0.4317,0.4319,60236.9456
2025-10-04 21:00:00,0.432,0.4344,0.4318,0.4341,107495.6147
2025-10-04 22:00:00,0.4341,0.4362,0.4331,0.4354,150194.3596
2025-10-04 23:00:00,0.4355,0.4355,0.4339,0.4341,64132.5229
2025-10-05 00:00:00,0.4343,0.4362,0.4309,0.431,149149.7066
2025-10-05 01:00:00,0.4312,0.4333,0.4307,0.433,166910.2171
2025-10-05 02:00:00,0.4331,0.4417,0.4319,0.4417,919594.2164
2025-10-05 03:00:00,0.4417,0.4439,0.4398,0.4412,660745.0323
2025-10-05 04:00:00,0.4412,0.4479,0.4398,0.446,873274.8112
2025-10-05 05:00:00,0.4464,0.4481,0.4443,0.4474,539120.1757
2025-10-05 06:00:00,0.4474,0.4479,0.4445,0.4448,355322.5754
2025-10-05 07:00:00,0.4453,0.4531,0.4449,0.4531,465470.5558
2025-10-05 08:00:00,0.4531,0.4554,0.4504,0.452,1150045.5254
2025-10-05 09:00:00,0.452,0.4525,0.4455,0.4473,1501717.6005
2025-10-05 10:00:00,0.4475,0.4479,0.4437,0.4443,577567.1923
2025-10-05 11:00:00,0.4443,0.4455,0.4409,0.445,408615.8496
2025-10-05 12:00:00,0.4445,0.4451,0.441,0.4415,360448.5934
2025-10-05 13:00:00,0.4417,0.4445,0.4417,0.4435,225690.3326
2025-10-05 14:00:00,0.4437,0.4462,0.4395,0.4422,213072.3405
2025-10-05 15:00:00,0.4421,0.4456,0.4419,0.4439,495793.0282
2025-10-05 16:00:00,0.4435,0.445,0.4393,0.4438,482640.4827
2025-10-05 17:00:00,0.4436,0.4447,0.4358,0.4375,760570.2953
2025-10-05 18:00:00,0.4375,0.4387,0.4351,0.4368,387343.6892
2025-10-05 19:00:00,0.4366,0.4366,0.4308,0.4311,366674.243
2025-10-05 20:00:00,0.4309,0.4344,0.4297,0.4332,289258.2465
2025-10-05 21:00:00,0.4331,0.4341,0.4321,0.4336,107523.4988
2025-10-05 22:00:00,0.4337,0.4353,0.4316,0.4337,62742.2635
2025-10-05 23:00:00,0.4337,0.4348,0.432,0.432,181300.2982
2025-10-06 00:00:00,0.4323,0.4361,0.4278,0.4295,704259.4373
2025-10-06 01:00:00,0.4292,0.4366,0.4275,0.4344,463349.7224
2025-10-06 02:00:00,0.4342,0.4372,0.4305,0.4352,286551.3713
2025-10-06 03:00:00,0.4349,0.4374,0.4342,0.4359,130726.0837
2025-10-06 04:00:00,0.4358,0.4361,0.4326,0.4328,253184.9052
2025-10-06 05:00:00,0.4327,0.4356,0.4313,0.4354,821108.8463
2025-10-06 06:00:00,0.4354,0.4431,0.4354,0.4411,659711.4954
2025-10-06 07:00:00,0.4412,0.4432,0.4369,0.4386,416110.4579
2025-10-06 08:00:00,0.439,0.4427,0.439,0.4411,264112.2136
2025-10-06 09:00:00,0.441,0.4423,0.4402,0.4411,227573.344
2025-10-06 10:00:00,0.4411,0.4414,0.4392,0.4405,388615.142
2025-10-06 11:00:00,0.4405,0.445,0.4392,0.4427,191011.3533
2025-10-06 12:00:00,0.4431,0.448,0.4427,0.4471,734976.6869
2025-10-06 13:00:00,0.4475,0.4598,0.4453,0.4595,1976846.3842
2025-10-06 14:00:00,0.4594,0.4654,0.4561,0.4566,2409736.2552
2025-10-06 15:00:00,0.4567,0.4629,0.4565,0.4596,1281638.6788
2025-10-06 16:00:00,0.4599,0.462,0.4574,0.461,872375.4574
2025-10-06 17:00:00,0.4612,0.4649,0.4599,0.4628,975151.2274
2025-10-06 18:00:00,0.4628,0.4655,0.4605,0.4651,638217.7024
2025-10-06 19:00:00,0.4646,0.4649,0.462,0.4635,813946.4605
2025-10-06 20:00:00,0.4635,0.4647,0.4601,0.4612,462359.6408
2025-10-06 21:00:00,0.4613,0.4619,0.4579,0.46,788493.317
2025-10-06 22:00:00,0.46,0.4612,0.4571,0.4586,390867.6659
2025-10-06 23:00:00,0.459,0.459,0.4562,0.4566,208768.8781
2025-10-07 00:00:00,0.4565,0.4603,0.4565,0.4603,426041.3332
2025-10-07 01:00:00,0.4603,0.4622,0.4571,0.4593,646498.0095
2025-10-07 02:00:00,0.4593,0.46,0.4576,0.4589,251864.0729
2025-10-07 03:00:00,0.4586,0.4597,0.4566,0.4594,522732.803
2025-10-07 04:00:00,0.4595,0.4627,0.4545,0.4614,722266.0203
2025-10-07 05:00:00,0.4612,0.4615,0.4583,0.459,290666.8522
2025-10-07 06:00:00,0.459,0.4598,0.4507,0.4513,1064772.879
2025-10-07 07:00:00,0.4508,0.4531,0.4495,0.4505,367120.7929
2025-10-07 08:00:00,0.4504,0.4504,0.4437,0.4475,824003.3911
2025-10-07 09:00:00,0.4472,0.45,0.4472,0.4486,465391.6217
2025-10-07 10:00:00,0.4483,0.4523,0.4472,0.4502,517014.9155
2025-10-07 11:00:00,0.4501,0.4531,0.4496,0.452,294233.0161
2025-10-07 12:00:00,0.4516,0.4544,0.4487,0.4543,553955.694
2025-10-07 13:00:00,0.4545,0.4549,0.4437,0.4481,1412967.8186
2025-10-07 14:00:00,0.4479,0.4488,0.4345,0.4346,1796444.2836
2025-10-07 15:00:00,0.4347,0.4358,0.4258,0.4285,3631098.3815
2025-10-07 16:00:00,0.4284,0.4318,0.4226,0.4292,1878985.8632
2025-10-07 17:00:00,0.4292,0.4309,0.426,0.4262,409748.0281
2025-10-07 18:00:00,0.4263,0.4277,0.4242,0.4242,620139.8921
2025-10-07 19:00:00,0.4241,0.4269,0.4233,0.4248,878750.3111
2025-10-07 20:00:00,0.4249,0.4306,0.4245,0.4284,526077.5799
2025-10-07 21:00:00,0.4284,0.4284,0.4234,0.4246,392466.0881
2025-10-07 22:00:00,0.4248,0.4265,0.4234,0.4243,780422.8198
2025-10-07 23:00:00,0.4243,0.4246,0.4199,0.4212,552854.6811
2025-10-08 00:00:00,0.4214,0.4257,0.4205,0.4242,435014.6134
2025-10-08 01:00:00,0.4243,0.4269,0.4236,0.426,384880.9881
2025-10-08 02:00:00,0.4258,0.4276,0.4245,0.4254,239603.0359
2025-10-08 03:00:00,0.4255,0.4257,0.4173,0.4195,593611.3914
2025-10-08 04:00:00,0.4196,0.4237,0.4171,0.4229,938783.4091
2025-10-08 05:00:00,0.4229,0.4229,0.4172,0.4195,373081.7841
2025-10-08 06:00:00,0.4197,0.4206,0.4178,0.4204,219897.947
2025-10-08 07:00:00,0.4203,0.4225,0.4188,0.4225,220132.6366
2025-10-08 08:00:00,0.4226,0.4259,0.4213,0.4246,470639.6017
2025-10-08 09:00:00,0.4249,0.4256,0.4226,0.4238,238534.3665
2025-10-08 10:00:00,0.4239,0.4265,0.4233,0.4259,307383.2076
2025-10-08 11:00:00,0.4259,0.4265,0.422,0.4227,236707.0908
2025-10-08 12:00:00,0.4226,0.4246,0.4219,0.4236,361126.6642
2025-10-08 13:00:00,0.4236,0.4249,0.42,0.4247,465513.2272
2025-10-08 14:00:00,0.4248,0.4303,0.4222,0.4231,906585.0519
2025-10-08 15:00:00,0.4232,0.4268,0.4227,0.425,439963.5271
2025-10-08 16:00:00,0.425,0.4316,0.4242,0.4316,676361.8778
2025-10-08 17:00:00,0.4316,0.4399,0.4313,0.4386,1197163.0392
2025-10-08 18:00:00,0.4389,0.44,0.4337,0.4361,1237376.6056
2025-10-08 19:00:00,0.4364,0.4371,0.4336,0.4359,339656.6295
2025-10-08 20:00:00,0.4357,0.4368,0.4322,0.4324,157357.7456
2025-10-08 21:00:00,0.4324,0.4352,0.4319,0.4336,149225.8123
2025-10-08 22:00:00,0.4337,0.4359,0.4335,0.4346,146774.1525
2025-10-08 23:00:00,0.4343,0.4356,0.4329,0.4347,86003.5645
2025-10-09 00:00:00,0.435,0.436,0.4321,0.4324,97491.3055
2025-10-09 01:00:00,0.4323,0.4325,0.4288,0.4313,463044.4933
2025-10-09 02:00:00,0.4313,0.4316,0.422,0.4232,483573.2161
2025-10-09 03:00:00,0.423,0.4291,0.423,0.4284,321574.0682
2025-10-09 04:00:00,0.4283,0.4299,0.4268,0.4293,448968.1009
2025-10-09 05:00:00,0.4293,0.4302,0.4269,0.4276,210879.1512
2025-10-09 06:00:00,0.4276,0.4277,0.4238,0.4243,486395.2907
2025-10-09 07:00:00,0.4243,0.4252,0.4216,0.4227,436619.1555
2025-10-09 08:00:00,0.4224,0.4231,0.414,0.4143,1726708.0008
2025-10-09 09:00:00,0.4145,0.4185,0.4143,0.4176,843744.0228
2025-10-09 10:00:00,0.4174,0.4191,0.4157,0.418,289400.1434
2025-10-09 11:00:00,0.4182,0.4198,0.4176,0.4182,344338.673
2025-10-09 12:00:00,0.4182,0.4237,0.418,0.4223,512371.9399
2025-10-09 13:00:00,0.4225,0.423,0.4146,0.4148,443575.8677
2025-10-09 14:00:00,0.4149,0.4176,0.4089,0.4128,2176172.8302
2025-10-09 15:00:00,0.4131,0.4156,0.41,0.4114,1086525.9399
2025-10-09 16:00:00,0.411,0.4132,0.4073,0.4086,947385.2962
2025-10-09 17:00:00,0.4082,0.4161,0.4078,0.4158,660802.1737
2025-10-09 18:00:00,0.4158,0.4162,0.4131,0.4134,487605.6453
2025-10-09 19:00:00,0.4131,0.4163,0.413,0.4152,415329.6264
2025-10-09 20:00:00,0.4153,0.4176,0.4143,0.415,266693.2201
2025-10-09 21:00:00,0.4152,0.417,0.4147,0.4163,149956.3555
2025-10-09 22:00:00,0.4164,0.4209,0.4157,0.4197,347915.5951
2025-10-09 23:00:00,0.4198,0.4198,0.417,0.4181,142490.1497
2025-10-10 00:00:00,0.4182,0.4203,0.4174,0.4188,190490.8699
2025-10-10 01:00:00,0.4189,0.4212,0.4186,0.4205,150437.1997
2025-10-10 02:00:00,0.4205,0.421,0.4176,0.4185,527221.4543
2025-10-10 03:00:00,0.4188,0.4285,0.4166,0.4238,1084467.799
2025-10-10 04:00:00,0.4238,0.4267,0.4225,0.424,417825.0797
2025-10-10 05:00:00,0.424,0.428,0.4216,0.4276,346681.3964
2025-10-10 06:00:00,0.4275,0.4294,0.4224,0.4235,779184.1136
2025-10-10 07:00:00,0.4237,0.4242,0.4216,0.4218,287449.6157
2025-10-10 08:00:00,0.4218,0.4265,0.4213,0.4261,384487.8774
2025-10-10 09:00:00,0.4262,0.429,0.4241,0.4248,544057.2658
2025-10-10 10:00:00,0.4245,0.428,0.4244,0.4276,197404.0065
2025-10-10 11:00:00,0.4277,0.4283,0.4245,0.4255,298327.8432
2025-10-10 12:00:00,0.4255,0.4279,0.4253,0.4276,225346.1203
2025-10-10 13:00:00,0.4276,0.4315,0.4269,0.428,881837.5022
2025-10-10 14:00:00,0.428,0.4299,0.4188,0.4202,1131830.7616
2025-10-10 15:00:00,0.4202,0.4209,0.3995,0.4036,4474276.16
2025-10-10 16:00:00,0.403,0.4085,0.401,0.4032,940956.6283
2025-10-10 17:00:00,0.4029,0.4047,0.3974,0.3994,1260011.435
2025-10-10 18:00:00,0.3995,0.4022,0.3983,0.3992,516239.7855
2025-10-10 19:00:00,0.3991,0.4003,0.388,0.3923,2835841.2703
2025-10-10 20:00:00,0.3923,0.3953,0.3544,0.3637,6957237.3409
2025-10-10 21:00:00,0.3638,0.3672,0.1027,0.279,42868122.9888
2025-10-10 22:00:00,0.2789,0.2839,0.2491,0.2811,20908885.0253
2025-10-10 23:00:00,0.2811,0.3077,0.2767,0.2961,16001608.6028
2025-10-11 00:00:00,0.2959,0.3053,0.2924,0.3004,4786133.6595
2025-10-11 01:00:00,0.3002,0.3012,0.2888,0.2915,2760707.1296
2025-10-11 02:00:00,0.2914,0.3166,0.2913,0.3145,2294473.8376
2025-10-11 03:00:00,0.3146,0.3157,0.3002,0.3041,2135182.0706
2025-10-11 04:00:00,0.3041,0.3123,0.3036,0.3123,1686149.8248
2025-10-11 05:00:00,0.3122,0.3137,0.3048,0.3082,2069453.6148
2025-10-11 06:00:00,0.3081,0.3147,0.3064,0.3078,2624825.9644
2025-10-11 07:00:00,0.3079,0.3132,0.3051,0.3113,2809141.7495
2025-10-11 08:00:00,0.3114,0.3225,0.3095,0.3217,2284330.9658
2025-10-11 09:00:00,0.3216,0.3276,0.3172,0.3185,4023928.1266
2025-10-11 10:00:00,0.3182,0.3238,0.3172,0.3197,2304655.6008
2025-10-11 11:00:00,0.3196,0.32,0.3136,0.3183,1784629.2559
2025-10-11 12:00:00,0.3183,0.3199,0.3109,0.3146,1995284.2364
2025-10-11 13:00:00,0.3146,0.3158,0.3071,0.3143,8497193.1702
2025-10-11 14:00:00,0.3144,0.3177,0.3131,0.3177,2126237.8488
2025-10-11 15:00:00,0.3174,0.3233,0.3174,0.32,2622108.4264
2025-10-11 16:00:00,0.3199,0.3225,0.3176,0.3203,1173193.1363
2025-10-11 17:00:00,0.3203,0.3228,0.3184,0.3206,2287590.1092
2025-10-11 18:00:00,0.3209,0.3209,0.3166,0.3176,504663.5789
2025-10-11 19:00:00,0.3177,0.3177,0.3028,0.3069,3329031.2657
2025-10-11 20:00:00,0.3065,0.3073,0.2947,0.2979,4222213.524
2025-10-11 21:00:00,0.2978,0.3032,0.2916,0.3024,2599526.1826
2025-10-11 22:00:00,0.3025,0.3031,0.299,0.3013,1560338.6376
2025-10-11 23:00:00,0.3016,0.3027,0.3004,0.3018,751505.6559
2025-10-12 00:00:00,0.3017,0.3044,0.2977,0.2983,646398.2689
2025-10-12 01:00:00,0.2982,0.3043,0.2971,0.2973,837317.1216
2025-10-12 02:00:00,0.2976,0.3021,0.2957,0.2986,991582.7506
2025-10-12 03:00:00,0.2986,0.3069,0.2978,0.3032,1459807.5822
2025-10-12 04:00:00,0.3032,0.3083,0.3028,0.3064,645786.3197
2025-10-12 05:00:00,0.3065,0.3097,0.3053,0.3082,379310.0114
2025-10-12 06:00:00,0.3083,0.3127,0.3076,0.3124,575316.5322
2025-10-12 07:00:00,0.3123,0.3136,0.3087,0.3095,1798096.5028
2025-10-12 08:00:00,0.3095,0.3122,0.3071,0.3072,545028.845
2025-10-12 09:00:00,0.307,0.3086,0.3041,0.3084,590097.1071
2025-10-12 10:00:00,0.3085,0.3101,0.306,0.3064,590797.5835
2025-10-12 11:00:00,0.3065,0.3095,0.306,0.3065,1107866.1736
2025-10-12 12:00:00,0.3065,0.3122,0.3064,0.3113,1798403.7807
2025-10-12 13:00:00,0.3114,0.3131,0.3049,0.3061,671334.2089
2025-10-12 14:00:00,0.3065,0.3271,0.3057,0.3215,3863236.6898
2025-10-12 15:00:00,0.3218,0.3379,0.3209,0.336,4553458.9193
2025-10-12 16:00:00,0.336,0.3457,0.336,0.3399,5559411.8741
2025-10-12 17:00:00,0.3402,0.3445,0.3379,0.3404,1527222.2209
2025-10-12 18:00:00,0.3403,0.3429,0.335,0.3372,1167057.4127
2025-10-12 19:00:00,0.3377,0.3429,0.3375,0.3429,732796.4561
2025-10-12 20:00:00,0.343,0.3454,0.34,0.3406,1892255.9962
2025-10-12 21:00:00,0.3407,0.3426,0.3344,0.3374,1479648.7268
2025-10-12 22:00:00,0.3376,0.3407,0.3335,0.3352,1328900.8576
2025-10-12 23:00:00,0.3353,0.3355,0.3314,0.3346,712038.7562
2025-10-13 00:00:00,0.3346,0.338,0.3295,0.3317,1043645.2073
2025-10-13 01:00:00,0.3316,0.3352,0.3297,0.3351,948521.3937
2025-10-13 02:00:00,0.335,0.3367,0.3299,0.3323,1024964.2488
2025-10-13 03:00:00,0.3325,0.3335,0.3306,0.3315,492841.0716
2025-10-13 04:00:00,0.3315,0.3324,0.3285,0.3319,882517.1569
2025-10-13 05:00:00,0.3321,0.3322,0.3297,0.3312,486652.0619
2025-10-13 06:00:00,0.331,0.3383,0.3297,0.3374,852479.2045
2025-10-13 07:00:00,0.3375,0.3433,0.337,0.3385,1325632.4165
2025-10-13 08:00:00,0.3384,0.3468,0.3375,0.3445,984422.5202
2025-10-13 09:00:00,0.3444,0.351,0.3426,0.3507,2197073.2646
2025-10-13 10:00:00,0.3503,0.3506,0.3452,0.3473,826827.4522
2025-10-13 11:00:00,0.3472,0.3473,0.3331,0.339,3462026.5078
2025-10-13 12:00:00,0.3389,0.3468,0.3351,0.3417,1023455.3065
2025-10-13 13:00:00,0.3421,0.3547,0.3394,0.3496,4514135.2121
2025-10-13 14:00:00,0.3493,0.3505,0.3378,0.3394,2158494.7866
2025-10-13 15:00:00,0.3393,0.3476,0.3392,0.3445,887302.5225
2025-10-13 16:00:00,0.3445,0.3475,0.3411,0.3442,1238243.3832
2025-10-13 17:00:00,0.3443,0.3534,0.3437,0.3531,1445479.6293
2025-10-13 18:00:00,0.3527,0.3541,0.3485,0.3515,1493467.1064
2025-10-13 19:00:00,0.3513,0.3589,0.3506,0.3574,1204886.2487
2025-10-13 20:00:00,0.3577,0.3619,0.3561,0.3612,591291.6289
2025-10-13 21:00:00,0.3612,0.3618,0.3578,0.3581,1197945.045
2025-10-13 22:00:00,0.358,0.3609,0.3576,0.359,506760.6898
2025-10-13 23:00:00,0.3589,0.3612,0.3579,0.3584,501322.2343
2025-10-14 00:00:00,0.3584,0.3595,0.3548,0.3566,1480507.3553
2025-10-14 01:00:00,0.3565,0.3567,0.3533,0.356,835582.5068
2025-10-14 02:00:00,0.356,0.3561,0.3494,0.3499,1020918.5056
2025-10-14 03:00:00,0.3499,0.3499,0.3439,0.3463,1919467.2233
2025-10-14 04:00:00,0.3462,0.3473,0.3384,0.3409,969524.7746
2025-10-14 05:00:00,0.3407,0.3436,0.334,0.336,1435509.4609
2025-10-14 06:00:00,0.3366,0.3388,0.3232,0.3296,4788595.5379
2025-10-14 07:00:00,0.3295,0.3317,0.3261,0.3292,2867147.1302
2025-10-14 08:00:00,0.3291,0.3343,0.3265,0.3324,1298499.6927
2025-10-14 09:00:00,0.3323,0.3369,0.3322,0.3341,1321947.5205
2025-10-14 10:00:00,0.3338,0.3338,0.3241,0.3291,2001918.5528
2025-10-14 11:00:00,0.3291,0.3339,0.329,0.3307,1320884.8787
2025-10-14 12:00:00,0.3309,0.3313,0.3255,0.3259,1154160.7191
2025-10-14 13:00:00,0.3259,0.3322,0.3224,0.3292,1560871.9518
2025-10-14 14:00:00,0.3291,0.3356,0.3277,0.3312,1110433.8625
2025-10-14 15:00:00,0.3313,0.3418,0.3299,0.3415,1250147.684
2025-10-14 16:00:00,0.3419,0.349,0.3391,0.3413,3184463.1572
2025-10-14 17:00:00,0.3411,0.3458,0.3365,0.3413,1713038.4279
2025-10-14 18:00:00,0.3412,0.3459,0.341,0.3428,1715646.5493
2025-10-14 19:00:00,0.3434,0.3455,0.3352,0.3407,2685114.8674
2025-10-14 20:00:00,0.3408,0.3423,0.3384,0.342,501635.37
2025-10-14 21:00:00,0.3419,0.344,0.3394,0.3439,316187.0398
2025-10-14 22:00:00,0.3438,0.3459,0.3409,0.3426,286452.1926
2025-10-14 23:00:00,0.3424,0.3445,0.3423,0.3434,433456.4935
2025-10-15 00:00:00,0.3433,0.3438,0.3403,0.3428,449819.1375
2025-10-15 01:00:00,0.3428,0.343,0.3395,0.3418,353846.4961
2025-10-15 02:00:00,0.3419,0.3463,0.3415,0.3438,372948.587
2025-10-15 03:00:00,0.3437,0.3444,0.3391,0.341,357229.3103
2025-10-15 04:00:00,0.3413,0.3443,0.3402,0.3438,444881.822
2025-10-15 05:00:00,0.3439,0.3462,0.3428,0.3431,759616.5298
2025-10-15 06:00:00,0.3432,0.345,0.3395,0.344,765583.5685
2025-10-15 07:00:00,0.3441,0.3461,0.343,0.3459,443350.8395
2025-10-15 08:00:00,0.3454,0.3513,0.3442,0.3447,1228508.0218
2025-10-15 09:00:00,0.3447,0.3451,0.3405,0.341,465293.0289
2025-10-15 10:00:00,0.3408,0.3424,0.3383,0.34,782774.0805
2025-10-15 11:00:00,0.3398,0.3408,0.3352,0.339,934759.0565
2025-10-15 12:00:00,0.3389,0.3402,0.3341,0.3352,789243.4117
2025-10-15 13:00:00,0.3355,0.3363,0.3271,0.3338,2130977.4955
2025-10-15 14:00:00,0.3338,0.3379,0.3283,0.3308,1237022.2283
2025-10-15 15:00:00,0.3307,0.3334,0.326,0.3284,878183.0948
2025-10-15 16:00:00,0.3285,0.3306,0.3268,0.329,693916.4774
2025-10-15 17:00:00,0.3284,0.3304,0.3257,0.3298,689928.8139
2025-10-15 18:00:00,0.3305,0.3323,0.3283,0.332,217874.4503
2025-10-15 19:00:00,0.3317,0.3317,0.3268,0.3282,395946.9282
2025-10-15 20:00:00,0.3282,0.3294,0.3214,0.3255,930705.7465
2025-10-15 21:00:00,0.3253,0.3276,0.3221,0.3238,763267.6893
2025-10-15 22:00:00,0.3239,0.3268,0.3233,0.3246,452418.5033
2025-10-15 23:00:00,0.3247,0.328,0.3243,0.327,429704.5427
2025-10-16 00:00:00,0.3271,0.3279,0.3249,0.3249,323508.1479
2025-10-16 01:00:00,0.3249,0.329,0.3249,0.3286,257823.8487
2025-10-16 02:00:00,0.3288,0.3303,0.326,0.3282,257856.6809
2025-10-16 03:00:00,0.3283,0.3284,0.3255,0.3255,224179.9959
2025-10-16 04:00:00,0.3258,0.3297,0.3257,0.3269,318539.4344
2025-10-16 05:00:00,0.3269,0.3288,0.3246,0.3262,390290.9642
2025-10-16 06:00:00,0.3265,0.3305,0.3262,0.3299,361121.268
2025-10-16 07:00:00,0.33,0.3301,0.3259,0.3273,1217372.532
2025-10-16 08:00:00,0.3272,0.3275,0.3241,0.325,533505.512
2025-10-16 09:00:00,0.3248,0.3307,0.315,0.3283,5443499.5169
2025-10-16 10:00:00,0.3283,0.3338,0.3283,0.3313,647684.1075
2025-10-16 11:00:00,0.3312,0.3334,0.3304,0.3334,463658.9032
2025-10-16 12:00:00,0.3334,0.336,0.332,0.3323,727894.0042
2025-10-16 13:00:00,0.3321,0.3346,0.3293,0.331,859215.7804
2025-10-16 14:00:00,0.3307,0.3329,0.3245,0.328,1283281.8741
2025-10-16 15:00:00,0.3283,0.3291,0.3163,0.3182,1645172.0072
2025-10-16 16:00:00,0.318,0.3283,0.3135,0.3281,1260800.5794
2025-10-16 17:00:00,0.328,0.328,0.3213,0.3215,1886363.2742
2025-10-16 18:00:00,0.322,0.3221,0.3175,0.3204,1939197.8036
2025-10-16 19:00:00,0.3203,0.3209,0.3126,0.3151,1625594.6642
2025-10-16 20:00:00,0.3154,0.3163,0.3101,0.3123,858759.2799
2025-10-16 21:00:00,0.3125,0.316,0.3114,0.316,760035.6586
2025-10-16 22:00:00,0.3161,0.3167,0.3125,0.3125,254236.4519
2025-10-16 23:00:00,0.3125,0.3167,0.3122,0.3163,352536.2318
2025-10-17 00:00:00,0.3164,0.3182,0.3155,0.3174,206410.3932
2025-10-17 01:00:00,0.317,0.3199,0.3143,0.3156,528429.1982
2025-10-17 02:00:00,0.3157,0.3163,0.3131,0.3148,312328.853
2025-10-17 03:00:00,0.3148,0.3163,0.3143,0.3163,192442.7429
2025-10-17 04:00:00,0.3164,0.3168,0.3142,0.3142,478146.52
2025-10-17 05:00:00,0.3144,0.3152,0.311,0.3117,589497.2811
2025-10-17 06:00:00,0.3117,0.3125,0.3013,0.3035,1892329.5195
2025-10-17 07:00:00,0.3034,0.3041,0.2925,0.2935,2364132.8086
2025-10-17 08:00:00,0.2935,0.2955,0.2879,0.2912,2744520.6396
2025-10-17 09:00:00,0.2912,0.3007,0.2906,0.2956,1071654.7506
2025-10-17 10:00:00,0.2958,0.2971,0.2897,0.2947,1519687.722
2025-10-17 11:00:00,0.2949,0.3049,0.2943,0.3022,1952023.6245
2025-10-17 12:00:00,0.3023,0.3042,0.3001,0.3001,1137755.9398
2025-10-17 13:00:00,0.3003,0.3041,0.2976,0.3017,1341350.9693
2025-10-17 14:00:00,0.3016,0.3026,0.2947,0.2976,1173513.1789
2025-10-17 15:00:00,0.2972,0.3028,0.2966,0.3027,595543.5718
2025-10-17 16:00:00,0.3028,0.3071,0.3004,0.301,1495200.2678
2025-10-17 17:00:00,0.3012,0.3044,0.3004,0.3035,698456.9767
2025-10-17 18:00:00,0.3038,0.3066,0.303,0.3034,352513.9683
2025-10-17 19:00:00,0.3036,0.3048,0.3012,0.3033,266910.5539
2025-10-17 20:00:00,0.3033,0.3065,0.3023,0.3054,185121.5057
2025-10-17 21:00:00,0.3054,0.3085,0.3054,0.3078,873053.3746
2025-10-17 22:00:00,0.3077,0.3083,0.305,0.3061,518658.0696
2025-10-17 23:00:00,0.306,0.306,0.3035,0.3039,689893.2061
2025-10-18 00:00:00,0.3039,0.3062,0.3037,0.305,286594.2197
2025-10-18 01:00:00,0.3054,0.3092,0.3054,0.309,423887.5595
2025-10-18 02:00:00,0.3091,0.3099,0.3061,0.3067,602166.793
2025-10-18 03:00:00,0.3067,0.3095,0.3066,0.3083,163906.3819
2025-10-18 04:00:00,0.3082,0.3082,0.3054,0.3057,219432.727
2025-10-18 05:00:00,0.3056,0.3072,0.3044,0.3067,524610.5837
2025-10-18 06:00:00,0.3069,0.3081,0.3053,0.3072,696532.8386
2025-10-18 07:00:00,0.3072,0.3125,0.3071,0.3077,1710912.177
2025-10-18 08:00:00,0.3077,0.3099,0.3077,0.3082,209408.7398
2025-10-18 09:00:00,0.3079,0.3115,0.3074,0.311,288902.5747
2025-10-18 10:00:00,0.311,0.3128,0.3097,0.3121,323068.2917
2025-10-18 11:00:00,0.3121,0.3134,0.3108,0.3116,560084.605
2025-10-18 12:00:00,0.3114,0.3124,0.3096,0.3099,500641.9028
2025-10-18 13:00:00,0.3097,0.3097,0.3064,0.3071,306659.9387
2025-10-18 14:00:00,0.3069,0.3087,0.305,0.3081,815888.243
2025-10-18 15:00:00,0.3082,0.3089,0.3062,0.3076,243223.6294
2025-10-18 16:00:00,0.3079,0.3085,0.305,0.3068,375944.037
2025-10-18 17:00:00,0.3068,0.3109,0.3058,0.3106,361718.4342
2025-10-18 18:00:00,0.3106,0.311,0.3085,0.3086,149887.1729
2025-10-18 19:00:00,0.3087,0.3093,0.308,0.3091,109703.9295
2025-10-18 20:00:00,0.3094,0.3113,0.3089,0.3096,196817.6805
2025-10-18 21:00:00,0.3095,0.3103,0.3081,0.31,403179.3169
2025-10-18 22:00:00,0.31,0.3103,0.3086,0.309,449437.8794
2025-10-18 23:00:00,0.3089,0.3094,0.3084,0.3093,162481.6193
2025-10-19 00:00:00,0.3093,0.3097,0.3065,0.3074,421752.0966
2025-10-19 01:00:00,0.3072,0.3083,0.3062,0.308,335230.754
2025-10-19 02:00:00,0.308,0.3087,0.3066,0.3073,183311.7532
2025-10-19 03:00:00,0.3072,0.3109,0.307,0.3105,497095.2188
2025-10-19 04:00:00,0.3107,0.3109,0.3084,0.3086,103977.2055
2025-10-19 05:00:00,0.3088,0.31,0.3074,0.3078,161260.1687
2025-10-19 06:00:00,0.3077,0.308,0.3051,0.3063,664004.0967
2025-10-19 07:00:00,0.3064,0.3084,0.3062,0.3084,302503.0609
2025-10-19 08:00:00,0.3084,0.3125,0.3058,0.3064,2898061.1945
2025-10-19 09:00:00,0.3062,0.3138,0.3043,0.3116,1856332.3808
2025-10-19 10:00:00,0.3118,0.3179,0.3107,0.3157,1101668.8112
2025-10-19 11:00:00,0.3158,0.319,0.3139,0.3148,1200497.3695
2025-10-19 12:00:00,0.3151,0.3157,0.3121,0.3133,1179320.2387
2025-10-19 13:00:00,0.3132,0.3197,0.3125,0.3184,969096.5213
2025-10-19 14:00:00,0.3186,0.3212,0.3162,0.3207,1344194.8141
2025-10-19 15:00:00,0.3206,0.3207,0.3181,0.319,378847.8285
2025-10-19 16:00:00,0.3189,0.3204,0.3177,0.3194,525722.2205
2025-10-19 17:00:00,0.3194,0.3225,0.3181,0.3184,1193570.7675
2025-10-19 18:00:00,0.3184,0.32,0.3178,0.3196,347286.3401
2025-10-19 19:00:00,0.3195,0.3204,0.3175,0.3199,1079671.5298
2025-10-19 20:00:00,0.32,0.3211,0.319,0.3211,253705.7586
2025-10-19 21:00:00,0.321,0.3212,0.3175,0.3187,887192.9484
2025-10-19 22:00:00,0.3189,0.3208,0.3186,0.32,456513.122
2025-10-19 23:00:00,0.3199,0.3199,0.3167,0.3173,476538.8172
2025-10-20 00:00:00,0.3173,0.3175,0.3103,0.3143,1162812.0533
2025-10-20 01:00:00,0.3146,0.3155,0.3133,0.3138,371914.2154
2025-10-20 02:00:00,0.3136,0.3157,0.311,0.315,680972.3318
2025-10-20 03:00:00,0.3152,0.3237,0.314,0.3229,931494.881
2025-10-20 04:00:00,0.323,0.3237,0.3214,0.3228,483631.8738
2025-10-20 05:00:00,0.323,0.3243,0.3216,0.3235,412924.8169
2025-10-20 06:00:00,0.3236,0.3283,0.3232,0.3267,546359.466
2025-10-20 07:00:00,0.3267,0.3267,0.3236,0.3248,352893.7039
2025-10-20 08:00:00,0.3247,0.3267,0.3228,0.3241,221131.6278
2025-10-20 09:00:00,0.3239,0.3246,0.3225,0.324,228842.5878
2025-10-20 10:00:00,0.3244,0.3269,0.3232,0.3241,679927.4096
2025-10-20 11:00:00,0.3241,0.325,0.3229,0.3246,499863.9395
2025-10-20 12:00:00,0.3244,0.3258,0.3237,0.3253,436626.6363
2025-10-20 13:00:00,0.3254,0.3272,0.3238,0.3269,498388.0651
2025-10-20 14:00:00,0.3269,0.3282,0.3244,0.3277,490571.1102
2025-10-20 15:00:00,0.3277,0.3288,0.3231,0.3231,869009.053
2025-10-20 16:00:00,0.3231,0.3233,0.3163,0.3202,1926769.2327
2025-10-20 17:00:00,0.3204,0.3224,0.3177,0.32,796327.6536
2025-10-20 18:00:00,0.3201,0.3214,0.3188,0.3212,152854.927
2025-10-20 19:00:00,0.3211,0.3251,0.3204,0.3238,245409.6418
2025-10-20 20:00:00,0.3237,0.3241,0.3224,0.3239,187185.7197
2025-10-20 21:00:00,0.3239,0.325,0.3211,0.3218,336291.6104
2025-10-20 22:00:00,0.322,0.3227,0.321,0.3223,112979.1761
2025-10-20 23:00:00,0.3219,0.323,0.3214,0.3222,193840.5456
2025-10-21 00:00:00,0.3221,0.3244,0.322,0.3221,349310.1643
2025-10-21 01:00:00,0.3223,0.3227,0.3201,0.3212,468771.0892
2025-10-21 02:00:00,0.3212,0.3213,0.3174,0.3178,1141766.0606
2025-10-21 03:00:00,0.3178,0.3187,0.3153,0.3164,299809.4148
2025-10-21 04:00:00,0.3164,0.3166,0.3089,0.3091,952940.2432
2025-10-21 05:00:00,0.3095,0.3122,0.3086,0.311,917419.638
2025-10-21 06:00:00,0.3109,0.3136,0.3099,0.313,296173.0237
2025-10-21 07:00:00,0.3129,0.3151,0.3114,0.3146,340005.9165
2025-10-21 08:00:00,0.3144,0.3146,0.3089,0.3113,585865.5453
2025-10-21 09:00:00,0.3112,0.3112,0.3094,0.3095,389403.4876
2025-10-21 10:00:00,0.3098,0.3135,0.3093,0.3119,653625.9321
2025-10-21 11:00:00,0.3118,0.3127,0.3109,0.312,362769.9652
2025-10-21 12:00:00,0.3118,0.318,0.3114,0.3141,371363.6649
2025-10-21 13:00:00,0.3144,0.3163,0.3119,0.3137,439384.4943
2025-10-21 14:00:00,0.3137,0.3302,0.3135,0.3298,1291945.9933
2025-10-21 15:00:00,0.3299,0.3352,0.3276,0.3324,1985147.213
2025-10-21 16:00:00,0.3325,0.3351,0.3264,0.3274,1248009.6166
2025-10-21 17:00:00,0.3275,0.3305,0.3242,0.3289,1043180.7962
2025-10-21 18:00:00,0.329,0.3295,0.3263,0.3283,397842.2005
2025-10-21 19:00:00,0.3284,0.3286,0.326,0.3263,124923.2295
2025-10-21 20:00:00,0.3266,0.327,0.3213,0.3228,600729.8218
2025-10-21 21:00:00,0.3225,0.3237,0.3169,0.3219,494519.0441
2025-10-21 22:00:00,0.3217,0.322,0.3139,0.315,933084.7727
2025-10-21 23:00:00,0.3147,0.3155,0.3095,0.311,752435.2939
2025-10-22 00:00:00,0.3109,0.3128,0.308,0.31,806911.1145
2025-10-22 01:00:00,0.3102,0.3125,0.3093,0.311,496205.9471
2025-10-22 02:00:00,0.3114,0.3123,0.3107,0.3107,192114.7658
2025-10-22 03:00:00,0.3107,0.3107,0.3084,0.3103,218184.4274
2025-10-22 04:00:00,0.3101,0.3121,0.3101,0.3114,192204.7634
2025-10-22 05:00:00,0.3113,0.3115,0.3052,0.3077,829361.2256
2025-10-22 06:00:00,0.3071,0.3079,0.3055,0.3055,356698.6116
2025-10-22 07:00:00,0.3056,0.308,0.3046,0.3076,351440.0152
2025-10-22 08:00:00,0.3072,0.3075,0.3058,0.3064,361171.9841
2025-10-22 09:00:00,0.3065,0.307,0.3038,0.3048,383368.7943
2025-10-22 10:00:00,0.3048,0.3064,0.3044,0.3048,191601.4974
2025-10-22 11:00:00,0.3052,0.3101,0.3013,0.3075,1301031.9457
2025-10-22 12:00:00,0.3074,0.3101,0.3065,0.3089,538479.7742
2025-10-22 13:00:00,0.3087,0.3127,0.3074,0.3124,899967.4968
2025-10-22 14:00:00,0.3122,0.3125,0.3048,0.3115,1418165.5388
2025-10-22 15:00:00,0.3116,0.3128,0.3061,0.3095,806891.5159
2025-10-22 16:00:00,0.3092,0.311,0.3061,0.3081,892389.3972
2025-10-22 17:00:00,0.3084,0.3088,0.3037,0.3048,323742.2841
2025-10-22 18:00:00,0.3046,0.306,0.303,0.3044,359046.4853
2025-10-22 19:00:00,0.3046,0.3078,0.3016,0.3045,627859.8398
2025-10-22 20:00:00,0.3045,0.3053,0.3006,0.3008,991013.8488
2025-10-22 21:00:00,0.3009,0.3009,0.2913,0.2963,1894509.261
2025-10-22 22:00:00,0.2963,0.2984,0.2952,0.2959,642046.9523
2025-10-22 23:00:00,0.2959,0.3022,0.2959,0.3012,559793.1245
2025-10-23 00:00:00,0.3011,0.3021,0.3,0.3014,893866.4534
2025-10-23 01:00:00,0.3014,0.3029,0.3001,0.3012,386156.6348
2025-10-23 02:00:00,0.3013,0.3026,0.3011,0.3021,183187.6633
2025-10-23 03:00:00,0.3022,0.3038,0.3019,0.3028,122815.7514
2025-10-23 04:00:00,0.3028,0.3051,0.3024,0.3041,151537.7213
2025-10-23 05:00:00,0.3042,0.3052,0.3039,0.305,134245.6322
2025-10-23 06:00:00,0.305,0.3108,0.3047,0.3105,632003.1898
2025-10-23 07:00:00,0.3106,0.3106,0.3077,0.3089,866985.5517
2025-10-23 08:00:00,0.3089,0.3114,0.3089,0.3101,226454.5048
2025-10-23 09:00:00,0.3105,0.3106,0.3095,0.3103,217129.8335
2025-10-23 10:00:00,0.3103,0.3123,0.3103,0.3107,387541.1898
2025-10-23 11:00:00,0.3106,0.3108,0.308,0.3086,206097.5172
2025-10-23 12:00:00,0.3079,0.3092,0.3052,0.3092,479441.1272
2025-10-23 13:00:00,0.3091,0.3126,0.3075,0.311,515426.1212
2025-10-23 14:00:00,0.311,0.3115,0.3077,0.3107,421755.8655
2025-10-23 15:00:00,0.3109,0.3146,0.3104,0.3133,804545.7243
2025-10-23 16:00:00,0.3134,0.3176,0.3131,0.3172,435817.7763
2025-10-23 17:00:00,0.3175,0.3195,0.3139,0.3191,625089.24
2025-10-23 18:00:00,0.3193,0.3195,0.3147,0.3154,680855.0978
2025-10-23 19:00:00,0.3152,0.3154,0.3132,0.3146,200044.1097
2025-10-23 20:00:00,0.3146,0.3146,0.3094,0.311,513012.172
2025-10-23 21:00:00,0.3111,0.3123,0.3103,0.3113,148703.7392
2025-10-23 22:00:00,0.3115,0.3135,0.3115,0.3133,328857.3998
2025-10-23 23:00:00,0.3135,0.3142,0.3127,0.3139,69595.6452
2025-10-24 00:00:00,0.3142,0.3164,0.3132,0.3156,338363.5021
2025-10-24 01:00:00,0.3156,0.316,0.3139,0.3157,100702.7175
2025-10-24 02:00:00,0.3156,0.3156,0.3137,0.3144,71279.2988
2025-10-24 03:00:00,0.3144,0.3144,0.3125,0.3132,208583.7979
2025-10-24 04:00:00,0.3132,0.3199,0.3121,0.3185,479960.8716
2025-10-24 05:00:00,0.3187,0.3194,0.3176,0.318,263813.8544
2025-10-24 06:00:00,0.318,0.3187,0.317,0.3186,253436.5978
2025-10-24 07:00:00,0.3187,0.3187,0.316,0.3172,188715.9736
2025-10-24 08:00:00,0.3175,0.3198,0.3164,0.3191,669895.8033
2025-10-24 09:00:00,0.3192,0.3193,0.3177,0.3178,295755.7105
2025-10-24 10:00:00,0.3175,0.3178,0.3159,0.3162,224395.1617
2025-10-24 11:00:00,0.3162,0.3168,0.313,0.3167,572665.0809
2025-10-24 12:00:00,0.3167,0.3247,0.3163,0.3191,2316312.083
2025-10-24 13:00:00,0.3191,0.32,0.3148,0.3177,1364066.1136
2025-10-24 14:00:00,0.3174,0.3175,0.3119,0.314,856585.3818
2025-10-24 15:00:00,0.3141,0.3166,0.3124,0.3134,451562.193
2025-10-24 16:00:00,0.3136,0.3144,0.3116,0.3132,393557.1757
2025-10-24 17:00:00,0.3134,0.3153,0.3133,0.3137,159321.797
2025-10-24 18:00:00,0.3136,0.3162,0.3135,0.3161,89037.9282
2025-10-24 19:00:00,0.3162,0.3187,0.316,0.3179,201376.3501
2025-10-24 20:00:00,0.3177,0.3194,0.3174,0.3188,83040.9294
2025-10-24 21:00:00,0.3194,0.3205,0.3184,0.3202,308300.9978
2025-10-24 22:00:00,0.3202,0.3207,0.3193,0.3196,194579.6088
2025-10-24 23:00:00,0.3196,0.3205,0.319,0.3201,337642.4256
2025-10-25 00:00:00,0.3201,0.3204,0.3187,0.3194,260100.7969
2025-10-25 01:00:00,0.3197,0.3212,0.3189,0.3202,254953.0784
2025-10-25 02:00:00,0.3205,0.3214,0.3199,0.3208,148273.4846
2025-10-25 03:00:00,0.3208,0.3209,0.3182,0.3183,387480.3613
2025-10-25 04:00:00,0.3186,0.32,0.3185,0.3188,174644.736
2025-10-25 05:00:00,0.3188,0.3191,0.3177,0.3186,156677.9212
2025-10-25 06:00:00,0.3187,0.3189,0.3169,0.317,71631.4088
2025-10-25 07:00:00,0.3173,0.3194,0.3164,0.3172,375158.1671
2025-10-25 08:00:00,0.3172,0.3194,0.3171,0.3192,106674.0868
2025-10-25 09:00:00,0.3194,0.32,0.3181,0.3187,153811.7232
2025-10-25 10:00:00,0.3187,0.3187,0.3171,0.318,70449.5254
2025-10-25 11:00:00,0.3179,0.3197,0.3177,0.3195,121666.2493
2025-10-25 12:00:00,0.3195,0.3213,0.3194,0.3206,136339.6111
2025-10-25 13:00:00,0.3206,0.3206,0.3185,0.3192,298673.6523
2025-10-25 14:00:00,0.3193,0.3202,0.3184,0.3196,382693.4262
2025-10-25 15:00:00,0.3196,0.3197,0.3179,0.3184,271667.146
2025-10-25 16:00:00,0.3188,0.3192,0.3179,0.3186,332582.9248
2025-10-25 17:00:00,0.3186,0.3198,0.3185,0.319,215050.184
2025-10-25 18:00:00,0.3189,0.322,0.3184,0.3215,168018.1434
2025-10-25 19:00:00,0.3216,0.3219,0.3208,0.3219,56029.5243
2025-10-25 20:00:00,0.3219,0.3224,0.3205,0.3208,193049.4566
2025-10-25 21:00:00,0.3209,0.3213,0.32,0.3209,177884.5773
2025-10-25 22:00:00,0.3209,0.3216,0.3199,0.3212,110192.5119
2025-10-25 23:00:00,0.321,0.3211,0.3199,0.3201,90696.0546
2025-10-26 00:00:00,0.3203,0.3209,0.3188,0.32,273308.6458
2025-10-26 01:00:00,0.3198,0.32,0.3155,0.3168,1528860.4735
2025-10-26 02:00:00,0.3165,0.3171,0.3151,0.3159,417434.3263
2025-10-26 03:00:00,0.3159,0.316,0.3142,0.3151,200765.7635
2025-10-26 04:00:00,0.315,0.3165,0.315,0.3161,150525.5654
2025-10-26 05:00:00,0.3161,0.3176,0.3152,0.3173,289617.4124
2025-10-26 06:00:00,0.3173,0.3178,0.3165,0.3175,247056.6755
2025-10-26 07:00:00,0.3176,0.3195,0.317,0.3193,182883.5573
2025-10-26 08:00:00,0.3195,0.3211,0.3195,0.3204,485343.3292
2025-10-26 09:00:00,0.3205,0.3249,0.3193,0.324,790501.9373
2025-10-26 10:00:00,0.324,0.324,0.3222,0.3228,369511.1981
2025-10-26 11:00:00,0.323,0.3291,0.3222,0.3285,705491.1361
2025-10-26 12:00:00,0.3285,0.3296,0.3271,0.3291,458627.2359
2025-10-26 13:00:00,0.3295,0.3319,0.3283,0.3294,382674.0804
2025-10-26 14:00:00,0.3294,0.3299,0.3271,0.3284,702664.7486
2025-10-26 15:00:00,0.3282,0.3299,0.3273,0.3297,388263.0412
2025-10-26 16:00:00,0.3299,0.33,0.3272,0.3275,457010.2546
2025-10-26 17:00:00,0.3275,0.3281,0.3265,0.3277,182701.7119
2025-10-26 18:00:00,0.328,0.3294,0.328,0.3288,102071.8268
2025-10-26 19:00:00,0.3289,0.3289,0.3278,0.3286,64138.57
2025-10-26 20:00:00,0.3286,0.3286,0.3263,0.3274,91373.0687
2025-10-26 21:00:00,0.3273,0.3297,0.3264,0.3291,166327.9219
2025-10-26 22:00:00,0.3294,0.3361,0.3294,0.3358,959465.9115
2025-10-26 23:00:00,0.3359,0.3374,0.3344,0.3346,351754.4746
2025-10-27 00:00:00,0.3351,0.339,0.3341,0.337,1804969.0099
2025-10-27 01:00:00,0.3371,0.3405,0.3367,0.3399,1108009.2939
2025-10-27 02:00:00,0.3399,0.3449,0.3398,0.3443,2761883.6514
2025-10-27 03:00:00,0.3444,0.3465,0.3427,0.3436,1265500.652
2025-10-27 04:00:00,0.3435,0.3476,0.3416,0.3475,402806.7389
2025-10-27 05:00:00,0.3476,0.3517,0.3467,0.3493,1112155.5975
2025-10-27 06:00:00,0.3493,0.35,0.347,0.3482,579535.1807
2025-10-27 07:00:00,0.3483,0.3496,0.3424,0.3437,566688.0832
2025-10-27 08:00:00,0.3436,0.3449,0.3395,0.3402,1047051.4165
2025-10-27 09:00:00,0.3402,0.3406,0.336,0.337,973496.1886
2025-10-27 10:00:00,0.3367,0.3385,0.3355,0.3372,717286.3782
2025-10-27 11:00:00,0.3372,0.3393,0.3348,0.3378,447177.484
2025-10-27 12:00:00,0.3377,0.3377,0.3333,0.3334,218096.3053
2025-10-27 13:00:00,0.3334,0.3355,0.3296,0.3337,568356.8859
2025-10-27 14:00:00,0.3339,0.3343,0.3296,0.3316,527780.0572
2025-10-27 15:00:00,0.3316,0.3352,0.3316,0.3335,429893.5927
2025-10-27 16:00:00,0.3341,0.3398,0.3341,0.3394,542366.6843
2025-10-27 17:00:00,0.3394,0.3409,0.338,0.3403,588113.5211
2025-10-27 18:00:00,0.3401,0.3412,0.3382,0.3385,320109.2296
2025-10-27 19:00:00,0.3388,0.3389,0.3349,0.3351,365080.2438
2025-10-27 20:00:00,0.3355,0.3355,0.3318,0.3321,441135.0865
2025-10-27 21:00:00,0.3318,0.3349,0.3306,0.3329,334985.3173
2025-10-27 22:00:00,0.3328,0.3346,0.3307,0.331,205430.7792
2025-10-27 23:00:00,0.3311,0.3317,0.3288,0.3307,292887.6045
2025-10-28 00:00:00,0.3306,0.3319,0.329,0.3304,116191.1829
2025-10-28 01:00:00,0.331,0.3333,0.3308,0.3327,171509.7971
2025-10-28 02:00:00,0.3328,0.3334,0.3267,0.3297,416423.5244
2025-10-28 03:00:00,0.3295,0.3303,0.3272,0.3289,388098.1452
2025-10-28 04:00:00,0.3286,0.3307,0.3279,0.3298,156913.6557
2025-10-28 05:00:00,0.3298,0.3308,0.3256,0.3256,504495.1261
2025-10-28 06:00:00,0.3258,0.333,0.3257,0.3327,276644.8793
2025-10-28 07:00:00,0.3327,0.3338,0.3281,0.3288,303292.8125
2025-10-28 08:00:00,0.3289,0.3313,0.328,0.3301,162189.3411
2025-10-28 09:00:00,0.33,0.3308,0.3282,0.33,72116.2337
2025-10-28 10:00:00,0.3298,0.33,0.3274,0.3284,206852.0545
2025-10-28 11:00:00,0.3286,0.3303,0.3273,0.3278,137186.2699
2025-10-28 12:00:00,0.3276,0.3311,0.3267,0.3306,410740.0096
2025-10-28 13:00:00,0.3308,0.3338,0.3308,0.3324,534554.2485
2025-10-28 14:00:00,0.3326,0.3339,0.3211,0.3277,1636837.5705
2025-10-28 15:00:00,0.3277,0.3301,0.3243,0.3253,571209.406
2025-10-28 16:00:00,0.3252,0.3302,0.3244,0.329,449716.8042
2025-10-28 17:00:00,0.3291,0.3298,0.3271,0.3283,276725.8286
2025-10-28 18:00:00,0.328,0.329,0.3245,0.3257,170451.7744
2025-10-28 19:00:00,0.3258,0.326,0.318,0.3191,602960.4218
2025-10-28 20:00:00,0.319,0.3194,0.3113,0.3132,1430934.3358
2025-10-28 21:00:00,0.3129,0.3139,0.3071,0.312,1658288.8366
2025-10-28 22:00:00,0.3118,0.3159,0.3113,0.3153,427360.9262
2025-10-28 23:00:00,0.3152,0.3157,0.3139,0.3151,203639.147
2025-10-29 00:00:00,0.3149,0.3164,0.3143,0.3153,166072.8608
2025-10-29 01:00:00,0.3153,0.3175,0.3146,0.316,150993.7991
2025-10-29 02:00:00,0.3158,0.316,0.3148,0.3159,160998.9755
2025-10-29 03:00:00,0.3158,0.3169,0.3143,0.3164,175964.5609
2025-10-29 04:00:00,0.317,0.3187,0.3169,0.3175,109624.0299
2025-10-29 05:00:00,0.3175,0.319,0.3173,0.3182,153630.1131
2025-10-29 06:00:00,0.3175,0.3179,0.3165,0.3173,165509.405
2025-10-29 07:00:00,0.3172,0.3186,0.3163,0.318,157595.2646
2025-10-29 08:00:00,0.3176,0.3179,0.3148,0.3158,1016478.5774
2025-10-29 09:00:00,0.3158,0.3175,0.3151,0.3171,157797.8129
2025-10-29 10:00:00,0.3171,0.323,0.317,0.3219,188319.9848
2025-10-29 11:00:00,0.3219,0.3244,0.3218,0.3233,194692.685
2025-10-29 12:00:00,0.3234,0.3273,0.3234,0.3261,198470.9299
2025-10-29 13:00:00,0.3264,0.3291,0.3259,0.3272,1118886.6369
2025-10-29 14:00:00,0.3274,0.3289,0.3243,0.3257,813725.9618
2025-10-29 15:00:00,0.3259,0.3264,0.3183,0.3204,1075858.7201
2025-10-29 16:00:00,0.3198,0.32,0.3159,0.318,959087.5177
2025-10-29 17:00:00,0.318,0.3264,0.3172,0.3264,274641.1512
2025-10-29 18:00:00,0.3263,0.3269,0.3089,0.3203,5408960.8108
2025-10-29 19:00:00,0.3205,0.3253,0.3184,0.3225,724490.9582
2025-10-29 20:00:00,0.3231,0.3285,0.3206,0.327,868783.6763
2025-10-29 21:00:00,0.3269,0.3271,0.3238,0.3246,421024.594
2025-10-29 22:00:00,0.3249,0.3249,0.3231,0.3236,143908.2008
2025-10-29 23:00:00,0.3235,0.3238,0.316,0.3175,525057.6869
2025-10-30 00:00:00,0.3175,0.3201,0.3153,0.3195,359579.1668
2025-10-30 01:00:00,0.3195,0.3205,0.3169,0.3189,310705.6784
2025-10-30 02:00:00,0.3187,0.3219,0.3185,0.3211,256049.6071
2025-10-30 03:00:00,0.3212,0.3212,0.3171,0.3185,428282.3562
2025-10-30 04:00:00,0.3182,0.3183,0.3057,0.3088,1477624.5381
2025-10-30 05:00:00,0.3088,0.3161,0.3076,0.3153,487239.5584
2025-10-30 06:00:00,0.3153,0.3156,0.312,0.3138,456076.1655
2025-10-30 07:00:00,0.3139,0.3178,0.3129,0.3168,369368.2755
2025-10-30 08:00:00,0.3169,0.3169,0.3119,0.3119,380469.0724
2025-10-30 09:00:00,0.312,0.3124,0.3091,0.3099,340601.2248
2025-10-30 10:00:00,0.3098,0.3115,0.308,0.3088,542427.5183
2025-10-30 11:00:00,0.309,0.3101,0.3075,0.3077,359670.9403
2025-10-30 12:00:00,0.3079,0.3079,0.3001,0.3029,2292379.3688
2025-10-30 13:00:00,0.3024,0.3033,0.2958,0.2971,2058379.2301
2025-10-30 14:00:00,0.297,0.2995,0.2956,0.2964,941210.4019
2025-10-30 15:00:00,0.2963,0.2969,0.2906,0.2915,1190418.2222
2025-10-30 16:00:00,0.2914,0.293,0.2891,0.2901,937123.3646
2025-10-30 17:00:00,0.2903,0.2903,0.2828,0.2874,1785453.5309
2025-10-30 18:00:00,0.2875,0.2877,0.2827,0.2833,532243.5609
2025-10-30 19:00:00,0.2834,0.2843,0.2791,0.281,1490933.608
2025-10-30 20:00:00,0.281,0.2864,0.2801,0.2856,1583694.1223
2025-10-30 21:00:00,0.2856,0.2877,0.2842,0.2866,399289.6968
2025-10-30 22:00:00,0.2869,0.2875,0.2858,0.2872,285961.9483
2025-10-30 23:00:00,0.2874,0.2904,0.287,0.2901,397499.3353
2025-10-31 00:00:00,0.29,0.2924,0.2889,0.2916,465717.7233
2025-10-31 01:00:00,0.2917,0.2947,0.2908,0.2946,406218.7976
2025-10-31 02:00:00,0.2947,0.2949,0.2904,0.292,317018.3901
2025-10-31 03:00:00,0.292,0.2929,0.29,0.2906,290343.0915
2025-10-31 04:00:00,0.2912,0.2947,0.2908,0.2944,631019.4098
2025-10-31 05:00:00,0.2943,0.2944,0.2922,0.2925,345398.1368
2025-10-31 06:00:00,0.2927,0.2933,0.2914,0.2922,165139.0868
2025-10-31 07:00:00,0.2922,0.2933,0.2916,0.2923,471364.1284
2025-10-31 08:00:00,0.2923,0.2936,0.2909,0.2936,227653.7639
2025-10-31 09:00:00,0.2936,0.2943,0.2924,0.2933,278238.1539
2025-10-31 10:00:00,0.2933,0.297,0.2929,0.2943,884834.7581
2025-10-31 11:00:00,0.2943,0.2986,0.2929,0.298,447054.113
2025-10-31 12:00:00,0.298,0.3003,0.2962,0.2962,608756.0424
2025-10-31 13:00:00,0.2964,0.2987,0.2948,0.2979,580768.5137
2025-10-31 14:00:00,0.2981,0.2995,0.2959,0.2995,728873.873
2025-10-31 15:00:00,0.2989,0.3003,0.2963,0.2967,463835.5307
2025-10-31 16:00:00,0.2966,0.2976,0.2878,0.2882,831389.0552
2025-10-31 17:00:00,0.2882,0.2907,0.2853,0.2892,1063956.6113
2025-10-31 18:00:00,0.2892,0.2938,0.2886,0.2922,924964.8736
2025-10-31 19:00:00,0.2915,0.2985,0.2899,0.2975,611590.7162
2025-10-31 20:00:00,0.2975,0.2976,0.2933,0.2936,264889.4098
2025-10-31 21:00:00,0.2937,0.2945,0.2926,0.294,353307.4934
2025-10-31 22:00:00,0.2941,0.2959,0.294,0.2955,230086.6407
2025-10-31 23:00:00,0.2953,0.2958,0.295,0.2954,103175.194
2025-11-01 00:00:00,0.2955,0.2963,0.2936,0.2962,320891.2594
2025-11-01 01:00:00,0.2962,0.2976,0.2955,0.2955,163962.0804
2025-11-01 02:00:00,0.2954,0.2979,0.294,0.2979,263018.3241
2025-11-01 03:00:00,0.298,0.3005,0.2978,0.2999,299031.5224
2025-11-01 04:00:00,0.2997,0.3,0.2974,0.2983,284018.9421
2025-11-01 05:00:00,0.2981,0.2981,0.2962,0.2964,143255.4097
2025-11-01 06:00:00,0.2965,0.2978,0.2961,0.2978,125343.6947
2025-11-01 07:00:00,0.2979,0.3018,0.2976,0.3011,347985.4507
2025-11-01 08:00:00,0.3011,0.3035,0.3005,0.3035,403400.6203
2025-11-01 09:00:00,0.3036,0.3046,0.3007,0.3011,322538.3629
2025-11-01 10:00:00,0.3014,0.3032,0.3007,0.3021,189149.6995
2025-11-01 11:00:00,0.3028,0.3043,0.3024,0.304,370496.3606
2025-11-01 12:00:00,0.3041,0.3059,0.304,0.3055,319407.1812
2025-11-01 13:00:00,0.3058,0.3069,0.3029,0.3053,745996.1067
2025-11-01 14:00:00,0.3054,0.3061,0.3017,0.3032,644158.1616
2025-11-01 15:00:00,0.3033,0.3069,0.3033,0.3046,756659.0438
2025-11-01 16:00:00,0.3047,0.3081,0.3041,0.3066,594408.9766
2025-11-01 17:00:00,0.3064,0.3066,0.3049,0.3054,234523.3577
2025-11-01 18:00:00,0.3053,0.3069,0.305,0.3067,292909.0769
2025-11-01 19:00:00,0.3068,0.3069,0.3051,0.3069,79748.765
2025-11-01 20:00:00,0.307,0.3087,0.3066,0.3069,155939.7183
2025-11-01 21:00:00,0.3072,0.3076,0.3031,0.3037,582171.3798
2025-11-01 22:00:00,0.3037,0.3059,0.3035,0.3058,309390.2665
2025-11-01 23:00:00,0.306,0.3076,0.3058,0.3073,593724.4454
2025-11-02 00:00:00,0.3071,0.3071,0.3054,0.3059,254630.9425
2025-11-02 01:00:00,0.3056,0.307,0.3051,0.3055,317850.0462
2025-11-02 02:00:00,0.3052,0.3067,0.3049,0.305,252090.4602
2025-11-02 03:00:00,0.3051,0.3055,0.3037,0.3042,221625.3919
2025-11-02 04:00:00,0.3042,0.309,0.3037,0.3087,525089.3632
2025-11-02 05:00:00,0.3089,0.3113,0.3072,0.311,1201297.0501
2025-11-02 06:00:00,0.311,0.3133,0.3098,0.3122,1138569.9573
2025-11-02 07:00:00,0.312,0.3139,0.3113,0.3131,487886.9903
2025-11-02 08:00:00,0.3133,0.3139,0.3086,0.3094,1344862.3206
2025-11-02 09:00:00,0.3097,0.3115,0.3078,0.3081,1094865.8817
2025-11-02 10:00:00,0.3082,0.3094,0.3062,0.308,695788.7128
2025-11-02 11:00:00,0.3084,0.3118,0.308,0.3115,642175.1089
2025-11-02 12:00:00,0.3116,0.3116,0.3089,0.3096,420667.8012
2025-11-02 13:00:00,0.3095,0.31,0.3065,0.3074,398235.1413
2025-11-02 14:00:00,0.3076,0.3081,0.2991,0.3008,1366464.3394
2025-11-02 15:00:00,0.3008,0.3029,0.2988,0.2996,556038.012
2025-11-02 16:00:00,0.2998,0.3022,0.2963,0.3021,817615.8058
2025-11-02 17:00:00,0.3021,0.3021,0.2995,0.301,194656.6371
2025-11-02 18:00:00,0.301,0.301,0.2992,0.2994,126745.313
2025-11-02 19:00:00,0.2994,0.2996,0.2967,0.2986,572099.1425
2025-11-02 20:00:00,0.2987,0.3006,0.2977,0.3005,521827.5499
2025-11-02 21:00:00,0.3006,0.3023,0.3001,0.3013,146651.0101
2025-11-02 22:00:00,0.3013,0.3024,0.2992,0.3006,596226.1077
2025-11-02 23:00:00,0.3009,0.3086,0.3009,0.3076,1002400.2294
2025-11-03 00:00:00,0.3075,0.3085,0.3014,0.3022,284701.0536
2025-11-03 01:00:00,0.3013,0.3022,0.2977,0.2983,407523.2407
2025-11-03 02:00:00,0.2984,0.2988,0.2937,0.296,621755.6915
2025-11-03 03:00:00,0.2961,0.2966,0.286,0.2864,1205673.3369
2025-11-03 04:00:00,0.2861,0.2864,0.2827,0.2863,1096918.056
2025-11-03 05:00:00,0.2862,0.2887,0.2826,0.283,809436.2051
2025-11-03 06:00:00,0.2829,0.2837,0.2775,0.2816,1310155.8024
2025-11-03 07:00:00,0.2811,0.285,0.2795,0.2841,837292.384
2025-11-03 08:00:00,0.2841,0.2844,0.2799,0.283,485366.6361
2025-11-03 09:00:00,0.2831,0.2859,0.28,0.2801,694944.974
2025-11-03 10:00:00,0.2801,0.282,0.277,0.2781,1075837.7179
2025-11-03 11:00:00,0.2781,0.2826,0.2781,0.2806,835404.1344
2025-11-03 12:00:00,0.2809,0.2835,0.2806,0.2809,835441.0436
2025-11-03 13:00:00,0.2807,0.2839,0.279,0.2816,1356043.2796
2025-11-03 14:00:00,0.2818,0.2854,0.2801,0.2832,1088850.6721
2025-11-03 15:00:00,0.2833,0.2837,0.2543,0.2624,12123771.2823
2025-11-03 16:00:00,0.2625,0.2686,0.26,0.2669,1775601.1742
2025-11-03 17:00:00,0.2669,0.2732,0.2664,0.2721,1496506.8609
2025-11-03 18:00:00,0.2718,0.2723,0.2663,0.2664,671229.4554
2025-11-03 19:00:00,0.2664,0.2671,0.2622,0.2624,670349.7706
2025-11-03 20:00:00,0.2626,0.2633,0.256,0.2582,1142850.8185
2025-11-03 21:00:00,0.2584,0.262,0.256,0.261,1315045.5073
2025-11-03 22:00:00,0.2608,0.2615,0.2568,0.2593,955941.7881
2025-11-03 23:00:00,0.2592,0.2623,0.2572,0.2613,697620.438
2025-11-04 00:00:00,0.2615,0.2668,0.2594,0.265,983797.4507
2025-11-04 01:00:00,0.2653,0.2678,0.2636,0.2659,937542.5017
2025-11-04 02:00:00,0.2657,0.2668,0.2649,0.266,305182.6854
2025-11-04 03:00:00,0.2658,0.2699,0.2653,0.2692,886428.6936
2025-11-04 04:00:00,0.2693,0.2721,0.2691,0.2703,969589.918
2025-11-04 05:00:00,0.2698,0.2703,0.2551,0.2561,3025225.59
2025-11-04 06:00:00,0.2559,0.2671,0.2555,0.2605,1912131.0926
2025-11-04 07:00:00,0.2604,0.2605,0.2533,0.2557,1782057.8078
2025-11-04 08:00:00,0.256,0.2623,0.2535,0.2598,1111063.3263
2025-11-04 09:00:00,0.2599,0.2628,0.2588,0.2625,572082.784
2025-11-04 10:00:00,0.2627,0.2648,0.2618,0.2635,1017389.2266
2025-11-04 11:00:00,0.2635,0.2671,0.2629,0.2639,808737.9896
2025-11-04 12:00:00,0.264,0.2642,0.2605,0.2618,537796.6227
2025-11-04 13:00:00,0.2618,0.263,0.2587,0.2605,740441.2188
2025-11-04 14:00:00,0.2603,0.2684,0.2577,0.2667,1370712.4157
2025-11-04 15:00:00,0.2669,0.2687,0.2614,0.2624,1060684.4533
2025-11-04 16:00:00,0.2627,0.2645,0.2565,0.2571,1085580.7952
2025-11-04 17:00:00,0.2572,0.2584,0.249,0.2549,2430821.089
2025-11-04 18:00:00,0.2547,0.2547,0.2443,0.2524,2477626.9009
2025-11-04 19:00:00,0.2525,0.2549,0.248,0.2484,1293876.7744
2025-11-04 20:00:00,0.2488,0.2505,0.2363,0.2475,5379790.9537
2025-11-04 21:00:00,0.2477,0.2479,0.2343,0.2475,3652667.7132
2025-11-04 22:00:00,0.2473,0.2564,0.2464,0.2542,1929227.9563
2025-11-04 23:00:00,0.2541,0.2573,0.254,0.2549,1269782.9392
2025-11-05 00:00:00,0.2548,0.2563,0.2507,0.2521,695609.7543
2025-11-05 01:00:00,0.2522,0.2524,0.2421,0.2512,1362888.2115
2025-11-05 02:00:00,0.2513,0.2613,0.2513,0.2612,1895328.8529
2025-11-05 03:00:00,0.2613,0.263,0.2594,0.262,881766.3451
2025-11-05 04:00:00,0.2618,0.2633,0.2605,0.2618,707282.6156
2025-11-05 05:00:00,0.2619,0.2633,0.2607,0.2609,614062.9752
2025-11-05 06:00:00,0.2609,0.2612,0.2583,0.2605,505690.7899
2025-11-05 07:00:00,0.2606,0.2609,0.2578,0.2604,448941.9124
2025-11-05 08:00:00,0.2602,0.2602,0.255,0.2568,945245.6181
2025-11-05 09:00:00,0.2565,0.2598,0.2562,0.2596,512346.9457
2025-11-05 10:00:00,0.2595,0.26,0.2564,0.2564,578001.8681
2025-11-05 11:00:00,0.2566,0.2622,0.2566,0.2618,438770.8331
2025-11-05 12:00:00,0.2618,0.2641,0.261,0.2628,480617.6049
2025-11-05 13:00:00,0.2629,0.2655,0.2609,0.2644,698052.1149
2025-11-05 14:00:00,0.2636,0.2651,0.2594,0.263,890832.0533
2025-11-05 15:00:00,0.263,0.2663,0.262,0.2659,1132369.9809
2025-11-05 16:00:00,0.2659,0.2693,0.263,0.2687,1221442.6742
2025-11-05 17:00:00,0.2687,0.2698,0.2675,0.2697,550538.191
2025-11-05 18:00:00,0.2694,0.2717,0.2689,0.2703,450693.8729
2025-11-05 19:00:00,0.2703,0.2711,0.2689,0.27,257794.6865
2025-11-05 20:00:00,0.2697,0.2713,0.2686,0.2694,982917.5069
2025-11-05 21:00:00,0.269,0.2698,0.2679,0.2688,981410.5138
2025-11-05 22:00:00,0.2688,0.2708,0.2685,0.2708,364767.9388
2025-11-05 23:00:00,0.2709,0.2712,0.2697,0.2697,782841.5617
2025-11-06 00:00:00,0.2696,0.27,0.2672,0.2681,504079.6464
2025-11-06 01:00:00,0.2679,0.2694,0.2638,0.2675,3141881.0861
2025-11-06 02:00:00,0.2673,0.2695,0.2649,0.2685,947116.2433
2025-11-06 03:00:00,0.2685,0.2696,0.2679,0.2679,316213.4499
2025-11-06 04:00:00,0.268,0.2694,0.2677,0.2686,699731.9539
2025-11-06 05:00:00,0.2685,0.2685,0.2625,0.2631,393343.9326
2025-11-06 06:00:00,0.2633,0.2647,0.2631,0.2636,239994.8143
2025-11-06 07:00:00,0.2638,0.2652,0.2622,0.2626,450237.7694
2025-11-06 08:00:00,0.2623,0.264,0.2618,0.2627,425219.9379
2025-11-06 09:00:00,0.263,0.2644,0.2622,0.2628,146300.5182
2025-11-06 10:00:00,0.2625,0.2643,0.2608,0.2633,400787.7699
2025-11-06 11:00:00,0.2631,0.2636,0.2615,0.263,327291.3053
2025-11-06 12:00:00,0.263,0.2635,0.2586,0.2588,765248.0747
2025-11-06 13:00:00,0.2589,0.2668,0.2589,0.2649,817766.1668
2025-11-06 14:00:00,0.2651,0.2659,0.2594,0.2598,964152.8625
2025-11-06 15:00:00,0.2602,0.2637,0.2562,0.2578,1276076.7655
2025-11-06 16:00:00,0.258,0.2598,0.2531,0.2567,574573.564
2025-11-06 17:00:00,0.2571,0.2615,0.2559,0.2608,507318.0874
2025-11-06 18:00:00,0.2611,0.2643,0.2574,0.262,268352.9354
2025-11-06 19:00:00,0.262,0.2638,0.2609,0.2633,410221.0951
2025-11-06 20:00:00,0.2637,0.2652,0.2606,0.2626,478699.0261
2025-11-06 21:00:00,0.2625,0.2656,0.2613,0.2646,496842.0378
2025-11-06 22:00:00,0.2643,0.2654,0.2624,0.2654,455034.9493
2025-11-06 23:00:00,0.265,0.265,0.2619,0.2647,254604.7346
2025-11-07 00:00:00,0.2647,0.27,0.2642,0.2695,672760.7735
2025-11-07 01:00:00,0.2694,0.271,0.2649,0.2689,1204106.505
2025-11-07 02:00:00,0.269,0.2707,0.2666,0.2707,309879.9585
2025-11-07 03:00:00,0.2707,0.2735,0.2703,0.2715,539381.4098
2025-11-07 04:00:00,0.2718,0.2723,0.2681,0.2702,455196.5307
2025-11-07 05:00:00,0.2699,0.2752,0.2699,0.275,500083.2098
2025-11-07 06:00:00,0.2748,0.2768,0.2739,0.2744,413442.2618
2025-11-07 07:00:00,0.2746,0.2791,0.274,0.279,253096.5092
2025-11-07 08:00:00,0.2789,0.2791,0.2752,0.2762,556627.0546
2025-11-07 09:00:00,0.2762,0.2765,0.2703,0.2741,743398.6057
2025-11-07 10:00:00,0.2744,0.2763,0.271,0.2727,1064813.8123
2025-11-07 11:00:00,0.2723,0.2724,0.2658,0.2695,891649.1564
2025-11-07 12:00:00,0.2699,0.2708,0.2632,0.265,844261.9534
2025-11-07 13:00:00,0.2651,0.2696,0.2638,0.268,916561.5744
2025-11-07 14:00:00,0.268,0.277,0.2636,0.2751,1409864.924
2025-11-07 15:00:00,0.2752,0.2814,0.273,0.2803,2024834.6528
2025-11-07 16:00:00,0.2803,0.2953,0.2794,0.2938,3030695.4602
2025-11-07 17:00:00,0.2939,0.2987,0.2891,0.2982,2545458.0616
2025-11-07 18:00:00,0.2987,0.304,0.298,0.2999,1584208.0148
2025-11-07 19:00:00,0.2998,0.3034,0.2989,0.3028,788827.5462
2025-11-07 20:00:00,0.3023,0.3039,0.3002,0.3031,607693.4355
2025-11-07 21:00:00,0.3031,0.3052,0.3024,0.3041,396504.9199
2025-11-07 22:00:00,0.3041,0.3056,0.3026,0.303,721768.5923
2025-11-07 23:00:00,0.3033,0.3033,0.2983,0.2997,959971.9632
2025-11-08 00:00:00,0.2997,0.305,0.2972,0.2973,1179112.7194
2025-11-08 01:00:00,0.2974,0.304,0.297,0.304,397473.4174
2025-11-08 02:00:00,0.3039,0.3133,0.3036,0.3088,1419079.711
2025-11-08 03:00:00,0.3084,0.3101,0.3033,0.3033,791421.8276
2025-11-08 04:00:00,0.3033,0.3075,0.3033,0.3043,502414.9713
2025-11-08 05:00:00,0.3043,0.305,0.2978,0.2981,698095.4881
2025-11-08 06:00:00,0.2985,0.3006,0.2958,0.2986,851391.6017
2025-11-08 07:00:00,0.2986,0.299,0.2948,0.2986,389383.558
2025-11-08 08:00:00,0.2984,0.3028,0.2958,0.3008,532897.9435
2025-11-08 09:00:00,0.3007,0.3009,0.2959,0.2973,416423.387
2025-11-08 10:00:00,0.2974,0.3009,0.297,0.3003,306500.5691
2025-11-08 11:00:00,0.3002,0.3035,0.2995,0.3012,739514.2449
2025-11-08 12:00:00,0.3009,0.3023,0.2988,0.3007,381228.0878
2025-11-08 13:00:00,0.3012,0.3012,0.2944,0.2944,702518.1754
2025-11-08 14:00:00,0.2947,0.2957,0.2907,0.2942,1053276.3185
2025-11-08 15:00:00,0.2944,0.295,0.2883,0.29,949015.9311
2025-11-08 16:00:00,0.2898,0.2917,0.2873,0.291,1031432.3232
2025-11-08 17:00:00,0.2909,0.2933,0.2896,0.2919,621524.338
2025-11-08 18:00:00,0.2921,0.2934,0.2908,0.2929,126008.5816
2025-11-08 19:00:00,0.2929,0.2934,0.2894,0.292,235086.1222
2025-11-08 20:00:00,0.292,0.2939,0.2903,0.2933,212592.5477
2025-11-08 21:00:00,0.2932,0.2951,0.2928,0.2949,174288.001
2025-11-08 22:00:00,0.2948,0.2974,0.294,0.2967,345900.6409
2025-11-08 23:00:00,0.2967,0.2988,0.2957,0.2981,512056.7979
2025-11-09 00:00:00,0.2982,0.2985,0.2934,0.2942,211306.3416
2025-11-09 01:00:00,0.294,0.2966,0.293,0.2948,227333.2231
2025-11-09 02:00:00,0.2949,0.2951,0.2865,0.2875,905098.5397
2025-11-09 03:00:00,0.2875,0.2887,0.2841,0.2868,1946282.0612
2025-11-09 04:00:00,0.2867,0.2899,0.286,0.2869,608919.2644
2025-11-09 05:00:00,0.2871,0.2886,0.2857,0.2882,237361.5907
2025-11-09 06:00:00,0.2882,0.2901,0.2869,0.288,179422.7282
2025-11-09 07:00:00,0.288,0.2934,0.2879,0.2927,633605.391
2025-11-09 08:00:00,0.2928,0.2928,0.2887,0.2895,293931.4423
2025-11-09 09:00:00,0.2898,0.2922,0.2866,0.2872,408023.7114
2025-11-09 10:00:00,0.2866,0.2902,0.2846,0.2902,460557.2814
2025-11-09 11:00:00,0.2903,0.2947,0.2903,0.292,508276.5329
2025-11-09 12:00:00,0.2922,0.2947,0.2913,0.2933,658233.6334
2025-11-09 13:00:00,0.2932,0.2962,0.2928,0.2944,418547.4155
2025-11-09 14:00:00,0.2944,0.3028,0.2931,0.2979,1494181.8613
2025-11-09 15:00:00,0.2983,0.3019,0.298,0.2992,470231.1918
2025-11-09 16:00:00,0.2993,0.3018,0.2976,0.3003,911008.1001
2025-11-09 17:00:00,0.3006,0.301,0.2969,0.2978,436676.2295
2025-11-09 18:00:00,0.2979,0.3011,0.2961,0.3005,236299.2352
2025-11-09 19:00:00,0.3007,0.3028,0.2992,0.3028,960748.2415
2025-11-09 20:00:00,0.3029,0.3032,0.3001,0.3003,297679.8296
2025-11-09 21:00:00,0.3005,0.3008,0.2987,0.3004,318336.4392
2025-11-09 22:00:00,0.3005,0.3006,0.2973,0.2996,354328.8604
2025-11-09 23:00:00,0.3,0.3029,0.298,0.2995,657223.9076
2025-11-10 00:00:00,0.2995,0.3053,0.2968,0.3035,601283.8063
2025-11-10 01:00:00,0.3035,0.3048,0.3008,0.3008,453466.0463
2025-11-10 02:00:00,0.3009,0.3021,0.2992,0.3014,195330.4916
2025-11-10 03:00:00,0.3016,0.3037,0.3015,0.302,227160.5067
2025-11-10 04:00:00,0.302,0.3033,0.3,0.3027,224288.1876
2025-11-10 05:00:00,0.3027,0.3045,0.3001,0.3022,178661.2491
2025-11-10 06:00:00,0.3024,0.303,0.2994,0.3013,179977.9407
2025-11-10 07:00:00,0.3015,0.3028,0.2997,0.3007,259380.4007
2025-11-10 08:00:00,0.3008,0.3008,0.2963,0.2975,984171.0601
2025-11-10 09:00:00,0.2978,0.305,0.2972,0.3038,536888.498
2025-11-10 10:00:00,0.3039,0.3048,0.2993,0.3013,350132.789
2025-11-10 11:00:00,0.3011,0.3058,0.301,0.3037,468610.4121
2025-11-10 12:00:00,0.3037,0.3039,0.3008,0.3013,442331.9748
2025-11-10 13:00:00,0.3013,0.3033,0.2991,0.3018,815580.322
2025-11-10 14:00:00,0.3018,0.3018,0.2924,0.2944,1759511.1744
2025-11-10 15:00:00,0.2946,0.2992,0.2938,0.2951,661485.5575
2025-11-10 16:00:00,0.2953,0.2976,0.2917,0.2936,584430.9297
2025-11-10 17:00:00,0.2935,0.2988,0.2931,0.2981,352304.149
2025-11-10 18:00:00,0.2982,0.3,0.2967,0.2967,273699.4539
2025-11-10 19:00:00,0.2968,0.3037,0.2968,0.3015,736603.3312
2025-11-10 20:00:00,0.3016,0.3055,0.3012,0.3022,433807.8637
2025-11-10 21:00:00,0.3021,0.3032,0.2987,0.3024,381261.3185
2025-11-10 22:00:00,0.3024,0.3119,0.3,0.311,1230912.7147
2025-11-10 23:00:00,0.3114,0.3116,0.306,0.3068,898081.057
2025-11-11 00:00:00,0.307,0.3081,0.3018,0.3045,945528.8988
2025-11-11 01:00:00,0.3045,0.3139,0.304,0.3056,1162960.2209
2025-11-11 02:00:00,0.3055,0.3126,0.3033,0.3099,619766.2692
2025-11-11 03:00:00,0.3097,0.3119,0.3083,0.3093,700818.2925
2025-11-11 04:00:00,0.3094,0.31,0.3038,0.3043,667065.53
2025-11-11 05:00:00,0.3043,0.3043,0.2978,0.298,791070.0862
2025-11-11 06:00:00,0.2982,0.3,0.2962,0.299,703752.4627
2025-11-11 07:00:00,0.2988,0.299,0.2927,0.2928,629677.643
2025-11-11 08:00:00,0.2926,0.2952,0.2912,0.2938,517443.8462
2025-11-11 09:00:00,0.2938,0.2967,0.2919,0.2919,486897.4387
2025-11-11 10:00:00,0.2919,0.293,0.2906,0.2919,946468.2569
2025-11-11 11:00:00,0.2922,0.2942,0.2912,0.2926,350310.0061
2025-11-11 12:00:00,0.2926,0.2952,0.2892,0.29,1005323.5423
2025-11-11 13:00:00,0.2901,0.2925,0.2882,0.2888,590019.2233
2025-11-11 14:00:00,0.2886,0.2912,0.2849,0.2909,1925034.8315
2025-11-11 15:00:00,0.2908,0.2908,0.2842,0.285,1105382.7825
2025-11-11 16:00:00,0.2849,0.287,0.2835,0.2854,1286525.743
2025-11-11 17:00:00,0.2852,0.2876,0.2812,0.283,917379.8403
2025-11-11 18:00:00,0.2831,0.2842,0.2804,0.2822,702064.4784
2025-11-11 19:00:00,0.2821,0.2828,0.2797,0.2807,511980.324
2025-11-11 20:00:00,0.2807,0.2812,0.2775,0.2782,434660.04
2025-11-11 21:00:00,0.2785,0.2808,0.2766,0.2775,664464.8176
2025-11-11 22:00:00,0.2774,0.2811,0.276,0.2804,540875.0743
2025-11-11 23:00:00,0.2804,0.2804,0.2745,0.2754,440619.8453
2025-11-12 00:00:00,0.2756,0.2775,0.2736,0.2742,487866.9846
2025-11-12 01:00:00,0.274,0.2781,0.274,0.2771,1231914.0515
2025-11-12 02:00:00,0.2771,0.2779,0.2726,0.2749,614850.6206
2025-11-12 03:00:00,0.2749,0.2767,0.2742,0.276,409925.0544
2025-11-12 04:00:00,0.2764,0.2769,0.2752,0.2769,321491.3182
2025-11-12 05:00:00,0.277,0.2782,0.2762,0.2765,416146.7491
2025-11-12 06:00:00,0.2764,0.2784,0.2764,0.2766,354960.2597
2025-11-12 07:00:00,0.2765,0.2772,0.2729,0.2733,438124.8505
2025-11-12 08:00:00,0.2736,0.2791,0.2735,0.2781,500305.2508
2025-11-12 09:00:00,0.2782,0.2804,0.2765,0.2771,645957.3702
2025-11-12 10:00:00,0.277,0.2799,0.2768,0.2784,486437.724
2025-11-12 11:00:00,0.2786,0.2806,0.2764,0.2768,674353.8779
2025-11-12 12:00:00,0.2768,0.2776,0.2738,0.275,1891468.3969
2025-11-12 13:00:00,0.2751,0.28,0.274,0.2789,780980.5112
2025-11-12 14:00:00,0.279,0.2791,0.2676,0.2714,1685365.582
2025-11-12 15:00:00,0.271,0.2737,0.2639,0.2654,1990922.6115
2025-11-12 16:00:00,0.265,0.266,0.2599,0.2611,1907661.8533
2025-11-12 17:00:00,0.2614,0.2637,0.2581,0.2622,1236706.884
2025-11-12 18:00:00,0.2622,0.2631,0.2593,0.2595,897556.435
2025-11-12 19:00:00,0.2595,0.2602,0.2566,0.2591,832175.7115
2025-11-12 20:00:00,0.2591,0.2616,0.2583,0.2598,574460.5817
2025-11-12 21:00:00,0.26,0.2604,0.2589,0.26,252926.8847
2025-11-12 22:00:00,0.2601,0.2609,0.2581,0.2599,939184.7876
2025-11-12 23:00:00,0.2597,0.26,0.2582,0.2594,395977.6378
2025-11-13 00:00:00,0.2594,0.2617,0.259,0.26,456005.0142
2025-11-13 01:00:00,0.26,0.2643,0.26,0.2628,645803.3549
2025-11-13 02:00:00,0.2628,0.2638,0.2614,0.2625,167268.042
2025-11-13 03:00:00,0.2627,0.2674,0.2585,0.2648,609455.8236
2025-11-13 04:00:00,0.2647,0.2661,0.263,0.2648,736388.3552
2025-11-13 05:00:00,0.2647,0.269,0.2632,0.2681,478772.6542
2025-11-13 06:00:00,0.2683,0.2689,0.2672,0.2673,958688.0105
2025-11-13 07:00:00,0.2673,0.2691,0.2669,0.2675,566402.1294
2025-11-13 08:00:00,0.2676,0.2699,0.2673,0.2686,413935.8604
2025-11-13 09:00:00,0.2686,0.2691,0.2643,0.2649,1748398.1249
2025-11-13 10:00:00,0.2653,0.2689,0.2653,0.266,756539.8077
2025-11-13 11:00:00,0.2662,0.2675,0.2656,0.266,252753.5496
2025-11-13 12:00:00,0.2661,0.2677,0.265,0.2675,468812.2937
2025-11-13 13:00:00,0.2676,0.2689,0.2643,0.2658,973962.1258
2025-11-13 14:00:00,0.2658,0.2706,0.2616,0.2686,1787553.8725
2025-11-13 15:00:00,0.2683,0.2693,0.2612,0.2631,934802.9045
2025-11-13 16:00:00,0.263,0.2635,0.257,0.2576,1442641.2809
2025-11-13 17:00:00,0.2577,0.2586,0.2497,0.2497,1416561.7783
2025-11-13 18:00:00,0.2503,0.2511,0.2448,0.2466,1692043.8112
2025-11-13 19:00:00,0.2467,0.2485,0.2407,0.2423,1789746.1745
2025-11-13 20:00:00,0.2422,0.2433,0.2391,0.2409,1897209.6362
2025-11-13 21:00:00,0.2408,0.2423,0.2389,0.2409,811260.4684
2025-11-13 22:00:00,0.2408,0.245,0.2405,0.2439,1069301.576
2025-11-13 23:00:00,0.2438,0.2481,0.2428,0.2447,1116180.7559
2025-11-14 00:00:00,0.2447,0.2461,0.2411,0.2419,846520.4971
2025-11-14 01:00:00,0.2415,0.2433,0.2398,0.2402,727868.4217
2025-11-14 02:00:00,0.2403,0.2436,0.2403,0.2418,808701.012
2025-11-14 03:00:00,0.2417,0.2418,0.2383,0.24,836774.8677
2025-11-14 04:00:00,0.2401,0.2405,0.2306,0.236,3512926.1173
2025-11-14 05:00:00,0.236,0.2416,0.2351,0.2412,2763650.3588
2025-11-14 06:00:00,0.2412,0.2461,0.2374,0.2453,1476981.2944
2025-11-14 07:00:00,0.2453,0.2468,0.2431,0.245,727367.7488
2025-11-14 08:00:00,0.2451,0.2452,0.2421,0.2427,460561.9812
2025-11-14 09:00:00,0.2425,0.243,0.2384,0.2388,855318.8724
2025-11-14 10:00:00,0.2392,0.2418,0.2386,0.2408,388996.7186
2025-11-14 11:00:00,0.2408,0.2411,0.2371,0.239,534984.9814
2025-11-14 12:00:00,0.239,0.2396,0.2329,0.239,2082018.0972
2025-11-14 13:00:00,0.2392,0.2408,0.2362,0.2392,1065864.6143
2025-11-14 14:00:00,0.2394,0.2455,0.2381,0.2431,2447324.6996
2025-11-14 15:00:00,0.2429,0.2478,0.2404,0.2453,1652947.2324
2025-11-14 16:00:00,0.2455,0.2493,0.2446,0.2477,845275.4335
2025-11-14 17:00:00,0.2478,0.2483,0.2417,0.2425,727318.1119
2025-11-14 18:00:00,0.2428,0.2458,0.2413,0.2424,494998.3115
2025-11-14 19:00:00,0.2423,0.247,0.2419,0.2462,1316002.77
2025-11-14 20:00:00,0.2464,0.2467,0.2388,0.2405,896300.1443
2025-11-14 21:00:00,0.2406,0.2441,0.2405,0.2422,365628.2654
2025-11-14 22:00:00,0.2425,0.2439,0.2396,0.2406,520088.4301
2025-11-14 23:00:00,0.2405,0.2405,0.2324,0.2375,3428908.9833
2025-11-15 00:00:00,0.2376,0.2407,0.2372,0.2402,761561.4767
2025-11-15 01:00:00,0.2404,0.2438,0.2392,0.2431,647820.4169
2025-11-15 02:00:00,0.243,0.244,0.2416,0.244,596042.7159
2025-11-15 03:00:00,0.2438,0.245,0.2435,0.2444,650775.3313
2025-11-15 04:00:00,0.2444,0.2459,0.2438,0.2446,207122.8842
2025-11-15 05:00:00,0.2446,0.2464,0.2437,0.2463,261367.6741
2025-11-15 06:00:00,0.2461,0.2493,0.2457,0.2478,499357.274
2025-11-15 07:00:00,0.2476,0.2476,0.2444,0.2448,186564.8157
2025-11-15 08:00:00,0.245,0.245,0.2396,0.241,474849.6056
2025-11-15 09:00:00,0.2406,0.2434,0.2404,0.2415,232264.5593
2025-11-15 10:00:00,0.2414,0.2431,0.2405,0.243,212349.3748
2025-11-15 11:00:00,0.243,0.2432,0.2403,0.2414,103277.8481
2025-11-15 12:00:00,0.2411,0.2446,0.2407,0.2446,214396.1775
2025-11-15 13:00:00,0.2446,0.2464,0.2436,0.2449,229109.4403
2025-11-15 14:00:00,0.2448,0.2448,0.2424,0.2432,272746.5728
2025-11-15 15:00:00,0.243,0.244,0.2421,0.2429,174062.6949
2025-11-15 16:00:00,0.2428,0.2433,0.2411,0.2432,145840.3028
2025-11-15 17:00:00,0.2432,0.2457,0.2427,0.2453,446835.4563
2025-11-15 18:00:00,0.2454,0.246,0.2438,0.244,220238.5182
2025-11-15 19:00:00,0.2442,0.2446,0.2432,0.2435,134540.7055
2025-11-15 20:00:00,0.2435,0.2435,0.241,0.2413,305134.2718
2025-11-15 21:00:00,0.2413,0.2431,0.2395,0.24,170900.1007
2025-11-15 22:00:00,0.24,0.2424,0.2399,0.2419,153105.3892
2025-11-15 23:00:00,0.2421,0.2426,0.2411,0.2412,123237.2917
2025-11-16 00:00:00,0.2413,0.2418,0.2381,0.24,552277.6814
2025-11-16 01:00:00,0.2398,0.2408,0.2371,0.2404,271082.4972
2025-11-16 02:00:00,0.2403,0.2439,0.2395,0.2438,495800.4927
2025-11-16 03:00:00,0.2439,0.2451,0.243,0.2443,309986.2051
2025-11-16 04:00:00,0.2444,0.2447,0.2423,0.2436,186405.8532
2025-11-16 05:00:00,0.2438,0.2457,0.2438,0.2443,245503.9539
2025-11-16 06:00:00,0.2443,0.2456,0.2441,0.2442,131443.0522
2025-11-16 07:00:00,0.2444,0.2456,0.2437,0.2456,166205.068
2025-11-16 08:00:00,0.2456,0.2459,0.244,0.2451,195681.1013
2025-11-16 09:00:00,0.2448,0.2472,0.2438,0.2465,2312342.1323
2025-11-16 10:00:00,0.2464,0.2466,0.2445,0.2445,584145.3748
2025-11-16 11:00:00,0.2447,0.2448,0.2386,0.2392,583564.1543
2025-11-16 12:00:00,0.2394,0.2407,0.2374,0.2392,639443.7244
2025-11-16 13:00:00,0.2391,0.2398,0.2364,0.2383,980161.363
2025-11-16 14:00:00,0.2383,0.241,0.2376,0.2405,497341.0354
2025-11-16 15:00:00,0.2403,0.2404,0.2338,0.2342,1272434.8889
2025-11-16 16:00:00,0.2343,0.2371,0.2312,0.2324,1418493.0242
2025-11-16 17:00:00,0.2324,0.2334,0.2279,0.2313,2261980.0223
2025-11-16 18:00:00,0.231,0.2354,0.2287,0.2295,1523106.4589
2025-11-16 19:00:00,0.2296,0.234,0.2292,0.2308,998782.1653
2025-11-16 20:00:00,0.2308,0.2338,0.2303,0.2313,220052.7844
2025-11-16 21:00:00,0.2315,0.2316,0.2289,0.2316,492208.4883
2025-11-16 22:00:00,0.2316,0.2359,0.2291,0.2355,1449260.5293
2025-11-16 23:00:00,0.2354,0.2374,0.2295,0.2357,1621719.0856
2025-11-17 00:00:00,0.2359,0.2395,0.233,0.2379,952329.9904
2025-11-17 01:00:00,0.2379,0.2387,0.2359,0.2363,506182.2306
2025-11-17 02:00:00,0.2364,0.2384,0.2358,0.2376,1200199.9534
2025-11-17 03:00:00,0.2379,0.2402,0.2378,0.2391,388902.9953
2025-11-17 04:00:00,0.2397,0.2408,0.2387,0.2388,500900.826
2025-11-17 05:00:00,0.239,0.2392,0.2375,0.238,343435.7638
2025-11-17 06:00:00,0.2381,0.239,0.2366,0.2387,296646.7149
2025-11-17 07:00:00,0.2388,0.2406,0.2385,0.2404,367443.6453
2025-11-17 08:00:00,0.2406,0.2407,0.2388,0.2389,474635.3836
2025-11-17 09:00:00,0.2391,0.2408,0.2382,0.2388,346808.0293
2025-11-17 10:00:00,0.2389,0.2401,0.2387,0.2393,247839.2403
2025-11-17 11:00:00,0.2396,0.2423,0.2393,0.2404,541761.4294
2025-11-17 12:00:00,0.2403,0.2404,0.2389,0.2391,343221.8599
2025-11-17 13:00:00,0.2393,0.2398,0.2305,0.2332,1313981.8907
2025-11-17 14:00:00,0.2328,0.2431,0.2313,0.2366,1973937.3201
2025-11-17 15:00:00,0.2368,0.2383,0.2318,0.2329,860080.2551
2025-11-17 16:00:00,0.233,0.2366,0.2287,0.2364,1436024.4384
2025-11-17 17:00:00,0.2367,0.2367,0.2289,0.2297,626854.246
2025-11-17 18:00:00,0.2297,0.2325,0.2258,0.2268,1985280.9448
2025-11-17 19:00:00,0.2269,0.2279,0.2231,0.2242,1998863.0185
2025-11-17 20:00:00,0.2241,0.226,0.222,0.2248,1265512.1462
2025-11-17 21:00:00,0.2247,0.2267,0.222,0.224,814126.4104
2025-11-17 22:00:00,0.2242,0.2267,0.2233,0.2255,824274.0359
2025-11-17 23:00:00,0.2256,0.2272,0.2247,0.2272,355368.6761
2025-11-18 00:00:00,0.2269,0.2282,0.2223,0.2282,732020.1701
2025-11-18 01:00:00,0.228,0.2292,0.2269,0.228,286060.5502
2025-11-18 02:00:00,0.2278,0.2321,0.2254,0.2283,1216106.4662
2025-11-18 03:00:00,0.2284,0.2336,0.2256,0.2326,1547178.0183
2025-11-18 04:00:00,0.2326,0.234,0.2287,0.2337,865924.0462
2025-11-18 05:00:00,0.2338,0.2368,0.2316,0.2332,922601.7912
2025-11-18 06:00:00,0.2331,0.2336,0.2296,0.2297,592044.2404
2025-11-18 07:00:00,0.2297,0.2326,0.2288,0.2319,588352.7887
2025-11-18 08:00:00,0.232,0.2345,0.2314,0.2339,657043.2082
2025-11-18 09:00:00,0.2341,0.2348,0.232,0.2344,639679.386
2025-11-18 10:00:00,0.2345,0.2361,0.2334,0.2358,789978.3276
2025-11-18 11:00:00,0.2356,0.2358,0.2336,0.2341,251944.8473
2025-11-18 12:00:00,0.234,0.2357,0.2326,0.2352,578783.2433
2025-11-18 13:00:00,0.235,0.235,0.2319,0.2341,263919.5998
2025-11-18 14:00:00,0.2341,0.2377,0.2329,0.2329,755629.3957
2025-11-18 15:00:00,0.2328,0.2385,0.2314,0.236,1785425.2651
2025-11-18 16:00:00,0.236,0.2399,0.2351,0.2385,1168329.9949
2025-11-18 17:00:00,0.2386,0.2393,0.2366,0.2374,309382.2694
2025-11-18 18:00:00,0.2376,0.2402,0.2376,0.2388,419233.3832
2025-11-18 19:00:00,0.2388,0.2398,0.2378,0.2384,219161.6741
2025-11-18 20:00:00,0.2383,0.2389,0.2376,0.2379,152639.6755
2025-11-18 21:00:00,0.2379,0.2383,0.2353,0.2353,190258.2059
2025-11-18 22:00:00,0.2354,0.2389,0.2354,0.2382,237879.2905
2025-11-18 23:00:00,0.2382,0.2385,0.2368,0.2374,260751.0776
2025-11-19 00:00:00,0.2374,0.2375,0.234,0.2368,286142.4561
2025-11-19 01:00:00,0.2368,0.2383,0.2357,0.2375,476636.8787
2025-11-19 02:00:00,0.2376,0.2389,0.2371,0.2377,328935.1523
2025-11-19 03:00:00,0.2377,0.2382,0.2343,0.2345,315025.6751
2025-11-19 04:00:00,0.2344,0.2346,0.2326,0.2327,509183.6176
2025-11-19 05:00:00,0.2328,0.2331,0.2278,0.2296,757650.8295
2025-11-19 06:00:00,0.2294,0.2321,0.2291,0.232,354212.7297
2025-11-19 07:00:00,0.2317,0.2343,0.2317,0.2342,421964.6118
2025-11-19 08:00:00,0.2339,0.2346,0.2328,0.2331,447152.9971
2025-11-19 09:00:00,0.2331,0.2339,0.2314,0.2337,445498.7521
2025-11-19 10:00:00,0.2337,0.2353,0.2335,0.234,185986.0175
2025-11-19 11:00:00,0.2338,0.2352,0.2336,0.2347,134823.5386
2025-11-19 12:00:00,0.2344,0.2361,0.2344,0.2359,188251.7209
2025-11-19 13:00:00,0.2358,0.2358,0.2323,0.2323,505070.0448
2025-11-19 14:00:00,0.2324,0.2335,0.2294,0.2326,713945.8252
2025-11-19 15:00:00,0.2327,0.2359,0.2266,0.2271,1604340.377
2025-11-19 16:00:00,0.2268,0.2292,0.2233,0.2244,1779599.9843
2025-11-19 17:00:00,0.2244,0.2254,0.2198,0.2231,1676327.168
2025-11-19 18:00:00,0.2225,0.2241,0.2184,0.2203,1056887.0896
2025-11-19 19:00:00,0.2203,0.2205,0.2176,0.2193,496464.2243
2025-11-19 20:00:00,0.2193,0.2247,0.2185,0.2244,981697.7879
2025-11-19 21:00:00,0.2245,0.2294,0.2237,0.2282,1793961.1208
2025-11-19 22:00:00,0.2282,0.2282,0.2256,0.2268,760378.219
2025-11-19 23:00:00,0.227,0.2302,0.2267,0.2295,617399.5534
2025-11-20 00:00:00,0.2295,0.2304,0.2284,0.2286,274762.6743
2025-11-20 01:00:00,0.2286,0.2305,0.2282,0.2302,933519.3913
2025-11-20 02:00:00,0.2303,0.2317,0.23,0.2311,968502.0009
2025-11-20 03:00:00,0.2312,0.2321,0.2309,0.2316,790714.1628
2025-11-20 04:00:00,0.2316,0.2341,0.2309,0.2341,485156.9111
2025-11-20 05:00:00,0.2341,0.2348,0.2329,0.2333,630468.5764
2025-11-20 06:00:00,0.2334,0.2341,0.2314,0.2328,301183.1268
2025-11-20 07:00:00,0.2329,0.236,0.2327,0.236,380965.9724
2025-11-20 08:00:00,0.2358,0.2361,0.2347,0.2356,284147.9464
2025-11-20 09:00:00,0.2357,0.2363,0.2342,0.235,531514.6752
2025-11-20 10:00:00,0.2352,0.2358,0.2333,0.2348,387170.6744
2025-11-20 11:00:00,0.2347,0.2355,0.2338,0.2353,206440.3004
2025-11-20 12:00:00,0.235,0.24,0.235,0.2398,783069.7684
2025-11-20 13:00:00,0.24,0.2415,0.2371,0.2376,1319880.129
2025-11-20 14:00:00,0.2378,0.2407,0.2348,0.2401,1998128.5618
2025-11-20 15:00:00,0.2401,0.2403,0.2344,0.2345,1195118.426
2025-11-20 16:00:00,0.2346,0.2351,0.2207,0.222,3918974.9317
2025-11-20 17:00:00,0.222,0.2231,0.2172,0.219,2099523.6725
2025-11-20 18:00:00,0.2189,0.2204,0.2128,0.2136,1885269.0522
2025-11-20 19:00:00,0.2133,0.2176,0.2112,0.2166,2303776.4837
2025-11-20 20:00:00,0.2167,0.2182,0.2146,0.2155,1221284.6286
2025-11-20 21:00:00,0.2155,0.2212,0.2155,0.2203,674394.7223
2025-11-20 22:00:00,0.2202,0.2246,0.2196,0.2222,1470942.5134
2025-11-20 23:00:00,0.2222,0.2225,0.2146,0.2152,668713.5156
2025-11-21 00:00:00,0.2151,0.2181,0.2147,0.2174,663156.9171
2025-11-21 01:00:00,0.2174,0.2199,0.2164,0.2183,758374.1098
2025-11-21 02:00:00,0.2185,0.2189,0.2122,0.2132,2230239.4876
2025-11-21 03:00:00,0.2128,0.2177,0.2128,0.216,565140.9348
2025-11-21 04:00:00,0.2161,0.2166,0.2124,0.2158,388284.1353
2025-11-21 05:00:00,0.2159,0.2166,0.2129,0.2132,253553.6449
2025-11-21 06:00:00,0.2138,0.2145,0.2118,0.2132,659904.6323
2025-11-21 07:00:00,0.2131,0.2138,0.1847,0.2012,13948791.2707
2025-11-21 08:00:00,0.2012,0.2052,0.2006,0.203,3211681.5649
2025-11-21 09:00:00,0.2031,0.2044,0.1995,0.1999,2064582.34
2025-11-21 10:00:00,0.1999,0.2024,0.1985,0.1999,2558916.2272
2025-11-21 11:00:00,0.1997,0.2021,0.1966,0.197,1868927.9154
2025-11-21 12:00:00,0.1971,0.2032,0.1929,0.2016,4799009.4849
2025-11-21 13:00:00,0.2016,0.2046,0.2002,0.2036,3476072.5815
2025-11-21 14:00:00,0.2038,0.2091,0.2021,0.2077,3772122.2741
2025-11-21 15:00:00,0.2078,0.2083,0.2021,0.2029,3597602.8809
2025-11-21 16:00:00,0.2031,0.2074,0.2,0.2074,2554164.7139
2025-11-21 17:00:00,0.2075,0.2098,0.2064,0.2067,1205364.4272
2025-11-21 18:00:00,0.2068,0.2084,0.2022,0.2071,1163920.3026
2025-11-21 19:00:00,0.2069,0.2077,0.2037,0.2043,691010.781
2025-11-21 20:00:00,0.2042,0.2044,0.1996,0.201,1372326.1106
2025-11-21 21:00:00,0.201,0.2042,0.1994,0.2028,718947.7419
2025-11-21 22:00:00,0.2029,0.2034,0.1954,0.1956,1122940.4131
2025-11-21 23:00:00,0.1955,0.2023,0.1941,0.2021,1089882.834
2025-11-22 00:00:00,0.202,0.2032,0.2006,0.2026,858714.8857
2025-11-22 01:00:00,0.2028,0.2045,0.2026,0.2039,386775.831
2025-11-22 02:00:00,0.204,0.2041,0.2003,0.2014,353791.4684
2025-11-22 03:00:00,0.2014,0.2026,0.2,0.2008,588054.2727
2025-11-22 04:00:00,0.2009,0.2011,0.1969,0.1996,839340.415
2025-11-22 05:00:00,0.1998,0.2002,0.1963,0.1979,493628.2181
2025-11-22 06:00:00,0.1981,0.201,0.1967,0.2006,1258406.9043
2025-11-22 07:00:00,0.2006,0.2009,0.199,0.2006,347132.7396
2025-11-22 08:00:00,0.2005,0.2006,0.196,0.1968,764989.5843
2025-11-22 09:00:00,0.197,0.2003,0.1969,0.199,1335033.4593
2025-11-22 10:00:00,0.199,0.2,0.1965,0.1977,198346.0338
2025-11-22 11:00:00,0.1978,0.2002,0.1974,0.1995,413742.9706
2025-11-22 12:00:00,0.1993,0.1993,0.1964,0.1974,328491.094
2025-11-22 13:00:00,0.1973,0.1981,0.1955,0.1968,838779.7915
2025-11-22 14:00:00,0.1968,0.2002,0.1968,0.1993,417572.0476
2025-11-22 15:00:00,0.1992,0.1994,0.1965,0.1978,216281.5272
2025-11-22 16:00:00,0.1975,0.2005,0.1974,0.1999,537407.5803
2025-11-22 17:00:00,0.2,0.2001,0.1984,0.1987,314507.4311
2025-11-22 18:00:00,0.1987,0.1999,0.198,0.1992,83389.623
2025-11-22 19:00:00,0.1993,0.2,0.198,0.199,140639.7518
2025-11-22 20:00:00,0.1989,0.2001,0.1971,0.1979,237624.1942
2025-11-22 21:00:00,0.1977,0.1994,0.1977,0.1991,101215.6648
2025-11-22 22:00:00,0.1991,0.2034,0.1982,0.2023,569379.3058
2025-11-22 23:00:00,0.2022,0.2025,0.2001,0.2002,406528.9509
2025-11-23 00:00:00,0.2002,0.2013,0.1988,0.1998,1221992.3826
2025-11-23 01:00:00,0.2002,0.2036,0.2001,0.2027,317518.4394
2025-11-23 02:00:00,0.2028,0.204,0.202,0.2031,454716.0401
2025-11-23 03:00:00,0.2031,0.2032,0.2015,0.2027,273280.2018
2025-11-23 04:00:00,0.2029,0.205,0.2025,0.2033,1085910.4327
2025-11-23 05:00:00,0.2035,0.2035,0.202,0.203,677870.7512
2025-11-23 06:00:00,0.2031,0.2037,0.2012,0.2016,588278.1769
2025-11-23 07:00:00,0.2015,0.2016,0.1996,0.2004,901177.9213
2025-11-23 08:00:00,0.2005,0.2013,0.2001,0.2011,417885.5182
2025-11-23 09:00:00,0.2011,0.202,0.2007,0.2012,365725.843
2025-11-23 10:00:00,0.2012,0.2015,0.2004,0.2005,282232.0998
2025-11-23 11:00:00,0.2004,0.2016,0.1994,0.2011,213372.0867
2025-11-23 12:00:00,0.201,0.2035,0.201,0.2017,349256.3617
2025-11-23 13:00:00,0.2019,0.2032,0.2014,0.2028,255073.2844
2025-11-23 14:00:00,0.2029,0.204,0.2003,0.2004,759482.1178
2025-11-23 15:00:00,0.2005,0.2033,0.2002,0.2029,352418.393
2025-11-23 16:00:00,0.2029,0.2035,0.2011,0.2011,572290.1841
2025-11-23 17:00:00,0.2011,0.2018,0.2001,0.2007,335911.8792
2025-11-23 18:00:00,0.2006,0.2029,0.2006,0.2019,240711.4766
2025-11-23 19:00:00,0.202,0.2045,0.2019,0.2031,386395.123
2025-11-23 20:00:00,0.2032,0.2037,0.2027,0.2034,271123.5575
2025-11-23 21:00:00,0.2033,0.2055,0.2023,0.2049,565524.1885
2025-11-23 22:00:00,0.2051,0.2053,0.2031,0.2038,422210.557
2025-11-23 23:00:00,0.204,0.2043,0.2005,0.2007,443679.1696
2025-11-24 00:00:00,0.2008,0.2026,0.1994,0.2011,970504.6982
2025-11-24 01:00:00,0.201,0.2026,0.2004,0.2024,461271.9473
2025-11-24 02:00:00,0.2023,0.2072,0.2022,0.2048,1057670.0002
2025-11-24 03:00:00,0.2051,0.2073,0.2045,0.2059,290052.3954
2025-11-24 04:00:00,0.2058,0.2064,0.2015,0.2028,835050.9424
2025-11-24 05:00:00,0.2028,0.2076,0.2026,0.2059,776337.7336
2025-11-24 06:00:00,0.2062,0.2062,0.2037,0.2047,951172.0277
2025-11-24 07:00:00,0.2047,0.2058,0.2038,0.2048,290642.2007
2025-11-24 08:00:00,0.2046,0.2057,0.2041,0.2054,526588.9343
2025-11-24 09:00:00,0.2051,0.2051,0.2005,0.2008,740882.9216
2025-11-24 10:00:00,0.2008,0.2023,0.2006,0.2022,261751.9596
2025-11-24 11:00:00,0.202,0.2035,0.2012,0.2031,233217.8523
2025-11-24 12:00:00,0.2031,0.2034,0.2013,0.2018,269402.9553
2025-11-24 13:00:00,0.2018,0.2049,0.2015,0.203,407926.6363
2025-11-24 14:00:00,0.2029,0.2059,0.2009,0.2046,928452.6232
2025-11-24 15:00:00,0.2047,0.2076,0.2035,0.2065,1168632.4046
2025-11-24 16:00:00,0.2068,0.2102,0.2067,0.2091,529039.1358
2025-11-24 17:00:00,0.2094,0.2155,0.2089,0.2151,1335209.7836
2025-11-24 18:00:00,0.2153,0.2184,0.2153,0.2182,1204770.2264
2025-11-24 19:00:00,0.2182,0.2213,0.2177,0.2189,1027581.1705
2025-11-24 20:00:00,0.219,0.2216,0.2189,0.2203,696364.7011
2025-11-24 21:00:00,0.2202,0.2204,0.2177,0.2182,682903.923
2025-11-24 22:00:00,0.2183,0.2199,0.2166,0.2176,417680.1371
2025-11-24 23:00:00,0.2175,0.2182,0.2166,0.2174,442968.7713
2025-11-25 00:00:00,0.2174,0.2197,0.217,0.2195,1449319.3098
2025-11-25 01:00:00,0.2196,0.2205,0.2177,0.2177,800337.3263
2025-11-25 02:00:00,0.2178,0.2184,0.2157,0.2175,559063.4305
2025-11-25 03:00:00,0.2174,0.2184,0.2159,0.2164,128841.9658
2025-11-25 04:00:00,0.2166,0.2181,0.2158,0.2178,451500.0608
2025-11-25 05:00:00,0.2176,0.2179,0.2165,0.2172,210844.1876
2025-11-25 06:00:00,0.217,0.217,0.2145,0.2155,316306.1246
2025-11-25 07:00:00,0.2155,0.216,0.2135,0.2138,515285.3918
2025-11-25 08:00:00,0.2138,0.2154,0.2129,0.2131,625146.4178
2025-11-25 09:00:00,0.2133,0.2147,0.2121,0.2146,455233.9389
2025-11-25 10:00:00,0.2146,0.2146,0.2136,0.2142,352505.347
2025-11-25 11:00:00,0.214,0.214,0.2126,0.213,380476.0261
2025-11-25 12:00:00,0.2129,0.2156,0.2125,0.2149,919833.4445
2025-11-25 13:00:00,0.2146,0.2155,0.212,0.2125,730586.3638
2025-11-25 14:00:00,0.2127,0.2143,0.2089,0.2116,1272717.8386
2025-11-25 15:00:00,0.2114,0.2138,0.2094,0.2121,1263907.8041
2025-11-25 16:00:00,0.2121,0.2149,0.2115,0.2138,669916.2289
2025-11-25 17:00:00,0.2137,0.2161,0.2129,0.2147,980081.8411
2025-11-25 18:00:00,0.2147,0.216,0.2132,0.2132,361513.5203
2025-11-25 19:00:00,0.2132,0.2137,0.2099,0.213,572277.7191
2025-11-25 20:00:00,0.213,0.2149,0.2124,0.2142,580713.3029
2025-11-25 21:00:00,0.2141,0.2149,0.2137,0.2138,193805.0431
2025-11-25 22:00:00,0.2137,0.2169,0.2112,0.2163,893862.2127
2025-11-25 23:00:00,0.2163,0.2185,0.2159,0.2163,461655.3694
2025-11-26 00:00:00,0.2163,0.2173,0.2157,0.216,423667.2018
2025-11-26 01:00:00,0.216,0.2178,0.215,0.2165,269991.7451
2025-11-26 02:00:00,0.2165,0.2167,0.2155,0.2158,289689.8095
2025-11-26 03:00:00,0.2158,0.2163,0.2134,0.2135,439807.4924
2025-11-26 04:00:00,0.2136,0.214,0.2131,0.2133,145560.08
2025-11-26 05:00:00,0.2132,0.2148,0.213,0.2144,268610.4472
2025-11-26 06:00:00,0.2143,0.2151,0.2132,0.2148,164785.5081
2025-11-26 07:00:00,0.2148,0.2151,0.2142,0.215,152586.5674
2025-11-26 08:00:00,0.2149,0.215,0.2125,0.2125,408686.4319
2025-11-26 09:00:00,0.2124,0.2128,0.211,0.2113,417495.9992
2025-11-26 10:00:00,0.2113,0.2121,0.2109,0.2117,255913.148
2025-11-26 11:00:00,0.2116,0.212,0.2109,0.2112,131524.0944
2025-11-26 12:00:00,0.2112,0.2116,0.2094,0.211,268122.7831
2025-11-26 13:00:00,0.211,0.2127,0.2109,0.2126,532002.9052
2025-11-26 14:00:00,0.2125,0.2128,0.2093,0.2097,519474.8179
2025-11-26 15:00:00,0.2096,0.2112,0.2087,0.2097,566233.0396
2025-11-26 16:00:00,0.2097,0.2129,0.2097,0.2122,534737.5186
2025-11-26 17:00:00,0.2123,0.2205,0.212,0.2199,1138583.626
2025-11-26 18:00:00,0.2203,0.2231,0.2196,0.2206,1885028.5937
2025-11-26 19:00:00,0.2206,0.2206,0.2187,0.2197,1231044.4894
2025-11-26 20:00:00,0.2199,0.2199,0.2174,0.2183,808772.6471
2025-11-26 21:00:00,0.2186,0.2203,0.2176,0.2192,797960.9371
2025-11-26 22:00:00,0.2193,0.2197,0.2178,0.2181,619970.2683
2025-11-26 23:00:00,0.2181,0.2198,0.2175,0.2187,2362345.4397
2025-11-27 00:00:00,0.2187,0.2192,0.217,0.2181,1370163.2959
2025-11-27 01:00:00,0.218,0.2196,0.2175,0.2194,1041812.0381
2025-11-27 02:00:00,0.2194,0.2203,0.2182,0.2184,1001681.803
2025-11-27 03:00:00,0.2183,0.2191,0.217,0.2171,766487.6281
2025-11-27 04:00:00,0.2172,0.2188,0.2171,0.2178,317232.6372
2025-11-27 05:00:00,0.2177,0.2182,0.2162,0.2166,353453.6187
2025-11-27 06:00:00,0.2167,0.2181,0.2167,0.2177,188053.9283
2025-11-27 07:00:00,0.2176,0.2184,0.2174,0.2181,102816.4438
2025-11-27 08:00:00,0.2183,0.2188,0.2168,0.2188,247234.8061
2025-11-27 09:00:00,0.2188,0.2198,0.2179,0.2183,239172.1527
2025-11-27 10:00:00,0.2182,0.2195,0.2179,0.2195,233872.6233
2025-11-27 11:00:00,0.2194,0.2197,0.218,0.2183,130813.5752
2025-11-27 12:00:00,0.2182,0.2184,0.2173,0.2175,332417.1535
2025-11-27 13:00:00,0.2177,0.2192,0.2175,0.2186,278011.5461
2025-11-27 14:00:00,0.2188,0.2195,0.2179,0.2195,350606.8226
2025-11-27 15:00:00,0.2194,0.2215,0.2184,0.2213,493597.8511
2025-11-27 16:00:00,0.2214,0.223,0.2203,0.2224,799702.5039
2025-11-27 17:00:00,0.2224,0.2236,0.2216,0.2221,398677.2074
2025-11-27 18:00:00,0.2221,0.2243,0.2221,0.2238,188643.3848
2025-11-27 19:00:00,0.2237,0.2241,0.2231,0.2238,152602.081
2025-11-27 20:00:00,0.2239,0.2242,0.2234,0.224,165366.1904
2025-11-27 21:00:00,0.2237,0.2251,0.2232,0.2233,223846.682
2025-11-27 22:00:00,0.2232,0.2235,0.2207,0.2218,622329.0491
2025-11-27 23:00:00,0.2216,0.2221,0.2201,0.2207,253169.7569
2025-11-28 00:00:00,0.2208,0.2215,0.2203,0.2205,300533.6111
2025-11-28 01:00:00,0.2205,0.2207,0.218,0.2181,429178.3071
2025-11-28 02:00:00,0.2181,0.2189,0.2173,0.2185,242292.5062
2025-11-28 03:00:00,0.2184,0.2191,0.2182,0.2185,148086.1095
2025-11-28 04:00:00,0.2184,0.2195,0.2179,0.2179,170990.3881
2025-11-28 05:00:00,0.218,0.2192,0.2176,0.219,565994.1164
2025-11-28 06:00:00,0.2185,0.2185,0.2169,0.2174,389750.2862
2025-11-28 07:00:00,0.2178,0.2185,0.2174,0.2174,135179.1122
2025-11-28 08:00:00,0.2174,0.2243,0.2173,0.224,898426.5441
2025-11-28 09:00:00,0.2241,0.2244,0.2216,0.2217,437361.4996
2025-11-28 10:00:00,0.2218,0.2224,0.2212,0.222,212041.1751
2025-11-28 11:00:00,0.2219,0.2219,0.2183,0.219,323123.8896
2025-11-28 12:00:00,0.2189,0.2198,0.2188,0.2194,154251.6178
2025-11-28 13:00:00,0.2193,0.2232,0.2182,0.222,453855.8229
2025-11-28 14:00:00,0.222,0.2239,0.2204,0.2215,1353095.559
2025-11-28 15:00:00,0.2216,0.2251,0.2212,0.223,647953.3304
2025-11-28 16:00:00,0.223,0.2231,0.2185,0.2188,670790.5569
2025-11-28 17:00:00,0.2188,0.219,0.2154,0.2164,1091621.6794
2025-11-28 18:00:00,0.2164,0.2171,0.2146,0.2163,460344.3673
2025-11-28 19:00:00,0.2163,0.2188,0.2161,0.2182,234822.3091
2025-11-28 20:00:00,0.2181,0.2181,0.2162,0.2174,320324.9863
2025-11-28 21:00:00,0.2174,0.2175,0.2153,0.2153,184317.9071
2025-11-28 22:00:00,0.2154,0.2174,0.2148,0.2171,923297.9467
2025-11-28 23:00:00,0.2174,0.218,0.2166,0.2169,93674.0733
2025-11-29 00:00:00,0.2167,0.2175,0.2166,0.2175,170021.5301
2025-11-29 01:00:00,0.2177,0.22,0.2177,0.2179,523502.3396
2025-11-29 02:00:00,0.2179,0.2181,0.2164,0.2175,341343.4805
2025-11-29 03:00:00,0.2176,0.2184,0.2172,0.2174,88724.0952
2025-11-29 04:00:00,0.2174,0.2187,0.2166,0.2187,147422.0088
2025-11-29 05:00:00,0.2186,0.2186,0.2175,0.2175,814512.8454
2025-11-29 06:00:00,0.2175,0.2178,0.215,0.2158,789543.2884
2025-11-29 07:00:00,0.2159,0.2167,0.2153,0.2156,186764.2011
2025-11-29 08:00:00,0.2155,0.216,0.2146,0.2148,88248.7454
2025-11-29 09:00:00,0.2149,0.2152,0.2146,0.2149,98261.0382
2025-11-29 10:00:00,0.215,0.2161,0.2137,0.2155,803594.268
2025-11-29 11:00:00,0.2155,0.2166,0.2154,0.2165,281082.717
2025-11-29 12:00:00,0.2164,0.2169,0.2149,0.2149,128217.1455
2025-11-29 13:00:00,0.215,0.2155,0.2146,0.215,105574.6921
2025-11-29 14:00:00,0.2147,0.2154,0.2142,0.2147,99518.8719
2025-11-29 15:00:00,0.2147,0.2172,0.2147,0.216,459221.2784
2025-11-29 16:00:00,0.2161,0.2164,0.2149,0.2152,129995.4726
2025-11-29 17:00:00,0.2152,0.2153,0.2131,0.2133,332859.7062
2025-11-29 18:00:00,0.2135,0.2142,0.2119,0.214,613852.1975
2025-11-29 19:00:00,0.2139,0.2142,0.2131,0.2131,31043.5344
2025-11-29 20:00:00,0.2133,0.2144,0.2125,0.2143,124057.3197
2025-11-29 21:00:00,0.2144,0.2145,0.2133,0.2143,91318.663
2025-11-29 22:00:00,0.2142,0.2142,0.2135,0.2137,109026.0417
2025-11-29 23:00:00,0.2137,0.2147,0.2135,0.2144,114032.2145
2025-11-30 00:00:00,0.2144,0.2152,0.2142,0.2148,179956.6472
2025-11-30 01:00:00,0.2151,0.2163,0.2151,0.2159,655208.2327
2025-11-30 02:00:00,0.216,0.2172,0.216,0.2161,232475.6521
2025-11-30 03:00:00,0.216,0.2169,0.2139,0.2168,2667409.4032
2025-11-30 04:00:00,0.217,0.2174,0.2156,0.216,671267.8718
2025-11-30 05:00:00,0.2161,0.2161,0.2149,0.2153,313612.7037
2025-11-30 06:00:00,0.2153,0.2171,0.2149,0.2162,128620.9673
2025-11-30 07:00:00,0.2161,0.2169,0.2158,0.2164,237361.3149
2025-11-30 08:00:00,0.2165,0.218,0.216,0.2167,274782.6461
2025-11-30 09:00:00,0.2169,0.2176,0.2164,0.2172,312498.3755
2025-11-30 10:00:00,0.2172,0.2175,0.2166,0.2173,378392.3035
2025-11-30 11:00:00,0.2173,0.218,0.2158,0.2161,561365.8995
2025-11-30 12:00:00,0.2159,0.2187,0.2154,0.218,656166.9159
2025-11-30 13:00:00,0.218,0.2204,0.2178,0.2202,1257342.761
2025-11-30 14:00:00,0.2204,0.2206,0.2174,0.2181,614444.5437
2025-11-30 15:00:00,0.218,0.218,0.2132,0.214,1518836.6318
2025-11-30 16:00:00,0.214,0.2171,0.214,0.2164,321425.3585
2025-11-30 17:00:00,0.2162,0.2164,0.2143,0.2162,326406.6038
2025-11-30 18:00:00,0.2162,0.2163,0.2151,0.2157,107130.0843
2025-11-30 19:00:00,0.2157,0.2159,0.2145,0.2149,129892.1792
2025-11-30 20:00:00,0.2149,0.216,0.2138,0.2144,153720.8183
2025-11-30 21:00:00,0.2144,0.2147,0.2132,0.2137,158439.3849
2025-11-30 22:00:00,0.2138,0.2158,0.2138,0.2155,367844.7614
2025-11-30 23:00:00,0.2153,0.2154,0.2102,0.2104,440987.0369
2025-12-01 00:00:00,0.2106,0.2114,0.1964,0.1964,3730009.74
2025-12-01 01:00:00,0.1964,0.1995,0.196,0.1972,1395588.0858
2025-12-01 02:00:00,0.1972,0.1989,0.1966,0.1971,925402.7176
2025-12-01 03:00:00,0.1968,0.197,0.1945,0.1949,719882.4433
2025-12-01 04:00:00,0.1948,0.1955,0.1936,0.195,926641.807
2025-12-01 05:00:00,0.195,0.1961,0.1946,0.1953,370416.9367
2025-12-01 06:00:00,0.1953,0.1969,0.195,0.196,415065.4835
2025-12-01 07:00:00,0.1959,0.1983,0.1956,0.1982,1380332.0341
2025-12-01 08:00:00,0.1981,0.1986,0.1964,0.1967,514838.8618
2025-12-01 09:00:00,0.1966,0.1972,0.1951,0.1953,2088858.0379
2025-12-01 10:00:00,0.1956,0.1961,0.1955,0.1956,301552.7409
2025-12-01 11:00:00,0.1955,0.1955,0.1937,0.194,275747.4651
2025-12-01 12:00:00,0.1941,0.1941,0.1907,0.1932,836003.7074
2025-12-01 13:00:00,0.1931,0.1947,0.1914,0.1921,531551.6449
2025-12-01 14:00:00,0.192,0.1948,0.1917,0.1927,494256.6074
2025-12-01 15:00:00,0.1927,0.1929,0.1874,0.1907,1892157.5605
2025-12-01 16:00:00,0.1906,0.1907,0.1884,0.1885,1073959.4636
2025-12-01 17:00:00,0.1886,0.1894,0.1864,0.1866,852343.0933
2025-12-01 18:00:00,0.1867,0.189,0.1867,0.1885,613787.4528
2025-12-01 19:00:00,0.1885,0.1886,0.187,0.1878,1485514.2507
2025-12-01 20:00:00,0.1881,0.1909,0.188,0.1904,884672.7353
2025-12-01 21:00:00,0.1905,0.1937,0.1904,0.1925,638494.6321
2025-12-01 22:00:00,0.1925,0.1942,0.1925,0.1933,767103.7414
2025-12-01 23:00:00,0.1933,0.195,0.1929,0.1938,302918.963
2025-12-02 00:00:00,0.194,0.1947,0.1934,0.1939,309146.7005
2025-12-02 01:00:00,0.1938,0.1968,0.1932,0.1934,1139518.7585
2025-12-02 02:00:00,0.1933,0.1941,0.1926,0.1926,894185.0693
2025-12-02 03:00:00,0.1926,0.194,0.1915,0.1934,650696.2389
2025-12-02 04:00:00,0.1937,0.1943,0.1933,0.1933,226152.67
2025-12-02 05:00:00,0.1933,0.1934,0.1923,0.193,177127.6778
2025-12-02 06:00:00,0.1931,0.1946,0.1926,0.1945,187919.3947
2025-12-02 07:00:00,0.1946,0.1946,0.1938,0.1945,280391.7724
2025-12-02 08:00:00,0.1946,0.1946,0.1917,0.1917,983676.774
2025-12-02 09:00:00,0.192,0.1934,0.192,0.1924,635368.4679
2025-12-02 10:00:00,0.1924,0.195,0.1924,0.194,929555.7936
2025-12-02 11:00:00,0.1942,0.1948,0.1934,0.1944,681729.4797
2025-12-02 12:00:00,0.1946,0.1952,0.1942,0.1944,241970.2313
2025-12-02 13:00:00,0.1947,0.1965,0.1934,0.1963,838000.832
2025-12-02 14:00:00,0.1963,0.202,0.1961,0.2018,1142993.0923
2025-12-02 15:00:00,0.2017,0.2157,0.2017,0.2148,3802760.1408
2025-12-02 16:00:00,0.2152,0.2181,0.2127,0.2157,2173135.3923
2025-12-02 17:00:00,0.2157,0.2173,0.2142,0.2162,1132468.1643
2025-12-02 18:00:00,0.2161,0.2173,0.2144,0.2149,471418.3795
2025-12-02 19:00:00,0.2149,0.2157,0.2131,0.2132,304941.0105
2025-12-02 20:00:00,0.2132,0.2134,0.2103,0.2112,557626.1155
2025-12-02 21:00:00,0.2112,0.2119,0.211,0.2118,211838.5883
2025-12-02 22:00:00,0.2119,0.2146,0.2119,0.2143,609739.1141
2025-12-02 23:00:00,0.2143,0.2145,0.2123,0.2128,402308.3297
2025-12-03 00:00:00,0.2131,0.2142,0.2116,0.2136,312050.0314
2025-12-03 01:00:00,0.2133,0.214,0.2127,0.2135,337389.7852
2025-12-03 02:00:00,0.2135,0.2156,0.2133,0.2151,638860.5471
2025-12-03 03:00:00,0.2148,0.2159,0.2145,0.215,251090.6235
2025-12-03 04:00:00,0.2151,0.2173,0.2143,0.2169,494174.7605
2025-12-03 05:00:00,0.2171,0.2183,0.2164,0.2164,340325.9805
2025-12-03 06:00:00,0.2165,0.2187,0.2161,0.2171,610799.4061
2025-12-03 07:00:00,0.217,0.217,0.216,0.2164,505776.5355
2025-12-03 08:00:00,0.2165,0.2194,0.2163,0.2177,1566924.8046
2025-12-03 09:00:00,0.2178,0.2181,0.2162,0.2173,536850.3867
2025-12-03 10:00:00,0.2173,0.2185,0.2159,0.216,368085.115
2025-12-03 11:00:00,0.2162,0.217,0.2152,0.2167,531309.657
2025-12-03 12:00:00,0.2168,0.2171,0.2148,0.2153,624547.0286
2025-12-03 13:00:00,0.2153,0.2165,0.2153,0.2159,542035.4295
2025-12-03 14:00:00,0.216,0.2186,0.2106,0.214,2408685.0628
2025-12-03 15:00:00,0.214,0.2171,0.214,0.2165,1116983.4524
2025-12-03 16:00:00,0.2167,0.2183,0.2147,0.2171,1231531.5093
2025-12-03 17:00:00,0.2171,0.2206,0.2171,0.2204,1450601.3992
2025-12-03 18:00:00,0.2205,0.2217,0.2186,0.2198,996596.5911
2025-12-03 19:00:00,0.2196,0.2201,0.219,0.22,119258.4554
2025-12-03 20:00:00,0.2201,0.2215,0.2189,0.2199,372238.8112
2025-12-03 21:00:00,0.2197,0.2227,0.2194,0.2225,695095.496
2025-12-03 22:00:00,0.2224,0.224,0.2213,0.2238,1567596.8724
2025-12-03 23:00:00,0.2238,0.2255,0.2225,0.2225,859798.2844
2025-12-04 00:00:00,0.2227,0.223,0.2209,0.222,1162510.0712
2025-12-04 01:00:00,0.222,0.2249,0.2217,0.2218,485193.6156
2025-12-04 02:00:00,0.2221,0.224,0.2218,0.2234,537170.9244
2025-12-04 03:00:00,0.2234,0.2246,0.2219,0.2221,620418.8057
2025-12-04 04:00:00,0.222,0.2224,0.2207,0.221,286211.7809
2025-12-04 05:00:00,0.2212,0.2213,0.2199,0.2209,583347.9673
2025-12-04 06:00:00,0.2209,0.2237,0.2206,0.223,504887.503
2025-12-04 07:00:00,0.223,0.223,0.2214,0.2226,629384.1685
2025-12-04 08:00:00,0.2226,0.2239,0.2211,0.2224,431185.4049
2025-12-04 09:00:00,0.2226,0.2246,0.2226,0.2237,316509.9175
2025-12-04 10:00:00,0.2237,0.2238,0.2215,0.2216,297774.2706
2025-12-04 11:00:00,0.2215,0.2219,0.2204,0.2209,324359.1577
2025-12-04 12:00:00,0.2208,0.2214,0.22,0.2201,265510.5097
2025-12-04 13:00:00,0.2201,0.2205,0.2184,0.2187,447190.8864
2025-12-04 14:00:00,0.2186,0.2204,0.2165,0.2169,1095401.5513
2025-12-04 15:00:00,0.2171,0.2223,0.2171,0.2212,985682.8211
2025-12-04 16:00:00,0.2211,0.2217,0.2182,0.219,1137198.1822
2025-12-04 17:00:00,0.2191,0.2193,0.2169,0.2189,385601.8144
2025-12-04 18:00:00,0.219,0.2199,0.2176,0.218,486591.569
2025-12-04 19:00:00,0.2182,0.2182,0.2128,0.2174,1381524.2782
2025-12-04 20:00:00,0.2174,0.2184,0.2162,0.2177,534299.6402
2025-12-04 21:00:00,0.2174,0.218,0.2153,0.2155,155437.8432
2025-12-04 22:00:00,0.2156,0.2169,0.2156,0.2163,205580.8981
2025-12-04 23:00:00,0.2163,0.2163,0.2155,0.2159,109890.6134
2025-12-05 00:00:00,0.2159,0.2175,0.2157,0.2161,69738.3459
2025-12-05 01:00:00,0.216,0.2171,0.2158,0.2164,250887.7927
2025-12-05 02:00:00,0.2159,0.2176,0.2154,0.2168,247779.1482
2025-12-05 03:00:00,0.217,0.2173,0.2151,0.2154,180945.8163
2025-12-05 04:00:00,0.2155,0.2159,0.2132,0.2144,438209.3584
2025-12-05 05:00:00,0.2144,0.2151,0.2137,0.2142,238090.7082
2025-12-05 06:00:00,0.2144,0.2157,0.2144,0.2153,161825.7051
2025-12-05 07:00:00,0.2155,0.2172,0.2153,0.2167,281197.278
2025-12-05 08:00:00,0.2166,0.2167,0.215,0.2159,319859.0687
2025-12-05 09:00:00,0.2159,0.2159,0.2119,0.2126,858206.0662
2025-12-05 10:00:00,0.2125,0.2148,0.2122,0.2134,1411235.0521
2025-12-05 11:00:00,0.2135,0.2141,0.2113,0.2122,1197556.9995
2025-12-05 12:00:00,0.212,0.212,0.2107,0.2111,558625.1362
2025-12-05 13:00:00,0.211,0.2124,0.2082,0.2084,1225760.9309
2025-12-05 14:00:00,0.2084,0.2094,0.207,0.2077,707331.0036
2025-12-05 15:00:00,0.2077,0.2127,0.2077,0.2088,1597564.6034
2025-12-05 16:00:00,0.2089,0.2091,0.2002,0.2022,2073181.2869
2025-12-05 17:00:00,0.2021,0.2032,0.2002,0.2024,935210.2507
2025-12-05 18:00:00,0.2023,0.2039,0.1996,0.1998,778474.6913
2025-12-05 19:00:00,0.1998,0.2028,0.1983,0.2021,889563.3663
2025-12-05 20:00:00,0.202,0.2029,0.201,0.2017,310226.8892
2025-12-05 21:00:00,0.2014,0.2027,0.2014,0.2019,509869.2613
2025-12-05 22:00:00,0.202,0.2027,0.2007,0.2021,495403.8913
2025-12-05 23:00:00,0.202,0.2028,0.2008,0.2026,107944.2502
2025-12-06 00:00:00,0.2024,0.2027,0.2012,0.2025,188159.0861
2025-12-06 01:00:00,0.2024,0.2024,0.2007,0.2009,335237.9159
2025-12-06 02:00:00,0.2009,0.2023,0.1994,0.2021,1664025.4547
2025-12-06 03:00:00,0.2021,0.2035,0.2021,0.2032,270158.2421
2025-12-06 04:00:00,0.2033,0.2033,0.2021,0.2026,137895.0049
2025-12-06 05:00:00,0.2027,0.2034,0.2023,0.2033,191511.3185
2025-12-06 06:00:00,0.2032,0.2043,0.2031,0.2032,134065.4068
2025-12-06 07:00:00,0.2032,0.2033,0.2022,0.2029,147837.662
2025-12-06 08:00:00,0.2027,0.2031,0.2014,0.2016,183637.6138
2025-12-06 09:00:00,0.2016,0.2036,0.2016,0.2031,347449.9671
2025-12-06 10:00:00,0.203,0.2036,0.2015,0.2017,274532.4964
2025-12-06 11:00:00,0.2017,0.2025,0.2015,0.2021,301977.4624
2025-12-06 12:00:00,0.2021,0.2034,0.202,0.2026,267765.5202
2025-12-06 13:00:00,0.2026,0.2041,0.2024,0.2038,297319.0367
2025-12-06 14:00:00,0.2037,0.2068,0.2034,0.2062,1299671.4766
2025-12-06 15:00:00,0.2064,0.2064,0.2043,0.205,633804.2677
2025-12-06 16:00:00,0.205,0.2078,0.205,0.2072,434018.7477
2025-12-06 17:00:00,0.2071,0.208,0.2065,0.2079,433552.4164
2025-12-06 18:00:00,0.208,0.2094,0.2078,0.2085,506328.4148
2025-12-06 19:00:00,0.2085,0.2089,0.2057,0.206,1093105.3717
2025-12-06 20:00:00,0.2063,0.2072,0.2061,0.2072,93899.4438
2025-12-06 21:00:00,0.2071,0.2095,0.207,0.2081,542783.5689
2025-12-06 22:00:00,0.2082,0.209,0.2069,0.2073,403711.1933
2025-12-06 23:00:00,0.2073,0.2076,0.2062,0.207,177015.6416
2025-12-07 00:00:00,0.2074,0.21,0.2074,0.2095,613304.1618
2025-12-07 01:00:00,0.2094,0.2094,0.2082,0.2083,313913.3391
2025-12-07 02:00:00,0.2083,0.2095,0.2083,0.2093,114530.137
2025-12-07 03:00:00,0.2093,0.2098,0.2091,0.2096,180159.7811
2025-12-07 04:00:00,0.2095,0.2099,0.2087,0.2088,196928.189
2025-12-07 05:00:00,0.2088,0.2106,0.2088,0.2101,197423.8407
2025-12-07 06:00:00,0.21,0.2111,0.2099,0.2108,402897.4963
2025-12-07 07:00:00,0.2108,0.2109,0.2078,0.2083,1079400.6758
2025-12-07 08:00:00,0.2082,0.2083,0.2069,0.2074,288376.5935
2025-12-07 09:00:00,0.2073,0.2076,0.2058,0.2062,512505.6297
2025-12-07 10:00:00,0.206,0.2073,0.2059,0.2066,148812.9445
2025-12-07 11:00:00,0.2067,0.2071,0.2062,0.2065,242595.9235
2025-12-07 12:00:00,0.2065,0.208,0.2064,0.2077,196253.0357
2025-12-07 13:00:00,0.2078,0.2081,0.2054,0.2059,320497.3051
2025-12-07 14:00:00,0.2055,0.2058,0.1987,0.1989,3335495.5556
2025-12-07 15:00:00,0.1989,0.2068,0.1988,0.2063,1753762.6864
2025-12-07 16:00:00,0.2063,0.2063,0.2032,0.2052,1259308.6772
2025-12-07 17:00:00,0.2053,0.2119,0.2041,0.2106,2353142.9898
2025-12-07 18:00:00,0.2108,0.2127,0.2108,0.2117,895452.1545
2025-12-07 19:00:00,0.212,0.212,0.2103,0.2118,522253.67
2025-12-07 20:00:00,0.212,0.2133,0.2116,0.2133,636238.1829
2025-12-07 21:00:00,0.2132,0.2132,0.2062,0.2076,1054268.3935
2025-12-07 22:00:00,0.2074,0.2074,0.2015,0.2036,1903380.4883
2025-12-07 23:00:00,0.2037,0.2044,0.2026,0.2042,328693.8427
2025-12-08 00:00:00,0.2042,0.2051,0.2031,0.2032,211762.9728
2025-12-08 01:00:00,0.2032,0.2087,0.2032,0.2059,682169.8866
2025-12-08 02:00:00,0.2058,0.2081,0.2054,0.208,274686.0151
2025-12-08 03:00:00,0.2082,0.2093,0.2076,0.2084,426616.8915
2025-12-08 04:00:00,0.2084,0.2115,0.2084,0.2099,467640.5825
2025-12-08 05:00:00,0.21,0.2104,0.2089,0.2097,195909.1814
2025-12-08 06:00:00,0.2097,0.2122,0.2093,0.2113,370580.905
2025-12-08 07:00:00,0.2113,0.2126,0.2109,0.2122,416852.3156
2025-12-08 08:00:00,0.2121,0.2128,0.2113,0.2124,221507.5372
2025-12-08 09:00:00,0.2124,0.2161,0.2124,0.2135,588167.0332
2025-12-08 10:00:00,0.2137,0.214,0.2129,0.2132,252010.2108
2025-12-08 11:00:00,0.2133,0.2133,0.2108,0.2115,416354.9603
2025-12-08 12:00:00,0.2116,0.2123,0.2108,0.2122,392212.0121
2025-12-08 13:00:00,0.2122,0.2136,0.2119,0.2123,732766.0549
2025-12-08 14:00:00,0.2125,0.2162,0.2117,0.2131,1617337.3459
2025-12-08 15:00:00,0.2132,0.2141,0.21,0.2118,1168979.5354
2025-12-08 16:00:00,0.2117,0.2158,0.2104,0.2134,1817965.665
2025-12-08 17:00:00,0.2134,0.2148,0.2111,0.2135,939492.1395
2025-12-08 18:00:00,0.2136,0.214,0.2092,0.2102,1153269.3533
2025-12-08 19:00:00,0.2101,0.2117,0.2098,0.2106,314904.0702
2025-12-08 20:00:00,0.2107,0.2134,0.2107,0.2126,288522.0625
2025-12-08 21:00:00,0.2128,0.2146,0.2122,0.2143,512083.7314
2025-12-08 22:00:00,0.2145,0.2146,0.2122,0.2129,512970.8144
2025-12-08 23:00:00,0.2131,0.2133,0.2115,0.2125,188397.287
2025-12-09 00:00:00,0.2125,0.2141,0.2118,0.2121,257834.7756
2025-12-09 01:00:00,0.212,0.2124,0.2099,0.2107,358897.2281
2025-12-09 02:00:00,0.2106,0.2123,0.2103,0.2108,488246.5165
2025-12-09 03:00:00,0.2108,0.2131,0.2096,0.2129,475705.5432
2025-12-09 04:00:00,0.2128,0.2128,0.21,0.2102,263262.5887
2025-12-09 05:00:00,0.2103,0.2118,0.209,0.2107,315883.6133
2025-12-09 06:00:00,0.2106,0.2116,0.2096,0.2114,312785.451
2025-12-09 07:00:00,0.2116,0.2137,0.2113,0.2134,255651.9039
2025-12-09 08:00:00,0.2133,0.2158,0.2131,0.2146,1017698.8841
2025-12-09 09:00:00,0.2145,0.2145,0.2121,0.2128,417310.0148
2025-12-09 10:00:00,0.2128,0.2159,0.2128,0.2148,1609984.7726
2025-12-09 11:00:00,0.2149,0.2157,0.2138,0.2143,850554.4968
2025-12-09 12:00:00,0.2143,0.2163,0.2136,0.2156,371440.5112
2025-12-09 13:00:00,0.2156,0.2166,0.2139,0.2148,539044.1885
2025-12-09 14:00:00,0.2148,0.2156,0.2129,0.2141,850580.3386
2025-12-09 15:00:00,0.2142,0.2224,0.2141,0.222,2596231.7378
2025-12-09 16:00:00,0.2224,0.2294,0.2224,0.229,2966318.7709
2025-12-09 17:00:00,0.2293,0.2303,0.2269,0.2289,1337934.0302
2025-12-09 18:00:00,0.2289,0.2292,0.2264,0.2272,750207.6082
2025-12-09 19:00:00,0.2274,0.2274,0.2253,0.2265,649382.9039
2025-12-09 20:00:00,0.2265,0.2266,0.2222,0.2236,741522.9713
2025-12-09 21:00:00,0.2238,0.224,0.2198,0.2214,409699.5377
2025-12-09 22:00:00,0.2217,0.2244,0.2213,0.2235,502895.1085
2025-12-09 23:00:00,0.2234,0.2237,0.2224,0.2224,332250.1706
2025-12-10 00:00:00,0.2226,0.2235,0.221,0.221,338071.2833
2025-12-10 01:00:00,0.221,0.2213,0.2195,0.2202,419845.0537
2025-12-10 02:00:00,0.2201,0.2207,0.2192,0.2199,210147.4534
2025-12-10 03:00:00,0.2201,0.2204,0.2189,0.2195,211743.5281
2025-12-10 04:00:00,0.2194,0.2202,0.219,0.2196,299546.2028
2025-12-10 05:00:00,0.2196,0.2204,0.2193,0.2195,498607.9372
2025-12-10 06:00:00,0.2197,0.2197,0.2186,0.2189,157440.0533
2025-12-10 07:00:00,0.2189,0.2189,0.2175,0.2183,391338.002
2025-12-10 08:00:00,0.2183,0.2184,0.217,0.2174,315785.631
2025-12-10 09:00:00,0.2172,0.2193,0.2164,0.2193,242845.0335
2025-12-10 10:00:00,0.2192,0.2207,0.2163,0.2168,674516.6745
2025-12-10 11:00:00,0.2167,0.2172,0.2155,0.2168,520975.7794
2025-12-10 12:00:00,0.2166,0.2169,0.2156,0.2167,227178.5108
2025-12-10 13:00:00,0.2166,0.2185,0.2164,0.2178,482636.5152
2025-12-10 14:00:00,0.218,0.2184,0.2168,0.2178,466898.4125
2025-12-10 15:00:00,0.2177,0.2192,0.2165,0.2172,1538546.3191
2025-12-10 16:00:00,0.2174,0.2202,0.2169,0.2191,486131.2301
2025-12-10 17:00:00,0.219,0.2218,0.2189,0.2197,854083.7056
2025-12-10 18:00:00,0.2198,0.2247,0.2191,0.2215,1057377.7846
2025-12-10 19:00:00,0.2215,0.226,0.219,0.2245,4259410.8971
2025-12-10 20:00:00,0.225,0.2298,0.222,0.2225,2752025.3508
2025-12-10 21:00:00,0.2225,0.2237,0.2184,0.2187,739547.3095
2025-12-10 22:00:00,0.2187,0.2198,0.2159,0.2193,757981.2198
2025-12-10 23:00:00,0.2191,0.2193,0.2162,0.2162,177249.3019
2025-12-11 00:00:00,0.2163,0.2165,0.211,0.2116,948853.9007
2025-12-11 01:00:00,0.2113,0.2117,0.2086,0.2086,665998.0375
2025-12-11 02:00:00,0.2086,0.2087,0.2057,0.2066,1326345.6101
2025-12-11 03:00:00,0.2065,0.2065,0.2038,0.2042,715908.2812
2025-12-11 04:00:00,0.2041,0.2079,0.2033,0.2075,1282346.8391
2025-12-11 05:00:00,0.2075,0.2078,0.2061,0.2076,383084.6665
2025-12-11 06:00:00,0.2075,0.2082,0.2065,0.2071,212395.2612
2025-12-11 07:00:00,0.2071,0.2074,0.2059,0.206,277602.0924
2025-12-11 08:00:00,0.2062,0.2062,0.2043,0.2053,405902.95
2025-12-11 09:00:00,0.2052,0.2061,0.205,0.2054,340434.4786
2025-12-11 10:00:00,0.2056,0.206,0.2048,0.2058,275549.0501
2025-12-11 11:00:00,0.2057,0.2064,0.2054,0.2059,220971.3602
2025-12-11 12:00:00,0.2058,0.2075,0.2056,0.207,545717.4558
2025-12-11 13:00:00,0.207,0.208,0.207,0.2075,301169.7187
2025-12-11 14:00:00,0.2077,0.2078,0.2045,0.2057,1091126.4766
2025-12-11 15:00:00,0.2056,0.2084,0.2043,0.2051,605460.14
2025-12-11 16:00:00,0.2049,0.2055,0.2026,0.2036,540704.4516
2025-12-11 17:00:00,0.2038,0.2061,0.2032,0.2047,418890.4695
2025-12-11 18:00:00,0.2046,0.208,0.2046,0.2063,744212.0817
2025-12-11 19:00:00,0.2062,0.209,0.206,0.2065,1420416.396
2025-12-11 20:00:00,0.2066,0.2099,0.2066,0.2096,728224.9582
2025-12-11 21:00:00,0.21,0.2151,0.2094,0.2129,1175684.8368
2025-12-11 22:00:00,0.2129,0.2137,0.2108,0.2117,791954.627
2025-12-11 23:00:00,0.2117,0.2127,0.2105,0.2125,180351.1276
2025-12-12 00:00:00,0.2126,0.2166,0.2098,0.2099,3249985.0174
2025-12-12 01:00:00,0.2101,0.212,0.2099,0.2106,568079.351
2025-12-12 02:00:00,0.2107,0.2128,0.2103,0.2124,293301.3571
2025-12-12 03:00:00,0.2125,0.2131,0.2111,0.212,161009.3832
2025-12-12 04:00:00,0.212,0.2121,0.2111,0.2114,106024.6783
2025-12-12 05:00:00,0.2116,0.214,0.2114,0.214,199870.8956
2025-12-12 06:00:00,0.2141,0.2166,0.2141,0.2147,783929.8888
2025-12-12 07:00:00,0.2147,0.2147,0.2133,0.2135,302059.2995
2025-12-12 08:00:00,0.2136,0.2141,0.2126,0.214,306968.8984
2025-12-12 09:00:00,0.2141,0.2158,0.2132,0.2157,273170.1289
2025-12-12 10:00:00,0.2156,0.2163,0.2147,0.2148,439062.5087
2025-12-12 11:00:00,0.2147,0.2149,0.214,0.2145,290965.0917
2025-12-12 12:00:00,0.2143,0.2151,0.2137,0.2148,561670.8212
2025-12-12 13:00:00,0.2147,0.2159,0.2143,0.2152,963417.4342
2025-12-12 14:00:00,0.2152,0.2158,0.2131,0.2138,1060161.3817
2025-12-12 15:00:00,0.2137,0.2137,0.2005,0.2019,2443289.9355
2025-12-12 16:00:00,0.2016,0.2024,0.1977,0.1997,2324817.7344
2025-12-12 17:00:00,0.1996,0.2027,0.1996,0.2009,937585.7022
2025-12-12 18:00:00,0.2009,0.2042,0.2007,0.2026,699842.5018
2025-12-12 19:00:00,0.2028,0.2028,0.2012,0.2021,1283801.296
2025-12-12 20:00:00,0.2021,0.2026,0.2008,0.2018,1680110.3706
2025-12-12 21:00:00,0.2017,0.2048,0.2017,0.2038,362194.5846
2025-12-12 22:00:00,0.2039,0.2061,0.2037,0.2056,545147.9442
2025-12-12 23:00:00,0.2057,0.2061,0.2053,0.2057,133287.1131
2025-12-13 00:00:00,0.2058,0.2071,0.2058,0.2064,416239.5442
2025-12-13 01:00:00,0.2064,0.2069,0.2057,0.2059,187688.797
2025-12-13 02:00:00,0.206,0.2064,0.2057,0.2063,203272.2169
2025-12-13 03:00:00,0.2062,0.2078,0.206,0.2072,253362.1024
2025-12-13 04:00:00,0.2073,0.2081,0.2068,0.2077,312957.6284
2025-12-13 05:00:00,0.2078,0.2084,0.2072,0.2075,212894.1719
2025-12-13 06:00:00,0.2073,0.2073,0.2063,0.2065,286452.737
2025-12-13 07:00:00,0.2066,0.2083,0.2066,0.2081,202788.3972
2025-12-13 08:00:00,0.2081,0.2099,0.2079,0.2086,317281.228
2025-12-13 09:00:00,0.2086,0.2091,0.2081,0.2091,81200.1444
2025-12-13 10:00:00,0.209,0.2108,0.2089,0.2105,377997.0286
2025-12-13 11:00:00,0.2106,0.2108,0.2096,0.2102,132411.8225
2025-12-13 12:00:00,0.2102,0.2108,0.2089,0.2099,511874.2148
2025-12-13 13:00:00,0.2101,0.2105,0.2095,0.2098,241103.0367
2025-12-13 14:00:00,0.2099,0.2102,0.2087,0.2095,260928.7779
2025-12-13 15:00:00,0.2095,0.2117,0.2095,0.2117,268983.0713
2025-12-13 16:00:00,0.2116,0.2133,0.2115,0.2127,474773.2367
2025-12-13 17:00:00,0.213,0.2146,0.2125,0.2139,650520.9619
2025-12-13 18:00:00,0.2138,0.2162,0.2133,0.2151,673818.7203
2025-12-13 19:00:00,0.2152,0.2154,0.2137,0.2146,533507.2003
2025-12-13 20:00:00,0.2147,0.2185,0.2147,0.2171,1038268.9171
2025-12-13 21:00:00,0.2171,0.2175,0.2144,0.2157,560931.8219
2025-12-13 22:00:00,0.2158,0.2162,0.2143,0.2145,391021.55
2025-12-13 23:00:00,0.2146,0.2154,0.2139,0.2154,267587.8795
2025-12-14 00:00:00,0.2152,0.2166,0.2144,0.2164,476004.7331
2025-12-14 01:00:00,0.2164,0.2168,0.2158,0.2162,169888.9641
2025-12-14 02:00:00,0.2163,0.2182,0.2161,0.2179,716336.565
2025-12-14 03:00:00,0.218,0.2183,0.2153,0.2153,285726.1206
2025-12-14 04:00:00,0.2155,0.2157,0.2138,0.2145,646372.731
2025-12-14 05:00:00,0.2145,0.2146,0.2135,0.2145,326307.0935
2025-12-14 06:00:00,0.2144,0.2144,0.2123,0.2131,695072.0358
2025-12-14 07:00:00,0.2131,0.214,0.2127,0.2136,314491.0479
2025-12-14 08:00:00,0.2136,0.2144,0.2125,0.2125,437647.7493
2025-12-14 09:00:00,0.2126,0.2127,0.2121,0.2122,173586.7419
2025-12-14 10:00:00,0.2121,0.2126,0.2104,0.2108,1201773.2337
2025-12-14 11:00:00,0.2105,0.2109,0.2073,0.2099,636140.4583
2025-12-14 12:00:00,0.2098,0.211,0.2085,0.2101,491376.0011
2025-12-14 13:00:00,0.21,0.2101,0.2084,0.21,180769.7517
2025-12-14 14:00:00,0.2102,0.2106,0.2071,0.2078,143154.2582
2025-12-14 15:00:00,0.2078,0.2084,0.2068,0.2077,264460.3672
2025-12-14 16:00:00,0.2075,0.2091,0.2064,0.2075,467276.242
2025-12-14 17:00:00,0.2074,0.2079,0.2044,0.2045,382871.4525
2025-12-14 18:00:00,0.2044,0.2062,0.2041,0.2061,128521.2576
2025-12-14 19:00:00,0.206,0.206,0.2037,0.2046,151703.0898
2025-12-14 20:00:00,0.2046,0.2062,0.2034,0.2047,954874.463
2025-12-14 21:00:00,0.2047,0.2052,0.2033,0.2036,139754.4422
2025-12-14 22:00:00,0.2037,0.2047,0.2027,0.2044,234940.4446
2025-12-14 23:00:00,0.2045,0.2057,0.2017,0.2045,944748.6166
2025-12-15 00:00:00,0.2046,0.2067,0.2039,0.206,733054.7621
2025-12-15 01:00:00,0.206,0.2096,0.2055,0.2086,573563.889
2025-12-15 02:00:00,0.2088,0.2119,0.2083,0.2084,381191.3829
2025-12-15 03:00:00,0.2083,0.2088,0.2073,0.2073,219174.5988
2025-12-15 04:00:00,0.2075,0.2083,0.207,0.2081,292715.02
2025-12-15 05:00:00,0.2082,0.2098,0.2079,0.2098,168369.2313
2025-12-15 06:00:00,0.2099,0.21,0.2078,0.209,959724.134
2025-12-15 07:00:00,0.2092,0.2095,0.2075,0.2083,252465.9901
2025-12-15 08:00:00,0.2082,0.2089,0.2077,0.2082,310921.1242
2025-12-15 09:00:00,0.2082,0.2101,0.2082,0.2094,249786.9176
2025-12-15 10:00:00,0.2096,0.2116,0.2093,0.2114,572448.7908
2025-12-15 11:00:00,0.2113,0.2127,0.2107,0.2116,759938.9183
2025-12-15 12:00:00,0.2117,0.2154,0.2112,0.2152,1090904.912
2025-12-15 13:00:00,0.2152,0.2152,0.2116,0.2121,834017.7099
2025-12-15 14:00:00,0.2119,0.2151,0.2058,0.2081,1841698.5195
2025-12-15 15:00:00,0.2078,0.2078,0.1979,0.1991,2684375.6728
2025-12-15 16:00:00,0.1989,0.1992,0.1949,0.1963,1603414.1451
2025-12-15 17:00:00,0.1963,0.1967,0.1925,0.1926,1208844.7157
2025-12-15 18:00:00,0.1925,0.1943,0.1901,0.1942,939556.7335
2025-12-15 19:00:00,0.1943,0.1975,0.194,0.1964,681524.5668
2025-12-15 20:00:00,0.1963,0.1963,0.1932,0.1939,802168.7041
2025-12-15 21:00:00,0.1939,0.1959,0.1936,0.1954,505677.9796
2025-12-15 22:00:00,0.1955,0.1957,0.1939,0.1957,647092.3984
2025-12-15 23:00:00,0.1957,0.1974,0.1956,0.1972,310406.3798
2025-12-16 00:00:00,0.1972,0.1978,0.1931,0.1932,425363.4052
2025-12-16 01:00:00,0.1932,0.194,0.1925,0.1935,424503.2835
2025-12-16 02:00:00,0.1935,0.1958,0.1927,0.1954,439318.9124
2025-12-16 03:00:00,0.1954,0.1963,0.1942,0.1958,363521.5249
2025-12-16 04:00:00,0.1961,0.1963,0.1913,0.1939,1065951.997
2025-12-16 05:00:00,0.1938,0.1942,0.193,0.194,307506.0514
2025-12-16 06:00:00,0.194,0.195,0.1939,0.1947,147388.8936
2025-12-16 07:00:00,0.1947,0.1949,0.1916,0.1924,248035.2352
2025-12-16 08:00:00,0.1924,0.1944,0.1922,0.1935,383224.265
2025-12-16 09:00:00,0.1933,0.1938,0.1929,0.1936,105932.94
2025-12-16 10:00:00,0.1933,0.1993,0.1933,0.1983,462219.8964
2025-12-16 11:00:00,0.1985,0.2008,0.1978,0.1996,988981.2354
2025-12-16 12:00:00,0.1995,0.1999,0.1976,0.1979,592730.9527
2025-12-16 13:00:00,0.1978,0.2004,0.195,0.195,1166694.7016
2025-12-16 14:00:00,0.1951,0.1996,0.1935,0.1975,1219688.0581
2025-12-16 15:00:00,0.1977,0.2019,0.1961,0.2014,1416059.4958
2025-12-16 16:00:00,0.2013,0.203,0.2001,0.2023,953921.1635
2025-12-16 17:00:00,0.2024,0.2042,0.1998,0.2,1004025.1285
2025-12-16 18:00:00,0.2,0.203,0.1991,0.2017,495291.3797
2025-12-16 19:00:00,0.2016,0.2017,0.1987,0.2006,346511.0381
2025-12-16 20:00:00,0.2006,0.2016,0.2001,0.2005,255391.4137
2025-12-16 21:00:00,0.2005,0.2013,0.2001,0.2003,235503.6569
2025-12-16 22:00:00,0.2004,0.2009,0.1995,0.2,188296.3958
2025-12-16 23:00:00,0.1998,0.2005,0.1995,0.2004,172489.5221
2025-12-17 00:00:00,0.2,0.2,0.1984,0.199,253496.8518
2025-12-17 01:00:00,0.199,0.201,0.1986,0.199,439486.5978
2025-12-17 02:00:00,0.199,0.1997,0.1977,0.1994,266087.5736
2025-12-17 03:00:00,0.1997,0.2003,0.1986,0.1987,152444.5953
2025-12-17 04:00:00,0.1988,0.1991,0.1975,0.1979,101248.6517
2025-12-17 05:00:00,0.1979,0.1985,0.1964,0.1981,340180.2268
2025-12-17 06:00:00,0.1981,0.1989,0.1979,0.1979,257835.5647
2025-12-17 07:00:00,0.198,0.1984,0.1971,0.1976,284196.3176
2025-12-17 08:00:00,0.1975,0.1976,0.1959,0.1961,248613.1126
2025-12-17 09:00:00,0.1961,0.1964,0.1951,0.1955,346118.343
2025-12-17 10:00:00,0.1954,0.1959,0.1946,0.1951,226311.6447
2025-12-17 11:00:00,0.1952,0.1963,0.195,0.196,96384.296
2025-12-17 12:00:00,0.196,0.1965,0.1953,0.1958,443073.4442
2025-12-17 13:00:00,0.1958,0.198,0.1949,0.1975,531910.1594
2025-12-17 14:00:00,0.1976,0.2018,0.1927,0.2016,1952667.6739
2025-12-17 15:00:00,0.2016,0.2047,0.1933,0.1939,4061806.6458
2025-12-17 16:00:00,0.1938,0.1956,0.1881,0.1909,2383653.3805
2025-12-17 17:00:00,0.1908,0.1917,0.1867,0.187,2358138.1392
2025-12-17 18:00:00,0.187,0.1886,0.1843,0.1847,1651205.7895
2025-12-17 19:00:00,0.1849,0.1866,0.1833,0.1866,797433.4836
2025-12-17 20:00:00,0.1866,0.1885,0.1855,0.1859,697706.2715
2025-12-17 21:00:00,0.1858,0.1864,0.1832,0.1836,720869.0295
2025-12-17 22:00:00,0.1837,0.1846,0.1824,0.1844,762284.0812
2025-12-17 23:00:00,0.1843,0.1848,0.1832,0.1847,358833.6703
2025-12-18 00:00:00,0.1848,0.185,0.1834,0.184,326914.2106
2025-12-18 01:00:00,0.1835,0.1836,0.1822,0.1831,573073.8135
2025-12-18 02:00:00,0.1831,0.185,0.1824,0.1839,348844.4112
2025-12-18 03:00:00,0.1838,0.1842,0.1818,0.1824,574082.797
2025-12-18 04:00:00,0.1824,0.1835,0.1823,0.1826,467352.8284
2025-12-18 05:00:00,0.1825,0.1825,0.1797,0.1805,1085246.7567
2025-12-18 06:00:00,0.1804,0.182,0.1802,0.1818,286051.4226
2025-12-18 07:00:00,0.1819,0.1827,0.1814,0.1816,298093.9022
2025-12-18 08:00:00,0.1818,0.1843,0.1817,0.1831,568738.2427
2025-12-18 09:00:00,0.1829,0.1835,0.1822,0.1827,379831.9091
2025-12-18 10:00:00,0.1828,0.184,0.1824,0.1838,223715.7451
2025-12-18 11:00:00,0.1838,0.1839,0.1827,0.1836,269749.3758
2025-12-18 12:00:00,0.1836,0.1852,0.1835,0.1846,897003.2836
2025-12-18 13:00:00,0.1847,0.1923,0.1847,0.1919,2958570.3809
2025-12-18 14:00:00,0.1922,0.1939,0.1873,0.1885,1845352.6487
2025-12-18 15:00:00,0.1885,0.1919,0.1862,0.1899,865238.0939
2025-12-18 16:00:00,0.1899,0.1901,0.1878,0.1884,404111.6146
2025-12-18 17:00:00,0.1882,0.1882,0.1756,0.1793,4258975.6097
2025-12-18 18:00:00,0.1793,0.1813,0.1761,0.1764,1051856.0372
2025-12-18 19:00:00,0.1764,0.177,0.1721,0.1724,1240473.2577
2025-12-18 20:00:00,0.1723,0.1747,0.1723,0.1734,502549.7037
2025-12-18 21:00:00,0.1736,0.1774,0.1736,0.1773,1047492.3768
2025-12-18 22:00:00,0.1774,0.178,0.1764,0.1769,503955.9627
2025-12-18 23:00:00,0.1768,0.1769,0.1757,0.1759,259746.2414
2025-12-19 00:00:00,0.176,0.1765,0.1742,0.175,430347.5574
2025-12-19 01:00:00,0.175,0.1751,0.1734,0.1742,556692.961
2025-12-19 02:00:00,0.1741,0.1758,0.1737,0.1754,508196.1251
2025-12-19 03:00:00,0.1755,0.1823,0.1755,0.1807,1892793.3589
2025-12-19 04:00:00,0.1807,0.1821,0.1807,0.1809,611810.9018
2025-12-19 05:00:00,0.1809,0.181,0.1801,0.1808,307288.3058
2025-12-19 06:00:00,0.1807,0.183,0.1803,0.1827,412588.5256
2025-12-19 07:00:00,0.183,0.187,0.183,0.1849,604749.7462
2025-12-19 08:00:00,0.1849,0.1854,0.184,0.1851,581351.3453
2025-12-19 09:00:00,0.185,0.185,0.1841,0.1848,328437.7493
2025-12-19 10:00:00,0.1848,0.1852,0.1844,0.1846,383075.5921
2025-12-19 11:00:00,0.1845,0.1858,0.1842,0.1857,268592.1128
2025-12-19 12:00:00,0.1856,0.1868,0.1851,0.1864,432170.8546
2025-12-19 13:00:00,0.1865,0.1875,0.1859,0.1865,453804.5145
2025-12-19 14:00:00,0.1862,0.1909,0.1862,0.1893,1194693.4255
2025-12-19 15:00:00,0.1894,0.1935,0.1887,0.19,1754610.9257
2025-12-19 16:00:00,0.19,0.1941,0.1895,0.1906,847494.5834
2025-12-19 17:00:00,0.1906,0.1924,0.1869,0.1869,1081599.9649
2025-12-19 18:00:00,0.187,0.1901,0.1869,0.1899,674865.9655
2025-12-19 19:00:00,0.1899,0.1945,0.1899,0.1937,444323.0129
2025-12-19 20:00:00,0.1936,0.1952,0.1929,0.1937,540055.7664
2025-12-19 21:00:00,0.1935,0.1936,0.1921,0.1923,128018.5326
2025-12-19 22:00:00,0.1923,0.1942,0.1923,0.1938,284727.4349
2025-12-19 23:00:00,0.1937,0.1938,0.1924,0.1926,215373.2652
2025-12-20 00:00:00,0.1927,0.1927,0.1914,0.1916,392579.0561
2025-12-20 01:00:00,0.1917,0.1919,0.1909,0.1911,172124.541
2025-12-20 02:00:00,0.1913,0.1916,0.1908,0.191,112174.7634
2025-12-20 03:00:00,0.191,0.1913,0.1904,0.1909,212860.2162
2025-12-20 04:00:00,0.1908,0.1908,0.1894,0.1894,374260.6815
2025-12-20 05:00:00,0.1895,0.1901,0.1884,0.1892,1394991.8791
2025-12-20 06:00:00,0.1892,0.1898,0.1891,0.1895,82631.437
2025-12-20 07:00:00,0.1895,0.1921,0.1895,0.192,699354.3165
2025-12-20 08:00:00,0.192,0.1939,0.192,0.1921,397254.1368
2025-12-20 09:00:00,0.1921,0.1928,0.192,0.1924,113842.2768
2025-12-20 10:00:00,0.1924,0.1926,0.1906,0.1907,437354.4697
2025-12-20 11:00:00,0.1907,0.1925,0.1905,0.1925,164636.3402
2025-12-20 12:00:00,0.1925,0.1925,0.1913,0.1914,113080.6176
2025-12-20 13:00:00,0.1914,0.1916,0.1899,0.191,549848.7095
2025-12-20 14:00:00,0.1909,0.1917,0.1897,0.1916,318101.0439
2025-12-20 15:00:00,0.1917,0.1917,0.1903,0.1907,177330.4245
2025-12-20 16:00:00,0.1907,0.1908,0.1899,0.1902,61406.0858
2025-12-20 17:00:00,0.1905,0.1915,0.1902,0.1906,181190.8685
2025-12-20 18:00:00,0.1906,0.1908,0.19,0.1904,202833.4998
2025-12-20 19:00:00,0.1905,0.1905,0.1898,0.1898,72914.4286
2025-12-20 20:00:00,0.1898,0.1901,0.1894,0.1898,145500.2082
2025-12-20 21:00:00,0.1898,0.1904,0.1897,0.1898,135517.5468
2025-12-20 22:00:00,0.1899,0.1901,0.1891,0.1898,199914.4643
2025-12-20 23:00:00,0.1897,0.1899,0.1892,0.1898,545798.1862
2025-12-21 00:00:00,0.1898,0.1902,0.1892,0.1896,206035.0625
2025-12-21 01:00:00,0.1895,0.1897,0.1881,0.1882,334374.7587
2025-12-21 02:00:00,0.1882,0.1888,0.1872,0.1875,262540.8424
2025-12-21 03:00:00,0.1875,0.1889,0.1874,0.1883,300743.5436
2025-12-21 04:00:00,0.1884,0.1886,0.1881,0.1882,260093.7609
2025-12-21 05:00:00,0.1883,0.1895,0.1881,0.1893,126587.8004
2025-12-21 06:00:00,0.1894,0.19,0.189,0.1899,181696.5105
2025-12-21 07:00:00,0.1899,0.1905,0.1896,0.1901,639580.6713
2025-12-21 08:00:00,0.19,0.1914,0.1896,0.1905,868098.8928
2025-12-21 09:00:00,0.1907,0.1918,0.1898,0.1909,326117.5491
2025-12-21 10:00:00,0.1914,0.1917,0.189,0.1893,315171.1815
2025-12-21 11:00:00,0.1895,0.1895,0.1887,0.1892,145608.0647
2025-12-21 12:00:00,0.1891,0.1902,0.1877,0.1884,427009.3529
2025-12-21 13:00:00,0.1885,0.1885,0.1826,0.183,1084070.3155
2025-12-21 14:00:00,0.1828,0.1853,0.1828,0.1843,393966.4694
2025-12-21 15:00:00,0.1841,0.1851,0.1833,0.1846,619158.6671
2025-12-21 16:00:00,0.1846,0.1852,0.1835,0.1852,529090.4833
2025-12-21 17:00:00,0.1853,0.1865,0.1845,0.1846,707683.4586
2025-12-21 18:00:00,0.1847,0.185,0.1833,0.1849,427828.0326
2025-12-21 19:00:00,0.185,0.1858,0.1842,0.1856,154675.1999
2025-12-21 20:00:00,0.1856,0.1857,0.1844,0.1844,187800.8326
2025-12-21 21:00:00,0.1845,0.185,0.183,0.1833,425155.3817
2025-12-21 22:00:00,0.1833,0.1861,0.1829,0.1861,578692.8102
2025-12-21 23:00:00,0.1862,0.1875,0.185,0.186,384278.6764
2025-12-22 00:00:00,0.1862,0.1913,0.1862,0.1878,1218691.7363
2025-12-22 01:00:00,0.1878,0.1902,0.1875,0.1877,597514.8251
2025-12-22 02:00:00,0.1875,0.1876,0.1845,0.1868,690655.2355
2025-12-22 03:00:00,0.1867,0.1896,0.1864,0.1885,255160.5817
2025-12-22 04:00:00,0.1887,0.1901,0.1886,0.1898,366896.5677
2025-12-22 05:00:00,0.1899,0.1901,0.1887,0.1894,216698.4269
2025-12-22 06:00:00,0.1895,0.19,0.1889,0.1894,128615.565
2025-12-22 07:00:00,0.1892,0.191,0.1891,0.1902,260128.4688
2025-12-22 08:00:00,0.1903,0.193,0.19,0.1901,625899.4498
2025-12-22 09:00:00,0.1902,0.1904,0.1892,0.1899,150416.6682
2025-12-22 10:00:00,0.1901,0.1909,0.1896,0.1904,344474.6835
2025-12-22 11:00:00,0.1904,0.1915,0.1895,0.191,418839.1275
2025-12-22 12:00:00,0.191,0.1929,0.1905,0.191,316827.4793
2025-12-22 13:00:00,0.1911,0.1916,0.1895,0.1902,254817.7414
2025-12-22 14:00:00,0.1904,0.1921,0.1892,0.1908,525586.0287
2025-12-22 15:00:00,0.1911,0.1922,0.1883,0.1908,1363757.8748
2025-12-22 16:00:00,0.1909,0.1918,0.1902,0.1906,188990.7627
2025-12-22 17:00:00,0.1905,0.1908,0.1894,0.1905,228789.8303
2025-12-22 18:00:00,0.1906,0.1913,0.1897,0.1901,533620.172
2025-12-22 19:00:00,0.19,0.19,0.1857,0.1862,743178.4418
2025-12-22 20:00:00,0.186,0.1875,0.1847,0.1853,1479231.6472
2025-12-22 21:00:00,0.1853,0.1867,0.1852,0.186,460242.2798
2025-12-22 22:00:00,0.1859,0.1884,0.1854,0.1882,824453.2653
2025-12-22 23:00:00,0.1878,0.1881,0.1871,0.1874,112595.4603
2025-12-23 00:00:00,0.1874,0.1895,0.1873,0.1888,331895.2256
2025-12-23 01:00:00,0.1888,0.1889,0.1873,0.1875,82240.8829
2025-12-23 02:00:00,0.1875,0.1886,0.1858,0.186,506315.7298
2025-12-23 03:00:00,0.1859,0.1869,0.1849,0.1867,394132.2178
2025-12-23 04:00:00,0.1865,0.1868,0.1855,0.1855,168208.9146
2025-12-23 05:00:00,0.1856,0.1859,0.1842,0.1854,305887.8958
2025-12-23 06:00:00,0.1853,0.1858,0.1838,0.1848,868532.1037
2025-12-23 07:00:00,0.185,0.1853,0.1843,0.1849,161968.0356
2025-12-23 08:00:00,0.1849,0.1859,0.1842,0.1842,228278.1083
2025-12-23 09:00:00,0.1843,0.1851,0.1839,0.1848,329906.0911
2025-12-23 10:00:00,0.1848,0.1859,0.1848,0.1857,168755.7918
2025-12-23 11:00:00,0.1857,0.1864,0.1856,0.1857,293317.2962
2025-12-23 12:00:00,0.1857,0.1857,0.184,0.1842,149171.1358
2025-12-23 13:00:00,0.1842,0.185,0.1825,0.1836,1314362.0793
2025-12-23 14:00:00,0.1834,0.1845,0.1806,0.1821,1320511.6868
2025-12-23 15:00:00,0.1821,0.1834,0.1816,0.1833,339083.8547
2025-12-23 16:00:00,0.1833,0.1871,0.183,0.1866,760984.8416
2025-12-23 17:00:00,0.1866,0.1875,0.1835,0.1839,514314.9634
2025-12-23 18:00:00,0.1839,0.1877,0.1838,0.187,1237626.2897
2025-12-23 19:00:00,0.1871,0.1873,0.1858,0.1861,155793.482
2025-12-23 20:00:00,0.1863,0.19,0.1861,0.1887,372343.7109
2025-12-23 21:00:00,0.1888,0.1895,0.1881,0.189,357735.2677
2025-12-23 22:00:00,0.1891,0.1898,0.1884,0.1888,627285.9143
2025-12-23 23:00:00,0.1887,0.1912,0.1886,0.191,552201.4194
2025-12-24 00:00:00,0.1911,0.1923,0.1906,0.1915,1764928.7039
2025-12-24 01:00:00,0.1916,0.1925,0.1891,0.1897,1196455.9865
2025-12-24 02:00:00,0.1897,0.1898,0.1866,0.1866,583832.4825
2025-12-24 03:00:00,0.1865,0.1875,0.1856,0.1871,126242.6775
2025-12-24 04:00:00,0.1875,0.1892,0.1862,0.1862,285135.1731
2025-12-24 05:00:00,0.1861,0.1871,0.1849,0.1851,512503.5695
2025-12-24 06:00:00,0.1851,0.1855,0.1844,0.1853,92495.4606
2025-12-24 07:00:00,0.1852,0.1867,0.1852,0.1853,331414.2316
2025-12-24 08:00:00,0.1852,0.1857,0.1837,0.184,1205140.2222
2025-12-24 09:00:00,0.1841,0.1848,0.184,0.184,317935.8291
2025-12-24 10:00:00,0.1839,0.1847,0.1838,0.184,266825.9299
2025-12-24 11:00:00,0.184,0.1851,0.184,0.1844,270357.5321
2025-12-24 12:00:00,0.1843,0.1856,0.1842,0.1854,495666.6086
2025-12-24 13:00:00,0.1853,0.1853,0.1834,0.1838,404561.5132
2025-12-24 14:00:00,0.1838,0.1852,0.1817,0.1837,521592.3787
2025-12-24 15:00:00,0.1838,0.1885,0.1837,0.1882,1238826.4296
2025-12-24 16:00:00,0.1881,0.19,0.1861,0.1888,1220768.2884
2025-12-24 17:00:00,0.1888,0.1893,0.1872,0.1874,488739.2573
2025-12-24 18:00:00,0.1876,0.1879,0.1867,0.1868,241715.3477
2025-12-24 19:00:00,0.1868,0.1877,0.1861,0.1873,308813.1138
2025-12-24 20:00:00,0.1876,0.1883,0.1872,0.1872,312013.6398
2025-12-24 21:00:00,0.1874,0.1878,0.187,0.1877,197954.2587
2025-12-24 22:00:00,0.1877,0.1891,0.1876,0.1883,304684.4627
2025-12-24 23:00:00,0.1884,0.1884,0.1874,0.1878,68742.7587
2025-12-25 00:00:00,0.1879,0.1881,0.1871,0.1872,438114.8074
2025-12-25 01:00:00,0.1874,0.1885,0.1874,0.1884,96147.1846
2025-12-25 02:00:00,0.1884,0.1903,0.188,0.1903,770896.1088
2025-12-25 03:00:00,0.1903,0.1904,0.1892,0.1898,641298.6305
2025-12-25 04:00:00,0.1898,0.1912,0.1897,0.1907,533376.2685
2025-12-25 05:00:00,0.1907,0.1909,0.19,0.1902,167381.1192
2025-12-25 06:00:00,0.1901,0.1915,0.1899,0.1913,237702.7389
2025-12-25 07:00:00,0.1913,0.1913,0.19,0.1906,284143.3106
2025-12-25 08:00:00,0.1908,0.1913,0.1892,0.1901,336860.6444
2025-12-25 09:00:00,0.1903,0.1903,0.1889,0.189,333354.6463
2025-12-25 10:00:00,0.189,0.189,0.1867,0.1871,917918.9345
2025-12-25 11:00:00,0.1871,0.1877,0.1863,0.1868,532862.1008
2025-12-25 12:00:00,0.1867,0.1885,0.1867,0.1885,258345.4856
2025-12-25 13:00:00,0.1883,0.1889,0.1875,0.1885,339495.1282
2025-12-25 14:00:00,0.1885,0.1887,0.1869,0.1872,155877.114
2025-12-25 15:00:00,0.1873,0.1909,0.187,0.19,637424.1017
2025-12-25 16:00:00,0.19,0.1912,0.1884,0.1887,1478397.2871
2025-12-25 17:00:00,0.1888,0.1893,0.1884,0.1891,214530.4379
2025-12-25 18:00:00,0.1893,0.1917,0.1893,0.1912,1129099.2864
2025-12-25 19:00:00,0.1912,0.1915,0.1904,0.1912,144618.694
2025-12-25 20:00:00,0.1914,0.1917,0.1905,0.1911,290759.4389
2025-12-25 21:00:00,0.1913,0.1913,0.1902,0.1906,201076.7613
2025-12-25 22:00:00,0.1906,0.1906,0.185,0.1863,1249948.8418
2025-12-25 23:00:00,0.1862,0.1873,0.1837,0.1844,680934.4583
2025-12-26 00:00:00,0.1844,0.1851,0.183,0.1845,962134.9983
2025-12-26 01:00:00,0.1844,0.1861,0.184,0.1859,390354.0679
2025-12-26 02:00:00,0.1858,0.1939,0.1857,0.1923,1340435.2491
2025-12-26 03:00:00,0.1927,0.193,0.1908,0.1915,364259.8692
2025-12-26 04:00:00,0.1912,0.1927,0.1903,0.1921,263140.6782
2025-12-26 05:00:00,0.1922,0.1928,0.1916,0.1927,282103.8632
2025-12-26 06:00:00,0.1929,0.1937,0.1921,0.1925,424471.685
2025-12-26 07:00:00,0.1924,0.1939,0.1901,0.1903,800817.7383
2025-12-26 08:00:00,0.1901,0.1912,0.19,0.1907,382115.1304
2025-12-26 09:00:00,0.1908,0.1913,0.1904,0.1913,267036.8474
2025-12-26 10:00:00,0.1913,0.1914,0.1907,0.191,90520.8965
2025-12-26 11:00:00,0.1911,0.1912,0.1905,0.191,124115.8244
2025-12-26 12:00:00,0.1911,0.1924,0.1909,0.1923,122508.6135
2025-12-26 13:00:00,0.1924,0.1926,0.1919,0.1922,176912.4861
2025-12-26 14:00:00,0.1923,0.1923,0.1877,0.1884,1257494.3771
2025-12-26 15:00:00,0.1881,0.1902,0.1866,0.1896,906275.5486
2025-12-26 16:00:00,0.1896,0.1904,0.1875,0.1875,971644.7458
2025-12-26 17:00:00,0.1878,0.1907,0.1875,0.1894,1060093.7058
2025-12-26 18:00:00,0.1896,0.1916,0.1894,0.1912,621182.7092
2025-12-26 19:00:00,0.1913,0.1923,0.191,0.192,481013.781
2025-12-26 20:00:00,0.192,0.1936,0.1917,0.1927,527626.8714
2025-12-26 21:00:00,0.1928,0.1929,0.1915,0.1915,197068.2876
2025-12-26 22:00:00,0.1916,0.1919,0.191,0.1917,372770.4358
2025-12-26 23:00:00,0.1919,0.1921,0.1914,0.1918,148868.1959
2025-12-27 00:00:00,0.1917,0.1929,0.1917,0.1926,362674.189
2025-12-27 01:00:00,0.1924,0.1936,0.192,0.1936,294274.8999
2025-12-27 02:00:00,0.1936,0.1945,0.1928,0.1943,679559.2822
2025-12-27 03:00:00,0.1943,0.1943,0.1929,0.1939,678687.5342
2025-12-27 04:00:00,0.1939,0.194,0.1928,0.1934,957087.6972
2025-12-27 05:00:00,0.1935,0.1942,0.193,0.1932,1221546.9011
2025-12-27 06:00:00,0.1932,0.1933,0.1921,0.1924,605521.1386
2025-12-27 07:00:00,0.1925,0.193,0.1919,0.192,450873.7538
2025-12-27 08:00:00,0.1922,0.1928,0.1921,0.1924,86227.8933
2025-12-27 09:00:00,0.1922,0.1927,0.1916,0.1917,103169.4244
2025-12-27 10:00:00,0.1917,0.1918,0.1904,0.1916,214178.1328
2025-12-27 11:00:00,0.1916,0.193,0.1916,0.193,739563.5209
2025-12-27 12:00:00,0.193,0.1932,0.1924,0.1928,129575.5201
2025-12-27 13:00:00,0.1928,0.193,0.1919,0.1921,128685.554
2025-12-27 14:00:00,0.1921,0.193,0.1921,0.193,159553.9256
2025-12-27 15:00:00,0.1931,0.1941,0.1928,0.194,189828.9591
2025-12-27 16:00:00,0.194,0.1945,0.1937,0.1937,324198.9701
2025-12-27 17:00:00,0.1936,0.1944,0.1936,0.1944,183247.002
2025-12-27 18:00:00,0.1942,0.1943,0.1931,0.1935,195733.1324
2025-12-27 19:00:00,0.1935,0.1938,0.1932,0.1937,228327.8515
2025-12-27 20:00:00,0.1938,0.1941,0.1932,0.1935,193021.6375
2025-12-27 21:00:00,0.1935,0.1955,0.1934,0.1951,176013.2517
2025-12-27 22:00:00,0.1951,0.1969,0.1943,0.195,810576.0587
2025-12-27 23:00:00,0.1949,0.1981,0.1949,0.1971,735647.542
2025-12-28 00:00:00,0.1972,0.1976,0.1963,0.1964,398928.5142
2025-12-28 01:00:00,0.1965,0.1969,0.1957,0.1965,158411.3438
2025-12-28 02:00:00,0.1965,0.1973,0.1965,0.1969,55378.7953
2025-12-28 03:00:00,0.1969,0.1974,0.1964,0.1973,504236.7075
2025-12-28 04:00:00,0.1972,0.1977,0.197,0.197,55682.6821
2025-12-28 05:00:00,0.1971,0.1977,0.1966,0.1972,367663.7205
2025-12-28 06:00:00,0.1972,0.1984,0.1967,0.1977,326755.552
2025-12-28 07:00:00,0.1979,0.1979,0.1972,0.1974,173203.8744
2025-12-28 08:00:00,0.1975,0.1982,0.1973,0.1978,106943.9146
2025-12-28 09:00:00,0.1977,0.1979,0.1966,0.1969,115293.2197
2025-12-28 10:00:00,0.197,0.198,0.197,0.1979,99298.6212
2025-12-28 11:00:00,0.198,0.1991,0.1969,0.1976,724790.4522
2025-12-28 12:00:00,0.1976,0.1978,0.1961,0.1964,222196.5876
2025-12-28 13:00:00,0.1965,0.1977,0.1964,0.197,218605.9333
2025-12-28 14:00:00,0.197,0.1981,0.197,0.1977,188836.4341
2025-12-28 15:00:00,0.1976,0.1983,0.1965,0.1967,433996.3441
2025-12-28 16:00:00,0.1967,0.1974,0.1961,0.1963,345817.8718
2025-12-28 17:00:00,0.1963,0.1973,0.196,0.196,198824.5521
2025-12-28 18:00:00,0.1962,0.1962,0.1934,0.1937,1224066.5367
2025-12-28 19:00:00,0.1937,0.1945,0.1927,0.1931,528613.0146
2025-12-28 20:00:00,0.1931,0.1938,0.1925,0.1932,242906.1456
2025-12-28 21:00:00,0.1932,0.1938,0.1929,0.1937,118034.3489
2025-12-28 22:00:00,0.1938,0.1951,0.1935,0.1947,158957.6316
2025-12-28 23:00:00,0.1947,0.1953,0.1938,0.195,499556.791
2025-12-29 00:00:00,0.195,0.1973,0.1946,0.1961,1189467.9091
2025-12-29 01:00:00,0.1962,0.1977,0.1944,0.1968,923278.3631
2025-12-29 02:00:00,0.1968,0.199,0.1958,0.1963,536420.946
2025-12-29 03:00:00,0.1966,0.1993,0.1965,0.1989,654316.9606
2025-12-29 04:00:00,0.1991,0.1998,0.1982,0.1984,514773.2021
2025-12-29 05:00:00,0.1984,0.1984,0.1971,0.1972,285575.536
2025-12-29 06:00:00,0.1973,0.1979,0.1965,0.1966,417795.2066
2025-12-29 07:00:00,0.1967,0.197,0.1951,0.1968,475597.2628
2025-12-29 08:00:00,0.1967,0.197,0.1955,0.1957,371040.5147
2025-12-29 09:00:00,0.1956,0.1958,0.1915,0.1929,1098822.5805
2025-12-29 10:00:00,0.1927,0.1941,0.1926,0.1931,281101.3883
2025-12-29 11:00:00,0.1934,0.1936,0.1927,0.1927,180435.7057
2025-12-29 12:00:00,0.1926,0.1928,0.189,0.1912,772845.6895
2025-12-29 13:00:00,0.1911,0.1914,0.1898,0.1902,124143.2761
2025-12-29 14:00:00,0.19,0.193,0.1891,0.1903,871528.0411
2025-12-29 15:00:00,0.1904,0.1928,0.1901,0.1915,526845.5003
2025-12-29 16:00:00,0.1914,0.1918,0.1903,0.191,271933.3636
2025-12-29 17:00:00,0.1909,0.1925,0.1901,0.1919,641664.0695
2025-12-29 18:00:00,0.192,0.1925,0.1904,0.1906,207314.466
2025-12-29 19:00:00,0.1906,0.1922,0.1902,0.1911,284353.2981
2025-12-29 20:00:00,0.1909,0.1918,0.1899,0.1905,683834.8016
2025-12-29 21:00:00,0.1905,0.1915,0.1904,0.1913,152501.6403
2025-12-29 22:00:00,0.1913,0.1913,0.1907,0.1908,202424.8906
2025-12-29 23:00:00,0.1908,0.191,0.1902,0.1903,116786.7848
2025-12-30 00:00:00,0.1905,0.1909,0.1895,0.1902,161549.1947
2025-12-30 01:00:00,0.1903,0.191,0.1895,0.1905,67981.5943
2025-12-30 02:00:00,0.1905,0.1909,0.1895,0.1899,48850.1644
2025-12-30 03:00:00,0.1899,0.191,0.1886,0.1909,100272.0588
2025-12-30 04:00:00,0.1907,0.1912,0.1903,0.1906,230957.4072
2025-12-30 05:00:00,0.1905,0.1905,0.1891,0.1901,135390.5966
2025-12-30 06:00:00,0.1902,0.1919,0.1901,0.1915,454713.9264
2025-12-30 07:00:00,0.1914,0.1919,0.1909,0.1909,88205.4709
2025-12-30 08:00:00,0.1915,0.1948,0.1915,0.1931,1168547.449
2025-12-30 09:00:00,0.193,0.1943,0.1928,0.1938,204103.3701
2025-12-30 10:00:00,0.194,0.1941,0.1929,0.193,197150.4873
2025-12-30 11:00:00,0.193,0.1939,0.193,0.1937,119072.3407
2025-12-30 12:00:00,0.1938,0.1942,0.1935,0.1936,150702.223
2025-12-30 13:00:00,0.1935,0.1945,0.1935,0.1938,211307.8307
2025-12-30 14:00:00,0.1937,0.1951,0.1912,0.194,986128.2835
2025-12-30 15:00:00,0.1941,0.1947,0.1922,0.1939,829070.7092
2025-12-30 16:00:00,0.1939,0.1949,0.1925,0.1931,336221.9745
2025-12-30 17:00:00,0.193,0.1933,0.1913,0.192,343228.9286
2025-12-30 18:00:00,0.1918,0.1924,0.1915,0.1918,97409.6156
2025-12-30 19:00:00,0.1917,0.1924,0.1904,0.1921,282072.2813
2025-12-30 20:00:00,0.1917,0.1917,0.1904,0.1904,63779.6109
2025-12-30 21:00:00,0.1904,0.191,0.1903,0.1906,161521.2117
2025-12-30 22:00:00,0.1906,0.1911,0.1901,0.1905,119939.1907
2025-12-30 23:00:00,0.1908,0.1911,0.1906,0.1909,81898.3921
2025-12-31 00:00:00,0.1907,0.1908,0.1898,0.1906,134324.1462
2025-12-31 01:00:00,0.1906,0.1928,0.1905,0.1921,215834.296
2025-12-31 02:00:00,0.192,0.1924,0.1915,0.1917,73254.2705
2025-12-31 03:00:00,0.1918,0.1921,0.1908,0.1911,79757.1986
2025-12-31 04:00:00,0.1911,0.1914,0.1908,0.1909,348349.4878
2025-12-31 05:00:00,0.191,0.1918,0.191,0.1914,84021.3056
2025-12-31 06:00:00,0.1914,0.1917,0.1912,0.1914,101503.0658
2025-12-31 07:00:00,0.1913,0.1914,0.1906,0.1914,143421.3512
2025-12-31 08:00:00,0.1913,0.1919,0.1902,0.1903,242271.2862
2025-12-31 09:00:00,0.1903,0.1908,0.1902,0.1906,281589.3759
2025-12-31 10:00:00,0.1905,0.1906,0.1896,0.1901,407966.5376
2025-12-31 11:00:00,0.1902,0.1917,0.1901,0.1915,305152.1997
2025-12-31 12:00:00,0.1914,0.1915,0.1896,0.19,449388.1709
2025-12-31 13:00:00,0.1899,0.191,0.1897,0.1908,150408.7235
2025-12-31 14:00:00,0.1908,0.1922,0.1896,0.1904,594098.3574
2025-12-31 15:00:00,0.1904,0.1907,0.1885,0.1892,489350.7227
2025-12-31 16:00:00,0.1893,0.1898,0.1843,0.1859,1955771.8906
2025-12-31 17:00:00,0.1858,0.1863,0.1846,0.1849,408346.165
2025-12-31 18:00:00,0.1848,0.1859,0.1839,0.1847,154596.9176
2025-12-31 19:00:00,0.1847,0.1864,0.1846,0.1854,271991.1602
2025-12-31 20:00:00,0.1855,0.1873,0.1843,0.1868,334834.7898
2025-12-31 21:00:00,0.1869,0.1882,0.1868,0.1877,175120.3705
2025-12-31 22:00:00,0.1879,0.188,0.187,0.1871,140904.4266
2025-12-31 23:00:00,0.187,0.1873,0.1868,0.1868,52094.331
2026-01-01 00:00:00,0.187,0.1883,0.1869,0.187,284598.8288
2026-01-01 01:00:00,0.187,0.188,0.1865,0.187,188663.4254
2026-01-01 02:00:00,0.1869,0.1877,0.1866,0.1872,144486.6914
2026-01-01 03:00:00,0.1871,0.1871,0.1859,0.186,71777.7645
2026-01-01 04:00:00,0.1861,0.1862,0.185,0.1856,184053.1719
2026-01-01 05:00:00,0.1857,0.187,0.1857,0.1868,171703.5939
2026-01-01 06:00:00,0.1867,0.1868,0.1859,0.1859,104671.001
2026-01-01 07:00:00,0.186,0.1869,0.186,0.1865,69121.4861
2026-01-01 08:00:00,0.1866,0.1868,0.1859,0.1866,194292.5138
2026-01-01 09:00:00,0.1867,0.1878,0.1867,0.1875,302995.6378
2026-01-01 10:00:00,0.1876,0.1887,0.1874,0.1886,310061.5098
2026-01-01 11:00:00,0.1884,0.1891,0.1883,0.189,264571.7193
2026-01-01 12:00:00,0.1891,0.1893,0.1881,0.1887,204660.6723
2026-01-01 13:00:00,0.1887,0.1908,0.1887,0.1908,326385.3244
2026-01-01 14:00:00,0.1908,0.1927,0.1907,0.1921,699973.3067
2026-01-01 15:00:00,0.1922,0.1959,0.192,0.1947,905150.7928
2026-01-01 16:00:00,0.1948,0.1958,0.1943,0.1956,587648.2325
2026-01-01 17:00:00,0.1957,0.1977,0.1955,0.1968,526102.5819
2026-01-01 18:00:00,0.1969,0.1972,0.1964,0.1966,318172.0139
2026-01-01 19:00:00,0.1967,0.1994,0.1967,0.1994,405861.3338
2026-01-01 20:00:00,0.1995,0.2003,0.1985,0.1994,690352.5357
2026-01-01 21:00:00,0.1995,0.1997,0.1986,0.1989,177587.117
2026-01-01 22:00:00,0.1989,0.2017,0.1989,0.2017,627952.2453
2026-01-01 23:00:00,0.2018,0.2023,0.2005,0.2013,424099.8925
2026-01-02 00:00:00,0.2014,0.2025,0.2004,0.2011,404849.1034
2026-01-02 01:00:00,0.2011,0.2017,0.2005,0.2009,352997.2357
2026-01-02 02:00:00,0.2008,0.2015,0.1998,0.2012,423304.4751
2026-01-02 03:00:00,0.2012,0.2037,0.2012,0.2027,831294.3414
2026-01-02 04:00:00,0.203,0.2031,0.1988,0.2008,1772383.2621
2026-01-02 05:00:00,0.2009,0.201,0.1997,0.2009,223698.2471
2026-01-02 06:00:00,0.2009,0.2017,0.2008,0.2008,248752.3351
2026-01-02 07:00:00,0.2008,0.2011,0.1993,0.1997,588682.8272
2026-01-02 08:00:00,0.1997,0.2007,0.1997,0.2007,181752.1362
2026-01-02 09:00:00,0.2008,0.2052,0.2008,0.2035,724141.8265
2026-01-02 10:00:00,0.2036,0.204,0.2031,0.2033,517093.5539
2026-01-02 11:00:00,0.2032,0.2032,0.2007,0.2014,379956.6503
2026-01-02 12:00:00,0.2013,0.2042,0.2011,0.2038,279169.2674
2026-01-02 13:00:00,0.2038,0.2038,0.2021,0.2023,303718.2674
2026-01-02 14:00:00,0.2022,0.2053,0.2,0.203,1191135.5423
2026-01-02 15:00:00,0.2031,0.2042,0.2007,0.2025,741141.8685
2026-01-02 16:00:00,0.2026,0.2065,0.2021,0.2064,684884.0718
2026-01-02 17:00:00,0.2065,0.2074,0.2045,0.2054,506353.5162
2026-01-02 18:00:00,0.2051,0.2069,0.2042,0.2053,562172.2078
2026-01-02 19:00:00,0.2053,0.2075,0.2052,0.2071,263171.1687
2026-01-02 20:00:00,0.2073,0.2082,0.2064,0.2072,282790.3029
2026-01-02 21:00:00,0.2074,0.2091,0.2068,0.2085,218749.2968
2026-01-02 22:00:00,0.2086,0.2102,0.2082,0.2088,456950.8514
2026-01-02 23:00:00,0.2088,0.2093,0.2082,0.2089,381894.1735
2026-01-03 00:00:00,0.2089,0.2095,0.2082,0.2082,252493.7863
2026-01-03 01:00:00,0.2082,0.2087,0.2076,0.2081,217232.6716
2026-01-03 02:00:00,0.2081,0.2093,0.2073,0.2092,241898.338
2026-01-03 03:00:00,0.2091,0.2114,0.2085,0.2114,423181.991
2026-01-03 04:00:00,0.2113,0.2114,0.2098,0.21,214607.8502
2026-01-03 05:00:00,0.2102,0.2111,0.2092,0.2101,249251.1276
2026-01-03 06:00:00,0.2101,0.2112,0.2074,0.2078,554915.5463
2026-01-03 07:00:00,0.2078,0.2081,0.2042,0.2048,576232.5154
2026-01-03 08:00:00,0.2047,0.2062,0.204,0.2057,226880.2061
2026-01-03 09:00:00,0.2057,0.2071,0.2052,0.2061,240495.3615
2026-01-03 10:00:00,0.2061,0.2061,0.2052,0.2052,139034.805
2026-01-03 11:00:00,0.2053,0.2055,0.2047,0.2054,155726.2519
2026-01-03 12:00:00,0.2054,0.2069,0.2049,0.2066,151499.908
2026-01-03 13:00:00,0.2065,0.2077,0.2064,0.2074,364445.0888
2026-01-03 14:00:00,0.2074,0.2079,0.2069,0.2073,205553.443
2026-01-03 15:00:00,0.2073,0.2076,0.2066,0.207,243142.5756
2026-01-03 16:00:00,0.2071,0.2104,0.2069,0.2098,369127.3837
2026-01-03 17:00:00,0.2098,0.2098,0.2085,0.2085,130814.7961
2026-01-03 18:00:00,0.2086,0.209,0.2079,0.2085,138276.6783
2026-01-03 19:00:00,0.209,0.209,0.2084,0.2086,90433.138
2026-01-03 20:00:00,0.2088,0.209,0.2076,0.208,141030.0082
2026-01-03 21:00:00,0.208,0.2093,0.2076,0.2084,111853.1927
2026-01-03 22:00:00,0.2085,0.2098,0.2077,0.2097,399236.9508
2026-01-03 23:00:00,0.2097,0.2099,0.2089,0.2092,209848.8863
2026-01-04 00:00:00,0.2091,0.2117,0.2089,0.211,466094.0321
2026-01-04 01:00:00,0.2108,0.2111,0.2095,0.2105,280183.4078
2026-01-04 02:00:00,0.2105,0.2114,0.2099,0.2106,182842.3952
2026-01-04 03:00:00,0.2111,0.2129,0.211,0.212,405822.829
2026-01-04 04:00:00,0.2117,0.2123,0.211,0.211,193699.6332
2026-01-04 05:00:00,0.2112,0.212,0.2107,0.212,77120.7331
2026-01-04 06:00:00,0.212,0.2127,0.2089,0.2095,719990.7544
2026-01-04 07:00:00,0.2095,0.211,0.2091,0.2102,419723.3448
2026-01-04 08:00:00,0.2101,0.2105,0.2086,0.2102,633636.5791
2026-01-04 09:00:00,0.2103,0.2119,0.2098,0.2113,375000.3459
2026-01-04 10:00:00,0.2113,0.2118,0.2109,0.2113,383890.2978
2026-01-04 11:00:00,0.2113,0.2118,0.2102,0.2118,245863.1465
2026-01-04 12:00:00,0.2117,0.2144,0.2117,0.2125,470810.459
2026-01-04 13:00:00,0.2124,0.2141,0.2113,0.2141,237329.6475
2026-01-04 14:00:00,0.214,0.215,0.2132,0.2146,339077.5307
2026-01-04 15:00:00,0.2146,0.2165,0.2142,0.2153,553807.9224
2026-01-04 16:00:00,0.2153,0.218,0.2149,0.218,684944.7015
2026-01-04 17:00:00,0.2179,0.2184,0.2168,0.218,503659.897
2026-01-04 18:00:00,0.2182,0.2184,0.215,0.216,309813.2987
2026-01-04 19:00:00,0.2159,0.2159,0.2121,0.214,616717.1945
2026-01-04 20:00:00,0.214,0.2151,0.2138,0.2143,334774.0507
2026-01-04 21:00:00,0.2142,0.2162,0.2135,0.2146,401073.7456
2026-01-04 22:00:00,0.2146,0.2165,0.2144,0.2153,513984.2023
2026-01-04 23:00:00,0.2157,0.2174,0.2153,0.2164,211349.4178
2026-01-05 00:00:00,0.2164,0.2182,0.2151,0.2169,544261.0251
2026-01-05 01:00:00,0.2169,0.2199,0.2169,0.2188,835574.1691
2026-01-05 02:00:00,0.2187,0.2195,0.2165,0.2182,404603.5667
2026-01-05 03:00:00,0.2183,0.2186,0.2169,0.2176,179272.1408
2026-01-05 04:00:00,0.2178,0.218,0.2133,0.2147,535898.2553
2026-01-05 05:00:00,0.2147,0.2157,0.2134,0.2136,476483.1007
2026-01-05 06:00:00,0.2135,0.2138,0.2117,0.2133,325018.0444
2026-01-05 07:00:00,0.2132,0.2156,0.2127,0.2152,306334.6815
2026-01-05 08:00:00,0.2151,0.2155,0.2131,0.2133,294752.491
2026-01-05 09:00:00,0.2132,0.2132,0.2115,0.2121,326631.6898
2026-01-05 10:00:00,0.2126,0.2138,0.2114,0.2125,200278.5434
2026-01-05 11:00:00,0.2123,0.2128,0.2115,0.2127,120795.2799
2026-01-05 12:00:00,0.2128,0.2142,0.2121,0.2138,223481.3692
2026-01-05 13:00:00,0.2139,0.2142,0.212,0.2131,497008.7872
2026-01-05 14:00:00,0.2131,0.2166,0.2125,0.2154,813972.1516
2026-01-05 15:00:00,0.2154,0.2187,0.2138,0.2178,747759.4075
2026-01-05 16:00:00,0.2181,0.2187,0.2162,0.2165,632912.0932
2026-01-05 17:00:00,0.2165,0.2195,0.2135,0.2188,963236.4092
2026-01-05 18:00:00,0.2189,0.2222,0.2181,0.2218,766976.2742
2026-01-05 19:00:00,0.2219,0.222,0.2194,0.2202,352714.4476
2026-01-05 20:00:00,0.22,0.2234,0.2199,0.2208,557968.3205
2026-01-05 21:00:00,0.2209,0.2214,0.22,0.2207,210916.8893
2026-01-05 22:00:00,0.2207,0.2232,0.2203,0.2221,477263.2776
2026-01-05 23:00:00,0.222,0.2225,0.2208,0.221,90897.8894
2026-01-06 00:00:00,0.221,0.2212,0.2182,0.2211,982020.113
2026-01-06 01:00:00,0.2211,0.2239,0.2202,0.2204,1236617.8866
2026-01-06 02:00:00,0.2204,0.221,0.2196,0.2201,172612.2619
2026-01-06 03:00:00,0.22,0.2227,0.22,0.2218,206604.3483
2026-01-06 04:00:00,0.2216,0.223,0.2213,0.2222,205740.007
2026-01-06 05:00:00,0.2221,0.2224,0.2213,0.2215,195335.1083
2026-01-06 06:00:00,0.2216,0.2236,0.2202,0.2221,587360.4595
2026-01-06 07:00:00,0.222,0.222,0.2188,0.2192,356486.2565
2026-01-06 08:00:00,0.2194,0.2211,0.219,0.2195,560461.8699
2026-01-06 09:00:00,0.2192,0.2207,0.2192,0.2204,200357.7755
2026-01-06 10:00:00,0.2203,0.2215,0.2198,0.2211,232749.4027
2026-01-06 11:00:00,0.2211,0.2227,0.2209,0.2222,447112.2659
2026-01-06 12:00:00,0.2223,0.2237,0.2222,0.2236,591820.7488
2026-01-06 13:00:00,0.2235,0.2244,0.2227,0.223,483308.2027
2026-01-06 14:00:00,0.223,0.2277,0.2223,0.2237,1823860.0651
2026-01-06 15:00:00,0.2236,0.2252,0.2195,0.2207,1207711.3165
2026-01-06 16:00:00,0.2208,0.2212,0.2153,0.2169,1212422.8771
2026-01-06 17:00:00,0.2167,0.2184,0.2115,0.2123,1179940.6869
2026-01-06 18:00:00,0.2117,0.2158,0.2115,0.2154,306177.325
2026-01-06 19:00:00,0.215,0.216,0.2147,0.2149,74248.4346
2026-01-06 20:00:00,0.2155,0.2187,0.2155,0.218,66174.8973
2026-01-06 21:00:00,0.2182,0.224,0.2173,0.2223,451939.9728
2026-01-06 22:00:00,0.2223,0.2228,0.2205,0.221,331757.229
2026-01-06 23:00:00,0.2211,0.2227,0.2211,0.2224,38785.27
2026-01-07 00:00:00,0.2223,0.2223,0.2176,0.2176,298375.4221
2026-01-07 01:00:00,0.2176,0.2185,0.216,0.2162,127625.0586
2026-01-07 02:00:00,0.2162,0.2183,0.2156,0.2182,313652.7314
2026-01-07 03:00:00,0.2184,0.219,0.2175,0.2179,84498.8214
2026-01-07 04:00:00,0.2177,0.2185,0.217,0.2171,50639.5219
2026-01-07 05:00:00,0.2172,0.2185,0.2168,0.2171,377987.9633
2026-01-07 06:00:00,0.217,0.2174,0.2163,0.2164,95523.5073
2026-01-07 07:00:00,0.2171,0.2207,0.2168,0.2207,288417.5833
2026-01-07 08:00:00,0.2208,0.2224,0.22,0.2212,638318.2895
2026-01-07 09:00:00,0.2211,0.2211,0.2158,0.2162,983337.0933
2026-01-07 10:00:00,0.2158,0.2176,0.2158,0.2173,454037.7888
2026-01-07 11:00:00,0.2172,0.2191,0.2169,0.2189,1819346.9475
2026-01-07 12:00:00,0.2189,0.219,0.2162,0.2162,638242.9299
2026-01-07 13:00:00,0.2163,0.2178,0.2154,0.2155,834804.1982
2026-01-07 14:00:00,0.2156,0.2156,0.2114,0.2147,955278.2149
2026-01-07 15:00:00,0.2148,0.2149,0.2101,0.211,866079.1661
2026-01-07 16:00:00,0.2109,0.2128,0.2102,0.2119,539524.0909
2026-01-07 17:00:00,0.2118,0.2141,0.2113,0.2119,363714.7718
2026-01-07 18:00:00,0.2122,0.2139,0.2114,0.2126,425860.8506
2026-01-07 19:00:00,0.2127,0.2133,0.2106,0.2128,468496.3987
2026-01-07 20:00:00,0.2127,0.213,0.2111,0.2116,183876.146
2026-01-07 21:00:00,0.2117,0.2124,0.2112,0.2114,196363.4823
2026-01-07 22:00:00,0.2112,0.213,0.2104,0.2111,299570.3983
2026-01-07 23:00:00,0.2111,0.2135,0.2101,0.2128,284626.0984
2026-01-08 00:00:00,0.2128,0.2133,0.2116,0.213,83001.579
2026-01-08 01:00:00,0.213,0.2137,0.2124,0.2132,358494.3693
2026-01-08 02:00:00,0.2133,0.2139,0.2113,0.2116,242370.4209
2026-01-08 03:00:00,0.2116,0.2128,0.2092,0.2098,292481.9823
2026-01-08 04:00:00,0.2098,0.2119,0.2095,0.2114,660896.0646
2026-01-08 05:00:00,0.2115,0.2125,0.2109,0.2112,123604.0031
2026-01-08 06:00:00,0.2114,0.2114,0.2073,0.2074,736854.0619
2026-01-08 07:00:00,0.2075,0.2109,0.2063,0.2109,486892.4516
2026-01-08 08:00:00,0.211,0.2119,0.2091,0.2093,172669.2414
2026-01-08 09:00:00,0.2096,0.2099,0.2071,0.2074,302291.8987
2026-01-08 10:00:00,0.2074,0.2097,0.2055,0.2093,868499.1243
2026-01-08 11:00:00,0.2092,0.2092,0.2068,0.2076,435364.0056
2026-01-08 12:00:00,0.2077,0.2078,0.2054,0.206,357593.5541
2026-01-08 13:00:00,0.206,0.2064,0.2049,0.2055,174512.2003
2026-01-08 14:00:00,0.2054,0.2073,0.2036,0.2066,827526.4925
2026-01-08 15:00:00,0.2066,0.2124,0.2056,0.212,824679.475
2026-01-08 16:00:00,0.2121,0.2125,0.2096,0.212,557947.5038
2026-01-08 17:00:00,0.2122,0.2129,0.2105,0.2121,223057.3638
2026-01-08 18:00:00,0.212,0.2123,0.21,0.2103,223438.2127
2026-01-08 19:00:00,0.2104,0.2111,0.2084,0.2085,176842.6972
2026-01-08 20:00:00,0.2087,0.2087,0.2068,0.208,175425.9449
2026-01-08 21:00:00,0.2081,0.2102,0.2081,0.2098,230283.8598
2026-01-08 22:00:00,0.2101,0.2114,0.2088,0.2098,257215.2594
2026-01-08 23:00:00,0.21,0.2104,0.2087,0.2089,166117.8201
2026-01-09 00:00:00,0.2089,0.2095,0.2089,0.2095,75912.8296
2026-01-09 01:00:00,0.2095,0.2112,0.2073,0.2083,491878.6975
2026-01-09 02:00:00,0.2085,0.2097,0.2077,0.2077,619596.2989
2026-01-09 03:00:00,0.2078,0.2094,0.2076,0.2093,183220.2012
2026-01-09 04:00:00,0.2095,0.2098,0.2082,0.2084,127948.6872
2026-01-09 05:00:00,0.2083,0.2087,0.2076,0.2085,126751.9769
2026-01-09 06:00:00,0.2087,0.209,0.2082,0.209,67698.4861
2026-01-09 07:00:00,0.209,0.2091,0.2084,0.2086,70150.1951
2026-01-09 08:00:00,0.2087,0.209,0.2049,0.2061,458514.1542
2026-01-09 09:00:00,0.2062,0.2084,0.2062,0.2074,136104.3248
2026-01-09 10:00:00,0.2074,0.2079,0.207,0.2077,69336.2207
2026-01-09 11:00:00,0.2076,0.2082,0.2071,0.2071,110283.0535
2026-01-09 12:00:00,0.207,0.2074,0.206,0.2064,114433.9591
2026-01-09 13:00:00,0.2065,0.2095,0.2065,0.2084,581023.1658
2026-01-09 14:00:00,0.2083,0.2083,0.2053,0.2061,321019.1061
2026-01-09 15:00:00,0.2064,0.212,0.2048,0.2099,1230755.9217
2026-01-09 16:00:00,0.21,0.2138,0.21,0.2122,691193.4703
2026-01-09 17:00:00,0.2122,0.2122,0.209,0.2112,335681.0818
2026-01-09 18:00:00,0.211,0.2112,0.2063,0.2085,159012.2446
2026-01-09 19:00:00,0.2083,0.2083,0.2055,0.2061,186479.2355
2026-01-09 20:00:00,0.2059,0.2074,0.2058,0.2064,88622.7245
2026-01-09 21:00:00,0.2065,0.2078,0.2057,0.2075,156339.5421
2026-01-09 22:00:00,0.2073,0.2082,0.2068,0.2081,283754.178
2026-01-09 23:00:00,0.2082,0.2085,0.2073,0.2076,129961.6279
2026-01-10 00:00:00,0.2075,0.2075,0.2058,0.2063,168956.2555
2026-01-10 01:00:00,0.2063,0.2071,0.2059,0.2066,59390.9316
2026-01-10 02:00:00,0.2065,0.2066,0.2055,0.2056,179737.0233
2026-01-10 03:00:00,0.2057,0.2061,0.2049,0.2059,140553.2244
2026-01-10 04:00:00,0.206,0.2064,0.2051,0.2059,98300.3967
2026-01-10 05:00:00,0.206,0.2063,0.2057,0.2061,58434.4718
2026-01-10 06:00:00,0.2061,0.2067,0.2055,0.2066,72370.0518
2026-01-10 07:00:00,0.2066,0.2081,0.2066,0.208,407583.8892
2026-01-10 08:00:00,0.208,0.209,0.2078,0.209,171538.337
2026-01-10 09:00:00,0.209,0.2132,0.2088,0.2104,1649423.1296
2026-01-10 10:00:00,0.2103,0.2106,0.2096,0.2105,258013.4124
2026-01-10 11:00:00,0.2105,0.2109,0.2098,0.2109,136359.5919
2026-01-10 12:00:00,0.2109,0.2126,0.2106,0.2126,203928.4786
2026-01-10 13:00:00,0.2126,0.2129,0.2118,0.2119,221953.3434
2026-01-10 14:00:00,0.2119,0.2119,0.2104,0.2105,188558.1387
2026-01-10 15:00:00,0.2106,0.2112,0.2104,0.2109,188790.9381
2026-01-10 16:00:00,0.2108,0.2108,0.2096,0.2102,172673.3751
2026-01-10 17:00:00,0.2103,0.2113,0.2088,0.2089,599029.5179
2026-01-10 18:00:00,0.2089,0.2096,0.2086,0.2093,228468.0083
2026-01-10 19:00:00,0.2093,0.2107,0.2092,0.2105,109044.9364
2026-01-10 20:00:00,0.2106,0.2106,0.2094,0.2096,135238.1403
2026-01-10 21:00:00,0.2095,0.2098,0.2083,0.2083,146690.7551
2026-01-10 22:00:00,0.2084,0.2084,0.2063,0.2064,654635.0493
2026-01-10 23:00:00,0.2064,0.2074,0.2064,0.207,231148.3685
2026-01-11 00:00:00,0.2071,0.2078,0.2065,0.2075,290291.2226
2026-01-11 01:00:00,0.2074,0.2081,0.2072,0.2079,266803.5783
2026-01-11 02:00:00,0.2079,0.2081,0.2072,0.2073,68644.7994
2026-01-11 03:00:00,0.2072,0.2077,0.207,0.2073,40739.7093
2026-01-11 04:00:00,0.2071,0.2076,0.2067,0.2076,286396.8314
2026-01-11 05:00:00,0.2077,0.2078,0.2071,0.2075,76325.4675
2026-01-11 06:00:00,0.2075,0.2078,0.2065,0.2078,106296.6272
2026-01-11 07:00:00,0.2075,0.2086,0.2073,0.2084,352001.0466
2026-01-11 08:00:00,0.2084,0.2085,0.2078,0.2081,127750.1094
2026-01-11 09:00:00,0.208,0.2086,0.208,0.2086,105430.4362
2026-01-11 10:00:00,0.2086,0.2088,0.2082,0.2083,90256.8672
2026-01-11 11:00:00,0.2082,0.2086,0.2081,0.2085,61066.3688
2026-01-11 12:00:00,0.2085,0.21,0.2085,0.2098,325906.2086
2026-01-11 13:00:00,0.2097,0.2098,0.2082,0.2083,250989.5465
2026-01-11 14:00:00,0.2083,0.2102,0.2083,0.2098,74239.7841
2026-01-11 15:00:00,0.2099,0.2099,0.2061,0.2068,238732.5729
2026-01-11 16:00:00,0.2068,0.2095,0.2065,0.2076,397856.4
2026-01-11 17:00:00,0.2076,0.2081,0.2065,0.2078,103793.4511
2026-01-11 18:00:00,0.2079,0.208,0.2067,0.2074,151181.9599
2026-01-11 19:00:00,0.2073,0.2077,0.2058,0.2061,151065.0054
2026-01-11 20:00:00,0.206,0.206,0.2034,0.2046,442053.7468
2026-01-11 21:00:00,0.2044,0.2051,0.2029,0.2048,248235.5164
2026-01-11 22:00:00,0.2046,0.2046,0.2023,0.2027,287157.3116
2026-01-11 23:00:00,0.2025,0.2045,0.2011,0.2042,268229.0964
2026-01-12 00:00:00,0.204,0.2049,0.2018,0.2046,466805.0947
2026-01-12 01:00:00,0.2047,0.207,0.2046,0.2061,501525.5737
2026-01-12 02:00:00,0.2063,0.21,0.2062,0.2096,512404.7495
2026-01-12 03:00:00,0.21,0.2112,0.2081,0.2081,376399.2833
2026-01-12 04:00:00,0.2083,0.2102,0.2078,0.2099,216447.1821
2026-01-12 05:00:00,0.21,0.2104,0.209,0.2091,173643.6115
2026-01-12 06:00:00,0.209,0.2093,0.2075,0.2076,242337.1177
2026-01-12 07:00:00,0.2076,0.2086,0.2049,0.2051,249048.8545
2026-01-12 08:00:00,0.2051,0.2062,0.2016,0.2032,2114662.942
2026-01-12 09:00:00,0.2032,0.2034,0.2021,0.2024,409040.9163
2026-01-12 10:00:00,0.2024,0.203,0.2018,0.2019,236232.1839
2026-01-12 11:00:00,0.2019,0.2031,0.2018,0.2028,418940.4778
2026-01-12 12:00:00,0.2028,0.2028,0.2016,0.2017,177166.3601
2026-01-12 13:00:00,0.2017,0.202,0.2,0.2005,316682.5865
2026-01-12 14:00:00,0.2005,0.2033,0.199,0.2022,1222104.9502
2026-01-12 15:00:00,0.2023,0.2049,0.2017,0.2045,639226.9616
2026-01-12 16:00:00,0.2047,0.2065,0.2037,0.2058,677104.4098
2026-01-12 17:00:00,0.2058,0.2061,0.2014,0.2029,488640.0918
2026-01-12 18:00:00,0.2029,0.2041,0.202,0.2025,372072.4508
2026-01-12 19:00:00,0.202,0.2032,0.2016,0.2032,210308.4018
2026-01-12 20:00:00,0.2031,0.2041,0.2011,0.2012,388480.6778
2026-01-12 21:00:00,0.2012,0.2012,0.1993,0.2001,235222.7051
2026-01-12 22:00:00,0.2002,0.2014,0.2001,0.2008,135403.7096
2026-01-12 23:00:00,0.2009,0.2013,0.2001,0.2008,44364.6091
2026-01-13 00:00:00,0.2008,0.2022,0.2008,0.2022,302409.8217
2026-01-13 01:00:00,0.202,0.2026,0.2014,0.202,99877.736
2026-01-13 02:00:00,0.2021,0.2035,0.202,0.202,308033.7603
2026-01-13 03:00:00,0.2021,0.203,0.2017,0.2028,245603.6028
2026-01-13 04:00:00,0.2028,0.2036,0.2024,0.2034,134546.2455
2026-01-13 05:00:00,0.2035,0.2058,0.2035,0.2043,382105.1649
2026-01-13 06:00:00,0.2044,0.2057,0.2042,0.2056,559990.0247
2026-01-13 07:00:00,0.2054,0.2056,0.2045,0.2047,167201.9541
2026-01-13 08:00:00,0.2048,0.2059,0.2044,0.2056,169421.3139
2026-01-13 09:00:00,0.2057,0.2065,0.2055,0.2058,252768.6417
2026-01-13 10:00:00,0.2057,0.2062,0.205,0.2059,118999.7226
2026-01-13 11:00:00,0.2059,0.2071,0.2054,0.2064,277230.5795
2026-01-13 12:00:00,0.2065,0.2078,0.2062,0.2075,811978.2456
2026-01-13 13:00:00,0.2076,0.2105,0.2073,0.2094,2088956.9909
2026-01-13 14:00:00,0.2095,0.2138,0.2089,0.2116,755574.7046
2026-01-13 15:00:00,0.2115,0.2143,0.2094,0.2141,1350548.8962
2026-01-13 16:00:00,0.2143,0.2174,0.2142,0.2167,1438138.2677
2026-01-13 17:00:00,0.2169,0.2171,0.2144,0.2168,1026633.0893
2026-01-13 18:00:00,0.2167,0.2183,0.2161,0.2166,668020.005
2026-01-13 19:00:00,0.2166,0.2169,0.2152,0.2167,257859.0335
2026-01-13 20:00:00,0.2168,0.2171,0.2138,0.2146,377577.215
2026-01-13 21:00:00,0.2146,0.2163,0.2145,0.2162,187239.1624
2026-01-13 22:00:00,0.2163,0.2261,0.2162,0.2238,2273733.512
2026-01-13 23:00:00,0.2238,0.2249,0.2205,0.2215,795200.0231
2026-01-14 00:00:00,0.2215,0.2233,0.2213,0.2226,1007062.0979
2026-01-14 01:00:00,0.2226,0.2236,0.2219,0.2229,884741.0035
2026-01-14 02:00:00,0.2231,0.2237,0.2217,0.2221,534005.0774
2026-01-14 03:00:00,0.2221,0.2233,0.2215,0.2233,434587.507
2026-01-14 04:00:00,0.2233,0.2248,0.2222,0.2241,760180.5439
2026-01-14 05:00:00,0.224,0.224,0.2218,0.2228,1121368.0784
2026-01-14 06:00:00,0.2226,0.2238,0.2213,0.2238,333519.3867
2026-01-14 07:00:00,0.2239,0.2242,0.2224,0.2225,319534.9982
2026-01-14 08:00:00,0.2226,0.2241,0.2224,0.2238,402628.8566
2026-01-14 09:00:00,0.2239,0.2249,0.2237,0.2241,324766.7027
2026-01-14 10:00:00,0.2241,0.2248,0.2225,0.2231,356616.0908
2026-01-14 11:00:00,0.223,0.223,0.2205,0.2208,623593.9003
2026-01-14 12:00:00,0.2208,0.2226,0.2205,0.222,247692.603
2026-01-14 13:00:00,0.2217,0.222,0.2189,0.219,305702.3994
2026-01-14 14:00:00,0.219,0.2231,0.2189,0.2218,1254423.2231
2026-01-14 15:00:00,0.2218,0.2239,0.2206,0.2225,1627970.8281
2026-01-14 16:00:00,0.2226,0.2247,0.2224,0.2229,1797592.2034
2026-01-14 17:00:00,0.2228,0.2239,0.2197,0.2203,1202482.9989
2026-01-14 18:00:00,0.2202,0.2207,0.2158,0.2175,820635.4159
2026-01-14 19:00:00,0.2175,0.2216,0.2171,0.2194,920800.5064
2026-01-14 20:00:00,0.2195,0.221,0.2185,0.2195,516750.2909
2026-01-14 21:00:00,0.2194,0.2201,0.2182,0.2192,232693.2304
2026-01-14 22:00:00,0.2191,0.2192,0.2168,0.2174,654376.5294
2026-01-14 23:00:00,0.2174,0.2189,0.2169,0.2174,426413.7496
2026-01-15 00:00:00,0.2175,0.2176,0.2161,0.2169,376257.6862
2026-01-15 01:00:00,0.217,0.2183,0.2162,0.2164,336206.7454
2026-01-15 02:00:00,0.2163,0.2166,0.214,0.2144,586165.4428
2026-01-15 03:00:00,0.2145,0.2148,0.2109,0.2113,748484.9532
2026-01-15 04:00:00,0.2112,0.2133,0.211,0.2129,323909.6552
2026-01-15 05:00:00,0.2129,0.2139,0.2127,0.2135,1750035.1672
2026-01-15 06:00:00,0.2133,0.2138,0.2126,0.2128,622842.1051
2026-01-15 07:00:00,0.2126,0.2163,0.2125,0.2155,624411.7218
2026-01-15 08:00:00,0.2154,0.2156,0.2139,0.2149,214896.746
2026-01-15 09:00:00,0.2148,0.2169,0.2142,0.2163,255129.6864
2026-01-15 10:00:00,0.2163,0.2165,0.2153,0.2159,190333.8721
2026-01-15 11:00:00,0.2159,0.2164,0.2143,0.2147,327628.5558
2026-01-15 12:00:00,0.2146,0.2169,0.2146,0.2169,236139.3156
2026-01-15 13:00:00,0.2168,0.2183,0.2164,0.2177,277167.2828
2026-01-15 14:00:00,0.2176,0.2187,0.2133,0.2147,896934.4991
2026-01-15 15:00:00,0.2147,0.2159,0.2071,0.2105,1170143.9382
2026-01-15 16:00:00,0.2104,0.2109,0.2082,0.2106,896826.2534
2026-01-15 17:00:00,0.2107,0.2115,0.2083,0.2089,648789.7105
2026-01-15 18:00:00,0.2089,0.2092,0.2058,0.2062,623156.2621
2026-01-15 19:00:00,0.2063,0.2077,0.2051,0.2074,465433.8333
2026-01-15 20:00:00,0.2074,0.2081,0.2059,0.2065,429321.514
2026-01-15 21:00:00,0.2065,0.2081,0.2065,0.2076,182158.1011
2026-01-15 22:00:00,0.2077,0.2095,0.2073,0.209,586938.152
2026-01-15 23:00:00,0.209,0.2102,0.2084,0.2099,183560.9759
2026-01-16 00:00:00,0.2099,0.2103,0.2092,0.2092,229169.0988
2026-01-16 01:00:00,0.2092,0.2095,0.2085,0.2088,205924.2084
2026-01-16 02:00:00,0.2088,0.2093,0.2071,0.2091,566749.0387
2026-01-16 03:00:00,0.2092,0.2093,0.2075,0.2075,71910.6321
2026-01-16 04:00:00,0.2075,0.2081,0.2061,0.207,413789.3969
2026-01-16 05:00:00,0.207,0.2098,0.2068,0.2093,237399.1921
2026-01-16 06:00:00,0.2091,0.2106,0.2088,0.2105,249028.7675
2026-01-16 07:00:00,0.2105,0.2111,0.2097,0.2101,897318.9752
2026-01-16 08:00:00,0.2102,0.2109,0.2102,0.2107,189541.1014
2026-01-16 09:00:00,0.2106,0.2108,0.21,0.2101,72236.5776
2026-01-16 10:00:00,0.2101,0.2103,0.2091,0.2094,281620.8713
2026-01-16 11:00:00,0.2094,0.2099,0.2088,0.2096,77965.4091
2026-01-16 12:00:00,0.2097,0.2098,0.2088,0.2092,68871.2178
2026-01-16 13:00:00,0.2092,0.2094,0.208,0.2086,246184.5314
2026-01-16 14:00:00,0.2086,0.2098,0.2086,0.2087,254860.1843
2026-01-16 15:00:00,0.2088,0.2101,0.2035,0.2049,1049250.5764
2026-01-16 16:00:00,0.2047,0.2067,0.2044,0.2054,775641.2486
2026-01-16 17:00:00,0.2055,0.2069,0.2043,0.2069,399782.8133
2026-01-16 18:00:00,0.2068,0.2073,0.2063,0.2065,100920.582
2026-01-16 19:00:00,0.2064,0.2073,0.2055,0.2069,298742.5228
2026-01-16 20:00:00,0.2068,0.2097,0.206,0.2095,398339.911
2026-01-16 21:00:00,0.2097,0.2103,0.2089,0.2096,184590.9329
2026-01-16 22:00:00,0.2096,0.2098,0.209,0.2095,630960.4229
2026-01-16 23:00:00,0.2096,0.21,0.2091,0.2097,70505.6932
2026-01-17 00:00:00,0.2099,0.2108,0.2092,0.2107,183665.5333
2026-01-17 01:00:00,0.2108,0.2123,0.2105,0.2118,311348.5168
2026-01-17 02:00:00,0.2118,0.2121,0.2101,0.2104,150093.3555
2026-01-17 03:00:00,0.2105,0.2111,0.2102,0.2105,140507.921
2026-01-17 04:00:00,0.2107,0.2111,0.21,0.2111,61295.7287
2026-01-17 05:00:00,0.2111,0.2123,0.2111,0.2121,69441.104
2026-01-17 06:00:00,0.2119,0.2122,0.211,0.2114,213758.837
2026-01-17 07:00:00,0.2112,0.2133,0.2109,0.2131,92911.0325
2026-01-17 08:00:00,0.2131,0.2156,0.213,0.2153,286055.1933
2026-01-17 09:00:00,0.2153,0.2156,0.2144,0.2145,237849.7347
2026-01-17 10:00:00,0.2144,0.2164,0.2142,0.2158,370342.6539
2026-01-17 11:00:00,0.2157,0.2157,0.2133,0.2134,2026703.548
2026-01-17 12:00:00,0.2133,0.2165,0.2131,0.2161,347595.9278
2026-01-17 13:00:00,0.2164,0.2174,0.2156,0.2168,271648.6936
2026-01-17 14:00:00,0.2168,0.2205,0.2163,0.2204,629682.1456
2026-01-17 15:00:00,0.2203,0.222,0.2201,0.2219,500204.7628
2026-01-17 16:00:00,0.222,0.2239,0.2196,0.2208,1078717.6318
2026-01-17 17:00:00,0.2209,0.2224,0.219,0.2199,564222.9869
2026-01-17 18:00:00,0.2198,0.2202,0.2191,0.2197,235680.8726
2026-01-17 19:00:00,0.2197,0.2204,0.2186,0.2194,284286.0452
2026-01-17 20:00:00,0.2194,0.2199,0.218,0.2183,408562.4923
2026-01-17 21:00:00,0.2183,0.2183,0.2171,0.2175,307814.0622
2026-01-17 22:00:00,0.2174,0.2175,0.2142,0.2151,551144.5487
2026-01-17 23:00:00,0.2149,0.2166,0.2149,0.2166,239476.5033
2026-01-18 00:00:00,0.2166,0.2202,0.216,0.2171,812462.2194
2026-01-18 01:00:00,0.2171,0.2175,0.2148,0.2152,394498.9447
2026-01-18 02:00:00,0.2154,0.216,0.2139,0.2145,305979.4741
2026-01-18 03:00:00,0.2146,0.2157,0.2146,0.2149,208084.216
2026-01-18 04:00:00,0.2148,0.2152,0.2137,0.2143,170523.5331
2026-01-18 05:00:00,0.214,0.2146,0.2135,0.2146,125229.263
2026-01-18 06:00:00,0.2147,0.2147,0.2136,0.2139,146368.5691
2026-01-18 07:00:00,0.2138,0.214,0.2124,0.2135,335269.092
2026-01-18 08:00:00,0.2136,0.2137,0.2127,0.2134,444292.7546
2026-01-18 09:00:00,0.2134,0.2154,0.2133,0.2152,467698.8109
2026-01-18 10:00:00,0.2153,0.2153,0.2141,0.215,247784.313
2026-01-18 11:00:00,0.2151,0.2163,0.2148,0.216,249704.7251
2026-01-18 12:00:00,0.216,0.2169,0.2152,0.2157,245803.7707
2026-01-18 13:00:00,0.2156,0.2159,0.2141,0.2151,308593.13
2026-01-18 14:00:00,0.2151,0.2167,0.2142,0.2144,289822.5409
2026-01-18 15:00:00,0.2144,0.2162,0.2133,0.2162,374845.0437
2026-01-18 16:00:00,0.2162,0.2171,0.2158,0.2159,344310.7139
2026-01-18 17:00:00,0.2161,0.2169,0.2151,0.2167,249476.972
2026-01-18 18:00:00,0.2167,0.2198,0.2161,0.2196,425083.8268
2026-01-18 19:00:00,0.2198,0.2205,0.218,0.2183,212518.2172
2026-01-18 20:00:00,0.2183,0.2209,0.2179,0.2195,595839.62
2026-01-18 21:00:00,0.2196,0.2198,0.2188,0.2192,122721.9739
2026-01-18 22:00:00,0.2192,0.2206,0.2191,0.2203,325209.2628
2026-01-18 23:00:00,0.2201,0.2201,0.206,0.2061,2289472.0791
2026-01-19 00:00:00,0.2061,0.2061,0.1853,0.1933,15890038.1167
2026-01-19 01:00:00,0.1932,0.1949,0.1919,0.1943,1227077.9595
2026-01-19 02:00:00,0.1943,0.1955,0.1937,0.1944,748328.6699
2026-01-19 03:00:00,0.1942,0.1944,0.1921,0.1931,1287444.4704
2026-01-19 04:00:00,0.193,0.1932,0.1911,0.1911,861706.7369
2026-01-19 05:00:00,0.1911,0.192,0.1905,0.1919,941433.5053
2026-01-19 06:00:00,0.1919,0.1924,0.1912,0.1915,401265.9935
2026-01-19 07:00:00,0.1915,0.1935,0.1912,0.1925,609889.8469
2026-01-19 08:00:00,0.1923,0.1934,0.1916,0.1931,1316678.2852
2026-01-19 09:00:00,0.193,0.1934,0.1922,0.1925,373492.3109
2026-01-19 10:00:00,0.1925,0.1925,0.1905,0.1915,707024.1462
2026-01-19 11:00:00,0.1916,0.1923,0.1906,0.1906,1137328.1509
2026-01-19 12:00:00,0.1906,0.1906,0.1887,0.1895,799766.6907
2026-01-19 13:00:00,0.1895,0.1904,0.189,0.1899,635893.1922
2026-01-19 14:00:00,0.19,0.1919,0.1897,0.1912,537859.3001
2026-01-19 15:00:00,0.1913,0.1917,0.1901,0.1914,875194.2037
2026-01-19 16:00:00,0.1913,0.194,0.191,0.1939,614585.3134
2026-01-19 17:00:00,0.1938,0.1941,0.193,0.1935,293802.1428
2026-01-19 18:00:00,0.1935,0.1939,0.1924,0.1939,373256.6821
2026-01-19 19:00:00,0.194,0.1971,0.194,0.1956,470764.0959
2026-01-19 20:00:00,0.1957,0.196,0.1944,0.1951,542948.4436
2026-01-19 21:00:00,0.1951,0.1956,0.1931,0.1935,321977.5579
2026-01-19 22:00:00,0.1933,0.194,0.1916,0.1916,881772.8996
2026-01-19 23:00:00,0.1916,0.1944,0.1909,0.1934,560657.9339
2026-01-20 00:00:00,0.1935,0.1937,0.1922,0.1924,353279.9687
2026-01-20 01:00:00,0.1923,0.1938,0.1913,0.1925,439242.9105
2026-01-20 02:00:00,0.1926,0.1941,0.1911,0.1938,1073909.0006
2026-01-20 03:00:00,0.1938,0.1947,0.1927,0.194,837050.3812
2026-01-20 04:00:00,0.1937,0.1942,0.1929,0.1932,362359.8836
2026-01-20 05:00:00,0.1931,0.1942,0.192,0.1931,564770.574
2026-01-20 06:00:00,0.1929,0.1929,0.1898,0.191,778089.1653
2026-01-20 07:00:00,0.1908,0.1921,0.1901,0.1901,316240.1066
2026-01-20 08:00:00,0.19,0.1903,0.1874,0.189,1173993.5358
2026-01-20 09:00:00,0.189,0.1904,0.1882,0.1904,499956.1933
2026-01-20 10:00:00,0.1904,0.1932,0.1899,0.1902,785963.4316
2026-01-20 11:00:00,0.1903,0.1905,0.1886,0.189,656793.8587
2026-01-20 12:00:00,0.1891,0.1909,0.1889,0.1903,602093.8694
2026-01-20 13:00:00,0.1901,0.1905,0.1877,0.1882,1049700.1263
2026-01-20 14:00:00,0.1884,0.1911,0.1876,0.189,1585221.9983
2026-01-20 15:00:00,0.1891,0.1891,0.1858,0.1875,1136426.8684
2026-01-20 16:00:00,0.1876,0.1882,0.1832,0.1848,1284271.922
2026-01-20 17:00:00,0.1847,0.1864,0.1826,0.1838,625584.9786
2026-01-20 18:00:00,0.1838,0.1845,0.182,0.1832,520703.6266
2026-01-20 19:00:00,0.1834,0.1843,0.1828,0.1839,182863.9996
2026-01-20 20:00:00,0.1839,0.1855,0.1831,0.1849,308780.1416
2026-01-20 21:00:00,0.185,0.1853,0.1834,0.1836,209600.2871
2026-01-20 22:00:00,0.1836,0.184,0.1794,0.1824,1250092.503
2026-01-20 23:00:00,0.1824,0.1825,0.1814,0.182,586196.3834
2026-01-21 00:00:00,0.1819,0.1847,0.1819,0.1847,929799.1028
2026-01-21 01:00:00,0.1847,0.186,0.1846,0.1852,508246.0044
2026-01-21 02:00:00,0.1853,0.1871,0.1853,0.187,351303.472
2026-01-21 03:00:00,0.187,0.1879,0.1862,0.1867,430763.4825
2026-01-21 04:00:00,0.1867,0.187,0.1862,0.1868,173851.921
2026-01-21 05:00:00,0.1869,0.1875,0.1864,0.1871,411190.3261
2026-01-21 06:00:00,0.1872,0.1873,0.1862,0.1864,279424.791
2026-01-21 07:00:00,0.1863,0.1873,0.1859,0.1865,403401.2599
2026-01-21 08:00:00,0.1866,0.1868,0.1846,0.1856,170351.5238
2026-01-21 09:00:00,0.1856,0.1857,0.1845,0.1848,139228.5154
2026-01-21 10:00:00,0.1848,0.1858,0.1841,0.1841,116314.0574
2026-01-21 11:00:00,0.184,0.1848,0.1821,0.1823,271705.795
2026-01-21 12:00:00,0.1825,0.1826,0.1795,0.1814,1016626.4782
2026-01-21 13:00:00,0.1814,0.1821,0.1798,0.1805,373956.0804
2026-01-21 14:00:00,0.1804,0.1877,0.1804,0.1873,1819011.4709
2026-01-21 15:00:00,0.1873,0.1904,0.1865,0.1902,1707904.2626
2026-01-21 16:00:00,0.1902,0.1903,0.1807,0.1811,1730286.1631
2026-01-21 17:00:00,0.1812,0.1836,0.1793,0.1818,1131999.0503
2026-01-21 18:00:00,0.1817,0.184,0.1808,0.183,391042.524
2026-01-21 19:00:00,0.183,0.1904,0.182,0.1902,1217755.6356
2026-01-21 20:00:00,0.1902,0.1905,0.1862,0.1887,660684.6275
2026-01-21 21:00:00,0.1888,0.1902,0.1881,0.189,390904.4792
2026-01-21 22:00:00,0.189,0.1898,0.1866,0.1869,722451.8917
2026-01-21 23:00:00,0.1869,0.1876,0.1841,0.1851,715052.5359
2026-01-22 00:00:00,0.1852,0.1869,0.1852,0.1862,571296.7519
2026-01-22 01:00:00,0.1861,0.1887,0.1859,0.1887,477920.4935
2026-01-22 02:00:00,0.1886,0.1888,0.1875,0.1879,498115.8896
2026-01-22 03:00:00,0.188,0.1885,0.1861,0.1863,303582.1854
2026-01-22 04:00:00,0.1862,0.1867,0.1855,0.1863,403003.6197
2026-01-22 05:00:00,0.1862,0.1865,0.1842,0.1845,587473.7186
2026-01-22 06:00:00,0.1845,0.1849,0.1818,0.1823,694942.6833
2026-01-22 07:00:00,0.1822,0.1823,0.1798,0.18,881222.0376
2026-01-22 08:00:00,0.1801,0.1819,0.1788,0.1817,1200983.1982
2026-01-22 09:00:00,0.1817,0.1833,0.1815,0.1825,482086.0985
2026-01-22 10:00:00,0.1824,0.1824,0.1816,0.1821,296654.7097
2026-01-22 11:00:00,0.182,0.182,0.1804,0.1807,331983.1179
2026-01-22 12:00:00,0.1805,0.1807,0.1795,0.1795,374838.8902
2026-01-22 13:00:00,0.1796,0.1807,0.1782,0.179,910270.4796
2026-01-22 14:00:00,0.179,0.1796,0.1766,0.1769,1033755.7584
2026-01-22 15:00:00,0.1769,0.1783,0.1748,0.177,1396234.5861
2026-01-22 16:00:00,0.1771,0.1791,0.1762,0.1789,868416.2272
2026-01-22 17:00:00,0.1788,0.1799,0.1778,0.179,556521.3019
2026-01-22 18:00:00,0.1789,0.1795,0.1773,0.1773,811945.175
2026-01-22 19:00:00,0.1774,0.1782,0.1768,0.1774,442839.6164
2026-01-22 20:00:00,0.1773,0.178,0.1758,0.1765,458093.7501
2026-01-22 21:00:00,0.1765,0.1771,0.1757,0.1762,349935.0788
2026-01-22 22:00:00,0.1763,0.1778,0.1761,0.1765,423905.8694
2026-01-22 23:00:00,0.1764,0.1776,0.1758,0.1776,286595.8215
2026-01-23 00:00:00,0.1777,0.1778,0.1766,0.1772,273003.5239
2026-01-23 01:00:00,0.1771,0.1785,0.1771,0.1783,203609.7043
2026-01-23 02:00:00,0.1784,0.1785,0.1778,0.1779,245792.7501
2026-01-23 03:00:00,0.1779,0.18,0.1778,0.1795,230076.9323
2026-01-23 04:00:00,0.1796,0.1815,0.1791,0.1812,563503.0923
2026-01-23 05:00:00,0.1811,0.1812,0.1794,0.1801,339716.416
2026-01-23 06:00:00,0.1802,0.1806,0.1782,0.1783,753638.0607
2026-01-23 07:00:00,0.1784,0.1794,0.1782,0.1791,191387.1043
2026-01-23 08:00:00,0.1791,0.1798,0.1772,0.1777,445915.0542
2026-01-23 09:00:00,0.1776,0.1784,0.1771,0.1777,261326.8557
2026-01-23 10:00:00,0.1777,0.178,0.177,0.1774,297023.7543
2026-01-23 11:00:00,0.1773,0.1782,0.1773,0.178,267232.9802
2026-01-23 12:00:00,0.1781,0.1788,0.1772,0.1782,276293.5506
2026-01-23 13:00:00,0.1781,0.1786,0.1776,0.1777,186489.5849
2026-01-23 14:00:00,0.1775,0.178,0.1735,0.1752,731094.464
2026-01-23 15:00:00,0.1753,0.1784,0.1741,0.1781,840805.1301
2026-01-23 16:00:00,0.1782,0.1805,0.1763,0.1789,1187777.1992
2026-01-23 17:00:00,0.1789,0.1825,0.1775,0.1799,2277605.7309
2026-01-23 18:00:00,0.1802,0.1817,0.1796,0.1803,543254.7745
2026-01-23 19:00:00,0.1803,0.1803,0.1767,0.1776,776922.7984
2026-01-23 20:00:00,0.1776,0.1778,0.1752,0.1762,435882.357
2026-01-23 21:00:00,0.1761,0.1777,0.176,0.1769,232670.2964
2026-01-23 22:00:00,0.1768,0.178,0.1767,0.178,270415.8094
2026-01-23 23:00:00,0.1774,0.1777,0.1764,0.1769,509055.6667
2026-01-24 00:00:00,0.1769,0.1776,0.1767,0.1769,471906.5403
2026-01-24 01:00:00,0.1768,0.1773,0.1765,0.1773,173135.4456
2026-01-24 02:00:00,0.1774,0.1784,0.1774,0.1783,184059.7351
2026-01-24 03:00:00,0.1784,0.1799,0.1784,0.1797,252869.3751
2026-01-24 04:00:00,0.1798,0.1811,0.1783,0.1784,996916.9809
2026-01-24 05:00:00,0.1785,0.1785,0.1776,0.1781,115192.222
2026-01-24 06:00:00,0.1783,0.1787,0.178,0.1785,241910.2627
2026-01-24 07:00:00,0.1785,0.1787,0.1777,0.1777,137463.6343
2026-01-24 08:00:00,0.1778,0.1781,0.1774,0.1781,93750.654
2026-01-24 09:00:00,0.1781,0.1781,0.177,0.177,98005.2737
2026-01-24 10:00:00,0.177,0.1782,0.1769,0.1782,169227.3404
2026-01-24 11:00:00,0.1783,0.1784,0.1779,0.178,132435.3515
2026-01-24 12:00:00,0.1781,0.1784,0.1778,0.1779,383988.6073
2026-01-24 13:00:00,0.178,0.1781,0.1771,0.1771,67406.0585
2026-01-24 14:00:00,0.1771,0.1781,0.1766,0.1774,126044.5842
2026-01-24 15:00:00,0.1775,0.1778,0.1759,0.1762,142555.8269
2026-01-24 16:00:00,0.1762,0.1769,0.1755,0.1765,302213.8425
2026-01-24 17:00:00,0.1764,0.1765,0.176,0.1765,101699.8615
2026-01-24 18:00:00,0.1765,0.1766,0.1756,0.1758,491082.0877
2026-01-24 19:00:00,0.1759,0.1759,0.1754,0.1757,131625.7494
2026-01-24 20:00:00,0.1757,0.1771,0.1757,0.1769,331283.7511
2026-01-24 21:00:00,0.1769,0.1769,0.1761,0.1765,71234.8226
2026-01-24 22:00:00,0.1766,0.1773,0.1764,0.1768,455952.0173
2026-01-24 23:00:00,0.1769,0.177,0.176,0.1765,85664.9446
2026-01-25 00:00:00,0.1764,0.1768,0.176,0.1768,260171.811
2026-01-25 01:00:00,0.1768,0.1772,0.1751,0.1754,576436.0296
2026-01-25 02:00:00,0.1755,0.1761,0.1752,0.1757,170129.0925
2026-01-25 03:00:00,0.1758,0.176,0.1744,0.175,250856.8566
2026-01-25 04:00:00,0.1749,0.1754,0.1745,0.1746,177692.0905
2026-01-25 05:00:00,0.1746,0.1749,0.174,0.1749,318458.5832
2026-01-25 06:00:00,0.1748,0.1754,0.1742,0.1746,583246.8049
2026-01-25 07:00:00,0.1745,0.1751,0.1739,0.175,157835.3178
2026-01-25 08:00:00,0.175,0.1752,0.1734,0.1741,300715.818
2026-01-25 09:00:00,0.174,0.1766,0.1738,0.1757,611461.1072
2026-01-25 10:00:00,0.1757,0.1772,0.1756,0.1761,385434.4243
2026-01-25 11:00:00,0.1758,0.1763,0.1752,0.1753,102315.1205
2026-01-25 12:00:00,0.1751,0.1751,0.1737,0.1747,259231.7536
2026-01-25 13:00:00,0.1747,0.175,0.1738,0.1747,180270.8668
2026-01-25 14:00:00,0.1748,0.1748,0.1725,0.1735,314504.373
2026-01-25 15:00:00,0.1735,0.1743,0.1731,0.1734,214777.0693
2026-01-25 16:00:00,0.1733,0.1733,0.1676,0.1698,2494853.0713
2026-01-25 17:00:00,0.1698,0.1702,0.1686,0.169,588658.7913
2026-01-25 18:00:00,0.1691,0.1694,0.1662,0.1676,1414784.9262
2026-01-25 19:00:00,0.1675,0.1679,0.1632,0.1644,1506770.3662
2026-01-25 20:00:00,0.1645,0.1662,0.1644,0.1661,1067264.0288
2026-01-25 21:00:00,0.1661,0.1675,0.166,0.1666,674030.7997
2026-01-25 22:00:00,0.1667,0.167,0.1651,0.1658,701457.3302
2026-01-25 23:00:00,0.1659,0.1675,0.1652,0.1673,977656.3125
2026-01-26 00:00:00,0.1674,0.1688,0.167,0.1685,803619.5139
2026-01-26 01:00:00,0.1687,0.1714,0.1686,0.1706,621098.0684
2026-01-26 02:00:00,0.1707,0.1709,0.1693,0.1694,247179.6389
2026-01-26 03:00:00,0.1695,0.1702,0.168,0.1686,567161.9782
2026-01-26 04:00:00,0.1687,0.1709,0.1687,0.1701,274212.6158
2026-01-26 05:00:00,0.17,0.1702,0.1693,0.1693,77470.2231
2026-01-26 06:00:00,0.1692,0.1711,0.1689,0.1711,353946.6947
2026-01-26 07:00:00,0.1711,0.1718,0.1702,0.1711,435005.1068
2026-01-26 08:00:00,0.1712,0.1728,0.1707,0.1714,551546.8021
2026-01-26 09:00:00,0.1713,0.1713,0.1698,0.1698,394290.6435
2026-01-26 10:00:00,0.1699,0.1708,0.1699,0.1708,260770.3557
2026-01-26 11:00:00,0.1709,0.1711,0.1702,0.1705,196317.8682
2026-01-26 12:00:00,0.1705,0.1711,0.1702,0.1707,511236.393
2026-01-26 13:00:00,0.1708,0.1716,0.1708,0.1712,307865.4173
2026-01-26 14:00:00,0.1712,0.1727,0.1694,0.1719,2042532.0842
2026-01-26 15:00:00,0.1719,0.1734,0.1692,0.1702,725735.4605
2026-01-26 16:00:00,0.1704,0.1709,0.1686,0.17,709765.2799
2026-01-26 17:00:00,0.1699,0.1705,0.1683,0.17,815673.4549
2026-01-26 18:00:00,0.1699,0.1714,0.1696,0.1708,731433.5533
2026-01-26 19:00:00,0.1709,0.1713,0.1696,0.1698,408657.6343
2026-01-26 20:00:00,0.1697,0.1701,0.1688,0.169,197538.3481
2026-01-26 21:00:00,0.1691,0.1717,0.1688,0.1706,741582.1839
2026-01-26 22:00:00,0.1707,0.1711,0.1701,0.1703,395385.7218
2026-01-26 23:00:00,0.1702,0.1708,0.1696,0.1701,153635.3638
2026-01-27 00:00:00,0.1701,0.1705,0.1696,0.1705,211551.0101
2026-01-27 01:00:00,0.1705,0.1714,0.1697,0.1707,347646.3093
2026-01-27 02:00:00,0.1708,0.1716,0.1704,0.1709,307415.5945
2026-01-27 03:00:00,0.1709,0.171,0.1699,0.1701,233944.5281
2026-01-27 04:00:00,0.1701,0.1713,0.17,0.1705,169858.5805
2026-01-27 05:00:00,0.1705,0.1705,0.1694,0.1699,266883.1632
2026-01-27 06:00:00,0.17,0.17,0.1689,0.1689,183444.255
2026-01-27 07:00:00,0.1689,0.1698,0.1688,0.1693,115722.2376
2026-01-27 08:00:00,0.1695,0.1696,0.1685,0.1688,134814.9016
2026-01-27 09:00:00,0.1687,0.1687,0.1681,0.1681,231711.8954
2026-01-27 10:00:00,0.1682,0.1685,0.1676,0.168,123355.625
2026-01-27 11:00:00,0.1679,0.1686,0.1679,0.1681,249501.3722
2026-01-27 12:00:00,0.168,0.1682,0.1674,0.1678,185211.4905
2026-01-27 13:00:00,0.1679,0.168,0.1671,0.1673,290316.1884
2026-01-27 14:00:00,0.1672,0.169,0.1668,0.1673,319287.9865
2026-01-27 15:00:00,0.1671,0.1694,0.1669,0.1692,373614.7394
2026-01-27 16:00:00,0.1692,0.1718,0.169,0.171,1088652.5194
2026-01-27 17:00:00,0.171,0.171,0.1664,0.1672,491962.2413
2026-01-27 18:00:00,0.1672,0.1703,0.1672,0.1696,320859.4729
2026-01-27 19:00:00,0.1695,0.1706,0.1689,0.1703,303749.9228
2026-01-27 20:00:00,0.1703,0.1731,0.1703,0.1726,730696.3695
2026-01-27 21:00:00,0.1726,0.1726,0.1707,0.1707,438074.2385
2026-01-27 22:00:00,0.1709,0.1724,0.1709,0.1718,237669.662
2026-01-27 23:00:00,0.1718,0.1722,0.1713,0.1716,226121.849
2026-01-28 00:00:00,0.1717,0.172,0.1705,0.1719,256554.8369
2026-01-28 01:00:00,0.1718,0.1718,0.1704,0.1711,420677.1595
2026-01-28 02:00:00,0.171,0.1714,0.1705,0.1712,175228.815
2026-01-28 03:00:00,0.1712,0.1712,0.1706,0.1708,255664.3007
2026-01-28 04:00:00,0.1707,0.1708,0.1699,0.1703,115149.5274
2026-01-28 05:00:00,0.1704,0.1711,0.1703,0.1711,209401.4857
2026-01-28 06:00:00,0.1711,0.1716,0.1701,0.1715,988412.7905
2026-01-28 07:00:00,0.1713,0.1718,0.171,0.1712,498091.1981
2026-01-28 08:00:00,0.1713,0.1715,0.1698,0.1703,1077259.3903
2026-01-28 09:00:00,0.1703,0.1716,0.1698,0.1714,259171.1139
2026-01-28 10:00:00,0.1717,0.1721,0.1708,0.171,206373.1941
2026-01-28 11:00:00,0.1708,0.1726,0.1706,0.1726,729032.4777
2026-01-28 12:00:00,0.1724,0.1724,0.1705,0.1711,421126.1919
2026-01-28 13:00:00,0.1711,0.1718,0.1705,0.1708,395253.2001
2026-01-28 14:00:00,0.1707,0.1709,0.1695,0.1701,461959.3604
2026-01-28 15:00:00,0.1701,0.1707,0.1684,0.1688,341799.5833
2026-01-28 16:00:00,0.1688,0.1693,0.1677,0.168,473249.4046
2026-01-28 17:00:00,0.168,0.1701,0.1669,0.1692,342469.1632
2026-01-28 18:00:00,0.1691,0.1691,0.1676,0.1683,570428.6706
2026-01-28 19:00:00,0.1682,0.1702,0.1676,0.1699,263380.6621
2026-01-28 20:00:00,0.1698,0.1722,0.1697,0.1701,661199.8368
2026-01-28 21:00:00,0.1702,0.172,0.1687,0.1715,423420.0209
2026-01-28 22:00:00,0.1714,0.1729,0.1704,0.1724,498047.8036
2026-01-28 23:00:00,0.1725,0.1731,0.1715,0.1717,429139.0348
2026-01-29 00:00:00,0.1718,0.1723,0.1705,0.1713,212806.9994
2026-01-29 01:00:00,0.1712,0.1714,0.1695,0.1699,204471.2891
2026-01-29 02:00:00,0.1698,0.1703,0.1657,0.1663,1255958.7329
2026-01-29 03:00:00,0.1663,0.1675,0.1657,0.1665,820521.1945
2026-01-29 04:00:00,0.1662,0.1666,0.1648,0.1663,710291.4212
2026-01-29 05:00:00,0.1662,0.1668,0.1658,0.166,91297.7946
2026-01-29 06:00:00,0.1661,0.1669,0.1661,0.1669,154559.3044
2026-01-29 07:00:00,0.167,0.1674,0.1664,0.1664,159437.4293
2026-01-29 08:00:00,0.1663,0.1666,0.1651,0.1656,632541.7489
2026-01-29 09:00:00,0.1655,0.1658,0.1649,0.1649,253727.4101
2026-01-29 10:00:00,0.1649,0.1651,0.1639,0.1642,526995.2917
2026-01-29 11:00:00,0.1641,0.1642,0.1631,0.1637,657068.3363
2026-01-29 12:00:00,0.1636,0.1643,0.1626,0.1636,221743.5241
2026-01-29 13:00:00,0.1637,0.1643,0.1637,0.1643,106758.8595
2026-01-29 14:00:00,0.1643,0.1647,0.1596,0.1598,1770824.9511
2026-01-29 15:00:00,0.1598,0.1598,0.1542,0.1575,5372908.1071
2026-01-29 16:00:00,0.1574,0.1593,0.1558,0.1592,1450041.253
2026-01-29 17:00:00,0.1594,0.1611,0.1569,0.1571,1771592.6187
2026-01-29 18:00:00,0.157,0.1578,0.1544,0.1547,2330141.8468
2026-01-29 19:00:00,0.1545,0.1569,0.1541,0.1561,1754637.3569
2026-01-29 20:00:00,0.1562,0.1582,0.1558,0.1581,436900.946
2026-01-29 21:00:00,0.1582,0.159,0.1582,0.1588,725545.0934
2026-01-29 22:00:00,0.1588,0.1593,0.1579,0.1585,360131.1467
2026-01-29 23:00:00,0.1585,0.1585,0.1576,0.1584,224976.723
2026-01-30 00:00:00,0.1585,0.159,0.1579,0.1583,537596.7706
2026-01-30 01:00:00,0.1583,0.1592,0.1522,0.1563,5338636.457
2026-01-30 02:00:00,0.1562,0.1562,0.1523,0.1542,1375250.5716
2026-01-30 03:00:00,0.1542,0.1548,0.1534,0.1536,471214.1199
2026-01-30 04:00:00,0.1537,0.1559,0.1537,0.1549,504053.9398
2026-01-30 05:00:00,0.1549,0.155,0.1541,0.1548,390668.6466
2026-01-30 06:00:00,0.1547,0.1547,0.1512,0.1524,933958.4037
2026-01-30 07:00:00,0.1525,0.1553,0.1525,0.1546,420939.0665
2026-01-30 08:00:00,0.1546,0.155,0.1531,0.1539,279322.1935
2026-01-30 09:00:00,0.1541,0.1546,0.1533,0.1539,590267.9529
2026-01-30 10:00:00,0.154,0.1548,0.1536,0.1548,318200.2861
2026-01-30 11:00:00,0.1547,0.1573,0.1544,0.1566,298076.662
2026-01-30 12:00:00,0.1567,0.1569,0.1554,0.1558,610272.3975
2026-01-30 13:00:00,0.1558,0.156,0.154,0.1544,777036.63
2026-01-30 14:00:00,0.1545,0.1563,0.1537,0.1543,818077.295
2026-01-30 15:00:00,0.1544,0.1555,0.1522,0.1546,928245.0354
2026-01-30 16:00:00,0.1545,0.1565,0.1537,0.1551,655430.5521
2026-01-30 17:00:00,0.1551,0.1565,0.1543,0.155,632977.1738
2026-01-30 18:00:00,0.1551,0.1577,0.1509,0.157,1156952.1161
2026-01-30 19:00:00,0.1571,0.1578,0.1563,0.1566,539716.5409
2026-01-30 20:00:00,0.1565,0.1565,0.1533,0.1542,1544959.051
2026-01-30 21:00:00,0.1543,0.1558,0.1539,0.1552,929259.5364
2026-01-30 22:00:00,0.155,0.1554,0.154,0.155,90583.7215
2026-01-30 23:00:00,0.1551,0.1554,0.1542,0.1552,338355.243
2026-01-31 00:00:00,0.1553,0.1553,0.1547,0.1548,163885.2471
2026-01-31 01:00:00,0.1548,0.1554,0.1545,0.1548,228134.3398
2026-01-31 02:00:00,0.1549,0.155,0.1537,0.1546,237433.6233
2026-01-31 03:00:00,0.1546,0.1547,0.154,0.1541,61255.8101
2026-01-31 04:00:00,0.1542,0.1547,0.1536,0.1538,351409.377
2026-01-31 05:00:00,0.1538,0.1543,0.1533,0.154,226191.1982
2026-01-31 06:00:00,0.154,0.1541,0.1524,0.1531,343512.8966
2026-01-31 07:00:00,0.1531,0.1532,0.1514,0.1526,252383.2641
2026-01-31 08:00:00,0.1526,0.1527,0.1488,0.1507,1759182.6673
2026-01-31 09:00:00,0.1507,0.1518,0.1504,0.151,364903.3081
2026-01-31 10:00:00,0.1508,0.151,0.1499,0.1503,429268.8732
2026-01-31 11:00:00,0.1501,0.1504,0.1493,0.1496,208480.1914
2026-01-31 12:00:00,0.1495,0.1497,0.1485,0.1487,294404.7989
2026-01-31 13:00:00,0.1488,0.1489,0.147,0.1477,698763.5135
2026-01-31 14:00:00,0.1478,0.1481,0.1384,0.1413,7049617.4488
2026-01-31 15:00:00,0.1412,0.1435,0.1412,0.1417,1216204.4399
2026-01-31 16:00:00,0.1418,0.1438,0.1404,0.1411,2585147.7237
2026-01-31 17:00:00,0.1411,0.1415,0.1329,0.1362,11879375.1298
2026-01-31 18:00:00,0.1363,0.1371,0.1255,0.134,12865007.1855
2026-01-31 19:00:00,0.1339,0.1366,0.1337,0.1351,2237140.0568
2026-01-31 20:00:00,0.135,0.1367,0.134,0.136,1424628.1827
2026-01-31 21:00:00,0.136,0.1382,0.1353,0.138,919345.4015
2026-01-31 22:00:00,0.1381,0.1382,0.1369,0.1378,878264.7496
2026-01-31 23:00:00,0.1379,0.141,0.1378,0.1401,562401.3604
2026-02-01 00:00:00,0.1401,0.1413,0.1399,0.1406,552831.4905
2026-02-01 01:00:00,0.1406,0.1407,0.1389,0.1406,717269.6142
2026-02-01 02:00:00,0.1407,0.1414,0.1402,0.1411,251083.296
2026-02-01 03:00:00,0.1411,0.1416,0.1406,0.1414,655107.7511
2026-02-01 04:00:00,0.1414,0.1421,0.1412,0.1414,244888.1626
2026-02-01 05:00:00,0.1414,0.1415,0.1402,0.1404,363610.5463
2026-02-01 06:00:00,0.1404,0.1411,0.1394,0.1397,296582.7908
2026-02-01 07:00:00,0.1399,0.1411,0.1391,0.1401,639014.5997
2026-02-01 08:00:00,0.1401,0.141,0.1395,0.1401,708055.1793
2026-02-01 09:00:00,0.1401,0.1409,0.1393,0.1407,487226.2882
2026-02-01 10:00:00,0.1407,0.1415,0.138,0.1381,895068.3794
2026-02-01 11:00:00,0.1382,0.1399,0.1382,0.1394,364759.5619
2026-02-01 12:00:00,0.1393,0.1394,0.1382,0.1387,561125.6689
2026-02-01 13:00:00,0.1388,0.14,0.1381,0.1386,306602.8769
2026-02-01 14:00:00,0.1386,0.1399,0.1365,0.1387,1529999.1993
2026-02-01 15:00:00,0.1386,0.1387,0.1347,0.1363,2329522.3635
2026-02-01 16:00:00,0.1363,0.1382,0.1354,0.1369,1777426.157
2026-02-01 17:00:00,0.1369,0.1376,0.1359,0.1371,703955.6803
2026-02-01 18:00:00,0.1372,0.14,0.1372,0.1383,1485515.6139
2026-02-01 19:00:00,0.1384,0.1387,0.1363,0.1368,540972.5504
2026-02-01 20:00:00,0.1368,0.1384,0.1355,0.1367,1372090.9895
2026-02-01 21:00:00,0.1367,0.1367,0.1342,0.1349,1237357.1473
2026-02-01 22:00:00,0.1351,0.1371,0.1344,0.1356,1850631.0218
2026-02-01 23:00:00,0.1355,0.1374,0.1315,0.1352,4252805.2743
2026-02-02 00:00:00,0.1353,0.1386,0.1341,0.1375,1623224.823
2026-02-02 01:00:00,0.1375,0.1383,0.1351,0.1369,3339594.1291
2026-02-02 02:00:00,0.1369,0.1375,0.1353,0.1354,581130.4266
2026-02-02 03:00:00,0.1354,0.1356,0.1302,0.1351,3328236.7955
2026-02-02 04:00:00,0.1352,0.1364,0.1329,0.1335,1858957.0374
2026-02-02 05:00:00,0.1335,0.1335,0.1292,0.1303,2864935.5161
2026-02-02 06:00:00,0.1302,0.1349,0.1286,0.1332,3624967.5734
2026-02-02 07:00:00,0.1333,0.1344,0.1325,0.133,905771.4527
2026-02-02 08:00:00,0.1331,0.1348,0.1331,0.1344,500634.684
2026-02-02 09:00:00,0.1344,0.1363,0.1337,0.1355,1430109.1983
2026-02-02 10:00:00,0.1356,0.1361,0.1353,0.1356,1881031.14
2026-02-02 11:00:00,0.1357,0.1363,0.1353,0.1355,662814.0512
2026-02-02 12:00:00,0.1356,0.1371,0.1356,0.1367,385794.5748
2026-02-02 13:00:00,0.1366,0.1374,0.1362,0.1371,611733.9039
2026-02-02 14:00:00,0.137,0.1391,0.1357,0.1378,1835394.9299
2026-02-02 15:00:00,0.138,0.1408,0.1375,0.1393,1379734.2365
2026-02-02 16:00:00,0.1392,0.14,0.1384,0.1386,1121723.6931
2026-02-02 17:00:00,0.1386,0.1395,0.1375,0.1381,803338.258
2026-02-02 18:00:00,0.1381,0.1388,0.1375,0.1383,408129.2505
2026-02-02 19:00:00,0.1382,0.1384,0.1372,0.1372,316814.0306
2026-02-02 20:00:00,0.1372,0.1378,0.1365,0.137,583023.6029
2026-02-02 21:00:00,0.137,0.1378,0.137,0.1376,470811.8718
2026-02-02 22:00:00,0.1377,0.1382,0.1374,0.1378,367350.6266
2026-02-02 23:00:00,0.1379,0.1379,0.137,0.1372,368908.9383
2026-02-03 00:00:00,0.1373,0.1375,0.1362,0.1372,337849.675
2026-02-03 01:00:00,0.1371,0.1372,0.1361,0.1369,325792.3251
2026-02-03 02:00:00,0.1369,0.137,0.1343,0.1343,697806.0134
2026-02-03 03:00:00,0.1342,0.137,0.1338,0.1367,689724.8599
2026-02-03 04:00:00,0.1368,0.1379,0.1365,0.1376,517460.2102
2026-02-03 05:00:00,0.1375,0.1375,0.1362,0.1363,1899330.8655
2026-02-03 06:00:00,0.1364,0.1368,0.1354,0.1367,700442.0096
2026-02-03 07:00:00,0.1366,0.1371,0.1362,0.1365,366997.2746
2026-02-03 08:00:00,0.1365,0.137,0.1359,0.136,313414.9047
2026-02-03 09:00:00,0.1361,0.1364,0.1339,0.1352,1102506.4643
2026-02-03 10:00:00,0.1353,0.1358,0.135,0.1353,266775.7637
2026-02-03 11:00:00,0.1353,0.1359,0.1352,0.1356,556459.6396
2026-02-03 12:00:00,0.1356,0.1371,0.1354,0.1368,622081.5915
2026-02-03 13:00:00,0.1367,0.137,0.1358,0.1365,491928.0504
2026-02-03 14:00:00,0.1365,0.1368,0.1334,0.1337,2814641.7558
2026-02-03 15:00:00,0.1337,0.137,0.133,0.1341,4411768.2925
2026-02-03 16:00:00,0.134,0.134,0.1301,0.1303,3327480.7551
2026-02-03 17:00:00,0.1303,0.1305,0.126,0.126,2127402.6897
2026-02-03 18:00:00,0.1261,0.1267,0.1241,0.1247,3813685.966
2026-02-03 19:00:00,0.1246,0.131,0.1244,0.1297,3304510.4734
2026-02-03 20:00:00,0.1295,0.1351,0.1277,0.1344,5533741.1547
2026-02-03 21:00:00,0.1345,0.1357,0.1322,0.1325,1735459.1423
2026-02-03 22:00:00,0.1325,0.1325,0.1305,0.1309,736700.9592
2026-02-03 23:00:00,0.1308,0.131,0.1295,0.1304,1234560.4073
2026-02-04 00:00:00,0.1304,0.1317,0.1297,0.1311,325341.9711
2026-02-04 01:00:00,0.1312,0.1333,0.1312,0.1328,616275.3585
2026-02-04 02:00:00,0.1327,0.1328,0.1315,0.1322,420996.8681
2026-02-04 03:00:00,0.1321,0.1344,0.132,0.1338,1164322.7579
2026-02-04 04:00:00,0.1337,0.1345,0.1335,0.134,459934.1237
2026-02-04 05:00:00,0.134,0.1344,0.1328,0.1334,450305.5262
2026-02-04 06:00:00,0.1334,0.1349,0.1333,0.1345,746059.6442
2026-02-04 07:00:00,0.1344,0.1349,0.1336,0.1346,596668.4215
2026-02-04 08:00:00,0.1347,0.1356,0.1343,0.1352,431814.6158
2026-02-04 09:00:00,0.1351,0.1353,0.1344,0.135,466131.0446
2026-02-04 10:00:00,0.1352,0.1362,0.135,0.1357,1128712.399
2026-02-04 11:00:00,0.1356,0.1364,0.1339,0.1355,2276700.5802
2026-02-04 12:00:00,0.1355,0.1363,0.1351,0.136,873520.983
2026-02-04 13:00:00,0.1358,0.1359,0.1331,0.1331,1914472.3301
2026-02-04 14:00:00,0.1331,0.1344,0.1313,0.1318,1782162.2782
2026-02-04 15:00:00,0.1317,0.134,0.1297,0.1311,1802359.6408
2026-02-04 16:00:00,0.131,0.1323,0.1291,0.1309,3473055.6978
2026-02-04 17:00:00,0.1308,0.1319,0.1291,0.1311,1730708.2944
2026-02-04 18:00:00,0.1311,0.1332,0.1284,0.1309,2325152.0028
2026-02-04 19:00:00,0.131,0.1333,0.1298,0.133,1142700.5866
2026-02-04 20:00:00,0.133,0.133,0.131,0.1313,418427.6662
2026-02-04 21:00:00,0.1313,0.1316,0.1271,0.1287,1288983.4574
2026-02-04 22:00:00,0.1287,0.1308,0.1263,0.1274,1155872.6462
2026-02-04 23:00:00,0.1274,0.1299,0.127,0.1284,2237651.5383
2026-02-05 00:00:00,0.1284,0.1294,0.128,0.128,330922.9475
2026-02-05 01:00:00,0.1279,0.1298,0.1267,0.1278,1688428.7389
2026-02-05 02:00:00,0.1278,0.1286,0.126,0.1261,1432367.4878
2026-02-05 03:00:00,0.1262,0.1272,0.1251,0.1253,1139923.8581
2026-02-05 04:00:00,0.1254,0.1263,0.1245,0.1249,1143277.977
2026-02-05 05:00:00,0.125,0.1268,0.1237,0.1255,2587819.0576
2026-02-05 06:00:00,0.1256,0.1258,0.1242,0.1247,1206110.0119
2026-02-05 07:00:00,0.1247,0.1265,0.1245,0.1247,1311890.9154
2026-02-05 08:00:00,0.1248,0.1267,0.1248,0.1265,775482.4349
2026-02-05 09:00:00,0.1265,0.1279,0.1263,0.1268,1306273.8247
2026-02-05 10:00:00,0.1268,0.1273,0.1236,0.1242,2126792.5435
2026-02-05 11:00:00,0.1243,0.1247,0.1213,0.1232,2665147.3726
2026-02-05 12:00:00,0.1233,0.1238,0.1217,0.1229,2690555.0379
2026-02-05 13:00:00,0.1229,0.124,0.1221,0.1222,894724.1577
2026-02-05 14:00:00,0.1223,0.1251,0.1221,0.1224,2271592.9855
2026-02-05 15:00:00,0.1222,0.1227,0.1136,0.1161,10523785.5333
2026-02-05 16:00:00,0.1162,0.1187,0.1152,0.1167,4627904.3651
2026-02-05 17:00:00,0.1167,0.1175,0.1124,0.1134,4749029.5187
2026-02-05 18:00:00,0.1135,0.1147,0.112,0.1147,2713693.1953
2026-02-05 19:00:00,0.1144,0.1146,0.1122,0.1125,986550.1486
2026-02-05 20:00:00,0.1126,0.1135,0.1062,0.1088,8799896.5277
2026-02-05 21:00:00,0.1087,0.1118,0.1076,0.1084,3934763.5863
2026-02-05 22:00:00,0.1085,0.111,0.1068,0.1088,2923055.3514
2026-02-05 23:00:00,0.1089,0.1113,0.1073,0.1077,3700631.1754
2026-02-06 00:00:00,0.1078,0.1085,0.0944,0.1061,37466786.9738
2026-02-06 01:00:00,0.1061,0.1107,0.1056,0.1104,3122071.1031
2026-02-06 02:00:00,0.1105,0.1113,0.1072,0.1076,2575375.7431
2026-02-06 03:00:00,0.1078,0.1084,0.1065,0.1076,1498804.8404
2026-02-06 04:00:00,0.1077,0.1094,0.1071,0.1088,966058.9495
2026-02-06 05:00:00,0.1088,0.1116,0.1086,0.1111,1375273.4298
2026-02-06 06:00:00,0.1111,0.1117,0.1084,0.1087,1726762.3878
2026-02-06 07:00:00,0.1087,0.1088,0.1072,0.1077,1185994.9432
2026-02-06 08:00:00,0.1078,0.1086,0.1068,0.1077,1549333.2559
2026-02-06 09:00:00,0.1077,0.1114,0.1075,0.111,1558759.4298
2026-02-06 10:00:00,0.111,0.1122,0.1105,0.112,968924.7048
2026-02-06 11:00:00,0.1119,0.1123,0.1114,0.1118,776957.2626
2026-02-06 12:00:00,0.1117,0.1117,0.1109,0.1116,994007.2132
2026-02-06 13:00:00,0.1116,0.113,0.1115,0.1119,889746.2354
2026-02-06 14:00:00,0.1118,0.1149,0.1109,0.1144,1706193.772
2026-02-06 15:00:00,0.1143,0.116,0.1133,0.1158,1912120.0462
2026-02-06 16:00:00,0.1158,0.1201,0.1153,0.1192,3751342.8653
2026-02-06 17:00:00,0.1192,0.1221,0.1187,0.1209,2208736.9732
2026-02-06 18:00:00,0.1208,0.1209,0.1177,0.1188,1306459.7511
2026-02-06 19:00:00,0.1187,0.1196,0.1181,0.1194,1234203.7459
2026-02-06 20:00:00,0.1193,0.1201,0.1179,0.1186,1126677.1569
2026-02-06 21:00:00,0.1187,0.1196,0.118,0.1196,640252.1476
2026-02-06 22:00:00,0.1195,0.1215,0.1195,0.1209,1412025.6983
2026-02-06 23:00:00,0.1209,0.1216,0.1194,0.1203,599190.1042
2026-02-07 00:00:00,0.1201,0.1201,0.1187,0.1194,844706.7762
2026-02-07 01:00:00,0.1194,0.1206,0.1186,0.1201,696852.5553
2026-02-07 02:00:00,0.12,0.1201,0.1191,0.1199,552924.6507
2026-02-07 03:00:00,0.1199,0.1212,0.1199,0.1209,599343.6729
2026-02-07 04:00:00,0.1208,0.1221,0.12,0.1204,669894.9598
2026-02-07 05:00:00,0.1204,0.1211,0.1196,0.1199,467198.1249
2026-02-07 06:00:00,0.1199,0.1201,0.1175,0.1175,1182438.1671
2026-02-07 07:00:00,0.1177,0.118,0.115,0.1162,1492317.8276
2026-02-07 08:00:00,0.1161,0.1167,0.1158,0.1166,629453.6957
2026-02-07 09:00:00,0.1165,0.1169,0.116,0.1163,637705.8567
2026-02-07 10:00:00,0.1163,0.1166,0.1156,0.1165,251056.8655
2026-02-07 11:00:00,0.1165,0.1171,0.1163,0.117,229594.2262
2026-02-07 12:00:00,0.1169,0.1212,0.1169,0.1202,2057293.6495
2026-02-07 13:00:00,0.1202,0.1205,0.1186,0.1193,395962.383
2026-02-07 14:00:00,0.1194,0.1194,0.1175,0.1177,773495.439
2026-02-07 15:00:00,0.1178,0.1199,0.1175,0.1199,957104.53
2026-02-07 16:00:00,0.12,0.1256,0.1196,0.1202,6411928.5163
2026-02-07 17:00:00,0.1204,0.1208,0.1195,0.1201,737327.1183
2026-02-07 18:00:00,0.1201,0.1221,0.1199,0.1214,505677.0086
2026-02-07 19:00:00,0.1214,0.1214,0.1204,0.1206,164891.4916
2026-02-07 20:00:00,0.1206,0.1213,0.1204,0.121,275354.8893
2026-02-07 21:00:00,0.1211,0.1212,0.1205,0.1208,381344.1757
2026-02-07 22:00:00,0.1208,0.1211,0.1202,0.1202,333452.9159
2026-02-07 23:00:00,0.1202,0.1204,0.1194,0.12,290045.3305
2026-02-08 00:00:00,0.12,0.1201,0.1196,0.12,272549.5714
2026-02-08 01:00:00,0.1201,0.1203,0.1196,0.1198,203621.8602
2026-02-08 02:00:00,0.1199,0.1202,0.1188,0.1191,304992.5428
2026-02-08 03:00:00,0.1193,0.1193,0.1184,0.1187,310838.8083
2026-02-08 04:00:00,0.1186,0.119,0.1183,0.1189,235108.3476
2026-02-08 05:00:00,0.1189,0.119,0.1182,0.1183,278928.1198
2026-02-08 06:00:00,0.1184,0.1185,0.1178,0.1179,361122.5788
2026-02-08 07:00:00,0.118,0.1181,0.1173,0.1181,272211.6179
2026-02-08 08:00:00,0.1181,0.1198,0.1178,0.1194,528880.0714
2026-02-08 09:00:00,0.1194,0.1198,0.1182,0.1183,245410.4731
2026-02-08 10:00:00,0.1184,0.1189,0.1174,0.1179,434626.9497
2026-02-08 11:00:00,0.118,0.1199,0.118,0.1196,591401.559
2026-02-08 12:00:00,0.1197,0.1197,0.1188,0.1194,313907.5323
2026-02-08 13:00:00,0.1193,0.1196,0.1186,0.1192,1071955.6956
2026-02-08 14:00:00,0.1193,0.1194,0.1186,0.1191,373399.8524
2026-02-08 15:00:00,0.1191,0.1193,0.1174,0.1178,535408.6613
2026-02-08 16:00:00,0.1178,0.1179,0.1149,0.1153,574910.2314
2026-02-08 17:00:00,0.1155,0.1165,0.1155,0.1164,584199.0979
2026-02-08 18:00:00,0.1165,0.1179,0.1164,0.1175,390293.9849
2026-02-08 19:00:00,0.1174,0.1178,0.117,0.1177,449233.8269
2026-02-08 20:00:00,0.1174,0.1174,0.1163,0.1163,239296.8533
2026-02-08 21:00:00,0.1164,0.1168,0.1155,0.116,575077.0862
2026-02-08 22:00:00,0.116,0.1167,0.116,0.1167,451740.147
2026-02-08 23:00:00,0.1168,0.1193,0.1154,0.1165,876716.0139
2026-02-09 00:00:00,0.1164,0.1168,0.1156,0.1163,366018.9592
2026-02-09 01:00:00,0.1163,0.1174,0.1155,0.1162,1096395.8022
2026-02-09 02:00:00,0.1163,0.1173,0.1159,0.1166,496608.562
2026-02-09 03:00:00,0.1167,0.1179,0.1165,0.1177,447224.4941
2026-02-09 04:00:00,0.1176,0.1176,0.1166,0.1168,373742.2049
2026-02-09 05:00:00,0.1167,0.1168,0.1162,0.1164,457469.6636
2026-02-09 06:00:00,0.1163,0.1163,0.115,0.1153,417082.8713
2026-02-09 07:00:00,0.1152,0.1155,0.114,0.1141,548377.1799
2026-02-09 08:00:00,0.114,0.1142,0.1121,0.1125,990504.066
2026-02-09 09:00:00,0.1125,0.1126,0.1111,0.1112,460007.2433
2026-02-09 10:00:00,0.1112,0.1113,0.1095,0.1097,1386586.2272
2026-02-09 11:00:00,0.1099,0.1108,0.1099,0.1103,866920.6073
2026-02-09 12:00:00,0.1103,0.111,0.1103,0.1107,375613.4595
2026-02-09 13:00:00,0.1108,0.1111,0.109,0.109,843233.8558
2026-02-09 14:00:00,0.109,0.1104,0.1081,0.1102,1314476.0843
2026-02-09 15:00:00,0.1104,0.1112,0.1091,0.1109,976164.9789
2026-02-09 16:00:00,0.1109,0.1142,0.1102,0.1131,1900636.7781
2026-02-09 17:00:00,0.1131,0.1156,0.1124,0.1148,1640380.4667
2026-02-09 18:00:00,0.1149,0.1151,0.1131,0.1137,957293.2126
2026-02-09 19:00:00,0.1138,0.1142,0.1131,0.1139,744591.1683
2026-02-09 20:00:00,0.1139,0.1144,0.1128,0.1129,462772.858
2026-02-09 21:00:00,0.1129,0.1133,0.1115,0.1129,371286.8304
2026-02-09 22:00:00,0.1129,0.1138,0.1128,0.1134,434291.444
2026-02-09 23:00:00,0.1134,0.1138,0.113,0.1131,408837.6665
2026-02-10 00:00:00,0.1133,0.1135,0.1126,0.113,210322.0771
2026-02-10 01:00:00,0.1131,0.1133,0.1127,0.1129,313101.0027
2026-02-10 02:00:00,0.113,0.113,0.112,0.1123,288956.1648
2026-02-10 03:00:00,0.1124,0.1125,0.1097,0.1103,1338820.6182
2026-02-10 04:00:00,0.1102,0.1113,0.1101,0.1111,425832.1023
2026-02-10 05:00:00,0.1114,0.1114,0.1099,0.1101,735902.7066
2026-02-10 06:00:00,0.1101,0.1103,0.108,0.1084,1803992.1629
2026-02-10 07:00:00,0.1085,0.1097,0.1085,0.1094,562495.6506
2026-02-10 08:00:00,0.1095,0.1095,0.1088,0.1094,601582.7716
2026-02-10 09:00:00,0.1093,0.11,0.1093,0.1097,666595.2885
2026-02-10 10:00:00,0.1098,0.11,0.1091,0.1091,492447.9832
2026-02-10 11:00:00,0.1092,0.1094,0.1085,0.1086,516410.6386
2026-02-10 12:00:00,0.1087,0.1093,0.1086,0.1088,925744.9138
2026-02-10 13:00:00,0.1087,0.1098,0.1087,0.1097,268296.501
2026-02-10 14:00:00,0.1098,0.1112,0.1094,0.1101,1252854.5728
2026-02-10 15:00:00,0.11,0.1121,0.1097,0.1113,936005.0545
2026-02-10 16:00:00,0.1114,0.1119,0.11,0.1104,690395.4752
2026-02-10 17:00:00,0.1104,0.1111,0.11,0.1108,451832.5044
2026-02-10 18:00:00,0.1108,0.111,0.1085,0.1091,535255.2723
2026-02-10 19:00:00,0.1091,0.1098,0.1085,0.1096,307125.1426
2026-02-10 20:00:00,0.1095,0.1099,0.1091,0.1095,456809.3251
2026-02-10 21:00:00,0.1095,0.1098,0.1088,0.1093,155520.982
2026-02-10 22:00:00,0.1093,0.1103,0.1091,0.1098,441777.5604
2026-02-10 23:00:00,0.1097,0.1102,0.1096,0.11,529845.0254
2026-02-11 00:00:00,0.11,0.1106,0.1099,0.1105,677969.5595
2026-02-11 01:00:00,0.1104,0.1113,0.1103,0.1111,261750.9747
2026-02-11 02:00:00,0.1111,0.1116,0.1107,0.1107,310393.2938
2026-02-11 03:00:00,0.1107,0.1112,0.1092,0.1104,1012120.8799
2026-02-11 04:00:00,0.1104,0.1104,0.1085,0.1088,585823.6185
2026-02-11 05:00:00,0.1089,0.1094,0.1081,0.1083,297437.9361
2026-02-11 06:00:00,0.1084,0.1084,0.1068,0.1072,619711.8708
2026-02-11 07:00:00,0.1072,0.1076,0.1067,0.1072,367096.8863
2026-02-11 08:00:00,0.1071,0.1072,0.1065,0.1069,477957.9366
2026-02-11 09:00:00,0.107,0.1071,0.1065,0.1067,959208.1944
2026-02-11 10:00:00,0.1066,0.1069,0.106,0.1065,373612.4782
2026-02-11 11:00:00,0.1065,0.1074,0.1065,0.1072,224269.8928
2026-02-11 12:00:00,0.1072,0.1078,0.1069,0.1077,291590.9004
2026-02-11 13:00:00,0.1078,0.1091,0.1073,0.1091,1477410.8329
2026-02-11 14:00:00,0.1092,0.1128,0.1067,0.1068,2289380.118
2026-02-11 15:00:00,0.1067,0.1071,0.1049,0.1069,1811371.7475
2026-02-11 16:00:00,0.1069,0.1086,0.1062,0.1063,1885080.748
2026-02-11 17:00:00,0.1061,0.1082,0.1058,0.1073,519687.3728
2026-02-11 18:00:00,0.1073,0.109,0.1064,0.1084,763528.4986
2026-02-11 19:00:00,0.1085,0.1087,0.1073,0.1077,865287.2239
2026-02-11 20:00:00,0.1077,0.1089,0.1072,0.1085,846331.0001
2026-02-11 21:00:00,0.1087,0.1104,0.1084,0.1098,1015650.7313
2026-02-11 22:00:00,0.1098,0.1103,0.1088,0.1091,544113.7771
2026-02-11 23:00:00,0.1088,0.1092,0.1076,0.1083,786611.5
2026-02-12 00:00:00,0.1083,0.1097,0.1083,0.1093,542564.4413
2026-02-12 01:00:00,0.1094,0.1102,0.1092,0.1097,578028.994
2026-02-12 02:00:00,0.1096,0.1104,0.1091,0.1098,802899.6477
2026-02-12 03:00:00,0.1098,0.1105,0.1097,0.1104,803212.84
2026-02-12 04:00:00,0.1103,0.1116,0.1103,0.111,442617.9019
2026-02-12 05:00:00,0.111,0.1115,0.1102,0.1112,720655.8585
2026-02-12 06:00:00,0.1112,0.1124,0.1111,0.1117,693695.8108
2026-02-12 07:00:00,0.1117,0.1124,0.1111,0.1124,382873.7089
2026-02-12 08:00:00,0.1124,0.1124,0.1108,0.1113,882059.0205
2026-02-12 09:00:00,0.1112,0.1122,0.111,0.1117,1163675.0815
2026-02-12 10:00:00,0.1118,0.1129,0.1114,0.1129,912314.575
2026-02-12 11:00:00,0.1127,0.1132,0.1121,0.1122,578150.8609
2026-02-12 12:00:00,0.1122,0.1123,0.1103,0.1106,329436.6008
2026-02-12 13:00:00,0.1105,0.1109,0.1094,0.1108,845473.9015
2026-02-12 14:00:00,0.1108,0.1109,0.1097,0.1104,563431.2514
2026-02-12 15:00:00,0.1104,0.1123,0.1095,0.1104,1285815.9915
2026-02-12 16:00:00,0.1105,0.1106,0.1081,0.1086,1246676.8573
2026-02-12 17:00:00,0.1088,0.1096,0.1082,0.1083,1620977.7892
2026-02-12 18:00:00,0.1082,0.1094,0.108,0.1092,670779.8529
2026-02-12 19:00:00,0.1094,0.1117,0.1087,0.11,714107.0745
2026-02-12 20:00:00,0.1101,0.1102,0.1085,0.1089,713235.3854
2026-02-12 21:00:00,0.109,0.1096,0.109,0.1092,277578.8093
2026-02-12 22:00:00,0.1091,0.1108,0.109,0.1108,468411.2372
2026-02-12 23:00:00,0.1109,0.112,0.1108,0.1117,1437882.6429
2026-02-13 00:00:00,0.1117,0.1121,0.1099,0.1101,635961.5463
2026-02-13 01:00:00,0.1101,0.1104,0.1095,0.1097,505577.399
2026-02-13 02:00:00,0.1098,0.1102,0.1096,0.1101,234472.8389
2026-02-13 03:00:00,0.11,0.11,0.1092,0.1095,554523.844
2026-02-13 04:00:00,0.1096,0.1096,0.1089,0.1092,263354.6645
2026-02-13 05:00:00,0.1092,0.1095,0.1087,0.1087,156255.3775
2026-02-13 06:00:00,0.1088,0.1098,0.1084,0.1098,171953.157
2026-02-13 07:00:00,0.1098,0.1103,0.1096,0.1101,738298.5022
2026-02-13 08:00:00,0.1101,0.1117,0.11,0.1113,671359.7703
2026-02-13 09:00:00,0.1113,0.1113,0.1106,0.1107,255837.4409
2026-02-13 10:00:00,0.1108,0.1113,0.1107,0.1108,279582.0617
2026-02-13 11:00:00,0.1108,0.111,0.1104,0.1107,1025427.7126
2026-02-13 12:00:00,0.1107,0.1107,0.11,0.1102,423318.5874
2026-02-13 13:00:00,0.1102,0.1118,0.1099,0.1108,954661.8793
2026-02-13 14:00:00,0.1109,0.1127,0.1103,0.1114,1930440.8105
2026-02-13 15:00:00,0.1116,0.1153,0.1114,0.1133,2186894.4376
2026-02-13 16:00:00,0.1133,0.1157,0.113,0.1152,1195451.5218
2026-02-13 17:00:00,0.1151,0.1161,0.1145,0.1155,1644061.0969
2026-02-13 18:00:00,0.1154,0.1161,0.1149,0.1157,360376.4093
2026-02-13 19:00:00,0.1156,0.1162,0.1155,0.1158,344755.409
2026-02-13 20:00:00,0.1157,0.116,0.1154,0.1158,497164.9582
2026-02-13 21:00:00,0.1159,0.1167,0.1158,0.1163,322813.8383
2026-02-13 22:00:00,0.1163,0.1166,0.1157,0.1159,397929.2506
2026-02-13 23:00:00,0.116,0.116,0.1154,0.1155,605379.9017
2026-02-14 00:00:00,0.1155,0.1162,0.1149,0.1159,486816.7265
2026-02-14 01:00:00,0.1159,0.1161,0.1155,0.1161,229783.4492
2026-02-14 02:00:00,0.1161,0.1166,0.1159,0.1161,266872.4527
2026-02-14 03:00:00,0.116,0.1165,0.116,0.1162,312259.5214
2026-02-14 04:00:00,0.1163,0.1164,0.1158,0.1161,183798.1484
2026-02-14 05:00:00,0.116,0.1165,0.1155,0.1156,655402.3232
2026-02-14 06:00:00,0.1156,0.1158,0.1152,0.1155,169497.9232
2026-02-14 07:00:00,0.1156,0.1163,0.1156,0.1162,233457.9998
2026-02-14 08:00:00,0.1162,0.1176,0.1161,0.1175,299723.7907
2026-02-14 09:00:00,0.1175,0.1178,0.1173,0.1176,247320.7483
2026-02-14 10:00:00,0.1174,0.1175,0.1172,0.1174,232987.4492
2026-02-14 11:00:00,0.1175,0.1193,0.1173,0.119,414586.8533
2026-02-14 12:00:00,0.1191,0.1197,0.1182,0.1182,362918.6876
2026-02-14 13:00:00,0.1182,0.1184,0.1172,0.1178,350355.1685
2026-02-14 14:00:00,0.1178,0.1198,0.1177,0.1196,469772.3506
2026-02-14 15:00:00,0.1196,0.1197,0.1185,0.1196,743176.2566
2026-02-14 16:00:00,0.1197,0.1204,0.1186,0.1202,428840.8787
2026-02-14 17:00:00,0.1203,0.121,0.1197,0.1198,340020.7465
2026-02-14 18:00:00,0.1197,0.1208,0.1197,0.1207,361703.5921
2026-02-14 19:00:00,0.1207,0.1221,0.1202,0.1219,618595.7858
2026-02-14 20:00:00,0.122,0.1223,0.1205,0.1211,405338.0004
2026-02-14 21:00:00,0.1211,0.1218,0.12,0.1205,397739.3126
2026-02-14 22:00:00,0.1205,0.1221,0.1204,0.1214,367908.446
2026-02-14 23:00:00,0.1213,0.1214,0.1203,0.1205,261938.7507
2026-02-15 00:00:00,0.1206,0.1208,0.1195,0.12,425799.9375
2026-02-15 01:00:00,0.1199,0.1208,0.1191,0.12,469918.3
2026-02-15 02:00:00,0.12,0.1206,0.1187,0.1197,488301.6447
2026-02-15 03:00:00,0.1196,0.1199,0.1179,0.1198,660219.6425
2026-02-15 04:00:00,0.1198,0.1216,0.1198,0.12,421334.1125
2026-02-15 05:00:00,0.1202,0.1211,0.12,0.1206,344877.9935
2026-02-15 06:00:00,0.1205,0.1208,0.1193,0.1199,1108019.1821
2026-02-15 07:00:00,0.1199,0.1213,0.1198,0.1208,382338.5969
2026-02-15 08:00:00,0.1208,0.1212,0.1179,0.1188,575456.0155
2026-02-15 09:00:00,0.1188,0.1195,0.1185,0.1191,301014.0009
2026-02-15 10:00:00,0.119,0.119,0.1177,0.1185,404115.7969
2026-02-15 11:00:00,0.1185,0.1187,0.1181,0.1182,251366.1164
2026-02-15 12:00:00,0.1184,0.1184,0.1151,0.1151,506668.0971
2026-02-15 13:00:00,0.1152,0.1161,0.1137,0.1142,894516.1046
2026-02-15 14:00:00,0.1142,0.1154,0.114,0.1154,367971.7768
2026-02-15 15:00:00,0.1154,0.1156,0.1149,0.1152,138848.0327
2026-02-15 16:00:00,0.1151,0.1152,0.1143,0.115,585870.8927
2026-02-15 17:00:00,0.115,0.1152,0.1127,0.1138,970706.5032
2026-02-15 18:00:00,0.1136,0.1141,0.1127,0.1128,743911.3688
2026-02-15 19:00:00,0.1131,0.1136,0.1122,0.1131,507042.5011
2026-02-15 20:00:00,0.113,0.114,0.1127,0.1138,247461.3147
2026-02-15 21:00:00,0.1138,0.1145,0.1138,0.1142,247757.7476
2026-02-15 22:00:00,0.1141,0.1147,0.1139,0.1145,747526.5625
2026-02-15 23:00:00,0.1146,0.1147,0.1133,0.1147,203160.8264
2026-02-16 00:00:00,0.1146,0.1152,0.1143,0.1147,231012.4423
2026-02-16 01:00:00,0.1146,0.1149,0.1137,0.1142,200024.0458
2026-02-16 02:00:00,0.1143,0.1143,0.1137,0.1138,276410.0535
2026-02-16 03:00:00,0.1138,0.1141,0.1136,0.1141,147605.5834
2026-02-16 04:00:00,0.1141,0.1149,0.114,0.1149,124773.9569
2026-02-16 05:00:00,0.115,0.1152,0.1132,0.1135,248943.9969
2026-02-16 06:00:00,0.1134,0.1145,0.1133,0.114,550279.071
2026-02-16 07:00:00,0.1139,0.1142,0.1133,0.1135,257816.3219
2026-02-16 08:00:00,0.1135,0.1144,0.1135,0.114,133339.7055
2026-02-16 09:00:00,0.114,0.1152,0.114,0.1149,360155.3855
2026-02-16 10:00:00,0.1149,0.115,0.1142,0.1142,204335.8618
2026-02-16 11:00:00,0.1143,0.1146,0.1126,0.1144,549355.5673
2026-02-16 12:00:00,0.1144,0.1168,0.1142,0.1167,1097871.0988
2026-02-16 13:00:00,0.1167,0.1172,0.1136,0.1139,1187040.0758
2026-02-16 14:00:00,0.114,0.115,0.1131,0.1142,778583.3924
2026-02-16 15:00:00,0.1142,0.1149,0.1115,0.1121,1611903.2628
2026-02-16 16:00:00,0.1121,0.1132,0.1119,0.1129,1346139.8428
2026-02-16 17:00:00,0.1128,0.1132,0.1122,0.1126,644548.5314
2026-02-16 18:00:00,0.1127,0.1134,0.1127,0.1128,462091.6981
2026-02-16 19:00:00,0.1129,0.1138,0.1127,0.1135,306119.5177
2026-02-16 20:00:00,0.1136,0.115,0.1133,0.1149,533995.292
2026-02-16 21:00:00,0.1149,0.1159,0.1145,0.1158,304662.5911
2026-02-16 22:00:00,0.1157,0.116,0.1149,0.1151,562705.3735
2026-02-16 23:00:00,0.1152,0.1153,0.1149,0.1152,374777.1302
2026-02-17 00:00:00,0.1153,0.1155,0.1148,0.1149,375205.7588
2026-02-17 01:00:00,0.1149,0.1153,0.1147,0.1148,160095.5926
2026-02-17 02:00:00,0.1148,0.1159,0.1141,0.1156,289842.7323
2026-02-17 03:00:00,0.1154,0.1155,0.1148,0.1149,197614.5472
2026-02-17 04:00:00,0.1147,0.1152,0.1145,0.1149,162049.9592
2026-02-17 05:00:00,0.1148,0.1148,0.1132,0.1138,177070.6709
2026-02-17 06:00:00,0.114,0.1144,0.114,0.1143,269526.8354
2026-02-17 07:00:00,0.1142,0.1144,0.1139,0.1142,137798.6371
2026-02-17 08:00:00,0.1142,0.1146,0.1136,0.1136,385804.8942
2026-02-17 09:00:00,0.1136,0.1137,0.1131,0.1134,137999.6119
2026-02-17 10:00:00,0.1134,0.1135,0.1124,0.1127,163009.931
2026-02-17 11:00:00,0.1129,0.1136,0.1129,0.1135,334702.6186
2026-02-17 12:00:00,0.1134,0.1139,0.1129,0.1131,240256.899
2026-02-17 13:00:00,0.1129,0.1146,0.1127,0.1141,546397.1301
2026-02-17 14:00:00,0.1141,0.1146,0.1113,0.1117,1470588.4735
2026-02-17 15:00:00,0.1116,0.1133,0.1114,0.1133,483950.1845
2026-02-17 16:00:00,0.1133,0.1154,0.1132,0.1139,506323.2222
2026-02-17 17:00:00,0.1138,0.1139,0.1122,0.1128,425396.1963
2026-02-17 18:00:00,0.1127,0.1151,0.1126,0.1144,346273.7454
2026-02-17 19:00:00,0.1145,0.1146,0.1135,0.1136,425975.6765
2026-02-17 20:00:00,0.1136,0.1138,0.1128,0.1132,301605.9405
2026-02-17 21:00:00,0.1132,0.1136,0.113,0.1132,171265.038
2026-02-17 22:00:00,0.1134,0.1135,0.1127,0.1128,280317.989
2026-02-17 23:00:00,0.1127,0.113,0.1126,0.1128,264126.2415
2026-02-18 00:00:00,0.1128,0.113,0.1124,0.1124,377584.1173
2026-02-18 01:00:00,0.1124,0.1125,0.1119,0.1123,424262.9327
2026-02-18 02:00:00,0.1124,0.1132,0.1123,0.1127,190614.1801
2026-02-18 03:00:00,0.1129,0.1134,0.1128,0.1133,111197.3193
2026-02-18 04:00:00,0.1133,0.1133,0.113,0.1131,263827.1419
2026-02-18 05:00:00,0.1132,0.1138,0.1131,0.1136,119077.6517
2026-02-18 06:00:00,0.1136,0.1138,0.1132,0.1133,216251.6602
2026-02-18 07:00:00,0.1132,0.1144,0.1131,0.1138,397672.7192
2026-02-18 08:00:00,0.1139,0.1143,0.1137,0.1137,181152.2312
2026-02-18 09:00:00,0.1137,0.1138,0.1134,0.1134,238650.7554
2026-02-18 10:00:00,0.1135,0.1139,0.1129,0.1129,308679.3677
2026-02-18 11:00:00,0.1129,0.113,0.1117,0.1122,168896.0194
2026-02-18 12:00:00,0.1122,0.1125,0.1113,0.1116,570040.4718
2026-02-18 13:00:00,0.1117,0.1117,0.1104,0.1108,659022.6998
2026-02-18 14:00:00,0.1109,0.1113,0.1101,0.1112,839050.6339
2026-02-18 15:00:00,0.1112,0.1134,0.1112,0.112,633869.3905
2026-02-18 16:00:00,0.1121,0.1121,0.1104,0.1107,308951.9154
2026-02-18 17:00:00,0.1107,0.1118,0.1095,0.1101,836713.1727
2026-02-18 18:00:00,0.1102,0.1103,0.1088,0.1089,1263629.9006
2026-02-18 19:00:00,0.1088,0.1092,0.1075,0.1085,702459.3281
2026-02-18 20:00:00,0.1083,0.1091,0.1081,0.1085,609059.0061
2026-02-18 21:00:00,0.1084,0.1084,0.1072,0.1076,468953.369
2026-02-18 22:00:00,0.1076,0.1078,0.1069,0.1077,374692.4815
2026-02-18 23:00:00,0.1076,0.1079,0.1075,0.1077,203262.4103
2026-02-19 00:00:00,0.1077,0.1077,0.1069,0.1071,197965.9642
2026-02-19 01:00:00,0.1072,0.1084,0.1072,0.1083,822666.9821
2026-02-19 02:00:00,0.1083,0.1086,0.1077,0.1079,410051.7863
2026-02-19 03:00:00,0.1077,0.1079,0.1073,0.1078,120926.3808
2026-02-19 04:00:00,0.1078,0.1084,0.1077,0.1077,225971.5007
2026-02-19 05:00:00,0.1076,0.108,0.1065,0.107,406089.2382
2026-02-19 06:00:00,0.1069,0.1075,0.1068,0.1071,168705.0106
2026-02-19 07:00:00,0.1071,0.1071,0.1062,0.1065,652930.6977
2026-02-19 08:00:00,0.1064,0.1064,0.1039,0.1044,1659781.1284
2026-02-19 09:00:00,0.1044,0.1053,0.1043,0.1049,466105.9763
2026-02-19 10:00:00,0.1048,0.105,0.104,0.1041,865336.5595
2026-02-19 11:00:00,0.104,0.1043,0.1037,0.104,631401.6905
2026-02-19 12:00:00,0.104,0.1045,0.1039,0.1039,188815.3628
2026-02-19 13:00:00,0.104,0.104,0.1012,0.1019,1346316.9908
2026-02-19 14:00:00,0.102,0.1021,0.0995,0.1004,2007365.3076
2026-02-19 15:00:00,0.1004,0.1009,0.0978,0.0981,1201357.6604
2026-02-19 16:00:00,0.0981,0.1001,0.0976,0.0991,1330549.25
2026-02-19 17:00:00,0.0992,0.1,0.0983,0.0991,717484.4399
2026-02-19 18:00:00,0.099,0.1003,0.099,0.0994,923333.9804
2026-02-19 19:00:00,0.0994,0.0994,0.0975,0.0984,841790.7738
2026-02-19 20:00:00,0.0983,0.0993,0.0982,0.0985,1006734.5325
2026-02-19 21:00:00,0.0985,0.0988,0.0984,0.0985,571338.0237
2026-02-19 22:00:00,0.0983,0.0984,0.0971,0.0977,966112.4384
2026-02-19 23:00:00,0.0976,0.0984,0.0974,0.0979,787183.8019
2026-02-20 00:00:00,0.0979,0.0984,0.0977,0.0984,966266.8079
2026-02-20 01:00:00,0.0983,0.0984,0.0964,0.0973,1319967.2411
2026-02-20 02:00:00,0.0973,0.0983,0.097,0.0972,1217342.2709
2026-02-20 03:00:00,0.0971,0.0985,0.0964,0.098,812052.5597
2026-02-20 04:00:00,0.0979,0.098,0.0961,0.097,865533.1673
2026-02-20 05:00:00,0.0971,0.0977,0.0954,0.0976,3196778.8629
2026-02-20 06:00:00,0.0976,0.0979,0.0961,0.0967,1264824.2818
2026-02-20 07:00:00,0.0967,0.0967,0.0958,0.0966,763615.9335
2026-02-20 08:00:00,0.0966,0.0966,0.096,0.0962,953287.8136
2026-02-20 09:00:00,0.0961,0.0968,0.0961,0.0967,869029.0455
2026-02-20 10:00:00,0.0966,0.097,0.0953,0.0955,2225052.1581
2026-02-20 11:00:00,0.0954,0.0958,0.0937,0.0941,4311969.5733
2026-02-20 12:00:00,0.0941,0.0947,0.0925,0.0943,3386983.4118
2026-02-20 13:00:00,0.0943,0.0943,0.0928,0.0938,2081991.6907
2026-02-20 14:00:00,0.0937,0.0958,0.0937,0.095,1351717.7344
2026-02-20 15:00:00,0.095,0.0978,0.095,0.097,4974068.5097
2026-02-20 16:00:00,0.097,0.0987,0.0956,0.0966,3461671.4927
2026-02-20 17:00:00,0.0966,0.0966,0.0942,0.0966,3409172.4849
2026-02-20 18:00:00,0.0966,0.097,0.0956,0.0969,2440708.3709
2026-02-20 19:00:00,0.0969,0.0971,0.0958,0.0964,805365.2868
2026-02-20 20:00:00,0.0964,0.0967,0.0958,0.0961,466315.0715
2026-02-20 21:00:00,0.0962,0.0964,0.0958,0.0964,504622.9151
2026-02-20 22:00:00,0.0965,0.0973,0.0959,0.097,932286.3649
2026-02-20 23:00:00,0.0971,0.0974,0.0969,0.0972,433926.2043
2026-02-21 00:00:00,0.0971,0.0971,0.0961,0.0965,532268.2317
2026-02-21 01:00:00,0.0966,0.0968,0.0964,0.0967,529481.0908
2026-02-21 02:00:00,0.0967,0.097,0.096,0.0968,436821.8531
2026-02-21 03:00:00,0.0968,0.097,0.0964,0.0969,555910.9753
2026-02-21 04:00:00,0.0969,0.0972,0.0968,0.0972,278461.8968
2026-02-21 05:00:00,0.0972,0.099,0.0972,0.0987,1555964.9167
2026-02-21 06:00:00,0.0987,0.1001,0.0987,0.0988,992102.8162
2026-02-21 07:00:00,0.0988,0.1002,0.0982,0.1001,2161731.3668
2026-02-21 08:00:00,0.1002,0.103,0.0999,0.1029,3439873.1508
2026-02-21 09:00:00,0.1029,0.1051,0.1028,0.103,3741552.2761
2026-02-21 10:00:00,0.1029,0.1047,0.1029,0.1036,1705721.6083
2026-02-21 11:00:00,0.1035,0.1045,0.1031,0.1032,1142101.8414
2026-02-21 12:00:00,0.1033,0.1037,0.1017,0.1019,2481279.6984
2026-02-21 13:00:00,0.102,0.1022,0.1006,0.101,1779984.7705
2026-02-21 14:00:00,0.1009,0.1012,0.0999,0.1,1221935.0737
2026-02-21 15:00:00,0.1001,0.1003,0.0993,0.1,1095778.1351
2026-02-21 16:00:00,0.1,0.1002,0.099,0.0991,1142860.1423
2026-02-21 17:00:00,0.0991,0.0995,0.099,0.0992,512110.0958
2026-02-21 18:00:00,0.0993,0.0996,0.0987,0.0993,471012.1452
2026-02-21 19:00:00,0.0994,0.0999,0.0988,0.099,436775.1489
2026-02-21 20:00:00,0.0989,0.0996,0.0984,0.0985,673375.8476
2026-02-21 21:00:00,0.0985,0.0993,0.0985,0.0993,264753.5083
2026-02-21 22:00:00,0.0994,0.0995,0.0984,0.0984,633241.762
2026-02-21 23:00:00,0.0984,0.0987,0.0983,0.0984,392073.656
2026-02-22 00:00:00,0.0983,0.0983,0.0967,0.0973,1283700.7276
2026-02-22 01:00:00,0.0974,0.0975,0.097,0.097,352038.5095
2026-02-22 02:00:00,0.0971,0.0976,0.0964,0.0964,441267.6322
2026-02-22 03:00:00,0.0965,0.0966,0.0958,0.0962,1399673.8331
2026-02-22 04:00:00,0.0961,0.0964,0.096,0.096,267269.3241
2026-02-22 05:00:00,0.0961,0.0962,0.0956,0.0956,414923.569
2026-02-22 06:00:00,0.0957,0.0958,0.0952,0.0957,1095837.3038
2026-02-22 07:00:00,0.0957,0.0962,0.0956,0.0958,350804.5841
2026-02-22 08:00:00,0.0958,0.0962,0.0955,0.0955,383762.445
2026-02-22 09:00:00,0.0955,0.0962,0.0955,0.0962,303671.2257
2026-02-22 10:00:00,0.0962,0.0968,0.0961,0.0964,370234.6608
2026-02-22 11:00:00,0.0965,0.0967,0.0957,0.0958,240345.7322
2026-02-22 12:00:00,0.0957,0.0957,0.0943,0.0945,2261523.777
2026-02-22 13:00:00,0.0945,0.0946,0.0939,0.094,762516.3484
2026-02-22 14:00:00,0.0941,0.0942,0.0936,0.0939,377273.3984
2026-02-22 15:00:00,0.0939,0.0948,0.0937,0.0945,799871.6405
2026-02-22 16:00:00,0.0945,0.0946,0.094,0.0945,774820.5896
2026-02-22 17:00:00,0.0945,0.0945,0.0937,0.0941,456319.0164
2026-02-22 18:00:00,0.0941,0.0943,0.094,0.0941,326287.7587
2026-02-22 19:00:00,0.0941,0.0942,0.0937,0.0941,175050.5513
2026-02-22 20:00:00,0.0941,0.0942,0.0934,0.0935,427529.1125
2026-02-22 21:00:00,0.0936,0.0941,0.0933,0.0939,411061.122
2026-02-22 22:00:00,0.094,0.0946,0.0939,0.0945,703357.4381
2026-02-22 23:00:00,0.0944,0.0947,0.0941,0.0946,368149.1694
2026-02-23 00:00:00,0.0946,0.0948,0.0939,0.0939,762924.818
2026-02-23 01:00:00,0.0939,0.094,0.0884,0.089,10720858.8524
2026-02-23 02:00:00,0.089,0.0902,0.0889,0.0902,1460086.6069
2026-02-23 03:00:00,0.0903,0.0912,0.09,0.0902,1144405.4196
2026-02-23 04:00:00,0.0903,0.0904,0.0896,0.0901,1583673.2387
2026-02-23 05:00:00,0.0902,0.092,0.0902,0.0913,2475869.4845
2026-02-23 06:00:00,0.0914,0.0936,0.0914,0.0931,717996.5812
2026-02-23 07:00:00,0.0931,0.0935,0.0929,0.093,1613985.1674
2026-02-23 08:00:00,0.0929,0.0931,0.0923,0.0929,1379902.309
2026-02-23 09:00:00,0.093,0.0949,0.093,0.0945,2044690.9614
2026-02-23 10:00:00,0.0946,0.0952,0.0941,0.0945,1499463.3944
2026-02-23 11:00:00,0.0945,0.0954,0.0945,0.0952,863124.3443
2026-02-23 12:00:00,0.0952,0.0962,0.0947,0.0953,1343922.5659
2026-02-23 13:00:00,0.0954,0.0955,0.0943,0.0947,1336467.0969
2026-02-23 14:00:00,0.0946,0.0946,0.0936,0.094,1371659.49
2026-02-23 15:00:00,0.094,0.0941,0.0926,0.0926,1148420.3822
2026-02-23 16:00:00,0.0927,0.0931,0.0923,0.0924,844477.6173
2026-02-23 17:00:00,0.0924,0.0928,0.0912,0.0924,1338652.0345
2026-02-23 18:00:00,0.0924,0.0933,0.0921,0.0922,892939.483
2026-02-23 19:00:00,0.0922,0.0925,0.0919,0.0921,598670.7638
2026-02-23 20:00:00,0.092,0.0934,0.0919,0.0934,798115.1699
2026-02-23 21:00:00,0.0933,0.0944,0.0933,0.0936,1039765.1814
2026-02-23 22:00:00,0.0936,0.0945,0.0933,0.0934,1559285.3962
2026-02-23 23:00:00,0.0934,0.0939,0.0933,0.0937,1219691.6487
2026-02-24 00:00:00,0.0936,0.0941,0.0932,0.0938,899658.9196
2026-02-24 01:00:00,0.0938,0.0941,0.0919,0.093,1957675.3283
2026-02-24 02:00:00,0.0929,0.0938,0.0928,0.0933,907670.0266
2026-02-24 03:00:00,0.0933,0.0933,0.0927,0.093,805230.738
2026-02-24 04:00:00,0.0931,0.0933,0.0922,0.0923,804368.793
2026-02-24 05:00:00,0.0923,0.0925,0.091,0.0912,1182825.716
2026-02-24 06:00:00,0.0912,0.0917,0.0909,0.0911,757524.8564
2026-02-24 07:00:00,0.0911,0.0917,0.0911,0.0913,720256.7783
2026-02-24 08:00:00,0.0913,0.0914,0.0908,0.0913,422208.7351
2026-02-24 09:00:00,0.0912,0.0912,0.0904,0.0909,810158.2138
2026-02-24 10:00:00,0.091,0.0915,0.0909,0.0914,602717.3837
2026-02-24 11:00:00,0.0914,0.0916,0.0913,0.0916,572408.1241
2026-02-24 12:00:00,0.0917,0.0923,0.0914,0.0916,610459.5816
2026-02-24 13:00:00,0.0915,0.0915,0.0901,0.0908,842018.9122
2026-02-24 14:00:00,0.0907,0.0925,0.0898,0.092,1109365.4104
2026-02-24 15:00:00,0.0921,0.0934,0.092,0.093,2379914.8888
2026-02-24 16:00:00,0.093,0.094,0.0921,0.0937,2287640.5072
2026-02-24 17:00:00,0.0936,0.094,0.0927,0.0929,1263255.2783
2026-02-24 18:00:00,0.0928,0.093,0.0924,0.0926,384153.584
2026-02-24 19:00:00,0.0925,0.0933,0.0921,0.0929,535304.942
2026-02-24 20:00:00,0.093,0.0932,0.0926,0.0926,375498.065
2026-02-24 21:00:00,0.0927,0.0927,0.0919,0.0924,558800.2403
2026-02-24 22:00:00,0.0923,0.0931,0.0923,0.0926,498264.453
2026-02-24 23:00:00,0.0925,0.0927,0.0921,0.0921,260371.0567
2026-02-25 00:00:00,0.0921,0.0925,0.0921,0.0923,420656.3005
2026-02-25 01:00:00,0.0923,0.096,0.0922,0.0949,1824761.0249
2026-02-25 02:00:00,0.095,0.0957,0.0945,0.0946,863151.7627
2026-02-25 03:00:00,0.0946,0.0946,0.0925,0.0925,705751.2449
2026-02-25 04:00:00,0.0926,0.0931,0.092,0.0929,1272947.0629
2026-02-25 05:00:00,0.0929,0.093,0.0914,0.092,998920.2418
2026-02-25 06:00:00,0.0921,0.0931,0.0921,0.0924,728481.5802
2026-02-25 07:00:00,0.0925,0.0932,0.0921,0.0932,955345.7596
2026-02-25 08:00:00,0.0931,0.0937,0.0928,0.0937,893639.3709
2026-02-25 09:00:00,0.0936,0.0945,0.0936,0.0939,890791.4852
2026-02-25 10:00:00,0.0938,0.0945,0.0938,0.094,939242.0064
2026-02-25 11:00:00,0.094,0.0949,0.0935,0.0947,627594.3156
2026-02-25 12:00:00,0.0948,0.0966,0.0945,0.0964,1634221.6225
2026-02-25 13:00:00,0.0965,0.0973,0.0962,0.0962,1026937.2359
2026-02-25 14:00:00,0.0963,0.0988,0.0962,0.0988,1151209.7121
2026-02-25 15:00:00,0.0989,0.1011,0.0985,0.1,2755258.896
2026-02-25 16:00:00,0.1001,0.1036,0.1001,0.103,4341506.2838
2026-02-25 17:00:00,0.103,0.1036,0.1019,0.1026,2711241.1125
2026-02-25 18:00:00,0.1026,0.1033,0.1018,0.103,1199830.3441
2026-02-25 19:00:00,0.1031,0.1044,0.1021,0.1044,1166548.21
2026-02-25 20:00:00,0.1044,0.1053,0.1034,0.1049,1359579.5299
2026-02-25 21:00:00,0.105,0.1069,0.1042,0.105,2979373.7867
2026-02-25 22:00:00,0.1051,0.1056,0.1033,0.1037,2126731.2466
2026-02-25 23:00:00,0.1037,0.1039,0.0998,0.1008,1981450.319
2026-02-26 00:00:00,0.1008,0.1008,0.0984,0.0989,1527012.803
2026-02-26 01:00:00,0.0989,0.0997,0.0985,0.0991,1291783.2636
2026-02-26 02:00:00,0.0991,0.1001,0.0982,0.0999,1278191.2003
2026-02-26 03:00:00,0.0997,0.0999,0.0989,0.09956,652970.3614
2026-02-26 04:00:00,0.09955,0.10048,0.09912,0.09994,2340713.074
2026-02-26 05:00:00,0.0999,0.10059,0.0991,0.1,4256190.9655
2026-02-26 06:00:00,0.10005,0.10124,0.09972,0.10006,386785.6669
2026-02-26 07:00:00,0.10004,0.10052,0.09953,0.09995,442614.196
2026-02-26 08:00:00,0.09992,0.10083,0.09983,0.10028,977758.9089
2026-02-26 09:00:00,0.10029,0.10182,0.10024,0.10128,1633680.5771
2026-02-26 10:00:00,0.10129,0.10147,0.0993,0.09943,1754986.0052
2026-02-26 11:00:00,0.09944,0.09969,0.09832,0.09864,891045.8676
2026-02-26 12:00:00,0.09864,0.09977,0.09862,0.09971,551297.174
2026-02-26 13:00:00,0.09972,0.09984,0.09916,0.09934,579375.6852
2026-02-26 14:00:00,0.09933,0.09981,0.0986,0.09965,960627.9139
2026-02-26 15:00:00,0.09964,0.10017,0.09832,0.09981,2654669.9735
2026-02-26 16:00:00,0.0998,0.0999,0.09542,0.09574,4326102.6265
2026-02-26 17:00:00,0.09573,0.09708,0.09566,0.09645,1606841.7168
2026-02-26 18:00:00,0.09643,0.09836,0.09615,0.09836,2149261.6426
2026-02-26 19:00:00,0.09834,0.10013,0.09826,0.0992,2481877.8509
2026-02-26 20:00:00,0.09919,0.09973,0.09844,0.09858,977443.9571
2026-02-26 21:00:00,0.0986,0.09964,0.09836,0.09945,556659.5673
2026-02-26 22:00:00,0.09946,0.10076,0.09927,0.10066,1468717.4696
2026-02-26 23:00:00,0.10071,0.10071,0.09982,0.1,947929.6955
2026-02-27 00:00:00,0.1,0.1002,0.0992,0.10008,1433013.6388
2026-02-27 01:00:00,0.10009,0.10041,0.09967,0.1004,823988.9228
2026-02-27 02:00:00,0.10042,0.10154,0.10033,0.10131,1062175.0622
2026-02-27 03:00:00,0.10125,0.10238,0.10083,0.10191,959671.7798
2026-02-27 04:00:00,0.10191,0.1042,0.10191,0.1032,1607210.0217
2026-02-27 05:00:00,0.10326,0.10419,0.10296,0.10361,1118578.6406
2026-02-27 06:00:00,0.10357,0.10484,0.10334,0.10448,1256348.1111
2026-02-27 07:00:00,0.10445,0.10763,0.10385,0.10726,4669997.6435
2026-02-27 08:00:00,0.1072,0.11197,0.10708,0.11164,10331380.1508
2026-02-27 09:00:00,0.11168,0.11301,0.11007,0.11132,9938343.8586
2026-02-27 10:00:00,0.1113,0.11292,0.10813,0.10824,10189384.9746
2026-02-27 11:00:00,0.10821,0.10823,0.10383,0.10417,5345004.0253
2026-02-27 12:00:00,0.10415,0.10517,0.1035,0.10375,3483804.7171
2026-02-27 13:00:00,0.10382,0.10405,0.10113,0.10236,3319435.6915
2026-02-27 14:00:00,0.10235,0.10276,0.10124,0.10156,2175783.337
2026-02-27 15:00:00,0.10155,0.1027,0.10056,0.1011,4654837.254
2026-02-27 16:00:00,0.10107,0.1014,0.1001,0.10032,2028819.9898
2026-02-27 17:00:00,0.10037,0.10197,0.09952,0.10185,1431759.6261
2026-02-27 18:00:00,0.10184,0.10188,0.10019,0.10024,1921104.7584
2026-02-27 19:00:00,0.10022,0.10057,0.09889,0.09934,1723136.8161
2026-02-27 20:00:00,0.09934,0.10031,0.09925,0.0997,1528337.3986
2026-02-27 21:00:00,0.09974,0.10036,0.09916,0.09955,495971.4272
2026-02-27 22:00:00,0.09964,0.0999,0.09734,0.09946,1055934.1626
2026-02-27 23:00:00,0.09944,0.1004,0.09937,0.10038,685782.7222
2026-02-28 00:00:00,0.10037,0.10091,0.09967,0.1007,1254970.5557
2026-02-28 01:00:00,0.10069,0.10084,0.09926,0.09926,564202.1882
2026-02-28 02:00:00,0.09927,0.10023,0.09913,0.10014,349093.8778
2026-02-28 03:00:00,0.10006,0.10021,0.09854,0.09879,956459.4861
2026-02-28 04:00:00,0.09879,0.09948,0.0987,0.09938,759850.1766
2026-02-28 05:00:00,0.09945,0.09959,0.0987,0.09903,414335.5401
2026-02-28 06:00:00,0.09902,0.09902,0.09324,0.09348,5151261.1718
2026-02-28 07:00:00,0.09333,0.09595,0.09279,0.09477,1572556.5748
2026-02-28 08:00:00,0.09476,0.09476,0.09305,0.09321,594962.3892
2026-02-28 09:00:00,0.09332,0.09369,0.09231,0.09236,986422.4317
2026-02-28 10:00:00,0.09235,0.09297,0.09173,0.0919,2998362.5666
2026-02-28 11:00:00,0.09189,0.09279,0.09133,0.09142,6367524.7439
2026-02-28 12:00:00,0.09143,0.09213,0.09099,0.09198,1295724.2851
2026-02-28 13:00:00,0.09201,0.09456,0.09134,0.09414,2494855.9854
2026-02-28 14:00:00,0.09426,0.09486,0.09303,0.09327,2414076.4333
2026-02-28 15:00:00,0.09327,0.09362,0.09233,0.09353,2271387.9525
2026-02-28 16:00:00,0.09352,0.09354,0.09183,0.09245,3235729.3894
2026-02-28 17:00:00,0.09246,0.09333,0.09173,0.09318,2279157.686
2026-02-28 18:00:00,0.09314,0.09603,0.0928,0.09538,1658863.0225
2026-02-28 19:00:00,0.09542,0.09767,0.09441,0.09653,1680465.4345
2026-02-28 20:00:00,0.09654,0.09919,0.09601,0.09877,1948643.3308
2026-02-28 21:00:00,0.09877,0.09895,0.09731,0.09831,1646263.2467
2026-02-28 22:00:00,0.09838,0.10054,0.09838,0.0993,1013046.9186
2026-02-28 23:00:00,0.09931,0.10007,0.09888,0.09969,2560166.852
2026-03-01 00:00:00,0.09968,0.10067,0.09879,0.0991,1292091.8467
2026-03-01 01:00:00,0.099,0.10332,0.09808,0.10251,3139679.6504
2026-03-01 02:00:00,0.10256,0.10525,0.10256,0.10367,2736409.3171
2026-03-01 03:00:00,0.10357,0.10383,0.10198,0.10233,1615049.5822
2026-03-01 04:00:00,0.1024,0.10285,0.10102,0.10207,1413388.6349
2026-03-01 05:00:00,0.10207,0.10272,0.10189,0.10248,421713.3609
2026-03-01 06:00:00,0.10243,0.10243,0.10069,0.10105,1177030.2271
2026-03-01 07:00:00,0.10111,0.10224,0.10054,0.10216,975745.5707
2026-03-01 08:00:00,0.10227,0.10309,0.10054,0.10078,976339.2232
2026-03-01 09:00:00,0.10079,0.10196,0.10009,0.10031,1072640.1212
2026-03-01 10:00:00,0.10031,0.10083,0.09979,0.10033,656187.0593
2026-03-01 11:00:00,0.10043,0.10103,0.10028,0.10055,381664.8109
2026-03-01 12:00:00,0.10048,0.10077,0.09981,0.09984,388972.8648
2026-03-01 13:00:00,0.0999,0.10353,0.09913,0.10263,1759647.4716
2026-03-01 14:00:00,0.10267,0.10334,0.1013,0.10182,1087696.662
2026-03-01 15:00:00,0.1017,0.10206,0.10049,0.1005,725769.8713
2026-03-01 16:00:00,0.10054,0.10174,0.09896,0.09974,1272096.2966
2026-03-01 17:00:00,0.09978,0.0999,0.09825,0.09863,1053954.9748
2026-03-01 18:00:00,0.09864,0.10076,0.09864,0.09958,1354837.2006
2026-03-01 19:00:00,0.0996,0.0996,0.09736,0.09745,1720708.7485
2026-03-01 20:00:00,0.09744,0.09769,0.09586,0.09619,1600156.2293
2026-03-01 21:00:00,0.09618,0.09794,0.09618,0.09782,862161.6941
2026-03-01 22:00:00,0.09774,0.10029,0.09756,0.09849,1902553.9089
2026-03-01 23:00:00,0.09843,0.10074,0.09843,0.09952,787486.5888
2026-03-02 00:00:00,0.09953,0.10223,0.09953,0.10156,1067778.8915
2026-03-02 01:00:00,0.10167,0.10276,0.10096,0.10214,867240.5872
2026-03-02 02:00:00,0.10209,0.10213,0.10038,0.10103,558038.7119
2026-03-02 03:00:00,0.10106,0.10225,0.10064,0.10219,696403.5611
2026-03-02 04:00:00,0.10219,0.10328,0.10199,0.10224,1288750.8855
2026-03-02 05:00:00,0.1022,0.1022,0.10081,0.10081,865822.0961
2026-03-02 06:00:00,0.10083,0.1009,0.09924,0.10005,761927.4093
2026-03-02 07:00:00,0.10003,0.10003,0.09869,0.09948,471763.7565
2026-03-02 08:00:00,0.09943,0.10008,0.0984,0.09982,1898875.2766
2026-03-02 09:00:00,0.09979,0.10092,0.0996,0.10013,753039.3542
2026-03-02 10:00:00,0.10011,0.10043,0.09956,0.10011,632331.5035
2026-03-02 11:00:00,0.10012,0.10109,0.09995,0.10092,485370.0433
2026-03-02 12:00:00,0.10085,0.10098,0.10028,0.10043,532728.7218
2026-03-02 13:00:00,0.10041,0.10163,0.09996,0.10089,752565.104
2026-03-02 14:00:00,0.1009,0.1059,0.1005,0.10575,1757513.1859
2026-03-02 15:00:00,0.10574,0.10875,0.10469,0.10572,3621493.9994
2026-03-02 16:00:00,0.10572,0.10667,0.10405,0.10547,1404126.045
2026-03-02 17:00:00,0.10538,0.10538,0.10313,0.10464,1125590.5687
2026-03-02 18:00:00,0.10463,0.10463,0.1034,0.10381,1058918.8868
2026-03-02 19:00:00,0.10382,0.10422,0.10296,0.10405,868139.4697
2026-03-02 20:00:00,0.10405,0.1045,0.10266,0.10309,356649.2188
2026-03-02 21:00:00,0.10309,0.10336,0.1023,0.10323,363236.4102
2026-03-02 22:00:00,0.10331,0.10391,0.10312,0.10324,359269.8511
2026-03-02 23:00:00,0.1034,0.10342,0.10136,0.10184,574940.2103
2026-03-03 00:00:00,0.10186,0.10201,0.10081,0.10181,974846.6429
2026-03-03 01:00:00,0.10167,0.10242,0.10131,0.10178,487089.4257
2026-03-03 02:00:00,0.10171,0.10184,0.10079,0.10147,328560.1821
2026-03-03 03:00:00,0.10146,0.10218,0.10101,0.10208,333839.927
2026-03-03 04:00:00,0.10208,0.10221,0.1006,0.10069,483192.7245
2026-03-03 05:00:00,0.10075,0.10218,0.10043,0.10114,544229.6174
2026-03-03 06:00:00,0.10118,0.1014,0.10071,0.10097,322711.9795
2026-03-03 07:00:00,0.10096,0.10145,0.10073,0.10121,695528.2292
2026-03-03 08:00:00,0.10119,0.10149,0.1003,0.10037,939884.2209
2026-03-03 09:00:00,0.10035,0.10116,0.09915,0.09934,1112759.7019
2026-03-03 10:00:00,0.09926,0.09997,0.099,0.09986,1274119.6619
2026-03-03 11:00:00,0.09991,0.10008,0.09935,0.09991,938498.1316
2026-03-03 12:00:00,0.09982,0.1016,0.09976,0.10066,618659.0297
2026-03-03 13:00:00,0.10073,0.10073,0.09919,0.09969,828664.7234
2026-03-03 14:00:00,0.09967,0.10117,0.09872,0.09984,549579.2409
2026-03-03 15:00:00,0.09983,0.10163,0.09925,0.10134,1422491.5974
2026-03-03 16:00:00,0.1013,0.10426,0.10046,0.10239,2788737.2229
2026-03-03 17:00:00,0.10242,0.10329,0.10094,0.1027,1268608.7923
2026-03-03 18:00:00,0.10269,0.10443,0.10212,0.10334,763833.7243
2026-03-03 19:00:00,0.10335,0.10404,0.10239,0.10343,998519.9267
2026-03-03 20:00:00,0.10342,0.10359,0.10227,0.10262,472062.392
2026-03-03 21:00:00,0.10265,0.10273,0.10153,0.10201,344423.4588
2026-03-03 22:00:00,0.102,0.10339,0.102,0.10263,556975.6163
2026-03-03 23:00:00,0.10264,0.1036,0.10242,0.10277,384111.0546
2026-03-04 00:00:00,0.10273,0.10367,0.10184,0.10271,1009910.5731
2026-03-04 01:00:00,0.10271,0.10366,0.10247,0.10277,594033.4065
2026-03-04 02:00:00,0.10283,0.10369,0.10235,0.10365,146603.9035
2026-03-04 03:00:00,0.10364,0.10393,0.10184,0.10265,751722.8374
2026-03-04 04:00:00,0.10264,0.10297,0.10139,0.10244,588929.6308
2026-03-04 05:00:00,0.10241,0.1027,0.10154,0.10203,520527.8728
2026-03-04 06:00:00,0.10206,0.10259,0.10103,0.10223,342108.1377
2026-03-04 07:00:00,0.10223,0.10378,0.10184,0.10315,419411.9096
2026-03-04 08:00:00,0.10319,0.10542,0.10234,0.10506,2027467.0335
2026-03-04 09:00:00,0.10509,0.1064,0.10422,0.10488,1813085.9467
2026-03-04 10:00:00,0.10486,0.10513,0.10359,0.10408,987519.0829
2026-03-04 11:00:00,0.10411,0.10453,0.10272,0.10359,1580776.4165
2026-03-04 12:00:00,0.10358,0.10367,0.10225,0.10278,900834.3555
2026-03-04 13:00:00,0.10276,0.10369,0.10276,0.1034,833087.3208
2026-03-04 14:00:00,0.10336,0.1052,0.10251,0.10301,1955696.3902
2026-03-04 15:00:00,0.103,0.1062,0.103,0.1062,2316240.2668
2026-03-04 16:00:00,0.10618,0.10635,0.10371,0.1041,2329158.1821
2026-03-04 17:00:00,0.10411,0.10517,0.10347,0.10485,715410.3712
2026-03-04 18:00:00,0.10482,0.1056,0.10438,0.10548,750551.8515
2026-03-04 19:00:00,0.10551,0.10745,0.10543,0.10677,2215298.038
2026-03-04 20:00:00,0.10677,0.10679,0.1056,0.10572,772899.574
2026-03-04 21:00:00,0.10578,0.10614,0.10524,0.10597,358471.0471
2026-03-04 22:00:00,0.106,0.10638,0.1046,0.10492,383150.5689
2026-03-04 23:00:00,0.10491,0.10499,0.10295,0.1049,2121611.2752
2026-03-05 00:00:00,0.10489,0.10503,0.10385,0.10412,409062.3373
2026-03-05 01:00:00,0.10408,0.10473,0.10279,0.103,824234.7579
2026-03-05 02:00:00,0.10306,0.10433,0.10306,0.1036,832215.1548
2026-03-05 03:00:00,0.10353,0.10376,0.10284,0.10317,415100.7663
2026-03-05 04:00:00,0.1031,0.10414,0.10308,0.10372,678014.1766
2026-03-05 05:00:00,0.10378,0.10396,0.1027,0.10294,534500.565
2026-03-05 06:00:00,0.10294,0.10369,0.10237,0.10355,1279197.1745
2026-03-05 07:00:00,0.1036,0.10371,0.10203,0.10251,402832.0601
2026-03-05 08:00:00,0.10251,0.10341,0.10228,0.10334,308766.236
2026-03-05 09:00:00,0.1033,0.10466,0.10323,0.10417,503869.2421
2026-03-05 10:00:00,0.10415,0.1054,0.10372,0.10514,567119.629
2026-03-05 11:00:00,0.10514,0.10524,0.1034,0.10388,972085.3778
2026-03-05 12:00:00,0.10389,0.10502,0.10341,0.10451,333633.663
2026-03-05 13:00:00,0.10458,0.10463,0.10311,0.10436,982287.9105
2026-03-05 14:00:00,0.1044,0.10596,0.10416,0.10552,941562.7085
2026-03-05 15:00:00,0.10554,0.10574,0.10326,0.10379,1046148.8708
2026-03-05 16:00:00,0.10382,0.10384,0.10111,0.10218,2321847.3663
2026-03-05 17:00:00,0.10215,0.10295,0.10063,0.10083,786324.6831
2026-03-05 18:00:00,0.10081,0.1023,0.10069,0.10213,492393.6498
2026-03-05 19:00:00,0.10219,0.10379,0.10219,0.10282,417010.9553
2026-03-05 20:00:00,0.10279,0.10443,0.10247,0.10391,498953.2444
2026-03-05 21:00:00,0.10392,0.1046,0.10325,0.1036,371831.9089
2026-03-05 22:00:00,0.10369,0.10375,0.10304,0.10322,173612.0913
2026-03-05 23:00:00,0.1032,0.10344,0.10263,0.10284,86552.7876
2026-03-06 00:00:00,0.10287,0.10294,0.10252,0.10277,141611.0006
2026-03-06 01:00:00,0.10269,0.10421,0.10238,0.10417,232805.5657
2026-03-06 02:00:00,0.1042,0.10489,0.10398,0.1043,261484.8094
2026-03-06 03:00:00,0.10432,0.10453,0.10385,0.10452,313154.6217
2026-03-06 04:00:00,0.10451,0.10486,0.10313,0.10375,384812.8998
2026-03-06 05:00:00,0.10377,0.10406,0.10293,0.10356,353811.0686
2026-03-06 06:00:00,0.10354,0.10426,0.10347,0.104,488024.5537
2026-03-06 07:00:00,0.10396,0.10511,0.10383,0.10484,321132.1054
2026-03-06 08:00:00,0.10484,0.10508,0.10426,0.10469,957703.3534
2026-03-06 09:00:00,0.1047,0.10479,0.10263,0.1033,710862.202
2026-03-06 10:00:00,0.10317,0.10444,0.10317,0.10382,600764.9883
2026-03-06 11:00:00,0.10374,0.10374,0.10231,0.10244,412292.759
2026-03-06 12:00:00,0.10236,0.10274,0.10152,0.1025,1133317.3057
2026-03-06 13:00:00,0.10259,0.10372,0.10103,0.10103,1639771.3353
2026-03-06 14:00:00,0.10104,0.10147,0.09868,0.0993,1849610.3712
2026-03-06 15:00:00,0.0992,0.10066,0.09885,0.09939,740913.6964
2026-03-06 16:00:00,0.09936,0.09969,0.09874,0.09909,718347.1878
2026-03-06 17:00:00,0.09909,0.09977,0.09789,0.09856,754500.3282
2026-03-06 18:00:00,0.09852,0.10028,0.09847,0.10001,549532.097
2026-03-06 19:00:00,0.10006,0.10074,0.09959,0.09964,372887.3412
2026-03-06 20:00:00,0.09963,0.09994,0.09933,0.09985,411826.0692
2026-03-06 21:00:00,0.09985,0.09998,0.09935,0.09998,194177.9983
2026-03-06 22:00:00,0.10001,0.10035,0.09987,0.10015,305819.2882
2026-03-06 23:00:00,0.10014,0.10018,0.09985,0.09999,121164.0033
2026-03-07 00:00:00,0.10002,0.10038,0.09982,0.09989,190920.8238
2026-03-07 01:00:00,0.09983,0.09983,0.09924,0.09954,140901.036
2026-03-07 02:00:00,0.09955,0.1,0.09945,0.1,142996.2476
2026-03-07 03:00:00,0.09998,0.10072,0.09971,0.09977,244067.8067
2026-03-07 04:00:00,0.09974,0.10027,0.09917,0.09985,404539.6809
2026-03-07 05:00:00,0.09986,0.09998,0.0995,0.09964,170795.1793
2026-03-07 06:00:00,0.0996,0.09967,0.09869,0.0988,562379.1643
2026-03-07 07:00:00,0.0987,0.09899,0.09825,0.09892,232012.6258
2026-03-07 08:00:00,0.09886,0.09958,0.09862,0.09877,128877.3935
2026-03-07 09:00:00,0.09871,0.09924,0.0985,0.09904,237557.0187
2026-03-07 10:00:00,0.09907,0.09912,0.09884,0.09901,478932.9819
2026-03-07 11:00:00,0.09898,0.09962,0.09866,0.09916,931097.3095
2026-03-07 12:00:00,0.09912,0.09919,0.0985,0.09869,280134.2423
2026-03-07 13:00:00,0.09871,0.09905,0.09863,0.09872,361690.9486
2026-03-07 14:00:00,0.09874,0.09874,0.09756,0.09799,380244.5308
2026-03-07 15:00:00,0.09791,0.09801,0.09667,0.09713,878843.4285
2026-03-07 16:00:00,0.09712,0.09732,0.09686,0.09716,266851.3731
2026-03-07 17:00:00,0.09717,0.098,0.09717,0.0978,263815.1418
2026-03-07 18:00:00,0.09787,0.09787,0.0965,0.09713,755143.5341
2026-03-07 19:00:00,0.09713,0.09713,0.09591,0.09621,394406.756
2026-03-07 20:00:00,0.09625,0.09691,0.09625,0.09669,294906.6459
2026-03-07 21:00:00,0.0967,0.09694,0.09631,0.09674,252076.5583
2026-03-07 22:00:00,0.09677,0.09687,0.09573,0.09621,534730.5233
2026-03-07 23:00:00,0.09623,0.09686,0.09623,0.09679,275620.7164
2026-03-08 00:00:00,0.09678,0.09678,0.09587,0.09602,478127.1828
2026-03-08 01:00:00,0.09602,0.09659,0.09579,0.09645,761083.9246
2026-03-08 02:00:00,0.09642,0.09642,0.09503,0.0952,583154.1208
2026-03-08 03:00:00,0.09523,0.09565,0.09508,0.09548,356216.2981
2026-03-08 04:00:00,0.09547,0.09569,0.09451,0.09487,395793.5883
2026-03-08 05:00:00,0.09487,0.09591,0.09484,0.09552,241464.492
2026-03-08 06:00:00,0.09553,0.09554,0.09482,0.09531,191021.9501
2026-03-08 07:00:00,0.09525,0.09594,0.09524,0.0956,164759.6928
2026-03-08 08:00:00,0.0956,0.0956,0.09491,0.09544,356722.1231
2026-03-08 09:00:00,0.09543,0.09624,0.09526,0.09601,580824.1173
2026-03-08 10:00:00,0.09603,0.09709,0.09595,0.09652,385076.4253
2026-03-08 11:00:00,0.09651,0.09651,0.09536,0.09609,343739.337
2026-03-08 12:00:00,0.09609,0.09728,0.09494,0.09644,687084.0513
2026-03-08 13:00:00,0.09645,0.09651,0.09481,0.09585,496293.444
2026-03-08 14:00:00,0.0958,0.09616,0.09501,0.09537,357429.0152
2026-03-08 15:00:00,0.09542,0.0955,0.09446,0.09479,569860.2509
2026-03-08 16:00:00,0.09484,0.09501,0.09424,0.09453,356358.2295
2026-03-08 17:00:00,0.09454,0.09547,0.09449,0.09504,341673.5517
2026-03-08 18:00:00,0.09508,0.09516,0.09451,0.09493,216490.909
2026-03-08 19:00:00,0.09494,0.0967,0.09493,0.09638,1474280.4759
2026-03-08 20:00:00,0.09639,0.09656,0.0952,0.09566,1122713.3684
2026-03-08 21:00:00,0.09566,0.09599,0.09517,0.0959,748108.5937
2026-03-08 22:00:00,0.0959,0.09602,0.09342,0.09548,1134250.247
2026-03-08 23:00:00,0.09554,0.09586,0.09437,0.09452,545348.4817
2026-03-09 00:00:00,0.09451,0.09641,0.09428,0.09514,317487.6747
2026-03-09 01:00:00,0.09512,0.09606,0.09469,0.09487,559915.7294
2026-03-09 02:00:00,0.09489,0.09603,0.09449,0.09554,370888.3315
2026-03-09 03:00:00,0.09553,0.09737,0.0954,0.09588,392450.4632
2026-03-09 04:00:00,0.09594,0.09704,0.0959,0.09647,141915.9489
2026-03-09 05:00:00,0.09648,0.099,0.09629,0.09868,1001240.1515
2026-03-09 06:00:00,0.09877,0.09878,0.09712,0.09719,352993.8483
2026-03-09 07:00:00,0.09718,0.09763,0.09606,0.09714,416659.7477
2026-03-09 08:00:00,0.09719,0.09782,0.09691,0.09699,312057.824
2026-03-09 09:00:00,0.09699,0.09824,0.09644,0.09708,819735.1405
2026-03-09 10:00:00,0.09716,0.09761,0.097,0.09726,951031.6191
2026-03-09 11:00:00,0.09717,0.09782,0.09654,0.09754,228343.0903
2026-03-09 12:00:00,0.09751,0.09836,0.09744,0.09762,819109.2865
2026-03-09 13:00:00,0.09757,0.09953,0.09748,0.09882,1649398.7734
2026-03-09 14:00:00,0.09869,0.09988,0.09794,0.09886,1977044.7197
2026-03-09 15:00:00,0.09887,0.09927,0.09802,0.09894,510919.1332
2026-03-09 16:00:00,0.09897,0.09979,0.09852,0.09865,497791.7673
2026-03-09 17:00:00,0.09866,0.09918,0.09849,0.09884,304746.3964
2026-03-09 18:00:00,0.09872,0.09927,0.09814,0.09844,551743.9316
2026-03-09 19:00:00,0.09851,0.10119,0.09812,0.09925,1050679.1411
2026-03-09 20:00:00,0.09926,0.09951,0.09843,0.09916,218433.5512
2026-03-09 21:00:00,0.09903,0.09982,0.09868,0.0992,185637.0591
2026-03-09 22:00:00,0.09906,0.09906,0.09748,0.09761,558132.5539
2026-03-09 23:00:00,0.09756,0.098,0.0973,0.09755,398408.4195
2026-03-10 00:00:00,0.09757,0.09926,0.0973,0.09863,763133.7466
2026-03-10 01:00:00,0.0986,0.09927,0.09808,0.09887,500629.7596
2026-03-10 02:00:00,0.09893,0.10071,0.09842,0.09994,759138.4654
2026-03-10 03:00:00,0.09987,0.10002,0.09867,0.09886,259320.6832
2026-03-10 04:00:00,0.0989,0.10042,0.09889,0.09998,309577.6614
2026-03-10 05:00:00,0.09998,0.1004,0.09928,0.09937,289296.5762
2026-03-10 06:00:00,0.0994,0.09944,0.09893,0.09934,271976.5419
2026-03-10 07:00:00,0.09929,0.10036,0.09905,0.09988,409700.7564
2026-03-10 08:00:00,0.09992,0.10076,0.09951,0.09988,825201.1043
2026-03-10 09:00:00,0.09995,0.1012,0.09995,0.10062,551978.9917
2026-03-10 10:00:00,0.1006,0.1006,0.09955,0.10004,425420.766
2026-03-10 11:00:00,0.10003,0.10003,0.09963,0.09989,235030.2043
2026-03-10 12:00:00,0.09985,0.09994,0.09943,0.09976,166046.8778
2026-03-10 13:00:00,0.09981,0.10066,0.09931,0.0998,772229.0153
2026-03-10 14:00:00,0.09986,0.10194,0.09848,0.10194,1044859.5093
2026-03-10 15:00:00,0.10194,0.10223,0.1002,0.10113,948297.6068
2026-03-10 16:00:00,0.10115,0.10148,0.10026,0.10121,559738.826
2026-03-10 17:00:00,0.10123,0.10143,0.09992,0.10057,649233.863
2026-03-10 18:00:00,0.10056,0.10062,0.09824,0.09859,1153175.6936
2026-03-10 19:00:00,0.09857,0.0988,0.09797,0.09855,424508.3482
2026-03-10 20:00:00,0.09854,0.09888,0.09848,0.09881,310603.6271
2026-03-10 21:00:00,0.09871,0.0991,0.09755,0.0978,548557.4314
2026-03-10 22:00:00,0.09785,0.09831,0.09723,0.09816,257644.7328
2026-03-10 23:00:00,0.0982,0.09861,0.09798,0.09835,175354.3823
2026-03-11 00:00:00,0.0984,0.09844,0.09773,0.09836,695127.781
2026-03-11 01:00:00,0.0983,0.09855,0.09809,0.09826,375678.4535
2026-03-11 02:00:00,0.09827,0.09829,0.09753,0.0982,180189.1437
2026-03-11 03:00:00,0.09822,0.0985,0.09787,0.09805,252998.2482
2026-03-11 04:00:00,0.09805,0.09865,0.09759,0.09854,435362.4669
2026-03-11 05:00:00,0.09852,0.09855,0.097,0.09741,214046.875
2026-03-11 06:00:00,0.09748,0.09864,0.09741,0.09855,158182.0257
2026-03-11 07:00:00,0.0985,0.09879,0.09793,0.09815,340229.7361
2026-03-11 08:00:00,0.09811,0.09864,0.09806,0.09848,269510.5302
2026-03-11 09:00:00,0.09845,0.09923,0.09838,0.09848,307416.8387
2026-03-11 10:00:00,0.09857,0.09977,0.09843,0.09943,294440.1284
2026-03-11 11:00:00,0.09941,0.09953,0.09893,0.09916,750076.8695
2026-03-11 12:00:00,0.09916,0.10173,0.09905,0.10041,2124260.1418
2026-03-11 13:00:00,0.10039,0.10337,0.10035,0.10181,2716384.1394
2026-03-11 14:00:00,0.1019,0.10307,0.10142,0.10152,711568.4065
2026-03-11 15:00:00,0.10153,0.10158,0.09974,0.10063,546019.4868
2026-03-11 16:00:00,0.10067,0.10192,0.1005,0.10146,676180.0034
2026-03-11 17:00:00,0.1015,0.1024,0.10057,0.10124,403193.8855
2026-03-11 18:00:00,0.1013,0.10193,0.10121,0.10186,226298.4068
2026-03-11 19:00:00,0.10191,0.10196,0.10087,0.10115,590163.9002
2026-03-11 20:00:00,0.10117,0.10126,0.10014,0.10071,977670.5619
2026-03-11 21:00:00,0.10071,0.10117,0.10056,0.10098,448699.5471
2026-03-11 22:00:00,0.101,0.10119,0.10024,0.10068,548811.2584
2026-03-11 23:00:00,0.10088,0.10088,0.09966,0.09994,141558.8364
2026-03-12 00:00:00,0.10007,0.1004,0.09986,0.10012,800639.1621
2026-03-12 01:00:00,0.10012,0.10012,0.09945,0.09979,230066.4607
2026-03-12 02:00:00,0.09977,0.10014,0.09895,0.09897,384969.9783
2026-03-12 03:00:00,0.09896,0.09935,0.09855,0.09876,188622.7928
2026-03-12 04:00:00,0.09875,0.09906,0.09852,0.0987,177833.2397
2026-03-12 05:00:00,0.09863,0.0988,0.09812,0.09872,195384.9889
2026-03-12 06:00:00,0.09877,0.09892,0.09853,0.09883,270631.8167
2026-03-12 07:00:00,0.09881,0.09942,0.09855,0.0992,350396.8021
2026-03-12 08:00:00,0.09916,0.09953,0.09879,0.09921,417805.8446
2026-03-12 09:00:00,0.0992,0.1001,0.09874,0.09944,320568.5289
2026-03-12 10:00:00,0.09941,0.10034,0.09934,0.09999,431648.5448
2026-03-12 11:00:00,0.09995,0.09995,0.09874,0.09899,448185.0012
2026-03-12 12:00:00,0.09895,0.09932,0.09851,0.09911,1283528.5342
2026-03-12 13:00:00,0.09916,0.09992,0.09826,0.09887,641018.2533
2026-03-12 14:00:00,0.09888,0.09951,0.09739,0.09823,1156728.8378
2026-03-12 15:00:00,0.09827,0.09933,0.09796,0.09896,924482.8502
2026-03-12 16:00:00,0.09895,0.09996,0.09858,0.09964,298003.2031
2026-03-12 17:00:00,0.09965,0.09966,0.09906,0.09937,484340.4172
2026-03-12 18:00:00,0.09921,0.0995,0.09865,0.09921,286869.0727
2026-03-12 19:00:00,0.09924,0.10057,0.09915,0.10039,167592.0392
2026-03-12 20:00:00,0.10033,0.10045,0.09944,0.0995,121942.7516
2026-03-12 21:00:00,0.09956,0.10068,0.09956,0.10054,190301.144
2026-03-12 22:00:00,0.10047,0.10077,0.1003,0.10065,177901.1902
2026-03-12 23:00:00,0.10064,0.10152,0.10056,0.10094,395177.2097
2026-03-13 00:00:00,0.10101,0.10321,0.10072,0.10194,1341236.4892
2026-03-13 01:00:00,0.10199,0.10403,0.10199,0.10362,618913.3412
2026-03-13 02:00:00,0.10365,0.10373,0.10294,0.10328,605040.5815
2026-03-13 03:00:00,0.10329,0.10457,0.10323,0.10442,545282.9058
2026-03-13 04:00:00,0.1044,0.10458,0.10374,0.10393,430462.7783
2026-03-13 05:00:00,0.10397,0.10485,0.1037,0.10427,720750.9367
2026-03-13 06:00:00,0.10427,0.10429,0.10332,0.10397,286780.8144
2026-03-13 07:00:00,0.10392,0.1043,0.10356,0.10382,246697.2857
2026-03-13 08:00:00,0.10363,0.105,0.10341,0.10421,1250753.5732
2026-03-13 09:00:00,0.1044,0.10482,0.10415,0.10458,351500.7758
2026-03-13 10:00:00,0.10457,0.1052,0.10457,0.10478,358304.3447
2026-03-13 11:00:00,0.1048,0.1048,0.10416,0.10471,228546.8841
2026-03-13 12:00:00,0.10468,0.10532,0.10392,0.10502,2383877.7254
2026-03-13 13:00:00,0.10505,0.10688,0.10468,0.10628,1672288.8275
2026-03-13 14:00:00,0.10633,0.10728,0.10542,0.10568,1705870.4745
2026-03-13 15:00:00,0.10572,0.10663,0.10475,0.105,822336.6832
2026-03-13 16:00:00,0.10503,0.10538,0.10356,0.10483,576660.3334
2026-03-13 17:00:00,0.10483,0.1053,0.10289,0.1035,1150156.4855
2026-03-13 18:00:00,0.10349,0.10396,0.10298,0.10351,446908.6653
2026-03-13 19:00:00,0.10343,0.1038,0.10296,0.10334,264491.8684
2026-03-13 20:00:00,0.10342,0.1036,0.10318,0.10348,208595.0817
2026-03-13 21:00:00,0.10353,0.10426,0.10297,0.10316,484792.6974
2026-03-13 22:00:00,0.10319,0.10322,0.1018,0.10249,167735.9752
2026-03-13 23:00:00,0.10241,0.10291,0.10241,0.10271,235631.1791
2026-03-14 00:00:00,0.10266,0.10266,0.1016,0.10178,609819.4081
2026-03-14 01:00:00,0.1017,0.10274,0.10169,0.10271,395924.1891
2026-03-14 02:00:00,0.10269,0.10274,0.10191,0.10252,140474.1396
2026-03-14 03:00:00,0.10263,0.10297,0.1025,0.10282,123366.5125
2026-03-14 04:00:00,0.10284,0.10343,0.1024,0.10246,844862.1035
2026-03-14 05:00:00,0.10247,0.10251,0.10165,0.10193,248900.6554
2026-03-14 06:00:00,0.10173,0.1018,0.10027,0.101,1052829.6533
2026-03-14 07:00:00,0.10099,0.10102,0.10051,0.1006,159657.2563
2026-03-14 08:00:00,0.10056,0.10066,0.10014,0.10025,177110.3592
2026-03-14 09:00:00,0.10024,0.10047,0.09971,0.09978,625395.0747
2026-03-14 10:00:00,0.09974,0.09987,0.09943,0.09954,245318.531
2026-03-14 11:00:00,0.09954,0.10034,0.09954,0.10023,119143.911
2026-03-14 12:00:00,0.10016,0.10023,0.09975,0.10008,176266.4828
2026-03-14 13:00:00,0.10006,0.1009,0.10003,0.10088,481256.4933
2026-03-14 14:00:00,0.10082,0.10086,0.10008,0.10029,256759.7909
2026-03-14 15:00:00,0.10021,0.10045,0.10004,0.10043,57088.1759
2026-03-14 16:00:00,0.1004,0.10078,0.10009,0.10078,86226.6552
2026-03-14 17:00:00,0.10073,0.10075,0.10038,0.10044,77231.2897
2026-03-14 18:00:00,0.10038,0.1007,0.10027,0.10045,191865.9001
2026-03-14 19:00:00,0.10051,0.10052,0.10023,0.10025,65452.9314
2026-03-14 20:00:00,0.10025,0.10033,0.09985,0.10017,243683.9198
2026-03-14 21:00:00,0.10013,0.10035,0.1,0.1003,234423.3369
2026-03-14 22:00:00,0.1003,0.10043,0.10012,0.10021,368954.4763
2026-03-14 23:00:00,0.10022,0.10134,0.10022,0.10105,797893.9624
2026-03-15 00:00:00,0.10102,0.1012,0.10045,0.10045,228476.942
2026-03-15 01:00:00,0.1005,0.10121,0.10023,0.10119,146803.0132
2026-03-15 02:00:00,0.10126,0.10284,0.10126,0.10259,1326368.7621
2026-03-15 03:00:00,0.10259,0.10297,0.10163,0.10202,561318.6672
2026-03-15 04:00:00,0.10202,0.10251,0.1015,0.1018,118753.8253
2026-03-15 05:00:00,0.10184,0.10234,0.10164,0.10171,348650.4179
2026-03-15 06:00:00,0.10172,0.10191,0.10131,0.10147,369503.098
2026-03-15 07:00:00,0.10151,0.10189,0.10136,0.10177,197268.6174
2026-03-15 08:00:00,0.10184,0.10204,0.10169,0.1019,230489.6928
2026-03-15 09:00:00,0.10189,0.10235,0.10173,0.10179,305148.7425
2026-03-15 10:00:00,0.10182,0.10275,0.10178,0.10246,942973.4015
2026-03-15 11:00:00,0.10245,0.10269,0.10221,0.10244,649514.3714
2026-03-15 12:00:00,0.10246,0.10328,0.10241,0.10257,534728.1835
2026-03-15 13:00:00,0.10256,0.10266,0.10122,0.10178,507626.6799
2026-03-15 14:00:00,0.1019,0.10214,0.10122,0.10174,1059653.7804
2026-03-15 15:00:00,0.10172,0.10178,0.10115,0.1013,195553.7163
2026-03-15 16:00:00,0.10129,0.10197,0.10125,0.10136,184035.7312
2026-03-15 17:00:00,0.10139,0.10269,0.10139,0.10229,1165851.526
2026-03-15 18:00:00,0.1023,0.1024,0.10149,0.10157,681513.7403
2026-03-15 19:00:00,0.1017,0.10264,0.10169,0.10256,197197.0227
2026-03-15 20:00:00,0.10252,0.10321,0.10212,0.10274,314286.0081
2026-03-15 21:00:00,0.10274,0.10355,0.10254,0.10326,153564.1496
2026-03-15 22:00:00,0.10342,0.10462,0.10247,0.10427,771298.4442
2026-03-15 23:00:00,0.10429,0.10455,0.10302,0.10384,2035417.0913
2026-03-16 00:00:00,0.10396,0.10436,0.10339,0.10403,327161.6507
2026-03-16 01:00:00,0.10403,0.10443,0.1034,0.10424,206232.081
2026-03-16 02:00:00,0.1042,0.10448,0.10359,0.10428,168526.4691
2026-03-16 03:00:00,0.10421,0.10732,0.10399,0.10606,1948500.3109
2026-03-16 04:00:00,0.10611,0.10795,0.10611,0.10743,1771144.7455
2026-03-16 05:00:00,0.10746,0.10874,0.10722,0.10852,922092.1685
2026-03-16 06:00:00,0.10859,0.10883,0.10752,0.10839,717018.4104
2026-03-16 07:00:00,0.1084,0.10926,0.10833,0.1087,1594334.1216
2026-03-16 08:00:00,0.10872,0.11003,0.1077,0.1082,2492847.5849
2026-03-16 09:00:00,0.10822,0.10879,0.10805,0.10821,494592.0099
2026-03-16 10:00:00,0.10821,0.10837,0.10726,0.10799,1140134.8782
2026-03-16 11:00:00,0.10798,0.10822,0.10732,0.10739,949758.0099
2026-03-16 12:00:00,0.1074,0.10794,0.10719,0.10772,1534814.841
2026-03-16 13:00:00,0.10771,0.10846,0.10719,0.10777,2496628.5074
2026-03-16 14:00:00,0.10778,0.10832,0.10646,0.10781,843783.0252
2026-03-16 15:00:00,0.10784,0.10794,0.10649,0.10677,516557.7894
2026-03-16 16:00:00,0.10676,0.10907,0.1067,0.10864,700448.4423
2026-03-16 17:00:00,0.10868,0.10951,0.10866,0.10915,759076.8452
2026-03-16 18:00:00,0.1091,0.11003,0.10889,0.1089,1149041.4839
2026-03-16 19:00:00,0.10892,0.11003,0.10859,0.10908,542811.7615
2026-03-16 20:00:00,0.10913,0.10995,0.10893,0.10983,283665.97
2026-03-16 21:00:00,0.1098,0.11112,0.1096,0.11043,1037925.9275
2026-03-16 22:00:00,0.11044,0.11153,0.11044,0.11102,369533.5799
2026-03-16 23:00:00,0.11104,0.11114,0.10985,0.11045,752002.6168
2026-03-17 00:00:00,0.11044,0.11129,0.10994,0.11088,532319.9854
2026-03-17 01:00:00,0.11095,0.1111,0.10979,0.11021,649019.1359
2026-03-17 02:00:00,0.11022,0.11071,0.10966,0.10966,179491.5311
2026-03-17 03:00:00,0.10976,0.11,0.10813,0.1088,1142183.7046
2026-03-17 04:00:00,0.10881,0.109,0.10694,0.10772,1077416.3505
2026-03-17 05:00:00,0.10772,0.10797,0.10709,0.10754,735792.5124
2026-03-17 06:00:00,0.1076,0.10818,0.10714,0.10787,267282.2147
2026-03-17 07:00:00,0.10787,0.10896,0.10787,0.10848,301611.1132
2026-03-17 08:00:00,0.1085,0.1089,0.10828,0.10848,338530.9732
2026-03-17 09:00:00,0.10852,0.10895,0.10818,0.10858,581275.3493
2026-03-17 10:00:00,0.10854,0.10859,0.10814,0.10858,387244.2039
2026-03-17 11:00:00,0.1086,0.10919,0.10787,0.108,347674.9737
2026-03-17 12:00:00,0.10799,0.1081,0.10701,0.10725,327179.0551
2026-03-17 13:00:00,0.10727,0.10799,0.10678,0.10733,532932.9378
2026-03-17 14:00:00,0.10726,0.10918,0.10696,0.10837,1682460.346
2026-03-17 15:00:00,0.10835,0.10892,0.10685,0.10774,916002.0999
2026-03-17 16:00:00,0.10774,0.10837,0.10762,0.10785,299439.4762
2026-03-17 17:00:00,0.10791,0.10882,0.10775,0.10882,127023.5829
2026-03-17 18:00:00,0.10877,0.10901,0.10828,0.10867,421768.5236
2026-03-17 19:00:00,0.10868,0.10874,0.108,0.10805,86935.2531
2026-03-17 20:00:00,0.10807,0.10873,0.10796,0.10861,111659.3558
2026-03-17 21:00:00,0.10866,0.10921,0.10856,0.10891,259299.9558
2026-03-17 22:00:00,0.1089,0.1092,0.10793,0.10855,93937.1376
2026-03-17 23:00:00,0.10857,0.10864,0.10786,0.10794,183393.1249
2026-03-18 00:00:00,0.10793,0.10817,0.10731,0.10779,346165.0993
2026-03-18 01:00:00,0.10788,0.10833,0.10779,0.10779,817923.085
2026-03-18 02:00:00,0.10777,0.10889,0.10776,0.10842,689453.533
2026-03-18 03:00:00,0.10843,0.10934,0.10833,0.10871,330188.2239
2026-03-18 04:00:00,0.10869,0.10873,0.10791,0.10823,186563.2185
2026-03-18 05:00:00,0.10822,0.10923,0.10793,0.10805,1090941.2092
2026-03-18 06:00:00,0.1081,0.10862,0.10794,0.10796,385508.4794
2026-03-18 07:00:00,0.10794,0.10801,0.1074,0.10792,309404.4754
2026-03-18 08:00:00,0.10792,0.10833,0.10776,0.10784,441191.7614
2026-03-18 09:00:00,0.10785,0.10837,0.10764,0.10794,304538.2822
2026-03-18 10:00:00,0.10795,0.108,0.10702,0.10746,286483.897
2026-03-18 11:00:00,0.10747,0.10779,0.10478,0.10516,2181445.9862
2026-03-18 12:00:00,0.10515,0.10515,0.1028,0.10322,858249.3964
2026-03-18 13:00:00,0.1032,0.10387,0.10257,0.10325,761250.5181
2026-03-18 14:00:00,0.10327,0.10334,0.10094,0.10106,643042.9011
2026-03-18 15:00:00,0.10107,0.10181,0.10024,0.1015,1419798.3521
2026-03-18 16:00:00,0.10148,0.10148,0.10062,0.10111,640782.428
2026-03-18 17:00:00,0.10109,0.10206,0.1006,0.10172,565990.0981
2026-03-18 18:00:00,0.10183,0.10283,0.10145,0.10167,690529.2715
2026-03-18 19:00:00,0.1018,0.10263,0.10174,0.10179,211222.8209
2026-03-18 20:00:00,0.10179,0.1025,0.10082,0.10229,602877.9134
2026-03-18 21:00:00,0.10226,0.10312,0.10225,0.10299,249137.9788
2026-03-18 22:00:00,0.10292,0.10292,0.10242,0.1026,316583.0079
2026-03-18 23:00:00,0.10262,0.10305,0.10237,0.10297,164538.835
2026-03-19 00:00:00,0.10298,0.10308,0.10248,0.10249,182473.0594
2026-03-19 01:00:00,0.10252,0.10267,0.10231,0.10245,92221.9387
2026-03-19 02:00:00,0.10242,0.10252,0.10191,0.10224,276428.1669
2026-03-19 03:00:00,0.10225,0.10394,0.10216,0.1028,850047.0755
2026-03-19 04:00:00,0.10283,0.10287,0.10231,0.10231,133435.2332
2026-03-19 05:00:00,0.10226,0.10241,0.10162,0.10185,332547.34
2026-03-19 06:00:00,0.10186,0.10212,0.10124,0.10177,227665.4718
2026-03-19 07:00:00,0.10177,0.10182,0.09985,0.10069,777154.9321
2026-03-19 08:00:00,0.10072,0.10094,0.10013,0.10056,321731.9471
2026-03-19 09:00:00,0.10052,0.10146,0.10046,0.10131,307379.3889
2026-03-19 10:00:00,0.10131,0.10138,0.10051,0.10051,260110.2558
2026-03-19 11:00:00,0.10051,0.10081,0.10041,0.10056,255522.1588
2026-03-19 12:00:00,0.10044,0.10044,0.09893,0.09899,617034.8417
2026-03-19 13:00:00,0.09892,0.09965,0.09829,0.09939,862404.6058
2026-03-19 14:00:00,0.09942,0.09981,0.09834,0.09896,225237.3079
2026-03-19 15:00:00,0.09885,0.09922,0.09776,0.09872,496582.112
2026-03-19 16:00:00,0.09871,0.09871,0.09804,0.09824,766206.9662
2026-03-19 17:00:00,0.09825,0.09907,0.09781,0.09881,365353.821
2026-03-19 18:00:00,0.09881,0.09881,0.09797,0.09834,239298.6355
2026-03-19 19:00:00,0.09829,0.09957,0.09829,0.09895,615639.0633
2026-03-19 20:00:00,0.09895,0.09925,0.09883,0.09895,86445.7732
2026-03-19 21:00:00,0.09894,0.09936,0.09894,0.09934,302983.8412
2026-03-19 22:00:00,0.09926,0.09926,0.09852,0.09902,272540.7757
2026-03-19 23:00:00,0.09906,0.09938,0.09882,0.09933,240818.6607
2026-03-20 00:00:00,0.09937,0.09982,0.09912,0.09973,298364.0522
2026-03-20 01:00:00,0.0998,0.10059,0.0998,0.10031,196618.9724
2026-03-20 02:00:00,0.10037,0.10038,0.09969,0.10023,188504.4464
2026-03-20 03:00:00,0.10024,0.10054,0.10008,0.10021,464295.1904
2026-03-20 04:00:00,0.1002,0.10081,0.09996,0.10073,128890.9788
2026-03-20 05:00:00,0.10072,0.10147,0.1007,0.10114,388113.4824
2026-03-20 06:00:00,0.10118,0.10129,0.10094,0.10104,646188.8315
2026-03-20 07:00:00,0.10102,0.10102,0.10018,0.10065,188700.9801
2026-03-20 08:00:00,0.1007,0.10152,0.1006,0.10083,617569.1541
2026-03-20 09:00:00,0.1008,0.10101,0.10017,0.10062,750415.3191
2026-03-20 10:00:00,0.10069,0.10079,0.10014,0.10069,146876.3816
2026-03-20 11:00:00,0.10073,0.10145,0.10016,0.10055,353585.8251
2026-03-20 12:00:00,0.10055,0.10099,0.10026,0.10034,367232.5587
2026-03-20 13:00:00,0.10039,0.10078,0.09967,0.09986,559297.7463
2026-03-20 14:00:00,0.09979,0.10045,0.09929,0.09939,591418.719
2026-03-20 15:00:00,0.09935,0.0998,0.0989,0.09969,629783.9222
2026-03-20 16:00:00,0.0997,0.1001,0.09941,0.1001,292375.8438
2026-03-20 17:00:00,0.10004,0.10024,0.09943,0.10012,310475.2115
2026-03-20 18:00:00,0.10016,0.10043,0.09887,0.0992,168496.4714
2026-03-20 19:00:00,0.09928,0.09952,0.09849,0.09946,184353.2031
2026-03-20 20:00:00,0.09946,0.09958,0.09848,0.09926,629271.479
2026-03-20 21:00:00,0.09928,0.10048,0.09908,0.10006,574597.0001
2026-03-20 22:00:00,0.10026,0.10083,0.10022,0.10026,179008.7752
2026-03-20 23:00:00,0.10017,0.10017,0.09956,0.09983,162496.6602
2026-03-21 00:00:00,0.09985,0.10024,0.09985,0.10001,124050.2386
2026-03-21 01:00:00,0.1,0.10014,0.09958,0.09966,861902.2078
2026-03-21 02:00:00,0.09957,0.1001,0.09949,0.10003,113557.5182
2026-03-21 03:00:00,0.10005,0.10007,0.09969,0.09974,45138.7803
2026-03-21 04:00:00,0.0997,0.09991,0.09962,0.09968,200810.0014
2026-03-21 05:00:00,0.09965,0.10018,0.09965,0.09976,173336.0454
2026-03-21 06:00:00,0.09976,0.10023,0.09968,0.10004,153977.4082
2026-03-21 07:00:00,0.10006,0.10008,0.09973,0.09976,128682.9703
2026-03-21 08:00:00,0.09977,0.09999,0.09958,0.09991,99655.7314
2026-03-21 09:00:00,0.09987,0.10019,0.09965,0.09971,80358.7078
2026-03-21 10:00:00,0.09968,0.09971,0.09923,0.09938,228871.951
2026-03-21 11:00:00,0.09933,0.09951,0.09915,0.09946,663943.1129
2026-03-21 12:00:00,0.09947,0.09959,0.09921,0.09929,601566.2845
2026-03-21 13:00:00,0.0993,0.09939,0.09917,0.09932,72292.5378
2026-03-21 14:00:00,0.09938,0.09995,0.09931,0.09935,358648.9642
2026-03-21 15:00:00,0.09934,0.10063,0.09934,0.10063,565779.0597
2026-03-21 16:00:00,0.10063,0.1007,0.09995,0.09998,339235.0266
2026-03-21 17:00:00,0.10004,0.10021,0.09968,0.09996,572609.7786
2026-03-21 18:00:00,0.1,0.10012,0.09985,0.09985,34698.5388
2026-03-21 19:00:00,0.09988,0.09988,0.09963,0.09983,297248.4119
2026-03-21 20:00:00,0.09983,0.10025,0.09981,0.10015,102305.5948
2026-03-21 21:00:00,0.10015,0.1002,0.09962,0.09962,383927.4978
2026-03-21 22:00:00,0.09958,0.09972,0.09943,0.09955,287905.2824
2026-03-21 23:00:00,0.09949,0.09949,0.09573,0.09626,2162748.7026
2026-03-22 00:00:00,0.09627,0.09649,0.09379,0.09595,2964947.0065
2026-03-22 01:00:00,0.0961,0.09649,0.09546,0.09602,576361.9845
2026-03-22 02:00:00,0.09614,0.0969,0.09583,0.09643,459978.487
2026-03-22 03:00:00,0.09632,0.09721,0.096,0.09628,500471.6391
2026-03-22 04:00:00,0.09629,0.09681,0.09611,0.09653,272921.3952
2026-03-22 05:00:00,0.0965,0.0965,0.09595,0.09607,1128704.946
2026-03-22 06:00:00,0.09606,0.09606,0.09568,0.09591,362799.5837
2026-03-22 07:00:00,0.09583,0.096,0.09496,0.09503,952005.5149
2026-03-22 08:00:00,0.09503,0.09522,0.09407,0.09478,960505.995
2026-03-22 09:00:00,0.09474,0.09502,0.09434,0.09448,668723.6185
2026-03-22 10:00:00,0.09436,0.0944,0.09366,0.0938,390551.0721
2026-03-22 11:00:00,0.09381,0.09386,0.09346,0.09357,851589.6992
2026-03-22 12:00:00,0.09357,0.09435,0.09352,0.09378,945434.2038
2026-03-22 13:00:00,0.09379,0.09427,0.09334,0.09357,780392.9479
2026-03-22 14:00:00,0.09355,0.09387,0.09326,0.09341,665736.6628
2026-03-22 15:00:00,0.09338,0.0938,0.09338,0.09364,370451.9196
2026-03-22 16:00:00,0.09367,0.09372,0.09324,0.09324,845476.5401
2026-03-22 17:00:00,0.09323,0.09323,0.09273,0.09281,1267411.691
2026-03-22 18:00:00,0.09272,0.09284,0.09193,0.09253,947978.7315
2026-03-22 19:00:00,0.09254,0.09259,0.09184,0.09234,989572.4068
2026-03-22 20:00:00,0.09235,0.09295,0.09228,0.09243,775882.1654
2026-03-22 21:00:00,0.09246,0.09262,0.09106,0.09234,1361730.0
2026-03-22 22:00:00,0.09231,0.09298,0.09173,0.09282,988438.2745
2026-03-22 23:00:00,0.09287,0.09328,0.09242,0.09253,550756.8774
2026-03-23 00:00:00,0.09253,0.09346,0.0924,0.09323,1150806.2075
2026-03-23 01:00:00,0.09322,0.0937,0.09282,0.09339,651581.6613
2026-03-23 02:00:00,0.09343,0.09446,0.09338,0.0941,343472.8778
2026-03-23 03:00:00,0.09411,0.09471,0.09381,0.09387,318999.3867
2026-03-23 04:00:00,0.09389,0.09436,0.09383,0.09434,243848.3006
2026-03-23 05:00:00,0.09434,0.09455,0.09389,0.09436,407801.9167
2026-03-23 06:00:00,0.09436,0.09436,0.09258,0.0929,857590.3308
2026-03-23 07:00:00,0.09285,0.09289,0.09168,0.09243,880728.9952
2026-03-23 08:00:00,0.09247,0.09281,0.09194,0.09204,301926.0188
2026-03-23 09:00:00,0.09203,0.09226,0.09128,0.09221,1321656.922
2026-03-23 10:00:00,0.09224,0.0929,0.09209,0.09248,294294.2037
2026-03-23 11:00:00,0.09247,0.09736,0.09243,0.09497,6113983.6121
2026-03-23 12:00:00,0.09502,0.09546,0.09434,0.09529,906591.0138
2026-03-23 13:00:00,0.09531,0.09632,0.09476,0.09626,462552.3152
2026-03-23 14:00:00,0.09632,0.09662,0.09575,0.09629,359529.6644
2026-03-23 15:00:00,0.0962,0.0969,0.09415,0.09426,552801.8105
2026-03-23 16:00:00,0.09426,0.09494,0.09355,0.09429,1489382.743
2026-03-23 17:00:00,0.0944,0.09501,0.09386,0.09482,744929.7649
2026-03-23 18:00:00,0.09485,0.0959,0.09448,0.09587,533795.3816
2026-03-23 19:00:00,0.09584,0.09633,0.09485,0.0949,784827.8684
2026-03-23 20:00:00,0.09494,0.0963,0.09461,0.09629,244072.9796
2026-03-23 21:00:00,0.09633,0.0971,0.09588,0.09684,503180.3608
2026-03-23 22:00:00,0.09675,0.09675,0.09593,0.09651,448225.7274
2026-03-23 23:00:00,0.09636,0.0977,0.09568,0.09755,2029294.4711
2026-03-24 00:00:00,0.09756,0.09816,0.09589,0.09675,818742.0734
2026-03-24 01:00:00,0.0967,0.09679,0.09531,0.09609,285977.906
2026-03-24 02:00:00,0.09609,0.09681,0.09565,0.09586,146903.6818
2026-03-24 03:00:00,0.09586,0.09677,0.09585,0.09668,217755.983
2026-03-24 04:00:00,0.09668,0.09683,0.0957,0.09624,976163.8081
2026-03-24 05:00:00,0.09625,0.09689,0.09591,0.09683,331377.6468
2026-03-24 06:00:00,0.09686,0.09695,0.09588,0.09634,463211.2939
2026-03-24 07:00:00,0.09632,0.09688,0.096,0.09684,424417.9755
2026-03-24 08:00:00,0.0968,0.0978,0.09665,0.09737,527217.1736
2026-03-24 09:00:00,0.09735,0.09804,0.09692,0.09776,499803.346
2026-03-24 10:00:00,0.09772,0.09772,0.09685,0.09713,330949.1363
2026-03-24 11:00:00,0.09708,0.09787,0.09641,0.0971,543213.7789
2026-03-24 12:00:00,0.09708,0.09749,0.0967,0.09724,245607.3019
2026-03-24 13:00:00,0.09721,0.0976,0.09627,0.09647,627055.6059
2026-03-24 14:00:00,0.09652,0.09738,0.09574,0.09724,918936.6066
2026-03-24 15:00:00,0.09726,0.09752,0.09658,0.09658,486636.1963
2026-03-24 16:00:00,0.09658,0.09721,0.09611,0.09613,238486.7919
2026-03-24 17:00:00,0.09613,0.09618,0.09469,0.09534,1086182.1905
2026-03-24 18:00:00,0.09534,0.09647,0.09526,0.09581,258882.9113
2026-03-24 19:00:00,0.09585,0.09683,0.09585,0.09621,501816.0437
2026-03-24 20:00:00,0.09621,0.09843,0.096,0.09797,780333.6564
2026-03-24 21:00:00,0.09796,0.09815,0.0972,0.09815,325276.4136
2026-03-24 22:00:00,0.09816,0.09853,0.097,0.09703,262783.3526
2026-03-24 23:00:00,0.09704,0.09806,0.09703,0.0976,182579.0449
2026-03-25 00:00:00,0.09762,0.0982,0.09694,0.09759,411764.5615
2026-03-25 01:00:00,0.09761,0.09809,0.09744,0.09785,311382.4873
2026-03-25 02:00:00,0.09784,0.09814,0.09773,0.09779,159407.335
2026-03-25 03:00:00,0.09781,0.09813,0.09715,0.09797,279758.9912
2026-03-25 04:00:00,0.09797,0.09831,0.09766,0.09828,195446.3149
2026-03-25 05:00:00,0.0983,0.09865,0.09785,0.09833,361180.0009
2026-03-25 06:00:00,0.09834,0.09861,0.09806,0.09818,309863.0547
2026-03-25 07:00:00,0.09823,0.09916,0.09823,0.09858,295351.0356
2026-03-25 08:00:00,0.09879,0.09972,0.09869,0.09897,429557.9899
2026-03-25 09:00:00,0.09897,0.09905,0.09835,0.09864,176746.5346
2026-03-25 10:00:00,0.09858,0.09935,0.09847,0.09922,148060.4144
2026-03-25 11:00:00,0.0992,0.09941,0.09888,0.09928,378005.0855
2026-03-25 12:00:00,0.0993,0.10003,0.09876,0.09939,500089.5973
2026-03-25 13:00:00,0.09952,0.09981,0.0989,0.09892,485799.8019
2026-03-25 14:00:00,0.09896,0.09972,0.09867,0.09954,230262.2808
2026-03-25 15:00:00,0.09953,0.09968,0.09836,0.09888,332956.4106
2026-03-25 16:00:00,0.09887,0.09982,0.09854,0.09917,759059.4867
2026-03-25 17:00:00,0.09925,0.09974,0.0991,0.09918,580219.0668
2026-03-25 18:00:00,0.09924,0.0996,0.09874,0.099,208760.5297
2026-03-25 19:00:00,0.099,0.09923,0.09867,0.09878,153517.9499
2026-03-25 20:00:00,0.09888,0.09888,0.09804,0.09838,192970.7973
2026-03-25 21:00:00,0.09819,0.0987,0.09811,0.09843,252947.9861
2026-03-25 22:00:00,0.09843,0.09929,0.09827,0.09886,192130.7566
2026-03-25 23:00:00,0.09881,0.09882,0.09843,0.09877,182019.1008
2026-03-26 00:00:00,0.09878,0.09889,0.09827,0.0984,153167.5169
2026-03-26 01:00:00,0.09846,0.09921,0.09828,0.09872,2030000.8929
2026-03-26 02:00:00,0.09872,0.09879,0.09766,0.09803,430258.8842
2026-03-26 03:00:00,0.09801,0.09801,0.097,0.09726,368300.1999
2026-03-26 04:00:00,0.09725,0.09728,0.09649,0.09683,622608.4865
2026-03-26 05:00:00,0.09682,0.09689,0.09546,0.09554,987886.0576
2026-03-26 06:00:00,0.09555,0.09577,0.09507,0.09517,262895.2522
2026-03-26 07:00:00,0.09516,0.0954,0.09485,0.09529,287016.0967
2026-03-26 08:00:00,0.09521,0.09525,0.09457,0.0948,220156.8371
2026-03-26 09:00:00,0.0948,0.0951,0.09357,0.094,1485086.0362
2026-03-26 10:00:00,0.09397,0.09417,0.09365,0.09403,464366.8469
2026-03-26 11:00:00,0.09403,0.09431,0.09377,0.09404,470096.044
2026-03-26 12:00:00,0.09404,0.09441,0.09375,0.09417,823991.754
2026-03-26 13:00:00,0.09415,0.0954,0.0941,0.095,595307.7706
2026-03-26 14:00:00,0.09502,0.09537,0.09455,0.09494,512056.0319
2026-03-26 15:00:00,0.0949,0.09494,0.09397,0.0941,486307.7598
2026-03-26 16:00:00,0.09414,0.09441,0.09382,0.09386,325843.1169
2026-03-26 17:00:00,0.09389,0.0945,0.09344,0.09377,218543.7854
2026-03-26 18:00:00,0.09382,0.09394,0.093,0.0933,427179.6037
2026-03-26 19:00:00,0.09334,0.09334,0.09272,0.09287,233693.1118
2026-03-26 20:00:00,0.09288,0.09466,0.09259,0.0938,779181.1373
2026-03-26 21:00:00,0.0938,0.09472,0.09367,0.09442,357731.7985
2026-03-26 22:00:00,0.09447,0.09461,0.0939,0.09426,219773.9316
2026-03-26 23:00:00,0.09428,0.09444,0.09375,0.09382,173578.7337
2026-03-27 00:00:00,0.09385,0.09431,0.09379,0.09425,152046.7416
2026-03-27 01:00:00,0.09425,0.09502,0.09415,0.09487,317386.9726
2026-03-27 02:00:00,0.09499,0.09508,0.09474,0.09485,141148.9303
2026-03-27 03:00:00,0.0949,0.0949,0.09442,0.09453,229875.5977
2026-03-27 04:00:00,0.09445,0.09445,0.09373,0.09394,216573.4666
2026-03-27 05:00:00,0.09394,0.09428,0.09364,0.09394,185146.254
2026-03-27 06:00:00,0.09395,0.09403,0.09365,0.09397,118835.5323
2026-03-27 07:00:00,0.09404,0.09452,0.09404,0.09446,404264.4579
2026-03-27 08:00:00,0.09453,0.0947,0.09316,0.09386,892698.4815
2026-03-27 09:00:00,0.09385,0.09385,0.09247,0.09286,573270.8145
2026-03-27 10:00:00,0.09286,0.0929,0.09051,0.09069,1546550.8055
2026-03-27 11:00:00,0.0907,0.09121,0.09033,0.09101,595983.6563
2026-03-27 12:00:00,0.09102,0.09102,0.09034,0.09077,395749.0914
2026-03-27 13:00:00,0.09082,0.09106,0.09008,0.09041,380743.6036
2026-03-27 14:00:00,0.09044,0.091,0.09,0.09058,464186.1309
2026-03-27 15:00:00,0.09058,0.09137,0.09017,0.09043,647825.181
2026-03-27 16:00:00,0.09041,0.09066,0.09,0.09032,328612.4056
2026-03-27 17:00:00,0.0904,0.09111,0.09001,0.09014,355955.2869
2026-03-27 18:00:00,0.0901,0.09018,0.08964,0.09004,381114.6321
2026-03-27 19:00:00,0.09004,0.09052,0.0895,0.09039,319522.0394
2026-03-27 20:00:00,0.0904,0.0906,0.08987,0.09039,193309.3048
2026-03-27 21:00:00,0.09038,0.09063,0.09019,0.09022,129455.0765
2026-03-27 22:00:00,0.09025,0.09025,0.08997,0.09001,89927.6312
2026-03-27 23:00:00,0.09,0.09018,0.0897,0.09005,115057.2942
2026-03-28 00:00:00,0.09007,0.09017,0.08961,0.08962,519816.4275
2026-03-28 01:00:00,0.08958,0.08968,0.08865,0.0893,634714.9161
2026-03-28 02:00:00,0.08933,0.08974,0.08915,0.0893,306506.8336
2026-03-28 03:00:00,0.08938,0.08942,0.08921,0.08936,377397.9058
2026-03-28 04:00:00,0.08939,0.08943,0.08911,0.08917,358861.9746
2026-03-28 05:00:00,0.08918,0.08932,0.08896,0.08923,468095.8497
2026-03-28 06:00:00,0.08921,0.0896,0.08916,0.08928,665068.6295
2026-03-28 07:00:00,0.08929,0.08974,0.08929,0.0897,505430.4503
2026-03-28 08:00:00,0.08972,0.09033,0.08972,0.09002,1010614.833
2026-03-28 09:00:00,0.09003,0.09025,0.08965,0.08979,475061.1825
2026-03-28 10:00:00,0.08977,0.09048,0.08975,0.09011,269300.127
2026-03-28 11:00:00,0.09013,0.09048,0.09002,0.09038,286781.5768
2026-03-28 12:00:00,0.09043,0.09077,0.09013,0.09037,185065.7837
2026-03-28 13:00:00,0.09035,0.0921,0.09026,0.09172,703512.6724
2026-03-28 14:00:00,0.09172,0.09197,0.09127,0.09134,426428.4207
2026-03-28 15:00:00,0.09138,0.09228,0.0912,0.0915,727177.5107
2026-03-28 16:00:00,0.0915,0.09243,0.0915,0.09226,743785.7963
2026-03-28 17:00:00,0.09227,0.09233,0.09161,0.09188,387670.0197
2026-03-28 18:00:00,0.09186,0.09206,0.0917,0.09205,126705.447
2026-03-28 19:00:00,0.092,0.09215,0.09163,0.09173,62393.7707
2026-03-28 20:00:00,0.09176,0.092,0.09163,0.09174,131108.1546
2026-03-28 21:00:00,0.09168,0.09171,0.09077,0.09088,134562.7321
2026-03-28 22:00:00,0.09087,0.09099,0.09064,0.09079,307743.0821
2026-03-28 23:00:00,0.09083,0.09084,0.08952,0.0898,540754.7871
2026-03-29 00:00:00,0.08988,0.09005,0.08941,0.08961,298415.3133
2026-03-29 01:00:00,0.08968,0.09022,0.08968,0.09005,235759.2333
2026-03-29 02:00:00,0.09003,0.09024,0.08995,0.09001,134899.1748
2026-03-29 03:00:00,0.09007,0.09079,0.09007,0.09039,404596.991
2026-03-29 04:00:00,0.09036,0.09042,0.09004,0.09014,138703.0008
2026-03-29 05:00:00,0.09013,0.09013,0.08974,0.08998,290076.3614
2026-03-29 06:00:00,0.08997,0.09016,0.08979,0.08992,64887.581
2026-03-29 07:00:00,0.0899,0.08991,0.08956,0.0897,213327.0826
2026-03-29 08:00:00,0.0897,0.08974,0.08945,0.08964,493681.3338
2026-03-29 09:00:00,0.0896,0.08972,0.08939,0.08945,240150.5434
2026-03-29 10:00:00,0.08944,0.08944,0.08875,0.08894,351931.0393
2026-03-29 11:00:00,0.08891,0.08961,0.08885,0.08924,371135.2826
2026-03-29 12:00:00,0.08922,0.08922,0.08822,0.08856,430935.5295
2026-03-29 13:00:00,0.08855,0.08877,0.08795,0.08843,539465.3452
2026-03-29 14:00:00,0.08843,0.08896,0.08825,0.08869,465848.784
2026-03-29 15:00:00,0.08881,0.08895,0.0884,0.08867,393270.0811
2026-03-29 16:00:00,0.08869,0.08909,0.08858,0.08868,289669.6005
2026-03-29 17:00:00,0.08869,0.08895,0.08832,0.0889,282391.8144
2026-03-29 18:00:00,0.08892,0.08923,0.08859,0.089,96497.1382
2026-03-29 19:00:00,0.08902,0.08902,0.08864,0.08869,99525.1431
2026-03-29 20:00:00,0.0887,0.08954,0.08869,0.08933,123831.0163
2026-03-29 21:00:00,0.08934,0.08978,0.08926,0.08978,174269.3772
2026-03-29 22:00:00,0.08971,0.08971,0.08579,0.08792,1933733.6917
2026-03-29 23:00:00,0.0879,0.08863,0.08786,0.08831,462083.4193
2026-03-30 00:00:00,0.08834,0.09042,0.08826,0.08948,686766.5316
2026-03-30 01:00:00,0.08941,0.09052,0.08941,0.09032,303571.399
2026-03-30 02:00:00,0.09035,0.09178,0.09031,0.09106,440968.8802
2026-03-30 03:00:00,0.09111,0.09144,0.09081,0.09127,160320.4065
2026-03-30 04:00:00,0.09126,0.0923,0.09126,0.09194,682973.2202
2026-03-30 05:00:00,0.09194,0.09216,0.09124,0.09131,456483.9318
2026-03-30 06:00:00,0.09126,0.09169,0.09111,0.09155,417737.7009
2026-03-30 07:00:00,0.09156,0.0928,0.09154,0.09273,412723.2727
2026-03-30 08:00:00,0.09278,0.09331,0.09269,0.09299,913276.5379
2026-03-30 09:00:00,0.09303,0.09303,0.09202,0.09212,388215.4289
2026-03-30 10:00:00,0.09212,0.09238,0.09193,0.09226,410326.8301
2026-03-30 11:00:00,0.09226,0.09356,0.09226,0.09271,791801.0701
2026-03-30 12:00:00,0.09272,0.09356,0.09272,0.09333,854398.5806
2026-03-30 13:00:00,0.09343,0.09377,0.09248,0.09261,427436.7856
2026-03-30 14:00:00,0.09268,0.09301,0.09182,0.09285,520577.0809
2026-03-30 15:00:00,0.09286,0.0929,0.09194,0.09215,509157.1444
2026-03-30 16:00:00,0.09216,0.09236,0.09172,0.092,210193.6555
2026-03-30 17:00:00,0.09203,0.09215,0.09074,0.09128,370992.8049
2026-03-30 18:00:00,0.09129,0.09145,0.09047,0.09055,172080.7252
2026-03-30 19:00:00,0.09062,0.09076,0.09012,0.09074,321574.3164
2026-03-30 20:00:00,0.09076,0.09096,0.09051,0.09066,76697.7725
2026-03-30 21:00:00,0.09061,0.0917,0.09058,0.09145,330433.6413
2026-03-30 22:00:00,0.09146,0.09164,0.09083,0.09095,235144.6894
2026-03-30 23:00:00,0.09094,0.09136,0.0906,0.0911,1597206.1469
2026-03-31 00:00:00,0.09111,0.09185,0.09086,0.09163,275332.6266
2026-03-31 01:00:00,0.09166,0.09377,0.09153,0.09277,685912.3592
2026-03-31 02:00:00,0.09278,0.09352,0.09265,0.09295,167169.7303
2026-03-31 03:00:00,0.09294,0.09294,0.09235,0.09253,193989.1367
2026-03-31 04:00:00,0.09255,0.09291,0.09228,0.09249,220055.8617
2026-03-31 05:00:00,0.09245,0.0929,0.09232,0.09271,119442.4994
2026-03-31 06:00:00,0.09268,0.09312,0.09251,0.09306,296387.1587
2026-03-31 07:00:00,0.0931,0.09318,0.0923,0.09281,173584.8321
2026-03-31 08:00:00,0.09284,0.09303,0.09192,0.09203,207926.7212
2026-03-31 09:00:00,0.09199,0.09217,0.09075,0.09106,506145.1939
2026-03-31 10:00:00,0.09109,0.09158,0.091,0.09104,285636.2995
2026-03-31 11:00:00,0.09102,0.0924,0.09095,0.0923,486801.6105
2026-03-31 12:00:00,0.09236,0.09262,0.09168,0.09188,595642.1481
2026-03-31 13:00:00,0.09193,0.09305,0.09193,0.09285,386510.3924
2026-03-31 14:00:00,0.09286,0.09342,0.09139,0.09176,731699.5958
2026-03-31 15:00:00,0.09179,0.0929,0.09131,0.0914,660645.8557
2026-03-31 16:00:00,0.09141,0.09301,0.09128,0.09296,526700.6951
2026-03-31 17:00:00,0.09296,0.09405,0.09254,0.09267,847631.6431
2026-03-31 18:00:00,0.09269,0.09327,0.09253,0.09279,181167.8366
2026-03-31 19:00:00,0.09289,0.09306,0.09241,0.09279,126754.2923
2026-03-31 20:00:00,0.09286,0.09311,0.09267,0.09311,109872.3538
2026-03-31 21:00:00,0.09311,0.09317,0.09258,0.09288,210290.2395
2026-03-31 22:00:00,0.09283,0.09286,0.0923,0.0928,81584.3883
2026-03-31 23:00:00,0.09273,0.09309,0.09264,0.09296,134267.2898
2026-04-01 00:00:00,0.09297,0.093,0.0926,0.09297,116912.2044
2026-04-01 01:00:00,0.09298,0.09307,0.0922,0.09245,206169.341
2026-04-01 02:00:00,0.09246,0.09265,0.09217,0.09249,184444.5125
2026-04-01 03:00:00,0.09255,0.09362,0.09255,0.09333,211246.7321
2026-04-01 04:00:00,0.09325,0.094,0.09322,0.0938,184074.5606
2026-04-01 05:00:00,0.09381,0.09504,0.09367,0.09472,817258.0975
2026-04-01 06:00:00,0.09478,0.09602,0.09476,0.09596,606006.1216
2026-04-01 07:00:00,0.09598,0.09607,0.09517,0.09576,315054.7641
2026-04-01 08:00:00,0.09583,0.09629,0.0955,0.0955,538165.5383
2026-04-01 09:00:00,0.09549,0.09558,0.09474,0.09523,280487.3696
2026-04-01 10:00:00,0.09526,0.09536,0.09452,0.09484,155511.131
2026-04-01 11:00:00,0.09482,0.09569,0.09462,0.09541,1320019.3476
2026-04-01 12:00:00,0.09544,0.09683,0.09526,0.09578,1355502.2274
2026-04-01 13:00:00,0.09581,0.09582,0.09429,0.09447,554953.229
2026-04-01 14:00:00,0.09445,0.0947,0.09397,0.09446,269476.299
2026-04-01 15:00:00,0.09446,0.09468,0.09404,0.09468,293923.4382
2026-04-01 16:00:00,0.09468,0.09515,0.09427,0.09491,270639.4802
2026-04-01 17:00:00,0.0949,0.09586,0.0946,0.0948,464073.1838
2026-04-01 18:00:00,0.09481,0.09488,0.0942,0.09427,168341.4741
2026-04-01 19:00:00,0.09428,0.09493,0.09426,0.09477,132285.8559
2026-04-01 20:00:00,0.09472,0.09474,0.09405,0.09447,154706.6575
2026-04-01 21:00:00,0.09446,0.09512,0.09444,0.09497,593141.1208
2026-04-01 22:00:00,0.09492,0.09494,0.09405,0.09416,864544.2648
2026-04-01 23:00:00,0.09417,0.09442,0.09409,0.09442,332920.4645
2026-04-02 00:00:00,0.09444,0.09552,0.09431,0.09529,321968.4192
2026-04-02 01:00:00,0.09525,0.0953,0.09212,0.09277,1423572.2411
2026-04-02 02:00:00,0.09277,0.09298,0.09076,0.09139,2226516.8864
2026-04-02 03:00:00,0.09138,0.09171,0.09051,0.09106,431478.7968
2026-04-02 04:00:00,0.091,0.09121,0.09064,0.09074,134104.1722
2026-04-02 05:00:00,0.09076,0.09154,0.09041,0.09143,244050.4452
2026-04-02 06:00:00,0.09145,0.092,0.09128,0.09157,165481.6089
2026-04-02 07:00:00,0.09154,0.09168,0.09132,0.09147,147787.9881
2026-04-02 08:00:00,0.09147,0.09149,0.09073,0.09081,426738.9013
2026-04-02 09:00:00,0.09078,0.09118,0.09052,0.09108,176719.5534
2026-04-02 10:00:00,0.09112,0.09123,0.09081,0.09107,130589.4176
2026-04-02 11:00:00,0.09105,0.09132,0.09055,0.09116,158567.3753
2026-04-02 12:00:00,0.09114,0.09114,0.0905,0.0905,180202.6011
2026-04-02 13:00:00,0.09051,0.09054,0.08977,0.09029,897010.5242
2026-04-02 14:00:00,0.09028,0.09229,0.0901,0.09215,703960.0907
2026-04-02 15:00:00,0.09211,0.09217,0.09086,0.09153,553293.8382
2026-04-02 16:00:00,0.09156,0.09255,0.09108,0.09184,294422.7927
2026-04-02 17:00:00,0.09181,0.0926,0.09104,0.09113,362145.8102
2026-04-02 18:00:00,0.09114,0.09161,0.09075,0.09144,445533.3322
2026-04-02 19:00:00,0.09144,0.09144,0.09075,0.09125,181938.3716
2026-04-02 20:00:00,0.09129,0.09168,0.091,0.0913,99883.0773
2026-04-02 21:00:00,0.09134,0.09141,0.0908,0.09116,153824.1896
2026-04-02 22:00:00,0.09099,0.09124,0.0909,0.09099,100290.4327
2026-04-02 23:00:00,0.09091,0.09105,0.09077,0.09085,102283.3625
2026-04-03 00:00:00,0.09084,0.09105,0.09075,0.09099,60886.6002
2026-04-03 01:00:00,0.091,0.09129,0.0907,0.09109,142760.8174
2026-04-03 02:00:00,0.09109,0.09176,0.09086,0.09176,195379.7623
2026-04-03 03:00:00,0.09179,0.09244,0.09153,0.09231,140275.1502
2026-04-03 04:00:00,0.09229,0.093,0.09213,0.09293,784749.6605
2026-04-03 05:00:00,0.09293,0.09377,0.09265,0.09336,397779.9712
2026-04-03 06:00:00,0.09338,0.09427,0.09322,0.09391,587965.8831
2026-04-03 07:00:00,0.0939,0.09411,0.09332,0.09344,162203.1692
2026-04-03 08:00:00,0.09347,0.09455,0.09347,0.09426,349072.345
2026-04-03 09:00:00,0.09426,0.09487,0.09403,0.09466,640444.9046
2026-04-03 10:00:00,0.09465,0.09484,0.09337,0.09355,1931304.5857
2026-04-03 11:00:00,0.09357,0.09405,0.09355,0.09388,454204.1124
2026-04-03 12:00:00,0.09384,0.0944,0.09298,0.09327,553569.8724
2026-04-03 13:00:00,0.09328,0.09338,0.09249,0.09282,187359.6965
2026-04-03 14:00:00,0.09282,0.0933,0.09256,0.09312,136564.1324
2026-04-03 15:00:00,0.09311,0.09311,0.09235,0.09248,207157.0502
2026-04-03 16:00:00,0.0924,0.09311,0.09231,0.09303,343122.7559
2026-04-03 17:00:00,0.09303,0.0931,0.09242,0.09257,155383.9354
2026-04-03 18:00:00,0.09256,0.09294,0.09252,0.09252,112477.9992
2026-04-03 19:00:00,0.09252,0.09263,0.09198,0.09257,274059.4988
2026-04-03 20:00:00,0.09255,0.09295,0.09255,0.09261,115283.9562
2026-04-03 21:00:00,0.09268,0.09295,0.09262,0.0927,373858.7001
2026-04-03 22:00:00,0.09277,0.09279,0.09216,0.09219,107968.504
2026-04-03 23:00:00,0.09218,0.09242,0.09202,0.09237,109864.6329
2026-04-04 00:00:00,0.09224,0.0923,0.09159,0.0917,595822.0594
2026-04-04 01:00:00,0.09168,0.09193,0.09166,0.09176,128194.1426
2026-04-04 02:00:00,0.09173,0.09182,0.09147,0.09149,93945.7572
2026-04-04 03:00:00,0.0915,0.09219,0.09145,0.09172,1739576.1982
2026-04-04 04:00:00,0.09171,0.09199,0.09155,0.09195,227264.2187
2026-04-04 05:00:00,0.09187,0.09212,0.09176,0.09177,206960.6389
2026-04-04 06:00:00,0.09169,0.09223,0.09154,0.09223,62347.0969
2026-04-04 07:00:00,0.09224,0.09224,0.09189,0.09193,84742.1882
2026-04-04 08:00:00,0.09196,0.09216,0.09163,0.09164,47149.7642
2026-04-04 09:00:00,0.09166,0.09178,0.09156,0.09162,126508.176
2026-04-04 10:00:00,0.09163,0.09201,0.0915,0.09194,128156.3815
2026-04-04 11:00:00,0.09195,0.09212,0.09173,0.09212,122960.1405
2026-04-04 12:00:00,0.09212,0.09237,0.09193,0.09205,74793.3314
2026-04-04 13:00:00,0.09205,0.09252,0.09182,0.09197,307885.72
2026-04-04 14:00:00,0.09191,0.09243,0.09172,0.09243,93426.3016
2026-04-04 15:00:00,0.09243,0.09317,0.09243,0.09257,424791.6736
2026-04-04 16:00:00,0.0926,0.0929,0.0923,0.0923,118269.4482
2026-04-04 17:00:00,0.09232,0.09348,0.09219,0.09313,233465.0115
2026-04-04 18:00:00,0.09316,0.09337,0.0929,0.09295,55977.2854
2026-04-04 19:00:00,0.09289,0.09378,0.09284,0.09308,151649.0412
2026-04-04 20:00:00,0.09303,0.09307,0.09274,0.09274,46213.3568
2026-04-04 21:00:00,0.09275,0.09294,0.09267,0.09268,40945.4027
2026-04-04 22:00:00,0.09265,0.09304,0.09265,0.09282,181555.2123
2026-04-04 23:00:00,0.09279,0.09279,0.09256,0.09267,34111.0396
2026-04-05 00:00:00,0.09272,0.09279,0.09249,0.09256,96278.2358
2026-04-05 01:00:00,0.09261,0.09264,0.09224,0.09227,35756.7214
2026-04-05 02:00:00,0.09221,0.09226,0.09197,0.09214,645658.5034
2026-04-05 03:00:00,0.09212,0.09212,0.09182,0.092,109426.6828
2026-04-05 04:00:00,0.09198,0.09198,0.09161,0.09161,216338.1751
2026-04-05 05:00:00,0.09162,0.09175,0.09114,0.09128,184369.277
2026-04-05 06:00:00,0.09117,0.09124,0.09048,0.09088,1079031.0662
2026-04-05 07:00:00,0.09082,0.09088,0.09039,0.09052,258711.1824
2026-04-05 08:00:00,0.09051,0.09062,0.09041,0.09062,203367.8088
2026-04-05 09:00:00,0.09062,0.09086,0.09057,0.09085,233668.4993
2026-04-05 10:00:00,0.09086,0.09112,0.09061,0.09061,126739.746
2026-04-05 11:00:00,0.0906,0.09072,0.09047,0.09063,128779.9716
2026-04-05 12:00:00,0.09062,0.09071,0.08983,0.09024,372350.4747
2026-04-05 13:00:00,0.09025,0.09065,0.08967,0.09062,160252.3509
2026-04-05 14:00:00,0.09064,0.09085,0.0904,0.09068,193867.0823
2026-04-05 15:00:00,0.09063,0.09185,0.09029,0.09106,244271.443
2026-04-05 16:00:00,0.09105,0.0914,0.09054,0.09057,125160.794
2026-04-05 17:00:00,0.09055,0.09116,0.09044,0.09112,280833.877
2026-04-05 18:00:00,0.09117,0.09141,0.09096,0.09119,152426.86
2026-04-05 19:00:00,0.09121,0.09171,0.09098,0.09131,78801.2868
2026-04-05 20:00:00,0.09137,0.09162,0.09122,0.09141,167089.9599
2026-04-05 21:00:00,0.09144,0.09144,0.09078,0.09118,428760.3355
2026-04-05 22:00:00,0.09118,0.09269,0.09093,0.09267,602344.815
2026-04-05 23:00:00,0.09269,0.09472,0.09242,0.09423,1081269.5859
2026-04-06 00:00:00,0.09424,0.09667,0.09424,0.09543,953142.9761
2026-04-06 01:00:00,0.09542,0.09546,0.09458,0.09502,391841.8913
2026-04-06 02:00:00,0.09504,0.09632,0.09498,0.09586,375560.1957
2026-04-06 03:00:00,0.09588,0.09609,0.09532,0.09552,856106.7877
2026-04-06 04:00:00,0.09553,0.09594,0.09538,0.09555,650564.2547
2026-04-06 05:00:00,0.0956,0.09579,0.09535,0.09547,442585.7156
2026-04-06 06:00:00,0.09549,0.09574,0.09504,0.09552,554686.7784
2026-04-06 07:00:00,0.09549,0.09577,0.09521,0.09568,146354.178
2026-04-06 08:00:00,0.09565,0.09722,0.09565,0.09655,891225.111
2026-04-06 09:00:00,0.09662,0.09824,0.09662,0.09764,764059.3247
2026-04-06 10:00:00,0.09762,0.09841,0.09762,0.0984,872495.1499
2026-04-06 11:00:00,0.09839,0.0988,0.09795,0.09856,602344.7284
2026-04-06 12:00:00,0.09857,0.09893,0.09763,0.09781,751923.0613
2026-04-06 13:00:00,0.09787,0.09803,0.09705,0.09733,386297.193
2026-04-06 14:00:00,0.09732,0.09757,0.0962,0.09702,556694.0217
2026-04-06 15:00:00,0.09695,0.09746,0.09681,0.09723,283835.9073
2026-04-06 16:00:00,0.09719,0.09736,0.09642,0.0966,786970.8754
2026-04-06 17:00:00,0.0966,0.09662,0.0958,0.0962,421026.6311
2026-04-06 18:00:00,0.09618,0.09648,0.09607,0.09617,209465.931
2026-04-06 19:00:00,0.09617,0.09617,0.09561,0.09593,132805.0134
2026-04-06 20:00:00,0.09591,0.09606,0.09581,0.09592,207242.3854
2026-04-06 21:00:00,0.09586,0.09593,0.09508,0.09518,422511.1054
2026-04-06 22:00:00,0.09511,0.09537,0.09394,0.09394,349649.5041
2026-04-06 23:00:00,0.09395,0.09402,0.09311,0.09367,394757.8375
2026-04-07 00:00:00,0.09365,0.09422,0.09339,0.09359,1153686.9523
2026-04-07 01:00:00,0.09357,0.09379,0.09301,0.09317,240353.7282
2026-04-07 02:00:00,0.09303,0.09352,0.09265,0.09337,426670.4992
2026-04-07 03:00:00,0.09335,0.09368,0.09335,0.09363,119548.368
2026-04-07 04:00:00,0.09362,0.09452,0.09338,0.09415,203620.6006
2026-04-07 05:00:00,0.09415,0.09423,0.09384,0.09413,198458.0473
2026-04-07 06:00:00,0.09413,0.0945,0.09358,0.0945,234868.5854
2026-04-07 07:00:00,0.09447,0.09499,0.09423,0.09487,109400.3825
2026-04-07 08:00:00,0.09482,0.09551,0.09464,0.09511,167855.4
2026-04-07 09:00:00,0.09515,0.09583,0.09514,0.09551,257326.4372
2026-04-07 10:00:00,0.09553,0.0956,0.09393,0.09407,598667.5465
2026-04-07 11:00:00,0.0941,0.0943,0.09371,0.09385,156091.1681
2026-04-07 12:00:00,0.09385,0.09392,0.09286,0.09345,928654.5517
2026-04-07 13:00:00,0.09348,0.09388,0.09334,0.09338,136385.2072
2026-04-07 14:00:00,0.09331,0.09387,0.09294,0.09313,171274.346
2026-04-07 15:00:00,0.0931,0.09401,0.09291,0.09354,380602.1128
2026-04-07 16:00:00,0.09348,0.09395,0.09344,0.09369,124402.5038
2026-04-07 17:00:00,0.09369,0.09541,0.09349,0.09478,143954.0201
2026-04-07 18:00:00,0.09481,0.09539,0.09469,0.09495,110573.0759
2026-04-07 19:00:00,0.09494,0.09706,0.09491,0.09706,803997.8511
2026-04-07 20:00:00,0.097,0.0977,0.09673,0.097,988095.0187
2026-04-07 21:00:00,0.09702,0.09976,0.09699,0.09951,777443.3877
2026-04-07 22:00:00,0.0996,0.10216,0.09906,0.10214,1938947.4291
2026-04-07 23:00:00,0.10215,0.10293,0.10155,0.10201,1666332.5742
2026-04-08 00:00:00,0.10196,0.1024,0.10084,0.10108,796841.6069
2026-04-08 01:00:00,0.10112,0.1021,0.10084,0.10193,210381.5115
2026-04-08 02:00:00,0.10193,0.10305,0.1017,0.10203,451127.8645
2026-04-08 03:00:00,0.10202,0.10286,0.102,0.10246,423558.1576
2026-04-08 04:00:00,0.10249,0.10393,0.10238,0.10327,1829528.9559
2026-04-08 05:00:00,0.10327,0.10449,0.10311,0.10314,958892.2101
2026-04-08 06:00:00,0.10315,0.10343,0.10257,0.10293,764726.6993
2026-04-08 07:00:00,0.10293,0.10348,0.10267,0.10342,197126.2192
2026-04-08 08:00:00,0.10345,0.10405,0.10327,0.10357,544795.5233
2026-04-08 09:00:00,0.10358,0.10361,0.10263,0.10283,154139.7185
2026-04-08 10:00:00,0.10281,0.103,0.10231,0.10231,822928.5628
2026-04-08 11:00:00,0.1023,0.10239,0.10149,0.102,247827.946
2026-04-08 12:00:00,0.10204,0.10221,0.10096,0.10146,353131.0756
2026-04-08 13:00:00,0.10147,0.10232,0.1014,0.10166,502346.3633
2026-04-08 14:00:00,0.10168,0.10181,0.09973,0.09983,707172.908
2026-04-08 15:00:00,0.0999,0.10072,0.09966,0.10065,499086.2241
2026-04-08 16:00:00,0.10064,0.10105,0.10041,0.10096,258617.9833
2026-04-08 17:00:00,0.10103,0.10176,0.10081,0.10131,314320.8755
2026-04-08 18:00:00,0.10134,0.10134,0.10011,0.10012,243574.5398
2026-04-08 19:00:00,0.10011,0.10143,0.1,0.10143,783849.5686
2026-04-08 20:00:00,0.10146,0.10249,0.10134,0.10205,708154.3812
2026-04-08 21:00:00,0.10209,0.10534,0.10205,0.10528,1818313.1144
2026-04-08 22:00:00,0.10529,0.10647,0.1049,0.10502,962321.9933
2026-04-08 23:00:00,0.10502,0.10568,0.10406,0.10552,1027514.3724
2026-04-09 00:00:00,0.10558,0.1058,0.1014,0.10216,1258484.1868
2026-04-09 01:00:00,0.10215,0.10248,0.10052,0.10119,967109.7133
2026-04-09 02:00:00,0.1012,0.1019,0.10062,0.10134,396756.9502
2026-04-09 03:00:00,0.10136,0.1017,0.10073,0.10159,256982.9358
2026-04-09 04:00:00,0.10158,0.1022,0.10138,0.10208,226550.9347
2026-04-09 05:00:00,0.10211,0.10327,0.10153,0.10168,428697.4946
2026-04-09 06:00:00,0.10167,0.10224,0.10162,0.1021,138007.6488
2026-04-09 07:00:00,0.10214,0.10307,0.10176,0.10203,183803.5809
2026-04-09 08:00:00,0.10201,0.10219,0.10144,0.10189,416564.1352
2026-04-09 09:00:00,0.10185,0.10214,0.10092,0.10176,1201906.7645
2026-04-09 10:00:00,0.1017,0.10247,0.10143,0.10187,246969.9964
2026-04-09 11:00:00,0.10185,0.10201,0.10153,0.10153,157264.8662
2026-04-09 12:00:00,0.10152,0.10243,0.10147,0.1019,137901.9903
2026-04-09 13:00:00,0.10192,0.10192,0.10093,0.10192,648627.8163
2026-04-09 14:00:00,0.10194,0.10316,0.10117,0.1028,1257080.6984
2026-04-09 15:00:00,0.10281,0.10526,0.10232,0.10385,624482.3167
2026-04-09 16:00:00,0.10386,0.10473,0.1027,0.10308,641178.4952
2026-04-09 17:00:00,0.10305,0.1035,0.10257,0.10321,472985.6444
2026-04-09 18:00:00,0.10322,0.10328,0.10248,0.10311,320799.6701
2026-04-09 19:00:00,0.10294,0.10338,0.10251,0.1029,180644.3687
2026-04-09 20:00:00,0.10291,0.1041,0.10287,0.10391,161636.8587
2026-04-09 21:00:00,0.10397,0.10758,0.10361,0.10712,1737399.9046
2026-04-09 22:00:00,0.10706,0.11013,0.10706,0.10799,1379740.5816
2026-04-09 23:00:00,0.10795,0.10907,0.10723,0.10796,840363.3875
2026-04-10 00:00:00,0.10799,0.11005,0.1073,0.1098,1327873.9345
2026-04-10 01:00:00,0.10979,0.11133,0.10871,0.10975,2106074.0803
2026-04-10 02:00:00,0.10975,0.11013,0.10866,0.10944,631920.7722
2026-04-10 03:00:00,0.10948,0.11005,0.10858,0.10932,677696.8703
2026-04-10 04:00:00,0.10923,0.11209,0.10921,0.11206,927159.7171
2026-04-10 05:00:00,0.11206,0.11234,0.11049,0.1118,566411.6747
2026-04-10 06:00:00,0.11182,0.11192,0.10803,0.1091,773452.3273
2026-04-10 07:00:00,0.10922,0.11033,0.10876,0.10971,610855.656
2026-04-10 08:00:00,0.10971,0.11071,0.10853,0.10907,950995.4316
2026-04-10 09:00:00,0.10903,0.11091,0.10899,0.11028,1003841.5589
2026-04-10 10:00:00,0.11045,0.11144,0.10882,0.10911,1087176.8442
2026-04-10 11:00:00,0.109,0.10995,0.10879,0.10894,619694.7821
2026-04-10 12:00:00,0.10888,0.11017,0.10872,0.10913,846106.6851
2026-04-10 13:00:00,0.10913,0.11025,0.10878,0.1098,792831.3439
2026-04-10 14:00:00,0.10981,0.11026,0.10911,0.11013,490136.1748
2026-04-10 15:00:00,0.11014,0.11054,0.10927,0.10958,1315685.2844
2026-04-10 16:00:00,0.10983,0.11046,0.10878,0.11036,1040969.1416
2026-04-10 17:00:00,0.11039,0.11063,0.10978,0.11035,234753.8925
2026-04-10 18:00:00,0.11038,0.11128,0.11007,0.1107,396290.3742
2026-04-10 19:00:00,0.11071,0.11218,0.11053,0.11177,242729.5815
2026-04-10 20:00:00,0.11195,0.11276,0.1114,0.11224,537852.5907
2026-04-10 21:00:00,0.11217,0.11374,0.11172,0.1131,361343.1652
2026-04-10 22:00:00,0.1131,0.11593,0.11307,0.11549,3540736.3836
2026-04-10 23:00:00,0.1155,0.11668,0.1143,0.11656,1298519.832
2026-04-11 00:00:00,0.11657,0.11677,0.11327,0.11419,1763558.0563
2026-04-11 01:00:00,0.11416,0.11614,0.11407,0.11535,1272522.384
2026-04-11 02:00:00,0.11542,0.11913,0.11526,0.11898,1848651.6031
2026-04-11 03:00:00,0.11898,0.12117,0.11859,0.12056,3819229.6703
2026-04-11 04:00:00,0.12059,0.12262,0.1162,0.11647,5799922.1613
2026-04-11 05:00:00,0.11646,0.11694,0.11431,0.11553,1631488.8447
2026-04-11 06:00:00,0.11546,0.11595,0.11438,0.11485,1307519.4462
2026-04-11 07:00:00,0.11484,0.1153,0.11416,0.11493,714598.3791
2026-04-11 08:00:00,0.1149,0.11576,0.11381,0.11474,806943.7494
2026-04-11 09:00:00,0.11473,0.11535,0.11332,0.11467,876192.3233
2026-04-11 10:00:00,0.11466,0.11471,0.11345,0.11411,752506.8869
2026-04-11 11:00:00,0.11409,0.11517,0.11399,0.11487,523802.9615
2026-04-11 12:00:00,0.11484,0.11516,0.11417,0.11449,360897.4912
2026-04-11 13:00:00,0.11454,0.11498,0.11351,0.11481,334011.5993
2026-04-11 14:00:00,0.1149,0.11575,0.11485,0.11509,475595.162
2026-04-11 15:00:00,0.1151,0.11578,0.11496,0.11514,616618.321
2026-04-11 16:00:00,0.11513,0.11777,0.11493,0.11718,661033.4543
2026-04-11 17:00:00,0.11702,0.11756,0.11613,0.11624,506712.6269
2026-04-11 18:00:00,0.11625,0.11763,0.11607,0.11679,1601899.57
2026-04-11 19:00:00,0.11675,0.11798,0.11658,0.11787,387785.9777
2026-04-11 20:00:00,0.11788,0.11799,0.11617,0.11699,384094.2599
2026-04-11 21:00:00,0.11703,0.1175,0.11675,0.11702,137803.6433
2026-04-11 22:00:00,0.11709,0.11767,0.1157,0.11628,425342.1277
2026-04-11 23:00:00,0.11629,0.11632,0.11495,0.11558,604579.3191
2026-04-12 00:00:00,0.11561,0.11574,0.11471,0.11571,724717.6867
2026-04-12 01:00:00,0.11572,0.11621,0.11253,0.11303,1453214.999
2026-04-12 02:00:00,0.11302,0.11386,0.11231,0.1136,527453.425
2026-04-12 03:00:00,0.11374,0.11401,0.11226,0.11246,360054.5748
2026-04-12 04:00:00,0.11242,0.11258,0.1109,0.1111,663336.4251
2026-04-12 05:00:00,0.11109,0.11134,0.11061,0.11134,199482.1691
2026-04-12 06:00:00,0.11136,0.11136,0.1105,0.11081,149552.9757
2026-04-12 07:00:00,0.11077,0.11127,0.11059,0.11099,314246.0829
2026-04-12 08:00:00,0.11089,0.11095,0.10926,0.10941,551515.4556
2026-04-12 09:00:00,0.10941,0.11026,0.10911,0.10999,313739.9264
2026-04-12 10:00:00,0.11003,0.11137,0.11002,0.11067,589600.0341
2026-04-12 11:00:00,0.11065,0.11197,0.1103,0.11129,181769.1528
2026-04-12 12:00:00,0.11129,0.11202,0.11083,0.11138,251708.6362
2026-04-12 13:00:00,0.11136,0.11252,0.11132,0.11194,429568.8862
2026-04-12 14:00:00,0.11193,0.1123,0.11066,0.11067,578492.0263
2026-04-12 15:00:00,0.11067,0.11092,0.11017,0.11072,298946.0958
2026-04-12 16:00:00,0.11071,0.11108,0.11015,0.11032,362884.6404
2026-04-12 17:00:00,0.11033,0.11285,0.11023,0.11256,151745.8293
2026-04-12 18:00:00,0.11266,0.11313,0.11184,0.11207,267229.699
2026-04-12 19:00:00,0.11202,0.1124,0.1117,0.11191,57551.0151
2026-04-12 20:00:00,0.11202,0.11273,0.11148,0.11245,116259.898
2026-04-12 21:00:00,0.11244,0.11244,0.11118,0.1115,110621.9799
2026-04-12 22:00:00,0.11143,0.11144,0.1105,0.11084,218091.1194
2026-04-12 23:00:00,0.11071,0.111,0.11043,0.111,203199.4229
2026-04-13 00:00:00,0.111,0.11179,0.11073,0.11136,261086.4176
2026-04-13 01:00:00,0.11142,0.11197,0.11127,0.11173,149482.0097
2026-04-13 02:00:00,0.11177,0.11194,0.11105,0.11109,149764.2895
2026-04-13 03:00:00,0.11115,0.11134,0.1107,0.11126,347502.6021
2026-04-13 04:00:00,0.1113,0.11211,0.11107,0.11142,250764.8446
2026-04-13 05:00:00,0.11142,0.11196,0.11102,0.11194,241037.1481
2026-04-13 06:00:00,0.11198,0.11381,0.11193,0.11223,701996.7803
2026-04-13 07:00:00,0.11228,0.11228,0.11115,0.11115,380442.6553
2026-04-13 08:00:00,0.11115,0.11121,0.11065,0.11066,700212.7729
2026-04-13 09:00:00,0.11062,0.11105,0.11045,0.11058,289268.9185
2026-04-13 10:00:00,0.11061,0.11093,0.11035,0.11072,337467.8553
2026-04-13 11:00:00,0.1108,0.11154,0.11071,0.11137,253194.7444
2026-04-13 12:00:00,0.11138,0.11214,0.11036,0.11167,354191.3301
2026-04-13 13:00:00,0.11174,0.11174,0.11045,0.11117,433977.5301
2026-04-13 14:00:00,0.1111,0.11176,0.11053,0.11162,883005.7491
2026-04-13 15:00:00,0.11161,0.11167,0.11054,0.11062,480135.6707
2026-04-13 16:00:00,0.11059,0.11153,0.10991,0.11152,359470.8437
2026-04-13 17:00:00,0.1115,0.11206,0.11059,0.11073,355059.6368
2026-04-13 18:00:00,0.11073,0.11148,0.1106,0.11132,217044.9352
2026-04-13 19:00:00,0.11133,0.11247,0.11126,0.11235,435505.1209
2026-04-13 20:00:00,0.1124,0.1124,0.11089,0.11093,156576.3507
2026-04-13 21:00:00,0.11086,0.11166,0.11073,0.11155,104189.1107
2026-04-13 22:00:00,0.11149,0.1135,0.11143,0.11312,731366.3642
2026-04-13 23:00:00,0.11311,0.11374,0.11251,0.11356,772287.8229
2026-04-14 00:00:00,0.1136,0.1138,0.11226,0.11253,267139.0574
2026-04-14 01:00:00,0.11254,0.11304,0.11201,0.11232,138743.8293
2026-04-14 02:00:00,0.11232,0.11333,0.11221,0.11291,177581.4964
2026-04-14 03:00:00,0.11292,0.11362,0.11258,0.11258,177434.8186
2026-04-14 04:00:00,0.11256,0.11346,0.11251,0.11324,185666.5754
2026-04-14 05:00:00,0.11323,0.11358,0.11264,0.11296,114246.0921
2026-04-14 06:00:00,0.11302,0.11339,0.11274,0.11319,126111.2804
2026-04-14 07:00:00,0.11315,0.11348,0.11244,0.11282,191647.0997
2026-04-14 08:00:00,0.11282,0.11341,0.11268,0.11302,240856.6893
2026-04-14 09:00:00,0.11299,0.11318,0.11251,0.11269,162370.7436
2026-04-14 10:00:00,0.11258,0.11258,0.11123,0.11142,1129696.7297
2026-04-14 11:00:00,0.11134,0.11145,0.11038,0.11102,1088595.6034
2026-04-14 12:00:00,0.11102,0.11154,0.11074,0.11148,346972.8934
2026-04-14 13:00:00,0.11135,0.11149,0.11043,0.11149,454777.9791
2026-04-14 14:00:00,0.11147,0.11172,0.11058,0.11076,758571.0599
2026-04-14 15:00:00,0.11071,0.11099,0.10878,0.11001,1542361.214
2026-04-14 16:00:00,0.11001,0.11187,0.10995,0.11158,479348.6228
2026-04-14 17:00:00,0.11157,0.1125,0.11123,0.11152,1073833.6355
2026-04-14 18:00:00,0.1116,0.11205,0.1096,0.1099,346870.1414
2026-04-14 19:00:00,0.10989,0.11029,0.10925,0.11014,228330.002
2026-04-14 20:00:00,0.11019,0.11031,0.10947,0.10959,113982.0457
2026-04-14 21:00:00,0.10959,0.11036,0.10954,0.11036,132873.7705
2026-04-14 22:00:00,0.11033,0.11034,0.10965,0.10981,28828.3005
2026-04-14 23:00:00,0.10981,0.11039,0.10967,0.11014,485742.3166
2026-04-15 00:00:00,0.11019,0.11111,0.11008,0.11064,190086.5164
2026-04-15 01:00:00,0.11061,0.11268,0.11057,0.11192,947452.3645
2026-04-15 02:00:00,0.11192,0.1124,0.11147,0.1124,290045.5702
2026-04-15 03:00:00,0.11247,0.11271,0.11195,0.11221,183373.3369
2026-04-15 04:00:00,0.1122,0.11403,0.1122,0.11401,538142.0737
2026-04-15 05:00:00,0.11401,0.11464,0.11265,0.11304,876500.1704
2026-04-15 06:00:00,0.11303,0.11303,0.11162,0.11184,593378.6504
2026-04-15 07:00:00,0.11188,0.11264,0.11136,0.11146,208043.902
2026-04-15 08:00:00,0.11149,0.11306,0.11136,0.11265,1754415.2245
2026-04-15 09:00:00,0.11278,0.11305,0.11209,0.11246,227178.5862
2026-04-15 10:00:00,0.11239,0.11305,0.11201,0.11244,416873.5314
2026-04-15 11:00:00,0.11245,0.11407,0.11235,0.11339,318634.2826
2026-04-15 12:00:00,0.11326,0.11382,0.11276,0.11356,270244.0132
2026-04-15 13:00:00,0.1136,0.1144,0.11293,0.11338,751746.7361
2026-04-15 14:00:00,0.11339,0.11507,0.11306,0.11494,738346.1888
2026-04-15 15:00:00,0.11499,0.11555,0.11394,0.11545,1544715.224
2026-04-15 16:00:00,0.11544,0.11754,0.1154,0.11653,1186611.3259
2026-04-15 17:00:00,0.11657,0.11731,0.11554,0.1159,644868.7128
2026-04-15 18:00:00,0.11581,0.11675,0.11502,0.11641,589480.7953
2026-04-15 19:00:00,0.11639,0.11683,0.11572,0.11656,593258.6135
2026-04-15 20:00:00,0.11659,0.11683,0.11578,0.11638,267638.5099
2026-04-15 21:00:00,0.11636,0.11661,0.11548,0.11645,220008.3799
2026-04-15 22:00:00,0.11646,0.11666,0.11507,0.11517,386562.9901
2026-04-15 23:00:00,0.11519,0.11519,0.11411,0.11486,327134.3676
2026-04-16 00:00:00,0.11496,0.11577,0.11423,0.11544,216993.3565
2026-04-16 01:00:00,0.11553,0.11583,0.11505,0.11568,234291.2099
2026-04-16 02:00:00,0.11579,0.11693,0.11568,0.11626,466872.2774
2026-04-16 03:00:00,0.11622,0.11706,0.11617,0.11664,202137.5844
2026-04-16 04:00:00,0.11663,0.11772,0.11624,0.11746,712295.1921
2026-04-16 05:00:00,0.11734,0.11848,0.11679,0.11825,874345.1438
2026-04-16 06:00:00,0.11827,0.11859,0.11757,0.11821,371211.9148
2026-04-16 07:00:00,0.11825,0.11975,0.11816,0.11958,854720.1159
2026-04-16 08:00:00,0.1196,0.1198,0.11804,0.11808,856932.9333
2026-04-16 09:00:00,0.11802,0.11936,0.11777,0.11777,426558.7629
2026-04-16 10:00:00,0.11775,0.1188,0.11701,0.11764,539372.5239
2026-04-16 11:00:00,0.11766,0.11907,0.11735,0.11902,535148.6485
2026-04-16 12:00:00,0.11901,0.12149,0.11899,0.12143,1031575.9688
2026-04-16 13:00:00,0.12143,0.12519,0.12123,0.12332,2802729.96
2026-04-16 14:00:00,0.12334,0.12334,0.11849,0.12039,1729371.8847
2026-04-16 15:00:00,0.12039,0.12506,0.12023,0.12418,2854301.0768
2026-04-16 16:00:00,0.12416,0.1255,0.12086,0.1213,2046951.5395
2026-04-16 17:00:00,0.1213,0.12427,0.12112,0.12396,786003.3701
2026-04-16 18:00:00,0.12395,0.1281,0.12371,0.12749,967552.6967
2026-04-16 19:00:00,0.12765,0.13265,0.12718,0.1324,1350956.0097
2026-04-16 20:00:00,0.13246,0.13331,0.12954,0.13005,1175097.8642
2026-04-16 21:00:00,0.13005,0.13017,0.12675,0.12867,1396867.377
2026-04-16 22:00:00,0.12874,0.1299,0.12795,0.12901,603676.3407
2026-04-16 23:00:00,0.12905,0.12971,0.12784,0.12898,545015.0766
2026-04-17 00:00:00,0.12896,0.12999,0.12791,0.1297,1174335.5458
2026-04-17 01:00:00,0.12963,0.1301,0.12614,0.12713,797605.096
2026-04-17 02:00:00,0.12702,0.12838,0.12657,0.12776,287849.8423
2026-04-17 03:00:00,0.1277,0.129,0.12707,0.1285,570086.9804
2026-04-17 04:00:00,0.12848,0.12921,0.12789,0.1287,264617.6395
2026-04-17 05:00:00,0.12852,0.12913,0.12766,0.12864,522391.223
2026-04-17 06:00:00,0.12862,0.13204,0.12803,0.13046,1318650.5023
2026-04-17 07:00:00,0.13051,0.13189,0.12962,0.13166,875325.2232
2026-04-17 08:00:00,0.13171,0.1319,0.12972,0.13046,875436.7164
2026-04-17 09:00:00,0.13037,0.13067,0.12878,0.13042,574030.1366
2026-04-17 10:00:00,0.13032,0.13132,0.12957,0.13014,939014.1353
2026-04-17 11:00:00,0.13007,0.13477,0.13007,0.1338,1871561.2414
2026-04-17 12:00:00,0.13386,0.13628,0.13354,0.13611,1401671.7651
2026-04-17 13:00:00,0.13601,0.13691,0.13352,0.1338,1469884.5511
2026-04-17 14:00:00,0.13375,0.13554,0.13253,0.13298,1249009.4972
2026-04-17 15:00:00,0.13292,0.13297,0.1305,0.13117,1046680.471
2026-04-17 16:00:00,0.13111,0.13317,0.13033,0.13288,1783259.5823
2026-04-17 17:00:00,0.13285,0.13351,0.13144,0.13195,1394130.9976
2026-04-17 18:00:00,0.13197,0.13328,0.13125,0.13247,317606.7902
2026-04-17 19:00:00,0.13248,0.13369,0.13218,0.13314,535031.1526
2026-04-17 20:00:00,0.13316,0.1338,0.13272,0.13311,392704.5566
2026-04-17 21:00:00,0.13307,0.13357,0.13199,0.13224,617105.1823
2026-04-17 22:00:00,0.13214,0.13259,0.13153,0.1321,340400.8645
2026-04-17 23:00:00,0.13214,0.13214,0.12979,0.13132,547212.1682
2026-04-18 00:00:00,0.13129,0.13167,0.12995,0.13075,1043330.0384
2026-04-18 01:00:00,0.13084,0.13206,0.12999,0.13031,333719.0798
2026-04-18 02:00:00,0.13029,0.13086,0.12983,0.13064,281945.9807
2026-04-18 03:00:00,0.13061,0.13069,0.12958,0.13001,298829.3484
2026-04-18 04:00:00,0.13006,0.1308,0.12964,0.13021,533984.9126
2026-04-18 05:00:00,0.13029,0.13102,0.13029,0.13083,284232.3316
2026-04-18 06:00:00,0.13092,0.1336,0.13088,0.13293,1232596.2697
2026-04-18 07:00:00,0.13289,0.13443,0.13288,0.13322,975058.8799
2026-04-18 08:00:00,0.13319,0.13384,0.13019,0.13107,784660.1481
2026-04-18 09:00:00,0.131,0.13121,0.12979,0.13022,411156.7635
2026-04-18 10:00:00,0.13021,0.13027,0.12792,0.1284,940182.8836
2026-04-18 11:00:00,0.12843,0.12862,0.12718,0.12839,1174994.4139
2026-04-18 12:00:00,0.12836,0.12959,0.12827,0.12946,501460.6689
2026-04-18 13:00:00,0.12948,0.12949,0.12792,0.12848,149137.4223
2026-04-18 14:00:00,0.12855,0.12876,0.12769,0.12865,350756.714
2026-04-18 15:00:00,0.12861,0.129,0.12809,0.12832,449561.2926
2026-04-18 16:00:00,0.12825,0.12915,0.12763,0.12835,439968.6897
2026-04-18 17:00:00,0.12835,0.12872,0.12801,0.12814,175551.2913
2026-04-18 18:00:00,0.12812,0.12812,0.12666,0.12698,597692.507
2026-04-18 19:00:00,0.12698,0.12772,0.1259,0.12665,605426.785
2026-04-18 20:00:00,0.12658,0.12705,0.1259,0.12672,326145.9021
2026-04-18 21:00:00,0.12677,0.128,0.12677,0.12778,229135.3125
2026-04-18 22:00:00,0.12788,0.12925,0.12749,0.12892,252502.7865
2026-04-18 23:00:00,0.12866,0.12944,0.12848,0.12915,317876.5626
2026-04-19 00:00:00,0.12922,0.12922,0.12735,0.12799,222308.2021
2026-04-19 01:00:00,0.128,0.1286,0.1264,0.1274,147304.9736
2026-04-19 02:00:00,0.12728,0.12751,0.12595,0.12685,168288.8288
2026-04-19 03:00:00,0.12668,0.12833,0.1263,0.12731,286199.8291
2026-04-19 04:00:00,0.12746,0.12825,0.12649,0.12764,184167.8114
2026-04-19 05:00:00,0.12757,0.128,0.12679,0.1268,143911.1708
2026-04-19 06:00:00,0.12674,0.1268,0.12601,0.12609,180231.2681
2026-04-19 07:00:00,0.12618,0.12625,0.12436,0.1251,1209414.5321
2026-04-19 08:00:00,0.12504,0.12532,0.12452,0.12506,218820.2134
2026-04-19 09:00:00,0.12516,0.12611,0.12516,0.12547,154120.679
2026-04-19 10:00:00,0.1254,0.1254,0.12485,0.125,201500.7259
2026-04-19 11:00:00,0.12509,0.12672,0.12509,0.12636,257561.8045
2026-04-19 12:00:00,0.12634,0.12723,0.1259,0.12665,276342.3172
2026-04-19 13:00:00,0.12664,0.12824,0.12663,0.12753,950861.5134
2026-04-19 14:00:00,0.12755,0.12875,0.1268,0.12845,152886.4456
2026-04-19 15:00:00,0.12836,0.12841,0.12681,0.12785,127600.5506
2026-04-19 16:00:00,0.12787,0.12787,0.12635,0.12649,235604.3045
2026-04-19 17:00:00,0.12652,0.12652,0.12377,0.12402,1054652.2285
2026-04-19 18:00:00,0.12401,0.12448,0.12364,0.12431,134235.2376
2026-04-19 19:00:00,0.12437,0.12618,0.12437,0.12539,137925.135
2026-04-19 20:00:00,0.1254,0.1254,0.12426,0.12462,159695.4057
2026-04-19 21:00:00,0.12465,0.12575,0.12448,0.12468,332453.6135
2026-04-19 22:00:00,0.12452,0.12452,0.1218,0.12211,889520.04
2026-04-19 23:00:00,0.12206,0.12211,0.12127,0.12156,188646.7453
2026-04-20 00:00:00,0.12159,0.12378,0.12141,0.12353,302482.3954
2026-04-20 01:00:00,0.12344,0.12639,0.12313,0.12606,461235.4713
2026-04-20 02:00:00,0.12606,0.12647,0.12455,0.12484,492870.0158
2026-04-20 03:00:00,0.12481,0.12526,0.12443,0.12505,255027.922
2026-04-20 04:00:00,0.12508,0.12631,0.12472,0.12585,258906.6681
2026-04-20 05:00:00,0.12583,0.12583,0.12387,0.12463,216085.1323
2026-04-20 06:00:00,0.12459,0.12616,0.12408,0.12539,229606.8667
2026-04-20 07:00:00,0.12544,0.12851,0.12531,0.12628,634715.5996
2026-04-20 08:00:00,0.12643,0.12726,0.12569,0.12608,263907.8495
2026-04-20 09:00:00,0.12605,0.12769,0.12576,0.12717,408973.2673
2026-04-20 10:00:00,0.12718,0.12854,0.12703,0.12703,642208.1725
2026-04-20 11:00:00,0.127,0.12774,0.12678,0.1274,374200.167
2026-04-20 12:00:00,0.12746,0.12907,0.12713,0.12836,735977.9427
2026-04-20 13:00:00,0.12838,0.12859,0.12676,0.1279,547879.9163
2026-04-20 14:00:00,0.12789,0.12859,0.12643,0.12692,407782.8973
2026-04-20 15:00:00,0.1269,0.12833,0.12582,0.12787,302679.3596
2026-04-20 16:00:00,0.12793,0.12888,0.12746,0.12808,895053.9316
2026-04-20 17:00:00,0.12805,0.12921,0.1277,0.12883,574469.3039
2026-04-20 18:00:00,0.12883,0.12941,0.12857,0.12879,410324.1175
2026-04-20 19:00:00,0.12877,0.12914,0.12774,0.12787,199255.003
2026-04-20 20:00:00,0.12794,0.12859,0.12733,0.12845,472153.9374
2026-04-20 21:00:00,0.12846,0.12907,0.12763,0.12851,286432.1374
2026-04-20 22:00:00,0.12857,0.12859,0.12766,0.12779,63365.7594
2026-04-20 23:00:00,0.12772,0.12772,0.12687,0.12714,113435.0809
2026-04-21 00:00:00,0.12713,0.12737,0.12677,0.12705,153292.2846
2026-04-21 01:00:00,0.12701,0.12734,0.12622,0.12625,156842.0404
2026-04-21 02:00:00,0.12626,0.12626,0.12553,0.12602,156062.0233
2026-04-21 03:00:00,0.12597,0.12667,0.12554,0.12637,172838.0395
2026-04-21 04:00:00,0.12635,0.12654,0.1255,0.12576,138262.5971
2026-04-21 05:00:00,0.1258,0.12663,0.12577,0.1266,117904.8917
2026-04-21 06:00:00,0.12668,0.12736,0.12582,0.12666,222956.2782
2026-04-21 07:00:00,0.12662,0.12716,0.12622,0.1264,97638.0108
2026-04-21 08:00:00,0.1264,0.12735,0.12615,0.12644,333380.413
2026-04-21 09:00:00,0.12642,0.12727,0.12627,0.12727,112428.2293
2026-04-21 10:00:00,0.1273,0.12733,0.12674,0.1272,191797.8272
2026-04-21 11:00:00,0.12705,0.12705,0.1256,0.1262,602943.2814
2026-04-21 12:00:00,0.12614,0.12632,0.1252,0.12555,286203.3331
2026-04-21 13:00:00,0.12554,0.1259,0.125,0.12589,532123.6433
2026-04-21 14:00:00,0.12595,0.12777,0.12574,0.12694,301005.9359
2026-04-21 15:00:00,0.12699,0.12814,0.12669,0.12811,710898.2871
2026-04-21 16:00:00,0.12811,0.12886,0.12635,0.12639,480136.9783
2026-04-21 17:00:00,0.12639,0.12642,0.1242,0.12499,484388.0071
2026-04-21 18:00:00,0.12506,0.12528,0.12429,0.12512,444808.2041
2026-04-21 19:00:00,0.12514,0.12589,0.12316,0.12387,351073.9289
2026-04-21 20:00:00,0.12384,0.12504,0.12287,0.12409,594821.6882
2026-04-21 21:00:00,0.12407,0.12428,0.12358,0.12409,140394.9091
2026-04-21 22:00:00,0.12404,0.12426,0.12337,0.12413,103611.8252
2026-04-21 23:00:00,0.12428,0.1256,0.12428,0.12534,108742.8918
2026-04-22 00:00:00,0.12534,0.12575,0.12486,0.125,210860.6706
2026-04-22 01:00:00,0.12503,0.12511,0.12407,0.12453,128444.5321
2026-04-22 02:00:00,0.12451,0.12774,0.12417,0.1274,724358.1784
2026-04-22 03:00:00,0.12736,0.1278,0.12691,0.12769,138400.5168
2026-04-22 04:00:00,0.12775,0.12822,0.1272,0.12812,185616.6362
2026-04-22 05:00:00,0.12815,0.13057,0.1279,0.12922,684362.759
2026-04-22 06:00:00,0.12916,0.12932,0.12845,0.12876,228170.9024
2026-04-22 07:00:00,0.12879,0.12886,0.12828,0.12841,229576.1917
2026-04-22 08:00:00,0.12828,0.12887,0.12825,0.12881,92366.7883
2026-04-22 09:00:00,0.12846,0.129,0.12764,0.12772,128991.5111
2026-04-22 10:00:00,0.12779,0.1285,0.12749,0.12848,299745.8067
2026-04-22 11:00:00,0.1285,0.1287,0.12693,0.12752,473964.1566
2026-04-22 12:00:00,0.1275,0.12753,0.12658,0.12751,213729.2591
2026-04-22 13:00:00,0.12744,0.12779,0.1266,0.12665,473677.3635
2026-04-22 14:00:00,0.1267,0.12792,0.12667,0.12778,275175.6456
2026-04-22 15:00:00,0.12782,0.12827,0.12708,0.12708,226282.4448
2026-04-22 16:00:00,0.12728,0.12888,0.12703,0.12877,312935.2862
2026-04-22 17:00:00,0.12879,0.13225,0.12879,0.13171,1082879.4219
2026-04-22 18:00:00,0.13176,0.13388,0.13129,0.13228,1887289.7286
2026-04-22 19:00:00,0.13246,0.13253,0.12994,0.13089,1185688.432
2026-04-22 20:00:00,0.13088,0.13135,0.1296,0.12978,546935.6452
2026-04-22 21:00:00,0.12982,0.13239,0.12982,0.13228,592961.7917
2026-04-22 22:00:00,0.13213,0.13234,0.13011,0.13078,706816.9788
2026-04-22 23:00:00,0.13078,0.13101,0.12842,0.12844,728046.6289
2026-04-23 00:00:00,0.1287,0.12937,0.12568,0.12694,1050165.4162
2026-04-23 01:00:00,0.12703,0.12712,0.1256,0.12679,269790.8117
2026-04-23 02:00:00,0.12668,0.12668,0.12495,0.1252,348042.4303
2026-04-23 03:00:00,0.12524,0.12553,0.12408,0.1242,959863.4492
2026-04-23 04:00:00,0.12419,0.12493,0.12359,0.12473,585479.9272
2026-04-23 05:00:00,0.12476,0.1257,0.12463,0.12564,279051.7133
2026-04-23 06:00:00,0.12565,0.1268,0.1254,0.12664,784303.9145
2026-04-23 07:00:00,0.12669,0.12799,0.12644,0.12665,1483046.4091
2026-04-23 08:00:00,0.12671,0.12671,0.1253,0.1261,1189381.0675
2026-04-23 09:00:00,0.12604,0.12604,0.12463,0.12517,307369.7364
2026-04-23 10:00:00,0.12519,0.12534,0.12366,0.12401,1095816.6818
2026-04-23 11:00:00,0.12405,0.12507,0.12373,0.12476,177825.1645
2026-04-23 12:00:00,0.12472,0.12555,0.12457,0.12527,592882.6432
2026-04-23 13:00:00,0.12532,0.12587,0.12484,0.12552,291255.0466
2026-04-23 14:00:00,0.12549,0.12729,0.12517,0.12713,209227.3923
2026-04-23 15:00:00,0.12713,0.12887,0.12644,0.12882,600525.3948
2026-04-23 16:00:00,0.12879,0.12939,0.12742,0.12762,433842.0802
2026-04-23 17:00:00,0.12764,0.12772,0.12344,0.1249,618017.4978
2026-04-23 18:00:00,0.12486,0.12648,0.1248,0.12544,233540.9592
2026-04-23 19:00:00,0.1254,0.1267,0.12524,0.12633,345117.6565
2026-04-23 20:00:00,0.12628,0.12787,0.12622,0.12721,412702.6758
2026-04-23 21:00:00,0.12725,0.12895,0.12704,0.12812,963087.297
2026-04-23 22:00:00,0.12814,0.12876,0.12779,0.12784,142996.7362
2026-04-23 23:00:00,0.1279,0.12888,0.12743,0.12842,107785.9616
2026-04-24 00:00:00,0.12844,0.13086,0.12844,0.13072,749502.0643
2026-04-24 01:00:00,0.13078,0.13082,0.12957,0.13029,492765.5274
2026-04-24 02:00:00,0.13015,0.13015,0.12857,0.12922,728569.7618
2026-04-24 03:00:00,0.12912,0.12953,0.12791,0.12861,167758.1594
2026-04-24 04:00:00,0.12874,0.12968,0.12828,0.1284,182120.6257
2026-04-24 05:00:00,0.12841,0.12959,0.12797,0.12949,232453.3782
2026-04-24 06:00:00,0.12917,0.12967,0.12791,0.12796,172816.1022
2026-04-24 07:00:00,0.12795,0.12851,0.12757,0.12807,201592.5331
2026-04-24 08:00:00,0.12796,0.12941,0.12747,0.12904,739541.2835
2026-04-24 09:00:00,0.12904,0.12906,0.1279,0.12817,141865.1604
2026-04-24 10:00:00,0.12816,0.13,0.12784,0.12968,175401.0387
2026-04-24 11:00:00,0.12961,0.13081,0.12961,0.13038,1100232.462
2026-04-24 12:00:00,0.13039,0.13177,0.1302,0.13159,682586.1698
2026-04-24 13:00:00,0.13155,0.13239,0.12917,0.12964,803073.063
2026-04-24 14:00:00,0.1296,0.13076,0.12901,0.13013,355235.8552
2026-04-24 15:00:00,0.13012,0.13197,0.12936,0.13173,676231.3691
2026-04-24 16:00:00,0.13171,0.13199,0.1301,0.13034,530041.1545
2026-04-24 17:00:00,0.13041,0.13071,0.12969,0.13001,329779.9116
2026-04-24 18:00:00,0.12999,0.13093,0.12969,0.13062,452349.2851
2026-04-24 19:00:00,0.13069,0.1311,0.12834,0.12959,1790714.3074
2026-04-24 20:00:00,0.12959,0.13024,0.12847,0.12977,933277.9461
2026-04-24 21:00:00,0.12975,0.13029,0.12927,0.12963,241881.8858
2026-04-24 22:00:00,0.12962,0.12964,0.12814,0.12833,155671.1379
2026-04-24 23:00:00,0.12833,0.12911,0.12807,0.12873,163294.756
2026-04-25 00:00:00,0.12875,0.13083,0.12866,0.13078,277209.2776
2026-04-25 01:00:00,0.13077,0.13243,0.13077,0.1318,442783.3572
2026-04-25 02:00:00,0.13185,0.13283,0.13133,0.13241,526529.57
2026-04-25 03:00:00,0.13236,0.13277,0.13167,0.13197,165558.733
2026-04-25 04:00:00,0.13202,0.13256,0.13192,0.13198,120523.4457
2026-04-25 05:00:00,0.13197,0.13197,0.1309,0.13123,302632.768
2026-04-25 06:00:00,0.13124,0.13232,0.13124,0.13185,144832.7738
2026-04-25 07:00:00,0.13184,0.13278,0.13147,0.13224,305327.9935
2026-04-25 08:00:00,0.13222,0.133,0.13122,0.13143,669965.0232
2026-04-25 09:00:00,0.13143,0.1325,0.1309,0.13176,381797.5488
2026-04-25 10:00:00,0.13173,0.13199,0.13109,0.13114,98394.9559
2026-04-25 11:00:00,0.13111,0.13113,0.12987,0.13011,173036.0501
2026-04-25 12:00:00,0.13009,0.13034,0.12931,0.13005,359491.4679
2026-04-25 13:00:00,0.12998,0.13071,0.12979,0.13009,380638.6814
2026-04-25 14:00:00,0.1301,0.13019,0.12946,0.1296,208654.4631
2026-04-25 15:00:00,0.12959,0.12989,0.12884,0.12931,199957.5446
2026-04-25 16:00:00,0.12938,0.12998,0.12833,0.12856,549302.0099
2026-04-25 17:00:00,0.12861,0.12875,0.12787,0.12833,369423.6426
2026-04-25 18:00:00,0.12832,0.12889,0.12806,0.12818,90474.8934
2026-04-25 19:00:00,0.12815,0.12822,0.12767,0.1279,92081.0117
2026-04-25 20:00:00,0.1279,0.12827,0.12739,0.12818,158577.7929
2026-04-25 21:00:00,0.12833,0.12858,0.12805,0.12809,219620.1059
2026-04-25 22:00:00,0.12818,0.12909,0.12802,0.12868,240437.4861
2026-04-25 23:00:00,0.12871,0.1293,0.12871,0.12927,45337.3582
2026-04-26 00:00:00,0.12921,0.12921,0.12842,0.12861,151270.8037
2026-04-26 01:00:00,0.12863,0.12873,0.12783,0.12799,155521.3191
2026-04-26 02:00:00,0.12797,0.12883,0.12797,0.12867,656454.5805
2026-04-26 03:00:00,0.12879,0.12902,0.12815,0.12898,196843.1543
2026-04-26 04:00:00,0.12893,0.13023,0.12882,0.1298,295852.6409
2026-04-26 05:00:00,0.12984,0.13194,0.12966,0.1306,799170.9117
2026-04-26 06:00:00,0.13061,0.13194,0.13061,0.13154,203259.9062
2026-04-26 07:00:00,0.13147,0.13197,0.13101,0.13142,356573.0907
2026-04-26 08:00:00,0.13139,0.13197,0.13091,0.13196,812813.8683
2026-04-26 09:00:00,0.13198,0.13253,0.1316,0.13161,351439.0702
2026-04-26 10:00:00,0.13159,0.132,0.13124,0.13199,156107.4842
2026-04-26 11:00:00,0.13203,0.13245,0.13144,0.13231,152237.5068
2026-04-26 12:00:00,0.13215,0.13274,0.12978,0.13046,1407341.6134
2026-04-26 13:00:00,0.13046,0.13069,0.12959,0.12984,373622.9559
2026-04-26 14:00:00,0.12978,0.13093,0.12962,0.13048,201691.9614
2026-04-26 15:00:00,0.13044,0.13094,0.13032,0.13087,79213.1526
2026-04-26 16:00:00,0.13087,0.131,0.12979,0.12996,805930.0649
2026-04-26 17:00:00,0.12988,0.13032,0.12936,0.13023,315973.6394
2026-04-26 18:00:00,0.13023,0.131,0.12998,0.13052,461449.0179
2026-04-26 19:00:00,0.13044,0.13094,0.13012,0.1303,333200.9699
2026-04-26 20:00:00,0.13034,0.13063,0.13003,0.1302,111745.4996
2026-04-26 21:00:00,0.1302,0.1305,0.12853,0.12981,460594.5281
2026-04-26 22:00:00,0.12983,0.1303,0.12874,0.12933,239712.4872
2026-04-26 23:00:00,0.12936,0.13002,0.12904,0.12948,237745.5677
2026-04-27 00:00:00,0.12942,0.13071,0.12929,0.13061,213040.1205
2026-04-27 01:00:00,0.13066,0.13164,0.13049,0.13149,364380.0163
2026-04-27 02:00:00,0.13152,0.13227,0.13058,0.13158,413813.5268
2026-04-27 03:00:00,0.13157,0.13291,0.13149,0.13223,306904.5314
2026-04-27 04:00:00,0.13233,0.13243,0.13109,0.13138,587575.679
2026-04-27 05:00:00,0.13142,0.13142,0.12699,0.12771,980219.8777
2026-04-27 06:00:00,0.12748,0.12748,0.12584,0.12649,666098.7515
2026-04-27 07:00:00,0.12642,0.1266,0.12583,0.12591,161460.3119
2026-04-27 08:00:00,0.12582,0.12655,0.12568,0.12646,140572.1371
2026-04-27 09:00:00,0.12647,0.12711,0.12618,0.12694,230721.0935
2026-04-27 10:00:00,0.12695,0.12718,0.12649,0.12656,139785.3749
2026-04-27 11:00:00,0.12655,0.12719,0.12615,0.12704,115926.145
2026-04-27 12:00:00,0.12706,0.12712,0.12588,0.12604,91829.7536
2026-04-27 13:00:00,0.1262,0.12629,0.12458,0.12487,557979.8418
2026-04-27 14:00:00,0.12492,0.12688,0.12479,0.12613,276900.2641
2026-04-27 15:00:00,0.12613,0.12616,0.12339,0.12385,499562.3359
2026-04-27 16:00:00,0.12385,0.12477,0.12346,0.12455,172025.365
2026-04-27 17:00:00,0.12471,0.1254,0.12452,0.12479,273836.2095
2026-04-27 18:00:00,0.12476,0.12525,0.12452,0.12514,563653.6726
2026-04-27 19:00:00,0.1251,0.12521,0.12418,0.12453,131534.6818
2026-04-27 20:00:00,0.12473,0.12532,0.1247,0.12501,84589.4414
2026-04-27 21:00:00,0.12499,0.12536,0.12457,0.1252,258234.1774
2026-04-27 22:00:00,0.12509,0.12607,0.12506,0.12587,156072.7644
2026-04-27 23:00:00,0.12579,0.12695,0.12572,0.12662,86853.1758
2026-04-28 00:00:00,0.12658,0.12752,0.12632,0.12665,111280.249
2026-04-28 01:00:00,0.12664,0.12693,0.12601,0.1261,149519.8996
2026-04-28 02:00:00,0.12619,0.12623,0.12481,0.12522,187269.5096
2026-04-28 03:00:00,0.1252,0.12548,0.12485,0.12545,111923.5701
2026-04-28 04:00:00,0.1255,0.1265,0.12535,0.1263,704048.1585
2026-04-28 05:00:00,0.12627,0.12657,0.12556,0.12561,106122.0289
2026-04-28 06:00:00,0.1257,0.12602,0.12526,0.12592,595039.3754
2026-04-28 07:00:00,0.12583,0.12681,0.12415,0.1249,2161168.6072
2026-04-28 08:00:00,0.12495,0.12614,0.12488,0.12527,153662.1753
2026-04-28 09:00:00,0.12534,0.12543,0.12406,0.12431,404919.3981
2026-04-28 10:00:00,0.12431,0.12484,0.12431,0.12473,211737.4759
2026-04-28 11:00:00,0.12473,0.12491,0.12378,0.12421,231799.32
2026-04-28 12:00:00,0.12422,0.12503,0.12374,0.12456,782634.3776
2026-04-28 13:00:00,0.12456,0.12519,0.1238,0.12483,402859.503
2026-04-28 14:00:00,0.12479,0.12482,0.12306,0.12422,453196.7434
2026-04-28 15:00:00,0.12424,0.12465,0.12368,0.12395,340139.6795
2026-04-28 16:00:00,0.12399,0.12426,0.12315,0.12362,516260.3261
2026-04-28 17:00:00,0.12356,0.1244,0.12309,0.12403,161722.3209
2026-04-28 18:00:00,0.12402,0.12444,0.12369,0.12434,119087.1333
2026-04-28 19:00:00,0.1244,0.12548,0.12405,0.12534,423580.1605
2026-04-28 20:00:00,0.12544,0.12567,0.12487,0.12492,54293.3262
2026-04-28 21:00:00,0.12491,0.12538,0.12452,0.12465,385169.9137
2026-04-28 22:00:00,0.12465,0.12503,0.12437,0.12453,72308.7421
2026-04-28 23:00:00,0.12452,0.12457,0.12411,0.12447,131076.1194
2026-04-29 00:00:00,0.12444,0.12468,0.12413,0.12445,268506.1158
2026-04-29 01:00:00,0.12431,0.12467,0.12385,0.12445,83881.4552
2026-04-29 02:00:00,0.12452,0.12476,0.12408,0.12447,219431.9611
2026-04-29 03:00:00,0.12452,0.12618,0.12452,0.12606,504794.3695
2026-04-29 04:00:00,0.12607,0.12746,0.12575,0.12724,578968.1931
2026-04-29 05:00:00,0.12729,0.12733,0.12678,0.12708,181470.292
2026-04-29 06:00:00,0.12708,0.12744,0.12692,0.12704,151099.1867
2026-04-29 07:00:00,0.12709,0.12787,0.12698,0.12785,960636.6026
2026-04-29 08:00:00,0.12788,0.12849,0.12738,0.12818,514239.1387
2026-04-29 09:00:00,0.12812,0.13102,0.12802,0.13102,762974.874
2026-04-29 10:00:00,0.13108,0.13284,0.13108,0.13242,2101648.213
2026-04-29 11:00:00,0.13231,0.13258,0.13028,0.13052,676925.6934
2026-04-29 12:00:00,0.13057,0.13058,0.12736,0.12809,1408337.8762
2026-04-29 13:00:00,0.12802,0.12844,0.12655,0.12724,845480.092
2026-04-29 14:00:00,0.12716,0.12811,0.12602,0.12679,365905.4144
2026-04-29 15:00:00,0.12679,0.12683,0.12383,0.12463,812945.1514
2026-04-29 16:00:00,0.12463,0.12494,0.12404,0.12455,467107.398
2026-04-29 17:00:00,0.12476,0.12619,0.12476,0.12615,326819.2975
2026-04-29 18:00:00,0.12618,0.12631,0.12062,0.12348,2213723.9261
2026-04-29 19:00:00,0.12351,0.12423,0.12252,0.1231,389269.7938
2026-04-29 20:00:00,0.12315,0.12519,0.12315,0.12444,356312.4447
2026-04-29 21:00:00,0.1244,0.12589,0.12422,0.1251,312597.4386
2026-04-29 22:00:00,0.12503,0.12542,0.12473,0.12504,117309.7275
2026-04-29 23:00:00,0.1251,0.12546,0.12462,0.12536,99808.2593
2026-04-30 00:00:00,0.12537,0.12897,0.12537,0.12857,393548.9561
2026-04-30 01:00:00,0.1284,0.12863,0.12733,0.12827,326561.7108
2026-04-30 02:00:00,0.1283,0.12839,0.12521,0.12583,500708.6781
2026-04-30 03:00:00,0.12582,0.12648,0.12533,0.12617,300367.9813
2026-04-30 04:00:00,0.12614,0.12615,0.12481,0.12481,251748.5628
2026-04-30 05:00:00,0.12479,0.12528,0.12408,0.12452,337117.6649
2026-04-30 06:00:00,0.12452,0.12566,0.12434,0.1253,131246.9182
2026-04-30 07:00:00,0.12539,0.12623,0.12522,0.12607,253261.1372
2026-04-30 08:00:00,0.12611,0.12633,0.12581,0.1259,798982.0436
2026-04-30 09:00:00,0.12593,0.12755,0.12588,0.12699,311215.1665
2026-04-30 10:00:00,0.12688,0.12763,0.12647,0.12754,279171.933
2026-04-30 11:00:00,0.12752,0.12859,0.12703,0.12749,552606.9811
2026-04-30 12:00:00,0.12755,0.12875,0.12706,0.12707,214167.4952
2026-04-30 13:00:00,0.1271,0.12759,0.12642,0.12652,369087.7827
2026-04-30 14:00:00,0.12654,0.12696,0.12574,0.12628,199148.8726
2026-04-30 15:00:00,0.12642,0.12757,0.12615,0.12739,72810.9188
2026-04-30 16:00:00,0.12736,0.12768,0.125,0.12503,1041265.7937
2026-04-30 17:00:00,0.12506,0.12541,0.12471,0.12482,283722.5588
2026-04-30 18:00:00,0.12479,0.12565,0.12443,0.1252,688862.0883
2026-04-30 19:00:00,0.12514,0.12569,0.12472,0.12472,196904.5021
2026-04-30 20:00:00,0.12471,0.12503,0.12444,0.12459,414518.5889
2026-04-30 21:00:00,0.1246,0.12473,0.12393,0.12407,1056158.6251
2026-04-30 22:00:00,0.12403,0.12415,0.12358,0.12378,438197.9155
2026-04-30 23:00:00,0.12379,0.12393,0.12348,0.12372,153461.1242
2026-05-01 00:00:00,0.12372,0.1246,0.12332,0.12349,526267.6963
2026-05-01 01:00:00,0.12347,0.12532,0.12344,0.12499,724757.6404
2026-05-01 02:00:00,0.12504,0.12597,0.12413,0.12434,2487274.7996
2026-05-01 03:00:00,0.12434,0.12696,0.12409,0.1256,815010.6802
2026-05-01 04:00:00,0.1256,0.1263,0.12526,0.12573,435872.9604
2026-05-01 05:00:00,0.12573,0.12613,0.12532,0.12546,256157.5773
2026-05-01 06:00:00,0.12545,0.12581,0.12429,0.12452,491893.8492
2026-05-01 07:00:00,0.12453,0.1256,0.12417,0.12509,384251.7895
2026-05-01 08:00:00,0.12501,0.12573,0.12487,0.12522,346755.0493
2026-05-01 09:00:00,0.12521,0.12535,0.12463,0.12491,185183.4999
2026-05-01 10:00:00,0.125,0.12511,0.12411,0.12483,374920.6131
2026-05-01 11:00:00,0.1249,0.1256,0.12454,0.12509,352573.9864
2026-05-01 12:00:00,0.12508,0.12598,0.12473,0.12565,343993.1189
2026-05-01 13:00:00,0.12554,0.1274,0.12553,0.12712,345105.9493
2026-05-01 14:00:00,0.12716,0.12729,0.12537,0.12582,302491.5878
2026-05-01 15:00:00,0.1258,0.12641,0.12507,0.1256,549105.4396
2026-05-01 16:00:00,0.12564,0.12608,0.12435,0.12507,403436.1275
2026-05-01 17:00:00,0.12502,0.12568,0.12463,0.12554,197208.3681
2026-05-01 18:00:00,0.12545,0.12555,0.12493,0.12522,183657.4579
2026-05-01 19:00:00,0.12524,0.12555,0.12483,0.12523,165460.1351
2026-05-01 20:00:00,0.12524,0.12537,0.12378,0.12416,184093.3465
2026-05-01 21:00:00,0.12417,0.12483,0.12387,0.12459,118840.1571
2026-05-01 22:00:00,0.1246,0.12513,0.12392,0.12392,116713.3298
2026-05-01 23:00:00,0.12391,0.12391,0.12266,0.1236,1164998.018
2026-05-02 00:00:00,0.12363,0.12422,0.12348,0.12382,114828.158
2026-05-02 01:00:00,0.12391,0.12449,0.12364,0.12413,75656.557
2026-05-02 02:00:00,0.12413,0.1243,0.12344,0.12346,213350.9205
2026-05-02 03:00:00,0.12342,0.12352,0.12274,0.12316,164199.6913
2026-05-02 04:00:00,0.12315,0.12331,0.12224,0.12232,240969.1526
2026-05-02 05:00:00,0.12233,0.12264,0.12174,0.12233,220052.8492
2026-05-02 06:00:00,0.12223,0.12284,0.1221,0.12274,184774.152
2026-05-02 07:00:00,0.12273,0.12284,0.12224,0.12224,144282.4592
2026-05-02 08:00:00,0.12222,0.12222,0.12193,0.12219,179843.4198
2026-05-02 09:00:00,0.12218,0.12285,0.12214,0.12251,146740.0845
2026-05-02 10:00:00,0.12252,0.12293,0.12231,0.12232,190932.3881
2026-05-02 11:00:00,0.12228,0.12228,0.12168,0.12194,208982.9516
2026-05-02 12:00:00,0.12189,0.12226,0.12161,0.12189,213615.7435
2026-05-02 13:00:00,0.12189,0.12282,0.12189,0.12256,175776.2239
2026-05-02 14:00:00,0.12256,0.12305,0.12231,0.12276,463851.3074
2026-05-02 15:00:00,0.12275,0.1233,0.12247,0.12317,244094.337
2026-05-02 16:00:00,0.12325,0.12418,0.12324,0.12415,305126.9922
2026-05-02 17:00:00,0.12423,0.1243,0.12243,0.12243,836228.0363
2026-05-02 18:00:00,0.12247,0.1228,0.12167,0.1225,382868.1406
2026-05-02 19:00:00,0.1225,0.1231,0.12237,0.12292,100528.806
2026-05-02 20:00:00,0.12304,0.1232,0.12259,0.12286,128491.1497
2026-05-02 21:00:00,0.12289,0.12452,0.12254,0.12401,247236.9455
2026-05-02 22:00:00,0.124,0.12429,0.12353,0.12386,101280.562
2026-05-02 23:00:00,0.1238,0.1238,0.12252,0.1227,106415.9235
2026-05-03 00:00:00,0.12273,0.12299,0.12056,0.12137,949426.1679
2026-05-03 01:00:00,0.12132,0.12132,0.1192,0.11936,514632.338
2026-05-03 02:00:00,0.11937,0.11938,0.11855,0.11911,345211.7623
2026-05-03 03:00:00,0.11914,0.1194,0.11887,0.11907,250484.8599
2026-05-03 04:00:00,0.11905,0.11905,0.11833,0.11847,201381.9311
2026-05-03 05:00:00,0.11848,0.11889,0.11811,0.11883,614713.7914
2026-05-03 06:00:00,0.11876,0.11917,0.11809,0.11875,214094.0298
2026-05-03 07:00:00,0.1188,0.11938,0.1188,0.11905,254802.6745
2026-05-03 08:00:00,0.1191,0.11949,0.11868,0.11916,232199.6046
2026-05-03 09:00:00,0.11914,0.12014,0.11865,0.11974,1669631.4298
2026-05-03 10:00:00,0.11972,0.12015,0.11779,0.11788,2916800.2242
2026-05-03 11:00:00,0.1179,0.11894,0.11678,0.11801,1182569.4506
2026-05-03 12:00:00,0.11801,0.11866,0.11782,0.11787,335374.4461
2026-05-03 13:00:00,0.11788,0.11808,0.11733,0.11752,419182.7266
2026-05-03 14:00:00,0.11755,0.1182,0.11711,0.11752,369878.5968
2026-05-03 15:00:00,0.11753,0.11843,0.11753,0.11783,214846.126
2026-05-03 16:00:00,0.11784,0.11805,0.11721,0.11766,563049.2426
2026-05-03 17:00:00,0.11767,0.11834,0.11715,0.11779,868216.1203
2026-05-03 18:00:00,0.11781,0.11821,0.11777,0.11785,302402.9594
2026-05-03 19:00:00,0.11786,0.11844,0.11753,0.11788,1110293.4138
2026-05-03 20:00:00,0.11786,0.1192,0.11782,0.11841,223197.2733
2026-05-03 21:00:00,0.11845,0.11882,0.11716,0.11773,229406.6045
2026-05-03 22:00:00,0.11774,0.11937,0.11774,0.11876,406019.6624
2026-05-03 23:00:00,0.11878,0.11902,0.11725,0.11732,407514.0138
2026-05-04 00:00:00,0.11733,0.11736,0.11592,0.11669,457538.3198
2026-05-04 01:00:00,0.11666,0.11846,0.11546,0.11836,1439661.8704
2026-05-04 02:00:00,0.11843,0.11965,0.1181,0.11919,1942584.3757
2026-05-04 03:00:00,0.11923,0.11942,0.11827,0.1192,645434.4593
2026-05-04 04:00:00,0.11922,0.1205,0.11909,0.11979,700793.716
2026-05-04 05:00:00,0.1198,0.11985,0.11843,0.11931,361834.1724
2026-05-04 06:00:00,0.11928,0.1193,0.11737,0.11864,1376583.2352
2026-05-04 07:00:00,0.11866,0.11894,0.11763,0.11787,673769.0628
2026-05-04 08:00:00,0.11786,0.11816,0.11738,0.11742,154923.9618
2026-05-04 09:00:00,0.1174,0.11841,0.11699,0.11789,535802.7213
2026-05-04 10:00:00,0.11792,0.11792,0.1139,0.11411,2125402.6945
2026-05-04 11:00:00,0.11419,0.11465,0.11378,0.11442,572949.2638
2026-05-04 12:00:00,0.11446,0.11529,0.114,0.11466,855795.3429
2026-05-04 13:00:00,0.11463,0.11522,0.11411,0.11489,799863.7545
2026-05-04 14:00:00,0.11486,0.1176,0.11437,0.11701,878236.1092
2026-05-04 15:00:00,0.11694,0.11694,0.11406,0.11472,1972278.1045
2026-05-04 16:00:00,0.11475,0.11554,0.11409,0.1144,831652.7971
2026-05-04 17:00:00,0.11441,0.11735,0.11441,0.11684,1292231.6254
2026-05-04 18:00:00,0.11679,0.11718,0.11591,0.1168,457954.4493
2026-05-04 19:00:00,0.11684,0.11696,0.1158,0.11606,246834.1563
2026-05-04 20:00:00,0.11608,0.11612,0.11525,0.1156,145045.1237
2026-05-04 21:00:00,0.11561,0.1179,0.11561,0.11744,345142.8787
2026-05-04 22:00:00,0.11743,0.11756,0.11601,0.11633,143196.7473
2026-05-04 23:00:00,0.11618,0.11631,0.11562,0.11631,834293.5506
2026-05-05 00:00:00,0.11633,0.11691,0.11616,0.11664,350736.3749
2026-05-05 01:00:00,0.11659,0.11787,0.11651,0.1172,341689.5404
2026-05-05 02:00:00,0.11719,0.11833,0.11682,0.11725,810059.1718
2026-05-05 03:00:00,0.11725,0.118,0.11672,0.117,835147.1358
2026-05-05 04:00:00,0.11704,0.11763,0.1166,0.1166,470699.7597
2026-05-05 05:00:00,0.11659,0.11739,0.11648,0.11721,209204.1048
2026-05-05 06:00:00,0.11724,0.11779,0.11668,0.11774,227431.7473
2026-05-05 07:00:00,0.11776,0.11884,0.11762,0.11821,445632.1129
2026-05-05 08:00:00,0.11823,0.1186,0.11797,0.11842,219644.0674
2026-05-05 09:00:00,0.11845,0.11947,0.11791,0.11911,415923.2114
2026-05-05 10:00:00,0.11912,0.12036,0.11891,0.1198,666940.5901
2026-05-05 11:00:00,0.11981,0.11996,0.11829,0.11968,457447.0044
2026-05-05 12:00:00,0.11968,0.11973,0.11903,0.11942,314631.7457
2026-05-05 13:00:00,0.11941,0.11984,0.11845,0.11909,654385.8913
2026-05-05 14:00:00,0.11911,0.11943,0.11806,0.11858,959522.8044
2026-05-05 15:00:00,0.11863,0.11925,0.11848,0.11874,375806.1456
2026-05-05 16:00:00,0.11877,0.11962,0.11839,0.11896,445504.4436
2026-05-05 17:00:00,0.11894,0.11939,0.1186,0.11903,235614.1979
2026-05-05 18:00:00,0.11909,0.11983,0.11902,0.11908,139382.8163
2026-05-05 19:00:00,0.11911,0.1197,0.11911,0.11953,179985.8944
2026-05-05 20:00:00,0.11968,0.12097,0.11958,0.12095,752327.6401
2026-05-05 21:00:00,0.12099,0.12149,0.12017,0.12018,453327.6978
2026-05-05 22:00:00,0.12024,0.12051,0.11901,0.1196,612231.0807
2026-05-05 23:00:00,0.11959,0.12013,0.11884,0.11982,421161.3554
2026-05-06 00:00:00,0.11981,0.12013,0.11832,0.11901,335031.1289
2026-05-06 01:00:00,0.11896,0.12058,0.11884,0.1204,640672.4835
2026-05-06 02:00:00,0.12045,0.12054,0.11914,0.1204,162305.9542
2026-05-06 03:00:00,0.12041,0.12169,0.12028,0.1214,269948.5952
2026-05-06 04:00:00,0.12144,0.12158,0.12027,0.12053,499571.6454
2026-05-06 05:00:00,0.1205,0.12145,0.11977,0.12115,1989234.0704
2026-05-06 06:00:00,0.12114,0.12129,0.12023,0.12106,385636.2057
2026-05-06 07:00:00,0.12103,0.12176,0.12083,0.1214,451881.4548
2026-05-06 08:00:00,0.12142,0.12463,0.12109,0.12418,1551450.0144
2026-05-06 09:00:00,0.12419,0.12513,0.1237,0.12505,914178.0498
2026-05-06 10:00:00,0.12506,0.12524,0.12451,0.12484,403613.452
2026-05-06 11:00:00,0.12478,0.12552,0.12437,0.12513,666886.6614
2026-05-06 12:00:00,0.12513,0.12583,0.12481,0.12583,1036079.0755
2026-05-06 13:00:00,0.12578,0.12578,0.12268,0.12328,1247199.8002
2026-05-06 14:00:00,0.12326,0.12465,0.1216,0.12387,704883.016
2026-05-06 15:00:00,0.12384,0.12505,0.1227,0.12402,807572.4079
2026-05-06 16:00:00,0.12399,0.12524,0.12324,0.12477,1732762.1139
2026-05-06 17:00:00,0.12484,0.12528,0.12365,0.12381,250460.4171
2026-05-06 18:00:00,0.12381,0.12404,0.12299,0.12341,342045.3737
2026-05-06 19:00:00,0.12337,0.12444,0.12304,0.12429,288796.9187
2026-05-06 20:00:00,0.12427,0.1259,0.12424,0.1253,575977.5039
2026-05-06 21:00:00,0.12536,0.12888,0.12512,0.12822,1602468.4025
2026-05-06 22:00:00,0.12826,0.12912,0.12697,0.12817,982884.2016
2026-05-06 23:00:00,0.12816,0.12842,0.12646,0.12811,1144020.3136
2026-05-07 00:00:00,0.12805,0.13031,0.12543,0.12596,2244023.5124
2026-05-07 01:00:00,0.12583,0.12586,0.12349,0.12409,838938.8954
2026-05-07 02:00:00,0.12413,0.12449,0.12287,0.12342,555764.6249
2026-05-07 03:00:00,0.12336,0.12456,0.12299,0.12318,599061.3624
2026-05-07 04:00:00,0.12319,0.12571,0.12297,0.1257,621355.0458
2026-05-07 05:00:00,0.12563,0.12746,0.12551,0.12745,689267.5506
2026-05-07 06:00:00,0.12743,0.12868,0.12587,0.12842,615769.065
2026-05-07 07:00:00,0.12848,0.12862,0.12763,0.12833,316047.8241
2026-05-07 08:00:00,0.12836,0.12869,0.12722,0.12768,487304.7038
2026-05-07 09:00:00,0.12768,0.12839,0.12665,0.12728,361627.5617
2026-05-07 10:00:00,0.12727,0.12845,0.12632,0.12752,575855.6186
2026-05-07 11:00:00,0.12751,0.12862,0.12735,0.12758,611041.3943
2026-05-07 12:00:00,0.12762,0.13031,0.12761,0.13021,807582.0248
2026-05-07 13:00:00,0.13021,0.13054,0.12713,0.12734,1131709.7599
2026-05-07 14:00:00,0.12731,0.12793,0.12491,0.12615,1132565.4605
2026-05-07 15:00:00,0.12617,0.12693,0.12485,0.12557,322115.8038
2026-05-07 16:00:00,0.12559,0.12666,0.12513,0.12613,380750.802
2026-05-07 17:00:00,0.12609,0.12697,0.12536,0.12657,227975.6962
2026-05-07 18:00:00,0.12666,0.12756,0.12605,0.12636,274112.6119
2026-05-07 19:00:00,0.1263,0.12714,0.12569,0.12638,345285.2241
2026-05-07 20:00:00,0.12644,0.12755,0.12552,0.12552,226769.2618
2026-05-07 21:00:00,0.12551,0.12677,0.12467,0.12588,201770.5386
2026-05-07 22:00:00,0.12587,0.12674,0.12521,0.12622,712794.2936
2026-05-07 23:00:00,0.12621,0.12721,0.12615,0.12671,1064454.8389
2026-05-08 00:00:00,0.12667,0.12789,0.12663,0.12789,488943.3765
2026-05-08 01:00:00,0.1279,0.12886,0.12729,0.12859,563909.4692
2026-05-08 02:00:00,0.12861,0.12914,0.12707,0.12832,773735.6516
2026-05-08 03:00:00,0.12829,0.12954,0.1267,0.12857,573438.4821
2026-05-08 04:00:00,0.12856,0.13023,0.12811,0.12872,494154.9214
2026-05-08 05:00:00,0.12872,0.12914,0.12778,0.1279,351682.5398
2026-05-08 06:00:00,0.12788,0.12849,0.12702,0.12808,215534.113
2026-05-08 07:00:00,0.12812,0.12931,0.12736,0.12914,501159.4734
2026-05-08 08:00:00,0.12914,0.13204,0.12908,0.13195,1065619.7935
2026-05-08 09:00:00,0.132,0.136,0.13122,0.13197,2391041.9578
2026-05-08 10:00:00,0.13199,0.13397,0.13136,0.13157,820986.705
2026-05-08 11:00:00,0.1316,0.1359,0.13092,0.13494,1018872.8698
2026-05-08 12:00:00,0.13495,0.1362,0.13219,0.13279,1179378.3624
2026-05-08 13:00:00,0.1328,0.13324,0.13103,0.13243,586887.6272
2026-05-08 14:00:00,0.13245,0.13546,0.13219,0.13504,977251.3264
2026-05-08 15:00:00,0.1352,0.13794,0.13435,0.13789,2222313.6413
2026-05-08 16:00:00,0.1379,0.13938,0.13588,0.13716,1805229.9454
2026-05-08 17:00:00,0.13711,0.14321,0.13706,0.14203,2298179.8692
2026-05-08 18:00:00,0.14207,0.14651,0.14129,0.14454,2133720.6489
2026-05-08 19:00:00,0.14445,0.14743,0.14372,0.14655,2252398.073
2026-05-08 20:00:00,0.14653,0.14674,0.143,0.14447,1250800.2215
2026-05-08 21:00:00,0.14447,0.14696,0.14403,0.14659,1024801.6798
2026-05-08 22:00:00,0.14657,0.14763,0.14393,0.14409,699002.449
2026-05-08 23:00:00,0.14406,0.14406,0.14188,0.14257,547816.6957
2026-05-09 00:00:00,0.14258,0.14558,0.1424,0.14303,543485.4903
2026-05-09 01:00:00,0.14302,0.14415,0.1425,0.1433,891319.329
2026-05-09 02:00:00,0.14327,0.14581,0.14315,0.14548,550528.4258
2026-05-09 03:00:00,0.14555,0.14622,0.14336,0.14445,722788.3051
2026-05-09 04:00:00,0.14435,0.14523,0.14314,0.14384,317925.5751
2026-05-09 05:00:00,0.14387,0.14505,0.14307,0.14408,447789.4615
2026-05-09 06:00:00,0.14408,0.14678,0.14402,0.14659,906681.6521
2026-05-09 07:00:00,0.14658,0.14807,0.14548,0.14679,3660458.3603
2026-05-09 08:00:00,0.14682,0.14958,0.14645,0.14645,3158824.329
2026-05-09 09:00:00,0.14643,0.14643,0.14193,0.14277,1159097.0859
2026-05-09 10:00:00,0.14284,0.14322,0.14192,0.14291,438815.2946
2026-05-09 11:00:00,0.14291,0.14364,0.14238,0.1427,191546.5443
2026-05-09 12:00:00,0.1428,0.14325,0.14186,0.14241,309788.9094
2026-05-09 13:00:00,0.14248,0.14287,0.14,0.14147,2653467.2991
2026-05-09 14:00:00,0.14148,0.14193,0.14045,0.14119,718627.5265
2026-05-09 15:00:00,0.14127,0.14147,0.13931,0.13948,593049.1723
2026-05-09 16:00:00,0.13945,0.14142,0.13808,0.14049,1709790.7974
2026-05-09 17:00:00,0.1405,0.14222,0.14049,0.14166,207239.2017
2026-05-09 18:00:00,0.14162,0.14242,0.14162,0.14209,71129.4022
2026-05-09 19:00:00,0.14207,0.14243,0.14168,0.14229,221793.8094
2026-05-09 20:00:00,0.14231,0.14261,0.14169,0.14249,142729.0354
2026-05-09 21:00:00,0.14248,0.14322,0.14201,0.1426,220695.05
2026-05-09 22:00:00,0.14273,0.1428,0.14215,0.1426,131437.417
2026-05-09 23:00:00,0.14266,0.14283,0.14188,0.14249,89735.5274
2026-05-10 00:00:00,0.14247,0.14252,0.14076,0.14112,1010313.4954
2026-05-10 01:00:00,0.14122,0.14124,0.1396,0.13979,586167.6593
2026-05-10 02:00:00,0.13977,0.14014,0.13923,0.13974,365361.4137
2026-05-10 03:00:00,0.13976,0.14074,0.13959,0.14004,588432.3495
2026-05-10 04:00:00,0.13992,0.14062,0.13931,0.14044,380610.612
2026-05-10 05:00:00,0.14045,0.14053,0.1399,0.14012,116201.5815
2026-05-10 06:00:00,0.14006,0.14025,0.13973,0.14011,156973.8869
2026-05-10 07:00:00,0.14013,0.14139,0.14013,0.14076,288840.5605
2026-05-10 08:00:00,0.14075,0.14314,0.14063,0.14225,295061.4443
2026-05-10 09:00:00,0.14238,0.14268,0.14171,0.14185,151332.7863
2026-05-10 10:00:00,0.14184,0.14404,0.14094,0.1438,323569.5911
2026-05-10 11:00:00,0.14381,0.14434,0.14209,0.14276,767705.1574
2026-05-10 12:00:00,0.14275,0.14413,0.1423,0.1433,826054.2206
2026-05-10 13:00:00,0.14331,0.14453,0.14267,0.14405,1255753.402
2026-05-10 14:00:00,0.14419,0.14487,0.14115,0.14157,1854361.6557
2026-05-10 15:00:00,0.14155,0.1434,0.14155,0.14304,550447.6421
2026-05-10 16:00:00,0.14303,0.14433,0.14275,0.14352,473170.3329
2026-05-10 17:00:00,0.14352,0.1451,0.14283,0.14478,742900.8101
2026-05-10 18:00:00,0.1448,0.1459,0.14403,0.14556,441155.0221
2026-05-10 19:00:00,0.14534,0.14615,0.14438,0.14521,599127.6568
2026-05-10 20:00:00,0.14516,0.14611,0.13884,0.14074,1064167.6403
2026-05-10 21:00:00,0.14077,0.1426,0.14001,0.1415,284754.1241
2026-05-10 22:00:00,0.1415,0.14511,0.14112,0.14484,274644.5557
2026-05-10 23:00:00,0.14489,0.14516,0.14362,0.144,716695.356
2026-05-11 00:00:00,0.14408,0.14487,0.14207,0.14281,631155.8649
2026-05-11 01:00:00,0.14286,0.14414,0.14213,0.14338,337122.0471
2026-05-11 02:00:00,0.14333,0.14352,0.14169,0.14224,128197.7799
2026-05-11 03:00:00,0.1423,0.1423,0.13947,0.14118,533530.3676
2026-05-11 04:00:00,0.14122,0.14167,0.14041,0.14122,358305.9572
2026-05-11 05:00:00,0.14122,0.14237,0.14092,0.1418,326307.8842
2026-05-11 06:00:00,0.14181,0.14221,0.14105,0.14136,190789.2994
2026-05-11 07:00:00,0.14113,0.14169,0.14038,0.14167,140987.06
2026-05-11 08:00:00,0.14164,0.1423,0.14061,0.14196,167762.2942
2026-05-11 09:00:00,0.14191,0.14297,0.14177,0.14267,116182.483
2026-05-11 10:00:00,0.14268,0.14411,0.14204,0.14205,468561.648
2026-05-11 11:00:00,0.14217,0.14317,0.1417,0.14235,104014.0151
2026-05-11 12:00:00,0.14238,0.14278,0.14125,0.14161,303191.9906
2026-05-11 13:00:00,0.14163,0.14327,0.14162,0.14289,462208.1105
2026-05-11 14:00:00,0.14285,0.14391,0.14038,0.14139,651827.529
2026-05-11 15:00:00,0.14144,0.14217,0.14022,0.14213,542160.0316
2026-05-11 16:00:00,0.14209,0.14279,0.14086,0.14153,180030.3401
2026-05-11 17:00:00,0.14147,0.14361,0.14085,0.14314,391984.4345
2026-05-11 18:00:00,0.14308,0.14379,0.14161,0.14162,194532.0997
2026-05-11 19:00:00,0.14166,0.14263,0.14151,0.14223,350869.9279
2026-05-11 20:00:00,0.1423,0.14306,0.1413,0.14169,457368.5607
2026-05-11 21:00:00,0.14178,0.14202,0.14117,0.14117,156100.6861
2026-05-11 22:00:00,0.14112,0.14175,0.14071,0.14108,149849.6071
2026-05-11 23:00:00,0.14108,0.14165,0.14048,0.14106,113652.5058
2026-05-12 00:00:00,0.14096,0.14203,0.14056,0.14172,290913.0364
2026-05-12 01:00:00,0.14166,0.14166,0.1382,0.13888,875715.3399
2026-05-12 02:00:00,0.13885,0.1397,0.13858,0.13908,69018.8731
2026-05-12 03:00:00,0.13922,0.1394,0.13839,0.13874,246170.1065
2026-05-12 04:00:00,0.13867,0.13879,0.1376,0.13858,700517.1785
2026-05-12 05:00:00,0.13851,0.14004,0.13841,0.13973,563103.2165
2026-05-12 06:00:00,0.13971,0.13981,0.13882,0.13922,162501.6219
2026-05-12 07:00:00,0.13924,0.13932,0.13804,0.13881,484682.9496
2026-05-12 08:00:00,0.13881,0.13896,0.13774,0.13838,222075.4154
2026-05-12 09:00:00,0.13836,0.13919,0.13758,0.13858,239027.3752
2026-05-12 10:00:00,0.13859,0.13884,0.13688,0.13744,283957.5658
2026-05-12 11:00:00,0.13745,0.1376,0.13647,0.13745,171496.5238
2026-05-12 12:00:00,0.13751,0.13862,0.13683,0.13818,282608.7019
2026-05-12 13:00:00,0.13819,0.13877,0.13635,0.13649,351277.5316
2026-05-12 14:00:00,0.13655,0.13727,0.13479,0.13554,544065.1742
2026-05-12 15:00:00,0.13553,0.13646,0.13526,0.13586,153580.5633
2026-05-12 16:00:00,0.13587,0.13649,0.13422,0.13485,493458.747
2026-05-12 17:00:00,0.13487,0.137,0.13487,0.13654,252166.1286
2026-05-12 18:00:00,0.13661,0.13729,0.13641,0.13677,115050.2834
2026-05-12 19:00:00,0.13677,0.13773,0.13677,0.13727,102965.8826
2026-05-12 20:00:00,0.13732,0.13761,0.13703,0.1372,60350.6482
2026-05-12 21:00:00,0.13722,0.13754,0.13707,0.13707,134892.803
2026-05-12 22:00:00,0.13716,0.13766,0.13702,0.13702,14593.5556
2026-05-12 23:00:00,0.1371,0.13719,0.13621,0.13633,60747.2615
2026-05-13 00:00:00,0.13632,0.13722,0.13603,0.13687,326920.3962
2026-05-13 01:00:00,0.13682,0.13961,0.13682,0.13899,271112.8338
2026-05-13 02:00:00,0.13906,0.13981,0.13878,0.13978,158362.6172
2026-05-13 03:00:00,0.13977,0.14084,0.13949,0.14057,457437.1778
2026-05-13 04:00:00,0.14053,0.142,0.14051,0.14146,321448.6339
2026-05-13 05:00:00,0.14145,0.14187,0.13934,0.13993,135628.4185
2026-05-13 06:00:00,0.13988,0.14065,0.13948,0.13986,153397.2318
2026-05-13 07:00:00,0.13981,0.14031,0.13936,0.14027,310186.2053
2026-05-13 08:00:00,0.14028,0.14091,0.13972,0.1403,145335.0917
2026-05-13 09:00:00,0.1403,0.14344,0.1402,0.14253,908391.1285
2026-05-13 10:00:00,0.14264,0.14268,0.13983,0.14054,346113.1896
2026-05-13 11:00:00,0.14037,0.14044,0.13826,0.13862,524426.1319
2026-05-13 12:00:00,0.13871,0.1391,0.13446,0.13568,845952.6529
2026-05-13 13:00:00,0.13575,0.1362,0.1336,0.13392,346311.2241
2026-05-13 14:00:00,0.13392,0.13506,0.13306,0.13398,557635.5495
2026-05-13 15:00:00,0.13397,0.13449,0.131,0.1313,948391.7472
2026-05-13 16:00:00,0.13128,0.13299,0.13125,0.13261,506080.3845
2026-05-13 17:00:00,0.13267,0.13327,0.13224,0.13278,207154.1663
2026-05-13 18:00:00,0.13279,0.13405,0.13279,0.13306,105612.9828
2026-05-13 19:00:00,0.13312,0.1333,0.13212,0.13231,56584.9528
2026-05-13 20:00:00,0.13236,0.13319,0.13232,0.13292,27709.9605
2026-05-13 21:00:00,0.13295,0.13303,0.13147,0.13162,399470.1152
2026-05-13 22:00:00,0.13176,0.13214,0.13101,0.132,100991.367
2026-05-13 23:00:00,0.13201,0.13243,0.13168,0.132,69497.2134
2026-05-14 00:00:00,0.13195,0.13273,0.13195,0.13228,106741.359
2026-05-14 01:00:00,0.13215,0.1324,0.13167,0.13179,161442.6411
2026-05-14 02:00:00,0.13178,0.13198,0.13035,0.13054,198308.9823
2026-05-14 03:00:00,0.13056,0.13085,0.12854,0.12889,272469.3739
2026-05-14 04:00:00,0.12893,0.12967,0.12844,0.1295,221100.5806
2026-05-14 05:00:00,0.1295,0.13051,0.12921,0.13026,232152.8675
2026-05-14 06:00:00,0.13022,0.13101,0.13009,0.13053,190956.4668
2026-05-14 07:00:00,0.13031,0.13072,0.12984,0.12989,132734.1742
2026-05-14 08:00:00,0.1299,0.1307,0.12949,0.13018,227102.6873
2026-05-14 09:00:00,0.13018,0.13063,0.12985,0.12993,114696.8834
2026-05-14 10:00:00,0.12991,0.1304,0.12936,0.13036,138460.3018
2026-05-14 11:00:00,0.13031,0.1304,0.12906,0.12913,291830.4972
2026-05-14 12:00:00,0.12912,0.13033,0.12904,0.13023,135682.7081
2026-05-14 13:00:00,0.12998,0.13097,0.1297,0.13034,391245.5733
2026-05-14 14:00:00,0.13025,0.13372,0.12962,0.13364,387983.2567
2026-05-14 15:00:00,0.13364,0.13442,0.13262,0.13441,501330.4101
2026-05-14 16:00:00,0.13441,0.13581,0.13276,0.13454,857729.9386
2026-05-14 17:00:00,0.13459,0.13499,0.13288,0.13376,269706.4375
2026-05-14 18:00:00,0.13375,0.13498,0.13304,0.13455,353240.3956
2026-05-14 19:00:00,0.13462,0.13506,0.133,0.13342,237787.159
2026-05-14 20:00:00,0.13344,0.13348,0.1321,0.13292,233528.4423
2026-05-14 21:00:00,0.13298,0.1331,0.13225,0.13271,118834.4536
2026-05-14 22:00:00,0.13273,0.13298,0.13238,0.13238,39560.3391
2026-05-14 23:00:00,0.13231,0.13238,0.13107,0.13138,397669.4087
2026-05-15 00:00:00,0.13137,0.13266,0.13123,0.13153,251365.3864
2026-05-15 01:00:00,0.13162,0.13186,0.13047,0.1306,172831.7547
2026-05-15 02:00:00,0.13041,0.13137,0.12943,0.13112,332252.5393
2026-05-15 03:00:00,0.13108,0.13136,0.13031,0.13047,235999.6141
2026-05-15 04:00:00,0.13042,0.13044,0.1293,0.12931,189613.8835
2026-05-15 05:00:00,0.12932,0.1296,0.12691,0.12714,721121.6889
2026-05-15 06:00:00,0.12713,0.12849,0.12691,0.12819,254983.0287
2026-05-15 07:00:00,0.12828,0.12957,0.12799,0.12873,246211.4346
2026-05-15 08:00:00,0.12873,0.12873,0.1275,0.1282,221358.0737
2026-05-15 09:00:00,0.1282,0.12857,0.12784,0.12819,77466.7995
2026-05-15 10:00:00,0.1282,0.12948,0.12806,0.12907,297430.965
2026-05-15 11:00:00,0.12907,0.12919,0.12836,0.12845,160885.8905
2026-05-15 12:00:00,0.12844,0.12846,0.12707,0.1272,237815.0719
2026-05-15 13:00:00,0.12711,0.12711,0.12291,0.12326,801672.5464
2026-05-15 14:00:00,0.1233,0.12472,0.12251,0.12382,738532.0921
2026-05-15 15:00:00,0.12383,0.12413,0.12317,0.12397,136847.3727
2026-05-15 16:00:00,0.12402,0.12548,0.12366,0.12541,445332.9463
2026-05-15 17:00:00,0.12535,0.12628,0.12535,0.12619,187288.7339
2026-05-15 18:00:00,0.12616,0.12649,0.12556,0.12607,151879.5859
2026-05-15 19:00:00,0.12607,0.12625,0.12544,0.12558,101685.4222
2026-05-15 20:00:00,0.12562,0.12569,0.12475,0.12497,104113.0642
2026-05-15 21:00:00,0.12511,0.12544,0.12437,0.12448,65887.0908
2026-05-15 22:00:00,0.12453,0.12495,0.12446,0.1248,98514.2736
2026-05-15 23:00:00,0.12479,0.12508,0.12468,0.12479,105675.0849
2026-05-16 00:00:00,0.12464,0.12506,0.12454,0.1247,113703.5101
2026-05-16 01:00:00,0.12471,0.12494,0.12413,0.12494,62140.5257
2026-05-16 02:00:00,0.12484,0.125,0.12427,0.1247,30916.3054
2026-05-16 03:00:00,0.12452,0.1251,0.12433,0.12461,33022.8901
2026-05-16 04:00:00,0.12458,0.12462,0.12336,0.12377,279792.6404
2026-05-16 05:00:00,0.12376,0.12377,0.12275,0.12293,248719.2824
2026-05-16 06:00:00,0.12296,0.12301,0.12095,0.1213,522310.5245
2026-05-16 07:00:00,0.12131,0.12131,0.11865,0.12033,758426.6536
2026-05-16 08:00:00,0.12031,0.12069,0.11992,0.11999,117882.8377
2026-05-16 09:00:00,0.11989,0.12009,0.11821,0.11859,409871.1913
2026-05-16 10:00:00,0.11851,0.11892,0.11786,0.11875,311415.3795
2026-05-16 11:00:00,0.11878,0.11945,0.11878,0.11899,308677.5364
2026-05-16 12:00:00,0.11894,0.11953,0.11878,0.11926,91782.0961
2026-05-16 13:00:00,0.11922,0.11966,0.11904,0.1192,61222.0287
2026-05-16 14:00:00,0.11921,0.12064,0.11893,0.11995,102393.6787
2026-05-16 15:00:00,0.1199,0.12095,0.11986,0.12042,418156.6824
2026-05-16 16:00:00,0.12041,0.12123,0.12035,0.12074,157210.9545
2026-05-16 17:00:00,0.12075,0.12117,0.12062,0.12092,63231.6285
2026-05-16 18:00:00,0.1209,0.12092,0.12025,0.12033,127282.4813
2026-05-16 19:00:00,0.12031,0.12042,0.12002,0.12002,33283.1832
2026-05-16 20:00:00,0.12005,0.12028,0.11986,0.11998,15558.8725
2026-05-16 21:00:00,0.11992,0.12013,0.1198,0.11994,26088.1019
2026-05-16 22:00:00,0.11992,0.11995,0.11947,0.11958,29508.0311
2026-05-16 23:00:00,0.11953,0.11973,0.11937,0.11945,115699.4991
2026-05-17 00:00:00,0.11948,0.11974,0.11875,0.11899,132391.6788
2026-05-17 01:00:00,0.11901,0.11933,0.11831,0.11853,111490.415
2026-05-17 02:00:00,0.11854,0.11898,0.11846,0.11865,157676.454
2026-05-17 03:00:00,0.11873,0.11955,0.11873,0.11932,46986.7165
2026-05-17 04:00:00,0.11931,0.12022,0.11925,0.11982,168683.0554
2026-05-17 05:00:00,0.11984,0.12131,0.11984,0.12098,374843.8267
2026-05-17 06:00:00,0.12102,0.12233,0.12102,0.12213,312764.0462
2026-05-17 07:00:00,0.12214,0.12221,0.12153,0.1218,123240.2375
2026-05-17 08:00:00,0.12181,0.1219,0.12074,0.121,87140.7212
2026-05-17 09:00:00,0.12095,0.12195,0.12081,0.12184,85212.6458
2026-05-17 10:00:00,0.12178,0.1223,0.12168,0.12194,552008.2005
2026-05-17 11:00:00,0.12197,0.1222,0.12163,0.12194,208066.1435
2026-05-17 12:00:00,0.12193,0.12242,0.12145,0.12149,286100.5737
2026-05-17 13:00:00,0.12152,0.12188,0.1193,0.11994,742677.5632
2026-05-17 14:00:00,0.11989,0.11998,0.1188,0.11903,283549.7949
2026-05-17 15:00:00,0.119,0.11952,0.11891,0.11946,268156.098
2026-05-17 16:00:00,0.1195,0.11982,0.11865,0.11879,308480.8247
2026-05-17 17:00:00,0.1188,0.11895,0.11842,0.11875,179759.3837
2026-05-17 18:00:00,0.11869,0.11918,0.11808,0.1188,157816.7417
2026-05-17 19:00:00,0.1188,0.11942,0.11859,0.1192,170062.7444
2026-05-17 20:00:00,0.11916,0.11931,0.11863,0.11868,125960.5446
2026-05-17 21:00:00,0.11862,0.11978,0.11844,0.11952,136959.4048
2026-05-17 22:00:00,0.11951,0.11963,0.11795,0.11814,142529.2917
2026-05-17 23:00:00,0.11815,0.11815,0.1126,0.1165,1506191.3277
2026-05-18 00:00:00,0.11649,0.11649,0.11501,0.11627,379689.8196
2026-05-18 01:00:00,0.1163,0.11683,0.11527,0.11653,342182.0687
2026-05-18 02:00:00,0.11651,0.11752,0.11649,0.11704,272126.7151
2026-05-18 03:00:00,0.11705,0.11736,0.11629,0.11646,183855.4744
2026-05-18 04:00:00,0.11644,0.11717,0.11639,0.11694,174063.4404
2026-05-18 05:00:00,0.11692,0.11699,0.11602,0.11616,123307.765
2026-05-18 06:00:00,0.1161,0.11649,0.11544,0.11628,449257.9299
2026-05-18 07:00:00,0.11619,0.11643,0.11518,0.11593,206197.0219
2026-05-18 08:00:00,0.11598,0.11629,0.11586,0.11622,146680.1048
2026-05-18 09:00:00,0.11632,0.11634,0.11513,0.11519,163624.5479
2026-05-18 10:00:00,0.11512,0.11522,0.11452,0.11491,254149.4832
2026-05-18 11:00:00,0.11494,0.11676,0.11449,0.11624,578111.2767
2026-05-18 12:00:00,0.11625,0.11749,0.11624,0.11708,577918.7788
2026-05-18 13:00:00,0.11703,0.11708,0.1152,0.11636,538311.6628
2026-05-18 14:00:00,0.11637,0.11642,0.11487,0.11525,1061609.0904
2026-05-18 15:00:00,0.11528,0.11562,0.11403,0.11525,871823.9191
2026-05-18 16:00:00,0.1153,0.11599,0.11503,0.11564,624097.4981
2026-05-18 17:00:00,0.11564,0.11639,0.11551,0.11606,114981.9445
2026-05-18 18:00:00,0.11607,0.11615,0.11418,0.11432,461461.2664
2026-05-18 19:00:00,0.11433,0.11713,0.11429,0.11672,407355.0875
2026-05-18 20:00:00,0.11673,0.11714,0.11618,0.11659,102759.5611
2026-05-18 21:00:00,0.11661,0.11786,0.11621,0.11767,457276.5913
2026-05-18 22:00:00,0.11768,0.11794,0.117,0.11744,108750.4419
2026-05-18 23:00:00,0.11743,0.11769,0.11711,0.11755,246429.0465
2026-05-19 00:00:00,0.11767,0.11878,0.11761,0.11815,196653.6053
2026-05-19 01:00:00,0.11814,0.11814,0.11685,0.11696,192937.9007
2026-05-19 02:00:00,0.11674,0.11753,0.11646,0.11651,44116.7525
2026-05-19 03:00:00,0.11651,0.11745,0.1164,0.11697,43825.6943
2026-05-19 04:00:00,0.11698,0.11754,0.11668,0.11702,157124.6167
2026-05-19 05:00:00,0.11705,0.11712,0.11608,0.11659,91883.3878
2026-05-19 06:00:00,0.11652,0.11727,0.11646,0.11703,146707.5779
2026-05-19 07:00:00,0.11701,0.11774,0.1168,0.11748,87108.5826
2026-05-19 08:00:00,0.1175,0.11766,0.11652,0.11713,232903.0792
2026-05-19 09:00:00,0.11711,0.11722,0.11573,0.11629,161392.4889
2026-05-19 10:00:00,0.11632,0.11642,0.11534,0.1159,109046.3216
2026-05-19 11:00:00,0.11587,0.11592,0.11485,0.11514,51427.6406
2026-05-19 12:00:00,0.1151,0.11548,0.11487,0.11546,188209.4276
2026-05-19 13:00:00,0.11546,0.11659,0.11498,0.11611,382010.3881
2026-05-19 14:00:00,0.11609,0.11632,0.11434,0.11501,385455.4851
2026-05-19 15:00:00,0.11499,0.11551,0.11452,0.115,85826.3662
2026-05-19 16:00:00,0.11503,0.11584,0.1146,0.11576,151813.5642
2026-05-19 17:00:00,0.11574,0.11575,0.11475,0.11501,126057.8216
2026-05-19 18:00:00,0.11495,0.11525,0.11442,0.11445,88304.5048
2026-05-19 19:00:00,0.11446,0.11505,0.11423,0.11439,95149.9271
2026-05-19 20:00:00,0.11442,0.11487,0.11438,0.11482,53927.891
2026-05-19 21:00:00,0.11484,0.11513,0.11435,0.11435,111267.0377
2026-05-19 22:00:00,0.11433,0.11433,0.1134,0.1134,263584.6955
2026-05-19 23:00:00,0.11337,0.11388,0.11326,0.11356,108845.3416
2026-05-20 00:00:00,0.11356,0.1137,0.11284,0.11332,263687.9152
2026-05-20 01:00:00,0.11328,0.11379,0.1125,0.11361,342846.1905
2026-05-20 02:00:00,0.11363,0.11375,0.11235,0.11252,184676.8482
2026-05-20 03:00:00,0.11251,0.11306,0.11227,0.1124,307755.5211
2026-05-20 04:00:00,0.11241,0.11327,0.11241,0.11326,346534.0119
2026-05-20 05:00:00,0.11328,0.11424,0.11319,0.11382,380006.2281
2026-05-20 06:00:00,0.11383,0.1144,0.11366,0.11412,138240.1814
2026-05-20 07:00:00,0.11413,0.11439,0.11379,0.11397,320482.7596
2026-05-20 08:00:00,0.11391,0.1146,0.11366,0.11367,945127.2288
2026-05-20 09:00:00,0.11366,0.11395,0.11294,0.11299,356714.845
2026-05-20 10:00:00,0.11301,0.11339,0.11274,0.11295,368162.0324
2026-05-20 11:00:00,0.11301,0.11319,0.11237,0.1125,243379.4636
2026-05-20 12:00:00,0.11247,0.11389,0.11213,0.1135,544407.6086
2026-05-20 13:00:00,0.1135,0.11362,0.11147,0.11215,598688.8729
2026-05-20 14:00:00,0.11216,0.11384,0.11191,0.11344,716173.9511
2026-05-20 15:00:00,0.11344,0.11419,0.11266,0.113,518395.9343
2026-05-20 16:00:00,0.11301,0.11327,0.11207,0.11258,225713.2617
2026-05-20 17:00:00,0.1125,0.11376,0.11235,0.11277,529630.7134
2026-05-20 18:00:00,0.11271,0.11286,0.11164,0.11182,380066.3523
2026-05-20 19:00:00,0.1118,0.11234,0.11112,0.11201,307777.83
2026-05-20 20:00:00,0.11203,0.1124,0.11127,0.11233,385496.1595
2026-05-20 21:00:00,0.11236,0.11258,0.11065,0.11089,689785.896
2026-05-20 22:00:00,0.1109,0.11111,0.11001,0.11057,654285.2246
2026-05-20 23:00:00,0.11054,0.11061,0.10966,0.11003,495850.7929
2026-05-21 00:00:00,0.11007,0.11211,0.10985,0.11181,637806.9096
2026-05-21 01:00:00,0.11186,0.11249,0.1115,0.1119,501666.8031
2026-05-21 02:00:00,0.1119,0.11253,0.11163,0.11186,322612.7507
2026-05-21 03:00:00,0.1118,0.11293,0.11168,0.11277,160678.7038
2026-05-21 04:00:00,0.11282,0.11352,0.1126,0.11311,395085.7593
2026-05-21 05:00:00,0.1131,0.11336,0.11073,0.11142,681402.3874
2026-05-21 06:00:00,0.11143,0.1117,0.11096,0.11141,426203.0241
2026-05-21 07:00:00,0.1114,0.11178,0.11081,0.11138,484005.8747
2026-05-21 08:00:00,0.11139,0.11242,0.11137,0.11152,209664.7002
2026-05-21 09:00:00,0.1115,0.11193,0.1101,0.11017,410795.155
2026-05-21 10:00:00,0.11016,0.11039,0.10863,0.10884,570583.6072
2026-05-21 11:00:00,0.10883,0.10933,0.10866,0.10883,243886.2641
2026-05-21 12:00:00,0.10884,0.10987,0.1085,0.1094,475302.7633
2026-05-21 13:00:00,0.10938,0.11051,0.1089,0.11029,455568.9659
2026-05-21 14:00:00,0.11035,0.11115,0.10993,0.11067,371659.3218
2026-05-21 15:00:00,0.11068,0.11269,0.11028,0.11224,470106.2072
2026-05-21 16:00:00,0.11225,0.11276,0.11094,0.1116,311829.7247
2026-05-21 17:00:00,0.11165,0.11545,0.11152,0.1146,1055355.0553
2026-05-21 18:00:00,0.11458,0.11585,0.11287,0.11377,727687.362
2026-05-21 19:00:00,0.11376,0.11458,0.11337,0.11419,332959.2383
2026-05-21 20:00:00,0.11417,0.11472,0.11384,0.11406,297699.1181
2026-05-21 21:00:00,0.11412,0.11486,0.11391,0.11393,320032.7025
2026-05-21 22:00:00,0.11399,0.11407,0.11286,0.11296,284017.8722
2026-05-21 23:00:00,0.11292,0.11329,0.11245,0.11293,172774.3017
2026-05-22 00:00:00,0.11295,0.11296,0.11155,0.11185,407496.2428
2026-05-22 01:00:00,0.1118,0.11248,0.11158,0.1124,280498.8567
2026-05-22 02:00:00,0.11235,0.11333,0.11233,0.11315,666102.2958
2026-05-22 03:00:00,0.11315,0.11441,0.11308,0.11421,273654.1342
2026-05-22 04:00:00,0.11433,0.11525,0.11374,0.11428,335516.7662
2026-05-22 05:00:00,0.11431,0.11515,0.11391,0.11437,330371.7009
2026-05-22 06:00:00,0.11432,0.11437,0.11341,0.11368,256376.5684
2026-05-22 07:00:00,0.11367,0.11426,0.11291,0.11337,153680.7325
2026-05-22 08:00:00,0.1133,0.11421,0.11232,0.11287,274664.7459
2026-05-22 09:00:00,0.11286,0.11313,0.11222,0.11254,321364.9127
2026-05-22 10:00:00,0.11253,0.11315,0.11206,0.11286,206101.8678
2026-05-22 11:00:00,0.11287,0.11432,0.11277,0.1142,312041.2587
2026-05-22 12:00:00,0.11417,0.11564,0.11379,0.11564,405109.4537
2026-05-22 13:00:00,0.11563,0.11578,0.11365,0.11432,802403.7992
2026-05-22 14:00:00,0.11433,0.11433,0.11187,0.11222,736479.6173
2026-05-22 15:00:00,0.11222,0.113,0.11148,0.11249,231490.3841
2026-05-22 16:00:00,0.11245,0.11314,0.11218,0.11293,282351.3934
2026-05-22 17:00:00,0.11294,0.11355,0.11229,0.11236,300416.9751
2026-05-22 18:00:00,0.11232,0.11248,0.10866,0.1104,873305.8449
2026-05-22 19:00:00,0.11036,0.11068,0.10801,0.10915,857928.1093
2026-05-22 20:00:00,0.10916,0.11021,0.10894,0.11009,377860.8147
2026-05-22 21:00:00,0.11008,0.11047,0.10968,0.11015,148164.9278
2026-05-22 22:00:00,0.1101,0.11019,0.10948,0.10994,195812.9269
2026-05-22 23:00:00,0.10987,0.11033,0.1081,0.10871,267843.5259
2026-05-23 00:00:00,0.10873,0.10967,0.10833,0.10956,176029.1501
2026-05-23 01:00:00,0.10957,0.10995,0.10895,0.10975,99823.2933
2026-05-23 02:00:00,0.10977,0.10991,0.10931,0.10981,143159.7228
2026-05-23 03:00:00,0.10979,0.11013,0.10975,0.10991,108608.0733
2026-05-23 04:00:00,0.10989,0.10989,0.10888,0.10903,82258.5375
2026-05-23 05:00:00,0.10904,0.10906,0.10836,0.10886,154014.9749
2026-05-23 06:00:00,0.1088,0.10884,0.1078,0.10807,183055.978
2026-05-23 07:00:00,0.10808,0.10818,0.10301,0.10419,1501988.5687
2026-05-23 08:00:00,0.1042,0.10488,0.1034,0.10482,651706.4562
2026-05-23 09:00:00,0.10477,0.10522,0.10477,0.10489,221539.3583
2026-05-23 10:00:00,0.10488,0.1052,0.10467,0.10491,216079.0644
2026-05-23 11:00:00,0.10492,0.10517,0.10487,0.10496,133141.6837
2026-05-23 12:00:00,0.10494,0.10509,0.10456,0.10478,173819.0685
2026-05-23 13:00:00,0.10478,0.10607,0.10478,0.10572,814843.0862
2026-05-23 14:00:00,0.10575,0.10734,0.1056,0.10714,534791.6235
2026-05-23 15:00:00,0.10716,0.10815,0.10704,0.10759,530322.6284
2026-05-23 16:00:00,0.10759,0.10879,0.1073,0.10868,163121.0935
2026-05-23 17:00:00,0.10871,0.10905,0.108,0.10831,238890.6566
2026-05-23 18:00:00,0.10831,0.1103,0.10826,0.10969,289140.0452
2026-05-23 19:00:00,0.10966,0.11026,0.10945,0.10959,550704.6541
2026-05-23 20:00:00,0.10959,0.11212,0.10911,0.11212,405521.4093
2026-05-23 21:00:00,0.11207,0.11225,0.10975,0.11018,221539.8765
2026-05-23 22:00:00,0.11019,0.11039,0.10873,0.10912,420920.4331
2026-05-23 23:00:00,0.10914,0.10967,0.10897,0.10947,183726.86
2026-05-24 00:00:00,0.10954,0.10989,0.10918,0.10973,291772.6251
2026-05-24 01:00:00,0.10971,0.11008,0.10934,0.10951,203014.5038
2026-05-24 02:00:00,0.10952,0.10961,0.10875,0.10922,235273.3994
2026-05-24 03:00:00,0.10916,0.1096,0.10866,0.10895,272875.5069
2026-05-24 04:00:00,0.109,0.10926,0.10879,0.10885,213477.1853
2026-05-24 05:00:00,0.10885,0.10889,0.1082,0.10873,109789.9001
2026-05-24 06:00:00,0.10871,0.1094,0.10857,0.10931,180645.3448
2026-05-24 07:00:00,0.10932,0.1096,0.10893,0.10905,65404.1317
2026-05-24 08:00:00,0.10906,0.10933,0.10858,0.10905,536644.7534
2026-05-24 09:00:00,0.10899,0.10912,0.1073,0.10794,1085372.6421
2026-05-24 10:00:00,0.10794,0.10839,0.1072,0.10736,274412.2022
2026-05-24 11:00:00,0.10737,0.10743,0.10644,0.10647,724137.6071
2026-05-24 12:00:00,0.10648,0.10656,0.10603,0.10645,278535.2147
2026-05-24 13:00:00,0.10647,0.10673,0.10576,0.10638,323034.7533
2026-05-24 14:00:00,0.10634,0.10662,0.10476,0.10619,546784.5671
2026-05-24 15:00:00,0.10619,0.10621,0.10561,0.10584,98088.7311
2026-05-24 16:00:00,0.10583,0.10653,0.10575,0.10596,207910.7952
2026-05-24 17:00:00,0.10597,0.10634,0.10575,0.10606,196226.9787
2026-05-24 18:00:00,0.10607,0.10629,0.10583,0.10591,90983.6615
2026-05-24 19:00:00,0.10593,0.10651,0.10585,0.10636,143508.0189
2026-05-24 20:00:00,0.10641,0.1065,0.10558,0.10562,115555.7914
2026-05-24 21:00:00,0.10562,0.10585,0.10355,0.10411,425094.6886
2026-05-24 22:00:00,0.10403,0.10574,0.10403,0.10479,157964.0395
2026-05-24 23:00:00,0.10482,0.10598,0.10482,0.10564,165946.4558
2026-05-25 00:00:00,0.1057,0.10594,0.10543,0.10566,162891.1248
2026-05-25 01:00:00,0.10567,0.10614,0.10466,0.10475,195780.9269
2026-05-25 02:00:00,0.10476,0.10601,0.10476,0.10505,576764.5958
2026-05-25 03:00:00,0.10507,0.10522,0.10488,0.10503,223375.4858
2026-05-25 04:00:00,0.10504,0.10649,0.10485,0.10628,215417.7117
2026-05-25 05:00:00,0.10628,0.10747,0.10617,0.10714,336331.4552
2026-05-25 06:00:00,0.10712,0.10768,0.10661,0.10746,256226.0193
2026-05-25 07:00:00,0.10749,0.10801,0.10693,0.10734,285226.1318
2026-05-25 08:00:00,0.10737,0.10784,0.10709,0.10782,148770.4537
2026-05-25 09:00:00,0.10781,0.10792,0.10723,0.10724,181227.166
2026-05-25 10:00:00,0.10725,0.10833,0.10713,0.10797,674837.982
2026-05-25 11:00:00,0.10795,0.10795,0.10761,0.10769,131375.9417
2026-05-25 12:00:00,0.1077,0.1085,0.10732,0.10809,295748.6528
2026-05-25 13:00:00,0.10808,0.10854,0.10777,0.10835,169929.0373
2026-05-25 14:00:00,0.10839,0.10948,0.10833,0.10895,786346.6158
2026-05-25 15:00:00,0.10895,0.10946,0.10854,0.1094,266664.9443
2026-05-25 16:00:00,0.10941,0.11037,0.10903,0.10984,334169.0872
2026-05-25 17:00:00,0.10986,0.11082,0.10974,0.1104,272381.2355
2026-05-25 18:00:00,0.11042,0.11106,0.1099,0.10994,197075.8093
2026-05-25 19:00:00,0.10995,0.11,0.10907,0.10957,150517.2385
2026-05-25 20:00:00,0.10954,0.1102,0.10871,0.10889,324881.4046
2026-05-25 21:00:00,0.10888,0.10917,0.10868,0.10909,552852.3728
2026-05-25 22:00:00,0.1091,0.10915,0.10774,0.10786,186406.1507
2026-05-25 23:00:00,0.10781,0.10869,0.10768,0.10843,114828.842
2026-05-26 00:00:00,0.10845,0.10868,0.1068,0.10773,437224.8487
2026-05-26 01:00:00,0.10772,0.10789,0.10651,0.10723,361440.973
2026-05-26 02:00:00,0.10723,0.1074,0.10671,0.10711,236832.893
2026-05-26 03:00:00,0.10707,0.10772,0.10678,0.10767,188662.9063
2026-05-26 04:00:00,0.10766,0.10848,0.1073,0.10807,322700.6955
2026-05-26 05:00:00,0.10809,0.10964,0.10786,0.10937,340483.7298
2026-05-26 06:00:00,0.10944,0.11001,0.1086,0.1096,370356.2374
2026-05-26 07:00:00,0.10969,0.10973,0.10834,0.1091,268972.144
2026-05-26 08:00:00,0.10911,0.11035,0.10911,0.11013,314078.6497
2026-05-26 09:00:00,0.11017,0.11114,0.10992,0.11097,421098.8672
2026-05-26 10:00:00,0.11095,0.11292,0.11036,0.1125,596932.3449
2026-05-26 11:00:00,0.11247,0.11267,0.11141,0.11164,357122.2228
2026-05-26 12:00:00,0.11157,0.11248,0.111,0.11231,566127.2406
2026-05-26 13:00:00,0.1123,0.11302,0.1109,0.11156,598688.3319
2026-05-26 14:00:00,0.11157,0.11293,0.11097,0.11147,634517.3588
2026-05-26 15:00:00,0.11145,0.11154,0.10885,0.11,780348.1847
2026-05-26 16:00:00,0.10998,0.11016,0.10873,0.1093,291923.3277
2026-05-26 17:00:00,0.10932,0.10966,0.10728,0.10789,393003.6798
2026-05-26 18:00:00,0.1078,0.1087,0.10751,0.108,287147.26
2026-05-26 19:00:00,0.108,0.10868,0.10752,0.10851,101666.8146
2026-05-26 20:00:00,0.10855,0.10889,0.10813,0.10887,105675.9635
2026-05-26 21:00:00,0.10887,0.10923,0.10803,0.10834,163713.669
2026-05-26 22:00:00,0.10834,0.10872,0.10814,0.10833,62560.6448
2026-05-26 23:00:00,0.10834,0.10925,0.10834,0.10877,104013.7901
2026-05-27 00:00:00,0.10878,0.11034,0.10877,0.1103,243500.2515
2026-05-27 01:00:00,0.11031,0.11045,0.10935,0.10943,165133.0618
2026-05-27 02:00:00,0.10944,0.10959,0.10851,0.10934,142120.2849
2026-05-27 03:00:00,0.10935,0.10963,0.10833,0.10836,242442.3085
2026-05-27 04:00:00,0.10832,0.1084,0.10662,0.10802,222754.2694
2026-05-27 05:00:00,0.10803,0.1091,0.10793,0.10896,321137.4373
2026-05-27 06:00:00,0.10901,0.10968,0.10854,0.10946,241142.0844
2026-05-27 07:00:00,0.10946,0.1096,0.10881,0.10924,288143.6338
2026-05-27 08:00:00,0.10923,0.11009,0.10883,0.10889,238973.1496
2026-05-27 09:00:00,0.10888,0.10915,0.10828,0.10866,287510.2432
2026-05-27 10:00:00,0.10864,0.10905,0.10836,0.10888,96987.1277
2026-05-27 11:00:00,0.10885,0.10952,0.10869,0.10878,137872.1379
2026-05-27 12:00:00,0.10879,0.11074,0.10838,0.10976,503457.6749
2026-05-27 13:00:00,0.10977,0.10983,0.10726,0.10846,389623.6905
2026-05-27 14:00:00,0.10843,0.10914,0.10764,0.10865,384157.9737
2026-05-27 15:00:00,0.10854,0.11057,0.10848,0.11012,330668.0959
2026-05-27 16:00:00,0.11016,0.11117,0.10937,0.11012,236348.737
2026-05-27 17:00:00,0.11012,0.11013,0.10789,0.10833,376788.9729
2026-05-27 18:00:00,0.10832,0.10964,0.10771,0.10946,198913.0053
2026-05-27 19:00:00,0.10948,0.10993,0.10904,0.10928,308525.0729
2026-05-27 20:00:00,0.10926,0.10977,0.10879,0.10969,98740.3228
2026-05-27 21:00:00,0.10961,0.10983,0.10584,0.10663,467206.8757
2026-05-27 22:00:00,0.1067,0.10761,0.10633,0.10699,123719.8311
2026-05-27 23:00:00,0.10699,0.10754,0.10657,0.10725,131301.5781
2026-05-28 00:00:00,0.10721,0.10755,0.10687,0.10716,188020.2694
2026-05-28 01:00:00,0.10716,0.10719,0.10501,0.10651,363134.4967
2026-05-28 02:00:00,0.10651,0.10698,0.10631,0.10655,152586.3129
2026-05-28 03:00:00,0.10655,0.10656,0.10322,0.10357,1047631.8329
2026-05-28 04:00:00,0.1035,0.1035,0.1015,0.10305,846222.0338
2026-05-28 05:00:00,0.10304,0.1032,0.10182,0.10236,335086.9691
2026-05-28 06:00:00,0.10235,0.10252,0.10121,0.10196,748368.2398
2026-05-28 07:00:00,0.10203,0.10321,0.1019,0.10321,210281.2212
2026-05-28 08:00:00,0.10322,0.10324,0.10241,0.10249,268072.6192
2026-05-28 09:00:00,0.10247,0.10302,0.10233,0.10287,141661.1181
2026-05-28 10:00:00,0.10286,0.10307,0.10205,0.10205,290991.4896
2026-05-28 11:00:00,0.10204,0.1025,0.10181,0.10226,410306.7892
2026-05-28 12:00:00,0.10224,0.10263,0.10134,0.10253,282652.4421
2026-05-28 13:00:00,0.10261,0.10275,0.10147,0.1018,594129.9407
2026-05-28 14:00:00,0.10173,0.10296,0.10057,0.10194,681629.399
2026-05-28 15:00:00,0.10187,0.10254,0.10117,0.10204,176655.06
2026-05-28 16:00:00,0.10203,0.10378,0.10115,0.10374,222577.8355
2026-05-28 17:00:00,0.10373,0.10492,0.10351,0.10491,166712.4584
2026-05-28 18:00:00,0.1049,0.10613,0.10476,0.10594,546801.4106
2026-05-28 19:00:00,0.10599,0.10599,0.10476,0.10481,232420.5037
2026-05-28 20:00:00,0.10484,0.10589,0.10408,0.10522,273620.9291
2026-05-28 21:00:00,0.10523,0.10594,0.10488,0.10536,257092.1101
2026-05-28 22:00:00,0.10536,0.10558,0.10379,0.10402,173026.5714
2026-05-28 23:00:00,0.10396,0.10474,0.10385,0.10437,91929.1628
2026-05-29 00:00:00,0.10439,0.10496,0.10429,0.10456,517072.8534
2026-05-29 01:00:00,0.10451,0.10493,0.10398,0.10465,546153.8205
2026-05-29 02:00:00,0.10456,0.10507,0.10347,0.10364,354246.8125
2026-05-29 03:00:00,0.10366,0.10439,0.10365,0.10373,157316.8245
2026-05-29 04:00:00,0.10375,0.10432,0.10296,0.10432,121405.5813
2026-05-29 05:00:00,0.10433,0.1048,0.10407,0.10449,226664.088
2026-05-29 06:00:00,0.10449,0.10645,0.10445,0.10572,626406.115
2026-05-29 07:00:00,0.10569,0.10622,0.10456,0.10501,220028.2987
2026-05-29 08:00:00,0.10499,0.10585,0.10491,0.10509,232675.7371
2026-05-29 09:00:00,0.1051,0.10587,0.10504,0.10551,107954.7839
2026-05-29 10:00:00,0.1055,0.1055,0.10425,0.10457,180899.617
2026-05-29 11:00:00,0.10454,0.10468,0.10329,0.1038,163566.1941
2026-05-29 12:00:00,0.10378,0.10395,0.10256,0.10265,419999.4273
2026-05-29 13:00:00,0.1026,0.10295,0.10202,0.10264,452338.2921
2026-05-29 14:00:00,0.10265,0.10295,0.10056,0.10248,551675.6571
2026-05-29 15:00:00,0.10244,0.10661,0.10227,0.10531,1056991.1789
2026-05-29 16:00:00,0.10529,0.10546,0.10395,0.10508,482962.2975
2026-05-29 17:00:00,0.10501,0.10565,0.10453,0.10498,168574.5292
2026-05-29 18:00:00,0.105,0.10554,0.10344,0.10381,504691.0002
2026-05-29 19:00:00,0.10381,0.10398,0.10263,0.10359,307644.9722
2026-05-29 20:00:00,0.10364,0.10393,0.10324,0.10338,72584.0512
2026-05-29 21:00:00,0.10339,0.10412,0.10256,0.10269,221037.3115
2026-05-29 22:00:00,0.10269,0.10323,0.10241,0.103,96419.4515
2026-05-29 23:00:00,0.10298,0.10343,0.10281,0.10321,169387.403
2026-05-30 00:00:00,0.10315,0.10388,0.103,0.10374,408716.4354
2026-05-30 01:00:00,0.10378,0.10538,0.10378,0.10533,1125878.227
2026-05-30 02:00:00,0.10536,0.10668,0.10536,0.10668,796274.4463
2026-05-30 03:00:00,0.10667,0.10699,0.10529,0.10546,667051.1888
2026-05-30 04:00:00,0.10549,0.10613,0.10346,0.10474,1163915.2281
2026-05-30 05:00:00,0.10473,0.10547,0.10438,0.1052,459099.2465
2026-05-30 06:00:00,0.10521,0.10536,0.10477,0.10503,155935.9132
2026-05-30 07:00:00,0.10502,0.10503,0.10443,0.10483,179101.0957
2026-05-30 08:00:00,0.10482,0.1049,0.10435,0.10437,222701.8118
2026-05-30 09:00:00,0.10439,0.10494,0.10406,0.10468,354195.6567
2026-05-30 10:00:00,0.10474,0.10477,0.10448,0.10455,152053.6299
2026-05-30 11:00:00,0.10454,0.10502,0.10411,0.10465,140785.7466
2026-05-30 12:00:00,0.10463,0.10489,0.10436,0.10484,123011.5035
2026-05-30 13:00:00,0.10484,0.10539,0.10444,0.10518,388530.3258
2026-05-30 14:00:00,0.1052,0.10589,0.10511,0.10539,473848.307
2026-05-30 15:00:00,0.10544,0.10561,0.10467,0.10495,237241.0926
2026-05-30 16:00:00,0.10496,0.10562,0.10469,0.10503,165282.7592
2026-05-30 17:00:00,0.10503,0.10513,0.10425,0.10491,226492.4251
2026-05-30 18:00:00,0.10485,0.10514,0.10462,0.10494,122637.9644
2026-05-30 19:00:00,0.10491,0.10509,0.10454,0.10477,359455.7635
2026-05-30 20:00:00,0.10478,0.10492,0.1046,0.10472,139876.6895
2026-05-30 21:00:00,0.10473,0.1051,0.10464,0.10469,123667.7223
2026-05-30 22:00:00,0.10456,0.10456,0.10331,0.10363,293998.0279
2026-05-30 23:00:00,0.10358,0.10381,0.10297,0.10337,371325.2554
2026-05-31 00:00:00,0.10337,0.10409,0.10316,0.10405,456392.2976
2026-05-31 01:00:00,0.10404,0.1046,0.10387,0.10419,242064.9813
2026-05-31 02:00:00,0.10418,0.10493,0.1037,0.10438,213497.7925
2026-05-31 03:00:00,0.10444,0.10484,0.10419,0.1046,76868.2959
2026-05-31 04:00:00,0.1046,0.10515,0.10447,0.10503,196166.3991
2026-05-31 05:00:00,0.10502,0.10505,0.10444,0.10459,61221.0914
2026-05-31 06:00:00,0.10454,0.10454,0.10372,0.10373,388026.4769
2026-05-31 07:00:00,0.10369,0.10369,0.1025,0.10295,344706.3582
2026-05-31 08:00:00,0.10291,0.10332,0.10266,0.10291,603734.622
2026-05-31 09:00:00,0.1029,0.1035,0.10254,0.10289,454743.7487
2026-05-31 10:00:00,0.10288,0.10288,0.10202,0.10251,547734.6731
2026-05-31 11:00:00,0.10249,0.10307,0.10248,0.10297,154821.2148
2026-05-31 12:00:00,0.10298,0.1035,0.10263,0.10328,213439.0638
2026-05-31 13:00:00,0.10329,0.10349,0.10252,0.10252,154211.3909
2026-05-31 14:00:00,0.1025,0.10253,0.10043,0.10126,1355932.3877
2026-05-31 15:00:00,0.10127,0.10205,0.1011,0.10117,476384.1346
2026-05-31 16:00:00,0.10116,0.10124,0.10027,0.10072,368480.1029
2026-05-31 17:00:00,0.1007,0.10157,0.10051,0.10153,313326.9687
2026-05-31 18:00:00,0.10158,0.10171,0.1011,0.10128,225051.1781
2026-05-31 19:00:00,0.10127,0.10142,0.10055,0.10117,179374.0205
2026-05-31 20:00:00,0.1012,0.1019,0.1012,0.10176,232029.9698
2026-05-31 21:00:00,0.10178,0.10307,0.10165,0.10281,271865.8894
2026-05-31 22:00:00,0.10282,0.10378,0.10242,0.10358,365628.9172
2026-05-31 23:00:00,0.10373,0.10445,0.10252,0.10362,455733.3879
2026-06-01 00:00:00,0.10363,0.10415,0.10329,0.10337,523660.0363
2026-06-01 01:00:00,0.10337,0.10344,0.10167,0.10184,634174.7806
2026-06-01 02:00:00,0.10183,0.10358,0.10145,0.10344,398797.9828
2026-06-01 03:00:00,0.10348,0.10426,0.10339,0.10359,533993.474
2026-06-01 04:00:00,0.10364,0.10427,0.10197,0.10282,476729.0049
2026-06-01 05:00:00,0.10277,0.10298,0.10196,0.10233,424644.181
2026-06-01 06:00:00,0.10234,0.10248,0.10075,0.10155,797342.7107
2026-06-01 07:00:00,0.10154,0.10193,0.1005,0.10076,391621.2422
2026-06-01 08:00:00,0.10074,0.10112,0.10021,0.10085,463478.2252
2026-06-01 09:00:00,0.10088,0.10166,0.10087,0.1012,211984.0409
2026-06-01 10:00:00,0.10123,0.10138,0.10056,0.10115,198655.7836
2026-06-01 11:00:00,0.1012,0.10151,0.10045,0.10071,206412.1328
2026-06-01 12:00:00,0.10073,0.10097,0.09973,0.10025,519874.268
2026-06-01 13:00:00,0.10026,0.10037,0.09832,0.09927,1805196.8048
2026-06-01 14:00:00,0.09924,0.09956,0.09878,0.09926,842962.4942
2026-06-01 15:00:00,0.09928,0.10028,0.09871,0.09992,381996.1007
2026-06-01 16:00:00,0.09992,0.10125,0.099,0.10124,669001.5985
2026-06-01 17:00:00,0.10117,0.10283,0.10097,0.10247,576074.6933
2026-06-01 18:00:00,0.10253,0.10364,0.10194,0.10285,487150.386
2026-06-01 19:00:00,0.10288,0.10333,0.10193,0.1032,233130.325
2026-06-01 20:00:00,0.10321,0.10371,0.1027,0.10282,321688.8522
2026-06-01 21:00:00,0.10284,0.10285,0.10126,0.10157,183127.3857
2026-06-01 22:00:00,0.1015,0.10203,0.10079,0.1019,196760.625
2026-06-01 23:00:00,0.10193,0.10243,0.10151,0.10241,216509.5039
2026-06-02 00:00:00,0.10237,0.10277,0.10156,0.10161,359085.641
2026-06-02 01:00:00,0.10163,0.102,0.09997,0.10008,612632.5882
2026-06-02 02:00:00,0.10006,0.10085,0.0989,0.10085,2135837.1993
2026-06-02 03:00:00,0.1009,0.10146,0.10046,0.10141,289257.6161
2026-06-02 04:00:00,0.1014,0.10174,0.10043,0.10045,159756.9456
2026-06-02 05:00:00,0.10047,0.10076,0.09928,0.09942,410836.3727
2026-06-02 06:00:00,0.09934,0.09964,0.09836,0.09886,721625.1325
2026-06-02 07:00:00,0.09884,0.09894,0.09749,0.09843,1406039.46
2026-06-02 08:00:00,0.09841,0.09862,0.098,0.09826,439906.5263
2026-06-02 09:00:00,0.09829,0.09832,0.09736,0.09748,393556.6274
2026-06-02 10:00:00,0.09746,0.09823,0.09691,0.09823,464783.9698
2026-06-02 11:00:00,0.09823,0.09868,0.09793,0.09807,237686.7439
2026-06-02 12:00:00,0.09805,0.09861,0.09761,0.09837,349033.8355
2026-06-02 13:00:00,0.09834,0.09898,0.09796,0.09823,409595.9106
2026-06-02 14:00:00,0.09825,0.09828,0.09362,0.0951,1839121.4119
2026-06-02 15:00:00,0.09508,0.09571,0.09248,0.09419,1633916.7183
2026-06-02 16:00:00,0.09416,0.09638,0.09375,0.09505,740006.2659
2026-06-02 17:00:00,0.09507,0.0967,0.09505,0.09599,416255.1506
2026-06-02 18:00:00,0.09597,0.09666,0.09429,0.09467,578338.6409
2026-06-02 19:00:00,0.09471,0.0952,0.09282,0.09462,1018866.0935
2026-06-02 20:00:00,0.09467,0.0954,0.09369,0.09452,474461.4423
2026-06-02 21:00:00,0.09452,0.09534,0.09394,0.09445,350608.7549
2026-06-02 22:00:00,0.09439,0.09439,0.09133,0.092,1850047.2048
2026-06-02 23:00:00,0.09209,0.09293,0.0909,0.09289,1046706.7502
2026-06-03 00:00:00,0.09293,0.09353,0.09251,0.09289,904212.4502
2026-06-03 01:00:00,0.09292,0.09321,0.09177,0.09201,391422.4962
2026-06-03 02:00:00,0.09188,0.09207,0.09123,0.0918,305766.9763
2026-06-03 03:00:00,0.0918,0.09186,0.08932,0.08987,1631630.1474
2026-06-03 04:00:00,0.08987,0.09204,0.08987,0.09193,518030.0253
2026-06-03 05:00:00,0.09201,0.09412,0.09192,0.09404,763781.5901
2026-06-03 06:00:00,0.09402,0.09596,0.09374,0.09499,851090.7672
2026-06-03 07:00:00,0.09492,0.09608,0.09461,0.09605,343768.861
2026-06-03 08:00:00,0.09606,0.09606,0.09533,0.09563,1259148.3606
2026-06-03 09:00:00,0.09558,0.09608,0.09469,0.09573,652403.8116
2026-06-03 10:00:00,0.0957,0.09762,0.09568,0.09734,386355.9896
2026-06-03 11:00:00,0.09734,0.09804,0.09611,0.0964,271042.4855
2026-06-03 12:00:00,0.09641,0.09643,0.09554,0.09643,372488.1904
2026-06-03 13:00:00,0.09646,0.09703,0.09565,0.09641,664804.8345
2026-06-03 14:00:00,0.09641,0.09668,0.09553,0.09617,323069.7979
2026-06-03 15:00:00,0.09618,0.09624,0.0947,0.09473,421822.1545
2026-06-03 16:00:00,0.09488,0.09489,0.09308,0.09433,904069.3683
2026-06-03 17:00:00,0.09435,0.09522,0.09317,0.09466,601194.5664
2026-06-03 18:00:00,0.0947,0.095,0.09371,0.0949,236672.8604
2026-06-03 19:00:00,0.09499,0.09512,0.09309,0.09337,248912.8402
2026-06-03 20:00:00,0.09333,0.0949,0.09169,0.09217,1548497.9297
2026-06-03 21:00:00,0.09223,0.09545,0.09191,0.09504,485443.0379
2026-06-03 22:00:00,0.09501,0.0955,0.09362,0.09402,348014.8982
2026-06-03 23:00:00,0.09401,0.09412,0.09297,0.093,617310.8105
2026-06-04 00:00:00,0.09295,0.0941,0.09146,0.09208,410762.004
2026-06-04 01:00:00,0.0922,0.09269,0.08894,0.08928,1077241.3666
2026-06-04 02:00:00,0.08934,0.09053,0.08524,0.08978,3684153.9552
2026-06-04 03:00:00,0.08989,0.09248,0.0898,0.09229,714954.1257
2026-06-04 04:00:00,0.09231,0.09279,0.09125,0.09139,243958.2097
2026-06-04 05:00:00,0.09133,0.09133,0.08971,0.09054,532073.5393
2026-06-04 06:00:00,0.09053,0.09162,0.09034,0.0905,380913.3651
2026-06-04 07:00:00,0.09062,0.09075,0.08919,0.08926,498335.6284
2026-06-04 08:00:00,0.08927,0.08977,0.08835,0.0892,421348.1137
2026-06-04 09:00:00,0.08919,0.08922,0.08646,0.08767,1251614.648
2026-06-04 10:00:00,0.08768,0.08788,0.08615,0.08679,1681001.7197
2026-06-04 11:00:00,0.08679,0.08841,0.08664,0.08841,450594.2462
2026-06-04 12:00:00,0.08843,0.09064,0.08763,0.09056,451940.0921
2026-06-04 13:00:00,0.09056,0.09141,0.08904,0.09133,370837.0753
2026-06-04 14:00:00,0.09142,0.09157,0.09026,0.09064,648915.3992
2026-06-04 15:00:00,0.0906,0.09195,0.09017,0.09172,591468.6554
2026-06-04 16:00:00,0.09167,0.09171,0.09046,0.09091,324957.8134
2026-06-04 17:00:00,0.09093,0.09131,0.0893,0.08991,403605.1714
2026-06-04 18:00:00,0.08995,0.09112,0.08919,0.0906,513162.2863
2026-06-04 19:00:00,0.09059,0.09107,0.09,0.09035,350664.1553
2026-06-04 20:00:00,0.09033,0.09037,0.08918,0.08977,57968.9396
2026-06-04 21:00:00,0.0896,0.0901,0.08756,0.08784,225606.6242
2026-06-04 22:00:00,0.08776,0.08891,0.08735,0.08886,354177.8102
2026-06-04 23:00:00,0.08872,0.08941,0.08808,0.08938,322843.7082
2026-06-05 00:00:00,0.08917,0.08982,0.0885,0.08856,522799.7823
2026-06-05 01:00:00,0.08857,0.08943,0.0878,0.08921,208167.3679
2026-06-05 02:00:00,0.08922,0.08923,0.08615,0.08631,343792.8231
2026-06-05 03:00:00,0.08632,0.08717,0.08535,0.08598,1883057.7522
2026-06-05 04:00:00,0.08598,0.08762,0.08545,0.08752,940992.2074
2026-06-05 05:00:00,0.0876,0.08774,0.08442,0.08466,848568.1852
2026-06-05 06:00:00,0.0847,0.08476,0.08014,0.08255,2614875.5723
2026-06-05 07:00:00,0.08254,0.08441,0.08083,0.08408,878513.4443
2026-06-05 08:00:00,0.08411,0.08411,0.0827,0.0831,1081078.1531
2026-06-05 09:00:00,0.08329,0.08511,0.08321,0.08469,708562.7477
2026-06-05 10:00:00,0.08474,0.08499,0.08359,0.08398,354356.9913
2026-06-05 11:00:00,0.08396,0.08417,0.08173,0.08193,3456817.4016
2026-06-05 12:00:00,0.08194,0.0825,0.08059,0.08134,2368987.7599
2026-06-05 13:00:00,0.08134,0.0843,0.08102,0.08116,2457826.1067
2026-06-05 14:00:00,0.081,0.0832,0.08003,0.08249,1283604.1373
2026-06-05 15:00:00,0.08239,0.08266,0.08035,0.08119,1013067.6061
2026-06-05 16:00:00,0.08098,0.0827,0.07902,0.08258,1515094.867
2026-06-05 17:00:00,0.08256,0.08272,0.08088,0.08132,1184998.7713
2026-06-05 18:00:00,0.08133,0.082,0.078,0.0785,2147930.9582
2026-06-05 19:00:00,0.07839,0.08045,0.07709,0.07986,1765058.659
2026-06-05 20:00:00,0.07987,0.08187,0.07901,0.08179,690954.4728
2026-06-05 21:00:00,0.08175,0.08238,0.08166,0.08166,475638.1403
2026-06-05 22:00:00,0.08171,0.08171,0.08015,0.08119,427063.6324
2026-06-05 23:00:00,0.08121,0.08159,0.07906,0.08043,1129241.1379
2026-06-06 00:00:00,0.0804,0.0812,0.0804,0.08088,395786.9959
2026-06-06 01:00:00,0.08096,0.08123,0.08008,0.08022,168649.0186
2026-06-06 02:00:00,0.08021,0.08033,0.07955,0.07981,204463.0394
2026-06-06 03:00:00,0.07968,0.07968,0.0786,0.07895,299331.8895
2026-06-06 04:00:00,0.0789,0.07922,0.0747,0.0752,1384529.6018
2026-06-06 05:00:00,0.07519,0.07765,0.07394,0.07755,1510136.8759
2026-06-06 06:00:00,0.07758,0.07911,0.07758,0.07788,549588.2033
2026-06-06 07:00:00,0.07788,0.0791,0.07783,0.07896,405618.0115
2026-06-06 08:00:00,0.079,0.08034,0.07879,0.08,503513.1163
2026-06-06 09:00:00,0.08,0.0807,0.07931,0.0795,273292.8832
2026-06-06 10:00:00,0.07954,0.07957,0.07784,0.07895,703003.5759
2026-06-06 11:00:00,0.07882,0.07991,0.07864,0.07969,447370.7084
2026-06-06 12:00:00,0.07971,0.08027,0.07889,0.07993,439433.7131
2026-06-06 13:00:00,0.07995,0.08068,0.07978,0.08028,199345.8388
2026-06-06 14:00:00,0.08024,0.08085,0.08016,0.08028,249433.5005
2026-06-06 15:00:00,0.08036,0.08039,0.07876,0.07957,789335.4158
2026-06-06 16:00:00,0.07935,0.07995,0.07883,0.07968,221048.3507
2026-06-06 17:00:00,0.07978,0.0799,0.07854,0.07883,448833.6812
2026-06-06 18:00:00,0.07879,0.0797,0.07874,0.07937,267508.4647
2026-06-06 19:00:00,0.07924,0.07977,0.07871,0.07872,158795.6305
2026-06-06 20:00:00,0.0787,0.07912,0.07855,0.07902,318898.4925
2026-06-06 21:00:00,0.07906,0.07972,0.07896,0.07919,612315.8104
2026-06-06 22:00:00,0.07914,0.07942,0.07888,0.07921,211715.4427
2026-06-06 23:00:00,0.07917,0.08008,0.07917,0.07992,101042.772
2026-06-07 00:00:00,0.07994,0.08053,0.07977,0.08008,347766.914
2026-06-07 01:00:00,0.08005,0.0824,0.07997,0.08199,645442.3003
2026-06-07 02:00:00,0.08205,0.08223,0.0814,0.08197,270405.2883
2026-06-07 03:00:00,0.08196,0.08227,0.08165,0.08213,167713.9039
2026-06-07 04:00:00,0.08213,0.08216,0.08103,0.08213,1229284.5811
2026-06-07 05:00:00,0.0821,0.08274,0.08174,0.08257,805621.7853
2026-06-07 06:00:00,0.08258,0.08384,0.0823,0.08287,3721321.559
2026-06-07 07:00:00,0.0829,0.08323,0.08222,0.08274,2602761.4345
2026-06-07 08:00:00,0.0827,0.0836,0.08215,0.0836,390161.3375
2026-06-07 09:00:00,0.08362,0.08394,0.08276,0.08283,570547.0575
2026-06-07 10:00:00,0.08285,0.0831,0.08207,0.08218,790381.6766
2026-06-07 11:00:00,0.08216,0.083,0.08196,0.08253,222114.533
2026-06-07 12:00:00,0.08253,0.08264,0.08067,0.08131,927080.4095
2026-06-07 13:00:00,0.08133,0.08155,0.08107,0.08139,300421.3544
2026-06-07 14:00:00,0.08137,0.08272,0.0813,0.08212,656800.7515
2026-06-07 15:00:00,0.08208,0.08212,0.08147,0.08184,743038.0495
2026-06-07 16:00:00,0.08185,0.08191,0.08143,0.0817,405081.6413
2026-06-07 17:00:00,0.08163,0.0822,0.08152,0.08188,194624.5117
2026-06-07 18:00:00,0.08186,0.08208,0.08109,0.08111,594100.4113
2026-06-07 19:00:00,0.08112,0.08113,0.07931,0.0798,810146.1112
2026-06-07 20:00:00,0.07966,0.08087,0.07958,0.08062,257425.7571
2026-06-07 21:00:00,0.08062,0.08087,0.08011,0.08052,209187.0392
2026-06-07 22:00:00,0.08055,0.08518,0.08054,0.08242,2072296.6271
2026-06-07 23:00:00,0.08241,0.0832,0.0823,0.08307,538276.8478
2026-06-08 00:00:00,0.08306,0.08403,0.08259,0.08355,516774.3047
2026-06-08 01:00:00,0.0836,0.08375,0.08172,0.08249,577828.542
2026-06-08 02:00:00,0.0825,0.08283,0.08209,0.08247,174795.578
2026-06-08 03:00:00,0.08248,0.083,0.08216,0.08253,187856.8576
2026-06-08 04:00:00,0.08254,0.08263,0.08125,0.08125,172657.2532
2026-06-08 05:00:00,0.08127,0.08158,0.08093,0.08148,150089.8472
2026-06-08 06:00:00,0.08151,0.0822,0.08151,0.08188,195540.8928
2026-06-08 07:00:00,0.0819,0.08248,0.08152,0.08228,251534.3456
2026-06-08 08:00:00,0.08224,0.08224,0.08128,0.08151,276288.7619
2026-06-08 09:00:00,0.08146,0.08268,0.08136,0.08268,556582.9834
2026-06-08 10:00:00,0.08269,0.08317,0.08224,0.08292,982524.2901
2026-06-08 11:00:00,0.0829,0.084,0.08265,0.08339,410668.53
2026-06-08 12:00:00,0.08338,0.08433,0.08246,0.08411,465713.049
2026-06-08 13:00:00,0.08412,0.08428,0.08326,0.0835,239911.8097
2026-06-08 14:00:00,0.08342,0.08398,0.08314,0.08389,498043.7606
2026-06-08 15:00:00,0.08398,0.0846,0.08342,0.08353,254416.1942
2026-06-08 16:00:00,0.08354,0.08438,0.08301,0.08317,510146.5973
2026-06-08 17:00:00,0.0832,0.08371,0.08277,0.0837,168241.1691
2026-06-08 18:00:00,0.08376,0.08389,0.08309,0.08327,95124.4563
2026-06-08 19:00:00,0.08326,0.08373,0.08318,0.08327,146148.8536
2026-06-08 20:00:00,0.08327,0.08331,0.08257,0.08317,148884.9073
2026-06-08 21:00:00,0.08321,0.08396,0.08316,0.08317,190050.4108
2026-06-08 22:00:00,0.08316,0.08316,0.08223,0.08253,243667.1634
2026-06-08 23:00:00,0.08248,0.08287,0.08179,0.08216,322482.0391
2026-06-09 00:00:00,0.08212,0.08222,0.08012,0.08026,662773.4323
2026-06-09 01:00:00,0.08024,0.08099,0.08008,0.08076,460763.7312
2026-06-09 02:00:00,0.08071,0.08087,0.07978,0.08036,806689.8557
2026-06-09 03:00:00,0.08037,0.08063,0.0798,0.08052,224100.8043
2026-06-09 04:00:00,0.08051,0.0821,0.08033,0.08175,464348.2105
2026-06-09 05:00:00,0.08177,0.08243,0.08157,0.08199,214964.8337
2026-06-09 06:00:00,0.08199,0.08236,0.08167,0.08167,299131.8626
2026-06-09 07:00:00,0.08175,0.08213,0.08136,0.08182,410516.6565
2026-06-09 08:00:00,0.08178,0.08183,0.08106,0.08113,358097.5911
2026-06-09 09:00:00,0.08109,0.08129,0.08045,0.08058,363465.9387
2026-06-09 10:00:00,0.08058,0.08087,0.08028,0.08076,344774.6124
2026-06-09 11:00:00,0.08076,0.08084,0.08013,0.08049,243203.6664
2026-06-09 12:00:00,0.08042,0.08104,0.08033,0.08088,405467.8627
2026-06-09 13:00:00,0.08089,0.08162,0.08064,0.08112,612910.907
2026-06-09 14:00:00,0.08104,0.08123,0.07886,0.08012,1308237.0315
2026-06-09 15:00:00,0.08012,0.08049,0.07898,0.07917,767204.0916
2026-06-09 16:00:00,0.07913,0.07948,0.07791,0.07898,1486855.3456
2026-06-09 17:00:00,0.079,0.08076,0.07893,0.08028,1083155.8407
2026-06-09 18:00:00,0.08027,0.08118,0.08011,0.08081,370553.7012
2026-06-09 19:00:00,0.08077,0.08135,0.08057,0.08112,364619.7938
2026-06-09 20:00:00,0.0812,0.08169,0.08106,0.08146,349691.1801
2026-06-09 21:00:00,0.08146,0.08152,0.08042,0.08044,274153.7866
2026-06-09 22:00:00,0.08047,0.08106,0.08022,0.08034,344806.8608
2026-06-09 23:00:00,0.08034,0.08086,0.08018,0.08034,422351.4768
2026-06-10 00:00:00,0.08035,0.08139,0.08035,0.08124,572241.3023
2026-06-10 01:00:00,0.08121,0.08138,0.08034,0.08051,433725.6939
2026-06-10 02:00:00,0.08049,0.08065,0.07957,0.07986,209618.9002
2026-06-10 03:00:00,0.07983,0.08026,0.07974,0.07995,104750.7392
2026-06-10 04:00:00,0.07992,0.08009,0.07925,0.07954,119764.2126
2026-06-10 05:00:00,0.07955,0.07975,0.079,0.07941,243611.9577
2026-06-10 06:00:00,0.07941,0.07972,0.07905,0.07946,236581.2551
2026-06-10 07:00:00,0.07948,0.08012,0.07948,0.07995,128282.0803
2026-06-10 08:00:00,0.07988,0.07988,0.07843,0.07863,276796.9831
2026-06-10 09:00:00,0.07871,0.07907,0.07798,0.07907,193344.462
2026-06-10 10:00:00,0.07902,0.07922,0.07846,0.07909,115250.1448
2026-06-10 11:00:00,0.07912,0.07925,0.07799,0.07838,355360.013
2026-06-10 12:00:00,0.07819,0.08015,0.07781,0.07965,951617.3176
2026-06-10 13:00:00,0.07958,0.08134,0.07939,0.08048,880571.6264
2026-06-10 14:00:00,0.08051,0.08073,0.07977,0.08028,1130011.3731
2026-06-10 15:00:00,0.08033,0.08178,0.07958,0.08097,934181.3396
2026-06-10 16:00:00,0.08098,0.08117,0.07872,0.0794,990076.9402
2026-06-10 17:00:00,0.07949,0.07987,0.07851,0.07929,603367.5962
2026-06-10 18:00:00,0.07929,0.07949,0.07862,0.07927,486672.1204
2026-06-10 19:00:00,0.07927,0.07941,0.07808,0.07841,311095.6907
2026-06-10 20:00:00,0.07838,0.07864,0.07643,0.07718,1229368.0306
2026-06-10 21:00:00,0.07716,0.07716,0.07563,0.07601,695928.4269
2026-06-10 22:00:00,0.07602,0.07708,0.07562,0.0765,425835.2548
2026-06-10 23:00:00,0.07655,0.0777,0.07623,0.07752,619149.2128
2026-06-11 00:00:00,0.07752,0.07812,0.0775,0.07783,291853.545
2026-06-11 01:00:00,0.07778,0.07889,0.07778,0.07863,252750.1069
2026-06-11 02:00:00,0.07863,0.07868,0.0777,0.07796,208531.9566
2026-06-11 03:00:00,0.07797,0.08154,0.07791,0.08055,3053440.8888
2026-06-11 04:00:00,0.08056,0.0813,0.08013,0.08077,475102.2151
2026-06-11 05:00:00,0.08073,0.08078,0.08012,0.08012,358480.1739
2026-06-11 06:00:00,0.08012,0.08076,0.07999,0.08019,249711.9871
2026-06-11 07:00:00,0.08017,0.08056,0.08003,0.08033,254210.55
2026-06-11 08:00:00,0.08034,0.08113,0.08033,0.0808,479315.7929
2026-06-11 09:00:00,0.08077,0.08084,0.08002,0.08044,285983.2564
2026-06-11 10:00:00,0.08044,0.08112,0.08037,0.08105,557854.629
2026-06-11 11:00:00,0.08102,0.08184,0.08081,0.08144,760259.1013
2026-06-11 12:00:00,0.08148,0.08152,0.07999,0.08078,985966.4573
2026-06-11 13:00:00,0.08075,0.08145,0.08035,0.08103,285934.9235
2026-06-11 14:00:00,0.08102,0.08141,0.08053,0.08079,361306.8184
2026-06-11 15:00:00,0.08079,0.08101,0.08026,0.08074,376264.4843
2026-06-11 16:00:00,0.08076,0.08104,0.08013,0.0803,667760.4427
2026-06-11 17:00:00,0.08021,0.0827,0.07987,0.08248,608573.4451
2026-06-11 18:00:00,0.0825,0.08603,0.0825,0.08306,4816930.7168
2026-06-11 19:00:00,0.08305,0.08495,0.08284,0.08366,805915.7396
2026-06-11 20:00:00,0.08362,0.0838,0.08295,0.08371,546556.6957
2026-06-11 21:00:00,0.08379,0.08457,0.08373,0.08423,400109.8751
2026-06-11 22:00:00,0.08437,0.08454,0.0832,0.08331,206157.4106
2026-06-11 23:00:00,0.08332,0.08368,0.08298,0.08358,337735.6409
2026-06-12 00:00:00,0.08357,0.08396,0.08323,0.08326,212345.8168
2026-06-12 01:00:00,0.08321,0.08322,0.08249,0.08303,202969.4272
2026-06-12 02:00:00,0.08305,0.08367,0.08299,0.08335,119974.5738
2026-06-12 03:00:00,0.08337,0.08371,0.08325,0.08353,455242.5528
2026-06-12 04:00:00,0.08361,0.08406,0.08333,0.0838,127722.7254
2026-06-12 05:00:00,0.08383,0.08389,0.08285,0.08291,286745.3538
2026-06-12 06:00:00,0.08289,0.08298,0.08187,0.08197,333402.2891
2026-06-12 07:00:00,0.08198,0.08279,0.08198,0.08266,222504.4402
2026-06-12 08:00:00,0.08273,0.08386,0.08267,0.08373,181459.4175
2026-06-12 09:00:00,0.08373,0.08496,0.08356,0.08446,433213.4522
2026-06-12 10:00:00,0.08443,0.08522,0.08395,0.08398,748374.0651
2026-06-12 11:00:00,0.08395,0.08472,0.08395,0.08436,125412.5223
2026-06-12 12:00:00,0.08437,0.0849,0.08387,0.08422,199767.5312
2026-06-12 13:00:00,0.08424,0.08426,0.0821,0.08289,521118.1639
2026-06-12 14:00:00,0.08292,0.08549,0.08288,0.08528,863204.7479
2026-06-12 15:00:00,0.08537,0.0855,0.08333,0.08339,749579.0761
2026-06-12 16:00:00,0.08338,0.08433,0.08305,0.08433,241548.7375
2026-06-12 17:00:00,0.08435,0.08469,0.08393,0.08396,121891.4077
2026-06-12 18:00:00,0.08403,0.08422,0.08351,0.08367,93228.8503
2026-06-12 19:00:00,0.08369,0.0844,0.08369,0.08388,146173.9762
2026-06-12 20:00:00,0.08387,0.08431,0.08342,0.08366,123018.186
2026-06-12 21:00:00,0.0837,0.08441,0.08353,0.08381,75319.8825
2026-06-12 22:00:00,0.08381,0.084,0.0836,0.0838,125038.6712
2026-06-12 23:00:00,0.08384,0.08394,0.0833,0.08394,61618.9203
2026-06-13 00:00:00,0.08398,0.08446,0.08383,0.08422,150635.9069
2026-06-13 01:00:00,0.08421,0.085,0.08409,0.08473,551905.8105
2026-06-13 02:00:00,0.08476,0.08481,0.08422,0.08431,123136.6653
2026-06-13 03:00:00,0.08451,0.08463,0.08381,0.08418,138962.5674
2026-06-13 04:00:00,0.0841,0.08457,0.08392,0.08404,66090.1956
2026-06-13 05:00:00,0.084,0.08432,0.08378,0.08408,240691.465
2026-06-13 06:00:00,0.0841,0.08539,0.08395,0.08509,503724.4348
2026-06-13 07:00:00,0.0851,0.08607,0.0847,0.08572,1221616.4395
2026-06-13 08:00:00,0.08573,0.08636,0.08556,0.08568,342170.8197
2026-06-13 09:00:00,0.08566,0.08609,0.08548,0.08549,89066.0518
2026-06-13 10:00:00,0.08552,0.08606,0.08548,0.08569,146152.1141
2026-06-13 11:00:00,0.08573,0.08647,0.08563,0.0864,139306.4742
2026-06-13 12:00:00,0.08635,0.08675,0.08587,0.08613,231770.7198
2026-06-13 13:00:00,0.08625,0.08675,0.08588,0.08613,771533.5799
2026-06-13 14:00:00,0.08623,0.08653,0.08585,0.08645,1051218.0021
2026-06-13 15:00:00,0.08641,0.08692,0.08618,0.08638,245932.1564
2026-06-13 16:00:00,0.08639,0.08639,0.08541,0.08581,575486.6789
2026-06-13 17:00:00,0.08572,0.0863,0.08552,0.08579,329826.1121
2026-06-13 18:00:00,0.08574,0.08591,0.08529,0.08536,158668.7376
2026-06-13 19:00:00,0.08558,0.08582,0.08547,0.08551,144772.9896
2026-06-13 20:00:00,0.08556,0.0856,0.0852,0.0855,90991.6678
2026-06-13 21:00:00,0.08551,0.08629,0.08534,0.086,115775.0649
2026-06-13 22:00:00,0.08599,0.08599,0.08541,0.08542,95770.5975
2026-06-13 23:00:00,0.08543,0.08563,0.08508,0.08523,114820.7153
2026-06-14 00:00:00,0.08524,0.08525,0.08408,0.0844,430668.8835
2026-06-14 01:00:00,0.08442,0.0847,0.08426,0.0844,231323.2548
2026-06-14 02:00:00,0.08439,0.08466,0.08413,0.08417,30445.9893
2026-06-14 03:00:00,0.08413,0.08437,0.08401,0.08429,73879.6163
2026-06-14 04:00:00,0.08432,0.08432,0.08339,0.08364,228443.7741
2026-06-14 05:00:00,0.08367,0.08397,0.08336,0.08378,209945.8019
2026-06-14 06:00:00,0.08384,0.08419,0.08354,0.08358,144025.0926
2026-06-14 07:00:00,0.08365,0.08365,0.08327,0.08352,315313.3233
2026-06-14 08:00:00,0.08351,0.0838,0.08331,0.08341,112565.4637
2026-06-14 09:00:00,0.08339,0.0836,0.08294,0.08347,442560.2077
2026-06-14 10:00:00,0.08349,0.08365,0.08322,0.08322,218607.9547
2026-06-14 11:00:00,0.0832,0.08358,0.08301,0.08349,221744.1422
2026-06-14 12:00:00,0.08347,0.08356,0.08286,0.08286,463922.259
2026-06-14 13:00:00,0.08291,0.08328,0.0827,0.083,166608.9283
2026-06-14 14:00:00,0.08304,0.08305,0.08184,0.08242,209522.4899
2026-06-14 15:00:00,0.08239,0.08268,0.08235,0.08241,81488.9974
2026-06-14 16:00:00,0.08237,0.08237,0.08192,0.082,191243.8879
2026-06-14 17:00:00,0.08193,0.08233,0.08165,0.08178,161287.6584
2026-06-14 18:00:00,0.0818,0.08206,0.0817,0.08204,69011.756
2026-06-14 19:00:00,0.08202,0.08345,0.08197,0.08245,1217264.3221
2026-06-14 20:00:00,0.08243,0.08294,0.08232,0.08262,76137.0756
2026-06-14 21:00:00,0.08266,0.08606,0.08261,0.08545,814348.3156
2026-06-14 22:00:00,0.08555,0.08587,0.08486,0.08509,349566.0868
2026-06-14 23:00:00,0.08511,0.08588,0.08471,0.0858,378567.03
2026-06-15 00:00:00,0.08588,0.08632,0.08518,0.08556,333011.145
2026-06-15 01:00:00,0.08553,0.0856,0.08492,0.08519,164340.6049
2026-06-15 02:00:00,0.08505,0.08588,0.08501,0.0855,150813.3401
2026-06-15 03:00:00,0.0855,0.08634,0.08548,0.0861,177310.5983
2026-06-15 04:00:00,0.08606,0.08618,0.08551,0.08577,97919.2911
2026-06-15 05:00:00,0.08574,0.08683,0.08574,0.08681,353839.8479
2026-06-15 06:00:00,0.08681,0.08711,0.08639,0.08676,539923.8179
2026-06-15 07:00:00,0.08671,0.08716,0.08633,0.08634,482507.8818
2026-06-15 08:00:00,0.08646,0.08716,0.08633,0.08655,570802.714
2026-06-15 09:00:00,0.08656,0.08693,0.08628,0.0867,203949.1201
2026-06-15 10:00:00,0.08667,0.0877,0.08652,0.08751,519918.064
2026-06-15 11:00:00,0.08751,0.08852,0.08691,0.08806,2854230.8621
2026-06-15 12:00:00,0.08809,0.08859,0.08771,0.0884,380281.5153
2026-06-15 13:00:00,0.08834,0.08976,0.0883,0.08954,655334.1183
2026-06-15 14:00:00,0.0896,0.08967,0.08887,0.08923,660591.443
2026-06-15 15:00:00,0.08908,0.08962,0.0879,0.08955,386182.792
2026-06-15 16:00:00,0.08958,0.08991,0.08918,0.08924,292857.6596
2026-06-15 17:00:00,0.0892,0.08935,0.08843,0.08902,520280.3126
2026-06-15 18:00:00,0.08896,0.08918,0.08822,0.08824,307937.8769
2026-06-15 19:00:00,0.08821,0.08862,0.08685,0.08732,599780.032
2026-06-15 20:00:00,0.08728,0.08747,0.08685,0.08694,140998.3426
2026-06-15 21:00:00,0.087,0.08725,0.08672,0.08691,239008.5564
2026-06-15 22:00:00,0.08694,0.08724,0.08545,0.08579,726710.353
2026-06-15 23:00:00,0.08578,0.08637,0.08543,0.08628,248609.4313
2026-06-16 00:00:00,0.08631,0.08671,0.08595,0.08617,288090.1378
2026-06-16 01:00:00,0.08621,0.08663,0.08612,0.08614,228060.1349
2026-06-16 02:00:00,0.08609,0.08621,0.08475,0.0852,537591.1931
2026-06-16 03:00:00,0.08523,0.08626,0.08508,0.08625,227135.9843
2026-06-16 04:00:00,0.08622,0.08645,0.0853,0.08549,120152.2198
2026-06-16 05:00:00,0.08543,0.08603,0.08542,0.08584,334512.7144
2026-06-16 06:00:00,0.08588,0.08643,0.08586,0.08633,223418.1485
2026-06-16 07:00:00,0.0863,0.08664,0.08594,0.08648,142008.6809
2026-06-16 08:00:00,0.08645,0.08782,0.08632,0.08767,358010.9099
2026-06-16 09:00:00,0.08767,0.088,0.08668,0.0867,311050.5475
2026-06-16 10:00:00,0.08675,0.08703,0.08655,0.08665,139075.4074
2026-06-16 11:00:00,0.08663,0.08685,0.08609,0.08675,418306.8833
2026-06-16 12:00:00,0.08679,0.08764,0.08649,0.08706,158099.3284
2026-06-16 13:00:00,0.08718,0.08724,0.08556,0.08587,447681.5702
2026-06-16 14:00:00,0.08588,0.08609,0.08366,0.08413,715403.6114
2026-06-16 15:00:00,0.08401,0.08495,0.08399,0.08472,208716.5621
2026-06-16 16:00:00,0.0847,0.08493,0.08427,0.08449,262340.1615
2026-06-16 17:00:00,0.0845,0.08546,0.08442,0.08546,182811.506
2026-06-16 18:00:00,0.08549,0.08666,0.08548,0.086,711667.0726
2026-06-16 19:00:00,0.08588,0.08588,0.08507,0.08532,594881.2358
2026-06-16 20:00:00,0.08527,0.08645,0.08517,0.0862,147496.9996
2026-06-16 21:00:00,0.08627,0.08635,0.08558,0.08585,190400.2313
2026-06-16 22:00:00,0.0858,0.0862,0.08562,0.08588,224098.2935
2026-06-16 23:00:00,0.08588,0.08603,0.0855,0.08563,240404.2686
2026-06-17 00:00:00,0.08564,0.08649,0.08564,0.08632,244201.9163
2026-06-17 01:00:00,0.08633,0.08849,0.08591,0.0884,851806.7425
2026-06-17 02:00:00,0.08838,0.08985,0.08829,0.08916,397695.3988
2026-06-17 03:00:00,0.08916,0.08919,0.08773,0.08869,338926.194
2026-06-17 04:00:00,0.08885,0.08919,0.0883,0.08843,246473.4752
2026-06-17 05:00:00,0.08851,0.08893,0.08785,0.08805,176552.625
2026-06-17 06:00:00,0.08813,0.0884,0.08746,0.08756,186473.1584
2026-06-17 07:00:00,0.08761,0.0884,0.08721,0.08768,464601.816
2026-06-17 08:00:00,0.08772,0.0878,0.08623,0.08657,305766.6096
2026-06-17 09:00:00,0.08656,0.08682,0.08616,0.08658,371990.0919
2026-06-17 10:00:00,0.0866,0.08687,0.08608,0.08613,75804.8898
2026-06-17 11:00:00,0.08619,0.0863,0.08553,0.08577,162136.9156
2026-06-17 12:00:00,0.08573,0.08642,0.08521,0.0864,263100.8625
2026-06-17 13:00:00,0.08633,0.08687,0.08596,0.08623,552809.9321
2026-06-17 14:00:00,0.08614,0.08665,0.08539,0.08619,466604.9883
2026-06-17 15:00:00,0.08619,0.08829,0.08596,0.08829,304637.9117
2026-06-17 16:00:00,0.0883,0.08909,0.08778,0.08778,703644.9469
2026-06-17 17:00:00,0.08781,0.08834,0.0873,0.08828,388959.3699
2026-06-17 18:00:00,0.08829,0.08829,0.08533,0.08734,1080689.9675
2026-06-17 19:00:00,0.08739,0.0876,0.08421,0.08463,1158308.3017
2026-06-17 20:00:00,0.08465,0.08599,0.08441,0.08589,584282.7632
2026-06-17 21:00:00,0.08591,0.08599,0.08471,0.08528,278579.9502
2026-06-17 22:00:00,0.08529,0.08581,0.08397,0.08544,275589.4976
2026-06-17 23:00:00,0.08552,0.08612,0.08545,0.0857,333430.0795
2026-06-18 00:00:00,0.08572,0.08669,0.08569,0.08629,274487.6689
2026-06-18 01:00:00,0.08628,0.08763,0.08627,0.0872,247305.6357
2026-06-18 02:00:00,0.08731,0.08777,0.0868,0.08727,216473.0339
2026-06-18 03:00:00,0.08724,0.08724,0.08561,0.08572,297051.5767
2026-06-18 04:00:00,0.08575,0.08583,0.08419,0.08424,342382.6268
2026-06-18 05:00:00,0.08426,0.08431,0.0836,0.08427,386618.907
2026-06-18 06:00:00,0.08421,0.08452,0.08386,0.08442,285806.6683
2026-06-18 07:00:00,0.08445,0.08524,0.08413,0.08509,366344.581
2026-06-18 08:00:00,0.08504,0.08555,0.0849,0.08516,146833.8862
2026-06-18 09:00:00,0.08515,0.08595,0.08506,0.08558,71514.7379
2026-06-18 10:00:00,0.08549,0.08549,0.08453,0.08477,278879.2873
2026-06-18 11:00:00,0.08484,0.08502,0.08405,0.08423,256488.4048
2026-06-18 12:00:00,0.0843,0.08527,0.08416,0.08524,170934.1406
2026-06-18 13:00:00,0.08526,0.08564,0.08373,0.08452,776948.1844
2026-06-18 14:00:00,0.08456,0.08568,0.08428,0.08531,590421.9991
2026-06-18 15:00:00,0.0853,0.0853,0.08125,0.08157,1730170.9546
2026-06-18 16:00:00,0.0815,0.08262,0.0814,0.08251,552372.2557
2026-06-18 17:00:00,0.08257,0.08257,0.08149,0.08209,533900.2397
2026-06-18 18:00:00,0.08208,0.08282,0.08191,0.0825,445255.9806
2026-06-18 19:00:00,0.08244,0.08372,0.08228,0.08354,210555.6597
2026-06-18 20:00:00,0.08366,0.0851,0.08366,0.08486,387551.5888
2026-06-18 21:00:00,0.08484,0.08489,0.08422,0.08453,197390.617
2026-06-18 22:00:00,0.08452,0.0849,0.08429,0.08481,135048.0941
2026-06-18 23:00:00,0.0847,0.08545,0.08443,0.08534,247298.2672
2026-06-19 00:00:00,0.08531,0.08575,0.08508,0.08564,192884.5461
2026-06-19 01:00:00,0.08576,0.0862,0.08533,0.08616,325016.9944
2026-06-19 02:00:00,0.08619,0.08654,0.08568,0.08647,99695.9383
2026-06-19 03:00:00,0.08644,0.08669,0.08424,0.08478,582077.6789
2026-06-19 04:00:00,0.08478,0.08489,0.0829,0.0831,207779.1003
2026-06-19 05:00:00,0.08308,0.08373,0.08298,0.08343,93838.6659
2026-06-19 06:00:00,0.08351,0.08372,0.08304,0.08354,137179.8682
2026-06-19 07:00:00,0.08349,0.0835,0.08238,0.08289,262975.9976
2026-06-19 08:00:00,0.08291,0.08395,0.08291,0.0835,168237.8242
2026-06-19 09:00:00,0.08359,0.08368,0.08255,0.08266,223272.2631
2026-06-19 10:00:00,0.08267,0.08275,0.08211,0.08239,165655.0036
2026-06-19 11:00:00,0.08242,0.08281,0.08228,0.08261,386258.9495
2026-06-19 12:00:00,0.08263,0.08376,0.08234,0.08375,559485.9509
2026-06-19 13:00:00,0.08376,0.08518,0.08325,0.08493,256961.885
2026-06-19 14:00:00,0.08489,0.08538,0.08432,0.08446,269173.6865
2026-06-19 15:00:00,0.0844,0.08492,0.08417,0.08454,230365.8112
2026-06-19 16:00:00,0.08453,0.08502,0.08386,0.08401,244982.1275
2026-06-19 17:00:00,0.08403,0.08504,0.0839,0.08473,91165.8594
2026-06-19 18:00:00,0.08467,0.08467,0.08365,0.08388,236394.2454
2026-06-19 19:00:00,0.0837,0.08384,0.08297,0.0831,131528.1874
2026-06-19 20:00:00,0.08308,0.08381,0.0829,0.08378,146232.6702
2026-06-19 21:00:00,0.08369,0.08389,0.083,0.08314,83880.032
2026-06-19 22:00:00,0.08311,0.08367,0.083,0.08354,108826.0546
2026-06-19 23:00:00,0.08352,0.08409,0.08328,0.08388,75753.1815
2026-06-20 00:00:00,0.08392,0.08464,0.08369,0.08369,238501.8965
2026-06-20 01:00:00,0.08371,0.08385,0.08335,0.08345,156271.3976
2026-06-20 02:00:00,0.08345,0.08356,0.0828,0.0828,116580.2038
2026-06-20 03:00:00,0.08277,0.08316,0.08265,0.08303,67328.0912
2026-06-20 04:00:00,0.08309,0.08356,0.08294,0.08349,89177.3929
2026-06-20 05:00:00,0.08355,0.08479,0.08347,0.08411,314033.5291
2026-06-20 06:00:00,0.08407,0.08454,0.08402,0.08432,118671.4411
2026-06-20 07:00:00,0.08421,0.08465,0.08395,0.08418,274684.0439
2026-06-20 08:00:00,0.08424,0.08454,0.08395,0.08416,168860.6392
2026-06-20 09:00:00,0.0843,0.08458,0.08419,0.08447,90440.8774
2026-06-20 10:00:00,0.08457,0.08471,0.08403,0.08405,44862.2245
2026-06-20 11:00:00,0.08428,0.08434,0.08379,0.08379,152909.361
2026-06-20 12:00:00,0.08379,0.08401,0.0833,0.08344,167619.2979
2026-06-20 13:00:00,0.08338,0.08338,0.08244,0.08284,206005.5052
2026-06-20 14:00:00,0.08272,0.0841,0.08187,0.08344,625199.4301
2026-06-20 15:00:00,0.08346,0.08448,0.08322,0.08391,344077.3421
2026-06-20 16:00:00,0.08398,0.08398,0.08313,0.08358,69482.853
2026-06-20 17:00:00,0.0835,0.0835,0.08252,0.08302,105365.69
2026-06-20 18:00:00,0.08305,0.08331,0.08293,0.08304,53687.1489
2026-06-20 19:00:00,0.08302,0.08324,0.08285,0.08311,70055.4571
2026-06-20 20:00:00,0.0832,0.08333,0.08302,0.08318,13530.1474
2026-06-20 21:00:00,0.08319,0.08371,0.08319,0.08356,64798.8892
2026-06-20 22:00:00,0.08346,0.08489,0.08339,0.08476,523369.8475
2026-06-20 23:00:00,0.08471,0.08511,0.08456,0.08456,275409.5634
2026-06-21 00:00:00,0.08463,0.08463,0.08404,0.08434,151831.3229
2026-06-21 01:00:00,0.08435,0.08442,0.08399,0.08408,44823.7101
2026-06-21 02:00:00,0.08408,0.08412,0.08379,0.08391,16063.8536
2026-06-21 03:00:00,0.08386,0.08438,0.0837,0.08383,181842.8798
2026-06-21 04:00:00,0.08387,0.08389,0.08328,0.08328,52035.3346
2026-06-21 05:00:00,0.08325,0.08344,0.08295,0.08309,343615.3865
2026-06-21 06:00:00,0.08309,0.08359,0.08304,0.08341,264666.4196
2026-06-21 07:00:00,0.08335,0.08391,0.08322,0.08353,157228.1012
2026-06-21 08:00:00,0.08355,0.08368,0.08282,0.08358,193301.0853
2026-06-21 09:00:00,0.08359,0.08445,0.08331,0.08444,219764.7861
2026-06-21 10:00:00,0.08446,0.08484,0.08406,0.08416,268885.6866
2026-06-21 11:00:00,0.08413,0.08431,0.08347,0.08366,103034.5846
2026-06-21 12:00:00,0.08369,0.08387,0.08327,0.0838,212148.1679
2026-06-21 13:00:00,0.0838,0.08432,0.08368,0.08406,123126.604
2026-06-21 14:00:00,0.08417,0.0843,0.08367,0.08405,36539.8362
2026-06-21 15:00:00,0.08413,0.08464,0.08409,0.08438,141578.2618
2026-06-21 16:00:00,0.0844,0.08446,0.08354,0.084,118086.2169
2026-06-21 17:00:00,0.08409,0.08432,0.08362,0.08365,210478.7129
2026-06-21 18:00:00,0.08363,0.0841,0.08323,0.0839,122705.5627
2026-06-21 19:00:00,0.08391,0.08406,0.08368,0.08368,29760.3659
2026-06-21 20:00:00,0.08367,0.08381,0.0828,0.08293,192336.369
2026-06-21 21:00:00,0.08294,0.08299,0.08164,0.08238,321085.221
2026-06-21 22:00:00,0.08225,0.08259,0.08197,0.0824,102099.4113
2026-06-21 23:00:00,0.08237,0.08244,0.08175,0.08191,364082.8225
2026-06-22 00:00:00,0.08183,0.0834,0.08183,0.08331,254021.2599
2026-06-22 01:00:00,0.08329,0.08526,0.08313,0.08466,583445.4179
2026-06-22 02:00:00,0.0847,0.0847,0.0839,0.0839,84876.85
2026-06-22 03:00:00,0.08388,0.08404,0.08307,0.08312,240920.7174
2026-06-22 04:00:00,0.08316,0.08363,0.08292,0.08358,240746.5066
2026-06-22 05:00:00,0.08353,0.08409,0.08351,0.08392,293726.2001
2026-06-22 06:00:00,0.08392,0.08431,0.08374,0.08415,280423.0414
2026-06-22 07:00:00,0.08418,0.08529,0.08417,0.08506,307335.3368
2026-06-22 08:00:00,0.08514,0.08545,0.08482,0.08528,179011.3732
2026-06-22 09:00:00,0.08529,0.08562,0.08518,0.08527,81150.0051
2026-06-22 10:00:00,0.08531,0.08574,0.08481,0.08511,221718.0252
2026-06-22 11:00:00,0.08518,0.0865,0.08506,0.08617,406373.7311
2026-06-22 12:00:00,0.0862,0.0865,0.08582,0.08619,209305.4733
2026-06-22 13:00:00,0.0861,0.08696,0.0858,0.08679,296227.2709
2026-06-22 14:00:00,0.08684,0.08687,0.08498,0.08563,633228.0381
2026-06-22 15:00:00,0.0856,0.0859,0.0845,0.08463,346533.7509
2026-06-22 16:00:00,0.08466,0.08519,0.08433,0.0851,287876.3731
2026-06-22 17:00:00,0.08503,0.08506,0.08416,0.08485,210562.6225
2026-06-22 18:00:00,0.08477,0.08507,0.08377,0.08392,208648.1121
2026-06-22 19:00:00,0.08399,0.08403,0.08339,0.08363,321287.662
2026-06-22 20:00:00,0.08359,0.08413,0.08359,0.08398,139976.4526
2026-06-22 21:00:00,0.08406,0.08406,0.08315,0.08359,72364.889
2026-06-22 22:00:00,0.0836,0.08384,0.08247,0.08297,334195.4132
2026-06-22 23:00:00,0.08291,0.08331,0.08276,0.08326,119877.4998
2026-06-23 00:00:00,0.08313,0.08323,0.08259,0.08317,183600.9065
2026-06-23 01:00:00,0.08317,0.08342,0.08241,0.08301,137682.143
2026-06-23 02:00:00,0.08301,0.08305,0.0826,0.08289,204491.6162
2026-06-23 03:00:00,0.08284,0.08284,0.08238,0.08278,139170.8427
2026-06-23 04:00:00,0.08282,0.08287,0.082,0.08212,163061.0942
2026-06-23 05:00:00,0.08204,0.08221,0.08145,0.08171,271000.9345
2026-06-23 06:00:00,0.08174,0.08175,0.07918,0.07984,709470.0477
2026-06-23 07:00:00,0.07983,0.08018,0.07955,0.07955,213752.1405
2026-06-23 08:00:00,0.07951,0.07951,0.0767,0.07739,1198783.0736
2026-06-23 09:00:00,0.07744,0.07803,0.07717,0.0777,570226.3172
2026-06-23 10:00:00,0.07782,0.07818,0.07753,0.07775,571799.6774
2026-06-23 11:00:00,0.07776,0.07905,0.07776,0.07905,483880.8582
2026-06-23 12:00:00,0.07899,0.07919,0.07861,0.0788,414733.9705
2026-06-23 13:00:00,0.07876,0.08,0.07853,0.07978,675655.8456
2026-06-23 14:00:00,0.07984,0.08055,0.07919,0.07919,456866.4514
2026-06-23 15:00:00,0.07918,0.07919,0.07807,0.07859,491983.9032
2026-06-23 16:00:00,0.07857,0.07921,0.07834,0.07842,233323.7534
2026-06-23 17:00:00,0.07854,0.07896,0.07815,0.07818,151599.6066
2026-06-23 18:00:00,0.07826,0.07866,0.07795,0.07825,382457.1317
2026-06-23 19:00:00,0.07822,0.07872,0.07822,0.07866,185813.8949
2026-06-23 20:00:00,0.07864,0.07919,0.07863,0.0789,229896.6596
2026-06-23 21:00:00,0.07897,0.0793,0.07897,0.07903,83967.002
2026-06-23 22:00:00,0.07904,0.07955,0.07897,0.07922,90531.8641
2026-06-23 23:00:00,0.07909,0.07924,0.07885,0.07911,69288.6733
2026-06-24 00:00:00,0.07912,0.07944,0.07904,0.07906,193865.3036
2026-06-24 01:00:00,0.07911,0.07934,0.0786,0.07871,358773.8501
2026-06-24 02:00:00,0.07869,0.07877,0.07814,0.07814,337411.5126
2026-06-24 03:00:00,0.07813,0.07837,0.07778,0.0781,205309.2064
2026-06-24 04:00:00,0.07811,0.07843,0.0774,0.07839,159435.6755
2026-06-24 05:00:00,0.07831,0.07886,0.07831,0.07874,168743.6542
2026-06-24 06:00:00,0.07876,0.07876,0.07838,0.07862,82000.0388
2026-06-24 07:00:00,0.0786,0.07866,0.07829,0.07834,149222.193
2026-06-24 08:00:00,0.07836,0.07859,0.07826,0.07854,68757.2555
2026-06-24 09:00:00,0.07851,0.07865,0.0782,0.07844,104830.7288
2026-06-24 10:00:00,0.07839,0.07843,0.07784,0.07794,168597.6519
2026-06-24 11:00:00,0.07789,0.07905,0.07738,0.07864,340651.6348
2026-06-24 12:00:00,0.07853,0.07873,0.07818,0.07818,501941.4095
2026-06-24 13:00:00,0.07824,0.07824,0.07624,0.0769,1313152.944
2026-06-24 14:00:00,0.07697,0.07742,0.07645,0.07729,1192841.2556
2026-06-24 15:00:00,0.07727,0.07728,0.07529,0.0755,500135.7601
2026-06-24 16:00:00,0.07544,0.07644,0.07297,0.07387,2310845.3378
2026-06-24 17:00:00,0.07388,0.0744,0.07275,0.07322,1608356.3442
2026-06-24 18:00:00,0.07318,0.07453,0.07278,0.07373,969873.472
2026-06-24 19:00:00,0.07374,0.0745,0.07354,0.07445,952916.2376
2026-06-24 20:00:00,0.07451,0.07643,0.07434,0.07618,862774.1145
2026-06-24 21:00:00,0.07621,0.07645,0.07575,0.07643,133228.115
2026-06-24 22:00:00,0.0765,0.07695,0.07596,0.076,131072.1299
2026-06-24 23:00:00,0.07598,0.07615,0.07577,0.07606,128043.9495
2026-06-25 00:00:00,0.0761,0.07645,0.07588,0.07604,285720.7104
2026-06-25 01:00:00,0.07611,0.07698,0.076,0.07603,489225.8366
2026-06-25 02:00:00,0.07604,0.07622,0.07586,0.07595,262716.5015
2026-06-25 03:00:00,0.07599,0.07607,0.07546,0.07561,224331.8886
2026-06-25 04:00:00,0.07562,0.07674,0.07548,0.07641,761472.3368
2026-06-25 05:00:00,0.07641,0.07749,0.07641,0.07707,788938.8247
2026-06-25 06:00:00,0.07706,0.07735,0.07696,0.07697,189124.712
2026-06-25 07:00:00,0.07708,0.07728,0.07686,0.07728,237877.789
2026-06-25 08:00:00,0.07735,0.07737,0.07698,0.07705,89915.3562
2026-06-25 09:00:00,0.07707,0.07707,0.0768,0.0769,144035.8941
2026-06-25 10:00:00,0.07688,0.07691,0.07625,0.07629,289762.6659
2026-06-25 11:00:00,0.07625,0.07641,0.07596,0.07603,169782.4602
2026-06-25 12:00:00,0.07604,0.07696,0.07547,0.07607,422426.6544
2026-06-25 13:00:00,0.07611,0.07671,0.07045,0.07078,3694050.7396
2026-06-25 14:00:00,0.07093,0.07461,0.07093,0.0732,2685386.4285
2026-06-25 15:00:00,0.0732,0.07339,0.0722,0.07336,1308986.242
2026-06-25 16:00:00,0.07334,0.07413,0.07237,0.07245,425524.1061
2026-06-25 17:00:00,0.07246,0.07376,0.07238,0.07376,1005758.3734
2026-06-25 18:00:00,0.07377,0.07392,0.07256,0.07278,788725.8878
2026-06-25 19:00:00,0.07281,0.07282,0.07195,0.07223,736373.1909
2026-06-25 20:00:00,0.07229,0.07293,0.07209,0.07224,271699.4107
2026-06-25 21:00:00,0.07223,0.07369,0.07223,0.07364,152714.9982
2026-06-25 22:00:00,0.07365,0.07373,0.0731,0.07325,237428.4897
2026-06-25 23:00:00,0.0732,0.07374,0.073,0.07326,96104.8821
2026-06-26 00:00:00,0.0733,0.07354,0.07322,0.07322,145939.3481
2026-06-26 01:00:00,0.07324,0.07331,0.07241,0.07257,194238.5183
2026-06-26 02:00:00,0.07264,0.07265,0.07077,0.07107,1359801.006
2026-06-26 03:00:00,0.07104,0.07304,0.07056,0.0729,1546332.2195
2026-06-26 04:00:00,0.07285,0.07302,0.07233,0.07238,380865.8193
2026-06-26 05:00:00,0.0724,0.07306,0.07222,0.07286,234177.9311
2026-06-26 06:00:00,0.07267,0.074,0.07234,0.07381,667149.4221
2026-06-26 07:00:00,0.07382,0.07429,0.07374,0.07414,983700.8552
2026-06-26 08:00:00,0.07416,0.07421,0.07296,0.0731,598997.2663
2026-06-26 09:00:00,0.07298,0.07298,0.07205,0.0721,381811.0696
2026-06-26 10:00:00,0.07206,0.07237,0.0718,0.0718,211605.7535
2026-06-26 11:00:00,0.07189,0.07229,0.07128,0.0715,296012.6012
2026-06-26 12:00:00,0.0715,0.07236,0.07109,0.07158,614512.0156
2026-06-26 13:00:00,0.0716,0.07301,0.07064,0.07296,1093602.4356
2026-06-26 14:00:00,0.07294,0.07322,0.07218,0.07254,617404.1927
2026-06-26 15:00:00,0.07242,0.07383,0.07229,0.0734,866474.4866
2026-06-26 16:00:00,0.07347,0.07435,0.07309,0.07387,1119661.1988
2026-06-26 17:00:00,0.07383,0.0747,0.0738,0.07431,826525.2746
2026-06-26 18:00:00,0.0743,0.07509,0.07368,0.07379,828212.5456
2026-06-26 19:00:00,0.07377,0.07467,0.07366,0.07395,679371.6695
2026-06-26 20:00:00,0.07397,0.075,0.07376,0.07392,612413.1979
2026-06-26 21:00:00,0.07388,0.07428,0.07357,0.07393,159612.824
2026-06-26 22:00:00,0.07394,0.07425,0.07364,0.07425,185054.4383
2026-06-26 23:00:00,0.07428,0.07447,0.07406,0.07436,217615.2493
2026-06-27 00:00:00,0.07439,0.07485,0.07404,0.07463,428873.3422
2026-06-27 01:00:00,0.07464,0.07466,0.07442,0.07451,174073.3938
2026-06-27 02:00:00,0.07457,0.07554,0.07457,0.07542,405412.4994
2026-06-27 03:00:00,0.0754,0.07543,0.07505,0.07536,135889.2778
2026-06-27 04:00:00,0.07539,0.07564,0.07486,0.07489,311901.7346
2026-06-27 05:00:00,0.0749,0.07504,0.07456,0.07503,270326.4144
2026-06-27 06:00:00,0.07502,0.07547,0.07464,0.07501,424300.4557
2026-06-27 07:00:00,0.075,0.07523,0.07488,0.07507,311738.5592
2026-06-27 08:00:00,0.07507,0.07507,0.07452,0.07472,180384.5724
2026-06-27 09:00:00,0.07458,0.07472,0.07425,0.07439,203187.5171
2026-06-27 10:00:00,0.07443,0.07446,0.07416,0.07439,281328.749
2026-06-27 11:00:00,0.07444,0.07561,0.07401,0.07442,1065622.5001
2026-06-27 12:00:00,0.07443,0.07546,0.07443,0.0751,769904.3628
2026-06-27 13:00:00,0.07511,0.07568,0.07511,0.07558,148234.1576
2026-06-27 14:00:00,0.07559,0.0758,0.07481,0.07526,873987.8243
2026-06-27 15:00:00,0.07531,0.07578,0.07517,0.07573,486876.2494
2026-06-27 16:00:00,0.0757,0.07588,0.07541,0.07549,296806.7266
2026-06-27 17:00:00,0.07551,0.07553,0.07465,0.07469,505550.617
2026-06-27 18:00:00,0.07467,0.07467,0.07422,0.07451,159780.3825
2026-06-27 19:00:00,0.0745,0.07549,0.07351,0.0739,1196348.1667
2026-06-27 20:00:00,0.07396,0.07416,0.07381,0.07399,216195.0854
2026-06-27 21:00:00,0.07403,0.07437,0.0733,0.0735,311443.7084
2026-06-27 22:00:00,0.07336,0.07381,0.07288,0.07379,266344.1442
2026-06-27 23:00:00,0.07377,0.07383,0.07333,0.0734,112798.125
2026-06-28 00:00:00,0.0734,0.07376,0.07339,0.07359,227436.5847
2026-06-28 01:00:00,0.07358,0.07366,0.07338,0.07363,236775.0587
2026-06-28 02:00:00,0.07363,0.07389,0.07338,0.07358,99318.9196
2026-06-28 03:00:00,0.07362,0.07397,0.07362,0.07391,109840.0478
2026-06-28 04:00:00,0.07399,0.07403,0.07382,0.07389,70149.2752
2026-06-28 05:00:00,0.07374,0.07377,0.0732,0.07352,194551.0046
2026-06-28 06:00:00,0.07357,0.07357,0.073,0.07316,180010.6351
2026-06-28 07:00:00,0.07328,0.07377,0.07328,0.07358,185671.746
2026-06-28 08:00:00,0.07363,0.07442,0.07355,0.07411,218126.9098
2026-06-28 09:00:00,0.07409,0.07437,0.07376,0.07376,107963.2224
2026-06-28 10:00:00,0.07381,0.07411,0.07363,0.0741,225980.8181
2026-06-28 11:00:00,0.07411,0.07454,0.07403,0.07452,111873.9103
2026-06-28 12:00:00,0.07453,0.07461,0.07398,0.0742,758544.8815
2026-06-28 13:00:00,0.07417,0.07417,0.07374,0.07377,149644.6462
2026-06-28 14:00:00,0.07377,0.07438,0.07371,0.07397,175577.8725
2026-06-28 15:00:00,0.074,0.07441,0.07374,0.07396,497725.9372
2026-06-28 16:00:00,0.07402,0.07402,0.07325,0.0735,284104.3535
2026-06-28 17:00:00,0.07353,0.07374,0.07283,0.07336,337765.6209
2026-06-28 18:00:00,0.07328,0.07343,0.07308,0.07339,76847.0401
2026-06-28 19:00:00,0.07339,0.07357,0.07273,0.07314,153367.2967
2026-06-28 20:00:00,0.07304,0.07372,0.07304,0.07337,174557.4822
2026-06-28 21:00:00,0.07338,0.07338,0.07248,0.07291,296826.1969
2026-06-28 22:00:00,0.07289,0.07381,0.07238,0.07275,312124.6816
2026-06-28 23:00:00,0.0727,0.07422,0.07264,0.07399,361836.1234
2026-06-29 00:00:00,0.07391,0.07428,0.07306,0.07424,532000.8731
2026-06-29 01:00:00,0.07423,0.07428,0.07368,0.07407,183855.9765
2026-06-29 02:00:00,0.07405,0.07498,0.0732,0.07481,537855.1994
2026-06-29 03:00:00,0.07491,0.07616,0.0749,0.07564,3172368.7861
2026-06-29 04:00:00,0.07569,0.0761,0.07486,0.07492,1209783.4527
2026-06-29 05:00:00,0.07493,0.07574,0.07434,0.07525,793660.9188
2026-06-29 06:00:00,0.07532,0.07593,0.0752,0.07557,392930.8208
2026-06-29 07:00:00,0.07558,0.07592,0.07528,0.07573,205191.5226
2026-06-29 08:00:00,0.07575,0.07601,0.07528,0.07536,428020.5355
2026-06-29 09:00:00,0.0753,0.07571,0.07518,0.07571,322115.7405
2026-06-29 10:00:00,0.07574,0.07676,0.07574,0.07621,452073.0794
2026-06-29 11:00:00,0.07634,0.0765,0.07569,0.07593,636161.1066
2026-06-29 12:00:00,0.076,0.0773,0.07539,0.0759,986173.5159
2026-06-29 13:00:00,0.07595,0.07648,0.07483,0.07533,304418.0409
2026-06-29 14:00:00,0.07522,0.07556,0.07454,0.07547,646097.7652
2026-06-29 15:00:00,0.07544,0.0761,0.07471,0.07605,293959.5249
2026-06-29 16:00:00,0.0761,0.0764,0.0757,0.07621,272321.6932
2026-06-29 17:00:00,0.0762,0.07795,0.0762,0.07738,1085236.6581
2026-06-29 18:00:00,0.07737,0.07819,0.07677,0.07693,409925.809
2026-06-29 19:00:00,0.07694,0.07832,0.07678,0.07726,660375.1499
2026-06-29 20:00:00,0.0773,0.07776,0.07693,0.07693,290510.8358
2026-06-29 21:00:00,0.07695,0.07716,0.0767,0.07703,117003.2283
2026-06-29 22:00:00,0.07704,0.0772,0.07676,0.07676,111357.3483
2026-06-29 23:00:00,0.07677,0.07692,0.07657,0.0768,120255.0172
2026-06-30 00:00:00,0.07666,0.07679,0.07574,0.07609,279411.5363
2026-06-30 01:00:00,0.07611,0.07642,0.07582,0.07613,226280.5826
2026-06-30 02:00:00,0.07612,0.07659,0.0757,0.07638,400816.0998
2026-06-30 03:00:00,0.07643,0.07643,0.07593,0.07593,260372.5178
2026-06-30 04:00:00,0.07595,0.07617,0.07568,0.07599,211435.9747
2026-06-30 05:00:00,0.07598,0.07598,0.07558,0.07588,190530.3605
2026-06-30 06:00:00,0.07586,0.0769,0.07568,0.07613,396229.221
2026-06-30 07:00:00,0.07607,0.0761,0.07525,0.07534,166730.9281
2026-06-30 08:00:00,0.07527,0.0753,0.0743,0.07461,621842.2654
2026-06-30 09:00:00,0.0746,0.07475,0.07438,0.07469,765847.3594
2026-06-30 10:00:00,0.0747,0.07501,0.07464,0.07485,179950.3022
2026-06-30 11:00:00,0.07479,0.07493,0.07411,0.07431,405365.6013
2026-06-30 12:00:00,0.07421,0.07428,0.07357,0.07357,832975.2894
2026-06-30 13:00:00,0.07359,0.07506,0.07355,0.07488,798379.2394
2026-06-30 14:00:00,0.07484,0.07555,0.07453,0.07454,243667.5718
2026-06-30 15:00:00,0.0745,0.0749,0.07417,0.07442,513876.6079
2026-06-30 16:00:00,0.07441,0.07557,0.07438,0.07546,482629.6202
2026-06-30 17:00:00,0.0755,0.07586,0.07533,0.07534,111754.9346
2026-06-30 18:00:00,0.07537,0.07673,0.07517,0.07647,1014470.7457
2026-06-30 19:00:00,0.07644,0.07665,0.07593,0.07608,385593.6218
2026-06-30 20:00:00,0.07605,0.07613,0.07567,0.07573,98248.0146
2026-06-30 21:00:00,0.07571,0.07623,0.07557,0.07607,120563.0414
2026-06-30 22:00:00,0.07607,0.07655,0.07595,0.07603,225546.7867
2026-06-30 23:00:00,0.07607,0.07619,0.07589,0.07609,187284.8556
2026-07-01 00:00:00,0.07608,0.07643,0.07589,0.07627,473486.1068
2026-07-01 01:00:00,0.07629,0.07709,0.07494,0.07665,1660276.4112
2026-07-01 02:00:00,0.07669,0.07749,0.07639,0.07744,542425.9536
2026-07-01 03:00:00,0.07747,0.07797,0.077,0.07748,467487.1574
2026-07-01 04:00:00,0.07753,0.0783,0.07741,0.07799,279151.1635
2026-07-01 05:00:00,0.07798,0.07807,0.07755,0.07793,168945.7463
2026-07-01 06:00:00,0.07795,0.07797,0.07661,0.07685,518256.7174
2026-07-01 07:00:00,0.07693,0.07753,0.0765,0.07734,225303.582
2026-07-01 08:00:00,0.07735,0.07787,0.07716,0.07786,416954.2053
2026-07-01 09:00:00,0.07785,0.07818,0.07718,0.07777,851127.5422
2026-07-01 10:00:00,0.07777,0.07797,0.07729,0.07758,506977.7941
2026-07-01 11:00:00,0.07748,0.07785,0.077,0.07719,185900.7462
2026-07-01 12:00:00,0.07722,0.07723,0.07625,0.0766,424370.3074
2026-07-01 13:00:00,0.07661,0.07761,0.076,0.07755,1056052.8568
2026-07-01 14:00:00,0.0775,0.07821,0.07711,0.07742,502962.2047
2026-07-01 15:00:00,0.07742,0.07873,0.07742,0.07809,851522.76
2026-07-01 16:00:00,0.07808,0.07829,0.07733,0.07736,575831.5808
2026-07-01 17:00:00,0.07735,0.07821,0.07707,0.07797,547840.6067
2026-07-01 18:00:00,0.0779,0.07853,0.07725,0.07747,1396165.229
2026-07-01 19:00:00,0.07752,0.07808,0.0772,0.07795,689272.7807
2026-07-01 20:00:00,0.07793,0.07793,0.07699,0.07754,809238.1839
2026-07-01 21:00:00,0.07755,0.07866,0.07755,0.07836,167816.4864
2026-07-01 22:00:00,0.07838,0.07936,0.07799,0.07817,518598.4579
2026-07-01 23:00:00,0.07811,0.07811,0.07668,0.07671,1097522.61
2026-07-02 00:00:00,0.07673,0.07684,0.07636,0.07677,137627.5314
2026-07-02 01:00:00,0.07679,0.07747,0.07675,0.07688,449585.0557
2026-07-02 02:00:00,0.07683,0.07723,0.07655,0.07708,102256.1516
2026-07-02 03:00:00,0.07704,0.07851,0.07689,0.07851,784144.4418
2026-07-02 04:00:00,0.07854,0.07885,0.07809,0.07835,406770.3081
2026-07-02 05:00:00,0.07831,0.07831,0.07778,0.07797,165910.0149
2026-07-02 06:00:00,0.07793,0.07801,0.07723,0.07731,271497.1201
2026-07-02 07:00:00,0.07729,0.07738,0.07641,0.07707,887188.0605
2026-07-02 08:00:00,0.07708,0.07822,0.07678,0.07771,1570464.8099
2026-07-02 09:00:00,0.07771,0.07848,0.07738,0.07789,564472.0562
2026-07-02 10:00:00,0.07788,0.07834,0.07779,0.07819,435154.5202
2026-07-02 11:00:00,0.07818,0.07837,0.07792,0.07805,355939.3808
2026-07-02 12:00:00,0.07809,0.07882,0.07795,0.07843,639952.7258
2026-07-02 13:00:00,0.07849,0.07962,0.07778,0.07901,3036442.3088
2026-07-02 14:00:00,0.07907,0.07925,0.07712,0.07747,1439250.1347
2026-07-02 15:00:00,0.07745,0.07754,0.07705,0.07724,522242.7087
2026-07-02 16:00:00,0.07725,0.07752,0.07678,0.07737,840561.914
2026-07-02 17:00:00,0.07728,0.07787,0.07723,0.07758,361033.1634
2026-07-02 18:00:00,0.07759,0.07837,0.07759,0.07823,696966.6936
2026-07-02 19:00:00,0.07825,0.07826,0.07771,0.07771,372869.9317
2026-07-02 20:00:00,0.07774,0.07802,0.07768,0.07784,258820.0321
2026-07-02 21:00:00,0.07785,0.0779,0.07732,0.07758,262895.1653
2026-07-02 22:00:00,0.07754,0.07755,0.07696,0.07725,154296.3268
2026-07-02 23:00:00,0.07719,0.07754,0.07698,0.07727,566985.7039
2026-07-03 00:00:00,0.07727,0.07737,0.07662,0.07672,174591.6471
2026-07-03 01:00:00,0.07671,0.07787,0.07671,0.0778,265416.9321
2026-07-03 02:00:00,0.0778,0.07813,0.07753,0.07786,580149.2603
2026-07-03 03:00:00,0.07782,0.07825,0.07744,0.0781,404266.3209
2026-07-03 04:00:00,0.07805,0.07811,0.07749,0.07762,529134.1611
2026-07-03 05:00:00,0.07761,0.07842,0.0775,0.07801,382831.7499
2026-07-03 06:00:00,0.07801,0.07836,0.07778,0.07804,444023.0033
2026-07-03 07:00:00,0.07804,0.07833,0.07794,0.07822,129577.5919
2026-07-03 08:00:00,0.07825,0.07892,0.07818,0.07838,203636.1082
2026-07-03 09:00:00,0.07839,0.07869,0.07818,0.07831,340785.8842
2026-07-03 10:00:00,0.0783,0.07921,0.07829,0.07909,362083.7194
2026-07-03 11:00:00,0.07905,0.07968,0.07897,0.07957,296464.6251
2026-07-03 12:00:00,0.07956,0.08031,0.07954,0.08008,521918.2404
2026-07-03 13:00:00,0.08008,0.08065,0.07992,0.07994,1003104.2109
2026-07-03 14:00:00,0.07993,0.08012,0.07903,0.07995,646461.4419
2026-07-03 15:00:00,0.08,0.08013,0.07935,0.07947,300044.2452
2026-07-03 16:00:00,0.0795,0.07984,0.07915,0.07975,327479.9248
2026-07-03 17:00:00,0.07971,0.08006,0.07968,0.08004,241307.8374
2026-07-03 18:00:00,0.08007,0.08025,0.07979,0.07995,241391.5494
2026-07-03 19:00:00,0.07991,0.08058,0.07983,0.08015,601264.8422
2026-07-03 20:00:00,0.08007,0.08116,0.07998,0.08101,596476.0859
2026-07-03 21:00:00,0.08105,0.08152,0.08064,0.08134,771975.5914
2026-07-03 22:00:00,0.08136,0.08139,0.08086,0.08104,240392.9857
2026-07-03 23:00:00,0.08105,0.08121,0.08068,0.08103,392292.4069
2026-07-04 00:00:00,0.08102,0.08137,0.08068,0.08094,179534.3074
2026-07-04 01:00:00,0.08093,0.08093,0.08008,0.08063,820552.3089
2026-07-04 02:00:00,0.08067,0.08131,0.08041,0.08113,785256.169
2026-07-04 03:00:00,0.08116,0.08134,0.0809,0.08103,167640.4866
2026-07-04 04:00:00,0.08104,0.08111,0.08054,0.08072,427808.9634
2026-07-04 05:00:00,0.08067,0.08073,0.08018,0.08027,121788.9934
2026-07-04 06:00:00,0.08025,0.0806,0.07966,0.07989,308121.6822
2026-07-04 07:00:00,0.07988,0.07989,0.07939,0.0796,587713.5241
2026-07-04 08:00:00,0.07961,0.07994,0.07944,0.07974,182512.0799
2026-07-04 09:00:00,0.07975,0.08,0.07911,0.0792,446075.3942
2026-07-04 10:00:00,0.07917,0.07949,0.07911,0.07947,155592.2949
2026-07-04 11:00:00,0.07944,0.07971,0.07917,0.07961,370979.5611
2026-07-04 12:00:00,0.07953,0.07975,0.07952,0.07962,89484.2585
2026-07-04 13:00:00,0.07964,0.08003,0.07944,0.07967,198833.0297
2026-07-04 14:00:00,0.07962,0.08027,0.07962,0.08021,445406.6764
2026-07-04 15:00:00,0.08023,0.08114,0.0801,0.081,983044.1701
2026-07-04 16:00:00,0.08097,0.08101,0.08053,0.08084,232951.1924
2026-07-04 17:00:00,0.08085,0.08214,0.0805,0.08193,584693.3981
2026-07-04 18:00:00,0.08195,0.08197,0.08105,0.08134,483144.3466
2026-07-04 19:00:00,0.08133,0.08152,0.08087,0.0812,137463.9248
2026-07-04 20:00:00,0.0812,0.08137,0.08049,0.08087,111599.7616
2026-07-04 21:00:00,0.08089,0.08158,0.08085,0.08094,342678.6181
2026-07-04 22:00:00,0.08098,0.08103,0.08053,0.08084,90364.3392
2026-07-04 23:00:00,0.08084,0.08086,0.08011,0.08036,248574.2959
2026-07-05 00:00:00,0.08037,0.08038,0.07972,0.07996,198512.9459
2026-07-05 01:00:00,0.07999,0.08017,0.07922,0.07963,273292.3359
2026-07-05 02:00:00,0.07962,0.07963,0.07846,0.07875,545395.9575
2026-07-05 03:00:00,0.07878,0.07884,0.07831,0.07842,129660.7399
2026-07-05 04:00:00,0.07841,0.0788,0.07823,0.07859,124598.2306
2026-07-05 05:00:00,0.07851,0.07861,0.07803,0.07835,157877.3974
2026-07-05 06:00:00,0.07828,0.07833,0.07804,0.07823,92550.373
2026-07-05 07:00:00,0.07819,0.07904,0.0781,0.07898,166484.0029
2026-07-05 08:00:00,0.07897,0.07903,0.07863,0.07873,226822.0464
2026-07-05 09:00:00,0.07868,0.07877,0.07761,0.07792,1514872.9803
2026-07-05 10:00:00,0.07781,0.07838,0.07746,0.07829,606622.9059
2026-07-05 11:00:00,0.07829,0.07861,0.07821,0.07857,113693.3356
2026-07-05 12:00:00,0.07857,0.07912,0.07829,0.0789,278511.0623
2026-07-05 13:00:00,0.07891,0.07897,0.07858,0.07892,97290.1351
2026-07-05 14:00:00,0.07894,0.07901,0.07862,0.07878,105684.7069
2026-07-05 15:00:00,0.07879,0.0791,0.07848,0.07876,127816.8368
2026-07-05 16:00:00,0.07872,0.07887,0.07839,0.07866,154952.5482
2026-07-05 17:00:00,0.07866,0.0794,0.07865,0.07891,147269.8689
2026-07-05 18:00:00,0.07892,0.07968,0.07887,0.07953,60746.7589
2026-07-05 19:00:00,0.07949,0.0802,0.0794,0.07947,657079.1888
2026-07-05 20:00:00,0.07944,0.0798,0.07933,0.07966,187027.3103
2026-07-05 21:00:00,0.07958,0.08068,0.07912,0.08027,311941.7762
2026-07-05 22:00:00,0.08024,0.08134,0.0801,0.08066,407049.6357
2026-07-05 23:00:00,0.08069,0.08105,0.08024,0.08049,56615.72
2026-07-06 00:00:00,0.08052,0.08083,0.0795,0.08053,315878.5353
2026-07-06 01:00:00,0.08056,0.08084,0.0801,0.08022,244079.2548
2026-07-06 02:00:00,0.08026,0.08067,0.07993,0.08037,195429.674
2026-07-06 03:00:00,0.08037,0.08045,0.07967,0.08008,161151.8425
2026-07-06 04:00:00,0.08012,0.08019,0.07959,0.07968,163795.2036
2026-07-06 05:00:00,0.07973,0.07978,0.07869,0.07909,467680.5981
2026-07-06 06:00:00,0.07911,0.07919,0.07887,0.07893,407938.0826
2026-07-06 07:00:00,0.07895,0.07916,0.0788,0.0791,128221.4149
2026-07-06 08:00:00,0.07899,0.0792,0.07855,0.07874,183742.8315
2026-07-06 09:00:00,0.0787,0.07876,0.07807,0.07833,283297.4602
2026-07-06 10:00:00,0.07829,0.07869,0.07825,0.07854,143216.0371
2026-07-06 11:00:00,0.07855,0.07864,0.07777,0.07777,198943.6508
2026-07-06 12:00:00,0.07771,0.07779,0.07602,0.07672,1159823.4687
2026-07-06 13:00:00,0.07669,0.07762,0.07629,0.07745,376907.6711
2026-07-06 14:00:00,0.07743,0.07812,0.07731,0.07766,184270.1662
2026-07-06 15:00:00,0.07771,0.0799,0.0777,0.07987,312820.2037
2026-07-06 16:00:00,0.07979,0.08046,0.07956,0.07998,408097.0249
2026-07-06 17:00:00,0.08002,0.08026,0.07959,0.07965,139661.7693
2026-07-06 18:00:00,0.07966,0.0802,0.0796,0.07982,314916.1954
2026-07-06 19:00:00,0.0798,0.08025,0.07974,0.07986,397643.9096
2026-07-06 20:00:00,0.07983,0.08009,0.07968,0.07994,145693.2917
2026-07-06 21:00:00,0.08003,0.08188,0.08002,0.08129,596097.8934
2026-07-06 22:00:00,0.08132,0.08134,0.08038,0.08044,171557.1494
2026-07-06 23:00:00,0.08048,0.0807,0.0802,0.08024,189416.6173
2026-07-07 00:00:00,0.08033,0.08068,0.08008,0.08047,230709.7089
2026-07-07 01:00:00,0.08043,0.08046,0.0795,0.07968,229925.579
2026-07-07 02:00:00,0.07972,0.07972,0.07869,0.07877,221114.37
2026-07-07 03:00:00,0.07877,0.07887,0.07812,0.07826,157686.5438
2026-07-07 04:00:00,0.07826,0.07893,0.078,0.07845,667131.384
2026-07-07 05:00:00,0.07846,0.07869,0.07765,0.07846,395255.8302
2026-07-07 06:00:00,0.07847,0.07911,0.07823,0.07886,198251.4118
2026-07-07 07:00:00,0.07885,0.07909,0.07841,0.07853,542197.6133
2026-07-07 08:00:00,0.07854,0.07887,0.07836,0.07858,904518.5179
2026-07-07 09:00:00,0.07848,0.07911,0.07847,0.07891,344383.1079
2026-07-07 10:00:00,0.07885,0.07929,0.07862,0.07862,122993.0155
2026-07-07 11:00:00,0.0786,0.07916,0.07839,0.07914,234210.9931
2026-07-07 12:00:00,0.07915,0.07956,0.07882,0.07882,281509.7817
2026-07-07 13:00:00,0.07883,0.07895,0.07807,0.07821,437477.7976
2026-07-07 14:00:00,0.07818,0.07894,0.0773,0.07881,819036.4724
2026-07-07 15:00:00,0.0788,0.07969,0.07871,0.07951,282221.9825
2026-07-07 16:00:00,0.07951,0.07987,0.07915,0.07938,314540.8748
2026-07-07 17:00:00,0.07943,0.07965,0.07921,0.07962,115298.5817
2026-07-07 18:00:00,0.07962,0.07963,0.07807,0.07807,360260.0792
2026-07-07 19:00:00,0.07812,0.07826,0.07727,0.07812,212149.4137
2026-07-07 20:00:00,0.07814,0.07832,0.07753,0.07765,199823.4255
2026-07-07 21:00:00,0.07765,0.07793,0.07693,0.07707,193590.5228
2026-07-07 22:00:00,0.07702,0.07718,0.07642,0.07715,180916.1791
2026-07-07 23:00:00,0.07716,0.07736,0.07697,0.07703,107800.3203
2026-07-08 00:00:00,0.07709,0.07803,0.07691,0.07784,449797.826
2026-07-08 01:00:00,0.0779,0.07834,0.07593,0.07621,790547.8465
2026-07-08 02:00:00,0.07618,0.07618,0.07514,0.07602,507225.6729
2026-07-08 03:00:00,0.07603,0.07665,0.07603,0.07632,208707.3063
2026-07-08 04:00:00,0.07631,0.07642,0.07604,0.07642,286460.8837
2026-07-08 05:00:00,0.07642,0.07753,0.07642,0.07743,1052341.8543
2026-07-08 06:00:00,0.07744,0.07817,0.07726,0.0778,1079005.8931
2026-07-08 07:00:00,0.07783,0.07857,0.07718,0.07776,1178474.5676
2026-07-08 08:00:00,0.07771,0.07809,0.07556,0.07592,751766.8523
2026-07-08 09:00:00,0.07592,0.07669,0.07552,0.07621,262569.371
2026-07-08 10:00:00,0.07625,0.0766,0.07591,0.07621,277674.4977
2026-07-08 11:00:00,0.07616,0.07676,0.07586,0.07634,323658.7288
2026-07-08 12:00:00,0.07629,0.07773,0.07624,0.07656,1017441.5835
2026-07-08 13:00:00,0.07657,0.07678,0.07599,0.07664,208519.2247
2026-07-08 14:00:00,0.07665,0.07685,0.07573,0.076,304792.0433
2026-07-08 15:00:00,0.076,0.07604,0.07532,0.07564,345111.7637
2026-07-08 16:00:00,0.07562,0.07641,0.07556,0.07636,386791.1982
2026-07-08 17:00:00,0.07636,0.07719,0.07627,0.07634,142064.7439
2026-07-08 18:00:00,0.07636,0.07662,0.07595,0.07639,77519.3166
2026-07-08 19:00:00,0.07636,0.07656,0.07615,0.07653,106745.8678
2026-07-08 20:00:00,0.07649,0.07675,0.07609,0.0761,371094.7936
2026-07-08 21:00:00,0.07611,0.07651,0.07571,0.07647,418784.3271
2026-07-08 22:00:00,0.07647,0.077,0.07642,0.07682,256418.2132
2026-07-08 23:00:00,0.07682,0.07714,0.07645,0.07692,272598.2999
2026-07-09 00:00:00,0.07692,0.07713,0.0766,0.07711,599101.4336
2026-07-09 01:00:00,0.07707,0.07832,0.07698,0.07779,703677.9836
2026-07-09 02:00:00,0.07781,0.07832,0.07737,0.07761,220466.507
2026-07-09 03:00:00,0.0776,0.08068,0.07748,0.08057,1955274.3339
2026-07-09 04:00:00,0.08068,0.08382,0.08055,0.08372,3206806.661
2026-07-09 05:00:00,0.08369,0.08489,0.08163,0.08367,6586075.6071
2026-07-09 06:00:00,0.08369,0.08682,0.0836,0.08541,4568106.8218
2026-07-09 07:00:00,0.08537,0.08565,0.08379,0.08483,2925085.7107
2026-07-09 08:00:00,0.08489,0.08659,0.0844,0.08557,3273665.3439
2026-07-09 09:00:00,0.08554,0.0865,0.08494,0.0857,2949185.1675
2026-07-09 10:00:00,0.08565,0.08727,0.08528,0.08612,2617857.7113
2026-07-09 11:00:00,0.08617,0.08699,0.08604,0.08657,2619977.6274
2026-07-09 12:00:00,0.08658,0.0877,0.08564,0.08602,4398703.5817
2026-07-09 13:00:00,0.08591,0.08678,0.0843,0.08531,3795927.0043
2026-07-09 14:00:00,0.08534,0.08716,0.08444,0.08708,2121499.4236
2026-07-09 15:00:00,0.08703,0.08736,0.08542,0.08589,4539098.4755
2026-07-09 16:00:00,0.08591,0.08675,0.08556,0.08577,1855495.575
2026-07-09 17:00:00,0.08576,0.0897,0.0857,0.08833,3434050.4702
2026-07-09 18:00:00,0.08843,0.09103,0.08843,0.08996,3924460.5152
2026-07-09 19:00:00,0.08997,0.09087,0.08927,0.09006,2225318.4549
2026-07-09 20:00:00,0.09007,0.0914,0.08969,0.09047,2237774.1259
2026-07-09 21:00:00,0.09048,0.09092,0.088,0.08892,2930425.2793
2026-07-09 22:00:00,0.08896,0.0899,0.08809,0.08945,2772022.6818
2026-07-09 23:00:00,0.08945,0.08971,0.08695,0.08755,3671484.5327
2026-07-10 00:00:00,0.08758,0.08799,0.08667,0.08731,2724827.9042
2026-07-10 01:00:00,0.08731,0.09014,0.08698,0.08969,2782412.1493
2026-07-10 02:00:00,0.08974,0.0933,0.08928,0.09257,6116050.3765
2026-07-10 03:00:00,0.09263,0.09271,0.09107,0.09167,3607420.5328
2026-07-10 04:00:00,0.09168,0.09214,0.09081,0.09183,1304952.0692
2026-07-10 05:00:00,0.09182,0.09312,0.09176,0.09233,5189503.2417
2026-07-10 06:00:00,0.09234,0.09342,0.09176,0.09269,3478407.1821
2026-07-10 07:00:00,0.09269,0.09413,0.09223,0.09341,4203219.7065
2026-07-10 08:00:00,0.09341,0.09425,0.09296,0.09387,3735392.7043
2026-07-10 09:00:00,0.09384,0.09576,0.09336,0.09381,6331417.763
2026-07-10 10:00:00,0.09376,0.09553,0.09334,0.09517,3421557.7403
2026-07-10 11:00:00,0.09524,0.09589,0.09431,0.09431,2605967.1417
2026-07-10 12:00:00,0.09435,0.09454,0.0919,0.09217,3159105.2176
2026-07-10 13:00:00,0.0922,0.09305,0.09209,0.09286,926081.7663
2026-07-10 14:00:00,0.09286,0.09362,0.09009,0.09175,4669749.9328
2026-07-10 15:00:00,0.09172,0.09236,0.09067,0.09103,1876454.309
2026-07-10 16:00:00,0.09104,0.09133,0.08985,0.09103,2014790.2865
2026-07-10 17:00:00,0.091,0.09114,0.09044,0.09079,570525.6562
2026-07-10 18:00:00,0.09075,0.09084,0.09007,0.09047,899731.5973
2026-07-10 19:00:00,0.09045,0.09183,0.09027,0.09107,964563.5252
2026-07-10 20:00:00,0.09104,0.09225,0.09087,0.09157,1182012.5586
2026-07-10 21:00:00,0.09158,0.09391,0.09158,0.09338,1539802.148
2026-07-10 22:00:00,0.09341,0.09379,0.09321,0.09347,743285.1119
2026-07-10 23:00:00,0.09345,0.09345,0.09221,0.09296,613022.746
2026-07-11 00:00:00,0.0929,0.09372,0.09107,0.09149,1782795.6544
2026-07-11 01:00:00,0.09149,0.09261,0.0912,0.0912,725651.1531
2026-07-11 02:00:00,0.09118,0.09322,0.09112,0.09299,777483.5988
2026-07-11 03:00:00,0.09301,0.09321,0.09063,0.09066,1689042.5206
2026-07-11 04:00:00,0.09062,0.0912,0.0902,0.09064,918900.0318
2026-07-11 05:00:00,0.09064,0.09064,0.08985,0.09029,699274.5915
2026-07-11 06:00:00,0.09026,0.0908,0.09005,0.09061,404029.7105
2026-07-11 07:00:00,0.0906,0.09103,0.09056,0.09082,521626.9779
2026-07-11 08:00:00,0.09079,0.09178,0.09075,0.09097,552300.7478
2026-07-11 09:00:00,0.09098,0.09161,0.09097,0.09122,640605.6562
2026-07-11 10:00:00,0.09121,0.09284,0.09102,0.09252,1251206.5182
2026-07-11 11:00:00,0.09249,0.0931,0.09203,0.09234,869428.0166
2026-07-11 12:00:00,0.09231,0.09297,0.09158,0.09158,838302.2983
2026-07-11 13:00:00,0.0916,0.09415,0.09132,0.09408,2521642.7947
2026-07-11 14:00:00,0.09409,0.09839,0.09409,0.09712,5297454.9272
2026-07-11 15:00:00,0.09719,0.09819,0.09489,0.09742,4657087.0073
2026-07-11 16:00:00,0.09749,0.0993,0.09703,0.09862,3243940.1679
2026-07-11 17:00:00,0.09846,0.09881,0.09648,0.09676,1892125.3059
2026-07-11 18:00:00,0.09677,0.09839,0.09655,0.09759,772060.3106
2026-07-11 19:00:00,0.0976,0.0979,0.09685,0.09785,873222.806
2026-07-11 20:00:00,0.09781,0.0995,0.09749,0.0983,782535.5979
2026-07-11 21:00:00,0.09825,0.0999,0.09822,0.09862,1310092.8417
2026-07-11 22:00:00,0.09866,0.09885,0.09731,0.09802,936302.0821
2026-07-11 23:00:00,0.09799,0.09809,0.09461,0.09505,2725145.7888
2026-07-12 00:00:00,0.09495,0.09646,0.09471,0.09538,1254214.581
2026-07-12 01:00:00,0.0953,0.09692,0.09526,0.09662,407369.259
2026-07-12 02:00:00,0.0966,0.098,0.09612,0.09788,1784329.7128
2026-07-12 03:00:00,0.09783,0.10133,0.09749,0.09978,5963222.14
2026-07-12 04:00:00,0.09983,0.10135,0.09875,0.09982,5262255.8594
2026-07-12 05:00:00,0.09983,0.10052,0.09866,0.099,1299861.4577
2026-07-12 06:00:00,0.09894,0.09903,0.09712,0.098,1842382.0336
2026-07-12 07:00:00,0.09802,0.09884,0.09777,0.0984,1082664.0567
2026-07-12 08:00:00,0.09833,0.09838,0.09593,0.09625,3696684.0748
2026-07-12 09:00:00,0.09624,0.09626,0.09466,0.09567,1204749.7807
2026-07-12 10:00:00,0.09569,0.09579,0.09474,0.09506,693352.5845
2026-07-12 11:00:00,0.09507,0.09619,0.09393,0.09557,1841756.1271
2026-07-12 12:00:00,0.09552,0.09632,0.09509,0.09552,1501378.4333
2026-07-12 13:00:00,0.09554,0.09683,0.09532,0.09592,1211351.5382
2026-07-12 14:00:00,0.09594,0.09628,0.09506,0.09516,1371488.9061
2026-07-12 15:00:00,0.09522,0.09602,0.09505,0.0957,903137.5222
2026-07-12 16:00:00,0.09572,0.09577,0.0948,0.09507,908305.8034
2026-07-12 17:00:00,0.09508,0.09508,0.09324,0.09395,1169027.6273
2026-07-12 18:00:00,0.09394,0.09411,0.09363,0.09365,538111.5904
2026-07-12 19:00:00,0.09365,0.09421,0.09365,0.09398,272838.0221
2026-07-12 20:00:00,0.09388,0.09393,0.09291,0.09318,619116.8119
2026-07-12 21:00:00,0.09324,0.09345,0.09228,0.09286,1112360.7293
2026-07-12 22:00:00,0.09284,0.09335,0.09224,0.09308,431332.3993
2026-07-12 23:00:00,0.09299,0.09337,0.09253,0.09319,299463.8898
2026-07-13 00:00:00,0.0932,0.0948,0.09188,0.09297,1178056.306
2026-07-13 01:00:00,0.09299,0.09355,0.09214,0.09255,498758.9822
2026-07-13 02:00:00,0.09248,0.09273,0.09136,0.09168,1198554.6177
2026-07-13 03:00:00,0.09169,0.0917,0.09016,0.09054,1944156.3599
2026-07-13 04:00:00,0.09056,0.09132,0.09027,0.09048,586579.4857
2026-07-13 05:00:00,0.09053,0.09287,0.09011,0.09184,1263060.7335
2026-07-13 06:00:00,0.09186,0.0924,0.09155,0.09201,532227.5567
2026-07-13 07:00:00,0.092,0.0929,0.0918,0.09271,409091.9453
2026-07-13 08:00:00,0.09277,0.09308,0.09218,0.09282,592326.2355
2026-07-13 09:00:00,0.09283,0.09398,0.09276,0.09354,1084864.5396
2026-07-13 10:00:00,0.09348,0.09432,0.09264,0.09285,712659.5195
2026-07-13 11:00:00,0.09287,0.09333,0.09271,0.09283,357187.0816
2026-07-13 12:00:00,0.09284,0.0935,0.09228,0.09276,872456.9711
2026-07-13 13:00:00,0.09279,0.09576,0.09198,0.09378,3932974.708
2026-07-13 14:00:00,0.09385,0.09417,0.0925,0.0936,3611549.981
2026-07-13 15:00:00,0.09359,0.09454,0.09306,0.09313,718814.9997
2026-07-13 16:00:00,0.09324,0.09334,0.09064,0.0907,1312195.5359
2026-07-13 17:00:00,0.09082,0.09103,0.08972,0.08989,1043282.4935
2026-07-13 18:00:00,0.08997,0.09083,0.08996,0.09044,156844.1608
2026-07-13 19:00:00,0.09042,0.09126,0.09015,0.09117,1031866.3499
2026-07-13 20:00:00,0.09116,0.09116,0.08936,0.08967,1088032.4846
2026-07-13 21:00:00,0.08967,0.08971,0.08815,0.08908,1071600.2762
2026-07-13 22:00:00,0.08905,0.0897,0.08902,0.08926,310782.2121
2026-07-13 23:00:00,0.08923,0.09049,0.0891,0.09037,348643.4879
2026-07-14 00:00:00,0.0904,0.09104,0.09003,0.09073,554764.0149
2026-07-14 01:00:00,0.0907,0.09078,0.08974,0.0898,477716.0089
2026-07-14 02:00:00,0.08982,0.08998,0.0892,0.08946,223661.7262
2026-07-14 03:00:00,0.08943,0.08974,0.08914,0.08964,309951.4122
2026-07-14 04:00:00,0.08967,0.09007,0.08943,0.08962,211442.785
2026-07-14 05:00:00,0.08951,0.09138,0.0893,0.09027,1733284.7313
2026-07-14 06:00:00,0.0903,0.09047,0.0896,0.08971,463509.4806
2026-07-14 07:00:00,0.08972,0.08998,0.08936,0.08942,158899.4572
2026-07-14 08:00:00,0.0893,0.09048,0.0892,0.09023,639967.0812
2026-07-14 09:00:00,0.09023,0.09033,0.08958,0.08966,166644.9415
2026-07-14 10:00:00,0.08968,0.09,0.08875,0.08932,753383.8102
2026-07-14 11:00:00,0.08935,0.08946,0.08894,0.08916,179687.6355
2026-07-14 12:00:00,0.08923,0.09222,0.08889,0.09184,1471463.0156
2026-07-14 13:00:00,0.09181,0.09315,0.09138,0.09159,856048.9154
2026-07-14 14:00:00,0.09159,0.09247,0.09089,0.09219,1377167.6102
2026-07-14 15:00:00,0.09217,0.09312,0.09188,0.09231,598825.5537
2026-07-14 16:00:00,0.09232,0.09309,0.09197,0.09206,626702.4998
2026-07-14 17:00:00,0.09203,0.09207,0.09102,0.09152,557868.2558
2026-07-14 18:00:00,0.09151,0.09154,0.09072,0.09114,404935.8134
2026-07-14 19:00:00,0.09113,0.09145,0.09085,0.09113,353496.3959
2026-07-14 20:00:00,0.09118,0.09123,0.09059,0.09089,97948.4362
2026-07-14 21:00:00,0.09089,0.09168,0.09077,0.09128,343574.9086
2026-07-14 22:00:00,0.09129,0.0916,0.09082,0.09128,425015.7372
2026-07-14 23:00:00,0.09133,0.09249,0.09109,0.09206,334796.3539
2026-07-15 00:00:00,0.09221,0.09382,0.09189,0.09353,877240.872
2026-07-15 01:00:00,0.09347,0.0935,0.09133,0.09171,659577.1353
2026-07-15 02:00:00,0.09175,0.0922,0.09032,0.09056,1199688.5912
2026-07-15 03:00:00,0.09058,0.09103,0.09051,0.09097,122493.014
2026-07-15 04:00:00,0.09101,0.09106,0.08942,0.08976,794831.4973
2026-07-15 05:00:00,0.08976,0.09008,0.08904,0.09005,1171367.2176
2026-07-15 06:00:00,0.09003,0.09082,0.08931,0.08936,1103661.8585
2026-07-15 07:00:00,0.08943,0.08943,0.08762,0.08811,1277656.2615
2026-07-15 08:00:00,0.0881,0.08849,0.08779,0.08837,407781.8945
2026-07-15 09:00:00,0.08837,0.08927,0.08829,0.08892,441418.7619
2026-07-15 10:00:00,0.08891,0.08967,0.08882,0.08933,497391.1389
2026-07-15 11:00:00,0.08931,0.08946,0.08884,0.08917,279490.4262
2026-07-15 12:00:00,0.08917,0.09109,0.08892,0.0907,545473.7651
2026-07-15 13:00:00,0.09071,0.09126,0.08912,0.08964,643998.9234
2026-07-15 14:00:00,0.08965,0.09014,0.08887,0.08947,600532.8018
2026-07-15 15:00:00,0.08951,0.0896,0.08828,0.08858,799348.2306
2026-07-15 16:00:00,0.08856,0.08863,0.08696,0.08789,1138980.732
2026-07-15 17:00:00,0.0879,0.08816,0.08753,0.088,575404.2041
2026-07-15 18:00:00,0.088,0.08905,0.088,0.0883,675208.5071
2026-07-15 19:00:00,0.08833,0.08858,0.08748,0.08783,290929.9617
2026-07-15 20:00:00,0.08783,0.08873,0.08772,0.08846,335134.4952
2026-07-15 21:00:00,0.08842,0.0888,0.08804,0.08829,178739.5097
2026-07-15 22:00:00,0.08829,0.0888,0.08815,0.0885,452088.9737
2026-07-15 23:00:00,0.0885,0.08859,0.08814,0.08847,108299.2635
2026-07-16 00:00:00,0.08848,0.08865,0.08682,0.08754,1403483.211
2026-07-16 01:00:00,0.08755,0.08801,0.08717,0.08783,245873.3642
2026-07-16 02:00:00,0.08782,0.08784,0.08733,0.08778,174933.4772
2026-07-16 03:00:00,0.08777,0.08789,0.0869,0.0871,284511.1723
2026-07-16 04:00:00,0.08709,0.08775,0.08701,0.08735,320830.7669
2026-07-16 05:00:00,0.08736,0.08799,0.08734,0.08778,154461.2143
2026-07-16 06:00:00,0.0878,0.08817,0.08685,0.08738,1018091.2474
2026-07-16 07:00:00,0.08733,0.08736,0.08615,0.08683,547830.3014
2026-07-16 08:00:00,0.08678,0.08705,0.08552,0.08652,702893.3656
2026-07-16 09:00:00,0.08652,0.08664,0.08611,0.08642,165784.2103
2026-07-16 10:00:00,0.08644,0.08692,0.08644,0.08685,155822.9003
2026-07-16 11:00:00,0.08683,0.08722,0.08658,0.08722,260064.1028
2026-07-16 12:00:00,0.08725,0.08727,0.0865,0.08672,418260.8937
2026-07-16 13:00:00,0.0867,0.08783,0.08661,0.08771,510931.105
2026-07-16 14:00:00,0.08772,0.08883,0.08769,0.08805,618338.0591
2026-07-16 15:00:00,0.08804,0.08913,0.0877,0.08849,555121.865
2026-07-16 16:00:00,0.08845,0.08898,0.08803,0.08858,558188.8471
2026-07-16 17:00:00,0.08858,0.08881,0.08778,0.08829,660635.1354
2026-07-16 18:00:00,0.08828,0.08952,0.08819,0.08932,895926.4749
2026-07-16 19:00:00,0.08931,0.09042,0.08931,0.08971,685139.1312
2026-07-16 20:00:00,0.08979,0.09103,0.08964,0.09002,608084.7741
2026-07-16 21:00:00,0.08999,0.09034,0.08937,0.08954,241507.8891
2026-07-16 22:00:00,0.08955,0.08981,0.08865,0.08902,570623.3336
2026-07-16 23:00:00,0.08904,0.08938,0.08783,0.08886,763232.1757
2026-07-17 00:00:00,0.08905,0.0901,0.08849,0.08919,713116.7577
2026-07-17 01:00:00,0.08921,0.08978,0.08786,0.08799,416395.5293
2026-07-17 02:00:00,0.08803,0.08897,0.08742,0.08891,325783.2393
2026-07-17 03:00:00,0.0889,0.09142,0.08879,0.09,1514919.4902
2026-07-17 04:00:00,0.08994,0.09016,0.08887,0.08911,414925.1798
2026-07-17 05:00:00,0.08901,0.08926,0.08795,0.08902,1376289.6989
2026-07-17 06:00:00,0.08901,0.08902,0.08803,0.08827,568806.7299
2026-07-17 07:00:00,0.08825,0.0889,0.08807,0.08837,481294.9629
2026-07-17 08:00:00,0.08838,0.08978,0.08775,0.0896,653323.8014
2026-07-17 09:00:00,0.08951,0.09063,0.08946,0.09026,753394.6208
2026-07-17 10:00:00,0.0903,0.09091,0.09003,0.09039,678394.9914
2026-07-17 11:00:00,0.09035,0.09066,0.08931,0.08944,628154.7464
2026-07-17 12:00:00,0.08939,0.08939,0.08838,0.08853,637932.3361
2026-07-17 13:00:00,0.08851,0.08864,0.08713,0.08863,889080.6444
2026-07-17 14:00:00,0.08862,0.08906,0.08803,0.08833,378129.5314
2026-07-17 15:00:00,0.08833,0.08861,0.08732,0.08861,617224.6892
2026-07-17 16:00:00,0.08861,0.09009,0.08817,0.08933,832341.9
2026-07-17 17:00:00,0.0893,0.09031,0.08929,0.08949,230886.7777
2026-07-17 18:00:00,0.08948,0.09002,0.08906,0.08967,140064.407
2026-07-17 19:00:00,0.08966,0.08996,0.08918,0.08968,197643.1445
2026-07-17 20:00:00,0.08968,0.09007,0.08947,0.08999,136320.6666
2026-07-17 21:00:00,0.09002,0.09087,0.08997,0.09058,807477.3593
2026-07-17 22:00:00,0.09051,0.09119,0.09015,0.09043,403744.3168
2026-07-17 23:00:00,0.09046,0.09139,0.08996,0.09061,511902.4216
2026-07-18 00:00:00,0.09061,0.09139,0.09047,0.09086,832118.6293
2026-07-18 01:00:00,0.09085,0.09275,0.09083,0.09173,1296007.4594
2026-07-18 02:00:00,0.09173,0.092,0.09028,0.09035,996375.4049
2026-07-18 03:00:00,0.09044,0.09061,0.09012,0.09053,654183.9899
2026-07-18 04:00:00,0.09052,0.09052,0.08969,0.08996,301926.5914
2026-07-18 05:00:00,0.08998,0.0905,0.08951,0.08988,748770.9413
2026-07-18 06:00:00,0.08984,0.09096,0.08978,0.09057,486126.0635
2026-07-18 07:00:00,0.09047,0.09047,0.08976,0.09003,226157.7389
2026-07-18 08:00:00,0.0901,0.09039,0.08976,0.08996,121035.7318
2026-07-18 09:00:00,0.0899,0.09001,0.08912,0.08976,607943.9179
2026-07-18 10:00:00,0.08967,0.09082,0.08963,0.09038,336074.1866
2026-07-18 11:00:00,0.09037,0.09049,0.08969,0.09013,530032.3224
2026-07-18 12:00:00,0.09005,0.09032,0.08959,0.09007,247344.9382
2026-07-18 13:00:00,0.09001,0.09028,0.0897,0.09005,955813.3793
2026-07-18 14:00:00,0.09004,0.09008,0.08948,0.0898,284045.9464
2026-07-18 15:00:00,0.08987,0.09008,0.0882,0.08857,524120.5571
2026-07-18 16:00:00,0.08851,0.08895,0.0879,0.0882,641462.8389
2026-07-18 17:00:00,0.08821,0.0888,0.08814,0.08853,214846.1765
2026-07-18 18:00:00,0.08853,0.08908,0.08805,0.08813,462466.1679
2026-07-18 19:00:00,0.08813,0.08829,0.08794,0.08816,206276.1417
2026-07-18 20:00:00,0.08818,0.08837,0.08804,0.08823,111268.9563
2026-07-18 21:00:00,0.08825,0.08855,0.08809,0.08843,295851.7826
2026-07-18 22:00:00,0.08841,0.08881,0.0884,0.08845,220918.7954
2026-07-18 23:00:00,0.08848,0.08851,0.08823,0.08833,75894.9409
2026-07-19 00:00:00,0.08831,0.08834,0.08772,0.08809,397856.3092
2026-07-19 01:00:00,0.08808,0.08809,0.08753,0.08794,133000.1925
2026-07-19 02:00:00,0.08786,0.08875,0.08782,0.08843,286110.5401
2026-07-19 03:00:00,0.08844,0.0885,0.08772,0.08788,295773.2199
2026-07-19 04:00:00,0.08777,0.08812,0.08762,0.08796,18485.3913
2026-07-19 05:00:00,0.08796,0.08804,0.08765,0.08794,86009.2978
2026-07-19 06:00:00,0.08791,0.08847,0.0879,0.08842,421876.7762
2026-07-19 07:00:00,0.0884,0.08871,0.08818,0.0882,381170.6758
2026-07-19 08:00:00,0.08826,0.08915,0.08826,0.08914,227929.4372
2026-07-19 09:00:00,0.08916,0.08988,0.08889,0.08985,681706.8804
2026-07-19 10:00:00,0.08985,0.08997,0.08923,0.08949,554487.4522
2026-07-19 11:00:00,0.08929,0.08969,0.08892,0.08908,590553.5656
2026-07-19 12:00:00,0.08907,0.08953,0.08809,0.08817,749061.2582
2026-07-19 13:00:00,0.08829,0.08879,0.08814,0.08857,596573.9712
2026-07-19 14:00:00,0.08851,0.08911,0.08844,0.08881,441163.4392
2026-07-19 15:00:00,0.08876,0.09027,0.08863,0.08972,1252106.1122
2026-07-19 16:00:00,0.0897,0.09001,0.08908,0.08925,469164.3159
2026-07-19 17:00:00,0.08927,0.08927,0.08836,0.08882,288898.4105
2026-07-19 18:00:00,0.08878,0.08881,0.08802,0.08881,382841.6386
2026-07-19 19:00:00,0.08883,0.089,0.08855,0.0887,128117.2704
2026-07-19 20:00:00,0.08871,0.08891,0.08848,0.08872,198595.3782
2026-07-19 21:00:00,0.08883,0.08894,0.08814,0.08822,162388.5937
2026-07-19 22:00:00,0.08816,0.08944,0.08815,0.08909,299446.8143
2026-07-19 23:00:00,0.08912,0.08926,0.08864,0.08905,229113.9553
2026-07-20 00:00:00,0.08907,0.09025,0.08842,0.0886,549298.2554
2026-07-20 01:00:00,0.08867,0.0896,0.08786,0.08806,204590.3982
2026-07-20 02:00:00,0.08796,0.08879,0.08796,0.08857,179190.1808
2026-07-20 03:00:00,0.08857,0.08869,0.08766,0.08782,242193.9845
2026-07-20 04:00:00,0.08782,0.08784,0.08642,0.08666,605911.8306
2026-07-20 05:00:00,0.08666,0.08673,0.08582,0.08604,534489.4649
2026-07-20 06:00:00,0.08609,0.08628,0.08536,0.08594,531376.3557
2026-07-20 07:00:00,0.08598,0.08689,0.08577,0.08683,292848.1158
2026-07-20 08:00:00,0.08682,0.08692,0.0859,0.0863,416670.5527
2026-07-20 09:00:00,0.0864,0.08727,0.08626,0.08707,505457.386
2026-07-20 10:00:00,0.08709,0.08739,0.08694,0.08716,166333.6247
2026-07-20 11:00:00,0.08717,0.08857,0.08703,0.08849,1142017.8023
2026-07-20 12:00:00,0.08848,0.0885,0.08792,0.08834,1436054.3578
2026-07-20 13:00:00,0.0883,0.08895,0.08783,0.08842,1222210.1245
2026-07-20 14:00:00,0.08841,0.09004,0.08817,0.08905,664358.4134
2026-07-20 15:00:00,0.08897,0.09155,0.08897,0.09083,1635017.2898
2026-07-20 16:00:00,0.0909,0.09125,0.08958,0.08998,624227.4828
2026-07-20 17:00:00,0.08998,0.09046,0.08981,0.09008,502071.8727
2026-07-20 18:00:00,0.09011,0.09077,0.08978,0.08983,407649.9449
2026-07-20 19:00:00,0.08996,0.08997,0.08926,0.08952,276871.9775
2026-07-20 20:00:00,0.08961,0.0902,0.08936,0.08996,230848.9178
2026-07-20 21:00:00,0.08996,0.09011,0.08944,0.08982,1353820.7105
2026-07-20 22:00:00,0.08982,0.08993,0.08937,0.08965,370287.6938
2026-07-20 23:00:00,0.08967,0.09058,0.08956,0.0904,298839.2059
2026-07-21 00:00:00,0.09036,0.09091,0.09,0.09068,290132.9352
2026-07-21 01:00:00,0.09073,0.09143,0.09016,0.09031,487517.0601
2026-07-21 02:00:00,0.09037,0.09061,0.08957,0.09041,149207.6408
2026-07-21 03:00:00,0.0904,0.09093,0.09039,0.0906,156684.8755
2026-07-21 04:00:00,0.09069,0.0908,0.09013,0.09022,322543.9772
2026-07-21 05:00:00,0.09027,0.09053,0.09,0.09025,199198.1393
2026-07-21 06:00:00,0.09026,0.09121,0.08998,0.0907,404481.4083
2026-07-21 07:00:00,0.09074,0.09193,0.09074,0.09099,1098350.3326
2026-07-21 08:00:00,0.09097,0.0912,0.09069,0.09085,202441.9257
2026-07-21 09:00:00,0.09076,0.09115,0.09039,0.09111,360510.1778
2026-07-21 10:00:00,0.09114,0.09146,0.09022,0.09047,431012.4323
2026-07-21 11:00:00,0.09047,0.0906,0.09022,0.09026,332028.8351
2026-07-21 12:00:00,0.09028,0.0908,0.09008,0.09034,1391465.1348
2026-07-21 13:00:00,0.09032,0.09034,0.08941,0.09019,421017.2424
2026-07-21 14:00:00,0.09018,0.09018,0.08953,0.08967,207630.9811
2026-07-21 15:00:00,0.08966,0.08991,0.0892,0.0898,435011.7225
2026-07-21 16:00:00,0.08981,0.08989,0.08919,0.08948,148878.8015
2026-07-21 17:00:00,0.08946,0.08948,0.08808,0.08894,365723.9961
2026-07-21 18:00:00,0.08897,0.08928,0.08875,0.08918,96207.996
2026-07-21 19:00:00,0.08916,0.08938,0.08889,0.08912,104472.7594
2026-07-21 20:00:00,0.08913,0.08925,0.08894,0.08896,91035.9098
2026-07-21 21:00:00,0.08896,0.08926,0.08887,0.0891,129814.2411
2026-07-21 22:00:00,0.08908,0.08908,0.08839,0.08856,244149.3218
2026-07-21 23:00:00,0.08856,0.08896,0.08826,0.08896,358833.4384
2026-07-22 00:00:00,0.08895,0.09059,0.08877,0.09049,432859.5841
2026-07-22 01:00:00,0.0905,0.09054,0.08987,0.09006,325570.0345
2026-07-22 02:00:00,0.0901,0.09019,0.08956,0.08974,191704.1016
2026-07-22 03:00:00,0.08975,0.0902,0.0894,0.08943,136227.9209
2026-07-22 04:00:00,0.08937,0.09112,0.08937,0.09094,498193.9974
2026-07-22 05:00:00,0.09093,0.0917,0.0899,0.09072,1938220.9533
2026-07-22 06:00:00,0.09076,0.09144,0.09009,0.09027,953929.1349
2026-07-22 07:00:00,0.09028,0.09028,0.08923,0.08923,1211057.5485
2026-07-22 08:00:00,0.08929,0.09013,0.08927,0.08981,599318.9985
2026-07-22 09:00:00,0.08978,0.09007,0.08918,0.08945,338881.8555
2026-07-22 10:00:00,0.08948,0.09062,0.08936,0.08993,309428.1839
2026-07-22 11:00:00,0.08988,0.09012,0.08925,0.08944,327078.7479
2026-07-22 12:00:00,0.08946,0.08949,0.08834,0.08914,920261.6128
2026-07-22 13:00:00,0.08906,0.09085,0.08905,0.09064,318842.7815
2026-07-22 14:00:00,0.09065,0.0916,0.09014,0.09057,405579.908
2026-07-22 15:00:00,0.09056,0.09133,0.09049,0.09093,236544.1079
2026-07-22 16:00:00,0.09093,0.09199,0.09065,0.09182,433564.4401
2026-07-22 17:00:00,0.09178,0.09189,0.09055,0.09071,399819.3137
2026-07-22 18:00:00,0.09072,0.09073,0.08987,0.09032,336099.0582
2026-07-22 19:00:00,0.09031,0.09061,0.09008,0.09041,144896.3949
2026-07-22 20:00:00,0.0904,0.09085,0.09036,0.09052,98995.4768
2026-07-22 21:00:00,0.0905,0.09069,0.09027,0.09057,52003.3824
2026-07-22 22:00:00,0.09071,0.09088,0.09004,0.09029,431757.2052
2026-07-22 23:00:00,0.09029,0.09029,0.08828,0.09016,2647884.3292
2026-07-23 00:00:00,0.09015,0.09126,0.08989,0.09087,334922.5923
2026-07-23 01:00:00,0.09082,0.0911,0.09038,0.0905,249860.0533
2026-07-23 02:00:00,0.09051,0.09051,0.09,0.09006,143141.5559
2026-07-23 03:00:00,0.09008,0.09014,0.08935,0.08947,196052.051
2026-07-23 04:00:00,0.08941,0.08967,0.08914,0.08924,268266.9325
2026-07-23 05:00:00,0.08928,0.08974,0.08896,0.08941,97110.2228
2026-07-23 06:00:00,0.08938,0.08951,0.08919,0.08932,181604.488
2026-07-23 07:00:00,0.08928,0.08935,0.08839,0.08853,260356.9779
2026-07-23 08:00:00,0.08849,0.08896,0.08845,0.08886,172550.9362
2026-07-23 09:00:00,0.08882,0.08913,0.0887,0.08881,78020.071
2026-07-23 10:00:00,0.08879,0.08905,0.08879,0.0888,72830.1562
2026-07-23 11:00:00,0.08881,0.08912,0.08806,0.08829,254815.4993
2026-07-23 12:00:00,0.08824,0.08832,0.08694,0.08738,1252135.2358
2026-07-23 13:00:00,0.08734,0.08745,0.08675,0.08683,508803.0064
2026-07-23 14:00:00,0.08681,0.08724,0.08629,0.08643,302018.6087
2026-07-23 15:00:00,0.08643,0.0868,0.08562,0.08669,1201167.5749
2026-07-23 16:00:00,0.08666,0.08666,0.08616,0.08647,225942.5907
2026-07-23 17:00:00,0.08632,0.08679,0.08564,0.08587,422795.0386
2026-07-23 18:00:00,0.08585,0.08652,0.08583,0.08631,215842.9241
2026-07-23 19:00:00,0.08632,0.08662,0.086,0.08659,98955.5248
2026-07-23 20:00:00,0.08651,0.0872,0.08651,0.08698,528835.3164
2026-07-23 21:00:00,0.08703,0.08717,0.08679,0.08685,135680.9608
2026-07-23 22:00:00,0.0869,0.0869,0.0863,0.08643,185022.8356
2026-07-23 23:00:00,0.08644,0.08651,0.08601,0.0861,333829.9466
2026-07-24 00:00:00,0.08614,0.08629,0.08565,0.08612,399560.1736
2026-07-24 01:00:00,0.08613,0.08638,0.0859,0.08606,365574.1866
2026-07-24 02:00:00,0.08607,0.08615,0.08475,0.08491,934375.5084
2026-07-24 03:00:00,0.08497,0.08573,0.08491,0.0854,360979.3002
2026-07-24 04:00:00,0.08539,0.08544,0.08496,0.08506,111544.0757
2026-07-24 05:00:00,0.08512,0.08557,0.08506,0.08541,129873.8067
2026-07-24 06:00:00,0.08542,0.08633,0.08539,0.08601,817996.0344
2026-07-24 07:00:00,0.08602,0.08695,0.08585,0.08644,415040.1455
2026-07-24 08:00:00,0.08645,0.08645,0.0858,0.08602,249458.4706
2026-07-24 09:00:00,0.08607,0.08614,0.0854,0.08567,408116.1833
2026-07-24 10:00:00,0.08561,0.08569,0.08506,0.08512,486582.7017
2026-07-24 11:00:00,0.08509,0.08521,0.08465,0.08509,309364.7224
2026-07-24 12:00:00,0.085,0.0853,0.08447,0.08461,270787.6498
2026-07-24 13:00:00,0.08465,0.08465,0.08341,0.08396,659976.6304
2026-07-24 14:00:00,0.08398,0.08437,0.08317,0.08436,1109364.6209
2026-07-24 15:00:00,0.08433,0.08453,0.0838,0.0838,266025.1661
2026-07-24 16:00:00,0.08379,0.08394,0.08331,0.08359,210394.596
2026-07-24 17:00:00,0.0836,0.08421,0.08345,0.084,178786.8258
2026-07-24 18:00:00,0.08401,0.08406,0.0837,0.08398,191454.1179
2026-07-24 19:00:00,0.08398,0.08404,0.0838,0.0839,101649.4254
2026-07-24 20:00:00,0.08391,0.08399,0.08355,0.08371,95360.6628
2026-07-24 21:00:00,0.0837,0.08373,0.08296,0.08313,368103.5037
2026-07-24 22:00:00,0.08313,0.08335,0.08288,0.08318,275227.3983
2026-07-24 23:00:00,0.08316,0.08335,0.08301,0.08307,105050.4839
2026-07-25 00:00:00,0.08307,0.08318,0.08218,0.08263,786990.7402
2026-07-25 01:00:00,0.08262,0.08272,0.08182,0.08211,600651.1349
2026-07-25 02:00:00,0.08214,0.08253,0.08178,0.08227,161654.0812
2026-07-25 03:00:00,0.08229,0.08248,0.08208,0.08222,109418.8812
2026-07-25 04:00:00,0.08234,0.08268,0.08234,0.08258,134098.1591
2026-07-25 05:00:00,0.08257,0.08267,0.08242,0.08252,45231.7305
2026-07-25 06:00:00,0.08252,0.08272,0.08207,0.08244,609748.8258
2026-07-25 07:00:00,0.08249,0.08291,0.08249,0.08267,133136.7683
2026-07-25 08:00:00,0.08261,0.08338,0.08256,0.08295,428850.9783
2026-07-25 09:00:00,0.08299,0.08337,0.08277,0.08295,155560.1545
2026-07-25 10:00:00,0.08302,0.08323,0.08298,0.08309,105338.8754
2026-07-25 11:00:00,0.08319,0.0834,0.08287,0.08295,241244.268
2026-07-25 12:00:00,0.08298,0.08317,0.08285,0.0831,270561.7667
2026-07-25 13:00:00,0.08309,0.08352,0.083,0.08315,158770.93
2026-07-25 14:00:00,0.08308,0.08308,0.08262,0.08279,108760.1666
2026-07-25 15:00:00,0.08279,0.08313,0.08256,0.08301,265225.145
2026-07-25 16:00:00,0.08302,0.08313,0.08267,0.08279,204358.6411
2026-07-25 17:00:00,0.08282,0.08348,0.08275,0.08319,221772.3484
2026-07-25 18:00:00,0.08319,0.08347,0.08319,0.0832,209988.6922
2026-07-25 19:00:00,0.08319,0.08332,0.0831,0.08325,57872.2066
2026-07-25 20:00:00,0.08324,0.08327,0.0831,0.08312,47054.2024
2026-07-25 21:00:00,0.08315,0.08324,0.08282,0.0831,156622.6914
2026-07-25 22:00:00,0.08314,0.08322,0.08291,0.08296,203030.3431
2026-07-25 23:00:00,0.08295,0.08301,0.08245,0.08256,94610.8611
2026-07-26 00:00:00,0.08256,0.08256,0.08208,0.08224,396330.6584
2026-07-26 01:00:00,0.08227,0.08249,0.08223,0.08237,183936.56
2026-07-26 02:00:00,0.08237,0.08262,0.082,0.08252,110025.3447
2026-07-26 03:00:00,0.08251,0.08269,0.08238,0.08254,91500.0544
2026-07-26 04:00:00,0.08254,0.08306,0.08242,0.08278,482842.255
2026-07-26 05:00:00,0.08271,0.083,0.08264,0.08288,437527.6589
2026-07-26 06:00:00,0.08287,0.08305,0.08241,0.08301,1074766.9935
2026-07-26 07:00:00,0.08305,0.08322,0.08265,0.08278,422344.1037
2026-07-26 08:00:00,0.08281,0.08288,0.0825,0.08262,220367.9597
2026-07-26 09:00:00,0.08262,0.08278,0.08227,0.08234,311406.8775
2026-07-26 10:00:00,0.08228,0.08294,0.0822,0.08289,277483.2379
2026-07-26 11:00:00,0.08287,0.08342,0.08266,0.08273,272523.7096
2026-07-26 12:00:00,0.08276,0.08308,0.08275,0.08281,387987.755
2026-07-26 13:00:00,0.08277,0.08281,0.08226,0.08239,164867.4557
2026-07-26 14:00:00,0.08238,0.08273,0.08232,0.0824,238098.475
2026-07-26 15:00:00,0.08236,0.08273,0.08217,0.08268,337009.853
2026-07-26 16:00:00,0.08273,0.08316,0.08255,0.0826,238847.5061
2026-07-26 17:00:00,0.08258,0.08273,0.08242,0.08247,143997.0285
2026-07-26 18:00:00,0.0824,0.08255,0.08235,0.08245,71159.7851
2026-07-26 19:00:00,0.08245,0.08254,0.08225,0.08246,75935.2843
2026-07-26 20:00:00,0.08249,0.08249,0.08225,0.08227,55362.7565
2026-07-26 21:00:00,0.08227,0.08287,0.08222,0.08254,590190.0411
2026-07-26 22:00:00,0.08251,0.08366,0.08251,0.08335,546104.3181
2026-07-26 23:00:00,0.08347,0.08365,0.083,0.08324,285862.4368
2026-07-27 00:00:00,0.08323,0.08323,0.08232,0.08247,663425.0375
2026-07-27 01:00:00,0.08237,0.08251,0.0817,0.08212,738261.0826
2026-07-27 02:00:00,0.08213,0.08243,0.0819,0.0824,157436.0839
2026-07-27 03:00:00,0.08238,0.08265,0.08212,0.08219,175848.2837
2026-07-27 04:00:00,0.0822,0.08252,0.0819,0.08204,242382.1347
2026-07-27 05:00:00,0.08204,0.08223,0.08188,0.08193,341354.1469
2026-07-27 06:00:00,0.08192,0.08269,0.08187,0.08226,794676.0866
2026-07-27 07:00:00,0.08221,0.0824,0.08181,0.08215,207789.0187
2026-07-27 08:00:00,0.08216,0.0822,0.08176,0.08181,391117.9046
2026-07-27 09:00:00,0.08176,0.08198,0.08121,0.08195,1499140.2737
2026-07-27 10:00:00,0.08195,0.08244,0.08184,0.08224,252229.4097
2026-07-27 11:00:00,0.08213,0.08221,0.08166,0.08172,371506.1797
2026-07-27 12:00:00,0.08173,0.08203,0.08083,0.08163,500145.9667
2026-07-27 13:00:00,0.08163,0.08234,0.08098,0.08167,507850.7138
2026-07-27 14:00:00,0.08166,0.08192,0.07935,0.07982,1479916.137
2026-07-27 15:00:00,0.07978,0.07996,0.07896,0.07927,846186.4737
2026-07-27 16:00:00,0.0792,0.07972,0.07902,0.07954,852454.0375
2026-07-27 17:00:00,0.07956,0.07999,0.07952,0.0798,1117043.2516
2026-07-27 18:00:00,0.07983,0.0799,0.07902,0.07946,367166.3316
2026-07-27 19:00:00,0.07946,0.07984,0.07931,0.07954,187858.7214
2026-07-27 20:00:00,0.07956,0.07963,0.07923,0.07955,98842.313
2026-07-27 21:00:00,0.07955,0.07957,0.07893,0.07899,472458.4349
2026-07-27 22:00:00,0.07893,0.07893,0.07675,0.07702,906534.6069
2026-07-27 23:00:00,0.07682,0.0775,0.07653,0.07712,373456.257
2026-07-28 00:00:00,0.07713,0.07779,0.07709,0.07732,681901.1655
2026-07-28 01:00:00,0.07738,0.0775,0.07674,0.0772,159902.2603
2026-07-28 02:00:00,0.07714,0.07774,0.07712,0.07774,241429.5964
2026-07-28 03:00:00,0.07774,0.07788,0.07758,0.07764,150751.6204
2026-07-28 04:00:00,0.07764,0.07774,0.07737,0.07766,98315.8526
2026-07-28 05:00:00,0.07764,0.07799,0.07764,0.07774,202206.2747
2026-07-28 06:00:00,0.07771,0.07818,0.0777,0.07815,276506.5955
2026-07-28 07:00:00,0.07815,0.07821,0.07771,0.07794,153453.6229
2026-07-28 08:00:00,0.0779,0.0779,0.07757,0.07773,340174.1146
2026-07-28 09:00:00,0.07773,0.07777,0.07737,0.07759,351206.8873
2026-07-28 10:00:00,0.07759,0.07776,0.07749,0.07762,216472.9663
2026-07-28 11:00:00,0.07763,0.07801,0.07742,0.0777,472406.0238
2026-07-28 12:00:00,0.07763,0.07882,0.07759,0.0784,623159.597
2026-07-28 13:00:00,0.07843,0.07851,0.07721,0.07781,643772.3677
2026-07-28 14:00:00,0.07779,0.07871,0.07774,0.07833,649409.643
2026-07-28 15:00:00,0.07834,0.07976,0.0783,0.07944,449999.0324
2026-07-28 16:00:00,0.07941,0.07954,0.07884,0.0789,425904.8787
2026-07-28 17:00:00,0.07899,0.07899,0.07843,0.07875,108825.4373
2026-07-28 18:00:00,0.0788,0.07905,0.07827,0.07832,151608.0871
2026-07-28 19:00:00,0.07832,0.07856,0.07809,0.07826,122736.189
2026-07-28 20:00:00,0.07828,0.07846,0.07792,0.07833,442351.5068
2026-07-28 21:00:00,0.07825,0.07914,0.07825,0.07907,171561.7868
2026-07-28 22:00:00,0.07897,0.07944,0.07871,0.07871,398613.0084
2026-07-28 23:00:00,0.07878,0.07927,0.07863,0.07907,399074.9614
2026-07-29 00:00:00,0.07911,0.07948,0.07899,0.07906,344404.2173
2026-07-29 01:00:00,0.07904,0.07919,0.07831,0.07842,109255.9677
2026-07-29 02:00:00,0.07839,0.07868,0.0782,0.07843,157691.1879
2026-07-29 03:00:00,0.07843,0.07843,0.07727,0.07731,304721.3275
2026-07-29 04:00:00,0.07732,0.07773,0.0768,0.07765,324875.7058
2026-07-29 05:00:00,0.07769,0.078,0.07768,0.07778,225471.7446
2026-07-29 06:00:00,0.07774,0.07839,0.07762,0.07812,682988.1798
2026-07-29 07:00:00,0.07813,0.07869,0.07809,0.07866,95889.5766
2026-07-29 08:00:00,0.07869,0.07876,0.07799,0.07829,342215.1547
2026-07-29 09:00:00,0.0783,0.07865,0.07825,0.07843,192403.3081
2026-07-29 10:00:00,0.07841,0.07847,0.07784,0.07791,311348.9397
2026-07-29 11:00:00,0.07793,0.07842,0.07793,0.07839,551120.982
2026-07-29 12:00:00,0.07839,0.07839,0.07789,0.07811,391553.4155
2026-07-29 13:00:00,0.07812,0.0785,0.07781,0.07824,400427.2939
2026-07-29 14:00:00,0.07831,0.07836,0.07777,0.07794,114181.6861
2026-07-29 15:00:00,0.0778,0.07847,0.07774,0.07799,768778.6373
2026-07-29 16:00:00,0.078,0.07819,0.07773,0.0778,888559.0867
2026-07-29 17:00:00,0.0778,0.07885,0.07772,0.07885,298323.3138
2026-07-29 18:00:00,0.07887,0.07959,0.0781,0.079,934460.1126
2026-07-29 19:00:00,0.07905,0.0791,0.07775,0.07798,498151.2071
2026-07-29 20:00:00,0.07801,0.07815,0.07731,0.0776,539387.0272
2026-07-29 21:00:00,0.07758,0.07822,0.07707,0.07819,313608.6732
2026-07-29 22:00:00,0.07818,0.07938,0.07818,0.07915,640764.7557
2026-07-29 23:00:00,0.07911,0.07925,0.07871,0.07915,321198.1126
2026-07-30 00:00:00,0.07925,0.07938,0.07873,0.07891,228786.4703
2026-07-30 01:00:00,0.07898,0.08001,0.07898,0.07981,665134.2141
2026-07-30 02:00:00,0.07986,0.08017,0.07923,0.07923,222738.0142
2026-07-30 03:00:00,0.07921,0.07937,0.07903,0.07925,57776.862
2026-07-30 04:00:00,0.07924,0.07924,0.07897,0.07905,98598.8431
2026-07-30 05:00:00,0.07906,0.07923,0.07888,0.07906,127170.8543
2026-07-30 06:00:00,0.07904,0.07905,0.07873,0.07885,363448.6367
2026-07-30 07:00:00,0.07888,0.07915,0.07877,0.07899,191956.1747
2026-07-30 08:00:00,0.07897,0.07946,0.07887,0.07934,156279.1623
2026-07-30 09:00:00,0.07926,0.07946,0.0791,0.0793,689071.8462
2026-07-30 10:00:00,0.07927,0.07948,0.0781,0.07827,788824.288
2026-07-30 11:00:00,0.07829,0.07856,0.07811,0.07832,563992.1653
2026-07-30 12:00:00,0.0783,0.07836,0.07788,0.07805,569680.3036
2026-07-30 13:00:00,0.07801,0.0786,0.07787,0.07845,469919.6958
2026-07-30 14:00:00,0.07844,0.07869,0.07808,0.07815,573187.7477
2026-07-30 15:00:00,0.07816,0.07835,0.07783,0.07821,627909.8727
2026-07-30 16:00:00,0.07824,0.07842,0.07775,0.07805,894039.3324
2026-07-30 17:00:00,0.07803,0.07891,0.07783,0.07833,2645696.5466
2026-07-30 18:00:00,0.07833,0.07837,0.07795,0.07809,111080.2518
2026-07-30 19:00:00,0.07808,0.0787,0.07808,0.07821,365325.9395
2026-07-30 20:00:00,0.07821,0.07844,0.07796,0.07807,399001.2287
2026-07-30 21:00:00,0.07803,0.07823,0.07785,0.07807,163833.9241
2026-07-30 22:00:00,0.07805,0.07827,0.07787,0.07815,233670.5173
2026-07-30 23:00:00,0.07812,0.07816,0.07743,0.07748,161342.8839
2026-07-31 00:00:00,0.07745,0.07775,0.07714,0.0775,325616.2543
2026-07-31 01:00:00,0.07757,0.07825,0.07728,0.0774,441746.6184
2026-07-31 02:00:00,0.07739,0.07748,0.07696,0.07727,340965.4584
2026-07-31 03:00:00,0.07721,0.07786,0.07705,0.07766,443313.997
2026-07-31 04:00:00,0.07765,0.07774,0.07739,0.07755,66157.7358
2026-07-31 05:00:00,0.0777,0.07779,0.07721,0.07739,701670.667
2026-07-31 06:00:00,0.07739,0.0774,0.07671,0.07684,396366.9331
2026-07-31 07:00:00,0.07682,0.07724,0.07638,0.07711,641198.4481
2026-07-31 08:00:00,0.0771,0.07724,0.07681,0.07681,158079.5897
2026-07-31 09:00:00,0.07689,0.07693,0.0761,0.07622,526681.8737
2026-07-31 10:00:00,0.07619,0.07638,0.07592,0.07619,191455.7596
2026-07-31 11:00:00,0.07624,0.07637,0.07608,0.07609,100650.0759
2026-07-31 12:00:00,0.07605,0.07643,0.07559,0.07643,1137390.0304
2026-07-31 13:00:00,0.07644,0.07688,0.07606,0.07636,359901.8735
2026-07-31 14:00:00,0.07635,0.0775,0.07567,0.07729,1043035.9774
2026-07-31 15:00:00,0.0772,0.07748,0.07701,0.07707,625730.4173
2026-07-31 16:00:00,0.07708,0.07733,0.07701,0.07715,207515.6704
2026-07-31 17:00:00,0.07715,0.07778,0.0771,0.07754,361250.033
2026-07-31 18:00:00,0.07752,0.07762,0.07725,0.07733,303380.7287
2026-07-31 19:00:00,0.07731,0.07741,0.07694,0.07718,148868.6808
2026-07-31 20:00:00,0.07721,0.07742,0.07711,0.07715,187299.1858
2026-07-31 21:00:00,0.07713,0.07742,0.07699,0.07713,153645.0481
2026-07-31 22:00:00,0.07714,0.07743,0.07714,0.07723,125002.6141
2026-07-31 23:00:00,0.07722,0.07845,0.07722,0.07833,979899.9343
2026-08-01 00:00:00,0.07839,0.07899,0.0781,0.07836,701324.3863
2026-08-01 01:00:00,0.07847,0.07875,0.0784,0.07848,711217.9516
2026-08-01 02:00:00,0.07845,0.07862,0.07834,0.07849,167554.0625
2026-08-01 03:00:00,0.07846,0.07861,0.07815,0.07831,266987.2725
2026-08-01 04:00:00,0.07828,0.0786,0.07828,0.07853,311496.3448
2026-08-01 05:00:00,0.07857,0.07857,0.07788,0.07791,227647.0656
2026-08-01 06:00:00,0.07786,0.07811,0.07772,0.07796,257913.1243
2026-08-01 07:00:00,0.07799,0.07813,0.07792,0.07795,70458.8624
2026-08-01 08:00:00,0.07797,0.0782,0.07788,0.07805,122261.8193
2026-08-01 09:00:00,0.07796,0.07822,0.07791,0.07817,61879.5279
2026-08-01 10:00:00,0.0782,0.07836,0.07791,0.078,258176.0623
2026-08-01 11:00:00,0.07808,0.07837,0.07808,0.07837,118725.6081
2026-08-01 12:00:00,0.07838,0.07882,0.07838,0.07863,377546.4982
2026-08-01 13:00:00,0.07865,0.07884,0.07831,0.07846,353176.6168
2026-08-01 14:00:00,0.07847,0.07855,0.07793,0.07836,397004.3481
2026-08-01 15:00:00,0.07837,0.07846,0.07828,0.07833,342049.3007
2026-08-01 16:00:00,0.07831,0.07859,0.07818,0.0783,95052.18
2026-08-01 17:00:00,0.0783,0.07848,0.07786,0.07813,296045.3194
2026-08-01 18:00:00,0.07814,0.07825,0.07704,0.07806,834000.234
2026-08-01 19:00:00,0.07811,0.079,0.07809,0.07863,1057382.3173
2026-08-01 20:00:00,0.07852,0.07876,0.07829,0.0786,366031.741
2026-08-01 21:00:00,0.07859,0.07954,0.07843,0.07945,887211.985
2026-08-01 22:00:00,0.07949,0.07979,0.07892,0.07893,640305.5232
2026-08-01 23:00:00,0.07891,0.07906,0.07873,0.079,237098.6791
2026-08-02 00:00:00,0.079,0.07956,0.07891,0.07917,1021301.0206
2026-08-02 01:00:00,0.07933,0.07976,0.07926,0.07964,200280.944
2026-08-02 02:00:00,0.07964,0.08061,0.07963,0.08046,541879.0779
2026-08-02 03:00:00,0.08047,0.08078,0.08019,0.08074,223041.6217
2026-08-02 04:00:00,0.08079,0.08132,0.08077,0.08106,299956.401
2026-08-02 05:00:00,0.08107,0.08225,0.0808,0.08185,1010893.8867
2026-08-02 06:00:00,0.08182,0.08231,0.08151,0.08161,818488.5067
2026-08-02 07:00:00,0.08161,0.08192,0.08152,0.08189,284124.8591
2026-08-02 08:00:00,0.08191,0.08219,0.0816,0.08186,215396.1864
2026-08-02 09:00:00,0.08187,0.08229,0.08167,0.08188,586673.6163
2026-08-02 10:00:00,0.08185,0.08204,0.08164,0.08171,109387.5858
2026-08-02 11:00:00,0.08165,0.08195,0.08155,0.08158,352521.3026
2026-08-02 12:00:00,0.0816,0.08193,0.08156,0.08193,193633.7294
2026-08-02 13:00:00,0.08183,0.08183,0.08108,0.08124,476698.5507
2026-08-02 14:00:00,0.08122,0.08145,0.0802,0.08051,1337138.9337
2026-08-02 15:00:00,0.08053,0.08074,0.0803,0.08067,322393.5073
2026-08-02 16:00:00,0.08079,0.08105,0.08046,0.08066,477319.3914
2026-08-02 17:00:00,0.08065,0.08098,0.08065,0.08097,51479.8663
2026-08-02 18:00:00,0.08096,0.08174,0.08096,0.08149,583216.6406
2026-08-02 19:00:00,0.08142,0.08162,0.08132,0.08156,58855.6939
2026-08-02 20:00:00,0.08163,0.08166,0.0812,0.08132,53881.6255
2026-08-02 21:00:00,0.0813,0.08189,0.08126,0.08174,175842.187
2026-08-02 22:00:00,0.0819,0.0819,0.0812,0.08144,154786.0561
2026-08-02 23:00:00,0.08144,0.08177,0.08122,0.08163,116030.4513
2026-08-03 00:00:00,0.08166,0.0818,0.08115,0.08127,211415.7134
2026-08-03 01:00:00,0.08125,0.08125,0.08061,0.08078,408225.613
2026-08-03 02:00:00,0.0807,0.08076,0.08035,0.08041,267518.8889
2026-08-03 03:00:00,0.08042,0.08076,0.08021,0.08068,348566.18
2026-08-03 04:00:00,0.08066,0.08087,0.08055,0.08062,161849.1963
2026-08-03 05:00:00,0.0806,0.081,0.08059,0.08094,96296.0999
2026-08-03 06:00:00,0.08098,0.08103,0.0804,0.08046,214230.1207
2026-08-03 07:00:00,0.08046,0.08069,0.08023,0.0804,330276.931
2026-08-03 08:00:00,0.08039,0.08087,0.07986,0.08087,364647.7961
2026-08-03 09:00:00,0.08091,0.08131,0.08062,0.08119,487617.1176
2026-08-03 10:00:00,0.08123,0.08125,0.08032,0.08049,460958.0175
2026-08-03 11:00:00,0.08048,0.08084,0.08043,0.08077,182429.6443
2026-08-03 12:00:00,0.08081,0.08141,0.08078,0.08127,151361.1821
2026-08-03 13:00:00,0.08126,0.08155,0.08035,0.08153,563522.1015
2026-08-03 14:00:00,0.08157,0.08192,0.08113,0.08148,651735.0684
2026-08-03 15:00:00,0.08146,0.08152,0.08106,0.08122,621195.3311
2026-08-03 16:00:00,0.08123,0.08202,0.08115,0.08184,346094.9098
2026-08-03 17:00:00,0.08182,0.08203,0.08169,0.08177,309227.439
2026-08-03 18:00:00,0.08184,0.08193,0.08137,0.08162,696085.62
2026-08-03 19:00:00,0.08162,0.08243,0.0816,0.08234,526129.6103
2026-08-03 20:00:00,0.08237,0.08284,0.08218,0.08243,636629.6758
2026-08-03 21:00:00,0.08237,0.08303,0.08237,0.08272,334293.6966
2026-08-03 22:00:00,0.08271,0.08271,0.08213,0.08233,225975.7803
2026-08-03 23:00:00,0.08238,0.08272,0.08213,0.08272,143223.6042
2026-08-04 00:00:00,0.0827,0.08305,0.08189,0.082,413859.4506
2026-08-04 01:00:00,0.08197,0.0837,0.08193,0.08364,389574.1184
2026-08-04 02:00:00,0.08368,0.08406,0.08344,0.08391,383068.6873
2026-08-04 03:00:00,0.08396,0.08402,0.08303,0.08314,604754.0243
2026-08-04 04:00:00,0.08313,0.0836,0.08295,0.08328,292675.7355
2026-08-04 05:00:00,0.0833,0.08335,0.08306,0.08319,235012.4536
2026-08-04 06:00:00,0.08316,0.08344,0.08261,0.0827,386849.1927
2026-08-04 07:00:00,0.08269,0.08274,0.08232,0.08272,285137.0546
2026-08-04 08:00:00,0.0827,0.08277,0.08225,0.08244,149609.1891
2026-08-04 09:00:00,0.08244,0.08259,0.0822,0.08251,131930.708
2026-08-04 10:00:00,0.08248,0.0825,0.08187,0.08225,846219.4098
2026-08-04 11:00:00,0.08223,0.08232,0.08195,0.0823,242614.4525
2026-08-04 12:00:00,0.08228,0.08231,0.08193,0.08195,185222.2034
2026-08-04 13:00:00,0.08194,0.08211,0.08123,0.08148,1228465.9063
2026-08-04 14:00:00,0.0815,0.082,0.08102,0.08168,641102.7041
2026-08-04 15:00:00,0.08168,0.08204,0.08125,0.08176,663122.913
2026-08-04 16:00:00,0.08168,0.08172,0.08119,0.08128,210338.5009
2026-08-04 17:00:00,0.08128,0.08199,0.08126,0.08149,377890.9021
2026-08-04 18:00:00,0.08151,0.08211,0.08151,0.08194,319405.5417
2026-08-04 19:00:00,0.08197,0.08228,0.08189,0.08189,575790.4218
2026-08-04 20:00:00,0.08191,0.08258,0.08178,0.08251,264681.2791
2026-08-04 21:00:00,0.08248,0.0826,0.08237,0.08239,210043.5055
2026-08-04 22:00:00,0.0824,0.08255,0.08215,0.08232,227401.8669
2026-08-04 23:00:00,0.0823,0.08237,0.08187,0.08187,113011.4653
2026-08-05 00:00:00,0.08187,0.08193,0.0808,0.08091,368060.6597
2026-08-05 01:00:00,0.08088,0.08137,0.08079,0.08121,277625.0824
2026-08-05 02:00:00,0.08122,0.08163,0.08118,0.08145,222951.3082
2026-08-05 03:00:00,0.08145,0.08147,0.08055,0.08063,457327.8834
2026-08-05 04:00:00,0.08065,0.08079,0.08041,0.08051,249040.1636
2026-08-05 05:00:00,0.08052,0.08111,0.08049,0.08081,205215.8091
2026-08-05 06:00:00,0.0808,0.08096,0.08056,0.08063,225576.8091
2026-08-05 07:00:00,0.08063,0.08105,0.08057,0.08096,195766.6776
2026-08-05 08:00:00,0.08102,0.08133,0.08085,0.08087,285106.333
2026-08-05 09:00:00,0.08085,0.08139,0.08081,0.08109,451459.8161
2026-08-05 10:00:00,0.08108,0.08132,0.08092,0.08116,266422.303
2026-08-05 11:00:00,0.08115,0.08126,0.08087,0.08107,164824.8069
2026-08-05 12:00:00,0.08105,0.08173,0.08104,0.08114,264129.314
2026-08-05 13:00:00,0.08115,0.08123,0.08007,0.08087,960136.4137
2026-08-05 14:00:00,0.08086,0.08116,0.08076,0.08084,670492.0687
2026-08-05 15:00:00,0.08085,0.08125,0.08063,0.08063,714059.4428
2026-08-05 16:00:00,0.08062,0.08136,0.0806,0.08121,384867.4138
2026-08-05 17:00:00,0.08123,0.08158,0.08107,0.08127,311086.2811
2026-08-05 18:00:00,0.08129,0.08141,0.08101,0.08116,375825.9451
2026-08-05 19:00:00,0.08115,0.08116,0.08064,0.08065,322746.0379
2026-08-05 20:00:00,0.08066,0.08101,0.08057,0.08081,380556.0158
2026-08-05 21:00:00,0.08082,0.08085,0.08037,0.0806,270842.5992
2026-08-05 22:00:00,0.08059,0.08082,0.08052,0.08055,254365.7521
2026-08-05 23:00:00,0.08055,0.08071,0.08037,0.08046,203710.0054
2026-08-06 00:00:00,0.08046,0.08085,0.08036,0.08067,523706.4583
2026-08-06 01:00:00,0.08068,0.0807,0.07955,0.07971,806056.6178
2026-08-06 02:00:00,0.07971,0.08001,0.07959,0.07986,440889.0348
2026-08-06 03:00:00,0.07986,0.0799,0.07957,0.0797,146252.0486
2026-08-06 04:00:00,0.0797,0.08008,0.07956,0.07997,474056.374
2026-08-06 05:00:00,0.07998,0.08043,0.07995,0.08005,212096.4977
2026-08-06 06:00:00,0.08011,0.08016,0.0799,0.07994,131610.945
2026-08-06 07:00:00,0.07996,0.08034,0.07988,0.07994,154579.6256
2026-08-06 08:00:00,0.07999,0.08026,0.07978,0.0801,709300.6631
2026-08-06 09:00:00,0.08009,0.08009,0.07686,0.0783,3555961.5327
2026-08-06 10:00:00,0.07828,0.07828,0.07745,0.07747,832912.6578
2026-08-06 11:00:00,0.07748,0.07792,0.07726,0.0779,643732.8267
2026-08-06 12:00:00,0.07786,0.07788,0.07748,0.0775,687637.1997
2026-08-06 13:00:00,0.0775,0.07825,0.07743,0.07815,497912.9378
2026-08-06 14:00:00,0.07815,0.07871,0.07814,0.07868,1457897.1639
2026-08-06 15:00:00,0.07868,0.07906,0.0785,0.07877,405217.2942
2026-08-06 16:00:00,0.07876,0.079,0.07836,0.07883,320876.9685
2026-08-06 17:00:00,0.0789,0.07909,0.07886,0.07906,620505.1255
2026-08-06 18:00:00,0.07906,0.07935,0.07882,0.07913,367316.3932
2026-08-06 19:00:00,0.07909,0.0794,0.07867,0.07867,456895.4192
2026-08-06 20:00:00,0.07867,0.07907,0.07865,0.07865,360443.4056
2026-08-06 21:00:00,0.07865,0.0791,0.07864,0.07901,164630.9275
2026-08-06 22:00:00,0.07903,0.07908,0.07822,0.07833,661629.1559
2026-08-06 23:00:00,0.07828,0.07847,0.07813,0.07835,157279.8099
2026-08-07 00:00:00,0.07834,0.07843,0.07797,0.07809,565338.165
2026-08-07 01:00:00,0.07813,0.07843,0.07802,0.07817,327165.4798
2026-08-07 02:00:00,0.07813,0.07833,0.07782,0.07833,541166.1762
2026-08-07 03:00:00,0.07831,0.07847,0.07795,0.07803,213723.1486
2026-08-07 04:00:00,0.07794,0.07827,0.07762,0.07769,698529.393
2026-08-07 05:00:00,0.07768,0.07798,0.07751,0.07793,420594.3977
2026-08-07 06:00:00,0.07789,0.07817,0.07777,0.078,345571.0833
2026-08-07 07:00:00,0.07801,0.07818,0.07786,0.07789,465515.2066
2026-08-07 08:00:00,0.07796,0.07815,0.07765,0.07777,469269.4751
2026-08-07 09:00:00,0.07777,0.07813,0.07756,0.0776,364829.1675
2026-08-07 10:00:00,0.07763,0.07797,0.07759,0.07771,345269.8898
2026-08-07 11:00:00,0.07774,0.07863,0.07771,0.07828,597724.6457
2026-08-07 12:00:00,0.07826,0.07897,0.07798,0.07805,1403552.2447
2026-08-07 13:00:00,0.078,0.07823,0.07768,0.07797,568107.8634
2026-08-07 14:00:00,0.07799,0.07803,0.07731,0.07735,715016.2116
2026-08-07 15:00:00,0.07739,0.07843,0.07733,0.07818,696884.1357
2026-08-07 16:00:00,0.07813,0.07846,0.078,0.07804,631260.6347
2026-08-07 17:00:00,0.07801,0.07854,0.07777,0.07854,242369.6883
2026-08-07 18:00:00,0.0785,0.07864,0.07796,0.07808,762536.4384
2026-08-07 19:00:00,0.07805,0.0792,0.07805,0.07913,391768.9299
2026-08-07 20:00:00,0.0792,0.07921,0.07871,0.07898,568520.9112
2026-08-07 21:00:00,0.07902,0.07923,0.07883,0.07885,379104.7631
2026-08-07 22:00:00,0.07888,0.07944,0.07871,0.07894,616512.4228
2026-08-07 23:00:00,0.07891,0.07917,0.07879,0.07917,79285.3352
2026-08-08 00:00:00,0.07913,0.07914,0.07842,0.07848,637694.7235
2026-08-08 01:00:00,0.07846,0.07859,0.07828,0.07838,360225.8371
2026-08-08 02:00:00,0.07836,0.07837,0.07816,0.07825,215111.4586
2026-08-08 03:00:00,0.07825,0.07891,0.07825,0.07884,338932.4634
2026-08-08 04:00:00,0.07886,0.07913,0.0787,0.07886,655854.7279
2026-08-08 05:00:00,0.07885,0.07907,0.0787,0.07887,578126.2315
2026-08-08 06:00:00,0.07887,0.07929,0.0788,0.0788,750437.5828
2026-08-08 07:00:00,0.07881,0.07891,0.07867,0.07875,405458.0719
2026-08-08 08:00:00,0.07873,0.07887,0.07863,0.07874,345573.3928
2026-08-08 09:00:00,0.07874,0.07914,0.07873,0.07892,135912.5222
2026-08-08 10:00:00,0.07891,0.07972,0.07888,0.0796,591181.0534
2026-08-08 11:00:00,0.07962,0.07989,0.07946,0.07968,890465.1229
2026-08-08 12:00:00,0.07967,0.07986,0.07925,0.07973,1216043.1285
2026-08-08 13:00:00,0.07983,0.07992,0.07955,0.0797,499168.3442
2026-08-08 14:00:00,0.07968,0.08004,0.07954,0.07974,936987.6782
2026-08-08 15:00:00,0.0798,0.07999,0.07961,0.07972,194757.6131
2026-08-08 16:00:00,0.07977,0.07998,0.07965,0.07967,924371.9945
2026-08-08 17:00:00,0.07967,0.07981,0.07937,0.07945,598361.2711
2026-08-08 18:00:00,0.07945,0.07946,0.07912,0.07912,312539.2521
2026-08-08 19:00:00,0.07908,0.07908,0.07877,0.07881,981279.0996
2026-08-08 20:00:00,0.07883,0.079,0.07868,0.07888,745085.174
2026-08-08 21:00:00,0.07887,0.07895,0.07866,0.07873,149540.6114
2026-08-08 22:00:00,0.07867,0.07869,0.07831,0.07834,311400.2733
2026-08-08 23:00:00,0.07832,0.07838,0.07793,0.07828,774005.7967
2026-08-09 00:00:00,0.07828,0.07832,0.07807,0.07831,622391.454
2026-08-09 01:00:00,0.07828,0.07843,0.07793,0.07814,729549.9952
2026-08-09 02:00:00,0.07817,0.0784,0.07808,0.07811,474373.2836
2026-08-09 03:00:00,0.07813,0.07838,0.078,0.0781,653749.5001
2026-08-09 04:00:00,0.07808,0.07839,0.07806,0.07808,759581.9167
2026-08-09 05:00:00,0.07805,0.07819,0.07758,0.07775,658888.4772
2026-08-09 06:00:00,0.07772,0.07812,0.07768,0.07806,127435.9802
2026-08-09 07:00:00,0.07805,0.07805,0.07767,0.0778,740516.8046
2026-08-09 08:00:00,0.07779,0.07797,0.077,0.07726,1151933.5662
2026-08-09 09:00:00,0.07721,0.07747,0.07711,0.07747,985004.587
2026-08-09 10:00:00,0.07745,0.07761,0.07732,0.07761,631925.0391
2026-08-09 11:00:00,0.07761,0.07765,0.07739,0.07758,289832.7384
2026-08-09 12:00:00,0.07757,0.07768,0.07745,0.07767,270779.2541
2026-08-09 13:00:00,0.07764,0.07792,0.07764,0.07772,375218.047
2026-08-09 14:00:00,0.07772,0.07813,0.07758,0.07809,679136.9342
2026-08-09 15:00:00,0.07807,0.07864,0.07807,0.07864,869711.1209
2026-08-09 16:00:00,0.07865,0.07876,0.07827,0.07861,986239.1869
2026-08-09 17:00:00,0.07866,0.07883,0.07841,0.07869,347183.5794
2026-08-09 18:00:00,0.07875,0.07875,0.07835,0.07852,232294.6612
2026-08-09 19:00:00,0.07855,0.07885,0.07837,0.07885,595937.819
2026-08-09 20:00:00,0.07885,0.07995,0.07882,0.0797,1153107.8052
2026-08-09 21:00:00,0.07972,0.08066,0.07922,0.08058,1354696.0638
2026-08-09 22:00:00,0.08059,0.08069,0.07873,0.07897,1023076.3754
2026-08-09 23:00:00,0.07887,0.07902,0.07761,0.07783,646738.0013
2026-08-10 00:00:00,0.07776,0.07853,0.0775,0.07793,931276.1363
2026-08-10 01:00:00,0.078,0.0789,0.07787,0.07865,541530.4537
2026-08-10 02:00:00,0.07867,0.07904,0.07817,0.079,463212.4207
2026-08-10 03:00:00,0.07896,0.0791,0.07837,0.07837,605161.6118
2026-08-10 04:00:00,0.07836,0.07889,0.07835,0.07859,472389.938
2026-08-10 05:00:00,0.07861,0.07982,0.07861,0.07962,893349.8608
2026-08-10 06:00:00,0.07963,0.08003,0.07945,0.0797,1253934.7377
2026-08-10 07:00:00,0.07974,0.08055,0.07958,0.08024,1387466.4937
2026-08-10 08:00:00,0.08023,0.08048,0.07959,0.07998,1324514.5704
2026-08-10 09:00:00,0.07994,0.08023,0.07959,0.07967,663490.8964
2026-08-10 10:00:00,0.07963,0.07972,0.07942,0.0795,344357.5368
2026-08-10 11:00:00,0.07953,0.08018,0.0791,0.07997,896418.9389
2026-08-10 12:00:00,0.08002,0.08036,0.07963,0.08028,1113413.2607
2026-08-10 13:00:00,0.08022,0.08095,0.08021,0.08059,1678620.7132
2026-08-10 14:00:00,0.08056,0.08086,0.07993,0.08002,1035463.0436
2026-08-10 15:00:00,0.07999,0.08033,0.07962,0.08008,1416587.2139
2026-08-10 16:00:00,0.08003,0.08048,0.07957,0.07986,1871247.4332
2026-08-10 17:00:00,0.07987,0.08094,0.07978,0.08044,706980.3058
2026-08-10 18:00:00,0.08047,0.08081,0.0799,0.08008,798578.1014
2026-08-10 19:00:00,0.08007,0.08086,0.08005,0.08063,691417.8176
2026-08-10 20:00:00,0.08061,0.08067,0.08031,0.08049,547995.4866
2026-08-10 21:00:00,0.08051,0.08051,0.07942,0.07952,1190216.1207
2026-08-10 22:00:00,0.07951,0.07981,0.0792,0.0798,800313.6842
2026-08-10 23:00:00,0.07978,0.08012,0.07966,0.08005,284508.7243
2026-08-11 00:00:00,0.08004,0.08117,0.07978,0.08087,2833551.7157
2026-08-11 01:00:00,0.08085,0.08155,0.08081,0.08119,1128389.3642
2026-08-11 02:00:00,0.08112,0.08138,0.08076,0.08076,548728.6177
2026-08-11 03:00:00,0.08074,0.08091,0.08037,0.08058,457684.3924
2026-08-11 04:00:00,0.08053,0.08064,0.08009,0.08012,647343.4475
2026-08-11 05:00:00,0.08007,0.08021,0.07975,0.08013,372900.2585
2026-08-11 06:00:00,0.08007,0.08041,0.07969,0.07977,349248.3707
2026-08-11 07:00:00,0.07981,0.08002,0.07929,0.07997,922096.4395
2026-08-11 08:00:00,0.07991,0.08016,0.07977,0.08006,576502.5177
2026-08-11 09:00:00,0.07999,0.08032,0.0797,0.08006,832171.2161
2026-08-11 10:00:00,0.08002,0.08012,0.07938,0.07948,490789.741
2026-08-11 11:00:00,0.07944,0.0801,0.07944,0.08008,413000.6158
2026-08-11 12:00:00,0.08009,0.08049,0.07977,0.07996,1191047.7089
2026-08-11 13:00:00,0.07999,0.08023,0.07968,0.07995,407579.9813
2026-08-11 14:00:00,0.0799,0.08,0.07784,0.07809,2716879.7545
2026-08-11 15:00:00,0.07811,0.07857,0.07745,0.07796,1859733.5725
2026-08-11 16:00:00,0.07793,0.07852,0.0778,0.0783,387566.9974
2026-08-11 17:00:00,0.07825,0.07844,0.07789,0.07822,949225.9001
2026-08-11 18:00:00,0.07818,0.07818,0.0775,0.07757,640857.8287
2026-08-11 19:00:00,0.07759,0.07829,0.07735,0.07824,584800.649
2026-08-11 20:00:00,0.07827,0.07891,0.07824,0.07867,454853.3753
2026-08-11 21:00:00,0.07865,0.07885,0.07842,0.07876,191008.3524
2026-08-11 22:00:00,0.07884,0.07938,0.07869,0.07938,897062.2627
2026-08-11 23:00:00,0.07937,0.08045,0.07922,0.08029,1075730.0528
2026-08-12 00:00:00,0.08027,0.08046,0.07981,0.08028,3267789.4657
2026-08-12 01:00:00,0.08027,0.08087,0.08023,0.08053,1205087.3628
2026-08-12 02:00:00,0.0805,0.08059,0.08007,0.08015,926287.565
2026-08-12 03:00:00,0.08014,0.08047,0.08013,0.08023,505568.5307
2026-08-12 04:00:00,0.08023,0.08033,0.07952,0.07964,778180.6468
2026-08-12 05:00:00,0.07964,0.07979,0.07954,0.07957,348882.5319
2026-08-12 06:00:00,0.07956,0.07967,0.07859,0.07873,1381028.708
2026-08-12 07:00:00,0.07873,0.07886,0.07847,0.07868,451241.7563
2026-08-12 08:00:00,0.07866,0.07866,0.07811,0.07811,1306120.1814
2026-08-12 09:00:00,0.0781,0.07894,0.07802,0.07872,433838.5323
2026-08-12 10:00:00,0.07874,0.07904,0.07867,0.07891,452139.2461
2026-08-12 11:00:00,0.0789,0.07905,0.07863,0.07893,260769.4379
2026-08-12 12:00:00,0.07893,0.07948,0.07867,0.07906,2785959.4527
2026-08-12 13:00:00,0.07914,0.07914,0.07864,0.07881,521167.8888
2026-08-12 14:00:00,0.07874,0.07874,0.07796,0.07828,1151433.2904
2026-08-12 15:00:00,0.07825,0.07878,0.07819,0.07868,395649.1066
2026-08-12 16:00:00,0.07874,0.07894,0.07816,0.07856,676950.3309
2026-08-12 17:00:00,0.07852,0.0789,0.0784,0.07851,678086.9211
2026-08-12 18:00:00,0.07844,0.07852,0.07813,0.07819,810455.1001
2026-08-12 19:00:00,0.07819,0.07836,0.07665,0.07712,2654599.8058
2026-08-12 20:00:00,0.07715,0.07726,0.07575,0.07654,2751271.1405
2026-08-12 21:00:00,0.0765,0.07668,0.07452,0.07491,2452950.7928
2026-08-12 22:00:00,0.0749,0.07512,0.07426,0.07435,1910845.8827
2026-08-12 23:00:00,0.07438,0.07439,0.07358,0.07407,2434301.3745
2026-08-13 00:00:00,0.07408,0.07466,0.07393,0.07398,1963348.7521
2026-08-13 01:00:00,0.07398,0.07467,0.07367,0.07462,1709060.1748
2026-08-13 02:00:00,0.07457,0.07481,0.07402,0.07471,912861.0842
2026-08-13 03:00:00,0.07469,0.07618,0.07462,0.07556,2506353.3297
2026-08-13 04:00:00,0.07553,0.07616,0.07552,0.07608,2342318.1156
2026-08-13 05:00:00,0.07607,0.07644,0.07606,0.07611,827987.9185
2026-08-13 06:00:00,0.07613,0.07657,0.07612,0.07644,604196.9293
2026-08-13 07:00:00,0.07644,0.07671,0.07543,0.07548,1390326.3879
2026-08-13 08:00:00,0.07547,0.07571,0.07473,0.07494,1764918.1257
2026-08-13 09:00:00,0.07494,0.07495,0.07466,0.07493,643436.559
2026-08-13 10:00:00,0.07493,0.07493,0.07446,0.0748,670824.5304
2026-08-13 11:00:00,0.07481,0.07493,0.07444,0.07459,1246941.6701
2026-08-13 12:00:00,0.07459,0.075,0.07456,0.07488,588998.6755
2026-08-13 13:00:00,0.07493,0.0756,0.07464,0.07555,1175408.2329
2026-08-13 14:00:00,0.07555,0.07575,0.07524,0.07569,1573191.2506
2026-08-13 15:00:00,0.07569,0.0758,0.0747,0.0747,1009722.72
2026-08-13 16:00:00,0.07479,0.07532,0.07415,0.07455,2434478.854
2026-08-13 17:00:00,0.07453,0.07493,0.07453,0.07472,563258.2332
2026-08-13 18:00:00,0.07473,0.0752,0.07472,0.07514,502525.1388
2026-08-13 19:00:00,0.0752,0.07541,0.07488,0.0752,458723.0629
2026-08-13 20:00:00,0.07518,0.0752,0.07495,0.07501,418514.8135
2026-08-13 21:00:00,0.07501,0.07545,0.07501,0.07532,141241.839
2026-08-13 22:00:00,0.07528,0.076,0.07528,0.07572,989110.8725
2026-08-13 23:00:00,0.07572,0.07577,0.07512,0.07527,342274.7955
2026-08-14 00:00:00,0.07527,0.07559,0.0751,0.07549,602040.8794
2026-08-14 01:00:00,0.07546,0.07548,0.07508,0.0752,321008.5172
2026-08-14 02:00:00,0.07518,0.07532,0.07499,0.07511,743623.1369
2026-08-14 03:00:00,0.07512,0.07533,0.07479,0.07494,520563.0896
2026-08-14 04:00:00,0.07493,0.07545,0.07493,0.075,694145.1241
2026-08-14 05:00:00,0.075,0.07561,0.07488,0.0756,640126.7514
2026-08-14 06:00:00,0.07563,0.07577,0.07537,0.07551,778670.3333
2026-08-14 07:00:00,0.07545,0.07552,0.07503,0.07523,515085.5897
2026-08-14 08:00:00,0.07523,0.0759,0.07506,0.07584,2017255.8707
2026-08-14 09:00:00,0.07586,0.07588,0.07418,0.07423,1446213.5948
2026-08-14 10:00:00,0.0742,0.07467,0.07419,0.07429,898911.7692
2026-08-14 11:00:00,0.07433,0.07457,0.07422,0.07443,621553.5873
2026-08-14 12:00:00,0.07441,0.07468,0.07429,0.07446,610643.7442
2026-08-14 13:00:00,0.07442,0.07497,0.07421,0.07471,1848827.4
2026-08-14 14:00:00,0.07477,0.07485,0.0742,0.07431,329120.949
2026-08-14 15:00:00,0.07429,0.07496,0.07413,0.07484,592545.9054
2026-08-14 16:00:00,0.07484,0.07506,0.07469,0.07485,485374.2252
2026-08-14 17:00:00,0.07488,0.07525,0.07477,0.07512,552883.6177
2026-08-14 18:00:00,0.07513,0.07513,0.07455,0.07463,301892.9525
2026-08-14 19:00:00,0.07452,0.07489,0.07427,0.07473,177060.0729
2026-08-14 20:00:00,0.07475,0.07477,0.07439,0.07441,200397.7774
2026-08-14 21:00:00,0.07437,0.07442,0.07337,0.07359,1478815.7484
2026-08-14 22:00:00,0.07352,0.0737,0.07283,0.07342,1340728.4473
2026-08-14 23:00:00,0.07343,0.07458,0.07342,0.07453,415627.089
2026-08-15 00:00:00,0.07457,0.07486,0.07448,0.07481,618810.3967
2026-08-15 01:00:00,0.07481,0.07495,0.07452,0.07457,375251.8645
2026-08-15 02:00:00,0.07458,0.07546,0.07458,0.07531,866389.2
2026-08-15 03:00:00,0.07531,0.07548,0.07507,0.07526,632780.0059
2026-08-15 04:00:00,0.07528,0.07544,0.07517,0.07531,385459.3554
2026-08-15 05:00:00,0.07532,0.07539,0.07504,0.07515,277885.1168
2026-08-15 06:00:00,0.0752,0.07536,0.07511,0.0752,585767.1456
2026-08-15 07:00:00,0.07525,0.07529,0.07433,0.07433,1025866.8687
2026-08-15 08:00:00,0.07434,0.07444,0.07415,0.07421,736692.6907
2026-08-15 09:00:00,0.07419,0.07442,0.07402,0.0743,406808.4898
2026-08-15 10:00:00,0.0743,0.07457,0.07423,0.07451,377292.8433
2026-08-15 11:00:00,0.07448,0.07448,0.07413,0.07425,481194.2945
2026-08-15 12:00:00,0.07426,0.07442,0.07399,0.07419,1337945.1007
2026-08-15 13:00:00,0.0742,0.07447,0.074,0.0741,660537.7628
2026-08-15 14:00:00,0.0741,0.07421,0.07401,0.07401,204583.6085
2026-08-15 15:00:00,0.074,0.07426,0.07383,0.07416,283959.6233
2026-08-15 16:00:00,0.07417,0.07433,0.07405,0.07418,322096.752
2026-08-15 17:00:00,0.07417,0.07422,0.07389,0.07403,172677.2019
2026-08-15 18:00:00,0.07403,0.07411,0.07393,0.07397,369869.6512
2026-08-15 19:00:00,0.07396,0.07397,0.07385,0.07393,188595.1531
2026-08-15 20:00:00,0.07394,0.07395,0.07346,0.07362,723298.0588
2026-08-15 21:00:00,0.07359,0.07376,0.07348,0.07355,332118.3507
2026-08-15 22:00:00,0.07351,0.07371,0.07334,0.0734,711774.631
2026-08-15 23:00:00,0.07338,0.07346,0.07271,0.0728,1046815.3825
2026-08-16 00:00:00,0.07279,0.07304,0.07253,0.07282,1203962.4726
2026-08-16 01:00:00,0.07279,0.07285,0.07217,0.07244,720672.9293
2026-08-16 02:00:00,0.07242,0.07302,0.07232,0.07288,584771.5102
2026-08-16 03:00:00,0.07287,0.07318,0.07282,0.0729,956014.4981
2026-08-16 04:00:00,0.07292,0.07314,0.07274,0.07289,409203.6657
2026-08-16 05:00:00,0.07291,0.07307,0.07269,0.07277,390894.8545
2026-08-16 06:00:00,0.07276,0.07317,0.07263,0.07312,798557.5708
2026-08-16 07:00:00,0.07311,0.0736,0.07304,0.07359,832125.8191
2026-08-16 08:00:00,0.0736,0.07401,0.0735,0.07396,669948.0224
2026-08-16 09:00:00,0.07396,0.07406,0.07382,0.07388,391648.4315
2026-08-16 10:00:00,0.07386,0.07399,0.0734,0.07342,1205251.2899
2026-08-16 11:00:00,0.07339,0.07394,0.07326,0.07378,685612.1035
2026-08-16 12:00:00,0.07378,0.07416,0.07355,0.07415,1059048.9085
2026-08-16 13:00:00,0.07414,0.0744,0.07403,0.07414,418633.517
2026-08-16 14:00:00,0.07424,0.07443,0.07406,0.07432,1094883.6917
2026-08-16 15:00:00,0.07432,0.07504,0.07428,0.07497,1018394.8782
2026-08-16 16:00:00,0.07498,0.07509,0.07459,0.07496,1199762.2489
2026-08-16 17:00:00,0.07497,0.07497,0.07438,0.07447,652769.5227
2026-08-16 18:00:00,0.07446,0.07456,0.07427,0.07428,290154.1308
2026-08-16 19:00:00,0.07428,0.07456,0.07428,0.07438,229926.8525
2026-08-16 20:00:00,0.07442,0.07442,0.07387,0.07393,304757.8454
2026-08-16 21:00:00,0.07392,0.07394,0.07276,0.07308,633120.0491
2026-08-16 22:00:00,0.07295,0.07347,0.07278,0.07347,367734.0185
2026-08-16 23:00:00,0.07345,0.07378,0.07342,0.07356,533487.5353
2026-08-17 00:00:00,0.07354,0.07394,0.07339,0.07389,719457.8374
2026-08-17 01:00:00,0.07386,0.07489,0.0738,0.07439,1276319.3574
2026-08-17 02:00:00,0.07439,0.07481,0.0741,0.07476,989341.6668
2026-08-17 03:00:00,0.07477,0.07495,0.07449,0.07456,360868.1585
2026-08-17 04:00:00,0.0746,0.07525,0.07458,0.07506,1020266.0071
2026-08-17 05:00:00,0.07507,0.07539,0.07507,0.07538,521770.6926
2026-08-17 06:00:00,0.07537,0.07567,0.0752,0.07542,787904.1524
2026-08-17 07:00:00,0.07542,0.07565,0.07506,0.07538,864369.0143
2026-08-17 08:00:00,0.07539,0.07544,0.07444,0.07461,511700.6495
2026-08-17 09:00:00,0.07458,0.07482,0.07455,0.07461,112500.8389
2026-08-17 10:00:00,0.07466,0.07493,0.0744,0.07486,263677.1988
2026-08-17 11:00:00,0.07487,0.07507,0.07476,0.07479,563756.732
2026-08-17 12:00:00,0.07478,0.07509,0.0747,0.07497,555314.0166
2026-08-17 13:00:00,0.07498,0.07524,0.0747,0.07499,617305.8397
2026-08-17 14:00:00,0.07499,0.07526,0.07478,0.07511,292131.9378
2026-08-17 15:00:00,0.07508,0.07547,0.07487,0.07525,591536.0166
2026-08-17 16:00:00,0.07534,0.07538,0.07473,0.07481,444313.0427
2026-08-17 17:00:00,0.0748,0.07576,0.07475,0.07566,677610.824
2026-08-17 18:00:00,0.07558,0.07592,0.0755,0.07575,860878.8793
2026-08-17 19:00:00,0.0757,0.07582,0.07538,0.07553,314145.4435
2026-08-17 20:00:00,0.07553,0.07573,0.07525,0.07529,422578.5493
2026-08-17 21:00:00,0.0753,0.0754,0.07517,0.07519,119740.7293
2026-08-17 22:00:00,0.07519,0.07523,0.07491,0.07492,132695.3828
2026-08-17 23:00:00,0.0749,0.07538,0.07479,0.07523,111080.4403
2026-08-18 00:00:00,0.07518,0.07537,0.07501,0.0752,446963.9103
2026-08-18 01:00:00,0.07525,0.07527,0.0747,0.07472,404574.433
2026-08-18 02:00:00,0.07472,0.07491,0.07354,0.07385,1025153.3225
2026-08-18 03:00:00,0.07388,0.07417,0.07376,0.0741,318725.2089
2026-08-18 04:00:00,0.07407,0.07444,0.07397,0.07441,320025.2144
2026-08-18 05:00:00,0.07442,0.07469,0.07429,0.07442,169632.7511
2026-08-18 06:00:00,0.07441,0.07529,0.07429,0.07481,691624.3096
2026-08-18 07:00:00,0.07483,0.07507,0.07464,0.0749,299170.6667
2026-08-18 08:00:00,0.07491,0.07599,0.07461,0.07599,1169789.1104
2026-08-18 09:00:00,0.07597,0.076,0.07514,0.07551,1522034.1539
2026-08-18 10:00:00,0.07551,0.0756,0.07514,0.07528,489482.2892
2026-08-18 11:00:00,0.0753,0.0755,0.07529,0.07542,544519.7194
2026-08-18 12:00:00,0.07543,0.07546,0.07523,0.07528,537651.8006
2026-08-18 13:00:00,0.07528,0.07554,0.07509,0.07524,726180.1448
2026-08-18 14:00:00,0.07526,0.07592,0.07493,0.07515,654271.8712
2026-08-18 15:00:00,0.07515,0.07575,0.07515,0.07563,384127.0415
2026-08-18 16:00:00,0.07565,0.0757,0.07486,0.07495,417792.7462
2026-08-18 17:00:00,0.07499,0.07548,0.07487,0.07526,196260.293
2026-08-18 18:00:00,0.07524,0.07569,0.07524,0.07554,369764.9341
2026-08-18 19:00:00,0.07553,0.07566,0.07505,0.07513,273324.6353
2026-08-18 20:00:00,0.07514,0.07519,0.07499,0.07505,231230.4965
2026-08-18 21:00:00,0.07505,0.07529,0.07497,0.07511,114827.425
2026-08-18 22:00:00,0.07511,0.0754,0.07503,0.0751,286906.9306
2026-08-18 23:00:00,0.07513,0.07563,0.07512,0.07531,181842.8333
2026-08-19 00:00:00,0.07533,0.0754,0.07505,0.07518,510605.5122
2026-08-19 01:00:00,0.07518,0.07576,0.07501,0.07557,361221.2251
2026-08-19 02:00:00,0.07559,0.07581,0.07546,0.07555,267481.6542
2026-08-19 03:00:00,0.07555,0.0759,0.07542,0.07579,118549.7138
2026-08-19 04:00:00,0.07582,0.07598,0.07545,0.07583,861096.8802
2026-08-19 05:00:00,0.07579,0.07653,0.07553,0.07554,753873.9142
2026-08-19 06:00:00,0.07551,0.07643,0.0754,0.07637,1090791.7566
2026-08-19 07:00:00,0.07638,0.07705,0.07613,0.07675,1427897.5927
2026-08-19 08:00:00,0.07676,0.07766,0.0766,0.0773,1290514.6095
2026-08-19 09:00:00,0.07735,0.0776,0.0768,0.07699,945660.734
2026-08-19 10:00:00,0.077,0.07737,0.07695,0.07726,712043.3931
2026-08-19 11:00:00,0.07726,0.0773,0.07688,0.07699,552712.2494
2026-08-19 12:00:00,0.07699,0.07759,0.07697,0.07738,637300.6723
2026-08-19 13:00:00,0.07735,0.07774,0.07702,0.07728,1454334.4183
2026-08-19 14:00:00,0.07729,0.07847,0.07724,0.07815,859103.7127
2026-08-19 15:00:00,0.07819,0.08071,0.07799,0.07979,3991783.0403
2026-08-19 16:00:00,0.07983,0.0812,0.0798,0.08095,1515440.8273
2026-08-19 17:00:00,0.08091,0.08092,0.07974,0.08038,1138826.4678
2026-08-19 18:00:00,0.0804,0.08062,0.0801,0.08041,427723.3031
2026-08-19 19:00:00,0.08044,0.08353,0.08044,0.0834,5811585.023
2026-08-19 20:00:00,0.08344,0.08516,0.08291,0.08468,3509027.2962
2026-08-19 21:00:00,0.0847,0.08925,0.08438,0.08915,5901604.4124
2026-08-19 22:00:00,0.08917,0.09025,0.08818,0.08948,5075378.4415
2026-08-19 23:00:00,0.08948,0.09064,0.08922,0.08955,4788856.6781
2026-08-20 00:00:00,0.08956,0.08997,0.08756,0.08865,6029335.4242
2026-08-20 01:00:00,0.08861,0.08912,0.08711,0.08807,3001534.3543
2026-08-20 02:00:00,0.08811,0.08857,0.08747,0.08812,2955655.3439
2026-08-20 03:00:00,0.088,0.08804,0.08698,0.0874,1973151.4023
2026-08-20 04:00:00,0.08739,0.08806,0.08723,0.08781,998443.6518
2026-08-20 05:00:00,0.08781,0.08788,0.08706,0.08734,768813.4959
2026-08-20 06:00:00,0.08735,0.08924,0.0869,0.08896,1932713.8189
2026-08-20 07:00:00,0.08895,0.08952,0.08833,0.08895,1761236.2362
2026-08-20 08:00:00,0.08902,0.0907,0.0888,0.08977,3343626.0861
2026-08-20 09:00:00,0.08984,0.09007,0.08898,0.08915,2070246.5509
2026-08-20 10:00:00,0.08918,0.08932,0.0878,0.08867,4230774.5764
2026-08-20 11:00:00,0.08867,0.08994,0.08848,0.0886,2251569.5368
2026-08-20 12:00:00,0.08861,0.08866,0.08741,0.08805,1196004.9841
2026-08-20 13:00:00,0.08812,0.08827,0.08741,0.08803,1723719.4064
2026-08-20 14:00:00,0.08802,0.08818,0.08753,0.08816,1207490.1857
2026-08-20 15:00:00,0.08821,0.08971,0.08818,0.08959,2206102.8804
2026-08-20 16:00:00,0.08956,0.0905,0.08905,0.09041,1664700.9726
2026-08-20 17:00:00,0.09048,0.09128,0.08979,0.09,2065011.1382
2026-08-20 18:00:00,0.09001,0.09011,0.08826,0.08879,2633387.1836
2026-08-20 19:00:00,0.08884,0.0894,0.08864,0.08911,1422822.8995
2026-08-20 20:00:00,0.08914,0.09,0.08897,0.08965,1006290.2321
2026-08-20 21:00:00,0.08969,0.09042,0.08961,0.09005,591777.3623
2026-08-20 22:00:00,0.09005,0.09094,0.08973,0.09029,1351098.5146
2026-08-20 23:00:00,0.09034,0.09128,0.09032,0.09096,807715.0403
2026-08-21 00:00:00,0.09092,0.09192,0.09047,0.09075,1345852.0038
2026-08-21 01:00:00,0.09068,0.09251,0.09053,0.09151,2497427.2407
2026-08-21 02:00:00,0.09152,0.0918,0.09077,0.09155,1889935.1783
2026-08-21 03:00:00,0.09155,0.09156,0.09063,0.09079,1500462.3305
2026-08-21 04:00:00,0.09079,0.09135,0.09077,0.09121,649533.7891
2026-08-21 05:00:00,0.09116,0.09218,0.09073,0.092,1666479.8025
2026-08-21 06:00:00,0.09203,0.09299,0.09153,0.09193,1629366.0294
2026-08-21 07:00:00,0.09196,0.09409,0.09187,0.09385,1359283.4111
2026-08-21 08:00:00,0.09386,0.09759,0.09326,0.09726,2967248.6935
2026-08-21 09:00:00,0.0972,0.09741,0.09432,0.096,2406012.5914
2026-08-21 10:00:00,0.096,0.09627,0.09446,0.09582,1486690.7279
2026-08-21 11:00:00,0.09581,0.09618,0.09432,0.09571,1616727.9717
2026-08-21 12:00:00,0.09576,0.09746,0.09528,0.09676,1695483.7174
2026-08-21 13:00:00,0.09673,0.0973,0.09509,0.09698,2598794.8508
2026-08-21 14:00:00,0.0969,0.09795,0.0959,0.09769,2032220.2888
2026-08-21 15:00:00,0.09752,0.09883,0.09715,0.09766,2573697.506
2026-08-21 16:00:00,0.09776,0.09889,0.09641,0.09804,1852965.2004
2026-08-21 17:00:00,0.09797,0.09845,0.09672,0.09824,1760704.3565
2026-08-21 18:00:00,0.0982,0.0989,0.0962,0.09691,1180138.9273
2026-08-21 19:00:00,0.09683,0.09683,0.09454,0.0952,2503308.9278
2026-08-21 20:00:00,0.09506,0.09736,0.09487,0.09735,1042383.5894
2026-08-21 21:00:00,0.09738,0.09982,0.09701,0.0998,1281819.8484
2026-08-21 22:00:00,0.09983,0.10032,0.09837,0.09925,1839436.4507
2026-08-21 23:00:00,0.09926,0.09967,0.09799,0.09821,1522199.9028
2026-08-22 00:00:00,0.09821,0.0987,0.09718,0.09865,1365956.8162
2026-08-22 01:00:00,0.09868,0.10061,0.09846,0.09986,2440253.6965
2026-08-22 02:00:00,0.09995,0.10217,0.09958,0.10209,1523804.8494
2026-08-22 03:00:00,0.10209,0.10526,0.10183,0.10448,4380382.6933
2026-08-22 04:00:00,0.1047,0.10972,0.1047,0.10839,6434027.4991
2026-08-22 05:00:00,0.10829,0.10849,0.09161,0.10041,11477622.736
2026-08-22 06:00:00,0.10023,0.10038,0.09764,0.09998,4025530.1352
2026-08-22 07:00:00,0.09995,0.10134,0.09942,0.09978,2741636.5021
2026-08-22 08:00:00,0.09981,0.10036,0.09784,0.09957,3216328.923
2026-08-22 09:00:00,0.09955,0.1002,0.09799,0.09906,2077546.0531
2026-08-22 10:00:00,0.09907,0.09907,0.0956,0.09763,4683677.3191
2026-08-22 11:00:00,0.0976,0.09828,0.09694,0.09808,593592.7511
2026-08-22 12:00:00,0.09809,0.09936,0.09802,0.09867,1011411.7072
2026-08-22 13:00:00,0.09864,0.0993,0.09808,0.09903,1202654.3108
2026-08-22 14:00:00,0.09904,0.09919,0.09724,0.09759,782563.4537
2026-08-22 15:00:00,0.09752,0.09814,0.09682,0.09789,884270.3764
2026-08-22 16:00:00,0.09804,0.09977,0.09752,0.09934,623290.1048
2026-08-22 17:00:00,0.09936,0.10108,0.09883,0.1008,1991670.8241
2026-08-22 18:00:00,0.1008,0.10086,0.09908,0.09986,1933181.046
2026-08-22 19:00:00,0.09978,0.10016,0.09919,0.09988,595766.4118
2026-08-22 20:00:00,0.09999,0.10049,0.09893,0.09915,581621.4745
2026-08-22 21:00:00,0.09898,0.09898,0.09672,0.09708,1308684.8608
2026-08-22 22:00:00,0.09699,0.09959,0.09654,0.09954,893015.3341
2026-08-22 23:00:00,0.0996,0.09977,0.09854,0.09897,493188.9943
2026-08-23 00:00:00,0.09894,0.1005,0.09892,0.10012,667544.2446
2026-08-23 01:00:00,0.10016,0.10017,0.09818,0.09877,1574681.1032
2026-08-23 02:00:00,0.09861,0.09861,0.09673,0.097,983884.7186
2026-08-23 03:00:00,0.09705,0.09706,0.09532,0.09591,1287731.1271
2026-08-23 04:00:00,0.09582,0.09645,0.09465,0.09502,808466.928
2026-08-23 05:00:00,0.095,0.09668,0.09425,0.09555,1130273.5834
2026-08-23 06:00:00,0.09553,0.09641,0.09506,0.09618,813838.7989
2026-08-23 07:00:00,0.0962,0.09693,0.096,0.09644,763213.5638
2026-08-23 08:00:00,0.0964,0.09836,0.09635,0.09819,920863.1609
2026-08-23 09:00:00,0.09817,0.09884,0.09801,0.09853,483917.9331
2026-08-23 10:00:00,0.09855,0.09994,0.0985,0.09938,653470.2109
2026-08-23 11:00:00,0.09949,0.10073,0.09924,0.10012,1171989.8494
2026-08-23 12:00:00,0.10012,0.10102,0.09931,0.10065,1356552.4209
2026-08-23 13:00:00,0.1007,0.10385,0.10054,0.10323,3250392.7848
2026-08-23 14:00:00,0.1032,0.10357,0.09948,0.10159,2331314.5341
2026-08-23 15:00:00,0.10176,0.10329,0.10087,0.10206,1737135.4773
2026-08-23 16:00:00,0.10212,0.10285,0.10135,0.10248,716585.0376
2026-08-23 17:00:00,0.10241,0.10281,0.10135,0.10157,871233.5028
2026-08-23 18:00:00,0.10151,0.1022,0.10143,0.1022,448370.1486
2026-08-23 19:00:00,0.10207,0.10228,0.10125,0.10146,638193.1594
2026-08-23 20:00:00,0.10155,0.10235,0.10094,0.10217,485094.2277
2026-08-23 21:00:00,0.10222,0.10353,0.10222,0.10258,1135425.9579
2026-08-23 22:00:00,0.10263,0.10288,0.10174,0.10187,850075.9737
2026-08-23 23:00:00,0.10188,0.10215,0.101,0.10128,962883.1035
2026-08-24 00:00:00,0.1013,0.10132,0.0997,0.10087,1209762.3156
2026-08-24 01:00:00,0.10092,0.10105,0.0985,0.09858,1117769.6481
2026-08-24 02:00:00,0.09876,0.10061,0.09824,0.09998,696747.3723
2026-08-24 03:00:00,0.10002,0.1001,0.09883,0.09939,591655.0952
2026-08-24 04:00:00,0.09948,0.10099,0.09948,0.09985,697182.506
2026-08-24 05:00:00,0.09974,0.10088,0.0994,0.09997,768171.4911
2026-08-24 06:00:00,0.09999,0.10026,0.09903,0.09956,671459.4194
2026-08-24 07:00:00,0.09947,0.1002,0.09896,0.09927,671971.6314
2026-08-24 08:00:00,0.09928,0.09932,0.09786,0.09877,651146.5874
2026-08-24 09:00:00,0.09872,0.09944,0.09866,0.0988,623575.3174
2026-08-24 10:00:00,0.09887,0.09962,0.09799,0.09825,1719893.9984
2026-08-24 11:00:00,0.09819,0.09992,0.09734,0.09938,962383.948
2026-08-24 12:00:00,0.09928,0.09984,0.09812,0.09954,1575776.8768
2026-08-24 13:00:00,0.09948,0.10024,0.09711,0.09807,2410152.191
2026-08-24 14:00:00,0.09818,0.10015,0.09814,0.0995,1670865.4457
2026-08-24 15:00:00,0.09949,0.10082,0.09878,0.09924,2030011.0361
2026-08-24 16:00:00,0.09927,0.10016,0.09873,0.09899,738937.7024
2026-08-24 17:00:00,0.09899,0.09899,0.09699,0.09793,1907262.706
2026-08-24 18:00:00,0.098,0.09862,0.09772,0.09786,1227169.7102
2026-08-24 19:00:00,0.09798,0.09812,0.09683,0.09708,879249.3848
2026-08-24 20:00:00,0.09721,0.09753,0.09654,0.09751,1248088.2056
2026-08-24 21:00:00,0.09756,0.0978,0.09723,0.09743,405157.4846
2026-08-24 22:00:00,0.09729,0.09743,0.09597,0.09605,712485.4385
2026-08-24 23:00:00,0.09605,0.09704,0.09568,0.09694,675809.1456
2026-08-25 00:00:00,0.09694,0.0984,0.09621,0.09815,1401753.1296
2026-08-25 01:00:00,0.09819,0.09868,0.09784,0.09836,790684.4546
2026-08-25 02:00:00,0.0984,0.10008,0.0978,0.0986,1329177.9291
2026-08-25 03:00:00,0.09861,0.09934,0.0977,0.09798,654233.614
2026-08-25 04:00:00,0.09794,0.0986,0.09755,0.09839,1041719.7566
2026-08-25 05:00:00,0.09841,0.09911,0.09825,0.09866,744120.2408
2026-08-25 06:00:00,0.09866,0.09906,0.09696,0.09722,1004758.8405
2026-08-25 07:00:00,0.0972,0.09789,0.0955,0.09628,786957.7907
2026-08-25 08:00:00,0.09634,0.09736,0.09602,0.09633,1403215.0213
2026-08-25 09:00:00,0.09633,0.0966,0.09514,0.09563,1575533.5177
2026-08-25 10:00:00,0.09553,0.09602,0.09525,0.0958,829405.0264
2026-08-25 11:00:00,0.09576,0.09577,0.09426,0.09479,3404284.0995
2026-08-25 12:00:00,0.09488,0.0956,0.09437,0.09537,1426525.4927
2026-08-25 13:00:00,0.09536,0.09553,0.09338,0.09454,933247.5679
2026-08-25 14:00:00,0.09457,0.09574,0.09421,0.09515,1041565.5807
2026-08-25 15:00:00,0.09516,0.09526,0.09445,0.0952,606255.8379
2026-08-25 16:00:00,0.09517,0.09535,0.09452,0.09483,514986.4411
2026-08-25 17:00:00,0.09484,0.09511,0.09425,0.0949,913219.7027
2026-08-25 18:00:00,0.09493,0.09543,0.09472,0.0951,654610.1557
2026-08-25 19:00:00,0.0951,0.09523,0.09384,0.09411,449092.0072
2026-08-25 20:00:00,0.09414,0.09418,0.09227,0.09228,1218026.5447
2026-08-25 21:00:00,0.09232,0.09272,0.091,0.09253,1253337.3038
2026-08-25 22:00:00,0.09251,0.09339,0.09251,0.09336,327789.7592
2026-08-25 23:00:00,0.09334,0.09344,0.09194,0.09219,563407.9131
2026-08-26 00:00:00,0.0922,0.09287,0.09186,0.09269,442719.5256
2026-08-26 01:00:00,0.09263,0.09342,0.0926,0.09325,521819.3417
2026-08-26 02:00:00,0.09327,0.09417,0.09314,0.0939,380140.5306
2026-08-26 03:00:00,0.09385,0.09401,0.09322,0.09338,607538.4967
2026-08-26 04:00:00,0.09336,0.0937,0.09282,0.09284,442599.9473
2026-08-26 05:00:00,0.09284,0.09344,0.09225,0.09332,569936.5513
2026-08-26 06:00:00,0.09332,0.09372,0.09313,0.09359,499976.9322
2026-08-26 07:00:00,0.09358,0.09383,0.0931,0.0931,700878.2149
2026-08-26 08:00:00,0.0931,0.09352,0.09256,0.09275,231349.2503
2026-08-26 09:00:00,0.0928,0.09298,0.0915,0.09207,609661.3718
2026-08-26 10:00:00,0.09202,0.09322,0.09181,0.09294,630162.5319
2026-08-26 11:00:00,0.09299,0.09313,0.09187,0.09203,271054.993
2026-08-26 12:00:00,0.09203,0.09309,0.09162,0.09207,1166953.1628
2026-08-26 13:00:00,0.092,0.09216,0.09059,0.09112,1634770.1794
2026-08-26 14:00:00,0.09093,0.09148,0.0886,0.0887,2646640.3952
2026-08-26 15:00:00,0.08876,0.08916,0.08804,0.08889,1975953.0019
2026-08-26 16:00:00,0.08888,0.08938,0.08859,0.08906,430893.5839
2026-08-26 17:00:00,0.0891,0.09038,0.08905,0.08944,299270.6681
2026-08-26 18:00:00,0.08938,0.08962,0.08903,0.08948,511480.2109
2026-08-26 19:00:00,0.08944,0.08978,0.08914,0.08922,352606.1557
2026-08-26 20:00:00,0.0892,0.08953,0.08852,0.08953,463679.6437
2026-08-26 21:00:00,0.08953,0.09036,0.08925,0.09019,424672.2882
2026-08-26 22:00:00,0.09027,0.09115,0.09027,0.09064,972724.9966
2026-08-26 23:00:00,0.09061,0.09309,0.09053,0.09282,2843207.5358
2026-08-27 00:00:00,0.09277,0.09287,0.0914,0.09146,636209.3437
2026-08-27 01:00:00,0.09148,0.09204,0.09103,0.09147,1216341.7698
2026-08-27 02:00:00,0.09144,0.09169,0.09053,0.09066,218933.0859
2026-08-27 03:00:00,0.09067,0.09125,0.09037,0.09096,581497.8112
2026-08-27 04:00:00,0.09097,0.09116,0.08993,0.09006,1071274.3732
2026-08-27 05:00:00,0.09012,0.09097,0.08988,0.09084,516419.96
2026-08-27 06:00:00,0.09082,0.09154,0.09017,0.09137,567088.9646
2026-08-27 07:00:00,0.09133,0.09142,0.09089,0.0912,1150784.2305
2026-08-27 08:00:00,0.09123,0.093,0.09112,0.09279,2322946.9569
2026-08-27 09:00:00,0.0927,0.09347,0.09205,0.09218,1170061.1569
2026-08-27 10:00:00,0.09219,0.09244,0.09028,0.09073,1016649.1335
2026-08-27 11:00:00,0.09077,0.09111,0.08969,0.09024,835456.8784
2026-08-27 12:00:00,0.09024,0.09063,0.09006,0.09044,397101.6324
2026-08-27 13:00:00,0.09049,0.09116,0.0899,0.09104,2554453.103
2026-08-27 14:00:00,0.09098,0.09238,0.09048,0.09157,1140873.1489
2026-08-27 15:00:00,0.09164,0.09238,0.09139,0.09155,868668.4515
2026-08-27 16:00:00,0.09164,0.09279,0.09102,0.09215,749439.9938
2026-08-27 17:00:00,0.09212,0.09251,0.09152,0.0917,537542.4418
2026-08-27 18:00:00,0.09166,0.09179,0.09035,0.0913,925793.2164
2026-08-27 19:00:00,0.09132,0.09141,0.0908,0.09108,478914.0175
2026-08-27 20:00:00,0.09111,0.09181,0.0908,0.09137,315653.8693
2026-08-27 21:00:00,0.09139,0.0917,0.09101,0.09139,302646.4323
2026-08-27 22:00:00,0.0914,0.09278,0.0914,0.0926,754132.5823
2026-08-27 23:00:00,0.09272,0.09288,0.09177,0.09193,952613.8375
2026-08-28 00:00:00,0.09198,0.09304,0.09178,0.09219,886421.3154
2026-08-28 01:00:00,0.09227,0.09441,0.09191,0.09203,933230.2288
2026-08-28 02:00:00,0.09203,0.09205,0.08987,0.09028,1509033.8511
2026-08-28 03:00:00,0.09026,0.09046,0.08958,0.09009,801543.9172
2026-08-28 04:00:00,0.09004,0.09041,0.08932,0.08996,774746.653
2026-08-28 05:00:00,0.08996,0.09033,0.08958,0.08999,217334.9494
2026-08-28 06:00:00,0.09005,0.0908,0.09005,0.09055,374963.1794
2026-08-28 07:00:00,0.09055,0.09057,0.08999,0.0902,1037470.9397
2026-08-28 08:00:00,0.09022,0.09056,0.08948,0.08968,422451.1552
2026-08-28 09:00:00,0.08973,0.09011,0.08919,0.08941,849022.9062
2026-08-28 10:00:00,0.08941,0.09013,0.08879,0.09013,602409.1281
2026-08-28 11:00:00,0.09017,0.09047,0.08994,0.09015,624298.6876
2026-08-28 12:00:00,0.09012,0.09013,0.08945,0.0897,668612.9837
2026-08-28 13:00:00,0.08971,0.09012,0.08921,0.08975,921142.4833
2026-08-28 14:00:00,0.0898,0.09122,0.08774,0.09081,3419723.4901
2026-08-28 15:00:00,0.09085,0.09121,0.08799,0.08827,1114210.8476
2026-08-28 16:00:00,0.08832,0.08855,0.08624,0.08823,2353560.4621
2026-08-28 17:00:00,0.08828,0.08887,0.08801,0.0883,727809.0911
2026-08-28 18:00:00,0.08821,0.08825,0.08687,0.08735,880905.6527
2026-08-28 19:00:00,0.08745,0.08789,0.08726,0.08744,250481.8544
2026-08-28 20:00:00,0.0874,0.08774,0.08735,0.08744,266179.5084
2026-08-28 21:00:00,0.08748,0.08768,0.08683,0.08693,257834.3309
2026-08-28 22:00:00,0.08696,0.08787,0.08694,0.08772,255169.2839
2026-08-28 23:00:00,0.08771,0.08785,0.08757,0.08782,86579.1435
2026-08-29 00:00:00,0.08782,0.08899,0.08781,0.08867,924847.3755
2026-08-29 01:00:00,0.0886,0.08864,0.08808,0.08812,256113.4078
2026-08-29 02:00:00,0.0882,0.08826,0.0874,0.0877,200664.8604
2026-08-29 03:00:00,0.08771,0.08782,0.0873,0.08735,115126.7488
2026-08-29 04:00:00,0.08738,0.0877,0.08733,0.08753,348876.7633
2026-08-29 05:00:00,0.08744,0.08829,0.08742,0.08825,491602.1125
2026-08-29 06:00:00,0.08825,0.08827,0.08763,0.08793,641141.2816
2026-08-29 07:00:00,0.08792,0.0881,0.08755,0.08769,289973.0467
2026-08-29 08:00:00,0.08757,0.08757,0.0869,0.087,418606.5424
2026-08-29 09:00:00,0.08702,0.08731,0.08694,0.08717,275829.3214
2026-08-29 10:00:00,0.08709,0.08741,0.08694,0.0871,303974.5825
2026-08-29 11:00:00,0.08704,0.08731,0.08696,0.08701,111408.9174
2026-08-29 12:00:00,0.08701,0.08744,0.08689,0.08711,225964.7682
2026-08-29 13:00:00,0.08713,0.08748,0.08694,0.0874,172822.0391
2026-08-29 14:00:00,0.08733,0.08857,0.0873,0.08813,592244.572
2026-08-29 15:00:00,0.08819,0.08819,0.08763,0.08776,678104.8117
2026-08-29 16:00:00,0.0878,0.08827,0.08764,0.08796,1053715.2046
2026-08-29 17:00:00,0.08797,0.08815,0.08764,0.08788,289256.09
2026-08-29 18:00:00,0.08794,0.08816,0.08771,0.08781,393070.1024
2026-08-29 19:00:00,0.08784,0.08809,0.08779,0.08786,254841.9905
2026-08-29 20:00:00,0.08786,0.08837,0.0878,0.08834,150189.2657
2026-08-29 21:00:00,0.08836,0.08845,0.08789,0.08791,415576.9276
2026-08-29 22:00:00,0.08793,0.08794,0.08764,0.08783,159347.8566
2026-08-29 23:00:00,0.08784,0.08795,0.08742,0.08771,432699.3911
2026-08-30 00:00:00,0.0877,0.08786,0.08722,0.08726,391168.7921
2026-08-30 01:00:00,0.08725,0.08738,0.08663,0.08672,284681.6751
2026-08-30 02:00:00,0.08663,0.08719,0.08662,0.08694,191273.0111
2026-08-30 03:00:00,0.08685,0.08706,0.08639,0.0865,378768.6244
2026-08-30 04:00:00,0.08649,0.08677,0.08569,0.0863,788368.1612
2026-08-30 05:00:00,0.0863,0.0867,0.08627,0.08669,350487.5746
2026-08-30 06:00:00,0.08671,0.0871,0.08636,0.087,150708.5978
2026-08-30 07:00:00,0.08699,0.08699,0.08627,0.08647,368074.5736
2026-08-30 08:00:00,0.08642,0.08663,0.08624,0.08642,397975.2008
2026-08-30 09:00:00,0.08639,0.08661,0.08622,0.08659,589746.762
2026-08-30 10:00:00,0.08658,0.08792,0.08654,0.08774,972675.1166
2026-08-30 11:00:00,0.08778,0.08808,0.08747,0.08785,195497.1784
2026-08-30 12:00:00,0.08789,0.08856,0.08782,0.08855,1221466.9696
2026-08-30 13:00:00,0.08855,0.08942,0.08843,0.08924,1323032.9179
2026-08-30 14:00:00,0.08921,0.09002,0.08912,0.08931,1128355.5203
2026-08-30 15:00:00,0.08935,0.08944,0.0883,0.0885,873133.9858
2026-08-30 16:00:00,0.08851,0.09,0.08832,0.08974,1417463.1543
2026-08-30 17:00:00,0.08968,0.08991,0.0888,0.08946,994547.7045
2026-08-30 18:00:00,0.08943,0.09093,0.08907,0.09017,2032416.6676
2026-08-30 19:00:00,0.09022,0.09025,0.08913,0.08941,644957.5694
2026-08-30 20:00:00,0.08944,0.08995,0.0883,0.08918,840313.4091
2026-08-30 21:00:00,0.08908,0.08949,0.08846,0.08949,925444.414
2026-08-30 22:00:00,0.08949,0.08995,0.08805,0.08861,475178.4055
2026-08-30 23:00:00,0.08853,0.08875,0.08313,0.08427,5444810.016
2026-08-31 00:00:00,0.08423,0.08563,0.0839,0.08518,1225949.0769
2026-08-31 01:00:00,0.08519,0.08538,0.0841,0.08427,688666.3695
2026-08-31 02:00:00,0.08426,0.08536,0.0839,0.08434,592877.1417
2026-08-31 03:00:00,0.08431,0.08562,0.08422,0.08545,449381.2262
2026-08-31 04:00:00,0.08547,0.08549,0.08469,0.08506,486607.2134
2026-08-31 05:00:00,0.08506,0.0866,0.0849,0.08619,1201848.1115
2026-08-31 06:00:00,0.0861,0.08651,0.086,0.08623,1340503.3003
2026-08-31 07:00:00,0.08623,0.08708,0.08621,0.08638,1030392.3703
2026-08-31 08:00:00,0.08631,0.08666,0.08577,0.08632,629177.4778
2026-08-31 09:00:00,0.08627,0.08699,0.08622,0.08653,548643.1999
2026-08-31 10:00:00,0.08658,0.08658,0.08599,0.08631,1073612.6991
2026-08-31 11:00:00,0.08627,0.08659,0.08591,0.08603,824223.3665
2026-08-31 12:00:00,0.08603,0.08687,0.08537,0.0857,1100764.9121
2026-08-31 13:00:00,0.08571,0.08598,0.08489,0.08524,1078147.2308
2026-08-31 14:00:00,0.08526,0.08743,0.08517,0.0872,1366016.9013
2026-08-31 15:00:00,0.08723,0.08776,0.08651,0.08741,1624596.4359
2026-08-31 16:00:00,0.08747,0.08814,0.0869,0.0877,2361598.2848
2026-08-31 17:00:00,0.08769,0.09445,0.08768,0.09421,8618721.7516
2026-08-31 18:00:00,0.09426,0.09678,0.09316,0.09453,9728323.9556
2026-08-31 19:00:00,0.09455,0.097,0.09418,0.09643,4352329.9504
2026-08-31 20:00:00,0.09636,0.10069,0.09636,0.10031,9373713.6086
2026-08-31 21:00:00,0.10034,0.10759,0.09902,0.10637,10306043.8773
2026-08-31 22:00:00,0.10659,0.10877,0.10516,0.10718,13913137.8633
2026-08-31 23:00:00,0.1072,0.10985,0.1063,0.10925,10036622.6376
2026-09-01 00:00:00,0.10936,0.11766,0.10716,0.1171,17734617.7927
2026-09-01 01:00:00,0.11691,0.12035,0.1133,0.11449,17959464.4913
2026-09-01 02:00:00,0.11436,0.11436,0.10989,0.1124,11588361.3737
2026-09-01 03:00:00,0.11239,0.1153,0.11081,0.1115,8205679.2794
2026-09-01 04:00:00,0.11153,0.11229,0.10814,0.11099,7556667.7038
2026-09-01 05:00:00,0.11099,0.11251,0.11054,0.11186,4013160.0802
2026-09-01 06:00:00,0.1118,0.11225,0.10936,0.11141,5527354.5291
2026-09-01 07:00:00,0.11138,0.11456,0.11055,0.11286,7533934.4652
2026-09-01 08:00:00,0.11291,0.11302,0.10527,0.10685,12661642.848
2026-09-01 09:00:00,0.10687,0.11073,0.10634,0.10986,7333854.2375
2026-09-01 10:00:00,0.10993,0.11369,0.10885,0.1125,6662725.7921
2026-09-01 11:00:00,0.1125,0.11618,0.11195,0.11331,12535598.4921
2026-09-01 12:00:00,0.11331,0.11339,0.1086,0.10948,7216168.0546
2026-09-01 13:00:00,0.10941,0.11185,0.10848,0.10971,7330407.4257
2026-09-01 14:00:00,0.10981,0.11296,0.10866,0.10982,10538984.3208
2026-09-01 15:00:00,0.10984,0.1107,0.10767,0.10976,8164227.4699
2026-09-01 16:00:00,0.10965,0.11053,0.10705,0.10876,7961511.3086
2026-09-01 17:00:00,0.10878,0.10894,0.10681,0.10728,4055381.4365
2026-09-01 18:00:00,0.10729,0.10819,0.10456,0.10641,8208089.3766
2026-09-01 19:00:00,0.1065,0.1088,0.10551,0.10826,5798718.0211
2026-09-01 20:00:00,0.10834,0.10837,0.10641,0.10717,2600569.5626
2026-09-01 21:00:00,0.10718,0.10864,0.10574,0.10854,3478737.7137
2026-09-01 22:00:00,0.10838,0.10942,0.10742,0.10848,2264655.9751
2026-09-01 23:00:00,0.10851,0.11064,0.10842,0.11043,3104122.0701
2026-09-02 00:00:00,0.11037,0.11052,0.10759,0.10802,3460083.1793
2026-09-02 01:00:00,0.10801,0.11066,0.10784,0.11052,3692264.0404
2026-09-02 02:00:00,0.11052,0.11281,0.10935,0.1115,4138335.7501
2026-09-02 03:00:00,0.11157,0.11324,0.11107,0.11305,3890998.7373
2026-09-02 04:00:00,0.11304,0.11486,0.11186,0.11212,4924771.345
2026-09-02 05:00:00,0.11209,0.11351,0.11125,0.11338,2387050.9398
2026-09-02 06:00:00,0.11342,0.11498,0.11293,0.11412,3684129.0778
2026-09-02 07:00:00,0.11414,0.11583,0.11372,0.11466,4926505.1021
2026-09-02 08:00:00,0.11471,0.11972,0.11435,0.11634,12726205.8821
2026-09-02 09:00:00,0.11638,0.11838,0.11407,0.11485,6753972.2842
2026-09-02 10:00:00,0.1149,0.11495,0.10953,0.11088,9238452.7559
2026-09-02 11:00:00,0.11088,0.11117,0.10585,0.10762,7287275.5718
2026-09-02 12:00:00,0.10752,0.10918,0.1072,0.10863,3342165.9475
2026-09-02 13:00:00,0.10867,0.11248,0.10867,0.11094,5492617.7652
2026-09-02 14:00:00,0.11093,0.11794,0.11056,0.11606,13491577.7897
2026-09-02 15:00:00,0.11605,0.12,0.11461,0.11662,8861384.9527
2026-09-02 16:00:00,0.11662,0.12562,0.11538,0.12202,16044471.054
2026-09-02 17:00:00,0.12196,0.12496,0.12026,0.12228,9803236.7952
2026-09-02 18:00:00,0.12229,0.12666,0.12206,0.12416,8290504.4493
2026-09-02 19:00:00,0.12415,0.12559,0.12336,0.12401,4487473.0703
2026-09-02 20:00:00,0.12402,0.1254,0.12174,0.12287,4115514.0031
2026-09-02 21:00:00,0.12285,0.12329,0.12125,0.12207,2460683.0301
2026-09-02 22:00:00,0.12211,0.1245,0.12175,0.12336,4002626.6084
2026-09-02 23:00:00,0.12346,0.12768,0.12242,0.12411,5993219.829
2026-09-03 00:00:00,0.12401,0.12491,0.12285,0.12306,3664767.9469
2026-09-03 01:00:00,0.12297,0.12593,0.12238,0.12468,3250684.6902
2026-09-03 02:00:00,0.12458,0.13274,0.12396,0.13201,6842601.8265
2026-09-03 03:00:00,0.13212,0.13213,0.12687,0.12731,5531810.1981
2026-09-03 04:00:00,0.12727,0.13081,0.12645,0.13068,4361796.5638
2026-09-03 05:00:00,0.13066,0.13193,0.12825,0.13151,3427728.9766
2026-09-03 06:00:00,0.13155,0.13593,0.13089,0.13504,7629822.2967
2026-09-03 07:00:00,0.13506,0.13788,0.13312,0.13734,5469094.0078
2026-09-03 08:00:00,0.13728,0.13945,0.1348,0.13592,6412548.3878
2026-09-03 09:00:00,0.13582,0.14082,0.13542,0.13818,7681714.6097
2026-09-03 10:00:00,0.13806,0.13988,0.13404,0.13536,6076986.5887
2026-09-03 11:00:00,0.13545,0.138,0.13333,0.13597,6317718.4833
2026-09-03 12:00:00,0.1359,0.13766,0.13459,0.13507,3529666.4082
2026-09-03 13:00:00,0.13494,0.13676,0.13241,0.13269,3686494.5778
2026-09-03 14:00:00,0.13264,0.13733,0.13173,0.13386,8563959.2343
2026-09-03 15:00:00,0.13386,0.13438,0.13009,0.13217,8090680.4074
2026-09-03 16:00:00,0.13212,0.13239,0.12995,0.1311,4077067.4734
2026-09-03 17:00:00,0.13107,0.13353,0.13074,0.13287,3424095.8967
2026-09-03 18:00:00,0.13288,0.1449,0.13236,0.14457,14102767.544
2026-09-03 19:00:00,0.14463,0.14472,0.13701,0.13855,7452219.6538
2026-09-03 20:00:00,0.13855,0.14189,0.13682,0.1405,4300210.867
2026-09-03 21:00:00,0.1405,0.14407,0.13867,0.13867,3112068.3529
2026-09-03 22:00:00,0.13882,0.14133,0.13683,0.1386,3473276.075
2026-09-03 23:00:00,0.13861,0.14172,0.1385,0.14096,2388716.0656
2026-09-04 00:00:00,0.14099,0.14624,0.14077,0.14541,5773049.1925
2026-09-04 01:00:00,0.14536,0.14674,0.13451,0.13677,10537158.472
2026-09-04 02:00:00,0.13677,0.1379,0.13561,0.1376,4740404.4677
2026-09-04 03:00:00,0.13756,0.13866,0.13607,0.13682,1906747.5264
2026-09-04 04:00:00,0.1368,0.13742,0.13381,0.13528,2324533.9311
2026-09-04 05:00:00,0.13521,0.13625,0.13454,0.13593,1158232.1498
2026-09-04 06:00:00,0.13602,0.13717,0.13402,0.13641,1414517.7618
2026-09-04 07:00:00,0.13628,0.13848,0.13584,0.13848,2384307.1187
2026-09-04 08:00:00,0.13825,0.13858,0.13682,0.13696,2377736.2348
2026-09-04 09:00:00,0.13702,0.14222,0.13695,0.14044,5499936.7191
2026-09-04 10:00:00,0.14039,0.14073,0.1348,0.13643,6811888.2092
2026-09-04 11:00:00,0.13645,0.13681,0.13366,0.13427,2872906.893
2026-09-04 12:00:00,0.13425,0.13425,0.12804,0.12878,16619607.3829
2026-09-04 13:00:00,0.12877,0.13677,0.12852,0.13521,8379325.0305
2026-09-04 14:00:00,0.13529,0.13586,0.13082,0.13204,3762883.4418
2026-09-04 15:00:00,0.13202,0.13594,0.13194,0.13459,3115095.3464
2026-09-04 16:00:00,0.13456,0.13625,0.13364,0.13399,2088426.0476
2026-09-04 17:00:00,0.13396,0.13465,0.13125,0.13198,3643355.8367
2026-09-04 18:00:00,0.13195,0.13221,0.13102,0.1314,1060616.1426
2026-09-04 19:00:00,0.13142,0.13287,0.13136,0.13175,1249378.7259
2026-09-04 20:00:00,0.13174,0.1319,0.13075,0.13164,970008.9516
2026-09-04 21:00:00,0.13162,0.13281,0.13082,0.13096,1081149.7887
2026-09-04 22:00:00,0.13098,0.13127,0.12933,0.12961,1984890.4446
2026-09-04 23:00:00,0.12961,0.1323,0.1295,0.13188,1453651.7172
2026-09-05 00:00:00,0.13185,0.13401,0.13068,0.13123,2351412.6049
2026-09-05 01:00:00,0.13124,0.13264,0.13108,0.132,1654286.1841
2026-09-05 02:00:00,0.132,0.13246,0.1303,0.13216,1415387.8126
2026-09-05 03:00:00,0.13214,0.13367,0.13108,0.13152,1422297.4794
2026-09-05 04:00:00,0.13152,0.13177,0.1303,0.13052,1009398.1545
2026-09-05 05:00:00,0.13046,0.131,0.12966,0.13073,1126309.7757
2026-09-05 06:00:00,0.13075,0.13435,0.12901,0.13366,3061932.2428
2026-09-05 07:00:00,0.13366,0.13797,0.13276,0.13339,4623135.9595
2026-09-05 08:00:00,0.13342,0.13389,0.13153,0.13199,1959595.005
2026-09-05 09:00:00,0.13201,0.137,0.13121,0.13581,4177888.3025
2026-09-05 10:00:00,0.13581,0.13645,0.13337,0.13376,2220032.6745
2026-09-05 11:00:00,0.13367,0.13459,0.13148,0.13214,1374947.8443
2026-09-05 12:00:00,0.13214,0.13471,0.132,0.1346,981732.3278
2026-09-05 13:00:00,0.13455,0.13567,0.13275,0.13324,2212719.8493
2026-09-05 14:00:00,0.13318,0.13585,0.13315,0.13445,2007074.2909
2026-09-05 15:00:00,0.1345,0.13487,0.13181,0.13263,2308884.4923
2026-09-05 16:00:00,0.13263,0.1365,0.13242,0.13562,3445597.4965
2026-09-05 17:00:00,0.13557,0.13999,0.13433,0.13924,8698960.4214
2026-09-05 18:00:00,0.13927,0.14371,0.13881,0.14327,6168616.5331
2026-09-05 19:00:00,0.1433,0.15,0.14204,0.14948,9701766.4533
2026-09-05 20:00:00,0.14945,0.16673,0.14894,0.16169,21827284.1117
2026-09-05 21:00:00,0.16193,0.17421,0.16042,0.17221,12017359.6211
2026-09-05 22:00:00,0.17221,0.1831,0.1705,0.17906,17112180.0821
2026-09-05 23:00:00,0.17906,0.18041,0.17504,0.17694,10777929.2362
2026-09-06 00:00:00,0.17712,0.196,0.17712,0.19314,23581072.1075
2026-09-06 01:00:00,0.19326,0.19852,0.18769,0.19293,24000279.0438
2026-09-06 02:00:00,0.19293,0.19692,0.18744,0.18905,10140368.382
2026-09-06 03:00:00,0.18881,0.1982,0.18547,0.19815,7670849.5948
2026-09-06 04:00:00,0.19801,0.2044,0.18857,0.19375,15686082.5097
2026-09-06 05:00:00,0.19382,0.19672,0.18937,0.19395,5715978.6011
2026-09-06 06:00:00,0.1938,0.195,0.18828,0.19426,5747595.1753
2026-09-06 07:00:00,0.19446,0.20416,0.19195,0.20151,8925310.3087
2026-09-06 08:00:00,0.20165,0.20535,0.19267,0.19572,9704293.5454
2026-09-06 09:00:00,0.19579,0.19859,0.19223,0.19364,4965591.1476
2026-09-06 10:00:00,0.19365,0.19758,0.19116,0.19551,3674445.8116
2026-09-06 11:00:00,0.19539,0.19616,0.19166,0.19365,4864568.3373
2026-09-06 12:00:00,0.1937,0.19646,0.18829,0.18973,6729984.5363
2026-09-06 13:00:00,0.18968,0.19458,0.18757,0.19322,6243366.4388
2026-09-06 14:00:00,0.1932,0.1932,0.18345,0.18627,8363342.0163
2026-09-06 15:00:00,0.18628,0.18921,0.18075,0.18753,6475841.5642
2026-09-06 16:00:00,0.18733,0.19236,0.18535,0.18851,4958486.6657
2026-09-06 17:00:00,0.18845,0.18865,0.1818,0.18281,3947476.4093
2026-09-06 18:00:00,0.18289,0.18653,0.18235,0.18525,2934988.2108
2026-09-06 19:00:00,0.18533,0.18552,0.1808,0.18347,2262072.6453
2026-09-06 20:00:00,0.18348,0.18702,0.18222,0.18483,2484668.8698
2026-09-06 21:00:00,0.1849,0.1921,0.18471,0.1899,3363105.4214
2026-09-06 22:00:00,0.18993,0.19136,0.18734,0.1895,2773731.6128
2026-09-06 23:00:00,0.18946,0.19081,0.18814,0.18926,2835051.7202
2026-09-07 00:00:00,0.18927,0.19174,0.18769,0.18976,2172029.28
2026-09-07 01:00:00,0.18972,0.19188,0.18741,0.18973,3003935.0452
2026-09-07 02:00:00,0.18971,0.18992,0.18448,0.18499,3207576.9291
2026-09-07 03:00:00,0.18504,0.18605,0.17487,0.17522,6001338.4797
2026-09-07 04:00:00,0.17531,0.17888,0.17335,0.17505,5751615.3147
2026-09-07 05:00:00,0.17504,0.17517,0.17084,0.1714,5397678.4029
2026-09-07 06:00:00,0.17141,0.17395,0.1702,0.17167,3499754.3613
2026-09-07 07:00:00,0.17162,0.1737,0.16738,0.16771,5261648.8533
2026-09-07 08:00:00,0.16769,0.16951,0.16027,0.16525,8523665.6427
2026-09-07 09:00:00,0.16528,0.16727,0.16335,0.16499,4897265.8669
2026-09-07 10:00:00,0.165,0.16845,0.16442,0.16638,5215703.742
2026-09-07 11:00:00,0.16637,0.16753,0.16446,0.16546,2203658.8268
2026-09-07 12:00:00,0.16535,0.16578,0.1604,0.16418,4573902.4285
2026-09-07 13:00:00,0.16412,0.16924,0.16401,0.16801,6398303.9562
2026-09-07 14:00:00,0.16799,0.17178,0.16453,0.17144,7104675.3246
2026-09-07 15:00:00,0.17136,0.17136,0.16118,0.16233,7435465.4739
2026-09-07 16:00:00,0.16234,0.16572,0.16056,0.16518,3977628.8013
2026-09-07 17:00:00,0.16524,0.1668,0.16422,0.16607,2484349.4518
2026-09-07 18:00:00,0.16609,0.16741,0.16482,0.16623,1753742.1109
2026-09-07 19:00:00,0.16623,0.17107,0.16605,0.17052,4372403.7535
2026-09-07 20:00:00,0.17053,0.1707,0.16659,0.16896,2391491.8489
2026-09-07 21:00:00,0.16901,0.1714,0.16873,0.17,3889578.6917
2026-09-07 22:00:00,0.17,0.1707,0.16789,0.16883,2537503.4744
2026-09-07 23:00:00,0.16885,0.16993,0.16863,0.16945,1930382.0333
2026-09-08 00:00:00,0.16948,0.17073,0.16729,0.1689,3826370.8913
2026-09-08 01:00:00,0.16885,0.17312,0.1666,0.16862,3956258.3402
2026-09-08 02:00:00,0.16864,0.17102,0.16782,0.16844,2067818.9106
2026-09-08 03:00:00,0.16877,0.17136,0.16789,0.17037,2052903.5614
2026-09-08 04:00:00,0.17033,0.17218,0.16902,0.17089,1796518.8442
2026-09-08 05:00:00,0.17099,0.17719,0.17099,0.1748,6348368.254
2026-09-08 06:00:00,0.17471,0.17476,0.17015,0.17224,4330011.332
2026-09-08 07:00:00,0.17234,0.17276,0.17005,0.17084,2677465.6487
2026-09-08 08:00:00,0.17091,0.17307,0.1701,0.17152,2246047.8497
2026-09-08 09:00:00,0.17157,0.17637,0.17023,0.17515,3733199.4578
2026-09-08 10:00:00,0.17513,0.17871,0.17265,0.17417,4282336.1533
2026-09-08 11:00:00,0.17418,0.17599,0.17307,0.17544,1830371.4139
2026-09-08 12:00:00,0.17538,0.17617,0.171,0.17212,2957068.6472
2026-09-08 13:00:00,0.17211,0.17295,0.16496,0.17196,7459985.082
2026-09-08 14:00:00,0.17205,0.17528,0.16835,0.16895,4402584.9571
2026-09-08 15:00:00,0.16898,0.17106,0.16613,0.1704,4106724.3078
2026-09-08 16:00:00,0.17039,0.17115,0.16712,0.16775,2665768.5168
2026-09-08 17:00:00,0.1677,0.17009,0.16765,0.168,1867372.2575
2026-09-08 18:00:00,0.16798,0.17021,0.1669,0.16773,1839639.7676
2026-09-08 19:00:00,0.16773,0.16961,0.16706,0.16839,1706029.4435
2026-09-08 20:00:00,0.16836,0.17035,0.16758,0.16891,1795573.9296
2026-09-08 21:00:00,0.16891,0.16965,0.16584,0.16735,909036.022
2026-09-08 22:00:00,0.16735,0.16831,0.16561,0.16584,1054418.3103
2026-09-08 23:00:00,0.16586,0.16609,0.16406,0.16501,1685358.3047
2026-09-09 00:00:00,0.16502,0.16643,0.16271,0.16485,2361211.6426
2026-09-09 01:00:00,0.16483,0.16567,0.1637,0.16551,731395.6238
2026-09-09 02:00:00,0.16549,0.16725,0.16471,0.16605,1341455.3198
2026-09-09 03:00:00,0.16605,0.16652,0.16436,0.16503,1163335.4049
2026-09-09 04:00:00,0.16501,0.16937,0.165,0.16864,2563182.4257
2026-09-09 05:00:00,0.16858,0.1686,0.16584,0.16637,1690446.771
2026-09-09 06:00:00,0.16636,0.17474,0.16633,0.17231,3751966.4867
2026-09-09 07:00:00,0.17231,0.17247,0.16882,0.1709,2109650.075
2026-09-09 08:00:00,0.17086,0.17155,0.16902,0.16987,1764760.1272
2026-09-09 09:00:00,0.16985,0.17227,0.16604,0.16661,4158863.8995
2026-09-09 10:00:00,0.16661,0.16835,0.1645,0.16579,4290263.5413
2026-09-09 11:00:00,0.1658,0.16704,0.16336,0.16652,2721887.7377
2026-09-09 12:00:00,0.16654,0.16829,0.16642,0.16739,1276451.2146
2026-09-09 13:00:00,0.16737,0.16863,0.16438,0.16498,1619327.113
2026-09-09 14:00:00,0.16497,0.16618,0.16063,0.16364,7300445.6832
2026-09-09 15:00:00,0.16367,0.16464,0.15281,0.15361,10745065.0916
2026-09-09 16:00:00,0.15357,0.15594,0.15104,0.15129,8071960.2073
2026-09-09 17:00:00,0.15127,0.15511,0.15082,0.1548,4431666.76
2026-09-09 18:00:00,0.15472,0.15532,0.15325,0.15373,2186452.7671
2026-09-09 19:00:00,0.15372,0.15417,0.15046,0.15126,2561028.4719
2026-09-09 20:00:00,0.15123,0.15209,0.14958,0.15089,2643009.2936
2026-09-09 21:00:00,0.15084,0.15249,0.1503,0.1524,937417.7858
2026-09-09 22:00:00,0.15245,0.15297,0.14997,0.15181,2122228.1726
2026-09-09 23:00:00,0.15177,0.15411,0.14832,0.14953,2935755.8991
2026-09-10 00:00:00,0.14947,0.15059,0.14756,0.14791,3185607.9664
2026-09-10 01:00:00,0.14795,0.14927,0.14556,0.14633,4375172.1272
2026-09-10 02:00:00,0.14631,0.14961,0.14602,0.14931,1412536.6279
2026-09-10 03:00:00,0.14931,0.15098,0.1493,0.15064,1730782.7198
2026-09-10 04:00:00,0.15061,0.15203,0.14986,0.15152,1339972.0124
2026-09-10 05:00:00,0.15147,0.15329,0.15023,0.15193,2471623.6096
2026-09-10 06:00:00,0.15193,0.15193,0.14973,0.15052,1891766.587
2026-09-10 07:00:00,0.15051,0.15058,0.14814,0.1496,991265.0668
2026-09-10 08:00:00,0.14959,0.15076,0.14889,0.14907,1005926.8716
2026-09-10 09:00:00,0.14908,0.14969,0.14805,0.14955,1317769.0224
2026-09-10 10:00:00,0.14952,0.15036,0.14776,0.14782,1438553.517
2026-09-10 11:00:00,0.14784,0.14902,0.14742,0.14815,1318026.1119
2026-09-10 12:00:00,0.14814,0.14929,0.14563,0.14816,3247311.4917
2026-09-10 13:00:00,0.14812,0.15018,0.14722,0.14955,3087725.9785
2026-09-10 14:00:00,0.14955,0.15374,0.14947,0.15217,3577780.2078
2026-09-10 15:00:00,0.15213,0.15351,0.14933,0.14994,2070928.3843
2026-09-10 16:00:00,0.14997,0.15063,0.14681,0.14835,2787948.0407
2026-09-10 17:00:00,0.14833,0.15062,0.14783,0.15021,1363959.7378
2026-09-10 18:00:00,0.15024,0.15042,0.14857,0.15004,999753.1351
2026-09-10 19:00:00,0.15,0.15001,0.1475,0.14763,1341420.7748
2026-09-10 20:00:00,0.14756,0.14893,0.14681,0.14821,767913.7734
2026-09-10 21:00:00,0.14823,0.14867,0.14601,0.1466,620312.027
2026-09-10 22:00:00,0.14661,0.14722,0.14181,0.14243,5419300.7416
2026-09-10 23:00:00,0.14247,0.14345,0.13955,0.13987,2580075.7976
2026-09-11 00:00:00,0.13987,0.14369,0.13977,0.14335,1626458.3802
2026-09-11 01:00:00,0.14335,0.14432,0.14204,0.14377,1336753.4079
2026-09-11 02:00:00,0.14378,0.14471,0.14314,0.14458,1232125.6775
2026-09-11 03:00:00,0.14465,0.14682,0.14366,0.14617,3769202.8075
2026-09-11 04:00:00,0.14612,0.1497,0.14582,0.14777,2417475.803
2026-09-11 05:00:00,0.14775,0.14787,0.14552,0.14716,1430651.3727
2026-09-11 06:00:00,0.14708,0.14708,0.14418,0.14481,1520921.388
2026-09-11 07:00:00,0.14482,0.14587,0.14354,0.14393,1269828.6359
2026-09-11 08:00:00,0.14394,0.14511,0.14327,0.14339,1109708.4046
2026-09-11 09:00:00,0.14338,0.14424,0.14142,0.14203,1400343.4169
2026-09-11 10:00:00,0.142,0.14263,0.14154,0.14174,431245.1402
