timestamp,open,high,low,close,volume
2025-09-11 11:00:00,21.28,21.32,21.23,21.25,9523.716013
2025-09-11 12:00:00,21.25,21.53,21.05,21.29,37789.226928
2025-09-11 13:00:00,21.29,21.34,21.08,21.33,13676.020662
2025-09-11 14:00:00,21.33,21.34,21.11,21.22,7856.377058
2025-09-11 15:00:00,21.22,21.22,21.08,21.11,7713.740043
2025-09-11 16:00:00,21.11,21.23,21.1,21.19,7822.302787
2025-09-11 17:00:00,21.18,21.28,21.16,21.23,5517.081868
2025-09-11 18:00:00,21.23,21.24,21.16,21.2,2774.725475
2025-09-11 19:00:00,21.2,21.28,21.2,21.22,3454.876008
2025-09-11 20:00:00,21.24,21.27,21.19,21.2,1730.22742
2025-09-11 21:00:00,21.2,21.27,21.2,21.26,1495.909486
2025-09-11 22:00:00,21.26,21.42,21.24,21.4,5703.506873
2025-09-11 23:00:00,21.41,21.48,21.4,21.42,3866.65917
2025-09-12 00:00:00,21.43,21.68,21.37,21.58,9735.486887
2025-09-12 01:00:00,21.59,21.64,21.45,21.45,13588.679592
2025-09-12 02:00:00,21.46,21.57,21.43,21.5,7834.363902
2025-09-12 03:00:00,21.51,21.52,21.38,21.44,5664.41719
2025-09-12 04:00:00,21.44,21.49,21.36,21.45,6699.199696
2025-09-12 05:00:00,21.44,21.67,21.42,21.67,11848.842733
2025-09-12 06:00:00,21.68,21.71,21.52,21.54,4037.499963
2025-09-12 07:00:00,21.53,21.59,21.47,21.5,5310.436442
2025-09-12 08:00:00,21.5,21.51,21.41,21.51,3159.281833
2025-09-12 09:00:00,21.51,21.53,21.4,21.46,2087.29692
2025-09-12 10:00:00,21.47,21.47,21.35,21.39,3530.790753
2025-09-12 11:00:00,21.41,21.43,21.33,21.33,6221.02902
2025-09-12 12:00:00,21.34,21.41,21.26,21.39,8392.340631
2025-09-12 13:00:00,21.38,21.39,21.29,21.35,3611.041603
2025-09-12 14:00:00,21.36,21.51,21.32,21.41,9310.158049
2025-09-12 15:00:00,21.4,21.41,21.26,21.4,7169.264336
2025-09-12 16:00:00,21.4,21.57,21.38,21.57,4814.179075
2025-09-12 17:00:00,21.58,21.71,21.51,21.66,22356.288738
2025-09-12 18:00:00,21.67,21.75,21.64,21.69,4658.066846
2025-09-12 19:00:00,21.69,21.75,21.63,21.74,1764.05105
2025-09-12 20:00:00,21.75,21.91,21.67,21.84,13043.554841
2025-09-12 21:00:00,21.85,21.86,21.71,21.75,5425.529077
2025-09-12 22:00:00,21.76,22.03,21.76,21.98,16611.899234
2025-09-12 23:00:00,21.99,22.0,21.91,21.98,5907.332892
2025-09-13 00:00:00,21.98,22.03,21.87,22.01,23987.298476
2025-09-13 01:00:00,22.01,22.2,21.96,21.97,25132.006924
2025-09-13 02:00:00,21.97,22.08,21.9,21.96,14003.241512
2025-09-13 03:00:00,21.95,22.15,21.95,22.14,7459.052455
2025-09-13 04:00:00,22.14,22.14,22.03,22.03,11290.118049
2025-09-13 05:00:00,22.03,22.08,21.95,22.08,6391.186968
2025-09-13 06:00:00,22.09,22.16,22.05,22.09,7810.191838
2025-09-13 07:00:00,22.09,22.1,22.01,22.01,4280.87642
2025-09-13 08:00:00,22.02,22.29,22.02,22.27,16581.503988
2025-09-13 09:00:00,22.27,22.29,22.18,22.29,37096.489557
2025-09-13 10:00:00,22.28,22.33,22.16,22.21,12218.515119
2025-09-13 11:00:00,22.22,22.32,22.11,22.31,9638.172814
2025-09-13 12:00:00,22.31,22.38,22.26,22.31,15993.901909
2025-09-13 13:00:00,22.31,22.51,21.91,22.21,49808.713517
2025-09-13 14:00:00,22.21,22.33,22.04,22.18,16517.549001
2025-09-13 15:00:00,22.17,22.32,21.99,22.09,11525.466306
2025-09-13 16:00:00,22.09,22.2,21.93,21.99,16069.294831
2025-09-13 17:00:00,22.01,22.03,21.78,22.03,9778.85083
2025-09-13 18:00:00,22.02,22.02,21.9,21.94,1123.641956
2025-09-13 19:00:00,21.95,21.95,21.88,21.9,713.669617
2025-09-13 20:00:00,21.89,22.04,21.89,21.97,6412.619376
2025-09-13 21:00:00,21.97,22.09,21.96,22.01,12312.982576
2025-09-13 22:00:00,22.01,22.04,21.94,22.0,5313.423702
2025-09-13 23:00:00,21.99,22.08,21.98,22.07,2722.132941
2025-09-14 00:00:00,22.07,22.1,21.91,21.95,2954.994795
2025-09-14 01:00:00,21.93,21.94,21.71,21.88,13734.045524
2025-09-14 02:00:00,21.89,22.03,21.82,21.88,19600.406359
2025-09-14 03:00:00,21.91,21.93,21.6,21.62,15137.956173
2025-09-14 04:00:00,21.64,21.67,21.47,21.6,11371.873375
2025-09-14 05:00:00,21.6,21.76,21.6,21.74,8515.181592
2025-09-14 06:00:00,21.75,21.77,21.58,21.66,11451.28891
2025-09-14 07:00:00,21.66,21.69,21.55,21.59,3718.451884
2025-09-14 08:00:00,21.6,21.68,21.54,21.62,17761.6961
2025-09-14 09:00:00,21.61,21.73,21.58,21.65,3337.722195
2025-09-14 10:00:00,21.65,21.68,21.6,21.61,686.259723
2025-09-14 11:00:00,21.62,21.64,21.37,21.4,11068.602413
2025-09-14 12:00:00,21.4,21.48,21.22,21.32,8916.862305
2025-09-14 13:00:00,21.32,21.34,21.07,21.19,16415.097963
2025-09-14 14:00:00,21.18,21.32,20.96,21.07,22520.109735
2025-09-14 15:00:00,21.09,21.09,20.9,20.97,8898.535252
2025-09-14 16:00:00,20.95,21.11,20.94,21.05,9052.811639
2025-09-14 17:00:00,21.04,21.2,21.0,21.17,2342.997665
2025-09-14 18:00:00,21.16,21.16,21.06,21.06,2257.10863
2025-09-14 19:00:00,21.06,21.16,21.03,21.11,2899.471462
2025-09-14 20:00:00,21.12,21.2,21.11,21.15,1397.485358
2025-09-14 21:00:00,21.16,21.29,21.09,21.24,7191.763039
2025-09-14 22:00:00,21.28,21.39,21.19,21.32,2953.886261
2025-09-14 23:00:00,21.32,21.32,21.1,21.15,3745.764491
2025-09-15 00:00:00,21.13,21.27,21.1,21.11,11327.619983
2025-09-15 01:00:00,21.13,21.36,20.95,21.18,16918.033856
2025-09-15 02:00:00,21.18,21.28,21.13,21.14,3251.661534
2025-09-15 03:00:00,21.14,21.27,21.13,21.25,2936.929492
2025-09-15 04:00:00,21.25,21.32,21.21,21.22,6082.28739
2025-09-15 05:00:00,21.21,21.37,21.2,21.36,2533.803885
2025-09-15 06:00:00,21.37,21.44,21.02,21.1,48371.217429
2025-09-15 07:00:00,21.08,21.2,20.81,20.85,22302.192427
2025-09-15 08:00:00,20.86,20.86,20.4,20.42,37141.785606
2025-09-15 09:00:00,20.42,20.65,20.38,20.61,10191.54093
2025-09-15 10:00:00,20.6,20.6,20.46,20.56,3432.272911
2025-09-15 11:00:00,20.56,20.58,20.48,20.55,2348.153286
2025-09-15 12:00:00,20.55,20.57,20.41,20.41,4842.44787
2025-09-15 13:00:00,20.41,20.58,20.38,20.49,7216.332066
2025-09-15 14:00:00,20.48,20.51,20.33,20.34,8343.437573
2025-09-15 15:00:00,20.35,20.42,20.16,20.31,24541.290921
2025-09-15 16:00:00,20.3,20.38,20.16,20.24,14124.368429
2025-09-15 17:00:00,20.24,20.36,20.18,20.35,4490.442125
2025-09-15 18:00:00,20.35,20.35,20.25,20.3,4726.933345
2025-09-15 19:00:00,20.31,20.39,20.22,20.3,9015.378027
2025-09-15 20:00:00,20.29,20.35,20.28,20.34,1563.832159
2025-09-15 21:00:00,20.34,20.4,20.3,20.4,3794.979427
2025-09-15 22:00:00,20.4,20.42,20.31,20.34,6502.135341
2025-09-15 23:00:00,20.34,20.38,20.3,20.37,7562.822679
2025-09-16 00:00:00,20.37,20.37,20.27,20.35,11022.830695
2025-09-16 01:00:00,20.36,20.48,20.33,20.33,4566.973961
2025-09-16 02:00:00,20.34,20.38,20.27,20.27,4231.585127
2025-09-16 03:00:00,20.27,20.34,20.25,20.28,4047.66418
2025-09-16 04:00:00,20.28,20.31,20.11,20.3,7912.125398
2025-09-16 05:00:00,20.29,20.44,20.28,20.44,4465.567456
2025-09-16 06:00:00,20.45,20.47,20.33,20.4,12660.955908
2025-09-16 07:00:00,20.41,20.53,20.41,20.49,4551.953605
2025-09-16 08:00:00,20.5,20.6,20.48,20.54,6909.246914
2025-09-16 09:00:00,20.54,20.55,20.46,20.5,6499.954147
2025-09-16 10:00:00,20.5,20.5,20.38,20.38,4700.621137
2025-09-16 11:00:00,20.38,20.44,20.35,20.41,3560.164739
2025-09-16 12:00:00,20.41,20.46,20.39,20.41,2776.365944
2025-09-16 13:00:00,20.41,20.48,20.19,20.34,9006.036425
2025-09-16 14:00:00,20.32,20.33,20.09,20.3,10259.999358
2025-09-16 15:00:00,20.3,20.43,20.22,20.42,5009.408879
2025-09-16 16:00:00,20.42,20.44,20.32,20.38,6638.284699
2025-09-16 17:00:00,20.38,20.56,20.38,20.48,5954.188823
2025-09-16 18:00:00,20.49,20.53,20.39,20.42,2737.883706
2025-09-16 19:00:00,20.41,20.52,20.39,20.51,3114.620055
2025-09-16 20:00:00,20.51,20.53,20.49,20.53,2570.496971
2025-09-16 21:00:00,20.54,20.58,20.52,20.58,5504.314115
2025-09-16 22:00:00,20.59,20.6,20.53,20.55,2582.18585
2025-09-16 23:00:00,20.55,20.56,20.5,20.52,1101.749114
2025-09-17 00:00:00,20.52,20.57,20.49,20.56,2569.277722
2025-09-17 01:00:00,20.56,20.58,20.49,20.51,3159.033892
2025-09-17 02:00:00,20.52,20.63,20.48,20.54,6306.801465
2025-09-17 03:00:00,20.54,20.55,20.4,20.42,2823.351334
2025-09-17 04:00:00,20.42,20.45,20.23,20.31,7442.609074
2025-09-17 05:00:00,20.31,20.43,20.23,20.43,6884.796627
2025-09-17 06:00:00,20.4,20.52,20.38,20.52,4359.955836
2025-09-17 07:00:00,20.51,20.55,20.49,20.51,4014.088456
2025-09-17 08:00:00,20.5,20.5,20.36,20.38,4601.001004
2025-09-17 09:00:00,20.36,20.39,20.32,20.32,5125.545916
2025-09-17 10:00:00,20.31,20.37,20.29,20.31,4085.146432
2025-09-17 11:00:00,20.32,20.39,20.31,20.33,2386.008213
2025-09-17 12:00:00,20.33,20.42,20.3,20.4,4108.224207
2025-09-17 13:00:00,20.39,20.42,20.3,20.33,3676.869642
2025-09-17 14:00:00,20.32,20.36,20.22,20.26,7275.858815
2025-09-17 15:00:00,20.26,20.3,20.22,20.24,11300.969061
2025-09-17 16:00:00,20.22,20.33,20.15,20.32,9287.127989
2025-09-17 17:00:00,20.32,20.48,20.16,20.19,26596.557281
2025-09-17 18:00:00,20.17,20.48,20.09,20.2,40119.05444
2025-09-17 19:00:00,20.22,20.55,20.22,20.5,9885.850092
2025-09-17 20:00:00,20.51,20.6,20.38,20.38,6725.116648
2025-09-17 21:00:00,20.39,20.6,20.32,20.58,3503.801578
2025-09-17 22:00:00,20.59,20.97,20.59,20.94,20191.577373
2025-09-17 23:00:00,20.94,21.03,20.82,20.89,23960.648447
2025-09-18 00:00:00,20.9,21.0,20.83,20.85,11563.111989
2025-09-18 01:00:00,20.86,21.01,20.82,20.96,7912.751336
2025-09-18 02:00:00,20.97,20.97,20.86,20.97,10915.155579
2025-09-18 03:00:00,20.97,21.08,20.94,21.04,14719.893604
2025-09-18 04:00:00,21.05,21.06,20.94,21.01,3754.640492
2025-09-18 05:00:00,21.01,21.02,20.87,20.9,5705.843684
2025-09-18 06:00:00,20.9,20.91,20.69,20.78,23869.11361
2025-09-18 07:00:00,20.78,20.9,20.75,20.85,5959.493353
2025-09-18 08:00:00,20.84,20.98,20.8,20.97,4991.152568
2025-09-18 09:00:00,20.96,20.97,20.91,20.92,3055.307438
2025-09-18 10:00:00,20.92,20.93,20.79,20.82,3880.504894
2025-09-18 11:00:00,20.81,20.84,20.79,20.82,2591.293566
2025-09-18 12:00:00,20.84,20.87,20.79,20.83,4308.386103
2025-09-18 13:00:00,20.83,20.96,20.78,20.87,12069.454561
2025-09-18 14:00:00,20.89,21.04,20.88,20.93,10791.499755
2025-09-18 15:00:00,20.93,21.02,20.91,20.98,11042.981305
2025-09-18 16:00:00,20.98,21.1,20.96,21.04,11620.212689
2025-09-18 17:00:00,21.05,21.2,21.03,21.16,12122.474797
2025-09-18 18:00:00,21.15,21.19,21.07,21.19,8598.650004
2025-09-18 19:00:00,21.18,21.18,21.02,21.13,8074.5642
2025-09-18 20:00:00,21.12,21.18,21.1,21.14,1992.447392
2025-09-18 21:00:00,21.13,21.15,21.07,21.09,2627.719798
2025-09-18 22:00:00,21.08,21.1,20.99,21.02,6457.325433
2025-09-18 23:00:00,21.01,21.02,20.9,20.99,9342.922274
2025-09-19 00:00:00,20.98,21.19,20.98,21.16,14205.015271
2025-09-19 01:00:00,21.17,21.19,21.05,21.08,5784.676378
2025-09-19 02:00:00,21.08,21.12,20.91,20.91,5743.624983
2025-09-19 03:00:00,20.92,21.0,20.73,20.76,16258.20898
2025-09-19 04:00:00,20.75,20.8,20.63,20.8,8504.669875
2025-09-19 05:00:00,20.79,20.8,20.63,20.77,6160.61398
2025-09-19 06:00:00,20.77,20.78,20.6,20.61,6388.04555
2025-09-19 07:00:00,20.6,20.74,20.58,20.7,7631.661788
2025-09-19 08:00:00,20.69,20.75,20.64,20.64,4157.608246
2025-09-19 09:00:00,20.66,20.73,20.49,20.54,6581.137577
2025-09-19 10:00:00,20.54,20.61,20.5,20.58,6742.183932
2025-09-19 11:00:00,20.57,20.57,20.32,20.44,38471.579527
2025-09-19 12:00:00,20.44,20.53,20.37,20.46,50494.35079
2025-09-19 13:00:00,20.46,20.57,20.44,20.49,5271.583077
2025-09-19 14:00:00,20.5,20.53,20.31,20.36,7172.564008
2025-09-19 15:00:00,20.36,20.37,20.19,20.31,18028.943399
2025-09-19 16:00:00,20.3,20.41,20.28,20.39,3961.029224
2025-09-19 17:00:00,20.4,20.4,20.22,20.22,1666.185225
2025-09-19 18:00:00,20.23,20.26,20.12,20.22,7069.398869
2025-09-19 19:00:00,20.23,20.28,20.19,20.19,576.924183
2025-09-19 20:00:00,20.18,20.27,20.18,20.19,926.696183
2025-09-19 21:00:00,20.19,20.27,20.14,20.25,5734.165874
2025-09-19 22:00:00,20.26,20.29,20.21,20.22,2398.078082
2025-09-19 23:00:00,20.22,20.22,20.05,20.2,10250.975034
2025-09-20 00:00:00,20.2,20.27,20.16,20.26,2674.908365
2025-09-20 01:00:00,20.27,20.27,20.18,20.22,4688.425614
2025-09-20 02:00:00,20.21,20.25,20.1,20.25,6555.025456
2025-09-20 03:00:00,20.24,20.27,20.19,20.24,3648.737358
2025-09-20 04:00:00,20.24,20.3,20.21,20.28,3729.782196
2025-09-20 05:00:00,20.28,20.34,20.26,20.33,2819.137224
2025-09-20 06:00:00,20.33,20.34,20.28,20.3,4465.004334
2025-09-20 07:00:00,20.31,20.38,20.3,20.37,578.764518
2025-09-20 08:00:00,20.38,20.38,20.23,20.23,1773.93281
2025-09-20 09:00:00,20.24,20.28,20.18,20.21,8259.57134
2025-09-20 10:00:00,20.22,20.28,20.18,20.19,3095.918124
2025-09-20 11:00:00,20.19,20.27,20.18,20.26,2500.598848
2025-09-20 12:00:00,20.25,20.27,20.21,20.25,3832.823919
2025-09-20 13:00:00,20.23,20.28,20.21,20.23,1615.824666
2025-09-20 14:00:00,20.22,20.33,20.18,20.31,5392.007377
2025-09-20 15:00:00,20.31,20.48,20.31,20.37,7360.354361
2025-09-20 16:00:00,20.38,20.4,20.31,20.36,22080.898156
2025-09-20 17:00:00,20.39,20.39,20.28,20.31,2914.297953
2025-09-20 18:00:00,20.3,20.3,20.21,20.23,1828.814521
2025-09-20 19:00:00,20.22,20.27,20.2,20.21,857.700575
2025-09-20 20:00:00,20.21,20.28,20.2,20.27,1790.732647
2025-09-20 21:00:00,20.26,20.33,20.24,20.27,2595.565182
2025-09-20 22:00:00,20.26,20.27,20.23,20.25,885.764585
2025-09-20 23:00:00,20.25,20.25,20.16,20.19,1423.597068
2025-09-21 00:00:00,20.19,20.29,20.16,20.26,1002.16172
2025-09-21 01:00:00,20.27,20.27,20.16,20.16,2810.489418
2025-09-21 02:00:00,20.16,20.27,20.13,20.25,12995.38248
2025-09-21 03:00:00,20.24,20.25,20.21,20.24,3906.141001
2025-09-21 04:00:00,20.24,20.24,20.15,20.18,9020.734729
2025-09-21 05:00:00,20.2,20.26,20.17,20.25,1595.660894
2025-09-21 06:00:00,20.26,20.31,20.22,20.22,2976.961178
2025-09-21 07:00:00,20.21,20.24,20.18,20.19,4581.908047
2025-09-21 08:00:00,20.2,20.22,20.1,20.11,6747.493923
2025-09-21 09:00:00,20.12,20.12,19.8,19.97,28909.779744
2025-09-21 10:00:00,19.96,19.99,19.88,19.9,7795.409407
2025-09-21 11:00:00,19.89,19.96,19.86,19.88,8554.303
2025-09-21 12:00:00,19.87,19.98,19.87,19.91,6967.094103
2025-09-21 13:00:00,19.91,20.01,19.91,20.0,3462.928422
2025-09-21 14:00:00,20.0,20.02,19.94,19.94,11499.446214
2025-09-21 15:00:00,19.93,19.99,19.91,19.94,6754.40075
2025-09-21 16:00:00,19.94,19.97,19.83,19.89,9232.118969
2025-09-21 17:00:00,19.9,20.0,19.79,20.0,7130.716368
2025-09-21 18:00:00,20.0,20.05,19.97,20.04,1923.17203
2025-09-21 19:00:00,20.04,20.04,19.91,19.99,5326.105969
2025-09-21 20:00:00,20.0,20.0,19.94,19.96,1117.131808
2025-09-21 21:00:00,19.96,20.02,19.96,19.99,2482.952954
2025-09-21 22:00:00,19.98,20.07,19.9,20.05,16101.356111
2025-09-21 23:00:00,20.05,20.05,19.87,19.87,15548.897577
2025-09-22 00:00:00,19.88,19.94,19.23,19.35,91385.946931
2025-09-22 01:00:00,19.34,19.56,19.3,19.42,31795.279067
2025-09-22 02:00:00,19.42,19.45,19.1,19.24,30286.278616
2025-09-22 03:00:00,19.24,19.37,19.24,19.33,9610.221557
2025-09-22 04:00:00,19.34,19.39,19.28,19.29,7013.299926
2025-09-22 05:00:00,19.28,19.3,18.94,18.95,20416.060565
2025-09-22 06:00:00,18.95,18.97,17.59,18.6,280817.625845
2025-09-22 07:00:00,18.6,18.64,18.49,18.5,24795.10725
2025-09-22 08:00:00,18.49,18.7,18.43,18.65,17967.973284
2025-09-22 09:00:00,18.65,18.66,18.43,18.46,15929.501776
2025-09-22 10:00:00,18.45,18.64,18.42,18.62,10152.368363
2025-09-22 11:00:00,18.61,18.63,18.47,18.49,10454.889551
2025-09-22 12:00:00,18.49,18.69,18.45,18.61,18329.143222
2025-09-22 13:00:00,18.6,18.76,18.59,18.76,22169.199667
2025-09-22 14:00:00,18.76,18.78,18.57,18.6,18790.256583
2025-09-22 15:00:00,18.59,18.62,18.47,18.53,9565.00444
2025-09-22 16:00:00,18.53,18.6,18.43,18.46,36418.702156
2025-09-22 17:00:00,18.46,18.52,18.39,18.5,7207.82722
2025-09-22 18:00:00,18.5,18.54,18.44,18.44,5424.836105
2025-09-22 19:00:00,18.43,18.46,18.32,18.39,15126.4808
2025-09-22 20:00:00,18.4,18.59,18.38,18.57,6066.109516
2025-09-22 21:00:00,18.57,18.65,18.53,18.65,3407.131528
2025-09-22 22:00:00,18.64,18.64,18.59,18.63,1584.844021
2025-09-22 23:00:00,18.62,18.71,18.61,18.71,7893.462755
2025-09-23 00:00:00,18.72,18.78,18.69,18.72,10377.712845
2025-09-23 01:00:00,18.71,18.75,18.64,18.64,7316.419166
2025-09-23 02:00:00,18.64,18.67,18.5,18.5,6073.39447
2025-09-23 03:00:00,18.49,18.77,18.41,18.73,12670.136235
2025-09-23 04:00:00,18.74,18.77,18.55,18.65,4219.766112
2025-09-23 05:00:00,18.67,18.77,18.63,18.71,3997.960288
2025-09-23 06:00:00,18.7,18.91,18.7,18.9,20857.345042
2025-09-23 07:00:00,18.9,18.95,18.85,18.85,3584.026052
2025-09-23 08:00:00,18.86,18.92,18.83,18.88,2279.710322
2025-09-23 09:00:00,18.89,18.95,18.77,18.82,4068.8373
2025-09-23 10:00:00,18.82,18.94,18.8,18.93,2238.872043
2025-09-23 11:00:00,18.93,18.94,18.85,18.93,4222.300193
2025-09-23 12:00:00,18.92,19.04,18.89,18.99,3327.025961
2025-09-23 13:00:00,18.98,18.99,18.88,18.92,4290.721241
2025-09-23 14:00:00,18.92,19.07,18.92,18.99,6949.578333
2025-09-23 15:00:00,18.99,19.09,18.91,18.99,5895.66273
2025-09-23 16:00:00,19.01,19.04,18.86,18.99,6952.127853
2025-09-23 17:00:00,19.0,19.0,18.77,18.8,8731.123345
2025-09-23 18:00:00,18.8,18.9,18.78,18.83,2820.079633
2025-09-23 19:00:00,18.83,18.96,18.79,18.85,3114.457952
2025-09-23 20:00:00,18.85,18.98,18.84,18.98,3271.602565
2025-09-23 21:00:00,18.99,18.99,18.88,18.96,1696.783917
2025-09-23 22:00:00,18.96,18.97,18.84,18.86,2243.960642
2025-09-23 23:00:00,18.86,18.89,18.76,18.79,1778.587474
2025-09-24 00:00:00,18.81,18.94,18.8,18.84,2116.805124
2025-09-24 01:00:00,18.85,18.99,18.81,18.97,2658.069142
2025-09-24 02:00:00,18.97,18.98,18.83,18.89,4211.069885
2025-09-24 03:00:00,18.88,18.91,18.6,18.63,9857.651329
2025-09-24 04:00:00,18.63,18.83,18.43,18.74,10889.889671
2025-09-24 05:00:00,18.73,18.97,18.73,18.96,2933.719412
2025-09-24 06:00:00,18.96,19.13,18.8,19.02,136624.272808
2025-09-24 07:00:00,19.02,19.06,18.91,18.97,8476.36794
2025-09-24 08:00:00,18.98,18.99,18.91,18.97,2429.775378
2025-09-24 09:00:00,18.97,19.02,18.93,18.99,2041.78685
2025-09-24 10:00:00,19.01,19.02,18.91,18.98,8885.753164
2025-09-24 11:00:00,18.99,19.03,18.93,18.97,4669.643061
2025-09-24 12:00:00,18.98,19.01,18.9,18.92,4291.86127
2025-09-24 13:00:00,18.93,18.98,18.83,18.83,6561.848105
2025-09-24 14:00:00,18.85,19.05,18.83,19.0,13526.176336
2025-09-24 15:00:00,19.0,19.01,18.82,18.82,6081.340197
2025-09-24 16:00:00,18.84,18.89,18.79,18.87,2603.778988
2025-09-24 17:00:00,18.87,18.94,18.86,18.9,1699.460038
2025-09-24 18:00:00,18.91,18.91,18.81,18.84,3614.316945
2025-09-24 19:00:00,18.84,18.85,18.76,18.78,556.851417
2025-09-24 20:00:00,18.8,18.82,18.71,18.8,2480.992769
2025-09-24 21:00:00,18.79,18.83,18.65,18.68,3215.227949
2025-09-24 22:00:00,18.68,18.74,18.67,18.7,4103.530363
2025-09-24 23:00:00,18.69,18.72,18.52,18.59,34752.184585
2025-09-25 00:00:00,18.6,18.66,18.46,18.52,23501.808713
2025-09-25 01:00:00,18.53,18.6,18.48,18.58,7222.055447
2025-09-25 02:00:00,18.58,18.73,18.47,18.66,15970.706045
2025-09-25 03:00:00,18.65,18.66,18.4,18.54,10576.275781
2025-09-25 04:00:00,18.53,18.59,18.2,18.3,18863.406865
2025-09-25 05:00:00,18.29,18.5,18.23,18.46,9150.189495
2025-09-25 06:00:00,18.46,18.46,18.29,18.3,10878.693105
2025-09-25 07:00:00,18.3,18.4,18.26,18.29,8117.596136
2025-09-25 08:00:00,18.29,18.4,18.23,18.3,5548.483607
2025-09-25 09:00:00,18.3,18.46,18.26,18.26,4983.30665
2025-09-25 10:00:00,18.27,18.38,18.21,18.21,2414.159299
2025-09-25 11:00:00,18.22,18.25,18.16,18.2,6488.16736
2025-09-25 12:00:00,18.2,18.3,17.85,18.24,48306.862939
2025-09-25 13:00:00,18.25,18.39,18.14,18.24,12650.283847
2025-09-25 14:00:00,18.26,18.47,18.25,18.34,6816.129178
2025-09-25 15:00:00,18.35,18.36,18.25,18.31,6924.030066
2025-09-25 16:00:00,18.31,18.33,18.04,18.07,4820.677369
2025-09-25 17:00:00,18.07,18.07,17.57,17.64,31705.842334
2025-09-25 18:00:00,17.65,18.15,17.58,18.15,15131.386071
2025-09-25 19:00:00,18.16,18.24,18.03,18.05,4473.703668
2025-09-25 20:00:00,18.04,18.07,17.9,17.96,2456.209895
2025-09-25 21:00:00,17.97,18.1,17.88,18.02,5510.278354
2025-09-25 22:00:00,18.02,18.12,17.89,17.95,5786.028231
2025-09-25 23:00:00,17.97,18.06,17.76,17.89,8909.147526
2025-09-26 00:00:00,17.9,18.16,17.89,18.14,4727.516078
2025-09-26 01:00:00,18.13,18.19,18.07,18.13,6141.031035
2025-09-26 02:00:00,18.13,18.21,18.07,18.12,6905.748377
2025-09-26 03:00:00,18.12,18.16,18.07,18.15,3396.78802
2025-09-26 04:00:00,18.16,18.16,18.04,18.05,2896.631128
2025-09-26 05:00:00,18.06,18.16,18.01,18.02,3615.030905
2025-09-26 06:00:00,18.02,18.13,17.96,18.0,6432.724664
2025-09-26 07:00:00,18.02,18.08,17.89,18.0,6210.685644
2025-09-26 08:00:00,18.0,18.07,17.99,18.02,5017.20141
2025-09-26 09:00:00,18.03,18.06,17.86,17.9,11135.736908
2025-09-26 10:00:00,17.9,17.91,17.76,17.79,6813.613211
2025-09-26 11:00:00,17.79,17.93,17.71,17.9,6972.9488
2025-09-26 12:00:00,17.89,18.14,17.75,18.06,11495.896943
2025-09-26 13:00:00,18.06,18.2,17.94,18.14,10780.184212
2025-09-26 14:00:00,18.15,18.17,18.0,18.06,11327.540141
2025-09-26 15:00:00,18.07,18.21,18.07,18.2,5197.992303
2025-09-26 16:00:00,18.21,18.39,18.2,18.36,10220.659261
2025-09-26 17:00:00,18.35,18.5,18.31,18.49,16164.060073
2025-09-26 18:00:00,18.49,18.54,18.46,18.5,4378.367813
2025-09-26 19:00:00,18.51,18.52,18.37,18.45,1925.071667
2025-09-26 20:00:00,18.43,18.45,18.37,18.37,1430.821434
2025-09-26 21:00:00,18.37,18.42,18.34,18.4,8021.846779
2025-09-26 22:00:00,18.41,18.45,18.37,18.4,11469.156913
2025-09-26 23:00:00,18.38,18.41,18.35,18.39,1970.183675
2025-09-27 00:00:00,18.39,18.4,18.32,18.37,8046.635759
2025-09-27 01:00:00,18.37,18.37,18.27,18.3,2660.536839
2025-09-27 02:00:00,18.3,18.31,18.25,18.25,1891.101749
2025-09-27 03:00:00,18.25,18.31,18.24,18.25,4651.137975
2025-09-27 04:00:00,18.25,18.26,18.19,18.24,2393.011463
2025-09-27 05:00:00,18.24,18.26,18.19,18.24,2443.384028
2025-09-27 06:00:00,18.24,18.25,18.19,18.25,7035.525111
2025-09-27 07:00:00,18.25,18.28,18.18,18.2,17294.895165
2025-09-27 08:00:00,18.2,18.2,18.06,18.07,8058.49387
2025-09-27 09:00:00,18.08,18.15,18.04,18.15,16249.635551
2025-09-27 10:00:00,18.15,18.22,18.12,18.2,3713.810434
2025-09-27 11:00:00,18.19,18.22,18.19,18.21,632.688759
2025-09-27 12:00:00,18.23,18.33,18.18,18.32,5201.242135
2025-09-27 13:00:00,18.32,18.33,18.25,18.25,19684.66379
2025-09-27 14:00:00,18.25,18.25,18.18,18.19,1473.471746
2025-09-27 15:00:00,18.18,18.24,18.11,18.24,2683.87882
2025-09-27 16:00:00,18.24,18.24,18.16,18.17,889.289527
2025-09-27 17:00:00,18.17,18.17,18.09,18.15,2555.140895
2025-09-27 18:00:00,18.17,18.19,18.12,18.17,656.87799
2025-09-27 19:00:00,18.16,18.2,18.15,18.2,1636.699743
2025-09-27 20:00:00,18.21,18.24,18.19,18.2,472.221549
2025-09-27 21:00:00,18.21,18.29,18.19,18.29,1510.990918
2025-09-27 22:00:00,18.28,18.34,18.27,18.28,2776.503037
2025-09-27 23:00:00,18.29,18.31,18.24,18.24,1331.273425
2025-09-28 00:00:00,18.25,18.26,18.15,18.16,2889.56195
2025-09-28 01:00:00,18.16,18.16,18.04,18.07,3352.30073
2025-09-28 02:00:00,18.07,18.12,18.05,18.08,1340.132885
2025-09-28 03:00:00,18.09,18.11,18.05,18.08,2145.304158
2025-09-28 04:00:00,18.09,18.09,18.03,18.06,1215.801083
2025-09-28 05:00:00,18.07,18.09,18.02,18.04,907.894185
2025-09-28 06:00:00,18.04,18.05,17.95,18.0,1651.506798
2025-09-28 07:00:00,18.02,18.05,17.95,18.01,2279.577221
2025-09-28 08:00:00,18.02,18.04,17.94,17.97,1228.295855
2025-09-28 09:00:00,17.97,18.0,17.92,17.97,5306.953792
2025-09-28 10:00:00,17.96,18.0,17.91,18.0,4919.338626
2025-09-28 11:00:00,17.99,17.99,17.92,17.98,3215.109262
2025-09-28 12:00:00,17.97,17.98,17.86,17.94,2824.049297
2025-09-28 13:00:00,17.94,18.16,17.93,18.13,12634.138603
2025-09-28 14:00:00,18.14,18.2,18.1,18.18,5011.708691
2025-09-28 15:00:00,18.19,18.22,18.15,18.16,2337.401889
2025-09-28 16:00:00,18.17,18.3,18.14,18.19,4852.868239
2025-09-28 17:00:00,18.19,18.25,18.15,18.21,4804.762474
2025-09-28 18:00:00,18.21,18.24,18.17,18.24,914.408634
2025-09-28 19:00:00,18.25,18.31,18.22,18.31,3608.415073
2025-09-28 20:00:00,18.31,18.38,18.3,18.34,1835.081404
2025-09-28 21:00:00,18.34,18.38,18.29,18.31,3310.750863
2025-09-28 22:00:00,18.32,18.57,18.32,18.55,10687.358961
2025-09-28 23:00:00,18.55,18.57,18.5,18.54,4207.688757
2025-09-29 00:00:00,18.54,18.54,18.47,18.49,21996.778915
2025-09-29 01:00:00,18.49,18.5,18.39,18.39,4904.575665
2025-09-29 02:00:00,18.38,18.49,18.36,18.47,20021.566823
2025-09-29 03:00:00,18.47,18.48,18.43,18.46,2426.436724
2025-09-29 04:00:00,18.48,18.48,18.42,18.43,3606.750492
2025-09-29 05:00:00,18.44,18.46,18.37,18.45,466.36783
2025-09-29 06:00:00,18.47,18.47,18.39,18.39,3354.843492
2025-09-29 07:00:00,18.39,18.44,18.34,18.4,3780.886563
2025-09-29 08:00:00,18.41,18.46,18.37,18.44,4272.24439
2025-09-29 09:00:00,18.43,18.48,18.36,18.38,5094.107218
2025-09-29 10:00:00,18.38,18.42,18.27,18.27,1718.470466
2025-09-29 11:00:00,18.28,18.3,18.21,18.27,3837.056744
2025-09-29 12:00:00,18.27,18.36,18.18,18.19,3110.778682
2025-09-29 13:00:00,18.19,18.46,18.13,18.43,7783.648319
2025-09-29 14:00:00,18.43,18.63,18.42,18.61,9209.590042
2025-09-29 15:00:00,18.63,18.68,18.44,18.45,4121.733726
2025-09-29 16:00:00,18.46,18.53,18.35,18.36,2140.501173
2025-09-29 17:00:00,18.37,18.46,18.3,18.45,2946.556435
2025-09-29 18:00:00,18.44,18.44,18.37,18.38,3197.458653
2025-09-29 19:00:00,18.4,18.55,18.38,18.54,1680.477058
2025-09-29 20:00:00,18.53,18.7,18.53,18.67,4174.831579
2025-09-29 21:00:00,18.68,18.72,18.65,18.66,2920.647906
2025-09-29 22:00:00,18.66,18.73,18.63,18.69,1627.598156
2025-09-29 23:00:00,18.69,18.71,18.62,18.63,2719.536346
2025-09-30 00:00:00,18.63,18.71,18.55,18.55,3282.672677
2025-09-30 01:00:00,18.55,18.62,18.43,18.49,1724.017067
2025-09-30 02:00:00,18.49,18.49,18.44,18.45,472.183364
2025-09-30 03:00:00,18.45,18.52,18.43,18.46,920.309055
2025-09-30 04:00:00,18.46,18.53,18.43,18.47,1366.790501
2025-09-30 05:00:00,18.47,18.49,18.38,18.46,1746.860139
2025-09-30 06:00:00,18.45,18.51,18.41,18.43,2749.584908
2025-09-30 07:00:00,18.42,18.47,18.28,18.33,4216.703634
2025-09-30 08:00:00,18.32,18.33,18.27,18.29,736.684434
2025-09-30 09:00:00,18.29,18.34,18.24,18.25,3050.404237
2025-09-30 10:00:00,18.25,18.34,18.24,18.31,2686.915566
2025-09-30 11:00:00,18.31,18.36,18.25,18.35,2196.527631
2025-09-30 12:00:00,18.34,18.38,18.3,18.33,4895.756468
2025-09-30 13:00:00,18.33,18.5,18.31,18.38,15472.091539
2025-09-30 14:00:00,18.38,18.42,18.29,18.37,7763.347499
2025-09-30 15:00:00,18.36,18.36,18.06,18.2,13858.446414
2025-09-30 16:00:00,18.19,18.23,18.14,18.18,5951.077963
2025-09-30 17:00:00,18.18,18.22,18.08,18.1,3963.914524
2025-09-30 18:00:00,18.08,18.19,18.05,18.16,15906.521486
2025-09-30 19:00:00,18.16,18.41,18.12,18.39,7335.581132
2025-09-30 20:00:00,18.39,18.57,18.38,18.57,3651.950419
2025-09-30 21:00:00,18.58,18.6,18.47,18.47,1694.141472
2025-09-30 22:00:00,18.47,18.56,18.39,18.41,1880.193043
2025-09-30 23:00:00,18.41,18.45,18.34,18.44,1278.420247
2025-10-01 00:00:00,18.45,18.46,18.26,18.33,2135.379337
2025-10-01 01:00:00,18.35,18.49,18.31,18.49,2353.570967
2025-10-01 02:00:00,18.5,18.5,18.38,18.38,1128.351165
2025-10-01 03:00:00,18.38,18.39,18.23,18.23,10167.037269
2025-10-01 04:00:00,18.22,18.41,18.22,18.32,1588.184939
2025-10-01 05:00:00,18.35,18.45,18.34,18.37,1690.166727
2025-10-01 06:00:00,18.37,18.39,18.22,18.22,5045.451724
2025-10-01 07:00:00,18.21,18.32,18.2,18.27,42258.099841
2025-10-01 08:00:00,18.25,18.95,18.25,18.93,44295.284479
2025-10-01 09:00:00,18.94,19.11,18.91,19.08,23373.404727
2025-10-01 10:00:00,19.09,19.11,18.88,18.91,29271.89825
2025-10-01 11:00:00,18.92,19.04,18.92,18.97,12813.147694
2025-10-01 12:00:00,18.97,19.04,18.9,18.92,10073.66156
2025-10-01 13:00:00,18.91,19.05,18.91,18.98,4482.13944
2025-10-01 14:00:00,18.98,19.13,18.97,19.04,5754.77001
2025-10-01 15:00:00,19.05,19.15,19.02,19.09,5671.392498
2025-10-01 16:00:00,19.1,19.12,19.05,19.1,4413.207144
2025-10-01 17:00:00,19.11,19.23,19.1,19.16,7185.447268
2025-10-01 18:00:00,19.16,19.32,19.16,19.29,6792.143939
2025-10-01 19:00:00,19.27,19.49,19.27,19.41,30459.967534
2025-10-01 20:00:00,19.41,19.45,19.34,19.38,3570.714945
2025-10-01 21:00:00,19.39,19.39,19.24,19.25,8833.687825
2025-10-01 22:00:00,19.28,19.33,19.24,19.29,2218.45619
2025-10-01 23:00:00,19.29,19.69,19.28,19.56,38419.791963
2025-10-02 00:00:00,19.57,19.66,19.48,19.5,8835.558651
2025-10-02 01:00:00,19.5,19.73,19.48,19.73,18249.295313
2025-10-02 02:00:00,19.73,19.83,19.65,19.72,15558.919404
2025-10-02 03:00:00,19.72,19.73,19.66,19.67,6887.224185
2025-10-02 04:00:00,19.68,19.68,19.54,19.62,51187.574315
2025-10-02 05:00:00,19.63,19.7,19.61,19.69,15717.038993
2025-10-02 06:00:00,19.69,19.86,19.68,19.83,12935.242615
2025-10-02 07:00:00,19.82,19.97,19.79,19.91,11577.016973
2025-10-02 08:00:00,19.91,19.98,19.87,19.89,6834.926243
2025-10-02 09:00:00,19.89,19.92,19.81,19.85,4042.854993
2025-10-02 10:00:00,19.85,20.04,19.8,19.98,10902.122266
2025-10-02 11:00:00,19.98,19.99,19.78,19.79,6810.753946
2025-10-02 12:00:00,19.78,19.84,19.74,19.8,12665.879211
2025-10-02 13:00:00,19.79,19.81,19.57,19.66,15473.59484
2025-10-02 14:00:00,19.66,19.73,19.47,19.52,9558.632382
2025-10-02 15:00:00,19.51,19.71,19.39,19.71,11190.168894
2025-10-02 16:00:00,19.7,19.89,19.67,19.76,10506.298819
2025-10-02 17:00:00,19.8,19.89,19.74,19.85,6172.249749
2025-10-02 18:00:00,19.87,19.95,19.86,19.93,5342.389333
2025-10-02 19:00:00,19.94,20.1,19.93,20.03,17057.382654
2025-10-02 20:00:00,20.03,20.05,19.94,20.03,7824.229998
2025-10-02 21:00:00,20.05,20.06,19.97,19.98,5591.874235
2025-10-02 22:00:00,19.97,20.03,19.89,19.95,4231.133909
2025-10-02 23:00:00,19.96,20.08,19.94,20.08,5064.668473
2025-10-03 00:00:00,20.08,20.1,19.89,19.9,7392.228674
2025-10-03 01:00:00,19.9,19.92,19.75,19.75,5794.204941
2025-10-03 02:00:00,19.74,19.91,19.73,19.88,4892.358044
2025-10-03 03:00:00,19.87,19.99,19.77,19.8,10838.625224
2025-10-03 04:00:00,19.8,19.99,19.8,19.9,5166.295719
2025-10-03 05:00:00,19.91,19.91,19.72,19.76,6752.084278
2025-10-03 06:00:00,19.75,19.79,19.63,19.71,4625.420752
2025-10-03 07:00:00,19.71,19.73,19.62,19.7,2658.377944
2025-10-03 08:00:00,19.69,19.71,19.56,19.71,5999.046864
2025-10-03 09:00:00,19.71,19.72,19.59,19.68,12276.993189
2025-10-03 10:00:00,19.68,19.68,19.61,19.63,2100.416931
2025-10-03 11:00:00,19.63,19.63,19.53,19.59,7030.589431
2025-10-03 12:00:00,19.59,19.66,19.56,19.61,2723.887369
2025-10-03 13:00:00,19.6,19.75,19.49,19.63,14182.664339
2025-10-03 14:00:00,19.62,19.76,19.46,19.71,19661.474258
2025-10-03 15:00:00,19.7,19.99,19.64,19.96,9980.104041
2025-10-03 16:00:00,19.96,20.21,19.96,20.02,30219.869835
2025-10-03 17:00:00,20.01,20.01,19.67,19.72,26237.407279
2025-10-03 18:00:00,19.73,19.99,19.66,19.99,10803.949143
2025-10-03 19:00:00,20.0,20.08,19.94,19.99,5314.140182
2025-10-03 20:00:00,20.0,20.02,19.89,19.99,5862.339783
2025-10-03 21:00:00,20.0,20.01,19.89,19.94,3696.903488
2025-10-03 22:00:00,19.94,20.0,19.94,19.96,1463.10134
2025-10-03 23:00:00,19.96,19.96,19.89,19.94,2703.859216
2025-10-04 00:00:00,19.95,20.0,19.85,19.93,5707.900245
2025-10-04 01:00:00,19.95,19.96,19.7,19.75,22317.102569
2025-10-04 02:00:00,19.75,19.79,19.65,19.75,9814.869743
2025-10-04 03:00:00,19.74,19.75,19.66,19.72,1483.759031
2025-10-04 04:00:00,19.72,19.75,19.63,19.69,3523.00437
2025-10-04 05:00:00,19.68,19.77,19.66,19.73,5413.997412
2025-10-04 06:00:00,19.71,19.77,19.7,19.73,3141.161747
2025-10-04 07:00:00,19.73,19.73,19.61,19.64,2639.238516
2025-10-04 08:00:00,19.64,19.64,19.48,19.51,8381.343001
2025-10-04 09:00:00,19.51,19.56,19.42,19.44,4834.609447
2025-10-04 10:00:00,19.43,19.5,19.32,19.38,5797.749688
2025-10-04 11:00:00,19.38,19.42,19.33,19.37,2629.051064
2025-10-04 12:00:00,19.37,19.45,19.36,19.4,2735.4778
2025-10-04 13:00:00,19.39,19.54,19.39,19.47,4156.488769
2025-10-04 14:00:00,19.46,19.53,19.28,19.3,5724.100439
2025-10-04 15:00:00,19.29,19.37,19.24,19.28,8184.913772
2025-10-04 16:00:00,19.29,19.4,19.28,19.4,7578.893055
2025-10-04 17:00:00,19.38,19.41,19.32,19.36,1131.241929
2025-10-04 18:00:00,19.37,19.4,19.34,19.35,2327.626294
2025-10-04 19:00:00,19.36,19.46,19.36,19.44,14084.785944
2025-10-04 20:00:00,19.45,19.49,19.43,19.43,2306.351362
2025-10-04 21:00:00,19.44,19.52,19.43,19.48,3701.259252
2025-10-04 22:00:00,19.48,19.52,19.45,19.46,2155.386986
2025-10-04 23:00:00,19.46,19.48,19.44,19.45,2107.762608
2025-10-05 00:00:00,19.45,19.51,19.34,19.35,6797.146558
2025-10-05 01:00:00,19.37,19.46,19.36,19.45,2490.78666
2025-10-05 02:00:00,19.44,19.76,19.42,19.76,25697.39609
2025-10-05 03:00:00,19.76,19.86,19.72,19.72,30589.368754
2025-10-05 04:00:00,19.74,19.91,19.7,19.84,14113.156197
2025-10-05 05:00:00,19.85,19.91,19.81,19.87,12213.265632
2025-10-05 06:00:00,19.88,19.96,19.85,19.91,19151.474184
2025-10-05 07:00:00,19.92,20.18,19.9,20.18,34336.943247
2025-10-05 08:00:00,20.18,20.33,20.15,20.15,23750.95087
2025-10-05 09:00:00,20.15,20.17,19.92,19.94,14475.43118
2025-10-05 10:00:00,19.94,19.94,19.8,19.9,9623.366835
2025-10-05 11:00:00,19.89,19.91,19.81,19.88,4440.025526
2025-10-05 12:00:00,19.87,19.87,19.76,19.76,2140.224566
2025-10-05 13:00:00,19.77,19.83,19.75,19.78,2579.753411
2025-10-05 14:00:00,19.79,19.84,19.66,19.74,5787.441243
2025-10-05 15:00:00,19.74,19.79,19.72,19.78,1799.98935
2025-10-05 16:00:00,19.76,19.8,19.62,19.78,11506.345199
2025-10-05 17:00:00,19.78,19.8,19.58,19.62,3546.323037
2025-10-05 18:00:00,19.61,19.64,19.53,19.57,4392.383107
2025-10-05 19:00:00,19.56,19.56,19.34,19.34,9001.494372
2025-10-05 20:00:00,19.35,19.45,19.3,19.4,6525.415897
2025-10-05 21:00:00,19.39,19.41,19.35,19.41,1861.381234
2025-10-05 22:00:00,19.42,19.5,19.36,19.43,2146.7158
2025-10-05 23:00:00,19.42,19.48,19.41,19.42,3798.336313
2025-10-06 00:00:00,19.41,19.59,19.31,19.38,4351.284609
2025-10-06 01:00:00,19.39,19.63,19.33,19.54,5321.10605
2025-10-06 02:00:00,19.55,19.69,19.45,19.6,6037.108985
2025-10-06 03:00:00,19.6,19.62,19.51,19.56,2576.172289
2025-10-06 04:00:00,19.53,19.54,19.42,19.44,2447.450785
2025-10-06 05:00:00,19.43,19.59,19.41,19.58,1989.982578
2025-10-06 06:00:00,19.57,19.75,19.56,19.73,7937.24069
2025-10-06 07:00:00,19.73,19.79,19.56,19.58,7205.491566
2025-10-06 08:00:00,19.6,19.72,19.6,19.67,6798.222053
2025-10-06 09:00:00,19.68,19.73,19.67,19.7,1799.960861
2025-10-06 10:00:00,19.7,19.71,19.64,19.68,1115.104184
2025-10-06 11:00:00,19.66,19.81,19.63,19.71,1791.759959
2025-10-06 12:00:00,19.71,19.81,19.71,19.78,2906.485012
2025-10-06 13:00:00,19.79,19.99,19.74,19.98,7425.710949
2025-10-06 14:00:00,19.98,20.1,19.92,19.95,11058.183706
2025-10-06 15:00:00,19.96,20.17,19.96,20.09,12360.572547
2025-10-06 16:00:00,20.09,20.14,19.95,20.02,3418.18914
2025-10-06 17:00:00,20.02,20.2,19.99,20.12,6315.62825
2025-10-06 18:00:00,20.1,20.22,20.1,20.18,6210.504647
2025-10-06 19:00:00,20.18,20.18,20.08,20.13,4068.466525
2025-10-06 20:00:00,20.15,20.2,20.08,20.11,2156.356693
2025-10-06 21:00:00,20.12,20.14,20.04,20.12,5881.076517
2025-10-06 22:00:00,20.12,20.16,20.05,20.08,4965.723063
2025-10-06 23:00:00,20.1,20.11,19.96,19.99,4432.467981
2025-10-07 00:00:00,19.98,20.05,19.97,20.03,6577.987752
2025-10-07 01:00:00,20.03,20.1,19.93,19.97,5439.947768
2025-10-07 02:00:00,19.97,20.05,19.96,19.99,2518.076405
2025-10-07 03:00:00,19.99,20.05,19.94,20.05,4295.905384
2025-10-07 04:00:00,20.04,20.14,19.9,20.09,4645.110669
2025-10-07 05:00:00,20.08,20.09,19.99,20.0,4383.943338
2025-10-07 06:00:00,20.01,20.03,19.74,19.77,5789.756754
2025-10-07 07:00:00,19.77,19.82,19.69,19.75,5754.687395
2025-10-07 08:00:00,19.76,19.76,19.53,19.58,11828.983912
2025-10-07 09:00:00,19.57,19.72,19.56,19.72,8575.478008
2025-10-07 10:00:00,19.7,19.8,19.68,19.77,3672.028801
2025-10-07 11:00:00,19.78,19.87,19.74,19.85,5665.904799
2025-10-07 12:00:00,19.83,19.95,19.76,19.95,6677.152742
2025-10-07 13:00:00,19.96,19.99,19.62,19.77,9283.246323
2025-10-07 14:00:00,19.76,19.77,19.33,19.35,29093.452688
2025-10-07 15:00:00,19.35,19.39,18.99,19.1,49595.380024
2025-10-07 16:00:00,19.08,19.3,18.93,19.2,16554.692399
2025-10-07 17:00:00,19.2,19.26,19.1,19.12,9961.862777
2025-10-07 18:00:00,19.11,19.16,19.06,19.09,5343.295625
2025-10-07 19:00:00,19.07,19.17,19.05,19.07,2891.967769
2025-10-07 20:00:00,19.08,19.23,19.08,19.18,1958.44428
2025-10-07 21:00:00,19.18,19.24,19.1,19.14,5632.606807
2025-10-07 22:00:00,19.11,19.18,19.06,19.12,964.809729
2025-10-07 23:00:00,19.13,19.13,18.99,19.02,4322.052101
2025-10-08 00:00:00,19.03,19.24,19.03,19.19,5132.635234
2025-10-08 01:00:00,19.18,19.24,19.14,19.21,3765.03999
2025-10-08 02:00:00,19.2,19.25,19.15,19.17,1975.393445
2025-10-08 03:00:00,19.15,19.15,18.87,18.99,8922.513437
2025-10-08 04:00:00,19.0,19.16,18.91,19.13,10676.433398
2025-10-08 05:00:00,19.14,19.14,19.02,19.12,11436.100148
2025-10-08 06:00:00,19.11,19.14,18.99,19.09,15495.385728
2025-10-08 07:00:00,19.08,19.14,19.01,19.14,4100.563223
2025-10-08 08:00:00,19.14,19.24,19.12,19.18,6360.664537
2025-10-08 09:00:00,19.18,19.19,19.08,19.13,3530.873286
2025-10-08 10:00:00,19.13,19.19,19.1,19.17,4117.673144
2025-10-08 11:00:00,19.18,19.2,19.09,19.12,6191.429022
2025-10-08 12:00:00,19.12,19.18,19.1,19.15,2218.409229
2025-10-08 13:00:00,19.16,19.25,19.08,19.24,6962.77565
2025-10-08 14:00:00,19.24,19.4,19.12,19.14,9557.890752
2025-10-08 15:00:00,19.14,19.23,19.1,19.11,2006.126485
2025-10-08 16:00:00,19.11,19.37,19.07,19.37,10527.830663
2025-10-08 17:00:00,19.37,19.79,19.36,19.73,16149.74115
2025-10-08 18:00:00,19.74,19.83,19.68,19.74,17116.722032
2025-10-08 19:00:00,19.73,19.75,19.66,19.69,5652.217189
2025-10-08 20:00:00,19.68,19.76,19.64,19.65,2609.050866
2025-10-08 21:00:00,19.65,19.73,19.61,19.7,9340.99902
2025-10-08 22:00:00,19.7,19.76,19.69,19.69,5511.284194
2025-10-08 23:00:00,19.68,19.7,19.61,19.63,4176.042748
2025-10-09 00:00:00,19.64,19.66,19.46,19.48,9445.919945
2025-10-09 01:00:00,19.48,19.48,19.32,19.4,14784.824695
2025-10-09 02:00:00,19.41,19.41,19.05,19.07,13262.704053
2025-10-09 03:00:00,19.08,19.31,19.08,19.3,8073.930352
2025-10-09 04:00:00,19.29,19.37,19.26,19.34,10355.116737
2025-10-09 05:00:00,19.35,19.37,19.25,19.28,3248.690274
2025-10-09 06:00:00,19.27,19.27,19.11,19.13,5350.894439
2025-10-09 07:00:00,19.13,19.18,19.05,19.1,5718.814136
2025-10-09 08:00:00,19.09,19.1,18.78,18.82,20935.08422
2025-10-09 09:00:00,18.81,18.95,18.81,18.92,4455.812473
2025-10-09 10:00:00,18.92,18.98,18.84,18.95,4844.544957
2025-10-09 11:00:00,18.95,19.03,18.95,18.98,3732.622451
2025-10-09 12:00:00,18.97,19.18,18.97,19.15,5880.90524
2025-10-09 13:00:00,19.15,19.17,18.89,18.89,5423.877698
2025-10-09 14:00:00,18.89,19.0,18.72,18.93,9555.5366
2025-10-09 15:00:00,18.94,19.01,18.78,18.83,6523.349493
2025-10-09 16:00:00,18.83,18.89,18.65,18.69,12293.261224
2025-10-09 17:00:00,18.7,18.98,18.68,18.97,6674.507162
2025-10-09 18:00:00,18.98,19.0,18.91,18.93,2301.339027
2025-10-09 19:00:00,18.91,19.01,18.91,19.01,2933.292811
2025-10-09 20:00:00,19.0,19.07,18.98,19.01,1916.963035
2025-10-09 21:00:00,19.03,19.06,18.99,19.04,3356.548357
2025-10-09 22:00:00,19.05,19.37,19.04,19.3,9751.745928
2025-10-09 23:00:00,19.3,19.31,19.15,19.18,8114.974767
2025-10-10 00:00:00,19.18,19.34,19.16,19.3,27595.265506
2025-10-10 01:00:00,19.3,19.64,19.28,19.62,54307.8404
2025-10-10 02:00:00,19.63,19.78,19.47,19.62,42364.566978
2025-10-10 03:00:00,19.62,20.6,19.51,20.33,90550.275101
2025-10-10 04:00:00,20.34,20.47,19.9,20.01,51527.672219
2025-10-10 05:00:00,20.01,20.3,19.78,20.14,37658.843645
2025-10-10 06:00:00,20.14,20.24,19.88,19.96,34375.0578
2025-10-10 07:00:00,19.96,20.04,19.84,19.92,17669.546351
2025-10-10 08:00:00,19.93,20.11,19.91,20.01,26751.474604
2025-10-10 09:00:00,20.0,20.0,19.78,19.85,16663.730313
2025-10-10 10:00:00,19.84,20.02,19.84,19.95,25127.759382
2025-10-10 11:00:00,19.95,20.0,19.86,19.97,10099.592697
2025-10-10 12:00:00,19.98,20.11,19.94,20.05,25493.536142
2025-10-10 13:00:00,20.05,20.18,20.01,20.06,20197.641683
2025-10-10 14:00:00,20.07,20.1,19.68,19.72,33171.523756
2025-10-10 15:00:00,19.72,19.73,18.86,18.99,104216.23818
2025-10-10 16:00:00,18.98,19.11,18.82,18.85,50032.768353
2025-10-10 17:00:00,18.85,18.91,18.71,18.73,14637.552394
2025-10-10 18:00:00,18.73,18.73,18.48,18.5,16062.797674
2025-10-10 19:00:00,18.49,18.54,18.12,18.32,27650.28974
2025-10-10 20:00:00,18.32,18.41,16.88,17.2,130970.976482
2025-10-10 21:00:00,17.22,17.45,7.54,12.29,1193253.343696
2025-10-10 22:00:00,12.28,13.5,11.32,13.44,676183.622926
2025-10-10 23:00:00,13.44,14.91,13.35,14.3,429684.915105
2025-10-11 00:00:00,14.29,14.75,13.69,14.45,278645.498731
2025-10-11 01:00:00,14.45,14.46,13.84,14.17,297442.623326
2025-10-11 02:00:00,14.16,15.11,14.16,14.92,194078.585341
2025-10-11 03:00:00,14.92,15.01,14.48,14.82,386311.103958
2025-10-11 04:00:00,14.82,14.88,14.37,14.87,147415.715387
2025-10-11 05:00:00,14.87,14.88,14.6,14.73,99114.888539
2025-10-11 06:00:00,14.72,15.05,14.68,14.82,70997.774413
2025-10-11 07:00:00,14.82,15.03,14.73,14.97,71511.502531
2025-10-11 08:00:00,14.98,15.42,14.95,15.37,55284.229898
2025-10-11 09:00:00,15.37,15.63,15.13,15.18,67779.539504
2025-10-11 10:00:00,15.16,15.35,15.13,15.34,86980.275518
2025-10-11 11:00:00,15.34,15.38,15.15,15.18,48948.122793
2025-10-11 12:00:00,15.17,15.24,14.9,15.04,46693.39127
2025-10-11 13:00:00,15.03,15.17,14.85,15.15,35730.880009
2025-10-11 14:00:00,15.16,15.3,15.12,15.29,16229.938929
2025-10-11 15:00:00,15.29,15.39,15.23,15.34,18950.343178
2025-10-11 16:00:00,15.34,15.39,15.2,15.33,34403.745593
2025-10-11 17:00:00,15.33,15.45,15.22,15.31,16987.530799
2025-10-11 18:00:00,15.31,15.33,15.19,15.22,8354.362866
2025-10-11 19:00:00,15.22,15.22,14.65,14.8,45737.3971
2025-10-11 20:00:00,14.79,14.86,14.57,14.66,28621.639632
2025-10-11 21:00:00,14.66,14.84,14.37,14.8,36404.498491
2025-10-11 22:00:00,14.8,15.12,14.77,14.99,91576.409968
2025-10-11 23:00:00,15.0,15.1,14.96,15.04,45687.827521
2025-10-12 00:00:00,15.05,15.11,14.78,14.8,59129.389021
2025-10-12 01:00:00,14.79,14.99,14.74,14.78,30214.675683
2025-10-12 02:00:00,14.77,14.95,14.68,14.81,19713.223496
2025-10-12 03:00:00,14.81,15.09,14.77,15.02,35392.153913
2025-10-12 04:00:00,15.02,15.22,15.01,15.15,15903.141672
2025-10-12 05:00:00,15.16,15.21,15.13,15.15,12924.272168
2025-10-12 06:00:00,15.15,15.34,15.14,15.29,15388.039905
2025-10-12 07:00:00,15.29,15.39,15.22,15.3,24674.514122
2025-10-12 08:00:00,15.31,15.5,15.31,15.33,40570.491483
2025-10-12 09:00:00,15.33,15.34,15.19,15.33,24521.045529
2025-10-12 10:00:00,15.33,15.39,15.24,15.25,13676.834339
2025-10-12 11:00:00,15.25,15.49,15.25,15.4,34402.041008
2025-10-12 12:00:00,15.39,15.75,15.36,15.58,37722.945475
2025-10-12 13:00:00,15.59,15.79,15.38,15.45,46407.555512
2025-10-12 14:00:00,15.44,16.33,15.44,16.14,108003.258504
2025-10-12 15:00:00,16.15,16.45,16.03,16.33,151056.843347
2025-10-12 16:00:00,16.34,16.96,16.34,16.67,106704.136053
2025-10-12 17:00:00,16.67,16.81,16.54,16.68,30878.432289
2025-10-12 18:00:00,16.69,16.94,16.64,16.86,46588.812478
2025-10-12 19:00:00,16.86,16.97,16.82,16.92,13324.761837
2025-10-12 20:00:00,16.91,17.02,16.78,16.8,62489.211448
2025-10-12 21:00:00,16.8,16.92,16.59,16.75,27841.113696
2025-10-12 22:00:00,16.76,16.88,16.6,16.64,14925.655121
2025-10-12 23:00:00,16.65,16.73,16.51,16.71,16638.552171
2025-10-13 00:00:00,16.7,16.81,16.51,16.66,19399.588992
2025-10-13 01:00:00,16.65,16.97,16.58,16.91,25846.862688
2025-10-13 02:00:00,16.92,16.95,16.73,16.86,10755.532746
2025-10-13 03:00:00,16.87,16.91,16.73,16.76,12109.220035
2025-10-13 04:00:00,16.76,16.79,16.64,16.78,8741.601308
2025-10-13 05:00:00,16.76,16.8,16.67,16.73,5929.4803
2025-10-13 06:00:00,16.73,17.04,16.65,16.97,16524.436594
2025-10-13 07:00:00,16.97,17.07,16.84,16.9,24378.822256
2025-10-13 08:00:00,16.9,17.14,16.86,17.1,26192.509499
2025-10-13 09:00:00,17.1,17.25,17.03,17.23,15679.905206
2025-10-13 10:00:00,17.24,17.26,17.04,17.19,25303.181173
2025-10-13 11:00:00,17.18,17.18,16.6,16.83,45596.120006
2025-10-13 12:00:00,16.82,17.09,16.71,16.87,12294.455224
2025-10-13 13:00:00,16.87,17.27,16.8,17.13,22024.103099
2025-10-13 14:00:00,17.14,17.2,16.75,16.82,11433.338638
2025-10-13 15:00:00,16.83,17.12,16.81,17.03,11297.810354
2025-10-13 16:00:00,17.03,17.12,16.92,17.07,14837.556506
2025-10-13 17:00:00,17.06,17.6,17.05,17.58,38523.837833
2025-10-13 18:00:00,17.58,17.66,17.42,17.46,20811.13695
2025-10-13 19:00:00,17.45,17.68,17.45,17.61,11097.200633
2025-10-13 20:00:00,17.61,17.74,17.56,17.74,7523.294509
2025-10-13 21:00:00,17.74,17.82,17.53,17.54,14005.939437
2025-10-13 22:00:00,17.53,17.63,17.53,17.58,7765.542129
2025-10-13 23:00:00,17.58,17.58,17.45,17.47,15412.402076
2025-10-14 00:00:00,17.48,17.58,17.44,17.52,6918.910508
2025-10-14 01:00:00,17.52,17.61,17.4,17.57,14207.524553
2025-10-14 02:00:00,17.58,17.58,17.37,17.41,20570.652447
2025-10-14 03:00:00,17.41,17.41,17.25,17.28,29241.604459
2025-10-14 04:00:00,17.28,17.32,16.83,16.87,99561.48945
2025-10-14 05:00:00,16.87,17.01,16.64,16.73,34646.681111
2025-10-14 06:00:00,16.74,16.83,16.04,16.35,66331.535846
2025-10-14 07:00:00,16.34,16.57,16.25,16.35,31805.172326
2025-10-14 08:00:00,16.34,16.44,16.15,16.4,58571.888352
2025-10-14 09:00:00,16.4,16.54,16.37,16.43,15708.486993
2025-10-14 10:00:00,16.42,16.43,16.06,16.25,27920.196906
2025-10-14 11:00:00,16.25,16.45,16.24,16.32,10876.188135
2025-10-14 12:00:00,16.31,16.33,16.06,16.15,21588.351011
2025-10-14 13:00:00,16.15,16.37,15.96,16.31,43536.553961
2025-10-14 14:00:00,16.3,16.57,16.22,16.46,57936.704685
2025-10-14 15:00:00,16.46,16.97,16.45,16.97,89527.475661
2025-10-14 16:00:00,16.97,17.14,16.74,16.82,51488.140833
2025-10-14 17:00:00,16.81,16.96,16.6,16.83,21183.862132
2025-10-14 18:00:00,16.83,16.94,16.76,16.81,10269.363942
2025-10-14 19:00:00,16.81,16.9,16.53,16.75,18656.032056
2025-10-14 20:00:00,16.76,16.91,16.68,16.91,5044.837486
2025-10-14 21:00:00,16.9,16.93,16.75,16.91,6599.535048
2025-10-14 22:00:00,16.91,17.02,16.84,16.89,5924.273087
2025-10-14 23:00:00,16.87,16.95,16.86,16.88,5393.068323
2025-10-15 00:00:00,16.88,16.93,16.79,16.9,8257.218358
2025-10-15 01:00:00,16.91,16.92,16.72,16.82,19472.927862
2025-10-15 02:00:00,16.82,16.98,16.8,16.85,19728.498478
2025-10-15 03:00:00,16.86,16.87,16.66,16.74,8816.715416
2025-10-15 04:00:00,16.74,16.91,16.71,16.86,17007.574736
2025-10-15 05:00:00,16.87,16.92,16.76,16.8,8621.284186
2025-10-15 06:00:00,16.81,16.91,16.7,16.9,11094.729633
2025-10-15 07:00:00,16.91,16.97,16.82,16.93,9908.13067
2025-10-15 08:00:00,16.93,17.21,16.91,16.99,16922.072151
2025-10-15 09:00:00,16.99,16.99,16.77,16.85,16760.00497
2025-10-15 10:00:00,16.86,16.87,16.72,16.76,5575.745245
2025-10-15 11:00:00,16.76,16.82,16.61,16.72,6879.332348
2025-10-15 12:00:00,16.72,16.75,16.57,16.66,6745.224836
2025-10-15 13:00:00,16.66,16.72,16.33,16.62,13748.910055
2025-10-15 14:00:00,16.63,16.78,16.36,16.44,10462.853949
2025-10-15 15:00:00,16.44,16.53,16.25,16.33,16417.302517
2025-10-15 16:00:00,16.34,16.46,16.28,16.38,10746.694609
2025-10-15 17:00:00,16.38,16.45,16.21,16.45,6665.648866
2025-10-15 18:00:00,16.46,16.52,16.39,16.52,5148.811804
2025-10-15 19:00:00,16.51,16.51,16.28,16.31,3403.301705
2025-10-15 20:00:00,16.33,16.42,16.11,16.29,7714.009466
2025-10-15 21:00:00,16.28,16.4,16.16,16.25,6164.722209
2025-10-15 22:00:00,16.26,16.35,16.18,16.2,7142.955506
2025-10-15 23:00:00,16.21,16.31,16.18,16.29,14647.736388
2025-10-16 00:00:00,16.29,16.3,16.2,16.22,10566.000272
2025-10-16 01:00:00,16.23,16.4,16.23,16.38,10062.808902
2025-10-16 02:00:00,16.38,16.46,16.25,16.35,13045.991143
2025-10-16 03:00:00,16.37,16.37,16.25,16.25,4462.545896
2025-10-16 04:00:00,16.25,16.38,16.24,16.27,12195.47306
2025-10-16 05:00:00,16.27,16.38,16.21,16.32,5359.100529
2025-10-16 06:00:00,16.32,16.5,16.31,16.47,5135.184146
2025-10-16 07:00:00,16.48,16.48,16.33,16.39,3890.553609
2025-10-16 08:00:00,16.39,16.4,16.21,16.26,16956.706819
2025-10-16 09:00:00,16.26,16.46,15.85,16.41,56976.927389
2025-10-16 10:00:00,16.4,16.58,16.4,16.48,10282.790307
2025-10-16 11:00:00,16.49,16.55,16.38,16.53,4739.934564
2025-10-16 12:00:00,16.53,16.63,16.5,16.54,17277.296831
2025-10-16 13:00:00,16.53,16.55,16.34,16.4,12640.360114
2025-10-16 14:00:00,16.39,16.5,16.15,16.31,25082.396531
2025-10-16 15:00:00,16.32,16.36,15.87,15.94,35001.382528
2025-10-16 16:00:00,15.94,16.35,15.78,16.33,30394.74105
2025-10-16 17:00:00,16.33,16.33,16.09,16.1,9364.135874
2025-10-16 18:00:00,16.1,16.11,15.9,16.06,5713.7592
2025-10-16 19:00:00,16.07,16.07,15.7,15.86,20283.706098
2025-10-16 20:00:00,15.86,15.93,15.66,15.71,7341.011907
2025-10-16 21:00:00,15.74,15.88,15.69,15.88,3798.69579
2025-10-16 22:00:00,15.89,15.91,15.65,15.66,3777.282975
2025-10-16 23:00:00,15.66,15.86,15.64,15.83,13294.693533
2025-10-17 00:00:00,15.81,15.92,15.77,15.85,6435.243709
2025-10-17 01:00:00,15.86,16.0,15.82,15.86,11522.063321
2025-10-17 02:00:00,15.88,15.9,15.67,15.81,25872.259186
2025-10-17 03:00:00,15.82,15.91,15.81,15.9,8067.496625
2025-10-17 04:00:00,15.9,15.9,15.82,15.83,3396.648212
2025-10-17 05:00:00,15.84,15.87,15.66,15.68,3378.143424
2025-10-17 06:00:00,15.68,15.74,15.26,15.32,34348.316517
2025-10-17 07:00:00,15.32,15.34,14.89,14.93,37686.744204
2025-10-17 08:00:00,14.93,15.06,14.74,14.8,27649.444489
2025-10-17 09:00:00,14.82,15.16,14.76,14.92,16464.205915
2025-10-17 10:00:00,14.92,14.98,14.66,14.93,12711.390464
2025-10-17 11:00:00,14.94,15.46,14.94,15.32,13157.9563
2025-10-17 12:00:00,15.32,15.42,15.21,15.22,6548.090869
2025-10-17 13:00:00,15.23,15.46,15.15,15.36,8139.315384
2025-10-17 14:00:00,15.37,15.38,15.03,15.14,12845.07608
2025-10-17 15:00:00,15.15,15.41,15.14,15.41,6278.304498
2025-10-17 16:00:00,15.41,15.58,15.31,15.35,9664.130759
2025-10-17 17:00:00,15.36,15.45,15.29,15.41,2858.042199
2025-10-17 18:00:00,15.42,15.52,15.4,15.41,829.11142
2025-10-17 19:00:00,15.44,15.46,15.3,15.37,752.80727
2025-10-17 20:00:00,15.38,15.52,15.35,15.48,2699.265847
2025-10-17 21:00:00,15.48,15.59,15.47,15.5,2549.018316
2025-10-17 22:00:00,15.51,15.53,15.4,15.44,2270.155091
2025-10-17 23:00:00,15.44,15.44,15.35,15.37,1701.557233
2025-10-18 00:00:00,15.37,15.47,15.34,15.43,2133.266345
2025-10-18 01:00:00,15.44,15.59,15.43,15.58,6497.399816
2025-10-18 02:00:00,15.58,15.61,15.49,15.51,7509.607796
2025-10-18 03:00:00,15.52,15.59,15.52,15.54,2660.56575
2025-10-18 04:00:00,15.55,15.55,15.46,15.48,2413.008933
2025-10-18 05:00:00,15.48,15.54,15.4,15.52,3704.330593
2025-10-18 06:00:00,15.52,15.56,15.45,15.53,2480.311693
2025-10-18 07:00:00,15.53,15.7,15.48,15.5,10846.169376
2025-10-18 08:00:00,15.51,15.55,15.47,15.47,1610.682026
2025-10-18 09:00:00,15.48,15.6,15.45,15.59,2906.833431
2025-10-18 10:00:00,15.59,15.62,15.54,15.62,1790.379194
2025-10-18 11:00:00,15.62,15.66,15.54,15.57,13055.348508
2025-10-18 12:00:00,15.57,15.6,15.48,15.5,18480.767582
2025-10-18 13:00:00,15.5,15.5,15.38,15.4,12964.261719
2025-10-18 14:00:00,15.41,15.49,15.32,15.44,6432.963
2025-10-18 15:00:00,15.45,15.46,15.31,15.39,21866.658435
2025-10-18 16:00:00,15.41,15.41,15.27,15.35,6108.845008
2025-10-18 17:00:00,15.35,15.49,15.3,15.48,3696.763167
2025-10-18 18:00:00,15.48,15.49,15.38,15.39,10576.259311
2025-10-18 19:00:00,15.4,15.43,15.37,15.42,1626.608089
2025-10-18 20:00:00,15.43,15.5,15.4,15.42,9046.0693
2025-10-18 21:00:00,15.42,15.49,15.37,15.49,8275.574654
2025-10-18 22:00:00,15.48,15.5,15.44,15.45,1122.714113
2025-10-18 23:00:00,15.46,15.47,15.43,15.47,2347.413431
2025-10-19 00:00:00,15.48,15.49,15.33,15.36,3514.823338
2025-10-19 01:00:00,15.37,15.42,15.31,15.39,5011.056082
2025-10-19 02:00:00,15.39,15.42,15.34,15.36,4541.898405
2025-10-19 03:00:00,15.37,15.49,15.33,15.46,7004.837691
2025-10-19 04:00:00,15.48,15.49,15.38,15.39,2870.482624
2025-10-19 05:00:00,15.4,15.45,15.33,15.36,8964.534769
2025-10-19 06:00:00,15.36,15.38,15.24,15.28,5649.493021
2025-10-19 07:00:00,15.29,15.34,15.28,15.32,2164.355435
2025-10-19 08:00:00,15.33,15.52,15.19,15.26,18172.0117
2025-10-19 09:00:00,15.27,15.55,15.17,15.46,12837.783662
2025-10-19 10:00:00,15.47,15.68,15.42,15.63,10592.138341
2025-10-19 11:00:00,15.63,15.73,15.56,15.57,11845.241179
2025-10-19 12:00:00,15.57,15.61,15.5,15.56,6439.435693
2025-10-19 13:00:00,15.57,15.86,15.54,15.79,7474.565443
2025-10-19 14:00:00,15.8,15.89,15.72,15.87,21440.608263
2025-10-19 15:00:00,15.87,15.87,15.75,15.79,4717.397204
2025-10-19 16:00:00,15.79,15.87,15.71,15.82,4317.209709
2025-10-19 17:00:00,15.82,15.95,15.78,15.8,9881.027854
2025-10-19 18:00:00,15.81,15.88,15.79,15.86,13234.933859
2025-10-19 19:00:00,15.87,15.89,15.8,15.88,3814.382773
2025-10-19 20:00:00,15.88,15.94,15.85,15.93,4275.519763
2025-10-19 21:00:00,15.94,15.95,15.86,15.9,5443.056599
2025-10-19 22:00:00,15.91,15.97,15.9,15.91,5685.191227
2025-10-19 23:00:00,15.92,15.92,15.73,15.76,5110.439504
2025-10-20 00:00:00,15.76,15.76,15.45,15.63,53011.067185
2025-10-20 01:00:00,15.64,15.68,15.57,15.64,10514.821172
2025-10-20 02:00:00,15.64,15.74,15.56,15.71,5051.763127
2025-10-20 03:00:00,15.71,16.08,15.68,16.04,8354.088546
2025-10-20 04:00:00,16.04,16.08,15.97,16.02,14342.20157
2025-10-20 05:00:00,16.02,16.1,15.97,16.07,10961.138491
2025-10-20 06:00:00,16.07,16.21,16.07,16.19,9105.546028
2025-10-20 07:00:00,16.18,16.2,16.08,16.12,5069.875285
2025-10-20 08:00:00,16.13,16.14,16.0,16.02,15196.566821
2025-10-20 09:00:00,16.02,16.07,15.97,16.05,10479.450576
2025-10-20 10:00:00,16.06,16.17,16.02,16.05,4278.805307
2025-10-20 11:00:00,16.06,16.1,16.02,16.09,1728.894279
2025-10-20 12:00:00,16.1,16.14,16.07,16.1,2570.754444
2025-10-20 13:00:00,16.11,16.21,16.05,16.2,10155.852888
2025-10-20 14:00:00,16.21,16.23,16.09,16.12,9635.554722
2025-10-20 15:00:00,16.12,16.18,15.97,15.97,8780.926219
2025-10-20 16:00:00,15.98,15.98,15.69,15.9,13945.903939
2025-10-20 17:00:00,15.91,16.0,15.87,15.96,2970.096944
2025-10-20 18:00:00,15.97,16.06,15.91,16.04,5030.849328
2025-10-20 19:00:00,16.05,16.14,16.01,16.09,2940.408616
2025-10-20 20:00:00,16.09,16.17,16.04,16.17,2395.394872
2025-10-20 21:00:00,16.18,16.21,16.04,16.05,7938.738347
2025-10-20 22:00:00,16.05,16.1,16.03,16.07,628.693808
2025-10-20 23:00:00,16.08,16.08,15.98,15.99,797.886233
2025-10-21 00:00:00,16.0,16.01,15.97,15.98,7343.950884
2025-10-21 01:00:00,15.98,16.04,15.86,15.91,15834.17998
2025-10-21 02:00:00,15.91,15.91,15.78,15.8,4519.420067
2025-10-21 03:00:00,15.81,15.84,15.71,15.74,2668.54274
2025-10-21 04:00:00,15.74,15.76,15.49,15.53,26562.445532
2025-10-21 05:00:00,15.53,15.61,15.48,15.54,9385.163643
2025-10-21 06:00:00,15.55,15.65,15.53,15.64,6034.121663
2025-10-21 07:00:00,15.64,15.71,15.58,15.66,5963.513679
2025-10-21 08:00:00,15.66,15.66,15.51,15.61,3703.588742
2025-10-21 09:00:00,15.6,15.62,15.57,15.6,1738.409882
2025-10-21 10:00:00,15.59,15.89,15.59,15.82,16388.037645
2025-10-21 11:00:00,15.83,15.91,15.81,15.88,5096.705533
2025-10-21 12:00:00,15.87,16.1,15.86,15.9,13210.10708
2025-10-21 13:00:00,15.91,15.95,15.77,15.84,10211.436604
2025-10-21 14:00:00,15.85,16.44,15.84,16.43,34445.997095
2025-10-21 15:00:00,16.43,16.61,16.32,16.48,24525.726674
2025-10-21 16:00:00,16.49,16.62,16.26,16.32,31322.909764
2025-10-21 17:00:00,16.33,16.44,16.19,16.34,16144.013057
2025-10-21 18:00:00,16.35,16.38,16.24,16.32,4345.403752
2025-10-21 19:00:00,16.31,16.34,16.25,16.26,3617.974883
2025-10-21 20:00:00,16.26,16.27,16.06,16.13,9254.511015
2025-10-21 21:00:00,16.12,16.16,15.92,16.13,6183.536338
2025-10-21 22:00:00,16.13,16.13,15.83,15.88,7205.99121
2025-10-21 23:00:00,15.87,15.92,15.65,15.7,7856.96377
2025-10-22 00:00:00,15.69,15.78,15.59,15.68,6428.559784
2025-10-22 01:00:00,15.69,15.79,15.65,15.73,7980.250339
2025-10-22 02:00:00,15.73,15.79,15.71,15.71,2364.170251
2025-10-22 03:00:00,15.71,15.71,15.59,15.67,3775.391298
2025-10-22 04:00:00,15.68,15.74,15.67,15.71,1037.458803
2025-10-22 05:00:00,15.72,15.72,15.45,15.59,6462.403609
2025-10-22 06:00:00,15.58,15.62,15.55,15.55,6214.188786
2025-10-22 07:00:00,15.55,15.64,15.48,15.62,10590.603062
2025-10-22 08:00:00,15.61,15.61,15.52,15.55,2896.906605
2025-10-22 09:00:00,15.55,15.59,15.38,15.44,11639.941337
2025-10-22 10:00:00,15.44,15.49,15.37,15.37,3718.669014
2025-10-22 11:00:00,15.38,15.52,15.24,15.44,18010.920425
2025-10-22 12:00:00,15.44,15.59,15.41,15.5,7025.359325
2025-10-22 13:00:00,15.51,15.73,15.49,15.71,8708.915927
2025-10-22 14:00:00,15.7,15.71,15.41,15.67,18275.506681
2025-10-22 15:00:00,15.67,15.73,15.46,15.55,6583.956553
2025-10-22 16:00:00,15.56,15.61,15.4,15.51,9680.449084
2025-10-22 17:00:00,15.5,15.56,15.4,15.44,3559.741847
2025-10-22 18:00:00,15.44,15.5,15.37,15.45,2225.857028
2025-10-22 19:00:00,15.46,15.58,15.39,15.51,4703.884245
2025-10-22 20:00:00,15.5,15.52,15.34,15.36,3679.616158
2025-10-22 21:00:00,15.37,15.37,14.99,15.19,29636.087428
2025-10-22 22:00:00,15.19,15.27,15.13,15.21,5034.697088
2025-10-22 23:00:00,15.2,15.46,15.2,15.43,4456.96775
2025-10-23 00:00:00,15.43,15.48,15.4,15.44,3677.770647
2025-10-23 01:00:00,15.45,15.53,15.42,15.46,5079.841197
2025-10-23 02:00:00,15.46,15.48,15.44,15.45,2444.078653
2025-10-23 03:00:00,15.46,15.51,15.45,15.48,2067.364204
2025-10-23 04:00:00,15.48,15.52,15.44,15.49,2661.71214
2025-10-23 05:00:00,15.48,15.51,15.46,15.51,3037.599016
2025-10-23 06:00:00,15.51,15.71,15.49,15.71,8229.798108
2025-10-23 07:00:00,15.71,15.72,15.64,15.67,5418.610527
2025-10-23 08:00:00,15.68,15.8,15.67,15.73,13037.556652
2025-10-23 09:00:00,15.74,15.75,15.71,15.75,4522.72556
2025-10-23 10:00:00,15.76,15.8,15.73,15.75,4042.056195
2025-10-23 11:00:00,15.72,15.73,15.61,15.64,7057.714417
2025-10-23 12:00:00,15.62,15.64,15.52,15.64,4670.311428
2025-10-23 13:00:00,15.64,15.71,15.58,15.65,7438.867139
2025-10-23 14:00:00,15.66,15.69,15.54,15.63,4383.705563
2025-10-23 15:00:00,15.64,15.77,15.6,15.7,3686.342335
2025-10-23 16:00:00,15.71,15.86,15.68,15.82,2553.050849
2025-10-23 17:00:00,15.82,15.94,15.71,15.89,20388.645165
2025-10-23 18:00:00,15.9,15.91,15.77,15.79,2221.564176
2025-10-23 19:00:00,15.8,15.83,15.74,15.8,3276.395311
2025-10-23 20:00:00,15.8,15.81,15.6,15.66,5523.65171
2025-10-23 21:00:00,15.65,15.7,15.64,15.69,3443.069465
2025-10-23 22:00:00,15.69,15.73,15.67,15.69,4281.226961
2025-10-23 23:00:00,15.69,15.7,15.65,15.68,1255.26972
2025-10-24 00:00:00,15.69,15.74,15.62,15.7,2091.211537
2025-10-24 01:00:00,15.71,15.72,15.66,15.71,2087.758725
2025-10-24 02:00:00,15.71,15.71,15.65,15.68,3767.69076
2025-10-24 03:00:00,15.68,15.68,15.63,15.66,2058.218748
2025-10-24 04:00:00,15.66,15.9,15.63,15.87,10020.289301
2025-10-24 05:00:00,15.88,15.91,15.84,15.88,5682.600569
2025-10-24 06:00:00,15.89,15.93,15.86,15.92,5013.452861
2025-10-24 07:00:00,15.92,15.93,15.76,15.81,4975.181915
2025-10-24 08:00:00,15.82,15.91,15.78,15.87,4910.57278
2025-10-24 09:00:00,15.88,15.88,15.83,15.83,2944.711991
2025-10-24 10:00:00,15.84,15.84,15.8,15.82,1888.409013
2025-10-24 11:00:00,15.82,15.88,15.74,15.88,11850.988211
2025-10-24 12:00:00,15.89,16.15,15.87,15.93,19727.854629
2025-10-24 13:00:00,15.95,15.95,15.79,15.9,6844.220956
2025-10-24 14:00:00,15.9,15.9,15.7,15.76,9095.569719
2025-10-24 15:00:00,15.76,15.84,15.69,15.72,8267.424608
2025-10-24 16:00:00,15.73,15.76,15.66,15.72,5458.46808
2025-10-24 17:00:00,15.73,15.81,15.72,15.75,2699.791309
2025-10-24 18:00:00,15.74,15.81,15.74,15.81,1561.354324
2025-10-24 19:00:00,15.82,15.93,15.82,15.9,4498.114255
2025-10-24 20:00:00,15.91,16.0,15.9,15.99,5464.719656
2025-10-24 21:00:00,16.0,16.06,15.96,16.02,8501.499422
2025-10-24 22:00:00,16.03,16.04,15.98,15.99,8904.781749
2025-10-24 23:00:00,15.99,16.01,15.96,16.0,3325.699035
2025-10-25 00:00:00,16.0,16.02,15.94,15.97,12077.486323
2025-10-25 01:00:00,15.98,16.06,15.96,15.97,11253.958074
2025-10-25 02:00:00,15.98,15.98,15.92,15.93,2000.827413
2025-10-25 03:00:00,15.93,15.94,15.87,15.88,4442.733276
2025-10-25 04:00:00,15.88,15.94,15.88,15.92,2225.856453
2025-10-25 05:00:00,15.9,15.9,15.84,15.86,2415.385497
2025-10-25 06:00:00,15.87,15.87,15.84,15.86,3585.727097
2025-10-25 07:00:00,15.86,15.94,15.85,15.87,3898.062932
2025-10-25 08:00:00,15.88,15.95,15.87,15.94,6129.204628
2025-10-25 09:00:00,15.95,15.95,15.88,15.89,2062.11487
2025-10-25 10:00:00,15.89,15.89,15.82,15.83,3602.151171
2025-10-25 11:00:00,15.84,15.92,15.83,15.91,6741.179246
2025-10-25 12:00:00,15.91,15.98,15.9,15.96,6705.947357
2025-10-25 13:00:00,15.96,15.97,15.9,15.92,4545.609516
2025-10-25 14:00:00,15.93,15.97,15.91,15.97,2752.113213
2025-10-25 15:00:00,15.97,15.97,15.89,15.89,2378.994304
2025-10-25 16:00:00,15.91,15.93,15.88,15.92,3371.861241
2025-10-25 17:00:00,15.93,15.98,15.93,15.96,1228.812514
2025-10-25 18:00:00,15.96,16.06,15.95,16.05,3579.038381
2025-10-25 19:00:00,16.05,16.05,16.03,16.03,1696.921178
2025-10-25 20:00:00,16.05,16.06,15.99,16.01,3402.265733
2025-10-25 21:00:00,16.02,16.02,15.96,16.0,3001.3988
2025-10-25 22:00:00,16.01,16.05,15.97,16.03,4276.501154
2025-10-25 23:00:00,16.03,16.03,15.97,15.98,3032.132134
2025-10-26 00:00:00,15.98,16.0,15.94,15.98,1638.472232
2025-10-26 01:00:00,15.97,15.99,15.88,15.93,7499.782681
2025-10-26 02:00:00,15.92,15.93,15.85,15.89,7470.803368
2025-10-26 03:00:00,15.88,15.89,15.81,15.84,4978.256575
2025-10-26 04:00:00,15.84,15.92,15.84,15.9,5358.685247
2025-10-26 05:00:00,15.9,15.95,15.88,15.93,2421.064038
2025-10-26 06:00:00,15.94,15.94,15.92,15.93,2309.374034
2025-10-26 07:00:00,15.94,16.0,15.94,16.0,1697.081113
2025-10-26 08:00:00,15.99,16.06,15.99,16.05,4000.670851
2025-10-26 09:00:00,16.06,16.23,16.04,16.16,7369.640812
2025-10-26 10:00:00,16.17,16.18,16.1,16.12,5617.932304
2025-10-26 11:00:00,16.13,16.33,16.1,16.31,7917.837751
2025-10-26 12:00:00,16.32,16.71,16.32,16.58,44470.235468
2025-10-26 13:00:00,16.58,16.6,16.49,16.49,12869.894494
2025-10-26 14:00:00,16.51,16.52,16.39,16.42,6553.285646
2025-10-26 15:00:00,16.43,16.48,16.37,16.46,3509.649964
2025-10-26 16:00:00,16.47,16.49,16.41,16.43,4318.726084
2025-10-26 17:00:00,16.44,16.44,16.41,16.41,2120.807549
2025-10-26 18:00:00,16.42,16.45,16.42,16.43,2597.693174
2025-10-26 19:00:00,16.44,16.44,16.41,16.43,1771.470559
2025-10-26 20:00:00,16.44,16.44,16.36,16.38,1255.21155
2025-10-26 21:00:00,16.39,16.46,16.33,16.45,2764.261699
2025-10-26 22:00:00,16.46,16.79,16.46,16.71,11917.74455
2025-10-26 23:00:00,16.7,16.74,16.64,16.65,9026.735822
2025-10-27 00:00:00,16.66,16.79,16.61,16.76,12601.549398
2025-10-27 01:00:00,16.74,16.85,16.7,16.83,7419.833011
2025-10-27 02:00:00,16.82,16.87,16.75,16.79,6943.908605
2025-10-27 03:00:00,16.8,16.84,16.71,16.76,3632.940889
2025-10-27 04:00:00,16.76,16.77,16.72,16.76,10589.701788
2025-10-27 05:00:00,16.77,16.91,16.76,16.78,13652.668802
2025-10-27 06:00:00,16.79,16.86,16.71,16.81,11979.422566
2025-10-27 07:00:00,16.81,16.84,16.67,16.77,6672.564526
2025-10-27 08:00:00,16.76,16.84,16.59,16.62,17444.56983
2025-10-27 09:00:00,16.61,16.61,16.47,16.5,71249.342203
2025-10-27 10:00:00,16.5,16.53,16.44,16.46,3789.754535
2025-10-27 11:00:00,16.48,16.54,16.37,16.53,4231.450377
2025-10-27 12:00:00,16.53,16.55,16.43,16.44,5503.521739
2025-10-27 13:00:00,16.45,16.55,16.32,16.5,6125.89011
2025-10-27 14:00:00,16.52,16.52,16.35,16.42,4277.321269
2025-10-27 15:00:00,16.44,16.61,16.43,16.59,4552.139752
2025-10-27 16:00:00,16.59,16.8,16.58,16.79,10967.126906
2025-10-27 17:00:00,16.79,16.86,16.73,16.8,4696.563899
2025-10-27 18:00:00,16.8,16.84,16.75,16.78,827.434327
2025-10-27 19:00:00,16.78,16.78,16.65,16.68,2238.915373
2025-10-27 20:00:00,16.69,16.69,16.59,16.6,1959.636284
2025-10-27 21:00:00,16.59,16.66,16.48,16.58,2012.947542
2025-10-27 22:00:00,16.58,16.62,16.47,16.47,1834.333785
2025-10-27 23:00:00,16.48,16.53,16.41,16.51,4573.038346
2025-10-28 00:00:00,16.52,16.56,16.46,16.52,6536.794248
2025-10-28 01:00:00,16.52,16.57,16.43,16.48,3944.042471
2025-10-28 02:00:00,16.48,16.5,16.25,16.36,6939.611864
2025-10-28 03:00:00,16.35,16.39,16.25,16.35,3611.077209
2025-10-28 04:00:00,16.34,16.42,16.31,16.39,3108.304127
2025-10-28 05:00:00,16.4,16.41,16.22,16.26,2120.355773
2025-10-28 06:00:00,16.26,16.64,16.26,16.61,8546.969321
2025-10-28 07:00:00,16.6,16.66,16.43,16.44,3853.55524
2025-10-28 08:00:00,16.45,16.57,16.42,16.48,2303.4486
2025-10-28 09:00:00,16.48,16.5,16.4,16.47,1371.39424
2025-10-28 10:00:00,16.46,16.47,16.39,16.42,1281.188915
2025-10-28 11:00:00,16.43,16.47,16.37,16.39,3113.835926
2025-10-28 12:00:00,16.4,16.51,16.37,16.5,2288.751175
2025-10-28 13:00:00,16.5,16.59,16.5,16.54,6352.038951
2025-10-28 14:00:00,16.56,16.61,16.12,16.41,16712.413001
2025-10-28 15:00:00,16.42,16.47,16.29,16.34,12004.361605
2025-10-28 16:00:00,16.34,16.43,16.27,16.4,2895.418278
2025-10-28 17:00:00,16.4,16.44,16.33,16.38,1352.949768
2025-10-28 18:00:00,16.39,16.42,16.25,16.29,1992.782324
2025-10-28 19:00:00,16.31,16.31,16.03,16.1,9599.508511
2025-10-28 20:00:00,16.09,16.1,15.78,15.84,13463.312831
2025-10-28 21:00:00,15.83,15.93,15.65,15.86,20548.538753
2025-10-28 22:00:00,15.86,15.97,15.81,15.95,4973.37904
2025-10-28 23:00:00,15.95,15.95,15.88,15.9,4108.736612
2025-10-29 00:00:00,15.89,15.95,15.84,15.88,6353.310487
2025-10-29 01:00:00,15.88,16.0,15.84,15.93,7301.271341
2025-10-29 02:00:00,15.92,15.94,15.9,15.92,1881.691325
2025-10-29 03:00:00,15.92,15.92,15.87,15.89,3214.129764
2025-10-29 04:00:00,15.89,16.0,15.89,15.99,2625.06444
2025-10-29 05:00:00,15.98,16.09,15.97,16.02,10738.655142
2025-10-29 06:00:00,16.02,16.06,15.95,15.99,12398.328005
2025-10-29 07:00:00,15.98,16.07,15.96,16.03,3630.990617
2025-10-29 08:00:00,16.03,16.05,15.95,15.95,2038.723016
2025-10-29 09:00:00,15.97,16.02,15.93,15.99,2819.2884
2025-10-29 10:00:00,15.99,16.12,15.99,16.07,1623.635109
2025-10-29 11:00:00,16.07,16.19,16.06,16.16,2445.83499
2025-10-29 12:00:00,16.16,16.23,16.15,16.18,7168.120738
2025-10-29 13:00:00,16.2,16.31,16.2,16.23,5264.642024
2025-10-29 14:00:00,16.24,16.26,16.15,16.22,7211.974638
2025-10-29 15:00:00,16.23,16.25,16.0,16.1,6007.546108
2025-10-29 16:00:00,16.09,16.23,15.98,16.18,5203.989551
2025-10-29 17:00:00,16.19,16.49,16.16,16.49,16717.269525
2025-10-29 18:00:00,16.49,16.54,15.79,16.3,62204.390279
2025-10-29 19:00:00,16.3,16.43,16.15,16.29,14120.046909
2025-10-29 20:00:00,16.29,16.46,16.18,16.35,8956.166286
2025-10-29 21:00:00,16.35,16.35,16.23,16.27,6244.576249
2025-10-29 22:00:00,16.27,16.27,16.17,16.18,2441.057684
2025-10-29 23:00:00,16.18,16.19,15.91,15.96,12115.692084
2025-10-30 00:00:00,15.97,16.07,15.88,16.05,3510.777723
2025-10-30 01:00:00,16.05,16.06,15.94,16.01,4931.413281
2025-10-30 02:00:00,16.01,16.15,15.99,16.13,4306.841536
2025-10-30 03:00:00,16.09,16.11,15.97,16.01,1907.411597
2025-10-30 04:00:00,16.01,16.01,15.49,15.67,14838.476088
2025-10-30 05:00:00,15.67,15.94,15.63,15.92,14830.225078
2025-10-30 06:00:00,15.91,15.97,15.81,15.92,4367.677534
2025-10-30 07:00:00,15.92,16.06,15.92,15.99,5874.541832
2025-10-30 08:00:00,15.99,15.99,15.87,15.89,1628.046092
2025-10-30 09:00:00,15.89,15.91,15.78,15.8,2878.425008
2025-10-30 10:00:00,15.8,15.87,15.73,15.78,4136.810716
2025-10-30 11:00:00,15.79,15.82,15.71,15.71,1486.653191
2025-10-30 12:00:00,15.72,15.73,15.38,15.47,10945.841432
2025-10-30 13:00:00,15.46,15.53,15.23,15.28,23485.748096
2025-10-30 14:00:00,15.29,15.41,15.28,15.37,13223.098144
2025-10-30 15:00:00,15.37,15.39,15.19,15.28,17311.567807
2025-10-30 16:00:00,15.29,15.35,15.17,15.24,9435.856577
2025-10-30 17:00:00,15.24,15.24,14.91,15.11,14387.856144
2025-10-30 18:00:00,15.12,15.14,14.92,14.97,22247.729388
2025-10-30 19:00:00,14.98,15.01,14.84,14.89,26693.148877
2025-10-30 20:00:00,14.88,15.21,14.84,15.21,43736.309151
2025-10-30 21:00:00,15.2,15.2,15.08,15.15,6499.487449
2025-10-30 22:00:00,15.16,15.25,15.15,15.25,2886.423774
2025-10-30 23:00:00,15.26,15.42,15.23,15.42,3578.415987
2025-10-31 00:00:00,15.42,15.52,15.34,15.47,14397.125747
2025-10-31 01:00:00,15.47,15.59,15.46,15.53,5078.98888
2025-10-31 02:00:00,15.54,15.55,15.42,15.5,4374.217555
2025-10-31 03:00:00,15.51,15.57,15.47,15.55,4379.582316
2025-10-31 04:00:00,15.56,15.66,15.54,15.65,6170.447899
2025-10-31 05:00:00,15.65,15.66,15.6,15.62,1519.399297
2025-10-31 06:00:00,15.62,15.64,15.58,15.6,1316.538886
2025-10-31 07:00:00,15.61,15.68,15.59,15.67,4708.133834
2025-10-31 08:00:00,15.67,15.73,15.62,15.71,4542.228602
2025-10-31 09:00:00,15.71,15.74,15.57,15.6,6823.907757
2025-10-31 10:00:00,15.61,15.67,15.61,15.62,1174.076586
2025-10-31 11:00:00,15.61,15.76,15.59,15.75,5609.080314
2025-10-31 12:00:00,15.74,15.8,15.68,15.71,5089.116505
2025-10-31 13:00:00,15.7,15.83,15.68,15.77,5286.288457
2025-10-31 14:00:00,15.77,15.93,15.71,15.91,7122.069926
2025-10-31 15:00:00,15.9,16.19,15.89,16.06,25055.84345
2025-10-31 16:00:00,16.07,16.09,15.76,15.8,11583.140443
2025-10-31 17:00:00,15.78,15.81,15.57,15.72,6509.308136
2025-10-31 18:00:00,15.73,15.87,15.68,15.81,3698.927831
2025-10-31 19:00:00,15.8,16.01,15.73,15.98,4330.588612
2025-10-31 20:00:00,15.98,16.0,15.87,15.88,1173.187386
2025-10-31 21:00:00,15.89,15.91,15.85,15.87,3274.519729
2025-10-31 22:00:00,15.87,15.89,15.83,15.83,949.790388
2025-10-31 23:00:00,15.82,15.89,15.82,15.86,796.436441
2025-11-01 00:00:00,15.87,15.99,15.81,15.98,3556.493888
2025-11-01 01:00:00,15.98,16.03,15.92,15.92,3030.294336
2025-11-01 02:00:00,15.91,16.0,15.86,16.0,1880.715566
2025-11-01 03:00:00,16.01,16.04,15.97,16.0,4580.770783
2025-11-01 04:00:00,16.0,16.03,15.92,16.02,4465.679411
2025-11-01 05:00:00,16.02,16.03,15.96,15.97,1560.220174
2025-11-01 06:00:00,15.97,16.05,15.97,16.04,8023.917362
2025-11-01 07:00:00,16.05,16.25,16.0,16.21,18256.172899
2025-11-01 08:00:00,16.21,16.32,16.18,16.26,9602.735009
2025-11-01 09:00:00,16.27,16.31,16.18,16.18,11331.591463
2025-11-01 10:00:00,16.18,16.26,16.16,16.2,6730.275023
2025-11-01 11:00:00,16.21,16.26,16.17,16.25,4950.564153
2025-11-01 12:00:00,16.27,16.37,16.27,16.34,8783.595286
2025-11-01 13:00:00,16.34,16.36,16.18,16.27,11608.703945
2025-11-01 14:00:00,16.27,16.3,16.16,16.22,5158.352316
2025-11-01 15:00:00,16.22,16.35,16.22,16.35,4450.746804
2025-11-01 16:00:00,16.35,16.5,16.32,16.41,9133.340731
2025-11-01 17:00:00,16.42,16.44,16.34,16.34,3504.901848
2025-11-01 18:00:00,16.34,16.37,16.3,16.3,2044.92139
2025-11-01 19:00:00,16.31,16.32,16.25,16.3,866.561913
2025-11-01 20:00:00,16.31,16.36,16.3,16.32,1262.812822
2025-11-01 21:00:00,16.32,16.33,16.21,16.21,1379.912121
2025-11-01 22:00:00,16.22,16.31,16.22,16.29,791.689397
2025-11-01 23:00:00,16.29,16.34,16.25,16.34,1707.581237
2025-11-02 00:00:00,16.35,16.35,16.24,16.26,6109.816151
2025-11-02 01:00:00,16.26,16.3,16.21,16.22,1536.318379
2025-11-02 02:00:00,16.22,16.28,16.21,16.24,9431.937569
2025-11-02 03:00:00,16.23,16.25,16.18,16.19,3306.337105
2025-11-02 04:00:00,16.19,16.35,16.17,16.32,5473.112676
2025-11-02 05:00:00,16.33,16.38,16.28,16.38,5549.175838
2025-11-02 06:00:00,16.38,16.41,16.36,16.4,1876.119287
2025-11-02 07:00:00,16.41,16.56,16.38,16.51,13541.093579
2025-11-02 08:00:00,16.52,16.68,16.5,16.54,28671.544893
2025-11-02 09:00:00,16.55,16.58,16.4,16.42,13534.723471
2025-11-02 10:00:00,16.42,16.45,16.26,16.3,26084.304618
2025-11-02 11:00:00,16.3,16.41,16.28,16.4,7699.436427
2025-11-02 12:00:00,16.4,16.42,16.35,16.38,6060.094312
2025-11-02 13:00:00,16.37,16.37,16.21,16.25,6343.126116
2025-11-02 14:00:00,16.25,16.26,16.0,16.04,19820.433356
2025-11-02 15:00:00,16.05,16.09,15.97,16.0,15445.173182
2025-11-02 16:00:00,15.99,16.1,15.88,16.09,8696.480095
2025-11-02 17:00:00,16.11,16.11,16.01,16.06,2896.588082
2025-11-02 18:00:00,16.07,16.07,15.99,15.99,861.90631
2025-11-02 19:00:00,15.99,16.04,15.95,16.02,5932.920907
2025-11-02 20:00:00,16.02,16.08,15.96,16.05,817.73057
2025-11-02 21:00:00,16.06,16.1,16.04,16.06,1785.347139
2025-11-02 22:00:00,16.05,16.11,15.99,16.09,2805.685711
2025-11-02 23:00:00,16.1,16.4,16.1,16.37,8280.097291
2025-11-03 00:00:00,16.37,16.38,16.12,16.14,10006.410377
2025-11-03 01:00:00,16.11,16.14,15.98,16.01,11445.804923
2025-11-03 02:00:00,16.01,16.03,15.83,15.92,14336.350266
2025-11-03 03:00:00,15.94,15.96,15.52,15.56,14235.995942
2025-11-03 04:00:00,15.55,15.63,15.37,15.6,17767.130174
2025-11-03 05:00:00,15.61,15.66,15.38,15.39,7419.187657
2025-11-03 06:00:00,15.39,15.45,15.21,15.36,23207.406813
2025-11-03 07:00:00,15.35,15.47,15.29,15.39,13267.034497
2025-11-03 08:00:00,15.39,15.4,15.25,15.34,26664.25925
2025-11-03 09:00:00,15.34,15.48,15.23,15.25,31357.810313
2025-11-03 10:00:00,15.25,15.33,15.13,15.17,16275.772788
2025-11-03 11:00:00,15.17,15.39,15.17,15.34,6409.501522
2025-11-03 12:00:00,15.34,15.43,15.31,15.31,5474.645412
2025-11-03 13:00:00,15.31,15.42,15.28,15.36,6747.274921
2025-11-03 14:00:00,15.37,15.5,15.33,15.43,9975.566329
2025-11-03 15:00:00,15.43,15.45,14.23,14.76,129443.527324
2025-11-03 16:00:00,14.75,15.11,14.64,15.04,19957.849805
2025-11-03 17:00:00,15.04,15.29,15.03,15.19,17004.204358
2025-11-03 18:00:00,15.19,15.2,14.95,14.96,6976.602262
2025-11-03 19:00:00,14.96,15.03,14.84,14.85,2537.949505
2025-11-03 20:00:00,14.86,14.89,14.65,14.72,15213.80697
2025-11-03 21:00:00,14.72,14.89,14.61,14.86,7646.99031
2025-11-03 22:00:00,14.86,14.89,14.67,14.83,5407.376322
2025-11-03 23:00:00,14.83,15.03,14.71,15.01,5939.735302
2025-11-04 00:00:00,15.01,15.21,14.91,15.08,14363.139909
2025-11-04 01:00:00,15.09,15.16,15.0,15.08,5747.915954
2025-11-04 02:00:00,15.05,15.06,14.96,15.0,2588.609872
2025-11-04 03:00:00,15.0,15.24,14.97,15.23,7585.458078
2025-11-04 04:00:00,15.23,15.36,15.2,15.2,12070.543744
2025-11-04 05:00:00,15.2,15.32,14.58,14.6,31746.822803
2025-11-04 06:00:00,14.59,15.14,14.58,14.87,32137.610866
2025-11-04 07:00:00,14.85,14.86,14.53,14.6,29181.454593
2025-11-04 08:00:00,14.6,14.88,14.5,14.78,17807.948677
2025-11-04 09:00:00,14.78,14.88,14.68,14.88,16064.34863
2025-11-04 10:00:00,14.89,14.94,14.82,14.87,11441.486661
2025-11-04 11:00:00,14.87,15.03,14.86,14.98,18117.087594
2025-11-04 12:00:00,14.96,14.96,14.69,14.75,7841.044464
2025-11-04 13:00:00,14.76,14.77,14.59,14.69,9240.132928
2025-11-04 14:00:00,14.69,15.24,14.57,15.15,34587.868921
2025-11-04 15:00:00,15.15,15.17,14.81,14.86,16274.343816
2025-11-04 16:00:00,14.87,14.97,14.59,14.62,17067.331613
2025-11-04 17:00:00,14.61,14.68,14.25,14.53,38765.021938
2025-11-04 18:00:00,14.52,14.53,13.92,14.21,27962.821037
2025-11-04 19:00:00,14.2,14.34,13.94,13.96,7591.952304
2025-11-04 20:00:00,13.98,14.2,13.53,14.04,48410.667027
2025-11-04 21:00:00,14.05,14.09,13.53,14.05,25551.561015
2025-11-04 22:00:00,14.05,14.45,13.99,14.42,24545.923068
2025-11-04 23:00:00,14.44,14.55,14.26,14.27,8147.653516
2025-11-05 00:00:00,14.27,14.37,14.05,14.15,14657.18387
2025-11-05 01:00:00,14.16,14.17,13.58,14.06,22703.395307
2025-11-05 02:00:00,14.07,14.54,14.07,14.52,26462.54463
2025-11-05 03:00:00,14.52,14.63,14.43,14.56,11958.332488
2025-11-05 04:00:00,14.56,14.62,14.47,14.5,12892.40544
2025-11-05 05:00:00,14.51,14.62,14.45,14.47,10544.968293
2025-11-05 06:00:00,14.47,14.49,14.38,14.49,3966.378012
2025-11-05 07:00:00,14.5,14.5,14.32,14.37,8981.251272
2025-11-05 08:00:00,14.36,14.36,14.12,14.22,8651.577026
2025-11-05 09:00:00,14.21,14.36,14.21,14.35,11166.961756
2025-11-05 10:00:00,14.34,14.37,14.14,14.14,4316.422413
2025-11-05 11:00:00,14.14,14.43,14.14,14.38,14192.524918
2025-11-05 12:00:00,14.39,14.52,14.35,14.51,5916.198201
2025-11-05 13:00:00,14.5,14.58,14.39,14.52,12935.201481
2025-11-05 14:00:00,14.52,14.55,14.34,14.46,10450.381212
2025-11-05 15:00:00,14.46,14.6,14.39,14.59,12754.990538
2025-11-05 16:00:00,14.59,14.7,14.45,14.69,19765.206864
2025-11-05 17:00:00,14.68,14.7,14.58,14.64,7188.278607
2025-11-05 18:00:00,14.64,14.75,14.61,14.69,4287.302996
2025-11-05 19:00:00,14.69,14.72,14.59,14.62,2368.743755
2025-11-05 20:00:00,14.62,14.71,14.6,14.62,9773.066681
2025-11-05 21:00:00,14.61,14.61,14.53,14.57,4667.647116
2025-11-05 22:00:00,14.58,14.7,14.54,14.7,4598.758786
2025-11-05 23:00:00,14.71,14.73,14.61,14.63,9820.522517
2025-11-06 00:00:00,14.63,14.64,14.55,14.6,7794.758768
2025-11-06 01:00:00,14.59,14.59,14.41,14.55,6130.789568
2025-11-06 02:00:00,14.55,14.68,14.45,14.61,5690.231207
2025-11-06 03:00:00,14.62,14.67,14.58,14.6,2867.506665
2025-11-06 04:00:00,14.6,14.66,14.58,14.62,1871.023019
2025-11-06 05:00:00,14.62,14.62,14.35,14.36,9178.777019
2025-11-06 06:00:00,14.37,14.48,14.35,14.38,16364.620742
2025-11-06 07:00:00,14.38,14.44,14.31,14.36,9884.492131
2025-11-06 08:00:00,14.34,14.39,14.29,14.34,5761.116973
2025-11-06 09:00:00,14.36,14.41,14.29,14.32,10423.942673
2025-11-06 10:00:00,14.33,14.42,14.27,14.37,7456.90425
2025-11-06 11:00:00,14.36,14.36,14.26,14.31,5141.633444
2025-11-06 12:00:00,14.32,14.36,14.17,14.19,7565.775893
2025-11-06 13:00:00,14.19,14.48,14.19,14.41,4656.652989
2025-11-06 14:00:00,14.42,14.44,14.18,14.2,12580.235631
2025-11-06 15:00:00,14.21,14.44,14.08,14.15,12978.50433
2025-11-06 16:00:00,14.15,14.23,13.95,14.11,13052.435849
2025-11-06 17:00:00,14.12,14.37,14.12,14.36,5795.034045
2025-11-06 18:00:00,14.35,14.5,14.2,14.46,5252.666696
2025-11-06 19:00:00,14.45,14.64,14.44,14.63,12441.554801
2025-11-06 20:00:00,14.63,14.71,14.47,14.5,14152.795462
2025-11-06 21:00:00,14.51,14.65,14.43,14.59,5778.256485
2025-11-06 22:00:00,14.6,14.61,14.48,14.6,5960.35825
2025-11-06 23:00:00,14.6,14.6,14.42,14.56,10306.172418
2025-11-07 00:00:00,14.57,14.86,14.56,14.8,28069.394189
2025-11-07 01:00:00,14.8,15.5,14.73,15.4,124113.91588
2025-11-07 02:00:00,15.42,15.67,15.19,15.38,68522.900753
2025-11-07 03:00:00,15.36,15.49,15.12,15.16,38267.271044
2025-11-07 04:00:00,15.16,15.23,14.95,15.05,32681.230691
2025-11-07 05:00:00,15.06,15.23,15.03,15.21,10198.711357
2025-11-07 06:00:00,15.22,15.24,15.1,15.13,16812.428445
2025-11-07 07:00:00,15.14,16.06,15.14,15.97,104110.332451
2025-11-07 08:00:00,15.96,15.99,15.73,15.91,45105.310327
2025-11-07 09:00:00,15.9,16.26,15.45,16.23,124429.352442
2025-11-07 10:00:00,16.23,16.5,15.96,16.06,140139.246869
2025-11-07 11:00:00,16.07,16.29,15.81,16.19,74874.341001
2025-11-07 12:00:00,16.19,16.45,15.87,16.06,85865.040096
2025-11-07 13:00:00,16.06,16.41,15.87,16.08,68733.731017
2025-11-07 14:00:00,16.07,16.5,15.79,16.48,69076.255475
2025-11-07 15:00:00,16.48,17.38,16.38,17.3,226249.958916
2025-11-07 16:00:00,17.31,18.88,17.29,18.56,371264.171866
2025-11-07 17:00:00,18.55,18.55,17.88,18.36,155793.157742
2025-11-07 18:00:00,18.37,18.88,17.57,17.77,151746.213669
2025-11-07 19:00:00,17.78,17.95,17.56,17.75,57773.26179
2025-11-07 20:00:00,17.75,18.04,17.53,17.92,36539.660423
2025-11-07 21:00:00,17.92,18.03,17.74,17.88,30919.928754
2025-11-07 22:00:00,17.89,17.97,17.8,17.83,15244.479586
2025-11-07 23:00:00,17.85,17.94,17.66,17.9,20923.806255
2025-11-08 00:00:00,17.9,18.45,17.87,17.92,73725.43921
2025-11-08 01:00:00,17.92,18.27,17.82,17.89,54082.876307
2025-11-08 02:00:00,17.89,17.95,17.08,17.1,139331.830022
2025-11-08 03:00:00,17.11,17.41,17.11,17.15,73112.534686
2025-11-08 04:00:00,17.15,17.37,17.14,17.17,26726.484783
2025-11-08 05:00:00,17.17,17.18,16.73,16.76,98821.894819
2025-11-08 06:00:00,16.77,16.91,16.64,16.78,42796.191553
2025-11-08 07:00:00,16.77,16.9,16.67,16.87,18965.348993
2025-11-08 08:00:00,16.87,17.0,16.71,16.93,23282.471296
2025-11-08 09:00:00,16.92,16.92,16.66,16.75,29897.85679
2025-11-08 10:00:00,16.75,16.76,16.67,16.75,16874.502471
2025-11-08 11:00:00,16.75,16.84,16.69,16.76,18288.926179
2025-11-08 12:00:00,16.75,16.88,16.72,16.86,7251.643926
2025-11-08 13:00:00,16.86,16.86,16.44,16.45,52261.498257
2025-11-08 14:00:00,16.46,16.56,16.28,16.52,56132.917236
2025-11-08 15:00:00,16.51,16.55,16.21,16.29,49116.252461
2025-11-08 16:00:00,16.29,16.3,16.09,16.2,42335.687717
2025-11-08 17:00:00,16.19,16.29,16.11,16.22,10754.759178
2025-11-08 18:00:00,16.22,16.3,16.18,16.27,3667.407575
2025-11-08 19:00:00,16.27,16.28,16.06,16.16,4675.142804
2025-11-08 20:00:00,16.16,16.32,16.11,16.22,4845.502184
2025-11-08 21:00:00,16.22,16.27,16.17,16.22,13582.933965
2025-11-08 22:00:00,16.22,16.34,16.22,16.32,7968.696382
2025-11-08 23:00:00,16.31,16.48,16.26,16.39,19941.937846
2025-11-09 00:00:00,16.39,16.47,16.17,16.21,24066.453179
2025-11-09 01:00:00,16.2,16.32,16.15,16.23,37757.272129
2025-11-09 02:00:00,16.23,16.3,15.88,15.92,62016.360587
2025-11-09 03:00:00,15.93,15.97,15.77,15.9,43536.378693
2025-11-09 04:00:00,15.91,16.09,15.9,16.02,24274.281106
2025-11-09 05:00:00,16.01,16.01,15.84,15.94,15501.815668
2025-11-09 06:00:00,15.94,16.09,15.87,15.96,8661.355435
2025-11-09 07:00:00,15.96,16.13,15.96,16.09,4839.121917
2025-11-09 08:00:00,16.09,16.1,15.98,16.02,10297.83556
2025-11-09 09:00:00,16.03,16.15,15.87,15.91,10778.830238
2025-11-09 10:00:00,15.9,16.08,15.86,16.07,8801.759278
2025-11-09 11:00:00,16.07,16.18,16.07,16.1,29264.676898
2025-11-09 12:00:00,16.11,16.15,16.02,16.02,13275.819527
2025-11-09 13:00:00,16.02,16.08,15.97,16.05,26314.48777
2025-11-09 14:00:00,16.05,16.36,15.95,16.08,55781.19521
2025-11-09 15:00:00,16.09,16.29,16.09,16.15,31182.78251
2025-11-09 16:00:00,16.15,16.15,16.0,16.09,22808.469232
2025-11-09 17:00:00,16.1,16.11,15.9,15.96,43349.904984
2025-11-09 18:00:00,15.96,16.1,15.87,16.08,24456.409397
2025-11-09 19:00:00,16.09,16.19,16.0,16.18,17995.598493
2025-11-09 20:00:00,16.19,16.23,16.08,16.16,7414.341774
2025-11-09 21:00:00,16.17,16.23,16.08,16.22,4751.159271
2025-11-09 22:00:00,16.23,16.28,16.14,16.21,12743.855263
2025-11-09 23:00:00,16.22,16.33,16.08,16.17,34466.333355
2025-11-10 00:00:00,16.17,16.36,16.04,16.25,35079.773014
2025-11-10 01:00:00,16.24,16.32,16.19,16.2,39474.595809
2025-11-10 02:00:00,16.2,16.28,16.14,16.26,8293.001615
2025-11-10 03:00:00,16.27,16.36,16.26,16.3,12739.945011
2025-11-10 04:00:00,16.3,16.34,16.16,16.32,14052.296586
2025-11-10 05:00:00,16.32,16.39,16.25,16.29,56506.651518
2025-11-10 06:00:00,16.29,16.35,16.18,16.35,20486.680891
2025-11-10 07:00:00,16.35,16.36,16.23,16.28,13987.744068
2025-11-10 08:00:00,16.29,16.29,16.1,16.16,14387.615164
2025-11-10 09:00:00,16.15,16.36,16.14,16.32,7149.198372
2025-11-10 10:00:00,16.33,16.38,16.13,16.22,15582.620429
2025-11-10 11:00:00,16.22,16.37,16.22,16.29,16168.005691
2025-11-10 12:00:00,16.3,16.34,16.21,16.3,8235.886758
2025-11-10 13:00:00,16.29,16.74,16.28,16.58,50703.641536
2025-11-10 14:00:00,16.57,16.57,15.94,16.14,43535.179044
2025-11-10 15:00:00,16.15,16.36,16.1,16.22,22088.68577
2025-11-10 16:00:00,16.22,16.3,16.06,16.1,19362.30177
2025-11-10 17:00:00,16.1,16.32,16.09,16.23,3697.652455
2025-11-10 18:00:00,16.23,16.27,16.16,16.16,1991.872877
2025-11-10 19:00:00,16.16,16.41,16.16,16.3,7195.618587
2025-11-10 20:00:00,16.29,16.43,16.24,16.32,3192.077636
2025-11-10 21:00:00,16.29,16.38,16.19,16.3,11357.216934
2025-11-10 22:00:00,16.3,16.59,16.24,16.57,20873.238208
2025-11-10 23:00:00,16.57,16.62,16.44,16.49,17086.250991
2025-11-11 00:00:00,16.5,16.59,16.27,16.43,22003.6306
2025-11-11 01:00:00,16.43,16.78,16.39,16.42,36101.339923
2025-11-11 02:00:00,16.43,16.66,16.35,16.55,19668.762579
2025-11-11 03:00:00,16.54,16.58,16.44,16.46,6670.359283
2025-11-11 04:00:00,16.46,16.48,16.25,16.26,17152.75574
2025-11-11 05:00:00,16.26,16.26,16.06,16.09,31503.620904
2025-11-11 06:00:00,16.1,16.21,16.03,16.17,9648.699798
2025-11-11 07:00:00,16.16,16.17,15.83,15.86,37439.627296
2025-11-11 08:00:00,15.85,16.01,15.85,15.98,15764.647921
2025-11-11 09:00:00,15.98,16.11,15.92,15.93,14245.267681
2025-11-11 10:00:00,15.92,16.03,15.92,16.0,6799.711843
2025-11-11 11:00:00,16.01,16.1,15.97,16.04,9731.251482
2025-11-11 12:00:00,16.05,16.1,15.85,15.91,45929.191862
2025-11-11 13:00:00,15.93,15.98,15.82,15.86,18891.11221
2025-11-11 14:00:00,15.85,16.11,15.72,16.11,19775.113114
2025-11-11 15:00:00,16.1,16.1,15.84,15.94,12181.502817
2025-11-11 16:00:00,15.94,16.07,15.92,15.96,5655.617606
2025-11-11 17:00:00,15.97,16.04,15.85,15.96,12290.67517
2025-11-11 18:00:00,15.97,16.0,15.83,15.86,1971.922756
2025-11-11 19:00:00,15.86,15.88,15.73,15.8,11798.047431
2025-11-11 20:00:00,15.79,15.83,15.58,15.68,11693.695376
2025-11-11 21:00:00,15.69,15.75,15.6,15.65,16622.536568
2025-11-11 22:00:00,15.66,15.78,15.61,15.74,9045.139071
2025-11-11 23:00:00,15.74,15.75,15.6,15.62,16733.062732
2025-11-12 00:00:00,15.63,15.77,15.57,15.64,50734.963074
2025-11-12 01:00:00,15.64,15.84,15.61,15.81,10214.021996
2025-11-12 02:00:00,15.81,15.91,15.74,15.85,13301.248053
2025-11-12 03:00:00,15.84,15.86,15.77,15.79,2211.118634
2025-11-12 04:00:00,15.8,15.8,15.72,15.78,2690.990796
2025-11-12 05:00:00,15.79,15.84,15.76,15.81,3167.001253
2025-11-12 06:00:00,15.81,15.86,15.78,15.78,5059.154571
2025-11-12 07:00:00,15.77,15.83,15.66,15.69,4303.264854
2025-11-12 08:00:00,15.69,15.99,15.68,15.91,12102.013355
2025-11-12 09:00:00,15.9,15.99,15.86,15.91,11124.569506
2025-11-12 10:00:00,15.9,16.03,15.89,16.0,4305.66343
2025-11-12 11:00:00,16.01,16.07,15.99,16.02,5354.11873
2025-11-12 12:00:00,16.03,16.06,15.94,16.0,7787.701701
2025-11-12 13:00:00,16.0,16.05,15.9,16.04,8934.126634
2025-11-12 14:00:00,16.04,16.04,15.57,15.77,18146.021035
2025-11-12 15:00:00,15.76,15.86,15.43,15.48,36427.201489
2025-11-12 16:00:00,15.47,15.5,15.1,15.21,43041.606834
2025-11-12 17:00:00,15.21,15.4,15.13,15.28,14529.216432
2025-11-12 18:00:00,15.28,15.33,15.18,15.19,5892.111522
2025-11-12 19:00:00,15.18,15.28,15.09,15.21,14389.945722
2025-11-12 20:00:00,15.2,15.4,15.18,15.32,6384.152209
2025-11-12 21:00:00,15.33,15.39,15.3,15.32,3170.567708
2025-11-12 22:00:00,15.32,15.37,15.28,15.37,4673.69569
2025-11-12 23:00:00,15.37,15.37,15.27,15.3,4773.241734
2025-11-13 00:00:00,15.3,15.39,15.27,15.3,15972.781991
2025-11-13 01:00:00,15.31,15.54,15.31,15.45,20188.594637
2025-11-13 02:00:00,15.45,15.5,15.41,15.46,8843.912553
2025-11-13 03:00:00,15.45,15.69,15.29,15.59,10704.781104
2025-11-13 04:00:00,15.6,15.7,15.52,15.66,13821.454289
2025-11-13 05:00:00,15.65,15.79,15.62,15.76,5312.877691
2025-11-13 06:00:00,15.76,15.78,15.68,15.68,9376.808113
2025-11-13 07:00:00,15.68,15.77,15.66,15.68,9049.374555
2025-11-13 08:00:00,15.68,15.79,15.65,15.75,5980.906331
2025-11-13 09:00:00,15.77,15.77,15.62,15.66,8637.702612
2025-11-13 10:00:00,15.67,15.82,15.67,15.72,6760.645686
2025-11-13 11:00:00,15.73,15.75,15.67,15.7,2787.453401
2025-11-13 12:00:00,15.7,15.74,15.66,15.7,8619.08925
2025-11-13 13:00:00,15.71,15.73,15.49,15.54,13915.106793
2025-11-13 14:00:00,15.54,15.71,15.35,15.65,13469.731714
2025-11-13 15:00:00,15.63,15.66,15.31,15.38,9715.108266
2025-11-13 16:00:00,15.38,15.43,15.19,15.21,9312.193284
2025-11-13 17:00:00,15.22,15.23,14.88,14.9,24474.905721
2025-11-13 18:00:00,14.9,14.98,14.78,14.91,22883.204367
2025-11-13 19:00:00,14.91,14.99,14.74,14.8,13205.496935
2025-11-13 20:00:00,14.8,14.92,14.74,14.84,13214.456817
2025-11-13 21:00:00,14.85,14.9,14.68,14.84,13947.880397
2025-11-13 22:00:00,14.82,15.04,14.8,15.01,16122.853469
2025-11-13 23:00:00,15.01,15.17,14.97,15.07,7491.584236
2025-11-14 00:00:00,15.06,15.16,14.95,15.01,7341.861379
2025-11-14 01:00:00,15.01,15.11,14.93,14.94,16950.453213
2025-11-14 02:00:00,14.95,15.15,14.95,15.07,10327.486235
2025-11-14 03:00:00,15.08,15.08,14.93,15.02,6326.963041
2025-11-14 04:00:00,15.01,15.01,14.51,14.78,25491.437505
2025-11-14 05:00:00,14.78,15.15,14.78,15.14,14059.253191
2025-11-14 06:00:00,15.12,15.15,14.83,15.14,14484.937614
2025-11-14 07:00:00,15.14,15.15,15.0,15.07,10355.38141
2025-11-14 08:00:00,15.08,15.08,14.84,14.9,15440.417368
2025-11-14 09:00:00,14.89,14.93,14.76,14.77,16757.085538
2025-11-14 10:00:00,14.77,14.95,14.77,14.87,10078.346177
2025-11-14 11:00:00,14.85,14.88,14.7,14.76,8782.277179
2025-11-14 12:00:00,14.76,14.78,14.45,14.76,55565.092154
2025-11-14 13:00:00,14.77,14.85,14.63,14.78,15489.617521
2025-11-14 14:00:00,14.8,15.01,14.65,14.88,27408.340023
2025-11-14 15:00:00,14.88,15.01,14.77,14.88,8457.962197
2025-11-14 16:00:00,14.88,15.06,14.81,15.04,9177.784738
2025-11-14 17:00:00,15.03,15.05,14.81,14.85,2137.079416
2025-11-14 18:00:00,14.85,15.0,14.83,14.87,4920.989207
2025-11-14 19:00:00,14.88,15.08,14.86,15.02,2242.03898
2025-11-14 20:00:00,15.01,15.02,14.67,14.76,6456.633317
2025-11-14 21:00:00,14.77,14.91,14.71,14.86,3064.053712
2025-11-14 22:00:00,14.86,14.9,14.74,14.77,8759.661073
2025-11-14 23:00:00,14.78,14.79,14.48,14.72,10723.750593
2025-11-15 00:00:00,14.73,14.91,14.72,14.9,12940.948027
2025-11-15 01:00:00,14.9,15.12,14.87,15.1,18254.923741
2025-11-15 02:00:00,15.1,15.18,15.04,15.18,12502.730572
2025-11-15 03:00:00,15.18,15.29,15.15,15.26,9911.000455
2025-11-15 04:00:00,15.26,15.28,15.12,15.23,14770.712097
2025-11-15 05:00:00,15.22,15.31,15.2,15.24,8271.775597
2025-11-15 06:00:00,15.24,15.57,15.23,15.57,45893.862538
2025-11-15 07:00:00,15.56,15.63,15.45,15.5,40003.497588
2025-11-15 08:00:00,15.51,15.52,15.22,15.29,17439.17911
2025-11-15 09:00:00,15.28,15.39,15.24,15.29,15236.819204
2025-11-15 10:00:00,15.28,15.38,15.2,15.35,11535.125556
2025-11-15 11:00:00,15.35,15.36,15.27,15.31,15481.612012
2025-11-15 12:00:00,15.3,15.54,15.29,15.54,14990.4714
2025-11-15 13:00:00,15.55,15.81,15.4,15.46,44234.015894
2025-11-15 14:00:00,15.45,15.47,15.28,15.31,13898.749874
2025-11-15 15:00:00,15.31,15.38,15.27,15.27,6389.453705
2025-11-15 16:00:00,15.27,15.36,15.16,15.35,16150.317608
2025-11-15 17:00:00,15.35,15.41,15.28,15.37,11302.843438
2025-11-15 18:00:00,15.38,15.47,15.36,15.47,8293.812667
2025-11-15 19:00:00,15.47,15.51,15.43,15.5,5160.308613
2025-11-15 20:00:00,15.51,15.53,15.4,15.41,12136.448163
2025-11-15 21:00:00,15.41,15.52,15.37,15.42,3439.289865
2025-11-15 22:00:00,15.41,15.42,15.36,15.39,4130.403752
2025-11-15 23:00:00,15.4,15.41,15.28,15.3,5077.392193
2025-11-16 00:00:00,15.3,15.33,15.16,15.22,5316.781227
2025-11-16 01:00:00,15.21,15.22,15.02,15.15,11061.868707
2025-11-16 02:00:00,15.13,15.33,15.08,15.3,7126.054697
2025-11-16 03:00:00,15.31,15.35,15.25,15.28,5684.622788
2025-11-16 04:00:00,15.29,15.3,15.16,15.26,4376.914703
2025-11-16 05:00:00,15.27,15.34,15.27,15.27,4811.352726
2025-11-16 06:00:00,15.28,15.31,15.24,15.24,1929.238266
2025-11-16 07:00:00,15.26,15.32,15.24,15.32,4189.55366
2025-11-16 08:00:00,15.32,15.32,15.21,15.24,5385.137833
2025-11-16 09:00:00,15.23,15.37,15.22,15.37,6721.731585
2025-11-16 10:00:00,15.35,15.35,15.28,15.28,6629.479422
2025-11-16 11:00:00,15.29,15.31,15.04,15.06,9749.825389
2025-11-16 12:00:00,15.07,15.19,15.06,15.12,13980.562956
2025-11-16 13:00:00,15.12,15.14,14.88,15.0,16683.878625
2025-11-16 14:00:00,15.0,15.04,14.93,15.02,7661.478917
2025-11-16 15:00:00,15.02,15.03,14.71,14.74,23291.159681
2025-11-16 16:00:00,14.74,14.86,14.57,14.6,24899.181267
2025-11-16 17:00:00,14.6,14.62,14.27,14.48,47035.13384
2025-11-16 18:00:00,14.47,14.71,14.39,14.47,13235.620215
2025-11-16 19:00:00,14.47,14.7,14.46,14.63,4472.592974
2025-11-16 20:00:00,14.63,14.74,14.6,14.64,3980.368979
2025-11-16 21:00:00,14.63,14.64,14.53,14.62,3884.23775
2025-11-16 22:00:00,14.63,14.82,14.55,14.75,10869.716118
2025-11-16 23:00:00,14.75,14.88,14.51,14.79,8356.266742
2025-11-17 00:00:00,14.79,14.99,14.69,14.97,8008.724499
2025-11-17 01:00:00,14.97,14.98,14.8,14.82,4366.796326
2025-11-17 02:00:00,14.83,14.93,14.79,14.87,6484.617049
2025-11-17 03:00:00,14.89,14.98,14.84,14.91,4521.343649
2025-11-17 04:00:00,14.92,14.99,14.89,14.9,2281.117541
2025-11-17 05:00:00,14.92,15.02,14.92,14.97,6152.270177
2025-11-17 06:00:00,14.98,15.06,14.94,15.06,5148.994587
2025-11-17 07:00:00,15.07,15.13,14.98,15.02,13869.53816
2025-11-17 08:00:00,15.03,15.04,14.94,14.99,12405.509303
2025-11-17 09:00:00,15.02,15.13,14.99,15.07,7374.531734
2025-11-17 10:00:00,15.07,15.13,15.02,15.05,5929.507932
2025-11-17 11:00:00,15.05,15.09,14.99,15.04,17922.372316
2025-11-17 12:00:00,15.04,15.06,14.94,14.96,7738.359656
2025-11-17 13:00:00,14.96,14.98,14.65,14.75,16471.299055
2025-11-17 14:00:00,14.76,15.12,14.64,14.89,24255.24468
2025-11-17 15:00:00,14.89,14.96,14.67,14.71,6804.942034
2025-11-17 16:00:00,14.72,14.82,14.53,14.81,7769.772521
2025-11-17 17:00:00,14.82,14.84,14.44,14.5,7732.851915
2025-11-17 18:00:00,14.5,14.58,14.3,14.37,24383.087654
2025-11-17 19:00:00,14.38,14.43,14.16,14.21,15318.565076
2025-11-17 20:00:00,14.21,14.35,14.11,14.27,21013.224376
2025-11-17 21:00:00,14.27,14.36,14.08,14.23,17490.184436
2025-11-17 22:00:00,14.24,14.35,14.2,14.32,13070.49039
2025-11-17 23:00:00,14.33,14.33,14.22,14.28,16170.335978
2025-11-18 00:00:00,14.27,14.36,14.05,14.34,25135.602301
2025-11-18 01:00:00,14.34,14.43,14.3,14.4,6468.121956
2025-11-18 02:00:00,14.4,14.56,14.2,14.3,20006.462807
2025-11-18 03:00:00,14.31,14.54,14.14,14.45,30498.715029
2025-11-18 04:00:00,14.45,14.53,14.28,14.52,12570.126243
2025-11-18 05:00:00,14.52,14.57,14.39,14.42,9044.095196
2025-11-18 06:00:00,14.41,14.51,14.28,14.32,15891.520732
2025-11-18 07:00:00,14.31,14.47,14.27,14.42,5624.794251
2025-11-18 08:00:00,14.42,14.56,14.4,14.51,8654.174185
2025-11-18 09:00:00,14.51,14.54,14.41,14.54,7804.618367
2025-11-18 10:00:00,14.55,14.58,14.48,14.57,5456.792645
2025-11-18 11:00:00,14.57,14.58,14.48,14.48,4149.649152
2025-11-18 12:00:00,14.5,14.51,14.39,14.46,5042.65186
2025-11-18 13:00:00,14.46,14.46,14.35,14.44,6001.104173
2025-11-18 14:00:00,14.45,14.62,14.42,14.45,7610.732183
2025-11-18 15:00:00,14.44,14.71,14.41,14.66,8670.821123
2025-11-18 16:00:00,14.67,14.87,14.64,14.77,9762.825794
2025-11-18 17:00:00,14.78,14.8,14.68,14.73,4817.524379
2025-11-18 18:00:00,14.74,14.76,14.65,14.69,61633.149699
2025-11-18 19:00:00,14.7,14.73,14.65,14.68,5552.607297
2025-11-18 20:00:00,14.68,14.71,14.66,14.66,3621.489726
2025-11-18 21:00:00,14.66,14.68,14.55,14.55,5863.991457
2025-11-18 22:00:00,14.55,14.72,14.55,14.68,3324.015125
2025-11-18 23:00:00,14.68,14.68,14.62,14.66,3900.995181
2025-11-19 00:00:00,14.65,14.66,14.47,14.62,15111.136213
2025-11-19 01:00:00,14.61,14.66,14.53,14.58,5687.816056
2025-11-19 02:00:00,14.58,14.65,14.56,14.58,4112.068291
2025-11-19 03:00:00,14.58,14.61,14.37,14.4,15008.660274
2025-11-19 04:00:00,14.39,14.43,14.35,14.35,5495.999485
2025-11-19 05:00:00,14.35,14.36,14.13,14.23,13666.189978
2025-11-19 06:00:00,14.23,14.37,14.2,14.37,4585.416024
2025-11-19 07:00:00,14.37,14.52,14.37,14.48,3066.090421
2025-11-19 08:00:00,14.49,14.49,14.39,14.41,4212.446299
2025-11-19 09:00:00,14.4,14.4,14.32,14.38,8034.839688
2025-11-19 10:00:00,14.37,14.44,14.36,14.38,4570.894039
2025-11-19 11:00:00,14.38,14.41,14.36,14.37,1416.601851
2025-11-19 12:00:00,14.37,14.44,14.37,14.44,4679.399932
2025-11-19 13:00:00,14.44,14.44,14.33,14.35,3555.66701
2025-11-19 14:00:00,14.35,14.41,14.24,14.4,8155.974853
2025-11-19 15:00:00,14.4,14.53,14.16,14.16,30507.433502
2025-11-19 16:00:00,14.16,14.24,14.01,14.05,39144.278927
2025-11-19 17:00:00,14.05,14.11,13.85,13.97,43225.642365
2025-11-19 18:00:00,13.97,14.01,13.67,13.73,45436.01477
2025-11-19 19:00:00,13.72,13.85,13.6,13.8,19141.481659
2025-11-19 20:00:00,13.81,14.01,13.76,13.98,13586.024576
2025-11-19 21:00:00,13.99,14.25,13.96,14.23,9791.675217
2025-11-19 22:00:00,14.23,14.23,14.1,14.16,1298.150015
2025-11-19 23:00:00,14.16,14.27,14.15,14.22,10871.206754
2025-11-20 00:00:00,14.21,14.28,14.11,14.2,25879.85059
2025-11-20 01:00:00,14.19,14.35,14.18,14.31,16910.118208
2025-11-20 02:00:00,14.31,14.37,14.27,14.29,11257.858611
2025-11-20 03:00:00,14.3,14.32,14.26,14.27,5252.99376
2025-11-20 04:00:00,14.27,14.35,14.22,14.35,5242.03944
2025-11-20 05:00:00,14.35,14.37,14.26,14.27,9385.052229
2025-11-20 06:00:00,14.28,14.32,14.25,14.31,11171.986128
2025-11-20 07:00:00,14.31,14.38,14.28,14.38,7640.721999
2025-11-20 08:00:00,14.38,14.39,14.32,14.33,4938.260835
2025-11-20 09:00:00,14.33,14.34,14.25,14.28,5597.282388
2025-11-20 10:00:00,14.29,14.3,14.21,14.29,2853.822035
2025-11-20 11:00:00,14.28,14.33,14.23,14.31,7135.122966
2025-11-20 12:00:00,14.31,14.41,14.28,14.39,5380.858184
2025-11-20 13:00:00,14.39,14.49,14.29,14.3,13865.58194
2025-11-20 14:00:00,14.29,14.43,14.19,14.37,6852.569179
2025-11-20 15:00:00,14.36,14.36,14.1,14.11,7138.026028
2025-11-20 16:00:00,14.11,14.12,13.63,13.69,27251.160579
2025-11-20 17:00:00,13.68,13.74,13.45,13.53,18208.102344
2025-11-20 18:00:00,13.53,13.69,13.43,13.47,19441.235569
2025-11-20 19:00:00,13.46,13.62,13.36,13.6,8616.075953
2025-11-20 20:00:00,13.6,13.65,13.49,13.59,3681.838919
2025-11-20 21:00:00,13.6,13.81,13.6,13.72,1593.45482
2025-11-20 22:00:00,13.72,13.87,13.72,13.79,5563.852398
2025-11-20 23:00:00,13.79,13.8,13.47,13.49,15382.827671
2025-11-21 00:00:00,13.49,13.58,13.46,13.57,10218.286215
2025-11-21 01:00:00,13.58,13.68,13.55,13.62,5750.339617
2025-11-21 02:00:00,13.61,13.62,13.38,13.43,10458.513327
2025-11-21 03:00:00,13.43,13.66,13.43,13.57,9541.648788
2025-11-21 04:00:00,13.56,13.62,13.42,13.59,7392.039207
2025-11-21 05:00:00,13.6,13.6,13.41,13.45,16445.266318
2025-11-21 06:00:00,13.46,13.5,13.39,13.47,6540.977811
2025-11-21 07:00:00,13.47,13.51,12.48,13.07,131685.446466
2025-11-21 08:00:00,13.06,13.29,12.99,13.15,17586.259994
2025-11-21 09:00:00,13.15,13.24,12.93,12.93,16317.064944
2025-11-21 10:00:00,12.93,13.07,12.87,12.99,16870.313992
2025-11-21 11:00:00,12.98,13.19,12.98,13.04,19427.271951
2025-11-21 12:00:00,13.05,13.26,12.74,13.18,39753.610258
2025-11-21 13:00:00,13.17,13.34,13.12,13.25,18840.704579
2025-11-21 14:00:00,13.25,13.53,13.21,13.47,14334.699457
2025-11-21 15:00:00,13.48,13.51,13.18,13.24,20218.882411
2025-11-21 16:00:00,13.23,13.48,13.1,13.48,18449.403098
2025-11-21 17:00:00,13.48,13.63,13.46,13.5,20113.497484
2025-11-21 18:00:00,13.52,13.66,13.27,13.57,13634.26074
2025-11-21 19:00:00,13.57,13.63,13.54,13.6,12639.153389
2025-11-21 20:00:00,13.6,13.61,13.38,13.44,9015.484726
2025-11-21 21:00:00,13.45,13.66,13.35,13.59,5844.41027
2025-11-21 22:00:00,13.6,13.62,13.27,13.27,7422.458478
2025-11-21 23:00:00,13.28,13.62,13.24,13.55,13611.988915
2025-11-22 00:00:00,13.54,13.63,13.47,13.54,14683.447287
2025-11-22 01:00:00,13.55,13.7,13.48,13.61,9152.188657
2025-11-22 02:00:00,13.63,13.67,13.53,13.66,11125.777242
2025-11-22 03:00:00,13.65,13.8,13.62,13.66,11442.488299
2025-11-22 04:00:00,13.66,13.66,13.42,13.54,19674.744786
2025-11-22 05:00:00,13.55,13.57,13.33,13.37,31334.245874
2025-11-22 06:00:00,13.38,13.56,13.27,13.52,11613.326396
2025-11-22 07:00:00,13.52,13.53,13.42,13.47,6457.452961
2025-11-22 08:00:00,13.47,13.47,13.25,13.26,8012.922098
2025-11-22 09:00:00,13.27,13.41,13.21,13.34,6864.434429
2025-11-22 10:00:00,13.35,13.41,13.22,13.28,5799.293522
2025-11-22 11:00:00,13.29,13.69,13.29,13.62,14275.531584
2025-11-22 12:00:00,13.62,13.64,13.36,13.4,18516.287836
2025-11-22 13:00:00,13.39,13.45,13.27,13.34,9411.07214
2025-11-22 14:00:00,13.33,13.49,13.33,13.44,12731.588473
2025-11-22 15:00:00,13.45,13.46,13.28,13.42,27543.102104
2025-11-22 16:00:00,13.41,13.53,13.4,13.51,24195.762534
2025-11-22 17:00:00,13.5,13.51,13.41,13.44,8044.621304
2025-11-22 18:00:00,13.43,13.48,13.38,13.46,7027.25104
2025-11-22 19:00:00,13.46,13.52,13.42,13.45,6102.961135
2025-11-22 20:00:00,13.44,13.51,13.38,13.42,3414.929937
2025-11-22 21:00:00,13.42,13.46,13.41,13.44,2123.568575
2025-11-22 22:00:00,13.44,13.63,13.38,13.58,4733.005308
2025-11-22 23:00:00,13.57,13.6,13.49,13.5,6068.471318
2025-11-23 00:00:00,13.5,13.57,13.46,13.48,4212.409803
2025-11-23 01:00:00,13.49,13.64,13.48,13.6,4840.209616
2025-11-23 02:00:00,13.61,13.68,13.57,13.62,8208.935634
2025-11-23 03:00:00,13.62,13.64,13.54,13.63,3412.48887
2025-11-23 04:00:00,13.64,13.75,13.63,13.66,9016.646334
2025-11-23 05:00:00,13.67,13.75,13.62,13.73,9704.282447
2025-11-23 06:00:00,13.73,13.75,13.61,13.64,9482.024538
2025-11-23 07:00:00,13.64,13.75,13.6,13.7,8036.715798
2025-11-23 08:00:00,13.71,13.76,13.67,13.7,5667.359978
2025-11-23 09:00:00,13.69,13.79,13.68,13.75,8252.880696
2025-11-23 10:00:00,13.74,13.76,13.66,13.68,11138.043488
2025-11-23 11:00:00,13.67,13.67,13.62,13.65,2326.647677
2025-11-23 12:00:00,13.66,13.78,13.65,13.68,9337.614493
2025-11-23 13:00:00,13.68,13.73,13.64,13.7,8243.30367
2025-11-23 14:00:00,13.71,13.76,13.64,13.66,9892.37201
2025-11-23 15:00:00,13.66,13.8,13.66,13.75,27931.973685
2025-11-23 16:00:00,13.76,13.8,13.66,13.66,14319.728555
2025-11-23 17:00:00,13.66,13.7,13.58,13.6,6825.755629
2025-11-23 18:00:00,13.6,13.72,13.6,13.65,2011.693567
2025-11-23 19:00:00,13.66,13.73,13.64,13.69,1931.529153
2025-11-23 20:00:00,13.7,13.72,13.64,13.65,9176.360274
2025-11-23 21:00:00,13.66,13.76,13.65,13.76,2132.95104
2025-11-23 22:00:00,13.75,13.76,13.69,13.73,2885.704691
2025-11-23 23:00:00,13.74,13.74,13.54,13.56,6878.896121
2025-11-24 00:00:00,13.56,13.67,13.48,13.59,7812.436684
2025-11-24 01:00:00,13.58,13.6,13.5,13.59,15909.554701
2025-11-24 02:00:00,13.59,13.89,13.58,13.8,29709.043586
2025-11-24 03:00:00,13.8,13.89,13.75,13.82,3591.566719
2025-11-24 04:00:00,13.81,13.86,13.65,13.7,6031.705915
2025-11-24 05:00:00,13.71,13.98,13.69,13.81,10583.277221
2025-11-24 06:00:00,13.82,13.82,13.7,13.77,5674.482365
2025-11-24 07:00:00,13.76,13.77,13.68,13.69,6134.281526
2025-11-24 08:00:00,13.7,13.75,13.66,13.72,7720.615402
2025-11-24 09:00:00,13.72,13.72,13.52,13.58,8457.94729
2025-11-24 10:00:00,13.57,13.64,13.57,13.61,3143.822956
2025-11-24 11:00:00,13.6,13.65,13.57,13.65,5994.410827
2025-11-24 12:00:00,13.65,13.65,13.44,13.49,8387.140774
2025-11-24 13:00:00,13.49,13.62,13.48,13.54,6287.175906
2025-11-24 14:00:00,13.54,13.69,13.45,13.63,5906.389501
2025-11-24 15:00:00,13.64,13.78,13.6,13.72,5135.205752
2025-11-24 16:00:00,13.73,14.1,13.73,14.07,22106.607567
2025-11-24 17:00:00,14.07,14.31,14.01,14.26,27300.185715
2025-11-24 18:00:00,14.26,14.35,14.25,14.28,10409.559786
2025-11-24 19:00:00,14.28,14.31,14.17,14.2,5133.455631
2025-11-24 20:00:00,14.2,14.31,14.19,14.27,8477.130271
2025-11-24 21:00:00,14.25,14.3,14.16,14.19,4974.254557
2025-11-24 22:00:00,14.19,14.26,14.11,14.17,4279.259639
2025-11-24 23:00:00,14.17,14.23,14.15,14.17,3519.681548
2025-11-25 00:00:00,14.17,14.22,14.13,14.19,7698.422703
2025-11-25 01:00:00,14.19,14.22,14.1,14.1,4150.024122
2025-11-25 02:00:00,14.1,14.13,14.02,14.13,8133.029972
2025-11-25 03:00:00,14.12,14.14,14.05,14.08,4841.418309
2025-11-25 04:00:00,14.07,14.13,14.06,14.09,5125.099909
2025-11-25 05:00:00,14.08,14.08,13.99,14.02,2195.776511
2025-11-25 06:00:00,14.02,14.02,13.94,13.98,4684.606197
2025-11-25 07:00:00,13.97,13.99,13.89,13.9,2153.020328
2025-11-25 08:00:00,13.9,13.96,13.83,13.86,7758.12148
2025-11-25 09:00:00,13.86,13.96,13.81,13.94,6200.069498
2025-11-25 10:00:00,13.94,13.94,13.87,13.92,2864.727211
2025-11-25 11:00:00,13.91,13.91,13.86,13.87,3410.591572
2025-11-25 12:00:00,13.88,13.99,13.86,13.91,7596.008164
2025-11-25 13:00:00,13.9,13.93,13.81,13.84,5428.005595
2025-11-25 14:00:00,13.85,13.93,13.7,13.85,9164.37314
2025-11-25 15:00:00,13.84,13.92,13.75,13.88,8637.028235
2025-11-25 16:00:00,13.87,14.0,13.83,13.97,4998.351597
2025-11-25 17:00:00,13.97,14.1,13.97,14.03,12022.288492
2025-11-25 18:00:00,14.02,14.11,14.0,14.0,1576.588489
2025-11-25 19:00:00,14.01,14.02,13.87,14.02,2815.901988
2025-11-25 20:00:00,14.03,14.11,14.02,14.09,2131.019928
2025-11-25 21:00:00,14.07,14.1,14.04,14.06,1348.356166
2025-11-25 22:00:00,14.06,14.21,13.96,14.2,6149.252159
2025-11-25 23:00:00,14.19,14.25,14.15,14.16,3839.076819
2025-11-26 00:00:00,14.17,14.18,14.1,14.1,2348.629446
2025-11-26 01:00:00,14.11,14.18,14.07,14.12,2770.363043
2025-11-26 02:00:00,14.13,14.14,14.07,14.08,3027.657896
2025-11-26 03:00:00,14.07,14.09,14.0,14.02,2342.823253
2025-11-26 04:00:00,14.03,14.04,13.93,13.98,4224.852863
2025-11-26 05:00:00,13.98,14.06,13.98,14.04,2832.892452
2025-11-26 06:00:00,14.03,14.09,14.0,14.09,893.506483
2025-11-26 07:00:00,14.08,14.09,14.04,14.07,6848.373016
2025-11-26 08:00:00,14.07,14.07,13.98,13.98,1855.467123
2025-11-26 09:00:00,13.97,13.98,13.91,13.92,4002.241546
2025-11-26 10:00:00,13.92,13.95,13.87,13.91,12555.65188
2025-11-26 11:00:00,13.9,13.91,13.84,13.86,2778.809669
2025-11-26 12:00:00,13.85,13.86,13.75,13.81,7814.853436
2025-11-26 13:00:00,13.8,13.9,13.8,13.89,3309.876436
2025-11-26 14:00:00,13.89,13.94,13.81,13.82,5521.389487
2025-11-26 15:00:00,13.83,13.91,13.78,13.85,2098.174831
2025-11-26 16:00:00,13.86,14.01,13.64,13.74,19457.775348
2025-11-26 17:00:00,13.74,14.03,13.69,14.03,16474.336113
2025-11-26 18:00:00,14.03,14.13,14.0,14.11,10869.037543
2025-11-26 19:00:00,14.12,14.13,14.04,14.08,12252.415602
2025-11-26 20:00:00,14.08,14.1,14.03,14.05,3305.988853
2025-11-26 21:00:00,14.05,14.18,14.04,14.11,2133.586976
2025-11-26 22:00:00,14.11,14.19,14.09,14.16,8246.370113
2025-11-26 23:00:00,14.15,14.17,14.11,14.13,4279.682068
2025-11-27 00:00:00,14.12,14.17,14.05,14.12,10596.242469
2025-11-27 01:00:00,14.13,14.18,14.1,14.17,6317.47719
2025-11-27 02:00:00,14.16,14.19,14.1,14.12,7220.28214
2025-11-27 03:00:00,14.13,14.13,14.01,14.02,4180.143253
2025-11-27 04:00:00,14.03,14.08,14.03,14.06,4137.770422
2025-11-27 05:00:00,14.05,14.06,13.92,13.95,16700.867282
2025-11-27 06:00:00,13.96,14.04,13.96,14.03,8911.127575
2025-11-27 07:00:00,14.03,14.04,14.0,14.0,2337.107029
2025-11-27 08:00:00,14.01,14.01,13.96,13.98,7164.215039
2025-11-27 09:00:00,13.98,14.06,13.95,13.99,6536.487842
2025-11-27 10:00:00,14.0,14.0,13.95,14.0,3222.624946
2025-11-27 11:00:00,13.99,13.99,13.9,13.91,4719.606952
2025-11-27 12:00:00,13.91,13.93,13.84,13.84,6514.952639
2025-11-27 13:00:00,13.84,13.9,13.84,13.88,4338.179589
2025-11-27 14:00:00,13.88,13.94,13.87,13.92,5271.122865
2025-11-27 15:00:00,13.93,14.01,13.89,14.0,7426.459717
2025-11-27 16:00:00,14.0,14.04,13.96,14.03,3151.238074
2025-11-27 17:00:00,14.04,14.04,13.98,14.0,1301.590485
2025-11-27 18:00:00,14.0,14.03,13.95,14.01,1330.413739
2025-11-27 19:00:00,14.01,14.01,13.93,13.96,4280.721588
2025-11-27 20:00:00,13.97,13.99,13.96,13.98,2206.618477
2025-11-27 21:00:00,13.98,14.02,13.96,13.96,1692.180472
2025-11-27 22:00:00,13.96,13.98,13.82,13.86,32541.749156
2025-11-27 23:00:00,13.85,13.9,13.83,13.88,9411.036111
2025-11-28 00:00:00,13.87,13.89,13.81,13.87,6731.9124
2025-11-28 01:00:00,13.86,13.87,13.72,13.75,5056.823814
2025-11-28 02:00:00,13.74,13.77,13.68,13.74,5145.085464
2025-11-28 03:00:00,13.74,13.78,13.72,13.75,1713.720304
2025-11-28 04:00:00,13.75,13.77,13.71,13.73,2511.788468
2025-11-28 05:00:00,13.73,13.78,13.7,13.76,2876.895221
2025-11-28 06:00:00,13.75,13.75,13.69,13.72,2136.064189
2025-11-28 07:00:00,13.71,13.82,13.71,13.79,3093.804578
2025-11-28 08:00:00,13.79,14.1,13.79,14.06,30626.696512
2025-11-28 09:00:00,14.07,14.09,14.0,14.0,5960.149484
2025-11-28 10:00:00,14.01,14.01,13.95,14.0,4312.579624
2025-11-28 11:00:00,14.0,14.02,13.85,13.92,4210.707821
2025-11-28 12:00:00,13.91,13.95,13.87,13.87,2930.821072
2025-11-28 13:00:00,13.86,14.02,13.83,13.97,7179.131699
2025-11-28 14:00:00,13.97,14.04,13.89,13.97,5380.669126
2025-11-28 15:00:00,13.97,14.04,13.93,13.95,2995.817756
2025-11-28 16:00:00,13.97,13.97,13.75,13.76,3704.370109
2025-11-28 17:00:00,13.76,13.77,13.64,13.66,3627.111482
2025-11-28 18:00:00,13.66,13.73,13.61,13.7,3245.806082
2025-11-28 19:00:00,13.7,13.79,13.69,13.78,2655.21524
2025-11-28 20:00:00,13.77,13.78,13.72,13.78,1609.943665
2025-11-28 21:00:00,13.78,13.8,13.74,13.74,978.508106
2025-11-28 22:00:00,13.73,13.8,13.71,13.79,1250.327319
2025-11-28 23:00:00,13.8,13.84,13.78,13.81,2368.077397
2025-11-29 00:00:00,13.81,13.84,13.76,13.81,2902.157558
2025-11-29 01:00:00,13.83,13.9,13.83,13.86,6289.900908
2025-11-29 02:00:00,13.87,13.87,13.78,13.8,1784.572488
2025-11-29 03:00:00,13.81,13.84,13.81,13.81,628.320669
2025-11-29 04:00:00,13.81,13.85,13.76,13.85,6260.284141
2025-11-29 05:00:00,13.86,13.87,13.82,13.82,938.658245
2025-11-29 06:00:00,13.82,13.84,13.68,13.73,5569.345806
2025-11-29 07:00:00,13.72,13.75,13.68,13.69,10608.300818
2025-11-29 08:00:00,13.69,13.72,13.67,13.68,5220.438767
2025-11-29 09:00:00,13.68,13.68,13.65,13.67,3371.845793
2025-11-29 10:00:00,13.67,13.7,13.63,13.68,2981.84776
2025-11-29 11:00:00,13.68,13.73,13.66,13.72,1666.159299
2025-11-29 12:00:00,13.72,13.73,13.66,13.67,794.839135
2025-11-29 13:00:00,13.65,13.69,13.65,13.68,1488.276924
2025-11-29 14:00:00,13.67,13.67,13.64,13.64,1520.519008
2025-11-29 15:00:00,13.66,13.75,13.66,13.75,1761.958038
2025-11-29 16:00:00,13.75,13.77,13.72,13.74,1081.302791
2025-11-29 17:00:00,13.74,13.77,13.64,13.64,9076.676852
2025-11-29 18:00:00,13.65,13.65,13.55,13.65,5640.899144
2025-11-29 19:00:00,13.66,13.67,13.61,13.63,1816.63237
2025-11-29 20:00:00,13.63,13.74,13.59,13.73,7102.085624
2025-11-29 21:00:00,13.74,13.74,13.68,13.71,5043.521414
2025-11-29 22:00:00,13.71,13.71,13.67,13.69,3684.802073
2025-11-29 23:00:00,13.69,13.74,13.68,13.71,547.850098
2025-11-30 00:00:00,13.72,13.74,13.7,13.72,960.308685
2025-11-30 01:00:00,13.72,13.78,13.72,13.75,5087.269781
2025-11-30 02:00:00,13.75,13.77,13.7,13.7,1359.759122
2025-11-30 03:00:00,13.7,13.74,13.62,13.74,2331.269073
2025-11-30 04:00:00,13.74,13.76,13.72,13.73,646.041834
2025-11-30 05:00:00,13.73,13.73,13.67,13.7,4356.291665
2025-11-30 06:00:00,13.71,13.82,13.71,13.8,2018.341745
2025-11-30 07:00:00,13.8,13.84,13.78,13.82,8326.17749
2025-11-30 08:00:00,13.83,13.91,13.81,13.84,4668.002111
2025-11-30 09:00:00,13.83,13.89,13.81,13.84,5024.305445
2025-11-30 10:00:00,13.83,13.83,13.81,13.82,807.873351
2025-11-30 11:00:00,13.81,13.83,13.75,13.79,4711.258507
2025-11-30 12:00:00,13.79,13.88,13.74,13.85,5022.694657
2025-11-30 13:00:00,13.85,13.99,13.84,13.96,6944.943792
2025-11-30 14:00:00,13.96,13.97,13.86,13.88,4043.525862
2025-11-30 15:00:00,13.89,13.91,13.83,13.91,5517.13354
2025-11-30 16:00:00,13.92,14.03,13.92,13.99,2636.436949
2025-11-30 17:00:00,13.99,13.99,13.91,13.93,1046.119418
2025-11-30 18:00:00,13.93,13.95,13.91,13.95,1082.265039
2025-11-30 19:00:00,13.95,13.97,13.92,13.93,1182.811448
2025-11-30 20:00:00,13.94,13.97,13.94,13.97,6759.050521
2025-11-30 21:00:00,13.97,13.97,13.89,13.9,2966.777609
2025-11-30 22:00:00,13.91,13.94,13.86,13.91,2211.960521
2025-11-30 23:00:00,13.91,13.91,13.71,13.72,4689.776172
2025-12-01 00:00:00,13.73,13.74,12.98,13.01,82710.786997
2025-12-01 01:00:00,13.0,13.15,12.95,13.0,19711.020414
2025-12-01 02:00:00,13.0,13.1,12.99,13.03,10832.90915
2025-12-01 03:00:00,13.02,13.04,12.9,12.94,11380.196394
2025-12-01 04:00:00,12.93,12.95,12.86,12.92,11884.94577
2025-12-01 05:00:00,12.91,12.98,12.81,12.84,25861.858593
2025-12-01 06:00:00,12.84,12.92,12.82,12.9,8889.418282
2025-12-01 07:00:00,12.9,12.92,12.81,12.91,9346.133899
2025-12-01 08:00:00,12.92,12.92,12.83,12.86,5766.158798
2025-12-01 09:00:00,12.86,12.95,12.86,12.91,10308.944328
2025-12-01 10:00:00,12.92,12.94,12.9,12.9,5894.446463
2025-12-01 11:00:00,12.91,12.92,12.88,12.89,12716.967211
2025-12-01 12:00:00,12.9,12.93,12.72,12.92,8801.191456
2025-12-01 13:00:00,12.9,13.0,12.88,12.94,17573.734261
2025-12-01 14:00:00,12.94,13.08,12.91,13.02,10141.961911
2025-12-01 15:00:00,13.02,13.03,12.65,12.83,31472.848637
2025-12-01 16:00:00,12.83,12.83,12.71,12.76,12706.629067
2025-12-01 17:00:00,12.76,12.86,12.76,12.8,1932.33155
2025-12-01 18:00:00,12.81,12.92,12.79,12.86,2949.737462
2025-12-01 19:00:00,12.86,12.87,12.72,12.78,3225.695632
2025-12-01 20:00:00,12.78,12.91,12.78,12.8,2319.010547
2025-12-01 21:00:00,12.81,12.94,12.81,12.94,2085.105893
2025-12-01 22:00:00,12.93,13.0,12.93,12.97,14060.802294
2025-12-01 23:00:00,12.97,13.04,12.97,12.97,5472.046423
2025-12-02 00:00:00,12.97,13.01,12.95,12.99,7296.388412
2025-12-02 01:00:00,13.0,13.11,12.96,12.98,4339.785779
2025-12-02 02:00:00,12.97,13.01,12.94,12.97,1403.256406
2025-12-02 03:00:00,12.97,13.0,12.88,12.98,3180.682839
2025-12-02 04:00:00,12.99,13.01,12.92,12.92,1089.248562
2025-12-02 05:00:00,12.91,12.95,12.88,12.95,3539.222939
2025-12-02 06:00:00,12.94,13.02,12.92,13.02,3078.257639
2025-12-02 07:00:00,13.02,13.02,12.97,12.98,982.093292
2025-12-02 08:00:00,12.98,12.98,12.85,12.86,2332.3569
2025-12-02 09:00:00,12.87,12.92,12.86,12.88,9992.274235
2025-12-02 10:00:00,12.88,13.01,12.88,12.98,2589.135284
2025-12-02 11:00:00,12.98,13.05,12.95,13.02,2969.689299
2025-12-02 12:00:00,13.03,13.08,13.02,13.08,1647.617246
2025-12-02 13:00:00,13.08,13.13,13.06,13.11,5651.823619
2025-12-02 14:00:00,13.12,13.37,13.12,13.33,7958.734
2025-12-02 15:00:00,13.34,13.86,13.34,13.83,29653.91966
2025-12-02 16:00:00,13.83,13.92,13.76,13.79,10846.46544
2025-12-02 17:00:00,13.8,13.85,13.74,13.74,4968.253792
2025-12-02 18:00:00,13.76,13.8,13.7,13.71,3564.384488
2025-12-02 19:00:00,13.72,13.74,13.6,13.61,3766.525778
2025-12-02 20:00:00,13.61,13.63,13.51,13.59,5104.593249
2025-12-02 21:00:00,13.59,13.61,13.57,13.59,2024.535412
2025-12-02 22:00:00,13.59,13.65,13.59,13.64,9829.801372
2025-12-02 23:00:00,13.63,13.65,13.57,13.58,12625.249571
2025-12-03 00:00:00,13.6,13.64,13.55,13.62,2961.815552
2025-12-03 01:00:00,13.62,13.66,13.59,13.62,4407.614
2025-12-03 02:00:00,13.62,13.73,13.61,13.66,11512.521633
2025-12-03 03:00:00,13.66,13.71,13.64,13.66,3523.330859
2025-12-03 04:00:00,13.65,13.83,13.63,13.82,8774.560142
2025-12-03 05:00:00,13.83,13.88,13.8,13.84,3902.933497
2025-12-03 06:00:00,13.84,13.93,13.8,13.85,14152.296943
2025-12-03 07:00:00,13.85,13.86,13.82,13.82,5362.244813
2025-12-03 08:00:00,13.83,13.88,13.82,13.88,1713.617527
2025-12-03 09:00:00,13.89,13.89,13.82,13.86,2312.051797
2025-12-03 10:00:00,13.88,13.92,13.82,13.82,2052.556864
2025-12-03 11:00:00,13.82,13.91,13.81,13.9,3269.547493
2025-12-03 12:00:00,13.91,13.93,13.86,13.9,1742.022283
2025-12-03 13:00:00,13.89,13.92,13.88,13.91,2998.552395
2025-12-03 14:00:00,13.92,14.01,13.67,13.85,14782.714291
2025-12-03 15:00:00,13.86,14.01,13.83,13.96,5858.71162
2025-12-03 16:00:00,13.96,14.04,13.9,14.0,8430.813755
2025-12-03 17:00:00,14.01,14.1,13.95,14.09,4807.735206
2025-12-03 18:00:00,14.1,14.17,14.05,14.07,4152.754188
2025-12-03 19:00:00,14.08,14.09,14.02,14.05,1100.165569
2025-12-03 20:00:00,14.06,14.18,14.03,14.13,2914.306877
2025-12-03 21:00:00,14.13,14.22,14.11,14.22,3803.748899
2025-12-03 22:00:00,14.22,14.3,14.16,14.27,9137.970686
2025-12-03 23:00:00,14.27,14.36,14.18,14.18,7503.280202
2025-12-04 00:00:00,14.19,14.22,14.12,14.16,3145.975896
2025-12-04 01:00:00,14.16,14.3,14.16,14.18,7285.482609
2025-12-04 02:00:00,14.19,14.27,14.18,14.23,1745.660715
2025-12-04 03:00:00,14.22,14.27,14.16,14.16,3637.467654
2025-12-04 04:00:00,14.17,14.17,14.06,14.06,10983.443147
2025-12-04 05:00:00,14.08,14.08,14.02,14.05,10420.662647
2025-12-04 06:00:00,14.05,14.13,14.04,14.09,6438.857029
2025-12-04 07:00:00,14.1,14.1,14.0,14.09,3337.8319
2025-12-04 08:00:00,14.1,14.1,13.99,14.01,4852.085795
2025-12-04 09:00:00,14.02,14.09,14.02,14.07,4597.393125
2025-12-04 10:00:00,14.07,14.08,14.02,14.04,1445.24487
2025-12-04 11:00:00,14.04,14.04,13.97,13.99,2731.45379
2025-12-04 12:00:00,13.99,14.01,13.93,13.94,7804.160371
2025-12-04 13:00:00,13.96,13.97,13.85,13.89,4613.838235
2025-12-04 14:00:00,13.89,13.97,13.81,13.83,12356.834874
2025-12-04 15:00:00,13.83,14.0,13.83,13.91,9354.924192
2025-12-04 16:00:00,13.91,13.95,13.8,13.83,5021.405455
2025-12-04 17:00:00,13.83,13.84,13.73,13.83,4709.301464
2025-12-04 18:00:00,13.83,13.85,13.76,13.79,1443.72112
2025-12-04 19:00:00,13.79,13.79,13.57,13.76,5699.864808
2025-12-04 20:00:00,13.77,13.84,13.73,13.83,1527.117332
2025-12-04 21:00:00,13.83,13.84,13.73,13.73,1015.904747
2025-12-04 22:00:00,13.73,13.79,13.72,13.76,2637.709188
2025-12-04 23:00:00,13.76,13.77,13.73,13.73,956.662861
2025-12-05 00:00:00,13.73,13.8,13.72,13.78,1578.769749
2025-12-05 01:00:00,13.78,13.83,13.77,13.79,4876.736755
2025-12-05 02:00:00,13.77,13.88,13.75,13.85,2602.556825
2025-12-05 03:00:00,13.86,13.88,13.78,13.79,4324.444857
2025-12-05 04:00:00,13.79,13.81,13.68,13.75,2847.676978
2025-12-05 05:00:00,13.75,13.77,13.7,13.73,2950.605507
2025-12-05 06:00:00,13.74,13.79,13.73,13.78,12044.943071
2025-12-05 07:00:00,13.77,13.84,13.76,13.84,1674.421977
2025-12-05 08:00:00,13.84,13.84,13.73,13.77,2981.926423
2025-12-05 09:00:00,13.76,13.76,13.57,13.6,10500.047165
2025-12-05 10:00:00,13.59,13.66,13.53,13.59,6258.20005
2025-12-05 11:00:00,13.58,13.59,13.44,13.52,4720.976425
2025-12-05 12:00:00,13.52,13.53,13.48,13.5,5078.820276
2025-12-05 13:00:00,13.49,13.53,13.37,13.43,4386.802725
2025-12-05 14:00:00,13.4,13.44,13.34,13.36,4456.999376
2025-12-05 15:00:00,13.37,13.64,13.37,13.43,8083.272375
2025-12-05 16:00:00,13.43,13.43,12.93,13.05,30623.71909
2025-12-05 17:00:00,13.04,13.09,12.97,13.07,7453.645472
2025-12-05 18:00:00,13.06,13.19,13.0,13.0,10669.594473
2025-12-05 19:00:00,13.0,13.15,12.96,13.11,5182.713328
2025-12-05 20:00:00,13.11,13.13,13.02,13.02,4655.020878
2025-12-05 21:00:00,13.02,13.06,13.01,13.05,6144.836977
2025-12-05 22:00:00,13.05,13.14,13.03,13.13,2391.366039
2025-12-05 23:00:00,13.13,13.15,13.07,13.14,1952.373423
2025-12-06 00:00:00,13.13,13.19,13.08,13.18,3351.440878
2025-12-06 01:00:00,13.19,13.22,13.15,13.15,2949.334069
2025-12-06 02:00:00,13.16,13.2,13.13,13.19,1517.657727
2025-12-06 03:00:00,13.2,13.27,13.2,13.24,2012.4895
2025-12-06 04:00:00,13.24,13.24,13.17,13.17,550.872286
2025-12-06 05:00:00,13.18,13.19,13.16,13.19,1846.10288
2025-12-06 06:00:00,13.18,13.24,13.18,13.21,1451.432797
2025-12-06 07:00:00,13.21,13.23,13.15,13.19,1931.721261
2025-12-06 08:00:00,13.2,13.2,13.12,13.12,1243.063296
2025-12-06 09:00:00,13.12,13.22,13.12,13.2,681.24748
2025-12-06 10:00:00,13.21,13.21,13.17,13.18,579.347176
2025-12-06 11:00:00,13.18,13.26,13.17,13.25,1183.538032
2025-12-06 12:00:00,13.25,13.29,13.24,13.25,7030.324271
2025-12-06 13:00:00,13.25,13.28,13.24,13.27,1209.08657
2025-12-06 14:00:00,13.26,13.37,13.26,13.35,2307.167673
2025-12-06 15:00:00,13.34,13.34,13.26,13.26,4408.375356
2025-12-06 16:00:00,13.26,13.35,13.26,13.34,5412.636847
2025-12-06 17:00:00,13.34,13.39,13.31,13.39,6403.391159
2025-12-06 18:00:00,13.4,13.47,13.38,13.42,1029.804676
2025-12-06 19:00:00,13.42,13.43,13.3,13.32,2669.18567
2025-12-06 20:00:00,13.34,13.37,13.32,13.34,6402.314422
2025-12-06 21:00:00,13.34,13.41,13.33,13.35,3075.576928
2025-12-06 22:00:00,13.36,13.36,13.29,13.3,2270.485161
2025-12-06 23:00:00,13.31,13.32,13.27,13.32,1610.541599
2025-12-07 00:00:00,13.32,13.39,13.3,13.37,2107.547817
2025-12-07 01:00:00,13.37,13.37,13.32,13.32,1416.211696
2025-12-07 02:00:00,13.32,13.36,13.31,13.35,989.560549
2025-12-07 03:00:00,13.35,13.36,13.32,13.36,3872.7844
2025-12-07 04:00:00,13.35,13.35,13.29,13.3,1713.514793
2025-12-07 05:00:00,13.31,13.32,13.28,13.32,1342.92244
2025-12-07 06:00:00,13.31,13.35,13.31,13.33,343.007026
2025-12-07 07:00:00,13.33,13.33,13.24,13.25,5732.766918
2025-12-07 08:00:00,13.26,13.28,13.21,13.24,1973.305185
2025-12-07 09:00:00,13.24,13.25,13.11,13.14,15014.096244
2025-12-07 10:00:00,13.15,13.18,13.12,13.14,2584.336384
2025-12-07 11:00:00,13.14,13.16,13.11,13.12,3338.31106
2025-12-07 12:00:00,13.11,13.17,13.11,13.16,4541.322853
2025-12-07 13:00:00,13.14,13.15,13.03,13.09,2955.81198
2025-12-07 14:00:00,13.07,13.09,12.8,12.83,23277.502579
2025-12-07 15:00:00,12.82,13.11,12.81,13.09,8403.4884
2025-12-07 16:00:00,13.08,13.08,13.0,13.08,5784.090459
2025-12-07 17:00:00,13.08,13.36,13.03,13.35,9108.996626
2025-12-07 18:00:00,13.34,13.47,13.34,13.41,4706.249531
2025-12-07 19:00:00,13.42,13.43,13.37,13.39,4854.42127
2025-12-07 20:00:00,13.4,13.43,13.39,13.43,1874.460073
2025-12-07 21:00:00,13.42,13.42,13.15,13.22,2778.270583
2025-12-07 22:00:00,13.21,13.21,12.91,13.06,11258.90384
2025-12-07 23:00:00,13.05,13.13,13.01,13.13,4751.781128
2025-12-08 00:00:00,13.12,13.16,13.07,13.07,7346.133085
2025-12-08 01:00:00,13.07,13.35,13.06,13.22,4887.464793
2025-12-08 02:00:00,13.21,13.29,13.2,13.28,1840.224222
2025-12-08 03:00:00,13.29,13.31,13.25,13.29,2253.527689
2025-12-08 04:00:00,13.3,13.4,13.29,13.34,7326.52074
2025-12-08 05:00:00,13.34,13.42,13.32,13.37,6766.380192
2025-12-08 06:00:00,13.38,13.47,13.37,13.47,7792.880868
2025-12-08 07:00:00,13.45,13.47,13.4,13.44,2036.722575
2025-12-08 08:00:00,13.45,13.47,13.42,13.45,5714.092814
2025-12-08 09:00:00,13.46,13.61,13.46,13.54,15649.395323
2025-12-08 10:00:00,13.55,13.59,13.49,13.52,7101.719663
2025-12-08 11:00:00,13.52,13.52,13.43,13.45,2559.21798
2025-12-08 12:00:00,13.46,13.46,13.4,13.46,1946.457484
2025-12-08 13:00:00,13.45,13.52,13.43,13.45,8468.513983
2025-12-08 14:00:00,13.46,13.56,13.39,13.42,17626.894994
2025-12-08 15:00:00,13.43,13.46,13.31,13.39,6129.647495
2025-12-08 16:00:00,13.39,13.54,13.32,13.41,3490.972053
2025-12-08 17:00:00,13.42,13.49,13.38,13.46,2582.075446
2025-12-08 18:00:00,13.48,13.5,13.32,13.35,1076.505764
2025-12-08 19:00:00,13.36,13.43,13.36,13.39,862.168544
2025-12-08 20:00:00,13.4,13.49,13.4,13.48,1545.210975
2025-12-08 21:00:00,13.48,13.54,13.47,13.54,3509.614744
2025-12-08 22:00:00,13.54,13.54,13.43,13.46,5081.112187
2025-12-08 23:00:00,13.47,13.48,13.41,13.44,1439.05932
2025-12-09 00:00:00,13.44,13.52,13.42,13.43,3273.803815
2025-12-09 01:00:00,13.43,13.45,13.34,13.36,4243.2083
2025-12-09 02:00:00,13.36,13.38,13.31,13.31,1847.641223
2025-12-09 03:00:00,13.31,13.4,13.27,13.4,3891.736764
2025-12-09 04:00:00,13.39,13.39,13.28,13.3,1485.873025
2025-12-09 05:00:00,13.3,13.35,13.25,13.25,1704.716986
2025-12-09 06:00:00,13.26,13.31,13.23,13.3,853.258125
2025-12-09 07:00:00,13.3,13.39,13.29,13.38,4923.882396
2025-12-09 08:00:00,13.39,13.39,13.32,13.34,1062.505217
2025-12-09 09:00:00,13.34,13.34,13.27,13.29,1448.495
2025-12-09 10:00:00,13.29,13.35,13.28,13.32,577.872696
2025-12-09 11:00:00,13.33,13.36,13.32,13.35,857.909354
2025-12-09 12:00:00,13.34,13.52,13.33,13.5,6676.847221
2025-12-09 13:00:00,13.5,13.53,13.44,13.46,2113.498259
2025-12-09 14:00:00,13.47,13.51,13.37,13.4,7159.50116
2025-12-09 15:00:00,13.41,13.9,13.4,13.87,16064.738233
2025-12-09 16:00:00,13.88,14.22,13.88,14.17,23293.992298
2025-12-09 17:00:00,14.17,14.23,14.01,14.03,8368.952443
2025-12-09 18:00:00,14.04,14.1,14.0,14.05,2134.790209
2025-12-09 19:00:00,14.06,14.08,14.01,14.03,1295.880113
2025-12-09 20:00:00,14.02,14.06,13.88,13.92,3208.294983
2025-12-09 21:00:00,13.93,13.96,13.76,13.83,4491.320639
2025-12-09 22:00:00,13.84,13.95,13.84,13.93,2427.12331
2025-12-09 23:00:00,13.93,13.94,13.87,13.87,1586.415543
2025-12-10 00:00:00,13.87,13.91,13.79,13.79,2692.700504
2025-12-10 01:00:00,13.79,13.8,13.71,13.75,2817.751191
2025-12-10 02:00:00,13.75,13.78,13.69,13.75,2229.046446
2025-12-10 03:00:00,13.76,13.76,13.7,13.7,521.020335
2025-12-10 04:00:00,13.71,13.75,13.69,13.74,538.49009
2025-12-10 05:00:00,13.74,13.77,13.69,13.72,2555.646764
2025-12-10 06:00:00,13.72,13.72,13.68,13.71,1511.725364
2025-12-10 07:00:00,13.7,13.7,13.63,13.68,2519.502882
2025-12-10 08:00:00,13.69,13.69,13.63,13.63,7361.907203
2025-12-10 09:00:00,13.62,13.71,13.57,13.7,9170.650744
2025-12-10 10:00:00,13.69,13.76,13.58,13.59,6475.673262
2025-12-10 11:00:00,13.59,13.63,13.56,13.6,5794.979081
2025-12-10 12:00:00,13.6,13.61,13.57,13.61,1236.689872
2025-12-10 13:00:00,13.6,13.66,13.6,13.64,5098.724818
2025-12-10 14:00:00,13.64,13.64,13.57,13.59,6610.605385
2025-12-10 15:00:00,13.59,13.7,13.59,13.65,13710.439562
2025-12-10 16:00:00,13.66,13.78,13.63,13.73,8475.232195
2025-12-10 17:00:00,13.72,13.81,13.71,13.76,2632.017361
2025-12-10 18:00:00,13.76,13.97,13.73,13.84,7590.953203
2025-12-10 19:00:00,13.84,14.04,13.72,13.97,10685.624577
2025-12-10 20:00:00,13.98,14.27,13.88,13.92,16046.473719
2025-12-10 21:00:00,13.91,13.98,13.77,13.79,4812.113666
2025-12-10 22:00:00,13.79,13.89,13.65,13.83,6113.284788
2025-12-10 23:00:00,13.82,13.86,13.66,13.66,10075.954246
2025-12-11 00:00:00,13.67,13.68,13.41,13.45,10098.913493
2025-12-11 01:00:00,13.45,13.45,13.28,13.28,8217.316626
2025-12-11 02:00:00,13.28,13.29,13.13,13.15,8767.825752
2025-12-11 03:00:00,13.15,13.15,13.0,13.08,18593.441022
2025-12-11 04:00:00,13.07,13.2,13.03,13.16,6511.438029
2025-12-11 05:00:00,13.16,13.16,13.12,13.16,7651.141279
2025-12-11 06:00:00,13.15,13.18,13.09,13.12,4194.552713
2025-12-11 07:00:00,13.12,13.13,13.08,13.08,7051.990541
2025-12-11 08:00:00,13.09,13.09,13.01,13.05,2776.110989
2025-12-11 09:00:00,13.05,13.09,13.04,13.04,2379.700843
2025-12-11 10:00:00,13.05,13.07,13.0,13.04,5341.150627
2025-12-11 11:00:00,13.03,13.09,13.02,13.07,4302.581634
2025-12-11 12:00:00,13.06,13.1,13.03,13.09,1971.155016
2025-12-11 13:00:00,13.09,13.13,13.07,13.07,12029.846431
2025-12-11 14:00:00,13.08,13.09,12.95,13.01,13842.024984
2025-12-11 15:00:00,13.0,13.2,12.97,13.08,8994.084128
2025-12-11 16:00:00,13.08,13.12,12.96,13.01,4071.724622
2025-12-11 17:00:00,13.02,13.1,12.98,13.02,4296.38399
2025-12-11 18:00:00,13.02,13.24,13.01,13.14,4410.377981
2025-12-11 19:00:00,13.14,13.24,13.09,13.11,2789.298888
2025-12-11 20:00:00,13.12,13.21,13.12,13.2,8883.311898
2025-12-11 21:00:00,13.2,13.38,13.19,13.31,4823.704352
2025-12-11 22:00:00,13.31,13.36,13.23,13.28,11106.137503
2025-12-11 23:00:00,13.27,13.3,13.21,13.25,765.937652
2025-12-12 00:00:00,13.25,13.27,13.08,13.08,4372.269373
2025-12-12 01:00:00,13.09,13.21,13.09,13.17,2466.737435
2025-12-12 02:00:00,13.17,13.24,13.15,13.23,2057.027317
2025-12-12 03:00:00,13.22,13.24,13.16,13.2,4830.773654
2025-12-12 04:00:00,13.19,13.19,13.17,13.18,1026.387932
2025-12-12 05:00:00,13.18,13.26,13.15,13.26,2217.758639
2025-12-12 06:00:00,13.27,13.33,13.25,13.28,3649.941283
2025-12-12 07:00:00,13.27,13.28,13.25,13.25,1586.917326
2025-12-12 08:00:00,13.26,13.26,13.15,13.2,1451.135113
2025-12-12 09:00:00,13.22,13.24,13.18,13.24,776.23362
2025-12-12 10:00:00,13.23,13.28,13.23,13.23,3328.603117
2025-12-12 11:00:00,13.23,13.23,13.17,13.19,1496.544182
2025-12-12 12:00:00,13.19,13.24,13.17,13.23,4585.265522
2025-12-12 13:00:00,13.22,13.27,13.19,13.21,4321.151994
2025-12-12 14:00:00,13.22,13.23,13.15,13.18,10727.610218
2025-12-12 15:00:00,13.17,13.17,12.69,12.77,27533.26817
2025-12-12 16:00:00,12.77,12.83,12.66,12.73,25870.733942
2025-12-12 17:00:00,12.73,12.88,12.73,12.83,16126.57502
2025-12-12 18:00:00,12.83,12.99,12.82,12.95,3518.422714
2025-12-12 19:00:00,12.96,12.96,12.84,12.88,3967.849402
2025-12-12 20:00:00,12.88,12.91,12.85,12.89,11540.342911
2025-12-12 21:00:00,12.89,12.96,12.88,12.94,1843.759524
2025-12-12 22:00:00,12.95,12.98,12.89,12.93,7703.640178
2025-12-12 23:00:00,12.94,12.97,12.92,12.93,1272.224695
2025-12-13 00:00:00,12.93,12.99,12.93,12.97,4404.385925
2025-12-13 01:00:00,12.97,12.98,12.95,12.98,1029.923345
2025-12-13 02:00:00,12.98,13.03,12.98,13.0,1356.245469
2025-12-13 03:00:00,13.0,13.1,12.99,13.08,2445.008382
2025-12-13 04:00:00,13.08,13.09,13.06,13.09,1209.9907
2025-12-13 05:00:00,13.09,13.17,13.09,13.12,11122.424164
2025-12-13 06:00:00,13.12,13.16,13.11,13.14,2939.089269
2025-12-13 07:00:00,13.15,13.18,13.12,13.15,11764.103949
2025-12-13 08:00:00,13.16,13.25,13.16,13.19,7083.618046
2025-12-13 09:00:00,13.19,13.19,13.15,13.16,2693.193294
2025-12-13 10:00:00,13.16,13.2,13.15,13.19,3367.014375
2025-12-13 11:00:00,13.19,13.2,13.17,13.18,5154.600896
2025-12-13 12:00:00,13.18,13.21,13.14,13.15,2820.834764
2025-12-13 13:00:00,13.16,13.16,13.11,13.14,9855.763097
2025-12-13 14:00:00,13.14,13.17,13.1,13.15,3256.598204
2025-12-13 15:00:00,13.15,13.21,13.15,13.18,3167.682323
2025-12-13 16:00:00,13.19,13.21,13.16,13.17,1086.756906
2025-12-13 17:00:00,13.17,13.17,13.13,13.15,205.908088
2025-12-13 18:00:00,13.16,13.19,13.15,13.15,550.184657
2025-12-13 19:00:00,13.15,13.18,13.14,13.17,749.060694
2025-12-13 20:00:00,13.18,13.18,13.15,13.15,217.553373
2025-12-13 21:00:00,13.15,13.15,13.09,13.15,1325.047132
2025-12-13 22:00:00,13.16,13.17,13.12,13.17,3204.170603
2025-12-13 23:00:00,13.16,13.21,13.16,13.19,8157.963348
2025-12-14 00:00:00,13.18,13.2,13.17,13.18,2281.876599
2025-12-14 01:00:00,13.19,13.2,13.17,13.17,2061.628211
2025-12-14 02:00:00,13.18,13.22,13.17,13.22,3971.818755
2025-12-14 03:00:00,13.23,13.23,13.17,13.18,2054.624324
2025-12-14 04:00:00,13.19,13.19,13.12,13.12,2269.321787
2025-12-14 05:00:00,13.13,13.13,13.07,13.11,3606.737981
2025-12-14 06:00:00,13.12,13.12,13.06,13.1,930.43999
2025-12-14 07:00:00,13.11,13.13,13.08,13.1,4035.99377
2025-12-14 08:00:00,13.11,13.12,13.05,13.05,1439.24175
2025-12-14 09:00:00,13.06,13.06,13.01,13.02,1710.706241
2025-12-14 10:00:00,13.03,13.03,12.95,12.99,3978.376209
2025-12-14 11:00:00,12.99,13.0,12.84,12.96,4654.721344
2025-12-14 12:00:00,12.96,13.0,12.92,12.99,1534.044144
2025-12-14 13:00:00,12.98,12.98,12.92,12.96,2812.682858
2025-12-14 14:00:00,12.97,12.98,12.84,12.87,6662.673977
2025-12-14 15:00:00,12.87,12.88,12.82,12.86,10177.319123
2025-12-14 16:00:00,12.86,12.91,12.83,12.85,2881.593695
2025-12-14 17:00:00,12.85,12.86,12.74,12.76,4950.340288
2025-12-14 18:00:00,12.76,12.83,12.75,12.82,1046.166726
2025-12-14 19:00:00,12.84,12.84,12.77,12.79,995.482562
2025-12-14 20:00:00,12.79,12.86,12.73,12.8,3563.029839
2025-12-14 21:00:00,12.79,12.8,12.71,12.72,10216.348713
2025-12-14 22:00:00,12.72,12.78,12.7,12.76,7351.31673
2025-12-14 23:00:00,12.77,12.81,12.66,12.79,6303.007114
2025-12-15 00:00:00,12.8,12.93,12.8,12.89,13327.615905
2025-12-15 01:00:00,12.91,13.05,12.9,13.01,10198.014091
2025-12-15 02:00:00,13.02,13.16,13.02,13.04,10128.298902
2025-12-15 03:00:00,13.05,13.07,13.0,13.05,8464.829117
2025-12-15 04:00:00,13.05,13.12,13.05,13.09,3780.531845
2025-12-15 05:00:00,13.11,13.11,13.08,13.11,2271.509245
2025-12-15 06:00:00,13.11,13.18,13.09,13.15,9714.061339
2025-12-15 07:00:00,13.16,13.18,13.03,13.06,12835.906433
2025-12-15 08:00:00,13.07,13.08,13.02,13.03,2542.865373
2025-12-15 09:00:00,13.04,13.11,13.04,13.09,5519.608795
2025-12-15 10:00:00,13.1,13.17,13.09,13.12,4779.983728
2025-12-15 11:00:00,13.12,13.2,13.12,13.13,10897.692513
2025-12-15 12:00:00,13.13,13.17,13.09,13.16,3718.087615
2025-12-15 13:00:00,13.16,13.16,13.05,13.11,15092.630853
2025-12-15 14:00:00,13.1,13.24,12.87,12.96,24045.740461
2025-12-15 15:00:00,12.96,12.96,12.43,12.48,79755.837414
2025-12-15 16:00:00,12.48,12.54,12.18,12.3,75688.181467
2025-12-15 17:00:00,12.3,12.3,12.1,12.16,23156.605664
2025-12-15 18:00:00,12.15,12.26,12.1,12.24,16958.432329
2025-12-15 19:00:00,12.25,12.37,12.25,12.31,8624.333505
2025-12-15 20:00:00,12.31,12.31,12.19,12.25,14770.058937
2025-12-15 21:00:00,12.25,12.28,12.23,12.27,8738.887602
2025-12-15 22:00:00,12.28,12.3,12.26,12.3,10259.988524
2025-12-15 23:00:00,12.31,12.38,12.31,12.34,9697.940415
2025-12-16 00:00:00,12.34,12.36,12.21,12.21,6776.142773
2025-12-16 01:00:00,12.21,12.28,12.19,12.21,5944.902838
2025-12-16 02:00:00,12.21,12.3,12.16,12.26,9301.90785
2025-12-16 03:00:00,12.26,12.28,12.15,12.22,11134.708634
2025-12-16 04:00:00,12.22,12.24,12.03,12.19,26634.877525
2025-12-16 05:00:00,12.19,12.25,12.17,12.21,7934.462211
2025-12-16 06:00:00,12.22,12.27,12.22,12.26,2952.714583
2025-12-16 07:00:00,12.25,12.25,12.11,12.14,6311.839821
2025-12-16 08:00:00,12.15,12.22,12.14,12.19,1230.583451
2025-12-16 09:00:00,12.2,12.21,12.18,12.21,1436.383878
2025-12-16 10:00:00,12.21,12.42,12.2,12.38,4812.085643
2025-12-16 11:00:00,12.39,12.54,12.36,12.49,13155.38527
2025-12-16 12:00:00,12.5,12.52,12.43,12.46,2429.965468
2025-12-16 13:00:00,12.46,12.58,12.3,12.31,14235.866614
2025-12-16 14:00:00,12.31,12.51,12.24,12.46,6614.371227
2025-12-16 15:00:00,12.47,12.65,12.38,12.61,9735.025126
2025-12-16 16:00:00,12.61,12.66,12.53,12.65,10279.915899
2025-12-16 17:00:00,12.65,12.76,12.56,12.58,7398.825388
2025-12-16 18:00:00,12.59,12.92,12.57,12.84,13619.607873
2025-12-16 19:00:00,12.84,12.87,12.72,12.81,3305.733696
2025-12-16 20:00:00,12.81,12.84,12.7,12.7,1687.193734
2025-12-16 21:00:00,12.7,12.74,12.68,12.7,1004.521649
2025-12-16 22:00:00,12.7,12.72,12.64,12.67,2595.424997
2025-12-16 23:00:00,12.66,12.69,12.62,12.68,4094.688818
2025-12-17 00:00:00,12.68,12.69,12.62,12.66,1536.106104
2025-12-17 01:00:00,12.66,12.76,12.66,12.72,1860.670612
2025-12-17 02:00:00,12.73,12.73,12.65,12.71,10080.023728
2025-12-17 03:00:00,12.71,12.75,12.66,12.67,7186.668389
2025-12-17 04:00:00,12.67,12.68,12.5,12.51,20946.792059
2025-12-17 05:00:00,12.5,12.55,12.42,12.47,4073.550798
2025-12-17 06:00:00,12.46,12.54,12.45,12.47,7521.903859
2025-12-17 07:00:00,12.47,12.52,12.45,12.45,3179.275074
2025-12-17 08:00:00,12.45,12.45,12.4,12.4,3664.161756
2025-12-17 09:00:00,12.4,12.41,12.35,12.38,2453.869036
2025-12-17 10:00:00,12.37,12.39,12.33,12.35,2254.922512
2025-12-17 11:00:00,12.36,12.44,12.34,12.42,2198.743976
2025-12-17 12:00:00,12.42,12.44,12.33,12.39,3701.203909
2025-12-17 13:00:00,12.39,12.46,12.32,12.44,3150.185657
2025-12-17 14:00:00,12.44,12.68,12.17,12.67,18424.816575
2025-12-17 15:00:00,12.67,12.78,12.26,12.29,23525.503317
2025-12-17 16:00:00,12.28,12.37,12.02,12.17,16456.526207
2025-12-17 17:00:00,12.17,12.2,12.04,12.09,4807.164405
2025-12-17 18:00:00,12.09,12.15,11.98,12.01,5629.92696
2025-12-17 19:00:00,12.01,12.11,11.93,12.11,6659.328325
2025-12-17 20:00:00,12.12,12.24,12.08,12.08,3323.327452
2025-12-17 21:00:00,12.09,12.11,11.96,11.97,4099.922129
2025-12-17 22:00:00,11.97,12.12,11.92,12.12,4855.016916
2025-12-17 23:00:00,12.11,12.11,12.0,12.07,1366.073021
2025-12-18 00:00:00,12.07,12.11,12.04,12.11,6937.04098
2025-12-18 01:00:00,12.1,12.1,11.99,12.02,3207.70719
2025-12-18 02:00:00,12.02,12.14,12.0,12.11,2625.706809
2025-12-18 03:00:00,12.11,12.11,11.98,12.02,9868.389193
2025-12-18 04:00:00,12.02,12.06,12.01,12.03,3968.082692
2025-12-18 05:00:00,12.03,12.03,11.88,11.92,10873.134094
2025-12-18 06:00:00,11.91,12.0,11.91,11.98,2864.387378
2025-12-18 07:00:00,11.99,12.05,11.96,11.99,7051.688911
2025-12-18 08:00:00,12.0,12.08,11.98,12.02,3472.232422
2025-12-18 09:00:00,12.03,12.06,12.0,12.05,3318.048517
2025-12-18 10:00:00,12.05,12.08,12.04,12.04,5051.126572
2025-12-18 11:00:00,12.05,12.05,11.99,12.0,2487.691262
2025-12-18 12:00:00,12.01,12.07,11.98,12.06,2568.203406
2025-12-18 13:00:00,12.07,12.34,12.07,12.34,21334.449911
2025-12-18 14:00:00,12.35,12.43,12.13,12.2,15278.288389
2025-12-18 15:00:00,12.2,12.34,12.11,12.24,10265.704634
2025-12-18 16:00:00,12.24,12.25,12.13,12.15,2000.193687
2025-12-18 17:00:00,12.15,12.15,11.59,11.84,32797.900423
2025-12-18 18:00:00,11.83,11.93,11.7,11.72,5550.038217
2025-12-18 19:00:00,11.72,11.73,11.46,11.5,20751.252275
2025-12-18 20:00:00,11.49,11.57,11.47,11.49,15910.54957
2025-12-18 21:00:00,11.51,11.69,11.51,11.69,8211.681998
2025-12-18 22:00:00,11.7,11.73,11.65,11.69,17860.466104
2025-12-18 23:00:00,11.69,11.69,11.62,11.64,5054.835858
2025-12-19 00:00:00,11.64,11.66,11.55,11.63,8759.486495
2025-12-19 01:00:00,11.62,11.63,11.54,11.59,10957.045591
2025-12-19 02:00:00,11.59,11.64,11.54,11.61,9784.340124
2025-12-19 03:00:00,11.61,11.99,11.6,11.9,19388.083938
2025-12-19 04:00:00,11.91,11.96,11.88,11.9,2724.928797
2025-12-19 05:00:00,11.89,11.9,11.81,11.84,4325.980123
2025-12-19 06:00:00,11.83,11.93,11.81,11.93,4045.007018
2025-12-19 07:00:00,11.94,12.13,11.94,12.03,11838.541765
2025-12-19 08:00:00,12.05,12.15,12.05,12.12,4039.398395
2025-12-19 09:00:00,12.12,12.12,12.05,12.07,2342.341616
2025-12-19 10:00:00,12.08,12.09,12.05,12.08,3489.067958
2025-12-19 11:00:00,12.09,12.12,12.06,12.08,1874.90261
2025-12-19 12:00:00,12.09,12.17,12.06,12.14,3624.14271
2025-12-19 13:00:00,12.14,12.16,12.09,12.11,1654.4133
2025-12-19 14:00:00,12.11,12.3,12.08,12.22,7721.198913
2025-12-19 15:00:00,12.22,12.43,12.18,12.25,12318.151645
2025-12-19 16:00:00,12.26,12.46,12.23,12.33,12262.165308
2025-12-19 17:00:00,12.33,12.4,12.17,12.17,6316.960471
2025-12-19 18:00:00,12.18,12.3,12.18,12.29,2461.089744
2025-12-19 19:00:00,12.3,12.48,12.3,12.43,5246.850681
2025-12-19 20:00:00,12.44,12.53,12.44,12.47,3582.705234
2025-12-19 21:00:00,12.47,12.47,12.4,12.4,182.902574
2025-12-19 22:00:00,12.41,12.44,12.37,12.4,4104.552184
2025-12-19 23:00:00,12.4,12.41,12.34,12.36,8397.500059
2025-12-20 00:00:00,12.35,12.38,12.33,12.35,2543.170116
2025-12-20 01:00:00,12.36,12.39,12.33,12.34,1739.592689
2025-12-20 02:00:00,12.34,12.35,12.31,12.33,8753.90948
2025-12-20 03:00:00,12.33,12.38,12.31,12.37,2096.990555
2025-12-20 04:00:00,12.38,12.38,12.3,12.31,1648.593749
2025-12-20 05:00:00,12.31,12.4,12.31,12.37,1429.037037
2025-12-20 06:00:00,12.38,12.42,12.38,12.42,367.159484
2025-12-20 07:00:00,12.42,12.49,12.41,12.49,1347.141541
2025-12-20 08:00:00,12.49,12.6,12.48,12.5,3560.872017
2025-12-20 09:00:00,12.49,12.49,12.45,12.45,610.799851
2025-12-20 10:00:00,12.45,12.46,12.42,12.43,2094.361858
2025-12-20 11:00:00,12.43,12.47,12.4,12.46,1242.045131
2025-12-20 12:00:00,12.47,12.47,12.42,12.44,2830.101842
2025-12-20 13:00:00,12.43,12.44,12.34,12.4,4770.096516
2025-12-20 14:00:00,12.39,12.4,12.33,12.4,1200.299074
2025-12-20 15:00:00,12.4,12.42,12.35,12.38,1737.582177
2025-12-20 16:00:00,12.39,12.39,12.34,12.37,465.297471
2025-12-20 17:00:00,12.37,12.39,12.35,12.36,950.89948
2025-12-20 18:00:00,12.36,12.41,12.35,12.39,723.016316
2025-12-20 19:00:00,12.4,12.4,12.36,12.38,261.933652
2025-12-20 20:00:00,12.38,12.38,12.33,12.36,2981.969077
2025-12-20 21:00:00,12.36,12.39,12.36,12.36,904.351061
2025-12-20 22:00:00,12.37,12.4,12.36,12.4,1679.713057
2025-12-20 23:00:00,12.4,12.4,12.35,12.36,437.475985
2025-12-21 00:00:00,12.36,12.38,12.33,12.33,517.430438
2025-12-21 01:00:00,12.34,12.34,12.25,12.28,1991.900681
2025-12-21 02:00:00,12.28,12.29,12.22,12.23,2529.341421
2025-12-21 03:00:00,12.24,12.3,12.24,12.28,1135.706588
2025-12-21 04:00:00,12.28,12.29,12.26,12.26,755.716552
2025-12-21 05:00:00,12.27,12.32,12.26,12.27,1149.265309
2025-12-21 06:00:00,12.28,12.28,12.25,12.28,1679.287387
2025-12-21 07:00:00,12.27,12.31,12.26,12.28,453.110687
2025-12-21 08:00:00,12.29,12.38,12.26,12.37,4101.269915
2025-12-21 09:00:00,12.38,12.42,12.34,12.4,1476.74443
2025-12-21 10:00:00,12.41,12.42,12.3,12.31,2089.971723
2025-12-21 11:00:00,12.31,12.31,12.29,12.29,871.030837
2025-12-21 12:00:00,12.3,12.35,12.27,12.28,2637.476763
2025-12-21 13:00:00,12.29,12.29,12.01,12.03,10167.727011
2025-12-21 14:00:00,12.02,12.13,12.02,12.13,2542.125288
2025-12-21 15:00:00,12.13,12.13,12.05,12.09,4050.292471
2025-12-21 16:00:00,12.1,12.15,12.07,12.13,1003.818467
2025-12-21 17:00:00,12.14,12.16,12.1,12.1,853.947526
2025-12-21 18:00:00,12.1,12.11,12.02,12.11,1598.935824
2025-12-21 19:00:00,12.12,12.16,12.08,12.15,1438.877338
2025-12-21 20:00:00,12.15,12.16,12.08,12.09,921.061171
2025-12-21 21:00:00,12.1,12.12,12.04,12.06,676.540731
2025-12-21 22:00:00,12.05,12.17,12.05,12.16,5341.423057
2025-12-21 23:00:00,12.18,12.25,12.16,12.22,1029.477855
2025-12-22 00:00:00,12.22,12.45,12.22,12.25,11417.852133
2025-12-22 01:00:00,12.24,12.34,12.21,12.22,1990.109911
2025-12-22 02:00:00,12.21,12.24,12.08,12.22,5711.449614
2025-12-22 03:00:00,12.22,12.32,12.2,12.28,2344.160283
2025-12-22 04:00:00,12.28,12.33,12.27,12.31,2412.432744
2025-12-22 05:00:00,12.31,12.32,12.27,12.31,2400.408952
2025-12-22 06:00:00,12.28,12.31,12.26,12.3,5533.635395
2025-12-22 07:00:00,12.28,12.41,12.27,12.38,6285.589804
2025-12-22 08:00:00,12.38,12.45,12.33,12.34,6409.016502
2025-12-22 09:00:00,12.34,12.36,12.31,12.34,5217.221816
2025-12-22 10:00:00,12.34,12.35,12.31,12.33,2843.656501
2025-12-22 11:00:00,12.34,12.4,12.31,12.36,4869.042462
2025-12-22 12:00:00,12.37,12.45,12.34,12.38,3290.238604
2025-12-22 13:00:00,12.39,12.41,12.33,12.39,880.658967
2025-12-22 14:00:00,12.4,12.46,12.32,12.42,6188.397785
2025-12-22 15:00:00,12.44,12.47,12.3,12.43,3258.472015
2025-12-22 16:00:00,12.44,12.5,12.42,12.44,1558.185375
2025-12-22 17:00:00,12.44,12.44,12.37,12.41,3770.610731
2025-12-22 18:00:00,12.41,12.43,12.34,12.36,1080.838974
2025-12-22 19:00:00,12.36,12.36,12.19,12.2,2103.095283
2025-12-22 20:00:00,12.19,12.24,12.11,12.13,1575.728135
2025-12-22 21:00:00,12.13,12.2,12.13,12.17,2167.517133
2025-12-22 22:00:00,12.16,12.28,12.14,12.26,5609.648196
2025-12-22 23:00:00,12.27,12.28,12.23,12.27,689.380623
2025-12-23 00:00:00,12.27,12.34,12.26,12.32,1461.423574
2025-12-23 01:00:00,12.31,12.33,12.24,12.26,2432.631477
2025-12-23 02:00:00,12.25,12.3,12.17,12.17,2211.0504
2025-12-23 03:00:00,12.18,12.21,12.13,12.18,13607.662506
2025-12-23 04:00:00,12.17,12.2,12.14,12.14,8651.420668
2025-12-23 05:00:00,12.14,12.16,12.1,12.16,1899.712143
2025-12-23 06:00:00,12.16,12.16,12.05,12.11,1890.263003
2025-12-23 07:00:00,12.09,12.12,12.07,12.11,887.592037
2025-12-23 08:00:00,12.11,12.13,12.06,12.07,693.972954
2025-12-23 09:00:00,12.07,12.1,12.06,12.1,1267.284815
2025-12-23 10:00:00,12.11,12.15,12.09,12.13,574.783175
2025-12-23 11:00:00,12.14,12.17,12.12,12.14,444.958543
2025-12-23 12:00:00,12.14,12.14,12.07,12.09,992.37321
2025-12-23 13:00:00,12.08,12.12,11.99,12.06,6688.315752
2025-12-23 14:00:00,12.05,12.09,11.88,11.98,6179.65578
2025-12-23 15:00:00,11.97,12.06,11.95,12.04,1680.913408
2025-12-23 16:00:00,12.04,12.17,12.03,12.14,3208.160757
2025-12-23 17:00:00,12.14,12.17,11.98,11.98,3342.739495
2025-12-23 18:00:00,11.99,12.16,11.99,12.13,1290.21615
2025-12-23 19:00:00,12.14,12.14,12.05,12.06,1430.555891
2025-12-23 20:00:00,12.07,12.21,12.05,12.12,1763.906395
2025-12-23 21:00:00,12.13,12.14,12.1,12.11,1054.186803
2025-12-23 22:00:00,12.1,12.12,12.02,12.06,1149.158306
2025-12-23 23:00:00,12.07,12.09,12.03,12.09,877.991552
2025-12-24 00:00:00,12.08,12.1,12.05,12.08,2398.558249
2025-12-24 01:00:00,12.08,12.11,12.03,12.04,2279.227661
2025-12-24 02:00:00,12.04,12.04,11.91,11.93,2155.110409
2025-12-24 03:00:00,11.91,11.99,11.87,11.97,3794.510335
2025-12-24 04:00:00,11.98,12.02,11.91,11.91,1742.745766
2025-12-24 05:00:00,11.93,11.94,11.85,11.88,2781.286936
2025-12-24 06:00:00,11.88,11.9,11.84,11.88,1528.576339
2025-12-24 07:00:00,11.88,11.9,11.85,11.85,1211.304154
2025-12-24 08:00:00,11.84,11.88,11.81,11.83,2100.314822
2025-12-24 09:00:00,11.84,11.87,11.84,11.85,787.474198
2025-12-24 10:00:00,11.85,11.91,11.85,11.89,1802.270262
2025-12-24 11:00:00,11.9,11.95,11.9,11.93,1514.431615
2025-12-24 12:00:00,11.93,11.98,11.92,11.98,727.998748
2025-12-24 13:00:00,11.97,11.97,11.92,11.94,1318.992796
2025-12-24 14:00:00,11.95,11.99,11.82,11.92,2926.088191
2025-12-24 15:00:00,11.93,11.99,11.88,11.97,2231.227741
2025-12-24 16:00:00,11.98,12.04,11.93,11.98,1659.318293
2025-12-24 17:00:00,11.99,12.04,11.97,11.97,1298.059282
2025-12-24 18:00:00,11.97,12.0,11.96,11.98,188.964352
2025-12-24 19:00:00,11.98,11.99,11.95,11.98,193.523923
2025-12-24 20:00:00,12.0,12.02,11.98,12.01,119.159339
2025-12-24 21:00:00,12.0,12.03,11.99,12.01,450.95456
2025-12-24 22:00:00,12.02,12.09,12.01,12.06,557.940756
2025-12-24 23:00:00,12.07,12.08,12.02,12.02,454.547537
2025-12-25 00:00:00,12.03,12.06,12.0,12.0,10209.620402
2025-12-25 01:00:00,12.0,12.06,12.0,12.03,575.140169
2025-12-25 02:00:00,12.04,12.13,12.01,12.13,4255.630257
2025-12-25 03:00:00,12.13,12.14,12.06,12.06,1762.02547
2025-12-25 04:00:00,12.07,12.1,12.06,12.08,1283.183219
2025-12-25 05:00:00,12.09,12.09,12.05,12.06,633.911645
2025-12-25 06:00:00,12.06,12.09,12.05,12.09,1170.98634
2025-12-25 07:00:00,12.09,12.09,12.03,12.06,841.341301
2025-12-25 08:00:00,12.06,12.13,12.04,12.07,2497.820886
2025-12-25 09:00:00,12.07,12.07,12.01,12.03,425.476646
2025-12-25 10:00:00,12.02,12.02,11.88,11.9,5006.724002
2025-12-25 11:00:00,11.91,11.94,11.9,11.93,1824.550165
2025-12-25 12:00:00,11.92,11.95,11.92,11.95,626.836918
2025-12-25 13:00:00,11.95,11.96,11.9,11.93,3649.0996
2025-12-25 14:00:00,11.92,11.92,11.87,11.92,1051.914931
2025-12-25 15:00:00,11.93,12.06,11.9,12.01,6697.485306
2025-12-25 16:00:00,12.02,12.07,11.97,11.99,2985.332263
2025-12-25 17:00:00,11.98,11.99,11.92,11.94,703.012882
2025-12-25 18:00:00,11.93,12.0,11.93,11.95,13245.077238
2025-12-25 19:00:00,11.95,11.95,11.91,11.95,834.230975
2025-12-25 20:00:00,11.95,11.96,11.91,11.94,830.933141
2025-12-25 21:00:00,11.94,11.96,11.93,11.93,361.313218
2025-12-25 22:00:00,11.94,11.94,11.69,11.76,11203.950659
2025-12-25 23:00:00,11.75,11.82,11.63,11.67,12083.499624
2025-12-26 00:00:00,11.66,11.74,11.61,11.73,3676.810087
2025-12-26 01:00:00,11.72,11.76,11.72,11.75,1407.199692
2025-12-26 02:00:00,11.75,12.02,11.75,11.95,11458.79258
2025-12-26 03:00:00,11.96,11.96,11.86,11.9,15806.521646
2025-12-26 04:00:00,11.88,11.93,11.84,11.89,4464.351431
2025-12-26 05:00:00,11.91,11.91,11.85,11.89,4728.183836
2025-12-26 06:00:00,11.89,11.91,11.87,11.9,3690.138916
2025-12-26 07:00:00,11.88,11.93,11.75,11.78,10774.487414
2025-12-26 08:00:00,11.78,11.81,11.74,11.78,5737.084501
2025-12-26 09:00:00,11.78,11.81,11.75,11.81,6696.003509
2025-12-26 10:00:00,11.81,11.88,11.81,11.87,3457.271713
2025-12-26 11:00:00,11.86,11.86,11.81,11.82,7330.569327
2025-12-26 12:00:00,11.83,11.89,11.82,11.88,2649.567167
2025-12-26 13:00:00,11.88,11.94,11.88,11.92,1017.991838
2025-12-26 14:00:00,11.92,11.93,11.68,11.71,8327.908604
2025-12-26 15:00:00,11.69,11.72,11.59,11.66,7599.46283
2025-12-26 16:00:00,11.66,11.69,11.55,11.56,4959.644941
2025-12-26 17:00:00,11.57,11.71,11.57,11.66,3415.117537
2025-12-26 18:00:00,11.66,11.72,11.66,11.7,977.931242
2025-12-26 19:00:00,11.72,11.75,11.7,11.75,457.264902
2025-12-26 20:00:00,11.75,11.81,11.73,11.8,1290.975997
2025-12-26 21:00:00,11.79,11.79,11.7,11.7,14678.599638
2025-12-26 22:00:00,11.69,11.74,11.69,11.74,3912.979866
2025-12-26 23:00:00,11.74,11.76,11.7,11.7,3164.18255
2025-12-27 00:00:00,11.72,11.74,11.68,11.69,11270.19424
2025-12-27 01:00:00,11.7,11.73,11.66,11.73,6148.583964
2025-12-27 02:00:00,11.72,11.75,11.71,11.73,6665.029875
2025-12-27 03:00:00,11.72,11.78,11.7,11.77,3041.008646
2025-12-27 04:00:00,11.78,11.78,11.7,11.7,3766.410016
2025-12-27 05:00:00,11.71,11.71,11.69,11.71,1122.877068
2025-12-27 06:00:00,11.71,11.72,11.69,11.7,3086.797884
2025-12-27 07:00:00,11.71,11.74,11.71,11.71,342.660425
2025-12-27 08:00:00,11.71,11.72,11.69,11.69,1221.989382
2025-12-27 09:00:00,11.7,11.73,11.69,11.7,1280.127274
2025-12-27 10:00:00,11.7,11.72,11.66,11.71,1822.41151
2025-12-27 11:00:00,11.71,11.88,11.7,11.88,3718.231327
2025-12-27 12:00:00,11.88,11.88,11.85,11.85,2409.986259
2025-12-27 13:00:00,11.85,11.85,11.77,11.81,859.772929
2025-12-27 14:00:00,11.82,11.83,11.8,11.8,914.812009
2025-12-27 15:00:00,11.8,11.86,11.78,11.84,981.106664
2025-12-27 16:00:00,11.84,11.97,11.84,11.89,6431.069163
2025-12-27 17:00:00,11.88,11.9,11.85,11.88,1414.42068
2025-12-27 18:00:00,11.89,11.9,11.83,11.87,2643.544303
2025-12-27 19:00:00,11.86,11.89,11.85,11.88,533.050444
2025-12-27 20:00:00,11.89,11.91,11.89,11.9,206.86957
2025-12-27 21:00:00,11.92,12.02,11.91,11.99,11434.677562
2025-12-27 22:00:00,11.99,12.16,11.99,12.04,34777.877758
2025-12-27 23:00:00,12.04,12.28,12.04,12.23,14123.727661
2025-12-28 00:00:00,12.23,12.32,12.1,12.1,28789.626597
2025-12-28 01:00:00,12.12,12.14,12.05,12.07,10097.995056
2025-12-28 02:00:00,12.07,12.16,12.07,12.15,1520.645061
2025-12-28 03:00:00,12.15,12.18,12.12,12.16,1610.666105
2025-12-28 04:00:00,12.16,12.18,12.15,12.18,1729.808658
2025-12-28 05:00:00,12.17,12.22,12.15,12.17,3381.341746
2025-12-28 06:00:00,12.17,12.25,12.17,12.24,3739.820664
2025-12-28 07:00:00,12.24,12.27,12.22,12.26,8076.44323
2025-12-28 08:00:00,12.26,12.3,12.23,12.27,9588.401093
2025-12-28 09:00:00,12.25,12.26,12.17,12.19,6796.347338
2025-12-28 10:00:00,12.19,12.25,12.19,12.21,5190.632703
2025-12-28 11:00:00,12.23,12.25,12.18,12.2,8442.18184
2025-12-28 12:00:00,12.21,12.23,12.15,12.17,5499.930817
2025-12-28 13:00:00,12.17,12.22,12.17,12.19,5340.218341
2025-12-28 14:00:00,12.19,12.26,12.19,12.23,9971.361583
2025-12-28 15:00:00,12.22,12.29,12.22,12.27,6197.368187
2025-12-28 16:00:00,12.27,12.3,12.21,12.22,7385.381958
2025-12-28 17:00:00,12.23,12.28,12.23,12.25,3536.114757
2025-12-28 18:00:00,12.26,12.26,12.09,12.1,8761.372477
2025-12-28 19:00:00,12.1,12.12,12.05,12.06,2051.391486
2025-12-28 20:00:00,12.06,12.09,12.04,12.06,716.103724
2025-12-28 21:00:00,12.06,12.07,12.02,12.06,2454.238702
2025-12-28 22:00:00,12.07,12.2,12.04,12.16,5956.04688
2025-12-28 23:00:00,12.16,12.2,12.1,12.2,1612.721469
2025-12-29 00:00:00,12.21,12.35,12.18,12.31,4216.20129
2025-12-29 01:00:00,12.31,12.39,12.17,12.32,3193.617095
2025-12-29 02:00:00,12.33,12.45,12.33,12.34,11115.552997
2025-12-29 03:00:00,12.34,12.45,12.33,12.44,4123.727319
2025-12-29 04:00:00,12.44,12.51,12.41,12.44,4006.672728
2025-12-29 05:00:00,12.43,12.44,12.35,12.39,15536.926419
2025-12-29 06:00:00,12.39,12.43,12.33,12.33,2275.185856
2025-12-29 07:00:00,12.34,12.37,12.27,12.34,13226.710473
2025-12-29 08:00:00,12.34,12.36,12.28,12.28,2111.648625
2025-12-29 09:00:00,12.29,12.29,12.04,12.15,7429.863447
2025-12-29 10:00:00,12.15,12.22,12.14,12.2,2599.194159
2025-12-29 11:00:00,12.2,12.21,12.14,12.15,2723.630235
2025-12-29 12:00:00,12.13,12.14,11.92,12.03,10944.890863
2025-12-29 13:00:00,12.02,12.04,11.93,11.94,1343.398922
2025-12-29 14:00:00,11.94,12.05,11.89,11.91,5110.974665
2025-12-29 15:00:00,11.92,12.08,11.89,12.03,4335.939548
2025-12-29 16:00:00,12.03,12.06,11.97,12.03,8791.713048
2025-12-29 17:00:00,12.0,12.02,11.93,12.0,1223.378981
2025-12-29 18:00:00,12.01,12.03,11.89,11.91,3362.996986
2025-12-29 19:00:00,11.91,11.98,11.89,11.92,3673.624604
2025-12-29 20:00:00,11.91,11.95,11.88,11.91,3766.678945
2025-12-29 21:00:00,11.91,12.0,11.91,11.99,1611.574018
2025-12-29 22:00:00,11.98,11.98,11.94,11.95,2453.883112
2025-12-29 23:00:00,11.95,11.97,11.92,11.94,4200.340186
2025-12-30 00:00:00,11.93,11.96,11.88,11.94,4539.257817
2025-12-30 01:00:00,11.94,11.95,11.9,11.93,4220.994735
2025-12-30 02:00:00,11.93,11.95,11.88,11.91,2758.264659
2025-12-30 03:00:00,11.9,11.97,11.86,11.96,5441.323495
2025-12-30 04:00:00,11.96,12.01,11.95,11.96,8341.93319
2025-12-30 05:00:00,11.95,11.95,11.84,11.87,4728.707035
2025-12-30 06:00:00,11.86,11.93,11.86,11.88,4063.071265
2025-12-30 07:00:00,11.87,11.92,11.86,11.91,6202.02474
2025-12-30 08:00:00,11.91,12.07,11.91,11.98,7113.475188
2025-12-30 09:00:00,11.98,12.01,11.97,12.0,1393.220467
2025-12-30 10:00:00,12.01,12.02,11.98,11.99,1044.825273
2025-12-30 11:00:00,11.99,12.01,11.98,11.99,746.432636
2025-12-30 12:00:00,12.0,12.01,11.97,11.98,1645.313065
2025-12-30 13:00:00,11.97,12.02,11.97,12.02,1643.008545
2025-12-30 14:00:00,12.01,12.03,11.87,12.0,12123.352596
2025-12-30 15:00:00,12.01,12.01,11.91,12.01,3583.478335
2025-12-30 16:00:00,12.01,12.05,11.95,11.97,7783.908125
2025-12-30 17:00:00,11.97,11.99,11.88,11.95,1238.207178
2025-12-30 18:00:00,11.94,11.97,11.9,11.92,1271.439877
2025-12-30 19:00:00,11.92,11.95,11.87,11.95,2746.804248
2025-12-30 20:00:00,11.94,11.94,11.84,11.85,1387.50667
2025-12-30 21:00:00,11.84,11.88,11.84,11.85,2596.1567
2025-12-30 22:00:00,11.84,11.87,11.82,11.86,8651.629463
2025-12-30 23:00:00,11.85,11.89,11.85,11.89,4230.754081
2025-12-31 00:00:00,11.88,11.88,11.82,11.84,1649.093278
2025-12-31 01:00:00,11.85,11.95,11.85,11.91,1704.609483
2025-12-31 02:00:00,11.91,11.92,11.88,11.89,1237.591544
2025-12-31 03:00:00,11.9,11.91,11.84,11.86,2479.008136
2025-12-31 04:00:00,11.86,11.86,11.83,11.84,654.843214
2025-12-31 05:00:00,11.82,11.86,11.81,11.84,8527.82437
2025-12-31 06:00:00,11.84,11.86,11.83,11.84,3141.715694
2025-12-31 07:00:00,11.84,11.85,11.82,11.85,1606.653052
2025-12-31 08:00:00,11.86,11.9,11.8,11.81,14358.781784
2025-12-31 09:00:00,11.81,11.83,11.79,11.83,6756.543629
2025-12-31 10:00:00,11.83,11.83,11.77,11.8,37272.647765
2025-12-31 11:00:00,11.81,11.9,11.81,11.89,5884.848437
2025-12-31 12:00:00,11.88,11.88,11.78,11.81,9872.907272
2025-12-31 13:00:00,11.8,11.84,11.77,11.79,2145.101329
2025-12-31 14:00:00,11.79,11.87,11.75,11.79,2914.874328
2025-12-31 15:00:00,11.79,11.8,11.69,11.72,3105.187817
2025-12-31 16:00:00,11.73,11.75,11.47,11.56,47416.653582
2025-12-31 17:00:00,11.54,11.54,11.36,11.41,28546.406752
2025-12-31 18:00:00,11.41,11.44,11.31,11.42,9739.30997
2025-12-31 19:00:00,11.4,11.48,11.39,11.39,1863.184101
2025-12-31 20:00:00,11.38,11.53,11.33,11.49,6777.838616
2025-12-31 21:00:00,11.48,11.53,11.47,11.5,4643.069447
2025-12-31 22:00:00,11.5,11.54,11.48,11.5,8118.313585
2025-12-31 23:00:00,11.49,11.52,11.47,11.48,12612.467753
2026-01-01 00:00:00,11.48,11.56,11.48,11.52,2213.353475
2026-01-01 01:00:00,11.52,11.59,11.52,11.54,5325.402571
2026-01-01 02:00:00,11.53,11.55,11.53,11.55,11257.559436
2026-01-01 03:00:00,11.54,11.56,11.48,11.49,5208.252439
2026-01-01 04:00:00,11.48,11.51,11.46,11.49,5729.126482
2026-01-01 05:00:00,11.48,11.57,11.48,11.56,4948.314308
2026-01-01 06:00:00,11.57,11.58,11.54,11.57,4306.76191
2026-01-01 07:00:00,11.57,11.61,11.54,11.55,12236.983403
2026-01-01 08:00:00,11.55,11.6,11.53,11.6,1957.741494
2026-01-01 09:00:00,11.6,11.66,11.6,11.63,2577.253335
2026-01-01 10:00:00,11.62,11.63,11.61,11.62,986.56905
2026-01-01 11:00:00,11.62,11.65,11.6,11.65,485.196718
2026-01-01 12:00:00,11.65,11.65,11.59,11.6,753.472734
2026-01-01 13:00:00,11.59,11.7,11.59,11.7,1731.276448
2026-01-01 14:00:00,11.71,11.78,11.69,11.76,5391.870182
2026-01-01 15:00:00,11.75,11.92,11.74,11.89,7769.06164
2026-01-01 16:00:00,11.9,12.01,11.89,11.91,14504.897329
2026-01-01 17:00:00,11.93,12.05,11.93,11.97,19571.935753
2026-01-01 18:00:00,12.0,12.01,11.93,11.93,1930.132046
2026-01-01 19:00:00,11.95,12.07,11.95,12.07,2506.417021
2026-01-01 20:00:00,12.07,12.13,12.04,12.06,2804.174074
2026-01-01 21:00:00,12.07,12.08,11.99,12.02,2541.201963
2026-01-01 22:00:00,12.03,12.12,12.02,12.12,8587.323219
2026-01-01 23:00:00,12.12,12.15,12.02,12.07,14339.398868
2026-01-02 00:00:00,12.06,12.1,11.99,12.01,5775.90723
2026-01-02 01:00:00,12.02,12.03,11.95,11.95,2406.830278
2026-01-02 02:00:00,11.96,11.99,11.91,11.98,9168.563738
2026-01-02 03:00:00,11.99,12.2,11.96,12.19,8805.319318
2026-01-02 04:00:00,12.2,12.22,12.09,12.1,4805.860505
2026-01-02 05:00:00,12.11,12.11,12.01,12.1,14821.987808
2026-01-02 06:00:00,12.09,12.12,12.07,12.08,21103.073224
2026-01-02 07:00:00,12.09,12.1,12.0,12.01,1565.759861
2026-01-02 08:00:00,12.02,12.09,12.01,12.09,7376.581419
2026-01-02 09:00:00,12.09,12.35,12.09,12.28,15692.654694
2026-01-02 10:00:00,12.3,12.31,12.24,12.26,14879.111681
2026-01-02 11:00:00,12.26,12.26,12.11,12.14,6434.7059
2026-01-02 12:00:00,12.14,12.27,12.11,12.26,3381.415053
2026-01-02 13:00:00,12.26,12.26,12.18,12.18,3613.340919
2026-01-02 14:00:00,12.18,12.33,12.06,12.22,8999.418689
2026-01-02 15:00:00,12.25,12.33,12.13,12.23,8553.073376
2026-01-02 16:00:00,12.24,12.47,12.22,12.47,16450.260393
2026-01-02 17:00:00,12.48,12.51,12.35,12.39,12743.904122
2026-01-02 18:00:00,12.38,12.46,12.29,12.34,5823.817769
2026-01-02 19:00:00,12.35,12.43,12.34,12.42,1226.643775
2026-01-02 20:00:00,12.44,12.46,12.39,12.42,1809.654276
2026-01-02 21:00:00,12.41,12.55,12.41,12.53,20462.330149
2026-01-02 22:00:00,12.54,12.61,12.52,12.58,9610.762495
2026-01-02 23:00:00,12.57,12.58,12.5,12.54,2795.041072
2026-01-03 00:00:00,12.53,12.6,12.5,12.56,4607.583842
2026-01-03 01:00:00,12.55,12.64,12.52,12.62,5970.444887
2026-01-03 02:00:00,12.61,12.63,12.57,12.62,7936.584434
2026-01-03 03:00:00,12.63,12.69,12.55,12.68,4039.169072
2026-01-03 04:00:00,12.67,12.68,12.57,12.6,1681.605243
2026-01-03 05:00:00,12.61,12.66,12.53,12.58,1932.743995
2026-01-03 06:00:00,12.58,12.64,12.43,12.46,4061.808093
2026-01-03 07:00:00,12.47,12.48,12.25,12.34,21815.8648
2026-01-03 08:00:00,12.33,12.45,12.31,12.42,3833.171808
2026-01-03 09:00:00,12.42,12.46,12.38,12.43,3857.178025
2026-01-03 10:00:00,12.43,12.44,12.39,12.4,5228.468423
2026-01-03 11:00:00,12.4,12.42,12.38,12.41,1792.653041
2026-01-03 12:00:00,12.41,12.45,12.38,12.44,2115.170988
2026-01-03 13:00:00,12.43,12.48,12.43,12.46,1037.951268
2026-01-03 14:00:00,12.46,12.49,12.42,12.44,2225.189616
2026-01-03 15:00:00,12.45,12.45,12.4,12.41,2176.399347
2026-01-03 16:00:00,12.42,12.64,12.41,12.58,6901.534813
2026-01-03 17:00:00,12.59,12.59,12.51,12.54,1561.648562
2026-01-03 18:00:00,12.54,12.54,12.48,12.48,1352.65946
2026-01-03 19:00:00,12.52,12.52,12.48,12.48,377.428608
2026-01-03 20:00:00,12.49,12.52,12.44,12.5,1246.31587
2026-01-03 21:00:00,12.51,12.56,12.49,12.51,834.246347
2026-01-03 22:00:00,12.5,12.63,12.48,12.58,3580.553098
2026-01-03 23:00:00,12.6,12.62,12.56,12.56,588.070287
2026-01-04 00:00:00,12.56,12.68,12.56,12.64,4761.450192
2026-01-04 01:00:00,12.65,12.66,12.6,12.64,11376.462969
2026-01-04 02:00:00,12.64,12.73,12.61,12.67,4954.866785
2026-01-04 03:00:00,12.67,12.83,12.66,12.71,10859.07281
2026-01-04 04:00:00,12.7,12.72,12.65,12.67,3061.825949
2026-01-04 05:00:00,12.68,12.76,12.67,12.76,13795.468137
2026-01-04 06:00:00,12.75,12.81,12.68,12.72,5761.945053
2026-01-04 07:00:00,12.72,12.8,12.71,12.77,1261.965445
2026-01-04 08:00:00,12.76,12.86,12.69,12.84,4966.728538
2026-01-04 09:00:00,12.83,12.9,12.81,12.82,5812.97452
2026-01-04 10:00:00,12.82,12.84,12.78,12.81,9796.306752
2026-01-04 11:00:00,12.82,12.82,12.77,12.8,3125.443279
2026-01-04 12:00:00,12.8,12.92,12.79,12.83,3089.842074
2026-01-04 13:00:00,12.82,12.84,12.74,12.84,2295.414551
2026-01-04 14:00:00,12.84,12.86,12.79,12.83,2750.869727
2026-01-04 15:00:00,12.84,12.87,12.79,12.86,2977.849404
2026-01-04 16:00:00,12.86,12.9,12.83,12.89,10684.629646
2026-01-04 17:00:00,12.88,12.93,12.86,12.91,3983.195628
2026-01-04 18:00:00,12.92,12.92,12.81,12.86,1607.299269
2026-01-04 19:00:00,12.86,12.86,12.7,12.79,7830.866683
2026-01-04 20:00:00,12.79,12.83,12.77,12.8,930.258994
2026-01-04 21:00:00,12.81,12.85,12.74,12.77,4217.142546
2026-01-04 22:00:00,12.77,12.86,12.77,12.79,11203.319013
2026-01-04 23:00:00,12.81,12.89,12.78,12.82,581.405922
2026-01-05 00:00:00,12.81,13.02,12.81,13.0,8146.85774
2026-01-05 01:00:00,13.0,13.17,12.96,13.09,4788.022893
2026-01-05 02:00:00,13.1,13.12,12.98,13.04,10922.407107
2026-01-05 03:00:00,13.03,13.05,12.98,12.98,3880.679612
2026-01-05 04:00:00,12.98,13.02,12.84,12.96,4395.566579
2026-01-05 05:00:00,12.95,13.06,12.93,12.94,3016.053447
2026-01-05 06:00:00,12.94,13.0,12.85,12.99,1865.464198
2026-01-05 07:00:00,12.96,13.03,12.93,13.02,1407.844958
2026-01-05 08:00:00,13.01,13.05,12.9,12.9,2978.292516
2026-01-05 09:00:00,12.9,12.91,12.79,12.85,9757.92546
2026-01-05 10:00:00,12.87,13.07,12.87,12.91,4898.23812
2026-01-05 11:00:00,12.9,12.92,12.85,12.92,6156.551747
2026-01-05 12:00:00,12.92,13.02,12.86,12.99,3321.268527
2026-01-05 13:00:00,12.98,12.99,12.85,12.88,1226.225904
2026-01-05 14:00:00,12.89,13.04,12.86,12.99,7066.575253
2026-01-05 15:00:00,13.0,13.18,12.91,13.12,5333.639236
2026-01-05 16:00:00,13.13,13.17,13.02,13.04,5200.856666
2026-01-05 17:00:00,13.06,13.18,12.94,13.15,14929.465942
2026-01-05 18:00:00,13.14,13.2,13.11,13.2,3891.992138
2026-01-05 19:00:00,13.18,13.22,13.09,13.09,18326.054801
2026-01-05 20:00:00,13.13,13.32,13.12,13.23,9600.601153
2026-01-05 21:00:00,13.21,13.26,13.21,13.24,948.149476
2026-01-05 22:00:00,13.25,13.42,13.25,13.35,4311.221417
2026-01-05 23:00:00,13.35,13.39,13.3,13.3,3781.594096
2026-01-06 00:00:00,13.3,13.34,13.14,13.3,46398.847459
2026-01-06 01:00:00,13.31,13.4,13.21,13.21,8104.911174
2026-01-06 02:00:00,13.23,13.27,13.18,13.22,1791.756471
2026-01-06 03:00:00,13.21,13.35,13.21,13.34,410.299897
2026-01-06 04:00:00,13.34,13.37,13.29,13.3,2874.306513
2026-01-06 05:00:00,13.29,13.32,13.24,13.25,768.643202
2026-01-06 06:00:00,13.25,13.38,13.21,13.31,3102.013727
2026-01-06 07:00:00,13.31,13.31,13.06,13.08,3225.138441
2026-01-06 08:00:00,13.09,13.17,13.05,13.06,2798.035059
2026-01-06 09:00:00,13.05,13.11,13.03,13.1,2326.885154
2026-01-06 10:00:00,13.09,13.15,13.09,13.13,2709.7754
2026-01-06 11:00:00,13.13,13.21,13.13,13.19,9986.824609
2026-01-06 12:00:00,13.2,13.31,13.19,13.31,7130.799954
2026-01-06 13:00:00,13.28,13.31,13.23,13.25,3380.436101
2026-01-06 14:00:00,13.26,13.54,13.26,13.37,16747.848284
2026-01-06 15:00:00,13.36,13.47,13.2,13.28,6822.401429
2026-01-06 16:00:00,13.28,13.3,12.97,13.06,15865.134022
2026-01-06 17:00:00,13.04,13.1,12.79,12.82,13316.791817
2026-01-06 18:00:00,12.8,13.0,12.78,12.98,7534.482281
2026-01-06 19:00:00,12.97,13.03,12.95,12.96,443.986873
2026-01-06 20:00:00,12.98,13.13,12.98,13.13,975.581461
2026-01-06 21:00:00,13.09,13.39,13.05,13.32,4581.643101
2026-01-06 22:00:00,13.34,13.35,13.24,13.29,5086.158727
2026-01-06 23:00:00,13.29,13.37,13.29,13.37,2159.911447
2026-01-07 00:00:00,13.36,13.36,13.06,13.06,5775.579085
2026-01-07 01:00:00,13.08,13.13,12.99,13.02,4292.434806
2026-01-07 02:00:00,13.02,13.11,12.99,13.1,3693.495493
2026-01-07 03:00:00,13.1,13.14,13.07,13.08,1675.075539
2026-01-07 04:00:00,13.09,13.12,13.03,13.04,1452.466349
2026-01-07 05:00:00,13.04,13.13,13.02,13.04,1257.984091
2026-01-07 06:00:00,13.05,13.09,13.02,13.03,959.643848
2026-01-07 07:00:00,13.03,13.2,13.03,13.19,11401.250827
2026-01-07 08:00:00,13.21,13.31,13.16,13.26,5693.863083
2026-01-07 09:00:00,13.26,13.26,12.96,12.99,13727.502006
2026-01-07 10:00:00,12.99,13.05,12.98,13.02,2313.343407
2026-01-07 11:00:00,13.02,13.06,13.01,13.06,1986.667154
2026-01-07 12:00:00,13.06,13.07,12.98,12.98,2154.865797
2026-01-07 13:00:00,12.98,13.03,12.9,12.92,7032.916432
2026-01-07 14:00:00,12.9,12.96,12.74,12.93,9841.23456
2026-01-07 15:00:00,12.93,12.93,12.7,12.75,11935.720094
2026-01-07 16:00:00,12.75,12.84,12.71,12.79,3239.497157
2026-01-07 17:00:00,12.78,12.86,12.76,12.77,1645.08917
2026-01-07 18:00:00,12.79,12.88,12.76,12.78,3758.346025
2026-01-07 19:00:00,12.81,12.86,12.72,12.85,845.289357
2026-01-07 20:00:00,12.84,12.85,12.76,12.81,358.081957
2026-01-07 21:00:00,12.82,12.83,12.79,12.79,7924.084477
2026-01-07 22:00:00,12.79,12.9,12.75,12.79,7676.969949
2026-01-07 23:00:00,12.81,12.93,12.75,12.88,1821.681861
2026-01-08 00:00:00,12.89,12.92,12.84,12.92,1667.490847
2026-01-08 01:00:00,12.91,12.96,12.87,12.96,4508.131046
2026-01-08 02:00:00,12.95,12.96,12.84,12.86,8996.189567
2026-01-08 03:00:00,12.86,12.93,12.76,12.79,4171.728531
2026-01-08 04:00:00,12.78,12.9,12.75,12.87,4569.203643
2026-01-08 05:00:00,12.87,12.93,12.83,12.83,1315.838697
2026-01-08 06:00:00,12.83,12.84,12.57,12.58,6787.955463
2026-01-08 07:00:00,12.56,12.74,12.47,12.7,10665.251129
2026-01-08 08:00:00,12.69,12.74,12.58,12.6,3941.206966
2026-01-08 09:00:00,12.6,12.64,12.51,12.53,10048.052303
2026-01-08 10:00:00,12.53,12.62,12.45,12.62,7900.249486
2026-01-08 11:00:00,12.61,12.61,12.47,12.54,4839.034507
2026-01-08 12:00:00,12.54,12.55,12.42,12.43,3500.28796
2026-01-08 13:00:00,12.44,12.49,12.41,12.46,2603.119824
2026-01-08 14:00:00,12.44,12.49,12.34,12.48,4770.838947
2026-01-08 15:00:00,12.44,12.66,12.41,12.66,15291.856676
2026-01-08 16:00:00,12.64,12.67,12.49,12.55,4389.455897
2026-01-08 17:00:00,12.6,12.66,12.56,12.65,1702.406121
2026-01-08 18:00:00,12.63,12.64,12.55,12.55,439.279323
2026-01-08 19:00:00,12.56,12.6,12.51,12.54,964.269273
2026-01-08 20:00:00,12.54,12.56,12.46,12.55,532.515478
2026-01-08 21:00:00,12.55,12.66,12.55,12.66,225.24485
2026-01-08 22:00:00,12.65,12.73,12.59,12.66,3686.505486
2026-01-08 23:00:00,12.66,12.67,12.61,12.61,662.575754
2026-01-09 00:00:00,12.61,12.64,12.59,12.62,944.391675
2026-01-09 01:00:00,12.64,12.73,12.54,12.58,4660.364025
2026-01-09 02:00:00,12.6,12.69,12.57,12.6,3081.690872
2026-01-09 03:00:00,12.61,12.72,12.6,12.72,1225.184937
2026-01-09 04:00:00,12.72,12.72,12.67,12.69,2056.515188
2026-01-09 05:00:00,12.69,12.72,12.64,12.7,798.282893
2026-01-09 06:00:00,12.7,12.75,12.7,12.74,543.051211
2026-01-09 07:00:00,12.74,12.74,12.71,12.72,4815.915462
2026-01-09 08:00:00,12.72,12.72,12.49,12.55,5596.330639
2026-01-09 09:00:00,12.55,12.64,12.55,12.58,7514.064958
2026-01-09 10:00:00,12.59,12.62,12.57,12.62,4535.449542
2026-01-09 11:00:00,12.62,12.64,12.6,12.6,686.048256
2026-01-09 12:00:00,12.6,12.62,12.54,12.57,1086.800303
2026-01-09 13:00:00,12.56,12.72,12.56,12.69,6034.669372
2026-01-09 14:00:00,12.69,12.69,12.52,12.57,2993.724156
2026-01-09 15:00:00,12.58,12.87,12.5,12.75,9343.107087
2026-01-09 16:00:00,12.76,12.95,12.76,12.85,3243.864359
2026-01-09 17:00:00,12.85,12.85,12.68,12.79,2531.00585
2026-01-09 18:00:00,12.79,12.79,12.56,12.67,1528.131352
2026-01-09 19:00:00,12.67,12.67,12.51,12.53,698.730752
2026-01-09 20:00:00,12.52,12.61,12.52,12.55,1064.143527
2026-01-09 21:00:00,12.56,12.64,12.52,12.62,1776.324662
2026-01-09 22:00:00,12.62,12.65,12.58,12.64,795.670884
2026-01-09 23:00:00,12.64,12.65,12.59,12.59,609.41859
2026-01-10 00:00:00,12.61,12.61,12.54,12.56,654.899449
2026-01-10 01:00:00,12.58,12.62,12.56,12.61,153.718697
2026-01-10 02:00:00,12.61,12.62,12.54,12.56,294.552492
2026-01-10 03:00:00,12.56,12.56,12.51,12.55,657.293919
2026-01-10 04:00:00,12.56,12.56,12.5,12.52,578.071868
2026-01-10 05:00:00,12.52,12.53,12.5,12.5,304.266857
2026-01-10 06:00:00,12.51,12.53,12.46,12.51,10883.866863
2026-01-10 07:00:00,12.54,12.6,12.54,12.59,2677.504148
2026-01-10 08:00:00,12.59,12.61,12.57,12.58,555.159643
2026-01-10 09:00:00,12.59,12.64,12.59,12.63,930.470289
2026-01-10 10:00:00,12.62,12.62,12.56,12.6,8449.850109
2026-01-10 11:00:00,12.61,12.65,12.59,12.65,1216.266578
2026-01-10 12:00:00,12.65,12.72,12.62,12.7,1643.089173
2026-01-10 13:00:00,12.69,12.72,12.68,12.68,2528.776388
2026-01-10 14:00:00,12.69,12.69,12.62,12.63,1133.056358
2026-01-10 15:00:00,12.64,12.66,12.61,12.64,455.47769
2026-01-10 16:00:00,12.63,12.64,12.59,12.59,348.161408
2026-01-10 17:00:00,12.6,12.64,12.54,12.55,646.708773
2026-01-10 18:00:00,12.55,12.59,12.53,12.59,451.228989
2026-01-10 19:00:00,12.59,12.67,12.58,12.67,299.418423
2026-01-10 20:00:00,12.67,12.68,12.63,12.64,572.897373
2026-01-10 21:00:00,12.64,12.64,12.56,12.56,397.6683
2026-01-10 22:00:00,12.56,12.57,12.5,12.5,1288.12416
2026-01-10 23:00:00,12.5,12.56,12.5,12.56,781.522465
2026-01-11 00:00:00,12.55,12.56,12.52,12.55,241.066039
2026-01-11 01:00:00,12.56,12.56,12.52,12.55,918.474519
2026-01-11 02:00:00,12.55,12.57,12.53,12.53,549.895311
2026-01-11 03:00:00,12.53,12.57,12.52,12.56,462.482896
2026-01-11 04:00:00,12.56,12.57,12.53,12.56,1158.092372
2026-01-11 05:00:00,12.57,12.57,12.51,12.51,2721.205649
2026-01-11 06:00:00,12.53,12.56,12.5,12.56,437.046421
2026-01-11 07:00:00,12.56,12.56,12.53,12.54,983.077804
2026-01-11 08:00:00,12.54,12.55,12.51,12.54,2508.675788
2026-01-11 09:00:00,12.54,12.56,12.53,12.55,732.42642
2026-01-11 10:00:00,12.55,12.56,12.53,12.54,2498.848084
2026-01-11 11:00:00,12.54,12.55,12.53,12.55,1346.286383
2026-01-11 12:00:00,12.55,12.62,12.55,12.61,1876.109895
2026-01-11 13:00:00,12.6,12.6,12.52,12.53,1008.205579
2026-01-11 14:00:00,12.53,12.59,12.52,12.58,1025.294607
2026-01-11 15:00:00,12.56,12.56,12.41,12.45,3604.939456
2026-01-11 16:00:00,12.45,12.58,12.42,12.52,2836.628181
2026-01-11 17:00:00,12.53,12.56,12.47,12.55,1638.545494
2026-01-11 18:00:00,12.55,12.55,12.49,12.52,3631.330647
2026-01-11 19:00:00,12.52,12.54,12.46,12.49,9203.48152
2026-01-11 20:00:00,12.46,12.47,12.35,12.4,3144.60227
2026-01-11 21:00:00,12.38,12.4,12.31,12.4,6932.507076
2026-01-11 22:00:00,12.39,12.39,12.27,12.31,4425.592664
2026-01-11 23:00:00,12.3,12.39,12.2,12.37,3437.346859
2026-01-12 00:00:00,12.36,12.43,12.27,12.42,5544.572676
2026-01-12 01:00:00,12.43,12.57,12.41,12.49,2979.48309
2026-01-12 02:00:00,12.5,12.65,12.49,12.65,5596.370745
2026-01-12 03:00:00,12.66,12.71,12.55,12.55,7747.578115
2026-01-12 04:00:00,12.55,12.62,12.52,12.6,2804.575289
2026-01-12 05:00:00,12.61,12.63,12.57,12.58,1633.826217
2026-01-12 06:00:00,12.56,12.59,12.47,12.47,1706.772371
2026-01-12 07:00:00,12.49,12.54,12.34,12.36,6244.429368
2026-01-12 08:00:00,12.36,12.41,12.23,12.32,7115.511754
2026-01-12 09:00:00,12.32,12.34,12.29,12.31,917.22746
2026-01-12 10:00:00,12.31,12.32,12.27,12.27,1524.703292
2026-01-12 11:00:00,12.3,12.34,12.29,12.32,585.678699
2026-01-12 12:00:00,12.31,12.33,12.26,12.27,389.873335
2026-01-12 13:00:00,12.26,12.28,12.16,12.18,4978.834451
2026-01-12 14:00:00,12.19,12.34,12.11,12.29,3427.135912
2026-01-12 15:00:00,12.29,12.39,12.26,12.38,3450.368314
2026-01-12 16:00:00,12.39,12.49,12.35,12.41,2166.830284
2026-01-12 17:00:00,12.4,12.43,12.27,12.3,2138.239356
2026-01-12 18:00:00,12.31,12.37,12.27,12.3,463.193429
2026-01-12 19:00:00,12.3,12.35,12.26,12.34,407.270406
2026-01-12 20:00:00,12.35,12.38,12.27,12.27,776.55911
2026-01-12 21:00:00,12.28,12.28,12.17,12.2,1583.653286
2026-01-12 22:00:00,12.22,12.28,12.22,12.26,3122.2606
2026-01-12 23:00:00,12.26,12.29,12.23,12.26,454.132248
2026-01-13 00:00:00,12.27,12.31,12.26,12.3,1913.611374
2026-01-13 01:00:00,12.3,12.33,12.24,12.28,2545.953121
2026-01-13 02:00:00,12.3,12.35,12.3,12.31,1470.39274
2026-01-13 03:00:00,12.3,12.36,12.29,12.34,1322.450019
2026-01-13 04:00:00,12.34,12.38,12.34,12.38,3789.684109
2026-01-13 05:00:00,12.39,12.53,12.38,12.45,2878.853008
2026-01-13 06:00:00,12.46,12.52,12.45,12.51,4995.79752
2026-01-13 07:00:00,12.52,12.52,12.42,12.43,1044.758681
2026-01-13 08:00:00,12.43,12.52,12.42,12.51,887.066301
2026-01-13 09:00:00,12.51,12.55,12.47,12.49,4878.103641
2026-01-13 10:00:00,12.49,12.53,12.48,12.53,1271.583372
2026-01-13 11:00:00,12.53,12.62,12.51,12.59,6874.255921
2026-01-13 12:00:00,12.58,12.66,12.56,12.65,12962.575059
2026-01-13 13:00:00,12.67,12.78,12.64,12.71,13244.262363
2026-01-13 14:00:00,12.73,12.98,12.72,12.82,17134.87033
2026-01-13 15:00:00,12.83,13.09,12.81,13.08,15380.867989
2026-01-13 16:00:00,13.08,13.2,13.07,13.16,12209.292246
2026-01-13 17:00:00,13.19,13.19,12.99,13.02,6767.702574
2026-01-13 18:00:00,13.02,13.07,12.94,12.95,3438.435868
2026-01-13 19:00:00,12.95,13.05,12.92,13.03,1481.584268
2026-01-13 20:00:00,13.04,13.07,12.94,13.0,7993.112222
2026-01-13 21:00:00,13.01,13.1,13.0,13.09,3569.185923
2026-01-13 22:00:00,13.11,13.5,13.11,13.43,37096.391576
2026-01-13 23:00:00,13.44,13.5,13.26,13.28,4840.501045
2026-01-14 00:00:00,13.3,13.4,13.29,13.33,8455.696126
2026-01-14 01:00:00,13.32,13.37,13.31,13.35,14608.494458
2026-01-14 02:00:00,13.36,13.41,13.27,13.28,9764.357922
2026-01-14 03:00:00,13.28,13.34,13.23,13.33,3907.389934
2026-01-14 04:00:00,13.35,13.37,13.26,13.3,3578.353203
2026-01-14 05:00:00,13.28,13.28,13.19,13.25,4966.900545
2026-01-14 06:00:00,13.24,13.28,13.15,13.28,6646.954857
2026-01-14 07:00:00,13.29,13.31,13.22,13.23,7776.974174
2026-01-14 08:00:00,13.24,13.3,13.24,13.27,6366.59574
2026-01-14 09:00:00,13.26,13.3,13.25,13.27,3926.866111
2026-01-14 10:00:00,13.28,13.31,13.17,13.2,5901.663108
2026-01-14 11:00:00,13.19,13.19,13.09,13.11,3256.352003
2026-01-14 12:00:00,13.12,13.16,13.1,13.12,1250.628604
2026-01-14 13:00:00,13.11,13.16,13.09,13.1,7853.145363
2026-01-14 14:00:00,13.11,13.35,13.11,13.26,12084.064305
2026-01-14 15:00:00,13.26,13.42,13.2,13.36,8712.685581
2026-01-14 16:00:00,13.37,13.51,13.34,13.36,8269.261469
2026-01-14 17:00:00,13.36,13.39,13.21,13.24,6248.878174
2026-01-14 18:00:00,13.23,13.27,13.07,13.16,1733.118386
2026-01-14 19:00:00,13.16,13.35,13.15,13.26,5327.160012
2026-01-14 20:00:00,13.27,13.35,13.23,13.27,984.302956
2026-01-14 21:00:00,13.27,13.32,13.22,13.27,1290.656756
2026-01-14 22:00:00,13.26,13.27,13.09,13.13,10574.905988
2026-01-14 23:00:00,13.15,13.25,13.15,13.21,1721.782629
2026-01-15 00:00:00,13.21,13.21,13.06,13.08,8260.313043
2026-01-15 01:00:00,13.09,13.18,13.07,13.07,3818.238321
2026-01-15 02:00:00,13.07,13.09,12.98,13.01,6915.944338
2026-01-15 03:00:00,13.01,13.03,12.81,12.86,17079.752435
2026-01-15 04:00:00,12.87,12.98,12.86,12.97,3136.059204
2026-01-15 05:00:00,12.97,13.01,12.95,13.0,2128.479735
2026-01-15 06:00:00,12.99,13.02,12.94,12.96,751.9021
2026-01-15 07:00:00,12.96,13.07,12.96,13.04,3499.868625
2026-01-15 08:00:00,13.03,13.04,12.95,12.98,1946.924578
2026-01-15 09:00:00,12.97,13.07,12.92,13.04,3236.39164
2026-01-15 10:00:00,13.05,13.05,12.95,12.98,1912.303525
2026-01-15 11:00:00,12.97,13.01,12.96,12.97,11756.056748
2026-01-15 12:00:00,12.98,13.04,12.98,13.04,1531.939506
2026-01-15 13:00:00,13.04,13.07,13.0,13.07,3419.791222
2026-01-15 14:00:00,13.08,13.09,12.89,12.93,7144.851487
2026-01-15 15:00:00,12.95,12.99,12.64,12.84,11735.386013
2026-01-15 16:00:00,12.83,12.86,12.74,12.81,8389.201695
2026-01-15 17:00:00,12.81,12.85,12.72,12.73,5972.468992
2026-01-15 18:00:00,12.74,12.74,12.58,12.59,7186.127527
2026-01-15 19:00:00,12.59,12.6,12.47,12.54,7433.472595
2026-01-15 20:00:00,12.54,12.57,12.44,12.47,2811.749954
2026-01-15 21:00:00,12.47,12.56,12.46,12.54,1215.832011
2026-01-15 22:00:00,12.55,12.64,12.55,12.61,14733.410459
2026-01-15 23:00:00,12.6,12.65,12.58,12.65,2196.127111
2026-01-16 00:00:00,12.64,12.67,12.61,12.61,2376.016613
2026-01-16 01:00:00,12.62,12.68,12.6,12.67,1739.778278
2026-01-16 02:00:00,12.65,12.7,12.56,12.69,10526.844625
2026-01-16 03:00:00,12.7,12.7,12.62,12.64,1126.500704
2026-01-16 04:00:00,12.63,12.66,12.53,12.55,5317.157593
2026-01-16 05:00:00,12.55,12.65,12.55,12.62,8023.29651
2026-01-16 06:00:00,12.63,12.63,12.6,12.63,2625.834072
2026-01-16 07:00:00,12.62,12.62,12.57,12.59,2839.217333
2026-01-16 08:00:00,12.59,12.61,12.58,12.59,2855.314983
2026-01-16 09:00:00,12.59,12.6,12.54,12.56,1187.36464
2026-01-16 10:00:00,12.56,12.57,12.53,12.54,3198.04658
2026-01-16 11:00:00,12.54,12.57,12.53,12.56,1960.610042
2026-01-16 12:00:00,12.56,12.57,12.54,12.55,1555.606248
2026-01-16 13:00:00,12.54,12.56,12.51,12.54,905.969945
2026-01-16 14:00:00,12.53,12.59,12.52,12.55,3712.104159
2026-01-16 15:00:00,12.53,12.59,12.24,12.33,13537.932679
2026-01-16 16:00:00,12.32,12.45,12.3,12.39,14807.634094
2026-01-16 17:00:00,12.4,12.47,12.36,12.47,3301.392337
2026-01-16 18:00:00,12.46,12.5,12.43,12.45,554.144067
2026-01-16 19:00:00,12.43,12.46,12.39,12.46,91.417766
2026-01-16 20:00:00,12.46,12.66,12.43,12.66,12857.973022
2026-01-16 21:00:00,12.67,12.86,12.66,12.8,12887.190948
2026-01-16 22:00:00,12.81,12.87,12.76,12.79,7132.706294
2026-01-16 23:00:00,12.8,12.8,12.76,12.76,1696.660917
2026-01-17 00:00:00,12.76,12.81,12.73,12.79,7128.126507
2026-01-17 01:00:00,12.8,12.88,12.79,12.81,5182.117298
2026-01-17 02:00:00,12.81,12.83,12.71,12.73,7989.155129
2026-01-17 03:00:00,12.74,12.75,12.7,12.74,2462.573829
2026-01-17 04:00:00,12.72,12.81,12.7,12.8,953.08702
2026-01-17 05:00:00,12.82,12.89,12.82,12.83,3828.113534
2026-01-17 06:00:00,12.84,12.87,12.81,12.84,823.278102
2026-01-17 07:00:00,12.83,12.93,12.8,12.93,1743.803757
2026-01-17 08:00:00,12.94,13.03,12.92,13.0,5037.657867
2026-01-17 09:00:00,13.0,13.01,12.9,12.91,6032.779384
2026-01-17 10:00:00,12.9,12.96,12.88,12.92,2195.060986
2026-01-17 11:00:00,12.91,12.91,12.83,12.85,1928.89088
2026-01-17 12:00:00,12.84,12.97,12.83,12.96,3991.315497
2026-01-17 13:00:00,12.96,13.04,12.96,13.04,5943.208614
2026-01-17 14:00:00,13.04,13.17,12.97,13.14,6589.967922
2026-01-17 15:00:00,13.14,13.2,13.05,13.08,5067.971054
2026-01-17 16:00:00,13.09,13.1,12.93,13.0,3274.925116
2026-01-17 17:00:00,13.0,13.05,12.95,12.98,437.633413
2026-01-17 18:00:00,12.99,13.02,12.95,12.98,1760.495187
2026-01-17 19:00:00,12.99,13.03,12.97,13.0,819.838858
2026-01-17 20:00:00,13.01,13.03,12.94,12.94,398.632863
2026-01-17 21:00:00,12.95,12.95,12.9,12.94,1858.828396
2026-01-17 22:00:00,12.95,12.95,12.83,12.87,5546.393494
2026-01-17 23:00:00,12.87,12.87,12.82,12.85,1159.394094
2026-01-18 00:00:00,12.85,12.93,12.85,12.87,1358.1573
2026-01-18 01:00:00,12.87,12.88,12.76,12.78,3749.818023
2026-01-18 02:00:00,12.79,12.82,12.75,12.8,2579.540326
2026-01-18 03:00:00,12.8,12.83,12.78,12.81,736.096778
2026-01-18 04:00:00,12.8,12.8,12.74,12.79,2002.322116
2026-01-18 05:00:00,12.77,12.78,12.75,12.76,1306.676537
2026-01-18 06:00:00,12.78,12.79,12.71,12.74,1776.355612
2026-01-18 07:00:00,12.73,12.77,12.67,12.76,1410.861853
2026-01-18 08:00:00,12.74,12.76,12.72,12.74,2803.682476
2026-01-18 09:00:00,12.74,12.78,12.74,12.77,3268.741413
2026-01-18 10:00:00,12.76,12.76,12.73,12.75,579.689443
2026-01-18 11:00:00,12.74,12.76,12.72,12.74,3899.883403
2026-01-18 12:00:00,12.74,12.79,12.71,12.71,382.705076
2026-01-18 13:00:00,12.71,12.75,12.69,12.72,8131.33872
2026-01-18 14:00:00,12.71,12.75,12.63,12.64,2636.667583
2026-01-18 15:00:00,12.63,12.73,12.6,12.73,980.333915
2026-01-18 16:00:00,12.74,12.76,12.71,12.72,1665.081846
2026-01-18 17:00:00,12.71,12.73,12.67,12.73,648.696045
2026-01-18 18:00:00,12.73,12.82,12.7,12.81,1537.15016
2026-01-18 19:00:00,12.81,12.82,12.72,12.74,2205.230684
2026-01-18 20:00:00,12.74,12.81,12.73,12.77,548.282567
2026-01-18 21:00:00,12.78,12.81,12.76,12.76,3279.074714
2026-01-18 22:00:00,12.76,12.79,12.72,12.79,12316.266808
2026-01-18 23:00:00,12.77,12.78,12.23,12.24,18274.750953
2026-01-19 00:00:00,12.23,12.23,11.06,11.77,359670.423395
2026-01-19 01:00:00,11.76,11.87,11.68,11.79,20198.538183
2026-01-19 02:00:00,11.78,11.89,11.78,11.89,12277.890698
2026-01-19 03:00:00,11.88,11.95,11.85,11.94,8986.253836
2026-01-19 04:00:00,11.93,11.93,11.87,11.88,3928.456391
2026-01-19 05:00:00,11.86,11.9,11.84,11.89,6503.47114
2026-01-19 06:00:00,11.88,11.91,11.84,11.87,1729.534609
2026-01-19 07:00:00,11.88,11.9,11.86,11.88,3990.115745
2026-01-19 08:00:00,11.87,11.99,11.84,11.95,8724.369757
2026-01-19 09:00:00,11.95,11.95,11.87,11.89,3191.721667
2026-01-19 10:00:00,11.88,11.92,11.87,11.91,2892.446036
2026-01-19 11:00:00,11.91,11.99,11.91,11.96,3702.540632
2026-01-19 12:00:00,11.96,11.99,11.88,11.9,11892.365589
2026-01-19 13:00:00,11.89,11.92,11.88,11.89,4864.242654
2026-01-19 14:00:00,11.9,11.97,11.87,11.93,863.194513
2026-01-19 15:00:00,11.95,11.96,11.91,11.92,1666.343945
2026-01-19 16:00:00,11.92,12.04,11.91,12.02,4630.020614
2026-01-19 17:00:00,11.99,11.99,11.95,11.97,602.577328
2026-01-19 18:00:00,11.95,11.98,11.93,11.96,517.600691
2026-01-19 19:00:00,11.97,12.12,11.97,12.07,1425.173375
2026-01-19 20:00:00,12.07,12.08,12.04,12.04,417.832788
2026-01-19 21:00:00,12.05,12.06,12.0,12.01,296.309684
2026-01-19 22:00:00,11.99,12.02,11.94,11.95,1370.716402
2026-01-19 23:00:00,11.94,12.06,11.94,12.03,11646.524656
2026-01-20 00:00:00,12.03,12.03,11.98,11.98,773.144503
2026-01-20 01:00:00,11.98,12.07,11.95,12.01,2658.859782
2026-01-20 02:00:00,12.0,12.07,11.97,12.06,1088.648597
2026-01-20 03:00:00,12.06,12.06,11.97,12.0,3008.538476
2026-01-20 04:00:00,11.99,11.99,11.95,11.97,4999.535887
2026-01-20 05:00:00,11.96,12.01,11.92,11.99,5704.765561
2026-01-20 06:00:00,11.96,11.96,11.83,11.86,12244.825855
2026-01-20 07:00:00,11.87,11.91,11.82,11.82,2568.129238
2026-01-20 08:00:00,11.81,11.82,11.71,11.79,6004.709338
2026-01-20 09:00:00,11.78,11.82,11.77,11.82,2812.394198
2026-01-20 10:00:00,11.83,11.89,11.79,11.81,3974.931676
2026-01-20 11:00:00,11.83,11.84,11.77,11.77,1832.890371
2026-01-20 12:00:00,11.76,11.82,11.76,11.82,1938.999131
2026-01-20 13:00:00,11.8,11.8,11.69,11.71,2780.797375
2026-01-20 14:00:00,11.71,11.86,11.71,11.77,7534.947282
2026-01-20 15:00:00,11.76,11.76,11.62,11.66,3047.919689
2026-01-20 16:00:00,11.68,11.71,11.54,11.54,6852.814137
2026-01-20 17:00:00,11.53,11.59,11.42,11.5,93707.085025
2026-01-20 18:00:00,11.5,11.52,11.43,11.48,3296.448427
2026-01-20 19:00:00,11.5,11.53,11.46,11.52,6284.821979
2026-01-20 20:00:00,11.51,11.58,11.47,11.57,5921.787582
2026-01-20 21:00:00,11.57,11.57,11.49,11.51,1611.570553
2026-01-20 22:00:00,11.51,11.53,11.35,11.52,10358.00616
2026-01-20 23:00:00,11.52,11.55,11.48,11.54,2292.131711
2026-01-21 00:00:00,11.53,11.71,11.52,11.7,7314.568458
2026-01-21 01:00:00,11.7,11.74,11.69,11.72,5914.433567
2026-01-21 02:00:00,11.74,11.83,11.74,11.8,4618.637611
2026-01-21 03:00:00,11.79,11.82,11.75,11.75,13295.475642
2026-01-21 04:00:00,11.75,11.78,11.72,11.78,4541.435557
2026-01-21 05:00:00,11.79,11.84,11.75,11.82,16194.303464
2026-01-21 06:00:00,11.81,11.81,11.75,11.77,1360.685576
2026-01-21 07:00:00,11.77,11.81,11.74,11.79,2402.223754
2026-01-21 08:00:00,11.79,11.82,11.66,11.71,7009.541176
2026-01-21 09:00:00,11.72,11.72,11.68,11.68,2660.355541
2026-01-21 10:00:00,11.69,11.74,11.67,11.67,1209.348063
2026-01-21 11:00:00,11.67,11.68,11.56,11.57,2104.530703
2026-01-21 12:00:00,11.58,11.6,11.48,11.59,6776.434276
2026-01-21 13:00:00,11.59,11.61,11.48,11.5,3545.201531
2026-01-21 14:00:00,11.49,11.76,11.49,11.72,15267.736149
2026-01-21 15:00:00,11.72,11.78,11.64,11.76,21879.841172
2026-01-21 16:00:00,11.77,11.77,11.37,11.38,14236.071791
2026-01-21 17:00:00,11.42,11.5,11.32,11.46,16514.732214
2026-01-21 18:00:00,11.45,11.56,11.41,11.54,2133.595041
2026-01-21 19:00:00,11.53,11.9,11.49,11.88,9848.631248
2026-01-21 20:00:00,11.89,11.91,11.73,11.83,3970.863011
2026-01-21 21:00:00,11.83,11.89,11.8,11.85,1734.022616
2026-01-21 22:00:00,11.83,11.87,11.74,11.75,3527.040575
2026-01-21 23:00:00,11.73,11.77,11.63,11.66,1921.340087
2026-01-22 00:00:00,11.68,11.71,11.66,11.68,2535.04457
2026-01-22 01:00:00,11.68,11.81,11.68,11.81,1531.060012
2026-01-22 02:00:00,11.79,11.81,11.76,11.77,5508.314571
2026-01-22 03:00:00,11.78,11.79,11.69,11.72,8608.561181
2026-01-22 04:00:00,11.72,11.75,11.71,11.74,999.294346
2026-01-22 05:00:00,11.74,11.75,11.69,11.7,660.342986
2026-01-22 06:00:00,11.7,11.72,11.64,11.7,641.80831
2026-01-22 07:00:00,11.71,11.71,11.65,11.65,1433.338349
2026-01-22 08:00:00,11.65,11.69,11.61,11.69,1871.158481
2026-01-22 09:00:00,11.69,11.74,11.66,11.68,2790.688668
2026-01-22 10:00:00,11.68,11.7,11.66,11.68,4466.659332
2026-01-22 11:00:00,11.68,11.68,11.57,11.58,16639.68898
2026-01-22 12:00:00,11.57,11.59,11.56,11.57,2873.856891
2026-01-22 13:00:00,11.58,11.64,11.53,11.56,3197.922256
2026-01-22 14:00:00,11.53,11.58,11.46,11.47,5630.499495
2026-01-22 15:00:00,11.46,11.57,11.42,11.53,13696.860918
2026-01-22 16:00:00,11.53,11.6,11.5,11.58,3853.183385
2026-01-22 17:00:00,11.59,11.61,11.53,11.61,2263.788378
2026-01-22 18:00:00,11.6,11.61,11.54,11.54,1999.129741
2026-01-22 19:00:00,11.55,11.59,11.51,11.56,2397.459592
2026-01-22 20:00:00,11.56,11.58,11.49,11.53,708.364965
2026-01-22 21:00:00,11.54,11.56,11.51,11.52,1291.371058
2026-01-22 22:00:00,11.55,11.58,11.53,11.56,3058.194544
2026-01-22 23:00:00,11.51,11.59,11.51,11.56,1490.863417
2026-01-23 00:00:00,11.59,11.61,11.58,11.6,2471.768879
2026-01-23 01:00:00,11.61,11.74,11.61,11.69,34616.471276
2026-01-23 02:00:00,11.7,11.7,11.65,11.65,2329.028251
2026-01-23 03:00:00,11.65,11.74,11.65,11.7,1071.782312
2026-01-23 04:00:00,11.71,11.78,11.69,11.78,1906.768634
2026-01-23 05:00:00,11.77,11.77,11.71,11.72,2535.927968
2026-01-23 06:00:00,11.73,11.74,11.67,11.68,1561.177915
2026-01-23 07:00:00,11.67,11.77,11.67,11.72,3432.582111
2026-01-23 08:00:00,11.73,11.75,11.61,11.66,4681.519236
2026-01-23 09:00:00,11.67,11.71,11.67,11.68,824.471393
2026-01-23 10:00:00,11.69,11.7,11.65,11.7,1558.901834
2026-01-23 11:00:00,11.7,11.74,11.7,11.74,905.89525
2026-01-23 12:00:00,11.74,11.75,11.71,11.72,621.548847
2026-01-23 13:00:00,11.73,11.74,11.68,11.68,1070.409578
2026-01-23 14:00:00,11.67,11.69,11.48,11.55,6001.141494
2026-01-23 15:00:00,11.56,11.69,11.49,11.67,2957.994442
2026-01-23 16:00:00,11.69,11.73,11.58,11.68,5799.76936
2026-01-23 17:00:00,11.67,11.84,11.63,11.72,3068.861245
2026-01-23 18:00:00,11.72,11.79,11.7,11.73,885.329772
2026-01-23 19:00:00,11.73,11.73,11.61,11.64,2218.687253
2026-01-23 20:00:00,11.65,11.65,11.55,11.59,4265.923989
2026-01-23 21:00:00,11.59,11.64,11.59,11.6,954.639195
2026-01-23 22:00:00,11.63,11.67,11.63,11.67,2585.496652
2026-01-23 23:00:00,11.65,11.67,11.63,11.67,1345.747563
2026-01-24 00:00:00,11.67,11.68,11.63,11.64,1405.908498
2026-01-24 01:00:00,11.63,11.64,11.62,11.64,987.270331
2026-01-24 02:00:00,11.65,11.69,11.65,11.68,490.918689
2026-01-24 03:00:00,11.67,11.73,11.66,11.68,2628.956119
2026-01-24 04:00:00,11.69,11.71,11.67,11.67,2242.3194
2026-01-24 05:00:00,11.68,11.68,11.65,11.66,3037.050496
2026-01-24 06:00:00,11.66,11.68,11.66,11.68,1818.208354
2026-01-24 07:00:00,11.67,11.69,11.67,11.68,428.053168
2026-01-24 08:00:00,11.68,11.7,11.66,11.7,339.492545
2026-01-24 09:00:00,11.69,11.7,11.67,11.67,604.107991
2026-01-24 10:00:00,11.67,11.69,11.66,11.69,370.043953
2026-01-24 11:00:00,11.7,11.72,11.7,11.7,1228.050487
2026-01-24 12:00:00,11.71,11.72,11.7,11.7,892.700497
2026-01-24 13:00:00,11.7,11.71,11.66,11.66,386.701052
2026-01-24 14:00:00,11.66,11.67,11.65,11.67,1018.197164
2026-01-24 15:00:00,11.67,11.67,11.59,11.59,2132.452935
2026-01-24 16:00:00,11.6,11.61,11.54,11.61,7638.113056
2026-01-24 17:00:00,11.6,11.61,11.58,11.6,781.884874
2026-01-24 18:00:00,11.62,11.62,11.6,11.6,650.290177
2026-01-24 19:00:00,11.61,11.61,11.59,11.6,4611.734814
2026-01-24 20:00:00,11.6,11.63,11.6,11.63,157.592919
2026-01-24 21:00:00,11.63,11.63,11.6,11.62,287.732909
2026-01-24 22:00:00,11.61,11.63,11.6,11.62,706.156992
2026-01-24 23:00:00,11.62,11.62,11.57,11.6,463.692644
2026-01-25 00:00:00,11.59,11.6,11.57,11.59,732.261665
2026-01-25 01:00:00,11.6,11.6,11.53,11.54,561.427704
2026-01-25 02:00:00,11.54,11.56,11.52,11.53,697.391342
2026-01-25 03:00:00,11.52,11.53,11.46,11.48,1890.10026
2026-01-25 04:00:00,11.47,11.52,11.47,11.49,4287.448844
2026-01-25 05:00:00,11.47,11.51,11.46,11.51,1375.905848
2026-01-25 06:00:00,11.5,11.51,11.48,11.5,1644.893737
2026-01-25 07:00:00,11.49,11.5,11.47,11.49,850.933623
2026-01-25 08:00:00,11.5,11.51,11.42,11.47,2392.671366
2026-01-25 09:00:00,11.48,11.59,11.47,11.54,2094.551002
2026-01-25 10:00:00,11.55,11.61,11.54,11.56,3653.89184
2026-01-25 11:00:00,11.56,11.56,11.51,11.52,1426.466553
2026-01-25 12:00:00,11.51,11.51,11.46,11.5,2824.989493
2026-01-25 13:00:00,11.51,11.52,11.46,11.51,2223.043954
2026-01-25 14:00:00,11.5,11.5,11.4,11.45,4163.400708
2026-01-25 15:00:00,11.44,11.46,11.41,11.42,1438.313218
2026-01-25 16:00:00,11.43,11.43,11.24,11.33,16400.012436
2026-01-25 17:00:00,11.32,11.35,11.28,11.32,13852.797166
2026-01-25 18:00:00,11.32,11.33,11.18,11.21,11368.012178
2026-01-25 19:00:00,11.21,11.23,11.0,11.08,22180.048473
2026-01-25 20:00:00,11.08,11.15,11.01,11.11,3348.076219
2026-01-25 21:00:00,11.11,11.19,11.11,11.18,1904.989398
2026-01-25 22:00:00,11.19,11.19,11.02,11.08,50174.559834
2026-01-25 23:00:00,11.08,11.15,11.03,11.14,37409.06157
2026-01-26 00:00:00,11.14,11.21,11.12,11.2,7247.05991
2026-01-26 01:00:00,11.21,11.38,11.21,11.35,8300.292815
2026-01-26 02:00:00,11.34,11.35,11.27,11.28,3487.077857
2026-01-26 03:00:00,11.29,11.32,11.27,11.28,2319.455989
2026-01-26 04:00:00,11.29,11.37,11.28,11.3,5726.576522
2026-01-26 05:00:00,11.3,11.32,11.3,11.32,672.701113
2026-01-26 06:00:00,11.3,11.38,11.28,11.38,14421.563903
2026-01-26 07:00:00,11.39,11.43,11.36,11.37,2696.31319
2026-01-26 08:00:00,11.37,11.46,11.36,11.39,5762.239017
2026-01-26 09:00:00,11.41,11.41,11.29,11.29,4688.745367
2026-01-26 10:00:00,11.3,11.34,11.3,11.33,1240.518595
2026-01-26 11:00:00,11.34,11.35,11.31,11.32,919.346142
2026-01-26 12:00:00,11.33,11.35,11.3,11.32,1392.744843
2026-01-26 13:00:00,11.34,11.37,11.34,11.36,1883.436735
2026-01-26 14:00:00,11.37,11.45,11.32,11.41,7206.032384
2026-01-26 15:00:00,11.43,11.52,11.35,11.36,6226.883402
2026-01-26 16:00:00,11.37,11.42,11.33,11.39,3690.152422
2026-01-26 17:00:00,11.37,11.39,11.27,11.36,2982.021734
2026-01-26 18:00:00,11.35,11.43,11.35,11.4,1875.918164
2026-01-26 19:00:00,11.41,11.43,11.34,11.34,2452.620748
2026-01-26 20:00:00,11.36,11.36,11.31,11.32,1681.743038
2026-01-26 21:00:00,11.33,11.46,11.29,11.41,2585.314004
2026-01-26 22:00:00,11.41,11.45,11.4,11.41,1839.690795
2026-01-26 23:00:00,11.4,11.44,11.38,11.39,2219.145939
2026-01-27 00:00:00,11.39,11.41,11.37,11.39,2087.758747
2026-01-27 01:00:00,11.39,11.44,11.36,11.41,1817.536875
2026-01-27 02:00:00,11.42,11.45,11.39,11.42,1678.403166
2026-01-27 03:00:00,11.43,11.44,11.36,11.36,2481.860023
2026-01-27 04:00:00,11.37,11.42,11.35,11.37,1226.298155
2026-01-27 05:00:00,11.36,11.37,11.35,11.35,1562.668005
2026-01-27 06:00:00,11.36,11.36,11.33,11.36,820.086164
2026-01-27 07:00:00,11.36,11.4,11.31,11.31,3183.101334
2026-01-27 08:00:00,11.32,11.33,11.28,11.29,2279.954713
2026-01-27 09:00:00,11.28,11.28,11.24,11.25,14982.913832
2026-01-27 10:00:00,11.26,11.28,11.25,11.26,1491.79872
2026-01-27 11:00:00,11.26,11.28,11.25,11.27,1442.927245
2026-01-27 12:00:00,11.27,11.28,11.25,11.25,2701.860373
2026-01-27 13:00:00,11.25,11.26,11.22,11.22,1428.156874
2026-01-27 14:00:00,11.24,11.32,11.22,11.24,9819.215864
2026-01-27 15:00:00,11.23,11.32,11.22,11.31,8435.643514
2026-01-27 16:00:00,11.32,11.48,11.32,11.46,16389.632173
2026-01-27 17:00:00,11.47,11.47,11.25,11.27,11719.838059
2026-01-27 18:00:00,11.28,11.49,11.28,11.45,2280.071465
2026-01-27 19:00:00,11.46,11.51,11.42,11.48,8431.48467
2026-01-27 20:00:00,11.49,11.62,11.48,11.6,5755.406064
2026-01-27 21:00:00,11.62,11.62,11.54,11.54,3316.924928
2026-01-27 22:00:00,11.56,11.62,11.56,11.6,1286.494697
2026-01-27 23:00:00,11.58,11.61,11.58,11.58,3687.111487
2026-01-28 00:00:00,11.6,11.61,11.55,11.6,890.728766
2026-01-28 01:00:00,11.59,11.59,11.53,11.54,1283.135992
2026-01-28 02:00:00,11.54,11.55,11.5,11.54,1456.360093
2026-01-28 03:00:00,11.56,11.56,11.51,11.52,1945.555656
2026-01-28 04:00:00,11.52,11.52,11.49,11.5,1053.419194
2026-01-28 05:00:00,11.52,11.58,11.5,11.55,1326.203917
2026-01-28 06:00:00,11.56,11.59,11.54,11.59,1470.836892
2026-01-28 07:00:00,11.58,11.61,11.52,11.55,4598.001779
2026-01-28 08:00:00,11.55,11.55,11.5,11.5,5039.795602
2026-01-28 09:00:00,11.5,11.59,11.48,11.59,2622.836267
2026-01-28 10:00:00,11.6,11.62,11.55,11.57,3010.254862
2026-01-28 11:00:00,11.56,11.61,11.53,11.61,1147.52313
2026-01-28 12:00:00,11.59,11.6,11.52,11.54,11627.976421
2026-01-28 13:00:00,11.55,11.58,11.55,11.56,1726.683355
2026-01-28 14:00:00,11.54,11.56,11.49,11.51,2695.127013
2026-01-28 15:00:00,11.54,11.54,11.44,11.48,3486.724734
2026-01-28 16:00:00,11.48,11.48,11.42,11.47,652.779068
2026-01-28 17:00:00,11.46,11.54,11.4,11.53,1441.971117
2026-01-28 18:00:00,11.5,11.5,11.42,11.44,11603.307495
2026-01-28 19:00:00,11.45,11.54,11.42,11.52,3734.967763
2026-01-28 20:00:00,11.53,11.58,11.47,11.5,2369.40049
2026-01-28 21:00:00,11.5,11.56,11.45,11.55,791.895106
2026-01-28 22:00:00,11.55,11.61,11.51,11.6,6054.52751
2026-01-28 23:00:00,11.61,11.63,11.54,11.55,6662.894401
2026-01-29 00:00:00,11.55,11.57,11.47,11.49,2771.714267
2026-01-29 01:00:00,11.5,11.51,11.41,11.41,927.364748
2026-01-29 02:00:00,11.42,11.43,11.28,11.29,6668.042307
2026-01-29 03:00:00,11.29,11.36,11.28,11.3,6293.551084
2026-01-29 04:00:00,11.3,11.3,11.24,11.28,4329.634981
2026-01-29 05:00:00,11.27,11.3,11.27,11.27,11482.095107
2026-01-29 06:00:00,11.27,11.32,11.27,11.31,6600.602722
2026-01-29 07:00:00,11.31,11.33,11.27,11.27,9618.674023
2026-01-29 08:00:00,11.28,11.31,11.23,11.25,5583.134446
2026-01-29 09:00:00,11.24,11.26,11.22,11.23,5434.565853
2026-01-29 10:00:00,11.23,11.26,11.22,11.25,7843.561906
2026-01-29 11:00:00,11.25,11.27,11.15,11.2,7944.716144
2026-01-29 12:00:00,11.2,11.21,11.12,11.15,3769.525076
2026-01-29 13:00:00,11.15,11.18,11.15,11.18,3218.222387
2026-01-29 14:00:00,11.19,11.2,10.93,10.96,56953.196366
2026-01-29 15:00:00,10.94,10.94,10.63,10.77,85388.491927
2026-01-29 16:00:00,10.77,10.87,10.67,10.85,21021.99277
2026-01-29 17:00:00,10.86,10.95,10.77,10.77,7563.537704
2026-01-29 18:00:00,10.77,10.81,10.6,10.61,20842.307327
2026-01-29 19:00:00,10.61,10.73,10.59,10.7,8810.468553
2026-01-29 20:00:00,10.7,10.79,10.67,10.78,5421.789983
2026-01-29 21:00:00,10.78,10.83,10.78,10.81,6514.883354
2026-01-29 22:00:00,10.82,10.86,10.78,10.8,9258.159279
2026-01-29 23:00:00,10.79,10.81,10.77,10.81,3802.536045
2026-01-30 00:00:00,10.8,10.84,10.8,10.84,3191.40777
2026-01-30 01:00:00,10.84,10.88,10.42,10.69,70690.99479
2026-01-30 02:00:00,10.68,10.68,10.44,10.56,34015.9321
2026-01-30 03:00:00,10.58,10.65,10.57,10.59,20678.966291
2026-01-30 04:00:00,10.6,10.72,10.6,10.66,12864.750135
2026-01-30 05:00:00,10.67,10.67,10.61,10.64,13476.39575
2026-01-30 06:00:00,10.63,10.63,10.44,10.49,15200.865878
2026-01-30 07:00:00,10.5,10.68,10.5,10.61,33009.256407
2026-01-30 08:00:00,10.6,10.65,10.53,10.57,11607.889412
2026-01-30 09:00:00,10.59,10.6,10.52,10.55,8020.552786
2026-01-30 10:00:00,10.56,10.64,10.53,10.64,8290.047468
2026-01-30 11:00:00,10.65,10.77,10.6,10.74,10385.80127
2026-01-30 12:00:00,10.76,10.76,10.66,10.68,9339.823464
2026-01-30 13:00:00,10.69,10.71,10.58,10.64,25073.458117
2026-01-30 14:00:00,10.64,10.77,10.64,10.67,11117.038927
2026-01-30 15:00:00,10.68,10.75,10.58,10.7,14722.964312
2026-01-30 16:00:00,10.71,10.79,10.65,10.71,5536.851469
2026-01-30 17:00:00,10.71,10.78,10.66,10.66,7849.000492
2026-01-30 18:00:00,10.67,10.78,10.4,10.75,24885.353984
2026-01-30 19:00:00,10.76,10.8,10.72,10.76,6080.212617
2026-01-30 20:00:00,10.74,10.74,10.56,10.57,12042.893064
2026-01-30 21:00:00,10.6,10.68,10.58,10.64,9555.798379
2026-01-30 22:00:00,10.63,10.66,10.55,10.61,4307.368665
2026-01-30 23:00:00,10.61,10.62,10.54,10.6,3097.574913
2026-01-31 00:00:00,10.61,10.62,10.56,10.59,3183.276696
2026-01-31 01:00:00,10.59,10.64,10.58,10.63,2099.063833
2026-01-31 02:00:00,10.61,10.64,10.56,10.61,5428.525593
2026-01-31 03:00:00,10.61,10.62,10.54,10.55,3448.733448
2026-01-31 04:00:00,10.55,10.59,10.5,10.52,19165.733268
2026-01-31 05:00:00,10.5,10.54,10.5,10.52,6205.122358
2026-01-31 06:00:00,10.52,10.54,10.4,10.44,7328.134797
2026-01-31 07:00:00,10.45,10.45,10.32,10.38,19579.568802
2026-01-31 08:00:00,10.39,10.4,10.16,10.28,38321.014877
2026-01-31 09:00:00,10.28,10.34,10.26,10.29,6030.011418
2026-01-31 10:00:00,10.29,10.34,10.24,10.32,4501.249981
2026-01-31 11:00:00,10.29,10.31,10.25,10.26,2309.763886
2026-01-31 12:00:00,10.27,10.28,10.22,10.22,4585.534352
2026-01-31 13:00:00,10.23,10.23,10.15,10.21,6937.979293
2026-01-31 14:00:00,10.22,10.23,9.75,9.93,121548.48757
2026-01-31 15:00:00,9.93,10.08,9.93,10.02,13571.4869
2026-01-31 16:00:00,10.01,10.11,9.86,9.89,22517.959783
2026-01-31 17:00:00,9.9,9.92,9.24,9.48,174953.445162
2026-01-31 18:00:00,9.51,9.58,9.0,9.49,144903.622163
2026-01-31 19:00:00,9.49,9.64,9.48,9.56,20627.047052
2026-01-31 20:00:00,9.55,9.63,9.48,9.57,27068.963926
2026-01-31 21:00:00,9.57,9.64,9.4,9.58,33998.84927
2026-01-31 22:00:00,9.59,9.62,9.55,9.62,12587.668269
2026-01-31 23:00:00,9.63,9.82,9.63,9.76,14022.981425
2026-02-01 00:00:00,9.76,9.83,9.75,9.78,8265.679134
2026-02-01 01:00:00,9.79,9.79,9.68,9.74,5721.443363
2026-02-01 02:00:00,9.75,9.8,9.74,9.78,3682.534179
2026-02-01 03:00:00,9.79,9.81,9.77,9.8,9326.876295
2026-02-01 04:00:00,9.8,9.85,9.8,9.82,4207.693278
2026-02-01 05:00:00,9.82,9.87,9.79,9.81,25975.858593
2026-02-01 06:00:00,9.82,9.87,9.81,9.83,15719.078364
2026-02-01 07:00:00,9.83,9.92,9.8,9.87,5083.900293
2026-02-01 08:00:00,9.87,9.93,9.83,9.88,11862.807219
2026-02-01 09:00:00,9.88,9.92,9.82,9.88,4098.312975
2026-02-01 10:00:00,9.88,9.92,9.73,9.74,5022.454921
2026-02-01 11:00:00,9.74,9.84,9.74,9.8,7899.7928
2026-02-01 12:00:00,9.79,9.79,9.69,9.73,8496.115886
2026-02-01 13:00:00,9.74,9.81,9.72,9.74,3588.303872
2026-02-01 14:00:00,9.75,9.81,9.61,9.74,14561.159311
2026-02-01 15:00:00,9.73,9.73,9.46,9.58,19013.906624
2026-02-01 16:00:00,9.57,9.67,9.5,9.56,12780.983876
2026-02-01 17:00:00,9.56,9.61,9.45,9.54,26429.343353
2026-02-01 18:00:00,9.54,9.72,9.54,9.63,27896.082709
2026-02-01 19:00:00,9.64,9.65,9.52,9.56,7320.184798
2026-02-01 20:00:00,9.56,9.65,9.46,9.57,9208.73731
2026-02-01 21:00:00,9.56,9.56,9.42,9.45,4342.864735
2026-02-01 22:00:00,9.46,9.62,9.46,9.56,7924.489832
2026-02-01 23:00:00,9.57,9.65,9.28,9.51,24222.759625
2026-02-02 00:00:00,9.52,9.72,9.45,9.67,7193.478896
2026-02-02 01:00:00,9.66,9.75,9.52,9.68,7241.377884
2026-02-02 02:00:00,9.67,9.7,9.58,9.59,5780.077003
2026-02-02 03:00:00,9.6,9.6,9.25,9.54,32699.444041
2026-02-02 04:00:00,9.54,9.67,9.43,9.53,26746.731065
2026-02-02 05:00:00,9.54,9.54,9.25,9.35,14082.259212
2026-02-02 06:00:00,9.34,9.57,9.2,9.46,25991.719412
2026-02-02 07:00:00,9.45,9.55,9.44,9.47,5422.603536
2026-02-02 08:00:00,9.48,9.53,9.46,9.49,18267.073555
2026-02-02 09:00:00,9.48,9.63,9.41,9.56,15837.603679
2026-02-02 10:00:00,9.57,9.62,9.56,9.6,6133.272585
2026-02-02 11:00:00,9.6,9.64,9.58,9.59,12872.624759
2026-02-02 12:00:00,9.59,9.68,9.59,9.66,6505.354953
2026-02-02 13:00:00,9.67,9.75,9.64,9.73,7848.932303
2026-02-02 14:00:00,9.73,9.82,9.66,9.74,13876.596993
2026-02-02 15:00:00,9.75,9.94,9.73,9.87,10153.817057
2026-02-02 16:00:00,9.87,9.9,9.82,9.85,9895.968966
2026-02-02 17:00:00,9.84,9.89,9.8,9.82,3215.787015
2026-02-02 18:00:00,9.83,9.87,9.78,9.85,1362.193293
2026-02-02 19:00:00,9.85,9.85,9.79,9.8,4214.446741
2026-02-02 20:00:00,9.8,9.83,9.74,9.78,2357.159046
2026-02-02 21:00:00,9.78,9.84,9.78,9.82,3487.121027
2026-02-02 22:00:00,9.84,9.88,9.82,9.85,3118.783387
2026-02-02 23:00:00,9.83,9.85,9.81,9.81,693.298698
2026-02-03 00:00:00,9.82,9.83,9.76,9.79,1737.141599
2026-02-03 01:00:00,9.8,9.82,9.74,9.77,1266.522574
2026-02-03 02:00:00,9.78,9.78,9.6,9.61,16838.426137
2026-02-03 03:00:00,9.61,9.76,9.59,9.75,3625.104865
2026-02-03 04:00:00,9.75,9.82,9.72,9.8,15138.841846
2026-02-03 05:00:00,9.79,9.79,9.73,9.73,659.814904
2026-02-03 06:00:00,9.73,9.76,9.68,9.74,5242.717693
2026-02-03 07:00:00,9.75,9.79,9.73,9.76,2870.533566
2026-02-03 08:00:00,9.76,9.8,9.72,9.73,5427.339103
2026-02-03 09:00:00,9.74,9.78,9.62,9.68,16827.042136
2026-02-03 10:00:00,9.68,9.71,9.65,9.67,4694.472962
2026-02-03 11:00:00,9.68,9.7,9.66,9.67,2395.854015
2026-02-03 12:00:00,9.67,9.75,9.66,9.73,4010.376225
2026-02-03 13:00:00,9.74,9.75,9.67,9.72,3370.500604
2026-02-03 14:00:00,9.72,9.75,9.56,9.57,5863.044975
2026-02-03 15:00:00,9.58,9.82,9.55,9.81,13096.50328
2026-02-03 16:00:00,9.8,9.8,9.59,9.6,6940.928912
2026-02-03 17:00:00,9.61,9.61,9.4,9.4,5449.244156
2026-02-03 18:00:00,9.41,9.45,9.19,9.21,23914.408676
2026-02-03 19:00:00,9.22,9.67,9.19,9.59,15139.062932
2026-02-03 20:00:00,9.59,9.94,9.49,9.86,13449.133642
2026-02-03 21:00:00,9.87,9.94,9.71,9.73,4605.37121
2026-02-03 22:00:00,9.73,9.73,9.57,9.61,8211.964261
2026-02-03 23:00:00,9.6,9.62,9.52,9.56,3669.828303
2026-02-04 00:00:00,9.58,9.66,9.54,9.63,5876.428599
2026-02-04 01:00:00,9.63,9.74,9.63,9.69,7912.955706
2026-02-04 02:00:00,9.69,9.7,9.59,9.63,2167.175978
2026-02-04 03:00:00,9.62,9.75,9.61,9.73,3980.531412
2026-02-04 04:00:00,9.72,9.75,9.7,9.71,2799.303515
2026-02-04 05:00:00,9.71,9.73,9.65,9.67,16058.844981
2026-02-04 06:00:00,9.67,9.74,9.66,9.73,4304.623345
2026-02-04 07:00:00,9.73,9.79,9.68,9.72,13279.652154
2026-02-04 08:00:00,9.72,9.8,9.68,9.76,9220.771904
2026-02-04 09:00:00,9.75,9.76,9.66,9.68,8274.091456
2026-02-04 10:00:00,9.68,9.71,9.68,9.7,6686.196216
2026-02-04 11:00:00,9.69,9.69,9.57,9.65,15338.393632
2026-02-04 12:00:00,9.65,9.67,9.6,9.63,4908.442747
2026-02-04 13:00:00,9.62,9.63,9.48,9.48,6901.791038
2026-02-04 14:00:00,9.48,9.53,9.33,9.34,11017.088706
2026-02-04 15:00:00,9.34,9.45,9.24,9.32,13507.730555
2026-02-04 16:00:00,9.33,9.39,9.22,9.31,16155.110465
2026-02-04 17:00:00,9.31,9.35,9.16,9.28,11345.952152
2026-02-04 18:00:00,9.28,9.46,9.16,9.35,9025.832473
2026-02-04 19:00:00,9.36,9.52,9.3,9.5,5888.058747
2026-02-04 20:00:00,9.51,9.51,9.4,9.42,14704.646267
2026-02-04 21:00:00,9.42,9.43,9.26,9.33,4406.723253
2026-02-04 22:00:00,9.32,9.45,9.18,9.27,9669.544591
2026-02-04 23:00:00,9.27,9.4,9.25,9.34,11274.673391
2026-02-05 00:00:00,9.35,9.37,9.31,9.33,1305.982659
2026-02-05 01:00:00,9.34,9.44,9.26,9.37,12758.038841
2026-02-05 02:00:00,9.37,9.44,9.3,9.3,33477.490341
2026-02-05 03:00:00,9.3,9.35,9.25,9.25,7532.622451
2026-02-05 04:00:00,9.26,9.31,9.21,9.24,7259.803266
2026-02-05 05:00:00,9.24,9.33,9.15,9.23,11264.492032
2026-02-05 06:00:00,9.23,9.24,9.11,9.14,7726.747708
2026-02-05 07:00:00,9.13,9.24,9.11,9.11,6162.81881
2026-02-05 08:00:00,9.14,9.24,9.14,9.19,6074.347048
2026-02-05 09:00:00,9.19,9.27,9.18,9.2,22751.77639
2026-02-05 10:00:00,9.2,9.2,8.95,9.02,49116.723543
2026-02-05 11:00:00,9.02,9.05,8.87,8.97,19758.329547
2026-02-05 12:00:00,8.96,9.01,8.88,8.97,50581.825561
2026-02-05 13:00:00,8.97,9.02,8.9,8.92,28768.932926
2026-02-05 14:00:00,8.93,9.11,8.92,8.93,16096.74393
2026-02-05 15:00:00,8.94,8.96,8.34,8.54,149270.84873
2026-02-05 16:00:00,8.53,8.76,8.48,8.64,37984.783617
2026-02-05 17:00:00,8.67,8.77,8.38,8.42,21546.766249
2026-02-05 18:00:00,8.42,8.5,8.31,8.47,16801.366747
2026-02-05 19:00:00,8.48,8.5,8.33,8.36,9097.463297
2026-02-05 20:00:00,8.36,8.41,7.94,8.07,70714.150188
2026-02-05 21:00:00,8.06,8.26,7.97,8.04,38783.277137
2026-02-05 22:00:00,8.05,8.2,7.92,8.11,32529.141664
2026-02-05 23:00:00,8.11,8.3,8.0,8.05,20050.39198
2026-02-06 00:00:00,8.06,8.1,7.15,7.91,301573.640655
2026-02-06 01:00:00,7.91,8.21,7.89,8.19,27539.31323
2026-02-06 02:00:00,8.19,8.24,7.95,7.98,15495.077144
2026-02-06 03:00:00,7.97,8.05,7.93,8.01,18328.050997
2026-02-06 04:00:00,8.01,8.16,8.0,8.13,3770.101515
2026-02-06 05:00:00,8.13,8.37,8.12,8.35,9789.858572
2026-02-06 06:00:00,8.35,8.38,8.16,8.16,18067.254594
2026-02-06 07:00:00,8.17,8.22,8.11,8.16,7580.850163
2026-02-06 08:00:00,8.16,8.22,8.08,8.14,12167.070418
2026-02-06 09:00:00,8.15,8.36,8.14,8.33,5447.161127
2026-02-06 10:00:00,8.33,8.45,8.32,8.44,8068.984561
2026-02-06 11:00:00,8.43,8.45,8.38,8.42,5069.173206
2026-02-06 12:00:00,8.42,8.42,8.35,8.38,2270.509137
2026-02-06 13:00:00,8.38,8.5,8.38,8.46,6239.742003
2026-02-06 14:00:00,8.46,8.7,8.4,8.65,9291.290301
2026-02-06 15:00:00,8.64,8.68,8.57,8.66,11811.805254
2026-02-06 16:00:00,8.65,8.91,8.63,8.86,14675.967199
2026-02-06 17:00:00,8.84,9.0,8.81,8.92,20378.810396
2026-02-06 18:00:00,8.93,8.93,8.74,8.82,3472.077691
2026-02-06 19:00:00,8.82,8.87,8.77,8.86,2082.922537
2026-02-06 20:00:00,8.85,8.9,8.75,8.79,4008.83456
2026-02-06 21:00:00,8.79,8.84,8.75,8.83,3495.426868
2026-02-06 22:00:00,8.82,8.95,8.81,8.92,16621.372763
2026-02-06 23:00:00,8.92,8.98,8.82,8.84,3976.015573
2026-02-07 00:00:00,8.84,8.84,8.67,8.69,6433.59214
2026-02-07 01:00:00,8.7,8.8,8.67,8.79,3080.658791
2026-02-07 02:00:00,8.78,8.81,8.74,8.76,881.246234
2026-02-07 03:00:00,8.77,8.84,8.77,8.82,5810.874054
2026-02-07 04:00:00,8.82,8.9,8.78,8.79,2036.065363
2026-02-07 05:00:00,8.8,8.85,8.76,8.78,1552.179931
2026-02-07 06:00:00,8.78,8.78,8.61,8.61,15838.707635
2026-02-07 07:00:00,8.62,8.65,8.45,8.53,11826.774841
2026-02-07 08:00:00,8.52,8.61,8.51,8.59,17294.112188
2026-02-07 09:00:00,8.59,8.61,8.54,8.54,1830.38407
2026-02-07 10:00:00,8.57,8.58,8.49,8.54,4440.013776
2026-02-07 11:00:00,8.54,8.58,8.52,8.56,8436.844461
2026-02-07 12:00:00,8.56,8.8,8.56,8.73,5609.832954
2026-02-07 13:00:00,8.73,8.75,8.63,8.67,3683.559614
2026-02-07 14:00:00,8.66,8.66,8.54,8.56,15888.238604
2026-02-07 15:00:00,8.55,8.71,8.55,8.68,2404.091018
2026-02-07 16:00:00,8.69,8.9,8.68,8.71,52290.784053
2026-02-07 17:00:00,8.73,8.78,8.7,8.74,1923.600638
2026-02-07 18:00:00,8.75,8.88,8.74,8.83,2420.692404
2026-02-07 19:00:00,8.82,8.83,8.78,8.78,1060.563165
2026-02-07 20:00:00,8.79,8.86,8.77,8.84,9387.224374
2026-02-07 21:00:00,8.85,8.87,8.8,8.8,1237.942018
2026-02-07 22:00:00,8.81,8.85,8.78,8.78,3136.50372
2026-02-07 23:00:00,8.78,8.8,8.73,8.78,1252.048955
2026-02-08 00:00:00,8.79,8.79,8.72,8.75,1973.950842
2026-02-08 01:00:00,8.75,8.77,8.72,8.74,3645.411391
2026-02-08 02:00:00,8.74,8.78,8.7,8.71,5536.078565
2026-02-08 03:00:00,8.73,8.73,8.68,8.7,974.157351
2026-02-08 04:00:00,8.7,8.72,8.66,8.71,13333.799768
2026-02-08 05:00:00,8.72,8.72,8.65,8.67,1836.261589
2026-02-08 06:00:00,8.67,8.68,8.65,8.66,958.998614
2026-02-08 07:00:00,8.66,8.67,8.62,8.66,1329.003396
2026-02-08 08:00:00,8.66,8.79,8.66,8.77,3054.60463
2026-02-08 09:00:00,8.76,8.77,8.68,8.68,1548.604213
2026-02-08 10:00:00,8.69,8.71,8.6,8.63,1512.051305
2026-02-08 11:00:00,8.64,8.75,8.64,8.72,1185.379187
2026-02-08 12:00:00,8.74,8.74,8.7,8.73,1281.908735
2026-02-08 13:00:00,8.72,8.75,8.69,8.73,2469.816523
2026-02-08 14:00:00,8.75,8.75,8.72,8.74,1088.747236
2026-02-08 15:00:00,8.74,8.75,8.64,8.66,1490.535005
2026-02-08 16:00:00,8.66,8.66,8.49,8.52,4108.367504
2026-02-08 17:00:00,8.52,8.59,8.52,8.58,1643.929404
2026-02-08 18:00:00,8.58,8.69,8.58,8.66,1418.521186
2026-02-08 19:00:00,8.64,8.69,8.64,8.67,308.564439
2026-02-08 20:00:00,8.67,8.67,8.56,8.57,354.098905
2026-02-08 21:00:00,8.58,8.6,8.53,8.53,424.244046
2026-02-08 22:00:00,8.57,8.6,8.56,8.58,1366.949254
2026-02-08 23:00:00,8.61,8.74,8.5,8.58,4499.080169
2026-02-09 00:00:00,8.57,8.6,8.53,8.56,801.826113
2026-02-09 01:00:00,8.57,8.63,8.52,8.56,6790.412029
2026-02-09 02:00:00,8.55,8.64,8.54,8.6,852.104797
2026-02-09 03:00:00,8.61,8.68,8.59,8.67,1122.928262
2026-02-09 04:00:00,8.66,8.66,8.6,8.61,1017.273016
2026-02-09 05:00:00,8.61,8.61,8.58,8.59,3139.675756
2026-02-09 06:00:00,8.59,8.59,8.5,8.55,973.014691
2026-02-09 07:00:00,8.54,8.56,8.5,8.51,2340.305393
2026-02-09 08:00:00,8.51,8.51,8.35,8.39,6442.759597
2026-02-09 09:00:00,8.39,8.4,8.33,8.34,1607.378644
2026-02-09 10:00:00,8.34,8.35,8.22,8.24,4703.4768
2026-02-09 11:00:00,8.27,8.31,8.26,8.3,2250.475335
2026-02-09 12:00:00,8.3,8.39,8.3,8.36,1002.850983
2026-02-09 13:00:00,8.38,8.41,8.35,8.35,1520.640794
2026-02-09 14:00:00,8.34,8.49,8.33,8.44,2256.340948
2026-02-09 15:00:00,8.48,8.53,8.4,8.51,2328.247839
2026-02-09 16:00:00,8.52,8.68,8.48,8.61,9136.497387
2026-02-09 17:00:00,8.62,8.71,8.55,8.68,2885.469785
2026-02-09 18:00:00,8.68,8.71,8.59,8.62,1417.265097
2026-02-09 19:00:00,8.64,8.68,8.62,8.66,487.76962
2026-02-09 20:00:00,8.66,8.69,8.61,8.64,940.314232
2026-02-09 21:00:00,8.65,8.66,8.56,8.64,1574.322233
2026-02-09 22:00:00,8.63,8.66,8.63,8.64,1340.287516
2026-02-09 23:00:00,8.65,8.65,8.59,8.59,947.193498
2026-02-10 00:00:00,8.61,8.61,8.56,8.57,514.144511
2026-02-10 01:00:00,8.57,8.62,8.56,8.61,2980.361028
2026-02-10 02:00:00,8.61,8.61,8.56,8.57,305.91109
2026-02-10 03:00:00,8.58,8.59,8.43,8.48,4038.913778
2026-02-10 04:00:00,8.48,8.53,8.48,8.53,3213.399956
2026-02-10 05:00:00,8.53,8.54,8.44,8.46,2405.764446
2026-02-10 06:00:00,8.46,8.47,8.32,8.37,11794.34433
2026-02-10 07:00:00,8.37,8.42,8.36,8.38,6007.082694
2026-02-10 08:00:00,8.38,8.41,8.35,8.41,3418.187816
2026-02-10 09:00:00,8.4,8.43,8.37,8.39,2538.002671
2026-02-10 10:00:00,8.4,8.41,8.36,8.37,1776.392432
2026-02-10 11:00:00,8.37,8.38,8.33,8.33,2101.659905
2026-02-10 12:00:00,8.34,8.35,8.31,8.32,2540.729612
2026-02-10 13:00:00,8.31,8.38,8.3,8.37,11620.219199
2026-02-10 14:00:00,8.36,8.44,8.31,8.36,6748.985148
2026-02-10 15:00:00,8.34,8.42,8.33,8.38,3441.201964
2026-02-10 16:00:00,8.36,8.43,8.35,8.35,2686.598434
2026-02-10 17:00:00,8.35,8.42,8.34,8.39,1655.524207
2026-02-10 18:00:00,8.4,8.41,8.25,8.29,4187.474507
2026-02-10 19:00:00,8.28,8.34,8.26,8.3,1006.504376
2026-02-10 20:00:00,8.3,8.31,8.28,8.3,1574.796841
2026-02-10 21:00:00,8.31,8.33,8.26,8.29,2815.280333
2026-02-10 22:00:00,8.29,8.35,8.28,8.31,1860.937937
2026-02-10 23:00:00,8.32,8.34,8.31,8.33,571.330225
2026-02-11 00:00:00,8.35,8.35,8.34,8.35,424.801173
2026-02-11 01:00:00,8.34,8.36,8.34,8.35,970.855679
2026-02-11 02:00:00,8.35,8.37,8.32,8.33,1686.605316
2026-02-11 03:00:00,8.32,8.35,8.26,8.31,835.86622
2026-02-11 04:00:00,8.32,8.32,8.19,8.2,3725.859185
2026-02-11 05:00:00,8.2,8.23,8.18,8.18,1832.156032
2026-02-11 06:00:00,8.18,8.19,8.07,8.08,7479.687058
2026-02-11 07:00:00,8.08,8.1,8.06,8.08,3745.814844
2026-02-11 08:00:00,8.07,8.08,8.05,8.06,3122.688826
2026-02-11 09:00:00,8.06,8.09,8.05,8.06,4252.229516
2026-02-11 10:00:00,8.05,8.06,8.01,8.04,6377.160288
2026-02-11 11:00:00,8.05,8.08,8.04,8.08,1311.82832
2026-02-11 12:00:00,8.07,8.09,8.06,8.07,1327.661496
2026-02-11 13:00:00,8.07,8.13,8.04,8.13,11756.012945
2026-02-11 14:00:00,8.14,8.45,8.05,8.07,20273.757324
2026-02-11 15:00:00,8.06,8.09,7.94,8.05,26839.295622
2026-02-11 16:00:00,8.06,8.18,8.03,8.04,9139.067837
2026-02-11 17:00:00,8.03,8.16,8.0,8.11,6353.820208
2026-02-11 18:00:00,8.11,8.22,8.05,8.18,2016.122696
2026-02-11 19:00:00,8.18,8.21,8.14,8.15,1530.347685
2026-02-11 20:00:00,8.16,8.2,8.11,8.19,1801.42841
2026-02-11 21:00:00,8.2,8.29,8.18,8.27,2610.678726
2026-02-11 22:00:00,8.25,8.27,8.17,8.18,2617.000402
2026-02-11 23:00:00,8.16,8.2,8.11,8.14,1741.986391
2026-02-12 00:00:00,8.15,8.24,8.14,8.23,4158.538457
2026-02-12 01:00:00,8.23,8.27,8.22,8.23,1593.423507
2026-02-12 02:00:00,8.23,8.25,8.21,8.24,4722.946877
2026-02-12 03:00:00,8.23,8.28,8.23,8.27,1031.259252
2026-02-12 04:00:00,8.28,8.29,8.25,8.25,645.47274
2026-02-12 05:00:00,8.24,8.3,8.22,8.28,761.140167
2026-02-12 06:00:00,8.28,8.35,8.28,8.32,592.086598
2026-02-12 07:00:00,8.32,8.35,8.28,8.35,1133.774362
2026-02-12 08:00:00,8.35,8.37,8.27,8.3,2888.32354
2026-02-12 09:00:00,8.29,8.37,8.28,8.34,2928.469925
2026-02-12 10:00:00,8.35,8.4,8.33,8.4,11989.74403
2026-02-12 11:00:00,8.4,8.43,8.36,8.36,3561.920966
2026-02-12 12:00:00,8.37,8.37,8.3,8.32,4003.077176
2026-02-12 13:00:00,8.31,8.35,8.27,8.34,8986.276748
2026-02-12 14:00:00,8.34,8.34,8.26,8.3,5193.457726
2026-02-12 15:00:00,8.29,8.33,8.16,8.17,6551.927945
2026-02-12 16:00:00,8.17,8.18,7.99,8.04,11023.006511
2026-02-12 17:00:00,8.04,8.11,8.01,8.03,1829.161012
2026-02-12 18:00:00,8.03,8.09,7.99,8.06,9725.464217
2026-02-12 19:00:00,8.07,8.22,8.03,8.12,13453.251096
2026-02-12 20:00:00,8.13,8.14,8.07,8.08,6313.42608
2026-02-12 21:00:00,8.09,8.14,8.09,8.12,1646.625084
2026-02-12 22:00:00,8.12,8.23,8.1,8.23,1884.102007
2026-02-12 23:00:00,8.23,8.26,8.22,8.24,887.858947
2026-02-13 00:00:00,8.25,8.27,8.17,8.2,2884.51583
2026-02-13 01:00:00,8.2,8.23,8.18,8.19,817.76356
2026-02-13 02:00:00,8.19,8.22,8.17,8.21,1323.475446
2026-02-13 03:00:00,8.2,8.22,8.16,8.19,1329.397876
2026-02-13 04:00:00,8.19,8.2,8.17,8.18,5454.670805
2026-02-13 05:00:00,8.17,8.17,8.11,8.11,2744.422779
2026-02-13 06:00:00,8.12,8.18,8.11,8.18,3596.921715
2026-02-13 07:00:00,8.17,8.21,8.17,8.18,760.3227
2026-02-13 08:00:00,8.18,8.27,8.18,8.26,1328.169678
2026-02-13 09:00:00,8.25,8.26,8.23,8.25,1507.117456
2026-02-13 10:00:00,8.25,8.28,8.25,8.27,765.549197
2026-02-13 11:00:00,8.26,8.31,8.23,8.3,3665.110729
2026-02-13 12:00:00,8.3,8.32,8.26,8.27,1304.703897
2026-02-13 13:00:00,8.27,8.36,8.26,8.31,3577.601329
2026-02-13 14:00:00,8.3,8.38,8.25,8.32,6851.855357
2026-02-13 15:00:00,8.33,8.51,8.32,8.41,10880.882093
2026-02-13 16:00:00,8.42,8.5,8.38,8.48,8740.411261
2026-02-13 17:00:00,8.48,8.5,8.42,8.47,1775.228872
2026-02-13 18:00:00,8.46,8.49,8.44,8.46,3002.63328
2026-02-13 19:00:00,8.47,8.49,8.46,8.47,1725.80871
2026-02-13 20:00:00,8.47,8.48,8.43,8.47,6219.763777
2026-02-13 21:00:00,8.48,8.54,8.48,8.53,4051.167782
2026-02-13 22:00:00,8.53,8.61,8.52,8.53,4487.105749
2026-02-13 23:00:00,8.53,8.55,8.5,8.53,1069.556827
2026-02-14 00:00:00,8.53,8.7,8.53,8.65,23357.934661
2026-02-14 01:00:00,8.65,8.67,8.62,8.65,2482.792799
2026-02-14 02:00:00,8.64,8.65,8.61,8.64,4452.171117
2026-02-14 03:00:00,8.64,8.67,8.64,8.66,1950.484468
2026-02-14 04:00:00,8.66,8.69,8.64,8.66,2675.873933
2026-02-14 05:00:00,8.66,8.67,8.64,8.64,2019.262728
2026-02-14 06:00:00,8.64,8.64,8.58,8.63,4845.056492
2026-02-14 07:00:00,8.63,8.64,8.61,8.64,1175.450268
2026-02-14 08:00:00,8.65,8.75,8.64,8.75,3150.293061
2026-02-14 09:00:00,8.75,8.76,8.72,8.72,1472.853566
2026-02-14 10:00:00,8.72,8.72,8.69,8.71,1540.54911
2026-02-14 11:00:00,8.7,8.82,8.7,8.82,8187.977008
2026-02-14 12:00:00,8.82,8.85,8.75,8.75,3218.737874
2026-02-14 13:00:00,8.75,8.77,8.72,8.76,3152.885477
2026-02-14 14:00:00,8.77,8.89,8.76,8.88,2610.510896
2026-02-14 15:00:00,8.88,8.92,8.86,8.91,2285.046971
2026-02-14 16:00:00,8.91,8.97,8.85,8.94,5561.874396
2026-02-14 17:00:00,8.95,8.97,8.89,8.89,5029.409585
2026-02-14 18:00:00,8.89,8.95,8.89,8.95,1326.749953
2026-02-14 19:00:00,8.95,9.03,8.92,9.01,5993.863404
2026-02-14 20:00:00,9.01,9.03,8.95,8.99,2906.389814
2026-02-14 21:00:00,9.0,9.05,8.94,8.98,2874.890005
2026-02-14 22:00:00,8.97,9.07,8.97,9.04,5040.535531
2026-02-14 23:00:00,9.03,9.06,8.99,9.0,3078.829784
2026-02-15 00:00:00,8.99,9.01,8.93,8.98,4886.954302
2026-02-15 01:00:00,8.98,9.02,8.92,8.99,2033.784594
2026-02-15 02:00:00,9.0,9.02,8.9,8.97,5565.115086
2026-02-15 03:00:00,8.97,9.03,8.87,9.03,11516.065347
2026-02-15 04:00:00,9.03,9.14,9.03,9.06,5799.051654
2026-02-15 05:00:00,9.07,9.16,9.06,9.13,10250.779008
2026-02-15 06:00:00,9.13,9.14,9.05,9.07,9163.347288
2026-02-15 07:00:00,9.08,9.16,9.07,9.13,1789.883149
2026-02-15 08:00:00,9.13,9.15,9.0,9.03,6481.860254
2026-02-15 09:00:00,9.04,9.08,9.02,9.05,1930.106125
2026-02-15 10:00:00,9.05,9.05,8.96,9.01,5421.298912
2026-02-15 11:00:00,9.0,9.02,9.0,9.0,964.552916
2026-02-15 12:00:00,9.0,9.0,8.76,8.76,9059.880961
2026-02-15 13:00:00,8.76,8.85,8.7,8.73,11753.804316
2026-02-15 14:00:00,8.73,8.82,8.73,8.82,3885.395646
2026-02-15 15:00:00,8.81,8.82,8.76,8.8,6857.38
2026-02-15 16:00:00,8.79,8.83,8.76,8.78,6636.997717
2026-02-15 17:00:00,8.78,8.79,8.62,8.7,6414.492253
2026-02-15 18:00:00,8.7,8.71,8.62,8.64,3502.918729
2026-02-15 19:00:00,8.64,8.7,8.61,8.64,3504.229801
2026-02-15 20:00:00,8.64,8.69,8.62,8.67,1561.324127
2026-02-15 21:00:00,8.68,8.72,8.68,8.7,1227.434038
2026-02-15 22:00:00,8.69,8.74,8.69,8.74,4710.797148
2026-02-15 23:00:00,8.73,8.75,8.66,8.74,9236.61693
2026-02-16 00:00:00,8.74,8.8,8.72,8.74,8725.192699
2026-02-16 01:00:00,8.73,8.79,8.69,8.73,5930.582685
2026-02-16 02:00:00,8.72,8.74,8.684,8.688,693.996424
2026-02-16 03:00:00,8.689,8.715,8.679,8.715,922.031366
2026-02-16 04:00:00,8.715,8.794,8.715,8.794,2246.317665
2026-02-16 05:00:00,8.795,8.812,8.654,8.667,11192.206699
2026-02-16 06:00:00,8.667,8.75,8.665,8.733,3648.1598
2026-02-16 07:00:00,8.732,8.732,8.685,8.708,1137.727122
2026-02-16 08:00:00,8.708,8.739,8.708,8.735,581.664931
2026-02-16 09:00:00,8.734,8.793,8.73,8.776,933.975894
2026-02-16 10:00:00,8.775,8.775,8.719,8.719,418.897552
2026-02-16 11:00:00,8.719,8.735,8.613,8.71,1310.410058
2026-02-16 12:00:00,8.709,8.83,8.69,8.824,4437.906467
2026-02-16 13:00:00,8.824,8.9,8.712,8.74,6796.356337
2026-02-16 14:00:00,8.739,8.79,8.685,8.75,1820.75908
2026-02-16 15:00:00,8.775,8.8,8.609,8.662,5296.211945
2026-02-16 16:00:00,8.654,8.75,8.654,8.732,919.13919
2026-02-16 17:00:00,8.729,8.746,8.687,8.727,882.224405
2026-02-16 18:00:00,8.719,8.76,8.714,8.721,401.241431
2026-02-16 19:00:00,8.718,8.771,8.71,8.76,761.77798
2026-02-16 20:00:00,8.756,8.824,8.739,8.814,1325.092749
2026-02-16 21:00:00,8.807,8.89,8.789,8.89,394.058309
2026-02-16 22:00:00,8.88,8.88,8.82,8.84,3521.092748
2026-02-16 23:00:00,8.83,8.847,8.813,8.837,524.775752
2026-02-17 00:00:00,8.847,8.847,8.801,8.803,1338.555355
2026-02-17 01:00:00,8.81,8.835,8.792,8.798,513.169607
2026-02-17 02:00:00,8.79,8.865,8.758,8.85,793.898969
2026-02-17 03:00:00,8.84,8.841,8.803,8.805,510.381977
2026-02-17 04:00:00,8.79,8.831,8.787,8.818,338.014549
2026-02-17 05:00:00,8.824,8.824,8.712,8.76,3834.228906
2026-02-17 06:00:00,8.77,8.787,8.767,8.78,127.776239
2026-02-17 07:00:00,8.776,8.781,8.747,8.781,529.972559
2026-02-17 08:00:00,8.761,8.784,8.73,8.733,649.774237
2026-02-17 09:00:00,8.725,8.733,8.699,8.712,674.053904
2026-02-17 10:00:00,8.718,8.719,8.644,8.655,18359.075658
2026-02-17 11:00:00,8.653,8.69,8.647,8.682,2327.75499
2026-02-17 12:00:00,8.675,8.713,8.668,8.671,755.771173
2026-02-17 13:00:00,8.678,8.754,8.66,8.736,4096.055295
2026-02-17 14:00:00,8.734,8.765,8.571,8.61,7428.906321
2026-02-17 15:00:00,8.608,8.69,8.58,8.69,1183.212179
2026-02-17 16:00:00,8.692,8.83,8.674,8.73,1819.560776
2026-02-17 17:00:00,8.72,8.74,8.63,8.66,1770.98731
2026-02-17 18:00:00,8.662,8.81,8.662,8.791,1029.955853
2026-02-17 19:00:00,8.775,8.793,8.705,8.716,975.173419
2026-02-17 20:00:00,8.709,8.711,8.66,8.688,959.863674
2026-02-17 21:00:00,8.688,8.72,8.67,8.7,59.815952
2026-02-17 22:00:00,8.698,8.718,8.676,8.685,1126.753033
2026-02-17 23:00:00,8.681,8.693,8.662,8.68,995.125712
2026-02-18 00:00:00,8.683,8.701,8.642,8.648,1211.088667
2026-02-18 01:00:00,8.648,8.662,8.617,8.645,1122.78516
2026-02-18 02:00:00,8.652,8.713,8.652,8.708,372.339509
2026-02-18 03:00:00,8.7,8.73,8.7,8.716,507.547535
2026-02-18 04:00:00,8.709,8.718,8.697,8.705,506.695304
2026-02-18 05:00:00,8.705,8.729,8.697,8.718,421.416272
2026-02-18 06:00:00,8.708,8.73,8.703,8.703,737.52763
2026-02-18 07:00:00,8.704,8.767,8.697,8.742,530.251783
2026-02-18 08:00:00,8.749,8.792,8.736,8.744,646.56743
2026-02-18 09:00:00,8.74,8.742,8.721,8.739,945.29237
2026-02-18 10:00:00,8.742,8.759,8.693,8.697,481.811959
2026-02-18 11:00:00,8.705,8.708,8.609,8.659,1967.292491
2026-02-18 12:00:00,8.659,8.687,8.617,8.635,3763.457808
2026-02-18 13:00:00,8.632,8.633,8.56,8.585,1428.728485
2026-02-18 14:00:00,8.585,8.625,8.537,8.61,1046.889624
2026-02-18 15:00:00,8.61,8.762,8.61,8.685,3430.202929
2026-02-18 16:00:00,8.687,8.688,8.606,8.615,2085.906125
2026-02-18 17:00:00,8.618,8.689,8.595,8.595,1076.592244
2026-02-18 18:00:00,8.598,8.609,8.486,8.504,2981.603537
2026-02-18 19:00:00,8.496,8.53,8.411,8.451,8252.89358
2026-02-18 20:00:00,8.451,8.495,8.43,8.444,607.217083
2026-02-18 21:00:00,8.449,8.462,8.408,8.42,3186.665947
2026-02-18 22:00:00,8.418,8.435,8.383,8.425,1999.341515
2026-02-18 23:00:00,8.423,8.443,8.392,8.435,461.819687
2026-02-19 00:00:00,8.438,8.438,8.38,8.39,723.433586
2026-02-19 01:00:00,8.391,8.476,8.391,8.475,2444.752146
2026-02-19 02:00:00,8.48,8.483,8.43,8.446,936.46531
2026-02-19 03:00:00,8.442,8.466,8.436,8.461,1258.805926
2026-02-19 04:00:00,8.459,8.48,8.438,8.438,674.038162
2026-02-19 05:00:00,8.43,8.448,8.37,8.408,1924.38356
2026-02-19 06:00:00,8.408,8.481,8.408,8.464,894.600059
2026-02-19 07:00:00,8.464,8.472,8.436,8.448,989.532487
2026-02-19 08:00:00,8.441,8.445,8.325,8.365,4665.026872
2026-02-19 09:00:00,8.364,8.41,8.353,8.356,2016.23906
2026-02-19 10:00:00,8.353,8.368,8.319,8.341,3335.201031
2026-02-19 11:00:00,8.336,8.365,8.321,8.333,1658.343756
2026-02-19 12:00:00,8.334,8.349,8.297,8.306,1312.175831
2026-02-19 13:00:00,8.302,8.308,8.18,8.226,7370.285993
2026-02-19 14:00:00,8.224,8.304,8.197,8.275,5072.87995
2026-02-19 15:00:00,8.291,8.306,8.195,8.217,3119.711039
2026-02-19 16:00:00,8.208,8.244,8.153,8.189,6868.778667
2026-02-19 17:00:00,8.185,8.28,8.151,8.2,4956.603985
2026-02-19 18:00:00,8.195,8.284,8.182,8.268,3053.603788
2026-02-19 19:00:00,8.269,8.289,8.213,8.261,6703.455912
2026-02-19 20:00:00,8.258,8.283,8.229,8.267,2631.218268
2026-02-19 21:00:00,8.266,8.272,8.241,8.241,1215.078005
2026-02-19 22:00:00,8.242,8.264,8.209,8.254,3949.836278
2026-02-19 23:00:00,8.255,8.279,8.243,8.277,2075.804142
2026-02-20 00:00:00,8.272,8.34,8.268,8.32,2344.312648
2026-02-20 01:00:00,8.321,8.335,8.295,8.319,1779.132622
2026-02-20 02:00:00,8.317,8.337,8.29,8.296,2376.061812
2026-02-20 03:00:00,8.298,8.324,8.287,8.292,2089.005274
2026-02-20 04:00:00,8.291,8.292,8.222,8.255,3215.750456
2026-02-20 05:00:00,8.255,8.332,8.214,8.292,6715.982004
2026-02-20 06:00:00,8.302,8.311,8.265,8.305,1179.367
2026-02-20 07:00:00,8.306,8.331,8.295,8.307,1414.141245
2026-02-20 08:00:00,8.302,8.316,8.293,8.299,1618.66738
2026-02-20 09:00:00,8.297,8.356,8.297,8.344,2254.082974
2026-02-20 10:00:00,8.35,8.369,8.326,8.333,2915.924742
2026-02-20 11:00:00,8.335,8.354,8.288,8.309,6007.05861
2026-02-20 12:00:00,8.309,8.348,8.285,8.321,2022.188751
2026-02-20 13:00:00,8.319,8.323,8.193,8.243,9822.432715
2026-02-20 14:00:00,8.24,8.384,8.239,8.347,8096.636489
2026-02-20 15:00:00,8.35,8.612,8.346,8.612,28536.806577
2026-02-20 16:00:00,8.612,8.709,8.566,8.655,13759.023923
2026-02-20 17:00:00,8.649,8.654,8.435,8.634,15097.978968
2026-02-20 18:00:00,8.633,8.687,8.578,8.651,5594.761303
2026-02-20 19:00:00,8.652,8.69,8.622,8.66,1792.785869
2026-02-20 20:00:00,8.653,8.673,8.607,8.667,2800.713289
2026-02-20 21:00:00,8.673,8.704,8.658,8.693,1662.125003
2026-02-20 22:00:00,8.671,8.743,8.647,8.732,4316.080234
2026-02-20 23:00:00,8.745,8.772,8.718,8.755,4632.325224
2026-02-21 00:00:00,8.761,8.812,8.715,8.715,8031.929514
2026-02-21 01:00:00,8.714,8.777,8.693,8.777,2373.865005
2026-02-21 02:00:00,8.78,8.879,8.767,8.877,3617.140278
2026-02-21 03:00:00,8.87,8.87,8.789,8.823,1959.023624
2026-02-21 04:00:00,8.819,8.926,8.785,8.91,5841.056631
2026-02-21 05:00:00,8.92,9.058,8.92,8.989,29502.050673
2026-02-21 06:00:00,8.993,9.025,8.931,8.966,11796.386987
2026-02-21 07:00:00,8.958,9.027,8.93,9.012,13459.488647
2026-02-21 08:00:00,9.013,9.66,9.013,9.644,104213.409547
2026-02-21 09:00:00,9.642,9.738,9.478,9.59,69764.402309
2026-02-21 10:00:00,9.602,9.78,9.554,9.618,40252.117919
2026-02-21 11:00:00,9.615,9.79,9.588,9.642,25302.817707
2026-02-21 12:00:00,9.644,9.708,9.485,9.56,57915.422568
2026-02-21 13:00:00,9.555,9.559,9.304,9.367,55537.801369
2026-02-21 14:00:00,9.364,9.389,9.23,9.236,14947.40229
2026-02-21 15:00:00,9.244,9.374,9.239,9.334,11774.338709
2026-02-21 16:00:00,9.33,9.332,9.201,9.26,16111.152897
2026-02-21 17:00:00,9.267,9.274,9.163,9.22,9330.474769
2026-02-21 18:00:00,9.222,9.279,9.212,9.261,3498.210105
2026-02-21 19:00:00,9.27,9.279,9.231,9.231,2016.715622
2026-02-21 20:00:00,9.23,9.241,9.117,9.126,8415.647248
2026-02-21 21:00:00,9.127,9.141,9.101,9.11,3432.857857
2026-02-21 22:00:00,9.111,9.146,9.083,9.091,5602.084873
2026-02-21 23:00:00,9.086,9.099,9.031,9.043,13481.505411
2026-02-22 00:00:00,9.042,9.042,8.838,8.884,15994.825363
2026-02-22 01:00:00,8.886,8.94,8.86,8.87,16801.857312
2026-02-22 02:00:00,8.87,8.891,8.776,8.794,10212.092841
2026-02-22 03:00:00,8.794,8.819,8.748,8.799,7426.916516
2026-02-22 04:00:00,8.795,8.799,8.757,8.761,2585.044152
2026-02-22 05:00:00,8.761,8.804,8.761,8.789,2754.617972
2026-02-22 06:00:00,8.783,8.807,8.752,8.798,7929.107307
2026-02-22 07:00:00,8.796,8.878,8.793,8.839,20988.554381
2026-02-22 08:00:00,8.838,8.841,8.76,8.76,3394.278714
2026-02-22 09:00:00,8.761,8.82,8.733,8.807,8805.37188
2026-02-22 10:00:00,8.804,8.836,8.797,8.816,11335.669086
2026-02-22 11:00:00,8.821,8.841,8.758,8.779,14992.551705
2026-02-22 12:00:00,8.777,8.777,8.665,8.706,32018.073455
2026-02-22 13:00:00,8.703,8.706,8.663,8.691,7502.325591
2026-02-22 14:00:00,8.694,8.717,8.659,8.681,7949.481384
2026-02-22 15:00:00,8.676,8.696,8.644,8.677,12503.834465
2026-02-22 16:00:00,8.678,8.709,8.658,8.688,9850.572102
2026-02-22 17:00:00,8.689,8.694,8.611,8.627,9214.260571
2026-02-22 18:00:00,8.627,8.633,8.61,8.619,2044.420721
2026-02-22 19:00:00,8.619,8.627,8.556,8.564,2551.558919
2026-02-22 20:00:00,8.562,8.57,8.492,8.503,5782.03014
2026-02-22 21:00:00,8.504,8.527,8.456,8.494,15886.649161
2026-02-22 22:00:00,8.496,8.572,8.496,8.56,4978.71014
2026-02-22 23:00:00,8.56,8.566,8.493,8.516,9442.277931
2026-02-23 00:00:00,8.513,8.535,8.396,8.404,11240.194265
2026-02-23 01:00:00,8.406,8.423,8.095,8.131,60688.261345
2026-02-23 02:00:00,8.138,8.201,8.128,8.195,10072.624281
2026-02-23 03:00:00,8.195,8.254,8.177,8.191,17210.498376
2026-02-23 04:00:00,8.191,8.196,8.132,8.154,8329.088659
2026-02-23 05:00:00,8.159,8.229,8.156,8.199,9093.789153
2026-02-23 06:00:00,8.199,8.346,8.198,8.313,28547.55592
2026-02-23 07:00:00,8.315,8.328,8.273,8.286,15548.526861
2026-02-23 08:00:00,8.28,8.305,8.262,8.299,4464.626054
2026-02-23 09:00:00,8.3,8.43,8.293,8.409,9106.850169
2026-02-23 10:00:00,8.41,8.536,8.405,8.487,15392.255856
2026-02-23 11:00:00,8.493,8.539,8.478,8.49,4368.738682
2026-02-23 12:00:00,8.492,8.531,8.462,8.488,14744.502882
2026-02-23 13:00:00,8.484,8.492,8.444,8.451,4623.874736
2026-02-23 14:00:00,8.455,8.461,8.377,8.432,9580.725838
2026-02-23 15:00:00,8.432,8.48,8.4,8.414,2770.481648
2026-02-23 16:00:00,8.419,8.455,8.369,8.426,5381.724302
2026-02-23 17:00:00,8.434,8.467,8.313,8.41,7088.273736
2026-02-23 18:00:00,8.412,8.453,8.372,8.382,4968.195613
2026-02-23 19:00:00,8.383,8.414,8.308,8.335,5692.17119
2026-02-23 20:00:00,8.329,8.348,8.27,8.342,7301.512074
2026-02-23 21:00:00,8.341,8.361,8.312,8.334,1655.559863
2026-02-23 22:00:00,8.334,8.382,8.328,8.34,1247.256245
2026-02-23 23:00:00,8.334,8.386,8.334,8.364,928.034092
2026-02-24 00:00:00,8.363,8.394,8.363,8.374,2259.231337
2026-02-24 01:00:00,8.371,8.371,8.195,8.281,9796.054381
2026-02-24 02:00:00,8.28,8.323,8.257,8.268,2995.259843
2026-02-24 03:00:00,8.268,8.268,8.182,8.202,4651.801804
2026-02-24 04:00:00,8.202,8.226,8.152,8.218,6156.712571
2026-02-24 05:00:00,8.213,8.247,8.155,8.192,3392.751698
2026-02-24 06:00:00,8.193,8.196,8.13,8.139,4862.406194
2026-02-24 07:00:00,8.14,8.236,8.125,8.208,6460.714577
2026-02-24 08:00:00,8.208,8.244,8.168,8.208,3558.013161
2026-02-24 09:00:00,8.203,8.216,8.132,8.168,2109.960025
2026-02-24 10:00:00,8.17,8.179,8.142,8.163,5688.557295
2026-02-24 11:00:00,8.166,8.171,8.135,8.164,2640.573508
2026-02-24 12:00:00,8.164,8.191,8.139,8.156,18973.588954
2026-02-24 13:00:00,8.158,8.167,8.081,8.101,17264.324562
2026-02-24 14:00:00,8.1,8.306,8.098,8.271,14354.154851
2026-02-24 15:00:00,8.275,8.374,8.244,8.332,6444.706977
2026-02-24 16:00:00,8.334,8.416,8.334,8.415,5972.138122
2026-02-24 17:00:00,8.418,8.421,8.383,8.41,3171.680503
2026-02-24 18:00:00,8.41,8.442,8.389,8.413,885.025754
2026-02-24 19:00:00,8.416,8.445,8.385,8.427,665.10308
2026-02-24 20:00:00,8.425,8.439,8.391,8.397,532.710911
2026-02-24 21:00:00,8.398,8.399,8.336,8.353,1711.187546
2026-02-24 22:00:00,8.35,8.387,8.31,8.322,4753.020215
2026-02-24 23:00:00,8.321,8.337,8.288,8.29,3397.691609
2026-02-25 00:00:00,8.292,8.31,8.264,8.298,4265.544569
2026-02-25 01:00:00,8.298,8.622,8.29,8.531,16211.506522
2026-02-25 02:00:00,8.531,8.591,8.471,8.486,9581.903367
2026-02-25 03:00:00,8.49,8.49,8.376,8.392,4695.441848
2026-02-25 04:00:00,8.394,8.46,8.349,8.398,7551.203847
2026-02-25 05:00:00,8.39,8.39,8.277,8.351,5648.519863
2026-02-25 06:00:00,8.353,8.406,8.33,8.338,3645.65559
2026-02-25 07:00:00,8.338,8.371,8.325,8.365,2685.052951
2026-02-25 08:00:00,8.368,8.427,8.343,8.426,3924.151753
2026-02-25 09:00:00,8.43,8.489,8.422,8.489,24850.529885
2026-02-25 10:00:00,8.489,8.537,8.489,8.516,2403.440386
2026-02-25 11:00:00,8.515,8.579,8.482,8.577,2211.164729
2026-02-25 12:00:00,8.577,8.711,8.565,8.692,13434.783985
2026-02-25 13:00:00,8.696,8.83,8.692,8.762,15877.74662
2026-02-25 14:00:00,8.765,9.022,8.764,9.011,33260.390866
2026-02-25 15:00:00,9.012,9.359,9.005,9.223,34605.548037
2026-02-25 16:00:00,9.226,9.411,9.226,9.335,24282.929655
2026-02-25 17:00:00,9.333,9.383,9.264,9.307,22652.484621
2026-02-25 18:00:00,9.305,9.394,9.285,9.367,13202.024946
2026-02-25 19:00:00,9.364,9.476,9.307,9.465,9724.052611
2026-02-25 20:00:00,9.467,9.49,9.408,9.448,10987.026939
2026-02-25 21:00:00,9.45,9.641,9.423,9.566,23153.637214
2026-02-25 22:00:00,9.568,9.633,9.286,9.307,13162.222192
2026-02-25 23:00:00,9.303,9.342,9.058,9.162,34026.777643
2026-02-26 00:00:00,9.163,9.249,9.096,9.154,18276.30613
2026-02-26 01:00:00,9.147,9.213,9.128,9.138,2883.077781
2026-02-26 02:00:00,9.139,9.169,9.083,9.169,3689.729762
2026-02-26 03:00:00,9.155,9.155,9.088,9.13,2081.870815
2026-02-26 04:00:00,9.128,9.176,9.1,9.119,3965.518233
2026-02-26 05:00:00,9.115,9.115,9.008,9.065,5709.865505
2026-02-26 06:00:00,9.068,9.118,8.984,8.994,7918.494829
2026-02-26 07:00:00,8.992,9.026,8.931,8.969,5096.140042
2026-02-26 08:00:00,8.969,9.015,8.967,9.006,567.497666
2026-02-26 09:00:00,9.005,9.081,8.983,9.049,13350.216422
2026-02-26 10:00:00,9.047,9.088,8.921,8.929,5703.590188
2026-02-26 11:00:00,8.925,8.961,8.919,8.942,1857.950544
2026-02-26 12:00:00,8.941,9.019,8.941,8.993,6196.567191
2026-02-26 13:00:00,8.992,8.992,8.931,8.938,8741.709417
2026-02-26 14:00:00,8.938,8.967,8.846,8.92,22271.809812
2026-02-26 15:00:00,8.918,8.929,8.815,8.861,31778.381036
2026-02-26 16:00:00,8.863,8.87,8.672,8.684,111710.988389
2026-02-26 17:00:00,8.683,8.758,8.681,8.707,9841.419129
2026-02-26 18:00:00,8.706,8.797,8.658,8.787,13627.592716
2026-02-26 19:00:00,8.786,8.879,8.782,8.863,9718.156598
2026-02-26 20:00:00,8.856,8.886,8.792,8.805,2551.359863
2026-02-26 21:00:00,8.806,8.843,8.803,8.835,2736.669931
2026-02-26 22:00:00,8.832,8.866,8.825,8.842,4781.01622
2026-02-26 23:00:00,8.843,8.886,8.831,8.859,753.096595
2026-02-27 00:00:00,8.859,8.89,8.804,8.84,14076.260268
2026-02-27 01:00:00,8.846,8.846,8.803,8.835,1625.28812
2026-02-27 02:00:00,8.835,8.872,8.829,8.862,5753.435281
2026-02-27 03:00:00,8.857,8.923,8.83,8.909,7996.650231
2026-02-27 04:00:00,8.904,9.029,8.901,8.921,10285.943729
2026-02-27 05:00:00,8.926,8.998,8.915,8.948,3740.7217
2026-02-27 06:00:00,8.965,9.013,8.946,9.002,3654.315035
2026-02-27 07:00:00,9.001,9.038,8.946,9.025,10290.343715
2026-02-27 08:00:00,9.024,9.07,9.01,9.067,5742.556627
2026-02-27 09:00:00,9.05,9.073,8.963,8.983,4377.767044
2026-02-27 10:00:00,8.987,8.995,8.841,8.842,8279.465856
2026-02-27 11:00:00,8.84,8.862,8.743,8.755,15133.409384
2026-02-27 12:00:00,8.751,8.789,8.72,8.752,7647.376672
2026-02-27 13:00:00,8.753,8.799,8.666,8.75,6736.48929
2026-02-27 14:00:00,8.748,8.76,8.682,8.701,6805.365098
2026-02-27 15:00:00,8.695,8.746,8.665,8.675,2790.692779
2026-02-27 16:00:00,8.676,8.709,8.606,8.609,9937.609714
2026-02-27 17:00:00,8.615,8.666,8.55,8.659,8598.931859
2026-02-27 18:00:00,8.654,8.683,8.625,8.625,969.458479
2026-02-27 19:00:00,8.618,8.623,8.564,8.602,4208.986986
2026-02-27 20:00:00,8.592,8.648,8.592,8.623,1056.64634
2026-02-27 21:00:00,8.626,8.642,8.577,8.592,547.674852
2026-02-27 22:00:00,8.596,8.597,8.469,8.593,8256.580787
2026-02-27 23:00:00,8.594,8.651,8.594,8.642,3463.257319
2026-02-28 00:00:00,8.641,8.698,8.625,8.697,2333.788971
2026-02-28 01:00:00,8.695,8.706,8.61,8.643,10337.1296
2026-02-28 02:00:00,8.63,8.683,8.63,8.683,5553.394845
2026-02-28 03:00:00,8.684,8.687,8.624,8.633,1696.726415
2026-02-28 04:00:00,8.631,8.644,8.565,8.613,6841.483258
2026-02-28 05:00:00,8.614,8.626,8.569,8.585,3149.946012
2026-02-28 06:00:00,8.584,8.594,8.191,8.226,79962.461167
2026-02-28 07:00:00,8.215,8.409,8.139,8.303,15968.53579
2026-02-28 08:00:00,8.301,8.301,8.192,8.203,22168.818092
2026-02-28 09:00:00,8.206,8.244,8.153,8.181,9349.0324
2026-02-28 10:00:00,8.177,8.221,8.126,8.196,9227.734902
2026-02-28 11:00:00,8.195,8.224,8.148,8.158,6649.058846
2026-02-28 12:00:00,8.16,8.209,8.147,8.201,2657.020138
2026-02-28 13:00:00,8.21,8.381,8.148,8.367,10585.41537
2026-02-28 14:00:00,8.372,8.426,8.271,8.293,14227.462768
2026-02-28 15:00:00,8.296,8.357,8.255,8.301,4430.564578
2026-02-28 16:00:00,8.307,8.31,8.23,8.286,6794.875894
2026-02-28 17:00:00,8.281,8.316,8.197,8.309,7428.455316
2026-02-28 18:00:00,8.301,8.494,8.282,8.452,4433.978883
2026-02-28 19:00:00,8.456,8.6,8.408,8.549,5064.878892
2026-02-28 20:00:00,8.545,8.688,8.528,8.655,15127.739934
2026-02-28 21:00:00,8.657,8.664,8.56,8.601,2254.662909
2026-02-28 22:00:00,8.603,8.75,8.603,8.7,6206.031662
2026-02-28 23:00:00,8.696,8.703,8.649,8.675,2872.318526
2026-03-01 00:00:00,8.68,8.7,8.579,8.595,3567.450678
2026-03-01 01:00:00,8.597,8.804,8.529,8.761,14412.003669
2026-03-01 02:00:00,8.784,8.916,8.774,8.862,5335.142571
2026-03-01 03:00:00,8.843,8.876,8.75,8.772,3348.0667
2026-03-01 04:00:00,8.781,8.797,8.685,8.779,5009.153173
2026-03-01 05:00:00,8.79,8.8,8.763,8.783,1278.376994
2026-03-01 06:00:00,8.782,8.788,8.696,8.744,9285.433215
2026-03-01 07:00:00,8.743,8.783,8.716,8.765,7625.31912
2026-03-01 08:00:00,8.774,8.782,8.61,8.639,7508.301776
2026-03-01 09:00:00,8.635,8.701,8.601,8.609,5478.176184
2026-03-01 10:00:00,8.61,8.651,8.573,8.614,5307.038027
2026-03-01 11:00:00,8.615,8.631,8.584,8.597,1161.352657
2026-03-01 12:00:00,8.589,8.613,8.536,8.543,2592.96196
2026-03-01 13:00:00,8.543,8.75,8.496,8.668,13405.32424
2026-03-01 14:00:00,8.669,8.767,8.577,8.623,18011.928224
2026-03-01 15:00:00,8.621,8.68,8.62,8.628,3717.674221
2026-03-01 16:00:00,8.631,8.679,8.497,8.561,8740.892482
2026-03-01 17:00:00,8.566,8.57,8.46,8.479,11691.973645
2026-03-01 18:00:00,8.481,8.596,8.48,8.53,10652.305081
2026-03-01 19:00:00,8.528,8.528,8.428,8.439,5184.140326
2026-03-01 20:00:00,8.44,8.443,8.31,8.336,6994.531324
2026-03-01 21:00:00,8.337,8.429,8.328,8.415,4116.756054
2026-03-01 22:00:00,8.416,8.557,8.404,8.422,9348.000558
2026-03-01 23:00:00,8.412,8.535,8.412,8.477,1969.129879
2026-03-02 00:00:00,8.479,8.615,8.475,8.596,2807.236517
2026-03-02 01:00:00,8.599,8.69,8.571,8.603,7597.313559
2026-03-02 02:00:00,8.604,8.621,8.534,8.587,3583.420784
2026-03-02 03:00:00,8.589,8.674,8.548,8.662,2774.137242
2026-03-02 04:00:00,8.668,8.698,8.647,8.66,2801.989767
2026-03-02 05:00:00,8.662,8.677,8.604,8.627,2088.626288
2026-03-02 06:00:00,8.628,8.629,8.509,8.55,4975.522942
2026-03-02 07:00:00,8.547,8.552,8.461,8.511,10256.294442
2026-03-02 08:00:00,8.511,8.557,8.439,8.543,5887.467623
2026-03-02 09:00:00,8.544,8.605,8.524,8.524,2912.802481
2026-03-02 10:00:00,8.524,8.552,8.51,8.533,759.793905
2026-03-02 11:00:00,8.531,8.556,8.5,8.527,9535.248671
2026-03-02 12:00:00,8.53,8.546,8.493,8.515,2876.490713
2026-03-02 13:00:00,8.517,8.54,8.484,8.491,2049.454693
2026-03-02 14:00:00,8.493,8.779,8.463,8.741,13237.757051
2026-03-02 15:00:00,8.749,8.945,8.71,8.875,41787.807472
2026-03-02 16:00:00,8.873,8.974,8.817,8.838,28201.097647
2026-03-02 17:00:00,8.84,8.847,8.73,8.839,4902.682376
2026-03-02 18:00:00,8.838,8.876,8.78,8.823,8708.154531
2026-03-02 19:00:00,8.825,8.835,8.764,8.814,6681.028752
2026-03-02 20:00:00,8.816,8.872,8.769,8.789,4441.128983
2026-03-02 21:00:00,8.793,8.819,8.748,8.793,2929.064675
2026-03-02 22:00:00,8.798,8.86,8.79,8.814,2718.465271
2026-03-02 23:00:00,8.821,8.824,8.683,8.723,2985.757739
2026-03-03 00:00:00,8.724,8.742,8.628,8.682,13871.080474
2026-03-03 01:00:00,8.679,8.719,8.649,8.658,2442.752597
2026-03-03 02:00:00,8.655,8.676,8.575,8.639,7876.765191
2026-03-03 03:00:00,8.634,8.643,8.583,8.629,2974.619071
2026-03-03 04:00:00,8.629,8.636,8.561,8.567,851.360631
2026-03-03 05:00:00,8.566,8.647,8.518,8.546,3177.76623
2026-03-03 06:00:00,8.54,8.56,8.491,8.525,1997.133876
2026-03-03 07:00:00,8.521,8.549,8.454,8.484,6957.914884
2026-03-03 08:00:00,8.485,8.51,8.395,8.416,7184.393681
2026-03-03 09:00:00,8.41,8.447,8.353,8.386,6865.758068
2026-03-03 10:00:00,8.382,8.419,8.341,8.401,10092.148174
2026-03-03 11:00:00,8.403,8.411,8.373,8.401,18106.82046
2026-03-03 12:00:00,8.403,8.504,8.388,8.453,3910.72434
2026-03-03 13:00:00,8.451,8.451,8.368,8.377,7258.863984
2026-03-03 14:00:00,8.377,8.474,8.323,8.392,7560.488999
2026-03-03 15:00:00,8.387,8.486,8.342,8.456,5831.545748
2026-03-03 16:00:00,8.455,8.618,8.429,8.534,6054.355953
2026-03-03 17:00:00,8.538,8.543,8.441,8.485,9458.016724
2026-03-03 18:00:00,8.49,8.624,8.455,8.544,8535.217028
2026-03-03 19:00:00,8.549,8.578,8.496,8.553,7799.647791
2026-03-03 20:00:00,8.548,8.551,8.442,8.459,1364.218336
2026-03-03 21:00:00,8.461,8.462,8.375,8.449,3449.553722
2026-03-03 22:00:00,8.451,8.514,8.441,8.493,957.909837
2026-03-03 23:00:00,8.494,8.554,8.485,8.49,5020.798736
2026-03-04 00:00:00,8.495,8.523,8.448,8.501,6592.355706
2026-03-04 01:00:00,8.502,8.551,8.472,8.507,17264.651733
2026-03-04 02:00:00,8.512,8.514,8.449,8.488,4169.121433
2026-03-04 03:00:00,8.484,8.49,8.372,8.444,9056.619977
2026-03-04 04:00:00,8.444,8.459,8.372,8.423,3621.327066
2026-03-04 05:00:00,8.416,8.457,8.366,8.412,2790.399852
2026-03-04 06:00:00,8.412,8.434,8.36,8.396,1748.278837
2026-03-04 07:00:00,8.391,8.494,8.382,8.486,3713.56907
2026-03-04 08:00:00,8.48,8.736,8.456,8.715,17071.288857
2026-03-04 09:00:00,8.721,8.814,8.693,8.713,18254.500678
2026-03-04 10:00:00,8.714,8.73,8.611,8.641,8190.820186
2026-03-04 11:00:00,8.649,8.668,8.552,8.588,6648.004189
2026-03-04 12:00:00,8.586,8.589,8.483,8.549,15288.43986
2026-03-04 13:00:00,8.54,8.625,8.528,8.609,31426.708306
2026-03-04 14:00:00,8.606,8.748,8.583,8.626,19862.607357
2026-03-04 15:00:00,8.633,8.873,8.633,8.865,29201.104385
2026-03-04 16:00:00,8.87,8.919,8.746,8.809,31699.807967
2026-03-04 17:00:00,8.803,8.844,8.725,8.813,5884.557357
2026-03-04 18:00:00,8.812,8.877,8.754,8.861,7374.070039
2026-03-04 19:00:00,8.869,9.021,8.866,8.972,16919.844071
2026-03-04 20:00:00,8.966,8.972,8.884,8.889,3269.822101
2026-03-04 21:00:00,8.891,8.932,8.869,8.912,13815.663078
2026-03-04 22:00:00,8.915,8.97,8.818,8.835,5393.609044
2026-03-04 23:00:00,8.832,8.86,8.77,8.852,6908.812964
2026-03-05 00:00:00,8.849,8.858,8.805,8.832,4339.284142
2026-03-05 01:00:00,8.834,8.92,8.737,8.757,11123.208255
2026-03-05 02:00:00,8.759,8.839,8.731,8.755,5807.334067
2026-03-05 03:00:00,8.76,8.776,8.703,8.734,12969.790687
2026-03-05 04:00:00,8.741,8.83,8.737,8.798,13213.121165
2026-03-05 05:00:00,8.797,8.833,8.679,8.719,8387.254677
2026-03-05 06:00:00,8.719,8.764,8.697,8.754,3231.756379
2026-03-05 07:00:00,8.757,8.777,8.691,8.731,3775.293702
2026-03-05 08:00:00,8.735,8.773,8.721,8.769,3097.272956
2026-03-05 09:00:00,8.768,8.835,8.764,8.808,2526.365799
2026-03-05 10:00:00,8.806,8.944,8.78,8.928,11393.468746
2026-03-05 11:00:00,8.931,8.931,8.802,8.822,6149.731933
2026-03-05 12:00:00,8.816,8.829,8.76,8.818,5543.504117
2026-03-05 13:00:00,8.819,8.821,8.707,8.765,17789.731179
2026-03-05 14:00:00,8.768,8.846,8.752,8.824,7164.696237
2026-03-05 15:00:00,8.824,8.837,8.663,8.683,11491.296441
2026-03-05 16:00:00,8.685,8.685,8.499,8.621,13078.793588
2026-03-05 17:00:00,8.622,8.668,8.542,8.551,21620.31255
2026-03-05 18:00:00,8.549,8.629,8.539,8.617,2738.71529
2026-03-05 19:00:00,8.62,8.705,8.617,8.652,22547.146099
2026-03-05 20:00:00,8.653,8.756,8.637,8.737,2023.937934
2026-03-05 21:00:00,8.729,8.752,8.657,8.673,2939.127629
2026-03-05 22:00:00,8.68,8.7,8.632,8.675,1510.430545
2026-03-05 23:00:00,8.673,8.695,8.642,8.646,1020.594279
2026-03-06 00:00:00,8.656,8.672,8.632,8.64,6692.371538
2026-03-06 01:00:00,8.637,8.725,8.613,8.704,8002.840036
2026-03-06 02:00:00,8.705,8.727,8.687,8.695,2104.694364
2026-03-06 03:00:00,8.693,8.708,8.668,8.702,1344.692321
2026-03-06 04:00:00,8.704,8.708,8.622,8.649,7757.854151
2026-03-06 05:00:00,8.65,8.667,8.589,8.636,3347.16385
2026-03-06 06:00:00,8.632,8.663,8.618,8.648,5677.396241
2026-03-06 07:00:00,8.646,8.725,8.634,8.698,4271.148315
2026-03-06 08:00:00,8.699,8.7,8.633,8.633,1402.334703
2026-03-06 09:00:00,8.638,8.638,8.53,8.572,9732.762002
2026-03-06 10:00:00,8.572,8.626,8.572,8.589,4096.255607
2026-03-06 11:00:00,8.59,8.59,8.502,8.511,4463.465299
2026-03-06 12:00:00,8.508,8.52,8.451,8.488,10909.179348
2026-03-06 13:00:00,8.487,8.572,8.404,8.41,14914.482014
2026-03-06 14:00:00,8.41,8.438,8.227,8.271,29744.14958
2026-03-06 15:00:00,8.268,8.31,8.18,8.215,12669.707418
2026-03-06 16:00:00,8.212,8.254,8.185,8.212,10809.457609
2026-03-06 17:00:00,8.212,8.237,8.127,8.144,26194.655935
2026-03-06 18:00:00,8.141,8.206,8.139,8.188,29946.10117
2026-03-06 19:00:00,8.191,8.238,8.186,8.2,5231.417593
2026-03-06 20:00:00,8.198,8.234,8.181,8.225,7254.950241
2026-03-06 21:00:00,8.223,8.242,8.213,8.229,2500.883892
2026-03-06 22:00:00,8.232,8.265,8.222,8.254,4446.919002
2026-03-06 23:00:00,8.255,8.263,8.243,8.249,3391.267049
2026-03-07 00:00:00,8.25,8.264,8.229,8.258,8143.005151
2026-03-07 01:00:00,8.253,8.253,8.226,8.226,1243.423831
2026-03-07 02:00:00,8.228,8.269,8.2,8.234,22430.33019
2026-03-07 03:00:00,8.228,8.27,8.198,8.2,15418.99316
2026-03-07 04:00:00,8.198,8.216,8.168,8.2,4646.771599
2026-03-07 05:00:00,8.201,8.211,8.182,8.211,4699.424394
2026-03-07 06:00:00,8.205,8.208,8.155,8.157,7641.834437
2026-03-07 07:00:00,8.158,8.187,8.142,8.183,7859.179404
2026-03-07 08:00:00,8.181,8.235,8.178,8.195,4057.378328
2026-03-07 09:00:00,8.189,8.219,8.169,8.216,3893.103761
2026-03-07 10:00:00,8.214,8.224,8.207,8.219,2475.35762
2026-03-07 11:00:00,8.219,8.287,8.217,8.227,4340.531021
2026-03-07 12:00:00,8.225,8.236,8.19,8.202,1041.038842
2026-03-07 13:00:00,8.202,8.227,8.178,8.205,2389.561092
2026-03-07 14:00:00,8.204,8.21,8.154,8.173,4452.606866
2026-03-07 15:00:00,8.171,8.171,8.112,8.147,5477.819325
2026-03-07 16:00:00,8.146,8.154,8.13,8.15,4383.497734
2026-03-07 17:00:00,8.151,8.185,8.151,8.163,3762.235706
2026-03-07 18:00:00,8.166,8.168,8.083,8.126,10785.920593
2026-03-07 19:00:00,8.123,8.137,8.087,8.104,10412.428087
2026-03-07 20:00:00,8.107,8.135,8.106,8.127,984.259697
2026-03-07 21:00:00,8.128,8.137,8.108,8.131,5148.627997
2026-03-07 22:00:00,8.132,8.136,8.048,8.067,11279.30896
2026-03-07 23:00:00,8.068,8.125,8.065,8.125,1801.678699
2026-03-08 00:00:00,8.127,8.134,8.097,8.103,4533.85698
2026-03-08 01:00:00,8.099,8.133,8.095,8.119,2606.486582
2026-03-08 02:00:00,8.119,8.119,8.011,8.03,17029.182289
2026-03-08 03:00:00,8.028,8.059,8.023,8.052,8694.822581
2026-03-08 04:00:00,8.052,8.071,7.979,7.994,23447.650015
2026-03-08 05:00:00,7.994,8.086,7.994,8.063,17342.176493
2026-03-08 06:00:00,8.064,8.076,8.031,8.074,8379.045045
2026-03-08 07:00:00,8.07,8.116,8.059,8.096,4799.561572
2026-03-08 08:00:00,8.094,8.098,8.049,8.077,7688.346264
2026-03-08 09:00:00,8.07,8.125,8.065,8.116,4032.862686
2026-03-08 10:00:00,8.116,8.194,8.114,8.171,7584.907819
2026-03-08 11:00:00,8.169,8.169,8.095,8.129,8943.721389
2026-03-08 12:00:00,8.127,8.18,8.059,8.122,7621.417502
2026-03-08 13:00:00,8.123,8.126,8.043,8.094,8308.965683
2026-03-08 14:00:00,8.089,8.104,8.025,8.058,6725.667527
2026-03-08 15:00:00,8.055,8.055,7.999,8.024,7908.718475
2026-03-08 16:00:00,8.024,8.025,7.96,7.99,7777.722973
2026-03-08 17:00:00,7.991,8.036,7.986,8.008,2437.941112
2026-03-08 18:00:00,8.014,8.018,7.973,8.017,1938.274169
2026-03-08 19:00:00,8.012,8.122,8.008,8.09,2446.272897
2026-03-08 20:00:00,8.089,8.125,8.042,8.067,1414.887758
2026-03-08 21:00:00,8.067,8.071,8.009,8.05,2708.41204
2026-03-08 22:00:00,8.045,8.045,7.868,8.003,15294.386139
2026-03-08 23:00:00,8.006,8.035,7.965,7.985,2898.718402
2026-03-09 00:00:00,7.982,8.103,7.975,8.023,2584.615401
2026-03-09 01:00:00,8.023,8.083,7.991,8.003,3156.510983
2026-03-09 02:00:00,8.0,8.076,7.98,8.051,2742.196585
2026-03-09 03:00:00,8.05,8.189,8.049,8.104,10092.602334
2026-03-09 04:00:00,8.104,8.169,8.097,8.114,2293.416015
2026-03-09 05:00:00,8.115,8.251,8.098,8.224,11995.864825
2026-03-09 06:00:00,8.225,8.231,8.132,8.133,1889.37902
2026-03-09 07:00:00,8.134,8.152,8.056,8.108,2718.240368
2026-03-09 08:00:00,8.11,8.147,8.095,8.126,2169.133095
2026-03-09 09:00:00,8.126,8.21,8.098,8.137,4059.666717
2026-03-09 10:00:00,8.141,8.156,8.109,8.121,2008.238388
2026-03-09 11:00:00,8.117,8.149,8.072,8.136,2141.350481
2026-03-09 12:00:00,8.137,8.188,8.125,8.158,7157.341068
2026-03-09 13:00:00,8.155,8.276,8.154,8.243,17349.680618
2026-03-09 14:00:00,8.239,8.283,8.192,8.234,5606.149397
2026-03-09 15:00:00,8.238,8.252,8.18,8.202,2957.934802
2026-03-09 16:00:00,8.204,8.24,8.188,8.205,1641.866997
2026-03-09 17:00:00,8.206,8.239,8.198,8.216,2093.653665
2026-03-09 18:00:00,8.214,8.235,8.178,8.188,4472.736744
2026-03-09 19:00:00,8.191,8.359,8.17,8.253,13482.203245
2026-03-09 20:00:00,8.251,8.263,8.196,8.231,2886.243119
2026-03-09 21:00:00,8.228,8.264,8.212,8.24,3088.561145
2026-03-09 22:00:00,8.235,8.238,8.147,8.154,14303.262023
2026-03-09 23:00:00,8.157,8.178,8.147,8.163,9802.537489
2026-03-10 00:00:00,8.161,8.249,8.152,8.218,24872.433193
2026-03-10 01:00:00,8.216,8.245,8.18,8.223,6038.066899
2026-03-10 02:00:00,8.226,8.348,8.21,8.3,14488.519375
2026-03-10 03:00:00,8.298,8.317,8.195,8.212,26358.680216
2026-03-10 04:00:00,8.213,8.294,8.213,8.264,1230.000075
2026-03-10 05:00:00,8.263,8.275,8.228,8.237,2005.811597
2026-03-10 06:00:00,8.236,8.247,8.205,8.24,2712.516512
2026-03-10 07:00:00,8.234,8.29,8.228,8.275,1829.059535
2026-03-10 08:00:00,8.277,8.343,8.277,8.294,8021.579217
2026-03-10 09:00:00,8.306,8.42,8.306,8.396,7061.30683
2026-03-10 10:00:00,8.393,8.396,8.346,8.374,8035.38559
2026-03-10 11:00:00,8.375,8.381,8.334,8.342,2759.635252
2026-03-10 12:00:00,8.34,8.39,8.326,8.382,2862.842393
2026-03-10 13:00:00,8.385,8.431,8.292,8.341,5366.655784
2026-03-10 14:00:00,8.34,8.523,8.267,8.513,11044.298879
2026-03-10 15:00:00,8.519,8.541,8.437,8.493,12260.15603
2026-03-10 16:00:00,8.5,8.537,8.44,8.493,4478.134707
2026-03-10 17:00:00,8.498,8.509,8.403,8.435,4918.931951
2026-03-10 18:00:00,8.431,8.439,8.278,8.298,5958.303169
2026-03-10 19:00:00,8.293,8.321,8.23,8.267,4234.455519
2026-03-10 20:00:00,8.267,8.289,8.265,8.283,1987.569639
2026-03-10 21:00:00,8.283,8.299,8.206,8.22,9444.038603
2026-03-10 22:00:00,8.218,8.252,8.189,8.222,9885.053203
2026-03-10 23:00:00,8.227,8.248,8.222,8.237,1213.050486
2026-03-11 00:00:00,8.241,8.258,8.21,8.25,4023.918584
2026-03-11 01:00:00,8.248,8.256,8.225,8.235,2419.230741
2026-03-11 02:00:00,8.238,8.238,8.167,8.22,4324.731172
2026-03-11 03:00:00,8.221,8.243,8.205,8.207,2721.938878
2026-03-11 04:00:00,8.203,8.244,8.185,8.235,3080.613261
2026-03-11 05:00:00,8.237,8.238,8.133,8.158,4749.059695
2026-03-11 06:00:00,8.161,8.247,8.155,8.223,2770.146374
2026-03-11 07:00:00,8.222,8.231,8.179,8.219,5166.708043
2026-03-11 08:00:00,8.216,8.227,8.182,8.216,1654.50384
2026-03-11 09:00:00,8.214,8.227,8.186,8.188,1790.283604
2026-03-11 10:00:00,8.19,8.237,8.185,8.214,869.077671
2026-03-11 11:00:00,8.211,8.252,8.203,8.226,2095.344161
2026-03-11 12:00:00,8.227,8.356,8.215,8.281,5614.781282
2026-03-11 13:00:00,8.282,8.433,8.273,8.355,6711.315575
2026-03-11 14:00:00,8.353,8.411,8.339,8.342,9609.240272
2026-03-11 15:00:00,8.344,8.353,8.224,8.293,4071.274469
2026-03-11 16:00:00,8.295,8.322,8.262,8.306,3799.318673
2026-03-11 17:00:00,8.308,8.366,8.26,8.309,3149.721158
2026-03-11 18:00:00,8.305,8.363,8.305,8.356,1369.205967
2026-03-11 19:00:00,8.357,8.365,8.312,8.323,559.474853
2026-03-11 20:00:00,8.324,8.338,8.302,8.326,363.151722
2026-03-11 21:00:00,8.326,8.35,8.296,8.343,678.262219
2026-03-11 22:00:00,8.341,8.363,8.313,8.328,1516.853238
2026-03-11 23:00:00,8.333,8.344,8.271,8.286,695.905054
2026-03-12 00:00:00,8.286,8.32,8.267,8.318,1907.49428
2026-03-12 01:00:00,8.306,8.306,8.25,8.269,1129.524695
2026-03-12 02:00:00,8.261,8.279,8.209,8.209,2679.722369
2026-03-12 03:00:00,8.212,8.24,8.188,8.2,3763.619241
2026-03-12 04:00:00,8.198,8.224,8.183,8.196,2042.780868
2026-03-12 05:00:00,8.192,8.204,8.159,8.186,1117.471138
2026-03-12 06:00:00,8.187,8.203,8.178,8.196,2108.717643
2026-03-12 07:00:00,8.197,8.237,8.185,8.23,1551.02386
2026-03-12 08:00:00,8.231,8.266,8.202,8.234,1983.654789
2026-03-12 09:00:00,8.229,8.27,8.192,8.232,2311.79979
2026-03-12 10:00:00,8.229,8.28,8.197,8.254,4367.685793
2026-03-12 11:00:00,8.251,8.251,8.201,8.218,4985.806021
2026-03-12 12:00:00,8.217,8.256,8.197,8.237,3712.422453
2026-03-12 13:00:00,8.233,8.269,8.167,8.209,10401.102822
2026-03-12 14:00:00,8.21,8.25,8.104,8.151,14326.397321
2026-03-12 15:00:00,8.151,8.203,8.127,8.185,5906.017283
2026-03-12 16:00:00,8.185,8.231,8.145,8.204,5749.845097
2026-03-12 17:00:00,8.206,8.226,8.187,8.197,5127.289533
2026-03-12 18:00:00,8.196,8.224,8.172,8.198,2422.173043
2026-03-12 19:00:00,8.202,8.265,8.188,8.256,947.168201
2026-03-12 20:00:00,8.254,8.262,8.221,8.221,2188.108611
2026-03-12 21:00:00,8.224,8.286,8.209,8.279,4969.456555
2026-03-12 22:00:00,8.276,8.298,8.261,8.276,7501.458782
2026-03-12 23:00:00,8.278,8.32,8.263,8.267,4170.594114
2026-03-13 00:00:00,8.268,8.464,8.246,8.381,11369.026353
2026-03-13 01:00:00,8.379,8.432,8.366,8.419,7142.970168
2026-03-13 02:00:00,8.429,8.429,8.373,8.394,1822.445506
2026-03-13 03:00:00,8.395,8.456,8.38,8.448,2349.878144
2026-03-13 04:00:00,8.45,8.459,8.384,8.398,2865.586642
2026-03-13 05:00:00,8.399,8.415,8.372,8.394,4873.82762
2026-03-13 06:00:00,8.395,8.4,8.337,8.37,4542.786165
2026-03-13 07:00:00,8.367,8.393,8.362,8.387,1174.137237
2026-03-13 08:00:00,8.382,8.445,8.354,8.413,4264.293994
2026-03-13 09:00:00,8.409,8.487,8.409,8.48,2813.881575
2026-03-13 10:00:00,8.479,8.555,8.479,8.548,9599.34317
2026-03-13 11:00:00,8.55,8.577,8.529,8.563,3368.767338
2026-03-13 12:00:00,8.563,8.716,8.557,8.686,28085.969403
2026-03-13 13:00:00,8.693,8.843,8.676,8.777,23623.541787
2026-03-13 14:00:00,8.778,8.847,8.589,8.616,27932.469962
2026-03-13 15:00:00,8.617,8.663,8.545,8.575,20958.365391
2026-03-13 16:00:00,8.573,8.64,8.52,8.606,19174.52136
2026-03-13 17:00:00,8.606,8.632,8.479,8.499,12286.453043
2026-03-13 18:00:00,8.502,8.548,8.482,8.511,3155.670562
2026-03-13 19:00:00,8.507,8.53,8.489,8.515,3445.592555
2026-03-13 20:00:00,8.512,8.548,8.503,8.535,1992.729198
2026-03-13 21:00:00,8.541,8.59,8.506,8.531,2035.241353
2026-03-13 22:00:00,8.528,8.541,8.417,8.459,7264.132953
2026-03-13 23:00:00,8.46,8.504,8.46,8.491,2183.257806
2026-03-14 00:00:00,8.479,8.492,8.4,8.417,4001.393909
2026-03-14 01:00:00,8.417,8.477,8.404,8.473,3925.828939
2026-03-14 02:00:00,8.469,8.497,8.446,8.486,2369.356272
2026-03-14 03:00:00,8.486,8.518,8.462,8.485,3674.483284
2026-03-14 04:00:00,8.484,8.517,8.439,8.445,4105.326889
2026-03-14 05:00:00,8.449,8.457,8.392,8.414,1601.256724
2026-03-14 06:00:00,8.408,8.408,8.271,8.317,9351.858854
2026-03-14 07:00:00,8.318,8.323,8.272,8.289,9590.979659
2026-03-14 08:00:00,8.283,8.298,8.276,8.28,1249.412367
2026-03-14 09:00:00,8.279,8.296,8.247,8.265,4601.92266
2026-03-14 10:00:00,8.262,8.264,8.21,8.234,4656.256617
2026-03-14 11:00:00,8.231,8.273,8.226,8.26,14180.31295
2026-03-14 12:00:00,8.259,8.26,8.227,8.237,4142.725516
2026-03-14 13:00:00,8.238,8.26,8.233,8.256,8619.027253
2026-03-14 14:00:00,8.254,8.264,8.226,8.23,7781.156725
2026-03-14 15:00:00,8.228,8.24,8.205,8.231,8078.630336
2026-03-14 16:00:00,8.229,8.255,8.211,8.254,6662.966654
2026-03-14 17:00:00,8.252,8.252,8.218,8.228,6895.281401
2026-03-14 18:00:00,8.219,8.239,8.208,8.233,1266.96208
2026-03-14 19:00:00,8.228,8.229,8.215,8.215,1570.098649
2026-03-14 20:00:00,8.214,8.226,8.196,8.216,2317.25201
2026-03-14 21:00:00,8.212,8.232,8.189,8.231,3988.509156
2026-03-14 22:00:00,8.231,8.238,8.215,8.219,4101.669455
2026-03-14 23:00:00,8.217,8.28,8.211,8.257,12769.666472
2026-03-15 00:00:00,8.258,8.266,8.211,8.219,7113.056455
2026-03-15 01:00:00,8.219,8.248,8.197,8.242,2985.342125
2026-03-15 02:00:00,8.243,8.321,8.243,8.305,9056.604308
2026-03-15 03:00:00,8.311,8.32,8.25,8.26,3921.924863
2026-03-15 04:00:00,8.265,8.289,8.23,8.263,5301.405218
2026-03-15 05:00:00,8.264,8.29,8.24,8.261,6501.273676
2026-03-15 06:00:00,8.261,8.274,8.228,8.232,6703.193089
2026-03-15 07:00:00,8.229,8.276,8.228,8.276,983.882049
2026-03-15 08:00:00,8.277,8.316,8.267,8.315,2138.299922
2026-03-15 09:00:00,8.314,8.361,8.312,8.324,1995.978116
2026-03-15 10:00:00,8.325,8.399,8.31,8.369,9610.968717
2026-03-15 11:00:00,8.377,8.428,8.365,8.404,10308.017954
2026-03-15 12:00:00,8.406,8.406,8.369,8.386,3165.18969
2026-03-15 13:00:00,8.386,8.402,8.28,8.329,7689.425025
2026-03-15 14:00:00,8.328,8.335,8.286,8.315,5177.321283
2026-03-15 15:00:00,8.315,8.323,8.278,8.285,3790.93603
2026-03-15 16:00:00,8.286,8.308,8.261,8.262,1809.416255
2026-03-15 17:00:00,8.265,8.356,8.265,8.335,1099.094767
2026-03-15 18:00:00,8.335,8.343,8.267,8.28,2451.994477
2026-03-15 19:00:00,8.282,8.327,8.278,8.324,1864.821419
2026-03-15 20:00:00,8.323,8.363,8.299,8.332,708.54658
2026-03-15 21:00:00,8.331,8.401,8.305,8.386,2860.530135
2026-03-15 22:00:00,8.389,8.515,8.342,8.484,9408.5249
2026-03-15 23:00:00,8.495,8.523,8.42,8.475,10261.723643
2026-03-16 00:00:00,8.477,8.514,8.446,8.494,6238.428187
2026-03-16 01:00:00,8.494,8.522,8.446,8.513,3655.440752
2026-03-16 02:00:00,8.515,8.543,8.461,8.518,5762.760688
2026-03-16 03:00:00,8.517,8.737,8.503,8.657,27703.437989
2026-03-16 04:00:00,8.658,8.798,8.656,8.769,51011.647819
2026-03-16 05:00:00,8.769,8.971,8.763,8.93,74341.500269
2026-03-16 06:00:00,8.933,9.026,8.875,8.965,54406.220904
2026-03-16 07:00:00,8.964,9.078,8.963,9.044,36625.684763
2026-03-16 08:00:00,9.046,9.232,8.943,8.946,79538.455239
2026-03-16 09:00:00,8.948,8.986,8.894,8.895,24175.597732
2026-03-16 10:00:00,8.897,8.914,8.773,8.904,53762.011483
2026-03-16 11:00:00,8.905,8.919,8.817,8.859,11284.717425
2026-03-16 12:00:00,8.861,8.913,8.85,8.869,13634.977649
2026-03-16 13:00:00,8.871,9.0,8.835,8.94,20382.982975
2026-03-16 14:00:00,8.941,8.975,8.814,8.943,17334.141478
2026-03-16 15:00:00,8.945,8.961,8.82,8.822,13605.336108
2026-03-16 16:00:00,8.831,8.954,8.831,8.934,9861.091124
2026-03-16 17:00:00,8.936,9.007,8.924,8.989,10368.474624
2026-03-16 18:00:00,8.988,9.07,8.981,9.009,16943.041631
2026-03-16 19:00:00,9.01,9.068,8.984,9.001,7218.928066
2026-03-16 20:00:00,9.001,9.031,8.984,9.018,11646.470745
2026-03-16 21:00:00,9.017,9.098,9.007,9.053,6462.381666
2026-03-16 22:00:00,9.046,9.118,9.041,9.065,8491.279718
2026-03-16 23:00:00,9.063,9.084,8.987,9.027,7132.863824
2026-03-17 00:00:00,9.027,9.088,8.988,9.045,16057.446339
2026-03-17 01:00:00,9.046,9.093,8.994,9.026,10528.303644
2026-03-17 02:00:00,9.027,9.079,8.992,9.019,7139.349099
2026-03-17 03:00:00,9.022,9.022,8.861,8.92,20294.480442
2026-03-17 04:00:00,8.924,8.942,8.814,8.869,11741.828807
2026-03-17 05:00:00,8.867,8.883,8.8,8.841,10415.282295
2026-03-17 06:00:00,8.848,8.88,8.807,8.841,9454.760114
2026-03-17 07:00:00,8.845,8.94,8.843,8.879,4931.019392
2026-03-17 08:00:00,8.888,8.919,8.865,8.885,3454.691025
2026-03-17 09:00:00,8.881,8.898,8.835,8.86,14418.895473
2026-03-17 10:00:00,8.861,8.868,8.833,8.848,3001.570523
2026-03-17 11:00:00,8.852,8.896,8.839,8.846,4290.575359
2026-03-17 12:00:00,8.847,8.852,8.767,8.784,5439.482683
2026-03-17 13:00:00,8.782,8.859,8.766,8.823,11267.083742
2026-03-17 14:00:00,8.824,8.888,8.802,8.857,3658.195234
2026-03-17 15:00:00,8.858,8.915,8.782,8.85,5194.228376
2026-03-17 16:00:00,8.849,8.91,8.845,8.856,5241.253545
2026-03-17 17:00:00,8.859,8.895,8.844,8.888,1404.463944
2026-03-17 18:00:00,8.888,8.903,8.864,8.889,2251.985079
2026-03-17 19:00:00,8.891,8.892,8.849,8.854,5414.12569
2026-03-17 20:00:00,8.855,8.899,8.848,8.898,1066.473391
2026-03-17 21:00:00,8.895,8.947,8.891,8.926,1507.539908
2026-03-17 22:00:00,8.924,8.942,8.868,8.915,944.341608
2026-03-17 23:00:00,8.914,8.92,8.854,8.857,3542.578832
2026-03-18 00:00:00,8.865,8.877,8.786,8.821,3854.944193
2026-03-18 01:00:00,8.822,8.854,8.811,8.83,3416.999525
2026-03-18 02:00:00,8.825,8.919,8.824,8.886,4003.243068
2026-03-18 03:00:00,8.885,8.964,8.878,8.926,3354.538193
2026-03-18 04:00:00,8.928,8.932,8.839,8.867,1796.284573
2026-03-18 05:00:00,8.868,8.948,8.857,8.861,7983.903835
2026-03-18 06:00:00,8.862,8.904,8.855,8.857,4810.211234
2026-03-18 07:00:00,8.855,8.855,8.81,8.844,4104.008756
2026-03-18 08:00:00,8.843,8.875,8.838,8.849,4430.789135
2026-03-18 09:00:00,8.847,8.91,8.838,8.879,7337.759997
2026-03-18 10:00:00,8.881,8.885,8.817,8.842,1640.331878
2026-03-18 11:00:00,8.838,8.858,8.64,8.669,13204.338087
2026-03-18 12:00:00,8.667,8.667,8.503,8.521,15837.4656
2026-03-18 13:00:00,8.521,8.548,8.461,8.525,10648.94272
2026-03-18 14:00:00,8.526,8.527,8.335,8.335,30615.583479
2026-03-18 15:00:00,8.352,8.393,8.3,8.367,14885.673261
2026-03-18 16:00:00,8.369,8.379,8.313,8.362,11750.797409
2026-03-18 17:00:00,8.363,8.448,8.341,8.414,11272.165499
2026-03-18 18:00:00,8.42,8.502,8.399,8.421,8433.637205
2026-03-18 19:00:00,8.424,8.472,8.421,8.437,6546.50404
2026-03-18 20:00:00,8.433,8.484,8.381,8.47,4137.1276
2026-03-18 21:00:00,8.468,8.511,8.465,8.502,1569.099381
2026-03-18 22:00:00,8.496,8.496,8.461,8.472,1278.819093
2026-03-18 23:00:00,8.473,8.514,8.46,8.51,3350.060068
2026-03-19 00:00:00,8.511,8.514,8.464,8.476,1153.073173
2026-03-19 01:00:00,8.475,8.504,8.459,8.495,1337.845271
2026-03-19 02:00:00,8.493,8.499,8.452,8.477,1340.650546
2026-03-19 03:00:00,8.483,8.652,8.483,8.566,9653.801802
2026-03-19 04:00:00,8.561,8.573,8.519,8.53,1256.22359
2026-03-19 05:00:00,8.525,8.532,8.453,8.473,1957.72353
2026-03-19 06:00:00,8.478,8.49,8.438,8.462,4568.632952
2026-03-19 07:00:00,8.46,8.461,8.328,8.377,9383.181679
2026-03-19 08:00:00,8.373,8.419,8.364,8.376,2578.206827
2026-03-19 09:00:00,8.376,8.456,8.375,8.44,2576.240459
2026-03-19 10:00:00,8.441,8.441,8.371,8.371,4383.718477
2026-03-19 11:00:00,8.371,8.405,8.367,8.388,1479.286854
2026-03-19 12:00:00,8.386,8.388,8.277,8.278,8477.638057
2026-03-19 13:00:00,8.28,8.358,8.248,8.34,18330.881564
2026-03-19 14:00:00,8.349,8.377,8.287,8.324,8016.684357
2026-03-19 15:00:00,8.321,8.35,8.243,8.3,8288.287448
2026-03-19 16:00:00,8.3,8.3,8.263,8.273,5280.341764
2026-03-19 17:00:00,8.27,8.305,8.242,8.296,4162.371211
2026-03-19 18:00:00,8.293,8.302,8.254,8.282,2800.75197
2026-03-19 19:00:00,8.28,8.366,8.28,8.342,10685.734448
2026-03-19 20:00:00,8.339,8.373,8.326,8.349,3590.409033
2026-03-19 21:00:00,8.348,8.369,8.344,8.369,2707.443204
2026-03-19 22:00:00,8.367,8.367,8.297,8.333,6032.431143
2026-03-19 23:00:00,8.334,8.358,8.314,8.347,1960.600346
2026-03-20 00:00:00,8.35,8.38,8.342,8.377,12210.024681
2026-03-20 01:00:00,8.38,8.444,8.38,8.419,2847.414639
2026-03-20 02:00:00,8.422,8.434,8.384,8.424,3836.270365
2026-03-20 03:00:00,8.427,8.465,8.416,8.423,3351.603038
2026-03-20 04:00:00,8.422,8.459,8.389,8.456,1544.006886
2026-03-20 05:00:00,8.46,8.514,8.454,8.465,5923.14212
2026-03-20 06:00:00,8.463,8.477,8.431,8.434,4466.578777
2026-03-20 07:00:00,8.433,8.434,8.373,8.401,3220.59491
2026-03-20 08:00:00,8.4,8.457,8.391,8.412,4429.480552
2026-03-20 09:00:00,8.408,8.408,8.347,8.364,4210.691399
2026-03-20 10:00:00,8.365,8.392,8.329,8.385,2858.057055
2026-03-20 11:00:00,8.389,8.431,8.344,8.379,2500.773214
2026-03-20 12:00:00,8.38,8.415,8.341,8.36,2797.455403
2026-03-20 13:00:00,8.361,8.403,8.316,8.333,3615.554268
2026-03-20 14:00:00,8.329,8.402,8.304,8.339,4883.831983
2026-03-20 15:00:00,8.339,8.402,8.31,8.402,3123.839711
2026-03-20 16:00:00,8.402,8.424,8.381,8.42,3712.692318
2026-03-20 17:00:00,8.417,8.467,8.385,8.453,3166.569789
2026-03-20 18:00:00,8.455,8.463,8.346,8.361,9252.371738
2026-03-20 19:00:00,8.374,8.402,8.327,8.398,2132.067689
2026-03-20 20:00:00,8.401,8.407,8.34,8.383,767.138115
2026-03-20 21:00:00,8.385,8.449,8.359,8.421,2800.954932
2026-03-20 22:00:00,8.429,8.491,8.429,8.431,3877.09341
2026-03-20 23:00:00,8.43,8.43,8.393,8.403,1861.297689
2026-03-21 00:00:00,8.404,8.428,8.395,8.408,1294.379201
2026-03-21 01:00:00,8.409,8.433,8.382,8.389,1030.257618
2026-03-21 02:00:00,8.386,8.428,8.381,8.421,1284.38584
2026-03-21 03:00:00,8.422,8.423,8.405,8.41,666.134796
2026-03-21 04:00:00,8.409,8.426,8.402,8.404,557.146546
2026-03-21 05:00:00,8.406,8.437,8.406,8.415,1640.200431
2026-03-21 06:00:00,8.415,8.457,8.411,8.447,1430.233451
2026-03-21 07:00:00,8.446,8.45,8.412,8.414,609.4746
2026-03-21 08:00:00,8.414,8.435,8.403,8.433,3853.978384
2026-03-21 09:00:00,8.434,8.46,8.415,8.416,1687.822177
2026-03-21 10:00:00,8.416,8.417,8.395,8.413,5297.972209
2026-03-21 11:00:00,8.412,8.435,8.412,8.425,5812.739011
2026-03-21 12:00:00,8.427,8.431,8.4,8.401,1853.563501
2026-03-21 13:00:00,8.397,8.403,8.369,8.383,3336.158114
2026-03-21 14:00:00,8.388,8.43,8.373,8.377,9284.217801
2026-03-21 15:00:00,8.378,8.451,8.375,8.445,3345.162592
2026-03-21 16:00:00,8.45,8.456,8.395,8.4,2430.109594
2026-03-21 17:00:00,8.399,8.406,8.385,8.394,669.760674
2026-03-21 18:00:00,8.392,8.406,8.386,8.388,790.560141
2026-03-21 19:00:00,8.387,8.389,8.376,8.382,839.686206
2026-03-21 20:00:00,8.379,8.413,8.379,8.407,404.527797
2026-03-21 21:00:00,8.41,8.411,8.377,8.379,1505.412996
2026-03-21 22:00:00,8.378,8.394,8.364,8.378,1000.044838
2026-03-21 23:00:00,8.372,8.372,8.108,8.169,44636.719572
2026-03-22 00:00:00,8.168,8.213,8.025,8.175,26223.802868
2026-03-22 01:00:00,8.176,8.214,8.151,8.196,5108.800615
2026-03-22 02:00:00,8.195,8.271,8.194,8.231,21205.698979
2026-03-22 03:00:00,8.227,8.283,8.207,8.232,6735.873972
2026-03-22 04:00:00,8.227,8.257,8.208,8.246,4122.098552
2026-03-22 05:00:00,8.246,8.246,8.203,8.204,1019.988148
2026-03-22 06:00:00,8.204,8.206,8.183,8.199,3828.618151
2026-03-22 07:00:00,8.2,8.212,8.165,8.165,1145.750361
2026-03-22 08:00:00,8.161,8.167,8.094,8.15,8298.605905
2026-03-22 09:00:00,8.145,8.175,8.142,8.168,1356.18416
2026-03-22 10:00:00,8.165,8.177,8.114,8.119,3409.509756
2026-03-22 11:00:00,8.118,8.132,8.098,8.112,4165.560113
2026-03-22 12:00:00,8.113,8.173,8.112,8.132,2759.894553
2026-03-22 13:00:00,8.133,8.161,8.095,8.124,16726.009497
2026-03-22 14:00:00,8.123,8.134,8.099,8.105,5955.633198
2026-03-22 15:00:00,8.109,8.131,8.109,8.131,6647.93311
2026-03-22 16:00:00,8.132,8.141,8.115,8.124,4582.975716
2026-03-22 17:00:00,8.12,8.128,8.108,8.112,667.569275
2026-03-22 18:00:00,8.108,8.118,8.05,8.088,4366.947702
2026-03-22 19:00:00,8.088,8.088,8.034,8.07,4395.532764
2026-03-22 20:00:00,8.071,8.09,8.049,8.058,1489.315776
2026-03-22 21:00:00,8.062,8.071,7.95,8.023,22986.15878
2026-03-22 22:00:00,8.023,8.074,7.984,8.063,3925.315066
2026-03-22 23:00:00,8.064,8.109,8.028,8.034,5216.985449
2026-03-23 00:00:00,8.039,8.123,8.039,8.116,2475.462249
2026-03-23 01:00:00,8.112,8.163,8.097,8.132,6720.138403
2026-03-23 02:00:00,8.131,8.207,8.126,8.177,2296.558216
2026-03-23 03:00:00,8.176,8.223,8.157,8.177,3701.49516
2026-03-23 04:00:00,8.181,8.2,8.166,8.183,2753.505638
2026-03-23 05:00:00,8.184,8.202,8.16,8.181,4894.161649
2026-03-23 06:00:00,8.183,8.183,8.06,8.088,6844.172632
2026-03-23 07:00:00,8.081,8.081,8.014,8.04,16772.263914
2026-03-23 08:00:00,8.043,8.087,8.036,8.046,1993.352358
2026-03-23 09:00:00,8.042,8.059,7.984,8.055,10807.679755
2026-03-23 10:00:00,8.058,8.094,8.043,8.074,1214.023871
2026-03-23 11:00:00,8.077,8.448,8.075,8.318,48954.171822
2026-03-23 12:00:00,8.322,8.454,8.304,8.425,8984.094488
2026-03-23 13:00:00,8.426,8.595,8.386,8.561,14838.009077
2026-03-23 14:00:00,8.565,8.623,8.446,8.495,56049.770657
2026-03-23 15:00:00,8.494,8.555,8.386,8.398,10395.773237
2026-03-23 16:00:00,8.401,8.45,8.359,8.444,7916.538408
2026-03-23 17:00:00,8.446,8.488,8.397,8.46,3101.933881
2026-03-23 18:00:00,8.463,8.501,8.423,8.498,6137.381419
2026-03-23 19:00:00,8.498,8.523,8.476,8.487,1688.642801
2026-03-23 20:00:00,8.486,8.606,8.477,8.578,4212.318607
2026-03-23 21:00:00,8.581,8.726,8.581,8.677,26485.162249
2026-03-23 22:00:00,8.682,8.687,8.54,8.568,9697.66881
2026-03-23 23:00:00,8.559,8.597,8.514,8.585,8681.168467
2026-03-24 00:00:00,8.586,8.621,8.454,8.5,9653.362921
2026-03-24 01:00:00,8.491,8.5,8.407,8.427,6452.694287
2026-03-24 02:00:00,8.427,8.493,8.404,8.419,1723.611716
2026-03-24 03:00:00,8.425,8.452,8.404,8.451,2509.830863
2026-03-24 04:00:00,8.446,8.456,8.392,8.408,3591.171826
2026-03-24 05:00:00,8.406,8.458,8.385,8.443,9490.914756
2026-03-24 06:00:00,8.442,8.466,8.416,8.434,4274.554744
2026-03-24 07:00:00,8.434,8.534,8.428,8.521,11352.073479
2026-03-24 08:00:00,8.526,8.567,8.512,8.531,4803.711255
2026-03-24 09:00:00,8.527,8.546,8.501,8.525,5290.208913
2026-03-24 10:00:00,8.525,8.525,8.466,8.479,5134.820422
2026-03-24 11:00:00,8.478,8.479,8.414,8.429,3645.986835
2026-03-24 12:00:00,8.431,8.449,8.4,8.432,4121.676329
2026-03-24 13:00:00,8.431,8.468,8.393,8.399,5456.681661
2026-03-24 14:00:00,8.402,8.453,8.349,8.443,9065.192569
2026-03-24 15:00:00,8.444,8.518,8.428,8.495,8042.382838
2026-03-24 16:00:00,8.494,8.558,8.451,8.465,20732.068187
2026-03-24 17:00:00,8.468,8.474,8.389,8.432,5173.020838
2026-03-24 18:00:00,8.43,8.524,8.43,8.484,2402.933752
2026-03-24 19:00:00,8.488,8.525,8.479,8.504,4102.079887
2026-03-24 20:00:00,8.506,8.731,8.506,8.665,24256.827162
2026-03-24 21:00:00,8.662,8.684,8.573,8.649,5767.226928
2026-03-24 22:00:00,8.649,8.664,8.588,8.603,5219.741067
2026-03-24 23:00:00,8.603,8.676,8.601,8.662,12823.16258
2026-03-25 00:00:00,8.665,8.79,8.638,8.731,15715.82713
2026-03-25 01:00:00,8.73,8.823,8.695,8.723,8952.223258
2026-03-25 02:00:00,8.72,8.743,8.668,8.672,4255.328026
2026-03-25 03:00:00,8.675,8.688,8.629,8.662,4878.281224
2026-03-25 04:00:00,8.66,8.675,8.641,8.667,1426.596454
2026-03-25 05:00:00,8.664,8.698,8.624,8.624,5671.439869
2026-03-25 06:00:00,8.633,8.653,8.624,8.632,5289.586061
2026-03-25 07:00:00,8.637,8.706,8.637,8.684,8123.616629
2026-03-25 08:00:00,8.687,8.788,8.687,8.738,8359.370728
2026-03-25 09:00:00,8.738,8.741,8.68,8.712,11944.649458
2026-03-25 10:00:00,8.709,8.767,8.7,8.74,4252.042604
2026-03-25 11:00:00,8.738,8.762,8.717,8.735,3887.572107
2026-03-25 12:00:00,8.738,8.778,8.698,8.754,14123.311402
2026-03-25 13:00:00,8.758,8.788,8.686,8.702,9081.263338
2026-03-25 14:00:00,8.704,8.729,8.685,8.701,7015.921194
2026-03-25 15:00:00,8.703,8.725,8.648,8.675,21086.896621
2026-03-25 16:00:00,8.677,8.783,8.672,8.704,12588.233789
2026-03-25 17:00:00,8.707,8.724,8.675,8.697,2146.512933
2026-03-25 18:00:00,8.696,8.715,8.656,8.67,4146.30128
2026-03-25 19:00:00,8.671,8.69,8.654,8.678,2366.234726
2026-03-25 20:00:00,8.681,8.681,8.616,8.633,2432.790761
2026-03-25 21:00:00,8.632,8.665,8.619,8.644,4852.520751
2026-03-25 22:00:00,8.65,8.725,8.644,8.686,2970.196074
2026-03-25 23:00:00,8.69,8.694,8.658,8.673,3895.058475
2026-03-26 00:00:00,8.673,8.681,8.648,8.671,7326.777912
2026-03-26 01:00:00,8.669,8.711,8.663,8.673,4872.379692
2026-03-26 02:00:00,8.673,8.673,8.593,8.618,7153.298351
2026-03-26 03:00:00,8.618,8.618,8.549,8.574,6065.898248
2026-03-26 04:00:00,8.572,8.572,8.537,8.552,3624.508842
2026-03-26 05:00:00,8.55,8.554,8.465,8.476,7396.488076
2026-03-26 06:00:00,8.474,8.478,8.434,8.464,5661.097005
2026-03-26 07:00:00,8.459,8.481,8.427,8.471,3887.175255
2026-03-26 08:00:00,8.465,8.472,8.41,8.432,12041.781297
2026-03-26 09:00:00,8.425,8.449,8.35,8.377,9673.101326
2026-03-26 10:00:00,8.372,8.376,8.331,8.346,17913.432095
2026-03-26 11:00:00,8.347,8.35,8.297,8.309,5410.935482
2026-03-26 12:00:00,8.308,8.309,8.267,8.303,10455.981768
2026-03-26 13:00:00,8.302,8.367,8.275,8.332,5776.97455
2026-03-26 14:00:00,8.334,8.361,8.292,8.319,6077.135939
2026-03-26 15:00:00,8.317,8.317,8.247,8.276,7503.858282
2026-03-26 16:00:00,8.278,8.285,8.218,8.237,6958.633577
2026-03-26 17:00:00,8.234,8.284,8.204,8.231,6595.962906
2026-03-26 18:00:00,8.237,8.237,8.174,8.195,10843.36828
2026-03-26 19:00:00,8.193,8.193,8.15,8.171,3375.079888
2026-03-26 20:00:00,8.168,8.283,8.143,8.194,9735.616724
2026-03-26 21:00:00,8.193,8.29,8.178,8.25,7497.755228
2026-03-26 22:00:00,8.248,8.248,8.169,8.234,5350.927403
2026-03-26 23:00:00,8.239,8.258,8.194,8.216,2833.882884
2026-03-27 00:00:00,8.215,8.239,8.186,8.194,3456.296728
2026-03-27 01:00:00,8.198,8.242,8.194,8.235,4909.491985
2026-03-27 02:00:00,8.236,8.24,8.203,8.216,1865.708195
2026-03-27 03:00:00,8.218,8.226,8.191,8.191,2563.069031
2026-03-27 04:00:00,8.188,8.214,8.144,8.201,3452.115101
2026-03-27 05:00:00,8.2,8.218,8.177,8.195,1815.190691
2026-03-27 06:00:00,8.193,8.203,8.182,8.196,900.553888
2026-03-27 07:00:00,8.193,8.222,8.185,8.216,1137.498913
2026-03-27 08:00:00,8.213,8.225,8.113,8.177,10757.54148
2026-03-27 09:00:00,8.167,8.173,8.082,8.126,17428.471911
2026-03-27 10:00:00,8.125,8.133,7.975,7.998,28645.01275
2026-03-27 11:00:00,7.998,8.068,7.971,8.058,49743.664253
2026-03-27 12:00:00,8.058,8.078,8.022,8.077,14277.419416
2026-03-27 13:00:00,8.076,8.131,8.023,8.054,10531.080317
2026-03-27 14:00:00,8.052,8.108,8.032,8.075,23913.334102
2026-03-27 15:00:00,8.077,8.157,8.061,8.085,17197.964356
2026-03-27 16:00:00,8.085,8.105,8.06,8.073,5146.60029
2026-03-27 17:00:00,8.074,8.121,8.06,8.079,5352.987461
2026-03-27 18:00:00,8.065,8.079,8.039,8.07,5000.08362
2026-03-27 19:00:00,8.069,8.103,8.048,8.094,3612.83526
2026-03-27 20:00:00,8.094,8.109,8.058,8.095,1507.968608
2026-03-27 21:00:00,8.096,8.108,8.072,8.082,2934.404203
2026-03-27 22:00:00,8.082,8.087,8.054,8.069,997.912707
2026-03-27 23:00:00,8.067,8.101,8.059,8.091,1689.788083
2026-03-28 00:00:00,8.095,8.117,8.09,8.114,2040.300806
2026-03-28 01:00:00,8.113,8.113,8.035,8.071,2908.703547
2026-03-28 02:00:00,8.073,8.101,8.06,8.07,1635.922296
2026-03-28 03:00:00,8.084,8.096,8.077,8.083,2594.155315
2026-03-28 04:00:00,8.083,8.093,8.067,8.092,8369.992896
2026-03-28 05:00:00,8.095,8.105,8.075,8.105,1497.411505
2026-03-28 06:00:00,8.103,8.149,8.092,8.109,4397.024229
2026-03-28 07:00:00,8.11,8.188,8.11,8.186,1923.562
2026-03-28 08:00:00,8.189,8.203,8.157,8.171,1582.801351
2026-03-28 09:00:00,8.167,8.167,8.13,8.146,1453.388838
2026-03-28 10:00:00,8.144,8.173,8.12,8.146,2834.206562
2026-03-28 11:00:00,8.145,8.163,8.132,8.153,950.40294
2026-03-28 12:00:00,8.153,8.173,8.127,8.139,896.209123
2026-03-28 13:00:00,8.137,8.243,8.137,8.209,4391.508263
2026-03-28 14:00:00,8.21,8.212,8.137,8.175,12200.038179
2026-03-28 15:00:00,8.18,8.249,8.175,8.197,8547.753308
2026-03-28 16:00:00,8.202,8.208,8.194,8.203,648.627959
2026-03-28 17:00:00,8.205,8.205,8.157,8.171,1465.351502
2026-03-28 18:00:00,8.169,8.179,8.165,8.172,353.588235
2026-03-28 19:00:00,8.164,8.173,8.151,8.162,61.040566
2026-03-28 20:00:00,8.164,8.191,8.164,8.166,816.309305
2026-03-28 21:00:00,8.163,8.163,8.106,8.118,5235.626504
2026-03-28 22:00:00,8.11,8.11,8.076,8.094,1910.618078
2026-03-28 23:00:00,8.092,8.093,8.021,8.038,3833.608965
2026-03-29 00:00:00,8.037,8.049,8.0,8.014,3779.676451
2026-03-29 01:00:00,8.019,8.058,8.019,8.044,2760.529558
2026-03-29 02:00:00,8.043,8.053,8.036,8.044,1138.069461
2026-03-29 03:00:00,8.047,8.092,8.047,8.073,1494.385373
2026-03-29 04:00:00,8.073,8.079,8.05,8.056,2225.44636
2026-03-29 05:00:00,8.052,8.052,8.024,8.049,2385.722108
2026-03-29 06:00:00,8.042,8.053,8.024,8.038,1683.542721
2026-03-29 07:00:00,8.038,8.041,8.02,8.032,2059.178391
2026-03-29 08:00:00,8.027,8.032,8.015,8.022,2867.839125
2026-03-29 09:00:00,8.023,8.027,8.006,8.014,2304.774042
2026-03-29 10:00:00,8.008,8.008,7.984,7.997,5919.804117
2026-03-29 11:00:00,7.997,8.036,7.996,8.02,1739.954063
2026-03-29 12:00:00,8.019,8.019,7.989,8.001,4280.328773
2026-03-29 13:00:00,8.002,8.002,7.931,7.951,6646.275998
2026-03-29 14:00:00,7.956,8.0,7.938,7.975,5303.641259
2026-03-29 15:00:00,7.978,7.993,7.94,7.958,7085.778159
2026-03-29 16:00:00,7.961,7.973,7.932,7.938,2427.89542
2026-03-29 17:00:00,7.938,7.949,7.893,7.935,6383.220486
2026-03-29 18:00:00,7.935,7.965,7.92,7.954,3391.512072
2026-03-29 19:00:00,7.953,7.959,7.943,7.95,1458.447887
2026-03-29 20:00:00,7.95,8.008,7.95,7.999,3247.009361
2026-03-29 21:00:00,8.004,8.027,7.993,8.026,650.784643
2026-03-29 22:00:00,8.021,8.021,7.752,7.918,33535.323873
2026-03-29 23:00:00,7.916,7.964,7.899,7.937,9062.02375
2026-03-30 00:00:00,7.945,8.088,7.927,8.03,7113.446864
2026-03-30 01:00:00,8.029,8.102,8.028,8.101,2508.032624
2026-03-30 02:00:00,8.098,8.221,8.098,8.188,4784.50047
2026-03-30 03:00:00,8.191,8.191,8.153,8.171,1534.389071
2026-03-30 04:00:00,8.177,8.241,8.177,8.22,5268.535946
2026-03-30 05:00:00,8.223,8.243,8.193,8.204,5072.103793
2026-03-30 06:00:00,8.211,8.231,8.203,8.205,3641.955173
2026-03-30 07:00:00,8.208,8.337,8.203,8.324,23309.017947
2026-03-30 08:00:00,8.325,8.398,8.282,8.283,23181.886077
2026-03-30 09:00:00,8.284,8.286,8.209,8.223,7184.135934
2026-03-30 10:00:00,8.221,8.249,8.185,8.248,4169.577332
2026-03-30 11:00:00,8.246,8.341,8.246,8.284,10668.380353
2026-03-30 12:00:00,8.29,8.295,8.259,8.276,3386.38229
2026-03-30 13:00:00,8.277,8.313,8.202,8.213,9418.466447
2026-03-30 14:00:00,8.211,8.27,8.175,8.248,7670.80076
2026-03-30 15:00:00,8.249,8.258,8.188,8.204,4175.36175
2026-03-30 16:00:00,8.205,8.228,8.161,8.181,2780.401217
2026-03-30 17:00:00,8.184,8.197,8.119,8.127,2653.314626
2026-03-30 18:00:00,8.133,8.147,8.08,8.086,6615.850016
2026-03-30 19:00:00,8.082,8.085,8.038,8.079,2449.128371
2026-03-30 20:00:00,8.082,8.093,8.066,8.09,1614.267562
2026-03-30 21:00:00,8.082,8.149,8.065,8.11,2618.435401
2026-03-30 22:00:00,8.107,8.152,8.1,8.116,4146.739631
2026-03-30 23:00:00,8.104,8.104,8.049,8.071,5371.65286
2026-03-31 00:00:00,8.076,8.115,8.061,8.082,3655.63894
2026-03-31 01:00:00,8.083,8.234,8.082,8.194,8749.576049
2026-03-31 02:00:00,8.194,8.22,8.173,8.187,1215.151428
2026-03-31 03:00:00,8.183,8.183,8.145,8.154,6831.92027
2026-03-31 04:00:00,8.158,8.166,8.125,8.138,3540.913484
2026-03-31 05:00:00,8.139,8.149,8.121,8.141,4725.877826
2026-03-31 06:00:00,8.145,8.168,8.118,8.165,2677.550858
2026-03-31 07:00:00,8.165,8.177,8.111,8.137,3381.73743
2026-03-31 08:00:00,8.136,8.174,8.084,8.092,6207.558131
2026-03-31 09:00:00,8.09,8.104,8.004,8.018,11834.20458
2026-03-31 10:00:00,8.024,8.04,8.008,8.01,8432.928008
2026-03-31 11:00:00,8.009,8.091,8.004,8.079,6954.032289
2026-03-31 12:00:00,8.079,8.098,8.06,8.071,2131.959983
2026-03-31 13:00:00,8.072,8.16,8.072,8.129,5815.863139
2026-03-31 14:00:00,8.133,8.178,8.033,8.064,10227.540411
2026-03-31 15:00:00,8.063,8.134,8.061,8.075,36374.767559
2026-03-31 16:00:00,8.073,8.193,8.07,8.167,7979.916213
2026-03-31 17:00:00,8.17,8.244,8.132,8.144,7083.39499
2026-03-31 18:00:00,8.147,8.203,8.147,8.188,376.171584
2026-03-31 19:00:00,8.192,8.221,8.169,8.197,3493.548436
2026-03-31 20:00:00,8.2,8.212,8.184,8.212,699.213153
2026-03-31 21:00:00,8.212,8.216,8.174,8.18,1639.536608
2026-03-31 22:00:00,8.186,8.189,8.136,8.158,1080.21338
2026-03-31 23:00:00,8.155,8.197,8.151,8.192,17090.79725
2026-04-01 00:00:00,8.187,8.211,8.16,8.205,1404.233276
2026-04-01 01:00:00,8.208,8.21,8.132,8.135,3117.312093
2026-04-01 02:00:00,8.143,8.18,8.118,8.143,6622.693455
2026-04-01 03:00:00,8.145,8.207,8.145,8.162,3144.989512
2026-04-01 04:00:00,8.164,8.185,8.149,8.171,9529.454108
2026-04-01 05:00:00,8.174,8.273,8.157,8.26,6195.423427
2026-04-01 06:00:00,8.26,8.363,8.257,8.349,9333.832144
2026-04-01 07:00:00,8.351,8.367,8.299,8.306,3484.248392
2026-04-01 08:00:00,8.31,8.33,8.265,8.277,4221.883609
2026-04-01 09:00:00,8.277,8.286,8.21,8.258,14497.748965
2026-04-01 10:00:00,8.261,8.278,8.247,8.264,2272.022074
2026-04-01 11:00:00,8.26,8.293,8.244,8.289,3186.871887
2026-04-01 12:00:00,8.291,8.375,8.281,8.293,11183.291806
2026-04-01 13:00:00,8.298,8.311,8.216,8.241,4398.252505
2026-04-01 14:00:00,8.237,8.277,8.222,8.251,3616.477309
2026-04-01 15:00:00,8.261,8.278,8.235,8.27,2239.166234
2026-04-01 16:00:00,8.269,8.298,8.237,8.284,3765.01228
2026-04-01 17:00:00,8.282,8.34,8.251,8.261,2273.409153
2026-04-01 18:00:00,8.264,8.266,8.224,8.226,1842.18562
2026-04-01 19:00:00,8.227,8.257,8.221,8.244,1561.091353
2026-04-01 20:00:00,8.243,8.245,8.189,8.213,3394.843133
2026-04-01 21:00:00,8.215,8.307,8.21,8.262,14507.720007
2026-04-01 22:00:00,8.257,8.26,8.185,8.196,2226.238495
2026-04-01 23:00:00,8.193,8.202,8.184,8.192,715.890841
2026-04-02 00:00:00,8.193,8.266,8.186,8.247,1871.421167
2026-04-02 01:00:00,8.246,8.249,8.015,8.058,13343.464222
2026-04-02 02:00:00,8.056,8.056,7.928,7.975,13504.645295
2026-04-02 03:00:00,7.973,7.998,7.914,7.951,7456.427827
2026-04-02 04:00:00,7.949,7.954,7.917,7.923,6672.001715
2026-04-02 05:00:00,7.929,7.964,7.899,7.958,8458.445468
2026-04-02 06:00:00,7.956,7.988,7.949,7.977,3119.081107
2026-04-02 07:00:00,7.977,7.996,7.97,7.99,3758.256442
2026-04-02 08:00:00,7.988,7.988,7.929,7.929,6810.998896
2026-04-02 09:00:00,7.929,7.931,7.895,7.912,7736.313615
2026-04-02 10:00:00,7.912,7.915,7.88,7.902,8982.977201
2026-04-02 11:00:00,7.901,7.906,7.858,7.897,6414.129441
2026-04-02 12:00:00,7.891,7.891,7.836,7.843,29528.32199
2026-04-02 13:00:00,7.848,7.862,7.793,7.829,25428.119694
2026-04-02 14:00:00,7.827,7.945,7.811,7.925,13768.379686
2026-04-02 15:00:00,7.924,7.928,7.856,7.882,5997.839129
2026-04-02 16:00:00,7.877,7.923,7.846,7.879,9774.804142
2026-04-02 17:00:00,7.873,7.922,7.823,7.823,8186.676854
2026-04-02 18:00:00,7.824,7.875,7.822,7.865,4190.069672
2026-04-02 19:00:00,7.865,7.879,7.849,7.875,2178.39775
2026-04-02 20:00:00,7.872,7.899,7.842,7.872,5142.840093
2026-04-02 21:00:00,7.873,7.877,7.832,7.857,6923.26005
2026-04-02 22:00:00,7.86,7.876,7.847,7.863,6136.878613
2026-04-02 23:00:00,7.862,7.88,7.857,7.876,3682.786332
2026-04-03 00:00:00,7.875,7.886,7.849,7.859,5008.616637
2026-04-03 01:00:00,7.858,7.889,7.843,7.861,4294.624832
2026-04-03 02:00:00,7.86,7.896,7.835,7.88,4230.565497
2026-04-03 03:00:00,7.882,7.91,7.868,7.908,4746.438991
2026-04-03 04:00:00,7.909,7.953,7.901,7.952,7434.532057
2026-04-03 05:00:00,7.953,8.039,7.929,8.007,12029.175796
2026-04-03 06:00:00,8.006,8.064,7.98,8.035,9151.891198
2026-04-03 07:00:00,8.033,8.037,7.978,8.003,4465.926015
2026-04-03 08:00:00,8.003,8.025,7.983,8.014,7174.059185
2026-04-03 09:00:00,8.015,8.047,7.984,8.029,3672.760338
2026-04-03 10:00:00,8.028,8.034,7.976,8.011,3518.033359
2026-04-03 11:00:00,8.011,8.035,8.004,8.025,2344.995627
2026-04-03 12:00:00,8.024,8.097,7.997,8.028,6874.729472
2026-04-03 13:00:00,8.027,8.044,8.005,8.036,5432.335063
2026-04-03 14:00:00,8.038,8.118,8.023,8.11,7718.847845
2026-04-03 15:00:00,8.106,8.13,8.048,8.06,5403.808055
2026-04-03 16:00:00,8.055,8.116,8.054,8.115,4791.351657
2026-04-03 17:00:00,8.114,8.117,8.054,8.077,1861.060737
2026-04-03 18:00:00,8.075,8.135,8.075,8.106,14353.862217
2026-04-03 19:00:00,8.106,8.123,8.065,8.123,2442.202839
2026-04-03 20:00:00,8.123,8.172,8.123,8.144,10051.970929
2026-04-03 21:00:00,8.145,8.193,8.117,8.127,8999.944872
2026-04-03 22:00:00,8.125,8.13,8.067,8.079,1882.396496
2026-04-03 23:00:00,8.075,8.094,8.066,8.087,1770.187172
2026-04-04 00:00:00,8.079,8.111,8.068,8.102,5219.729776
2026-04-04 01:00:00,8.105,8.127,8.086,8.125,3671.8314
2026-04-04 02:00:00,8.122,8.151,8.114,8.143,3041.822877
2026-04-04 03:00:00,8.147,8.186,8.141,8.185,7994.843067
2026-04-04 04:00:00,8.186,8.233,8.15,8.23,8956.927355
2026-04-04 05:00:00,8.229,8.235,8.185,8.191,10616.913501
2026-04-04 06:00:00,8.194,8.245,8.155,8.228,6695.437683
2026-04-04 07:00:00,8.233,8.252,8.21,8.241,4137.70615
2026-04-04 08:00:00,8.244,8.309,8.244,8.295,8740.722683
2026-04-04 09:00:00,8.299,8.371,8.276,8.277,14103.122825
2026-04-04 10:00:00,8.277,8.383,8.271,8.367,15939.499924
2026-04-04 11:00:00,8.367,8.447,8.365,8.403,26697.018729
2026-04-04 12:00:00,8.404,8.499,8.403,8.495,35305.783075
2026-04-04 13:00:00,8.496,8.55,8.31,8.319,35067.635855
2026-04-04 14:00:00,8.319,8.45,8.318,8.416,14421.524187
2026-04-04 15:00:00,8.413,8.489,8.377,8.444,14079.171385
2026-04-04 16:00:00,8.44,8.558,8.435,8.462,24539.640543
2026-04-04 17:00:00,8.464,8.773,8.442,8.723,105626.986849
2026-04-04 18:00:00,8.724,8.93,8.724,8.911,49017.447115
2026-04-04 19:00:00,8.914,9.002,8.847,8.885,50162.804865
2026-04-04 20:00:00,8.887,8.91,8.758,8.763,22876.301788
2026-04-04 21:00:00,8.762,8.762,8.636,8.67,22623.748423
2026-04-04 22:00:00,8.669,8.757,8.65,8.715,31123.448796
2026-04-04 23:00:00,8.716,8.728,8.599,8.621,39600.404877
2026-04-05 00:00:00,8.624,8.647,8.506,8.551,22182.932936
2026-04-05 01:00:00,8.552,8.582,8.496,8.563,14542.448053
2026-04-05 02:00:00,8.564,8.592,8.545,8.559,7729.732674
2026-04-05 03:00:00,8.554,8.572,8.472,8.479,10773.72918
2026-04-05 04:00:00,8.479,8.493,8.452,8.469,14851.980815
2026-04-05 05:00:00,8.465,8.5,8.421,8.449,10967.017518
2026-04-05 06:00:00,8.45,8.463,8.413,8.459,13497.665312
2026-04-05 07:00:00,8.457,8.49,8.425,8.453,15229.507691
2026-04-05 08:00:00,8.451,8.534,8.44,8.517,31328.137163
2026-04-05 09:00:00,8.519,8.539,8.449,8.474,43706.531981
2026-04-05 10:00:00,8.472,8.5,8.461,8.492,4414.397056
2026-04-05 11:00:00,8.477,8.524,8.472,8.499,3928.430278
2026-04-05 12:00:00,8.498,8.535,8.427,8.447,17723.087549
2026-04-05 13:00:00,8.451,8.461,8.39,8.461,17787.126238
2026-04-05 14:00:00,8.465,8.503,8.447,8.497,4071.667166
2026-04-05 15:00:00,8.497,8.654,8.472,8.538,8051.437727
2026-04-05 16:00:00,8.539,8.612,8.525,8.53,3784.237967
2026-04-05 17:00:00,8.533,8.547,8.481,8.515,5273.317094
2026-04-05 18:00:00,8.514,8.546,8.487,8.538,3229.850045
2026-04-05 19:00:00,8.531,8.603,8.519,8.603,4035.902285
2026-04-05 20:00:00,8.599,8.658,8.59,8.644,4054.15083
2026-04-05 21:00:00,8.648,8.729,8.594,8.677,18122.848685
2026-04-05 22:00:00,8.677,8.721,8.65,8.7,8817.54038
2026-04-05 23:00:00,8.695,8.826,8.681,8.731,18931.595204
2026-04-06 00:00:00,8.732,8.797,8.691,8.695,12368.087206
2026-04-06 01:00:00,8.693,8.805,8.667,8.714,20921.990608
2026-04-06 02:00:00,8.718,8.8,8.713,8.783,5500.895049
2026-04-06 03:00:00,8.785,8.814,8.732,8.736,2118.019345
2026-04-06 04:00:00,8.735,8.742,8.701,8.707,3265.183805
2026-04-06 05:00:00,8.706,8.727,8.67,8.674,1445.21447
2026-04-06 06:00:00,8.671,8.741,8.671,8.706,2384.944631
2026-04-06 07:00:00,8.707,8.73,8.671,8.695,3391.922012
2026-04-06 08:00:00,8.695,8.719,8.676,8.691,2229.412232
2026-04-06 09:00:00,8.69,8.772,8.689,8.698,8689.266045
2026-04-06 10:00:00,8.699,8.753,8.697,8.706,8418.408954
2026-04-06 11:00:00,8.707,8.723,8.682,8.693,2507.888973
2026-04-06 12:00:00,8.691,8.709,8.656,8.67,1882.961676
2026-04-06 13:00:00,8.663,8.666,8.622,8.625,6063.876033
2026-04-06 14:00:00,8.625,8.668,8.549,8.598,10272.739564
2026-04-06 15:00:00,8.593,8.617,8.578,8.601,2672.185096
2026-04-06 16:00:00,8.601,8.622,8.587,8.607,1806.980519
2026-04-06 17:00:00,8.597,8.65,8.577,8.592,4603.246668
2026-04-06 18:00:00,8.59,8.643,8.586,8.627,2142.07481
2026-04-06 19:00:00,8.621,8.628,8.579,8.595,2745.527574
2026-04-06 20:00:00,8.596,8.596,8.533,8.535,7227.001566
2026-04-06 21:00:00,8.537,8.55,8.517,8.531,5536.820209
2026-04-06 22:00:00,8.524,8.524,8.44,8.452,5151.655946
2026-04-06 23:00:00,8.446,8.446,8.377,8.424,10898.564416
2026-04-07 00:00:00,8.423,8.444,8.386,8.423,3757.04933
2026-04-07 01:00:00,8.418,8.42,8.328,8.34,7255.779197
2026-04-07 02:00:00,8.332,8.383,8.317,8.377,6453.099269
2026-04-07 03:00:00,8.379,8.411,8.379,8.393,4770.225512
2026-04-07 04:00:00,8.392,8.392,8.13,8.246,71374.397582
2026-04-07 05:00:00,8.245,8.245,8.17,8.203,13558.857673
2026-04-07 06:00:00,8.205,8.234,8.165,8.231,8395.926845
2026-04-07 07:00:00,8.226,8.228,8.183,8.196,14180.023151
2026-04-07 08:00:00,8.194,8.211,8.161,8.174,4314.254144
2026-04-07 09:00:00,8.173,8.206,8.165,8.194,9839.050629
2026-04-07 10:00:00,8.191,8.2,8.1,8.133,37867.264623
2026-04-07 11:00:00,8.134,8.183,8.115,8.183,11224.113419
2026-04-07 12:00:00,8.183,8.197,8.138,8.174,7889.514675
2026-04-07 13:00:00,8.172,8.235,8.172,8.207,7230.285041
2026-04-07 14:00:00,8.204,8.252,8.175,8.184,6405.704955
2026-04-07 15:00:00,8.184,8.316,8.156,8.312,8421.464374
2026-04-07 16:00:00,8.317,8.485,8.317,8.377,23425.807951
2026-04-07 17:00:00,8.376,8.466,8.344,8.39,7951.467191
2026-04-07 18:00:00,8.39,8.458,8.384,8.441,3170.728437
2026-04-07 19:00:00,8.43,8.449,8.356,8.426,6053.356363
2026-04-07 20:00:00,8.429,8.463,8.386,8.393,5146.422225
2026-04-07 21:00:00,8.397,8.584,8.397,8.558,10285.931088
2026-04-07 22:00:00,8.562,8.849,8.553,8.829,18953.684254
2026-04-07 23:00:00,8.841,8.956,8.79,8.853,28999.271148
2026-04-08 00:00:00,8.85,8.891,8.721,8.762,18958.971775
2026-04-08 01:00:00,8.762,8.819,8.734,8.754,4592.839136
2026-04-08 02:00:00,8.753,8.765,8.676,8.691,13380.150038
2026-04-08 03:00:00,8.685,8.761,8.681,8.694,11585.603837
2026-04-08 04:00:00,8.688,8.774,8.688,8.728,10703.920876
2026-04-08 05:00:00,8.727,8.754,8.722,8.734,1168.816656
2026-04-08 06:00:00,8.736,8.787,8.723,8.745,3216.393666
2026-04-08 07:00:00,8.746,8.792,8.744,8.787,1281.907769
2026-04-08 08:00:00,8.782,8.782,8.754,8.757,1590.971276
2026-04-08 09:00:00,8.757,8.763,8.721,8.736,2404.066483
2026-04-08 10:00:00,8.739,8.748,8.694,8.695,5056.881445
2026-04-08 11:00:00,8.695,8.711,8.648,8.677,4500.038254
2026-04-08 12:00:00,8.676,8.68,8.638,8.669,5175.000052
2026-04-08 13:00:00,8.67,8.715,8.627,8.638,5839.776695
2026-04-08 14:00:00,8.638,8.64,8.497,8.534,16954.199202
2026-04-08 15:00:00,8.532,8.554,8.505,8.521,9337.632551
2026-04-08 16:00:00,8.518,8.564,8.504,8.557,6809.749159
2026-04-08 17:00:00,8.564,8.593,8.54,8.567,6831.816873
2026-04-08 18:00:00,8.566,8.575,8.52,8.527,8294.739396
2026-04-08 19:00:00,8.524,8.526,8.469,8.505,8805.236016
2026-04-08 20:00:00,8.506,8.51,8.46,8.476,3353.783879
2026-04-08 21:00:00,8.474,8.508,8.445,8.485,5914.62683
2026-04-08 22:00:00,8.487,8.496,8.443,8.456,8913.413823
2026-04-08 23:00:00,8.457,8.465,8.389,8.421,11745.653789
2026-04-09 00:00:00,8.42,8.42,8.365,8.392,5976.741959
2026-04-09 01:00:00,8.395,8.397,8.329,8.388,5451.835719
2026-04-09 02:00:00,8.393,8.411,8.376,8.398,3377.289641
2026-04-09 03:00:00,8.4,8.418,8.382,8.4,2789.70805
2026-04-09 04:00:00,8.401,8.401,8.378,8.391,877.933562
2026-04-09 05:00:00,8.384,8.476,8.381,8.42,2984.337046
2026-04-09 06:00:00,8.424,8.432,8.415,8.428,410.682615
2026-04-09 07:00:00,8.431,8.442,8.414,8.414,492.943332
2026-04-09 08:00:00,8.413,8.424,8.366,8.383,5144.780393
2026-04-09 09:00:00,8.382,8.413,8.354,8.405,1854.635658
2026-04-09 10:00:00,8.401,8.419,8.382,8.411,3885.687894
2026-04-09 11:00:00,8.412,8.412,8.363,8.364,2190.659249
2026-04-09 12:00:00,8.364,8.418,8.364,8.407,1801.009264
2026-04-09 13:00:00,8.41,8.41,8.357,8.379,1860.35166
2026-04-09 14:00:00,8.378,8.406,8.345,8.39,4161.217097
2026-04-09 15:00:00,8.39,8.433,8.32,8.391,7860.915638
2026-04-09 16:00:00,8.392,8.445,8.366,8.39,4182.416266
2026-04-09 17:00:00,8.391,8.442,8.37,8.432,2021.887032
2026-04-09 18:00:00,8.436,8.438,8.384,8.417,1006.575342
2026-04-09 19:00:00,8.415,8.445,8.373,8.41,2014.374582
2026-04-09 20:00:00,8.413,8.45,8.398,8.433,4631.038216
2026-04-09 21:00:00,8.437,8.506,8.42,8.485,4486.587928
2026-04-09 22:00:00,8.485,8.614,8.48,8.511,6678.288291
2026-04-09 23:00:00,8.511,8.514,8.421,8.437,1834.620344
2026-04-10 00:00:00,8.439,8.452,8.392,8.416,4949.50419
2026-04-10 01:00:00,8.417,8.463,8.378,8.425,5828.54578
2026-04-10 02:00:00,8.423,8.458,8.423,8.438,4426.977885
2026-04-10 03:00:00,8.438,8.491,8.428,8.435,4220.797966
2026-04-10 04:00:00,8.437,8.515,8.43,8.492,3719.625945
2026-04-10 05:00:00,8.491,8.578,8.471,8.539,4113.197589
2026-04-10 06:00:00,8.54,8.544,8.489,8.5,2021.069231
2026-04-10 07:00:00,8.496,8.497,8.454,8.467,1813.381547
2026-04-10 08:00:00,8.468,8.533,8.456,8.481,1566.569171
2026-04-10 09:00:00,8.479,8.514,8.472,8.478,1745.472405
2026-04-10 10:00:00,8.471,8.487,8.466,8.469,422.762567
2026-04-10 11:00:00,8.468,8.5,8.442,8.459,3943.004897
2026-04-10 12:00:00,8.459,8.5,8.437,8.485,6321.374206
2026-04-10 13:00:00,8.486,8.52,8.467,8.504,2668.11019
2026-04-10 14:00:00,8.503,8.623,8.494,8.615,9273.018538
2026-04-10 15:00:00,8.615,8.644,8.448,8.463,20236.534353
2026-04-10 16:00:00,8.461,8.5,8.434,8.485,6227.018962
2026-04-10 17:00:00,8.471,8.492,8.454,8.477,2265.497965
2026-04-10 18:00:00,8.475,8.502,8.466,8.496,895.452037
2026-04-10 19:00:00,8.497,8.56,8.497,8.558,3731.887938
2026-04-10 20:00:00,8.558,8.566,8.49,8.546,3629.422043
2026-04-10 21:00:00,8.546,8.549,8.497,8.528,3218.399874
2026-04-10 22:00:00,8.531,8.534,8.495,8.504,1011.007733
2026-04-10 23:00:00,8.509,8.509,8.48,8.491,2505.413431
2026-04-11 00:00:00,8.494,8.5,8.452,8.472,2236.138758
2026-04-11 01:00:00,8.466,8.483,8.437,8.481,4147.527423
2026-04-11 02:00:00,8.481,8.481,8.442,8.448,6166.318384
2026-04-11 03:00:00,8.449,8.475,8.445,8.458,5214.190974
2026-04-11 04:00:00,8.46,8.46,8.415,8.43,4270.305888
2026-04-11 05:00:00,8.428,8.428,8.337,8.345,22694.783429
2026-04-11 06:00:00,8.345,8.376,8.338,8.374,4834.28645
2026-04-11 07:00:00,8.373,8.373,8.353,8.366,5134.278079
2026-04-11 08:00:00,8.365,8.381,8.356,8.358,2178.690428
2026-04-11 09:00:00,8.358,8.381,8.339,8.365,6003.136645
2026-04-11 10:00:00,8.366,8.369,8.345,8.359,4165.753249
2026-04-11 11:00:00,8.356,8.37,8.353,8.364,5616.181323
2026-04-11 12:00:00,8.362,8.366,8.29,8.305,12888.30873
2026-04-11 13:00:00,8.306,8.322,8.27,8.312,7593.499261
2026-04-11 14:00:00,8.31,8.329,8.305,8.329,2242.444483
2026-04-11 15:00:00,8.327,8.352,8.304,8.335,6315.91363
2026-04-11 16:00:00,8.334,8.39,8.318,8.365,2609.276415
2026-04-11 17:00:00,8.362,8.398,8.332,8.376,9948.805795
2026-04-11 18:00:00,8.378,8.523,8.348,8.501,11244.769752
2026-04-11 19:00:00,8.506,8.567,8.484,8.547,4612.101971
2026-04-11 20:00:00,8.547,8.567,8.49,8.504,3985.588126
2026-04-11 21:00:00,8.5,8.529,8.478,8.506,2283.13544
2026-04-11 22:00:00,8.501,8.535,8.448,8.476,4018.278943
2026-04-11 23:00:00,8.471,8.48,8.396,8.436,1407.414972
2026-04-12 00:00:00,8.437,8.445,8.402,8.445,2381.612641
2026-04-12 01:00:00,8.447,8.456,8.168,8.215,26989.66009
2026-04-12 02:00:00,8.214,8.257,8.184,8.248,6628.082187
2026-04-12 03:00:00,8.247,8.28,8.235,8.245,5640.122533
2026-04-12 04:00:00,8.241,8.252,8.209,8.23,3276.267355
2026-04-12 05:00:00,8.231,8.255,8.203,8.243,4268.338308
2026-04-12 06:00:00,8.242,8.246,8.222,8.224,2622.498118
2026-04-12 07:00:00,8.223,8.232,8.218,8.221,3209.261074
2026-04-12 08:00:00,8.219,8.219,8.192,8.202,3347.631217
2026-04-12 09:00:00,8.201,8.206,8.184,8.206,4665.544262
2026-04-12 10:00:00,8.207,8.213,8.17,8.181,7138.746544
2026-04-12 11:00:00,8.181,8.204,8.168,8.196,2521.443995
2026-04-12 12:00:00,8.196,8.21,8.17,8.175,4549.605309
2026-04-12 13:00:00,8.174,8.22,8.162,8.171,6643.127023
2026-04-12 14:00:00,8.171,8.177,8.138,8.149,9457.469316
2026-04-12 15:00:00,8.147,8.147,8.107,8.128,13943.56208
2026-04-12 16:00:00,8.126,8.156,8.122,8.152,1814.485829
2026-04-12 17:00:00,8.155,8.211,8.15,8.2,2886.228246
2026-04-12 18:00:00,8.202,8.202,8.165,8.17,1234.165101
2026-04-12 19:00:00,8.168,8.179,8.15,8.15,701.61114
2026-04-12 20:00:00,8.151,8.187,8.124,8.158,2859.215402
2026-04-12 21:00:00,8.161,8.177,8.132,8.177,10419.749814
2026-04-12 22:00:00,8.179,8.191,8.111,8.158,63268.531114
2026-04-12 23:00:00,8.151,8.151,8.12,8.138,4830.332415
2026-04-13 00:00:00,8.135,8.284,8.121,8.246,35188.489375
2026-04-13 01:00:00,8.248,8.261,8.225,8.257,5777.501344
2026-04-13 02:00:00,8.256,8.263,8.201,8.209,1762.374147
2026-04-13 03:00:00,8.212,8.239,8.206,8.235,2267.477053
2026-04-13 04:00:00,8.233,8.237,8.188,8.198,1782.155664
2026-04-13 05:00:00,8.199,8.213,8.181,8.21,4840.797598
2026-04-13 06:00:00,8.212,8.257,8.212,8.234,6762.711576
2026-04-13 07:00:00,8.235,8.24,8.198,8.198,3117.987956
2026-04-13 08:00:00,8.195,8.205,8.164,8.188,3216.85139
2026-04-13 09:00:00,8.19,8.216,8.181,8.197,2947.179875
2026-04-13 10:00:00,8.196,8.199,8.172,8.172,994.080062
2026-04-13 11:00:00,8.175,8.185,8.148,8.167,6341.921546
2026-04-13 12:00:00,8.161,8.238,8.152,8.213,7722.958151
2026-04-13 13:00:00,8.214,8.265,8.168,8.263,5176.47456
2026-04-13 14:00:00,8.261,8.278,8.21,8.276,4963.557572
2026-04-13 15:00:00,8.276,8.28,8.155,8.168,3031.645474
2026-04-13 16:00:00,8.167,8.196,8.12,8.18,8377.190226
2026-04-13 17:00:00,8.18,8.232,8.167,8.182,5675.730752
2026-04-13 18:00:00,8.18,8.21,8.17,8.193,2946.51742
2026-04-13 19:00:00,8.194,8.374,8.188,8.356,8006.879245
2026-04-13 20:00:00,8.359,8.369,8.284,8.293,3389.598683
2026-04-13 21:00:00,8.295,8.338,8.278,8.324,5408.404876
2026-04-13 22:00:00,8.324,8.533,8.324,8.511,10917.983089
2026-04-13 23:00:00,8.514,8.613,8.479,8.612,8957.187939
2026-04-14 00:00:00,8.612,8.629,8.526,8.537,10385.288436
2026-04-14 01:00:00,8.533,8.57,8.495,8.528,13995.369564
2026-04-14 02:00:00,8.528,8.538,8.489,8.492,3363.503834
2026-04-14 03:00:00,8.493,8.54,8.49,8.505,2937.582589
2026-04-14 04:00:00,8.504,8.56,8.504,8.542,4455.778802
2026-04-14 05:00:00,8.541,8.546,8.463,8.464,2004.139656
2026-04-14 06:00:00,8.464,8.478,8.436,8.454,7199.204885
2026-04-14 07:00:00,8.453,8.483,8.419,8.444,4110.406466
2026-04-14 08:00:00,8.442,8.523,8.441,8.514,5869.161057
2026-04-14 09:00:00,8.515,8.523,8.473,8.489,2412.540398
2026-04-14 10:00:00,8.49,8.505,8.432,8.462,20189.18573
2026-04-14 11:00:00,8.459,8.464,8.433,8.45,2554.997901
2026-04-14 12:00:00,8.449,8.453,8.406,8.434,3531.302742
2026-04-14 13:00:00,8.429,8.5,8.39,8.498,25660.561697
2026-04-14 14:00:00,8.499,8.57,8.465,8.468,32322.898468
2026-04-14 15:00:00,8.469,8.491,8.362,8.38,16217.614399
2026-04-14 16:00:00,8.377,8.45,8.377,8.398,5418.940048
2026-04-14 17:00:00,8.398,8.429,8.372,8.406,4256.759578
2026-04-14 18:00:00,8.407,8.422,8.263,8.281,11819.287299
2026-04-14 19:00:00,8.279,8.319,8.262,8.304,4071.232878
2026-04-14 20:00:00,8.306,8.331,8.278,8.294,621.310736
2026-04-14 21:00:00,8.294,8.345,8.294,8.336,1773.799973
2026-04-14 22:00:00,8.336,8.339,8.294,8.307,2755.128101
2026-04-14 23:00:00,8.304,8.335,8.275,8.317,3418.394099
2026-04-15 00:00:00,8.32,8.364,8.314,8.323,2754.770994
2026-04-15 01:00:00,8.325,8.386,8.311,8.356,3065.611897
2026-04-15 02:00:00,8.358,8.373,8.303,8.314,1757.901711
2026-04-15 03:00:00,8.319,8.325,8.293,8.309,3563.10491
2026-04-15 04:00:00,8.309,8.357,8.309,8.35,3866.720987
2026-04-15 05:00:00,8.352,8.37,8.289,8.313,4766.033511
2026-04-15 06:00:00,8.316,8.316,8.282,8.286,1419.536477
2026-04-15 07:00:00,8.286,8.311,8.266,8.281,3086.695657
2026-04-15 08:00:00,8.276,8.349,8.274,8.326,3029.588734
2026-04-15 09:00:00,8.328,8.332,8.291,8.303,2812.595476
2026-04-15 10:00:00,8.302,8.373,8.297,8.327,2314.760106
2026-04-15 11:00:00,8.329,8.414,8.329,8.405,7453.889488
2026-04-15 12:00:00,8.403,8.415,8.384,8.401,1900.570817
2026-04-15 13:00:00,8.408,8.415,8.367,8.385,2175.919401
2026-04-15 14:00:00,8.383,8.453,8.376,8.451,7002.303763
2026-04-15 15:00:00,8.453,8.455,8.358,8.404,2573.807898
2026-04-15 16:00:00,8.401,8.468,8.397,8.443,2100.308192
2026-04-15 17:00:00,8.444,8.473,8.423,8.467,5770.199346
2026-04-15 18:00:00,8.449,8.473,8.412,8.453,17224.979499
2026-04-15 19:00:00,8.451,8.544,8.447,8.519,1439.228696
2026-04-15 20:00:00,8.521,8.525,8.46,8.476,2139.397215
2026-04-15 21:00:00,8.473,8.494,8.442,8.494,2258.490994
2026-04-15 22:00:00,8.497,8.531,8.461,8.472,3265.057829
2026-04-15 23:00:00,8.467,8.467,8.419,8.45,2642.184657
2026-04-16 00:00:00,8.451,8.453,8.408,8.436,7104.582428
2026-04-16 01:00:00,8.434,8.437,8.391,8.426,7455.816999
2026-04-16 02:00:00,8.43,8.494,8.43,8.484,11312.955779
2026-04-16 03:00:00,8.487,8.558,8.487,8.543,8921.03646
2026-04-16 04:00:00,8.543,8.587,8.527,8.559,8835.321892
2026-04-16 05:00:00,8.557,8.571,8.516,8.54,7420.860096
2026-04-16 06:00:00,8.548,8.558,8.529,8.552,4719.516272
2026-04-16 07:00:00,8.554,8.58,8.533,8.553,15445.467043
2026-04-16 08:00:00,8.551,8.562,8.513,8.543,11137.138415
2026-04-16 09:00:00,8.542,8.557,8.496,8.5,2951.966096
2026-04-16 10:00:00,8.499,8.505,8.449,8.469,8729.252933
2026-04-16 11:00:00,8.469,8.504,8.446,8.496,3589.885674
2026-04-16 12:00:00,8.496,8.578,8.496,8.575,19960.814042
2026-04-16 13:00:00,8.575,8.689,8.448,8.519,37623.420632
2026-04-16 14:00:00,8.519,8.521,8.361,8.44,25101.538807
2026-04-16 15:00:00,8.441,8.622,8.432,8.61,22997.644971
2026-04-16 16:00:00,8.613,8.648,8.493,8.533,23695.83551
2026-04-16 17:00:00,8.529,8.613,8.508,8.594,4090.95182
2026-04-16 18:00:00,8.604,8.78,8.58,8.765,10653.520078
2026-04-16 19:00:00,8.77,8.845,8.748,8.826,20444.368781
2026-04-16 20:00:00,8.826,8.897,8.684,8.705,9246.535936
2026-04-16 21:00:00,8.707,8.729,8.628,8.707,4801.280328
2026-04-16 22:00:00,8.709,8.75,8.701,8.715,4475.19783
2026-04-16 23:00:00,8.714,8.774,8.706,8.753,2414.314349
2026-04-17 00:00:00,8.752,8.769,8.681,8.734,10552.739537
2026-04-17 01:00:00,8.732,8.741,8.629,8.657,13638.126251
2026-04-17 02:00:00,8.649,8.678,8.584,8.629,12044.238084
2026-04-17 03:00:00,8.632,8.643,8.601,8.614,3918.145266
2026-04-17 04:00:00,8.621,8.634,8.586,8.592,7274.842919
2026-04-17 05:00:00,8.592,8.592,8.516,8.527,8992.276483
2026-04-17 06:00:00,8.528,8.645,8.522,8.613,5131.226099
2026-04-17 07:00:00,8.622,8.683,8.622,8.683,2445.958545
2026-04-17 08:00:00,8.683,8.713,8.642,8.686,8369.020542
2026-04-17 09:00:00,8.686,8.749,8.645,8.686,16009.493912
2026-04-17 10:00:00,8.693,8.714,8.576,8.619,9219.069284
2026-04-17 11:00:00,8.619,8.705,8.609,8.662,2649.440475
2026-04-17 12:00:00,8.665,8.743,8.634,8.718,8442.373502
2026-04-17 13:00:00,8.714,8.883,8.702,8.873,22927.969663
2026-04-17 14:00:00,8.876,8.913,8.827,8.857,14000.271053
2026-04-17 15:00:00,8.851,8.852,8.739,8.776,9378.764619
2026-04-17 16:00:00,8.781,8.939,8.778,8.892,11748.122602
2026-04-17 17:00:00,8.902,8.907,8.8,8.826,18631.732009
2026-04-17 18:00:00,8.832,8.837,8.762,8.8,2659.4867
2026-04-17 19:00:00,8.8,8.869,8.785,8.829,3705.524971
2026-04-17 20:00:00,8.83,8.837,8.777,8.815,2557.665719
2026-04-17 21:00:00,8.814,8.87,8.806,8.831,6985.790209
2026-04-17 22:00:00,8.83,8.867,8.802,8.828,1121.357745
2026-04-17 23:00:00,8.829,8.829,8.737,8.774,9119.776945
2026-04-18 00:00:00,8.773,8.798,8.733,8.784,4113.446419
2026-04-18 01:00:00,8.784,8.829,8.733,8.741,6733.111872
2026-04-18 02:00:00,8.745,8.8,8.729,8.766,2399.908308
2026-04-18 03:00:00,8.762,8.762,8.659,8.675,8996.143316
2026-04-18 04:00:00,8.677,8.677,8.624,8.668,5521.545538
2026-04-18 05:00:00,8.663,8.718,8.663,8.712,3852.588849
2026-04-18 06:00:00,8.715,8.743,8.677,8.716,2424.643147
2026-04-18 07:00:00,8.715,8.735,8.709,8.734,2733.242631
2026-04-18 08:00:00,8.733,8.742,8.61,8.65,11459.869704
2026-04-18 09:00:00,8.648,8.668,8.574,8.639,5459.232262
2026-04-18 10:00:00,8.64,8.64,8.559,8.582,9711.614787
2026-04-18 11:00:00,8.585,8.588,8.495,8.563,15607.628856
2026-04-18 12:00:00,8.56,8.588,8.547,8.588,2944.876652
2026-04-18 13:00:00,8.588,8.6,8.521,8.58,9658.558213
2026-04-18 14:00:00,8.58,8.595,8.549,8.587,2406.282373
2026-04-18 15:00:00,8.582,8.605,8.556,8.567,1613.804718
2026-04-18 16:00:00,8.566,8.588,8.502,8.518,5171.133499
2026-04-18 17:00:00,8.516,8.534,8.484,8.515,5547.597567
2026-04-18 18:00:00,8.516,8.521,8.42,8.439,18013.639375
2026-04-18 19:00:00,8.438,8.478,8.438,8.469,1894.300777
2026-04-18 20:00:00,8.464,8.501,8.449,8.496,5946.04675
2026-04-18 21:00:00,8.495,8.521,8.49,8.519,3911.538614
2026-04-18 22:00:00,8.52,8.528,8.496,8.522,1017.600663
2026-04-18 23:00:00,8.527,8.545,8.497,8.501,1304.480409
2026-04-19 00:00:00,8.505,8.506,8.383,8.413,29661.226123
2026-04-19 01:00:00,8.416,8.439,8.375,8.398,13504.99603
2026-04-19 02:00:00,8.398,8.404,8.345,8.377,11867.006643
2026-04-19 03:00:00,8.372,8.432,8.35,8.392,9562.732618
2026-04-19 04:00:00,8.391,8.431,8.359,8.387,3452.470624
2026-04-19 05:00:00,8.383,8.424,8.381,8.395,2653.749953
2026-04-19 06:00:00,8.394,8.415,8.37,8.405,4178.324285
2026-04-19 07:00:00,8.405,8.409,8.307,8.355,12110.571094
2026-04-19 08:00:00,8.351,8.365,8.328,8.334,2957.013413
2026-04-19 09:00:00,8.335,8.352,8.318,8.343,1502.344866
2026-04-19 10:00:00,8.341,8.356,8.333,8.343,2900.432438
2026-04-19 11:00:00,8.342,8.421,8.342,8.408,5031.728743
2026-04-19 12:00:00,8.41,8.468,8.408,8.449,3963.994551
2026-04-19 13:00:00,8.449,8.537,8.449,8.472,4854.184273
2026-04-19 14:00:00,8.471,8.532,8.434,8.499,2524.938985
2026-04-19 15:00:00,8.504,8.504,8.392,8.466,4845.005834
2026-04-19 16:00:00,8.468,8.481,8.429,8.445,2203.676283
2026-04-19 17:00:00,8.434,8.434,8.343,8.353,5815.26261
2026-04-19 18:00:00,8.354,8.355,8.3,8.329,7514.389288
2026-04-19 19:00:00,8.33,8.394,8.33,8.376,1572.085799
2026-04-19 20:00:00,8.374,8.374,8.315,8.332,1436.410133
2026-04-19 21:00:00,8.33,8.351,8.309,8.319,3246.686464
2026-04-19 22:00:00,8.315,8.315,8.191,8.238,25557.058207
2026-04-19 23:00:00,8.233,8.244,8.196,8.238,5705.570932
2026-04-20 00:00:00,8.24,8.33,8.226,8.304,5132.309407
2026-04-20 01:00:00,8.303,8.347,8.292,8.334,1399.1805
2026-04-20 02:00:00,8.332,8.354,8.292,8.342,783.51971
2026-04-20 03:00:00,8.341,8.376,8.325,8.369,5580.293587
2026-04-20 04:00:00,8.369,8.403,8.348,8.382,9400.292629
2026-04-20 05:00:00,8.381,8.381,8.306,8.319,3229.326377
2026-04-20 06:00:00,8.319,8.384,8.316,8.366,1788.540975
2026-04-20 07:00:00,8.364,8.471,8.359,8.4,5285.943196
2026-04-20 08:00:00,8.403,8.417,8.373,8.374,1438.538841
2026-04-20 09:00:00,8.372,8.419,8.367,8.4,3587.721024
2026-04-20 10:00:00,8.406,8.459,8.405,8.413,2187.619933
2026-04-20 11:00:00,8.412,8.429,8.403,8.416,1402.087732
2026-04-20 12:00:00,8.417,8.483,8.404,8.464,7408.355655
2026-04-20 13:00:00,8.466,8.47,8.399,8.446,9171.069657
2026-04-20 14:00:00,8.444,8.454,8.34,8.36,9573.078793
2026-04-20 15:00:00,8.362,8.42,8.32,8.392,3064.821339
2026-04-20 16:00:00,8.391,8.396,8.368,8.372,601.129569
2026-04-20 17:00:00,8.373,8.438,8.369,8.433,4833.750119
2026-04-20 18:00:00,8.437,8.479,8.435,8.46,4774.027052
2026-04-20 19:00:00,8.461,8.467,8.408,8.437,6719.928325
2026-04-20 20:00:00,8.43,8.473,8.405,8.464,990.163195
2026-04-20 21:00:00,8.466,8.491,8.423,8.443,5588.357966
2026-04-20 22:00:00,8.446,8.453,8.41,8.411,947.190431
2026-04-20 23:00:00,8.409,8.409,8.376,8.395,1955.254558
2026-04-21 00:00:00,8.398,8.43,8.395,8.425,777.194267
2026-04-21 01:00:00,8.424,8.44,8.396,8.396,923.390533
2026-04-21 02:00:00,8.396,8.396,8.369,8.369,1150.537244
2026-04-21 03:00:00,8.367,8.392,8.347,8.382,4676.778831
2026-04-21 04:00:00,8.381,8.41,8.379,8.409,742.547782
2026-04-21 05:00:00,8.413,8.453,8.413,8.437,1148.315146
2026-04-21 06:00:00,8.438,8.451,8.396,8.417,1640.110022
2026-04-21 07:00:00,8.415,8.452,8.403,8.44,1634.656222
2026-04-21 08:00:00,8.439,8.54,8.432,8.486,18536.183861
2026-04-21 09:00:00,8.486,8.525,8.466,8.511,15964.949847
2026-04-21 10:00:00,8.514,8.519,8.484,8.516,10125.55045
2026-04-21 11:00:00,8.517,8.523,8.467,8.493,6203.164587
2026-04-21 12:00:00,8.492,8.502,8.416,8.446,4163.197443
2026-04-21 13:00:00,8.444,8.444,8.407,8.442,2554.136709
2026-04-21 14:00:00,8.442,8.5,8.415,8.443,5660.181943
2026-04-21 15:00:00,8.445,8.509,8.427,8.472,3790.247598
2026-04-21 16:00:00,8.475,8.5,8.407,8.411,7320.392243
2026-04-21 17:00:00,8.411,8.413,8.31,8.365,10931.849012
2026-04-21 18:00:00,8.367,8.375,8.32,8.363,3735.628818
2026-04-21 19:00:00,8.365,8.397,8.286,8.295,8857.579344
2026-04-21 20:00:00,8.299,8.39,8.296,8.362,4435.44629
2026-04-21 21:00:00,8.358,8.38,8.34,8.364,4430.949941
2026-04-21 22:00:00,8.364,8.378,8.332,8.365,772.489609
2026-04-21 23:00:00,8.365,8.442,8.365,8.441,2865.928053
2026-04-22 00:00:00,8.442,8.479,8.442,8.448,5107.694257
2026-04-22 01:00:00,8.45,8.461,8.421,8.45,3838.184015
2026-04-22 02:00:00,8.444,8.578,8.438,8.574,17890.128197
2026-04-22 03:00:00,8.575,8.588,8.522,8.543,7715.491596
2026-04-22 04:00:00,8.539,8.593,8.535,8.574,7166.749451
2026-04-22 05:00:00,8.578,8.7,8.569,8.617,50789.33833
2026-04-22 06:00:00,8.615,8.641,8.603,8.641,4214.176448
2026-04-22 07:00:00,8.639,8.665,8.629,8.655,3257.378873
2026-04-22 08:00:00,8.659,8.698,8.645,8.688,8566.596264
2026-04-22 09:00:00,8.687,8.701,8.665,8.666,5094.048857
2026-04-22 10:00:00,8.673,8.731,8.645,8.725,13177.812194
2026-04-22 11:00:00,8.725,8.75,8.702,8.72,8903.006519
2026-04-22 12:00:00,8.721,8.737,8.663,8.689,4247.432394
2026-04-22 13:00:00,8.688,8.702,8.633,8.636,16650.496304
2026-04-22 14:00:00,8.637,8.697,8.637,8.692,4377.859768
2026-04-22 15:00:00,8.692,8.705,8.664,8.67,8490.427215
2026-04-22 16:00:00,8.664,8.686,8.59,8.602,8500.784182
2026-04-22 17:00:00,8.6,8.626,8.566,8.615,5676.381173
2026-04-22 18:00:00,8.614,8.633,8.592,8.592,4911.508561
2026-04-22 19:00:00,8.59,8.591,8.527,8.55,5531.581311
2026-04-22 20:00:00,8.556,8.562,8.53,8.53,1970.522047
2026-04-22 21:00:00,8.533,8.572,8.533,8.565,1582.834428
2026-04-22 22:00:00,8.561,8.573,8.528,8.536,1082.898591
2026-04-22 23:00:00,8.538,8.543,8.448,8.449,7270.646815
2026-04-23 00:00:00,8.447,8.467,8.357,8.462,7747.081707
2026-04-23 01:00:00,8.46,8.467,8.417,8.453,1167.133504
2026-04-23 02:00:00,8.452,8.452,8.367,8.405,4984.399976
2026-04-23 03:00:00,8.398,8.412,8.345,8.385,10405.005713
2026-04-23 04:00:00,8.375,8.419,8.373,8.416,3237.018256
2026-04-23 05:00:00,8.417,8.448,8.415,8.441,2440.460163
2026-04-23 06:00:00,8.442,8.487,8.442,8.471,2175.236614
2026-04-23 07:00:00,8.472,8.474,8.446,8.448,2569.028692
2026-04-23 08:00:00,8.449,8.469,8.434,8.452,3067.311201
2026-04-23 09:00:00,8.451,8.451,8.386,8.416,6496.209247
2026-04-23 10:00:00,8.416,8.417,8.37,8.402,8114.765143
2026-04-23 11:00:00,8.403,8.498,8.402,8.48,3168.405509
2026-04-23 12:00:00,8.479,8.513,8.465,8.483,5708.073417
2026-04-23 13:00:00,8.482,8.49,8.46,8.46,3312.629537
2026-04-23 14:00:00,8.459,8.519,8.436,8.516,4457.249051
2026-04-23 15:00:00,8.518,8.554,8.491,8.533,4017.670144
2026-04-23 16:00:00,8.538,8.539,8.478,8.478,1320.040847
2026-04-23 17:00:00,8.484,8.491,8.355,8.416,11035.918692
2026-04-23 18:00:00,8.417,8.455,8.409,8.409,1664.677287
2026-04-23 19:00:00,8.408,8.448,8.393,8.438,8195.639199
2026-04-23 20:00:00,8.431,8.496,8.431,8.466,1911.630032
2026-04-23 21:00:00,8.472,8.534,8.472,8.503,2332.029848
2026-04-23 22:00:00,8.511,8.53,8.505,8.511,4032.56369
2026-04-23 23:00:00,8.508,8.519,8.497,8.515,306.181711
2026-04-24 00:00:00,8.52,8.548,8.514,8.534,5406.122435
2026-04-24 01:00:00,8.538,8.538,8.48,8.527,3109.548768
2026-04-24 02:00:00,8.526,8.529,8.486,8.497,2531.372644
2026-04-24 03:00:00,8.496,8.496,8.421,8.453,4646.934191
2026-04-24 04:00:00,8.455,8.459,8.435,8.448,1283.69875
2026-04-24 05:00:00,8.447,8.494,8.432,8.475,2268.087219
2026-04-24 06:00:00,8.474,8.489,8.459,8.465,2398.992774
2026-04-24 07:00:00,8.466,8.485,8.448,8.462,1761.449492
2026-04-24 08:00:00,8.465,8.527,8.459,8.5,6069.364202
2026-04-24 09:00:00,8.504,8.506,8.461,8.48,1848.81299
2026-04-24 10:00:00,8.478,8.529,8.467,8.516,2249.519381
2026-04-24 11:00:00,8.512,8.588,8.512,8.551,6828.878713
2026-04-24 12:00:00,8.555,8.572,8.528,8.529,2796.259509
2026-04-24 13:00:00,8.543,8.559,8.521,8.531,3632.712252
2026-04-24 14:00:00,8.528,8.552,8.501,8.532,2406.63196
2026-04-24 15:00:00,8.531,8.608,8.487,8.6,5144.45851
2026-04-24 16:00:00,8.607,8.608,8.541,8.562,12629.380307
2026-04-24 17:00:00,8.564,8.583,8.551,8.564,3058.473764
2026-04-24 18:00:00,8.569,8.578,8.546,8.569,2584.066325
2026-04-24 19:00:00,8.571,8.586,8.557,8.576,1241.226207
2026-04-24 20:00:00,8.579,8.595,8.547,8.595,1667.079284
2026-04-24 21:00:00,8.589,8.609,8.553,8.57,4511.733373
2026-04-24 22:00:00,8.56,8.56,8.501,8.512,3254.262954
2026-04-24 23:00:00,8.512,8.535,8.499,8.533,993.649454
2026-04-25 00:00:00,8.53,8.54,8.485,8.507,2918.994789
2026-04-25 01:00:00,8.502,8.536,8.492,8.526,1267.808772
2026-04-25 02:00:00,8.526,8.547,8.499,8.546,3916.469092
2026-04-25 03:00:00,8.548,8.564,8.532,8.549,1386.455705
2026-04-25 04:00:00,8.553,8.559,8.541,8.544,2892.195965
2026-04-25 05:00:00,8.542,8.578,8.515,8.557,1961.057436
2026-04-25 06:00:00,8.559,8.588,8.548,8.548,1808.12489
2026-04-25 07:00:00,8.544,8.546,8.519,8.535,2081.339817
2026-04-25 08:00:00,8.531,8.57,8.531,8.555,1261.896796
2026-04-25 09:00:00,8.556,8.575,8.551,8.565,1416.934378
2026-04-25 10:00:00,8.56,8.569,8.547,8.55,440.882006
2026-04-25 11:00:00,8.549,8.55,8.492,8.513,2411.280894
2026-04-25 12:00:00,8.511,8.522,8.489,8.506,2896.444562
2026-04-25 13:00:00,8.5,8.529,8.5,8.508,1074.922164
2026-04-25 14:00:00,8.509,8.524,8.479,8.497,2881.917325
2026-04-25 15:00:00,8.494,8.501,8.457,8.47,2441.456021
2026-04-25 16:00:00,8.468,8.482,8.419,8.449,3271.181352
2026-04-25 17:00:00,8.446,8.452,8.42,8.429,740.73849
2026-04-25 18:00:00,8.421,8.438,8.406,8.425,2708.373553
2026-04-25 19:00:00,8.422,8.426,8.402,8.424,910.702849
2026-04-25 20:00:00,8.421,8.44,8.406,8.433,1372.343904
2026-04-25 21:00:00,8.434,8.447,8.434,8.44,1876.472246
2026-04-25 22:00:00,8.436,8.457,8.427,8.444,1038.578465
2026-04-25 23:00:00,8.439,8.456,8.436,8.451,619.46642
2026-04-26 00:00:00,8.45,8.45,8.412,8.416,2143.527449
2026-04-26 01:00:00,8.42,8.426,8.405,8.405,742.079023
2026-04-26 02:00:00,8.406,8.43,8.406,8.424,467.509153
2026-04-26 03:00:00,8.421,8.433,8.393,8.412,3295.847413
2026-04-26 04:00:00,8.408,8.445,8.402,8.434,3857.101139
2026-04-26 05:00:00,8.434,8.495,8.43,8.456,4804.289203
2026-04-26 06:00:00,8.46,8.492,8.46,8.477,689.897954
2026-04-26 07:00:00,8.479,8.488,8.448,8.467,9236.426159
2026-04-26 08:00:00,8.466,8.473,8.435,8.446,4524.079358
2026-04-26 09:00:00,8.439,8.463,8.431,8.46,4700.278706
2026-04-26 10:00:00,8.455,8.468,8.447,8.464,1889.666499
2026-04-26 11:00:00,8.468,8.518,8.462,8.502,6320.571714
2026-04-26 12:00:00,8.505,8.51,8.445,8.451,2344.40916
2026-04-26 13:00:00,8.454,8.459,8.417,8.419,1643.534835
2026-04-26 14:00:00,8.427,8.477,8.419,8.459,4529.174111
2026-04-26 15:00:00,8.459,8.478,8.447,8.475,1016.724623
2026-04-26 16:00:00,8.477,8.477,8.452,8.452,899.410336
2026-04-26 17:00:00,8.454,8.47,8.438,8.46,1847.686935
2026-04-26 18:00:00,8.46,8.518,8.451,8.51,2882.127037
2026-04-26 19:00:00,8.511,8.55,8.508,8.516,4014.529634
2026-04-26 20:00:00,8.519,8.523,8.49,8.491,1645.150717
2026-04-26 21:00:00,8.49,8.529,8.47,8.526,6342.930255
2026-04-26 22:00:00,8.529,8.546,8.49,8.516,2418.227607
2026-04-26 23:00:00,8.513,8.54,8.505,8.54,2446.432892
2026-04-27 00:00:00,8.534,8.575,8.492,8.575,4785.071209
2026-04-27 01:00:00,8.58,8.626,8.551,8.618,7739.930019
2026-04-27 02:00:00,8.62,8.624,8.577,8.604,1208.587545
2026-04-27 03:00:00,8.605,8.629,8.604,8.606,5293.716056
2026-04-27 04:00:00,8.605,8.605,8.555,8.564,11247.946694
2026-04-27 05:00:00,8.563,8.563,8.369,8.413,23043.827577
2026-04-27 06:00:00,8.41,8.414,8.333,8.386,17576.740013
2026-04-27 07:00:00,8.383,8.393,8.357,8.361,9444.378478
2026-04-27 08:00:00,8.363,8.381,8.345,8.379,3722.229611
2026-04-27 09:00:00,8.38,8.396,8.372,8.384,2572.328547
2026-04-27 10:00:00,8.383,8.409,8.381,8.396,2466.275742
2026-04-27 11:00:00,8.396,8.401,8.373,8.39,6876.587426
2026-04-27 12:00:00,8.392,8.397,8.36,8.373,3345.679395
2026-04-27 13:00:00,8.375,8.384,8.334,8.361,8353.45959
2026-04-27 14:00:00,8.366,8.437,8.353,8.391,4606.156493
2026-04-27 15:00:00,8.396,8.396,8.252,8.296,24464.631926
2026-04-27 16:00:00,8.293,8.306,8.247,8.29,7995.078814
2026-04-27 17:00:00,8.293,8.326,8.291,8.311,8309.355446
2026-04-27 18:00:00,8.312,8.325,8.301,8.32,1900.648231
2026-04-27 19:00:00,8.316,8.325,8.28,8.31,3110.320941
2026-04-27 20:00:00,8.312,8.338,8.312,8.331,3278.652462
2026-04-27 21:00:00,8.328,8.346,8.309,8.34,3034.927401
2026-04-27 22:00:00,8.34,8.381,8.34,8.373,3544.899219
2026-04-27 23:00:00,8.373,8.401,8.365,8.396,3970.407608
2026-04-28 00:00:00,8.397,8.404,8.379,8.399,2777.360211
2026-04-28 01:00:00,8.394,8.404,8.386,8.388,861.934209
2026-04-28 02:00:00,8.39,8.414,8.352,8.387,4660.101217
2026-04-28 03:00:00,8.389,8.399,8.379,8.395,3674.700687
2026-04-28 04:00:00,8.397,8.433,8.394,8.419,6972.292051
2026-04-28 05:00:00,8.422,8.442,8.411,8.422,3621.360526
2026-04-28 06:00:00,8.425,8.49,8.386,8.41,14615.402396
2026-04-28 07:00:00,8.407,8.408,8.363,8.402,5409.319468
2026-04-28 08:00:00,8.403,8.441,8.397,8.411,2830.254826
2026-04-28 09:00:00,8.412,8.415,8.37,8.389,1980.395014
2026-04-28 10:00:00,8.392,8.41,8.374,8.395,21682.727284
2026-04-28 11:00:00,8.396,8.401,8.342,8.359,2356.610856
2026-04-28 12:00:00,8.362,8.391,8.353,8.386,2375.09788
2026-04-28 13:00:00,8.383,8.417,8.335,8.402,5670.541217
2026-04-28 14:00:00,8.391,8.391,8.324,8.372,2574.028684
2026-04-28 15:00:00,8.374,8.391,8.364,8.39,2535.148108
2026-04-28 16:00:00,8.392,8.411,8.361,8.385,2198.381214
2026-04-28 17:00:00,8.382,8.41,8.351,8.387,6111.874724
2026-04-28 18:00:00,8.382,8.406,8.379,8.406,1460.558474
2026-04-28 19:00:00,8.4,8.426,8.391,8.422,1862.972005
2026-04-28 20:00:00,8.423,8.437,8.409,8.412,2567.19515
2026-04-28 21:00:00,8.414,8.429,8.405,8.417,3151.38792
2026-04-28 22:00:00,8.415,8.429,8.391,8.4,1567.720558
2026-04-28 23:00:00,8.396,8.405,8.374,8.401,1610.375563
2026-04-29 00:00:00,8.401,8.435,8.4,8.426,2887.176355
2026-04-29 01:00:00,8.424,8.43,8.398,8.421,982.596154
2026-04-29 02:00:00,8.425,8.438,8.402,8.415,1420.792762
2026-04-29 03:00:00,8.419,8.473,8.419,8.47,3757.20547
2026-04-29 04:00:00,8.469,8.517,8.452,8.5,4935.737019
2026-04-29 05:00:00,8.504,8.508,8.484,8.485,4060.950649
2026-04-29 06:00:00,8.487,8.496,8.448,8.459,5914.805681
2026-04-29 07:00:00,8.463,8.512,8.455,8.485,2789.194459
2026-04-29 08:00:00,8.486,8.494,8.473,8.476,2444.485407
2026-04-29 09:00:00,8.473,8.595,8.467,8.579,9344.917225
2026-04-29 10:00:00,8.582,8.607,8.543,8.574,20678.305408
2026-04-29 11:00:00,8.574,8.578,8.493,8.529,36225.932846
2026-04-29 12:00:00,8.527,8.529,8.425,8.467,9376.043407
2026-04-29 13:00:00,8.466,8.475,8.38,8.422,9579.801931
2026-04-29 14:00:00,8.421,8.444,8.394,8.403,3717.703168
2026-04-29 15:00:00,8.402,8.413,8.3,8.303,9721.241533
2026-04-29 16:00:00,8.308,8.328,8.243,8.268,15930.174564
2026-04-29 17:00:00,8.272,8.35,8.272,8.35,2574.547025
2026-04-29 18:00:00,8.354,8.359,8.134,8.267,36527.67904
2026-04-29 19:00:00,8.269,8.274,8.228,8.246,4917.101451
2026-04-29 20:00:00,8.254,8.313,8.244,8.286,6092.930266
2026-04-29 21:00:00,8.289,8.352,8.281,8.319,3298.874383
2026-04-29 22:00:00,8.32,8.353,8.314,8.347,4087.165389
2026-04-29 23:00:00,8.345,8.348,8.327,8.342,1074.010692
2026-04-30 00:00:00,8.346,8.414,8.339,8.406,5654.510321
2026-04-30 01:00:00,8.402,8.414,8.376,8.395,3904.339695
2026-04-30 02:00:00,8.398,8.404,8.305,8.332,4818.566988
2026-04-30 03:00:00,8.326,8.361,8.318,8.353,1315.701169
2026-04-30 04:00:00,8.354,8.355,8.274,8.291,4316.768751
2026-04-30 05:00:00,8.294,8.328,8.271,8.302,3623.987119
2026-04-30 06:00:00,8.306,8.328,8.295,8.313,3679.935451
2026-04-30 07:00:00,8.315,8.359,8.309,8.353,10419.996964
2026-04-30 08:00:00,8.355,8.363,8.338,8.353,10185.571763
2026-04-30 09:00:00,8.351,8.425,8.347,8.405,16169.149819
2026-04-30 10:00:00,8.403,8.418,8.358,8.382,5761.201762
2026-04-30 11:00:00,8.381,8.422,8.36,8.387,6994.836487
2026-04-30 12:00:00,8.387,8.429,8.38,8.381,2128.263765
2026-04-30 13:00:00,8.38,8.442,8.361,8.413,3059.454987
2026-04-30 14:00:00,8.411,8.477,8.398,8.42,4882.928223
2026-04-30 15:00:00,8.417,8.429,8.391,8.419,1807.122425
2026-04-30 16:00:00,8.417,8.418,8.363,8.367,1481.108002
2026-04-30 17:00:00,8.373,8.378,8.345,8.366,2546.477974
2026-04-30 18:00:00,8.363,8.383,8.348,8.36,1440.227723
2026-04-30 19:00:00,8.357,8.383,8.355,8.358,613.050768
2026-04-30 20:00:00,8.357,8.368,8.349,8.355,1314.720637
2026-04-30 21:00:00,8.353,8.358,8.329,8.337,2698.676604
2026-04-30 22:00:00,8.34,8.349,8.329,8.333,965.046262
2026-04-30 23:00:00,8.332,8.347,8.315,8.341,1397.183232
2026-05-01 00:00:00,8.341,8.4,8.341,8.374,6683.455677
2026-05-01 01:00:00,8.375,8.404,8.362,8.394,1579.92505
2026-05-01 02:00:00,8.398,8.404,8.369,8.398,7141.261488
2026-05-01 03:00:00,8.398,8.459,8.384,8.406,8702.990027
2026-05-01 04:00:00,8.408,8.427,8.376,8.385,1861.782739
2026-05-01 05:00:00,8.389,8.419,8.381,8.39,1342.19624
2026-05-01 06:00:00,8.393,8.403,8.364,8.378,2082.542628
2026-05-01 07:00:00,8.374,8.389,8.364,8.388,3653.332464
2026-05-01 08:00:00,8.385,8.412,8.385,8.405,2524.323682
2026-05-01 09:00:00,8.402,8.403,8.358,8.362,1332.75155
2026-05-01 10:00:00,8.367,8.442,8.335,8.43,6998.276513
2026-05-01 11:00:00,8.429,8.449,8.417,8.447,10279.319144
2026-05-01 12:00:00,8.447,8.479,8.407,8.439,15637.304953
2026-05-01 13:00:00,8.441,8.52,8.441,8.502,15904.466704
2026-05-01 14:00:00,8.502,8.512,8.46,8.491,5199.55646
2026-05-01 15:00:00,8.488,8.514,8.448,8.487,14916.204307
2026-05-01 16:00:00,8.487,8.509,8.451,8.466,3279.377972
2026-05-01 17:00:00,8.466,8.477,8.453,8.474,1169.086538
2026-05-01 18:00:00,8.473,8.487,8.464,8.472,2860.119483
2026-05-01 19:00:00,8.472,8.48,8.454,8.457,1002.004823
2026-05-01 20:00:00,8.46,8.463,8.396,8.412,1769.2634
2026-05-01 21:00:00,8.412,8.437,8.4,8.427,2276.579009
2026-05-01 22:00:00,8.428,8.451,8.406,8.416,2278.484495
2026-05-01 23:00:00,8.415,8.416,8.386,8.409,1723.289845
2026-05-02 00:00:00,8.414,8.455,8.409,8.447,1634.75839
2026-05-02 01:00:00,8.449,8.47,8.446,8.452,3446.604721
2026-05-02 02:00:00,8.452,8.457,8.438,8.443,2362.144217
2026-05-02 03:00:00,8.442,8.46,8.436,8.45,615.890305
2026-05-02 04:00:00,8.447,8.447,8.411,8.419,1355.151417
2026-05-02 05:00:00,8.419,8.434,8.396,8.425,1681.214608
2026-05-02 06:00:00,8.422,8.452,8.422,8.452,454.91888
2026-05-02 07:00:00,8.453,8.455,8.431,8.442,817.825915
2026-05-02 08:00:00,8.436,8.458,8.435,8.453,943.067107
2026-05-02 09:00:00,8.455,8.522,8.455,8.511,7483.644237
2026-05-02 10:00:00,8.513,8.533,8.495,8.495,4621.429094
2026-05-02 11:00:00,8.495,8.495,8.458,8.471,4382.939039
2026-05-02 12:00:00,8.472,8.486,8.462,8.471,2577.664195
2026-05-02 13:00:00,8.475,8.511,8.475,8.496,2363.74117
2026-05-02 14:00:00,8.503,8.511,8.491,8.505,3902.471086
2026-05-02 15:00:00,8.506,8.515,8.486,8.513,2208.977234
2026-05-02 16:00:00,8.512,8.547,8.503,8.539,11689.32315
2026-05-02 17:00:00,8.543,8.547,8.514,8.514,3841.40651
2026-05-02 18:00:00,8.514,8.541,8.496,8.535,1600.685747
2026-05-02 19:00:00,8.532,8.564,8.532,8.559,2842.384436
2026-05-02 20:00:00,8.561,8.579,8.559,8.564,4217.65696
2026-05-02 21:00:00,8.564,8.585,8.539,8.553,4090.096183
2026-05-02 22:00:00,8.554,8.563,8.521,8.541,2101.146777
2026-05-02 23:00:00,8.538,8.538,8.522,8.525,1580.238018
2026-05-03 00:00:00,8.526,8.53,8.463,8.481,4914.97321
2026-05-03 01:00:00,8.482,8.482,8.439,8.445,2412.93033
2026-05-03 02:00:00,8.445,8.445,8.422,8.439,5733.551242
2026-05-03 03:00:00,8.437,8.457,8.419,8.45,1970.770672
2026-05-03 04:00:00,8.45,8.467,8.437,8.456,1101.744326
2026-05-03 05:00:00,8.455,8.47,8.449,8.465,811.191096
2026-05-03 06:00:00,8.464,8.473,8.444,8.46,1255.108192
2026-05-03 07:00:00,8.461,8.475,8.453,8.456,1061.684111
2026-05-03 08:00:00,8.46,8.466,8.436,8.436,1740.531161
2026-05-03 09:00:00,8.437,8.461,8.431,8.455,1835.462553
2026-05-03 10:00:00,8.455,8.468,8.444,8.444,684.52802
2026-05-03 11:00:00,8.442,8.496,8.431,8.482,3161.231153
2026-05-03 12:00:00,8.486,8.503,8.476,8.479,3776.822207
2026-05-03 13:00:00,8.481,8.482,8.447,8.455,2129.949031
2026-05-03 14:00:00,8.46,8.467,8.449,8.462,3055.844776
2026-05-03 15:00:00,8.463,8.49,8.463,8.479,1131.885087
2026-05-03 16:00:00,8.481,8.489,8.47,8.484,863.999727
2026-05-03 17:00:00,8.482,8.495,8.464,8.482,874.468526
2026-05-03 18:00:00,8.484,8.489,8.476,8.477,1475.522868
2026-05-03 19:00:00,8.478,8.526,8.478,8.506,2145.718824
2026-05-03 20:00:00,8.504,8.547,8.504,8.509,1271.997966
2026-05-03 21:00:00,8.508,8.519,8.464,8.487,2577.815165
2026-05-03 22:00:00,8.489,8.55,8.488,8.528,2694.012839
2026-05-03 23:00:00,8.53,8.54,8.483,8.488,3316.079514
2026-05-04 00:00:00,8.486,8.496,8.431,8.496,4365.948024
2026-05-04 01:00:00,8.493,8.588,8.472,8.573,9652.957929
2026-05-04 02:00:00,8.576,8.671,8.576,8.65,23700.590214
2026-05-04 03:00:00,8.647,8.699,8.64,8.698,12471.7852
2026-05-04 04:00:00,8.699,8.732,8.689,8.694,14707.687803
2026-05-04 05:00:00,8.694,8.698,8.644,8.677,4723.120175
2026-05-04 06:00:00,8.679,8.692,8.619,8.681,10896.743169
2026-05-04 07:00:00,8.68,8.683,8.654,8.663,3351.058763
2026-05-04 08:00:00,8.662,8.702,8.654,8.688,5482.16186
2026-05-04 09:00:00,8.686,8.722,8.67,8.709,17413.826065
2026-05-04 10:00:00,8.711,8.715,8.485,8.575,28918.550734
2026-05-04 11:00:00,8.576,8.633,8.574,8.63,5414.089448
2026-05-04 12:00:00,8.634,8.682,8.629,8.652,7440.245735
2026-05-04 13:00:00,8.655,8.75,8.619,8.749,35240.920137
2026-05-04 14:00:00,8.749,8.869,8.749,8.759,51525.153202
2026-05-04 15:00:00,8.758,8.764,8.604,8.685,19532.640848
2026-05-04 16:00:00,8.683,8.698,8.614,8.693,6107.883709
2026-05-04 17:00:00,8.694,8.735,8.672,8.672,8521.29038
2026-05-04 18:00:00,8.675,8.744,8.675,8.743,2737.679534
2026-05-04 19:00:00,8.747,8.769,8.696,8.718,3231.842302
2026-05-04 20:00:00,8.718,8.718,8.669,8.694,2191.936025
2026-05-04 21:00:00,8.694,8.761,8.694,8.723,4093.039028
2026-05-04 22:00:00,8.721,8.739,8.689,8.707,3303.055289
2026-05-04 23:00:00,8.701,8.701,8.664,8.684,5246.791008
2026-05-05 00:00:00,8.686,8.729,8.682,8.702,5419.862744
2026-05-05 01:00:00,8.7,8.792,8.689,8.787,10734.528144
2026-05-05 02:00:00,8.788,8.868,8.773,8.811,17545.435235
2026-05-05 03:00:00,8.813,8.857,8.785,8.847,5901.529379
2026-05-05 04:00:00,8.847,8.866,8.808,8.808,5393.501156
2026-05-05 05:00:00,8.806,8.858,8.775,8.778,7574.222174
2026-05-05 06:00:00,8.776,8.805,8.758,8.791,9365.708796
2026-05-05 07:00:00,8.792,8.84,8.782,8.826,3115.620121
2026-05-05 08:00:00,8.824,8.9,8.824,8.86,19391.305384
2026-05-05 09:00:00,8.862,8.862,8.823,8.844,11062.747347
2026-05-05 10:00:00,8.847,8.984,8.843,8.976,15102.093527
2026-05-05 11:00:00,8.968,9.038,8.916,8.953,16975.402067
2026-05-05 12:00:00,8.951,8.985,8.916,8.939,5424.289163
2026-05-05 13:00:00,8.94,8.966,8.867,8.9,11743.657725
2026-05-05 14:00:00,8.907,8.93,8.845,8.905,10542.541704
2026-05-05 15:00:00,8.903,8.939,8.9,8.91,7514.235279
2026-05-05 16:00:00,8.91,8.923,8.868,8.909,5720.233121
2026-05-05 17:00:00,8.91,8.951,8.885,8.897,3304.942482
2026-05-05 18:00:00,8.896,8.909,8.886,8.897,1366.953244
2026-05-05 19:00:00,8.899,8.938,8.894,8.933,2733.009625
2026-05-05 20:00:00,8.932,8.984,8.932,8.982,6850.730938
2026-05-05 21:00:00,8.984,9.028,8.98,9.019,3775.836852
2026-05-05 22:00:00,9.017,9.077,8.975,9.005,13411.887891
2026-05-05 23:00:00,9.0,9.027,8.985,9.014,11813.032349
2026-05-06 00:00:00,9.015,9.077,9.0,9.064,11260.042145
2026-05-06 01:00:00,9.066,9.136,9.051,9.129,8211.299359
2026-05-06 02:00:00,9.137,9.182,9.067,9.173,17143.829172
2026-05-06 03:00:00,9.175,9.349,9.168,9.263,20697.700827
2026-05-06 04:00:00,9.267,9.366,9.253,9.278,13284.973522
2026-05-06 05:00:00,9.273,9.351,9.23,9.331,11987.284137
2026-05-06 06:00:00,9.338,9.341,9.202,9.219,8772.065205
2026-05-06 07:00:00,9.212,9.282,9.203,9.254,7709.668839
2026-05-06 08:00:00,9.255,9.415,9.251,9.392,38630.591245
2026-05-06 09:00:00,9.394,9.421,9.338,9.377,16012.602425
2026-05-06 10:00:00,9.372,9.409,9.344,9.37,8843.025009
2026-05-06 11:00:00,9.368,9.368,9.301,9.328,6814.734567
2026-05-06 12:00:00,9.329,9.337,9.29,9.32,4107.814089
2026-05-06 13:00:00,9.32,9.425,9.276,9.381,26578.385156
2026-05-06 14:00:00,9.38,9.38,9.161,9.269,90787.077258
2026-05-06 15:00:00,9.26,9.481,9.26,9.452,35899.852224
2026-05-06 16:00:00,9.447,9.513,9.314,9.333,21164.639579
2026-05-06 17:00:00,9.334,9.348,9.244,9.284,11200.73609
2026-05-06 18:00:00,9.286,9.295,9.232,9.252,3361.461359
2026-05-06 19:00:00,9.248,9.308,9.232,9.279,7187.932118
2026-05-06 20:00:00,9.276,9.341,9.25,9.29,1060.174735
2026-05-06 21:00:00,9.295,9.38,9.279,9.365,4302.375002
2026-05-06 22:00:00,9.367,9.374,9.321,9.321,2124.315113
2026-05-06 23:00:00,9.32,9.397,9.275,9.396,7368.0378
2026-05-07 00:00:00,9.397,9.402,9.204,9.282,10108.438507
2026-05-07 01:00:00,9.283,9.295,9.216,9.272,8837.971037
2026-05-07 02:00:00,9.269,9.282,9.212,9.226,17712.851056
2026-05-07 03:00:00,9.222,9.243,9.131,9.151,18645.347412
2026-05-07 04:00:00,9.141,9.22,9.13,9.21,9938.479185
2026-05-07 05:00:00,9.208,9.305,9.208,9.278,7577.361607
2026-05-07 06:00:00,9.283,9.342,9.228,9.342,7321.037339
2026-05-07 07:00:00,9.343,9.369,9.308,9.309,9108.466917
2026-05-07 08:00:00,9.305,9.359,9.286,9.311,9947.432481
2026-05-07 09:00:00,9.312,9.316,9.244,9.271,4841.005222
2026-05-07 10:00:00,9.269,9.288,9.214,9.262,5014.27127
2026-05-07 11:00:00,9.252,9.296,9.25,9.271,4112.281876
2026-05-07 12:00:00,9.267,9.343,9.267,9.342,2526.819207
2026-05-07 13:00:00,9.347,9.347,9.188,9.203,5246.650396
2026-05-07 14:00:00,9.201,9.211,9.074,9.125,19833.218088
2026-05-07 15:00:00,9.127,9.235,9.081,9.207,7946.394698
2026-05-07 16:00:00,9.212,9.35,9.204,9.222,14009.644624
2026-05-07 17:00:00,9.224,9.276,9.204,9.274,5087.399985
2026-05-07 18:00:00,9.271,9.315,9.212,9.239,7899.344066
2026-05-07 19:00:00,9.238,9.242,9.191,9.209,2227.299083
2026-05-07 20:00:00,9.202,9.265,9.179,9.192,5283.625191
2026-05-07 21:00:00,9.189,9.257,9.167,9.211,7219.772358
2026-05-07 22:00:00,9.206,9.246,9.166,9.202,8533.952195
2026-05-07 23:00:00,9.205,9.235,9.202,9.23,21026.80976
2026-05-08 00:00:00,9.232,9.29,9.218,9.276,7203.386592
2026-05-08 01:00:00,9.28,9.291,9.22,9.267,6844.627745
2026-05-08 02:00:00,9.266,9.295,9.2,9.285,9857.547932
2026-05-08 03:00:00,9.285,9.299,9.22,9.27,10968.967804
2026-05-08 04:00:00,9.266,9.375,9.266,9.329,8052.33838
2026-05-08 05:00:00,9.328,9.384,9.314,9.331,2348.267218
2026-05-08 06:00:00,9.33,9.344,9.29,9.333,7255.277472
2026-05-08 07:00:00,9.328,9.38,9.305,9.368,7072.401099
2026-05-08 08:00:00,9.373,9.427,9.354,9.403,10962.934957
2026-05-08 09:00:00,9.405,9.507,9.382,9.499,7998.631693
2026-05-08 10:00:00,9.502,9.548,9.41,9.413,19317.9451
2026-05-08 11:00:00,9.414,9.446,9.382,9.437,4778.937853
2026-05-08 12:00:00,9.443,9.476,9.396,9.435,9979.127746
2026-05-08 13:00:00,9.436,9.447,9.318,9.341,8377.7112
2026-05-08 14:00:00,9.351,9.477,9.342,9.45,8577.541995
2026-05-08 15:00:00,9.452,9.647,9.411,9.628,34656.019186
2026-05-08 16:00:00,9.625,9.862,9.623,9.635,55064.654348
2026-05-08 17:00:00,9.637,9.82,9.613,9.729,15837.021056
2026-05-08 18:00:00,9.73,9.847,9.722,9.818,8170.917489
2026-05-08 19:00:00,9.816,9.883,9.798,9.832,10920.496458
2026-05-08 20:00:00,9.832,9.839,9.761,9.804,13221.580008
2026-05-08 21:00:00,9.805,9.856,9.764,9.838,6807.183529
2026-05-08 22:00:00,9.837,9.867,9.787,9.807,7039.56565
2026-05-08 23:00:00,9.804,9.824,9.74,9.779,9434.780961
2026-05-09 00:00:00,9.778,9.787,9.72,9.76,8471.013347
2026-05-09 01:00:00,9.759,9.832,9.74,9.788,10307.408733
2026-05-09 02:00:00,9.788,9.801,9.757,9.763,3279.751654
2026-05-09 03:00:00,9.762,9.799,9.72,9.758,4912.853141
2026-05-09 04:00:00,9.756,9.789,9.745,9.78,7527.013988
2026-05-09 05:00:00,9.777,9.922,9.739,9.867,20267.50744
2026-05-09 06:00:00,9.867,9.913,9.749,9.765,9821.658763
2026-05-09 07:00:00,9.771,9.79,9.708,9.736,6136.360821
2026-05-09 08:00:00,9.735,9.757,9.72,9.731,3587.89418
2026-05-09 09:00:00,9.729,9.729,9.59,9.606,32455.828928
2026-05-09 10:00:00,9.612,9.616,9.56,9.599,7196.226292
2026-05-09 11:00:00,9.599,9.617,9.586,9.595,4239.949982
2026-05-09 12:00:00,9.596,9.609,9.558,9.572,3915.763259
2026-05-09 13:00:00,9.57,9.587,9.467,9.495,18136.00979
2026-05-09 14:00:00,9.495,9.517,9.452,9.481,9026.397997
2026-05-09 15:00:00,9.485,9.497,9.457,9.486,3586.821749
2026-05-09 16:00:00,9.488,9.499,9.418,9.475,10276.985307
2026-05-09 17:00:00,9.479,9.539,9.477,9.526,6558.823358
2026-05-09 18:00:00,9.524,9.565,9.518,9.543,2683.127344
2026-05-09 19:00:00,9.545,9.569,9.533,9.564,811.932057
2026-05-09 20:00:00,9.564,9.565,9.538,9.563,4257.338999
2026-05-09 21:00:00,9.564,9.598,9.562,9.589,8134.988794
2026-05-09 22:00:00,9.585,9.638,9.569,9.615,5568.659948
2026-05-09 23:00:00,9.613,9.636,9.564,9.589,3254.451246
2026-05-10 00:00:00,9.592,9.671,9.552,9.59,7807.086366
2026-05-10 01:00:00,9.595,9.622,9.558,9.61,2646.854635
2026-05-10 02:00:00,9.615,9.69,9.59,9.654,4486.248986
2026-05-10 03:00:00,9.645,9.669,9.606,9.629,1711.435003
2026-05-10 04:00:00,9.631,9.676,9.602,9.636,6087.159451
2026-05-10 05:00:00,9.634,9.718,9.617,9.651,8719.596495
2026-05-10 06:00:00,9.65,9.666,9.613,9.643,3115.198504
2026-05-10 07:00:00,9.648,9.717,9.641,9.673,5488.729356
2026-05-10 08:00:00,9.675,9.714,9.664,9.696,4982.400168
2026-05-10 09:00:00,9.697,9.718,9.641,9.642,2934.59523
2026-05-10 10:00:00,9.643,9.647,9.594,9.617,5086.723422
2026-05-10 11:00:00,9.611,9.627,9.56,9.577,3518.450821
2026-05-10 12:00:00,9.581,9.613,9.56,9.611,2137.96566
2026-05-10 13:00:00,9.604,9.673,9.603,9.667,2840.612757
2026-05-10 14:00:00,9.67,9.685,9.629,9.671,11271.250131
2026-05-10 15:00:00,9.675,9.71,9.648,9.708,9606.053822
2026-05-10 16:00:00,9.709,9.808,9.677,9.774,20489.205614
2026-05-10 17:00:00,9.776,9.86,9.765,9.855,8581.0241
2026-05-10 18:00:00,9.857,9.974,9.839,9.927,14374.19687
2026-05-10 19:00:00,9.921,9.97,9.872,9.914,6501.894477
2026-05-10 20:00:00,9.916,9.992,9.643,9.753,35714.292404
2026-05-10 21:00:00,9.748,9.826,9.673,9.787,13943.126788
2026-05-10 22:00:00,9.786,9.975,9.771,9.943,21305.806632
2026-05-10 23:00:00,9.948,10.05,9.925,9.975,27751.793226
2026-05-11 00:00:00,9.97,10.079,9.802,9.88,44941.633251
2026-05-11 01:00:00,9.879,9.958,9.828,9.931,14174.409867
2026-05-11 02:00:00,9.935,9.943,9.792,9.814,4271.573395
2026-05-11 03:00:00,9.807,9.815,9.682,9.787,18365.598355
2026-05-11 04:00:00,9.796,9.811,9.717,9.762,9425.087078
2026-05-11 05:00:00,9.763,9.858,9.763,9.808,4897.471015
2026-05-11 06:00:00,9.81,9.849,9.759,9.782,967.469441
2026-05-11 07:00:00,9.78,9.78,9.72,9.75,4207.261744
2026-05-11 08:00:00,9.749,9.766,9.685,9.73,5977.317082
2026-05-11 09:00:00,9.731,9.754,9.697,9.743,2722.618681
2026-05-11 10:00:00,9.74,9.806,9.688,9.708,14001.383173
2026-05-11 11:00:00,9.708,9.749,9.688,9.715,3305.828932
2026-05-11 12:00:00,9.718,9.748,9.669,9.704,3493.122148
2026-05-11 13:00:00,9.707,9.759,9.658,9.702,4264.640114
2026-05-11 14:00:00,9.711,9.759,9.62,9.682,6158.935505
2026-05-11 15:00:00,9.679,9.765,9.653,9.752,7049.677931
2026-05-11 16:00:00,9.749,9.769,9.681,9.729,6532.345583
2026-05-11 17:00:00,9.731,9.858,9.707,9.835,12061.779108
2026-05-11 18:00:00,9.836,9.855,9.786,9.808,3805.379058
2026-05-11 19:00:00,9.812,9.874,9.791,9.855,6348.539008
2026-05-11 20:00:00,9.859,9.872,9.794,9.827,5133.840889
2026-05-11 21:00:00,9.826,9.849,9.809,9.809,2095.302994
2026-05-11 22:00:00,9.8,9.813,9.77,9.781,2542.307048
2026-05-11 23:00:00,9.778,9.79,9.76,9.776,4478.137105
2026-05-12 00:00:00,9.775,9.796,9.76,9.79,4248.39162
2026-05-12 01:00:00,9.78,9.78,9.574,9.604,25397.266941
2026-05-12 02:00:00,9.606,9.653,9.589,9.643,8295.652538
2026-05-12 03:00:00,9.65,9.669,9.601,9.603,1839.616967
2026-05-12 04:00:00,9.612,9.635,9.589,9.615,3001.772775
2026-05-12 05:00:00,9.614,9.667,9.608,9.634,3884.683432
2026-05-12 06:00:00,9.628,9.645,9.594,9.594,2100.016467
2026-05-12 07:00:00,9.592,9.616,9.523,9.583,9231.048281
2026-05-12 08:00:00,9.58,9.595,9.528,9.567,9437.82868
2026-05-12 09:00:00,9.561,9.576,9.503,9.555,2983.024146
2026-05-12 10:00:00,9.554,9.554,9.477,9.494,5225.35298
2026-05-12 11:00:00,9.495,9.506,9.421,9.464,2796.160971
2026-05-12 12:00:00,9.465,9.5,9.387,9.47,8197.590479
2026-05-12 13:00:00,9.474,9.489,9.369,9.384,5983.257748
2026-05-12 14:00:00,9.384,9.429,9.288,9.34,13531.724234
2026-05-12 15:00:00,9.341,9.364,9.263,9.276,3575.512055
2026-05-12 16:00:00,9.276,9.318,9.209,9.232,10376.742186
2026-05-12 17:00:00,9.24,9.344,9.236,9.328,3271.911772
2026-05-12 18:00:00,9.337,9.38,9.322,9.351,1357.80645
2026-05-12 19:00:00,9.355,9.431,9.355,9.405,3828.490158
2026-05-12 20:00:00,9.401,9.43,9.389,9.429,940.429249
2026-05-12 21:00:00,9.426,9.44,9.407,9.438,3436.031989
2026-05-12 22:00:00,9.439,9.458,9.422,9.429,1251.430341
2026-05-12 23:00:00,9.431,9.435,9.387,9.387,2358.259847
2026-05-13 00:00:00,9.397,9.428,9.38,9.411,2245.979113
2026-05-13 01:00:00,9.41,9.493,9.41,9.461,5849.064219
2026-05-13 02:00:00,9.459,9.494,9.434,9.458,2716.674241
2026-05-13 03:00:00,9.456,9.52,9.451,9.51,2481.429072
2026-05-13 04:00:00,9.519,9.565,9.504,9.536,3946.278863
2026-05-13 05:00:00,9.531,9.542,9.428,9.464,2737.290806
2026-05-13 06:00:00,9.469,9.488,9.444,9.447,1200.851745
2026-05-13 07:00:00,9.452,9.455,9.425,9.441,705.228632
2026-05-13 08:00:00,9.451,9.497,9.442,9.476,1322.882856
2026-05-13 09:00:00,9.475,9.598,9.471,9.578,7610.895306
2026-05-13 10:00:00,9.589,9.589,9.506,9.52,2597.696115
2026-05-13 11:00:00,9.519,9.558,9.442,9.457,10043.655903
2026-05-13 12:00:00,9.456,9.478,9.266,9.337,8967.459874
2026-05-13 13:00:00,9.337,9.373,9.237,9.267,2874.916402
2026-05-13 14:00:00,9.255,9.343,9.172,9.303,10265.573735
2026-05-13 15:00:00,9.304,9.332,9.05,9.141,34509.525445
2026-05-13 16:00:00,9.142,9.244,9.141,9.226,26978.828723
2026-05-13 17:00:00,9.231,9.254,9.205,9.246,937.993407
2026-05-13 18:00:00,9.25,9.303,9.25,9.272,1402.061789
2026-05-13 19:00:00,9.271,9.274,9.209,9.221,989.206153
2026-05-13 20:00:00,9.23,9.269,9.226,9.253,441.184181
2026-05-13 21:00:00,9.256,9.256,9.173,9.185,636.476542
2026-05-13 22:00:00,9.187,9.262,9.177,9.258,2136.285185
2026-05-13 23:00:00,9.259,9.264,9.237,9.258,5307.938338
2026-05-14 00:00:00,9.254,9.29,9.248,9.27,2835.44716
2026-05-14 01:00:00,9.265,9.277,9.239,9.262,14085.299813
2026-05-14 02:00:00,9.262,9.284,9.224,9.248,1986.674741
2026-05-14 03:00:00,9.25,9.269,9.134,9.151,5571.089128
2026-05-14 04:00:00,9.151,9.253,9.142,9.242,2302.341187
2026-05-14 05:00:00,9.237,9.295,9.237,9.282,2483.054865
2026-05-14 06:00:00,9.281,9.312,9.263,9.273,1738.573573
2026-05-14 07:00:00,9.282,9.283,9.25,9.25,803.165115
2026-05-14 08:00:00,9.25,9.266,9.221,9.245,1619.086374
2026-05-14 09:00:00,9.247,9.255,9.197,9.225,2394.708092
2026-05-14 10:00:00,9.221,9.275,9.209,9.267,1641.578842
2026-05-14 11:00:00,9.27,9.27,9.211,9.219,5354.993401
2026-05-14 12:00:00,9.214,9.308,9.21,9.302,1448.566679
2026-05-14 13:00:00,9.308,9.355,9.294,9.315,6145.862196
2026-05-14 14:00:00,9.317,9.427,9.286,9.423,7575.847588
2026-05-14 15:00:00,9.426,9.464,9.39,9.459,13188.255103
2026-05-14 16:00:00,9.459,9.581,9.422,9.507,8167.403193
2026-05-14 17:00:00,9.51,9.549,9.462,9.51,3572.899206
2026-05-14 18:00:00,9.508,9.617,9.48,9.601,2717.032666
2026-05-14 19:00:00,9.596,9.682,9.509,9.525,6141.735813
2026-05-14 20:00:00,9.526,9.536,9.472,9.524,10024.967482
2026-05-14 21:00:00,9.527,9.581,9.477,9.534,7663.056381
2026-05-14 22:00:00,9.534,9.561,9.525,9.53,2505.566573
2026-05-14 23:00:00,9.53,9.53,9.462,9.468,1133.332587
2026-05-15 00:00:00,9.478,9.534,9.47,9.497,2960.471095
2026-05-15 01:00:00,9.497,9.512,9.423,9.43,2102.345706
2026-05-15 02:00:00,9.424,9.454,9.367,9.427,4560.734279
2026-05-15 03:00:00,9.429,9.465,9.426,9.465,1549.778209
2026-05-15 04:00:00,9.463,9.472,9.392,9.392,6569.095956
2026-05-15 05:00:00,9.393,9.417,9.27,9.278,8056.911859
2026-05-15 06:00:00,9.275,9.37,9.261,9.365,7541.393795
2026-05-15 07:00:00,9.368,9.441,9.35,9.41,2196.243612
2026-05-15 08:00:00,9.394,9.394,9.31,9.36,4193.862834
2026-05-15 09:00:00,9.355,9.362,9.3,9.309,1559.326252
2026-05-15 10:00:00,9.307,9.375,9.292,9.368,1094.219326
2026-05-15 11:00:00,9.374,9.374,9.301,9.301,1459.65133
2026-05-15 12:00:00,9.301,9.308,9.267,9.282,8408.424275
2026-05-15 13:00:00,9.279,9.291,8.925,8.959,48883.492084
2026-05-15 14:00:00,8.96,9.058,8.907,9.022,23439.329701
2026-05-15 15:00:00,9.02,9.06,8.978,9.03,9629.971475
2026-05-15 16:00:00,9.032,9.13,9.022,9.123,12665.020448
2026-05-15 17:00:00,9.122,9.24,9.122,9.226,5332.97381
2026-05-15 18:00:00,9.227,9.26,9.191,9.246,5565.858021
2026-05-15 19:00:00,9.247,9.276,9.199,9.237,12191.917349
2026-05-15 20:00:00,9.235,9.267,9.208,9.239,10944.263492
2026-05-15 21:00:00,9.242,9.278,9.208,9.208,1312.076446
2026-05-15 22:00:00,9.214,9.26,9.214,9.252,3033.9561
2026-05-15 23:00:00,9.247,9.279,9.239,9.247,1549.832705
2026-05-16 00:00:00,9.248,9.311,9.22,9.263,3787.523584
2026-05-16 01:00:00,9.265,9.279,9.169,9.207,2794.07942
2026-05-16 02:00:00,9.206,9.23,9.204,9.219,1917.683471
2026-05-16 03:00:00,9.224,9.248,9.197,9.214,884.301032
2026-05-16 04:00:00,9.213,9.223,9.105,9.141,4848.495155
2026-05-16 05:00:00,9.14,9.149,9.064,9.071,3386.394437
2026-05-16 06:00:00,9.079,9.079,8.96,9.011,3472.825747
2026-05-16 07:00:00,9.009,9.009,8.83,8.931,22092.947011
2026-05-16 08:00:00,8.93,8.973,8.928,8.967,5055.043689
2026-05-16 09:00:00,8.962,8.973,8.848,8.908,5171.775375
2026-05-16 10:00:00,8.893,8.926,8.773,8.842,21836.044427
2026-05-16 11:00:00,8.841,8.886,8.833,8.873,2771.428513
2026-05-16 12:00:00,8.872,8.904,8.851,8.898,3284.506378
2026-05-16 13:00:00,8.894,8.908,8.871,8.89,3629.636886
2026-05-16 14:00:00,8.892,8.966,8.885,8.925,1813.389095
2026-05-16 15:00:00,8.927,9.027,8.927,9.005,4317.985015
2026-05-16 16:00:00,9.004,9.105,9.004,9.093,10820.29536
2026-05-16 17:00:00,9.101,9.119,9.08,9.086,1789.864445
2026-05-16 18:00:00,9.081,9.107,9.068,9.085,2073.454743
2026-05-16 19:00:00,9.092,9.093,9.066,9.082,2633.881382
2026-05-16 20:00:00,9.084,9.091,9.071,9.085,1555.818764
2026-05-16 21:00:00,9.082,9.09,9.069,9.073,1645.299485
2026-05-16 22:00:00,9.072,9.076,9.022,9.022,1246.810181
2026-05-16 23:00:00,9.02,9.06,9.015,9.043,1161.437167
2026-05-17 00:00:00,9.047,9.066,8.995,9.001,1395.840877
2026-05-17 01:00:00,9.016,9.018,8.933,8.95,3588.480988
2026-05-17 02:00:00,8.948,8.992,8.948,8.97,1426.452931
2026-05-17 03:00:00,8.974,9.055,8.974,9.046,4644.141751
2026-05-17 04:00:00,9.046,9.094,9.04,9.065,4058.113214
2026-05-17 05:00:00,9.06,9.116,9.06,9.074,984.490957
2026-05-17 06:00:00,9.076,9.092,9.064,9.085,527.657906
2026-05-17 07:00:00,9.085,9.149,9.08,9.099,3305.697069
2026-05-17 08:00:00,9.098,9.101,9.071,9.08,3091.148054
2026-05-17 09:00:00,9.077,9.112,9.071,9.11,3315.670728
2026-05-17 10:00:00,9.112,9.148,9.105,9.106,2439.976861
2026-05-17 11:00:00,9.119,9.119,9.073,9.096,499.818061
2026-05-17 12:00:00,9.096,9.186,9.091,9.123,8277.996527
2026-05-17 13:00:00,9.122,9.122,9.066,9.077,699.340449
2026-05-17 14:00:00,9.07,9.07,8.988,9.004,3771.543739
2026-05-17 15:00:00,9.003,9.023,8.99,9.018,7322.642214
2026-05-17 16:00:00,9.018,9.035,8.966,8.98,3134.475194
2026-05-17 17:00:00,8.983,8.991,8.953,8.98,1935.878853
2026-05-17 18:00:00,8.981,9.004,8.953,8.999,295.960364
2026-05-17 19:00:00,9.007,9.015,8.98,9.008,1216.294248
2026-05-17 20:00:00,9.008,9.01,8.986,9.009,620.617835
2026-05-17 21:00:00,9.009,9.036,9.001,9.033,1317.43816
2026-05-17 22:00:00,9.024,9.024,8.92,8.967,4037.470329
2026-05-17 23:00:00,8.953,8.953,8.627,8.87,32703.701282
2026-05-18 00:00:00,8.864,8.869,8.794,8.849,6553.592499
2026-05-18 01:00:00,8.857,8.873,8.793,8.861,3082.325484
2026-05-18 02:00:00,8.856,8.932,8.856,8.887,2622.74805
2026-05-18 03:00:00,8.888,8.943,8.84,8.862,1709.127675
2026-05-18 04:00:00,8.869,8.884,8.833,8.884,6348.311899
2026-05-18 05:00:00,8.881,8.885,8.83,8.835,2070.075196
2026-05-18 06:00:00,8.838,8.858,8.782,8.838,5483.417621
2026-05-18 07:00:00,8.842,8.854,8.777,8.804,1626.46092
2026-05-18 08:00:00,8.804,8.839,8.753,8.766,7076.347157
2026-05-18 09:00:00,8.766,8.766,8.721,8.737,3585.362982
2026-05-18 10:00:00,8.74,8.74,8.698,8.7,4954.653975
2026-05-18 11:00:00,8.704,8.825,8.694,8.769,3075.779149
2026-05-18 12:00:00,8.769,8.854,8.768,8.828,1882.140367
2026-05-18 13:00:00,8.821,8.826,8.739,8.797,2659.431054
2026-05-18 14:00:00,8.794,8.794,8.683,8.7,3673.985371
2026-05-18 15:00:00,8.695,8.702,8.624,8.686,9948.915137
2026-05-18 16:00:00,8.687,8.721,8.666,8.709,2503.021782
2026-05-18 17:00:00,8.716,8.753,8.716,8.747,592.916204
2026-05-18 18:00:00,8.749,8.75,8.647,8.699,2385.447072
2026-05-18 19:00:00,8.7,8.955,8.7,8.937,4576.405556
2026-05-18 20:00:00,8.942,8.985,8.899,8.93,3210.706371
2026-05-18 21:00:00,8.931,8.975,8.919,8.954,1598.712024
2026-05-18 22:00:00,8.957,9.023,8.931,8.969,3892.566461
2026-05-18 23:00:00,8.971,8.985,8.918,8.932,922.384386
2026-05-19 00:00:00,8.935,9.0,8.929,8.962,2661.461453
2026-05-19 01:00:00,8.959,8.962,8.902,8.909,2870.000717
2026-05-19 02:00:00,8.903,8.935,8.874,8.885,4984.354682
2026-05-19 03:00:00,8.888,8.933,8.88,8.901,296.93642
2026-05-19 04:00:00,8.901,8.937,8.893,8.922,472.625568
2026-05-19 05:00:00,8.925,8.936,8.877,8.917,1202.038684
2026-05-19 06:00:00,8.914,8.99,8.909,8.979,11062.616669
2026-05-19 07:00:00,8.978,8.994,8.962,8.977,2373.370269
2026-05-19 08:00:00,8.979,9.01,8.928,8.992,1756.151021
2026-05-19 09:00:00,8.99,8.99,8.884,8.901,1137.757874
2026-05-19 10:00:00,8.902,8.907,8.836,8.869,1579.10912
2026-05-19 11:00:00,8.873,8.877,8.829,8.829,4184.462471
2026-05-19 12:00:00,8.823,8.873,8.814,8.873,2471.688698
2026-05-19 13:00:00,8.875,8.914,8.832,8.883,2450.398285
2026-05-19 14:00:00,8.878,8.899,8.792,8.832,7871.582904
2026-05-19 15:00:00,8.832,8.874,8.822,8.847,1122.906905
2026-05-19 16:00:00,8.848,8.968,8.843,8.964,1574.484965
2026-05-19 17:00:00,8.962,9.025,8.953,9.022,1968.081776
2026-05-19 18:00:00,9.023,9.156,9.023,9.097,9145.682951
2026-05-19 19:00:00,9.096,9.144,9.013,9.013,2596.734167
2026-05-19 20:00:00,9.013,9.043,9.003,9.011,499.54923
2026-05-19 21:00:00,9.015,9.015,8.974,8.98,895.358663
2026-05-19 22:00:00,8.978,8.978,8.912,8.935,2156.498223
2026-05-19 23:00:00,8.929,8.99,8.928,8.967,2551.692671
2026-05-20 00:00:00,8.969,8.972,8.878,8.886,2556.102722
2026-05-20 01:00:00,8.888,8.923,8.839,8.916,1548.299156
2026-05-20 02:00:00,8.918,8.923,8.885,8.903,1277.210155
2026-05-20 03:00:00,8.895,8.931,8.89,8.913,763.234348
2026-05-20 04:00:00,8.912,8.916,8.879,8.911,1744.7298
2026-05-20 05:00:00,8.911,9.015,8.911,8.995,14633.524609
2026-05-20 06:00:00,8.998,9.045,8.998,9.038,1324.580968
2026-05-20 07:00:00,9.033,9.033,8.997,9.024,1772.942693
2026-05-20 08:00:00,9.03,9.083,9.015,9.048,3893.419741
2026-05-20 09:00:00,9.049,9.076,9.025,9.037,575.623144
2026-05-20 10:00:00,9.038,9.051,8.995,9.001,452.319743
2026-05-20 11:00:00,9.01,9.02,8.951,8.951,1460.821533
2026-05-20 12:00:00,8.955,9.025,8.934,9.016,2916.321515
2026-05-20 13:00:00,9.014,9.014,8.908,8.938,3338.985956
2026-05-20 14:00:00,8.941,9.052,8.909,9.042,12351.770167
2026-05-20 15:00:00,9.04,9.118,9.011,9.081,3876.316121
2026-05-20 16:00:00,9.085,9.115,9.04,9.086,1353.056986
2026-05-20 17:00:00,9.087,9.11,9.053,9.053,2962.428797
2026-05-20 18:00:00,9.053,9.065,8.994,9.003,2354.408517
2026-05-20 19:00:00,9.001,9.06,8.971,9.039,4949.952264
2026-05-20 20:00:00,9.038,9.055,8.999,9.055,1520.813409
2026-05-20 21:00:00,9.055,9.076,8.987,8.987,1789.5608
2026-05-20 22:00:00,8.982,8.996,8.935,8.995,2963.44384
2026-05-20 23:00:00,8.989,9.005,8.964,9.004,1575.497737
2026-05-21 00:00:00,9.006,9.035,8.983,9.021,2957.358299
2026-05-21 01:00:00,9.023,9.064,9.011,9.041,801.60947
2026-05-21 02:00:00,9.038,9.073,9.03,9.035,1675.366084
2026-05-21 03:00:00,9.031,9.08,9.021,9.068,681.334565
2026-05-21 04:00:00,9.08,9.084,9.047,9.067,5295.924677
2026-05-21 05:00:00,9.063,9.073,8.99,9.006,2716.117527
2026-05-21 06:00:00,9.002,9.023,8.954,8.964,7105.024884
2026-05-21 07:00:00,8.969,9.053,8.96,9.043,2271.345815
2026-05-21 08:00:00,9.046,9.06,9.028,9.028,1156.726903
2026-05-21 09:00:00,9.027,9.034,8.973,8.976,1947.705471
2026-05-21 10:00:00,8.974,8.984,8.883,8.894,5831.817221
2026-05-21 11:00:00,8.893,8.913,8.862,8.863,3502.493305
2026-05-21 12:00:00,8.865,8.925,8.856,8.92,3246.385017
2026-05-21 13:00:00,8.917,8.936,8.846,8.905,4117.509628
2026-05-21 14:00:00,8.907,8.925,8.85,8.885,1986.707837
2026-05-21 15:00:00,8.885,8.958,8.859,8.912,1949.163667
2026-05-21 16:00:00,8.915,8.941,8.866,8.89,720.174921
2026-05-21 17:00:00,8.892,9.013,8.88,8.995,3682.32355
2026-05-21 18:00:00,8.993,9.044,8.954,8.987,1720.214246
2026-05-21 19:00:00,8.99,9.035,8.971,9.033,878.213837
2026-05-21 20:00:00,9.032,9.039,8.978,8.984,731.378832
2026-05-21 21:00:00,8.982,9.044,8.982,8.997,579.239109
2026-05-21 22:00:00,8.994,9.01,8.981,8.987,260.967007
2026-05-21 23:00:00,8.988,8.997,8.948,8.977,611.706591
2026-05-22 00:00:00,8.979,9.002,8.954,8.974,1375.757405
2026-05-22 01:00:00,8.971,9.05,8.962,9.049,3878.877364
2026-05-22 02:00:00,9.05,9.1,9.05,9.089,3066.722359
2026-05-22 03:00:00,9.086,9.147,9.081,9.147,2829.629894
2026-05-22 04:00:00,9.148,9.195,9.07,9.088,8700.171423
2026-05-22 05:00:00,9.082,9.148,9.075,9.097,3590.726084
2026-05-22 06:00:00,9.097,9.111,9.084,9.1,1040.055411
2026-05-22 07:00:00,9.096,9.179,9.057,9.151,5354.434669
2026-05-22 08:00:00,9.15,9.279,9.142,9.211,13664.228832
2026-05-22 09:00:00,9.216,9.273,9.201,9.258,4462.951154
2026-05-22 10:00:00,9.257,9.3,9.222,9.254,7921.40223
2026-05-22 11:00:00,9.265,9.36,9.257,9.314,10514.641113
2026-05-22 12:00:00,9.317,9.491,9.317,9.491,16635.408657
2026-05-22 13:00:00,9.491,9.5,9.234,9.275,19505.198603
2026-05-22 14:00:00,9.27,9.27,9.136,9.173,8885.069505
2026-05-22 15:00:00,9.173,9.189,9.116,9.134,4926.613205
2026-05-22 16:00:00,9.135,9.171,9.105,9.141,2747.856724
2026-05-22 17:00:00,9.14,9.183,9.119,9.122,1246.111661
2026-05-22 18:00:00,9.12,9.12,8.88,8.964,8090.883979
2026-05-22 19:00:00,8.962,8.976,8.759,8.831,7841.048529
2026-05-22 20:00:00,8.831,8.887,8.824,8.881,2889.307721
2026-05-22 21:00:00,8.881,8.917,8.862,8.893,1442.357713
2026-05-22 22:00:00,8.891,8.891,8.834,8.849,1916.13997
2026-05-22 23:00:00,8.85,8.883,8.721,8.788,7017.590585
2026-05-23 00:00:00,8.789,8.797,8.725,8.783,9288.461834
2026-05-23 01:00:00,8.785,8.864,8.785,8.853,5767.452516
2026-05-23 02:00:00,8.864,8.893,8.846,8.893,2845.720275
2026-05-23 03:00:00,8.894,8.945,8.889,8.91,5756.204717
2026-05-23 04:00:00,8.91,8.91,8.863,8.877,1423.884007
2026-05-23 05:00:00,8.878,8.878,8.832,8.856,1982.284964
2026-05-23 06:00:00,8.857,8.86,8.83,8.853,4011.428207
2026-05-23 07:00:00,8.854,8.868,8.614,8.685,14956.882848
2026-05-23 08:00:00,8.684,8.707,8.601,8.674,8900.610143
2026-05-23 09:00:00,8.677,8.689,8.647,8.679,6771.088072
2026-05-23 10:00:00,8.682,8.707,8.674,8.693,959.888982
2026-05-23 11:00:00,8.694,8.696,8.658,8.663,836.090487
2026-05-23 12:00:00,8.664,8.689,8.647,8.685,3030.177813
2026-05-23 13:00:00,8.685,8.779,8.685,8.767,5232.898925
2026-05-23 14:00:00,8.772,8.864,8.761,8.845,2901.461874
2026-05-23 15:00:00,8.849,8.898,8.834,8.864,3104.399608
2026-05-23 16:00:00,8.868,8.884,8.853,8.877,914.235613
2026-05-23 17:00:00,8.876,8.914,8.855,8.875,2975.595232
2026-05-23 18:00:00,8.869,8.994,8.865,8.927,4362.184014
2026-05-23 19:00:00,8.925,8.968,8.908,8.941,767.57701
2026-05-23 20:00:00,8.938,9.143,8.92,9.134,6088.017683
2026-05-23 21:00:00,9.148,9.191,9.022,9.047,3835.400161
2026-05-23 22:00:00,9.053,9.074,8.981,9.015,1698.807234
2026-05-23 23:00:00,9.01,9.032,8.991,9.002,958.748893
2026-05-24 00:00:00,9.004,9.042,8.994,9.027,2487.393289
2026-05-24 01:00:00,9.028,9.048,9.011,9.028,2551.483636
2026-05-24 02:00:00,9.029,9.032,8.974,8.996,1694.997527
2026-05-24 03:00:00,8.99,9.009,8.963,8.976,938.782074
2026-05-24 04:00:00,8.983,9.017,8.978,9.003,443.779638
2026-05-24 05:00:00,9.003,9.003,8.934,8.989,1048.053517
2026-05-24 06:00:00,8.987,9.043,8.972,9.037,640.208448
2026-05-24 07:00:00,9.041,9.041,8.98,8.995,4837.313938
2026-05-24 08:00:00,8.993,9.047,8.97,9.027,10050.678528
2026-05-24 09:00:00,9.026,9.15,9.019,9.147,11334.275014
2026-05-24 10:00:00,9.149,9.164,9.059,9.066,6734.216536
2026-05-24 11:00:00,9.067,9.098,9.046,9.091,1319.023099
2026-05-24 12:00:00,9.093,9.093,9.038,9.056,1165.606452
2026-05-24 13:00:00,9.056,9.06,8.964,8.994,2961.113861
2026-05-24 14:00:00,8.998,9.01,8.849,8.938,8974.750643
2026-05-24 15:00:00,8.937,8.956,8.92,8.938,3136.704737
2026-05-24 16:00:00,8.941,8.984,8.93,8.955,967.300621
2026-05-24 17:00:00,8.955,8.962,8.937,8.952,298.718316
2026-05-24 18:00:00,8.95,8.962,8.913,8.928,819.162979
2026-05-24 19:00:00,8.929,8.944,8.908,8.928,209.218956
2026-05-24 20:00:00,8.933,8.933,8.88,8.888,581.190785
2026-05-24 21:00:00,8.884,8.908,8.78,8.8,4086.17393
2026-05-24 22:00:00,8.801,8.927,8.801,8.875,1551.902634
2026-05-24 23:00:00,8.876,8.931,8.876,8.911,659.540187
2026-05-25 00:00:00,8.916,8.947,8.916,8.925,984.680659
2026-05-25 01:00:00,8.935,8.94,8.859,8.859,2467.525774
2026-05-25 02:00:00,8.861,8.939,8.861,8.886,1027.531296
2026-05-25 03:00:00,8.888,8.896,8.867,8.891,2179.18972
2026-05-25 04:00:00,8.889,8.971,8.865,8.95,1363.398779
2026-05-25 05:00:00,8.951,9.004,8.941,8.99,911.458804
2026-05-25 06:00:00,8.994,9.018,8.96,9.005,701.099665
2026-05-25 07:00:00,9.008,9.042,8.986,9.021,1952.615979
2026-05-25 08:00:00,9.024,9.034,9.003,9.02,486.472408
2026-05-25 09:00:00,9.017,9.025,8.999,9.006,524.165988
2026-05-25 10:00:00,9.01,9.066,9.006,9.06,4405.197258
2026-05-25 11:00:00,9.064,9.073,9.034,9.034,1173.600938
2026-05-25 12:00:00,9.038,9.038,9.005,9.016,2293.547328
2026-05-25 13:00:00,9.02,9.041,9.0,9.037,1636.512119
2026-05-25 14:00:00,9.039,9.104,9.039,9.087,7703.722677
2026-05-25 15:00:00,9.095,9.104,9.031,9.041,3200.732975
2026-05-25 16:00:00,9.045,9.135,9.045,9.122,1475.401863
2026-05-25 17:00:00,9.126,9.126,9.07,9.084,1341.388673
2026-05-25 18:00:00,9.083,9.103,9.052,9.055,1242.825334
2026-05-25 19:00:00,9.05,9.053,9.007,9.034,917.182145
2026-05-25 20:00:00,9.034,9.049,8.979,8.988,1874.488084
2026-05-25 21:00:00,8.981,9.012,8.981,9.0,353.576929
2026-05-25 22:00:00,8.997,8.997,8.906,8.91,3261.072257
2026-05-25 23:00:00,8.909,8.964,8.903,8.944,691.103054
2026-05-26 00:00:00,8.946,8.95,8.822,8.867,6401.885049
2026-05-26 01:00:00,8.862,8.863,8.787,8.823,3095.216708
2026-05-26 02:00:00,8.824,8.838,8.798,8.824,2000.070814
2026-05-26 03:00:00,8.819,8.841,8.789,8.835,1280.14363
2026-05-26 04:00:00,8.835,8.878,8.826,8.855,1046.156167
2026-05-26 05:00:00,8.847,8.912,8.847,8.878,2498.291612
2026-05-26 06:00:00,8.882,8.9,8.843,8.885,1790.878618
2026-05-26 07:00:00,8.891,8.891,8.821,8.849,1729.071173
2026-05-26 08:00:00,8.851,8.873,8.831,8.843,770.019309
2026-05-26 09:00:00,8.842,8.866,8.827,8.856,4346.341252
2026-05-26 10:00:00,8.853,9.013,8.837,8.979,7001.987126
2026-05-26 11:00:00,8.974,8.979,8.921,8.922,1866.409281
2026-05-26 12:00:00,8.921,8.925,8.878,8.911,1505.047094
2026-05-26 13:00:00,8.912,8.919,8.808,8.899,3561.122445
2026-05-26 14:00:00,8.905,9.007,8.843,8.865,23087.314771
2026-05-26 15:00:00,8.866,8.878,8.743,8.816,36980.591119
2026-05-26 16:00:00,8.809,8.809,8.723,8.763,9727.125435
2026-05-26 17:00:00,8.766,8.766,8.618,8.654,14866.021261
2026-05-26 18:00:00,8.649,8.692,8.605,8.619,2559.856988
2026-05-26 19:00:00,8.619,8.664,8.586,8.656,2044.16107
2026-05-26 20:00:00,8.651,8.683,8.65,8.683,1707.36518
2026-05-26 21:00:00,8.682,8.683,8.613,8.625,1812.926055
2026-05-26 22:00:00,8.632,8.643,8.613,8.625,2447.920608
2026-05-26 23:00:00,8.626,8.655,8.626,8.633,1928.061693
2026-05-27 00:00:00,8.636,8.708,8.632,8.704,6802.693376
2026-05-27 01:00:00,8.703,8.714,8.647,8.648,2425.162226
2026-05-27 02:00:00,8.647,8.65,8.611,8.647,2674.091323
2026-05-27 03:00:00,8.645,8.68,8.628,8.636,2977.775257
2026-05-27 04:00:00,8.639,8.644,8.52,8.628,8190.794051
2026-05-27 05:00:00,8.629,8.656,8.625,8.649,2709.649299
2026-05-27 06:00:00,8.652,8.671,8.642,8.66,2014.610075
2026-05-27 07:00:00,8.664,8.664,8.635,8.656,2687.959909
2026-05-27 08:00:00,8.656,8.687,8.627,8.634,1545.747679
2026-05-27 09:00:00,8.636,8.649,8.612,8.625,1547.30275
2026-05-27 10:00:00,8.624,8.647,8.611,8.619,524.765421
2026-05-27 11:00:00,8.617,8.637,8.567,8.569,3107.93478
2026-05-27 12:00:00,8.569,8.65,8.535,8.604,3691.175433
2026-05-27 13:00:00,8.605,8.615,8.51,8.575,7471.110378
2026-05-27 14:00:00,8.576,8.624,8.55,8.621,6755.42296
2026-05-27 15:00:00,8.622,8.72,8.615,8.67,5644.998247
2026-05-27 16:00:00,8.675,8.694,8.615,8.635,4174.111306
2026-05-27 17:00:00,8.634,8.634,8.538,8.563,3703.090739
2026-05-27 18:00:00,8.559,8.593,8.51,8.591,2522.571633
2026-05-27 19:00:00,8.594,8.618,8.577,8.602,4884.16595
2026-05-27 20:00:00,8.603,8.625,8.583,8.615,7997.09269
2026-05-27 21:00:00,8.616,8.626,8.406,8.467,11740.50617
2026-05-27 22:00:00,8.473,8.489,8.421,8.448,6531.655985
2026-05-27 23:00:00,8.448,8.474,8.42,8.458,6493.358584
2026-05-28 00:00:00,8.457,8.474,8.404,8.422,3729.518455
2026-05-28 01:00:00,8.424,8.43,8.337,8.406,13051.58803
2026-05-28 02:00:00,8.402,8.43,8.37,8.4,2794.466275
2026-05-28 03:00:00,8.397,8.41,8.218,8.234,36770.456768
2026-05-28 04:00:00,8.236,8.251,8.127,8.241,19597.132165
2026-05-28 05:00:00,8.244,8.245,8.166,8.175,5675.915496
2026-05-28 06:00:00,8.174,8.21,8.157,8.202,7435.863198
2026-05-28 07:00:00,8.201,8.227,8.191,8.224,5904.336212
2026-05-28 08:00:00,8.222,8.228,8.177,8.177,3062.475192
2026-05-28 09:00:00,8.18,8.202,8.162,8.19,5159.824903
2026-05-28 10:00:00,8.192,8.217,8.141,8.15,5698.45054
2026-05-28 11:00:00,8.149,8.171,8.132,8.148,14923.669466
2026-05-28 12:00:00,8.148,8.166,8.1,8.165,6355.616457
2026-05-28 13:00:00,8.168,8.183,8.11,8.136,5617.481041
2026-05-28 14:00:00,8.132,8.191,8.064,8.146,18042.419368
2026-05-28 15:00:00,8.143,8.16,8.087,8.149,4734.056297
2026-05-28 16:00:00,8.147,8.228,8.122,8.223,15823.873907
2026-05-28 17:00:00,8.223,8.292,8.209,8.268,8856.780478
2026-05-28 18:00:00,8.273,8.365,8.271,8.355,14343.507922
2026-05-28 19:00:00,8.357,8.384,8.277,8.277,14114.9434
2026-05-28 20:00:00,8.284,8.344,8.243,8.304,6525.806635
2026-05-28 21:00:00,8.305,8.335,8.292,8.303,1948.902257
2026-05-28 22:00:00,8.302,8.312,8.226,8.254,1089.26424
2026-05-28 23:00:00,8.251,8.274,8.24,8.251,2516.603532
2026-05-29 00:00:00,8.25,8.288,8.25,8.263,7279.135543
2026-05-29 01:00:00,8.266,8.279,8.217,8.236,3840.131737
2026-05-29 02:00:00,8.236,8.253,8.172,8.178,5127.298485
2026-05-29 03:00:00,8.18,8.217,8.166,8.167,792.143155
2026-05-29 04:00:00,8.168,8.21,8.135,8.21,2148.647175
2026-05-29 05:00:00,8.211,8.226,8.195,8.226,1298.654574
2026-05-29 06:00:00,8.224,8.277,8.224,8.254,5837.138972
2026-05-29 07:00:00,8.254,8.265,8.184,8.224,4342.628118
2026-05-29 08:00:00,8.224,8.244,8.21,8.214,1319.355027
2026-05-29 09:00:00,8.215,8.248,8.211,8.238,2625.680974
2026-05-29 10:00:00,8.241,8.241,8.165,8.182,2569.852466
2026-05-29 11:00:00,8.18,8.192,8.129,8.158,1434.413783
2026-05-29 12:00:00,8.159,8.166,8.05,8.08,12553.908595
2026-05-29 13:00:00,8.077,8.119,8.047,8.108,5404.709247
2026-05-29 14:00:00,8.111,8.156,8.019,8.132,8554.795324
2026-05-29 15:00:00,8.126,8.309,8.117,8.244,19888.356886
2026-05-29 16:00:00,8.244,8.269,8.178,8.245,17127.119292
2026-05-29 17:00:00,8.245,8.315,8.223,8.243,4569.413738
2026-05-29 18:00:00,8.244,8.255,8.169,8.196,4509.991016
2026-05-29 19:00:00,8.197,8.204,8.132,8.169,1776.832023
2026-05-29 20:00:00,8.171,8.221,8.16,8.198,1692.47521
2026-05-29 21:00:00,8.198,8.249,8.165,8.168,2180.665769
2026-05-29 22:00:00,8.166,8.209,8.166,8.197,1051.742454
2026-05-29 23:00:00,8.197,8.212,8.176,8.207,1068.426178
2026-05-30 00:00:00,8.21,8.355,8.197,8.325,9523.643133
2026-05-30 01:00:00,8.329,8.343,8.285,8.34,15917.241766
2026-05-30 02:00:00,8.35,8.375,8.336,8.36,5256.270515
2026-05-30 03:00:00,8.358,8.384,8.303,8.311,4015.536815
2026-05-30 04:00:00,8.311,8.321,8.211,8.261,5357.534347
2026-05-30 05:00:00,8.256,8.301,8.244,8.289,3085.265008
2026-05-30 06:00:00,8.286,8.293,8.255,8.257,280.535402
2026-05-30 07:00:00,8.254,8.264,8.24,8.261,637.427059
2026-05-30 08:00:00,8.261,8.264,8.244,8.255,1700.321937
2026-05-30 09:00:00,8.252,8.275,8.244,8.26,985.745699
2026-05-30 10:00:00,8.261,8.273,8.255,8.258,1095.803505
2026-05-30 11:00:00,8.259,8.273,8.24,8.251,357.594159
2026-05-30 12:00:00,8.25,8.282,8.245,8.27,983.754895
2026-05-30 13:00:00,8.27,8.278,8.23,8.253,2577.399829
2026-05-30 14:00:00,8.256,8.284,8.251,8.265,1587.033409
2026-05-30 15:00:00,8.267,8.272,8.225,8.244,4669.685008
2026-05-30 16:00:00,8.245,8.267,8.238,8.254,407.759008
2026-05-30 17:00:00,8.257,8.263,8.222,8.263,2387.211227
2026-05-30 18:00:00,8.263,8.282,8.252,8.281,788.671955
2026-05-30 19:00:00,8.281,8.284,8.249,8.253,583.813527
2026-05-30 20:00:00,8.255,8.264,8.246,8.246,481.284357
2026-05-30 21:00:00,8.25,8.271,8.249,8.256,324.915657
2026-05-30 22:00:00,8.253,8.253,8.186,8.202,2102.204687
2026-05-30 23:00:00,8.205,8.227,8.193,8.213,1296.60655
2026-05-31 00:00:00,8.215,8.236,8.203,8.236,1688.491888
2026-05-31 01:00:00,8.234,8.261,8.231,8.245,2123.148922
2026-05-31 02:00:00,8.248,8.285,8.227,8.255,2520.410937
2026-05-31 03:00:00,8.256,8.264,8.243,8.256,3507.845525
2026-05-31 04:00:00,8.256,8.278,8.245,8.276,3621.096456
2026-05-31 05:00:00,8.275,8.277,8.233,8.245,2129.126612
2026-05-31 06:00:00,8.242,8.269,8.227,8.25,1978.870672
2026-05-31 07:00:00,8.248,8.248,8.197,8.209,688.455251
2026-05-31 08:00:00,8.21,8.235,8.209,8.224,547.311793
2026-05-31 09:00:00,8.22,8.243,8.207,8.211,911.969968
2026-05-31 10:00:00,8.216,8.216,8.176,8.216,3793.229064
2026-05-31 11:00:00,8.216,8.232,8.214,8.218,1169.528532
2026-05-31 12:00:00,8.22,8.22,8.193,8.214,2634.569704
2026-05-31 13:00:00,8.204,8.226,8.178,8.178,1361.462095
2026-05-31 14:00:00,8.178,8.178,8.088,8.094,8512.054259
2026-05-31 15:00:00,8.093,8.146,8.093,8.107,973.506065
2026-05-31 16:00:00,8.108,8.122,8.057,8.069,6073.096857
2026-05-31 17:00:00,8.072,8.119,8.065,8.111,1628.290972
2026-05-31 18:00:00,8.109,8.116,8.097,8.114,1509.426001
2026-05-31 19:00:00,8.116,8.124,8.082,8.124,4380.680957
2026-05-31 20:00:00,8.123,8.156,8.123,8.149,2859.790662
2026-05-31 21:00:00,8.147,8.176,8.138,8.174,1294.465847
2026-05-31 22:00:00,8.174,8.2,8.156,8.193,1290.514032
2026-05-31 23:00:00,8.194,8.228,8.151,8.183,3485.541546
2026-06-01 00:00:00,8.189,8.238,8.189,8.218,10923.944047
2026-06-01 01:00:00,8.219,8.22,8.108,8.109,3602.810469
2026-06-01 02:00:00,8.109,8.213,8.066,8.19,5451.413666
2026-06-01 03:00:00,8.193,8.225,8.182,8.186,6436.872304
2026-06-01 04:00:00,8.184,8.2,8.095,8.137,8355.390026
2026-06-01 05:00:00,8.136,8.137,8.084,8.101,1397.630376
2026-06-01 06:00:00,8.1,8.106,8.04,8.086,4760.814253
2026-06-01 07:00:00,8.087,8.098,8.019,8.03,10420.386204
2026-06-01 08:00:00,8.034,8.06,7.99,8.053,7152.003157
2026-06-01 09:00:00,8.059,8.078,8.05,8.06,2091.392622
2026-06-01 10:00:00,8.066,8.076,8.034,8.062,3321.467656
2026-06-01 11:00:00,8.066,8.085,8.045,8.065,6446.707566
2026-06-01 12:00:00,8.069,8.097,8.013,8.076,7079.505824
2026-06-01 13:00:00,8.078,8.09,7.977,8.022,13662.410014
2026-06-01 14:00:00,8.029,8.042,7.997,8.021,30002.568846
2026-06-01 15:00:00,8.022,8.041,7.954,7.999,14997.738858
2026-06-01 16:00:00,7.999,8.079,7.964,8.07,10568.154249
2026-06-01 17:00:00,8.07,8.152,8.069,8.13,5684.819963
2026-06-01 18:00:00,8.126,8.135,8.093,8.093,1668.173569
2026-06-01 19:00:00,8.092,8.128,8.074,8.117,2368.839039
2026-06-01 20:00:00,8.117,8.124,8.067,8.073,5525.207826
2026-06-01 21:00:00,8.08,8.08,8.025,8.035,2810.567093
2026-06-01 22:00:00,8.034,8.112,8.005,8.11,3599.763035
2026-06-01 23:00:00,8.11,8.122,8.067,8.087,5193.68198
2026-06-02 00:00:00,8.092,8.1,8.042,8.047,9343.400149
2026-06-02 01:00:00,8.049,8.055,7.961,7.963,22895.36575
2026-06-02 02:00:00,7.965,8.044,7.928,8.044,26977.126973
2026-06-02 03:00:00,8.045,8.079,8.037,8.075,4967.262727
2026-06-02 04:00:00,8.075,8.087,8.036,8.037,1745.845282
2026-06-02 05:00:00,8.036,8.05,7.99,7.99,4647.792667
2026-06-02 06:00:00,7.993,8.012,7.963,7.983,3431.630382
2026-06-02 07:00:00,7.989,8.012,7.939,7.997,5425.030763
2026-06-02 08:00:00,7.998,8.015,7.975,7.978,2913.949973
2026-06-02 09:00:00,7.976,7.982,7.931,7.949,4039.365633
2026-06-02 10:00:00,7.947,7.989,7.933,7.987,1795.920766
2026-06-02 11:00:00,7.987,7.989,7.935,7.958,1659.699481
2026-06-02 12:00:00,7.956,7.973,7.938,7.964,3827.829484
2026-06-02 13:00:00,7.964,7.996,7.954,7.959,5616.045187
2026-06-02 14:00:00,7.958,7.958,7.683,7.797,44260.552658
2026-06-02 15:00:00,7.799,7.807,7.623,7.725,38216.571911
2026-06-02 16:00:00,7.722,7.823,7.699,7.77,9264.52693
2026-06-02 17:00:00,7.769,7.817,7.768,7.792,3664.780155
2026-06-02 18:00:00,7.793,7.821,7.718,7.742,2327.852654
2026-06-02 19:00:00,7.741,7.76,7.62,7.732,5789.388892
2026-06-02 20:00:00,7.721,7.76,7.672,7.747,1929.47052
2026-06-02 21:00:00,7.747,7.839,7.737,7.759,4187.99276
2026-06-02 22:00:00,7.755,7.755,7.574,7.587,11867.863555
2026-06-02 23:00:00,7.592,7.64,7.453,7.608,23423.212559
2026-06-03 00:00:00,7.61,7.715,7.61,7.691,6127.071311
2026-06-03 01:00:00,7.687,7.721,7.642,7.72,9418.266682
2026-06-03 02:00:00,7.72,7.796,7.696,7.796,11319.752812
2026-06-03 03:00:00,7.794,7.809,7.609,7.637,29376.831673
2026-06-03 04:00:00,7.64,7.796,7.634,7.79,10640.045781
2026-06-03 05:00:00,7.796,7.932,7.796,7.909,11677.230487
2026-06-03 06:00:00,7.902,7.946,7.865,7.905,4289.686552
2026-06-03 07:00:00,7.9,7.946,7.882,7.892,10913.362121
2026-06-03 08:00:00,7.893,7.917,7.867,7.874,3962.296516
2026-06-03 09:00:00,7.874,7.888,7.818,7.85,6137.210545
2026-06-03 10:00:00,7.846,7.884,7.836,7.872,11070.486231
2026-06-03 11:00:00,7.866,7.897,7.844,7.866,5929.410921
2026-06-03 12:00:00,7.868,7.888,7.816,7.888,2609.626282
2026-06-03 13:00:00,7.889,7.921,7.838,7.881,15682.869658
2026-06-03 14:00:00,7.87,7.901,7.813,7.862,8249.217539
2026-06-03 15:00:00,7.863,7.878,7.799,7.82,7110.391718
2026-06-03 16:00:00,7.828,7.828,7.7,7.784,5446.990819
2026-06-03 17:00:00,7.792,7.844,7.729,7.808,3035.753895
2026-06-03 18:00:00,7.812,7.825,7.748,7.807,1770.7001
2026-06-03 19:00:00,7.814,7.826,7.726,7.738,15002.298072
2026-06-03 20:00:00,7.735,7.768,7.616,7.641,6336.077017
2026-06-03 21:00:00,7.643,7.834,7.631,7.823,2644.457532
2026-06-03 22:00:00,7.826,7.863,7.751,7.776,2090.470685
2026-06-03 23:00:00,7.774,7.775,7.712,7.718,2507.254034
2026-06-04 00:00:00,7.715,7.783,7.631,7.682,10430.259805
2026-06-04 01:00:00,7.685,7.701,7.446,7.475,11757.916554
2026-06-04 02:00:00,7.465,7.543,7.2,7.486,40487.24649
2026-06-04 03:00:00,7.488,7.653,7.478,7.63,9187.884651
2026-06-04 04:00:00,7.632,7.651,7.55,7.554,2490.478324
2026-06-04 05:00:00,7.554,7.554,7.46,7.465,4040.584912
2026-06-04 06:00:00,7.463,7.553,7.44,7.496,10676.080215
2026-06-04 07:00:00,7.486,7.486,7.381,7.385,8236.084724
2026-06-04 08:00:00,7.388,7.439,7.34,7.393,12471.283403
2026-06-04 09:00:00,7.389,7.389,7.214,7.312,14897.493922
2026-06-04 10:00:00,7.311,7.315,7.197,7.229,14635.259342
2026-06-04 11:00:00,7.232,7.323,7.2,7.323,11606.245887
2026-06-04 12:00:00,7.327,7.479,7.296,7.45,11005.943928
2026-06-04 13:00:00,7.444,7.478,7.344,7.474,4583.469302
2026-06-04 14:00:00,7.477,7.483,7.435,7.468,10935.378588
2026-06-04 15:00:00,7.474,7.538,7.442,7.456,3750.158123
2026-06-04 16:00:00,7.455,7.461,7.393,7.428,11046.611502
2026-06-04 17:00:00,7.429,7.458,7.356,7.418,4396.826207
2026-06-04 18:00:00,7.418,7.486,7.363,7.473,2050.203664
2026-06-04 19:00:00,7.453,7.493,7.419,7.436,1079.260308
2026-06-04 20:00:00,7.437,7.437,7.356,7.381,1307.349655
2026-06-04 21:00:00,7.378,7.409,7.236,7.245,5815.610047
2026-06-04 22:00:00,7.242,7.283,7.221,7.283,5151.262662
2026-06-04 23:00:00,7.275,7.301,7.214,7.271,11855.695325
2026-06-05 00:00:00,7.258,7.307,7.2,7.221,4263.970381
2026-06-05 01:00:00,7.217,7.247,7.129,7.236,12446.825297
2026-06-05 02:00:00,7.235,7.235,7.035,7.046,14005.345451
2026-06-05 03:00:00,7.043,7.11,7.001,7.035,9676.465014
2026-06-05 04:00:00,7.042,7.173,7.012,7.164,8290.686292
2026-06-05 05:00:00,7.173,7.188,6.969,6.981,13103.104073
2026-06-05 06:00:00,6.988,7.006,6.701,6.891,84900.159941
2026-06-05 07:00:00,6.892,7.012,6.792,6.979,37416.141435
2026-06-05 08:00:00,6.993,6.995,6.858,6.884,3431.879737
2026-06-05 09:00:00,6.889,7.032,6.889,7.032,9710.005537
2026-06-05 10:00:00,7.032,7.045,6.97,6.998,4068.136105
2026-06-05 11:00:00,6.979,7.002,6.929,6.944,3928.040065
2026-06-05 12:00:00,6.949,6.96,6.834,6.894,10177.538546
2026-06-05 13:00:00,6.898,7.02,6.808,6.814,5505.193842
2026-06-05 14:00:00,6.815,6.891,6.738,6.84,90338.242728
2026-06-05 15:00:00,6.836,6.85,6.656,6.73,52266.607383
2026-06-05 16:00:00,6.722,6.879,6.618,6.862,45769.972007
2026-06-05 17:00:00,6.865,6.895,6.797,6.817,10287.898639
2026-06-05 18:00:00,6.815,6.849,6.589,6.61,22165.693664
2026-06-05 19:00:00,6.608,6.774,6.504,6.728,49538.332103
2026-06-05 20:00:00,6.726,6.884,6.657,6.872,12768.169719
2026-06-05 21:00:00,6.872,6.919,6.857,6.883,7880.085034
2026-06-05 22:00:00,6.881,6.893,6.814,6.865,28864.990373
2026-06-05 23:00:00,6.869,6.895,6.703,6.803,13787.981581
2026-06-06 00:00:00,6.806,6.872,6.806,6.851,2612.933476
2026-06-06 01:00:00,6.851,6.879,6.793,6.804,3815.597019
2026-06-06 02:00:00,6.795,6.808,6.746,6.766,2026.576316
2026-06-06 03:00:00,6.764,6.773,6.711,6.728,6247.876258
2026-06-06 04:00:00,6.727,6.739,6.434,6.505,44209.078418
2026-06-06 05:00:00,6.507,6.71,6.45,6.701,20201.864358
2026-06-06 06:00:00,6.703,6.797,6.703,6.711,6377.112446
2026-06-06 07:00:00,6.716,6.8,6.702,6.774,5563.291013
2026-06-06 08:00:00,6.777,6.849,6.757,6.829,5321.023706
2026-06-06 09:00:00,6.825,6.852,6.761,6.778,2981.613382
2026-06-06 10:00:00,6.761,6.761,6.662,6.73,9087.901607
2026-06-06 11:00:00,6.728,6.782,6.72,6.759,2127.992041
2026-06-06 12:00:00,6.762,6.838,6.742,6.826,2646.453475
2026-06-06 13:00:00,6.819,6.835,6.785,6.794,2543.409059
2026-06-06 14:00:00,6.798,6.85,6.787,6.787,5897.451404
2026-06-06 15:00:00,6.791,6.805,6.729,6.79,5530.845908
2026-06-06 16:00:00,6.787,6.812,6.75,6.787,2324.177224
2026-06-06 17:00:00,6.795,6.796,6.719,6.719,1186.627472
2026-06-06 18:00:00,6.737,6.771,6.711,6.738,692.235036
2026-06-06 19:00:00,6.745,6.769,6.72,6.72,819.316333
2026-06-06 20:00:00,6.719,6.741,6.697,6.726,4727.402999
2026-06-06 21:00:00,6.734,6.788,6.734,6.761,2554.397847
2026-06-06 22:00:00,6.759,6.772,6.734,6.765,2825.726901
2026-06-06 23:00:00,6.758,6.802,6.749,6.796,1840.092002
2026-06-07 00:00:00,6.794,6.82,6.782,6.805,2312.161003
2026-06-07 01:00:00,6.788,6.94,6.786,6.922,8661.646535
2026-06-07 02:00:00,6.919,6.936,6.884,6.921,6401.985306
2026-06-07 03:00:00,6.922,6.946,6.91,6.923,1657.166743
2026-06-07 04:00:00,6.929,7.015,6.907,7.012,15960.225089
2026-06-07 05:00:00,7.009,7.042,6.983,7.01,9895.696879
2026-06-07 06:00:00,7.009,7.081,6.98,7.047,6980.998534
2026-06-07 07:00:00,7.035,7.063,7.021,7.063,2534.010201
2026-06-07 08:00:00,7.057,7.137,7.03,7.134,7050.759773
2026-06-07 09:00:00,7.134,7.164,7.07,7.078,6141.447179
2026-06-07 10:00:00,7.083,7.083,7.015,7.022,1580.826198
2026-06-07 11:00:00,7.023,7.063,7.021,7.051,2326.335982
2026-06-07 12:00:00,7.046,7.046,6.915,6.966,3907.374683
2026-06-07 13:00:00,6.962,6.974,6.949,6.962,3235.928259
2026-06-07 14:00:00,6.962,7.055,6.96,7.016,4187.081934
2026-06-07 15:00:00,7.005,7.035,6.984,7.019,1588.225524
2026-06-07 16:00:00,7.022,7.035,6.999,7.017,2280.276915
2026-06-07 17:00:00,7.019,7.054,7.019,7.041,4009.449844
2026-06-07 18:00:00,7.043,7.053,7.007,7.007,831.726387
2026-06-07 19:00:00,7.005,7.005,6.875,6.908,2511.083506
2026-06-07 20:00:00,6.898,6.972,6.891,6.967,679.045213
2026-06-07 21:00:00,6.973,6.983,6.939,6.963,947.062207
2026-06-07 22:00:00,6.964,7.235,6.957,7.073,8343.741022
2026-06-07 23:00:00,7.076,7.123,7.063,7.111,1563.783448
2026-06-08 00:00:00,7.114,7.145,7.078,7.118,1834.819733
2026-06-08 01:00:00,7.119,7.128,7.006,7.07,3483.312462
2026-06-08 02:00:00,7.08,7.086,7.036,7.054,1998.634034
2026-06-08 03:00:00,7.058,7.088,7.044,7.067,1091.581998
2026-06-08 04:00:00,7.074,7.074,7.004,7.008,1309.225268
2026-06-08 05:00:00,7.008,7.015,6.965,7.0,2848.433914
2026-06-08 06:00:00,7.0,7.062,7.0,7.038,1791.215497
2026-06-08 07:00:00,7.039,7.086,7.027,7.071,11681.94933
2026-06-08 08:00:00,7.072,7.077,7.026,7.05,6550.830848
2026-06-08 09:00:00,7.052,7.127,7.038,7.127,6453.428527
2026-06-08 10:00:00,7.13,7.156,7.103,7.114,3882.663091
2026-06-08 11:00:00,7.117,7.215,7.112,7.169,4395.295835
2026-06-08 12:00:00,7.168,7.223,7.127,7.219,3091.280062
2026-06-08 13:00:00,7.213,7.216,7.138,7.164,10464.333928
2026-06-08 14:00:00,7.157,7.172,7.137,7.167,1675.226378
2026-06-08 15:00:00,7.171,7.217,7.158,7.158,4480.675817
2026-06-08 16:00:00,7.154,7.213,7.141,7.145,1106.280068
2026-06-08 17:00:00,7.142,7.173,7.117,7.173,2713.60083
2026-06-08 18:00:00,7.173,7.19,7.131,7.147,1151.976071
2026-06-08 19:00:00,7.153,7.164,7.139,7.145,1256.511291
2026-06-08 20:00:00,7.147,7.147,7.092,7.141,1246.626896
2026-06-08 21:00:00,7.142,7.185,7.14,7.146,1534.623696
2026-06-08 22:00:00,7.139,7.155,7.119,7.137,817.262826
2026-06-08 23:00:00,7.135,7.158,7.092,7.108,1120.534612
2026-06-09 00:00:00,7.11,7.112,6.907,6.962,8312.345729
2026-06-09 01:00:00,6.963,7.001,6.949,6.99,1072.753027
2026-06-09 02:00:00,6.994,6.998,6.929,6.973,2801.765511
2026-06-09 03:00:00,6.975,6.99,6.952,6.974,842.69463
2026-06-09 04:00:00,6.973,7.065,6.954,7.038,2604.283594
2026-06-09 05:00:00,7.036,7.1,7.036,7.082,1159.150788
2026-06-09 06:00:00,7.076,7.101,7.064,7.074,1130.27235
2026-06-09 07:00:00,7.078,7.092,7.041,7.06,1620.257228
2026-06-09 08:00:00,7.063,7.063,7.02,7.04,2006.51511
2026-06-09 09:00:00,7.034,7.034,6.988,7.004,622.284002
2026-06-09 10:00:00,7.003,7.024,6.997,7.021,959.831758
2026-06-09 11:00:00,7.011,7.037,6.996,7.035,894.162147
2026-06-09 12:00:00,7.032,7.07,7.021,7.049,1538.133225
2026-06-09 13:00:00,7.049,7.068,7.005,7.022,1377.481433
2026-06-09 14:00:00,7.021,7.03,6.907,6.978,5933.881798
2026-06-09 15:00:00,6.979,7.014,6.911,6.917,3430.206998
2026-06-09 16:00:00,6.918,6.929,6.836,6.903,4253.102691
2026-06-09 17:00:00,6.903,7.007,6.902,6.979,1638.090464
2026-06-09 18:00:00,6.98,7.029,6.964,7.009,1030.206944
2026-06-09 19:00:00,7.001,7.051,6.997,7.051,1016.977893
2026-06-09 20:00:00,7.045,7.074,7.037,7.052,400.700619
2026-06-09 21:00:00,7.058,7.069,6.992,6.998,1530.825573
2026-06-09 22:00:00,7.003,7.035,6.993,6.997,850.578827
2026-06-09 23:00:00,6.989,7.021,6.986,7.004,1208.384656
2026-06-10 00:00:00,7.004,7.038,6.952,7.03,3790.151007
2026-06-10 01:00:00,7.031,7.037,6.979,6.997,1559.562827
2026-06-10 02:00:00,6.998,7.0,6.916,6.935,3019.156755
2026-06-10 03:00:00,6.931,6.966,6.93,6.943,1362.856064
2026-06-10 04:00:00,6.95,6.976,6.918,6.937,4028.054774
2026-06-10 05:00:00,6.939,6.946,6.904,6.933,1096.23657
2026-06-10 06:00:00,6.92,6.943,6.9,6.934,4939.06063
2026-06-10 07:00:00,6.931,6.979,6.931,6.962,1981.11655
2026-06-10 08:00:00,6.957,6.962,6.915,6.933,1974.309807
2026-06-10 09:00:00,6.933,6.955,6.884,6.947,1292.559964
2026-06-10 10:00:00,6.933,6.955,6.904,6.953,2012.823458
2026-06-10 11:00:00,6.952,6.958,6.871,6.898,4714.351978
2026-06-10 12:00:00,6.897,7.003,6.877,6.978,8406.342957
2026-06-10 13:00:00,6.97,7.084,6.965,7.029,4814.265678
2026-06-10 14:00:00,7.033,7.041,6.99,7.029,4507.889834
2026-06-10 15:00:00,7.03,7.073,6.996,7.049,5885.44482
2026-06-10 16:00:00,7.055,7.059,6.984,7.013,5425.611316
2026-06-10 17:00:00,7.015,7.033,6.946,6.97,2177.465566
2026-06-10 18:00:00,6.978,6.981,6.914,6.954,3394.338797
2026-06-10 19:00:00,6.963,6.964,6.885,6.91,6473.759485
2026-06-10 20:00:00,6.898,6.922,6.88,6.902,2056.520793
2026-06-10 21:00:00,6.904,6.904,6.808,6.836,11840.86795
2026-06-10 22:00:00,6.837,6.927,6.82,6.905,10374.903454
2026-06-10 23:00:00,6.898,6.975,6.886,6.973,2536.969736
2026-06-11 00:00:00,6.964,7.004,6.959,6.977,2848.751842
2026-06-11 01:00:00,6.972,7.036,6.972,7.021,9642.183396
2026-06-11 02:00:00,7.02,7.02,6.979,7.007,2518.491731
2026-06-11 03:00:00,7.008,7.112,7.006,7.094,7049.051825
2026-06-11 04:00:00,7.096,7.161,7.095,7.126,4041.598403
2026-06-11 05:00:00,7.12,7.12,7.091,7.091,2678.874746
2026-06-11 06:00:00,7.091,7.126,7.054,7.075,2971.410171
2026-06-11 07:00:00,7.075,7.111,7.075,7.084,3182.325115
2026-06-11 08:00:00,7.089,7.139,7.089,7.123,626.409961
2026-06-11 09:00:00,7.116,7.126,7.088,7.123,1537.453461
2026-06-11 10:00:00,7.124,7.141,7.116,7.139,5142.743863
2026-06-11 11:00:00,7.138,7.157,7.122,7.148,4276.191302
2026-06-11 12:00:00,7.14,7.141,7.061,7.127,2879.379333
2026-06-11 13:00:00,7.122,7.177,7.108,7.147,7622.04222
2026-06-11 14:00:00,7.153,7.153,7.12,7.124,7341.650841
2026-06-11 15:00:00,7.125,7.139,7.091,7.129,1866.596979
2026-06-11 16:00:00,7.13,7.184,7.13,7.169,3723.569424
2026-06-11 17:00:00,7.168,7.378,7.118,7.318,12247.173439
2026-06-11 18:00:00,7.316,7.354,7.254,7.273,2976.934006
2026-06-11 19:00:00,7.265,7.315,7.244,7.272,1547.887148
2026-06-11 20:00:00,7.276,7.283,7.235,7.261,1490.075144
2026-06-11 21:00:00,7.266,7.303,7.263,7.273,1009.541614
2026-06-11 22:00:00,7.284,7.306,7.273,7.277,2435.441956
2026-06-11 23:00:00,7.265,7.275,7.243,7.255,840.359099
2026-06-12 00:00:00,7.255,7.271,7.23,7.237,1839.904356
2026-06-12 01:00:00,7.235,7.283,7.22,7.278,2671.242962
2026-06-12 02:00:00,7.277,7.306,7.277,7.278,923.409552
2026-06-12 03:00:00,7.291,7.309,7.271,7.309,1325.49564
2026-06-12 04:00:00,7.309,7.328,7.289,7.309,1286.476233
2026-06-12 05:00:00,7.303,7.303,7.247,7.257,2238.00931
2026-06-12 06:00:00,7.252,7.262,7.186,7.21,2417.245209
2026-06-12 07:00:00,7.214,7.236,7.209,7.225,2008.736142
2026-06-12 08:00:00,7.221,7.268,7.221,7.253,1685.414059
2026-06-12 09:00:00,7.248,7.33,7.242,7.287,6981.971953
2026-06-12 10:00:00,7.288,7.302,7.245,7.25,3217.438594
2026-06-12 11:00:00,7.249,7.26,7.243,7.254,2816.851181
2026-06-12 12:00:00,7.25,7.266,7.235,7.25,9151.895688
2026-06-12 13:00:00,7.245,7.254,7.187,7.214,5879.824518
2026-06-12 14:00:00,7.216,7.325,7.208,7.314,2231.263775
2026-06-12 15:00:00,7.315,7.323,7.213,7.213,3205.697244
2026-06-12 16:00:00,7.217,7.271,7.199,7.234,1920.931068
2026-06-12 17:00:00,7.235,7.256,7.184,7.195,8165.165137
2026-06-12 18:00:00,7.195,7.203,7.151,7.16,7714.73718
2026-06-12 19:00:00,7.161,7.193,7.147,7.149,1778.748329
2026-06-12 20:00:00,7.149,7.166,7.146,7.154,366.697821
2026-06-12 21:00:00,7.156,7.171,7.13,7.13,777.397736
2026-06-12 22:00:00,7.13,7.147,7.125,7.132,451.489507
2026-06-12 23:00:00,7.123,7.151,7.114,7.151,468.336467
2026-06-13 00:00:00,7.153,7.178,7.135,7.172,1501.853479
2026-06-13 01:00:00,7.17,7.206,7.17,7.183,2809.886633
2026-06-13 02:00:00,7.184,7.186,7.155,7.163,946.56822
2026-06-13 03:00:00,7.164,7.181,7.145,7.154,1598.136873
2026-06-13 04:00:00,7.152,7.164,7.139,7.14,1429.294759
2026-06-13 05:00:00,7.136,7.145,7.109,7.122,1694.693983
2026-06-13 06:00:00,7.126,7.166,7.112,7.159,276.455082
2026-06-13 07:00:00,7.16,7.197,7.146,7.189,1258.398795
2026-06-13 08:00:00,7.183,7.2,7.182,7.185,528.374934
2026-06-13 09:00:00,7.188,7.192,7.173,7.187,767.107732
2026-06-13 10:00:00,7.186,7.195,7.176,7.176,757.794097
2026-06-13 11:00:00,7.18,7.206,7.178,7.196,240.348597
2026-06-13 12:00:00,7.213,7.214,7.192,7.212,2532.527662
2026-06-13 13:00:00,7.2,7.209,7.18,7.185,995.700634
2026-06-13 14:00:00,7.182,7.199,7.17,7.185,973.086218
2026-06-13 15:00:00,7.184,7.237,7.184,7.228,3180.220018
2026-06-13 16:00:00,7.226,7.226,7.173,7.193,1596.933903
2026-06-13 17:00:00,7.186,7.219,7.181,7.195,1343.556413
2026-06-13 18:00:00,7.199,7.221,7.187,7.193,348.684235
2026-06-13 19:00:00,7.192,7.217,7.181,7.199,1220.611413
2026-06-13 20:00:00,7.2,7.2,7.182,7.197,346.767762
2026-06-13 21:00:00,7.195,7.243,7.175,7.213,891.064414
2026-06-13 22:00:00,7.207,7.208,7.182,7.182,549.403238
2026-06-13 23:00:00,7.181,7.192,7.178,7.191,1196.09573
2026-06-14 00:00:00,7.186,7.186,7.152,7.169,2173.693728
2026-06-14 01:00:00,7.169,7.193,7.154,7.154,1027.313052
2026-06-14 02:00:00,7.151,7.178,7.147,7.166,1408.221104
2026-06-14 03:00:00,7.161,7.193,7.159,7.17,3794.461953
2026-06-14 04:00:00,7.17,7.17,7.128,7.132,1649.983169
2026-06-14 05:00:00,7.133,7.141,7.101,7.138,2460.368357
2026-06-14 06:00:00,7.14,7.169,7.139,7.156,732.132722
2026-06-14 07:00:00,7.158,7.158,7.106,7.106,1331.597151
2026-06-14 08:00:00,7.108,7.144,7.105,7.13,499.704908
2026-06-14 09:00:00,7.129,7.144,7.1,7.144,1183.023219
2026-06-14 10:00:00,7.137,7.159,7.129,7.131,2422.273129
2026-06-14 11:00:00,7.131,7.131,7.114,7.116,774.726538
2026-06-14 12:00:00,7.115,7.116,7.081,7.084,1040.681031
2026-06-14 13:00:00,7.085,7.094,7.054,7.061,1243.931128
2026-06-14 14:00:00,7.059,7.069,6.986,7.021,5166.255176
2026-06-14 15:00:00,7.022,7.032,6.997,7.009,1482.431513
2026-06-14 16:00:00,7.008,7.019,6.955,6.979,5075.765085
2026-06-14 17:00:00,6.975,6.989,6.951,6.951,3695.525302
2026-06-14 18:00:00,6.953,6.97,6.942,6.959,5304.027541
2026-06-14 19:00:00,6.954,6.983,6.952,6.954,678.302945
2026-06-14 20:00:00,6.959,6.994,6.953,6.992,743.386483
2026-06-14 21:00:00,6.983,7.202,6.972,7.168,8710.487445
2026-06-14 22:00:00,7.17,7.2,7.13,7.154,19143.503262
2026-06-14 23:00:00,7.148,7.23,7.135,7.218,4957.435497
2026-06-15 00:00:00,7.225,7.239,7.157,7.171,6227.204297
2026-06-15 01:00:00,7.171,7.269,7.151,7.247,13141.365669
2026-06-15 02:00:00,7.248,7.304,7.246,7.282,5176.531543
2026-06-15 03:00:00,7.285,7.315,7.27,7.292,5298.347629
2026-06-15 04:00:00,7.286,7.292,7.235,7.249,5390.231619
2026-06-15 05:00:00,7.246,7.286,7.235,7.268,4257.195491
2026-06-15 06:00:00,7.27,7.298,7.259,7.261,1527.776039
2026-06-15 07:00:00,7.258,7.284,7.236,7.258,1889.165447
2026-06-15 08:00:00,7.26,7.292,7.251,7.272,1835.069919
2026-06-15 09:00:00,7.286,7.292,7.229,7.246,1944.861161
2026-06-15 10:00:00,7.245,7.335,7.244,7.331,6715.29225
2026-06-15 11:00:00,7.323,7.425,7.285,7.42,29934.446944
2026-06-15 12:00:00,7.423,7.452,7.381,7.434,31936.456155
2026-06-15 13:00:00,7.433,7.536,7.426,7.491,10916.779702
2026-06-15 14:00:00,7.496,7.517,7.454,7.478,14525.729568
2026-06-15 15:00:00,7.472,7.543,7.441,7.535,8420.433364
2026-06-15 16:00:00,7.54,7.575,7.501,7.507,21126.997583
2026-06-15 17:00:00,7.505,7.511,7.449,7.5,3038.030824
2026-06-15 18:00:00,7.507,7.68,7.485,7.485,6786.730635
2026-06-15 19:00:00,7.483,7.52,7.399,7.418,9771.106796
2026-06-15 20:00:00,7.429,7.483,7.414,7.447,1423.546024
2026-06-15 21:00:00,7.459,7.489,7.437,7.476,4363.767117
2026-06-15 22:00:00,7.476,7.502,7.385,7.397,6662.934909
2026-06-15 23:00:00,7.401,7.433,7.371,7.417,5383.966014
2026-06-16 00:00:00,7.419,7.447,7.384,7.387,6272.393547
2026-06-16 01:00:00,7.39,7.414,7.349,7.36,4311.302609
2026-06-16 02:00:00,7.355,7.366,7.26,7.341,9793.703144
2026-06-16 03:00:00,7.336,7.403,7.322,7.403,3307.268319
2026-06-16 04:00:00,7.407,7.416,7.332,7.345,2102.291922
2026-06-16 05:00:00,7.342,7.38,7.342,7.361,1408.87244
2026-06-16 06:00:00,7.362,7.399,7.356,7.398,2002.707424
2026-06-16 07:00:00,7.399,7.421,7.373,7.391,3713.398648
2026-06-16 08:00:00,7.391,7.486,7.387,7.483,3145.841434
2026-06-16 09:00:00,7.467,7.478,7.398,7.409,1987.400081
2026-06-16 10:00:00,7.408,7.432,7.396,7.404,1031.868152
2026-06-16 11:00:00,7.41,7.418,7.359,7.381,1889.835804
2026-06-16 12:00:00,7.377,7.464,7.373,7.433,1159.882284
2026-06-16 13:00:00,7.437,7.441,7.333,7.347,5114.685732
2026-06-16 14:00:00,7.348,7.376,7.239,7.297,24341.235021
2026-06-16 15:00:00,7.291,7.342,7.289,7.324,4355.725102
2026-06-16 16:00:00,7.322,7.33,7.292,7.304,1260.744931
2026-06-16 17:00:00,7.306,7.377,7.306,7.377,7882.86023
2026-06-16 18:00:00,7.38,7.433,7.363,7.397,1617.515707
2026-06-16 19:00:00,7.385,7.418,7.356,7.382,2026.570279
2026-06-16 20:00:00,7.379,7.454,7.372,7.441,2473.164204
2026-06-16 21:00:00,7.442,7.455,7.397,7.416,1026.620161
2026-06-16 22:00:00,7.417,7.423,7.39,7.401,2347.753379
2026-06-16 23:00:00,7.403,7.41,7.369,7.381,2153.988399
2026-06-17 00:00:00,7.383,7.45,7.383,7.423,3979.590371
2026-06-17 01:00:00,7.426,7.471,7.384,7.462,3516.55917
2026-06-17 02:00:00,7.459,7.537,7.459,7.502,3684.40855
2026-06-17 03:00:00,7.504,7.51,7.425,7.443,10819.429479
2026-06-17 04:00:00,7.443,7.486,7.433,7.451,3022.062059
2026-06-17 05:00:00,7.45,7.471,7.411,7.422,3423.254556
2026-06-17 06:00:00,7.437,7.453,7.401,7.414,2731.394787
2026-06-17 07:00:00,7.418,7.459,7.353,7.39,7123.047636
2026-06-17 08:00:00,7.39,7.391,7.306,7.333,8205.140491
2026-06-17 09:00:00,7.331,7.36,7.329,7.348,6201.120684
2026-06-17 10:00:00,7.353,7.365,7.323,7.323,4411.839186
2026-06-17 11:00:00,7.322,7.322,7.279,7.303,5303.093689
2026-06-17 12:00:00,7.299,7.346,7.273,7.343,9915.500239
2026-06-17 13:00:00,7.339,7.371,7.311,7.345,3516.874535
2026-06-17 14:00:00,7.343,7.37,7.288,7.338,4767.888958
2026-06-17 15:00:00,7.34,7.449,7.329,7.449,10611.209823
2026-06-17 16:00:00,7.449,7.479,7.4,7.406,12123.157603
2026-06-17 17:00:00,7.406,7.431,7.383,7.425,2768.259412
2026-06-17 18:00:00,7.424,7.437,7.269,7.382,20422.493033
2026-06-17 19:00:00,7.384,7.401,7.227,7.257,24443.150601
2026-06-17 20:00:00,7.258,7.312,7.242,7.31,2010.349177
2026-06-17 21:00:00,7.312,7.312,7.259,7.271,4795.777878
2026-06-17 22:00:00,7.272,7.3,7.203,7.281,2467.181598
2026-06-17 23:00:00,7.28,7.332,7.28,7.322,2028.136273
2026-06-18 00:00:00,7.323,7.385,7.323,7.367,5776.527132
2026-06-18 01:00:00,7.367,7.396,7.361,7.371,1357.091533
2026-06-18 02:00:00,7.374,7.394,7.355,7.373,2011.036639
2026-06-18 03:00:00,7.371,7.371,7.256,7.267,5182.90795
2026-06-18 04:00:00,7.264,7.269,7.179,7.202,10173.700847
2026-06-18 05:00:00,7.198,7.198,7.133,7.177,3868.067939
2026-06-18 06:00:00,7.178,7.203,7.157,7.198,1664.410336
2026-06-18 07:00:00,7.198,7.219,7.175,7.191,4553.645693
2026-06-18 08:00:00,7.188,7.197,7.169,7.17,6003.440738
2026-06-18 09:00:00,7.17,7.179,7.145,7.153,2900.231356
2026-06-18 10:00:00,7.154,7.205,7.136,7.189,2613.027748
2026-06-18 11:00:00,7.195,7.204,7.147,7.155,3537.692419
2026-06-18 12:00:00,7.151,7.21,7.144,7.203,1799.638974
2026-06-18 13:00:00,7.205,7.223,7.13,7.169,4920.27682
2026-06-18 14:00:00,7.171,7.23,7.151,7.186,3254.894597
2026-06-18 15:00:00,7.184,7.184,6.943,6.995,24485.184528
2026-06-18 16:00:00,6.983,7.083,6.983,7.083,12986.44195
2026-06-18 17:00:00,7.088,7.091,7.005,7.033,4648.956654
2026-06-18 18:00:00,7.046,7.101,7.027,7.092,3524.402644
2026-06-18 19:00:00,7.094,7.169,7.08,7.167,4544.112105
2026-06-18 20:00:00,7.164,7.214,7.164,7.205,2091.028415
2026-06-18 21:00:00,7.205,7.212,7.171,7.19,3173.888349
2026-06-18 22:00:00,7.189,7.205,7.168,7.205,1845.483333
2026-06-18 23:00:00,7.207,7.214,7.178,7.212,1460.453354
2026-06-19 00:00:00,7.211,7.271,7.207,7.27,3087.426922
2026-06-19 01:00:00,7.269,7.295,7.24,7.271,2382.598842
2026-06-19 02:00:00,7.269,7.29,7.239,7.26,3246.018971
2026-06-19 03:00:00,7.262,7.27,7.166,7.194,6670.86326
2026-06-19 04:00:00,7.182,7.21,7.092,7.105,2816.317005
2026-06-19 05:00:00,7.107,7.172,7.107,7.171,1984.449237
2026-06-19 06:00:00,7.173,7.181,7.125,7.147,2630.740431
2026-06-19 07:00:00,7.149,7.15,7.083,7.106,1179.248082
2026-06-19 08:00:00,7.107,7.135,7.105,7.121,2518.645241
2026-06-19 09:00:00,7.13,7.137,7.096,7.136,2222.084705
2026-06-19 10:00:00,7.137,7.182,7.123,7.182,3955.540104
2026-06-19 11:00:00,7.177,7.255,7.161,7.231,4587.240871
2026-06-19 12:00:00,7.241,7.347,7.24,7.34,12472.50973
2026-06-19 13:00:00,7.343,7.452,7.3,7.303,18935.20935
2026-06-19 14:00:00,7.306,7.367,7.281,7.367,5694.616414
2026-06-19 15:00:00,7.37,7.398,7.337,7.395,8584.160594
2026-06-19 16:00:00,7.398,7.629,7.394,7.424,33233.645151
2026-06-19 17:00:00,7.424,7.71,7.422,7.632,27889.723946
2026-06-19 18:00:00,7.634,7.768,7.614,7.718,22344.963021
2026-06-19 19:00:00,7.719,7.729,7.455,7.475,12383.248806
2026-06-19 20:00:00,7.486,7.706,7.475,7.698,18259.569564
2026-06-19 21:00:00,7.7,7.702,7.511,7.592,40275.221899
2026-06-19 22:00:00,7.595,7.695,7.568,7.644,21880.775242
2026-06-19 23:00:00,7.644,7.657,7.569,7.613,20111.1218
2026-06-20 00:00:00,7.607,7.674,7.533,7.537,15539.187668
2026-06-20 01:00:00,7.534,7.589,7.525,7.582,6231.826715
2026-06-20 02:00:00,7.587,7.587,7.531,7.562,4051.283967
2026-06-20 03:00:00,7.56,7.655,7.536,7.631,9119.004015
2026-06-20 04:00:00,7.628,7.663,7.585,7.599,4342.15392
2026-06-20 05:00:00,7.612,7.662,7.568,7.6,3233.794859
2026-06-20 06:00:00,7.597,7.615,7.555,7.563,2463.473457
2026-06-20 07:00:00,7.559,7.564,7.516,7.524,3814.123103
2026-06-20 08:00:00,7.526,7.558,7.49,7.558,4259.701183
2026-06-20 09:00:00,7.56,7.581,7.536,7.549,1535.704308
2026-06-20 10:00:00,7.541,7.689,7.539,7.687,3036.459616
2026-06-20 11:00:00,7.687,7.697,7.624,7.675,5906.678391
2026-06-20 12:00:00,7.676,7.682,7.575,7.575,7866.148476
2026-06-20 13:00:00,7.579,7.598,7.519,7.545,24023.353065
2026-06-20 14:00:00,7.544,7.577,7.475,7.532,6930.948883
2026-06-20 15:00:00,7.539,7.581,7.512,7.573,7616.447753
2026-06-20 16:00:00,7.574,7.574,7.518,7.535,2282.494934
2026-06-20 17:00:00,7.536,7.539,7.453,7.486,3086.527838
2026-06-20 18:00:00,7.479,7.49,7.419,7.419,1493.388214
2026-06-20 19:00:00,7.423,7.435,7.401,7.405,1569.844234
2026-06-20 20:00:00,7.404,7.404,7.358,7.383,5206.0198
2026-06-20 21:00:00,7.381,7.441,7.376,7.441,2452.056663
2026-06-20 22:00:00,7.441,7.486,7.43,7.474,4889.960268
2026-06-20 23:00:00,7.469,7.498,7.454,7.458,1489.8978
2026-06-21 00:00:00,7.458,7.46,7.409,7.428,5422.791376
2026-06-21 01:00:00,7.426,7.442,7.408,7.431,1533.283584
2026-06-21 02:00:00,7.434,7.439,7.407,7.437,1312.43519
2026-06-21 03:00:00,7.437,7.44,7.398,7.43,1563.394132
2026-06-21 04:00:00,7.427,7.445,7.404,7.405,2224.291125
2026-06-21 05:00:00,7.406,7.428,7.393,7.402,1616.511368
2026-06-21 06:00:00,7.403,7.422,7.395,7.408,1864.936737
2026-06-21 07:00:00,7.409,7.42,7.389,7.403,1486.474173
2026-06-21 08:00:00,7.407,7.415,7.367,7.395,4728.289028
2026-06-21 09:00:00,7.397,7.424,7.364,7.402,5005.834231
2026-06-21 10:00:00,7.405,7.439,7.396,7.398,3994.349475
2026-06-21 11:00:00,7.4,7.407,7.315,7.36,4712.338797
2026-06-21 12:00:00,7.364,7.375,7.325,7.365,2638.608164
2026-06-21 13:00:00,7.373,7.382,7.347,7.354,856.463992
2026-06-21 14:00:00,7.353,7.353,7.329,7.342,766.390296
2026-06-21 15:00:00,7.35,7.392,7.334,7.392,12576.150126
2026-06-21 16:00:00,7.39,7.39,7.333,7.363,9398.052606
2026-06-21 17:00:00,7.365,7.393,7.362,7.381,1613.638683
2026-06-21 18:00:00,7.372,7.423,7.354,7.417,1539.997709
2026-06-21 19:00:00,7.419,7.424,7.4,7.4,841.380746
2026-06-21 20:00:00,7.401,7.401,7.336,7.336,1751.455693
2026-06-21 21:00:00,7.346,7.346,7.231,7.32,6511.19187
2026-06-21 22:00:00,7.324,7.356,7.297,7.339,2105.778949
2026-06-21 23:00:00,7.333,7.333,7.287,7.295,3277.335869
2026-06-22 00:00:00,7.298,7.34,7.272,7.325,1916.959214
2026-06-22 01:00:00,7.328,7.431,7.308,7.375,16590.494865
2026-06-22 02:00:00,7.37,7.399,7.353,7.363,4885.658831
2026-06-22 03:00:00,7.363,7.38,7.297,7.311,2658.572303
2026-06-22 04:00:00,7.314,7.318,7.275,7.303,2899.453254
2026-06-22 05:00:00,7.304,7.323,7.301,7.313,767.895787
2026-06-22 06:00:00,7.315,7.318,7.28,7.287,2553.563268
2026-06-22 07:00:00,7.291,7.332,7.285,7.324,1758.380872
2026-06-22 08:00:00,7.329,7.345,7.318,7.333,1993.983054
2026-06-22 09:00:00,7.337,7.344,7.312,7.319,960.032163
2026-06-22 10:00:00,7.318,7.321,7.293,7.293,2597.083165
2026-06-22 11:00:00,7.294,7.364,7.28,7.357,4034.912782
2026-06-22 12:00:00,7.359,7.403,7.335,7.402,9763.683189
2026-06-22 13:00:00,7.393,7.443,7.373,7.443,9645.757099
2026-06-22 14:00:00,7.443,7.444,7.332,7.344,7237.710794
2026-06-22 15:00:00,7.342,7.37,7.292,7.302,5256.665533
2026-06-22 16:00:00,7.305,7.348,7.259,7.345,13343.886748
2026-06-22 17:00:00,7.342,7.343,7.279,7.303,4315.524659
2026-06-22 18:00:00,7.3,7.307,7.233,7.248,4868.172891
2026-06-22 19:00:00,7.245,7.255,7.215,7.24,2017.359021
2026-06-22 20:00:00,7.241,7.263,7.203,7.206,1862.008245
2026-06-22 21:00:00,7.204,7.24,7.18,7.21,2610.045758
2026-06-22 22:00:00,7.213,7.224,7.125,7.164,7955.874264
2026-06-22 23:00:00,7.155,7.188,7.148,7.182,1909.988088
2026-06-23 00:00:00,7.181,7.201,7.144,7.189,2393.974153
2026-06-23 01:00:00,7.196,7.217,7.127,7.153,3318.517681
2026-06-23 02:00:00,7.148,7.172,7.129,7.162,2581.001266
2026-06-23 03:00:00,7.16,7.177,7.146,7.166,2665.221954
2026-06-23 04:00:00,7.171,7.171,7.116,7.12,2082.579095
2026-06-23 05:00:00,7.123,7.138,7.075,7.092,4923.09711
2026-06-23 06:00:00,7.097,7.097,6.979,7.044,11932.803146
2026-06-23 07:00:00,7.039,7.055,7.004,7.011,2714.497804
2026-06-23 08:00:00,7.011,7.046,6.914,6.995,18011.372139
2026-06-23 09:00:00,7.0,7.015,6.992,7.005,1654.232349
2026-06-23 10:00:00,7.006,7.065,7.006,7.021,9682.320896
2026-06-23 11:00:00,7.024,7.045,7.005,7.008,5418.599739
2026-06-23 12:00:00,7.01,7.014,6.945,6.96,4743.625764
2026-06-23 13:00:00,6.96,6.996,6.93,6.981,6919.609874
2026-06-23 14:00:00,6.987,7.003,6.934,6.938,4266.663037
2026-06-23 15:00:00,6.947,6.947,6.87,6.92,8528.190493
2026-06-23 16:00:00,6.916,6.93,6.864,6.873,4672.19986
2026-06-23 17:00:00,6.871,6.892,6.848,6.859,2793.992781
2026-06-23 18:00:00,6.858,6.922,6.858,6.91,7190.522278
2026-06-23 19:00:00,6.914,6.974,6.914,6.968,5208.713783
2026-06-23 20:00:00,6.963,7.038,6.963,7.038,12678.24069
2026-06-23 21:00:00,7.039,7.045,7.023,7.044,1559.581863
2026-06-23 22:00:00,7.048,7.059,7.023,7.033,4156.105063
2026-06-23 23:00:00,7.031,7.079,7.015,7.068,7708.003445
2026-06-24 00:00:00,7.07,7.165,7.067,7.099,8476.510215
2026-06-24 01:00:00,7.1,7.131,7.072,7.119,15557.515242
2026-06-24 02:00:00,7.123,7.123,7.082,7.111,4667.548489
2026-06-24 03:00:00,7.115,7.119,7.065,7.078,7664.383012
2026-06-24 04:00:00,7.079,7.153,7.054,7.152,11270.869321
2026-06-24 05:00:00,7.15,7.176,7.088,7.09,8405.014775
2026-06-24 06:00:00,7.093,7.102,7.079,7.102,2833.710925
2026-06-24 07:00:00,7.103,7.104,7.051,7.073,18711.287166
2026-06-24 08:00:00,7.076,7.081,7.058,7.074,2282.033188
2026-06-24 09:00:00,7.07,7.081,7.04,7.045,6890.719086
2026-06-24 10:00:00,7.041,7.051,7.01,7.018,3881.364979
2026-06-24 11:00:00,7.012,7.068,6.982,7.025,2322.748235
2026-06-24 12:00:00,7.026,7.042,6.993,7.001,4153.640158
2026-06-24 13:00:00,7.003,7.003,6.87,6.894,11423.134753
2026-06-24 14:00:00,6.892,6.941,6.873,6.923,8385.041708
2026-06-24 15:00:00,6.919,6.92,6.786,6.819,8742.072058
2026-06-24 16:00:00,6.814,6.88,6.692,6.769,12650.05572
2026-06-24 17:00:00,6.763,6.8,6.683,6.699,21146.918069
2026-06-24 18:00:00,6.701,6.783,6.606,6.75,19523.757728
2026-06-24 19:00:00,6.757,6.855,6.73,6.849,7789.515122
2026-06-24 20:00:00,6.854,6.93,6.842,6.909,3489.048002
2026-06-24 21:00:00,6.911,6.955,6.861,6.948,5413.285634
2026-06-24 22:00:00,6.946,7.02,6.944,6.989,14216.30374
2026-06-24 23:00:00,6.983,7.0,6.962,6.998,2250.054299
2026-06-25 00:00:00,6.996,7.104,6.996,7.101,12558.560049
2026-06-25 01:00:00,7.103,7.138,7.037,7.071,15734.904154
2026-06-25 02:00:00,7.074,7.074,7.031,7.053,3747.763583
2026-06-25 03:00:00,7.053,7.054,7.024,7.047,3490.920431
2026-06-25 04:00:00,7.048,7.137,7.035,7.135,3657.384803
2026-06-25 05:00:00,7.135,7.18,7.094,7.106,5695.978611
2026-06-25 06:00:00,7.108,7.129,7.089,7.11,1725.841329
2026-06-25 07:00:00,7.116,7.149,7.067,7.139,5417.275509
2026-06-25 08:00:00,7.14,7.147,7.124,7.143,2177.023703
2026-06-25 09:00:00,7.149,7.149,7.101,7.101,4059.434539
2026-06-25 10:00:00,7.1,7.13,7.067,7.067,1610.89468
2026-06-25 11:00:00,7.07,7.082,7.058,7.071,2572.620493
2026-06-25 12:00:00,7.068,7.115,7.033,7.078,5408.4063
2026-06-25 13:00:00,7.08,7.105,6.692,6.73,22135.117018
2026-06-25 14:00:00,6.73,7.024,6.73,6.934,33259.485143
2026-06-25 15:00:00,6.93,6.94,6.86,6.933,9287.101148
2026-06-25 16:00:00,6.934,7.066,6.932,6.955,20028.577496
2026-06-25 17:00:00,6.953,7.125,6.937,7.065,10005.338175
2026-06-25 18:00:00,7.068,7.171,7.044,7.118,6826.879273
2026-06-25 19:00:00,7.113,7.134,7.025,7.119,6325.511703
2026-06-25 20:00:00,7.131,7.173,7.039,7.056,3450.529241
2026-06-25 21:00:00,7.058,7.125,7.051,7.125,1822.588857
2026-06-25 22:00:00,7.121,7.123,7.042,7.055,831.975437
2026-06-25 23:00:00,7.05,7.051,7.025,7.028,3798.231011
2026-06-26 00:00:00,7.035,7.05,7.022,7.029,2150.956625
2026-06-26 01:00:00,7.026,7.026,6.924,6.948,6141.558395
2026-06-26 02:00:00,6.951,6.955,6.818,6.869,7434.081942
2026-06-26 03:00:00,6.871,6.985,6.833,6.97,24405.570914
2026-06-26 04:00:00,6.969,6.977,6.919,6.921,6766.257604
2026-06-26 05:00:00,6.925,6.95,6.913,6.94,5905.512118
2026-06-26 06:00:00,6.937,7.045,6.912,7.02,6172.649542
2026-06-26 07:00:00,7.024,7.087,7.018,7.025,4949.522506
2026-06-26 08:00:00,7.035,7.035,6.957,6.968,6102.102075
2026-06-26 09:00:00,6.967,7.08,6.948,6.997,3908.415863
2026-06-26 10:00:00,6.998,7.002,6.963,7.0,1368.326788
2026-06-26 11:00:00,6.999,7.02,6.942,6.951,1729.036403
2026-06-26 12:00:00,6.956,7.005,6.875,6.926,6394.773999
2026-06-26 13:00:00,6.925,7.07,6.898,7.065,5360.781305
2026-06-26 14:00:00,7.064,7.111,7.023,7.062,4726.88315
2026-06-26 15:00:00,7.05,7.154,7.048,7.126,6872.874042
2026-06-26 16:00:00,7.13,7.196,7.088,7.088,5980.382213
2026-06-26 17:00:00,7.085,7.236,7.085,7.219,2610.485497
2026-06-26 18:00:00,7.221,7.233,7.173,7.204,1645.727355
2026-06-26 19:00:00,7.207,7.351,7.207,7.317,10630.2452
2026-06-26 20:00:00,7.317,7.394,7.263,7.311,9925.146531
2026-06-26 21:00:00,7.317,7.338,7.252,7.26,6656.843829
2026-06-26 22:00:00,7.259,7.274,7.225,7.269,4554.041427
2026-06-26 23:00:00,7.268,7.277,7.229,7.246,1798.410803
2026-06-27 00:00:00,7.254,7.302,7.213,7.262,2686.980418
2026-06-27 01:00:00,7.262,7.274,7.229,7.234,1352.691943
2026-06-27 02:00:00,7.222,7.287,7.213,7.269,1551.97913
2026-06-27 03:00:00,7.265,7.266,7.224,7.238,1724.155184
2026-06-27 04:00:00,7.24,7.276,7.24,7.256,975.165491
2026-06-27 05:00:00,7.257,7.31,7.257,7.298,2379.896671
2026-06-27 06:00:00,7.303,7.304,7.26,7.266,6590.964602
2026-06-27 07:00:00,7.264,7.329,7.246,7.294,4724.153267
2026-06-27 08:00:00,7.3,7.337,7.294,7.327,2296.805635
2026-06-27 09:00:00,7.32,7.324,7.252,7.278,5754.041456
2026-06-27 10:00:00,7.276,7.276,7.237,7.25,1176.633617
2026-06-27 11:00:00,7.244,7.271,7.231,7.268,4549.821137
2026-06-27 12:00:00,7.267,7.27,7.222,7.23,1763.619094
2026-06-27 13:00:00,7.223,7.25,7.218,7.232,1529.968385
2026-06-27 14:00:00,7.236,7.263,7.233,7.238,901.742821
2026-06-27 15:00:00,7.252,7.27,7.243,7.27,809.959173
2026-06-27 16:00:00,7.271,7.295,7.235,7.235,2201.48145
2026-06-27 17:00:00,7.234,7.234,7.139,7.187,5329.258561
2026-06-27 18:00:00,7.188,7.19,7.167,7.188,2663.133224
2026-06-27 19:00:00,7.183,7.185,7.133,7.154,2156.41418
2026-06-27 20:00:00,7.153,7.156,7.137,7.139,203.427786
2026-06-27 21:00:00,7.142,7.163,7.102,7.125,1989.493331
2026-06-27 22:00:00,7.128,7.191,7.096,7.167,1683.065657
2026-06-27 23:00:00,7.163,7.167,7.115,7.117,1328.734305
2026-06-28 00:00:00,7.117,7.117,7.069,7.069,1800.418396
2026-06-28 01:00:00,7.071,7.103,7.057,7.093,826.906535
2026-06-28 02:00:00,7.094,7.168,7.094,7.123,1859.19264
2026-06-28 03:00:00,7.123,7.136,7.108,7.13,1399.745951
2026-06-28 04:00:00,7.131,7.137,7.108,7.133,755.083905
2026-06-28 05:00:00,7.127,7.128,7.083,7.108,1805.653053
2026-06-28 06:00:00,7.109,7.11,7.071,7.098,1071.679403
2026-06-28 07:00:00,7.098,7.118,7.098,7.113,2222.085491
2026-06-28 08:00:00,7.115,7.142,7.11,7.121,2620.062144
2026-06-28 09:00:00,7.12,7.14,7.032,7.065,2862.370533
2026-06-28 10:00:00,7.066,7.08,7.046,7.057,978.591763
2026-06-28 11:00:00,7.056,7.07,7.037,7.068,1218.773415
2026-06-28 12:00:00,7.067,7.087,7.056,7.067,12057.619605
2026-06-28 13:00:00,7.068,7.07,7.021,7.029,1563.40569
2026-06-28 14:00:00,7.029,7.063,7.028,7.045,1530.17125
2026-06-28 15:00:00,7.046,7.057,7.018,7.035,781.094678
2026-06-28 16:00:00,7.04,7.04,7.004,7.025,528.138794
2026-06-28 17:00:00,7.022,7.043,7.002,7.035,929.749155
2026-06-28 18:00:00,7.032,7.092,7.027,7.027,2460.669767
2026-06-28 19:00:00,7.035,7.035,6.997,7.029,770.100027
2026-06-28 20:00:00,7.022,7.072,7.022,7.06,427.140534
2026-06-28 21:00:00,7.055,7.057,6.972,6.994,1683.812419
2026-06-28 22:00:00,7.005,7.056,6.975,6.989,1069.182611
2026-06-28 23:00:00,6.995,7.073,6.995,7.058,1139.821221
2026-06-29 00:00:00,7.059,7.059,6.998,7.039,1154.686071
2026-06-29 01:00:00,7.036,7.036,6.983,7.017,732.023692
2026-06-29 02:00:00,7.012,7.048,6.971,7.039,1573.243338
2026-06-29 03:00:00,7.046,7.081,7.046,7.06,1646.207633
2026-06-29 04:00:00,7.063,7.063,7.031,7.039,646.092437
2026-06-29 05:00:00,7.04,7.041,7.015,7.041,996.821678
2026-06-29 06:00:00,7.041,7.108,7.021,7.051,4078.112819
2026-06-29 07:00:00,7.05,7.076,7.037,7.053,1356.476729
2026-06-29 08:00:00,7.055,7.063,7.036,7.037,1497.007426
2026-06-29 09:00:00,7.043,7.046,7.009,7.034,822.364065
2026-06-29 10:00:00,7.04,7.063,7.011,7.033,531.485298
2026-06-29 11:00:00,7.035,7.061,7.015,7.034,1069.416403
2026-06-29 12:00:00,7.034,7.112,7.011,7.067,1347.09026
2026-06-29 13:00:00,7.071,7.122,7.029,7.05,2494.450009
2026-06-29 14:00:00,7.053,7.072,7.014,7.057,3210.584925
2026-06-29 15:00:00,7.06,7.06,6.94,7.044,8045.15404
2026-06-29 16:00:00,7.044,7.065,7.017,7.053,1344.916538
2026-06-29 17:00:00,7.053,7.161,7.051,7.127,3333.727632
2026-06-29 18:00:00,7.124,7.14,7.114,7.14,369.588566
2026-06-29 19:00:00,7.144,7.156,7.133,7.146,253.48442
2026-06-29 20:00:00,7.148,7.152,7.132,7.132,425.164531
2026-06-29 21:00:00,7.137,7.157,7.133,7.143,137.703026
2026-06-29 22:00:00,7.146,7.15,7.129,7.133,1635.934453
2026-06-29 23:00:00,7.133,7.157,7.106,7.143,3852.855341
2026-06-30 00:00:00,7.147,7.155,7.074,7.074,1244.01345
2026-06-30 01:00:00,7.078,7.078,7.03,7.048,1086.777563
2026-06-30 02:00:00,7.048,7.066,7.03,7.059,928.939096
2026-06-30 03:00:00,7.065,7.081,7.062,7.065,898.740429
2026-06-30 04:00:00,7.069,7.069,7.037,7.048,2549.445201
2026-06-30 05:00:00,7.048,7.051,7.025,7.032,2831.9291
2026-06-30 06:00:00,7.041,7.041,7.023,7.026,2637.154922
2026-06-30 07:00:00,7.021,7.081,7.01,7.025,1804.303461
2026-06-30 08:00:00,7.024,7.027,6.968,6.98,5709.675546
2026-06-30 09:00:00,6.979,7.001,6.952,6.998,3060.118671
2026-06-30 10:00:00,6.999,7.018,6.981,7.01,2169.715703
2026-06-30 11:00:00,6.999,7.012,6.973,6.981,940.241954
2026-06-30 12:00:00,6.983,6.984,6.903,6.908,6538.48316
2026-06-30 13:00:00,6.907,6.991,6.907,6.978,8203.389221
2026-06-30 14:00:00,6.978,7.027,6.942,6.949,1943.811541
2026-06-30 15:00:00,6.951,7.0,6.943,6.975,2162.107737
2026-06-30 16:00:00,6.975,6.988,6.937,6.981,2378.598797
2026-06-30 17:00:00,6.983,6.994,6.967,6.967,1018.532952
2026-06-30 18:00:00,6.971,7.008,6.97,6.974,721.913021
2026-06-30 19:00:00,6.973,6.979,6.935,6.952,2361.459938
2026-06-30 20:00:00,6.949,6.953,6.911,6.918,857.88408
2026-06-30 21:00:00,6.915,6.916,6.866,6.899,9764.219177
2026-06-30 22:00:00,6.898,6.928,6.883,6.89,4802.781252
2026-06-30 23:00:00,6.89,6.908,6.885,6.897,4036.450626
2026-07-01 00:00:00,6.901,6.901,6.862,6.879,3186.108246
2026-07-01 01:00:00,6.871,6.899,6.765,6.877,8460.34161
2026-07-01 02:00:00,6.883,6.94,6.865,6.926,2592.651268
2026-07-01 03:00:00,6.934,6.975,6.91,6.96,8199.475013
2026-07-01 04:00:00,6.959,6.977,6.944,6.964,3792.438088
2026-07-01 05:00:00,6.967,6.967,6.925,6.932,1350.926189
2026-07-01 06:00:00,6.932,6.932,6.84,6.866,1988.405399
2026-07-01 07:00:00,6.866,6.868,6.835,6.865,2588.262925
2026-07-01 08:00:00,6.865,6.869,6.83,6.868,2780.419173
2026-07-01 09:00:00,6.866,6.904,6.834,6.853,4754.176497
2026-07-01 10:00:00,6.845,6.866,6.825,6.86,10383.725115
2026-07-01 11:00:00,6.86,6.866,6.836,6.849,2121.789183
2026-07-01 12:00:00,6.849,6.854,6.83,6.847,994.858544
2026-07-01 13:00:00,6.85,6.906,6.8,6.906,5755.356228
2026-07-01 14:00:00,6.903,6.995,6.898,6.968,9956.414004
2026-07-01 15:00:00,6.971,7.056,6.971,7.022,5576.150766
2026-07-01 16:00:00,7.021,7.033,6.987,6.992,2763.976508
2026-07-01 17:00:00,6.999,7.022,6.975,7.009,1386.308562
2026-07-01 18:00:00,7.004,7.01,6.979,7.01,2134.898837
2026-07-01 19:00:00,7.01,7.027,6.949,6.955,4409.925164
2026-07-01 20:00:00,6.957,6.989,6.943,6.989,345.128425
2026-07-01 21:00:00,6.99,7.09,6.99,7.06,5414.915938
2026-07-01 22:00:00,7.057,7.112,7.02,7.043,2758.578451
2026-07-01 23:00:00,7.023,7.035,6.997,7.012,7024.134601
2026-07-02 00:00:00,7.013,7.026,6.973,7.0,3204.448179
2026-07-02 01:00:00,7.001,7.07,6.999,7.04,9503.526245
2026-07-02 02:00:00,7.044,7.053,7.022,7.031,1434.018407
2026-07-02 03:00:00,7.03,7.11,7.021,7.099,7192.31131
2026-07-02 04:00:00,7.097,7.097,7.047,7.063,1470.939351
2026-07-02 05:00:00,7.06,7.06,7.016,7.028,1580.090652
2026-07-02 06:00:00,7.028,7.028,6.998,6.998,1393.724204
2026-07-02 07:00:00,6.996,7.028,6.989,7.028,968.568501
2026-07-02 08:00:00,7.029,7.076,7.02,7.07,9270.639359
2026-07-02 09:00:00,7.056,7.121,7.051,7.104,6027.468327
2026-07-02 10:00:00,7.101,7.143,7.1,7.125,5927.577689
2026-07-02 11:00:00,7.126,7.159,7.121,7.132,6166.224148
2026-07-02 12:00:00,7.131,7.182,7.125,7.173,9729.615825
2026-07-02 13:00:00,7.172,7.221,7.149,7.22,8068.390286
2026-07-02 14:00:00,7.22,7.245,7.109,7.12,14153.624636
2026-07-02 15:00:00,7.119,7.132,7.1,7.119,4112.494581
2026-07-02 16:00:00,7.123,7.133,7.081,7.107,4409.889166
2026-07-02 17:00:00,7.101,7.131,7.098,7.108,1326.523529
2026-07-02 18:00:00,7.105,7.123,7.091,7.091,938.563505
2026-07-02 19:00:00,7.091,7.108,7.071,7.092,3472.259877
2026-07-02 20:00:00,7.091,7.092,7.062,7.086,1283.624365
2026-07-02 21:00:00,7.085,7.095,7.073,7.095,1393.123196
2026-07-02 22:00:00,7.097,7.097,7.065,7.087,2294.015749
2026-07-02 23:00:00,7.082,7.093,7.073,7.076,522.578793
2026-07-03 00:00:00,7.078,7.085,7.045,7.045,3097.841446
2026-07-03 01:00:00,7.045,7.126,7.04,7.099,4511.65396
2026-07-03 02:00:00,7.1,7.101,7.049,7.08,3069.515735
2026-07-03 03:00:00,7.073,7.088,7.055,7.078,1713.960614
2026-07-03 04:00:00,7.077,7.085,7.06,7.076,1698.373035
2026-07-03 05:00:00,7.076,7.117,7.074,7.093,2027.786691
2026-07-03 06:00:00,7.097,7.119,7.092,7.112,3789.999113
2026-07-03 07:00:00,7.112,7.15,7.097,7.114,3524.331554
2026-07-03 08:00:00,7.116,7.147,7.103,7.117,4432.512708
2026-07-03 09:00:00,7.118,7.154,7.116,7.129,1641.413218
2026-07-03 10:00:00,7.129,7.221,7.129,7.201,5792.952771
2026-07-03 11:00:00,7.201,7.288,7.2,7.28,7782.931711
2026-07-03 12:00:00,7.281,7.308,7.216,7.218,10325.680408
2026-07-03 13:00:00,7.216,7.25,7.216,7.232,3156.352593
2026-07-03 14:00:00,7.235,7.235,7.155,7.224,7543.390942
2026-07-03 15:00:00,7.224,7.252,7.179,7.189,9295.001368
2026-07-03 16:00:00,7.188,7.221,7.184,7.216,8854.242118
2026-07-03 17:00:00,7.211,7.257,7.211,7.255,2485.146576
2026-07-03 18:00:00,7.255,7.259,7.227,7.227,1070.385315
2026-07-03 19:00:00,7.224,7.262,7.222,7.223,2911.253717
2026-07-03 20:00:00,7.221,7.295,7.221,7.291,1864.096517
2026-07-03 21:00:00,7.294,7.316,7.262,7.297,5147.975576
2026-07-03 22:00:00,7.291,7.297,7.248,7.249,2373.164981
2026-07-03 23:00:00,7.248,7.251,7.209,7.235,1809.348786
2026-07-04 00:00:00,7.234,7.256,7.206,7.214,3664.336775
2026-07-04 01:00:00,7.215,7.215,7.128,7.141,3102.791172
2026-07-04 02:00:00,7.143,7.191,7.131,7.191,1034.589842
2026-07-04 03:00:00,7.193,7.205,7.17,7.17,882.755749
2026-07-04 04:00:00,7.173,7.218,7.16,7.216,2912.946793
2026-07-04 05:00:00,7.216,7.216,7.16,7.162,2024.055244
2026-07-04 06:00:00,7.16,7.18,7.125,7.15,1070.000488
2026-07-04 07:00:00,7.148,7.163,7.132,7.16,3367.548404
2026-07-04 08:00:00,7.159,7.205,7.145,7.201,2162.919281
2026-07-04 09:00:00,7.203,7.213,7.151,7.151,2322.968916
2026-07-04 10:00:00,7.151,7.322,7.146,7.283,13217.915059
2026-07-04 11:00:00,7.281,7.361,7.268,7.338,36763.795164
2026-07-04 12:00:00,7.342,7.38,7.308,7.34,9407.651451
2026-07-04 13:00:00,7.34,7.344,7.27,7.28,4999.247814
2026-07-04 14:00:00,7.281,7.31,7.27,7.308,1470.098721
2026-07-04 15:00:00,7.31,7.37,7.307,7.367,9012.31836
2026-07-04 16:00:00,7.357,7.392,7.342,7.358,9242.026888
2026-07-04 17:00:00,7.359,7.388,7.329,7.347,4029.247274
2026-07-04 18:00:00,7.345,7.371,7.314,7.33,3182.924858
2026-07-04 19:00:00,7.32,7.339,7.304,7.315,1979.526283
2026-07-04 20:00:00,7.312,7.329,7.282,7.292,2557.00729
2026-07-04 21:00:00,7.288,7.335,7.287,7.325,2050.894253
2026-07-04 22:00:00,7.32,7.32,7.281,7.288,379.408791
2026-07-04 23:00:00,7.289,7.29,7.225,7.268,2575.109872
2026-07-05 00:00:00,7.27,7.273,7.227,7.254,5432.471742
2026-07-05 01:00:00,7.254,7.265,7.224,7.251,10610.788228
2026-07-05 02:00:00,7.243,7.243,7.161,7.165,27869.170886
2026-07-05 03:00:00,7.167,7.187,7.145,7.149,8062.658993
2026-07-05 04:00:00,7.148,7.173,7.133,7.142,4809.549711
2026-07-05 05:00:00,7.141,7.145,7.07,7.09,16401.400038
2026-07-05 06:00:00,7.088,7.098,7.073,7.085,3296.614826
2026-07-05 07:00:00,7.082,7.113,7.042,7.109,3687.959001
2026-07-05 08:00:00,7.11,7.117,7.084,7.086,2225.654364
2026-07-05 09:00:00,7.082,7.105,7.034,7.05,5999.241902
2026-07-05 10:00:00,7.047,7.105,7.038,7.098,2431.629203
2026-07-05 11:00:00,7.1,7.11,7.084,7.106,624.537532
2026-07-05 12:00:00,7.106,7.131,7.089,7.108,1653.702904
2026-07-05 13:00:00,7.106,7.117,7.098,7.116,1149.720062
2026-07-05 14:00:00,7.116,7.116,7.085,7.112,1363.072693
2026-07-05 15:00:00,7.111,7.174,7.111,7.172,11300.453767
2026-07-05 16:00:00,7.174,7.174,7.123,7.144,3062.473511
2026-07-05 17:00:00,7.153,7.164,7.116,7.129,4631.913166
2026-07-05 18:00:00,7.13,7.158,7.123,7.148,723.198067
2026-07-05 19:00:00,7.146,7.172,7.136,7.142,735.227814
2026-07-05 20:00:00,7.139,7.144,7.119,7.144,690.578459
2026-07-05 21:00:00,7.143,7.199,7.122,7.18,1673.991613
2026-07-05 22:00:00,7.179,7.264,7.167,7.263,7861.741515
2026-07-05 23:00:00,7.266,7.275,7.214,7.239,3303.656403
2026-07-06 00:00:00,7.24,7.245,7.084,7.174,6578.894249
2026-07-06 01:00:00,7.173,7.215,7.151,7.155,3927.788512
2026-07-06 02:00:00,7.16,7.177,7.119,7.134,2421.320485
2026-07-06 03:00:00,7.134,7.14,7.094,7.114,2079.775248
2026-07-06 04:00:00,7.117,7.121,7.089,7.101,3358.469409
2026-07-06 05:00:00,7.097,7.097,7.031,7.075,3956.607507
2026-07-06 06:00:00,7.074,7.112,7.056,7.077,1757.595578
2026-07-06 07:00:00,7.084,7.125,7.071,7.108,1841.289636
2026-07-06 08:00:00,7.11,7.116,7.092,7.102,3271.432117
2026-07-06 09:00:00,7.094,7.114,7.089,7.114,611.009764
2026-07-06 10:00:00,7.112,7.153,7.112,7.132,1436.722623
2026-07-06 11:00:00,7.143,7.15,7.092,7.092,1903.536842
2026-07-06 12:00:00,7.089,7.089,6.98,7.054,8208.843895
2026-07-06 13:00:00,7.056,7.101,7.004,7.084,11076.389705
2026-07-06 14:00:00,7.094,7.115,7.056,7.068,2518.596806
2026-07-06 15:00:00,7.071,7.174,7.071,7.165,3516.830582
2026-07-06 16:00:00,7.169,7.198,7.141,7.147,14809.930619
2026-07-06 17:00:00,7.147,7.162,7.108,7.122,12381.678396
2026-07-06 18:00:00,7.118,7.129,7.105,7.108,16975.066215
2026-07-06 19:00:00,7.109,7.152,7.107,7.138,3988.955544
2026-07-06 20:00:00,7.139,7.14,7.095,7.098,2771.611013
2026-07-06 21:00:00,7.095,7.2,7.095,7.185,9126.48773
2026-07-06 22:00:00,7.185,7.19,7.12,7.134,1469.828276
2026-07-06 23:00:00,7.129,7.144,7.115,7.119,7868.225844
2026-07-07 00:00:00,7.12,7.167,7.12,7.159,3631.637175
2026-07-07 01:00:00,7.159,7.16,7.094,7.096,27697.168669
2026-07-07 02:00:00,7.097,7.106,7.03,7.03,7287.044561
2026-07-07 03:00:00,7.029,7.035,7.012,7.033,19663.719699
2026-07-07 04:00:00,7.032,7.044,7.006,7.014,5749.576407
2026-07-07 05:00:00,7.016,7.035,6.99,7.029,36241.681523
2026-07-07 06:00:00,7.029,7.039,7.002,7.03,8898.669583
2026-07-07 07:00:00,7.028,7.049,7.027,7.029,3706.126111
2026-07-07 08:00:00,7.03,7.04,7.013,7.027,15527.549955
2026-07-07 09:00:00,7.025,7.026,7.006,7.01,2622.533812
2026-07-07 10:00:00,7.007,7.041,7.0,7.012,3425.19623
2026-07-07 11:00:00,7.012,7.015,6.98,7.002,4906.444955
2026-07-07 12:00:00,7.001,7.041,6.998,7.006,6663.828176
2026-07-07 13:00:00,7.006,7.006,6.94,6.945,12424.181033
2026-07-07 14:00:00,6.944,7.011,6.908,7.011,5561.093915
2026-07-07 15:00:00,7.006,7.055,6.99,7.051,3242.242311
2026-07-07 16:00:00,7.053,7.078,7.015,7.054,1220.196547
2026-07-07 17:00:00,7.049,7.075,7.038,7.075,608.276363
2026-07-07 18:00:00,7.073,7.075,7.005,7.005,1764.794006
2026-07-07 19:00:00,7.004,7.022,6.951,6.981,2086.090959
2026-07-07 20:00:00,6.983,6.989,6.937,6.959,624.298016
2026-07-07 21:00:00,6.959,6.98,6.927,6.93,1656.857604
2026-07-07 22:00:00,6.928,6.993,6.878,6.989,6419.202093
2026-07-07 23:00:00,6.987,6.992,6.96,6.962,1306.81263
2026-07-08 00:00:00,6.974,6.994,6.93,6.973,2139.310671
2026-07-08 01:00:00,6.978,6.982,6.878,6.918,4754.661584
2026-07-08 02:00:00,6.912,6.912,6.834,6.878,4115.362394
2026-07-08 03:00:00,6.887,6.907,6.862,6.87,1432.637968
2026-07-08 04:00:00,6.876,6.901,6.861,6.9,861.659078
2026-07-08 05:00:00,6.901,6.915,6.889,6.893,1897.118512
2026-07-08 06:00:00,6.887,6.914,6.871,6.912,1495.950971
2026-07-08 07:00:00,6.912,6.956,6.879,6.925,2991.44343
2026-07-08 08:00:00,6.926,6.979,6.816,6.862,9310.245595
2026-07-08 09:00:00,6.861,6.904,6.845,6.899,1288.21174
2026-07-08 10:00:00,6.901,6.962,6.866,6.939,3310.604808
2026-07-08 11:00:00,6.939,6.965,6.903,6.938,3603.384256
2026-07-08 12:00:00,6.938,6.957,6.913,6.928,4019.118773
2026-07-08 13:00:00,6.934,6.939,6.881,6.908,2024.558704
2026-07-08 14:00:00,6.907,6.932,6.883,6.926,2204.662095
2026-07-08 15:00:00,6.928,6.933,6.851,6.857,1828.074232
2026-07-08 16:00:00,6.858,6.924,6.855,6.921,798.452007
2026-07-08 17:00:00,6.918,6.943,6.906,6.911,399.661013
2026-07-08 18:00:00,6.911,6.923,6.881,6.887,425.019552
2026-07-08 19:00:00,6.887,6.895,6.866,6.878,476.683335
2026-07-08 20:00:00,6.87,6.9,6.867,6.897,1067.212245
2026-07-08 21:00:00,6.898,6.898,6.868,6.885,317.703838
2026-07-08 22:00:00,6.881,6.906,6.879,6.906,691.292453
2026-07-08 23:00:00,6.906,6.906,6.889,6.903,879.995614
2026-07-09 00:00:00,6.906,6.952,6.881,6.887,4851.545533
2026-07-09 01:00:00,6.89,6.963,6.886,6.906,1959.857725
2026-07-09 02:00:00,6.899,6.943,6.894,6.931,1317.756448
2026-07-09 03:00:00,6.931,6.996,6.921,6.956,3320.31754
2026-07-09 04:00:00,6.956,7.014,6.953,7.003,2860.890046
2026-07-09 05:00:00,7.007,7.011,6.976,6.997,4002.935595
2026-07-09 06:00:00,6.997,7.038,6.996,7.013,3103.727947
2026-07-09 07:00:00,7.016,7.038,6.976,7.016,7826.860347
2026-07-09 08:00:00,7.017,7.039,7.002,7.003,3612.996864
2026-07-09 09:00:00,7.0,7.036,6.994,7.035,1718.608452
2026-07-09 10:00:00,7.035,7.039,6.987,6.997,1834.200347
2026-07-09 11:00:00,6.997,7.016,6.996,7.01,823.773433
2026-07-09 12:00:00,7.004,7.019,6.967,7.004,4738.359332
2026-07-09 13:00:00,7.007,7.041,6.988,7.032,2100.572951
2026-07-09 14:00:00,7.034,7.044,6.993,6.993,3651.405549
2026-07-09 15:00:00,6.992,7.036,6.986,7.01,886.520581
2026-07-09 16:00:00,7.01,7.019,6.978,6.988,358.931601
2026-07-09 17:00:00,6.988,7.018,6.981,7.002,911.115615
2026-07-09 18:00:00,7.003,7.041,6.998,7.038,5995.330142
2026-07-09 19:00:00,7.027,7.048,7.01,7.033,2487.650902
2026-07-09 20:00:00,7.036,7.048,7.023,7.028,1691.524429
2026-07-09 21:00:00,7.03,7.047,7.02,7.021,1653.235536
2026-07-09 22:00:00,7.025,7.046,7.015,7.036,519.07488
2026-07-09 23:00:00,7.036,7.058,7.009,7.039,1041.362186
2026-07-10 00:00:00,7.038,7.038,7.012,7.025,2930.786268
2026-07-10 01:00:00,7.027,7.113,7.012,7.08,6668.773782
2026-07-10 02:00:00,7.083,7.11,7.075,7.091,3025.176923
2026-07-10 03:00:00,7.09,7.096,7.046,7.049,3616.24794
2026-07-10 04:00:00,7.052,7.076,7.05,7.069,1292.295547
2026-07-10 05:00:00,7.069,7.088,7.066,7.087,2400.691867
2026-07-10 06:00:00,7.088,7.089,7.062,7.068,793.417477
2026-07-10 07:00:00,7.069,7.075,7.05,7.05,2056.220662
2026-07-10 08:00:00,7.048,7.101,7.047,7.085,3324.701484
2026-07-10 09:00:00,7.089,7.102,7.07,7.099,2588.288847
2026-07-10 10:00:00,7.101,7.15,7.094,7.118,7667.615906
2026-07-10 11:00:00,7.118,7.127,7.082,7.09,5112.324614
2026-07-10 12:00:00,7.091,7.121,7.086,7.087,4836.022901
2026-07-10 13:00:00,7.084,7.12,7.068,7.116,2870.612093
2026-07-10 14:00:00,7.11,7.116,7.024,7.061,6139.19832
2026-07-10 15:00:00,7.061,7.089,7.055,7.087,927.562389
2026-07-10 16:00:00,7.088,7.121,7.08,7.113,3298.628609
2026-07-10 17:00:00,7.109,7.114,7.082,7.084,646.216198
2026-07-10 18:00:00,7.081,7.108,7.058,7.071,1849.879966
2026-07-10 19:00:00,7.07,7.1,7.063,7.087,822.669477
2026-07-10 20:00:00,7.087,7.092,7.07,7.07,297.528519
2026-07-10 21:00:00,7.066,7.092,7.066,7.09,185.541977
2026-07-10 22:00:00,7.091,7.098,7.077,7.08,733.273614
2026-07-10 23:00:00,7.078,7.079,7.066,7.066,1837.172482
2026-07-11 00:00:00,7.066,7.086,7.055,7.082,3427.474817
2026-07-11 01:00:00,7.078,7.092,7.065,7.075,1013.125778
2026-07-11 02:00:00,7.078,7.092,7.071,7.09,718.50812
2026-07-11 03:00:00,7.089,7.111,7.08,7.111,3456.816754
2026-07-11 04:00:00,7.112,7.124,7.096,7.104,1281.404377
2026-07-11 05:00:00,7.106,7.121,7.104,7.118,450.714954
2026-07-11 06:00:00,7.119,7.134,7.106,7.106,6150.437047
2026-07-11 07:00:00,7.109,7.109,7.094,7.098,440.179677
2026-07-11 08:00:00,7.097,7.111,7.097,7.106,288.812523
2026-07-11 09:00:00,7.106,7.122,7.106,7.11,466.000668
2026-07-11 10:00:00,7.116,7.118,7.08,7.08,980.824416
2026-07-11 11:00:00,7.08,7.09,7.049,7.079,7600.822107
2026-07-11 12:00:00,7.078,7.09,7.072,7.078,943.565395
2026-07-11 13:00:00,7.076,7.087,7.07,7.072,450.60683
2026-07-11 14:00:00,7.074,7.102,7.071,7.095,3198.436195
2026-07-11 15:00:00,7.097,7.127,7.078,7.105,3737.007213
2026-07-11 16:00:00,7.104,7.109,7.089,7.09,1281.45956
2026-07-11 17:00:00,7.092,7.121,7.089,7.11,1330.317651
2026-07-11 18:00:00,7.106,7.108,7.091,7.095,848.164891
2026-07-11 19:00:00,7.094,7.101,7.084,7.087,610.000197
2026-07-11 20:00:00,7.087,7.098,7.084,7.087,606.940895
2026-07-11 21:00:00,7.086,7.095,7.076,7.079,1317.233077
2026-07-11 22:00:00,7.076,7.077,7.021,7.029,4695.423781
2026-07-11 23:00:00,7.028,7.036,6.958,6.958,5182.381366
2026-07-12 00:00:00,6.959,6.959,6.816,6.866,19239.036225
2026-07-12 01:00:00,6.863,6.923,6.861,6.923,4380.768719
2026-07-12 02:00:00,6.923,6.923,6.89,6.897,6119.713437
2026-07-12 03:00:00,6.895,6.946,6.882,6.928,10354.682844
2026-07-12 04:00:00,6.927,6.927,6.882,6.893,3194.689148
2026-07-12 05:00:00,6.891,6.911,6.891,6.911,3966.353477
2026-07-12 06:00:00,6.902,6.903,6.837,6.87,6297.687979
2026-07-12 07:00:00,6.865,6.882,6.858,6.867,4021.209751
2026-07-12 08:00:00,6.865,6.883,6.855,6.869,2591.309068
2026-07-12 09:00:00,6.868,6.88,6.851,6.879,1764.945553
2026-07-12 10:00:00,6.879,6.88,6.861,6.869,2725.093854
2026-07-12 11:00:00,6.869,6.9,6.86,6.899,1957.535093
2026-07-12 12:00:00,6.898,6.945,6.894,6.94,2954.762246
2026-07-12 13:00:00,6.943,6.95,6.922,6.938,3852.41524
2026-07-12 14:00:00,6.938,6.958,6.916,6.958,3025.807276
2026-07-12 15:00:00,6.958,6.97,6.94,6.942,4659.838631
2026-07-12 16:00:00,6.942,6.947,6.906,6.926,2641.054568
2026-07-12 17:00:00,6.926,6.941,6.908,6.908,1385.876546
2026-07-12 18:00:00,6.92,6.933,6.912,6.933,927.508248
2026-07-12 19:00:00,6.933,6.934,6.913,6.916,702.043522
2026-07-12 20:00:00,6.916,6.918,6.91,6.91,1651.238035
2026-07-12 21:00:00,6.912,6.928,6.882,6.888,9073.299457
2026-07-12 22:00:00,6.887,6.887,6.832,6.856,8918.454842
2026-07-12 23:00:00,6.848,6.855,6.835,6.854,6653.380688
2026-07-13 00:00:00,6.851,6.948,6.838,6.917,14168.985909
2026-07-13 01:00:00,6.906,6.928,6.855,6.857,12342.365934
2026-07-13 02:00:00,6.853,6.903,6.828,6.896,3221.661896
2026-07-13 03:00:00,6.896,6.896,6.838,6.886,4578.206326
2026-07-13 04:00:00,6.888,6.898,6.86,6.86,2543.819149
2026-07-13 05:00:00,6.86,6.9,6.847,6.9,3650.663003
2026-07-13 06:00:00,6.901,6.903,6.87,6.883,4977.285653
2026-07-13 07:00:00,6.885,6.995,6.879,6.968,11861.147513
2026-07-13 08:00:00,6.97,7.046,6.94,7.038,10896.099078
2026-07-13 09:00:00,7.039,7.083,6.983,6.991,8536.306193
2026-07-13 10:00:00,6.994,7.011,6.977,6.996,3700.331871
2026-07-13 11:00:00,7.0,7.02,6.957,6.96,3814.774505
2026-07-13 12:00:00,6.958,6.965,6.939,6.965,4121.506569
2026-07-13 13:00:00,6.961,6.968,6.926,6.942,1824.373568
2026-07-13 14:00:00,6.949,6.953,6.892,6.945,3752.753725
2026-07-13 15:00:00,6.947,6.958,6.924,6.932,4342.105356
2026-07-13 16:00:00,6.933,6.973,6.929,6.965,3274.947151
2026-07-13 17:00:00,6.964,6.967,6.866,6.871,8500.867694
2026-07-13 18:00:00,6.87,6.898,6.856,6.871,2569.515779
2026-07-13 19:00:00,6.872,6.915,6.872,6.911,780.629718
2026-07-13 20:00:00,6.906,6.912,6.888,6.897,1514.454315
2026-07-13 21:00:00,6.897,6.899,6.813,6.835,3896.737962
2026-07-13 22:00:00,6.835,6.857,6.835,6.853,1793.499918
2026-07-13 23:00:00,6.853,6.891,6.85,6.883,6908.137586
2026-07-14 00:00:00,6.884,6.921,6.871,6.918,5498.033302
2026-07-14 01:00:00,6.917,6.924,6.881,6.881,1511.025266
2026-07-14 02:00:00,6.878,6.881,6.835,6.862,2333.72868
2026-07-14 03:00:00,6.866,6.866,6.832,6.864,2967.686062
2026-07-14 04:00:00,6.863,6.951,6.851,6.951,4763.035863
2026-07-14 05:00:00,6.951,6.977,6.929,6.957,4943.418643
2026-07-14 06:00:00,6.958,7.006,6.924,6.959,6987.143225
2026-07-14 07:00:00,6.956,6.957,6.909,6.909,2226.062148
2026-07-14 08:00:00,6.909,6.923,6.896,6.906,1378.56896
2026-07-14 09:00:00,6.906,6.916,6.87,6.871,1765.559436
2026-07-14 10:00:00,6.871,6.886,6.864,6.88,5534.417493
2026-07-14 11:00:00,6.875,6.884,6.865,6.865,1630.255017
2026-07-14 12:00:00,6.868,6.96,6.865,6.956,6078.796211
2026-07-14 13:00:00,6.959,7.066,6.956,7.011,10000.090487
2026-07-14 14:00:00,7.012,7.078,6.986,7.071,4755.938922
2026-07-14 15:00:00,7.068,7.116,7.04,7.064,4439.696464
2026-07-14 16:00:00,7.067,7.097,7.065,7.074,6443.383295
2026-07-14 17:00:00,7.066,7.069,7.021,7.058,1889.274375
2026-07-14 18:00:00,7.059,7.065,7.041,7.063,590.914623
2026-07-14 19:00:00,7.061,7.09,7.061,7.076,596.473098
2026-07-14 20:00:00,7.077,7.094,7.059,7.093,3216.613738
2026-07-14 21:00:00,7.093,7.1,7.078,7.083,2901.372056
2026-07-14 22:00:00,7.084,7.116,7.077,7.088,3195.173157
2026-07-14 23:00:00,7.089,7.107,7.084,7.099,3686.619221
2026-07-15 00:00:00,7.1,7.11,7.087,7.106,4424.900977
2026-07-15 01:00:00,7.106,7.112,7.072,7.076,2871.008405
2026-07-15 02:00:00,7.074,7.083,7.031,7.031,2640.645341
2026-07-15 03:00:00,7.029,7.046,7.021,7.044,3434.541718
2026-07-15 04:00:00,7.04,7.048,7.025,7.04,464.135118
2026-07-15 05:00:00,7.041,7.052,7.016,7.051,3164.091578
2026-07-15 06:00:00,7.045,7.072,7.045,7.05,5730.50445
2026-07-15 07:00:00,7.049,7.049,6.994,7.016,3133.230331
2026-07-15 08:00:00,7.009,7.075,6.998,7.05,5564.842412
2026-07-15 09:00:00,7.05,7.056,7.028,7.036,2500.05855
2026-07-15 10:00:00,7.032,7.068,7.032,7.062,5277.645998
2026-07-15 11:00:00,7.063,7.072,7.047,7.047,2586.855771
2026-07-15 12:00:00,7.053,7.159,7.053,7.151,9590.094275
2026-07-15 13:00:00,7.152,7.221,7.101,7.128,22885.70325
2026-07-15 14:00:00,7.135,7.144,7.097,7.135,2069.944077
2026-07-15 15:00:00,7.134,7.152,7.106,7.138,3684.491073
2026-07-15 16:00:00,7.139,7.14,7.053,7.087,4640.915773
2026-07-15 17:00:00,7.087,7.117,7.079,7.114,3262.021964
2026-07-15 18:00:00,7.115,7.134,7.09,7.096,1894.731521
2026-07-15 19:00:00,7.098,7.102,7.059,7.08,7764.842485
2026-07-15 20:00:00,7.082,7.101,7.073,7.094,688.118848
2026-07-15 21:00:00,7.092,7.108,7.088,7.096,2373.848873
2026-07-15 22:00:00,7.099,7.105,7.088,7.09,1828.42637
2026-07-15 23:00:00,7.088,7.103,7.075,7.085,5909.348611
2026-07-16 00:00:00,7.084,7.099,7.033,7.041,4039.694575
2026-07-16 01:00:00,7.038,7.073,7.02,7.062,3041.492378
2026-07-16 02:00:00,7.058,7.074,7.056,7.074,1131.602797
2026-07-16 03:00:00,7.071,7.075,7.047,7.072,1117.641638
2026-07-16 04:00:00,7.074,7.074,7.048,7.055,181.399569
2026-07-16 05:00:00,7.058,7.083,7.058,7.067,2604.597059
2026-07-16 06:00:00,7.069,7.096,7.046,7.071,1918.901114
2026-07-16 07:00:00,7.072,7.072,7.017,7.041,4451.253705
2026-07-16 08:00:00,7.041,7.049,6.945,6.979,12225.031848
2026-07-16 09:00:00,6.983,6.994,6.952,6.961,3424.66368
2026-07-16 10:00:00,6.961,6.989,6.958,6.985,2501.579725
2026-07-16 11:00:00,6.987,6.987,6.955,6.966,1365.791363
2026-07-16 12:00:00,6.963,6.98,6.946,6.958,15478.208003
2026-07-16 13:00:00,6.958,7.023,6.957,7.008,3876.672551
2026-07-16 14:00:00,7.008,7.038,6.99,7.011,3937.692955
2026-07-16 15:00:00,7.018,7.065,7.003,7.032,1592.580737
2026-07-16 16:00:00,7.036,7.064,7.021,7.055,1266.374318
2026-07-16 17:00:00,7.054,7.054,6.985,7.005,2193.335156
2026-07-16 18:00:00,7.001,7.033,7.001,7.022,805.575189
2026-07-16 19:00:00,7.021,7.028,6.998,7.002,2115.146874
2026-07-16 20:00:00,7.001,7.007,6.996,6.997,597.761803
2026-07-16 21:00:00,7.001,7.013,7.0,7.004,289.788839
2026-07-16 22:00:00,7.008,7.018,6.962,6.963,1035.31412
2026-07-16 23:00:00,6.96,6.961,6.92,6.942,3517.129895
2026-07-17 00:00:00,6.942,6.987,6.928,6.987,2503.681771
2026-07-17 01:00:00,6.987,6.998,6.913,6.916,1131.937404
2026-07-17 02:00:00,6.915,6.924,6.879,6.905,3137.800392
2026-07-17 03:00:00,6.906,6.971,6.903,6.959,3070.755992
2026-07-17 04:00:00,6.958,6.958,6.913,6.941,1370.85517
2026-07-17 05:00:00,6.937,6.937,6.857,6.865,5335.624326
2026-07-17 06:00:00,6.873,6.912,6.861,6.902,2017.292558
2026-07-17 07:00:00,6.897,6.911,6.894,6.903,795.97787
2026-07-17 08:00:00,6.893,6.921,6.878,6.917,1831.664876
2026-07-17 09:00:00,6.912,6.965,6.908,6.938,4258.371513
2026-07-17 10:00:00,6.939,6.968,6.939,6.95,2628.55313
2026-07-17 11:00:00,6.95,6.955,6.932,6.949,967.074946
2026-07-17 12:00:00,6.947,6.959,6.94,6.956,1154.390903
2026-07-17 13:00:00,6.955,6.969,6.864,6.964,6081.748258
2026-07-17 14:00:00,6.967,6.999,6.954,6.971,10099.696989
2026-07-17 15:00:00,6.967,7.035,6.944,7.035,7541.266669
2026-07-17 16:00:00,7.04,7.103,7.017,7.066,7438.549828
2026-07-17 17:00:00,7.067,7.101,7.035,7.042,2285.516685
2026-07-17 18:00:00,7.045,7.047,7.007,7.03,2888.562999
2026-07-17 19:00:00,7.028,7.04,7.001,7.021,1200.851103
2026-07-17 20:00:00,7.018,7.033,7.013,7.023,849.776693
2026-07-17 21:00:00,7.03,7.041,7.023,7.026,458.677694
2026-07-17 22:00:00,7.028,7.043,7.027,7.04,708.751293
2026-07-17 23:00:00,7.037,7.048,7.023,7.043,714.108975
2026-07-18 00:00:00,7.048,7.065,7.018,7.021,4121.095238
2026-07-18 01:00:00,7.022,7.036,7.021,7.029,1070.809158
2026-07-18 02:00:00,7.036,7.038,7.018,7.018,1064.323726
2026-07-18 03:00:00,7.022,7.076,7.021,7.075,4253.14975
2026-07-18 04:00:00,7.075,7.086,7.045,7.046,1790.333893
2026-07-18 05:00:00,7.042,7.065,7.028,7.029,1618.952365
2026-07-18 06:00:00,7.034,7.05,7.027,7.048,618.04061
2026-07-18 07:00:00,7.051,7.071,7.03,7.067,6933.271846
2026-07-18 08:00:00,7.066,7.075,7.045,7.069,4014.882739
2026-07-18 09:00:00,7.072,7.075,7.008,7.01,2879.415114
2026-07-18 10:00:00,7.013,7.037,7.012,7.03,1504.711597
2026-07-18 11:00:00,7.03,7.035,7.015,7.015,1395.09149
2026-07-18 12:00:00,7.014,7.036,7.002,7.028,2445.576234
2026-07-18 13:00:00,7.027,7.027,7.001,7.024,1416.119514
2026-07-18 14:00:00,7.026,7.074,7.026,7.056,1567.956354
2026-07-18 15:00:00,7.052,7.054,7.005,7.005,1766.318272
2026-07-18 16:00:00,7.001,7.015,6.962,7.0,9082.099278
2026-07-18 17:00:00,7.002,7.014,6.988,7.014,1733.888467
2026-07-18 18:00:00,7.014,7.033,6.979,6.994,3193.40848
2026-07-18 19:00:00,6.995,6.996,6.974,6.982,405.686257
2026-07-18 20:00:00,6.979,6.997,6.968,6.981,257.623549
2026-07-18 21:00:00,6.989,7.003,6.989,6.999,1382.306118
2026-07-18 22:00:00,6.995,7.008,6.995,7.0,1175.18149
2026-07-18 23:00:00,7.005,7.016,6.999,7.014,407.031721
2026-07-19 00:00:00,7.02,7.026,7.005,7.026,1843.605236
2026-07-19 01:00:00,7.027,7.03,7.014,7.02,622.380804
2026-07-19 02:00:00,7.019,7.048,7.015,7.034,1478.565165
2026-07-19 03:00:00,7.033,7.038,7.016,7.016,1918.069181
2026-07-19 04:00:00,7.02,7.02,6.995,6.995,887.681667
2026-07-19 05:00:00,6.997,7.019,6.997,7.004,1103.836705
2026-07-19 06:00:00,7.002,7.013,6.98,6.987,2495.575553
2026-07-19 07:00:00,6.985,6.985,6.951,6.973,4994.662001
2026-07-19 08:00:00,6.972,6.987,6.96,6.986,2283.308032
2026-07-19 09:00:00,6.98,6.981,6.964,6.975,744.402718
2026-07-19 10:00:00,6.971,6.991,6.966,6.967,2518.045051
2026-07-19 11:00:00,6.963,6.963,6.923,6.923,6614.88617
2026-07-19 12:00:00,6.927,6.945,6.92,6.945,4514.403321
2026-07-19 13:00:00,6.945,6.945,6.92,6.92,3376.279927
2026-07-19 14:00:00,6.918,6.943,6.91,6.937,3602.696008
2026-07-19 15:00:00,6.936,6.936,6.919,6.919,846.377062
2026-07-19 16:00:00,6.919,6.919,6.874,6.876,13724.152963
2026-07-19 17:00:00,6.875,6.917,6.82,6.917,19023.993954
2026-07-19 18:00:00,6.918,6.943,6.879,6.942,2996.88649
2026-07-19 19:00:00,6.941,6.969,6.934,6.968,806.110012
2026-07-19 20:00:00,6.969,6.996,6.947,6.992,1614.030472
2026-07-19 21:00:00,6.996,7.024,6.928,6.929,6822.629385
2026-07-19 22:00:00,6.932,6.971,6.932,6.954,2931.004082
2026-07-19 23:00:00,6.952,6.964,6.939,6.958,5121.478253
2026-07-20 00:00:00,6.959,6.983,6.872,6.874,8350.247731
2026-07-20 01:00:00,6.878,6.927,6.872,6.887,3838.724706
2026-07-20 02:00:00,6.89,6.927,6.863,6.866,4480.432341
2026-07-20 03:00:00,6.868,6.931,6.867,6.922,2977.967403
2026-07-20 04:00:00,6.927,6.927,6.873,6.873,1804.101001
2026-07-20 05:00:00,6.874,6.885,6.824,6.85,12875.978782
2026-07-20 06:00:00,6.851,6.854,6.772,6.793,20672.72157
2026-07-20 07:00:00,6.794,6.806,6.754,6.803,9795.743131
2026-07-20 08:00:00,6.802,6.803,6.729,6.746,9211.375722
2026-07-20 09:00:00,6.746,6.818,6.729,6.818,7890.972871
2026-07-20 10:00:00,6.819,6.819,6.788,6.797,4786.20515
2026-07-20 11:00:00,6.798,6.865,6.786,6.84,10823.082273
2026-07-20 12:00:00,6.84,6.845,6.804,6.822,2419.602566
2026-07-20 13:00:00,6.826,6.855,6.814,6.823,10616.961755
2026-07-20 14:00:00,6.83,6.84,6.78,6.826,7421.687406
2026-07-20 15:00:00,6.834,6.944,6.833,6.944,14723.342038
2026-07-20 16:00:00,6.945,6.965,6.885,6.91,10385.727359
2026-07-20 17:00:00,6.917,6.945,6.899,6.945,3248.204862
2026-07-20 18:00:00,6.949,7.0,6.949,6.99,4927.125397
2026-07-20 19:00:00,7.0,7.042,6.948,6.964,8594.258787
2026-07-20 20:00:00,6.963,6.981,6.937,6.944,4120.121356
2026-07-20 21:00:00,6.943,6.96,6.92,6.92,1555.884493
2026-07-20 22:00:00,6.92,6.92,6.898,6.908,916.364789
2026-07-20 23:00:00,6.914,6.922,6.905,6.918,2137.594856
2026-07-21 00:00:00,6.928,6.947,6.897,6.934,4608.003453
2026-07-21 01:00:00,6.939,6.949,6.899,6.899,2726.236437
2026-07-21 02:00:00,6.899,6.927,6.885,6.91,5430.394395
2026-07-21 03:00:00,6.911,6.975,6.911,6.975,2729.944566
2026-07-21 04:00:00,6.977,7.003,6.95,6.973,4147.449249
2026-07-21 05:00:00,6.975,7.0,6.963,6.984,2900.470384
2026-07-21 06:00:00,6.984,6.992,6.969,6.988,10744.885575
2026-07-21 07:00:00,6.985,7.033,6.984,7.033,6420.938592
2026-07-21 08:00:00,7.032,7.055,7.02,7.039,10444.535806
2026-07-21 09:00:00,7.034,7.1,7.026,7.065,11494.317743
2026-07-21 10:00:00,7.07,7.094,7.043,7.059,13126.047834
2026-07-21 11:00:00,7.057,7.076,7.04,7.063,6976.974919
2026-07-21 12:00:00,7.061,7.074,7.053,7.059,2634.802735
2026-07-21 13:00:00,7.057,7.065,7.036,7.044,3533.18699
2026-07-21 14:00:00,7.044,7.046,6.994,7.003,2635.976761
2026-07-21 15:00:00,7.0,7.045,6.987,6.997,4656.320866
2026-07-21 16:00:00,6.997,7.018,6.991,7.018,2279.029063
2026-07-21 17:00:00,7.018,7.019,6.964,6.977,12447.013854
2026-07-21 18:00:00,6.971,7.026,6.968,7.026,1944.59844
2026-07-21 19:00:00,7.027,7.035,7.007,7.015,5375.359467
2026-07-21 20:00:00,7.016,7.022,6.992,6.996,3376.650465
2026-07-21 21:00:00,6.995,7.013,6.988,7.007,1809.324906
2026-07-21 22:00:00,6.999,6.999,6.979,6.992,2349.899769
2026-07-21 23:00:00,6.982,6.998,6.977,6.996,2271.225146
2026-07-22 00:00:00,6.999,7.036,6.993,7.029,8366.711362
2026-07-22 01:00:00,7.027,7.029,6.996,7.024,3769.411765
2026-07-22 02:00:00,7.013,7.035,7.007,7.02,3081.377948
2026-07-22 03:00:00,7.018,7.022,6.979,6.984,1387.622349
2026-07-22 04:00:00,6.983,7.009,6.98,7.002,768.534794
2026-07-22 05:00:00,7.005,7.007,6.951,6.959,1401.232585
2026-07-22 06:00:00,6.952,6.952,6.921,6.931,6852.456195
2026-07-22 07:00:00,6.931,6.942,6.925,6.937,1261.641905
2026-07-22 08:00:00,6.938,6.983,6.936,6.964,4190.091142
2026-07-22 09:00:00,6.968,6.972,6.945,6.958,2508.519775
2026-07-22 10:00:00,6.957,6.971,6.952,6.966,866.700085
2026-07-22 11:00:00,6.967,6.97,6.945,6.95,1239.426006
2026-07-22 12:00:00,6.947,6.95,6.923,6.934,1277.885851
2026-07-22 13:00:00,6.934,6.977,6.931,6.97,3757.523608
2026-07-22 14:00:00,6.972,7.012,6.96,6.982,1666.284713
2026-07-22 15:00:00,6.986,7.02,6.986,7.013,2017.46812
2026-07-22 16:00:00,7.018,7.043,6.994,7.027,2195.759324
2026-07-22 17:00:00,7.025,7.028,6.998,6.998,367.288483
2026-07-22 18:00:00,6.999,7.003,6.968,6.98,2072.148226
2026-07-22 19:00:00,6.978,6.98,6.94,6.941,3229.289607
2026-07-22 20:00:00,6.939,6.957,6.937,6.949,1156.563748
2026-07-22 21:00:00,6.95,6.956,6.941,6.948,335.998021
2026-07-22 22:00:00,6.949,6.956,6.925,6.936,2680.903135
2026-07-22 23:00:00,6.925,6.949,6.901,6.948,1648.2031
2026-07-23 00:00:00,6.95,6.966,6.93,6.951,1674.395688
2026-07-23 01:00:00,6.948,6.956,6.936,6.936,1728.140371
2026-07-23 02:00:00,6.936,6.94,6.918,6.923,504.01045
2026-07-23 03:00:00,6.918,6.921,6.904,6.921,1711.758294
2026-07-23 04:00:00,6.92,6.93,6.912,6.922,2037.714136
2026-07-23 05:00:00,6.927,6.943,6.918,6.928,957.579972
2026-07-23 06:00:00,6.925,6.95,6.925,6.949,427.097408
2026-07-23 07:00:00,6.945,6.945,6.912,6.912,1096.719705
2026-07-23 08:00:00,6.915,6.938,6.912,6.937,399.696765
2026-07-23 09:00:00,6.935,6.95,6.933,6.942,4431.312877
2026-07-23 10:00:00,6.945,6.959,6.942,6.952,738.965066
2026-07-23 11:00:00,6.95,6.997,6.949,6.975,11220.745593
2026-07-23 12:00:00,6.967,6.995,6.945,6.966,7789.297397
2026-07-23 13:00:00,6.962,6.964,6.928,6.93,2763.676648
2026-07-23 14:00:00,6.929,6.942,6.863,6.872,6725.593809
2026-07-23 15:00:00,6.875,6.875,6.799,6.855,21145.28633
2026-07-23 16:00:00,6.854,6.869,6.832,6.861,4878.924782
2026-07-23 17:00:00,6.857,6.859,6.81,6.818,1536.827614
2026-07-23 18:00:00,6.817,6.844,6.808,6.831,1421.314781
2026-07-23 19:00:00,6.83,6.844,6.81,6.835,3827.437229
2026-07-23 20:00:00,6.832,6.874,6.829,6.858,830.885038
2026-07-23 21:00:00,6.861,6.881,6.859,6.863,1212.910499
2026-07-23 22:00:00,6.855,6.86,6.82,6.84,7188.92134
2026-07-23 23:00:00,6.84,6.848,6.825,6.837,3291.488199
2026-07-24 00:00:00,6.836,6.84,6.797,6.84,4824.312418
2026-07-24 01:00:00,6.843,6.853,6.798,6.798,5709.033958
2026-07-24 02:00:00,6.798,6.804,6.654,6.717,22042.600368
2026-07-24 03:00:00,6.717,6.767,6.685,6.759,7351.196777
2026-07-24 04:00:00,6.758,6.761,6.747,6.751,6470.244676
2026-07-24 05:00:00,6.754,6.758,6.742,6.743,2564.843021
2026-07-24 06:00:00,6.741,6.764,6.73,6.757,3301.740667
2026-07-24 07:00:00,6.757,6.788,6.752,6.773,37387.273681
2026-07-24 08:00:00,6.777,6.786,6.767,6.786,2587.285577
2026-07-24 09:00:00,6.784,6.786,6.768,6.779,1904.982001
2026-07-24 10:00:00,6.781,6.783,6.711,6.719,4543.002914
2026-07-24 11:00:00,6.72,6.73,6.7,6.716,5512.477085
2026-07-24 12:00:00,6.714,6.738,6.69,6.69,4575.837395
2026-07-24 13:00:00,6.689,6.689,6.608,6.643,27005.15081
2026-07-24 14:00:00,6.645,6.659,6.621,6.659,3809.542317
2026-07-24 15:00:00,6.658,6.673,6.638,6.667,6097.68904
2026-07-24 16:00:00,6.668,6.668,6.612,6.623,7110.450737
2026-07-24 17:00:00,6.623,6.655,6.614,6.654,8208.090906
2026-07-24 18:00:00,6.656,6.658,6.619,6.628,2267.523453
2026-07-24 19:00:00,6.63,6.631,6.612,6.623,2516.367081
2026-07-24 20:00:00,6.624,6.63,6.568,6.582,11685.849269
2026-07-24 21:00:00,6.583,6.584,6.505,6.518,26499.295582
2026-07-24 22:00:00,6.519,6.558,6.518,6.55,8066.509738
2026-07-24 23:00:00,6.55,6.564,6.543,6.564,2583.286288
2026-07-25 00:00:00,6.564,6.584,6.552,6.581,9698.312759
2026-07-25 01:00:00,6.584,6.591,6.554,6.554,6096.024215
2026-07-25 02:00:00,6.562,6.568,6.542,6.565,3468.055902
2026-07-25 03:00:00,6.566,6.608,6.566,6.608,2911.220301
2026-07-25 04:00:00,6.604,6.63,6.599,6.605,5899.20051
2026-07-25 05:00:00,6.607,6.609,6.586,6.6,4133.86776
2026-07-25 06:00:00,6.6,6.629,6.587,6.61,7731.991568
2026-07-25 07:00:00,6.615,6.628,6.591,6.601,3649.010739
2026-07-25 08:00:00,6.602,6.624,6.586,6.598,6277.61941
2026-07-25 09:00:00,6.601,6.604,6.58,6.58,1521.541997
2026-07-25 10:00:00,6.581,6.59,6.573,6.589,1251.505391
2026-07-25 11:00:00,6.589,6.595,6.579,6.584,3936.245779
2026-07-25 12:00:00,6.586,6.598,6.585,6.589,2698.444958
2026-07-25 13:00:00,6.589,6.624,6.586,6.606,4141.021091
2026-07-25 14:00:00,6.606,6.616,6.602,6.612,2358.388734
2026-07-25 15:00:00,6.611,6.638,6.61,6.633,2832.247543
2026-07-25 16:00:00,6.633,6.712,6.631,6.711,6865.984695
2026-07-25 17:00:00,6.71,6.732,6.7,6.717,3203.604323
2026-07-25 18:00:00,6.713,6.73,6.691,6.696,3189.422693
2026-07-25 19:00:00,6.699,6.712,6.692,6.698,6556.648544
2026-07-25 20:00:00,6.698,6.705,6.688,6.705,1240.902225
2026-07-25 21:00:00,6.707,6.716,6.695,6.699,2872.120034
2026-07-25 22:00:00,6.698,6.726,6.698,6.719,1992.654575
2026-07-25 23:00:00,6.715,6.715,6.702,6.709,1073.296231
2026-07-26 00:00:00,6.71,6.746,6.708,6.73,10031.521473
2026-07-26 01:00:00,6.726,6.77,6.718,6.768,6186.572601
2026-07-26 02:00:00,6.772,6.893,6.772,6.872,32696.664043
2026-07-26 03:00:00,6.873,6.911,6.856,6.904,14099.404059
2026-07-26 04:00:00,6.905,6.912,6.844,6.861,14703.041779
2026-07-26 05:00:00,6.861,6.945,6.855,6.942,7695.971242
2026-07-26 06:00:00,6.937,6.942,6.868,6.928,30470.357154
2026-07-26 07:00:00,6.928,7.037,6.928,7.029,23794.560426
2026-07-26 08:00:00,7.032,7.079,6.989,7.01,15771.288435
2026-07-26 09:00:00,7.011,7.029,6.956,6.956,8122.761316
2026-07-26 10:00:00,6.956,6.988,6.935,6.954,6479.272895
2026-07-26 11:00:00,6.951,6.999,6.945,6.997,4432.133033
2026-07-26 12:00:00,6.996,7.016,6.979,6.991,4865.673105
2026-07-26 13:00:00,6.986,6.988,6.898,6.924,11328.134014
2026-07-26 14:00:00,6.925,6.948,6.908,6.923,4835.079547
2026-07-26 15:00:00,6.924,6.973,6.92,6.971,3520.042912
2026-07-26 16:00:00,6.973,7.195,6.973,7.176,35761.454567
2026-07-26 17:00:00,7.185,7.196,7.038,7.151,33282.005266
2026-07-26 18:00:00,7.15,7.185,7.122,7.135,17354.608337
2026-07-26 19:00:00,7.13,7.149,7.054,7.075,16714.854061
2026-07-26 20:00:00,7.076,7.084,7.052,7.059,4586.209918
2026-07-26 21:00:00,7.057,7.078,7.051,7.077,8238.790915
2026-07-26 22:00:00,7.073,7.133,7.073,7.121,9841.289384
2026-07-26 23:00:00,7.125,7.133,7.079,7.103,5462.402118
2026-07-27 00:00:00,7.105,7.122,7.071,7.075,12980.112111
2026-07-27 01:00:00,7.075,7.081,7.028,7.064,14286.29586
2026-07-27 02:00:00,7.065,7.072,7.011,7.031,10552.512226
2026-07-27 03:00:00,7.035,7.036,7.011,7.024,6430.795125
2026-07-27 04:00:00,7.022,7.046,7.017,7.022,3726.059924
2026-07-27 05:00:00,7.02,7.047,7.018,7.039,2780.062874
2026-07-27 06:00:00,7.03,7.064,7.029,7.029,3632.110136
2026-07-27 07:00:00,7.028,7.041,7.001,7.002,3783.127767
2026-07-27 08:00:00,7.0,7.011,6.984,6.998,4607.222163
2026-07-27 09:00:00,6.995,7.021,6.98,7.021,6321.335194
2026-07-27 10:00:00,7.018,7.038,7.012,7.024,1388.090818
2026-07-27 11:00:00,7.021,7.027,7.011,7.016,3685.429936
2026-07-27 12:00:00,7.015,7.019,6.949,6.983,8369.236981
2026-07-27 13:00:00,6.975,7.043,6.952,7.02,21401.741063
2026-07-27 14:00:00,7.015,7.024,6.869,6.935,12268.719625
2026-07-27 15:00:00,6.929,6.942,6.892,6.906,4355.352933
2026-07-27 16:00:00,6.904,6.972,6.892,6.956,15326.449089
2026-07-27 17:00:00,6.952,6.96,6.935,6.943,3870.376213
2026-07-27 18:00:00,6.942,6.946,6.912,6.932,2731.405881
2026-07-27 19:00:00,6.932,6.953,6.922,6.938,570.504569
2026-07-27 20:00:00,6.937,6.947,6.93,6.937,935.532108
2026-07-27 21:00:00,6.934,6.959,6.926,6.946,5782.617508
2026-07-27 22:00:00,6.946,6.946,6.781,6.798,29446.231562
2026-07-27 23:00:00,6.789,6.825,6.742,6.791,9643.010875
2026-07-28 00:00:00,6.792,6.808,6.734,6.735,12970.7548
2026-07-28 01:00:00,6.737,6.769,6.685,6.746,14862.719686
2026-07-28 02:00:00,6.744,6.778,6.74,6.776,2902.139103
2026-07-28 03:00:00,6.778,6.798,6.761,6.789,4102.322494
2026-07-28 04:00:00,6.787,6.795,6.752,6.765,1120.487948
2026-07-28 05:00:00,6.763,6.779,6.74,6.74,575.652657
2026-07-28 06:00:00,6.739,6.758,6.731,6.75,1369.270097
2026-07-28 07:00:00,6.747,6.763,6.71,6.734,12136.924217
2026-07-28 08:00:00,6.735,6.748,6.727,6.739,5547.185374
2026-07-28 09:00:00,6.734,6.738,6.706,6.717,2234.933569
2026-07-28 10:00:00,6.715,6.74,6.715,6.723,2157.725533
2026-07-28 11:00:00,6.722,6.735,6.704,6.713,2114.4863
2026-07-28 12:00:00,6.71,6.757,6.702,6.755,15163.508305
2026-07-28 13:00:00,6.756,6.756,6.644,6.688,11190.528732
2026-07-28 14:00:00,6.683,6.743,6.667,6.734,2624.964098
2026-07-28 15:00:00,6.732,6.784,6.714,6.776,12658.065971
2026-07-28 16:00:00,6.78,6.798,6.762,6.784,7640.137527
2026-07-28 17:00:00,6.783,6.783,6.708,6.726,9831.089645
2026-07-28 18:00:00,6.732,6.745,6.715,6.719,3245.766345
2026-07-28 19:00:00,6.72,6.747,6.712,6.741,1224.065943
2026-07-28 20:00:00,6.741,6.779,6.735,6.773,985.145374
2026-07-28 21:00:00,6.775,6.777,6.75,6.768,1222.730805
2026-07-28 22:00:00,6.77,6.773,6.716,6.724,2055.813224
2026-07-28 23:00:00,6.723,6.756,6.715,6.756,2919.513119
2026-07-29 00:00:00,6.757,6.775,6.723,6.723,8295.60731
2026-07-29 01:00:00,6.721,6.727,6.678,6.682,6010.811321
2026-07-29 02:00:00,6.683,6.717,6.656,6.69,3570.330531
2026-07-29 03:00:00,6.692,6.704,6.663,6.663,6337.408436
2026-07-29 04:00:00,6.663,6.68,6.628,6.68,8012.84828
2026-07-29 05:00:00,6.68,6.704,6.666,6.698,5006.258707
2026-07-29 06:00:00,6.697,6.724,6.677,6.724,4733.950442
2026-07-29 07:00:00,6.725,6.728,6.693,6.716,2219.699012
2026-07-29 08:00:00,6.715,6.717,6.677,6.689,4970.591993
2026-07-29 09:00:00,6.689,6.724,6.686,6.718,1135.976209
2026-07-29 10:00:00,6.721,6.726,6.689,6.692,8469.286251
2026-07-29 11:00:00,6.705,6.725,6.702,6.702,1632.975167
2026-07-29 12:00:00,6.701,6.717,6.695,6.698,1731.623853
2026-07-29 13:00:00,6.697,6.714,6.677,6.709,3881.624312
2026-07-29 14:00:00,6.713,6.716,6.656,6.656,2781.385866
2026-07-29 15:00:00,6.652,6.667,6.641,6.654,4387.62323
2026-07-29 16:00:00,6.653,6.683,6.639,6.639,4348.88547
2026-07-29 17:00:00,6.639,6.701,6.639,6.698,1636.507565
2026-07-29 18:00:00,6.704,6.759,6.677,6.741,7069.264279
2026-07-29 19:00:00,6.74,6.746,6.643,6.655,2935.431266
2026-07-29 20:00:00,6.652,6.665,6.588,6.608,15421.883475
2026-07-29 21:00:00,6.606,6.658,6.587,6.658,6516.340143
2026-07-29 22:00:00,6.66,6.681,6.66,6.677,2009.797372
2026-07-29 23:00:00,6.674,6.691,6.664,6.686,2454.940943
2026-07-30 00:00:00,6.688,6.739,6.675,6.683,8261.435582
2026-07-30 01:00:00,6.684,6.767,6.684,6.755,3472.09051
2026-07-30 02:00:00,6.752,6.77,6.74,6.762,2027.649249
2026-07-30 03:00:00,6.764,6.773,6.742,6.751,2148.316316
2026-07-30 04:00:00,6.745,6.745,6.723,6.727,1212.001238
2026-07-30 05:00:00,6.73,6.751,6.721,6.748,394.555952
2026-07-30 06:00:00,6.748,6.773,6.742,6.755,2193.40026
2026-07-30 07:00:00,6.758,6.77,6.743,6.743,872.479135
2026-07-30 08:00:00,6.748,6.806,6.747,6.793,2139.602138
2026-07-30 09:00:00,6.79,6.807,6.78,6.796,7355.373473
2026-07-30 10:00:00,6.796,6.814,6.767,6.768,5366.16155
2026-07-30 11:00:00,6.771,6.81,6.767,6.798,7576.304791
2026-07-30 12:00:00,6.806,6.819,6.782,6.796,4052.957714
2026-07-30 13:00:00,6.792,6.813,6.769,6.807,16102.122147
2026-07-30 14:00:00,6.809,6.809,6.77,6.785,5828.732035
2026-07-30 15:00:00,6.784,6.791,6.757,6.778,1762.257496
2026-07-30 16:00:00,6.777,6.795,6.769,6.775,3728.192977
2026-07-30 17:00:00,6.775,6.815,6.767,6.787,29681.487542
2026-07-30 18:00:00,6.789,6.796,6.771,6.781,1238.216737
2026-07-30 19:00:00,6.781,6.804,6.781,6.801,784.646553
2026-07-30 20:00:00,6.796,6.809,6.78,6.781,3288.472686
2026-07-30 21:00:00,6.775,6.795,6.775,6.788,1729.418508
2026-07-30 22:00:00,6.78,6.8,6.778,6.793,770.70969
2026-07-30 23:00:00,6.786,6.799,6.767,6.77,2054.238614
2026-07-31 00:00:00,6.769,6.773,6.73,6.759,3093.840106
2026-07-31 01:00:00,6.761,6.803,6.726,6.736,4378.985737
2026-07-31 02:00:00,6.734,6.734,6.669,6.679,4912.622947
2026-07-31 03:00:00,6.677,6.678,6.645,6.673,7256.137977
2026-07-31 04:00:00,6.669,6.676,6.647,6.654,1616.493796
2026-07-31 05:00:00,6.653,6.677,6.653,6.669,1702.45897
2026-07-31 06:00:00,6.671,6.695,6.66,6.681,2246.737701
2026-07-31 07:00:00,6.678,6.682,6.631,6.678,3126.507041
2026-07-31 08:00:00,6.671,6.678,6.645,6.654,1783.787264
2026-07-31 09:00:00,6.655,6.656,6.623,6.643,4555.347818
2026-07-31 10:00:00,6.642,6.664,6.625,6.658,2002.440709
2026-07-31 11:00:00,6.66,6.665,6.646,6.652,1420.961859
2026-07-31 12:00:00,6.652,6.658,6.638,6.657,2967.520174
2026-07-31 13:00:00,6.656,6.67,6.614,6.623,7185.769536
2026-07-31 14:00:00,6.622,6.637,6.562,6.63,27034.844189
2026-07-31 15:00:00,6.626,6.635,6.611,6.624,3028.742564
2026-07-31 16:00:00,6.625,6.647,6.622,6.632,2988.24549
2026-07-31 17:00:00,6.631,6.649,6.63,6.643,1855.180702
2026-07-31 18:00:00,6.646,6.649,6.626,6.636,2164.358745
2026-07-31 19:00:00,6.635,6.635,6.605,6.618,1382.850784
2026-07-31 20:00:00,6.619,6.624,6.6,6.605,1707.131902
2026-07-31 21:00:00,6.605,6.626,6.6,6.612,2897.354408
2026-07-31 22:00:00,6.612,6.616,6.59,6.597,2524.989762
2026-07-31 23:00:00,6.597,6.61,6.596,6.61,3283.553549
2026-08-01 00:00:00,6.614,6.668,6.607,6.658,5869.325609
2026-08-01 01:00:00,6.659,6.673,6.652,6.663,2452.08706
2026-08-01 02:00:00,6.669,6.719,6.669,6.717,2392.58512
2026-08-01 03:00:00,6.719,6.726,6.685,6.692,10119.952722
2026-08-01 04:00:00,6.694,6.733,6.678,6.732,7369.354309
2026-08-01 05:00:00,6.73,6.73,6.652,6.667,1796.105456
2026-08-01 06:00:00,6.667,6.677,6.646,6.669,8292.162637
2026-08-01 07:00:00,6.672,6.687,6.661,6.664,7705.945333
2026-08-01 08:00:00,6.665,6.673,6.649,6.669,1844.010749
2026-08-01 09:00:00,6.671,6.672,6.637,6.637,970.356803
2026-08-01 10:00:00,6.639,6.639,6.614,6.622,2299.852051
2026-08-01 11:00:00,6.622,6.63,6.617,6.618,1380.975372
2026-08-01 12:00:00,6.622,6.624,6.607,6.621,2650.69578
2026-08-01 13:00:00,6.616,6.631,6.612,6.625,6914.936056
2026-08-01 14:00:00,6.624,6.626,6.579,6.595,3258.178347
2026-08-01 15:00:00,6.594,6.596,6.584,6.586,3808.804291
2026-08-01 16:00:00,6.586,6.614,6.583,6.6,3388.312209
2026-08-01 17:00:00,6.602,6.608,6.555,6.569,14430.603302
2026-08-01 18:00:00,6.569,6.569,6.407,6.465,47614.771946
2026-08-01 19:00:00,6.464,6.48,6.453,6.48,6239.552346
2026-08-01 20:00:00,6.48,6.482,6.458,6.473,5717.787222
2026-08-01 21:00:00,6.472,6.51,6.465,6.51,4515.383306
2026-08-01 22:00:00,6.513,6.536,6.513,6.521,4839.708589
2026-08-01 23:00:00,6.519,6.525,6.502,6.519,2620.161529
2026-08-02 00:00:00,6.521,6.542,6.515,6.53,4289.818539
2026-08-02 01:00:00,6.532,6.586,6.532,6.578,5700.589414
2026-08-02 02:00:00,6.576,6.658,6.574,6.616,11914.602107
2026-08-02 03:00:00,6.618,6.619,6.588,6.599,11442.649545
2026-08-02 04:00:00,6.601,6.626,6.588,6.626,3491.741844
2026-08-02 05:00:00,6.624,6.678,6.601,6.66,12887.06434
2026-08-02 06:00:00,6.661,6.664,6.633,6.65,6059.101168
2026-08-02 07:00:00,6.653,6.672,6.643,6.67,2655.629661
2026-08-02 08:00:00,6.672,6.673,6.63,6.633,24178.743846
2026-08-02 09:00:00,6.633,6.656,6.618,6.648,9011.498548
2026-08-02 10:00:00,6.646,6.665,6.633,6.659,9690.645128
2026-08-02 11:00:00,6.657,6.661,6.637,6.637,3840.996391
2026-08-02 12:00:00,6.643,6.652,6.635,6.643,2528.052716
2026-08-02 13:00:00,6.642,6.674,6.628,6.635,8558.01
2026-08-02 14:00:00,6.632,6.638,6.623,6.633,1239.693291
2026-08-02 15:00:00,6.629,6.639,6.62,6.625,1250.369921
2026-08-02 16:00:00,6.626,6.626,6.603,6.613,2680.731281
2026-08-02 17:00:00,6.612,6.634,6.612,6.627,2077.74576
2026-08-02 18:00:00,6.624,6.648,6.623,6.627,2098.841438
2026-08-02 19:00:00,6.625,6.629,6.614,6.625,742.060439
2026-08-02 20:00:00,6.625,6.628,6.611,6.616,1566.237869
2026-08-02 21:00:00,6.615,6.665,6.613,6.656,3837.387185
2026-08-02 22:00:00,6.661,6.677,6.63,6.637,2354.363028
2026-08-02 23:00:00,6.633,6.635,6.624,6.632,1447.240453
2026-08-03 00:00:00,6.631,6.648,6.6,6.605,13065.511049
2026-08-03 01:00:00,6.602,6.613,6.565,6.569,9802.638699
2026-08-03 02:00:00,6.566,6.581,6.54,6.564,5496.667577
2026-08-03 03:00:00,6.567,6.573,6.55,6.565,4531.699289
2026-08-03 04:00:00,6.564,6.59,6.559,6.571,3212.747384
2026-08-03 05:00:00,6.576,6.597,6.576,6.597,5372.862895
2026-08-03 06:00:00,6.6,6.601,6.573,6.575,2546.359848
2026-08-03 07:00:00,6.572,6.584,6.556,6.556,3871.335069
2026-08-03 08:00:00,6.555,6.555,6.49,6.552,11974.403795
2026-08-03 09:00:00,6.553,6.594,6.55,6.586,2936.440134
2026-08-03 10:00:00,6.587,6.593,6.55,6.566,2299.753061
2026-08-03 11:00:00,6.57,6.575,6.554,6.562,1343.395582
2026-08-03 12:00:00,6.57,6.581,6.557,6.576,1321.5113
2026-08-03 13:00:00,6.578,6.641,6.573,6.639,9679.009313
2026-08-03 14:00:00,6.641,6.66,6.624,6.642,9767.936013
2026-08-03 15:00:00,6.643,6.643,6.612,6.624,20215.178493
2026-08-03 16:00:00,6.626,6.648,6.618,6.639,2461.253549
2026-08-03 17:00:00,6.637,6.653,6.624,6.625,3429.588896
2026-08-03 18:00:00,6.625,6.637,6.61,6.624,7595.546599
2026-08-03 19:00:00,6.622,6.648,6.622,6.624,2055.064925
2026-08-03 20:00:00,6.623,6.644,6.619,6.637,1719.754084
2026-08-03 21:00:00,6.639,6.639,6.628,6.63,1284.689644
2026-08-03 22:00:00,6.632,6.637,6.594,6.605,2566.599371
2026-08-03 23:00:00,6.594,6.601,6.583,6.599,3890.510435
2026-08-04 00:00:00,6.597,6.606,6.568,6.568,2398.856143
2026-08-04 01:00:00,6.567,6.61,6.565,6.605,4675.630189
2026-08-04 02:00:00,6.605,6.624,6.603,6.605,10112.043259
2026-08-04 03:00:00,6.61,6.619,6.588,6.614,2085.333769
2026-08-04 04:00:00,6.609,6.634,6.606,6.631,3652.158567
2026-08-04 05:00:00,6.625,6.628,6.614,6.616,1808.220877
2026-08-04 06:00:00,6.617,6.619,6.581,6.582,9014.231967
2026-08-04 07:00:00,6.579,6.613,6.566,6.611,3085.174274
2026-08-04 08:00:00,6.612,6.617,6.59,6.592,1476.285565
2026-08-04 09:00:00,6.594,6.594,6.581,6.589,984.887704
2026-08-04 10:00:00,6.587,6.612,6.576,6.603,5691.856829
2026-08-04 11:00:00,6.603,6.611,6.591,6.61,7194.914127
2026-08-04 12:00:00,6.61,6.64,6.603,6.623,682252.552772
2026-08-04 13:00:00,6.623,6.637,6.582,6.583,753878.158048
2026-08-04 14:00:00,6.582,6.6,6.558,6.592,1014243.538007
2026-08-04 15:00:00,6.597,6.605,6.566,6.586,7549.268998
2026-08-04 16:00:00,6.586,6.6,6.579,6.594,1511.315928
2026-08-04 17:00:00,6.603,6.606,6.569,6.569,2762.351224
2026-08-04 18:00:00,6.573,6.607,6.569,6.607,1730.77601
2026-08-04 19:00:00,6.607,6.644,6.607,6.624,3544.802188
2026-08-04 20:00:00,6.623,6.641,6.607,6.625,8356.814457
2026-08-04 21:00:00,6.627,6.629,6.605,6.613,7504.747705
2026-08-04 22:00:00,6.612,6.614,6.603,6.611,3670.510951
2026-08-04 23:00:00,6.607,6.619,6.581,6.583,2438.860717
2026-08-05 00:00:00,6.581,6.586,6.526,6.527,10471.18531
2026-08-05 01:00:00,6.527,6.573,6.517,6.571,8347.155831
2026-08-05 02:00:00,6.573,6.584,6.561,6.577,3887.793028
2026-08-05 03:00:00,6.579,6.585,6.529,6.529,5730.978426
2026-08-05 04:00:00,6.527,6.544,6.524,6.536,4195.986516
2026-08-05 05:00:00,6.536,6.554,6.535,6.539,3741.147957
2026-08-05 06:00:00,6.538,6.543,6.513,6.516,9078.91123
2026-08-05 07:00:00,6.513,6.513,6.466,6.498,19350.003808
2026-08-05 08:00:00,6.497,6.509,6.443,6.475,38018.014364
2026-08-05 09:00:00,6.475,6.491,6.47,6.484,11855.210752
2026-08-05 10:00:00,6.483,6.5,6.48,6.495,8749.074351
2026-08-05 11:00:00,6.495,6.507,6.489,6.49,3365.692142
2026-08-05 12:00:00,6.491,6.534,6.491,6.491,9702.750631
2026-08-05 13:00:00,6.49,6.5,6.46,6.49,10872.801809
2026-08-05 14:00:00,6.493,6.509,6.469,6.481,7860.88506
2026-08-05 15:00:00,6.481,6.494,6.433,6.443,15986.113985
2026-08-05 16:00:00,6.445,6.493,6.42,6.48,10809.012755
2026-08-05 17:00:00,6.483,6.532,6.483,6.524,12377.896162
2026-08-05 18:00:00,6.526,6.532,6.511,6.516,6674.255658
2026-08-05 19:00:00,6.52,6.528,6.513,6.523,5857.198924
2026-08-05 20:00:00,6.521,6.569,6.517,6.546,7981.540274
2026-08-05 21:00:00,6.552,6.552,6.521,6.531,1614.404501
2026-08-05 22:00:00,6.527,6.533,6.515,6.515,1941.346568
2026-08-05 23:00:00,6.513,6.527,6.503,6.527,4730.351188
2026-08-06 00:00:00,6.526,6.573,6.526,6.557,13635.804777
2026-08-06 01:00:00,6.556,6.56,6.499,6.502,6968.930117
2026-08-06 02:00:00,6.495,6.515,6.488,6.498,5788.303918
2026-08-06 03:00:00,6.5,6.506,6.49,6.499,4140.268329
2026-08-06 04:00:00,6.501,6.546,6.495,6.546,10302.786664
2026-08-06 05:00:00,6.546,6.565,6.522,6.536,5961.851614
2026-08-06 06:00:00,6.537,6.537,6.505,6.532,5038.035287
2026-08-06 07:00:00,6.529,6.533,6.512,6.515,2993.24527
2026-08-06 08:00:00,6.515,6.53,6.507,6.53,4709.518988
2026-08-06 09:00:00,6.527,6.527,6.401,6.422,28048.774666
2026-08-06 10:00:00,6.422,6.422,6.326,6.365,39536.924496
2026-08-06 11:00:00,6.369,6.398,6.315,6.394,22259.714298
2026-08-06 12:00:00,6.394,6.394,6.362,6.362,7132.81839
2026-08-06 13:00:00,6.361,6.394,6.353,6.39,4558.920438
2026-08-06 14:00:00,6.388,6.419,6.37,6.419,6572.009316
2026-08-06 15:00:00,6.419,6.429,6.406,6.415,5371.739892
2026-08-06 16:00:00,6.414,6.46,6.409,6.452,7224.922029
2026-08-06 17:00:00,6.455,6.476,6.438,6.47,8023.077631
2026-08-06 18:00:00,6.473,6.5,6.456,6.474,10452.741031
2026-08-06 19:00:00,6.478,6.501,6.469,6.493,15320.049892
2026-08-06 20:00:00,6.494,6.534,6.494,6.523,12099.173614
2026-08-06 21:00:00,6.525,6.598,6.516,6.573,15375.618115
2026-08-06 22:00:00,6.577,6.578,6.495,6.502,6545.269996
2026-08-06 23:00:00,6.502,6.504,6.474,6.502,8791.567989
2026-08-07 00:00:00,6.504,6.51,6.482,6.488,9833.788631
2026-08-07 01:00:00,6.49,6.507,6.483,6.493,4479.997954
2026-08-07 02:00:00,6.488,6.526,6.465,6.515,4106.473432
2026-08-07 03:00:00,6.508,6.519,6.484,6.485,4367.403992
2026-08-07 04:00:00,6.485,6.498,6.475,6.493,4148.887364
2026-08-07 05:00:00,6.502,6.551,6.499,6.544,14436.206099
2026-08-07 06:00:00,6.545,6.545,6.511,6.524,3810.679956
2026-08-07 07:00:00,6.511,6.534,6.508,6.531,2865.222898
2026-08-07 08:00:00,6.531,6.539,6.518,6.525,5875.507429
2026-08-07 09:00:00,6.522,6.527,6.511,6.515,9420.651048
2026-08-07 10:00:00,6.515,6.527,6.498,6.498,6042.373178
2026-08-07 11:00:00,6.497,6.528,6.496,6.511,6489.994183
2026-08-07 12:00:00,6.512,6.542,6.502,6.514,10916.241203
2026-08-07 13:00:00,6.519,6.526,6.491,6.521,9457.496685
2026-08-07 14:00:00,6.52,6.532,6.484,6.486,3349.487392
2026-08-07 15:00:00,6.486,6.504,6.483,6.496,3143.826746
2026-08-07 16:00:00,6.501,6.521,6.488,6.495,5219.394109
2026-08-07 17:00:00,6.494,6.494,6.449,6.477,7052.861494
2026-08-07 18:00:00,6.476,6.491,6.457,6.464,2280.709479
2026-08-07 19:00:00,6.464,6.496,6.461,6.496,2157.337667
2026-08-07 20:00:00,6.496,6.504,6.474,6.494,2227.671326
2026-08-07 21:00:00,6.496,6.496,6.478,6.488,1947.194676
2026-08-07 22:00:00,6.49,6.495,6.459,6.459,2103.30739
2026-08-07 23:00:00,6.459,6.487,6.459,6.485,893.6144
2026-08-08 00:00:00,6.486,6.491,6.458,6.48,762.956921
2026-08-08 01:00:00,6.482,6.511,6.481,6.506,2661.699376
2026-08-08 02:00:00,6.505,6.511,6.505,6.507,4945.491568
2026-08-08 03:00:00,6.506,6.535,6.506,6.526,1442.429783
2026-08-08 04:00:00,6.524,6.527,6.51,6.514,1174.316417
2026-08-08 05:00:00,6.519,6.528,6.517,6.517,1357.372563
2026-08-08 06:00:00,6.517,6.521,6.509,6.518,1580.47948
2026-08-08 07:00:00,6.517,6.534,6.512,6.515,3055.478091
2026-08-08 08:00:00,6.52,6.568,6.519,6.547,6999.881544
2026-08-08 09:00:00,6.546,6.554,6.52,6.528,3745.528876
2026-08-08 10:00:00,6.533,6.539,6.523,6.537,3639.225165
2026-08-08 11:00:00,6.538,6.545,6.505,6.512,4721.930051
2026-08-08 12:00:00,6.509,6.524,6.509,6.518,1110.088235
2026-08-08 13:00:00,6.516,6.519,6.505,6.516,4384.672231
2026-08-08 14:00:00,6.514,6.545,6.508,6.541,2245.058971
2026-08-08 15:00:00,6.545,6.551,6.533,6.55,1529.309496
2026-08-08 16:00:00,6.552,6.598,6.544,6.581,3739.753715
2026-08-08 17:00:00,6.579,6.586,6.567,6.57,3527.832527
2026-08-08 18:00:00,6.569,6.572,6.54,6.543,5069.275205
2026-08-08 19:00:00,6.54,6.54,6.523,6.527,899.034363
2026-08-08 20:00:00,6.526,6.547,6.513,6.534,5335.2465
2026-08-08 21:00:00,6.535,6.543,6.526,6.534,1735.459752
2026-08-08 22:00:00,6.531,6.531,6.511,6.518,2199.693792
2026-08-08 23:00:00,6.516,6.531,6.511,6.513,1124.907283
2026-08-09 00:00:00,6.513,6.524,6.51,6.52,1648.565531
2026-08-09 01:00:00,6.515,6.521,6.486,6.492,11437.167703
2026-08-09 02:00:00,6.49,6.507,6.475,6.496,6480.017514
2026-08-09 03:00:00,6.493,6.507,6.487,6.501,3479.194241
2026-08-09 04:00:00,6.5,6.512,6.497,6.499,2311.539062
2026-08-09 05:00:00,6.498,6.503,6.478,6.488,2073.25273
2026-08-09 06:00:00,6.488,6.512,6.483,6.507,1785.032146
2026-08-09 07:00:00,6.506,6.508,6.489,6.499,2923.958905
2026-08-09 08:00:00,6.5,6.512,6.484,6.494,3860.90125
2026-08-09 09:00:00,6.491,6.498,6.482,6.498,1740.281037
2026-08-09 10:00:00,6.497,6.5,6.48,6.483,1029.036693
2026-08-09 11:00:00,6.482,6.496,6.479,6.492,923.4351
2026-08-09 12:00:00,6.491,6.512,6.485,6.502,5194.784902
2026-08-09 13:00:00,6.504,6.527,6.504,6.512,7267.491278
2026-08-09 14:00:00,6.513,6.53,6.512,6.529,2359.685641
2026-08-09 15:00:00,6.528,6.538,6.521,6.529,2718.70065
2026-08-09 16:00:00,6.529,6.536,6.517,6.521,2873.751043
2026-08-09 17:00:00,6.521,6.522,6.499,6.505,3499.997095
2026-08-09 18:00:00,6.504,6.508,6.493,6.498,1089.71084
2026-08-09 19:00:00,6.498,6.5,6.486,6.497,865.061619
2026-08-09 20:00:00,6.497,6.501,6.488,6.493,1027.987315
2026-08-09 21:00:00,6.494,6.511,6.492,6.509,1549.670538
2026-08-09 22:00:00,6.509,6.537,6.465,6.475,5750.403259
2026-08-09 23:00:00,6.473,6.48,6.42,6.429,13686.190545
2026-08-10 00:00:00,6.428,6.477,6.412,6.458,7084.695052
2026-08-10 01:00:00,6.46,6.514,6.454,6.486,10415.207599
2026-08-10 02:00:00,6.489,6.523,6.453,6.516,6491.671744
2026-08-10 03:00:00,6.515,6.526,6.48,6.511,6090.226859
2026-08-10 04:00:00,6.506,6.544,6.495,6.512,7836.007678
2026-08-10 05:00:00,6.513,6.535,6.499,6.534,3103.277845
2026-08-10 06:00:00,6.535,6.546,6.51,6.536,3861.466234
2026-08-10 07:00:00,6.538,6.538,6.508,6.529,2922.025061
2026-08-10 08:00:00,6.531,6.539,6.512,6.517,2073.875223
2026-08-10 09:00:00,6.515,6.519,6.489,6.509,1811.697332
2026-08-10 10:00:00,6.5,6.512,6.493,6.507,1048.653301
2026-08-10 11:00:00,6.5,6.519,6.495,6.518,1550.161204
2026-08-10 12:00:00,6.518,6.529,6.5,6.505,5314.822008
2026-08-10 13:00:00,6.507,6.529,6.496,6.516,9618.843022
2026-08-10 14:00:00,6.518,6.522,6.49,6.492,2479.710654
2026-08-10 15:00:00,6.488,6.494,6.454,6.468,5262.79266
2026-08-10 16:00:00,6.466,6.466,6.386,6.398,17335.024105
2026-08-10 17:00:00,6.404,6.447,6.39,6.437,3984.56195
2026-08-10 18:00:00,6.435,6.442,6.415,6.415,2300.55348
2026-08-10 19:00:00,6.412,6.429,6.403,6.404,4000.80165
2026-08-10 20:00:00,6.405,6.415,6.386,6.387,2930.091059
2026-08-10 21:00:00,6.385,6.409,6.376,6.397,3367.792325
2026-08-10 22:00:00,6.394,6.413,6.382,6.398,2736.386497
2026-08-10 23:00:00,6.398,6.4,6.385,6.4,2554.340029
2026-08-11 00:00:00,6.401,6.418,6.386,6.395,3686.710236
2026-08-11 01:00:00,6.393,6.435,6.382,6.425,9746.375125
2026-08-11 02:00:00,6.422,6.442,6.403,6.424,6168.961942
2026-08-11 03:00:00,6.424,6.434,6.394,6.394,4839.665004
2026-08-11 04:00:00,6.395,6.403,6.389,6.403,2510.768857
2026-08-11 05:00:00,6.402,6.417,6.395,6.409,2024.612167
2026-08-11 06:00:00,6.41,6.423,6.401,6.418,3902.991747
2026-08-11 07:00:00,6.418,6.418,6.384,6.402,6075.443859
2026-08-11 08:00:00,6.403,6.413,6.397,6.397,2023.013676
2026-08-11 09:00:00,6.399,6.412,6.382,6.409,4412.861343
2026-08-11 10:00:00,6.402,6.408,6.385,6.394,4117.05171
2026-08-11 11:00:00,6.398,6.405,6.386,6.402,1601.377954
2026-08-11 12:00:00,6.405,6.419,6.397,6.412,13544.480586
2026-08-11 13:00:00,6.415,6.425,6.402,6.422,3254.976778
2026-08-11 14:00:00,6.422,6.445,6.345,6.362,9104.033992
2026-08-11 15:00:00,6.356,6.363,6.275,6.313,32789.396899
2026-08-11 16:00:00,6.313,6.347,6.284,6.334,7833.057623
2026-08-11 17:00:00,6.334,6.348,6.325,6.337,4558.359634
2026-08-11 18:00:00,6.334,6.338,6.314,6.33,7116.322036
2026-08-11 19:00:00,6.331,6.352,6.321,6.352,1249.65401
2026-08-11 20:00:00,6.352,6.386,6.352,6.38,3109.885203
2026-08-11 21:00:00,6.38,6.383,6.368,6.379,1308.632504
2026-08-11 22:00:00,6.386,6.406,6.386,6.394,2035.956066
2026-08-11 23:00:00,6.396,6.396,6.379,6.384,1882.65948
2026-08-12 00:00:00,6.384,6.402,6.378,6.385,3434.691249
2026-08-12 01:00:00,6.385,6.412,6.385,6.398,4052.776298
2026-08-12 02:00:00,6.405,6.406,6.372,6.379,1934.742407
2026-08-12 03:00:00,6.384,6.384,6.369,6.369,2730.990252
2026-08-12 04:00:00,6.374,6.388,6.37,6.377,1899.194967
2026-08-12 05:00:00,6.373,6.389,6.373,6.384,1056.139751
2026-08-12 06:00:00,6.384,6.384,6.348,6.352,9001.533233
2026-08-12 07:00:00,6.351,6.355,6.318,6.337,10292.013291
2026-08-12 08:00:00,6.336,6.343,6.318,6.324,3575.813993
2026-08-12 09:00:00,6.324,6.385,6.324,6.385,3128.129171
2026-08-12 10:00:00,6.386,6.423,6.386,6.423,9560.947169
2026-08-12 11:00:00,6.425,6.479,6.398,6.469,58123.18876
2026-08-12 12:00:00,6.468,6.495,6.446,6.452,15934.788106
2026-08-12 13:00:00,6.454,6.457,6.385,6.396,7932.505271
2026-08-12 14:00:00,6.394,6.404,6.337,6.34,36810.193748
2026-08-12 15:00:00,6.337,6.366,6.328,6.345,12606.207185
2026-08-12 16:00:00,6.343,6.358,6.334,6.347,9845.805748
2026-08-12 17:00:00,6.35,6.35,6.308,6.325,7653.674418
2026-08-12 18:00:00,6.325,6.332,6.31,6.317,1655.958631
2026-08-12 19:00:00,6.317,6.322,6.302,6.311,2374.617636
2026-08-12 20:00:00,6.312,6.337,6.312,6.323,3099.385978
2026-08-12 21:00:00,6.327,6.327,6.154,6.2,32146.058299
2026-08-12 22:00:00,6.203,6.235,6.128,6.233,29930.425675
2026-08-12 23:00:00,6.231,6.25,6.222,6.248,10913.136572
2026-08-13 00:00:00,6.247,6.265,6.203,6.213,17516.725732
2026-08-13 01:00:00,6.215,6.25,6.214,6.239,13425.953847
2026-08-13 02:00:00,6.241,6.272,6.23,6.269,10584.101521
2026-08-13 03:00:00,6.269,6.308,6.269,6.305,10520.215136
2026-08-13 04:00:00,6.307,6.315,6.273,6.282,4401.617017
2026-08-13 05:00:00,6.284,6.298,6.274,6.293,4914.575262
2026-08-13 06:00:00,6.29,6.305,6.287,6.303,5334.785389
2026-08-13 07:00:00,6.305,6.315,6.284,6.285,4539.772681
2026-08-13 08:00:00,6.287,6.29,6.278,6.283,2968.093554
2026-08-13 09:00:00,6.285,6.295,6.278,6.291,2697.301961
2026-08-13 10:00:00,6.292,6.298,6.265,6.273,3639.374304
2026-08-13 11:00:00,6.275,6.279,6.259,6.259,3381.859211
2026-08-13 12:00:00,6.256,6.285,6.256,6.274,7144.824239
2026-08-13 13:00:00,6.275,6.282,6.256,6.27,1950.66656
2026-08-13 14:00:00,6.267,6.296,6.26,6.294,1541.912934
2026-08-13 15:00:00,6.294,6.302,6.235,6.235,4344.261253
2026-08-13 16:00:00,6.235,6.24,6.181,6.198,13296.776329
2026-08-13 17:00:00,6.196,6.23,6.196,6.226,3129.297115
2026-08-13 18:00:00,6.226,6.234,6.2,6.218,4002.817576
2026-08-13 19:00:00,6.218,6.249,6.218,6.244,2282.792637
2026-08-13 20:00:00,6.245,6.248,6.24,6.243,1451.393404
2026-08-13 21:00:00,6.242,6.263,6.242,6.261,720.929629
2026-08-13 22:00:00,6.263,6.273,6.244,6.244,5098.758974
2026-08-13 23:00:00,6.242,6.246,6.237,6.241,922.976206
2026-08-14 00:00:00,6.243,6.256,6.236,6.241,1506.098048
2026-08-14 01:00:00,6.239,6.245,6.218,6.232,2072.669462
2026-08-14 02:00:00,6.23,6.237,6.194,6.199,1903.37984
2026-08-14 03:00:00,6.196,6.196,6.159,6.161,10692.636261
2026-08-14 04:00:00,6.164,6.198,6.158,6.185,4095.073168
2026-08-14 05:00:00,6.182,6.194,6.157,6.175,7617.770961
2026-08-14 06:00:00,6.175,6.175,6.117,6.132,10108.71012
2026-08-14 07:00:00,6.128,6.146,6.118,6.143,6255.853173
2026-08-14 08:00:00,6.145,6.156,6.129,6.155,2941.653865
2026-08-14 09:00:00,6.153,6.158,6.129,6.133,6145.523624
2026-08-14 10:00:00,6.13,6.151,6.128,6.134,2112.81009
2026-08-14 11:00:00,6.134,6.142,6.118,6.134,7740.002061
2026-08-14 12:00:00,6.136,6.142,6.126,6.129,3583.870671
2026-08-14 13:00:00,6.129,6.158,6.129,6.135,4927.152063
2026-08-14 14:00:00,6.138,6.15,6.119,6.123,3249.945232
2026-08-14 15:00:00,6.123,6.173,6.114,6.167,4726.560174
2026-08-14 16:00:00,6.168,6.187,6.157,6.18,6682.678856
2026-08-14 17:00:00,6.184,6.198,6.177,6.178,1599.394478
2026-08-14 18:00:00,6.179,6.179,6.141,6.155,1385.599697
2026-08-14 19:00:00,6.156,6.168,6.149,6.163,468.046834
2026-08-14 20:00:00,6.165,6.169,6.148,6.152,1531.801725
2026-08-14 21:00:00,6.152,6.159,6.141,6.144,1597.775616
2026-08-14 22:00:00,6.148,6.167,6.147,6.167,1971.593809
2026-08-14 23:00:00,6.169,6.221,6.169,6.215,4160.571732
2026-08-15 00:00:00,6.216,6.234,6.21,6.227,5217.330032
2026-08-15 01:00:00,6.23,6.231,6.203,6.206,1716.129876
2026-08-15 02:00:00,6.209,6.248,6.209,6.248,3880.637048
2026-08-15 03:00:00,6.248,6.253,6.232,6.247,5703.751686
2026-08-15 04:00:00,6.249,6.25,6.238,6.239,1828.389696
2026-08-15 05:00:00,6.241,6.252,6.228,6.245,5978.256386
2026-08-15 06:00:00,6.247,6.251,6.231,6.251,6082.693969
2026-08-15 07:00:00,6.251,6.252,6.231,6.235,1217.314799
2026-08-15 08:00:00,6.236,6.251,6.232,6.239,1588.174873
2026-08-15 09:00:00,6.236,6.285,6.236,6.285,7410.879725
2026-08-15 10:00:00,6.286,6.296,6.27,6.274,8317.672092
2026-08-15 11:00:00,6.272,6.276,6.263,6.27,2206.155277
2026-08-15 12:00:00,6.269,6.284,6.269,6.276,2037.337816
2026-08-15 13:00:00,6.275,6.276,6.263,6.268,2323.774332
2026-08-15 14:00:00,6.268,6.275,6.266,6.272,558.154039
2026-08-15 15:00:00,6.269,6.273,6.262,6.266,3014.641005
2026-08-15 16:00:00,6.267,6.271,6.24,6.24,9261.057124
2026-08-15 17:00:00,6.24,6.266,6.24,6.265,1105.218389
2026-08-15 18:00:00,6.265,6.265,6.252,6.259,767.995349
2026-08-15 19:00:00,6.259,6.263,6.255,6.261,455.051584
2026-08-15 20:00:00,6.262,6.263,6.256,6.258,500.527551
2026-08-15 21:00:00,6.257,6.271,6.257,6.264,2340.942372
2026-08-15 22:00:00,6.263,6.274,6.263,6.264,802.955199
2026-08-15 23:00:00,6.262,6.262,6.212,6.212,4025.354216
2026-08-16 00:00:00,6.213,6.228,6.207,6.219,5097.318527
2026-08-16 01:00:00,6.219,6.219,6.189,6.194,1289.823077
2026-08-16 02:00:00,6.192,6.192,6.175,6.18,4157.312247
2026-08-16 03:00:00,6.18,6.182,6.167,6.171,2755.095017
2026-08-16 04:00:00,6.173,6.183,6.172,6.174,1307.564736
2026-08-16 05:00:00,6.173,6.176,6.165,6.165,1083.276791
2026-08-16 06:00:00,6.168,6.175,6.16,6.167,1719.945099
2026-08-16 07:00:00,6.166,6.181,6.162,6.179,2785.536942
2026-08-16 08:00:00,6.179,6.189,6.171,6.183,2272.423053
2026-08-16 09:00:00,6.185,6.187,6.175,6.182,1078.922199
2026-08-16 10:00:00,6.183,6.183,6.171,6.177,815.277303
2026-08-16 11:00:00,6.177,6.187,6.172,6.187,1584.166016
2026-08-16 12:00:00,6.185,6.191,6.177,6.185,2105.356541
2026-08-16 13:00:00,6.189,6.194,6.183,6.194,1303.563171
2026-08-16 14:00:00,6.192,6.209,6.192,6.199,1921.752104
2026-08-16 15:00:00,6.2,6.215,6.195,6.21,1973.248094
2026-08-16 16:00:00,6.209,6.21,6.196,6.197,482.091849
2026-08-16 17:00:00,6.199,6.203,6.189,6.189,687.376055
2026-08-16 18:00:00,6.186,6.186,6.17,6.175,993.82201
2026-08-16 19:00:00,6.172,6.186,6.171,6.178,723.504421
2026-08-16 20:00:00,6.179,6.179,6.135,6.138,6868.046295
2026-08-16 21:00:00,6.138,6.138,6.031,6.058,27970.819393
2026-08-16 22:00:00,6.053,6.09,6.044,6.078,6865.508422
2026-08-16 23:00:00,6.082,6.113,6.08,6.109,2995.254713
2026-08-17 00:00:00,6.109,6.173,6.108,6.159,6801.63029
2026-08-17 01:00:00,6.158,6.228,6.157,6.202,11527.363543
2026-08-17 02:00:00,6.198,6.244,6.188,6.229,10821.189819
2026-08-17 03:00:00,6.231,6.233,6.207,6.211,6361.458211
2026-08-17 04:00:00,6.212,6.22,6.212,6.212,970.938373
2026-08-17 05:00:00,6.216,6.216,6.208,6.208,1064.711409
2026-08-17 06:00:00,6.206,6.228,6.203,6.221,360.789699
2026-08-17 07:00:00,6.222,6.222,6.197,6.198,5510.022324
2026-08-17 08:00:00,6.2,6.204,6.187,6.203,4118.621667
2026-08-17 09:00:00,6.202,6.212,6.201,6.201,3054.425554
2026-08-17 10:00:00,6.204,6.204,6.188,6.195,5135.127811
2026-08-17 11:00:00,6.196,6.205,6.195,6.196,1202.832384
2026-08-17 12:00:00,6.198,6.2,6.184,6.187,765.999409
2026-08-17 13:00:00,6.186,6.192,6.171,6.181,6261.986358
2026-08-17 14:00:00,6.181,6.187,6.169,6.185,419.823563
2026-08-17 15:00:00,6.186,6.197,6.179,6.197,2270.397285
2026-08-17 16:00:00,6.199,6.202,6.171,6.177,1999.724288
2026-08-17 17:00:00,6.171,6.199,6.17,6.186,837.422948
2026-08-17 18:00:00,6.184,6.206,6.184,6.199,2513.645521
2026-08-17 19:00:00,6.194,6.194,6.186,6.186,409.668321
2026-08-17 20:00:00,6.186,6.194,6.184,6.189,213.901619
2026-08-17 21:00:00,6.193,6.202,6.19,6.192,874.066954
2026-08-17 22:00:00,6.187,6.187,6.176,6.182,1485.674351
2026-08-17 23:00:00,6.18,6.199,6.18,6.197,1305.373101
2026-08-18 00:00:00,6.198,6.199,6.184,6.184,2666.642524
2026-08-18 01:00:00,6.183,6.188,6.131,6.145,6888.463789
2026-08-18 02:00:00,6.145,6.146,6.055,6.065,12101.485156
2026-08-18 03:00:00,6.063,6.075,6.04,6.052,18224.932933
2026-08-18 04:00:00,6.053,6.084,6.049,6.081,5073.626894
2026-08-18 05:00:00,6.081,6.082,6.058,6.058,5251.686943
2026-08-18 06:00:00,6.053,6.089,6.051,6.055,3228.912356
2026-08-18 07:00:00,6.057,6.066,6.02,6.044,7707.431485
2026-08-18 08:00:00,6.044,6.086,6.03,6.077,6005.149579
2026-08-18 09:00:00,6.079,6.087,6.058,6.07,3159.824016
2026-08-18 10:00:00,6.073,6.076,6.062,6.064,1820.795985
2026-08-18 11:00:00,6.065,6.09,6.063,6.074,2685.781446
2026-08-18 12:00:00,6.077,6.077,6.046,6.048,3164.606688
2026-08-18 13:00:00,6.045,6.062,6.04,6.043,1808.124956
2026-08-18 14:00:00,6.041,6.109,6.031,6.065,9316.941169
2026-08-18 15:00:00,6.065,6.098,6.046,6.086,2514.115282
2026-08-18 16:00:00,6.087,6.087,6.045,6.046,3613.933836
2026-08-18 17:00:00,6.046,6.091,6.038,6.078,6024.096513
2026-08-18 18:00:00,6.082,6.106,6.077,6.103,3282.788027
2026-08-18 19:00:00,6.099,6.108,6.083,6.083,2895.347053
2026-08-18 20:00:00,6.084,6.086,6.058,6.065,1763.0359
2026-08-18 21:00:00,6.064,6.076,6.064,6.066,589.644165
2026-08-18 22:00:00,6.067,6.076,6.063,6.065,840.107107
2026-08-18 23:00:00,6.064,6.087,6.063,6.084,2815.769468
2026-08-19 00:00:00,6.087,6.094,6.052,6.082,4903.8055
2026-08-19 01:00:00,6.08,6.109,6.077,6.097,4305.917617
2026-08-19 02:00:00,6.098,6.101,6.087,6.087,471.916626
2026-08-19 03:00:00,6.085,6.116,6.083,6.111,1714.392794
2026-08-19 04:00:00,6.112,6.129,6.09,6.095,2393.860337
2026-08-19 05:00:00,6.096,6.108,6.088,6.088,532.182519
2026-08-19 06:00:00,6.092,6.128,6.078,6.127,1251.435448
2026-08-19 07:00:00,6.133,6.139,6.12,6.12,1205.34164
2026-08-19 08:00:00,6.118,6.126,6.103,6.117,3362.447917
2026-08-19 09:00:00,6.119,6.119,6.096,6.1,369.712358
2026-08-19 10:00:00,6.1,6.1,6.042,6.085,27394.850901
2026-08-19 11:00:00,6.086,6.103,6.077,6.102,5527.046725
2026-08-19 12:00:00,6.103,6.128,6.097,6.122,3519.9913
2026-08-19 13:00:00,6.119,6.12,6.087,6.088,9511.304018
2026-08-19 14:00:00,6.087,6.186,6.086,6.17,8553.761176
2026-08-19 15:00:00,6.172,6.396,6.154,6.266,49997.956166
2026-08-19 16:00:00,6.272,6.342,6.27,6.293,8595.898555
2026-08-19 17:00:00,6.297,6.308,6.245,6.298,12044.572749
2026-08-19 18:00:00,6.3,6.307,6.269,6.29,2925.79893
2026-08-19 19:00:00,6.291,6.362,6.286,6.361,4218.598349
2026-08-19 20:00:00,6.363,6.517,6.355,6.48,6736.278407
2026-08-19 21:00:00,6.488,6.696,6.473,6.634,21672.974678
2026-08-19 22:00:00,6.636,6.649,6.504,6.524,22628.825392
2026-08-19 23:00:00,6.531,6.553,6.509,6.537,12515.325862
2026-08-20 00:00:00,6.538,6.65,6.531,6.604,23439.264787
2026-08-20 01:00:00,6.603,6.662,6.564,6.648,19694.286025
2026-08-20 02:00:00,6.644,6.65,6.578,6.578,11062.784049
2026-08-20 03:00:00,6.577,6.577,6.499,6.515,6411.78421
2026-08-20 04:00:00,6.516,6.572,6.513,6.572,8809.307308
2026-08-20 05:00:00,6.566,6.592,6.56,6.568,7091.277983
2026-08-20 06:00:00,6.565,6.618,6.555,6.603,6153.82969
2026-08-20 07:00:00,6.604,6.616,6.571,6.594,8034.350009
2026-08-20 08:00:00,6.6,6.767,6.594,6.74,50349.965345
2026-08-20 09:00:00,6.74,6.753,6.704,6.72,19560.651524
2026-08-20 10:00:00,6.718,6.767,6.711,6.714,8036.819309
2026-08-20 11:00:00,6.713,6.772,6.693,6.747,9684.930283
2026-08-20 12:00:00,6.743,6.769,6.685,6.749,14221.544086
2026-08-20 13:00:00,6.749,6.781,6.683,6.778,17654.352869
2026-08-20 14:00:00,6.779,6.792,6.741,6.779,12082.107046
2026-08-20 15:00:00,6.779,6.862,6.777,6.857,41308.303403
2026-08-20 16:00:00,6.856,6.926,6.823,6.922,12474.862103
2026-08-20 17:00:00,6.922,6.969,6.907,6.919,9147.562552
2026-08-20 18:00:00,6.92,6.934,6.808,6.827,17680.840627
2026-08-20 19:00:00,6.83,6.856,6.807,6.813,5753.174143
2026-08-20 20:00:00,6.817,6.882,6.814,6.882,3382.627474
2026-08-20 21:00:00,6.882,6.923,6.871,6.901,6413.962392
2026-08-20 22:00:00,6.902,6.913,6.876,6.906,2405.403065
2026-08-20 23:00:00,6.907,6.986,6.906,6.956,9356.096096
2026-08-21 00:00:00,6.959,6.999,6.94,6.955,9333.13523
2026-08-21 01:00:00,6.952,7.046,6.935,7.03,25984.714816
2026-08-21 02:00:00,7.033,7.103,7.005,7.033,17349.564945
2026-08-21 03:00:00,7.037,7.082,7.02,7.042,3851.124377
2026-08-21 04:00:00,7.038,7.078,7.036,7.062,22159.159897
2026-08-21 05:00:00,7.06,7.101,7.029,7.101,7616.394345
2026-08-21 06:00:00,7.101,7.137,7.059,7.094,18877.251537
2026-08-21 07:00:00,7.092,7.313,7.086,7.277,24198.207521
2026-08-21 08:00:00,7.283,7.515,7.25,7.513,25560.632318
2026-08-21 09:00:00,7.513,7.52,7.245,7.45,43745.235355
2026-08-21 10:00:00,7.451,7.484,7.358,7.439,17753.426403
2026-08-21 11:00:00,7.438,7.453,7.264,7.304,75115.741348
2026-08-21 12:00:00,7.305,7.423,7.283,7.39,23227.046873
2026-08-21 13:00:00,7.392,7.466,7.335,7.423,25859.990772
2026-08-21 14:00:00,7.427,7.483,7.38,7.468,7795.013762
2026-08-21 15:00:00,7.469,7.499,7.432,7.474,20707.682826
2026-08-21 16:00:00,7.485,7.517,7.444,7.512,14319.352924
2026-08-21 17:00:00,7.51,7.534,7.415,7.52,17373.817082
2026-08-21 18:00:00,7.52,7.647,7.496,7.55,40894.692575
2026-08-21 19:00:00,7.55,7.66,7.483,7.563,14603.746342
2026-08-21 20:00:00,7.562,7.712,7.534,7.679,21748.63999
2026-08-21 21:00:00,7.679,7.992,7.668,7.99,48526.957421
2026-08-21 22:00:00,7.992,8.064,7.912,8.041,39051.11231
2026-08-21 23:00:00,8.045,8.366,8.032,8.351,64770.121459
2026-08-22 00:00:00,8.358,8.771,8.327,8.769,133645.439718
2026-08-22 01:00:00,8.768,8.976,8.635,8.715,97828.10069
2026-08-22 02:00:00,8.73,8.944,8.577,8.909,76277.77107
2026-08-22 03:00:00,8.91,9.094,8.788,8.857,47695.303004
2026-08-22 04:00:00,8.854,8.935,8.661,8.674,65134.561684
2026-08-22 05:00:00,8.67,8.72,7.185,8.246,216497.024709
2026-08-22 06:00:00,8.241,8.351,8.132,8.25,32668.71479
2026-08-22 07:00:00,8.259,8.293,8.184,8.229,29561.304597
2026-08-22 08:00:00,8.231,8.272,8.066,8.114,27028.833246
2026-08-22 09:00:00,8.114,8.13,7.983,8.018,30219.739269
2026-08-22 10:00:00,8.021,8.021,7.789,7.956,35484.958735
2026-08-22 11:00:00,7.955,7.975,7.861,7.935,15892.627135
2026-08-22 12:00:00,7.934,8.025,7.911,7.964,18567.570603
2026-08-22 13:00:00,7.964,7.973,7.855,7.941,22885.504152
2026-08-22 14:00:00,7.935,7.993,7.805,7.851,29897.750436
2026-08-22 15:00:00,7.848,7.919,7.762,7.807,17161.89859
2026-08-22 16:00:00,7.806,8.03,7.801,7.925,17645.53157
2026-08-22 17:00:00,7.934,7.998,7.854,7.966,9143.100629
2026-08-22 18:00:00,7.966,7.966,7.889,7.92,5067.480359
2026-08-22 19:00:00,7.93,7.986,7.914,7.944,8118.881923
2026-08-22 20:00:00,7.941,7.991,7.93,7.948,6749.802391
2026-08-22 21:00:00,7.946,7.948,7.793,7.822,15209.930481
2026-08-22 22:00:00,7.818,7.905,7.773,7.888,5657.889757
2026-08-22 23:00:00,7.889,7.91,7.862,7.9,6708.535805
2026-08-23 00:00:00,7.895,8.032,7.857,7.99,7593.505963
2026-08-23 01:00:00,7.988,7.991,7.862,7.88,18189.52298
2026-08-23 02:00:00,7.872,7.886,7.782,7.818,26361.564191
2026-08-23 03:00:00,7.823,7.851,7.681,7.711,21399.663662
2026-08-23 04:00:00,7.71,7.799,7.648,7.691,27470.422595
2026-08-23 05:00:00,7.68,7.786,7.621,7.688,30990.622734
2026-08-23 06:00:00,7.686,7.78,7.656,7.712,8058.143474
2026-08-23 07:00:00,7.707,7.783,7.703,7.753,4462.58394
2026-08-23 08:00:00,7.746,7.897,7.746,7.83,11064.899481
2026-08-23 09:00:00,7.824,7.86,7.794,7.835,10254.537636
2026-08-23 10:00:00,7.834,7.909,7.827,7.836,10871.89769
2026-08-23 11:00:00,7.835,7.908,7.823,7.885,9578.824207
2026-08-23 12:00:00,7.884,7.892,7.747,7.781,17847.058209
2026-08-23 13:00:00,7.785,7.996,7.775,7.951,31074.033296
2026-08-23 14:00:00,7.944,7.986,7.736,7.892,29938.988147
2026-08-23 15:00:00,7.897,7.968,7.837,7.915,18191.298532
2026-08-23 16:00:00,7.926,7.944,7.863,7.884,7745.953287
2026-08-23 17:00:00,7.886,7.901,7.826,7.852,5212.755487
2026-08-23 18:00:00,7.851,7.928,7.842,7.924,3284.418721
2026-08-23 19:00:00,7.92,7.924,7.868,7.895,4389.781923
2026-08-23 20:00:00,7.892,7.911,7.857,7.911,1691.158527
2026-08-23 21:00:00,7.92,8.045,7.915,8.012,41904.16828
2026-08-23 22:00:00,8.009,8.036,7.961,7.982,9716.772382
2026-08-23 23:00:00,7.984,7.992,7.913,7.955,8119.490205
2026-08-24 00:00:00,7.957,7.965,7.767,7.871,16533.847089
2026-08-24 01:00:00,7.873,7.876,7.668,7.671,14407.292651
2026-08-24 02:00:00,7.674,7.784,7.64,7.764,13445.758867
2026-08-24 03:00:00,7.753,7.775,7.692,7.697,7273.034086
2026-08-24 04:00:00,7.71,7.785,7.705,7.74,5844.43857
2026-08-24 05:00:00,7.734,7.797,7.68,7.726,4454.637884
2026-08-24 06:00:00,7.735,7.749,7.664,7.695,3199.922778
2026-08-24 07:00:00,7.69,7.769,7.687,7.72,3495.560376
2026-08-24 08:00:00,7.717,7.74,7.648,7.689,3871.839039
2026-08-24 09:00:00,7.691,7.784,7.677,7.752,17487.321963
2026-08-24 10:00:00,7.756,7.82,7.725,7.739,6801.595983
2026-08-24 11:00:00,7.738,7.887,7.683,7.844,16030.508747
2026-08-24 12:00:00,7.83,7.933,7.759,7.923,25655.831075
2026-08-24 13:00:00,7.921,7.94,7.672,7.759,62408.026404
2026-08-24 14:00:00,7.755,7.876,7.747,7.824,20394.346015
2026-08-24 15:00:00,7.826,7.923,7.72,7.758,19526.803214
2026-08-24 16:00:00,7.77,7.905,7.77,7.834,27610.286177
2026-08-24 17:00:00,7.839,7.863,7.678,7.763,34603.994847
2026-08-24 18:00:00,7.769,7.823,7.741,7.765,5092.851379
2026-08-24 19:00:00,7.769,7.774,7.702,7.74,7308.836108
2026-08-24 20:00:00,7.75,7.799,7.703,7.797,3947.441434
2026-08-24 21:00:00,7.798,7.838,7.789,7.806,8186.231559
2026-08-24 22:00:00,7.806,7.809,7.725,7.729,10092.14135
2026-08-24 23:00:00,7.732,7.759,7.694,7.758,5602.236071
2026-08-25 00:00:00,7.755,7.861,7.706,7.853,14761.312915
2026-08-25 01:00:00,7.852,7.871,7.797,7.845,7947.2035
2026-08-25 02:00:00,7.849,8.057,7.814,7.904,35664.785032
2026-08-25 03:00:00,7.904,8.034,7.879,7.959,21085.796516
2026-08-25 04:00:00,7.962,8.071,7.958,8.009,20031.373612
2026-08-25 05:00:00,7.995,8.098,7.99,8.098,16308.080211
2026-08-25 06:00:00,8.098,8.104,7.928,7.952,33733.222223
2026-08-25 07:00:00,7.945,8.05,7.786,7.869,27426.986049
2026-08-25 08:00:00,7.872,7.951,7.86,7.894,8804.349764
2026-08-25 09:00:00,7.896,7.935,7.82,7.869,6393.51454
2026-08-25 10:00:00,7.869,7.966,7.847,7.941,4003.886089
2026-08-25 11:00:00,7.939,7.969,7.913,7.919,11894.275477
2026-08-25 12:00:00,7.921,8.072,7.85,8.024,27754.134052
2026-08-25 13:00:00,8.023,8.044,7.732,7.825,35363.289554
2026-08-25 14:00:00,7.826,7.937,7.817,7.931,18384.581077
2026-08-25 15:00:00,7.934,7.953,7.855,7.922,15139.270674
2026-08-25 16:00:00,7.918,8.04,7.866,7.991,14732.590604
2026-08-25 17:00:00,7.989,7.994,7.866,7.895,5421.735284
2026-08-25 18:00:00,7.897,7.905,7.834,7.847,2017.360892
2026-08-25 19:00:00,7.844,7.847,7.746,7.763,2846.118006
2026-08-25 20:00:00,7.765,7.777,7.648,7.662,6573.615347
2026-08-25 21:00:00,7.66,7.692,7.505,7.659,21399.636098
2026-08-25 22:00:00,7.667,7.733,7.667,7.701,3723.655122
2026-08-25 23:00:00,7.704,7.721,7.639,7.674,13352.959345
2026-08-26 00:00:00,7.675,7.806,7.644,7.754,11472.298629
2026-08-26 01:00:00,7.753,7.913,7.752,7.816,15908.829562
2026-08-26 02:00:00,7.82,7.829,7.736,7.788,8472.555345
2026-08-26 03:00:00,7.785,7.815,7.758,7.777,5612.401026
2026-08-26 04:00:00,7.775,7.84,7.757,7.757,7743.53736
2026-08-26 05:00:00,7.758,7.8,7.711,7.778,30847.009817
2026-08-26 06:00:00,7.778,7.789,7.73,7.76,6672.941239
2026-08-26 07:00:00,7.755,7.782,7.734,7.737,2458.670305
2026-08-26 08:00:00,7.735,7.78,7.687,7.707,9954.057348
2026-08-26 09:00:00,7.707,7.736,7.648,7.685,7562.784004
2026-08-26 10:00:00,7.682,7.78,7.669,7.758,3788.569265
2026-08-26 11:00:00,7.759,7.779,7.702,7.708,5241.862429
2026-08-26 12:00:00,7.712,7.754,7.657,7.701,6054.242988
2026-08-26 13:00:00,7.696,7.707,7.583,7.626,18117.201122
2026-08-26 14:00:00,7.627,7.654,7.517,7.527,12711.280885
2026-08-26 15:00:00,7.523,7.586,7.486,7.548,7498.431607
2026-08-26 16:00:00,7.549,7.589,7.536,7.571,7630.226742
2026-08-26 17:00:00,7.575,7.702,7.563,7.659,2003.683029
2026-08-26 18:00:00,7.651,7.671,7.63,7.664,5033.022805
2026-08-26 19:00:00,7.661,7.713,7.654,7.662,2505.233319
2026-08-26 20:00:00,7.66,7.671,7.596,7.662,9101.530034
2026-08-26 21:00:00,7.664,7.776,7.661,7.762,3398.711189
2026-08-26 22:00:00,7.752,7.864,7.749,7.786,5974.443538
2026-08-26 23:00:00,7.78,7.906,7.767,7.886,8129.042424
2026-08-27 00:00:00,7.886,7.887,7.805,7.814,13576.665999
2026-08-27 01:00:00,7.808,7.867,7.78,7.842,20255.298418
2026-08-27 02:00:00,7.843,7.872,7.81,7.821,7158.570281
2026-08-27 03:00:00,7.824,7.857,7.791,7.817,2841.688919
2026-08-27 04:00:00,7.823,7.857,7.79,7.821,4355.599388
2026-08-27 05:00:00,7.821,7.926,7.796,7.862,5987.835054
2026-08-27 06:00:00,7.864,7.876,7.799,7.864,2047.362622
2026-08-27 07:00:00,7.862,7.881,7.835,7.86,2020.223217
2026-08-27 08:00:00,7.87,7.977,7.869,7.967,7471.924645
2026-08-27 09:00:00,7.962,7.985,7.869,7.882,9740.419024
2026-08-27 10:00:00,7.883,7.945,7.783,7.809,13986.363968
2026-08-27 11:00:00,7.81,7.836,7.788,7.836,6966.845433
2026-08-27 12:00:00,7.834,7.837,7.793,7.801,1496.850941
2026-08-27 13:00:00,7.803,7.83,7.761,7.814,3301.330155
2026-08-27 14:00:00,7.814,7.882,7.784,7.824,7959.669389
2026-08-27 15:00:00,7.83,7.892,7.818,7.882,4608.811913
2026-08-27 16:00:00,7.883,7.935,7.835,7.912,11707.038376
2026-08-27 17:00:00,7.902,7.94,7.865,7.865,5850.344304
2026-08-27 18:00:00,7.864,7.866,7.765,7.797,2378.346133
2026-08-27 19:00:00,7.802,7.816,7.779,7.795,1750.433955
2026-08-27 20:00:00,7.8,7.831,7.784,7.807,2285.344879
2026-08-27 21:00:00,7.808,7.879,7.796,7.879,2192.920253
2026-08-27 22:00:00,7.871,7.884,7.836,7.839,1565.145966
2026-08-27 23:00:00,7.845,7.86,7.827,7.848,3761.191934
2026-08-28 00:00:00,7.847,7.848,7.802,7.821,3656.431126
2026-08-28 01:00:00,7.811,7.929,7.791,7.805,10428.848574
2026-08-28 02:00:00,7.803,7.803,7.654,7.681,19085.436809
2026-08-28 03:00:00,7.679,7.733,7.654,7.7,5643.049262
2026-08-28 04:00:00,7.699,7.743,7.673,7.711,3437.527458
2026-08-28 05:00:00,7.706,7.756,7.687,7.728,2603.388795
2026-08-28 06:00:00,7.736,7.79,7.723,7.771,6018.024472
2026-08-28 07:00:00,7.765,7.765,7.701,7.718,2069.042144
2026-08-28 08:00:00,7.726,7.745,7.699,7.705,1193.328206
2026-08-28 09:00:00,7.71,7.737,7.69,7.723,1474.817847
2026-08-28 10:00:00,7.722,7.762,7.673,7.738,1151.278337
2026-08-28 11:00:00,7.739,7.739,7.693,7.708,2516.310196
2026-08-28 12:00:00,7.709,7.716,7.658,7.672,4897.741021
2026-08-28 13:00:00,7.68,7.7,7.635,7.679,10191.360853
2026-08-28 14:00:00,7.676,7.736,7.538,7.705,13513.950881
2026-08-28 15:00:00,7.713,7.733,7.555,7.555,4814.739741
2026-08-28 16:00:00,7.557,7.563,7.351,7.484,39739.018132
2026-08-28 17:00:00,7.484,7.532,7.456,7.504,7323.722656
2026-08-28 18:00:00,7.507,7.511,7.42,7.467,3350.876238
2026-08-28 19:00:00,7.477,7.51,7.468,7.495,323.939007
2026-08-28 20:00:00,7.499,7.528,7.481,7.51,1213.662189
2026-08-28 21:00:00,7.515,7.536,7.445,7.448,1295.817118
2026-08-28 22:00:00,7.449,7.522,7.447,7.517,1469.676251
2026-08-28 23:00:00,7.513,7.522,7.502,7.515,1756.666658
2026-08-29 00:00:00,7.51,7.567,7.5,7.524,15233.105579
2026-08-29 01:00:00,7.523,7.541,7.51,7.528,2910.814463
2026-08-29 02:00:00,7.525,7.527,7.467,7.496,2119.964082
2026-08-29 03:00:00,7.495,7.53,7.495,7.498,1073.150212
2026-08-29 04:00:00,7.499,7.527,7.494,7.527,1723.396408
2026-08-29 05:00:00,7.522,7.556,7.521,7.55,10842.689758
2026-08-29 06:00:00,7.552,7.556,7.484,7.493,3753.546122
2026-08-29 07:00:00,7.499,7.515,7.482,7.497,1539.244435
2026-08-29 08:00:00,7.496,7.496,7.46,7.47,582.643842
2026-08-29 09:00:00,7.476,7.488,7.469,7.478,848.931792
2026-08-29 10:00:00,7.473,7.493,7.436,7.491,4085.471746
2026-08-29 11:00:00,7.48,7.485,7.463,7.463,714.853034
2026-08-29 12:00:00,7.465,7.504,7.458,7.503,1300.30211
2026-08-29 13:00:00,7.502,7.503,7.478,7.496,344.785381
2026-08-29 14:00:00,7.506,7.581,7.506,7.553,7741.741364
2026-08-29 15:00:00,7.552,7.56,7.532,7.544,2908.733367
2026-08-29 16:00:00,7.548,7.59,7.548,7.567,1729.477289
2026-08-29 17:00:00,7.57,7.57,7.487,7.519,3284.693324
2026-08-29 18:00:00,7.527,7.559,7.518,7.538,2496.741136
2026-08-29 19:00:00,7.536,7.55,7.517,7.524,1988.039921
2026-08-29 20:00:00,7.526,7.542,7.522,7.526,587.872697
2026-08-29 21:00:00,7.524,7.537,7.515,7.523,590.034775
2026-08-29 22:00:00,7.521,7.526,7.506,7.525,645.735461
2026-08-29 23:00:00,7.528,7.54,7.518,7.524,1153.590858
2026-08-30 00:00:00,7.526,7.526,7.486,7.486,3114.691228
2026-08-30 01:00:00,7.487,7.495,7.463,7.472,2213.388559
2026-08-30 02:00:00,7.473,7.494,7.458,7.472,4948.689763
2026-08-30 03:00:00,7.471,7.481,7.45,7.453,2128.543523
2026-08-30 04:00:00,7.455,7.468,7.405,7.432,4494.110435
2026-08-30 05:00:00,7.433,7.446,7.429,7.446,1709.664624
2026-08-30 06:00:00,7.447,7.456,7.41,7.454,4160.862043
2026-08-30 07:00:00,7.458,7.459,7.39,7.407,2477.30144
2026-08-30 08:00:00,7.396,7.415,7.379,7.392,5341.308896
2026-08-30 09:00:00,7.389,7.406,7.378,7.393,4760.69401
2026-08-30 10:00:00,7.387,7.413,7.381,7.408,1732.916761
2026-08-30 11:00:00,7.407,7.43,7.401,7.411,2372.082203
2026-08-30 12:00:00,7.416,7.466,7.414,7.466,2413.571509
2026-08-30 13:00:00,7.461,7.48,7.447,7.468,3864.644275
2026-08-30 14:00:00,7.465,7.479,7.436,7.447,2646.411434
2026-08-30 15:00:00,7.449,7.455,7.416,7.431,1704.001642
2026-08-30 16:00:00,7.44,7.522,7.433,7.511,4247.768295
2026-08-30 17:00:00,7.513,7.513,7.42,7.472,2636.909815
2026-08-30 18:00:00,7.476,7.515,7.436,7.509,1373.073931
2026-08-30 19:00:00,7.505,7.508,7.424,7.441,1818.723748
2026-08-30 20:00:00,7.452,7.461,7.333,7.364,6752.272112
2026-08-30 21:00:00,7.358,7.39,7.263,7.381,25045.558905
2026-08-30 22:00:00,7.391,7.42,7.301,7.347,3900.715623
2026-08-30 23:00:00,7.333,7.333,7.08,7.188,18704.352329
2026-08-31 00:00:00,7.185,7.264,7.146,7.229,5957.81782
2026-08-31 01:00:00,7.227,7.24,7.156,7.156,2104.887179
2026-08-31 02:00:00,7.156,7.21,7.106,7.143,6368.827559
2026-08-31 03:00:00,7.145,7.217,7.137,7.185,5517.728576
2026-08-31 04:00:00,7.193,7.193,7.15,7.172,1913.172031
2026-08-31 05:00:00,7.178,7.251,7.174,7.231,4773.236765
2026-08-31 06:00:00,7.229,7.25,7.211,7.229,4521.793616
2026-08-31 07:00:00,7.224,7.26,7.221,7.238,3129.924976
2026-08-31 08:00:00,7.235,7.245,7.192,7.23,874.953305
2026-08-31 09:00:00,7.227,7.266,7.219,7.239,1643.267977
2026-08-31 10:00:00,7.24,7.292,7.229,7.272,1049.484286
2026-08-31 11:00:00,7.267,7.277,7.237,7.251,2667.786352
2026-08-31 12:00:00,7.255,7.311,7.226,7.262,2563.600707
2026-08-31 13:00:00,7.263,7.287,7.199,7.216,3925.968204
2026-08-31 14:00:00,7.208,7.299,7.196,7.294,2619.743915
2026-08-31 15:00:00,7.294,7.303,7.25,7.269,1117.557924
2026-08-31 16:00:00,7.274,7.314,7.259,7.291,1520.884326
2026-08-31 17:00:00,7.297,7.353,7.283,7.348,4892.874911
2026-08-31 18:00:00,7.348,7.372,7.295,7.306,10601.109653
2026-08-31 19:00:00,7.302,7.332,7.283,7.295,1823.696997
2026-08-31 20:00:00,7.293,7.324,7.278,7.296,497.858439
2026-08-31 21:00:00,7.299,7.332,7.285,7.314,1322.643236
2026-08-31 22:00:00,7.318,7.318,7.286,7.3,342.781432
2026-08-31 23:00:00,7.287,7.295,7.283,7.289,329.810673
2026-09-01 00:00:00,7.282,7.34,7.282,7.329,1880.446914
2026-09-01 01:00:00,7.339,7.339,7.285,7.31,4468.09383
2026-09-01 02:00:00,7.302,7.302,7.262,7.285,1190.274857
2026-09-01 03:00:00,7.285,7.333,7.283,7.308,1015.931023
2026-09-01 04:00:00,7.309,7.326,7.303,7.307,1170.731896
2026-09-01 05:00:00,7.307,7.399,7.307,7.399,3152.099139
2026-09-01 06:00:00,7.385,7.39,7.346,7.355,2025.268085
2026-09-01 07:00:00,7.361,7.382,7.345,7.355,2602.878291
2026-09-01 08:00:00,7.348,7.35,7.238,7.25,2593.381278
2026-09-01 09:00:00,7.246,7.271,7.226,7.267,3483.36209
2026-09-01 10:00:00,7.273,7.34,7.262,7.301,923.849674
2026-09-01 11:00:00,7.299,7.333,7.283,7.325,3432.298095
2026-09-01 12:00:00,7.324,7.329,7.24,7.249,4960.472949
2026-09-01 13:00:00,7.247,7.29,7.2,7.279,3958.541213
2026-09-01 14:00:00,7.286,7.334,7.28,7.294,2079.911359
2026-09-01 15:00:00,7.29,7.31,7.25,7.296,563.600689
2026-09-01 16:00:00,7.295,7.295,7.216,7.243,2349.85295
2026-09-01 17:00:00,7.24,7.316,7.238,7.269,1810.705149
2026-09-01 18:00:00,7.279,7.301,7.19,7.285,3888.421941
2026-09-01 19:00:00,7.286,7.33,7.273,7.298,1232.231287
2026-09-01 20:00:00,7.295,7.306,7.255,7.27,733.845244
2026-09-01 21:00:00,7.277,7.277,7.208,7.23,2353.932071
2026-09-01 22:00:00,7.232,7.242,7.192,7.204,907.461838
2026-09-01 23:00:00,7.2,7.267,7.195,7.244,2693.480769
2026-09-02 00:00:00,7.242,7.26,7.185,7.192,2314.502568
2026-09-02 01:00:00,7.189,7.198,7.128,7.156,5723.270229
2026-09-02 02:00:00,7.153,7.243,7.146,7.232,1969.624314
2026-09-02 03:00:00,7.237,7.295,7.237,7.256,2087.039252
2026-09-02 04:00:00,7.257,7.304,7.235,7.288,4888.570894
2026-09-02 05:00:00,7.29,7.328,7.267,7.303,4123.887
2026-09-02 06:00:00,7.303,7.307,7.258,7.288,990.658193
2026-09-02 07:00:00,7.29,7.318,7.283,7.288,808.971785
2026-09-02 08:00:00,7.285,7.291,7.234,7.246,2682.54738
2026-09-02 09:00:00,7.25,7.27,7.196,7.218,3186.45907
2026-09-02 10:00:00,7.216,7.216,7.149,7.195,5593.592271
2026-09-02 11:00:00,7.19,7.237,7.17,7.224,1261.86431
2026-09-02 12:00:00,7.227,7.25,7.206,7.209,5868.832628
2026-09-02 13:00:00,7.212,7.283,7.177,7.247,9969.376643
2026-09-02 14:00:00,7.243,7.271,7.22,7.221,2586.750342
2026-09-02 15:00:00,7.213,7.25,7.176,7.237,2571.350677
2026-09-02 16:00:00,7.246,7.262,7.205,7.205,2444.385498
2026-09-02 17:00:00,7.207,7.234,7.183,7.23,1732.046474
2026-09-02 18:00:00,7.231,7.255,7.224,7.251,2013.571548
2026-09-02 19:00:00,7.245,7.247,7.196,7.215,455.895399
2026-09-02 20:00:00,7.229,7.266,7.229,7.258,782.757649
2026-09-02 21:00:00,7.246,7.273,7.244,7.261,1525.92814
2026-09-02 22:00:00,7.248,7.253,7.218,7.246,458.786073
2026-09-02 23:00:00,7.24,7.284,7.237,7.28,2226.179992
2026-09-03 00:00:00,7.276,7.295,7.24,7.257,2052.709078
2026-09-03 01:00:00,7.256,7.365,7.243,7.303,7155.325464
2026-09-03 02:00:00,7.311,7.404,7.295,7.39,5682.165942
2026-09-03 03:00:00,7.391,7.394,7.337,7.354,5079.930925
2026-09-03 04:00:00,7.354,7.366,7.314,7.366,2485.674151
2026-09-03 05:00:00,7.367,7.376,7.282,7.355,3214.406062
2026-09-03 06:00:00,7.353,7.399,7.336,7.351,4607.369238
2026-09-03 07:00:00,7.351,7.397,7.335,7.351,12650.565718
2026-09-03 08:00:00,7.351,7.405,7.348,7.388,7695.653729
2026-09-03 09:00:00,7.388,7.403,7.356,7.36,2006.923729
2026-09-03 10:00:00,7.359,7.388,7.356,7.387,575.067554
2026-09-03 11:00:00,7.388,7.419,7.376,7.409,1974.63345
2026-09-03 12:00:00,7.409,7.458,7.398,7.448,22580.239225
2026-09-03 13:00:00,7.448,7.448,7.39,7.395,13626.305837
2026-09-03 14:00:00,7.393,7.601,7.378,7.601,42930.467838
2026-09-03 15:00:00,7.601,7.69,7.533,7.686,25789.007807
2026-09-03 16:00:00,7.688,7.695,7.598,7.64,7756.743009
2026-09-03 17:00:00,7.64,7.651,7.611,7.63,3831.091834
2026-09-03 18:00:00,7.629,7.643,7.609,7.627,1568.771308
2026-09-03 19:00:00,7.626,7.665,7.612,7.635,2726.13561
2026-09-03 20:00:00,7.635,7.635,7.605,7.63,638.913108
2026-09-03 21:00:00,7.629,7.682,7.61,7.64,2033.154061
2026-09-03 22:00:00,7.64,7.64,7.532,7.568,4329.366552
2026-09-03 23:00:00,7.568,7.599,7.561,7.59,2577.189366
2026-09-04 00:00:00,7.59,7.617,7.548,7.549,4579.469767
2026-09-04 01:00:00,7.549,7.578,7.53,7.564,2252.290667
2026-09-04 02:00:00,7.564,7.566,7.528,7.543,9373.011137
2026-09-04 03:00:00,7.543,7.559,7.512,7.527,2576.353822
2026-09-04 04:00:00,7.527,7.637,7.525,7.593,6470.85115
2026-09-04 05:00:00,7.593,7.616,7.539,7.57,11925.029356
2026-09-04 06:00:00,7.564,7.58,7.544,7.556,4164.075652
2026-09-04 07:00:00,7.563,7.635,7.562,7.578,6216.721953
2026-09-04 08:00:00,7.581,7.685,7.563,7.685,5193.07588
2026-09-04 09:00:00,7.688,7.7,7.65,7.667,2610.344736
2026-09-04 10:00:00,7.659,7.668,7.626,7.648,2928.242525
2026-09-04 11:00:00,7.647,7.677,7.64,7.649,2465.742858
2026-09-04 12:00:00,7.65,7.656,7.331,7.382,43121.265981
2026-09-04 13:00:00,7.381,7.479,7.374,7.411,10155.066872
2026-09-04 14:00:00,7.411,7.422,7.287,7.332,6741.380208
2026-09-04 15:00:00,7.331,7.386,7.317,7.367,4089.013223
2026-09-04 16:00:00,7.367,7.422,7.362,7.408,2011.983565
2026-09-04 17:00:00,7.409,7.41,7.335,7.339,1992.719141
2026-09-04 18:00:00,7.339,7.37,7.339,7.359,573.755539
2026-09-04 19:00:00,7.359,7.403,7.358,7.382,8269.70504
2026-09-04 20:00:00,7.381,7.423,7.37,7.409,3032.303127
2026-09-04 21:00:00,7.408,7.412,7.378,7.381,2735.979324
2026-09-04 22:00:00,7.379,7.393,7.359,7.361,2675.799254
2026-09-04 23:00:00,7.361,7.452,7.354,7.451,6730.521663
2026-09-05 00:00:00,7.451,7.459,7.423,7.439,1930.794372
2026-09-05 01:00:00,7.441,7.494,7.433,7.462,2087.864326
2026-09-05 02:00:00,7.462,7.594,7.441,7.59,3934.306115
2026-09-05 03:00:00,7.591,7.604,7.559,7.583,2531.458877
2026-09-05 04:00:00,7.584,7.586,7.521,7.557,3209.434661
2026-09-05 05:00:00,7.557,7.597,7.526,7.574,5043.195953
2026-09-05 06:00:00,7.573,7.723,7.565,7.716,12690.708446
2026-09-05 07:00:00,7.716,7.796,7.687,7.7,16788.837885
2026-09-05 08:00:00,7.7,7.721,7.651,7.692,13739.118087
2026-09-05 09:00:00,7.692,7.7,7.67,7.69,2224.754056
2026-09-05 10:00:00,7.69,7.693,7.66,7.663,5326.691975
2026-09-05 11:00:00,7.663,7.68,7.64,7.649,9035.802141
2026-09-05 12:00:00,7.648,7.795,7.644,7.789,11272.582659
2026-09-05 13:00:00,7.788,7.791,7.706,7.714,7115.901417
2026-09-05 14:00:00,7.711,7.748,7.692,7.724,6581.336827
2026-09-05 15:00:00,7.724,7.738,7.689,7.704,4372.45045
2026-09-05 16:00:00,7.704,7.733,7.67,7.717,7161.060206
2026-09-05 17:00:00,7.717,7.791,7.704,7.791,13314.364767
2026-09-05 18:00:00,7.791,7.795,7.738,7.748,7203.740626
2026-09-05 19:00:00,7.748,7.84,7.74,7.779,8432.328479
2026-09-05 20:00:00,7.779,7.844,7.779,7.805,4906.725762
2026-09-05 21:00:00,7.805,7.844,7.797,7.833,3598.156276
2026-09-05 22:00:00,7.831,7.842,7.776,7.784,2930.209138
2026-09-05 23:00:00,7.784,7.788,7.719,7.73,5682.747243
2026-09-06 00:00:00,7.731,7.772,7.711,7.759,7338.073172
2026-09-06 01:00:00,7.759,7.862,7.75,7.806,24229.220369
2026-09-06 02:00:00,7.807,7.829,7.771,7.771,8505.347364
2026-09-06 03:00:00,7.772,7.848,7.752,7.789,4509.21407
2026-09-06 04:00:00,7.789,7.794,7.728,7.749,9034.557932
2026-09-06 05:00:00,7.75,7.862,7.738,7.811,42520.501424
2026-09-06 06:00:00,7.809,7.813,7.773,7.775,4945.413301
2026-09-06 07:00:00,7.777,7.777,7.69,7.722,14101.781224
2026-09-06 08:00:00,7.724,7.743,7.703,7.715,4573.44397
2026-09-06 09:00:00,7.71,7.749,7.7,7.735,5298.591843
2026-09-06 10:00:00,7.739,7.746,7.71,7.743,5797.891487
2026-09-06 11:00:00,7.743,7.755,7.72,7.738,3413.492975
2026-09-06 12:00:00,7.738,7.759,7.703,7.71,6281.820019
2026-09-06 13:00:00,7.712,7.747,7.667,7.729,12508.614579
2026-09-06 14:00:00,7.728,7.74,7.593,7.658,19635.859792
2026-09-06 15:00:00,7.656,7.718,7.626,7.718,9873.771867
2026-09-06 16:00:00,7.718,7.749,7.687,7.744,4911.974118
2026-09-06 17:00:00,7.744,7.747,7.708,7.723,1373.594303
2026-09-06 18:00:00,7.723,7.746,7.7,7.708,1788.021326
2026-09-06 19:00:00,7.709,7.711,7.686,7.699,6054.064659
2026-09-06 20:00:00,7.698,7.782,7.689,7.767,2909.096546
2026-09-06 21:00:00,7.765,7.802,7.765,7.79,6208.604396
2026-09-06 22:00:00,7.792,7.814,7.725,7.799,1757.392577
2026-09-06 23:00:00,7.799,7.874,7.798,7.861,4729.499522
2026-09-07 00:00:00,7.859,7.951,7.827,7.878,22006.628996
2026-09-07 01:00:00,7.88,7.881,7.749,7.772,11379.286404
2026-09-07 02:00:00,7.772,7.913,7.745,7.835,5814.742488
2026-09-07 03:00:00,7.835,7.842,7.754,7.785,3124.393468
2026-09-07 04:00:00,7.785,7.841,7.775,7.815,1403.415671
2026-09-07 05:00:00,7.815,7.898,7.808,7.835,1647.112988
2026-09-07 06:00:00,7.832,7.893,7.819,7.833,2080.720047
2026-09-07 07:00:00,7.833,7.847,7.638,7.711,54661.321608
2026-09-07 08:00:00,7.712,7.787,7.712,7.763,17695.671431
2026-09-07 09:00:00,7.763,7.828,7.757,7.757,10051.459125
2026-09-07 10:00:00,7.759,7.79,7.753,7.773,4372.664205
2026-09-07 11:00:00,7.777,7.779,7.737,7.75,2918.134035
2026-09-07 12:00:00,7.754,8.064,7.754,8.027,14069.489771
2026-09-07 13:00:00,8.041,8.051,7.876,7.924,23841.211176
2026-09-07 14:00:00,7.925,7.974,7.834,7.918,16578.159402
2026-09-07 15:00:00,7.918,7.922,7.759,7.783,19322.075504
2026-09-07 16:00:00,7.792,7.954,7.792,7.94,10888.961966
2026-09-07 17:00:00,7.94,7.95,7.866,7.866,2205.150973
2026-09-07 18:00:00,7.866,7.882,7.791,7.815,3022.846944
2026-09-07 19:00:00,7.815,7.855,7.79,7.847,2748.965311
2026-09-07 20:00:00,7.848,7.862,7.788,7.852,2667.466238
2026-09-07 21:00:00,7.852,7.99,7.851,7.936,7666.698247
2026-09-07 22:00:00,7.936,7.936,7.782,7.837,5500.877873
2026-09-07 23:00:00,7.834,7.921,7.831,7.899,2727.032192
2026-09-08 00:00:00,7.897,8.038,7.884,8.009,15245.988288
2026-09-08 01:00:00,8.018,8.037,7.972,8.004,4811.956463
2026-09-08 02:00:00,8.006,8.206,7.988,8.006,23123.382724
2026-09-08 03:00:00,8.02,8.081,7.947,8.078,9998.358635
2026-09-08 04:00:00,8.078,8.12,7.948,7.957,11799.476775
2026-09-08 05:00:00,7.956,8.127,7.928,8.016,13082.282146
2026-09-08 06:00:00,8.016,8.041,7.942,8.009,5103.05325
2026-09-08 07:00:00,8.014,8.153,7.994,8.1,10056.139299
2026-09-08 08:00:00,8.091,8.221,8.044,8.206,18164.361217
2026-09-08 09:00:00,8.207,8.291,8.139,8.256,29704.246108
2026-09-08 10:00:00,8.254,8.29,8.156,8.162,13624.692923
2026-09-08 11:00:00,8.164,8.184,8.046,8.051,10790.569912
2026-09-08 12:00:00,8.05,8.262,8.031,8.233,16290.080197
2026-09-08 13:00:00,8.233,8.289,8.105,8.262,32226.166755
2026-09-08 14:00:00,8.263,8.448,8.257,8.444,42057.259252
2026-09-08 15:00:00,8.442,8.788,8.402,8.754,103963.974489
2026-09-08 16:00:00,8.747,8.85,8.567,8.808,50200.664388
2026-09-08 17:00:00,8.808,8.868,8.617,8.665,34098.355972
2026-09-08 18:00:00,8.666,8.702,8.422,8.427,25383.757114
2026-09-08 19:00:00,8.423,8.512,8.395,8.47,12572.281732
2026-09-08 20:00:00,8.472,8.646,8.451,8.635,11941.45527
2026-09-08 21:00:00,8.638,8.68,8.559,8.665,24908.243884
2026-09-08 22:00:00,8.667,8.704,8.549,8.615,13460.192624
2026-09-08 23:00:00,8.615,8.659,8.569,8.616,17799.856703
2026-09-09 00:00:00,8.617,8.88,8.611,8.696,44394.366799
2026-09-09 01:00:00,8.693,8.963,8.665,8.923,45886.319869
2026-09-09 02:00:00,8.922,9.036,8.761,8.843,61568.561235
2026-09-09 03:00:00,8.844,8.869,8.537,8.674,58395.852559
2026-09-09 04:00:00,8.674,8.793,8.514,8.607,52570.198234
2026-09-09 05:00:00,8.608,8.644,8.552,8.577,31461.739297
2026-09-09 06:00:00,8.576,8.6,8.43,8.5,26631.604876
2026-09-09 07:00:00,8.496,8.543,8.365,8.407,37918.104453
2026-09-09 08:00:00,8.407,8.517,8.404,8.491,13872.327973
2026-09-09 09:00:00,8.491,8.504,8.33,8.349,17819.223752
2026-09-09 10:00:00,8.351,8.399,8.27,8.29,37822.707398
2026-09-09 11:00:00,8.29,8.385,8.243,8.368,14587.578942
2026-09-09 12:00:00,8.368,8.382,8.314,8.354,8220.367792
2026-09-09 13:00:00,8.353,8.395,8.285,8.314,10968.461741
2026-09-09 14:00:00,8.312,8.382,8.273,8.292,9133.40903
2026-09-09 15:00:00,8.291,8.349,8.124,8.183,36112.589109
2026-09-09 16:00:00,8.182,8.24,8.141,8.228,54588.962297
2026-09-09 17:00:00,8.228,8.249,8.156,8.185,3307.469609
2026-09-09 18:00:00,8.185,8.195,8.121,8.121,4845.472469
2026-09-09 19:00:00,8.122,8.16,8.03,8.057,7463.96468
2026-09-09 20:00:00,8.057,8.104,7.972,8.08,12034.407795
2026-09-09 21:00:00,8.079,8.113,8.03,8.052,4178.077762
2026-09-09 22:00:00,8.059,8.069,7.887,7.945,15199.92239
2026-09-09 23:00:00,7.945,8.039,7.944,8.02,4514.393205
2026-09-10 00:00:00,8.021,8.04,7.923,7.942,12144.639598
2026-09-10 01:00:00,7.943,8.01,7.856,7.891,12433.756657
2026-09-10 02:00:00,7.889,7.949,7.872,7.946,3742.339963
2026-09-10 03:00:00,7.946,7.971,7.912,7.926,6153.848552
2026-09-10 04:00:00,7.923,7.953,7.911,7.923,4325.88292
2026-09-10 05:00:00,7.925,7.993,7.895,7.957,9785.132071
2026-09-10 06:00:00,7.957,7.977,7.898,7.965,7114.957641
2026-09-10 07:00:00,7.965,7.965,7.823,7.856,11806.125296
2026-09-10 08:00:00,7.856,7.892,7.83,7.858,5535.973884
2026-09-10 09:00:00,7.858,7.874,7.784,7.815,9528.332262
2026-09-10 10:00:00,7.817,7.864,7.789,7.816,4592.538075
2026-09-10 11:00:00,7.816,7.918,7.803,7.868,2967.587028
2026-09-10 12:00:00,7.866,7.888,7.608,7.692,31883.195097
2026-09-10 13:00:00,7.692,7.778,7.67,7.751,12603.019461
2026-09-10 14:00:00,7.751,7.797,7.695,7.722,7517.663007
2026-09-10 15:00:00,7.721,7.733,7.656,7.711,14020.879372
2026-09-10 16:00:00,7.711,7.719,7.606,7.701,9098.737539
2026-09-10 17:00:00,7.7,7.78,7.684,7.76,2925.364868
2026-09-10 18:00:00,7.76,7.763,7.701,7.744,1068.518437
2026-09-10 19:00:00,7.746,7.746,7.692,7.702,2199.426577
2026-09-10 20:00:00,7.701,7.773,7.699,7.742,3299.605422
2026-09-10 21:00:00,7.742,7.753,7.702,7.714,1553.407658
2026-09-10 22:00:00,7.715,7.743,7.647,7.655,15219.30449
2026-09-10 23:00:00,7.655,7.668,7.555,7.574,8027.298817
2026-09-11 00:00:00,7.574,7.648,7.56,7.636,4189.607814
2026-09-11 01:00:00,7.635,7.657,7.566,7.607,9406.648387
2026-09-11 02:00:00,7.605,7.617,7.536,7.548,5137.227986
2026-09-11 03:00:00,7.55,7.572,7.521,7.561,6270.635996
2026-09-11 04:00:00,7.561,7.657,7.561,7.643,4943.593089
2026-09-11 05:00:00,7.643,7.668,7.631,7.664,5698.689463
2026-09-11 06:00:00,7.664,7.707,7.658,7.704,6878.828747
2026-09-11 07:00:00,7.704,7.796,7.648,7.654,10185.082794
2026-09-11 08:00:00,7.651,7.711,7.602,7.66,6404.35084
2026-09-11 09:00:00,7.66,7.663,7.577,7.594,4082.207058
2026-09-11 10:00:00,7.592,7.622,7.587,7.599,1603.512463
