timestamp,open,high,low,close,volume
2025-09-11 11:00:00,2.514,2.518,2.497,2.499,123885.033637
2025-09-11 12:00:00,2.5,2.532,2.464,2.501,902406.895247
2025-09-11 13:00:00,2.502,2.515,2.477,2.515,355571.434469
2025-09-11 14:00:00,2.516,2.518,2.483,2.496,185551.172477
2025-09-11 15:00:00,2.496,2.5,2.481,2.485,75350.030292
2025-09-11 16:00:00,2.484,2.498,2.484,2.494,70412.754568
2025-09-11 17:00:00,2.493,2.505,2.491,2.505,72045.517468
2025-09-11 18:00:00,2.505,2.51,2.498,2.506,124305.405074
2025-09-11 19:00:00,2.505,2.52,2.504,2.516,74991.218176
2025-09-11 20:00:00,2.517,2.527,2.511,2.522,64256.056374
2025-09-11 21:00:00,2.522,2.526,2.518,2.525,77041.62937
2025-09-11 22:00:00,2.526,2.54,2.522,2.535,138772.859921
2025-09-11 23:00:00,2.534,2.542,2.534,2.537,83674.593729
2025-09-12 00:00:00,2.537,2.561,2.531,2.548,213772.624546
2025-09-12 01:00:00,2.548,2.555,2.533,2.534,144407.205096
2025-09-12 02:00:00,2.534,2.544,2.529,2.532,74094.63483
2025-09-12 03:00:00,2.533,2.535,2.518,2.527,85988.971782
2025-09-12 04:00:00,2.529,2.534,2.521,2.528,66816.66967
2025-09-12 05:00:00,2.528,2.548,2.523,2.545,58791.044411
2025-09-12 06:00:00,2.546,2.55,2.536,2.539,80005.997133
2025-09-12 07:00:00,2.538,2.545,2.526,2.53,70970.824855
2025-09-12 08:00:00,2.53,2.531,2.514,2.518,101433.865878
2025-09-12 09:00:00,2.519,2.52,2.505,2.51,103016.736216
2025-09-12 10:00:00,2.51,2.51,2.493,2.504,203844.090897
2025-09-12 11:00:00,2.503,2.51,2.481,2.484,124323.803365
2025-09-12 12:00:00,2.484,2.497,2.472,2.494,207215.98353
2025-09-12 13:00:00,2.494,2.508,2.49,2.506,83624.82184
2025-09-12 14:00:00,2.506,2.519,2.494,2.502,133753.053222
2025-09-12 15:00:00,2.503,2.505,2.479,2.488,227561.419631
2025-09-12 16:00:00,2.488,2.512,2.486,2.512,92755.540374
2025-09-12 17:00:00,2.513,2.541,2.508,2.537,139758.682667
2025-09-12 18:00:00,2.537,2.547,2.531,2.544,65198.512305
2025-09-12 19:00:00,2.544,2.557,2.538,2.555,143111.658204
2025-09-12 20:00:00,2.555,2.557,2.536,2.554,205041.278959
2025-09-12 21:00:00,2.554,2.554,2.541,2.548,184540.782999
2025-09-12 22:00:00,2.548,2.574,2.548,2.561,258236.408972
2025-09-12 23:00:00,2.561,2.563,2.553,2.56,113134.960482
2025-09-13 00:00:00,2.56,2.562,2.544,2.558,135558.706957
2025-09-13 01:00:00,2.558,2.574,2.558,2.561,170645.095615
2025-09-13 02:00:00,2.559,2.58,2.556,2.578,150643.027457
2025-09-13 03:00:00,2.578,2.592,2.575,2.589,114852.365882
2025-09-13 04:00:00,2.589,2.589,2.571,2.572,92661.911585
2025-09-13 05:00:00,2.572,2.578,2.565,2.574,89875.819529
2025-09-13 06:00:00,2.575,2.583,2.571,2.577,119496.468519
2025-09-13 07:00:00,2.575,2.576,2.565,2.567,70793.385393
2025-09-13 08:00:00,2.567,2.582,2.564,2.582,135710.777996
2025-09-13 09:00:00,2.582,2.606,2.581,2.597,329538.485181
2025-09-13 10:00:00,2.597,2.618,2.592,2.613,330291.763627
2025-09-13 11:00:00,2.613,2.63,2.598,2.629,320506.465372
2025-09-13 12:00:00,2.628,2.642,2.623,2.633,237584.325136
2025-09-13 13:00:00,2.633,2.649,2.577,2.613,499956.267068
2025-09-13 14:00:00,2.613,2.631,2.593,2.615,207024.415245
2025-09-13 15:00:00,2.617,2.631,2.6,2.61,138828.220981
2025-09-13 16:00:00,2.61,2.622,2.59,2.599,222677.277103
2025-09-13 17:00:00,2.6,2.617,2.565,2.617,289539.47771
2025-09-13 18:00:00,2.615,2.616,2.599,2.609,59987.985786
2025-09-13 19:00:00,2.61,2.613,2.598,2.606,102014.774108
2025-09-13 20:00:00,2.607,2.63,2.606,2.623,56058.111271
2025-09-13 21:00:00,2.622,2.634,2.621,2.626,81197.84456
2025-09-13 22:00:00,2.627,2.635,2.618,2.62,46206.365047
2025-09-13 23:00:00,2.621,2.624,2.613,2.621,77027.551474
2025-09-14 00:00:00,2.619,2.624,2.596,2.601,90899.192363
2025-09-14 01:00:00,2.6,2.603,2.574,2.602,163603.572239
2025-09-14 02:00:00,2.603,2.624,2.6,2.615,208862.148576
2025-09-14 03:00:00,2.616,2.622,2.582,2.585,181139.888282
2025-09-14 04:00:00,2.585,2.591,2.558,2.587,217291.49778
2025-09-14 05:00:00,2.587,2.612,2.586,2.609,56396.352455
2025-09-14 06:00:00,2.609,2.613,2.586,2.597,114962.408232
2025-09-14 07:00:00,2.597,2.603,2.58,2.588,65553.617921
2025-09-14 08:00:00,2.586,2.594,2.576,2.584,32865.845386
2025-09-14 09:00:00,2.581,2.6,2.576,2.6,39951.23379
2025-09-14 10:00:00,2.599,2.6,2.581,2.583,24841.550502
2025-09-14 11:00:00,2.582,2.586,2.537,2.54,311167.96775
2025-09-14 12:00:00,2.541,2.555,2.512,2.527,188548.75131
2025-09-14 13:00:00,2.526,2.533,2.486,2.503,412978.098472
2025-09-14 14:00:00,2.504,2.52,2.475,2.493,255802.83462
2025-09-14 15:00:00,2.49,2.503,2.476,2.494,138331.876351
2025-09-14 16:00:00,2.494,2.525,2.488,2.514,487129.74168
2025-09-14 17:00:00,2.514,2.532,2.512,2.526,188729.459343
2025-09-14 18:00:00,2.525,2.526,2.512,2.517,789359.244772
2025-09-14 19:00:00,2.517,2.525,2.51,2.514,123692.753184
2025-09-14 20:00:00,2.515,2.529,2.514,2.521,61189.660399
2025-09-14 21:00:00,2.52,2.536,2.51,2.529,116188.94027
2025-09-14 22:00:00,2.531,2.544,2.525,2.536,109842.20323
2025-09-14 23:00:00,2.536,2.536,2.51,2.516,209018.537183
2025-09-15 00:00:00,2.516,2.534,2.515,2.516,32131.316911
2025-09-15 01:00:00,2.516,2.541,2.5,2.532,1547348.580686
2025-09-15 02:00:00,2.532,2.55,2.527,2.527,91332.232634
2025-09-15 03:00:00,2.528,2.545,2.527,2.539,65705.166809
2025-09-15 04:00:00,2.539,2.55,2.531,2.537,67606.617018
2025-09-15 05:00:00,2.537,2.556,2.535,2.554,104759.51603
2025-09-15 06:00:00,2.555,2.555,2.506,2.516,171452.23395
2025-09-15 07:00:00,2.516,2.535,2.484,2.488,271056.553018
2025-09-15 08:00:00,2.488,2.489,2.406,2.415,898029.532976
2025-09-15 09:00:00,2.414,2.443,2.409,2.441,141755.237924
2025-09-15 10:00:00,2.44,2.44,2.415,2.429,67095.457558
2025-09-15 11:00:00,2.429,2.435,2.415,2.428,100112.654103
2025-09-15 12:00:00,2.426,2.431,2.406,2.41,109179.084007
2025-09-15 13:00:00,2.409,2.43,2.398,2.415,233835.284543
2025-09-15 14:00:00,2.417,2.423,2.394,2.398,183196.741589
2025-09-15 15:00:00,2.4,2.413,2.375,2.391,534297.651361
2025-09-15 16:00:00,2.39,2.403,2.372,2.385,304850.867191
2025-09-15 17:00:00,2.385,2.406,2.382,2.406,94273.043786
2025-09-15 18:00:00,2.405,2.405,2.397,2.402,69336.379551
2025-09-15 19:00:00,2.402,2.412,2.391,2.405,43818.243137
2025-09-15 20:00:00,2.406,2.414,2.401,2.411,49638.875814
2025-09-15 21:00:00,2.411,2.419,2.405,2.416,50098.011908
2025-09-15 22:00:00,2.417,2.42,2.406,2.409,156864.560517
2025-09-15 23:00:00,2.408,2.416,2.405,2.414,91509.699524
2025-09-16 00:00:00,2.413,2.414,2.404,2.412,78232.073368
2025-09-16 01:00:00,2.412,2.424,2.403,2.404,75623.486028
2025-09-16 02:00:00,2.405,2.415,2.4,2.4,68520.867847
2025-09-16 03:00:00,2.401,2.407,2.398,2.398,62864.325125
2025-09-16 04:00:00,2.398,2.4,2.375,2.397,112852.228378
2025-09-16 05:00:00,2.398,2.414,2.395,2.414,71954.788748
2025-09-16 06:00:00,2.415,2.42,2.398,2.403,93899.127171
2025-09-16 07:00:00,2.403,2.419,2.403,2.413,44746.026589
2025-09-16 08:00:00,2.414,2.435,2.414,2.432,185196.586151
2025-09-16 09:00:00,2.432,2.436,2.42,2.429,67910.629167
2025-09-16 10:00:00,2.429,2.432,2.42,2.421,53613.35121
2025-09-16 11:00:00,2.421,2.428,2.414,2.426,47829.455907
2025-09-16 12:00:00,2.426,2.44,2.424,2.436,87871.639493
2025-09-16 13:00:00,2.435,2.461,2.422,2.444,420789.086356
2025-09-16 14:00:00,2.445,2.445,2.41,2.442,112683.76113
2025-09-16 15:00:00,2.442,2.464,2.431,2.462,128860.69202
2025-09-16 16:00:00,2.463,2.467,2.446,2.452,114209.436036
2025-09-16 17:00:00,2.452,2.508,2.452,2.502,263937.916833
2025-09-16 18:00:00,2.504,2.553,2.502,2.542,549854.475076
2025-09-16 19:00:00,2.542,2.605,2.542,2.596,727330.446032
2025-09-16 20:00:00,2.598,2.652,2.575,2.638,1254403.81111
2025-09-16 21:00:00,2.638,2.651,2.6,2.608,574344.917067
2025-09-16 22:00:00,2.609,2.611,2.568,2.57,550713.303267
2025-09-16 23:00:00,2.57,2.581,2.548,2.557,623091.034142
2025-09-17 00:00:00,2.558,2.587,2.557,2.568,640567.446445
2025-09-17 01:00:00,2.568,2.572,2.536,2.546,494681.508337
2025-09-17 02:00:00,2.547,2.559,2.544,2.55,136095.06448
2025-09-17 03:00:00,2.549,2.571,2.548,2.565,327787.705549
2025-09-17 04:00:00,2.566,2.579,2.546,2.553,221891.361423
2025-09-17 05:00:00,2.552,2.558,2.524,2.549,227812.334886
2025-09-17 06:00:00,2.548,2.562,2.543,2.562,117385.427097
2025-09-17 07:00:00,2.56,2.56,2.54,2.544,92174.19139
2025-09-17 08:00:00,2.544,2.544,2.516,2.524,304812.642421
2025-09-17 09:00:00,2.523,2.523,2.497,2.499,361626.57041
2025-09-17 10:00:00,2.499,2.509,2.477,2.489,341524.813324
2025-09-17 11:00:00,2.488,2.504,2.486,2.495,113120.646466
2025-09-17 12:00:00,2.496,2.508,2.488,2.506,155345.357786
2025-09-17 13:00:00,2.507,2.512,2.485,2.49,266751.806526
2025-09-17 14:00:00,2.49,2.493,2.467,2.476,304416.905555
2025-09-17 15:00:00,2.475,2.484,2.471,2.475,82212.413609
2025-09-17 16:00:00,2.473,2.5,2.457,2.498,174812.327699
2025-09-17 17:00:00,2.498,2.521,2.465,2.47,328034.883662
2025-09-17 18:00:00,2.47,2.524,2.465,2.493,657379.765614
2025-09-17 19:00:00,2.493,2.54,2.493,2.537,263307.119258
2025-09-17 20:00:00,2.539,2.565,2.526,2.529,148933.423424
2025-09-17 21:00:00,2.529,2.559,2.512,2.553,143040.122195
2025-09-17 22:00:00,2.554,2.587,2.554,2.582,375388.414828
2025-09-17 23:00:00,2.582,2.588,2.563,2.569,218359.802693
2025-09-18 00:00:00,2.57,2.574,2.552,2.559,222986.961075
2025-09-18 01:00:00,2.559,2.573,2.558,2.566,186699.399281
2025-09-18 02:00:00,2.567,2.569,2.555,2.569,125132.590691
2025-09-18 03:00:00,2.569,2.586,2.563,2.581,419538.417729
2025-09-18 04:00:00,2.581,2.584,2.567,2.58,152986.629692
2025-09-18 05:00:00,2.58,2.58,2.56,2.568,154977.369354
2025-09-18 06:00:00,2.569,2.57,2.535,2.54,540820.73542
2025-09-18 07:00:00,2.541,2.552,2.53,2.542,295433.167378
2025-09-18 08:00:00,2.542,2.568,2.534,2.562,286052.809773
2025-09-18 09:00:00,2.561,2.565,2.545,2.548,340420.469116
2025-09-18 10:00:00,2.548,2.552,2.528,2.532,306256.35038
2025-09-18 11:00:00,2.532,2.542,2.53,2.536,139428.366736
2025-09-18 12:00:00,2.537,2.552,2.531,2.545,177121.170444
2025-09-18 13:00:00,2.544,2.56,2.534,2.551,402831.568204
2025-09-18 14:00:00,2.551,2.564,2.547,2.559,144970.964667
2025-09-18 15:00:00,2.559,2.567,2.552,2.558,117079.692246
2025-09-18 16:00:00,2.558,2.574,2.554,2.566,161547.489293
2025-09-18 17:00:00,2.566,2.582,2.566,2.579,256961.789455
2025-09-18 18:00:00,2.579,2.588,2.578,2.581,63922.655282
2025-09-18 19:00:00,2.581,2.582,2.558,2.574,88897.935178
2025-09-18 20:00:00,2.574,2.58,2.568,2.578,98231.696634
2025-09-18 21:00:00,2.578,2.588,2.573,2.583,92511.443795
2025-09-18 22:00:00,2.583,2.585,2.57,2.574,128157.556391
2025-09-18 23:00:00,2.574,2.579,2.56,2.576,225690.478177
2025-09-19 00:00:00,2.576,2.61,2.576,2.609,679407.657395
2025-09-19 01:00:00,2.609,2.61,2.59,2.595,237544.946579
2025-09-19 02:00:00,2.594,2.603,2.575,2.577,130600.298953
2025-09-19 03:00:00,2.577,2.585,2.547,2.556,216206.763262
2025-09-19 04:00:00,2.557,2.567,2.53,2.566,330583.811424
2025-09-19 05:00:00,2.567,2.57,2.545,2.559,120062.964747
2025-09-19 06:00:00,2.558,2.559,2.534,2.534,103453.018827
2025-09-19 07:00:00,2.535,2.558,2.532,2.541,96188.603938
2025-09-19 08:00:00,2.539,2.557,2.535,2.545,45664.360529
2025-09-19 09:00:00,2.546,2.57,2.514,2.533,257147.232444
2025-09-19 10:00:00,2.533,2.539,2.524,2.531,87867.12
2025-09-19 11:00:00,2.531,2.531,2.495,2.508,288024.140331
2025-09-19 12:00:00,2.508,2.522,2.505,2.511,90652.020725
2025-09-19 13:00:00,2.511,2.53,2.509,2.52,185885.117272
2025-09-19 14:00:00,2.521,2.526,2.487,2.499,190704.465469
2025-09-19 15:00:00,2.499,2.5,2.467,2.491,345480.612837
2025-09-19 16:00:00,2.491,2.503,2.491,2.499,58109.454398
2025-09-19 17:00:00,2.499,2.499,2.472,2.475,78844.148436
2025-09-19 18:00:00,2.475,2.481,2.457,2.469,194509.84789
2025-09-19 19:00:00,2.47,2.481,2.464,2.465,37053.712843
2025-09-19 20:00:00,2.465,2.476,2.463,2.463,35660.860503
2025-09-19 21:00:00,2.463,2.481,2.455,2.476,102398.630421
2025-09-19 22:00:00,2.477,2.482,2.469,2.469,110048.690592
2025-09-19 23:00:00,2.47,2.471,2.428,2.448,363925.525549
2025-09-20 00:00:00,2.448,2.465,2.44,2.465,100353.086592
2025-09-20 01:00:00,2.464,2.465,2.451,2.456,50027.914822
2025-09-20 02:00:00,2.456,2.462,2.434,2.46,67633.437857
2025-09-20 03:00:00,2.461,2.461,2.447,2.456,44227.309499
2025-09-20 04:00:00,2.456,2.463,2.451,2.461,78421.167199
2025-09-20 05:00:00,2.462,2.473,2.459,2.472,60725.447516
2025-09-20 06:00:00,2.471,2.474,2.46,2.468,63393.282869
2025-09-20 07:00:00,2.469,2.477,2.462,2.477,44742.104582
2025-09-20 08:00:00,2.478,2.478,2.455,2.455,84318.180563
2025-09-20 09:00:00,2.456,2.462,2.44,2.446,75875.000999
2025-09-20 10:00:00,2.446,2.453,2.437,2.438,43119.100786
2025-09-20 11:00:00,2.438,2.452,2.432,2.451,92634.121496
2025-09-20 12:00:00,2.451,2.451,2.44,2.447,96997.709136
2025-09-20 13:00:00,2.447,2.45,2.434,2.443,109469.789298
2025-09-20 14:00:00,2.443,2.465,2.43,2.463,140735.692246
2025-09-20 15:00:00,2.463,2.48,2.462,2.47,88177.723301
2025-09-20 16:00:00,2.47,2.475,2.46,2.472,50882.575926
2025-09-20 17:00:00,2.473,2.473,2.456,2.458,30999.333628
2025-09-20 18:00:00,2.458,2.458,2.441,2.445,64170.157277
2025-09-20 19:00:00,2.443,2.454,2.441,2.448,16870.259505
2025-09-20 20:00:00,2.448,2.459,2.446,2.457,24964.682591
2025-09-20 21:00:00,2.456,2.463,2.453,2.454,42653.673384
2025-09-20 22:00:00,2.454,2.457,2.448,2.452,14104.180319
2025-09-20 23:00:00,2.452,2.452,2.441,2.446,48477.809215
2025-09-21 00:00:00,2.445,2.457,2.441,2.449,53484.390266
2025-09-21 01:00:00,2.448,2.452,2.437,2.44,43618.066596
2025-09-21 02:00:00,2.44,2.45,2.425,2.45,111607.453475
2025-09-21 03:00:00,2.448,2.455,2.444,2.455,124333.475655
2025-09-21 04:00:00,2.454,2.454,2.445,2.453,56227.848863
2025-09-21 05:00:00,2.454,2.467,2.448,2.467,50061.119147
2025-09-21 06:00:00,2.467,2.478,2.467,2.467,162507.54878
2025-09-21 07:00:00,2.468,2.475,2.463,2.467,43085.303125
2025-09-21 08:00:00,2.468,2.47,2.452,2.456,26413.19811
2025-09-21 09:00:00,2.456,2.457,2.413,2.434,611873.286444
2025-09-21 10:00:00,2.434,2.441,2.425,2.426,306688.406549
2025-09-21 11:00:00,2.425,2.438,2.422,2.43,67699.661581
2025-09-21 12:00:00,2.431,2.448,2.429,2.436,78297.442591
2025-09-21 13:00:00,2.437,2.445,2.433,2.44,61059.639343
2025-09-21 14:00:00,2.44,2.442,2.428,2.43,47989.684478
2025-09-21 15:00:00,2.428,2.439,2.421,2.424,93042.80828
2025-09-21 16:00:00,2.425,2.43,2.401,2.413,214442.973958
2025-09-21 17:00:00,2.413,2.425,2.392,2.425,214046.123041
2025-09-21 18:00:00,2.426,2.431,2.419,2.431,126399.000583
2025-09-21 19:00:00,2.431,2.431,2.41,2.424,53309.683337
2025-09-21 20:00:00,2.424,2.424,2.412,2.414,37568.58085
2025-09-21 21:00:00,2.414,2.421,2.408,2.414,39186.053711
2025-09-21 22:00:00,2.414,2.424,2.399,2.421,136681.06041
2025-09-21 23:00:00,2.421,2.421,2.398,2.399,212697.441977
2025-09-22 00:00:00,2.4,2.412,2.328,2.345,1147210.81994
2025-09-22 01:00:00,2.345,2.364,2.335,2.348,265384.535364
2025-09-22 02:00:00,2.348,2.359,2.306,2.338,635230.325943
2025-09-22 03:00:00,2.338,2.351,2.336,2.343,182935.365427
2025-09-22 04:00:00,2.345,2.353,2.336,2.342,295685.660087
2025-09-22 05:00:00,2.342,2.345,2.297,2.3,643342.0797
2025-09-22 06:00:00,2.302,2.305,2.156,2.271,3376824.131835
2025-09-22 07:00:00,2.27,2.281,2.262,2.262,352965.017697
2025-09-22 08:00:00,2.262,2.272,2.241,2.264,230105.289889
2025-09-22 09:00:00,2.263,2.268,2.239,2.245,210851.968677
2025-09-22 10:00:00,2.245,2.269,2.244,2.267,171333.518708
2025-09-22 11:00:00,2.266,2.269,2.252,2.255,134755.269622
2025-09-22 12:00:00,2.255,2.267,2.249,2.261,162266.932554
2025-09-22 13:00:00,2.26,2.273,2.253,2.272,201584.50461
2025-09-22 14:00:00,2.272,2.276,2.247,2.253,285786.765196
2025-09-22 15:00:00,2.252,2.255,2.236,2.241,268301.175556
2025-09-22 16:00:00,2.241,2.255,2.236,2.242,244531.9582
2025-09-22 17:00:00,2.243,2.253,2.231,2.249,272484.163433
2025-09-22 18:00:00,2.249,2.255,2.243,2.243,107386.660602
2025-09-22 19:00:00,2.243,2.247,2.224,2.23,169655.311364
2025-09-22 20:00:00,2.231,2.252,2.228,2.248,76993.225284
2025-09-22 21:00:00,2.249,2.264,2.243,2.261,50212.291859
2025-09-22 22:00:00,2.26,2.262,2.254,2.259,60366.944656
2025-09-22 23:00:00,2.259,2.268,2.258,2.263,71224.48358
2025-09-23 00:00:00,2.263,2.271,2.255,2.257,182786.748156
2025-09-23 01:00:00,2.258,2.261,2.24,2.24,118579.14528
2025-09-23 02:00:00,2.241,2.253,2.23,2.231,150718.325834
2025-09-23 03:00:00,2.232,2.264,2.215,2.257,283436.175622
2025-09-23 04:00:00,2.258,2.264,2.24,2.249,186747.558564
2025-09-23 05:00:00,2.249,2.257,2.24,2.247,110359.120358
2025-09-23 06:00:00,2.246,2.274,2.245,2.27,147491.494584
2025-09-23 07:00:00,2.27,2.274,2.26,2.26,108975.581636
2025-09-23 08:00:00,2.262,2.274,2.26,2.27,69038.996594
2025-09-23 09:00:00,2.269,2.279,2.261,2.268,136271.400756
2025-09-23 10:00:00,2.268,2.286,2.263,2.281,142962.07993
2025-09-23 11:00:00,2.281,2.281,2.27,2.274,100599.741729
2025-09-23 12:00:00,2.274,2.283,2.27,2.276,87509.687807
2025-09-23 13:00:00,2.276,2.279,2.265,2.271,76803.194511
2025-09-23 14:00:00,2.271,2.29,2.267,2.271,159965.935655
2025-09-23 15:00:00,2.27,2.283,2.256,2.275,137415.097784
2025-09-23 16:00:00,2.275,2.286,2.259,2.277,110081.121584
2025-09-23 17:00:00,2.276,2.277,2.244,2.248,135401.585954
2025-09-23 18:00:00,2.247,2.255,2.236,2.242,92247.597548
2025-09-23 19:00:00,2.242,2.256,2.231,2.235,89243.435503
2025-09-23 20:00:00,2.235,2.251,2.233,2.251,64572.03644
2025-09-23 21:00:00,2.251,2.263,2.243,2.259,77552.775524
2025-09-23 22:00:00,2.26,2.261,2.246,2.249,90249.24701
2025-09-23 23:00:00,2.249,2.255,2.236,2.24,38879.609014
2025-09-24 00:00:00,2.241,2.26,2.238,2.249,65337.079484
2025-09-24 01:00:00,2.249,2.274,2.243,2.271,101933.404677
2025-09-24 02:00:00,2.272,2.273,2.256,2.268,60445.930146
2025-09-24 03:00:00,2.267,2.268,2.228,2.236,121164.706462
2025-09-24 04:00:00,2.237,2.267,2.204,2.251,427015.978328
2025-09-24 05:00:00,2.25,2.268,2.249,2.266,100624.394317
2025-09-24 06:00:00,2.266,2.274,2.261,2.27,95871.529239
2025-09-24 07:00:00,2.271,2.273,2.259,2.267,104655.533589
2025-09-24 08:00:00,2.267,2.271,2.262,2.27,107025.311562
2025-09-24 09:00:00,2.27,2.278,2.266,2.27,65543.036552
2025-09-24 10:00:00,2.27,2.273,2.264,2.272,108947.586676
2025-09-24 11:00:00,2.272,2.283,2.269,2.276,103332.544348
2025-09-24 12:00:00,2.277,2.284,2.273,2.275,108415.912391
2025-09-24 13:00:00,2.276,2.283,2.262,2.264,163626.931428
2025-09-24 14:00:00,2.263,2.298,2.263,2.288,118148.966235
2025-09-24 15:00:00,2.288,2.29,2.271,2.272,208940.604437
2025-09-24 16:00:00,2.272,2.279,2.266,2.274,70556.357798
2025-09-24 17:00:00,2.274,2.28,2.272,2.274,48140.301152
2025-09-24 18:00:00,2.274,2.276,2.253,2.259,79303.420454
2025-09-24 19:00:00,2.259,2.262,2.249,2.256,57443.669899
2025-09-24 20:00:00,2.256,2.258,2.236,2.244,166280.185761
2025-09-24 21:00:00,2.244,2.251,2.215,2.224,230664.314722
2025-09-24 22:00:00,2.224,2.239,2.222,2.231,179744.783197
2025-09-24 23:00:00,2.23,2.235,2.216,2.228,185251.436426
2025-09-25 00:00:00,2.229,2.232,2.215,2.22,146264.682802
2025-09-25 01:00:00,2.217,2.227,2.209,2.217,177586.71429
2025-09-25 02:00:00,2.217,2.241,2.203,2.231,230967.573015
2025-09-25 03:00:00,2.231,2.231,2.2,2.216,312981.401992
2025-09-25 04:00:00,2.215,2.22,2.168,2.187,456214.079352
2025-09-25 05:00:00,2.185,2.213,2.175,2.207,174862.180065
2025-09-25 06:00:00,2.207,2.208,2.189,2.19,109825.970611
2025-09-25 07:00:00,2.189,2.21,2.188,2.201,71819.69099
2025-09-25 08:00:00,2.202,2.211,2.191,2.203,85099.627531
2025-09-25 09:00:00,2.202,2.215,2.194,2.196,133671.66778
2025-09-25 10:00:00,2.196,2.209,2.192,2.194,56111.289874
2025-09-25 11:00:00,2.194,2.2,2.18,2.19,130629.131456
2025-09-25 12:00:00,2.19,2.207,2.151,2.198,588085.950255
2025-09-25 13:00:00,2.198,2.212,2.181,2.195,267909.997503
2025-09-25 14:00:00,2.197,2.225,2.197,2.204,182823.644698
2025-09-25 15:00:00,2.204,2.207,2.188,2.197,105317.574722
2025-09-25 16:00:00,2.197,2.202,2.161,2.165,238878.487044
2025-09-25 17:00:00,2.165,2.167,2.086,2.104,1233359.921015
2025-09-25 18:00:00,2.103,2.159,2.096,2.158,520188.505058
2025-09-25 19:00:00,2.157,2.168,2.138,2.141,173186.477332
2025-09-25 20:00:00,2.143,2.146,2.112,2.122,165172.621597
2025-09-25 21:00:00,2.122,2.141,2.111,2.134,105047.74101
2025-09-25 22:00:00,2.133,2.145,2.118,2.124,143606.888136
2025-09-25 23:00:00,2.124,2.136,2.103,2.121,251333.075959
2025-09-26 00:00:00,2.121,2.15,2.116,2.146,187563.529793
2025-09-26 01:00:00,2.146,2.153,2.137,2.144,108291.548534
2025-09-26 02:00:00,2.144,2.155,2.136,2.142,80578.549224
2025-09-26 03:00:00,2.143,2.151,2.137,2.148,81854.080111
2025-09-26 04:00:00,2.149,2.152,2.136,2.139,54474.585966
2025-09-26 05:00:00,2.139,2.152,2.133,2.138,169647.898503
2025-09-26 06:00:00,2.139,2.149,2.127,2.132,144458.469137
2025-09-26 07:00:00,2.132,2.144,2.123,2.136,110301.838692
2025-09-26 08:00:00,2.136,2.142,2.133,2.136,99185.485306
2025-09-26 09:00:00,2.137,2.141,2.117,2.125,146500.115247
2025-09-26 10:00:00,2.126,2.126,2.099,2.108,296318.821467
2025-09-26 11:00:00,2.105,2.125,2.098,2.119,113087.087679
2025-09-26 12:00:00,2.119,2.146,2.101,2.136,150475.139733
2025-09-26 13:00:00,2.136,2.158,2.124,2.151,363031.893077
2025-09-26 14:00:00,2.151,2.155,2.13,2.139,221405.509457
2025-09-26 15:00:00,2.139,2.156,2.138,2.149,117639.680286
2025-09-26 16:00:00,2.149,2.176,2.148,2.175,139867.213882
2025-09-26 17:00:00,2.175,2.193,2.172,2.191,143466.690902
2025-09-26 18:00:00,2.19,2.204,2.187,2.195,88218.508485
2025-09-26 19:00:00,2.196,2.197,2.177,2.186,76544.711452
2025-09-26 20:00:00,2.186,2.191,2.18,2.182,57881.176735
2025-09-26 21:00:00,2.18,2.193,2.178,2.193,63061.45749
2025-09-26 22:00:00,2.194,2.199,2.19,2.191,36968.45446
2025-09-26 23:00:00,2.191,2.197,2.188,2.197,128070.062338
2025-09-27 00:00:00,2.197,2.198,2.19,2.196,72395.777883
2025-09-27 01:00:00,2.197,2.197,2.186,2.191,29395.435205
2025-09-27 02:00:00,2.191,2.195,2.187,2.189,57582.432157
2025-09-27 03:00:00,2.188,2.196,2.185,2.187,64699.012353
2025-09-27 04:00:00,2.186,2.191,2.184,2.188,31762.93671
2025-09-27 05:00:00,2.189,2.193,2.18,2.191,101061.615728
2025-09-27 06:00:00,2.19,2.193,2.184,2.191,34031.179861
2025-09-27 07:00:00,2.193,2.197,2.183,2.187,123165.119577
2025-09-27 08:00:00,2.187,2.197,2.179,2.18,311712.383068
2025-09-27 09:00:00,2.181,2.188,2.166,2.185,84578.08056
2025-09-27 10:00:00,2.186,2.198,2.182,2.189,47172.973361
2025-09-27 11:00:00,2.189,2.192,2.187,2.19,40062.526739
2025-09-27 12:00:00,2.192,2.198,2.183,2.195,246549.036206
2025-09-27 13:00:00,2.193,2.196,2.187,2.191,23812.943734
2025-09-27 14:00:00,2.192,2.198,2.189,2.191,63808.493214
2025-09-27 15:00:00,2.19,2.196,2.177,2.194,84075.607913
2025-09-27 16:00:00,2.194,2.195,2.181,2.184,71556.120138
2025-09-27 17:00:00,2.183,2.183,2.166,2.181,83903.554485
2025-09-27 18:00:00,2.181,2.181,2.171,2.18,15260.578969
2025-09-27 19:00:00,2.18,2.187,2.178,2.185,27563.633328
2025-09-27 20:00:00,2.185,2.191,2.182,2.188,25451.095644
2025-09-27 21:00:00,2.187,2.195,2.183,2.193,33464.051493
2025-09-27 22:00:00,2.193,2.211,2.192,2.197,76373.720157
2025-09-27 23:00:00,2.197,2.2,2.189,2.19,47661.619698
2025-09-28 00:00:00,2.191,2.193,2.181,2.182,47084.533038
2025-09-28 01:00:00,2.182,2.182,2.165,2.17,89724.709135
2025-09-28 02:00:00,2.17,2.174,2.161,2.168,63968.901413
2025-09-28 03:00:00,2.169,2.173,2.16,2.166,36830.507034
2025-09-28 04:00:00,2.166,2.171,2.162,2.167,207997.047078
2025-09-28 05:00:00,2.167,2.167,2.154,2.157,149801.680696
2025-09-28 06:00:00,2.158,2.162,2.14,2.15,128589.842177
2025-09-28 07:00:00,2.151,2.16,2.145,2.153,97673.969504
2025-09-28 08:00:00,2.154,2.158,2.141,2.144,132054.783485
2025-09-28 09:00:00,2.144,2.151,2.136,2.142,86793.71706
2025-09-28 10:00:00,2.143,2.146,2.13,2.143,64552.527677
2025-09-28 11:00:00,2.143,2.147,2.133,2.139,45937.003291
2025-09-28 12:00:00,2.14,2.141,2.125,2.134,88177.818189
2025-09-28 13:00:00,2.134,2.165,2.13,2.161,148835.108106
2025-09-28 14:00:00,2.161,2.169,2.157,2.167,125643.869513
2025-09-28 15:00:00,2.167,2.169,2.161,2.164,42841.448653
2025-09-28 16:00:00,2.165,2.181,2.158,2.167,117282.850166
2025-09-28 17:00:00,2.168,2.179,2.162,2.17,98440.606388
2025-09-28 18:00:00,2.17,2.177,2.168,2.177,21472.155621
2025-09-28 19:00:00,2.178,2.181,2.169,2.18,44975.392867
2025-09-28 20:00:00,2.18,2.194,2.178,2.182,200649.300163
2025-09-28 21:00:00,2.183,2.195,2.18,2.186,75325.313987
2025-09-28 22:00:00,2.187,2.221,2.187,2.213,198831.085194
2025-09-28 23:00:00,2.214,2.219,2.206,2.216,143293.44541
2025-09-29 00:00:00,2.215,2.216,2.201,2.202,74063.085356
2025-09-29 01:00:00,2.202,2.206,2.194,2.194,124781.428024
2025-09-29 02:00:00,2.194,2.206,2.19,2.2,45016.45221
2025-09-29 03:00:00,2.2,2.202,2.192,2.201,25064.926642
2025-09-29 04:00:00,2.202,2.203,2.186,2.19,48094.409235
2025-09-29 05:00:00,2.191,2.192,2.177,2.192,80575.644962
2025-09-29 06:00:00,2.192,2.192,2.181,2.181,44480.298356
2025-09-29 07:00:00,2.181,2.192,2.175,2.186,32060.845696
2025-09-29 08:00:00,2.187,2.196,2.181,2.189,66974.747822
2025-09-29 09:00:00,2.189,2.195,2.178,2.182,50223.793277
2025-09-29 10:00:00,2.181,2.188,2.172,2.173,45021.988354
2025-09-29 11:00:00,2.173,2.179,2.16,2.175,62800.232882
2025-09-29 12:00:00,2.174,2.182,2.156,2.157,74126.216125
2025-09-29 13:00:00,2.157,2.197,2.145,2.191,177034.606062
2025-09-29 14:00:00,2.191,2.217,2.189,2.213,299819.583256
2025-09-29 15:00:00,2.213,2.218,2.189,2.192,306300.241569
2025-09-29 16:00:00,2.192,2.203,2.172,2.175,82085.776997
2025-09-29 17:00:00,2.175,2.19,2.166,2.19,55276.132877
2025-09-29 18:00:00,2.188,2.189,2.181,2.187,37392.472755
2025-09-29 19:00:00,2.188,2.206,2.185,2.205,71337.322136
2025-09-29 20:00:00,2.205,2.232,2.203,2.231,103529.913679
2025-09-29 21:00:00,2.232,2.233,2.218,2.22,95375.899369
2025-09-29 22:00:00,2.22,2.223,2.212,2.217,64971.612204
2025-09-29 23:00:00,2.216,2.219,2.21,2.211,55682.605254
2025-09-30 00:00:00,2.211,2.213,2.189,2.191,196848.956775
2025-09-30 01:00:00,2.191,2.202,2.176,2.187,99748.858988
2025-09-30 02:00:00,2.188,2.193,2.184,2.184,37202.178635
2025-09-30 03:00:00,2.184,2.199,2.183,2.192,40815.850701
2025-09-30 04:00:00,2.19,2.198,2.189,2.192,57102.839829
2025-09-30 05:00:00,2.193,2.204,2.189,2.2,57253.620617
2025-09-30 06:00:00,2.199,2.203,2.188,2.191,69887.749366
2025-09-30 07:00:00,2.19,2.196,2.175,2.181,74027.18252
2025-09-30 08:00:00,2.182,2.187,2.177,2.181,82281.411008
2025-09-30 09:00:00,2.178,2.191,2.171,2.174,144662.134379
2025-09-30 10:00:00,2.174,2.181,2.173,2.175,31405.174779
2025-09-30 11:00:00,2.175,2.179,2.162,2.178,91127.265586
2025-09-30 12:00:00,2.177,2.182,2.168,2.168,77284.731695
2025-09-30 13:00:00,2.169,2.188,2.16,2.175,62270.849762
2025-09-30 14:00:00,2.175,2.181,2.158,2.171,117873.583422
2025-09-30 15:00:00,2.17,2.171,2.13,2.154,283181.949279
2025-09-30 16:00:00,2.153,2.158,2.143,2.153,63041.848447
2025-09-30 17:00:00,2.153,2.162,2.148,2.15,81749.394341
2025-09-30 18:00:00,2.15,2.161,2.145,2.16,32183.286765
2025-09-30 19:00:00,2.16,2.19,2.159,2.187,122957.998351
2025-09-30 20:00:00,2.187,2.2,2.186,2.197,76330.514307
2025-09-30 21:00:00,2.198,2.201,2.186,2.187,72737.011087
2025-09-30 22:00:00,2.187,2.197,2.18,2.182,57936.563636
2025-09-30 23:00:00,2.182,2.189,2.175,2.189,98734.454303
2025-10-01 00:00:00,2.189,2.192,2.169,2.18,42627.230549
2025-10-01 01:00:00,2.18,2.195,2.176,2.195,54363.271997
2025-10-01 02:00:00,2.195,2.196,2.183,2.185,50935.950259
2025-10-01 03:00:00,2.184,2.186,2.166,2.166,68952.764713
2025-10-01 04:00:00,2.166,2.184,2.165,2.181,199097.001285
2025-10-01 05:00:00,2.182,2.199,2.182,2.189,145073.436095
2025-10-01 06:00:00,2.189,2.194,2.181,2.182,68622.750859
2025-10-01 07:00:00,2.182,2.194,2.18,2.183,56551.329844
2025-10-01 08:00:00,2.182,2.261,2.18,2.26,1129192.738587
2025-10-01 09:00:00,2.261,2.275,2.254,2.267,394183.503159
2025-10-01 10:00:00,2.268,2.269,2.25,2.252,258583.262916
2025-10-01 11:00:00,2.253,2.257,2.249,2.254,92357.967071
2025-10-01 12:00:00,2.255,2.261,2.239,2.239,142623.713919
2025-10-01 13:00:00,2.241,2.256,2.241,2.252,127223.118678
2025-10-01 14:00:00,2.252,2.264,2.248,2.255,104830.377588
2025-10-01 15:00:00,2.256,2.265,2.249,2.261,92200.522595
2025-10-01 16:00:00,2.262,2.264,2.249,2.252,101722.997779
2025-10-01 17:00:00,2.253,2.26,2.251,2.256,67324.921113
2025-10-01 18:00:00,2.257,2.286,2.257,2.282,200695.240968
2025-10-01 19:00:00,2.283,2.301,2.28,2.296,173969.15593
2025-10-01 20:00:00,2.295,2.299,2.288,2.293,78035.166446
2025-10-01 21:00:00,2.294,2.295,2.281,2.287,63032.527789
2025-10-01 22:00:00,2.287,2.298,2.283,2.288,31726.38806
2025-10-01 23:00:00,2.288,2.298,2.286,2.297,65036.351616
2025-10-02 00:00:00,2.297,2.308,2.291,2.294,129695.834153
2025-10-02 01:00:00,2.293,2.32,2.29,2.319,88376.634499
2025-10-02 02:00:00,2.318,2.333,2.308,2.328,126548.639829
2025-10-02 03:00:00,2.327,2.329,2.318,2.32,109494.45525
2025-10-02 04:00:00,2.321,2.327,2.312,2.327,101961.014554
2025-10-02 05:00:00,2.327,2.34,2.327,2.337,114001.514385
2025-10-02 06:00:00,2.337,2.353,2.334,2.336,189207.326846
2025-10-02 07:00:00,2.337,2.34,2.322,2.322,182100.317754
2025-10-02 08:00:00,2.324,2.328,2.321,2.325,100714.378289
2025-10-02 09:00:00,2.324,2.33,2.319,2.329,85764.811885
2025-10-02 10:00:00,2.329,2.347,2.323,2.343,72742.467837
2025-10-02 11:00:00,2.342,2.357,2.339,2.344,102156.080482
2025-10-02 12:00:00,2.345,2.363,2.342,2.361,178215.670387
2025-10-02 13:00:00,2.361,2.362,2.336,2.348,172968.678168
2025-10-02 14:00:00,2.347,2.349,2.307,2.319,204834.22507
2025-10-02 15:00:00,2.319,2.336,2.307,2.335,418917.323107
2025-10-02 16:00:00,2.335,2.355,2.33,2.341,218313.374013
2025-10-02 17:00:00,2.341,2.386,2.337,2.378,230117.673998
2025-10-02 18:00:00,2.378,2.391,2.378,2.383,137043.260838
2025-10-02 19:00:00,2.385,2.392,2.382,2.382,48834.019158
2025-10-02 20:00:00,2.384,2.39,2.373,2.384,66615.686476
2025-10-02 21:00:00,2.384,2.398,2.383,2.389,59986.855446
2025-10-02 22:00:00,2.388,2.399,2.38,2.385,79179.165269
2025-10-02 23:00:00,2.386,2.388,2.378,2.385,122504.540572
2025-10-03 00:00:00,2.385,2.386,2.355,2.36,106138.897764
2025-10-03 01:00:00,2.36,2.364,2.337,2.34,255692.957527
2025-10-03 02:00:00,2.34,2.352,2.336,2.346,167090.894409
2025-10-03 03:00:00,2.345,2.36,2.336,2.338,281500.304759
2025-10-03 04:00:00,2.338,2.356,2.337,2.352,52623.761646
2025-10-03 05:00:00,2.353,2.355,2.336,2.344,71645.68
2025-10-03 06:00:00,2.344,2.344,2.315,2.329,171726.439092
2025-10-03 07:00:00,2.329,2.331,2.319,2.331,69906.765481
2025-10-03 08:00:00,2.331,2.334,2.314,2.334,138352.186913
2025-10-03 09:00:00,2.333,2.335,2.323,2.331,63636.587735
2025-10-03 10:00:00,2.331,2.332,2.326,2.327,19411.107457
2025-10-03 11:00:00,2.327,2.329,2.317,2.323,56781.997118
2025-10-03 12:00:00,2.322,2.33,2.317,2.329,72180.090572
2025-10-03 13:00:00,2.328,2.348,2.316,2.34,106453.69222
2025-10-03 14:00:00,2.339,2.354,2.324,2.348,103934.384052
2025-10-03 15:00:00,2.347,2.388,2.342,2.387,118931.384485
2025-10-03 16:00:00,2.386,2.432,2.386,2.397,499944.618513
2025-10-03 17:00:00,2.398,2.405,2.352,2.37,546593.147458
2025-10-03 18:00:00,2.372,2.418,2.36,2.412,234995.032193
2025-10-03 19:00:00,2.413,2.427,2.407,2.414,56952.022546
2025-10-03 20:00:00,2.416,2.419,2.408,2.411,67554.995984
2025-10-03 21:00:00,2.413,2.416,2.398,2.405,43685.072128
2025-10-03 22:00:00,2.407,2.412,2.4,2.401,21179.10383
2025-10-03 23:00:00,2.402,2.402,2.388,2.39,127675.55261
2025-10-04 00:00:00,2.392,2.404,2.386,2.399,97076.542981
2025-10-04 01:00:00,2.4,2.4,2.366,2.373,107128.1347
2025-10-04 02:00:00,2.373,2.38,2.36,2.373,64512.092208
2025-10-04 03:00:00,2.374,2.375,2.354,2.363,113151.521117
2025-10-04 04:00:00,2.363,2.369,2.354,2.362,67966.427847
2025-10-04 05:00:00,2.363,2.373,2.362,2.368,41968.086365
2025-10-04 06:00:00,2.371,2.378,2.368,2.373,38167.782944
2025-10-04 07:00:00,2.371,2.371,2.355,2.361,44084.498979
2025-10-04 08:00:00,2.36,2.363,2.336,2.34,131660.828166
2025-10-04 09:00:00,2.339,2.347,2.319,2.322,142936.734002
2025-10-04 10:00:00,2.322,2.334,2.305,2.31,132157.075811
2025-10-04 11:00:00,2.31,2.32,2.306,2.317,92922.088792
2025-10-04 12:00:00,2.318,2.326,2.314,2.319,56290.603007
2025-10-04 13:00:00,2.321,2.343,2.319,2.333,60707.471856
2025-10-04 14:00:00,2.333,2.341,2.303,2.306,96238.002048
2025-10-04 15:00:00,2.305,2.315,2.27,2.284,354444.446682
2025-10-04 16:00:00,2.284,2.295,2.276,2.294,92722.568747
2025-10-04 17:00:00,2.293,2.299,2.285,2.293,84499.856458
2025-10-04 18:00:00,2.294,2.296,2.284,2.284,25106.491029
2025-10-04 19:00:00,2.286,2.3,2.286,2.3,35663.819079
2025-10-04 20:00:00,2.3,2.309,2.3,2.302,40341.576204
2025-10-04 21:00:00,2.303,2.315,2.302,2.308,53165.933649
2025-10-04 22:00:00,2.308,2.319,2.305,2.314,30103.611771
2025-10-04 23:00:00,2.315,2.317,2.31,2.315,29736.707407
2025-10-05 00:00:00,2.316,2.325,2.297,2.297,119840.130077
2025-10-05 01:00:00,2.299,2.308,2.296,2.305,51207.349454
2025-10-05 02:00:00,2.305,2.345,2.3,2.345,177756.521346
2025-10-05 03:00:00,2.346,2.354,2.336,2.338,168910.337684
2025-10-05 04:00:00,2.339,2.37,2.336,2.364,220456.550228
2025-10-05 05:00:00,2.365,2.377,2.361,2.376,160560.730336
2025-10-05 06:00:00,2.375,2.376,2.363,2.366,127718.326868
2025-10-05 07:00:00,2.366,2.405,2.366,2.404,175791.861662
2025-10-05 08:00:00,2.404,2.416,2.387,2.39,297150.318052
2025-10-05 09:00:00,2.391,2.396,2.365,2.373,242744.985293
2025-10-05 10:00:00,2.374,2.385,2.361,2.368,142697.200892
2025-10-05 11:00:00,2.367,2.371,2.357,2.369,77023.389584
2025-10-05 12:00:00,2.368,2.369,2.351,2.352,98870.38727
2025-10-05 13:00:00,2.352,2.366,2.351,2.362,43721.600284
2025-10-05 14:00:00,2.362,2.377,2.349,2.361,111218.680258
2025-10-05 15:00:00,2.361,2.374,2.359,2.369,55594.382097
2025-10-05 16:00:00,2.369,2.378,2.35,2.373,116750.562753
2025-10-05 17:00:00,2.373,2.379,2.34,2.346,62871.571429
2025-10-05 18:00:00,2.346,2.352,2.33,2.345,84917.559837
2025-10-05 19:00:00,2.345,2.345,2.311,2.314,109879.490569
2025-10-05 20:00:00,2.314,2.331,2.307,2.322,70026.87473
2025-10-05 21:00:00,2.322,2.33,2.319,2.328,70273.348028
2025-10-05 22:00:00,2.328,2.337,2.322,2.336,91863.875524
2025-10-05 23:00:00,2.336,2.34,2.332,2.332,53611.043487
2025-10-06 00:00:00,2.332,2.351,2.314,2.321,172751.204993
2025-10-06 01:00:00,2.321,2.355,2.311,2.341,192814.022676
2025-10-06 02:00:00,2.34,2.362,2.331,2.351,99501.136502
2025-10-06 03:00:00,2.35,2.353,2.338,2.343,91127.312277
2025-10-06 04:00:00,2.343,2.344,2.323,2.326,48748.493681
2025-10-06 05:00:00,2.326,2.335,2.318,2.334,66243.441354
2025-10-06 06:00:00,2.334,2.361,2.333,2.353,121050.157552
2025-10-06 07:00:00,2.354,2.361,2.333,2.343,57922.708589
2025-10-06 08:00:00,2.345,2.36,2.345,2.354,76688.240159
2025-10-06 09:00:00,2.354,2.361,2.352,2.354,59691.133886
2025-10-06 10:00:00,2.354,2.357,2.343,2.35,37445.482497
2025-10-06 11:00:00,2.35,2.365,2.343,2.352,47396.798315
2025-10-06 12:00:00,2.353,2.371,2.353,2.368,122602.480587
2025-10-06 13:00:00,2.369,2.422,2.364,2.415,501542.17676
2025-10-06 14:00:00,2.416,2.43,2.399,2.402,859896.56317
2025-10-06 15:00:00,2.402,2.425,2.402,2.414,281816.484176
2025-10-06 16:00:00,2.416,2.425,2.401,2.413,216178.112068
2025-10-06 17:00:00,2.413,2.429,2.408,2.421,143293.749371
2025-10-06 18:00:00,2.421,2.426,2.412,2.422,182804.848061
2025-10-06 19:00:00,2.421,2.422,2.412,2.418,77536.823154
2025-10-06 20:00:00,2.419,2.426,2.405,2.413,87884.848047
2025-10-06 21:00:00,2.413,2.416,2.398,2.413,59075.794203
2025-10-06 22:00:00,2.414,2.42,2.405,2.414,51917.437657
2025-10-06 23:00:00,2.415,2.416,2.402,2.406,89046.493107
2025-10-07 00:00:00,2.406,2.413,2.401,2.409,71154.408344
2025-10-07 01:00:00,2.409,2.414,2.394,2.399,141602.801503
2025-10-07 02:00:00,2.399,2.405,2.389,2.396,95007.817022
2025-10-07 03:00:00,2.395,2.402,2.389,2.395,24840.32738
2025-10-07 04:00:00,2.394,2.413,2.379,2.407,80475.678348
2025-10-07 05:00:00,2.407,2.411,2.398,2.402,53840.914953
2025-10-07 06:00:00,2.402,2.407,2.369,2.377,165124.991258
2025-10-07 07:00:00,2.377,2.39,2.368,2.376,151077.711521
2025-10-07 08:00:00,2.375,2.38,2.353,2.374,273447.173759
2025-10-07 09:00:00,2.374,2.389,2.373,2.386,48032.130733
2025-10-07 10:00:00,2.387,2.398,2.379,2.392,110077.583845
2025-10-07 11:00:00,2.392,2.402,2.385,2.401,73614.840085
2025-10-07 12:00:00,2.4,2.408,2.39,2.407,60531.264699
2025-10-07 13:00:00,2.408,2.409,2.357,2.379,261578.368304
2025-10-07 14:00:00,2.378,2.381,2.325,2.326,488672.899673
2025-10-07 15:00:00,2.327,2.331,2.28,2.293,1085725.19953
2025-10-07 16:00:00,2.292,2.313,2.272,2.304,327356.397487
2025-10-07 17:00:00,2.304,2.311,2.293,2.293,117189.359221
2025-10-07 18:00:00,2.293,2.303,2.28,2.28,59563.476962
2025-10-07 19:00:00,2.281,2.297,2.279,2.288,80586.804781
2025-10-07 20:00:00,2.288,2.318,2.286,2.306,142317.851445
2025-10-07 21:00:00,2.307,2.312,2.287,2.293,136790.964157
2025-10-07 22:00:00,2.293,2.306,2.288,2.298,73669.717645
2025-10-07 23:00:00,2.298,2.301,2.275,2.281,117209.682274
2025-10-08 00:00:00,2.281,2.302,2.277,2.295,60093.562978
2025-10-08 01:00:00,2.295,2.309,2.293,2.303,48769.034515
2025-10-08 02:00:00,2.303,2.307,2.292,2.295,51151.688884
2025-10-08 03:00:00,2.294,2.294,2.249,2.268,266069.690929
2025-10-08 04:00:00,2.268,2.285,2.254,2.279,98347.412264
2025-10-08 05:00:00,2.28,2.28,2.26,2.268,91187.240551
2025-10-08 06:00:00,2.269,2.279,2.259,2.277,115599.971557
2025-10-08 07:00:00,2.277,2.286,2.272,2.285,47676.818012
2025-10-08 08:00:00,2.286,2.306,2.283,2.296,145030.504704
2025-10-08 09:00:00,2.297,2.298,2.285,2.292,45095.421038
2025-10-08 10:00:00,2.292,2.299,2.287,2.294,47869.250179
2025-10-08 11:00:00,2.294,2.299,2.283,2.288,54072.053774
2025-10-08 12:00:00,2.289,2.293,2.282,2.286,49247.821174
2025-10-08 13:00:00,2.287,2.296,2.273,2.296,84532.578312
2025-10-08 14:00:00,2.296,2.322,2.286,2.291,207091.875209
2025-10-08 15:00:00,2.29,2.31,2.29,2.301,48165.495993
2025-10-08 16:00:00,2.302,2.335,2.296,2.335,82886.23173
2025-10-08 17:00:00,2.335,2.418,2.331,2.408,693776.956575
2025-10-08 18:00:00,2.408,2.414,2.381,2.382,502088.616345
2025-10-08 19:00:00,2.381,2.385,2.368,2.378,182950.233808
2025-10-08 20:00:00,2.378,2.385,2.364,2.365,61927.966685
2025-10-08 21:00:00,2.366,2.378,2.363,2.371,183903.978755
2025-10-08 22:00:00,2.375,2.384,2.373,2.373,75011.743096
2025-10-08 23:00:00,2.373,2.376,2.362,2.365,122193.694005
2025-10-09 00:00:00,2.366,2.368,2.342,2.342,234960.592081
2025-10-09 01:00:00,2.343,2.344,2.322,2.337,187828.051079
2025-10-09 02:00:00,2.336,2.337,2.288,2.295,460060.509924
2025-10-09 03:00:00,2.297,2.321,2.297,2.318,142461.988356
2025-10-09 04:00:00,2.317,2.324,2.311,2.323,55688.01829
2025-10-09 05:00:00,2.323,2.328,2.312,2.316,95106.741293
2025-10-09 06:00:00,2.316,2.316,2.294,2.297,258244.807735
2025-10-09 07:00:00,2.296,2.299,2.279,2.287,183762.297822
2025-10-09 08:00:00,2.286,2.288,2.251,2.254,306142.03523
2025-10-09 09:00:00,2.254,2.27,2.252,2.263,203426.494142
2025-10-09 10:00:00,2.263,2.275,2.254,2.269,128979.842498
2025-10-09 11:00:00,2.27,2.284,2.27,2.274,134023.08515
2025-10-09 12:00:00,2.274,2.3,2.27,2.293,139199.974998
2025-10-09 13:00:00,2.294,2.295,2.255,2.257,145254.450854
2025-10-09 14:00:00,2.257,2.268,2.232,2.255,325984.052717
2025-10-09 15:00:00,2.256,2.266,2.24,2.251,107579.573452
2025-10-09 16:00:00,2.25,2.259,2.222,2.23,254624.466614
2025-10-09 17:00:00,2.231,2.274,2.227,2.271,203169.89938
2025-10-09 18:00:00,2.272,2.274,2.258,2.259,82140.280813
2025-10-09 19:00:00,2.257,2.272,2.257,2.27,41793.976541
2025-10-09 20:00:00,2.27,2.275,2.266,2.274,75139.04703
2025-10-09 21:00:00,2.275,2.281,2.271,2.28,58095.831557
2025-10-09 22:00:00,2.281,2.314,2.279,2.306,155587.862994
2025-10-09 23:00:00,2.306,2.306,2.293,2.298,86711.125256
2025-10-10 00:00:00,2.299,2.311,2.29,2.306,178431.075861
2025-10-10 01:00:00,2.306,2.314,2.304,2.309,88750.180662
2025-10-10 02:00:00,2.309,2.312,2.297,2.298,98485.291026
2025-10-10 03:00:00,2.299,2.364,2.288,2.337,686589.603421
2025-10-10 04:00:00,2.336,2.346,2.324,2.341,242595.456916
2025-10-10 05:00:00,2.341,2.39,2.329,2.388,394208.842251
2025-10-10 06:00:00,2.387,2.391,2.352,2.359,273190.184452
2025-10-10 07:00:00,2.359,2.378,2.349,2.351,200344.582371
2025-10-10 08:00:00,2.351,2.377,2.351,2.372,160833.085092
2025-10-10 09:00:00,2.372,2.384,2.354,2.362,248159.655759
2025-10-10 10:00:00,2.363,2.381,2.363,2.376,112221.350504
2025-10-10 11:00:00,2.377,2.387,2.373,2.381,169500.46778
2025-10-10 12:00:00,2.381,2.415,2.372,2.407,458058.470444
2025-10-10 13:00:00,2.408,2.448,2.394,2.402,893542.677421
2025-10-10 14:00:00,2.402,2.408,2.353,2.366,571692.357173
2025-10-10 15:00:00,2.367,2.369,2.268,2.298,2035127.617703
2025-10-10 16:00:00,2.296,2.317,2.283,2.289,423910.638109
2025-10-10 17:00:00,2.287,2.292,2.25,2.258,413144.716522
2025-10-10 18:00:00,2.259,2.266,2.241,2.242,278856.020493
2025-10-10 19:00:00,2.242,2.249,2.19,2.214,846654.173952
2025-10-10 20:00:00,2.214,2.235,2.081,2.095,1560286.281422
2025-10-10 21:00:00,2.096,2.114,0.575,1.443,19474469.041048
2025-10-10 22:00:00,1.444,1.589,1.309,1.581,13281498.672218
2025-10-10 23:00:00,1.58,1.733,1.529,1.648,8615632.122653
2025-10-11 00:00:00,1.648,1.697,1.622,1.662,4061679.625831
2025-10-11 01:00:00,1.663,1.671,1.578,1.61,5112981.543057
2025-10-11 02:00:00,1.609,1.75,1.608,1.736,3347561.767362
2025-10-11 03:00:00,1.736,1.744,1.656,1.688,3131613.52483
2025-10-11 04:00:00,1.689,1.708,1.678,1.706,1104304.524428
2025-10-11 05:00:00,1.706,1.717,1.668,1.683,1182525.274783
2025-10-11 06:00:00,1.683,1.714,1.675,1.682,1205981.404135
2025-10-11 07:00:00,1.681,1.699,1.67,1.68,689974.593768
2025-10-11 08:00:00,1.679,1.713,1.66,1.71,993684.049647
2025-10-11 09:00:00,1.709,1.73,1.683,1.689,1241149.766654
2025-10-11 10:00:00,1.689,1.702,1.649,1.67,1292051.690287
2025-10-11 11:00:00,1.67,1.677,1.645,1.669,577382.751156
2025-10-11 12:00:00,1.668,1.677,1.634,1.653,545898.279266
2025-10-11 13:00:00,1.653,1.656,1.606,1.65,1097910.434822
2025-10-11 14:00:00,1.649,1.655,1.634,1.651,718917.291963
2025-10-11 15:00:00,1.65,1.664,1.643,1.65,427718.098185
2025-10-11 16:00:00,1.649,1.671,1.636,1.649,481676.857359
2025-10-11 17:00:00,1.649,1.662,1.643,1.652,302846.446978
2025-10-11 18:00:00,1.651,1.652,1.634,1.635,266176.755695
2025-10-11 19:00:00,1.635,1.635,1.556,1.573,1066479.357675
2025-10-11 20:00:00,1.573,1.577,1.509,1.522,1077096.079537
2025-10-11 21:00:00,1.523,1.548,1.492,1.544,1078377.811723
2025-10-11 22:00:00,1.544,1.565,1.539,1.562,503928.437396
2025-10-11 23:00:00,1.562,1.572,1.557,1.563,333627.730881
2025-10-12 00:00:00,1.563,1.566,1.525,1.528,590629.909838
2025-10-12 01:00:00,1.529,1.554,1.514,1.516,755208.603033
2025-10-12 02:00:00,1.517,1.53,1.493,1.516,788211.072516
2025-10-12 03:00:00,1.516,1.557,1.513,1.537,770587.028513
2025-10-12 04:00:00,1.537,1.566,1.537,1.557,443905.394389
2025-10-12 05:00:00,1.557,1.56,1.549,1.551,370071.410925
2025-10-12 06:00:00,1.55,1.57,1.544,1.57,567696.176166
2025-10-12 07:00:00,1.569,1.577,1.556,1.576,492703.38224
2025-10-12 08:00:00,1.576,1.581,1.56,1.561,312111.383869
2025-10-12 09:00:00,1.56,1.568,1.537,1.567,605530.660081
2025-10-12 10:00:00,1.567,1.576,1.556,1.558,255234.33529
2025-10-12 11:00:00,1.559,1.569,1.554,1.559,273242.898016
2025-10-12 12:00:00,1.558,1.577,1.555,1.56,362736.765757
2025-10-12 13:00:00,1.56,1.572,1.534,1.543,547208.104791
2025-10-12 14:00:00,1.543,1.624,1.542,1.599,1425095.920147
2025-10-12 15:00:00,1.6,1.654,1.598,1.644,1443699.673494
2025-10-12 16:00:00,1.643,1.687,1.642,1.665,1296781.759944
2025-10-12 17:00:00,1.665,1.682,1.655,1.667,435068.499584
2025-10-12 18:00:00,1.668,1.679,1.65,1.662,299751.544634
2025-10-12 19:00:00,1.663,1.691,1.662,1.689,285503.066605
2025-10-12 20:00:00,1.691,1.695,1.673,1.677,274891.26928
2025-10-12 21:00:00,1.678,1.684,1.645,1.664,336653.111613
2025-10-12 22:00:00,1.666,1.677,1.645,1.659,333947.895186
2025-10-12 23:00:00,1.659,1.66,1.639,1.658,375325.391867
2025-10-13 00:00:00,1.658,1.672,1.638,1.644,375688.943252
2025-10-13 01:00:00,1.643,1.66,1.633,1.66,335629.277226
2025-10-13 02:00:00,1.658,1.663,1.641,1.653,225136.008401
2025-10-13 03:00:00,1.654,1.657,1.64,1.645,245365.329552
2025-10-13 04:00:00,1.645,1.648,1.631,1.646,225374.416075
2025-10-13 05:00:00,1.645,1.647,1.627,1.631,222409.500035
2025-10-13 06:00:00,1.632,1.662,1.624,1.658,284282.376552
2025-10-13 07:00:00,1.658,1.673,1.649,1.655,579728.163707
2025-10-13 08:00:00,1.655,1.678,1.653,1.676,283822.040969
2025-10-13 09:00:00,1.676,1.684,1.66,1.681,382512.899648
2025-10-13 10:00:00,1.681,1.686,1.664,1.673,305887.74483
2025-10-13 11:00:00,1.673,1.674,1.59,1.632,1947772.721448
2025-10-13 12:00:00,1.63,1.651,1.612,1.633,655404.793376
2025-10-13 13:00:00,1.633,1.679,1.628,1.662,1079488.325145
2025-10-13 14:00:00,1.661,1.668,1.62,1.636,810718.278832
2025-10-13 15:00:00,1.634,1.665,1.633,1.658,425725.862978
2025-10-13 16:00:00,1.659,1.671,1.646,1.667,317553.509326
2025-10-13 17:00:00,1.667,1.699,1.664,1.697,465168.088251
2025-10-13 18:00:00,1.697,1.7,1.677,1.689,321380.323208
2025-10-13 19:00:00,1.689,1.721,1.686,1.718,455645.213304
2025-10-13 20:00:00,1.718,1.73,1.707,1.73,177098.917036
2025-10-13 21:00:00,1.729,1.741,1.721,1.727,402777.854742
2025-10-13 22:00:00,1.727,1.732,1.713,1.721,278503.767773
2025-10-13 23:00:00,1.72,1.737,1.716,1.728,477297.781048
2025-10-14 00:00:00,1.729,1.736,1.72,1.733,257726.202429
2025-10-14 01:00:00,1.732,1.738,1.725,1.733,256769.222816
2025-10-14 02:00:00,1.731,1.733,1.702,1.704,618014.654166
2025-10-14 03:00:00,1.704,1.706,1.683,1.691,758536.896542
2025-10-14 04:00:00,1.693,1.697,1.651,1.663,384325.608947
2025-10-14 05:00:00,1.663,1.678,1.634,1.644,715333.777759
2025-10-14 06:00:00,1.644,1.656,1.555,1.595,2070284.47733
2025-10-14 07:00:00,1.595,1.608,1.579,1.589,879885.647592
2025-10-14 08:00:00,1.588,1.611,1.574,1.603,456373.776256
2025-10-14 09:00:00,1.602,1.617,1.601,1.606,411354.621731
2025-10-14 10:00:00,1.606,1.606,1.566,1.592,442986.511465
2025-10-14 11:00:00,1.593,1.614,1.592,1.605,288189.434307
2025-10-14 12:00:00,1.605,1.606,1.582,1.584,471631.699453
2025-10-14 13:00:00,1.585,1.618,1.569,1.605,440025.570925
2025-10-14 14:00:00,1.605,1.633,1.597,1.614,413360.319198
2025-10-14 15:00:00,1.614,1.657,1.605,1.652,490642.003209
2025-10-14 16:00:00,1.653,1.686,1.639,1.664,687662.338581
2025-10-14 17:00:00,1.663,1.685,1.639,1.663,484858.52764
2025-10-14 18:00:00,1.665,1.681,1.662,1.667,122555.991291
2025-10-14 19:00:00,1.668,1.683,1.642,1.666,310435.978785
2025-10-14 20:00:00,1.666,1.678,1.659,1.677,75868.967399
2025-10-14 21:00:00,1.678,1.678,1.662,1.678,129915.396139
2025-10-14 22:00:00,1.678,1.688,1.666,1.671,123224.986646
2025-10-14 23:00:00,1.672,1.681,1.671,1.675,125249.600399
2025-10-15 00:00:00,1.675,1.676,1.659,1.671,449184.106255
2025-10-15 01:00:00,1.67,1.672,1.652,1.663,197328.412657
2025-10-15 02:00:00,1.664,1.685,1.663,1.674,202110.566519
2025-10-15 03:00:00,1.675,1.678,1.652,1.66,224427.786536
2025-10-15 04:00:00,1.66,1.672,1.655,1.666,155208.379286
2025-10-15 05:00:00,1.666,1.674,1.661,1.668,101958.222854
2025-10-15 06:00:00,1.669,1.676,1.653,1.673,219740.94947
2025-10-15 07:00:00,1.673,1.683,1.666,1.675,210400.014873
2025-10-15 08:00:00,1.675,1.711,1.674,1.692,958170.199177
2025-10-15 09:00:00,1.692,1.692,1.664,1.67,389114.524036
2025-10-15 10:00:00,1.669,1.677,1.656,1.665,218164.136668
2025-10-15 11:00:00,1.664,1.672,1.647,1.66,401168.984176
2025-10-15 12:00:00,1.66,1.668,1.644,1.65,388735.937209
2025-10-15 13:00:00,1.651,1.657,1.609,1.643,678960.866048
2025-10-15 14:00:00,1.643,1.66,1.613,1.623,460826.029865
2025-10-15 15:00:00,1.623,1.635,1.604,1.615,406733.802887
2025-10-15 16:00:00,1.615,1.625,1.606,1.618,310426.597788
2025-10-15 17:00:00,1.618,1.618,1.597,1.617,271102.452618
2025-10-15 18:00:00,1.617,1.627,1.607,1.625,95705.176067
2025-10-15 19:00:00,1.624,1.624,1.6,1.606,90570.219941
2025-10-15 20:00:00,1.607,1.613,1.577,1.597,221031.512409
2025-10-15 21:00:00,1.597,1.608,1.58,1.591,260792.828013
2025-10-15 22:00:00,1.592,1.605,1.588,1.594,115085.603702
2025-10-15 23:00:00,1.592,1.606,1.592,1.603,82121.718315
2025-10-16 00:00:00,1.603,1.608,1.596,1.597,186108.500978
2025-10-16 01:00:00,1.597,1.615,1.597,1.612,123281.290928
2025-10-16 02:00:00,1.613,1.617,1.599,1.607,157790.849875
2025-10-16 03:00:00,1.606,1.609,1.593,1.594,104515.444332
2025-10-16 04:00:00,1.594,1.607,1.587,1.593,274910.811211
2025-10-16 05:00:00,1.593,1.604,1.581,1.593,239054.366791
2025-10-16 06:00:00,1.593,1.614,1.591,1.61,259694.482935
2025-10-16 07:00:00,1.611,1.614,1.594,1.597,281502.480402
2025-10-16 08:00:00,1.597,1.598,1.579,1.58,439259.951098
2025-10-16 09:00:00,1.58,1.598,1.53,1.585,1961266.916713
2025-10-16 10:00:00,1.584,1.602,1.577,1.592,594805.879868
2025-10-16 11:00:00,1.592,1.599,1.583,1.599,208449.555953
2025-10-16 12:00:00,1.599,1.611,1.597,1.599,309924.022136
2025-10-16 13:00:00,1.599,1.603,1.576,1.585,378450.589412
2025-10-16 14:00:00,1.585,1.596,1.554,1.574,568892.032856
2025-10-16 15:00:00,1.575,1.578,1.526,1.537,1169979.748364
2025-10-16 16:00:00,1.536,1.562,1.514,1.562,691457.461973
2025-10-16 17:00:00,1.561,1.562,1.536,1.539,361327.415742
2025-10-16 18:00:00,1.539,1.54,1.518,1.531,341906.452428
2025-10-16 19:00:00,1.53,1.532,1.486,1.496,510853.277462
2025-10-16 20:00:00,1.498,1.503,1.462,1.471,641880.416026
2025-10-16 21:00:00,1.471,1.5,1.469,1.5,206225.212483
2025-10-16 22:00:00,1.5,1.502,1.479,1.48,396010.426456
2025-10-16 23:00:00,1.479,1.494,1.477,1.494,194012.791434
2025-10-17 00:00:00,1.494,1.503,1.489,1.503,289628.200769
2025-10-17 01:00:00,1.503,1.516,1.492,1.498,209912.171657
2025-10-17 02:00:00,1.499,1.502,1.483,1.493,221334.751681
2025-10-17 03:00:00,1.493,1.505,1.493,1.504,122387.464671
2025-10-17 04:00:00,1.504,1.508,1.497,1.504,118128.127524
2025-10-17 05:00:00,1.504,1.505,1.483,1.486,400601.008569
2025-10-17 06:00:00,1.487,1.491,1.429,1.438,934233.001608
2025-10-17 07:00:00,1.439,1.443,1.398,1.402,964659.188184
2025-10-17 08:00:00,1.402,1.415,1.377,1.399,1327595.755271
2025-10-17 09:00:00,1.398,1.442,1.395,1.419,560820.852003
2025-10-17 10:00:00,1.419,1.427,1.39,1.413,568801.16925
2025-10-17 11:00:00,1.414,1.457,1.413,1.443,881323.780022
2025-10-17 12:00:00,1.444,1.454,1.44,1.442,225988.830129
2025-10-17 13:00:00,1.441,1.464,1.431,1.452,348170.574188
2025-10-17 14:00:00,1.452,1.459,1.421,1.437,366278.402553
2025-10-17 15:00:00,1.438,1.462,1.432,1.462,289317.813751
2025-10-17 16:00:00,1.462,1.481,1.449,1.454,445388.130874
2025-10-17 17:00:00,1.454,1.469,1.45,1.464,152856.632074
2025-10-17 18:00:00,1.465,1.478,1.459,1.462,482160.187375
2025-10-17 19:00:00,1.462,1.466,1.451,1.459,142379.910262
2025-10-17 20:00:00,1.46,1.475,1.455,1.47,165699.107477
2025-10-17 21:00:00,1.47,1.486,1.47,1.473,485914.834439
2025-10-17 22:00:00,1.474,1.477,1.464,1.471,174375.410029
2025-10-17 23:00:00,1.47,1.472,1.459,1.465,361926.876828
2025-10-18 00:00:00,1.465,1.477,1.462,1.473,178727.570201
2025-10-18 01:00:00,1.473,1.499,1.473,1.496,193252.918086
2025-10-18 02:00:00,1.496,1.506,1.484,1.491,298309.553888
2025-10-18 03:00:00,1.491,1.5,1.491,1.494,77359.463611
2025-10-18 04:00:00,1.493,1.494,1.479,1.48,176336.933049
2025-10-18 05:00:00,1.479,1.484,1.471,1.484,183892.9328
2025-10-18 06:00:00,1.484,1.488,1.473,1.483,165614.142544
2025-10-18 07:00:00,1.484,1.505,1.479,1.483,194688.92718
2025-10-18 08:00:00,1.484,1.494,1.483,1.486,85510.010674
2025-10-18 09:00:00,1.485,1.498,1.484,1.495,393012.903924
2025-10-18 10:00:00,1.495,1.499,1.487,1.499,151598.856785
2025-10-18 11:00:00,1.498,1.507,1.494,1.501,117073.231342
2025-10-18 12:00:00,1.501,1.51,1.496,1.502,380103.000849
2025-10-18 13:00:00,1.503,1.505,1.493,1.498,120960.96621
2025-10-18 14:00:00,1.498,1.506,1.488,1.503,161760.587502
2025-10-18 15:00:00,1.503,1.511,1.485,1.495,661683.019526
2025-10-18 16:00:00,1.495,1.497,1.477,1.486,240587.079627
2025-10-18 17:00:00,1.487,1.499,1.483,1.497,118855.997252
2025-10-18 18:00:00,1.497,1.499,1.49,1.49,160118.186149
2025-10-18 19:00:00,1.491,1.495,1.488,1.494,37716.223754
2025-10-18 20:00:00,1.494,1.501,1.492,1.495,73640.231104
2025-10-18 21:00:00,1.494,1.499,1.49,1.499,55993.818465
2025-10-18 22:00:00,1.499,1.5,1.494,1.495,34317.666568
2025-10-18 23:00:00,1.495,1.496,1.492,1.494,65737.098684
2025-10-19 00:00:00,1.495,1.496,1.479,1.485,72069.234306
2025-10-19 01:00:00,1.485,1.491,1.479,1.49,62913.215834
2025-10-19 02:00:00,1.49,1.494,1.488,1.492,38268.085447
2025-10-19 03:00:00,1.491,1.514,1.489,1.509,221355.005778
2025-10-19 04:00:00,1.51,1.511,1.495,1.497,118397.525833
2025-10-19 05:00:00,1.498,1.502,1.487,1.491,161796.528228
2025-10-19 06:00:00,1.491,1.493,1.481,1.485,90156.034774
2025-10-19 07:00:00,1.486,1.491,1.484,1.491,83058.631739
2025-10-19 08:00:00,1.491,1.507,1.475,1.483,345315.700045
2025-10-19 09:00:00,1.482,1.509,1.469,1.498,409898.032065
2025-10-19 10:00:00,1.5,1.524,1.495,1.519,427118.548868
2025-10-19 11:00:00,1.519,1.532,1.513,1.514,196112.08433
2025-10-19 12:00:00,1.515,1.516,1.503,1.508,139337.477966
2025-10-19 13:00:00,1.509,1.532,1.503,1.528,238384.581922
2025-10-19 14:00:00,1.528,1.542,1.52,1.54,474898.082709
2025-10-19 15:00:00,1.539,1.547,1.534,1.539,394225.172611
2025-10-19 16:00:00,1.539,1.547,1.53,1.543,173096.013346
2025-10-19 17:00:00,1.543,1.556,1.535,1.535,228988.191128
2025-10-19 18:00:00,1.536,1.541,1.533,1.539,104550.907462
2025-10-19 19:00:00,1.539,1.539,1.529,1.539,41990.814024
2025-10-19 20:00:00,1.54,1.553,1.539,1.553,129918.554034
2025-10-19 21:00:00,1.552,1.554,1.535,1.543,74060.302285
2025-10-19 22:00:00,1.544,1.55,1.542,1.546,49682.887844
2025-10-19 23:00:00,1.546,1.546,1.529,1.532,121168.46143
2025-10-20 00:00:00,1.532,1.533,1.501,1.52,625639.472557
2025-10-20 01:00:00,1.52,1.525,1.515,1.518,108977.355414
2025-10-20 02:00:00,1.517,1.53,1.511,1.528,124823.161077
2025-10-20 03:00:00,1.529,1.574,1.526,1.565,430204.29137
2025-10-20 04:00:00,1.567,1.574,1.56,1.571,355011.454912
2025-10-20 05:00:00,1.572,1.582,1.565,1.577,168449.72779
2025-10-20 06:00:00,1.577,1.6,1.575,1.591,246542.836426
2025-10-20 07:00:00,1.591,1.593,1.578,1.585,203536.156115
2025-10-20 08:00:00,1.586,1.601,1.581,1.588,142686.818789
2025-10-20 09:00:00,1.587,1.591,1.583,1.588,86208.12531
2025-10-20 10:00:00,1.589,1.61,1.589,1.602,271000.542265
2025-10-20 11:00:00,1.601,1.619,1.591,1.618,239712.270294
2025-10-20 12:00:00,1.618,1.619,1.601,1.604,169158.206152
2025-10-20 13:00:00,1.605,1.62,1.598,1.616,192672.505273
2025-10-20 14:00:00,1.617,1.63,1.607,1.623,267820.232847
2025-10-20 15:00:00,1.624,1.626,1.59,1.591,416086.993109
2025-10-20 16:00:00,1.591,1.593,1.561,1.579,392142.713042
2025-10-20 17:00:00,1.578,1.587,1.567,1.576,189004.627386
2025-10-20 18:00:00,1.576,1.589,1.572,1.588,94108.306635
2025-10-20 19:00:00,1.588,1.601,1.579,1.596,109227.235354
2025-10-20 20:00:00,1.595,1.6,1.59,1.596,49093.077352
2025-10-20 21:00:00,1.595,1.601,1.583,1.586,170670.996656
2025-10-20 22:00:00,1.586,1.593,1.586,1.59,56552.449779
2025-10-20 23:00:00,1.589,1.591,1.579,1.58,76697.699435
2025-10-21 00:00:00,1.579,1.585,1.575,1.578,110206.261522
2025-10-21 01:00:00,1.577,1.578,1.564,1.569,214733.065842
2025-10-21 02:00:00,1.569,1.57,1.555,1.555,217529.580949
2025-10-21 03:00:00,1.555,1.559,1.55,1.552,173317.019019
2025-10-21 04:00:00,1.552,1.554,1.516,1.521,438096.769354
2025-10-21 05:00:00,1.522,1.531,1.517,1.524,210786.221424
2025-10-21 06:00:00,1.524,1.538,1.521,1.535,200618.37605
2025-10-21 07:00:00,1.535,1.545,1.528,1.542,101300.184095
2025-10-21 08:00:00,1.542,1.542,1.526,1.538,191301.288916
2025-10-21 09:00:00,1.537,1.559,1.532,1.553,247352.430708
2025-10-21 10:00:00,1.553,1.58,1.552,1.566,525265.841651
2025-10-21 11:00:00,1.565,1.566,1.553,1.559,146478.343318
2025-10-21 12:00:00,1.559,1.572,1.551,1.556,204753.702881
2025-10-21 13:00:00,1.557,1.564,1.545,1.553,267851.47516
2025-10-21 14:00:00,1.553,1.603,1.553,1.603,741216.715309
2025-10-21 15:00:00,1.603,1.641,1.595,1.63,1027443.798771
2025-10-21 16:00:00,1.629,1.652,1.618,1.621,1063455.874066
2025-10-21 17:00:00,1.622,1.645,1.613,1.64,513832.84076
2025-10-21 18:00:00,1.641,1.646,1.627,1.635,174374.44627
2025-10-21 19:00:00,1.634,1.635,1.624,1.625,88905.602385
2025-10-21 20:00:00,1.625,1.629,1.604,1.611,142069.972267
2025-10-21 21:00:00,1.61,1.613,1.584,1.605,240071.158879
2025-10-21 22:00:00,1.605,1.607,1.572,1.579,463425.242153
2025-10-21 23:00:00,1.578,1.584,1.553,1.561,250468.558179
2025-10-22 00:00:00,1.561,1.569,1.546,1.557,400032.796438
2025-10-22 01:00:00,1.558,1.577,1.557,1.568,196410.378209
2025-10-22 02:00:00,1.569,1.573,1.555,1.558,98699.739187
2025-10-22 03:00:00,1.558,1.56,1.544,1.56,161653.068491
2025-10-22 04:00:00,1.561,1.571,1.558,1.57,115609.460862
2025-10-22 05:00:00,1.569,1.569,1.531,1.546,245884.129383
2025-10-22 06:00:00,1.545,1.546,1.532,1.535,231413.049327
2025-10-22 07:00:00,1.535,1.545,1.527,1.542,205042.20276
2025-10-22 08:00:00,1.541,1.541,1.53,1.53,91094.312006
2025-10-22 09:00:00,1.53,1.533,1.513,1.519,210598.745919
2025-10-22 10:00:00,1.518,1.525,1.507,1.509,144542.276192
2025-10-22 11:00:00,1.509,1.533,1.493,1.526,443476.079901
2025-10-22 12:00:00,1.525,1.538,1.522,1.531,117146.483592
2025-10-22 13:00:00,1.531,1.552,1.522,1.551,154564.321234
2025-10-22 14:00:00,1.55,1.552,1.522,1.551,349744.563834
2025-10-22 15:00:00,1.552,1.559,1.53,1.546,201102.460848
2025-10-22 16:00:00,1.547,1.555,1.527,1.542,213518.295835
2025-10-22 17:00:00,1.542,1.551,1.524,1.529,83120.311613
2025-10-22 18:00:00,1.529,1.535,1.515,1.526,78463.83576
2025-10-22 19:00:00,1.526,1.542,1.512,1.527,120865.706493
2025-10-22 20:00:00,1.527,1.53,1.507,1.509,80609.618368
2025-10-22 21:00:00,1.509,1.509,1.459,1.484,791286.088971
2025-10-22 22:00:00,1.483,1.496,1.477,1.488,86802.44611
2025-10-22 23:00:00,1.487,1.524,1.487,1.519,241414.603873
2025-10-23 00:00:00,1.518,1.53,1.517,1.523,160726.90096
2025-10-23 01:00:00,1.524,1.531,1.521,1.522,104103.117132
2025-10-23 02:00:00,1.522,1.529,1.521,1.526,31804.816773
2025-10-23 03:00:00,1.527,1.535,1.527,1.531,31378.087751
2025-10-23 04:00:00,1.531,1.542,1.526,1.535,41087.561197
2025-10-23 05:00:00,1.536,1.538,1.529,1.535,76499.300152
2025-10-23 06:00:00,1.535,1.555,1.534,1.553,144983.13499
2025-10-23 07:00:00,1.554,1.554,1.542,1.547,130414.730449
2025-10-23 08:00:00,1.547,1.554,1.541,1.542,180402.465983
2025-10-23 09:00:00,1.542,1.546,1.536,1.544,86445.273225
2025-10-23 10:00:00,1.545,1.556,1.545,1.552,339902.031847
2025-10-23 11:00:00,1.552,1.555,1.543,1.545,120318.477706
2025-10-23 12:00:00,1.545,1.546,1.53,1.545,95395.366072
2025-10-23 13:00:00,1.546,1.564,1.542,1.557,355018.637785
2025-10-23 14:00:00,1.558,1.561,1.541,1.552,108333.702305
2025-10-23 15:00:00,1.552,1.571,1.547,1.56,152370.955483
2025-10-23 16:00:00,1.56,1.573,1.553,1.568,63079.5153
2025-10-23 17:00:00,1.569,1.578,1.555,1.576,143347.621873
2025-10-23 18:00:00,1.576,1.577,1.557,1.561,155549.915642
2025-10-23 19:00:00,1.562,1.564,1.554,1.561,57815.806636
2025-10-23 20:00:00,1.56,1.561,1.538,1.544,205938.173187
2025-10-23 21:00:00,1.543,1.549,1.538,1.54,94381.083866
2025-10-23 22:00:00,1.542,1.552,1.54,1.547,86607.076759
2025-10-23 23:00:00,1.548,1.557,1.546,1.556,43879.980881
2025-10-24 00:00:00,1.557,1.564,1.551,1.56,83594.329626
2025-10-24 01:00:00,1.56,1.562,1.552,1.558,60031.816226
2025-10-24 02:00:00,1.558,1.559,1.551,1.555,78692.441858
2025-10-24 03:00:00,1.555,1.556,1.55,1.553,92565.679855
2025-10-24 04:00:00,1.553,1.581,1.549,1.576,197829.124697
2025-10-24 05:00:00,1.577,1.581,1.572,1.576,125782.023377
2025-10-24 06:00:00,1.575,1.578,1.571,1.577,142396.548262
2025-10-24 07:00:00,1.577,1.579,1.562,1.569,80497.124033
2025-10-24 08:00:00,1.569,1.58,1.562,1.575,78885.248614
2025-10-24 09:00:00,1.574,1.575,1.567,1.569,88323.153057
2025-10-24 10:00:00,1.569,1.569,1.56,1.561,71038.652126
2025-10-24 11:00:00,1.561,1.562,1.544,1.561,143321.811904
2025-10-24 12:00:00,1.562,1.599,1.557,1.572,477690.933201
2025-10-24 13:00:00,1.572,1.573,1.551,1.563,173754.575996
2025-10-24 14:00:00,1.564,1.564,1.536,1.548,363853.173575
2025-10-24 15:00:00,1.549,1.559,1.539,1.545,152495.343435
2025-10-24 16:00:00,1.545,1.546,1.533,1.539,254907.342984
2025-10-24 17:00:00,1.538,1.55,1.538,1.543,175790.599323
2025-10-24 18:00:00,1.543,1.553,1.542,1.553,83909.965595
2025-10-24 19:00:00,1.554,1.568,1.553,1.564,90336.061922
2025-10-24 20:00:00,1.564,1.574,1.564,1.569,211649.58122
2025-10-24 21:00:00,1.569,1.576,1.565,1.575,290862.325844
2025-10-24 22:00:00,1.575,1.576,1.569,1.571,75157.751514
2025-10-24 23:00:00,1.571,1.573,1.567,1.57,108127.20222
2025-10-25 00:00:00,1.57,1.579,1.566,1.572,166176.660754
2025-10-25 01:00:00,1.574,1.578,1.567,1.568,121976.362352
2025-10-25 02:00:00,1.568,1.571,1.562,1.566,71857.109677
2025-10-25 03:00:00,1.566,1.567,1.557,1.558,66892.479484
2025-10-25 04:00:00,1.559,1.566,1.558,1.561,59597.365728
2025-10-25 05:00:00,1.562,1.562,1.553,1.557,56897.725601
2025-10-25 06:00:00,1.558,1.558,1.549,1.549,88835.389644
2025-10-25 07:00:00,1.55,1.561,1.549,1.551,71669.86749
2025-10-25 08:00:00,1.551,1.561,1.549,1.561,33850.389155
2025-10-25 09:00:00,1.561,1.561,1.55,1.551,38715.575708
2025-10-25 10:00:00,1.551,1.554,1.542,1.55,68330.555705
2025-10-25 11:00:00,1.549,1.556,1.546,1.555,23634.730189
2025-10-25 12:00:00,1.553,1.561,1.553,1.558,49767.594929
2025-10-25 13:00:00,1.559,1.559,1.553,1.558,229461.865783
2025-10-25 14:00:00,1.558,1.569,1.556,1.568,186805.082983
2025-10-25 15:00:00,1.567,1.568,1.56,1.563,68121.419359
2025-10-25 16:00:00,1.565,1.566,1.56,1.562,93021.166889
2025-10-25 17:00:00,1.563,1.569,1.561,1.562,33549.107317
2025-10-25 18:00:00,1.562,1.573,1.56,1.571,94989.411505
2025-10-25 19:00:00,1.57,1.57,1.565,1.569,34413.771697
2025-10-25 20:00:00,1.57,1.57,1.563,1.563,52439.603585
2025-10-25 21:00:00,1.563,1.566,1.559,1.563,62779.076758
2025-10-25 22:00:00,1.563,1.57,1.559,1.567,48879.913623
2025-10-25 23:00:00,1.566,1.567,1.56,1.56,145207.317668
2025-10-26 00:00:00,1.56,1.567,1.556,1.564,96159.242095
2025-10-26 01:00:00,1.562,1.563,1.547,1.552,99134.351621
2025-10-26 02:00:00,1.552,1.557,1.547,1.551,96328.847592
2025-10-26 03:00:00,1.55,1.553,1.545,1.549,101695.918465
2025-10-26 04:00:00,1.549,1.559,1.548,1.558,31600.851218
2025-10-26 05:00:00,1.559,1.565,1.556,1.564,54961.018469
2025-10-26 06:00:00,1.563,1.565,1.56,1.563,90605.650316
2025-10-26 07:00:00,1.564,1.573,1.561,1.572,108958.871599
2025-10-26 08:00:00,1.572,1.581,1.572,1.578,180370.682006
2025-10-26 09:00:00,1.579,1.602,1.575,1.598,339144.167669
2025-10-26 10:00:00,1.597,1.599,1.589,1.596,117106.024578
2025-10-26 11:00:00,1.595,1.635,1.59,1.628,614451.123366
2025-10-26 12:00:00,1.629,1.64,1.621,1.628,590689.142314
2025-10-26 13:00:00,1.631,1.644,1.623,1.636,236609.436737
2025-10-26 14:00:00,1.636,1.64,1.627,1.639,187912.475441
2025-10-26 15:00:00,1.64,1.647,1.632,1.645,138220.698554
2025-10-26 16:00:00,1.646,1.646,1.628,1.634,206195.451239
2025-10-26 17:00:00,1.634,1.639,1.631,1.638,90782.799165
2025-10-26 18:00:00,1.639,1.649,1.638,1.645,91795.018385
2025-10-26 19:00:00,1.646,1.648,1.64,1.646,39216.297165
2025-10-26 20:00:00,1.646,1.646,1.628,1.632,298512.845927
2025-10-26 21:00:00,1.633,1.644,1.63,1.643,194389.671148
2025-10-26 22:00:00,1.644,1.674,1.644,1.664,317451.99637
2025-10-26 23:00:00,1.665,1.668,1.65,1.651,169128.875579
2025-10-27 00:00:00,1.652,1.663,1.648,1.66,101634.692041
2025-10-27 01:00:00,1.659,1.676,1.657,1.672,138690.321137
2025-10-27 02:00:00,1.671,1.674,1.661,1.666,138792.486668
2025-10-27 03:00:00,1.666,1.67,1.661,1.669,102873.478252
2025-10-27 04:00:00,1.671,1.678,1.668,1.672,190348.372155
2025-10-27 05:00:00,1.673,1.685,1.669,1.67,200316.340382
2025-10-27 06:00:00,1.67,1.675,1.665,1.67,143446.061438
2025-10-27 07:00:00,1.67,1.672,1.654,1.667,138217.987611
2025-10-27 08:00:00,1.666,1.667,1.641,1.65,428441.099379
2025-10-27 09:00:00,1.649,1.65,1.624,1.63,427746.383299
2025-10-27 10:00:00,1.63,1.635,1.626,1.628,81629.404886
2025-10-27 11:00:00,1.628,1.638,1.621,1.638,113839.68169
2025-10-27 12:00:00,1.638,1.638,1.619,1.62,145936.107427
2025-10-27 13:00:00,1.621,1.63,1.604,1.625,227034.841388
2025-10-27 14:00:00,1.625,1.627,1.605,1.616,145898.998822
2025-10-27 15:00:00,1.617,1.634,1.617,1.629,133697.951054
2025-10-27 16:00:00,1.63,1.665,1.63,1.663,382018.331247
2025-10-27 17:00:00,1.664,1.677,1.658,1.672,184562.973735
2025-10-27 18:00:00,1.672,1.677,1.662,1.665,122619.754056
2025-10-27 19:00:00,1.666,1.669,1.657,1.658,231611.689056
2025-10-27 20:00:00,1.659,1.659,1.648,1.653,138717.780926
2025-10-27 21:00:00,1.652,1.662,1.639,1.65,125294.00034
2025-10-27 22:00:00,1.649,1.656,1.638,1.642,116865.841785
2025-10-27 23:00:00,1.64,1.645,1.628,1.64,121722.269754
2025-10-28 00:00:00,1.64,1.643,1.623,1.629,156291.477516
2025-10-28 01:00:00,1.63,1.637,1.627,1.63,80905.942413
2025-10-28 02:00:00,1.63,1.636,1.604,1.617,126355.261512
2025-10-28 03:00:00,1.616,1.625,1.608,1.617,102320.43849
2025-10-28 04:00:00,1.616,1.641,1.614,1.635,109850.985983
2025-10-28 05:00:00,1.635,1.641,1.615,1.619,150024.649022
2025-10-28 06:00:00,1.619,1.65,1.617,1.647,217879.241858
2025-10-28 07:00:00,1.648,1.653,1.626,1.627,288790.133078
2025-10-28 08:00:00,1.628,1.639,1.627,1.632,92036.632387
2025-10-28 09:00:00,1.632,1.638,1.627,1.638,119265.841691
2025-10-28 10:00:00,1.638,1.641,1.629,1.637,117967.452095
2025-10-28 11:00:00,1.637,1.642,1.627,1.627,101199.154912
2025-10-28 12:00:00,1.627,1.634,1.614,1.631,176276.846686
2025-10-28 13:00:00,1.631,1.648,1.631,1.64,238950.209756
2025-10-28 14:00:00,1.641,1.648,1.589,1.623,668276.52682
2025-10-28 15:00:00,1.623,1.63,1.609,1.619,197945.337207
2025-10-28 16:00:00,1.618,1.635,1.61,1.632,172110.587219
2025-10-28 17:00:00,1.632,1.638,1.626,1.627,98302.441349
2025-10-28 18:00:00,1.627,1.633,1.615,1.619,54295.400925
2025-10-28 19:00:00,1.62,1.62,1.584,1.594,260735.520458
2025-10-28 20:00:00,1.594,1.596,1.552,1.559,559344.279871
2025-10-28 21:00:00,1.558,1.562,1.532,1.553,403673.378306
2025-10-28 22:00:00,1.553,1.565,1.545,1.564,148403.817657
2025-10-28 23:00:00,1.564,1.565,1.556,1.559,74654.780645
2025-10-29 00:00:00,1.558,1.562,1.554,1.558,139260.786476
2025-10-29 01:00:00,1.557,1.571,1.555,1.564,201178.922839
2025-10-29 02:00:00,1.564,1.566,1.56,1.56,62687.86974
2025-10-29 03:00:00,1.559,1.563,1.551,1.557,99512.36557
2025-10-29 04:00:00,1.557,1.567,1.555,1.565,128955.004532
2025-10-29 05:00:00,1.565,1.576,1.563,1.571,130878.0558
2025-10-29 06:00:00,1.57,1.573,1.566,1.572,51034.189921
2025-10-29 07:00:00,1.572,1.582,1.57,1.58,99912.293112
2025-10-29 08:00:00,1.579,1.582,1.569,1.571,99058.705884
2025-10-29 09:00:00,1.572,1.579,1.566,1.577,49204.657464
2025-10-29 10:00:00,1.577,1.604,1.577,1.6,206082.015753
2025-10-29 11:00:00,1.6,1.632,1.6,1.626,438992.209605
2025-10-29 12:00:00,1.625,1.645,1.612,1.616,480035.837228
2025-10-29 13:00:00,1.616,1.626,1.608,1.614,197504.591235
2025-10-29 14:00:00,1.615,1.628,1.609,1.624,256367.772123
2025-10-29 15:00:00,1.625,1.628,1.591,1.601,394755.456901
2025-10-29 16:00:00,1.6,1.612,1.594,1.598,193894.860669
2025-10-29 17:00:00,1.599,1.638,1.597,1.638,110210.038161
2025-10-29 18:00:00,1.638,1.642,1.54,1.603,1693329.875161
2025-10-29 19:00:00,1.603,1.636,1.595,1.615,456816.152845
2025-10-29 20:00:00,1.616,1.634,1.6,1.624,293450.829041
2025-10-29 21:00:00,1.624,1.625,1.612,1.614,98080.782542
2025-10-29 22:00:00,1.615,1.62,1.608,1.61,88182.332916
2025-10-29 23:00:00,1.61,1.61,1.576,1.584,262439.430084
2025-10-30 00:00:00,1.584,1.604,1.575,1.601,134146.753465
2025-10-30 01:00:00,1.601,1.604,1.589,1.598,133803.081568
2025-10-30 02:00:00,1.598,1.61,1.595,1.607,74077.168006
2025-10-30 03:00:00,1.607,1.607,1.581,1.587,163315.253063
2025-10-30 04:00:00,1.586,1.586,1.516,1.538,1086389.957307
2025-10-30 05:00:00,1.538,1.566,1.53,1.564,411716.098416
2025-10-30 06:00:00,1.563,1.569,1.546,1.56,305181.737818
2025-10-30 07:00:00,1.559,1.583,1.559,1.575,138661.48207
2025-10-30 08:00:00,1.574,1.574,1.551,1.552,143099.541719
2025-10-30 09:00:00,1.551,1.554,1.54,1.545,129157.912297
2025-10-30 10:00:00,1.545,1.553,1.538,1.545,112553.568987
2025-10-30 11:00:00,1.545,1.549,1.537,1.537,85690.164367
2025-10-30 12:00:00,1.538,1.539,1.502,1.518,552710.037609
2025-10-30 13:00:00,1.517,1.521,1.475,1.485,663418.892121
2025-10-30 14:00:00,1.485,1.496,1.477,1.484,531529.669516
2025-10-30 15:00:00,1.483,1.487,1.454,1.464,529626.436089
2025-10-30 16:00:00,1.464,1.474,1.455,1.459,493452.626637
2025-10-30 17:00:00,1.459,1.459,1.414,1.432,538092.150269
2025-10-30 18:00:00,1.433,1.433,1.405,1.412,367264.860261
2025-10-30 19:00:00,1.412,1.42,1.397,1.409,499535.589924
2025-10-30 20:00:00,1.41,1.426,1.404,1.425,269371.744201
2025-10-30 21:00:00,1.424,1.432,1.418,1.428,115424.053338
2025-10-30 22:00:00,1.429,1.441,1.428,1.441,180437.941857
2025-10-30 23:00:00,1.442,1.465,1.439,1.465,270167.865826
2025-10-31 00:00:00,1.464,1.474,1.458,1.465,309791.279474
2025-10-31 01:00:00,1.465,1.481,1.463,1.481,311140.9858
2025-10-31 02:00:00,1.481,1.488,1.469,1.488,186951.182833
2025-10-31 03:00:00,1.488,1.488,1.473,1.476,125944.768982
2025-10-31 04:00:00,1.477,1.502,1.476,1.5,205985.984083
2025-10-31 05:00:00,1.499,1.506,1.492,1.496,179152.738425
2025-10-31 06:00:00,1.497,1.507,1.496,1.505,214923.65258
2025-10-31 07:00:00,1.504,1.523,1.503,1.519,401696.854216
2025-10-31 08:00:00,1.518,1.521,1.504,1.506,208161.759408
2025-10-31 09:00:00,1.507,1.511,1.494,1.501,210175.633556
2025-10-31 10:00:00,1.5,1.507,1.497,1.497,117724.539778
2025-10-31 11:00:00,1.497,1.519,1.493,1.517,131501.491959
2025-10-31 12:00:00,1.516,1.516,1.502,1.502,134022.391012
2025-10-31 13:00:00,1.502,1.513,1.496,1.513,165824.016529
2025-10-31 14:00:00,1.513,1.522,1.504,1.518,240752.451186
2025-10-31 15:00:00,1.518,1.528,1.501,1.502,216359.796063
2025-10-31 16:00:00,1.501,1.504,1.471,1.475,388373.682256
2025-10-31 17:00:00,1.474,1.486,1.462,1.476,227103.273957
2025-10-31 18:00:00,1.476,1.5,1.475,1.493,215114.663492
2025-10-31 19:00:00,1.492,1.518,1.483,1.512,224560.721925
2025-10-31 20:00:00,1.511,1.514,1.498,1.5,108405.119367
2025-10-31 21:00:00,1.5,1.508,1.498,1.502,143590.097739
2025-10-31 22:00:00,1.503,1.512,1.502,1.506,41973.872512
2025-10-31 23:00:00,1.506,1.52,1.503,1.516,103860.276179
2025-11-01 00:00:00,1.516,1.535,1.508,1.531,153522.928549
2025-11-01 01:00:00,1.531,1.542,1.522,1.531,190194.159387
2025-11-01 02:00:00,1.531,1.538,1.516,1.537,180334.158411
2025-11-01 03:00:00,1.537,1.544,1.532,1.538,151227.460786
2025-11-01 04:00:00,1.539,1.545,1.535,1.537,131058.694693
2025-11-01 05:00:00,1.537,1.544,1.533,1.534,138109.575703
2025-11-01 06:00:00,1.534,1.539,1.529,1.539,122973.650983
2025-11-01 07:00:00,1.539,1.569,1.536,1.561,293525.810759
2025-11-01 08:00:00,1.562,1.572,1.556,1.57,192475.305254
2025-11-01 09:00:00,1.57,1.576,1.562,1.563,204559.511665
2025-11-01 10:00:00,1.565,1.605,1.565,1.596,606077.078906
2025-11-01 11:00:00,1.597,1.643,1.597,1.635,1307442.686513
2025-11-01 12:00:00,1.635,1.692,1.635,1.687,1462221.652438
2025-11-01 13:00:00,1.687,1.716,1.664,1.692,2034186.602823
2025-11-01 14:00:00,1.691,1.702,1.666,1.689,975004.09717
2025-11-01 15:00:00,1.688,1.705,1.671,1.677,586882.923529
2025-11-01 16:00:00,1.677,1.706,1.665,1.682,499537.143894
2025-11-01 17:00:00,1.684,1.72,1.665,1.68,703294.024859
2025-11-01 18:00:00,1.68,1.692,1.675,1.691,171494.393725
2025-11-01 19:00:00,1.69,1.699,1.682,1.688,260984.454852
2025-11-01 20:00:00,1.689,1.69,1.671,1.675,128103.53165
2025-11-01 21:00:00,1.676,1.679,1.655,1.656,160048.168587
2025-11-01 22:00:00,1.656,1.663,1.653,1.662,195481.880411
2025-11-01 23:00:00,1.662,1.677,1.661,1.672,110233.306762
2025-11-02 00:00:00,1.671,1.687,1.661,1.678,295780.76938
2025-11-02 01:00:00,1.677,1.697,1.669,1.688,307285.967267
2025-11-02 02:00:00,1.687,1.689,1.675,1.675,137468.183819
2025-11-02 03:00:00,1.675,1.678,1.66,1.664,313537.307064
2025-11-02 04:00:00,1.665,1.68,1.665,1.676,161623.459624
2025-11-02 05:00:00,1.676,1.708,1.67,1.702,341582.509106
2025-11-02 06:00:00,1.701,1.703,1.686,1.694,370066.241498
2025-11-02 07:00:00,1.694,1.71,1.692,1.706,427489.642852
2025-11-02 08:00:00,1.707,1.725,1.703,1.723,450358.083601
2025-11-02 09:00:00,1.723,1.796,1.721,1.734,1551378.117503
2025-11-02 10:00:00,1.733,1.745,1.669,1.68,1108167.07671
2025-11-02 11:00:00,1.68,1.694,1.672,1.679,610243.310204
2025-11-02 12:00:00,1.679,1.69,1.658,1.679,832969.858113
2025-11-02 13:00:00,1.679,1.679,1.649,1.665,345075.545619
2025-11-02 14:00:00,1.665,1.675,1.619,1.63,716924.471042
2025-11-02 15:00:00,1.629,1.644,1.625,1.632,259752.700352
2025-11-02 16:00:00,1.633,1.641,1.609,1.64,292612.977999
2025-11-02 17:00:00,1.639,1.641,1.625,1.637,154875.272531
2025-11-02 18:00:00,1.637,1.641,1.626,1.631,85387.441683
2025-11-02 19:00:00,1.632,1.634,1.618,1.624,250744.967436
2025-11-02 20:00:00,1.625,1.639,1.621,1.637,683209.178121
2025-11-02 21:00:00,1.638,1.641,1.629,1.629,110522.084039
2025-11-02 22:00:00,1.628,1.655,1.627,1.651,171651.253012
2025-11-02 23:00:00,1.652,1.675,1.651,1.667,872088.598661
2025-11-03 00:00:00,1.667,1.668,1.644,1.648,288222.975673
2025-11-03 01:00:00,1.648,1.66,1.641,1.646,397033.173628
2025-11-03 02:00:00,1.646,1.65,1.628,1.649,378034.451856
2025-11-03 03:00:00,1.649,1.651,1.567,1.571,1028446.474502
2025-11-03 04:00:00,1.572,1.572,1.552,1.57,636965.443196
2025-11-03 05:00:00,1.57,1.576,1.518,1.52,926047.582504
2025-11-03 06:00:00,1.52,1.533,1.495,1.53,959333.747398
2025-11-03 07:00:00,1.53,1.537,1.515,1.525,370945.656151
2025-11-03 08:00:00,1.524,1.526,1.505,1.522,442234.01369
2025-11-03 09:00:00,1.521,1.534,1.506,1.508,350608.251689
2025-11-03 10:00:00,1.508,1.523,1.503,1.509,350162.134308
2025-11-03 11:00:00,1.51,1.548,1.51,1.533,333446.868902
2025-11-03 12:00:00,1.533,1.544,1.53,1.534,217394.635804
2025-11-03 13:00:00,1.533,1.555,1.528,1.539,282954.055938
2025-11-03 14:00:00,1.539,1.563,1.537,1.563,204669.31463
2025-11-03 15:00:00,1.562,1.564,1.439,1.473,3266736.751069
2025-11-03 16:00:00,1.473,1.512,1.455,1.494,778430.346809
2025-11-03 17:00:00,1.493,1.519,1.489,1.519,705202.555033
2025-11-03 18:00:00,1.52,1.52,1.468,1.472,417751.020394
2025-11-03 19:00:00,1.472,1.474,1.428,1.43,918425.774914
2025-11-03 20:00:00,1.432,1.434,1.404,1.415,579940.790134
2025-11-03 21:00:00,1.414,1.435,1.405,1.424,505253.752868
2025-11-03 22:00:00,1.424,1.47,1.407,1.448,730675.046618
2025-11-03 23:00:00,1.448,1.45,1.417,1.443,692817.182304
2025-11-04 00:00:00,1.443,1.465,1.425,1.458,305782.473458
2025-11-04 01:00:00,1.458,1.488,1.452,1.476,373204.437211
2025-11-04 02:00:00,1.476,1.49,1.473,1.478,216170.07484
2025-11-04 03:00:00,1.478,1.521,1.473,1.517,681325.765137
2025-11-04 04:00:00,1.517,1.557,1.509,1.546,1268068.480641
2025-11-04 05:00:00,1.546,1.547,1.445,1.452,1592097.444944
2025-11-04 06:00:00,1.45,1.502,1.437,1.481,707944.903093
2025-11-04 07:00:00,1.48,1.484,1.446,1.454,647287.856334
2025-11-04 08:00:00,1.453,1.495,1.441,1.481,745890.63422
2025-11-04 09:00:00,1.481,1.484,1.457,1.471,584205.847247
2025-11-04 10:00:00,1.472,1.493,1.47,1.481,582916.218803
2025-11-04 11:00:00,1.482,1.492,1.466,1.472,582063.105635
2025-11-04 12:00:00,1.471,1.471,1.447,1.455,739006.419012
2025-11-04 13:00:00,1.455,1.468,1.44,1.457,426247.72187
2025-11-04 14:00:00,1.457,1.489,1.422,1.484,1124109.626417
2025-11-04 15:00:00,1.484,1.49,1.453,1.455,993945.747815
2025-11-04 16:00:00,1.455,1.466,1.41,1.415,825458.184908
2025-11-04 17:00:00,1.415,1.416,1.362,1.386,1396064.667962
2025-11-04 18:00:00,1.384,1.385,1.327,1.365,1276116.620427
2025-11-04 19:00:00,1.364,1.375,1.343,1.347,536950.03703
2025-11-04 20:00:00,1.347,1.358,1.278,1.338,1834299.350529
2025-11-04 21:00:00,1.339,1.342,1.27,1.329,1208731.820958
2025-11-04 22:00:00,1.33,1.374,1.318,1.373,699413.674838
2025-11-04 23:00:00,1.373,1.384,1.361,1.367,458419.750352
2025-11-05 00:00:00,1.368,1.379,1.35,1.358,295244.146603
2025-11-05 01:00:00,1.358,1.358,1.297,1.343,880704.685707
2025-11-05 02:00:00,1.344,1.394,1.344,1.394,606984.38483
2025-11-05 03:00:00,1.394,1.406,1.383,1.4,643137.209404
2025-11-05 04:00:00,1.401,1.405,1.386,1.391,223473.39372
2025-11-05 05:00:00,1.392,1.404,1.389,1.393,187185.210095
2025-11-05 06:00:00,1.392,1.392,1.377,1.387,334220.424421
2025-11-05 07:00:00,1.387,1.39,1.368,1.374,366842.688276
2025-11-05 08:00:00,1.374,1.374,1.345,1.359,649055.279604
2025-11-05 09:00:00,1.358,1.372,1.356,1.365,275178.002577
2025-11-05 10:00:00,1.365,1.369,1.344,1.346,342929.088225
2025-11-05 11:00:00,1.346,1.377,1.346,1.374,576115.245528
2025-11-05 12:00:00,1.373,1.384,1.364,1.368,273503.694182
2025-11-05 13:00:00,1.367,1.381,1.357,1.371,370898.724048
2025-11-05 14:00:00,1.371,1.376,1.339,1.354,583109.878478
2025-11-05 15:00:00,1.354,1.379,1.347,1.378,732163.169138
2025-11-05 16:00:00,1.377,1.402,1.356,1.401,1007054.938961
2025-11-05 17:00:00,1.401,1.416,1.387,1.395,667673.755555
2025-11-05 18:00:00,1.395,1.413,1.394,1.41,632763.427461
2025-11-05 19:00:00,1.41,1.412,1.396,1.405,356237.184814
2025-11-05 20:00:00,1.405,1.418,1.4,1.405,250188.790472
2025-11-05 21:00:00,1.405,1.407,1.39,1.397,213248.02964
2025-11-05 22:00:00,1.397,1.414,1.394,1.412,247983.774071
2025-11-05 23:00:00,1.412,1.413,1.396,1.397,120571.931368
2025-11-06 00:00:00,1.396,1.396,1.374,1.377,476684.857615
2025-11-06 01:00:00,1.377,1.377,1.348,1.369,347514.932693
2025-11-06 02:00:00,1.369,1.382,1.352,1.375,362253.199436
2025-11-06 03:00:00,1.376,1.384,1.374,1.382,191282.664302
2025-11-06 04:00:00,1.383,1.387,1.373,1.379,176720.886741
2025-11-06 05:00:00,1.378,1.38,1.341,1.343,399481.880198
2025-11-06 06:00:00,1.343,1.35,1.325,1.327,460073.211718
2025-11-06 07:00:00,1.327,1.35,1.327,1.338,365033.346418
2025-11-06 08:00:00,1.337,1.339,1.326,1.335,215192.977935
2025-11-06 09:00:00,1.336,1.346,1.33,1.339,119153.064271
2025-11-06 10:00:00,1.34,1.359,1.331,1.355,248570.251265
2025-11-06 11:00:00,1.355,1.357,1.344,1.349,213123.315497
2025-11-06 12:00:00,1.348,1.357,1.336,1.337,408701.600776
2025-11-06 13:00:00,1.336,1.41,1.336,1.396,902950.908468
2025-11-06 14:00:00,1.396,1.42,1.376,1.389,1284499.636011
2025-11-06 15:00:00,1.389,1.408,1.358,1.378,1025901.267867
2025-11-06 16:00:00,1.378,1.433,1.362,1.429,1244580.025047
2025-11-06 17:00:00,1.43,1.542,1.43,1.54,3240600.294002
2025-11-06 18:00:00,1.539,1.675,1.527,1.643,3382738.377969
2025-11-06 19:00:00,1.643,1.825,1.643,1.751,8508236.831978
2025-11-06 20:00:00,1.75,1.919,1.727,1.776,7519767.074186
2025-11-06 21:00:00,1.776,1.837,1.746,1.797,3085069.378597
2025-11-06 22:00:00,1.798,1.95,1.766,1.911,3572548.813965
2025-11-06 23:00:00,1.911,1.929,1.814,1.886,3129295.095692
2025-11-07 00:00:00,1.885,2.19,1.86,2.058,8462348.128364
2025-11-07 01:00:00,2.058,2.258,1.996,2.114,7086152.870886
2025-11-07 02:00:00,2.113,2.119,2.026,2.085,2519122.734241
2025-11-07 03:00:00,2.086,2.137,2.058,2.122,2739204.396977
2025-11-07 04:00:00,2.123,2.214,1.988,2.039,5275559.451817
2025-11-07 05:00:00,2.04,2.173,2.034,2.122,3682005.013824
2025-11-07 06:00:00,2.122,2.272,2.105,2.151,5722558.816051
2025-11-07 07:00:00,2.153,2.227,2.093,2.188,5199652.609619
2025-11-07 08:00:00,2.189,2.2,2.08,2.101,3380386.680759
2025-11-07 09:00:00,2.102,2.328,2.102,2.312,5583699.427253
2025-11-07 10:00:00,2.311,2.37,2.185,2.236,5285182.162421
2025-11-07 11:00:00,2.235,2.243,2.045,2.09,4958643.308581
2025-11-07 12:00:00,2.089,2.159,2.05,2.074,3247434.043039
2025-11-07 13:00:00,2.074,2.199,2.021,2.167,4251987.108167
2025-11-07 14:00:00,2.167,2.318,2.148,2.277,6624349.488547
2025-11-07 15:00:00,2.278,2.5,2.264,2.49,8363284.3571
2025-11-07 16:00:00,2.49,3.15,2.441,2.965,19723523.233375
2025-11-07 17:00:00,2.964,3.456,2.801,3.406,10182344.238146
2025-11-07 18:00:00,3.407,3.951,3.211,3.324,16947705.458161
2025-11-07 19:00:00,3.326,3.504,3.157,3.28,7335983.371184
2025-11-07 20:00:00,3.279,3.457,3.221,3.398,4217533.511341
2025-11-07 21:00:00,3.397,3.682,3.377,3.496,4976589.55972
2025-11-07 22:00:00,3.496,3.537,3.335,3.378,3124577.108093
2025-11-07 23:00:00,3.38,3.383,3.236,3.363,2726386.270813
2025-11-08 00:00:00,3.362,3.482,2.891,2.933,6336254.076634
2025-11-08 01:00:00,2.933,3.244,2.905,3.217,3644206.141134
2025-11-08 02:00:00,3.216,3.396,3.125,3.281,2934839.963973
2025-11-08 03:00:00,3.283,3.356,3.098,3.121,2462903.910204
2025-11-08 04:00:00,3.121,3.44,3.121,3.303,3305880.129659
2025-11-08 05:00:00,3.302,3.338,3.105,3.154,2385487.83088
2025-11-08 06:00:00,3.156,3.22,3.036,3.137,2761036.487286
2025-11-08 07:00:00,3.138,3.319,3.094,3.26,2432033.371303
2025-11-08 08:00:00,3.261,3.613,3.208,3.345,6324021.994956
2025-11-08 09:00:00,3.344,3.384,3.188,3.293,2818035.712964
2025-11-08 10:00:00,3.293,3.39,3.279,3.3,1370536.460113
2025-11-08 11:00:00,3.299,3.338,3.127,3.277,1950549.270844
2025-11-08 12:00:00,3.277,3.406,3.24,3.364,1625600.739356
2025-11-08 13:00:00,3.364,3.513,3.162,3.203,3695155.711467
2025-11-08 14:00:00,3.2,3.239,2.982,3.109,4003341.23836
2025-11-08 15:00:00,3.11,3.115,2.854,2.881,2854524.828186
2025-11-08 16:00:00,2.883,2.941,2.73,2.847,5315373.630138
2025-11-08 17:00:00,2.846,2.88,2.771,2.797,1441263.445245
2025-11-08 18:00:00,2.796,2.913,2.768,2.875,1122079.203264
2025-11-08 19:00:00,2.874,2.905,2.793,2.84,677000.661981
2025-11-08 20:00:00,2.841,2.874,2.806,2.835,352126.503484
2025-11-08 21:00:00,2.834,2.947,2.756,2.918,1291226.210512
2025-11-08 22:00:00,2.917,3.176,2.903,3.054,3030176.112934
2025-11-08 23:00:00,3.056,3.063,2.935,2.956,2746419.209613
2025-11-09 00:00:00,2.956,2.994,2.86,2.916,2517368.828229
2025-11-09 01:00:00,2.916,2.956,2.82,2.892,1379256.403334
2025-11-09 02:00:00,2.891,2.893,2.632,2.658,3070347.64426
2025-11-09 03:00:00,2.658,2.688,2.52,2.557,4052126.269353
2025-11-09 04:00:00,2.557,2.61,2.528,2.546,1513962.735468
2025-11-09 05:00:00,2.546,2.565,2.494,2.548,1665927.683778
2025-11-09 06:00:00,2.549,2.598,2.513,2.535,1028623.676494
2025-11-09 07:00:00,2.535,2.64,2.535,2.629,1135807.254316
2025-11-09 08:00:00,2.629,2.686,2.579,2.602,1684289.204272
2025-11-09 09:00:00,2.602,2.672,2.535,2.557,1496114.022257
2025-11-09 10:00:00,2.556,2.59,2.532,2.585,862759.330298
2025-11-09 11:00:00,2.586,2.756,2.586,2.752,2492142.425356
2025-11-09 12:00:00,2.751,2.799,2.655,2.665,2379381.093191
2025-11-09 13:00:00,2.666,2.778,2.641,2.709,1341697.935769
2025-11-09 14:00:00,2.709,2.869,2.665,2.742,2510096.210054
2025-11-09 15:00:00,2.742,2.837,2.723,2.743,1645221.369441
2025-11-09 16:00:00,2.741,2.761,2.67,2.699,1442707.358955
2025-11-09 17:00:00,2.698,2.764,2.65,2.719,644012.869967
2025-11-09 18:00:00,2.719,2.817,2.658,2.801,1027097.092105
2025-11-09 19:00:00,2.801,2.91,2.761,2.9,1520310.537089
2025-11-09 20:00:00,2.9,2.96,2.828,2.856,1626219.021235
2025-11-09 21:00:00,2.856,2.899,2.812,2.819,919066.947706
2025-11-09 22:00:00,2.82,2.828,2.749,2.822,829509.272289
2025-11-09 23:00:00,2.823,2.853,2.726,2.781,851996.80487
2025-11-10 00:00:00,2.782,2.792,2.684,2.748,1463969.506031
2025-11-10 01:00:00,2.747,2.755,2.629,2.639,1053754.701698
2025-11-10 02:00:00,2.639,2.73,2.631,2.703,1780807.383754
2025-11-10 03:00:00,2.702,2.925,2.7,2.804,3093594.087642
2025-11-10 04:00:00,2.803,2.812,2.676,2.728,1935048.475963
2025-11-10 05:00:00,2.729,2.754,2.68,2.721,1241692.212826
2025-11-10 06:00:00,2.721,2.739,2.653,2.695,842994.756221
2025-11-10 07:00:00,2.694,2.719,2.609,2.623,1532139.327852
2025-11-10 08:00:00,2.623,2.656,2.573,2.604,1123960.088691
2025-11-10 09:00:00,2.605,2.642,2.602,2.641,523330.404642
2025-11-10 10:00:00,2.64,2.658,2.56,2.59,880150.647952
2025-11-10 11:00:00,2.591,2.644,2.582,2.622,470280.060927
2025-11-10 12:00:00,2.62,2.629,2.549,2.585,884590.933333
2025-11-10 13:00:00,2.584,2.618,2.548,2.559,1660825.460632
2025-11-10 14:00:00,2.558,2.558,2.48,2.524,1808628.741003
2025-11-10 15:00:00,2.524,2.543,2.492,2.512,687956.544234
2025-11-10 16:00:00,2.512,2.565,2.466,2.485,1192737.183299
2025-11-10 17:00:00,2.484,2.554,2.481,2.528,1026265.03623
2025-11-10 18:00:00,2.529,2.568,2.518,2.548,387172.014854
2025-11-10 19:00:00,2.547,2.597,2.54,2.578,305330.521862
2025-11-10 20:00:00,2.578,2.633,2.57,2.593,793540.429126
2025-11-10 21:00:00,2.594,2.599,2.544,2.563,983061.433132
2025-11-10 22:00:00,2.565,2.589,2.518,2.574,721080.164146
2025-11-10 23:00:00,2.575,2.589,2.518,2.554,449922.401757
2025-11-11 00:00:00,2.554,2.64,2.49,2.55,1782275.133395
2025-11-11 01:00:00,2.549,2.678,2.505,2.525,2255790.904412
2025-11-11 02:00:00,2.527,2.581,2.511,2.534,657505.096349
2025-11-11 03:00:00,2.535,2.626,2.534,2.576,1821637.60699
2025-11-11 04:00:00,2.575,2.599,2.493,2.501,1141704.826326
2025-11-11 05:00:00,2.502,2.502,2.366,2.387,2498783.597586
2025-11-11 06:00:00,2.387,2.435,2.38,2.391,1106924.2332
2025-11-11 07:00:00,2.391,2.405,2.334,2.349,1009572.31575
2025-11-11 08:00:00,2.35,2.366,2.326,2.357,666202.539886
2025-11-11 09:00:00,2.357,2.381,2.333,2.353,595173.763613
2025-11-11 10:00:00,2.354,2.404,2.353,2.379,391623.965382
2025-11-11 11:00:00,2.379,2.41,2.37,2.391,425688.805286
2025-11-11 12:00:00,2.391,2.42,2.361,2.401,748247.994086
2025-11-11 13:00:00,2.402,2.434,2.388,2.394,656753.191137
2025-11-11 14:00:00,2.393,2.429,2.372,2.421,711188.479066
2025-11-11 15:00:00,2.42,2.42,2.354,2.407,635496.631437
2025-11-11 16:00:00,2.407,2.438,2.382,2.4,715522.921879
2025-11-11 17:00:00,2.399,2.41,2.338,2.363,574643.974522
2025-11-11 18:00:00,2.364,2.37,2.309,2.323,676537.380963
2025-11-11 19:00:00,2.323,2.327,2.273,2.285,1242894.808963
2025-11-11 20:00:00,2.285,2.304,2.224,2.232,822134.805413
2025-11-11 21:00:00,2.234,2.267,2.208,2.225,720551.511643
2025-11-11 22:00:00,2.225,2.253,2.199,2.244,832197.394754
2025-11-11 23:00:00,2.243,2.253,2.215,2.228,357419.161939
2025-11-12 00:00:00,2.229,2.274,2.178,2.181,632169.874914
2025-11-12 01:00:00,2.181,2.254,2.181,2.25,663631.521972
2025-11-12 02:00:00,2.251,2.274,2.229,2.263,583290.887614
2025-11-12 03:00:00,2.264,2.28,2.248,2.264,317237.413331
2025-11-12 04:00:00,2.263,2.27,2.251,2.26,207286.060427
2025-11-12 05:00:00,2.26,2.284,2.253,2.267,252591.614315
2025-11-12 06:00:00,2.267,2.288,2.25,2.269,235610.649015
2025-11-12 07:00:00,2.268,2.33,2.256,2.289,693098.739072
2025-11-12 08:00:00,2.29,2.363,2.274,2.335,599422.177145
2025-11-12 09:00:00,2.336,2.353,2.324,2.329,417521.138667
2025-11-12 10:00:00,2.329,2.348,2.325,2.337,282846.262008
2025-11-12 11:00:00,2.337,2.359,2.294,2.304,712090.456763
2025-11-12 12:00:00,2.304,2.321,2.281,2.297,504125.834498
2025-11-12 13:00:00,2.297,2.323,2.29,2.31,273143.385344
2025-11-12 14:00:00,2.31,2.311,2.213,2.249,850174.335038
2025-11-12 15:00:00,2.25,2.262,2.161,2.17,1138223.190816
2025-11-12 16:00:00,2.168,2.181,2.1,2.118,2087431.641108
2025-11-12 17:00:00,2.117,2.176,2.084,2.174,1466931.103506
2025-11-12 18:00:00,2.173,2.19,2.148,2.158,397778.576474
2025-11-12 19:00:00,2.158,2.173,2.145,2.156,243343.96674
2025-11-12 20:00:00,2.155,2.239,2.15,2.203,991775.201319
2025-11-12 21:00:00,2.203,2.206,2.168,2.186,510545.172382
2025-11-12 22:00:00,2.186,2.206,2.17,2.202,228669.293149
2025-11-12 23:00:00,2.202,2.203,2.17,2.198,252308.556013
2025-11-13 00:00:00,2.198,2.237,2.188,2.194,458600.149086
2025-11-13 01:00:00,2.193,2.225,2.176,2.183,477426.585742
2025-11-13 02:00:00,2.184,2.195,2.164,2.18,392454.421892
2025-11-13 03:00:00,2.18,2.227,2.154,2.196,765178.159646
2025-11-13 04:00:00,2.196,2.21,2.175,2.188,379144.56244
2025-11-13 05:00:00,2.188,2.225,2.174,2.218,463442.270187
2025-11-13 06:00:00,2.218,2.224,2.185,2.186,414959.319816
2025-11-13 07:00:00,2.186,2.197,2.16,2.165,283317.60811
2025-11-13 08:00:00,2.166,2.21,2.158,2.194,465756.641569
2025-11-13 09:00:00,2.194,2.198,2.156,2.159,357528.946404
2025-11-13 10:00:00,2.16,2.182,2.132,2.135,414491.667145
2025-11-13 11:00:00,2.136,2.16,2.135,2.15,272143.46105
2025-11-13 12:00:00,2.15,2.195,2.15,2.169,453986.192935
2025-11-13 13:00:00,2.169,2.177,2.132,2.138,403277.076692
2025-11-13 14:00:00,2.138,2.184,2.11,2.171,845238.034887
2025-11-13 15:00:00,2.17,2.17,2.093,2.118,716488.877222
2025-11-13 16:00:00,2.118,2.133,2.051,2.058,1458326.512259
2025-11-13 17:00:00,2.058,2.071,2.035,2.045,684621.3575
2025-11-13 18:00:00,2.047,2.063,2.014,2.04,944366.242754
2025-11-13 19:00:00,2.04,2.041,2.005,2.032,864607.383337
2025-11-13 20:00:00,2.031,2.059,2.017,2.034,439617.284311
2025-11-13 21:00:00,2.034,2.039,1.994,2.019,612537.357761
2025-11-13 22:00:00,2.019,2.069,2.015,2.059,282504.549768
2025-11-13 23:00:00,2.059,2.091,2.057,2.068,551928.185786
2025-11-14 00:00:00,2.068,2.137,2.049,2.089,1250991.654865
2025-11-14 01:00:00,2.09,2.139,2.077,2.109,551754.919402
2025-11-14 02:00:00,2.109,2.122,2.1,2.106,302963.042591
2025-11-14 03:00:00,2.106,2.121,2.069,2.091,871220.710492
2025-11-14 04:00:00,2.091,2.091,2.001,2.065,1135519.608074
2025-11-14 05:00:00,2.065,2.113,2.036,2.106,956633.96953
2025-11-14 06:00:00,2.105,2.127,2.055,2.125,932525.373793
2025-11-14 07:00:00,2.125,2.144,2.097,2.143,655401.846171
2025-11-14 08:00:00,2.142,2.172,2.11,2.133,782866.677861
2025-11-14 09:00:00,2.133,2.133,2.063,2.092,529286.820546
2025-11-14 10:00:00,2.094,2.125,2.093,2.104,271242.256842
2025-11-14 11:00:00,2.104,2.105,2.048,2.064,484484.269726
2025-11-14 12:00:00,2.064,2.088,2.008,2.078,1153808.114834
2025-11-14 13:00:00,2.08,2.093,2.042,2.069,523125.558771
2025-11-14 14:00:00,2.069,2.093,2.013,2.069,858400.087046
2025-11-14 15:00:00,2.07,2.084,2.032,2.037,731164.572417
2025-11-14 16:00:00,2.038,2.059,2.012,2.036,615928.433557
2025-11-14 17:00:00,2.035,2.052,1.961,1.978,982805.768219
2025-11-14 18:00:00,1.977,2.028,1.976,1.997,497336.280864
2025-11-14 19:00:00,1.998,2.04,1.994,2.032,250128.776241
2025-11-14 20:00:00,2.032,2.033,1.95,1.971,353610.590485
2025-11-14 21:00:00,1.971,2.025,1.968,2.007,281579.913614
2025-11-14 22:00:00,2.007,2.036,1.999,2.007,323308.390505
2025-11-14 23:00:00,2.006,2.007,1.932,1.999,895748.089092
2025-11-15 00:00:00,1.998,2.017,1.976,2.009,643257.710454
2025-11-15 01:00:00,2.01,2.062,2.004,2.041,702228.484134
2025-11-15 02:00:00,2.04,2.041,2.022,2.038,336828.184392
2025-11-15 03:00:00,2.038,2.059,2.023,2.042,380802.694253
2025-11-15 04:00:00,2.043,2.098,2.041,2.055,683727.068152
2025-11-15 05:00:00,2.055,2.094,2.038,2.084,609221.507677
2025-11-15 06:00:00,2.085,2.199,2.069,2.14,2036954.082301
2025-11-15 07:00:00,2.14,2.144,2.091,2.097,869554.750221
2025-11-15 08:00:00,2.098,2.104,2.027,2.037,1326175.386454
2025-11-15 09:00:00,2.037,2.053,2.006,2.014,652630.554691
2025-11-15 10:00:00,2.014,2.048,2.009,2.046,481429.847396
2025-11-15 11:00:00,2.045,2.059,2.026,2.045,418876.333436
2025-11-15 12:00:00,2.044,2.081,2.03,2.072,483596.578901
2025-11-15 13:00:00,2.072,2.168,2.066,2.143,2035698.072719
2025-11-15 14:00:00,2.143,2.17,2.094,2.108,1744139.698229
2025-11-15 15:00:00,2.108,2.126,2.087,2.097,485789.154555
2025-11-15 16:00:00,2.097,2.122,2.054,2.114,790080.314704
2025-11-15 17:00:00,2.114,2.156,2.092,2.118,731465.607542
2025-11-15 18:00:00,2.118,2.118,2.091,2.104,185058.739306
2025-11-15 19:00:00,2.104,2.104,2.093,2.096,67879.929977
2025-11-15 20:00:00,2.097,2.097,2.045,2.047,384417.492278
2025-11-15 21:00:00,2.048,2.068,2.025,2.028,230449.684335
2025-11-15 22:00:00,2.028,2.061,2.022,2.051,320931.97433
2025-11-15 23:00:00,2.051,2.051,2.025,2.037,252871.336702
2025-11-16 00:00:00,2.036,2.047,1.991,2.036,1166895.201505
2025-11-16 01:00:00,2.036,2.063,1.998,2.039,692468.854357
2025-11-16 02:00:00,2.039,2.073,2.024,2.066,500482.483511
2025-11-16 03:00:00,2.066,2.069,2.046,2.064,546635.342545
2025-11-16 04:00:00,2.064,2.067,2.03,2.044,217582.149321
2025-11-16 05:00:00,2.044,2.073,2.041,2.056,251897.922088
2025-11-16 06:00:00,2.058,2.136,2.051,2.081,1446891.741266
2025-11-16 07:00:00,2.081,2.082,2.048,2.058,528218.625693
2025-11-16 08:00:00,2.058,2.068,2.04,2.052,182679.396257
2025-11-16 09:00:00,2.052,2.071,2.033,2.066,364293.445791
2025-11-16 10:00:00,2.066,2.066,2.036,2.041,240214.222964
2025-11-16 11:00:00,2.041,2.048,1.971,1.982,1262893.439346
2025-11-16 12:00:00,1.981,2.001,1.961,1.984,842004.629613
2025-11-16 13:00:00,1.984,2.003,1.972,1.992,550054.857197
2025-11-16 14:00:00,1.992,2.005,1.976,1.997,439250.415567
2025-11-16 15:00:00,1.997,2.002,1.933,1.943,807369.03168
2025-11-16 16:00:00,1.943,1.967,1.906,1.92,788321.466606
2025-11-16 17:00:00,1.92,1.927,1.873,1.906,1198154.162609
2025-11-16 18:00:00,1.906,1.942,1.903,1.912,502903.262838
2025-11-16 19:00:00,1.911,1.938,1.91,1.913,227648.787128
2025-11-16 20:00:00,1.913,1.93,1.907,1.913,127553.458428
2025-11-16 21:00:00,1.913,1.916,1.888,1.915,225635.290026
2025-11-16 22:00:00,1.916,1.969,1.908,1.967,376738.03981
2025-11-16 23:00:00,1.967,1.972,1.928,1.961,600555.532234
2025-11-17 00:00:00,1.961,1.991,1.933,1.983,434849.589376
2025-11-17 01:00:00,1.982,1.985,1.954,1.963,233274.215991
2025-11-17 02:00:00,1.964,1.991,1.956,1.989,325788.770035
2025-11-17 03:00:00,1.988,2.0,1.98,1.986,331779.535517
2025-11-17 04:00:00,1.987,1.989,1.967,1.971,278259.9137
2025-11-17 05:00:00,1.971,1.986,1.964,1.979,301892.279299
2025-11-17 06:00:00,1.979,1.987,1.965,1.986,280471.794833
2025-11-17 07:00:00,1.987,2.008,1.983,1.999,430954.224201
2025-11-17 08:00:00,1.999,2.003,1.986,1.995,236936.063009
2025-11-17 09:00:00,1.995,2.021,1.993,2.002,334487.794292
2025-11-17 10:00:00,2.002,2.004,1.986,1.99,218788.870056
2025-11-17 11:00:00,1.99,2.012,1.981,1.994,759367.160045
2025-11-17 12:00:00,1.994,2.009,1.992,1.997,241714.755289
2025-11-17 13:00:00,1.996,2.0,1.919,1.936,833332.026863
2025-11-17 14:00:00,1.935,2.026,1.929,1.98,1179167.273401
2025-11-17 15:00:00,1.981,2.002,1.954,1.973,489470.181073
2025-11-17 16:00:00,1.973,2.092,1.937,2.081,1661961.713126
2025-11-17 17:00:00,2.081,2.082,2.014,2.049,1079690.262017
2025-11-17 18:00:00,2.05,2.169,2.045,2.133,2855520.64262
2025-11-17 19:00:00,2.132,2.177,2.079,2.141,3067258.474637
2025-11-17 20:00:00,2.141,2.143,2.03,2.04,1187134.144115
2025-11-17 21:00:00,2.041,2.043,1.974,2.006,934056.658485
2025-11-17 22:00:00,2.007,2.09,1.99,2.055,747682.671033
2025-11-17 23:00:00,2.056,2.061,1.992,2.021,812152.396998
2025-11-18 00:00:00,2.021,2.098,1.982,2.074,1703854.429836
2025-11-18 01:00:00,2.076,2.172,2.059,2.169,2324171.08268
2025-11-18 02:00:00,2.168,2.207,2.101,2.111,2224070.326084
2025-11-18 03:00:00,2.111,2.114,2.057,2.063,1642248.240761
2025-11-18 04:00:00,2.063,2.114,2.041,2.104,966433.789594
2025-11-18 05:00:00,2.104,2.146,2.072,2.093,1267600.946982
2025-11-18 06:00:00,2.093,2.12,2.011,2.017,1224505.921012
2025-11-18 07:00:00,2.017,2.033,1.974,2.001,1244634.995007
2025-11-18 08:00:00,2.001,2.026,1.975,2.004,1571176.337258
2025-11-18 09:00:00,2.005,2.007,1.95,1.982,1263794.501083
2025-11-18 10:00:00,1.982,1.99,1.945,1.983,590225.397009
2025-11-18 11:00:00,1.982,1.982,1.932,1.943,770635.114714
2025-11-18 12:00:00,1.943,1.955,1.924,1.942,565877.647044
2025-11-18 13:00:00,1.941,1.941,1.895,1.928,810967.672925
2025-11-18 14:00:00,1.929,1.965,1.914,1.914,730220.959601
2025-11-18 15:00:00,1.913,1.978,1.901,1.948,1008145.279685
2025-11-18 16:00:00,1.948,2.036,1.936,2.007,2297528.119086
2025-11-18 17:00:00,2.006,2.013,1.963,1.979,1291378.338188
2025-11-18 18:00:00,1.98,2.01,1.977,1.981,460014.137508
2025-11-18 19:00:00,1.981,1.992,1.954,1.962,283043.527528
2025-11-18 20:00:00,1.963,1.975,1.957,1.965,132985.040252
2025-11-18 21:00:00,1.965,1.977,1.939,1.94,153772.291166
2025-11-18 22:00:00,1.941,2.012,1.941,2.01,354415.568172
2025-11-18 23:00:00,2.01,2.01,1.982,1.987,307860.825865
2025-11-19 00:00:00,1.987,2.025,1.953,2.009,618411.353621
2025-11-19 01:00:00,2.01,2.025,1.984,1.992,403593.165031
2025-11-19 02:00:00,1.991,2.007,1.969,1.979,433917.525346
2025-11-19 03:00:00,1.979,1.986,1.92,1.926,620513.244677
2025-11-19 04:00:00,1.926,1.94,1.916,1.919,341544.789429
2025-11-19 05:00:00,1.918,1.92,1.817,1.832,1920771.383135
2025-11-19 06:00:00,1.832,1.857,1.787,1.851,2007266.715879
2025-11-19 07:00:00,1.852,1.884,1.845,1.878,430240.720859
2025-11-19 08:00:00,1.879,1.901,1.879,1.894,599340.203576
2025-11-19 09:00:00,1.893,1.923,1.884,1.913,405696.957106
2025-11-19 10:00:00,1.913,1.94,1.902,1.913,395472.995145
2025-11-19 11:00:00,1.913,1.926,1.904,1.91,225876.942612
2025-11-19 12:00:00,1.91,1.928,1.905,1.912,205889.991547
2025-11-19 13:00:00,1.912,1.912,1.875,1.876,407502.79023
2025-11-19 14:00:00,1.876,1.88,1.846,1.88,772825.558842
2025-11-19 15:00:00,1.881,1.916,1.839,1.842,1002858.368434
2025-11-19 16:00:00,1.841,1.856,1.812,1.826,602669.137081
2025-11-19 17:00:00,1.826,1.834,1.802,1.817,395490.268545
2025-11-19 18:00:00,1.816,1.818,1.766,1.784,979585.244548
2025-11-19 19:00:00,1.783,1.797,1.76,1.794,318763.705695
2025-11-19 20:00:00,1.793,1.812,1.783,1.81,172190.772976
2025-11-19 21:00:00,1.81,1.862,1.805,1.856,365809.234324
2025-11-19 22:00:00,1.857,1.868,1.842,1.862,158602.336081
2025-11-19 23:00:00,1.862,1.891,1.862,1.88,604718.680624
2025-11-20 00:00:00,1.88,1.88,1.862,1.865,433124.908727
2025-11-20 01:00:00,1.865,1.894,1.861,1.892,560489.504737
2025-11-20 02:00:00,1.892,1.904,1.867,1.875,447557.896801
2025-11-20 03:00:00,1.875,1.877,1.849,1.856,439359.45494
2025-11-20 04:00:00,1.857,1.878,1.854,1.877,256836.634665
2025-11-20 05:00:00,1.876,1.882,1.863,1.871,373211.672542
2025-11-20 06:00:00,1.871,1.892,1.86,1.869,470352.3914
2025-11-20 07:00:00,1.869,1.882,1.864,1.881,269920.831352
2025-11-20 08:00:00,1.881,1.881,1.868,1.871,250843.959115
2025-11-20 09:00:00,1.872,1.873,1.855,1.863,196461.374615
2025-11-20 10:00:00,1.863,1.872,1.85,1.871,262215.924954
2025-11-20 11:00:00,1.871,1.883,1.861,1.87,161623.252141
2025-11-20 12:00:00,1.87,1.884,1.857,1.881,329342.097936
2025-11-20 13:00:00,1.882,1.901,1.859,1.861,546665.825359
2025-11-20 14:00:00,1.861,1.892,1.839,1.891,709632.777281
2025-11-20 15:00:00,1.892,1.892,1.846,1.849,600216.776783
2025-11-20 16:00:00,1.849,1.854,1.778,1.789,1250258.172889
2025-11-20 17:00:00,1.789,1.809,1.767,1.789,560626.35113
2025-11-20 18:00:00,1.789,1.804,1.772,1.777,277190.165273
2025-11-20 19:00:00,1.777,1.791,1.756,1.784,273989.509999
2025-11-20 20:00:00,1.784,1.789,1.758,1.773,660403.274367
2025-11-20 21:00:00,1.773,1.813,1.772,1.798,349859.293723
2025-11-20 22:00:00,1.798,1.84,1.794,1.837,220256.070138
2025-11-20 23:00:00,1.836,1.837,1.807,1.82,590288.36804
2025-11-21 00:00:00,1.82,1.839,1.816,1.837,286637.656706
2025-11-21 01:00:00,1.838,1.868,1.834,1.842,678257.266252
2025-11-21 02:00:00,1.842,1.848,1.79,1.795,623143.035282
2025-11-21 03:00:00,1.795,1.821,1.774,1.797,599573.420529
2025-11-21 04:00:00,1.796,1.802,1.74,1.777,537350.349563
2025-11-21 05:00:00,1.777,1.791,1.751,1.756,261049.989438
2025-11-21 06:00:00,1.756,1.763,1.731,1.741,501327.552871
2025-11-21 07:00:00,1.741,1.751,1.528,1.65,6015760.756297
2025-11-21 08:00:00,1.651,1.676,1.637,1.667,926156.959169
2025-11-21 09:00:00,1.667,1.676,1.623,1.628,628236.238143
2025-11-21 10:00:00,1.627,1.651,1.615,1.625,592191.317758
2025-11-21 11:00:00,1.624,1.635,1.594,1.603,486862.407091
2025-11-21 12:00:00,1.603,1.655,1.575,1.637,1003623.183832
2025-11-21 13:00:00,1.636,1.669,1.633,1.655,676932.359131
2025-11-21 14:00:00,1.655,1.683,1.638,1.675,797125.125827
2025-11-21 15:00:00,1.675,1.692,1.652,1.666,990317.144634
2025-11-21 16:00:00,1.666,1.696,1.639,1.696,677700.768169
2025-11-21 17:00:00,1.696,1.714,1.676,1.68,409413.112027
2025-11-21 18:00:00,1.68,1.709,1.65,1.691,364338.250027
2025-11-21 19:00:00,1.692,1.695,1.671,1.676,114182.477178
2025-11-21 20:00:00,1.676,1.677,1.642,1.658,177228.734495
2025-11-21 21:00:00,1.658,1.687,1.645,1.676,191090.568733
2025-11-21 22:00:00,1.676,1.679,1.617,1.618,251975.024889
2025-11-21 23:00:00,1.619,1.667,1.611,1.66,252952.650212
2025-11-22 00:00:00,1.66,1.669,1.64,1.654,250488.942991
2025-11-22 01:00:00,1.655,1.669,1.649,1.663,283446.734691
2025-11-22 02:00:00,1.663,1.666,1.636,1.645,277120.686218
2025-11-22 03:00:00,1.645,1.658,1.638,1.644,204169.044666
2025-11-22 04:00:00,1.644,1.647,1.611,1.637,343554.866357
2025-11-22 05:00:00,1.637,1.644,1.606,1.619,306017.433068
2025-11-22 06:00:00,1.619,1.642,1.61,1.635,161620.077379
2025-11-22 07:00:00,1.636,1.638,1.625,1.635,157504.258016
2025-11-22 08:00:00,1.635,1.635,1.594,1.611,364963.071053
2025-11-22 09:00:00,1.611,1.63,1.604,1.619,363599.268526
2025-11-22 10:00:00,1.619,1.622,1.595,1.608,232313.024991
2025-11-22 11:00:00,1.607,1.632,1.602,1.621,221801.560721
2025-11-22 12:00:00,1.621,1.621,1.607,1.612,205835.056548
2025-11-22 13:00:00,1.612,1.619,1.595,1.604,178301.573834
2025-11-22 14:00:00,1.604,1.633,1.604,1.617,208146.855376
2025-11-22 15:00:00,1.617,1.622,1.592,1.604,225167.407742
2025-11-22 16:00:00,1.603,1.623,1.602,1.609,766806.897899
2025-11-22 17:00:00,1.61,1.614,1.598,1.604,226948.451218
2025-11-22 18:00:00,1.603,1.61,1.594,1.609,185572.864781
2025-11-22 19:00:00,1.61,1.611,1.578,1.589,163456.026713
2025-11-22 20:00:00,1.589,1.604,1.568,1.583,141976.270697
2025-11-22 21:00:00,1.582,1.596,1.581,1.587,110430.431952
2025-11-22 22:00:00,1.587,1.646,1.58,1.631,243432.142019
2025-11-22 23:00:00,1.631,1.639,1.612,1.615,179532.805482
2025-11-23 00:00:00,1.615,1.626,1.604,1.611,162187.593693
2025-11-23 01:00:00,1.611,1.656,1.609,1.646,684824.657093
2025-11-23 02:00:00,1.646,1.672,1.643,1.665,682899.356835
2025-11-23 03:00:00,1.665,1.666,1.645,1.664,390949.405313
2025-11-23 04:00:00,1.664,1.684,1.664,1.676,391010.741855
2025-11-23 05:00:00,1.676,1.684,1.667,1.683,175432.273261
2025-11-23 06:00:00,1.684,1.685,1.656,1.663,331224.625117
2025-11-23 07:00:00,1.663,1.667,1.649,1.655,365438.273282
2025-11-23 08:00:00,1.656,1.664,1.652,1.661,173286.324031
2025-11-23 09:00:00,1.661,1.669,1.656,1.656,153780.856352
2025-11-23 10:00:00,1.656,1.657,1.64,1.645,223289.879001
2025-11-23 11:00:00,1.644,1.652,1.63,1.645,508263.392346
2025-11-23 12:00:00,1.645,1.667,1.644,1.654,347328.788459
2025-11-23 13:00:00,1.654,1.66,1.647,1.654,261363.09019
2025-11-23 14:00:00,1.654,1.664,1.625,1.627,517568.701908
2025-11-23 15:00:00,1.628,1.647,1.624,1.638,408164.759025
2025-11-23 16:00:00,1.639,1.648,1.626,1.628,405237.798596
2025-11-23 17:00:00,1.629,1.633,1.615,1.619,223107.561305
2025-11-23 18:00:00,1.62,1.64,1.62,1.634,90760.972198
2025-11-23 19:00:00,1.635,1.651,1.63,1.638,70177.663523
2025-11-23 20:00:00,1.638,1.644,1.633,1.636,51712.80842
2025-11-23 21:00:00,1.636,1.651,1.624,1.648,374227.536939
2025-11-23 22:00:00,1.648,1.653,1.629,1.635,177926.451709
2025-11-23 23:00:00,1.637,1.642,1.607,1.612,384324.059887
2025-11-24 00:00:00,1.612,1.624,1.595,1.609,281545.902608
2025-11-24 01:00:00,1.609,1.621,1.603,1.62,235956.368318
2025-11-24 02:00:00,1.619,1.654,1.615,1.642,603049.054106
2025-11-24 03:00:00,1.642,1.655,1.634,1.639,121997.634358
2025-11-24 04:00:00,1.639,1.649,1.612,1.623,183449.967631
2025-11-24 05:00:00,1.623,1.657,1.619,1.642,414878.023634
2025-11-24 06:00:00,1.643,1.653,1.625,1.638,491759.712174
2025-11-24 07:00:00,1.638,1.653,1.631,1.641,248766.452872
2025-11-24 08:00:00,1.64,1.651,1.625,1.632,327264.186996
2025-11-24 09:00:00,1.632,1.632,1.596,1.601,405134.445486
2025-11-24 10:00:00,1.601,1.615,1.596,1.61,224031.923376
2025-11-24 11:00:00,1.61,1.615,1.599,1.613,117276.2405
2025-11-24 12:00:00,1.613,1.613,1.589,1.595,132908.661105
2025-11-24 13:00:00,1.596,1.621,1.594,1.605,127233.52378
2025-11-24 14:00:00,1.605,1.632,1.594,1.63,403027.19298
2025-11-24 15:00:00,1.63,1.654,1.626,1.642,637520.568985
2025-11-24 16:00:00,1.642,1.655,1.635,1.645,267456.473411
2025-11-24 17:00:00,1.645,1.675,1.642,1.673,380952.381409
2025-11-24 18:00:00,1.674,1.681,1.665,1.67,258336.963739
2025-11-24 19:00:00,1.669,1.677,1.655,1.657,286149.456239
2025-11-24 20:00:00,1.658,1.672,1.653,1.667,188325.554253
2025-11-24 21:00:00,1.667,1.668,1.647,1.648,134538.122201
2025-11-24 22:00:00,1.647,1.664,1.647,1.66,163682.293295
2025-11-24 23:00:00,1.659,1.661,1.638,1.642,111057.498982
2025-11-25 00:00:00,1.641,1.654,1.634,1.647,255630.07017
2025-11-25 01:00:00,1.647,1.651,1.636,1.637,188217.506438
2025-11-25 02:00:00,1.636,1.637,1.615,1.632,410225.169176
2025-11-25 03:00:00,1.631,1.635,1.618,1.623,166911.339613
2025-11-25 04:00:00,1.622,1.625,1.61,1.624,180399.282058
2025-11-25 05:00:00,1.623,1.625,1.614,1.619,132052.172774
2025-11-25 06:00:00,1.619,1.619,1.602,1.61,281963.129722
2025-11-25 07:00:00,1.61,1.618,1.604,1.607,208366.979147
2025-11-25 08:00:00,1.607,1.621,1.605,1.607,288716.268986
2025-11-25 09:00:00,1.608,1.616,1.59,1.612,380081.382954
2025-11-25 10:00:00,1.612,1.612,1.6,1.61,138177.862348
2025-11-25 11:00:00,1.61,1.61,1.595,1.597,199523.539821
2025-11-25 12:00:00,1.598,1.615,1.595,1.609,145439.649026
2025-11-25 13:00:00,1.608,1.614,1.584,1.589,387425.276765
2025-11-25 14:00:00,1.59,1.605,1.566,1.586,621011.93671
2025-11-25 15:00:00,1.585,1.607,1.571,1.599,360528.320203
2025-11-25 16:00:00,1.599,1.641,1.599,1.64,353819.296826
2025-11-25 17:00:00,1.64,1.738,1.639,1.688,1596734.86278
2025-11-25 18:00:00,1.689,1.723,1.673,1.677,871583.997123
2025-11-25 19:00:00,1.677,1.681,1.628,1.652,608168.913171
2025-11-25 20:00:00,1.652,1.667,1.646,1.653,171290.60156
2025-11-25 21:00:00,1.653,1.658,1.645,1.647,128369.469752
2025-11-25 22:00:00,1.646,1.663,1.618,1.651,433035.829373
2025-11-25 23:00:00,1.651,1.673,1.646,1.672,252446.83166
2025-11-26 00:00:00,1.672,1.685,1.658,1.659,264108.779612
2025-11-26 01:00:00,1.659,1.672,1.647,1.66,260545.339036
2025-11-26 02:00:00,1.661,1.663,1.643,1.652,292177.326848
2025-11-26 03:00:00,1.651,1.654,1.633,1.637,298666.431807
2025-11-26 04:00:00,1.638,1.639,1.627,1.632,182020.935149
2025-11-26 05:00:00,1.632,1.65,1.631,1.642,296335.062001
2025-11-26 06:00:00,1.643,1.648,1.632,1.644,150475.617419
2025-11-26 07:00:00,1.644,1.652,1.639,1.651,184873.859279
2025-11-26 08:00:00,1.65,1.651,1.62,1.622,291024.886601
2025-11-26 09:00:00,1.622,1.625,1.607,1.612,356725.256932
2025-11-26 10:00:00,1.613,1.622,1.609,1.615,200253.70361
2025-11-26 11:00:00,1.614,1.618,1.603,1.612,177367.458963
2025-11-26 12:00:00,1.612,1.618,1.599,1.615,305245.074147
2025-11-26 13:00:00,1.614,1.637,1.614,1.636,222895.656163
2025-11-26 14:00:00,1.636,1.673,1.629,1.648,589183.324044
2025-11-26 15:00:00,1.649,1.659,1.621,1.635,280532.458455
2025-11-26 16:00:00,1.635,1.665,1.635,1.658,322005.851221
2025-11-26 17:00:00,1.66,1.697,1.651,1.689,438382.357588
2025-11-26 18:00:00,1.69,1.702,1.684,1.69,389356.997131
2025-11-26 19:00:00,1.691,1.691,1.681,1.685,109146.194911
2025-11-26 20:00:00,1.685,1.694,1.674,1.679,204148.043422
2025-11-26 21:00:00,1.679,1.69,1.673,1.684,169798.861831
2025-11-26 22:00:00,1.684,1.685,1.668,1.674,226480.317896
2025-11-26 23:00:00,1.674,1.679,1.667,1.675,136165.224975
2025-11-27 00:00:00,1.674,1.68,1.661,1.672,259411.856961
2025-11-27 01:00:00,1.672,1.689,1.669,1.684,160598.279937
2025-11-27 02:00:00,1.684,1.7,1.678,1.686,210165.470226
2025-11-27 03:00:00,1.686,1.689,1.666,1.667,302595.076209
2025-11-27 04:00:00,1.668,1.684,1.667,1.679,254605.923482
2025-11-27 05:00:00,1.679,1.68,1.659,1.665,122603.245049
2025-11-27 06:00:00,1.665,1.674,1.665,1.67,104150.574683
2025-11-27 07:00:00,1.67,1.67,1.649,1.653,297414.20156
2025-11-27 08:00:00,1.652,1.654,1.64,1.644,149215.660508
2025-11-27 09:00:00,1.644,1.663,1.639,1.656,200375.829795
2025-11-27 10:00:00,1.655,1.657,1.646,1.655,65058.037613
2025-11-27 11:00:00,1.655,1.661,1.645,1.65,144666.486311
2025-11-27 12:00:00,1.65,1.651,1.633,1.636,403193.195169
2025-11-27 13:00:00,1.636,1.647,1.636,1.645,87092.464138
2025-11-27 14:00:00,1.645,1.66,1.642,1.657,178575.715423
2025-11-27 15:00:00,1.656,1.669,1.655,1.668,112739.824176
2025-11-27 16:00:00,1.668,1.675,1.659,1.667,118759.500067
2025-11-27 17:00:00,1.667,1.669,1.658,1.662,139734.672795
2025-11-27 18:00:00,1.661,1.666,1.658,1.658,42067.65624
2025-11-27 19:00:00,1.658,1.658,1.648,1.653,117952.368302
2025-11-27 20:00:00,1.653,1.657,1.651,1.656,63262.301819
2025-11-27 21:00:00,1.656,1.663,1.646,1.648,52527.493172
2025-11-27 22:00:00,1.648,1.652,1.62,1.629,257490.999287
2025-11-27 23:00:00,1.629,1.635,1.611,1.618,193449.544822
2025-11-28 00:00:00,1.617,1.625,1.615,1.623,268505.038386
2025-11-28 01:00:00,1.623,1.624,1.6,1.603,320698.505431
2025-11-28 02:00:00,1.603,1.608,1.584,1.606,314429.411801
2025-11-28 03:00:00,1.605,1.615,1.603,1.613,147150.500592
2025-11-28 04:00:00,1.614,1.62,1.609,1.609,79975.112107
2025-11-28 05:00:00,1.609,1.618,1.606,1.616,83617.077934
2025-11-28 06:00:00,1.615,1.615,1.598,1.608,496163.573394
2025-11-28 07:00:00,1.608,1.615,1.605,1.608,121850.256424
2025-11-28 08:00:00,1.608,1.646,1.608,1.641,226872.410548
2025-11-28 09:00:00,1.641,1.642,1.624,1.626,354465.103619
2025-11-28 10:00:00,1.626,1.632,1.623,1.63,80794.356109
2025-11-28 11:00:00,1.63,1.63,1.607,1.62,160512.17478
2025-11-28 12:00:00,1.62,1.629,1.62,1.625,82519.000981
2025-11-28 13:00:00,1.625,1.642,1.616,1.635,169290.858647
2025-11-28 14:00:00,1.635,1.644,1.625,1.632,174796.024461
2025-11-28 15:00:00,1.632,1.654,1.632,1.648,237410.377603
2025-11-28 16:00:00,1.649,1.676,1.633,1.664,350612.96187
2025-11-28 17:00:00,1.664,1.664,1.599,1.604,481587.37511
2025-11-28 18:00:00,1.605,1.624,1.591,1.617,172479.59823
2025-11-28 19:00:00,1.616,1.638,1.611,1.632,73916.605351
2025-11-28 20:00:00,1.631,1.632,1.621,1.632,65565.751638
2025-11-28 21:00:00,1.633,1.637,1.617,1.618,35142.440343
2025-11-28 22:00:00,1.618,1.626,1.61,1.624,90144.778353
2025-11-28 23:00:00,1.625,1.628,1.614,1.617,52301.795324
2025-11-29 00:00:00,1.618,1.628,1.611,1.627,88963.063604
2025-11-29 01:00:00,1.627,1.637,1.627,1.632,201633.184261
2025-11-29 02:00:00,1.632,1.634,1.615,1.625,80223.383607
2025-11-29 03:00:00,1.625,1.629,1.616,1.621,72297.494046
2025-11-29 04:00:00,1.621,1.627,1.613,1.627,86083.152327
2025-11-29 05:00:00,1.626,1.627,1.615,1.615,51502.687879
2025-11-29 06:00:00,1.615,1.618,1.6,1.609,163914.609868
2025-11-29 07:00:00,1.609,1.614,1.6,1.604,215088.70495
2025-11-29 08:00:00,1.604,1.608,1.593,1.595,304154.072663
2025-11-29 09:00:00,1.595,1.602,1.591,1.601,232066.224855
2025-11-29 10:00:00,1.601,1.618,1.597,1.615,107032.734489
2025-11-29 11:00:00,1.616,1.637,1.615,1.621,456011.132776
2025-11-29 12:00:00,1.621,1.621,1.608,1.609,122620.109349
2025-11-29 13:00:00,1.608,1.609,1.597,1.604,115442.854129
2025-11-29 14:00:00,1.604,1.606,1.596,1.598,145682.884196
2025-11-29 15:00:00,1.598,1.613,1.597,1.605,85328.29754
2025-11-29 16:00:00,1.606,1.609,1.6,1.601,66393.214509
2025-11-29 17:00:00,1.601,1.602,1.586,1.592,301715.248386
2025-11-29 18:00:00,1.591,1.593,1.572,1.591,222966.961437
2025-11-29 19:00:00,1.592,1.597,1.588,1.59,46867.76874
2025-11-29 20:00:00,1.589,1.596,1.579,1.596,74519.807051
2025-11-29 21:00:00,1.596,1.597,1.586,1.59,178715.811653
2025-11-29 22:00:00,1.59,1.593,1.587,1.588,90603.296358
2025-11-29 23:00:00,1.588,1.611,1.584,1.605,197793.960143
2025-11-30 00:00:00,1.604,1.604,1.595,1.6,82475.882962
2025-11-30 01:00:00,1.601,1.615,1.601,1.612,110076.009174
2025-11-30 02:00:00,1.613,1.629,1.607,1.608,335229.8972
2025-11-30 03:00:00,1.608,1.617,1.594,1.617,224862.569023
2025-11-30 04:00:00,1.617,1.62,1.607,1.613,159381.33311
2025-11-30 05:00:00,1.614,1.619,1.606,1.612,131149.720234
2025-11-30 06:00:00,1.613,1.629,1.611,1.617,183910.185184
2025-11-30 07:00:00,1.617,1.63,1.617,1.63,173185.889232
2025-11-30 08:00:00,1.63,1.641,1.621,1.628,299760.189803
2025-11-30 09:00:00,1.628,1.638,1.623,1.629,207348.404154
2025-11-30 10:00:00,1.63,1.631,1.609,1.617,221440.919462
2025-11-30 11:00:00,1.617,1.62,1.61,1.614,59291.429497
2025-11-30 12:00:00,1.615,1.624,1.605,1.621,123380.876538
2025-11-30 13:00:00,1.62,1.629,1.616,1.622,110026.248873
2025-11-30 14:00:00,1.624,1.624,1.606,1.612,101526.851331
2025-11-30 15:00:00,1.613,1.613,1.595,1.604,247575.555907
2025-11-30 16:00:00,1.604,1.613,1.596,1.61,189707.422885
2025-11-30 17:00:00,1.61,1.61,1.596,1.604,104430.597766
2025-11-30 18:00:00,1.605,1.615,1.602,1.611,142106.818225
2025-11-30 19:00:00,1.61,1.611,1.599,1.604,70802.331073
2025-11-30 20:00:00,1.604,1.612,1.602,1.605,53685.167996
2025-11-30 21:00:00,1.605,1.607,1.597,1.602,86825.521519
2025-11-30 22:00:00,1.603,1.613,1.6,1.611,99767.854524
2025-11-30 23:00:00,1.611,1.611,1.557,1.57,567783.478633
2025-12-01 00:00:00,1.57,1.574,1.458,1.46,2643811.585177
2025-12-01 01:00:00,1.461,1.494,1.458,1.477,820656.665139
2025-12-01 02:00:00,1.476,1.488,1.474,1.475,414730.324285
2025-12-01 03:00:00,1.475,1.479,1.456,1.463,551508.619576
2025-12-01 04:00:00,1.464,1.475,1.46,1.465,410816.988224
2025-12-01 05:00:00,1.465,1.478,1.461,1.464,285588.532777
2025-12-01 06:00:00,1.464,1.471,1.46,1.461,260898.85386
2025-12-01 07:00:00,1.461,1.462,1.443,1.458,472556.757803
2025-12-01 08:00:00,1.458,1.466,1.45,1.465,223660.745377
2025-12-01 09:00:00,1.465,1.472,1.453,1.458,223669.743145
2025-12-01 10:00:00,1.458,1.465,1.458,1.46,64623.996207
2025-12-01 11:00:00,1.461,1.464,1.45,1.464,233648.637642
2025-12-01 12:00:00,1.463,1.466,1.427,1.452,656338.334491
2025-12-01 13:00:00,1.452,1.467,1.45,1.458,222245.689182
2025-12-01 14:00:00,1.457,1.477,1.451,1.464,363307.076043
2025-12-01 15:00:00,1.464,1.469,1.436,1.462,491718.471471
2025-12-01 16:00:00,1.461,1.462,1.444,1.447,284064.03975
2025-12-01 17:00:00,1.448,1.458,1.445,1.446,88552.517072
2025-12-01 18:00:00,1.446,1.465,1.446,1.462,85098.661785
2025-12-01 19:00:00,1.462,1.465,1.457,1.463,31821.709835
2025-12-01 20:00:00,1.464,1.485,1.464,1.479,160992.791581
2025-12-01 21:00:00,1.48,1.5,1.479,1.49,148321.23225
2025-12-01 22:00:00,1.491,1.498,1.485,1.485,117239.51701
2025-12-01 23:00:00,1.486,1.492,1.479,1.48,205435.590108
2025-12-02 00:00:00,1.481,1.489,1.478,1.483,231764.81623
2025-12-02 01:00:00,1.483,1.5,1.475,1.479,150485.929521
2025-12-02 02:00:00,1.478,1.481,1.47,1.472,113897.142493
2025-12-02 03:00:00,1.471,1.48,1.466,1.476,142905.377038
2025-12-02 04:00:00,1.477,1.483,1.47,1.47,230721.821663
2025-12-02 05:00:00,1.471,1.479,1.469,1.478,68458.683646
2025-12-02 06:00:00,1.479,1.48,1.473,1.477,79808.894326
2025-12-02 07:00:00,1.478,1.478,1.468,1.469,66662.03863
2025-12-02 08:00:00,1.47,1.472,1.454,1.459,134662.701372
2025-12-02 09:00:00,1.459,1.467,1.459,1.466,52702.584463
2025-12-02 10:00:00,1.465,1.48,1.463,1.477,90312.565281
2025-12-02 11:00:00,1.476,1.486,1.472,1.482,204926.190679
2025-12-02 12:00:00,1.482,1.486,1.468,1.469,117379.720376
2025-12-02 13:00:00,1.47,1.476,1.461,1.473,128785.296924
2025-12-02 14:00:00,1.473,1.499,1.468,1.498,534702.870465
2025-12-02 15:00:00,1.498,1.577,1.498,1.565,965169.581333
2025-12-02 16:00:00,1.566,1.57,1.536,1.542,540792.265018
2025-12-02 17:00:00,1.542,1.549,1.532,1.536,277332.151422
2025-12-02 18:00:00,1.536,1.549,1.536,1.544,82172.357167
2025-12-02 19:00:00,1.545,1.557,1.537,1.537,121316.404679
2025-12-02 20:00:00,1.537,1.539,1.522,1.531,194982.770867
2025-12-02 21:00:00,1.531,1.532,1.527,1.531,40522.602403
2025-12-02 22:00:00,1.531,1.548,1.531,1.543,62792.035747
2025-12-02 23:00:00,1.543,1.545,1.528,1.531,92306.130966
2025-12-03 00:00:00,1.531,1.541,1.523,1.537,204933.767782
2025-12-03 01:00:00,1.536,1.547,1.532,1.541,83798.034781
2025-12-03 02:00:00,1.542,1.563,1.541,1.556,541543.122306
2025-12-03 03:00:00,1.555,1.565,1.545,1.549,108516.333038
2025-12-03 04:00:00,1.548,1.577,1.548,1.571,282729.469412
2025-12-03 05:00:00,1.571,1.581,1.566,1.568,303002.208284
2025-12-03 06:00:00,1.569,1.594,1.569,1.579,396574.127222
2025-12-03 07:00:00,1.579,1.583,1.567,1.571,320503.370401
2025-12-03 08:00:00,1.57,1.578,1.565,1.575,136173.263253
2025-12-03 09:00:00,1.575,1.577,1.561,1.572,171191.674102
2025-12-03 10:00:00,1.572,1.574,1.558,1.56,80058.998187
2025-12-03 11:00:00,1.56,1.577,1.555,1.573,133528.501484
2025-12-03 12:00:00,1.573,1.575,1.562,1.566,140673.520633
2025-12-03 13:00:00,1.565,1.576,1.564,1.575,125526.111229
2025-12-03 14:00:00,1.576,1.595,1.531,1.569,762660.517951
2025-12-03 15:00:00,1.57,1.582,1.556,1.576,179568.67165
2025-12-03 16:00:00,1.576,1.581,1.556,1.567,633287.568282
2025-12-03 17:00:00,1.567,1.584,1.567,1.579,167747.908027
2025-12-03 18:00:00,1.579,1.593,1.571,1.577,171685.195837
2025-12-03 19:00:00,1.577,1.589,1.574,1.588,61827.426528
2025-12-03 20:00:00,1.588,1.595,1.581,1.585,98223.150961
2025-12-03 21:00:00,1.585,1.604,1.582,1.603,122320.338241
2025-12-03 22:00:00,1.603,1.61,1.589,1.606,174431.196433
2025-12-03 23:00:00,1.607,1.621,1.593,1.598,289591.85621
2025-12-04 00:00:00,1.597,1.605,1.592,1.592,102340.453685
2025-12-04 01:00:00,1.592,1.614,1.59,1.593,177924.194827
2025-12-04 02:00:00,1.593,1.606,1.592,1.603,56784.856714
2025-12-04 03:00:00,1.604,1.609,1.592,1.594,100540.99069
2025-12-04 04:00:00,1.594,1.601,1.589,1.595,78977.557516
2025-12-04 05:00:00,1.596,1.6,1.586,1.594,124071.268784
2025-12-04 06:00:00,1.595,1.607,1.593,1.603,100379.567186
2025-12-04 07:00:00,1.603,1.606,1.588,1.604,69009.38388
2025-12-04 08:00:00,1.603,1.607,1.597,1.6,120777.320098
2025-12-04 09:00:00,1.601,1.613,1.601,1.609,115366.062562
2025-12-04 10:00:00,1.609,1.614,1.601,1.604,114244.861814
2025-12-04 11:00:00,1.604,1.604,1.59,1.599,121321.161412
2025-12-04 12:00:00,1.599,1.601,1.586,1.593,65413.32886
2025-12-04 13:00:00,1.593,1.596,1.577,1.582,194971.648376
2025-12-04 14:00:00,1.582,1.59,1.566,1.57,260209.33836
2025-12-04 15:00:00,1.57,1.604,1.57,1.594,166500.35655
2025-12-04 16:00:00,1.594,1.594,1.574,1.578,254658.396279
2025-12-04 17:00:00,1.577,1.578,1.552,1.565,167938.722022
2025-12-04 18:00:00,1.565,1.568,1.548,1.551,154204.221681
2025-12-04 19:00:00,1.551,1.551,1.515,1.545,316818.073563
2025-12-04 20:00:00,1.546,1.558,1.536,1.552,61640.831794
2025-12-04 21:00:00,1.551,1.558,1.542,1.543,43694.582418
2025-12-04 22:00:00,1.543,1.552,1.539,1.549,118630.313516
2025-12-04 23:00:00,1.549,1.551,1.541,1.545,125792.664484
2025-12-05 00:00:00,1.545,1.559,1.543,1.544,129975.979982
2025-12-05 01:00:00,1.545,1.564,1.544,1.561,366104.113509
2025-12-05 02:00:00,1.56,1.577,1.556,1.56,362467.025936
2025-12-05 03:00:00,1.56,1.566,1.548,1.549,140287.077368
2025-12-05 04:00:00,1.55,1.553,1.537,1.545,188159.596803
2025-12-05 05:00:00,1.545,1.549,1.54,1.542,46463.754984
2025-12-05 06:00:00,1.543,1.554,1.543,1.554,64470.143313
2025-12-05 07:00:00,1.553,1.562,1.551,1.561,129837.707386
2025-12-05 08:00:00,1.561,1.561,1.547,1.554,124267.18146
2025-12-05 09:00:00,1.554,1.554,1.529,1.535,221012.752369
2025-12-05 10:00:00,1.534,1.545,1.534,1.54,117243.228819
2025-12-05 11:00:00,1.539,1.54,1.516,1.528,316143.233939
2025-12-05 12:00:00,1.527,1.534,1.525,1.531,80468.996028
2025-12-05 13:00:00,1.53,1.537,1.502,1.512,249999.728552
2025-12-05 14:00:00,1.512,1.52,1.503,1.512,263040.505688
2025-12-05 15:00:00,1.513,1.541,1.507,1.511,346738.215784
2025-12-05 16:00:00,1.51,1.51,1.446,1.468,874432.302492
2025-12-05 17:00:00,1.467,1.476,1.462,1.468,218467.607341
2025-12-05 18:00:00,1.467,1.48,1.453,1.453,238575.611347
2025-12-05 19:00:00,1.453,1.467,1.441,1.463,364803.280087
2025-12-05 20:00:00,1.462,1.47,1.455,1.458,90952.562144
2025-12-05 21:00:00,1.458,1.471,1.458,1.47,75964.375508
2025-12-05 22:00:00,1.471,1.485,1.462,1.478,138264.543649
2025-12-05 23:00:00,1.478,1.49,1.469,1.487,81966.271713
2025-12-06 00:00:00,1.486,1.491,1.476,1.488,172580.577518
2025-12-06 01:00:00,1.487,1.493,1.481,1.483,62826.093443
2025-12-06 02:00:00,1.481,1.485,1.474,1.485,78553.932253
2025-12-06 03:00:00,1.486,1.493,1.485,1.486,48107.120787
2025-12-06 04:00:00,1.487,1.489,1.479,1.481,54922.949171
2025-12-06 05:00:00,1.481,1.483,1.476,1.48,55444.442906
2025-12-06 06:00:00,1.48,1.483,1.477,1.478,30819.097557
2025-12-06 07:00:00,1.479,1.482,1.47,1.479,102588.116463
2025-12-06 08:00:00,1.48,1.48,1.468,1.47,51340.994161
2025-12-06 09:00:00,1.469,1.482,1.468,1.48,74215.645512
2025-12-06 10:00:00,1.478,1.48,1.471,1.472,28733.572206
2025-12-06 11:00:00,1.471,1.485,1.47,1.482,62786.808655
2025-12-06 12:00:00,1.481,1.482,1.474,1.476,380424.297618
2025-12-06 13:00:00,1.475,1.481,1.472,1.477,116454.242005
2025-12-06 14:00:00,1.478,1.498,1.476,1.488,108254.907427
2025-12-06 15:00:00,1.488,1.488,1.475,1.478,57609.499838
2025-12-06 16:00:00,1.479,1.491,1.479,1.488,110739.038245
2025-12-06 17:00:00,1.487,1.493,1.484,1.493,30174.949344
2025-12-06 18:00:00,1.493,1.499,1.488,1.49,45486.35897
2025-12-06 19:00:00,1.491,1.492,1.473,1.481,356423.419589
2025-12-06 20:00:00,1.481,1.485,1.478,1.483,33260.447553
2025-12-06 21:00:00,1.482,1.493,1.481,1.488,71223.043937
2025-12-06 22:00:00,1.488,1.493,1.482,1.485,97943.597702
2025-12-06 23:00:00,1.485,1.494,1.482,1.491,49963.634507
2025-12-07 00:00:00,1.491,1.508,1.49,1.504,426056.617787
2025-12-07 01:00:00,1.503,1.504,1.496,1.496,68100.941321
2025-12-07 02:00:00,1.496,1.5,1.489,1.496,46166.390132
2025-12-07 03:00:00,1.495,1.504,1.492,1.499,71050.70348
2025-12-07 04:00:00,1.5,1.501,1.492,1.492,49230.453718
2025-12-07 05:00:00,1.492,1.503,1.491,1.499,35456.546885
2025-12-07 06:00:00,1.5,1.504,1.497,1.503,46256.712203
2025-12-07 07:00:00,1.504,1.505,1.488,1.493,61235.131663
2025-12-07 08:00:00,1.492,1.493,1.482,1.484,96520.470428
2025-12-07 09:00:00,1.485,1.488,1.47,1.475,97403.997861
2025-12-07 10:00:00,1.474,1.48,1.471,1.475,54476.923134
2025-12-07 11:00:00,1.474,1.48,1.472,1.475,40263.846061
2025-12-07 12:00:00,1.474,1.485,1.472,1.481,36358.747828
2025-12-07 13:00:00,1.481,1.483,1.462,1.465,140736.664766
2025-12-07 14:00:00,1.465,1.466,1.418,1.431,772755.733704
2025-12-07 15:00:00,1.43,1.464,1.429,1.457,392064.648939
2025-12-07 16:00:00,1.456,1.458,1.442,1.458,121317.165121
2025-12-07 17:00:00,1.458,1.495,1.451,1.486,620290.831976
2025-12-07 18:00:00,1.486,1.502,1.486,1.495,213840.456068
2025-12-07 19:00:00,1.495,1.5,1.489,1.494,111329.669772
2025-12-07 20:00:00,1.495,1.497,1.491,1.494,33210.901965
2025-12-07 21:00:00,1.492,1.492,1.446,1.456,136163.02905
2025-12-07 22:00:00,1.455,1.462,1.421,1.448,386937.794279
2025-12-07 23:00:00,1.448,1.457,1.442,1.455,158102.973696
2025-12-08 00:00:00,1.455,1.461,1.45,1.453,124633.569596
2025-12-08 01:00:00,1.453,1.488,1.452,1.469,190679.143562
2025-12-08 02:00:00,1.469,1.485,1.469,1.483,54435.483001
2025-12-08 03:00:00,1.483,1.488,1.481,1.481,115714.082318
2025-12-08 04:00:00,1.482,1.495,1.482,1.49,127316.845498
2025-12-08 05:00:00,1.49,1.5,1.487,1.497,176305.328208
2025-12-08 06:00:00,1.497,1.522,1.496,1.508,370470.937261
2025-12-08 07:00:00,1.509,1.516,1.508,1.513,124146.923913
2025-12-08 08:00:00,1.514,1.517,1.507,1.511,152277.751838
2025-12-08 09:00:00,1.511,1.529,1.51,1.512,345446.482635
2025-12-08 10:00:00,1.512,1.513,1.506,1.507,45730.207346
2025-12-08 11:00:00,1.507,1.51,1.496,1.503,201457.132271
2025-12-08 12:00:00,1.503,1.506,1.495,1.504,80792.504757
2025-12-08 13:00:00,1.503,1.51,1.498,1.503,173163.910634
2025-12-08 14:00:00,1.503,1.523,1.497,1.506,501160.917653
2025-12-08 15:00:00,1.506,1.513,1.49,1.499,337246.859976
2025-12-08 16:00:00,1.499,1.521,1.491,1.51,232892.243517
2025-12-08 17:00:00,1.51,1.518,1.497,1.508,70073.218413
2025-12-08 18:00:00,1.509,1.513,1.491,1.497,65020.568046
2025-12-08 19:00:00,1.498,1.505,1.496,1.499,28771.860553
2025-12-08 20:00:00,1.5,1.51,1.498,1.507,46414.091276
2025-12-08 21:00:00,1.508,1.517,1.505,1.516,43354.468416
2025-12-08 22:00:00,1.516,1.517,1.5,1.51,80487.765102
2025-12-08 23:00:00,1.51,1.511,1.497,1.504,41082.340314
2025-12-09 00:00:00,1.504,1.513,1.495,1.497,134276.002768
2025-12-09 01:00:00,1.497,1.5,1.481,1.487,140547.364784
2025-12-09 02:00:00,1.486,1.493,1.484,1.485,93353.691141
2025-12-09 03:00:00,1.485,1.499,1.478,1.496,200612.230689
2025-12-09 04:00:00,1.497,1.497,1.476,1.48,126728.798135
2025-12-09 05:00:00,1.48,1.485,1.473,1.481,85754.523903
2025-12-09 06:00:00,1.481,1.489,1.476,1.486,149233.951519
2025-12-09 07:00:00,1.487,1.492,1.482,1.489,115258.683269
2025-12-09 08:00:00,1.49,1.492,1.485,1.487,35497.508029
2025-12-09 09:00:00,1.487,1.487,1.471,1.476,87770.77417
2025-12-09 10:00:00,1.476,1.484,1.467,1.475,203827.33016
2025-12-09 11:00:00,1.476,1.479,1.468,1.468,118703.835052
2025-12-09 12:00:00,1.468,1.486,1.466,1.483,234214.602556
2025-12-09 13:00:00,1.483,1.486,1.473,1.48,140324.150368
2025-12-09 14:00:00,1.48,1.488,1.471,1.481,143123.176245
2025-12-09 15:00:00,1.482,1.53,1.48,1.528,484653.979836
2025-12-09 16:00:00,1.528,1.588,1.528,1.579,882736.000424
2025-12-09 17:00:00,1.579,1.597,1.568,1.577,442021.156599
2025-12-09 18:00:00,1.577,1.585,1.569,1.575,181646.050762
2025-12-09 19:00:00,1.575,1.577,1.555,1.559,174206.488984
2025-12-09 20:00:00,1.559,1.564,1.539,1.549,197178.709479
2025-12-09 21:00:00,1.55,1.551,1.527,1.539,178490.338807
2025-12-09 22:00:00,1.54,1.554,1.539,1.55,141857.92865
2025-12-09 23:00:00,1.549,1.553,1.543,1.545,71396.481772
2025-12-10 00:00:00,1.544,1.547,1.527,1.528,183359.753023
2025-12-10 01:00:00,1.528,1.531,1.516,1.521,143871.322764
2025-12-10 02:00:00,1.521,1.534,1.519,1.528,79886.882744
2025-12-10 03:00:00,1.528,1.531,1.519,1.519,66492.912343
2025-12-10 04:00:00,1.518,1.526,1.514,1.517,80459.487579
2025-12-10 05:00:00,1.516,1.522,1.513,1.52,323502.925798
2025-12-10 06:00:00,1.519,1.519,1.505,1.51,75935.290812
2025-12-10 07:00:00,1.51,1.51,1.489,1.5,333587.040838
2025-12-10 08:00:00,1.499,1.5,1.483,1.483,160603.664468
2025-12-10 09:00:00,1.483,1.5,1.479,1.498,148010.654402
2025-12-10 10:00:00,1.498,1.508,1.482,1.482,174162.02531
2025-12-10 11:00:00,1.482,1.489,1.477,1.487,177932.892081
2025-12-10 12:00:00,1.487,1.488,1.477,1.484,101429.896956
2025-12-10 13:00:00,1.483,1.491,1.481,1.489,124059.914589
2025-12-10 14:00:00,1.489,1.49,1.48,1.485,154272.126668
2025-12-10 15:00:00,1.485,1.495,1.479,1.488,395210.852125
2025-12-10 16:00:00,1.488,1.502,1.481,1.495,261862.704743
2025-12-10 17:00:00,1.495,1.511,1.493,1.497,115072.035987
2025-12-10 18:00:00,1.497,1.52,1.485,1.501,315312.173574
2025-12-10 19:00:00,1.5,1.528,1.485,1.52,363306.794313
2025-12-10 20:00:00,1.52,1.556,1.503,1.51,591966.540443
2025-12-10 21:00:00,1.511,1.517,1.485,1.487,208424.89744
2025-12-10 22:00:00,1.487,1.492,1.46,1.489,231385.836658
2025-12-10 23:00:00,1.487,1.488,1.468,1.468,79365.911748
2025-12-11 00:00:00,1.467,1.47,1.432,1.433,550537.96971
2025-12-11 01:00:00,1.432,1.433,1.389,1.398,1401239.607756
2025-12-11 02:00:00,1.398,1.399,1.37,1.387,1318988.365423
2025-12-11 03:00:00,1.387,1.39,1.37,1.382,404488.827794
2025-12-11 04:00:00,1.381,1.402,1.374,1.398,381158.118741
2025-12-11 05:00:00,1.397,1.402,1.388,1.401,148590.726476
2025-12-11 06:00:00,1.4,1.407,1.397,1.4,154932.120773
2025-12-11 07:00:00,1.4,1.401,1.387,1.389,244409.697309
2025-12-11 08:00:00,1.389,1.389,1.376,1.383,228460.693523
2025-12-11 09:00:00,1.383,1.386,1.376,1.379,238007.967037
2025-12-11 10:00:00,1.379,1.383,1.371,1.382,187761.564723
2025-12-11 11:00:00,1.382,1.395,1.381,1.388,209313.195662
2025-12-11 12:00:00,1.387,1.401,1.384,1.387,434634.403823
2025-12-11 13:00:00,1.387,1.387,1.372,1.382,474037.729568
2025-12-11 14:00:00,1.381,1.385,1.361,1.373,361435.457637
2025-12-11 15:00:00,1.374,1.388,1.367,1.375,181847.455087
2025-12-11 16:00:00,1.374,1.378,1.363,1.367,170729.779881
2025-12-11 17:00:00,1.368,1.378,1.363,1.366,82288.207564
2025-12-11 18:00:00,1.365,1.378,1.351,1.367,289733.580678
2025-12-11 19:00:00,1.366,1.375,1.356,1.358,410228.331979
2025-12-11 20:00:00,1.359,1.37,1.353,1.367,204258.911032
2025-12-11 21:00:00,1.369,1.395,1.365,1.381,273706.237891
2025-12-11 22:00:00,1.38,1.385,1.359,1.37,219156.15721
2025-12-11 23:00:00,1.369,1.382,1.361,1.379,138286.47594
2025-12-12 00:00:00,1.379,1.384,1.364,1.365,204447.152168
2025-12-12 01:00:00,1.366,1.397,1.366,1.382,296629.400798
2025-12-12 02:00:00,1.382,1.398,1.381,1.391,209552.943127
2025-12-12 03:00:00,1.391,1.397,1.38,1.387,164650.420861
2025-12-12 04:00:00,1.388,1.395,1.387,1.391,81156.634986
2025-12-12 05:00:00,1.391,1.396,1.386,1.394,124695.453522
2025-12-12 06:00:00,1.395,1.405,1.39,1.393,179194.924013
2025-12-12 07:00:00,1.393,1.395,1.385,1.385,256508.4849
2025-12-12 08:00:00,1.386,1.393,1.384,1.39,101680.056041
2025-12-12 09:00:00,1.389,1.403,1.389,1.4,160686.083462
2025-12-12 10:00:00,1.399,1.414,1.399,1.401,478852.108979
2025-12-12 11:00:00,1.401,1.403,1.391,1.394,413152.533088
2025-12-12 12:00:00,1.393,1.397,1.389,1.393,184131.582755
2025-12-12 13:00:00,1.393,1.393,1.384,1.388,171015.217449
2025-12-12 14:00:00,1.388,1.388,1.369,1.376,382401.297774
2025-12-12 15:00:00,1.375,1.376,1.317,1.328,1154375.686693
2025-12-12 16:00:00,1.327,1.333,1.301,1.308,1144494.426494
2025-12-12 17:00:00,1.308,1.328,1.308,1.316,250740.462241
2025-12-12 18:00:00,1.316,1.325,1.311,1.316,321541.956624
2025-12-12 19:00:00,1.316,1.319,1.308,1.318,205523.341301
2025-12-12 20:00:00,1.318,1.322,1.313,1.315,105586.121586
2025-12-12 21:00:00,1.315,1.324,1.315,1.322,97697.055475
2025-12-12 22:00:00,1.321,1.34,1.321,1.338,117368.162895
2025-12-12 23:00:00,1.338,1.344,1.337,1.344,93708.195508
2025-12-13 00:00:00,1.345,1.353,1.338,1.341,117888.519009
2025-12-13 01:00:00,1.34,1.342,1.33,1.331,135775.640844
2025-12-13 02:00:00,1.331,1.345,1.331,1.344,82259.147246
2025-12-13 03:00:00,1.344,1.353,1.344,1.348,125426.212926
2025-12-13 04:00:00,1.348,1.351,1.346,1.351,52107.609381
2025-12-13 05:00:00,1.35,1.351,1.337,1.34,156049.131703
2025-12-13 06:00:00,1.34,1.342,1.337,1.342,94811.099219
2025-12-13 07:00:00,1.342,1.346,1.34,1.343,98763.561252
2025-12-13 08:00:00,1.343,1.352,1.343,1.347,88520.25803
2025-12-13 09:00:00,1.347,1.349,1.344,1.346,43504.409668
2025-12-13 10:00:00,1.346,1.352,1.345,1.347,30584.852555
2025-12-13 11:00:00,1.347,1.347,1.339,1.342,163388.909764
2025-12-13 12:00:00,1.342,1.349,1.34,1.344,72635.938739
2025-12-13 13:00:00,1.344,1.344,1.34,1.341,81330.854533
2025-12-13 14:00:00,1.341,1.342,1.334,1.339,187377.918044
2025-12-13 15:00:00,1.339,1.351,1.338,1.351,101469.22836
2025-12-13 16:00:00,1.35,1.353,1.345,1.348,106473.328196
2025-12-13 17:00:00,1.348,1.348,1.34,1.342,54776.248189
2025-12-13 18:00:00,1.343,1.346,1.342,1.342,35415.095894
2025-12-13 19:00:00,1.342,1.352,1.342,1.347,73338.181402
2025-12-13 20:00:00,1.348,1.352,1.346,1.347,34620.996136
2025-12-13 21:00:00,1.349,1.349,1.336,1.345,65032.204849
2025-12-13 22:00:00,1.345,1.349,1.34,1.346,101468.70504
2025-12-13 23:00:00,1.345,1.353,1.345,1.351,65401.069407
2025-12-14 00:00:00,1.351,1.352,1.346,1.348,118796.287688
2025-12-14 01:00:00,1.348,1.35,1.345,1.347,52682.817365
2025-12-14 02:00:00,1.347,1.36,1.347,1.359,115560.68249
2025-12-14 03:00:00,1.359,1.359,1.352,1.353,36288.72843
2025-12-14 04:00:00,1.353,1.357,1.347,1.353,155008.146155
2025-12-14 05:00:00,1.353,1.353,1.328,1.336,228992.994078
2025-12-14 06:00:00,1.335,1.339,1.331,1.334,87522.833414
2025-12-14 07:00:00,1.335,1.338,1.332,1.336,57090.305773
2025-12-14 08:00:00,1.336,1.342,1.331,1.331,82330.487896
2025-12-14 09:00:00,1.332,1.337,1.331,1.334,81135.969781
2025-12-14 10:00:00,1.334,1.334,1.32,1.329,185780.340347
2025-12-14 11:00:00,1.33,1.33,1.31,1.323,244001.503547
2025-12-14 12:00:00,1.322,1.328,1.318,1.325,122397.555499
2025-12-14 13:00:00,1.324,1.324,1.311,1.316,140878.679064
2025-12-14 14:00:00,1.316,1.319,1.298,1.301,585387.957862
2025-12-14 15:00:00,1.301,1.307,1.296,1.305,192373.702618
2025-12-14 16:00:00,1.305,1.316,1.302,1.312,166247.890526
2025-12-14 17:00:00,1.312,1.314,1.297,1.301,163428.366143
2025-12-14 18:00:00,1.301,1.313,1.3,1.313,81890.039477
2025-12-14 19:00:00,1.312,1.313,1.301,1.306,50862.792192
2025-12-14 20:00:00,1.306,1.315,1.3,1.303,159904.428568
2025-12-14 21:00:00,1.303,1.306,1.296,1.3,71561.299269
2025-12-14 22:00:00,1.301,1.309,1.298,1.309,215397.998484
2025-12-14 23:00:00,1.31,1.318,1.296,1.315,255979.001119
2025-12-15 00:00:00,1.315,1.33,1.313,1.325,237307.927345
2025-12-15 01:00:00,1.325,1.342,1.325,1.337,256187.231759
2025-12-15 02:00:00,1.337,1.348,1.329,1.331,511285.627798
2025-12-15 03:00:00,1.331,1.338,1.327,1.333,194368.08356
2025-12-15 04:00:00,1.334,1.34,1.334,1.338,109628.913961
2025-12-15 05:00:00,1.337,1.342,1.335,1.341,57483.780347
2025-12-15 06:00:00,1.342,1.344,1.334,1.334,109421.071506
2025-12-15 07:00:00,1.334,1.335,1.326,1.334,153891.760033
2025-12-15 08:00:00,1.334,1.338,1.332,1.336,74589.766025
2025-12-15 09:00:00,1.336,1.338,1.332,1.334,76433.930846
2025-12-15 10:00:00,1.333,1.336,1.329,1.33,97549.548319
2025-12-15 11:00:00,1.33,1.332,1.327,1.331,125313.696209
2025-12-15 12:00:00,1.33,1.336,1.326,1.332,81959.978856
2025-12-15 13:00:00,1.332,1.332,1.322,1.325,145882.00249
2025-12-15 14:00:00,1.325,1.326,1.278,1.293,800544.34256
2025-12-15 15:00:00,1.293,1.293,1.246,1.258,1618824.948616
2025-12-15 16:00:00,1.258,1.262,1.236,1.244,567404.533965
2025-12-15 17:00:00,1.243,1.246,1.232,1.24,360505.784413
2025-12-15 18:00:00,1.239,1.245,1.223,1.244,368176.344543
2025-12-15 19:00:00,1.244,1.254,1.241,1.243,178368.321587
2025-12-15 20:00:00,1.242,1.243,1.231,1.234,138895.548678
2025-12-15 21:00:00,1.234,1.245,1.233,1.245,74652.493047
2025-12-15 22:00:00,1.246,1.257,1.243,1.255,106442.570772
2025-12-15 23:00:00,1.256,1.266,1.256,1.264,171593.340897
2025-12-16 00:00:00,1.265,1.267,1.247,1.247,190511.037592
2025-12-16 01:00:00,1.248,1.256,1.247,1.254,125988.958688
2025-12-16 02:00:00,1.254,1.266,1.249,1.262,204353.871035
2025-12-16 03:00:00,1.263,1.266,1.247,1.259,121622.170372
2025-12-16 04:00:00,1.26,1.263,1.237,1.253,163106.045076
2025-12-16 05:00:00,1.253,1.257,1.25,1.253,51327.724136
2025-12-16 06:00:00,1.253,1.264,1.252,1.262,153414.139548
2025-12-16 07:00:00,1.262,1.262,1.245,1.253,145863.10273
2025-12-16 08:00:00,1.252,1.261,1.252,1.257,119934.798746
2025-12-16 09:00:00,1.258,1.263,1.257,1.26,134749.771987
2025-12-16 10:00:00,1.26,1.28,1.257,1.272,173357.795637
2025-12-16 11:00:00,1.273,1.288,1.271,1.278,192422.496491
2025-12-16 12:00:00,1.279,1.284,1.272,1.275,93088.315609
2025-12-16 13:00:00,1.274,1.283,1.254,1.254,509016.211826
2025-12-16 14:00:00,1.254,1.275,1.245,1.267,222059.108267
2025-12-16 15:00:00,1.267,1.286,1.258,1.281,249238.52611
2025-12-16 16:00:00,1.281,1.292,1.271,1.275,274898.39757
2025-12-16 17:00:00,1.275,1.279,1.265,1.267,83479.820316
2025-12-16 18:00:00,1.268,1.286,1.267,1.281,92984.028949
2025-12-16 19:00:00,1.282,1.284,1.273,1.282,46849.088139
2025-12-16 20:00:00,1.281,1.292,1.281,1.287,55502.435322
2025-12-16 21:00:00,1.286,1.287,1.28,1.282,42630.440992
2025-12-16 22:00:00,1.282,1.285,1.279,1.284,46358.57141
2025-12-16 23:00:00,1.284,1.29,1.28,1.289,101158.737688
2025-12-17 00:00:00,1.289,1.299,1.282,1.293,243536.244262
2025-12-17 01:00:00,1.293,1.316,1.293,1.313,363753.794157
2025-12-17 02:00:00,1.313,1.321,1.301,1.319,271881.895963
2025-12-17 03:00:00,1.319,1.32,1.311,1.316,236856.804846
2025-12-17 04:00:00,1.317,1.32,1.298,1.305,233313.652959
2025-12-17 05:00:00,1.306,1.318,1.3,1.305,438529.658055
2025-12-17 06:00:00,1.306,1.311,1.302,1.305,256659.813185
2025-12-17 07:00:00,1.305,1.305,1.295,1.299,191861.2254
2025-12-17 08:00:00,1.299,1.302,1.276,1.284,246306.905112
2025-12-17 09:00:00,1.284,1.284,1.266,1.273,197550.632872
2025-12-17 10:00:00,1.273,1.28,1.268,1.275,142206.41393
2025-12-17 11:00:00,1.276,1.283,1.276,1.283,64580.273317
2025-12-17 12:00:00,1.283,1.286,1.278,1.281,108086.717024
2025-12-17 13:00:00,1.282,1.291,1.273,1.289,154703.950621
2025-12-17 14:00:00,1.289,1.312,1.263,1.311,553590.092261
2025-12-17 15:00:00,1.311,1.32,1.272,1.276,672901.367929
2025-12-17 16:00:00,1.275,1.286,1.233,1.249,971942.298615
2025-12-17 17:00:00,1.25,1.256,1.231,1.235,404169.387016
2025-12-17 18:00:00,1.235,1.246,1.219,1.222,354960.891824
2025-12-17 19:00:00,1.222,1.229,1.21,1.222,543256.108944
2025-12-17 20:00:00,1.222,1.244,1.218,1.221,560485.398163
2025-12-17 21:00:00,1.221,1.226,1.208,1.214,157496.751413
2025-12-17 22:00:00,1.214,1.224,1.208,1.223,166114.155767
2025-12-17 23:00:00,1.224,1.225,1.218,1.224,81036.24573
2025-12-18 00:00:00,1.225,1.233,1.222,1.23,164970.843136
2025-12-18 01:00:00,1.23,1.23,1.216,1.22,256298.986528
2025-12-18 02:00:00,1.22,1.232,1.217,1.222,239169.927311
2025-12-18 03:00:00,1.222,1.223,1.199,1.205,373941.65985
2025-12-18 04:00:00,1.205,1.21,1.204,1.207,225762.759102
2025-12-18 05:00:00,1.206,1.208,1.182,1.195,478478.194569
2025-12-18 06:00:00,1.194,1.208,1.192,1.205,202449.220993
2025-12-18 07:00:00,1.206,1.217,1.205,1.217,136256.79631
2025-12-18 08:00:00,1.217,1.221,1.213,1.217,168940.367751
2025-12-18 09:00:00,1.217,1.22,1.211,1.213,71930.161102
2025-12-18 10:00:00,1.213,1.225,1.213,1.223,104626.366884
2025-12-18 11:00:00,1.223,1.228,1.22,1.226,67966.727999
2025-12-18 12:00:00,1.227,1.228,1.22,1.224,144422.049399
2025-12-18 13:00:00,1.225,1.257,1.225,1.255,698325.528152
2025-12-18 14:00:00,1.255,1.266,1.24,1.248,695246.576903
2025-12-18 15:00:00,1.247,1.267,1.242,1.26,345698.13354
2025-12-18 16:00:00,1.262,1.267,1.257,1.259,220725.905537
2025-12-18 17:00:00,1.258,1.259,1.192,1.216,1297320.976538
2025-12-18 18:00:00,1.216,1.225,1.192,1.195,246958.085449
2025-12-18 19:00:00,1.194,1.196,1.163,1.167,729057.546628
2025-12-18 20:00:00,1.167,1.179,1.166,1.174,280213.600224
2025-12-18 21:00:00,1.174,1.202,1.174,1.202,293921.753035
2025-12-18 22:00:00,1.201,1.204,1.187,1.192,147099.59651
2025-12-18 23:00:00,1.192,1.196,1.188,1.189,129374.790959
2025-12-19 00:00:00,1.189,1.195,1.18,1.194,343521.7952
2025-12-19 01:00:00,1.193,1.195,1.181,1.186,149793.187385
2025-12-19 02:00:00,1.185,1.206,1.182,1.202,309131.525638
2025-12-19 03:00:00,1.202,1.245,1.202,1.232,687810.764456
2025-12-19 04:00:00,1.233,1.242,1.231,1.242,289732.822064
2025-12-19 05:00:00,1.242,1.247,1.237,1.24,215154.909527
2025-12-19 06:00:00,1.242,1.246,1.238,1.245,158429.532802
2025-12-19 07:00:00,1.246,1.262,1.245,1.249,268786.764805
2025-12-19 08:00:00,1.25,1.256,1.248,1.254,128289.200936
2025-12-19 09:00:00,1.254,1.257,1.249,1.25,95711.93686
2025-12-19 10:00:00,1.25,1.252,1.242,1.246,101919.695775
2025-12-19 11:00:00,1.247,1.254,1.244,1.252,92557.287588
2025-12-19 12:00:00,1.253,1.259,1.247,1.248,172390.307803
2025-12-19 13:00:00,1.248,1.259,1.245,1.256,128377.212949
2025-12-19 14:00:00,1.258,1.271,1.249,1.259,413374.520902
2025-12-19 15:00:00,1.26,1.283,1.256,1.269,350022.877172
2025-12-19 16:00:00,1.27,1.297,1.27,1.277,417298.914618
2025-12-19 17:00:00,1.278,1.284,1.265,1.266,197826.197026
2025-12-19 18:00:00,1.266,1.291,1.266,1.289,198611.450772
2025-12-19 19:00:00,1.29,1.341,1.286,1.321,486776.653409
2025-12-19 20:00:00,1.322,1.359,1.322,1.327,839744.393035
2025-12-19 21:00:00,1.327,1.328,1.302,1.303,261319.820389
2025-12-19 22:00:00,1.304,1.316,1.303,1.307,153460.018819
2025-12-19 23:00:00,1.307,1.319,1.303,1.308,110550.515117
2025-12-20 00:00:00,1.308,1.308,1.301,1.303,104885.527818
2025-12-20 01:00:00,1.303,1.307,1.3,1.301,65652.143084
2025-12-20 02:00:00,1.301,1.304,1.294,1.294,103679.45632
2025-12-20 03:00:00,1.294,1.308,1.294,1.303,132413.869409
2025-12-20 04:00:00,1.304,1.304,1.294,1.295,105949.564393
2025-12-20 05:00:00,1.297,1.304,1.296,1.298,197685.067795
2025-12-20 06:00:00,1.299,1.302,1.298,1.3,37725.020397
2025-12-20 07:00:00,1.301,1.308,1.295,1.308,90682.424973
2025-12-20 08:00:00,1.308,1.316,1.306,1.309,172405.050206
2025-12-20 09:00:00,1.31,1.317,1.31,1.312,88411.586889
2025-12-20 10:00:00,1.313,1.313,1.307,1.308,87984.500136
2025-12-20 11:00:00,1.308,1.316,1.306,1.316,50339.116727
2025-12-20 12:00:00,1.316,1.317,1.307,1.31,92344.222395
2025-12-20 13:00:00,1.311,1.316,1.303,1.315,180178.439094
2025-12-20 14:00:00,1.314,1.324,1.309,1.322,173324.503556
2025-12-20 15:00:00,1.322,1.322,1.313,1.315,150410.281994
2025-12-20 16:00:00,1.316,1.316,1.309,1.313,119564.49976
2025-12-20 17:00:00,1.313,1.315,1.309,1.311,88994.843262
2025-12-20 18:00:00,1.312,1.317,1.31,1.316,36164.086217
2025-12-20 19:00:00,1.317,1.319,1.314,1.314,48417.194648
2025-12-20 20:00:00,1.314,1.315,1.311,1.315,50815.356267
2025-12-20 21:00:00,1.315,1.337,1.315,1.329,348895.779802
2025-12-20 22:00:00,1.329,1.367,1.326,1.36,472895.430627
2025-12-20 23:00:00,1.36,1.39,1.349,1.374,741288.500175
2025-12-21 00:00:00,1.373,1.379,1.345,1.352,328434.580944
2025-12-21 01:00:00,1.351,1.363,1.332,1.335,492518.47134
2025-12-21 02:00:00,1.334,1.335,1.319,1.326,293048.843608
2025-12-21 03:00:00,1.325,1.336,1.323,1.333,107129.881633
2025-12-21 04:00:00,1.334,1.341,1.33,1.331,100285.513827
2025-12-21 05:00:00,1.331,1.334,1.324,1.325,132404.029791
2025-12-21 06:00:00,1.326,1.333,1.325,1.329,73358.694829
2025-12-21 07:00:00,1.329,1.336,1.328,1.332,70607.414877
2025-12-21 08:00:00,1.331,1.338,1.325,1.333,184257.998499
2025-12-21 09:00:00,1.333,1.336,1.328,1.332,121171.500848
2025-12-21 10:00:00,1.333,1.337,1.308,1.312,260730.198436
2025-12-21 11:00:00,1.313,1.314,1.308,1.309,168640.449522
2025-12-21 12:00:00,1.308,1.314,1.298,1.305,265113.77481
2025-12-21 13:00:00,1.305,1.306,1.259,1.263,598301.825956
2025-12-21 14:00:00,1.262,1.276,1.26,1.268,295186.42077
2025-12-21 15:00:00,1.268,1.277,1.264,1.272,239458.930847
2025-12-21 16:00:00,1.272,1.28,1.265,1.278,164823.356102
2025-12-21 17:00:00,1.279,1.284,1.267,1.269,88758.933156
2025-12-21 18:00:00,1.27,1.27,1.257,1.266,81887.730604
2025-12-21 19:00:00,1.266,1.267,1.258,1.266,117691.260849
2025-12-21 20:00:00,1.267,1.268,1.258,1.265,107606.031214
2025-12-21 21:00:00,1.265,1.274,1.261,1.263,47689.404081
2025-12-21 22:00:00,1.263,1.291,1.26,1.285,120458.352799
2025-12-21 23:00:00,1.285,1.288,1.271,1.278,217737.627373
2025-12-22 00:00:00,1.278,1.298,1.277,1.287,254471.074053
2025-12-22 01:00:00,1.287,1.301,1.284,1.29,190659.258667
2025-12-22 02:00:00,1.29,1.29,1.271,1.28,221230.048978
2025-12-22 03:00:00,1.281,1.294,1.273,1.287,136522.760596
2025-12-22 04:00:00,1.287,1.298,1.286,1.297,143193.442861
2025-12-22 05:00:00,1.297,1.299,1.285,1.289,152636.909252
2025-12-22 06:00:00,1.288,1.298,1.287,1.292,82741.548526
2025-12-22 07:00:00,1.292,1.31,1.29,1.307,227893.887586
2025-12-22 08:00:00,1.308,1.326,1.308,1.311,265027.630291
2025-12-22 09:00:00,1.311,1.316,1.306,1.313,86307.16533
2025-12-22 10:00:00,1.313,1.324,1.31,1.318,127464.25057
2025-12-22 11:00:00,1.317,1.325,1.316,1.317,146027.58525
2025-12-22 12:00:00,1.318,1.323,1.312,1.318,82829.684589
2025-12-22 13:00:00,1.318,1.319,1.312,1.313,129687.654015
2025-12-22 14:00:00,1.314,1.331,1.308,1.321,306856.931624
2025-12-22 15:00:00,1.322,1.329,1.309,1.319,236938.52429
2025-12-22 16:00:00,1.32,1.328,1.317,1.32,101929.429696
2025-12-22 17:00:00,1.321,1.321,1.311,1.318,72718.352628
2025-12-22 18:00:00,1.32,1.328,1.313,1.314,154577.968425
2025-12-22 19:00:00,1.315,1.315,1.299,1.306,185923.577916
2025-12-22 20:00:00,1.305,1.312,1.277,1.287,666376.638082
2025-12-22 21:00:00,1.286,1.298,1.286,1.292,131354.007822
2025-12-22 22:00:00,1.293,1.311,1.286,1.308,100771.58781
2025-12-22 23:00:00,1.308,1.309,1.296,1.299,55093.307446
2025-12-23 00:00:00,1.298,1.306,1.296,1.304,49842.317905
2025-12-23 01:00:00,1.303,1.309,1.291,1.295,111380.194598
2025-12-23 02:00:00,1.295,1.298,1.284,1.284,235228.025893
2025-12-23 03:00:00,1.283,1.292,1.277,1.289,202489.325718
2025-12-23 04:00:00,1.289,1.29,1.282,1.282,136088.077638
2025-12-23 05:00:00,1.281,1.285,1.274,1.281,277956.97213
2025-12-23 06:00:00,1.28,1.285,1.27,1.273,293110.398554
2025-12-23 07:00:00,1.273,1.276,1.27,1.272,212525.15202
2025-12-23 08:00:00,1.272,1.283,1.271,1.28,128279.56253
2025-12-23 09:00:00,1.279,1.282,1.274,1.281,198518.971995
2025-12-23 10:00:00,1.281,1.287,1.28,1.283,80815.364855
2025-12-23 11:00:00,1.284,1.287,1.282,1.283,181195.790675
2025-12-23 12:00:00,1.282,1.286,1.276,1.285,116977.908663
2025-12-23 13:00:00,1.284,1.298,1.28,1.291,299652.741936
2025-12-23 14:00:00,1.292,1.304,1.275,1.285,320313.975746
2025-12-23 15:00:00,1.285,1.305,1.285,1.303,221524.988731
2025-12-23 16:00:00,1.304,1.327,1.302,1.323,393868.703039
2025-12-23 17:00:00,1.323,1.347,1.31,1.311,544998.843423
2025-12-23 18:00:00,1.311,1.335,1.306,1.321,275571.748171
2025-12-23 19:00:00,1.321,1.333,1.318,1.324,190017.987023
2025-12-23 20:00:00,1.324,1.353,1.321,1.346,263650.59884
2025-12-23 21:00:00,1.346,1.348,1.33,1.33,89966.953351
2025-12-23 22:00:00,1.331,1.333,1.313,1.318,177644.931132
2025-12-23 23:00:00,1.317,1.318,1.308,1.311,138464.851989
2025-12-24 00:00:00,1.311,1.318,1.304,1.313,160285.549169
2025-12-24 01:00:00,1.314,1.318,1.296,1.302,169410.806769
2025-12-24 02:00:00,1.301,1.301,1.278,1.281,356082.070804
2025-12-24 03:00:00,1.28,1.292,1.277,1.291,186986.563119
2025-12-24 04:00:00,1.291,1.3,1.282,1.282,166883.623853
2025-12-24 05:00:00,1.282,1.286,1.273,1.276,150000.715569
2025-12-24 06:00:00,1.276,1.28,1.266,1.277,280343.52789
2025-12-24 07:00:00,1.278,1.282,1.274,1.274,132764.000019
2025-12-24 08:00:00,1.273,1.275,1.265,1.271,193217.104914
2025-12-24 09:00:00,1.272,1.279,1.267,1.27,106491.788132
2025-12-24 10:00:00,1.27,1.281,1.27,1.276,97943.305755
2025-12-24 11:00:00,1.276,1.283,1.276,1.278,48614.091666
2025-12-24 12:00:00,1.278,1.286,1.277,1.284,75804.995396
2025-12-24 13:00:00,1.283,1.286,1.276,1.279,132925.795834
2025-12-24 14:00:00,1.28,1.286,1.263,1.278,204157.098393
2025-12-24 15:00:00,1.278,1.283,1.266,1.278,170048.415568
2025-12-24 16:00:00,1.278,1.285,1.267,1.277,472523.137866
2025-12-24 17:00:00,1.277,1.279,1.266,1.269,385713.596721
2025-12-24 18:00:00,1.269,1.274,1.265,1.271,158278.999714
2025-12-24 19:00:00,1.271,1.278,1.267,1.278,83008.71838
2025-12-24 20:00:00,1.278,1.279,1.271,1.271,79456.386034
2025-12-24 21:00:00,1.271,1.274,1.269,1.271,146928.6657
2025-12-24 22:00:00,1.272,1.28,1.271,1.278,219736.265626
2025-12-24 23:00:00,1.277,1.277,1.269,1.272,150184.321118
2025-12-25 00:00:00,1.272,1.275,1.269,1.269,157449.53593
2025-12-25 01:00:00,1.268,1.274,1.267,1.273,105406.76459
2025-12-25 02:00:00,1.273,1.286,1.27,1.286,100903.405856
2025-12-25 03:00:00,1.286,1.29,1.283,1.284,140591.729849
2025-12-25 04:00:00,1.284,1.285,1.279,1.282,75951.542065
2025-12-25 05:00:00,1.282,1.283,1.275,1.279,64541.077239
2025-12-25 06:00:00,1.279,1.284,1.275,1.283,78356.184599
2025-12-25 07:00:00,1.283,1.288,1.277,1.286,63792.200487
2025-12-25 08:00:00,1.286,1.298,1.278,1.279,269910.651964
2025-12-25 09:00:00,1.279,1.279,1.268,1.272,116386.044088
2025-12-25 10:00:00,1.271,1.273,1.252,1.259,303172.448495
2025-12-25 11:00:00,1.258,1.267,1.258,1.262,162850.517894
2025-12-25 12:00:00,1.262,1.267,1.259,1.267,65071.624413
2025-12-25 13:00:00,1.267,1.272,1.264,1.267,65463.219479
2025-12-25 14:00:00,1.267,1.269,1.26,1.266,82909.549497
2025-12-25 15:00:00,1.266,1.287,1.265,1.282,263534.896434
2025-12-25 16:00:00,1.283,1.297,1.27,1.273,318631.61594
2025-12-25 17:00:00,1.273,1.274,1.263,1.272,216540.961893
2025-12-25 18:00:00,1.272,1.281,1.272,1.276,93216.330515
2025-12-25 19:00:00,1.276,1.284,1.27,1.277,84906.593065
2025-12-25 20:00:00,1.277,1.28,1.265,1.268,84616.922105
2025-12-25 21:00:00,1.268,1.273,1.266,1.27,45243.444183
2025-12-25 22:00:00,1.271,1.271,1.197,1.229,1169491.104473
2025-12-25 23:00:00,1.229,1.234,1.209,1.215,437269.269555
2025-12-26 00:00:00,1.214,1.22,1.207,1.219,290830.932704
2025-12-26 01:00:00,1.219,1.231,1.218,1.225,164415.513058
2025-12-26 02:00:00,1.225,1.256,1.224,1.248,441530.466843
2025-12-26 03:00:00,1.249,1.255,1.241,1.248,287264.341521
2025-12-26 04:00:00,1.248,1.248,1.241,1.248,192983.426091
2025-12-26 05:00:00,1.248,1.249,1.241,1.246,198286.335976
2025-12-26 06:00:00,1.247,1.252,1.243,1.245,174592.456302
2025-12-26 07:00:00,1.245,1.249,1.235,1.235,139009.212126
2025-12-26 08:00:00,1.235,1.24,1.231,1.236,126107.945997
2025-12-26 09:00:00,1.235,1.245,1.233,1.245,97675.465106
2025-12-26 10:00:00,1.245,1.248,1.242,1.243,68771.934465
2025-12-26 11:00:00,1.243,1.259,1.242,1.244,478196.658878
2025-12-26 12:00:00,1.245,1.247,1.24,1.245,316138.399406
2025-12-26 13:00:00,1.245,1.248,1.242,1.245,144778.391884
2025-12-26 14:00:00,1.246,1.246,1.22,1.226,532329.016662
2025-12-26 15:00:00,1.226,1.233,1.214,1.227,361474.951224
2025-12-26 16:00:00,1.227,1.23,1.216,1.216,101756.068274
2025-12-26 17:00:00,1.217,1.232,1.217,1.228,131056.264486
2025-12-26 18:00:00,1.227,1.236,1.226,1.232,202438.965639
2025-12-26 19:00:00,1.232,1.242,1.231,1.24,101667.460417
2025-12-26 20:00:00,1.24,1.245,1.239,1.242,42727.337571
2025-12-26 21:00:00,1.242,1.244,1.231,1.232,40716.122923
2025-12-26 22:00:00,1.231,1.234,1.227,1.232,168358.343204
2025-12-26 23:00:00,1.233,1.235,1.227,1.228,82449.551252
2025-12-27 00:00:00,1.228,1.241,1.228,1.239,173501.430258
2025-12-27 01:00:00,1.239,1.251,1.233,1.245,179251.62333
2025-12-27 02:00:00,1.245,1.253,1.241,1.243,136043.542894
2025-12-27 03:00:00,1.243,1.268,1.243,1.251,457975.871436
2025-12-27 04:00:00,1.252,1.259,1.237,1.239,157380.642144
2025-12-27 05:00:00,1.24,1.241,1.238,1.239,62704.432662
2025-12-27 06:00:00,1.24,1.244,1.237,1.24,70480.667203
2025-12-27 07:00:00,1.241,1.244,1.239,1.243,148686.67149
2025-12-27 08:00:00,1.244,1.253,1.243,1.253,207342.002341
2025-12-27 09:00:00,1.253,1.255,1.237,1.237,424629.509698
2025-12-27 10:00:00,1.237,1.237,1.223,1.233,169415.3724
2025-12-27 11:00:00,1.234,1.243,1.229,1.242,103359.432874
2025-12-27 12:00:00,1.243,1.246,1.238,1.243,114137.420978
2025-12-27 13:00:00,1.243,1.244,1.237,1.24,71664.148415
2025-12-27 14:00:00,1.239,1.243,1.238,1.243,67556.534394
2025-12-27 15:00:00,1.243,1.263,1.242,1.255,203447.921037
2025-12-27 16:00:00,1.256,1.259,1.25,1.25,300813.623345
2025-12-27 17:00:00,1.25,1.25,1.244,1.25,80402.375189
2025-12-27 18:00:00,1.249,1.25,1.245,1.248,70851.717923
2025-12-27 19:00:00,1.248,1.249,1.245,1.249,67651.837235
2025-12-27 20:00:00,1.249,1.252,1.248,1.251,78273.594226
2025-12-27 21:00:00,1.25,1.294,1.25,1.288,647949.317243
2025-12-27 22:00:00,1.288,1.333,1.288,1.31,1152303.619514
2025-12-27 23:00:00,1.31,1.33,1.303,1.316,845205.71855
2025-12-28 00:00:00,1.317,1.326,1.308,1.314,418900.344653
2025-12-28 01:00:00,1.315,1.321,1.299,1.309,355094.474552
2025-12-28 02:00:00,1.31,1.32,1.308,1.318,111002.392794
2025-12-28 03:00:00,1.318,1.329,1.313,1.323,236157.31409
2025-12-28 04:00:00,1.323,1.329,1.314,1.323,274728.234293
2025-12-28 05:00:00,1.323,1.335,1.315,1.324,181180.162252
2025-12-28 06:00:00,1.325,1.35,1.32,1.349,425606.738722
2025-12-28 07:00:00,1.35,1.379,1.349,1.368,877580.46198
2025-12-28 08:00:00,1.367,1.376,1.36,1.365,477425.675633
2025-12-28 09:00:00,1.364,1.366,1.342,1.344,522866.155191
2025-12-28 10:00:00,1.345,1.356,1.343,1.343,225736.809461
2025-12-28 11:00:00,1.343,1.351,1.335,1.35,235229.064984
2025-12-28 12:00:00,1.35,1.356,1.335,1.338,155208.843664
2025-12-28 13:00:00,1.339,1.342,1.335,1.341,144870.687329
2025-12-28 14:00:00,1.342,1.37,1.34,1.365,338268.998584
2025-12-28 15:00:00,1.366,1.369,1.344,1.351,580199.400128
2025-12-28 16:00:00,1.352,1.36,1.346,1.353,246267.921273
2025-12-28 17:00:00,1.352,1.36,1.345,1.345,191760.677996
2025-12-28 18:00:00,1.346,1.347,1.317,1.32,453565.444116
2025-12-28 19:00:00,1.32,1.325,1.316,1.32,198096.771365
2025-12-28 20:00:00,1.32,1.329,1.319,1.321,143830.729353
2025-12-28 21:00:00,1.321,1.326,1.308,1.319,432176.073953
2025-12-28 22:00:00,1.32,1.327,1.314,1.326,235070.369335
2025-12-28 23:00:00,1.326,1.34,1.319,1.335,250588.349386
2025-12-29 00:00:00,1.335,1.347,1.329,1.338,490885.694066
2025-12-29 01:00:00,1.339,1.343,1.325,1.338,343141.207372
2025-12-29 02:00:00,1.339,1.361,1.337,1.34,993432.745802
2025-12-29 03:00:00,1.341,1.359,1.34,1.354,631549.216136
2025-12-29 04:00:00,1.355,1.364,1.351,1.364,388331.598301
2025-12-29 05:00:00,1.363,1.365,1.347,1.348,287188.841508
2025-12-29 06:00:00,1.349,1.353,1.344,1.347,214214.993292
2025-12-29 07:00:00,1.347,1.357,1.333,1.35,282290.891614
2025-12-29 08:00:00,1.35,1.351,1.336,1.338,163911.543682
2025-12-29 09:00:00,1.337,1.342,1.321,1.334,363965.939162
2025-12-29 10:00:00,1.334,1.372,1.333,1.363,499326.3885
2025-12-29 11:00:00,1.363,1.376,1.352,1.364,510308.260148
2025-12-29 12:00:00,1.365,1.377,1.335,1.376,856434.449603
2025-12-29 13:00:00,1.375,1.377,1.336,1.341,657863.830639
2025-12-29 14:00:00,1.34,1.35,1.325,1.329,463449.569644
2025-12-29 15:00:00,1.33,1.349,1.329,1.339,194163.390445
2025-12-29 16:00:00,1.34,1.363,1.338,1.358,208307.422331
2025-12-29 17:00:00,1.358,1.367,1.338,1.351,154316.619018
2025-12-29 18:00:00,1.352,1.354,1.342,1.344,84890.220464
2025-12-29 19:00:00,1.345,1.355,1.336,1.342,143999.295361
2025-12-29 20:00:00,1.342,1.358,1.336,1.341,86715.579361
2025-12-29 21:00:00,1.341,1.35,1.328,1.33,164655.978124
2025-12-29 22:00:00,1.33,1.337,1.326,1.327,126520.384803
2025-12-29 23:00:00,1.327,1.334,1.311,1.318,255792.446133
2025-12-30 00:00:00,1.318,1.324,1.286,1.293,847982.485118
2025-12-30 01:00:00,1.294,1.304,1.29,1.303,324459.185564
2025-12-30 02:00:00,1.304,1.314,1.294,1.296,155271.944134
2025-12-30 03:00:00,1.296,1.315,1.291,1.314,125639.242327
2025-12-30 04:00:00,1.314,1.317,1.305,1.308,194791.961666
2025-12-30 05:00:00,1.308,1.314,1.295,1.309,174134.690428
2025-12-30 06:00:00,1.31,1.315,1.307,1.314,191188.033702
2025-12-30 07:00:00,1.313,1.319,1.309,1.31,134702.830307
2025-12-30 08:00:00,1.31,1.327,1.309,1.317,214990.137679
2025-12-30 09:00:00,1.317,1.336,1.316,1.329,228779.337499
2025-12-30 10:00:00,1.33,1.335,1.325,1.329,133115.192493
2025-12-30 11:00:00,1.33,1.338,1.327,1.335,140344.930944
2025-12-30 12:00:00,1.336,1.343,1.331,1.333,175139.929072
2025-12-30 13:00:00,1.333,1.336,1.326,1.328,141043.906686
2025-12-30 14:00:00,1.328,1.339,1.315,1.33,350434.021115
2025-12-30 15:00:00,1.331,1.333,1.316,1.326,260450.028333
2025-12-30 16:00:00,1.327,1.33,1.318,1.321,133900.240923
2025-12-30 17:00:00,1.321,1.337,1.317,1.335,108424.282894
2025-12-30 18:00:00,1.334,1.336,1.322,1.325,61179.865492
2025-12-30 19:00:00,1.326,1.339,1.316,1.337,97824.12181
2025-12-30 20:00:00,1.336,1.336,1.324,1.324,86514.759656
2025-12-30 21:00:00,1.324,1.325,1.309,1.315,60914.508712
2025-12-30 22:00:00,1.316,1.322,1.313,1.317,57555.539522
2025-12-30 23:00:00,1.317,1.323,1.316,1.323,78347.700608
2025-12-31 00:00:00,1.323,1.325,1.315,1.317,206757.92519
2025-12-31 01:00:00,1.317,1.349,1.315,1.348,483915.68457
2025-12-31 02:00:00,1.349,1.352,1.33,1.335,453676.392493
2025-12-31 03:00:00,1.336,1.341,1.324,1.329,93716.314489
2025-12-31 04:00:00,1.329,1.329,1.318,1.323,96146.831769
2025-12-31 05:00:00,1.322,1.326,1.32,1.323,74488.002939
2025-12-31 06:00:00,1.324,1.325,1.319,1.324,110521.472943
2025-12-31 07:00:00,1.324,1.335,1.318,1.334,98806.134968
2025-12-31 08:00:00,1.335,1.343,1.321,1.323,225874.849491
2025-12-31 09:00:00,1.324,1.327,1.32,1.325,95686.487389
2025-12-31 10:00:00,1.324,1.328,1.318,1.322,139386.977201
2025-12-31 11:00:00,1.323,1.336,1.323,1.334,267331.718768
2025-12-31 12:00:00,1.334,1.335,1.322,1.325,309646.508282
2025-12-31 13:00:00,1.324,1.332,1.32,1.331,207022.765904
2025-12-31 14:00:00,1.332,1.337,1.321,1.329,275559.441796
2025-12-31 15:00:00,1.329,1.329,1.307,1.315,978240.380791
2025-12-31 16:00:00,1.315,1.317,1.267,1.282,942968.73183
2025-12-31 17:00:00,1.281,1.283,1.264,1.267,252312.325356
2025-12-31 18:00:00,1.267,1.275,1.258,1.267,221347.410029
2025-12-31 19:00:00,1.268,1.288,1.268,1.28,247153.814397
2025-12-31 20:00:00,1.28,1.3,1.271,1.296,256861.5064
2025-12-31 21:00:00,1.297,1.31,1.292,1.305,122423.69708
2025-12-31 22:00:00,1.304,1.312,1.297,1.308,176576.275622
2025-12-31 23:00:00,1.307,1.307,1.295,1.297,204454.91309
2026-01-01 00:00:00,1.298,1.311,1.298,1.301,208075.322441
2026-01-01 01:00:00,1.3,1.307,1.29,1.291,124767.957753
2026-01-01 02:00:00,1.291,1.293,1.287,1.29,75740.626023
2026-01-01 03:00:00,1.291,1.293,1.285,1.285,103051.209969
2026-01-01 04:00:00,1.286,1.286,1.278,1.281,130281.688062
2026-01-01 05:00:00,1.282,1.295,1.282,1.294,223145.413687
2026-01-01 06:00:00,1.294,1.295,1.289,1.29,75588.909672
2026-01-01 07:00:00,1.291,1.303,1.291,1.297,224349.446836
2026-01-01 08:00:00,1.297,1.305,1.294,1.304,94542.526155
2026-01-01 09:00:00,1.304,1.31,1.303,1.303,120269.29986
2026-01-01 10:00:00,1.303,1.308,1.302,1.308,38777.477743
2026-01-01 11:00:00,1.307,1.321,1.303,1.318,112786.506912
2026-01-01 12:00:00,1.319,1.334,1.312,1.333,440126.684274
2026-01-01 13:00:00,1.333,1.399,1.33,1.395,1510196.96443
2026-01-01 14:00:00,1.395,1.524,1.395,1.484,4172992.158755
2026-01-01 15:00:00,1.484,1.514,1.461,1.505,2065362.896169
2026-01-01 16:00:00,1.505,1.544,1.487,1.515,2071566.553843
2026-01-01 17:00:00,1.516,1.555,1.508,1.535,886952.508172
2026-01-01 18:00:00,1.537,1.547,1.512,1.523,463397.200502
2026-01-01 19:00:00,1.523,1.533,1.501,1.517,255439.579877
2026-01-01 20:00:00,1.517,1.529,1.493,1.494,278001.500514
2026-01-01 21:00:00,1.495,1.504,1.489,1.499,233029.460397
2026-01-01 22:00:00,1.501,1.51,1.474,1.496,460728.036496
2026-01-01 23:00:00,1.497,1.499,1.482,1.484,327863.154564
2026-01-02 00:00:00,1.484,1.507,1.476,1.487,365887.495792
2026-01-02 01:00:00,1.487,1.495,1.468,1.476,427324.887822
2026-01-02 02:00:00,1.476,1.476,1.453,1.469,544826.181829
2026-01-02 03:00:00,1.469,1.491,1.466,1.49,402490.075434
2026-01-02 04:00:00,1.489,1.492,1.467,1.469,230249.074501
2026-01-02 05:00:00,1.47,1.475,1.458,1.467,166470.729892
2026-01-02 06:00:00,1.468,1.469,1.451,1.451,245302.789949
2026-01-02 07:00:00,1.452,1.454,1.437,1.45,359226.905932
2026-01-02 08:00:00,1.45,1.454,1.442,1.45,181624.68898
2026-01-02 09:00:00,1.45,1.467,1.444,1.458,349125.673892
2026-01-02 10:00:00,1.458,1.463,1.454,1.457,191875.98301
2026-01-02 11:00:00,1.458,1.459,1.42,1.429,720465.127685
2026-01-02 12:00:00,1.428,1.44,1.427,1.436,284816.118326
2026-01-02 13:00:00,1.435,1.436,1.425,1.429,220413.057407
2026-01-02 14:00:00,1.428,1.453,1.423,1.436,556822.546347
2026-01-02 15:00:00,1.437,1.449,1.424,1.435,462780.993821
2026-01-02 16:00:00,1.434,1.464,1.434,1.457,436435.818685
2026-01-02 17:00:00,1.457,1.461,1.448,1.455,279619.117698
2026-01-02 18:00:00,1.455,1.468,1.446,1.455,193421.371015
2026-01-02 19:00:00,1.455,1.471,1.454,1.47,169185.851316
2026-01-02 20:00:00,1.47,1.478,1.46,1.476,162831.531114
2026-01-02 21:00:00,1.477,1.48,1.466,1.477,209108.190543
2026-01-02 22:00:00,1.478,1.502,1.473,1.495,730566.483408
2026-01-02 23:00:00,1.494,1.506,1.49,1.504,331333.880602
2026-01-03 00:00:00,1.503,1.531,1.486,1.514,594202.915724
2026-01-03 01:00:00,1.515,1.528,1.502,1.528,318687.603031
2026-01-03 02:00:00,1.528,1.577,1.524,1.558,1394369.603269
2026-01-03 03:00:00,1.559,1.56,1.53,1.542,443569.884101
2026-01-03 04:00:00,1.542,1.546,1.522,1.536,342117.367061
2026-01-03 05:00:00,1.537,1.538,1.512,1.523,400994.669728
2026-01-03 06:00:00,1.524,1.534,1.502,1.504,307632.229914
2026-01-03 07:00:00,1.504,1.508,1.454,1.468,987047.029774
2026-01-03 08:00:00,1.468,1.479,1.462,1.471,235825.012195
2026-01-03 09:00:00,1.471,1.48,1.466,1.47,231763.022559
2026-01-03 10:00:00,1.471,1.473,1.465,1.466,210434.641493
2026-01-03 11:00:00,1.466,1.469,1.461,1.465,119817.514908
2026-01-03 12:00:00,1.465,1.471,1.456,1.468,174431.17759
2026-01-03 13:00:00,1.468,1.482,1.467,1.481,184242.581362
2026-01-03 14:00:00,1.48,1.48,1.466,1.467,228829.109054
2026-01-03 15:00:00,1.468,1.472,1.461,1.466,123464.730419
2026-01-03 16:00:00,1.467,1.478,1.463,1.468,211929.419165
2026-01-03 17:00:00,1.47,1.477,1.467,1.474,74061.292806
2026-01-03 18:00:00,1.473,1.479,1.462,1.475,134415.765041
2026-01-03 19:00:00,1.476,1.478,1.472,1.478,31939.792489
2026-01-03 20:00:00,1.478,1.502,1.471,1.486,172523.698156
2026-01-03 21:00:00,1.485,1.502,1.485,1.489,77531.764739
2026-01-03 22:00:00,1.491,1.497,1.487,1.489,96992.249957
2026-01-03 23:00:00,1.491,1.498,1.481,1.494,183597.094465
2026-01-04 00:00:00,1.493,1.504,1.491,1.499,453585.766704
2026-01-04 01:00:00,1.498,1.511,1.494,1.5,396395.715783
2026-01-04 02:00:00,1.5,1.506,1.483,1.488,552385.285953
2026-01-04 03:00:00,1.487,1.499,1.486,1.495,183876.378152
2026-01-04 04:00:00,1.495,1.496,1.481,1.483,178042.833098
2026-01-04 05:00:00,1.483,1.493,1.481,1.492,152738.383117
2026-01-04 06:00:00,1.493,1.5,1.466,1.474,350819.195338
2026-01-04 07:00:00,1.473,1.486,1.471,1.483,266094.612894
2026-01-04 08:00:00,1.483,1.521,1.475,1.519,543193.016013
2026-01-04 09:00:00,1.518,1.524,1.497,1.508,721305.620677
2026-01-04 10:00:00,1.508,1.514,1.494,1.495,185715.344444
2026-01-04 11:00:00,1.496,1.504,1.49,1.502,95457.272498
2026-01-04 12:00:00,1.502,1.515,1.499,1.503,211850.904053
2026-01-04 13:00:00,1.503,1.511,1.495,1.51,271169.462421
2026-01-04 14:00:00,1.508,1.508,1.496,1.504,258329.781033
2026-01-04 15:00:00,1.503,1.507,1.489,1.502,198691.782675
2026-01-04 16:00:00,1.503,1.509,1.498,1.508,245262.969101
2026-01-04 17:00:00,1.508,1.513,1.497,1.504,244135.556842
2026-01-04 18:00:00,1.505,1.506,1.487,1.498,169580.643405
2026-01-04 19:00:00,1.496,1.497,1.475,1.492,244246.410729
2026-01-04 20:00:00,1.491,1.496,1.485,1.49,59105.896939
2026-01-04 21:00:00,1.49,1.498,1.478,1.489,97355.432841
2026-01-04 22:00:00,1.488,1.496,1.484,1.492,85885.904368
2026-01-04 23:00:00,1.493,1.502,1.486,1.494,112109.299378
2026-01-05 00:00:00,1.494,1.51,1.49,1.502,432092.79577
2026-01-05 01:00:00,1.503,1.533,1.499,1.52,601319.278273
2026-01-05 02:00:00,1.522,1.538,1.509,1.518,415968.435879
2026-01-05 03:00:00,1.517,1.524,1.511,1.519,139897.840986
2026-01-05 04:00:00,1.519,1.53,1.492,1.506,481373.814048
2026-01-05 05:00:00,1.505,1.518,1.497,1.502,142825.650529
2026-01-05 06:00:00,1.501,1.503,1.477,1.485,350711.692216
2026-01-05 07:00:00,1.484,1.497,1.469,1.49,326577.48724
2026-01-05 08:00:00,1.49,1.494,1.474,1.483,161035.138308
2026-01-05 09:00:00,1.482,1.483,1.468,1.471,244021.479773
2026-01-05 10:00:00,1.472,1.482,1.46,1.475,306891.734337
2026-01-05 11:00:00,1.474,1.491,1.469,1.483,158173.574827
2026-01-05 12:00:00,1.483,1.547,1.483,1.529,1074711.996968
2026-01-05 13:00:00,1.528,1.534,1.499,1.512,648286.320694
2026-01-05 14:00:00,1.511,1.553,1.511,1.542,962100.945902
2026-01-05 15:00:00,1.542,1.656,1.542,1.651,2986198.688379
2026-01-05 16:00:00,1.65,1.689,1.575,1.589,2403630.747717
2026-01-05 17:00:00,1.59,1.629,1.577,1.626,831174.824461
2026-01-05 18:00:00,1.627,1.629,1.596,1.608,412243.724126
2026-01-05 19:00:00,1.61,1.611,1.57,1.582,500224.888571
2026-01-05 20:00:00,1.582,1.607,1.582,1.595,270940.559541
2026-01-05 21:00:00,1.593,1.601,1.571,1.581,311570.85947
2026-01-05 22:00:00,1.58,1.595,1.575,1.585,210491.305717
2026-01-05 23:00:00,1.584,1.584,1.564,1.57,357079.877461
2026-01-06 00:00:00,1.571,1.581,1.549,1.56,846409.575904
2026-01-06 01:00:00,1.56,1.577,1.55,1.559,566210.850332
2026-01-06 02:00:00,1.559,1.575,1.558,1.573,182783.729279
2026-01-06 03:00:00,1.573,1.601,1.572,1.592,460781.217339
2026-01-06 04:00:00,1.592,1.596,1.581,1.591,350678.905452
2026-01-06 05:00:00,1.591,1.591,1.571,1.573,224824.92416
2026-01-06 06:00:00,1.573,1.591,1.564,1.581,236436.741947
2026-01-06 07:00:00,1.581,1.582,1.557,1.563,436784.046556
2026-01-06 08:00:00,1.563,1.571,1.557,1.559,328394.956675
2026-01-06 09:00:00,1.559,1.57,1.558,1.566,207450.649353
2026-01-06 10:00:00,1.567,1.573,1.563,1.568,130099.446098
2026-01-06 11:00:00,1.569,1.581,1.567,1.581,322159.047723
2026-01-06 12:00:00,1.581,1.59,1.577,1.585,427524.504194
2026-01-06 13:00:00,1.585,1.601,1.583,1.587,334742.371645
2026-01-06 14:00:00,1.587,1.611,1.576,1.587,887855.722039
2026-01-06 15:00:00,1.588,1.605,1.575,1.591,865629.846913
2026-01-06 16:00:00,1.59,1.602,1.552,1.571,994998.689839
2026-01-06 17:00:00,1.568,1.577,1.512,1.527,946409.603206
2026-01-06 18:00:00,1.527,1.543,1.522,1.537,307362.51963
2026-01-06 19:00:00,1.537,1.545,1.532,1.536,140394.005049
2026-01-06 20:00:00,1.538,1.575,1.538,1.573,119628.104588
2026-01-06 21:00:00,1.574,1.597,1.567,1.59,375837.485006
2026-01-06 22:00:00,1.59,1.604,1.578,1.585,261157.318426
2026-01-06 23:00:00,1.584,1.594,1.579,1.593,185879.37012
2026-01-07 00:00:00,1.594,1.606,1.568,1.57,552994.255064
2026-01-07 01:00:00,1.57,1.584,1.56,1.565,371996.209372
2026-01-07 02:00:00,1.566,1.572,1.555,1.571,497787.27841
2026-01-07 03:00:00,1.572,1.581,1.564,1.567,136367.834186
2026-01-07 04:00:00,1.568,1.573,1.561,1.566,138726.993938
2026-01-07 05:00:00,1.566,1.574,1.557,1.558,161502.715189
2026-01-07 06:00:00,1.558,1.568,1.548,1.559,246439.610763
2026-01-07 07:00:00,1.561,1.595,1.561,1.589,341449.077275
2026-01-07 08:00:00,1.589,1.598,1.583,1.594,360927.327095
2026-01-07 09:00:00,1.593,1.593,1.553,1.556,573841.484592
2026-01-07 10:00:00,1.555,1.569,1.555,1.563,221356.438845
2026-01-07 11:00:00,1.561,1.569,1.558,1.567,97898.590308
2026-01-07 12:00:00,1.565,1.573,1.551,1.555,567406.013266
2026-01-07 13:00:00,1.556,1.562,1.536,1.538,464562.763074
2026-01-07 14:00:00,1.539,1.547,1.51,1.541,789444.71779
2026-01-07 15:00:00,1.542,1.544,1.494,1.509,925082.468962
2026-01-07 16:00:00,1.509,1.527,1.506,1.517,267129.540699
2026-01-07 17:00:00,1.517,1.531,1.513,1.525,197404.920701
2026-01-07 18:00:00,1.524,1.545,1.519,1.53,290155.860759
2026-01-07 19:00:00,1.531,1.535,1.516,1.531,130945.970392
2026-01-07 20:00:00,1.53,1.53,1.511,1.514,76420.328123
2026-01-07 21:00:00,1.515,1.52,1.509,1.51,106698.509688
2026-01-07 22:00:00,1.51,1.529,1.505,1.513,108708.881803
2026-01-07 23:00:00,1.513,1.532,1.506,1.52,146081.693861
2026-01-08 00:00:00,1.52,1.524,1.508,1.519,156663.011498
2026-01-08 01:00:00,1.518,1.527,1.513,1.523,125296.734826
2026-01-08 02:00:00,1.523,1.526,1.505,1.508,155930.950937
2026-01-08 03:00:00,1.509,1.52,1.492,1.499,414315.536992
2026-01-08 04:00:00,1.499,1.517,1.498,1.513,104396.778864
2026-01-08 05:00:00,1.514,1.53,1.51,1.519,239477.883082
2026-01-08 06:00:00,1.52,1.522,1.476,1.478,672215.555861
2026-01-08 07:00:00,1.48,1.501,1.469,1.498,401045.972776
2026-01-08 08:00:00,1.498,1.501,1.475,1.478,250775.635899
2026-01-08 09:00:00,1.478,1.485,1.466,1.472,432930.918604
2026-01-08 10:00:00,1.473,1.478,1.452,1.474,446261.540191
2026-01-08 11:00:00,1.475,1.478,1.46,1.474,237988.165301
2026-01-08 12:00:00,1.474,1.476,1.459,1.465,107655.937298
2026-01-08 13:00:00,1.465,1.472,1.46,1.465,77706.951847
2026-01-08 14:00:00,1.464,1.477,1.453,1.472,214362.633842
2026-01-08 15:00:00,1.469,1.497,1.463,1.496,215473.460263
2026-01-08 16:00:00,1.496,1.499,1.48,1.496,221865.230869
2026-01-08 17:00:00,1.497,1.504,1.486,1.498,113670.212682
2026-01-08 18:00:00,1.498,1.498,1.482,1.484,65356.481295
2026-01-08 19:00:00,1.485,1.489,1.477,1.482,29076.135799
2026-01-08 20:00:00,1.481,1.49,1.473,1.49,56213.061979
2026-01-08 21:00:00,1.489,1.509,1.488,1.505,67013.273508
2026-01-08 22:00:00,1.506,1.513,1.493,1.505,143021.787313
2026-01-08 23:00:00,1.504,1.511,1.495,1.496,70996.712018
2026-01-09 00:00:00,1.497,1.508,1.496,1.507,83467.269376
2026-01-09 01:00:00,1.508,1.522,1.495,1.506,293909.723957
2026-01-09 02:00:00,1.507,1.518,1.504,1.504,130025.016612
2026-01-09 03:00:00,1.504,1.517,1.498,1.516,176952.524139
2026-01-09 04:00:00,1.517,1.527,1.512,1.516,142261.119724
2026-01-09 05:00:00,1.517,1.524,1.512,1.523,88912.277425
2026-01-09 06:00:00,1.524,1.53,1.518,1.519,161861.106563
2026-01-09 07:00:00,1.52,1.52,1.508,1.51,84634.114089
2026-01-09 08:00:00,1.51,1.512,1.474,1.483,391564.776291
2026-01-09 09:00:00,1.482,1.493,1.474,1.482,1142373.607363
2026-01-09 10:00:00,1.483,1.492,1.479,1.49,169441.950194
2026-01-09 11:00:00,1.491,1.496,1.486,1.487,84774.245303
2026-01-09 12:00:00,1.487,1.494,1.481,1.483,98853.919593
2026-01-09 13:00:00,1.484,1.508,1.483,1.498,290672.094692
2026-01-09 14:00:00,1.498,1.498,1.479,1.484,163593.280172
2026-01-09 15:00:00,1.484,1.525,1.475,1.514,474717.857595
2026-01-09 16:00:00,1.514,1.532,1.513,1.525,366705.096915
2026-01-09 17:00:00,1.526,1.527,1.496,1.513,201453.443886
2026-01-09 18:00:00,1.514,1.515,1.479,1.496,302633.326138
2026-01-09 19:00:00,1.497,1.497,1.477,1.48,71311.805174
2026-01-09 20:00:00,1.48,1.494,1.479,1.483,44931.39972
2026-01-09 21:00:00,1.483,1.496,1.478,1.494,51941.88201
2026-01-09 22:00:00,1.494,1.495,1.485,1.489,80707.491833
2026-01-09 23:00:00,1.488,1.493,1.484,1.488,56427.965467
2026-01-10 00:00:00,1.487,1.488,1.476,1.479,134212.417873
2026-01-10 01:00:00,1.48,1.485,1.475,1.483,105164.065773
2026-01-10 02:00:00,1.484,1.486,1.475,1.478,94703.117204
2026-01-10 03:00:00,1.478,1.478,1.465,1.475,187888.425668
2026-01-10 04:00:00,1.475,1.475,1.46,1.466,101708.325719
2026-01-10 05:00:00,1.467,1.468,1.463,1.467,41379.440418
2026-01-10 06:00:00,1.467,1.475,1.465,1.471,50428.514546
2026-01-10 07:00:00,1.471,1.484,1.47,1.482,81694.259488
2026-01-10 08:00:00,1.482,1.484,1.478,1.482,107129.458013
2026-01-10 09:00:00,1.483,1.494,1.482,1.491,80028.59805
2026-01-10 10:00:00,1.491,1.495,1.487,1.493,31894.927497
2026-01-10 11:00:00,1.493,1.499,1.49,1.497,85761.508669
2026-01-10 12:00:00,1.498,1.507,1.494,1.505,236281.235774
2026-01-10 13:00:00,1.505,1.51,1.501,1.506,71857.45184
2026-01-10 14:00:00,1.506,1.506,1.489,1.491,137742.259266
2026-01-10 15:00:00,1.492,1.496,1.488,1.491,64519.1083
2026-01-10 16:00:00,1.491,1.494,1.484,1.488,90956.335073
2026-01-10 17:00:00,1.489,1.494,1.48,1.483,53362.039427
2026-01-10 18:00:00,1.483,1.493,1.478,1.49,79183.803608
2026-01-10 19:00:00,1.491,1.509,1.489,1.507,148733.233218
2026-01-10 20:00:00,1.508,1.509,1.497,1.497,75103.163578
2026-01-10 21:00:00,1.497,1.498,1.485,1.485,110531.334783
2026-01-10 22:00:00,1.485,1.49,1.476,1.477,153058.061591
2026-01-10 23:00:00,1.476,1.485,1.476,1.482,90359.722424
2026-01-11 00:00:00,1.482,1.49,1.477,1.487,39550.835805
2026-01-11 01:00:00,1.488,1.496,1.487,1.495,119512.685377
2026-01-11 02:00:00,1.495,1.497,1.488,1.49,118114.718999
2026-01-11 03:00:00,1.489,1.49,1.486,1.488,39564.761639
2026-01-11 04:00:00,1.488,1.489,1.48,1.488,303478.202348
2026-01-11 05:00:00,1.489,1.49,1.482,1.485,121984.430811
2026-01-11 06:00:00,1.486,1.487,1.476,1.484,43179.888909
2026-01-11 07:00:00,1.484,1.485,1.48,1.484,23985.316046
2026-01-11 08:00:00,1.483,1.488,1.481,1.484,33049.922727
2026-01-11 09:00:00,1.485,1.493,1.478,1.492,373449.065088
2026-01-11 10:00:00,1.491,1.493,1.484,1.487,42286.239109
2026-01-11 11:00:00,1.488,1.508,1.486,1.507,197362.321469
2026-01-11 12:00:00,1.507,1.507,1.499,1.506,163145.953273
2026-01-11 13:00:00,1.507,1.509,1.493,1.493,157033.095944
2026-01-11 14:00:00,1.494,1.5,1.49,1.499,248959.920616
2026-01-11 15:00:00,1.498,1.498,1.471,1.479,208665.612555
2026-01-11 16:00:00,1.48,1.503,1.479,1.495,188673.620884
2026-01-11 17:00:00,1.496,1.515,1.486,1.511,266698.411401
2026-01-11 18:00:00,1.511,1.513,1.497,1.501,142974.670655
2026-01-11 19:00:00,1.501,1.506,1.491,1.491,46668.774277
2026-01-11 20:00:00,1.49,1.49,1.455,1.469,656866.18761
2026-01-11 21:00:00,1.467,1.473,1.458,1.472,97155.669659
2026-01-11 22:00:00,1.471,1.471,1.445,1.447,364196.553094
2026-01-11 23:00:00,1.446,1.46,1.43,1.458,270754.567935
2026-01-12 00:00:00,1.458,1.47,1.444,1.468,264914.059123
2026-01-12 01:00:00,1.468,1.504,1.467,1.492,378862.684203
2026-01-12 02:00:00,1.492,1.507,1.492,1.505,239701.781427
2026-01-12 03:00:00,1.505,1.51,1.488,1.489,307770.656615
2026-01-12 04:00:00,1.49,1.509,1.484,1.503,231670.07036
2026-01-12 05:00:00,1.504,1.509,1.498,1.502,160441.172414
2026-01-12 06:00:00,1.501,1.501,1.484,1.486,220064.172844
2026-01-12 07:00:00,1.486,1.496,1.469,1.472,254440.260594
2026-01-12 08:00:00,1.472,1.479,1.451,1.463,331973.384378
2026-01-12 09:00:00,1.463,1.464,1.455,1.457,211935.59397
2026-01-12 10:00:00,1.457,1.463,1.453,1.454,127165.583863
2026-01-12 11:00:00,1.454,1.468,1.454,1.465,147027.828984
2026-01-12 12:00:00,1.465,1.467,1.457,1.459,58501.314272
2026-01-12 13:00:00,1.46,1.463,1.443,1.444,216262.301484
2026-01-12 14:00:00,1.445,1.465,1.435,1.46,331636.196926
2026-01-12 15:00:00,1.461,1.495,1.457,1.488,546688.38781
2026-01-12 16:00:00,1.488,1.498,1.478,1.484,221089.918018
2026-01-12 17:00:00,1.484,1.487,1.459,1.467,152065.752485
2026-01-12 18:00:00,1.467,1.474,1.445,1.453,374749.410039
2026-01-12 19:00:00,1.454,1.471,1.449,1.471,72592.036137
2026-01-12 20:00:00,1.472,1.485,1.462,1.462,127794.250357
2026-01-12 21:00:00,1.463,1.464,1.445,1.455,79305.569596
2026-01-12 22:00:00,1.456,1.47,1.455,1.466,123519.506802
2026-01-12 23:00:00,1.467,1.47,1.458,1.462,131124.093467
2026-01-13 00:00:00,1.461,1.473,1.46,1.463,70772.725846
2026-01-13 01:00:00,1.463,1.469,1.456,1.464,103172.956004
2026-01-13 02:00:00,1.465,1.477,1.461,1.461,117306.901295
2026-01-13 03:00:00,1.462,1.473,1.457,1.47,81851.407381
2026-01-13 04:00:00,1.471,1.479,1.47,1.479,80881.719471
2026-01-13 05:00:00,1.48,1.495,1.48,1.481,260422.816268
2026-01-13 06:00:00,1.483,1.494,1.481,1.489,149228.038206
2026-01-13 07:00:00,1.489,1.491,1.483,1.484,110206.674774
2026-01-13 08:00:00,1.486,1.488,1.476,1.484,122621.934921
2026-01-13 09:00:00,1.484,1.489,1.48,1.486,107266.877713
2026-01-13 10:00:00,1.487,1.493,1.483,1.491,169274.596073
2026-01-13 11:00:00,1.491,1.5,1.484,1.492,174061.596265
2026-01-13 12:00:00,1.493,1.544,1.484,1.535,822523.15322
2026-01-13 13:00:00,1.536,1.544,1.515,1.521,1132469.001689
2026-01-13 14:00:00,1.52,1.549,1.514,1.529,813439.997376
2026-01-13 15:00:00,1.529,1.577,1.522,1.566,1057317.045374
2026-01-13 16:00:00,1.567,1.599,1.555,1.587,1261555.462152
2026-01-13 17:00:00,1.588,1.59,1.544,1.551,642159.367943
2026-01-13 18:00:00,1.551,1.558,1.529,1.532,431663.196426
2026-01-13 19:00:00,1.532,1.543,1.525,1.541,305242.596987
2026-01-13 20:00:00,1.542,1.546,1.525,1.53,114337.126507
2026-01-13 21:00:00,1.529,1.544,1.529,1.543,91944.077774
2026-01-13 22:00:00,1.544,1.599,1.543,1.585,874521.908813
2026-01-13 23:00:00,1.587,1.595,1.567,1.576,531874.01012
2026-01-14 00:00:00,1.576,1.588,1.572,1.585,284348.716481
2026-01-14 01:00:00,1.584,1.59,1.569,1.573,236891.850256
2026-01-14 02:00:00,1.574,1.581,1.564,1.571,145347.298468
2026-01-14 03:00:00,1.571,1.585,1.569,1.584,90167.001954
2026-01-14 04:00:00,1.585,1.588,1.57,1.574,216708.037778
2026-01-14 05:00:00,1.573,1.573,1.558,1.571,286898.170749
2026-01-14 06:00:00,1.571,1.576,1.558,1.575,262964.56461
2026-01-14 07:00:00,1.576,1.581,1.565,1.567,177103.627733
2026-01-14 08:00:00,1.568,1.572,1.558,1.56,303255.43138
2026-01-14 09:00:00,1.56,1.586,1.56,1.585,327622.894372
2026-01-14 10:00:00,1.586,1.599,1.576,1.583,498428.23071
2026-01-14 11:00:00,1.582,1.584,1.57,1.576,281777.576478
2026-01-14 12:00:00,1.575,1.585,1.573,1.578,163430.815727
2026-01-14 13:00:00,1.578,1.585,1.569,1.579,244931.788946
2026-01-14 14:00:00,1.58,1.618,1.578,1.614,884691.828586
2026-01-14 15:00:00,1.613,1.639,1.605,1.62,1011554.20624
2026-01-14 16:00:00,1.62,1.649,1.605,1.612,1115066.806554
2026-01-14 17:00:00,1.612,1.621,1.58,1.587,583666.465195
2026-01-14 18:00:00,1.586,1.591,1.553,1.569,562942.549789
2026-01-14 19:00:00,1.569,1.585,1.564,1.572,311077.704678
2026-01-14 20:00:00,1.573,1.583,1.566,1.578,182895.24891
2026-01-14 21:00:00,1.577,1.609,1.575,1.594,276130.722819
2026-01-14 22:00:00,1.593,1.597,1.57,1.574,275454.83325
2026-01-14 23:00:00,1.573,1.593,1.573,1.591,201290.599043
2026-01-15 00:00:00,1.592,1.63,1.583,1.629,470580.304291
2026-01-15 01:00:00,1.628,1.682,1.627,1.65,2102702.587618
2026-01-15 02:00:00,1.649,1.661,1.579,1.584,1113382.419195
2026-01-15 03:00:00,1.584,1.592,1.541,1.551,796362.116804
2026-01-15 04:00:00,1.55,1.571,1.546,1.566,505583.922377
2026-01-15 05:00:00,1.566,1.58,1.562,1.57,454532.707973
2026-01-15 06:00:00,1.57,1.582,1.558,1.563,475583.474433
2026-01-15 07:00:00,1.563,1.6,1.561,1.585,277038.328592
2026-01-15 08:00:00,1.585,1.585,1.56,1.571,331247.49693
2026-01-15 09:00:00,1.569,1.579,1.552,1.57,267450.19813
2026-01-15 10:00:00,1.569,1.58,1.56,1.57,172762.984902
2026-01-15 11:00:00,1.57,1.577,1.559,1.566,156275.849975
2026-01-15 12:00:00,1.565,1.581,1.565,1.581,178303.8803
2026-01-15 13:00:00,1.58,1.589,1.573,1.577,204479.375165
2026-01-15 14:00:00,1.575,1.583,1.548,1.557,402247.294064
2026-01-15 15:00:00,1.556,1.562,1.504,1.53,765141.343746
2026-01-15 16:00:00,1.529,1.532,1.498,1.516,705823.34421
2026-01-15 17:00:00,1.515,1.524,1.494,1.499,278910.856506
2026-01-15 18:00:00,1.499,1.504,1.47,1.476,713184.677593
2026-01-15 19:00:00,1.476,1.481,1.459,1.481,284023.565577
2026-01-15 20:00:00,1.479,1.493,1.476,1.482,202091.517986
2026-01-15 21:00:00,1.481,1.5,1.48,1.495,267086.153715
2026-01-15 22:00:00,1.496,1.507,1.493,1.501,166595.397697
2026-01-15 23:00:00,1.5,1.509,1.494,1.504,132070.807079
2026-01-16 00:00:00,1.505,1.514,1.499,1.504,184127.710643
2026-01-16 01:00:00,1.503,1.51,1.498,1.509,116944.312444
2026-01-16 02:00:00,1.508,1.567,1.499,1.554,858604.461091
2026-01-16 03:00:00,1.554,1.569,1.532,1.536,363909.774139
2026-01-16 04:00:00,1.536,1.54,1.507,1.514,278560.097509
2026-01-16 05:00:00,1.514,1.547,1.514,1.532,244646.995179
2026-01-16 06:00:00,1.531,1.534,1.523,1.532,117220.719481
2026-01-16 07:00:00,1.531,1.534,1.513,1.517,213826.252042
2026-01-16 08:00:00,1.516,1.531,1.515,1.519,311344.122225
2026-01-16 09:00:00,1.518,1.538,1.518,1.534,156800.206228
2026-01-16 10:00:00,1.534,1.536,1.52,1.521,115683.109534
2026-01-16 11:00:00,1.522,1.534,1.513,1.534,379040.643111
2026-01-16 12:00:00,1.534,1.536,1.519,1.52,92793.993228
2026-01-16 13:00:00,1.52,1.521,1.508,1.514,164708.45281
2026-01-16 14:00:00,1.513,1.521,1.51,1.512,127818.691173
2026-01-16 15:00:00,1.511,1.522,1.475,1.484,513779.384005
2026-01-16 16:00:00,1.482,1.502,1.481,1.496,174050.684326
2026-01-16 17:00:00,1.497,1.507,1.485,1.506,128460.293657
2026-01-16 18:00:00,1.506,1.509,1.494,1.496,75842.394031
2026-01-16 19:00:00,1.495,1.497,1.482,1.495,71361.818109
2026-01-16 20:00:00,1.495,1.508,1.489,1.508,75029.077354
2026-01-16 21:00:00,1.509,1.513,1.505,1.508,64060.979734
2026-01-16 22:00:00,1.508,1.511,1.502,1.509,144697.100132
2026-01-16 23:00:00,1.51,1.523,1.51,1.52,187504.72392
2026-01-17 00:00:00,1.521,1.525,1.51,1.517,253204.147929
2026-01-17 01:00:00,1.516,1.526,1.515,1.522,238719.783214
2026-01-17 02:00:00,1.522,1.526,1.507,1.511,128821.105958
2026-01-17 03:00:00,1.511,1.514,1.502,1.509,112888.166112
2026-01-17 04:00:00,1.508,1.521,1.501,1.519,81810.598707
2026-01-17 05:00:00,1.518,1.524,1.514,1.515,84812.586055
2026-01-17 06:00:00,1.514,1.52,1.511,1.513,59939.056856
2026-01-17 07:00:00,1.512,1.536,1.508,1.53,247500.465911
2026-01-17 08:00:00,1.53,1.546,1.528,1.539,286054.323094
2026-01-17 09:00:00,1.539,1.555,1.536,1.546,360687.986934
2026-01-17 10:00:00,1.546,1.57,1.543,1.555,355810.777129
2026-01-17 11:00:00,1.555,1.56,1.537,1.537,225231.448913
2026-01-17 12:00:00,1.537,1.563,1.534,1.561,279783.156227
2026-01-17 13:00:00,1.561,1.565,1.553,1.559,146606.892464
2026-01-17 14:00:00,1.559,1.591,1.548,1.581,465712.765091
2026-01-17 15:00:00,1.581,1.596,1.563,1.579,723477.353077
2026-01-17 16:00:00,1.58,1.581,1.56,1.571,195525.036983
2026-01-17 17:00:00,1.571,1.577,1.556,1.563,156206.500773
2026-01-17 18:00:00,1.563,1.571,1.556,1.567,143657.47155
2026-01-17 19:00:00,1.568,1.571,1.556,1.564,163148.539203
2026-01-17 20:00:00,1.564,1.569,1.555,1.555,164655.432534
2026-01-17 21:00:00,1.555,1.565,1.55,1.562,216845.043227
2026-01-17 22:00:00,1.562,1.563,1.543,1.549,127377.640167
2026-01-17 23:00:00,1.548,1.556,1.545,1.552,149776.592617
2026-01-18 00:00:00,1.552,1.573,1.55,1.553,367464.058669
2026-01-18 01:00:00,1.554,1.556,1.527,1.533,395325.432562
2026-01-18 02:00:00,1.533,1.541,1.528,1.533,197228.675369
2026-01-18 03:00:00,1.533,1.539,1.532,1.534,111016.673804
2026-01-18 04:00:00,1.534,1.534,1.523,1.531,106133.722723
2026-01-18 05:00:00,1.532,1.535,1.526,1.533,125049.667364
2026-01-18 06:00:00,1.533,1.538,1.525,1.528,154845.893489
2026-01-18 07:00:00,1.527,1.535,1.519,1.529,195335.046963
2026-01-18 08:00:00,1.529,1.531,1.523,1.523,94511.887952
2026-01-18 09:00:00,1.524,1.53,1.522,1.527,79456.147262
2026-01-18 10:00:00,1.528,1.531,1.523,1.528,52215.615246
2026-01-18 11:00:00,1.528,1.542,1.524,1.535,79688.573216
2026-01-18 12:00:00,1.536,1.559,1.533,1.536,325122.419443
2026-01-18 13:00:00,1.536,1.539,1.521,1.529,383181.282619
2026-01-18 14:00:00,1.528,1.54,1.508,1.509,211399.718301
2026-01-18 15:00:00,1.51,1.537,1.509,1.537,205242.58721
2026-01-18 16:00:00,1.537,1.56,1.53,1.54,564845.405786
2026-01-18 17:00:00,1.54,1.543,1.521,1.53,178469.58727
2026-01-18 18:00:00,1.531,1.554,1.523,1.548,209295.165074
2026-01-18 19:00:00,1.548,1.552,1.531,1.539,137523.887303
2026-01-18 20:00:00,1.54,1.557,1.538,1.544,158429.334643
2026-01-18 21:00:00,1.545,1.552,1.541,1.546,84359.685814
2026-01-18 22:00:00,1.547,1.553,1.544,1.547,80676.015743
2026-01-18 23:00:00,1.546,1.547,1.447,1.451,1350742.671301
2026-01-19 00:00:00,1.45,1.45,1.255,1.364,8058181.914466
2026-01-19 01:00:00,1.364,1.379,1.352,1.365,940649.709401
2026-01-19 02:00:00,1.365,1.374,1.359,1.371,333780.151191
2026-01-19 03:00:00,1.37,1.385,1.366,1.381,190591.256348
2026-01-19 04:00:00,1.38,1.382,1.372,1.376,253173.620551
2026-01-19 05:00:00,1.375,1.391,1.369,1.386,266490.9075
2026-01-19 06:00:00,1.385,1.399,1.379,1.381,238528.499506
2026-01-19 07:00:00,1.382,1.398,1.378,1.393,242281.567396
2026-01-19 08:00:00,1.393,1.403,1.385,1.398,198223.666125
2026-01-19 09:00:00,1.397,1.401,1.392,1.398,155467.76142
2026-01-19 10:00:00,1.398,1.398,1.373,1.376,346709.944831
2026-01-19 11:00:00,1.377,1.382,1.367,1.372,477959.031805
2026-01-19 12:00:00,1.373,1.375,1.361,1.365,247323.157234
2026-01-19 13:00:00,1.365,1.37,1.36,1.363,237201.197126
2026-01-19 14:00:00,1.364,1.383,1.362,1.37,245429.622375
2026-01-19 15:00:00,1.37,1.372,1.362,1.369,225706.16682
2026-01-19 16:00:00,1.369,1.388,1.367,1.388,278784.264209
2026-01-19 17:00:00,1.388,1.388,1.379,1.382,103023.309579
2026-01-19 18:00:00,1.382,1.388,1.374,1.388,216562.512977
2026-01-19 19:00:00,1.388,1.407,1.387,1.393,203955.970626
2026-01-19 20:00:00,1.392,1.394,1.381,1.384,58542.817463
2026-01-19 21:00:00,1.386,1.388,1.378,1.378,71634.175128
2026-01-19 22:00:00,1.377,1.384,1.366,1.371,107160.071717
2026-01-19 23:00:00,1.372,1.397,1.372,1.384,276184.673441
2026-01-20 00:00:00,1.384,1.387,1.377,1.378,129170.602777
2026-01-20 01:00:00,1.378,1.388,1.371,1.38,219629.338035
2026-01-20 02:00:00,1.38,1.382,1.365,1.378,214779.294876
2026-01-20 03:00:00,1.379,1.384,1.372,1.375,116756.966097
2026-01-20 04:00:00,1.374,1.385,1.368,1.376,196325.983581
2026-01-20 05:00:00,1.375,1.383,1.366,1.369,246881.298949
2026-01-20 06:00:00,1.369,1.37,1.345,1.352,711421.033711
2026-01-20 07:00:00,1.351,1.363,1.35,1.351,101532.680009
2026-01-20 08:00:00,1.35,1.353,1.334,1.343,407854.98629
2026-01-20 09:00:00,1.342,1.349,1.339,1.346,194187.39949
2026-01-20 10:00:00,1.345,1.355,1.344,1.348,82011.576059
2026-01-20 11:00:00,1.349,1.353,1.339,1.339,96233.925325
2026-01-20 12:00:00,1.339,1.35,1.338,1.34,249005.630556
2026-01-20 13:00:00,1.339,1.342,1.325,1.327,320700.926842
2026-01-20 14:00:00,1.326,1.355,1.326,1.342,475245.12215
2026-01-20 15:00:00,1.341,1.343,1.325,1.336,254691.30864
2026-01-20 16:00:00,1.336,1.342,1.315,1.322,248241.018039
2026-01-20 17:00:00,1.321,1.331,1.306,1.312,198994.671749
2026-01-20 18:00:00,1.312,1.315,1.3,1.302,214339.737377
2026-01-20 19:00:00,1.302,1.312,1.301,1.308,97735.839733
2026-01-20 20:00:00,1.307,1.317,1.303,1.315,88600.47515
2026-01-20 21:00:00,1.317,1.317,1.304,1.308,39153.926421
2026-01-20 22:00:00,1.307,1.317,1.286,1.31,321864.096419
2026-01-20 23:00:00,1.31,1.314,1.303,1.312,172573.155049
2026-01-21 00:00:00,1.312,1.333,1.31,1.333,215885.496293
2026-01-21 01:00:00,1.333,1.351,1.333,1.343,349198.497317
2026-01-21 02:00:00,1.343,1.352,1.341,1.35,241340.91061
2026-01-21 03:00:00,1.35,1.362,1.35,1.35,438466.069326
2026-01-21 04:00:00,1.351,1.355,1.344,1.353,139708.585018
2026-01-21 05:00:00,1.353,1.357,1.345,1.353,108391.280227
2026-01-21 06:00:00,1.354,1.355,1.35,1.353,89063.937334
2026-01-21 07:00:00,1.353,1.36,1.347,1.353,162815.231276
2026-01-21 08:00:00,1.352,1.358,1.341,1.348,157725.745361
2026-01-21 09:00:00,1.348,1.354,1.344,1.35,115435.282437
2026-01-21 10:00:00,1.35,1.36,1.349,1.352,72179.486044
2026-01-21 11:00:00,1.351,1.352,1.332,1.335,226374.258055
2026-01-21 12:00:00,1.335,1.339,1.322,1.336,372395.072252
2026-01-21 13:00:00,1.336,1.341,1.32,1.323,264936.988339
2026-01-21 14:00:00,1.323,1.355,1.323,1.349,357082.911059
2026-01-21 15:00:00,1.348,1.358,1.339,1.353,254455.85781
2026-01-21 16:00:00,1.353,1.353,1.3,1.303,312409.716218
2026-01-21 17:00:00,1.303,1.32,1.3,1.319,353167.686004
2026-01-21 18:00:00,1.318,1.33,1.313,1.324,154766.186951
2026-01-21 19:00:00,1.324,1.369,1.316,1.369,285636.491397
2026-01-21 20:00:00,1.37,1.372,1.351,1.368,348117.257873
2026-01-21 21:00:00,1.369,1.377,1.363,1.369,158624.541288
2026-01-21 22:00:00,1.37,1.374,1.356,1.359,123956.551727
2026-01-21 23:00:00,1.358,1.363,1.344,1.349,201984.039238
2026-01-22 00:00:00,1.35,1.358,1.349,1.355,68752.566943
2026-01-22 01:00:00,1.355,1.358,1.351,1.358,76825.50039
2026-01-22 02:00:00,1.356,1.361,1.355,1.356,50762.094768
2026-01-22 03:00:00,1.356,1.361,1.345,1.351,167241.663463
2026-01-22 04:00:00,1.352,1.358,1.351,1.354,37909.958954
2026-01-22 05:00:00,1.354,1.356,1.345,1.349,98393.269782
2026-01-22 06:00:00,1.35,1.352,1.341,1.348,68765.642333
2026-01-22 07:00:00,1.349,1.349,1.339,1.344,72484.009093
2026-01-22 08:00:00,1.344,1.352,1.336,1.352,210230.065626
2026-01-22 09:00:00,1.352,1.358,1.347,1.356,220006.520014
2026-01-22 10:00:00,1.356,1.356,1.351,1.354,61131.607948
2026-01-22 11:00:00,1.353,1.353,1.342,1.344,75935.775879
2026-01-22 12:00:00,1.343,1.345,1.341,1.343,118946.888482
2026-01-22 13:00:00,1.344,1.353,1.335,1.34,180260.019274
2026-01-22 14:00:00,1.34,1.343,1.322,1.324,184870.70103
2026-01-22 15:00:00,1.324,1.332,1.31,1.324,252365.475079
2026-01-22 16:00:00,1.325,1.334,1.32,1.33,107303.652157
2026-01-22 17:00:00,1.331,1.334,1.323,1.332,95704.093359
2026-01-22 18:00:00,1.331,1.331,1.31,1.31,142521.298586
2026-01-22 19:00:00,1.311,1.322,1.307,1.318,99395.405365
2026-01-22 20:00:00,1.317,1.322,1.304,1.309,348245.04179
2026-01-22 21:00:00,1.309,1.319,1.308,1.312,57423.422123
2026-01-22 22:00:00,1.313,1.32,1.309,1.316,175729.421537
2026-01-22 23:00:00,1.315,1.321,1.308,1.319,93906.413324
2026-01-23 00:00:00,1.319,1.323,1.316,1.321,100475.183869
2026-01-23 01:00:00,1.322,1.346,1.322,1.341,340242.558121
2026-01-23 02:00:00,1.341,1.343,1.331,1.332,79692.733341
2026-01-23 03:00:00,1.332,1.342,1.329,1.337,97112.467638
2026-01-23 04:00:00,1.338,1.367,1.337,1.357,257944.140532
2026-01-23 05:00:00,1.356,1.357,1.348,1.356,433687.108378
2026-01-23 06:00:00,1.356,1.368,1.349,1.349,263373.04866
2026-01-23 07:00:00,1.35,1.354,1.342,1.344,64334.351012
2026-01-23 08:00:00,1.344,1.347,1.329,1.332,128136.687726
2026-01-23 09:00:00,1.333,1.339,1.33,1.332,151083.551886
2026-01-23 10:00:00,1.332,1.335,1.325,1.33,271262.384306
2026-01-23 11:00:00,1.331,1.34,1.312,1.32,315682.507968
2026-01-23 12:00:00,1.32,1.324,1.315,1.321,164675.696712
2026-01-23 13:00:00,1.32,1.329,1.315,1.317,338398.826116
2026-01-23 14:00:00,1.317,1.322,1.296,1.305,520502.230746
2026-01-23 15:00:00,1.306,1.331,1.301,1.329,214471.308094
2026-01-23 16:00:00,1.329,1.341,1.314,1.33,289805.176965
2026-01-23 17:00:00,1.33,1.352,1.321,1.335,156745.706425
2026-01-23 18:00:00,1.335,1.343,1.326,1.329,154097.933701
2026-01-23 19:00:00,1.329,1.329,1.306,1.311,150225.866085
2026-01-23 20:00:00,1.311,1.315,1.297,1.303,186474.02326
2026-01-23 21:00:00,1.303,1.312,1.301,1.306,68850.883805
2026-01-23 22:00:00,1.306,1.319,1.305,1.316,74955.887146
2026-01-23 23:00:00,1.316,1.316,1.31,1.313,43029.272778
2026-01-24 00:00:00,1.313,1.318,1.309,1.309,53964.031366
2026-01-24 01:00:00,1.309,1.315,1.304,1.314,140843.675929
2026-01-24 02:00:00,1.314,1.318,1.308,1.312,193919.752449
2026-01-24 03:00:00,1.312,1.324,1.311,1.319,62997.13814
2026-01-24 04:00:00,1.32,1.322,1.317,1.319,103705.945109
2026-01-24 05:00:00,1.319,1.319,1.311,1.318,62580.391276
2026-01-24 06:00:00,1.319,1.321,1.317,1.317,42094.856644
2026-01-24 07:00:00,1.317,1.319,1.313,1.315,46364.291588
2026-01-24 08:00:00,1.315,1.323,1.311,1.321,68584.944698
2026-01-24 09:00:00,1.321,1.321,1.315,1.315,48905.291777
2026-01-24 10:00:00,1.315,1.32,1.313,1.318,47650.022522
2026-01-24 11:00:00,1.318,1.321,1.316,1.321,63704.35672
2026-01-24 12:00:00,1.32,1.323,1.317,1.32,145039.005088
2026-01-24 13:00:00,1.319,1.321,1.314,1.314,73123.071454
2026-01-24 14:00:00,1.313,1.319,1.312,1.317,107877.612726
2026-01-24 15:00:00,1.317,1.32,1.303,1.306,115438.707521
2026-01-24 16:00:00,1.306,1.307,1.299,1.306,200562.848223
2026-01-24 17:00:00,1.306,1.308,1.303,1.305,53092.136822
2026-01-24 18:00:00,1.305,1.307,1.303,1.303,49423.400163
2026-01-24 19:00:00,1.303,1.305,1.297,1.301,73905.614812
2026-01-24 20:00:00,1.3,1.31,1.3,1.31,48758.272861
2026-01-24 21:00:00,1.309,1.314,1.308,1.311,46230.093107
2026-01-24 22:00:00,1.313,1.32,1.31,1.319,89797.278017
2026-01-24 23:00:00,1.319,1.322,1.315,1.315,39492.522631
2026-01-25 00:00:00,1.315,1.323,1.313,1.321,98923.747948
2026-01-25 01:00:00,1.322,1.33,1.31,1.313,151462.163105
2026-01-25 02:00:00,1.313,1.315,1.306,1.31,66974.75424
2026-01-25 03:00:00,1.311,1.313,1.301,1.306,77946.275953
2026-01-25 04:00:00,1.305,1.313,1.303,1.306,50207.737343
2026-01-25 05:00:00,1.306,1.307,1.301,1.306,75609.996117
2026-01-25 06:00:00,1.306,1.309,1.301,1.305,258340.470981
2026-01-25 07:00:00,1.305,1.309,1.301,1.308,57105.295771
2026-01-25 08:00:00,1.308,1.309,1.289,1.297,143705.710529
2026-01-25 09:00:00,1.296,1.304,1.291,1.3,107234.355544
2026-01-25 10:00:00,1.301,1.308,1.298,1.299,47050.872337
2026-01-25 11:00:00,1.3,1.302,1.294,1.296,95983.011363
2026-01-25 12:00:00,1.296,1.296,1.275,1.29,500952.576806
2026-01-25 13:00:00,1.29,1.292,1.283,1.29,169951.905339
2026-01-25 14:00:00,1.291,1.291,1.276,1.282,258561.167055
2026-01-25 15:00:00,1.281,1.29,1.279,1.283,148940.319716
2026-01-25 16:00:00,1.283,1.283,1.252,1.268,628209.751554
2026-01-25 17:00:00,1.266,1.274,1.258,1.269,143677.979079
2026-01-25 18:00:00,1.269,1.269,1.239,1.249,471754.312577
2026-01-25 19:00:00,1.248,1.252,1.212,1.223,655659.805144
2026-01-25 20:00:00,1.224,1.237,1.216,1.236,330337.212078
2026-01-25 21:00:00,1.236,1.245,1.234,1.239,201743.214784
2026-01-25 22:00:00,1.24,1.243,1.232,1.241,184490.403875
2026-01-25 23:00:00,1.241,1.253,1.237,1.252,141151.739856
2026-01-26 00:00:00,1.251,1.261,1.246,1.26,243383.743295
2026-01-26 01:00:00,1.26,1.278,1.259,1.274,313188.954991
2026-01-26 02:00:00,1.274,1.274,1.261,1.267,99008.928708
2026-01-26 03:00:00,1.267,1.274,1.26,1.263,104016.111591
2026-01-26 04:00:00,1.264,1.272,1.262,1.266,76240.285452
2026-01-26 05:00:00,1.267,1.268,1.264,1.267,55899.838567
2026-01-26 06:00:00,1.266,1.278,1.263,1.278,259553.679714
2026-01-26 07:00:00,1.277,1.282,1.271,1.274,81602.968167
2026-01-26 08:00:00,1.274,1.284,1.269,1.27,64329.59635
2026-01-26 09:00:00,1.27,1.271,1.256,1.258,122330.451583
2026-01-26 10:00:00,1.259,1.262,1.254,1.26,100658.33843
2026-01-26 11:00:00,1.26,1.263,1.256,1.258,68461.373402
2026-01-26 12:00:00,1.258,1.266,1.255,1.265,162341.931444
2026-01-26 13:00:00,1.264,1.267,1.262,1.266,98966.754264
2026-01-26 14:00:00,1.266,1.282,1.257,1.281,377633.930317
2026-01-26 15:00:00,1.281,1.294,1.266,1.274,308389.608608
2026-01-26 16:00:00,1.275,1.281,1.266,1.272,185860.630557
2026-01-26 17:00:00,1.271,1.275,1.26,1.272,58979.11872
2026-01-26 18:00:00,1.271,1.284,1.269,1.278,69766.731856
2026-01-26 19:00:00,1.279,1.282,1.267,1.269,37567.679527
2026-01-26 20:00:00,1.27,1.27,1.259,1.262,37139.495139
2026-01-26 21:00:00,1.262,1.28,1.26,1.273,38449.744396
2026-01-26 22:00:00,1.273,1.277,1.27,1.273,165773.004474
2026-01-26 23:00:00,1.273,1.278,1.267,1.27,143357.655514
2026-01-27 00:00:00,1.27,1.278,1.269,1.275,78566.19084
2026-01-27 01:00:00,1.274,1.287,1.27,1.281,71816.889441
2026-01-27 02:00:00,1.282,1.287,1.278,1.284,34842.136233
2026-01-27 03:00:00,1.284,1.286,1.272,1.274,66317.294143
2026-01-27 04:00:00,1.274,1.282,1.273,1.276,64885.012016
2026-01-27 05:00:00,1.277,1.279,1.272,1.274,43427.899952
2026-01-27 06:00:00,1.275,1.277,1.267,1.268,47812.114492
2026-01-27 07:00:00,1.269,1.276,1.267,1.273,41866.388131
2026-01-27 08:00:00,1.274,1.278,1.27,1.274,24930.251886
2026-01-27 09:00:00,1.273,1.273,1.265,1.265,153267.778602
2026-01-27 10:00:00,1.266,1.268,1.263,1.265,180410.398265
2026-01-27 11:00:00,1.265,1.27,1.258,1.26,153328.427825
2026-01-27 12:00:00,1.261,1.262,1.256,1.26,134913.834921
2026-01-27 13:00:00,1.26,1.263,1.254,1.255,78060.963012
2026-01-27 14:00:00,1.255,1.267,1.247,1.249,155003.295281
2026-01-27 15:00:00,1.248,1.265,1.246,1.264,74084.016173
2026-01-27 16:00:00,1.264,1.295,1.263,1.286,286532.981892
2026-01-27 17:00:00,1.285,1.287,1.25,1.255,178073.481186
2026-01-27 18:00:00,1.254,1.276,1.253,1.27,81848.408424
2026-01-27 19:00:00,1.27,1.276,1.266,1.271,52063.008871
2026-01-27 20:00:00,1.272,1.29,1.271,1.287,181280.64023
2026-01-27 21:00:00,1.288,1.289,1.275,1.275,55035.191457
2026-01-27 22:00:00,1.275,1.285,1.275,1.279,44739.287514
2026-01-27 23:00:00,1.278,1.279,1.272,1.275,94479.539613
2026-01-28 00:00:00,1.274,1.277,1.264,1.275,106960.339545
2026-01-28 01:00:00,1.276,1.277,1.265,1.272,40105.640606
2026-01-28 02:00:00,1.271,1.274,1.267,1.271,72091.014753
2026-01-28 03:00:00,1.272,1.273,1.267,1.268,94926.007798
2026-01-28 04:00:00,1.268,1.271,1.262,1.27,115895.572644
2026-01-28 05:00:00,1.27,1.282,1.268,1.28,146064.807436
2026-01-28 06:00:00,1.28,1.283,1.273,1.279,125319.121333
2026-01-28 07:00:00,1.279,1.28,1.273,1.275,74644.986267
2026-01-28 08:00:00,1.276,1.279,1.268,1.269,122164.768283
2026-01-28 09:00:00,1.27,1.28,1.266,1.28,51433.618935
2026-01-28 10:00:00,1.28,1.284,1.276,1.276,50819.490076
2026-01-28 11:00:00,1.277,1.289,1.275,1.288,60960.446084
2026-01-28 12:00:00,1.289,1.289,1.275,1.279,65351.290317
2026-01-28 13:00:00,1.279,1.283,1.276,1.278,46296.506049
2026-01-28 14:00:00,1.278,1.278,1.264,1.267,163605.266511
2026-01-28 15:00:00,1.268,1.273,1.258,1.263,142439.094636
2026-01-28 16:00:00,1.263,1.268,1.255,1.263,169144.489976
2026-01-28 17:00:00,1.263,1.278,1.258,1.271,95851.809398
2026-01-28 18:00:00,1.271,1.271,1.26,1.266,132180.157262
2026-01-28 19:00:00,1.265,1.279,1.261,1.276,52490.021971
2026-01-28 20:00:00,1.275,1.283,1.265,1.268,69924.98586
2026-01-28 21:00:00,1.269,1.283,1.259,1.279,87125.829705
2026-01-28 22:00:00,1.28,1.29,1.274,1.288,229964.693401
2026-01-28 23:00:00,1.288,1.29,1.279,1.279,173560.151016
2026-01-29 00:00:00,1.28,1.284,1.266,1.272,132851.34463
2026-01-29 01:00:00,1.271,1.273,1.259,1.264,110904.457456
2026-01-29 02:00:00,1.264,1.267,1.236,1.242,528684.632113
2026-01-29 03:00:00,1.242,1.251,1.238,1.244,141792.935178
2026-01-29 04:00:00,1.243,1.243,1.23,1.242,204463.234538
2026-01-29 05:00:00,1.242,1.248,1.239,1.241,112608.384257
2026-01-29 06:00:00,1.241,1.246,1.238,1.244,158899.16551
2026-01-29 07:00:00,1.244,1.252,1.242,1.242,50508.919441
2026-01-29 08:00:00,1.242,1.246,1.236,1.239,95589.690891
2026-01-29 09:00:00,1.239,1.242,1.236,1.237,61880.674702
2026-01-29 10:00:00,1.237,1.237,1.228,1.23,151806.562561
2026-01-29 11:00:00,1.23,1.232,1.223,1.227,308610.549308
2026-01-29 12:00:00,1.227,1.23,1.216,1.222,359497.808897
2026-01-29 13:00:00,1.222,1.232,1.222,1.231,87556.062618
2026-01-29 14:00:00,1.232,1.234,1.201,1.205,280553.5842
2026-01-29 15:00:00,1.205,1.207,1.173,1.199,2263856.267667
2026-01-29 16:00:00,1.199,1.21,1.193,1.209,937780.845592
2026-01-29 17:00:00,1.209,1.22,1.191,1.192,496578.224911
2026-01-29 18:00:00,1.191,1.194,1.149,1.159,1257549.57099
2026-01-29 19:00:00,1.159,1.183,1.157,1.178,519895.793498
2026-01-29 20:00:00,1.178,1.189,1.174,1.186,285389.458325
2026-01-29 21:00:00,1.187,1.193,1.185,1.19,189965.064976
2026-01-29 22:00:00,1.19,1.195,1.184,1.189,232225.813872
2026-01-29 23:00:00,1.188,1.199,1.185,1.195,303712.635287
2026-01-30 00:00:00,1.195,1.198,1.187,1.194,229245.45326
2026-01-30 01:00:00,1.193,1.197,1.128,1.171,1823635.960615
2026-01-30 02:00:00,1.17,1.17,1.144,1.155,444348.394515
2026-01-30 03:00:00,1.154,1.162,1.151,1.155,205988.118059
2026-01-30 04:00:00,1.156,1.172,1.155,1.168,489474.042877
2026-01-30 05:00:00,1.168,1.171,1.163,1.165,178745.75374
2026-01-30 06:00:00,1.164,1.165,1.141,1.152,293919.748643
2026-01-30 07:00:00,1.154,1.172,1.153,1.168,314535.462498
2026-01-30 08:00:00,1.167,1.173,1.16,1.164,157789.435088
2026-01-30 09:00:00,1.165,1.168,1.157,1.163,169942.514432
2026-01-30 10:00:00,1.164,1.168,1.16,1.168,116316.917253
2026-01-30 11:00:00,1.167,1.185,1.167,1.18,174025.273459
2026-01-30 12:00:00,1.18,1.183,1.168,1.171,165698.60564
2026-01-30 13:00:00,1.17,1.173,1.153,1.163,260839.180328
2026-01-30 14:00:00,1.163,1.178,1.163,1.167,269420.572786
2026-01-30 15:00:00,1.168,1.184,1.155,1.18,837067.961078
2026-01-30 16:00:00,1.18,1.19,1.168,1.177,213854.980661
2026-01-30 17:00:00,1.178,1.186,1.171,1.178,76747.998449
2026-01-30 18:00:00,1.178,1.194,1.15,1.189,568608.831079
2026-01-30 19:00:00,1.19,1.201,1.185,1.188,229419.767772
2026-01-30 20:00:00,1.187,1.187,1.164,1.168,377116.732044
2026-01-30 21:00:00,1.168,1.18,1.166,1.176,190805.134409
2026-01-30 22:00:00,1.175,1.176,1.165,1.173,142301.965493
2026-01-30 23:00:00,1.173,1.177,1.167,1.176,97856.090032
2026-01-31 00:00:00,1.176,1.178,1.172,1.173,87124.609074
2026-01-31 01:00:00,1.173,1.177,1.168,1.172,67705.182363
2026-01-31 02:00:00,1.172,1.175,1.164,1.171,81528.589852
2026-01-31 03:00:00,1.171,1.174,1.165,1.168,113657.866952
2026-01-31 04:00:00,1.167,1.171,1.164,1.166,103741.609751
2026-01-31 05:00:00,1.166,1.174,1.164,1.169,206790.472704
2026-01-31 06:00:00,1.17,1.171,1.159,1.165,115565.006901
2026-01-31 07:00:00,1.165,1.176,1.155,1.165,801183.9761
2026-01-31 08:00:00,1.165,1.166,1.137,1.153,609475.83148
2026-01-31 09:00:00,1.153,1.161,1.15,1.152,123553.457744
2026-01-31 10:00:00,1.152,1.153,1.139,1.143,407512.101123
2026-01-31 11:00:00,1.143,1.144,1.135,1.139,289523.019802
2026-01-31 12:00:00,1.139,1.142,1.134,1.136,145683.462146
2026-01-31 13:00:00,1.137,1.137,1.116,1.122,357420.572593
2026-01-31 14:00:00,1.124,1.127,1.058,1.08,2429305.748241
2026-01-31 15:00:00,1.079,1.095,1.074,1.078,783597.730946
2026-01-31 16:00:00,1.078,1.092,1.053,1.057,602839.263558
2026-01-31 17:00:00,1.057,1.06,0.996,1.015,4320100.323796
2026-01-31 18:00:00,1.014,1.029,0.941,1.006,4317952.509232
2026-01-31 19:00:00,1.007,1.027,1.003,1.016,1381293.799458
2026-01-31 20:00:00,1.015,1.022,0.997,1.014,455725.874369
2026-01-31 21:00:00,1.013,1.036,1.008,1.029,438709.625147
2026-01-31 22:00:00,1.03,1.035,1.026,1.033,212413.2443
2026-01-31 23:00:00,1.033,1.06,1.033,1.052,419791.908923
2026-02-01 00:00:00,1.051,1.062,1.05,1.057,306468.855447
2026-02-01 01:00:00,1.057,1.058,1.044,1.055,163969.154629
2026-02-01 02:00:00,1.056,1.061,1.052,1.058,187750.401002
2026-02-01 03:00:00,1.059,1.06,1.053,1.056,317562.198034
2026-02-01 04:00:00,1.056,1.065,1.054,1.063,194481.602122
2026-02-01 05:00:00,1.064,1.066,1.057,1.059,189740.981503
2026-02-01 06:00:00,1.061,1.069,1.054,1.055,173016.438009
2026-02-01 07:00:00,1.056,1.07,1.052,1.064,225278.360873
2026-02-01 08:00:00,1.064,1.074,1.061,1.066,207483.970603
2026-02-01 09:00:00,1.065,1.068,1.056,1.067,83844.868113
2026-02-01 10:00:00,1.067,1.077,1.055,1.057,201446.569735
2026-02-01 11:00:00,1.057,1.073,1.057,1.068,135862.194364
2026-02-01 12:00:00,1.068,1.069,1.058,1.064,160219.497605
2026-02-01 13:00:00,1.063,1.074,1.059,1.062,257742.34384
2026-02-01 14:00:00,1.062,1.069,1.041,1.059,474922.372659
2026-02-01 15:00:00,1.059,1.059,1.023,1.039,580210.822793
2026-02-01 16:00:00,1.038,1.051,1.029,1.039,250198.751592
2026-02-01 17:00:00,1.04,1.045,1.031,1.041,248181.978818
2026-02-01 18:00:00,1.042,1.066,1.042,1.053,479803.284469
2026-02-01 19:00:00,1.053,1.056,1.039,1.045,185465.801757
2026-02-01 20:00:00,1.044,1.059,1.034,1.048,240098.413919
2026-02-01 21:00:00,1.048,1.048,1.034,1.038,184785.589062
2026-02-01 22:00:00,1.039,1.058,1.037,1.048,182063.787089
2026-02-01 23:00:00,1.048,1.056,1.011,1.035,662554.621558
2026-02-02 00:00:00,1.035,1.062,1.029,1.055,214547.119966
2026-02-02 01:00:00,1.055,1.067,1.039,1.055,362570.17673
2026-02-02 02:00:00,1.055,1.058,1.042,1.043,305639.292492
2026-02-02 03:00:00,1.043,1.048,1.007,1.043,854156.781641
2026-02-02 04:00:00,1.045,1.056,1.027,1.043,380527.107673
2026-02-02 05:00:00,1.043,1.043,1.012,1.024,281436.896321
2026-02-02 06:00:00,1.022,1.05,1.005,1.036,685793.44062
2026-02-02 07:00:00,1.036,1.044,1.031,1.031,229743.119661
2026-02-02 08:00:00,1.034,1.039,1.029,1.034,247559.661628
2026-02-02 09:00:00,1.035,1.051,1.028,1.043,395711.690734
2026-02-02 10:00:00,1.044,1.05,1.042,1.045,134895.408254
2026-02-02 11:00:00,1.045,1.056,1.044,1.05,158571.298354
2026-02-02 12:00:00,1.051,1.062,1.05,1.056,263620.678401
2026-02-02 13:00:00,1.056,1.069,1.051,1.065,270767.717796
2026-02-02 14:00:00,1.064,1.079,1.052,1.071,600875.184206
2026-02-02 15:00:00,1.072,1.091,1.07,1.085,607015.597667
2026-02-02 16:00:00,1.086,1.094,1.079,1.081,414852.293656
2026-02-02 17:00:00,1.081,1.087,1.072,1.077,213015.757932
2026-02-02 18:00:00,1.077,1.089,1.074,1.086,334136.10793
2026-02-02 19:00:00,1.085,1.086,1.076,1.08,171498.378408
2026-02-02 20:00:00,1.079,1.083,1.075,1.078,101363.906836
2026-02-02 21:00:00,1.079,1.087,1.079,1.085,64698.728295
2026-02-02 22:00:00,1.085,1.087,1.08,1.086,113191.148127
2026-02-02 23:00:00,1.086,1.087,1.08,1.082,93215.109183
2026-02-03 00:00:00,1.083,1.086,1.077,1.086,138745.188821
2026-02-03 01:00:00,1.086,1.086,1.076,1.079,96244.930815
2026-02-03 02:00:00,1.079,1.079,1.063,1.063,217594.400391
2026-02-03 03:00:00,1.063,1.082,1.058,1.081,166219.727646
2026-02-03 04:00:00,1.082,1.094,1.079,1.091,158762.657774
2026-02-03 05:00:00,1.09,1.092,1.08,1.081,119130.086144
2026-02-03 06:00:00,1.082,1.09,1.076,1.089,153301.705344
2026-02-03 07:00:00,1.089,1.094,1.086,1.09,109259.350595
2026-02-03 08:00:00,1.09,1.092,1.083,1.084,124963.926931
2026-02-03 09:00:00,1.084,1.089,1.07,1.078,269962.925562
2026-02-03 10:00:00,1.078,1.08,1.07,1.072,108971.272776
2026-02-03 11:00:00,1.072,1.082,1.072,1.079,78999.736624
2026-02-03 12:00:00,1.079,1.094,1.076,1.093,96850.689902
2026-02-03 13:00:00,1.092,1.094,1.083,1.089,181498.047556
2026-02-03 14:00:00,1.089,1.09,1.068,1.071,352474.011914
2026-02-03 15:00:00,1.07,1.093,1.068,1.093,586062.08476
2026-02-03 16:00:00,1.091,1.092,1.07,1.072,378187.98004
2026-02-03 17:00:00,1.071,1.073,1.045,1.045,578805.995726
2026-02-03 18:00:00,1.045,1.049,1.017,1.019,700249.753198
2026-02-03 19:00:00,1.018,1.074,1.018,1.069,529370.852806
2026-02-03 20:00:00,1.069,1.112,1.059,1.106,698181.271835
2026-02-03 21:00:00,1.105,1.112,1.086,1.087,425198.805855
2026-02-03 22:00:00,1.087,1.088,1.071,1.075,259178.383749
2026-02-03 23:00:00,1.074,1.076,1.061,1.068,157191.978488
2026-02-04 00:00:00,1.067,1.082,1.061,1.076,259537.968402
2026-02-04 01:00:00,1.076,1.09,1.076,1.083,160502.110034
2026-02-04 02:00:00,1.083,1.085,1.073,1.078,101715.006658
2026-02-04 03:00:00,1.078,1.094,1.076,1.09,158382.486751
2026-02-04 04:00:00,1.089,1.092,1.088,1.088,99936.713236
2026-02-04 05:00:00,1.089,1.092,1.08,1.083,77802.940444
2026-02-04 06:00:00,1.084,1.093,1.082,1.087,86166.097475
2026-02-04 07:00:00,1.086,1.095,1.08,1.092,197572.388859
2026-02-04 08:00:00,1.092,1.101,1.087,1.095,138472.511024
2026-02-04 09:00:00,1.096,1.096,1.088,1.093,137722.488349
2026-02-04 10:00:00,1.093,1.1,1.093,1.096,239745.250549
2026-02-04 11:00:00,1.096,1.097,1.082,1.09,204497.402075
2026-02-04 12:00:00,1.09,1.094,1.085,1.089,100321.572869
2026-02-04 13:00:00,1.088,1.088,1.069,1.069,168561.607338
2026-02-04 14:00:00,1.07,1.081,1.058,1.059,495847.672495
2026-02-04 15:00:00,1.058,1.072,1.037,1.051,552887.257869
2026-02-04 16:00:00,1.051,1.063,1.036,1.049,566203.924437
2026-02-04 17:00:00,1.047,1.056,1.035,1.051,380272.972555
2026-02-04 18:00:00,1.05,1.066,1.03,1.052,398803.581965
2026-02-04 19:00:00,1.052,1.074,1.047,1.071,188620.934682
2026-02-04 20:00:00,1.072,1.072,1.058,1.06,89063.996565
2026-02-04 21:00:00,1.06,1.064,1.041,1.051,370976.53747
2026-02-04 22:00:00,1.051,1.062,1.031,1.039,240075.800271
2026-02-04 23:00:00,1.039,1.059,1.037,1.05,279362.312364
2026-02-05 00:00:00,1.051,1.056,1.046,1.05,76323.031321
2026-02-05 01:00:00,1.051,1.063,1.04,1.049,249411.183779
2026-02-05 02:00:00,1.05,1.059,1.039,1.042,289683.001111
2026-02-05 03:00:00,1.041,1.051,1.038,1.042,199392.873477
2026-02-05 04:00:00,1.042,1.049,1.034,1.039,259628.616788
2026-02-05 05:00:00,1.04,1.052,1.027,1.04,491206.710551
2026-02-05 06:00:00,1.041,1.041,1.028,1.031,269435.4594
2026-02-05 07:00:00,1.03,1.045,1.03,1.03,227115.714402
2026-02-05 08:00:00,1.031,1.044,1.031,1.038,193627.885343
2026-02-05 09:00:00,1.039,1.052,1.039,1.041,568344.593396
2026-02-05 10:00:00,1.041,1.041,1.011,1.015,451888.690026
2026-02-05 11:00:00,1.016,1.019,0.988,1.004,1102411.33645
2026-02-05 12:00:00,1.004,1.006,0.988,0.995,737169.770108
2026-02-05 13:00:00,0.995,1.003,0.988,0.991,366855.992778
2026-02-05 14:00:00,0.992,1.022,0.992,0.999,560185.45803
2026-02-05 15:00:00,0.998,1.002,0.926,0.955,3262921.47311
2026-02-05 16:00:00,0.954,0.968,0.939,0.955,1012764.700285
2026-02-05 17:00:00,0.955,0.96,0.922,0.933,911867.034552
2026-02-05 18:00:00,0.933,0.945,0.921,0.944,465953.604944
2026-02-05 19:00:00,0.942,0.945,0.928,0.932,747504.863002
2026-02-05 20:00:00,0.932,0.94,0.873,0.89,2649990.644895
2026-02-05 21:00:00,0.89,0.915,0.88,0.892,898188.293004
2026-02-05 22:00:00,0.893,0.913,0.878,0.899,752664.840165
2026-02-05 23:00:00,0.898,0.918,0.88,0.883,659161.697703
2026-02-06 00:00:00,0.884,0.888,0.774,0.864,14336582.477477
2026-02-06 01:00:00,0.865,0.902,0.858,0.901,714423.925373
2026-02-06 02:00:00,0.901,0.909,0.873,0.876,655586.472136
2026-02-06 03:00:00,0.876,0.882,0.87,0.88,400485.160377
2026-02-06 04:00:00,0.88,0.89,0.872,0.886,219678.734743
2026-02-06 05:00:00,0.888,0.919,0.886,0.915,367893.918961
2026-02-06 06:00:00,0.916,0.919,0.893,0.894,357782.347916
2026-02-06 07:00:00,0.895,0.9,0.885,0.892,280350.811812
2026-02-06 08:00:00,0.893,0.897,0.883,0.889,390558.661411
2026-02-06 09:00:00,0.889,0.915,0.887,0.913,201323.437883
2026-02-06 10:00:00,0.913,0.924,0.907,0.924,266593.85413
2026-02-06 11:00:00,0.924,0.926,0.912,0.914,423114.161505
2026-02-06 12:00:00,0.913,0.915,0.908,0.913,253705.720549
2026-02-06 13:00:00,0.914,0.927,0.912,0.923,323495.668764
2026-02-06 14:00:00,0.924,0.953,0.917,0.948,627504.701896
2026-02-06 15:00:00,0.949,0.949,0.935,0.946,399503.824558
2026-02-06 16:00:00,0.946,0.973,0.942,0.968,540231.674833
2026-02-06 17:00:00,0.969,0.989,0.964,0.976,434463.391376
2026-02-06 18:00:00,0.976,0.977,0.955,0.965,352359.560607
2026-02-06 19:00:00,0.965,0.973,0.96,0.972,167946.527093
2026-02-06 20:00:00,0.971,0.977,0.961,0.965,172844.750644
2026-02-06 21:00:00,0.964,0.971,0.96,0.968,154988.636356
2026-02-06 22:00:00,0.968,0.988,0.967,0.982,388043.54863
2026-02-06 23:00:00,0.982,0.987,0.972,0.977,199931.343746
2026-02-07 00:00:00,0.977,0.977,0.964,0.971,282347.409412
2026-02-07 01:00:00,0.97,0.977,0.964,0.976,204241.615837
2026-02-07 02:00:00,0.976,0.979,0.972,0.977,86113.544274
2026-02-07 03:00:00,0.977,0.994,0.976,0.99,235643.090854
2026-02-07 04:00:00,0.99,0.993,0.981,0.983,175521.980784
2026-02-07 05:00:00,0.983,0.989,0.977,0.981,131075.390146
2026-02-07 06:00:00,0.981,0.988,0.969,0.969,180343.776402
2026-02-07 07:00:00,0.969,0.973,0.944,0.952,600486.841057
2026-02-07 08:00:00,0.953,0.959,0.947,0.955,275541.045636
2026-02-07 09:00:00,0.956,0.961,0.951,0.953,239164.988121
2026-02-07 10:00:00,0.954,0.956,0.949,0.955,129178.704528
2026-02-07 11:00:00,0.955,0.958,0.951,0.958,126443.803258
2026-02-07 12:00:00,0.957,0.991,0.957,0.985,359489.739733
2026-02-07 13:00:00,0.986,0.989,0.976,0.983,161794.915605
2026-02-07 14:00:00,0.983,0.984,0.965,0.966,110701.428499
2026-02-07 15:00:00,0.966,0.981,0.965,0.974,171202.37503
2026-02-07 16:00:00,0.974,1.0,0.97,0.978,2103163.963872
2026-02-07 17:00:00,0.978,0.984,0.975,0.98,146933.875988
2026-02-07 18:00:00,0.98,0.999,0.979,0.993,147786.715582
2026-02-07 19:00:00,0.992,0.992,0.984,0.986,69551.955672
2026-02-07 20:00:00,0.986,0.991,0.981,0.988,75134.205776
2026-02-07 21:00:00,0.989,0.99,0.979,0.981,149747.085243
2026-02-07 22:00:00,0.982,0.984,0.976,0.977,40257.189388
2026-02-07 23:00:00,0.977,0.977,0.97,0.975,90228.416969
2026-02-08 00:00:00,0.977,0.977,0.971,0.975,65984.274054
2026-02-08 01:00:00,0.976,0.982,0.974,0.978,70488.7067
2026-02-08 02:00:00,0.978,0.981,0.973,0.975,67477.664263
2026-02-08 03:00:00,0.975,0.978,0.966,0.968,95918.605537
2026-02-08 04:00:00,0.969,0.97,0.963,0.969,83174.271353
2026-02-08 05:00:00,0.97,0.97,0.964,0.964,80801.403306
2026-02-08 06:00:00,0.965,0.966,0.96,0.962,97162.674455
2026-02-08 07:00:00,0.964,0.965,0.956,0.962,134015.443206
2026-02-08 08:00:00,0.962,0.978,0.96,0.976,281860.374546
2026-02-08 09:00:00,0.976,0.977,0.964,0.969,141586.989744
2026-02-08 10:00:00,0.968,0.97,0.949,0.952,814709.874675
2026-02-08 11:00:00,0.953,0.967,0.952,0.963,176312.176136
2026-02-08 12:00:00,0.964,0.964,0.952,0.957,114911.830156
2026-02-08 13:00:00,0.958,0.959,0.95,0.956,227749.761203
2026-02-08 14:00:00,0.955,0.962,0.954,0.959,95846.445587
2026-02-08 15:00:00,0.96,0.961,0.945,0.947,166297.493759
2026-02-08 16:00:00,0.947,0.949,0.919,0.924,263804.023803
2026-02-08 17:00:00,0.924,0.938,0.924,0.937,264076.155432
2026-02-08 18:00:00,0.937,0.951,0.937,0.941,81532.962147
2026-02-08 19:00:00,0.942,0.947,0.939,0.946,107124.087997
2026-02-08 20:00:00,0.946,0.946,0.934,0.935,104542.481189
2026-02-08 21:00:00,0.936,0.937,0.926,0.93,107988.99451
2026-02-08 22:00:00,0.93,0.933,0.924,0.932,139628.931466
2026-02-08 23:00:00,0.932,0.956,0.923,0.932,298147.66149
2026-02-09 00:00:00,0.933,0.936,0.924,0.928,98571.444209
2026-02-09 01:00:00,0.929,0.939,0.925,0.93,199905.625501
2026-02-09 02:00:00,0.929,0.939,0.926,0.934,94300.399536
2026-02-09 03:00:00,0.935,0.948,0.935,0.946,111820.991644
2026-02-09 04:00:00,0.946,0.946,0.935,0.936,88234.821125
2026-02-09 05:00:00,0.935,0.939,0.933,0.938,43474.286382
2026-02-09 06:00:00,0.938,0.938,0.925,0.931,100866.856889
2026-02-09 07:00:00,0.931,0.935,0.929,0.93,91419.44454
2026-02-09 08:00:00,0.929,0.931,0.911,0.916,314518.637835
2026-02-09 09:00:00,0.916,0.918,0.908,0.911,174671.080821
2026-02-09 10:00:00,0.91,0.913,0.894,0.898,279420.95882
2026-02-09 11:00:00,0.899,0.911,0.898,0.907,242851.062432
2026-02-09 12:00:00,0.908,0.913,0.907,0.91,102706.93534
2026-02-09 13:00:00,0.911,0.913,0.902,0.902,118328.220155
2026-02-09 14:00:00,0.902,0.915,0.898,0.911,241606.507902
2026-02-09 15:00:00,0.911,0.92,0.905,0.92,183605.821857
2026-02-09 16:00:00,0.92,0.932,0.912,0.925,174241.773285
2026-02-09 17:00:00,0.925,0.939,0.92,0.933,163574.252916
2026-02-09 18:00:00,0.934,0.938,0.928,0.934,246263.155709
2026-02-09 19:00:00,0.935,0.941,0.931,0.941,138382.975565
2026-02-09 20:00:00,0.941,0.948,0.937,0.947,130256.307389
2026-02-09 21:00:00,0.947,0.948,0.931,0.94,244966.593024
2026-02-09 22:00:00,0.94,0.945,0.939,0.942,119805.715906
2026-02-09 23:00:00,0.942,0.944,0.936,0.938,88900.746755
2026-02-10 00:00:00,0.938,0.941,0.936,0.938,83497.436296
2026-02-10 01:00:00,0.938,0.943,0.937,0.941,113128.803791
2026-02-10 02:00:00,0.942,0.944,0.94,0.94,177175.407874
2026-02-10 03:00:00,0.94,0.941,0.923,0.93,196595.003345
2026-02-10 04:00:00,0.93,0.938,0.93,0.936,80917.311519
2026-02-10 05:00:00,0.937,0.937,0.925,0.929,112321.744633
2026-02-10 06:00:00,0.927,0.93,0.911,0.914,215211.117175
2026-02-10 07:00:00,0.914,0.921,0.913,0.918,94069.430745
2026-02-10 08:00:00,0.919,0.922,0.914,0.919,90260.227771
2026-02-10 09:00:00,0.92,0.924,0.917,0.92,121386.349675
2026-02-10 10:00:00,0.92,0.922,0.917,0.919,55425.472578
2026-02-10 11:00:00,0.919,0.923,0.912,0.913,150633.898374
2026-02-10 12:00:00,0.913,0.916,0.907,0.91,142668.864883
2026-02-10 13:00:00,0.91,0.914,0.909,0.912,142479.547657
2026-02-10 14:00:00,0.912,0.919,0.904,0.912,213640.311841
2026-02-10 15:00:00,0.911,0.917,0.907,0.91,240155.967885
2026-02-10 16:00:00,0.911,0.915,0.905,0.91,160062.1518
2026-02-10 17:00:00,0.91,0.913,0.902,0.909,97770.776363
2026-02-10 18:00:00,0.91,0.911,0.884,0.89,242736.824154
2026-02-10 19:00:00,0.89,0.894,0.88,0.89,172854.577228
2026-02-10 20:00:00,0.891,0.895,0.887,0.893,95685.292338
2026-02-10 21:00:00,0.893,0.896,0.888,0.89,61315.018545
2026-02-10 22:00:00,0.891,0.903,0.89,0.897,147717.348699
2026-02-10 23:00:00,0.898,0.902,0.894,0.902,85085.09439
2026-02-11 00:00:00,0.902,0.904,0.898,0.902,107333.068756
2026-02-11 01:00:00,0.902,0.903,0.894,0.9,139272.129845
2026-02-11 02:00:00,0.9,0.904,0.889,0.89,78710.583365
2026-02-11 03:00:00,0.89,0.895,0.884,0.886,178149.694635
2026-02-11 04:00:00,0.887,0.888,0.88,0.883,230595.509485
2026-02-11 05:00:00,0.884,0.888,0.879,0.88,127657.502959
2026-02-11 06:00:00,0.881,0.884,0.867,0.869,312642.571289
2026-02-11 07:00:00,0.87,0.877,0.869,0.871,127730.012315
2026-02-11 08:00:00,0.872,0.876,0.868,0.875,207887.521403
2026-02-11 09:00:00,0.876,0.876,0.87,0.871,80775.371325
2026-02-11 10:00:00,0.871,0.873,0.863,0.866,235718.639492
2026-02-11 11:00:00,0.865,0.875,0.865,0.874,102340.818869
2026-02-11 12:00:00,0.874,0.88,0.87,0.875,182556.095837
2026-02-11 13:00:00,0.876,0.887,0.872,0.886,241137.143783
2026-02-11 14:00:00,0.885,0.904,0.862,0.865,702727.54327
2026-02-11 15:00:00,0.865,0.87,0.851,0.862,552834.482569
2026-02-11 16:00:00,0.862,0.876,0.859,0.859,282600.794537
2026-02-11 17:00:00,0.86,0.879,0.858,0.873,459278.592876
2026-02-11 18:00:00,0.873,0.889,0.867,0.887,269170.296875
2026-02-11 19:00:00,0.888,0.893,0.881,0.884,106159.958643
2026-02-11 20:00:00,0.884,0.889,0.876,0.887,79959.136237
2026-02-11 21:00:00,0.887,0.898,0.885,0.892,134612.980928
2026-02-11 22:00:00,0.893,0.898,0.886,0.887,110757.047823
2026-02-11 23:00:00,0.887,0.889,0.877,0.879,120754.250513
2026-02-12 00:00:00,0.88,0.895,0.88,0.891,204269.928392
2026-02-12 01:00:00,0.892,0.897,0.891,0.893,127381.979568
2026-02-12 02:00:00,0.893,0.901,0.889,0.899,187779.307089
2026-02-12 03:00:00,0.901,0.909,0.9,0.905,227666.757494
2026-02-12 04:00:00,0.906,0.907,0.901,0.902,95609.428338
2026-02-12 05:00:00,0.903,0.907,0.897,0.904,73970.083511
2026-02-12 06:00:00,0.905,0.914,0.904,0.911,102709.252956
2026-02-12 07:00:00,0.911,0.92,0.906,0.919,148656.891872
2026-02-12 08:00:00,0.921,0.922,0.909,0.917,257834.296859
2026-02-12 09:00:00,0.915,0.925,0.913,0.922,159772.549672
2026-02-12 10:00:00,0.922,0.933,0.921,0.933,127235.802586
2026-02-12 11:00:00,0.932,0.933,0.923,0.924,150542.849901
2026-02-12 12:00:00,0.925,0.925,0.911,0.914,139150.569365
2026-02-12 13:00:00,0.915,0.916,0.905,0.915,220703.441725
2026-02-12 14:00:00,0.915,0.916,0.905,0.912,173267.004906
2026-02-12 15:00:00,0.913,0.919,0.9,0.901,160882.586054
2026-02-12 16:00:00,0.901,0.904,0.882,0.889,333802.27387
2026-02-12 17:00:00,0.89,0.898,0.883,0.89,140413.579508
2026-02-12 18:00:00,0.89,0.896,0.886,0.895,63417.624295
2026-02-12 19:00:00,0.896,0.913,0.893,0.903,80110.074139
2026-02-12 20:00:00,0.903,0.906,0.894,0.895,44976.101225
2026-02-12 21:00:00,0.896,0.903,0.896,0.9,61560.210812
2026-02-12 22:00:00,0.901,0.912,0.896,0.912,102787.4956
2026-02-12 23:00:00,0.912,0.916,0.909,0.913,119260.270277
2026-02-13 00:00:00,0.914,0.916,0.9,0.903,168735.259984
2026-02-13 01:00:00,0.903,0.906,0.899,0.902,179741.828845
2026-02-13 02:00:00,0.902,0.904,0.898,0.902,170999.384532
2026-02-13 03:00:00,0.901,0.903,0.895,0.899,109825.842853
2026-02-13 04:00:00,0.9,0.9,0.892,0.894,131249.006559
2026-02-13 05:00:00,0.894,0.895,0.89,0.891,196180.49611
2026-02-13 06:00:00,0.891,0.898,0.886,0.897,134116.891007
2026-02-13 07:00:00,0.897,0.903,0.896,0.897,226196.989979
2026-02-13 08:00:00,0.898,0.906,0.896,0.903,128393.338924
2026-02-13 09:00:00,0.904,0.904,0.899,0.902,152884.363044
2026-02-13 10:00:00,0.902,0.908,0.9,0.905,112244.807971
2026-02-13 11:00:00,0.905,0.906,0.902,0.904,129595.509689
2026-02-13 12:00:00,0.904,0.904,0.899,0.903,63608.394502
2026-02-13 13:00:00,0.903,0.912,0.9,0.906,172224.614733
2026-02-13 14:00:00,0.906,0.922,0.901,0.913,375937.808633
2026-02-13 15:00:00,0.914,0.94,0.914,0.93,582572.818352
2026-02-13 16:00:00,0.931,0.956,0.928,0.947,866533.507077
2026-02-13 17:00:00,0.948,0.951,0.942,0.945,164353.693921
2026-02-13 18:00:00,0.944,0.954,0.943,0.952,208203.019813
2026-02-13 19:00:00,0.952,0.959,0.949,0.951,313501.921045
2026-02-13 20:00:00,0.951,0.957,0.948,0.956,171283.418657
2026-02-13 21:00:00,0.956,0.969,0.956,0.962,184136.340173
2026-02-13 22:00:00,0.962,0.967,0.957,0.96,228840.27181
2026-02-13 23:00:00,0.96,0.961,0.955,0.958,178263.52232
2026-02-14 00:00:00,0.959,0.963,0.954,0.961,175555.219131
2026-02-14 01:00:00,0.961,0.973,0.958,0.969,641474.732086
2026-02-14 02:00:00,0.968,0.975,0.96,0.962,294122.934256
2026-02-14 03:00:00,0.962,0.967,0.96,0.963,141241.324839
2026-02-14 04:00:00,0.963,0.965,0.958,0.959,117905.218876
2026-02-14 05:00:00,0.958,0.963,0.953,0.954,156751.596842
2026-02-14 06:00:00,0.955,0.955,0.947,0.952,221046.92108
2026-02-14 07:00:00,0.953,0.957,0.952,0.955,84520.01158
2026-02-14 08:00:00,0.955,0.966,0.954,0.966,172142.548548
2026-02-14 09:00:00,0.966,0.974,0.964,0.97,232750.337603
2026-02-14 10:00:00,0.971,0.971,0.961,0.965,176817.794551
2026-02-14 11:00:00,0.966,0.976,0.965,0.974,201167.237032
2026-02-14 12:00:00,0.974,0.979,0.97,0.97,261419.915508
2026-02-14 13:00:00,0.971,0.974,0.966,0.972,190531.600849
2026-02-14 14:00:00,0.972,0.99,0.971,0.989,254678.924487
2026-02-14 15:00:00,0.989,1.002,0.987,1.001,546971.163378
2026-02-14 16:00:00,1.002,1.013,0.992,1.013,586072.468528
2026-02-14 17:00:00,1.013,1.022,1.007,1.012,515788.137193
2026-02-14 18:00:00,1.013,1.027,1.013,1.019,227017.734179
2026-02-14 19:00:00,1.019,1.031,1.017,1.026,344244.643011
2026-02-14 20:00:00,1.026,1.031,1.015,1.025,358377.015675
2026-02-14 21:00:00,1.025,1.033,1.017,1.019,353416.457263
2026-02-14 22:00:00,1.019,1.031,1.017,1.024,289581.067187
2026-02-14 23:00:00,1.023,1.025,1.013,1.016,199331.957012
2026-02-15 00:00:00,1.016,1.019,1.009,1.016,179914.22254
2026-02-15 01:00:00,1.016,1.024,1.006,1.018,162374.718494
2026-02-15 02:00:00,1.017,1.021,1.004,1.015,161165.250001
2026-02-15 03:00:00,1.015,1.02,1.003,1.019,195033.449326
2026-02-15 04:00:00,1.019,1.03,1.014,1.016,275134.989048
2026-02-15 05:00:00,1.017,1.023,1.015,1.019,134997.323187
2026-02-15 06:00:00,1.019,1.02,1.012,1.014,162694.64149
2026-02-15 07:00:00,1.014,1.022,1.014,1.018,144586.136677
2026-02-15 08:00:00,1.018,1.021,0.995,1.002,275373.412612
2026-02-15 09:00:00,1.002,1.009,1.001,1.004,135240.484583
2026-02-15 10:00:00,1.005,1.005,0.988,0.997,263278.233549
2026-02-15 11:00:00,0.997,0.999,0.993,0.994,244613.831651
2026-02-15 12:00:00,0.995,0.996,0.964,0.965,311624.647311
2026-02-15 13:00:00,0.965,0.977,0.957,0.961,484243.589573
2026-02-15 14:00:00,0.961,0.975,0.961,0.972,272117.294321
2026-02-15 15:00:00,0.972,0.976,0.966,0.97,170272.097922
2026-02-15 16:00:00,0.97,0.972,0.962,0.968,174395.941443
2026-02-15 17:00:00,0.968,0.969,0.947,0.956,550472.81381
2026-02-15 18:00:00,0.955,0.958,0.946,0.95,240736.157662
2026-02-15 19:00:00,0.95,0.956,0.945,0.95,157255.868474
2026-02-15 20:00:00,0.95,0.957,0.946,0.954,145149.291032
2026-02-15 21:00:00,0.955,0.96,0.954,0.957,169083.072635
2026-02-15 22:00:00,0.957,0.961,0.955,0.958,136608.597992
2026-02-15 23:00:00,0.959,0.964,0.951,0.963,178749.185078
2026-02-16 00:00:00,0.964,0.972,0.961,0.968,119642.419223
2026-02-16 01:00:00,0.969,0.97,0.961,0.963,177824.777779
2026-02-16 02:00:00,0.963,0.9661,0.9583,0.9606,117240.361969
2026-02-16 03:00:00,0.9607,0.9641,0.9605,0.9638,258327.193842
2026-02-16 04:00:00,0.9638,0.9745,0.9637,0.9745,225366.560447
2026-02-16 05:00:00,0.9745,0.9765,0.9583,0.9605,194415.125441
2026-02-16 06:00:00,0.9605,0.9714,0.9605,0.968,117925.335094
2026-02-16 07:00:00,0.9679,0.9683,0.962,0.9683,141645.079515
2026-02-16 08:00:00,0.9683,0.9739,0.9664,0.9671,106111.33047
2026-02-16 09:00:00,0.9672,0.9733,0.9661,0.9726,90056.036117
2026-02-16 10:00:00,0.9726,0.973,0.9678,0.9681,66339.433762
2026-02-16 11:00:00,0.9682,0.9706,0.9532,0.968,160588.980991
2026-02-16 12:00:00,0.9678,0.9915,0.9632,0.989,315575.399401
2026-02-16 13:00:00,0.9889,0.9907,0.9583,0.9602,524753.098788
2026-02-16 14:00:00,0.9601,0.9716,0.9563,0.9669,191664.581573
2026-02-16 15:00:00,0.967,0.9739,0.9466,0.9552,357760.916734
2026-02-16 16:00:00,0.9553,0.9665,0.9546,0.9603,190209.069326
2026-02-16 17:00:00,0.9601,0.9635,0.9556,0.9609,138068.784324
2026-02-16 18:00:00,0.961,0.9663,0.9594,0.9605,75743.239687
2026-02-16 19:00:00,0.9607,0.9703,0.9592,0.9669,73369.981773
2026-02-16 20:00:00,0.9668,0.9779,0.9643,0.9768,108818.030104
2026-02-16 21:00:00,0.9769,0.9846,0.9738,0.9838,82022.682778
2026-02-16 22:00:00,0.9842,0.9849,0.9746,0.9764,94098.440801
2026-02-16 23:00:00,0.9767,0.9791,0.9747,0.9787,50970.299034
2026-02-17 00:00:00,0.9788,0.9814,0.9748,0.9776,87273.992571
2026-02-17 01:00:00,0.9777,0.9791,0.972,0.9735,185160.3465
2026-02-17 02:00:00,0.9734,0.9801,0.9673,0.9774,101740.405147
2026-02-17 03:00:00,0.9771,0.9771,0.9706,0.9713,98976.46213
2026-02-17 04:00:00,0.9713,0.9737,0.9659,0.9698,87617.021914
2026-02-17 05:00:00,0.9697,0.9704,0.9572,0.9654,191488.595977
2026-02-17 06:00:00,0.9655,0.97,0.9644,0.9686,53608.032725
2026-02-17 07:00:00,0.9684,0.9709,0.9648,0.9684,132566.482978
2026-02-17 08:00:00,0.9685,0.9711,0.964,0.965,123678.073533
2026-02-17 09:00:00,0.9653,0.9667,0.9616,0.9659,101509.910818
2026-02-17 10:00:00,0.9654,0.9662,0.9588,0.9628,215322.225544
2026-02-17 11:00:00,0.9628,0.969,0.9617,0.9683,146225.80947
2026-02-17 12:00:00,0.9683,0.9731,0.9645,0.9659,90580.32631
2026-02-17 13:00:00,0.9658,0.9784,0.9636,0.9747,104194.82126
2026-02-17 14:00:00,0.9745,0.9756,0.9385,0.9442,729437.471414
2026-02-17 15:00:00,0.944,0.9593,0.9435,0.9591,245074.358675
2026-02-17 16:00:00,0.9593,0.9824,0.959,0.9694,442566.783174
2026-02-17 17:00:00,0.9693,0.9709,0.9554,0.9608,189431.94478
2026-02-17 18:00:00,0.9611,0.9788,0.9598,0.974,164696.054219
2026-02-17 19:00:00,0.974,0.9766,0.9641,0.966,95119.812329
2026-02-17 20:00:00,0.9661,0.9681,0.958,0.961,91232.910069
2026-02-17 21:00:00,0.9611,0.9657,0.9593,0.9628,48371.225123
2026-02-17 22:00:00,0.9627,0.9652,0.9596,0.9604,88281.890671
2026-02-17 23:00:00,0.9603,0.9622,0.9568,0.9602,202630.556644
2026-02-18 00:00:00,0.9604,0.9628,0.9547,0.955,107917.151769
2026-02-18 01:00:00,0.955,0.9573,0.9504,0.9568,108326.07727
2026-02-18 02:00:00,0.9567,0.9649,0.956,0.9621,84352.299893
2026-02-18 03:00:00,0.962,0.9664,0.9618,0.9651,88395.257494
2026-02-18 04:00:00,0.9651,0.9669,0.9619,0.9631,113116.075082
2026-02-18 05:00:00,0.9631,0.9649,0.9606,0.9623,64505.022635
2026-02-18 06:00:00,0.9623,0.9656,0.9612,0.9619,63759.577722
2026-02-18 07:00:00,0.962,0.9692,0.9602,0.9656,83878.995359
2026-02-18 08:00:00,0.9658,0.9704,0.9645,0.9657,74551.263279
2026-02-18 09:00:00,0.9657,0.9708,0.9651,0.9682,80839.608654
2026-02-18 10:00:00,0.9684,0.9704,0.9632,0.9645,45756.771464
2026-02-18 11:00:00,0.9646,0.9651,0.9534,0.9596,152423.491183
2026-02-18 12:00:00,0.9596,0.9631,0.9564,0.9572,106981.664228
2026-02-18 13:00:00,0.9575,0.959,0.9455,0.9498,230488.142063
2026-02-18 14:00:00,0.9496,0.9547,0.9433,0.9528,198409.141307
2026-02-18 15:00:00,0.9527,0.9714,0.9523,0.9622,236140.080866
2026-02-18 16:00:00,0.9628,0.9631,0.9519,0.9542,175245.320242
2026-02-18 17:00:00,0.9544,0.9639,0.9527,0.9527,99290.927496
2026-02-18 18:00:00,0.9528,0.954,0.9317,0.9356,405234.112864
2026-02-18 19:00:00,0.9355,0.9393,0.9182,0.9259,257544.926596
2026-02-18 20:00:00,0.9259,0.9314,0.9211,0.9236,158613.838607
2026-02-18 21:00:00,0.9237,0.928,0.9207,0.9238,274447.18752
2026-02-18 22:00:00,0.9238,0.9257,0.9171,0.923,105763.521738
2026-02-18 23:00:00,0.923,0.9289,0.9216,0.928,71540.351315
2026-02-19 00:00:00,0.928,0.9285,0.9221,0.9234,84733.831365
2026-02-19 01:00:00,0.9238,0.936,0.9237,0.9345,167026.707006
2026-02-19 02:00:00,0.9346,0.9357,0.9305,0.9339,158383.398758
2026-02-19 03:00:00,0.9338,0.9348,0.9307,0.9343,47762.38651
2026-02-19 04:00:00,0.9342,0.9394,0.9332,0.9367,77036.659751
2026-02-19 05:00:00,0.9368,0.9368,0.9285,0.9327,225093.760006
2026-02-19 06:00:00,0.9324,0.9399,0.9318,0.9372,62894.16896
2026-02-19 07:00:00,0.9376,0.941,0.9344,0.9366,117753.975828
2026-02-19 08:00:00,0.9366,0.9367,0.9202,0.923,250365.266587
2026-02-19 09:00:00,0.9232,0.9299,0.9219,0.9226,141584.750435
2026-02-19 10:00:00,0.9225,0.927,0.9177,0.9237,126933.622506
2026-02-19 11:00:00,0.9239,0.9274,0.922,0.9246,89766.405054
2026-02-19 12:00:00,0.9246,0.9268,0.9222,0.9222,80438.025606
2026-02-19 13:00:00,0.9225,0.9226,0.8994,0.9064,490043.644884
2026-02-19 14:00:00,0.9064,0.9172,0.903,0.9129,304831.767666
2026-02-19 15:00:00,0.9127,0.9171,0.9024,0.9058,238141.550337
2026-02-19 16:00:00,0.9059,0.9099,0.8948,0.9032,434872.436952
2026-02-19 17:00:00,0.9036,0.9161,0.8981,0.9037,356689.979656
2026-02-19 18:00:00,0.9034,0.9165,0.9008,0.9148,146080.145581
2026-02-19 19:00:00,0.9149,0.9161,0.9054,0.9128,87792.332794
2026-02-19 20:00:00,0.9126,0.915,0.9059,0.9118,253620.952421
2026-02-19 21:00:00,0.912,0.9129,0.9096,0.9103,53503.878527
2026-02-19 22:00:00,0.9104,0.9143,0.9057,0.9136,95313.439763
2026-02-19 23:00:00,0.9136,0.9156,0.9097,0.9154,83353.729136
2026-02-20 00:00:00,0.9154,0.9229,0.9142,0.9196,102624.76895
2026-02-20 01:00:00,0.9197,0.9225,0.9172,0.9206,97246.804161
2026-02-20 02:00:00,0.9206,0.924,0.917,0.9172,62799.785828
2026-02-20 03:00:00,0.9174,0.9241,0.9168,0.9188,101344.199162
2026-02-20 04:00:00,0.9188,0.9189,0.9091,0.9134,159592.394498
2026-02-20 05:00:00,0.9135,0.9269,0.9101,0.9224,228660.732755
2026-02-20 06:00:00,0.9226,0.9258,0.9195,0.9242,141551.727851
2026-02-20 07:00:00,0.9243,0.9252,0.9187,0.9205,93919.684048
2026-02-20 08:00:00,0.9206,0.9231,0.9181,0.9206,260433.634168
2026-02-20 09:00:00,0.9206,0.9292,0.9203,0.9263,390693.577765
2026-02-20 10:00:00,0.9261,0.9304,0.9217,0.9225,350379.246744
2026-02-20 11:00:00,0.9227,0.9233,0.9107,0.9119,355467.318333
2026-02-20 12:00:00,0.912,0.9182,0.9091,0.9157,215149.031867
2026-02-20 13:00:00,0.9154,0.916,0.8987,0.9074,400973.046771
2026-02-20 14:00:00,0.9073,0.9234,0.9063,0.9196,402117.276411
2026-02-20 15:00:00,0.92,0.9523,0.9199,0.952,905524.786449
2026-02-20 16:00:00,0.9524,0.9573,0.9385,0.9532,677951.323798
2026-02-20 17:00:00,0.9531,0.9639,0.934,0.9632,488535.568947
2026-02-20 18:00:00,0.9631,0.9637,0.9503,0.9552,352351.952327
2026-02-20 19:00:00,0.9553,0.9593,0.9492,0.9526,129824.718878
2026-02-20 20:00:00,0.9525,0.9541,0.9445,0.9504,101855.142734
2026-02-20 21:00:00,0.9505,0.9553,0.9499,0.9524,99287.033251
2026-02-20 22:00:00,0.9524,0.9591,0.9499,0.9583,121215.746603
2026-02-20 23:00:00,0.9582,0.9609,0.9559,0.9571,102540.791345
2026-02-21 00:00:00,0.9572,0.9583,0.9494,0.95,106553.453728
2026-02-21 01:00:00,0.9501,0.9546,0.9484,0.9536,99205.655338
2026-02-21 02:00:00,0.9537,0.9606,0.9521,0.9558,106876.321981
2026-02-21 03:00:00,0.9558,0.9566,0.9503,0.9562,85792.558914
2026-02-21 04:00:00,0.9562,0.9607,0.9541,0.9604,90583.684152
2026-02-21 05:00:00,0.9603,0.9754,0.9602,0.969,510477.376698
2026-02-21 06:00:00,0.969,0.9799,0.966,0.9684,349137.209312
2026-02-21 07:00:00,0.968,0.9706,0.9624,0.9677,334195.652425
2026-02-21 08:00:00,0.9677,0.9871,0.9656,0.9866,306551.407165
2026-02-21 09:00:00,0.9865,1.0069,0.9827,0.9972,611019.591511
2026-02-21 10:00:00,0.9972,1.0172,0.9971,1.0069,504602.547864
2026-02-21 11:00:00,1.007,1.0205,1.0001,1.0015,294594.379871
2026-02-21 12:00:00,1.0015,1.0046,0.9958,0.9984,251486.555632
2026-02-21 13:00:00,0.9982,1.0,0.993,0.9993,162175.819675
2026-02-21 14:00:00,0.9992,1.0109,0.9947,0.995,660723.713005
2026-02-21 15:00:00,0.9951,0.9961,0.9878,0.9889,210997.554465
2026-02-21 16:00:00,0.9887,0.9889,0.9733,0.9746,377859.07122
2026-02-21 17:00:00,0.9747,0.9756,0.969,0.9714,357900.732229
2026-02-21 18:00:00,0.9714,0.9782,0.9714,0.9776,206171.87618
2026-02-21 19:00:00,0.9777,0.979,0.9741,0.9778,74587.865767
2026-02-21 20:00:00,0.9777,0.9793,0.9692,0.9695,93485.474577
2026-02-21 21:00:00,0.9696,0.9738,0.9696,0.9723,62994.178882
2026-02-21 22:00:00,0.9723,0.9733,0.967,0.9717,129771.990053
2026-02-21 23:00:00,0.9716,0.9727,0.9693,0.9699,79677.754429
2026-02-22 00:00:00,0.9698,0.9698,0.9565,0.963,391247.140292
2026-02-22 01:00:00,0.963,0.9657,0.9613,0.9618,89510.454002
2026-02-22 02:00:00,0.962,0.9635,0.9489,0.9502,235350.877933
2026-02-22 03:00:00,0.95,0.9533,0.9413,0.9483,247777.722781
2026-02-22 04:00:00,0.9481,0.9537,0.9476,0.95,137391.911244
2026-02-22 05:00:00,0.95,0.9509,0.942,0.9432,156007.301204
2026-02-22 06:00:00,0.9427,0.9508,0.9389,0.9486,186656.635831
2026-02-22 07:00:00,0.9488,0.953,0.9483,0.9506,129716.433452
2026-02-22 08:00:00,0.9505,0.951,0.9423,0.9427,152241.206271
2026-02-22 09:00:00,0.9427,0.9459,0.9424,0.9452,69823.275865
2026-02-22 10:00:00,0.9452,0.9477,0.9437,0.9463,52199.600218
2026-02-22 11:00:00,0.9464,0.9506,0.944,0.9451,163788.789171
2026-02-22 12:00:00,0.9448,0.9449,0.9289,0.9343,352906.557511
2026-02-22 13:00:00,0.9342,0.9346,0.9276,0.9314,480262.904149
2026-02-22 14:00:00,0.9314,0.9321,0.922,0.9262,293855.599719
2026-02-22 15:00:00,0.9261,0.9332,0.9237,0.9304,376922.388599
2026-02-22 16:00:00,0.9304,0.9331,0.9271,0.9317,305349.658144
2026-02-22 17:00:00,0.9316,0.9334,0.9252,0.9281,146487.165116
2026-02-22 18:00:00,0.9283,0.9283,0.9245,0.9252,117969.389668
2026-02-22 19:00:00,0.9253,0.9257,0.9199,0.9233,254995.533851
2026-02-22 20:00:00,0.9234,0.925,0.9175,0.9197,72446.292189
2026-02-22 21:00:00,0.9196,0.9265,0.918,0.9243,190983.975709
2026-02-22 22:00:00,0.9244,0.9333,0.9209,0.9329,163312.232725
2026-02-22 23:00:00,0.9331,0.9373,0.9254,0.929,350246.064349
2026-02-23 00:00:00,0.9293,0.9306,0.917,0.918,113767.36709
2026-02-23 01:00:00,0.9179,0.918,0.8734,0.8778,3208451.021844
2026-02-23 02:00:00,0.878,0.8867,0.8756,0.8827,505930.951708
2026-02-23 03:00:00,0.8827,0.8911,0.8823,0.8854,277137.964915
2026-02-23 04:00:00,0.8857,0.8863,0.8797,0.8833,219354.385275
2026-02-23 05:00:00,0.8834,0.8937,0.8832,0.8911,219673.49949
2026-02-23 06:00:00,0.8917,0.9072,0.8911,0.9041,590773.98574
2026-02-23 07:00:00,0.9041,0.9083,0.9031,0.9031,202583.147412
2026-02-23 08:00:00,0.9031,0.9033,0.8988,0.8999,218518.078676
2026-02-23 09:00:00,0.9,0.9166,0.9,0.9151,401755.225769
2026-02-23 10:00:00,0.9155,0.9168,0.9076,0.9077,201335.815789
2026-02-23 11:00:00,0.9078,0.9103,0.9039,0.9054,374445.338945
2026-02-23 12:00:00,0.9055,0.9138,0.9017,0.9071,414657.630307
2026-02-23 13:00:00,0.9072,0.9082,0.899,0.9,213185.8668
2026-02-23 14:00:00,0.9002,0.9041,0.8908,0.8996,1573586.171367
2026-02-23 15:00:00,0.8996,0.9016,0.8908,0.8934,406349.697296
2026-02-23 16:00:00,0.8933,0.9007,0.8905,0.8935,594797.115069
2026-02-23 17:00:00,0.8937,0.8963,0.8752,0.8875,496189.382091
2026-02-23 18:00:00,0.8875,0.8958,0.8843,0.8855,316513.838632
2026-02-23 19:00:00,0.8856,0.8872,0.8815,0.8841,159537.853688
2026-02-23 20:00:00,0.8842,0.8894,0.8801,0.8884,302742.628455
2026-02-23 21:00:00,0.8884,0.8921,0.8847,0.89,148841.849116
2026-02-23 22:00:00,0.8903,0.8954,0.8896,0.8899,143640.568832
2026-02-23 23:00:00,0.8899,0.8943,0.8878,0.8905,138269.06929
2026-02-24 00:00:00,0.8906,0.9016,0.8906,0.9005,180755.455064
2026-02-24 01:00:00,0.9007,0.9012,0.8799,0.8911,535916.545886
2026-02-24 02:00:00,0.8913,0.896,0.8866,0.8886,314314.420503
2026-02-24 03:00:00,0.8884,0.8884,0.8791,0.8826,308113.089963
2026-02-24 04:00:00,0.8826,0.8832,0.872,0.8796,480858.820709
2026-02-24 05:00:00,0.8795,0.8795,0.8671,0.8732,431651.197565
2026-02-24 06:00:00,0.8731,0.8767,0.8705,0.8725,247250.318663
2026-02-24 07:00:00,0.8726,0.8773,0.8705,0.8724,279708.388799
2026-02-24 08:00:00,0.8724,0.8777,0.8689,0.8762,116992.950638
2026-02-24 09:00:00,0.8764,0.8776,0.8708,0.8763,141366.15038
2026-02-24 10:00:00,0.8763,0.8772,0.8732,0.8761,91906.92146
2026-02-24 11:00:00,0.8766,0.8769,0.8711,0.8755,120528.008552
2026-02-24 12:00:00,0.8757,0.8787,0.8714,0.8728,128873.640669
2026-02-24 13:00:00,0.8728,0.8754,0.8632,0.8719,347189.042365
2026-02-24 14:00:00,0.8717,0.8848,0.8635,0.8807,502268.868937
2026-02-24 15:00:00,0.8813,0.8855,0.874,0.8749,217563.479353
2026-02-24 16:00:00,0.8748,0.8862,0.8725,0.8828,296622.540975
2026-02-24 17:00:00,0.883,0.8875,0.8785,0.8841,226045.547122
2026-02-24 18:00:00,0.8841,0.8879,0.8801,0.8844,103100.873193
2026-02-24 19:00:00,0.8844,0.8881,0.8796,0.8854,148031.425411
2026-02-24 20:00:00,0.8855,0.8881,0.8825,0.8846,102800.178384
2026-02-24 21:00:00,0.8846,0.8846,0.8787,0.8822,87083.790185
2026-02-24 22:00:00,0.8822,0.8879,0.8801,0.8824,85236.681863
2026-02-24 23:00:00,0.8823,0.8836,0.8773,0.8795,111919.670215
2026-02-25 00:00:00,0.8797,0.8854,0.8778,0.8833,104362.923364
2026-02-25 01:00:00,0.8835,0.9177,0.883,0.9073,1236735.924637
2026-02-25 02:00:00,0.9071,0.9146,0.9025,0.9036,395247.45106
2026-02-25 03:00:00,0.9036,0.9042,0.8936,0.8946,368985.135769
2026-02-25 04:00:00,0.8945,0.9008,0.8892,0.8999,407285.840157
2026-02-25 05:00:00,0.9,0.9004,0.887,0.8945,175840.522955
2026-02-25 06:00:00,0.8946,0.9015,0.8945,0.8986,112195.325589
2026-02-25 07:00:00,0.8986,0.9048,0.8981,0.9045,417156.600555
2026-02-25 08:00:00,0.9045,0.9109,0.8979,0.91,1033574.324312
2026-02-25 09:00:00,0.9098,0.9183,0.9087,0.9173,398751.346625
2026-02-25 10:00:00,0.9174,0.9258,0.9149,0.9159,527043.873202
2026-02-25 11:00:00,0.916,0.9245,0.912,0.9224,210626.336038
2026-02-25 12:00:00,0.9226,0.9471,0.9197,0.9437,643774.065438
2026-02-25 13:00:00,0.9438,0.9857,0.9426,0.9775,1316517.725031
2026-02-25 14:00:00,0.9777,1.0182,0.9766,1.0113,1816149.267387
2026-02-25 15:00:00,1.0115,1.0759,1.0115,1.0685,2346058.171028
2026-02-25 16:00:00,1.0683,1.1047,1.0643,1.0923,2442015.185502
2026-02-25 17:00:00,1.0923,1.0937,1.0596,1.0741,1236516.033272
2026-02-25 18:00:00,1.0741,1.085,1.066,1.0799,658230.235884
2026-02-25 19:00:00,1.0805,1.1076,1.0761,1.1025,640053.648904
2026-02-25 20:00:00,1.1022,1.103,1.0772,1.0998,560036.705164
2026-02-25 21:00:00,1.1002,1.1071,1.0867,1.0925,862941.025501
2026-02-25 22:00:00,1.0925,1.0958,1.0715,1.0896,499026.747064
2026-02-25 23:00:00,1.0895,1.1078,1.0532,1.0629,1141045.979886
2026-02-26 00:00:00,1.0628,1.065,1.0247,1.0324,1099877.038998
2026-02-26 01:00:00,1.032,1.0479,1.0233,1.0241,425273.456068
2026-02-26 02:00:00,1.0246,1.0306,1.018,1.0266,333468.207968
2026-02-26 03:00:00,1.0265,1.0296,1.0178,1.0203,287895.841907
2026-02-26 04:00:00,1.0202,1.0257,1.0147,1.0163,359731.317106
2026-02-26 05:00:00,1.0161,1.0161,0.9982,1.0046,421483.944092
2026-02-26 06:00:00,1.0046,1.0105,1.0001,1.0088,198057.005919
2026-02-26 07:00:00,1.0088,1.016,0.9989,1.0077,398646.940531
2026-02-26 08:00:00,1.0078,1.0119,1.0046,1.0061,322564.252659
2026-02-26 09:00:00,1.006,1.0268,1.0051,1.0172,605182.323588
2026-02-26 10:00:00,1.0171,1.0177,1.0015,1.0026,384340.37259
2026-02-26 11:00:00,1.0027,1.0095,0.995,1.0091,265977.656913
2026-02-26 12:00:00,1.0091,1.0185,1.0057,1.0091,333911.617175
2026-02-26 13:00:00,1.0087,1.0087,1.0,1.0039,199789.537787
2026-02-26 14:00:00,1.0041,1.0095,0.992,1.0037,656446.962511
2026-02-26 15:00:00,1.0035,1.0254,0.9985,1.0157,994575.970452
2026-02-26 16:00:00,1.0154,1.0167,0.9773,0.9805,2120481.27873
2026-02-26 17:00:00,0.9805,0.9974,0.9797,0.9851,382007.223458
2026-02-26 18:00:00,0.9842,0.9979,0.9825,0.9977,196303.572491
2026-02-26 19:00:00,0.9976,1.0134,0.9967,1.012,343879.116221
2026-02-26 20:00:00,1.0115,1.0228,1.006,1.0109,183724.178516
2026-02-26 21:00:00,1.0108,1.0178,1.0099,1.016,123520.457229
2026-02-26 22:00:00,1.016,1.025,1.0143,1.025,153473.207432
2026-02-26 23:00:00,1.025,1.0382,1.0222,1.0258,270494.705374
2026-02-27 00:00:00,1.0258,1.037,1.0187,1.0231,352565.388502
2026-02-27 01:00:00,1.0231,1.0256,1.0165,1.0216,153612.919025
2026-02-27 02:00:00,1.0209,1.0228,1.0143,1.016,133217.685435
2026-02-27 03:00:00,1.016,1.0227,1.0124,1.0222,122128.856822
2026-02-27 04:00:00,1.0224,1.0401,1.0224,1.0306,398604.365051
2026-02-27 05:00:00,1.0307,1.0355,1.0248,1.0267,448315.157467
2026-02-27 06:00:00,1.0265,1.0445,1.0265,1.0332,481450.175216
2026-02-27 07:00:00,1.0331,1.0364,1.025,1.0361,321606.372639
2026-02-27 08:00:00,1.0362,1.0439,1.0314,1.0372,381197.200303
2026-02-27 09:00:00,1.0372,1.0385,1.0253,1.0316,229755.551903
2026-02-27 10:00:00,1.031,1.0325,1.0075,1.011,495818.660595
2026-02-27 11:00:00,1.0112,1.0153,0.9935,0.9955,386214.328652
2026-02-27 12:00:00,0.9953,1.0069,0.9946,1.0067,330976.897144
2026-02-27 13:00:00,1.0065,1.0116,0.9877,1.0071,658497.082267
2026-02-27 14:00:00,1.007,1.0105,0.9998,1.0003,267322.011551
2026-02-27 15:00:00,1.0,1.0067,0.9966,1.0029,166421.568829
2026-02-27 16:00:00,1.0024,1.0039,0.988,0.9887,318569.455223
2026-02-27 17:00:00,0.989,0.9955,0.9793,0.9936,233597.285351
2026-02-27 18:00:00,0.9937,0.9983,0.9893,0.9899,132057.667446
2026-02-27 19:00:00,0.9902,0.9907,0.9789,0.9839,229472.208306
2026-02-27 20:00:00,0.9839,0.9937,0.9829,0.9917,67162.351939
2026-02-27 21:00:00,0.9923,0.9958,0.9847,0.9888,43893.773138
2026-02-27 22:00:00,0.9893,0.9925,0.9679,0.9895,276372.790578
2026-02-27 23:00:00,0.9896,0.9959,0.9887,0.9941,93355.145821
2026-02-28 00:00:00,0.9939,0.9939,0.9835,0.9917,203115.669318
2026-02-28 01:00:00,0.9917,0.9925,0.9829,0.9849,83121.893816
2026-02-28 02:00:00,0.9835,0.9916,0.9828,0.989,72690.526487
2026-02-28 03:00:00,0.989,0.9895,0.9829,0.9837,49431.017675
2026-02-28 04:00:00,0.984,0.9844,0.9761,0.981,116304.553811
2026-02-28 05:00:00,0.981,0.9836,0.9726,0.9754,106125.555324
2026-02-28 06:00:00,0.9753,0.9758,0.9253,0.9275,1386216.163812
2026-02-28 07:00:00,0.928,0.9632,0.9214,0.9499,630085.05625
2026-02-28 08:00:00,0.9498,0.9498,0.9327,0.9347,422600.982627
2026-02-28 09:00:00,0.9346,0.9403,0.9281,0.9311,267247.679684
2026-02-28 10:00:00,0.931,0.9389,0.9262,0.9309,260024.359614
2026-02-28 11:00:00,0.931,0.9342,0.925,0.9259,403589.33408
2026-02-28 12:00:00,0.9258,0.9327,0.9252,0.9301,190387.100396
2026-02-28 13:00:00,0.9302,0.954,0.925,0.9524,351914.808246
2026-02-28 14:00:00,0.9523,0.9577,0.9419,0.9432,499392.568253
2026-02-28 15:00:00,0.9436,0.9502,0.9353,0.9477,157096.122813
2026-02-28 16:00:00,0.9476,0.9512,0.9417,0.9498,185665.979951
2026-02-28 17:00:00,0.95,0.9553,0.9404,0.9539,138902.013937
2026-02-28 18:00:00,0.9538,0.9753,0.9496,0.9695,390718.76582
2026-02-28 19:00:00,0.9694,0.992,0.9625,0.9804,524255.872826
2026-02-28 20:00:00,0.9806,0.9983,0.9783,0.9938,255202.068904
2026-02-28 21:00:00,0.9939,0.9962,0.9803,0.993,205417.165312
2026-02-28 22:00:00,0.9931,1.0134,0.9931,1.003,236899.955304
2026-02-28 23:00:00,1.0029,1.0052,0.9968,1.0048,96932.308881
2026-03-01 00:00:00,1.0047,1.0085,0.9934,0.9961,330710.767825
2026-03-01 01:00:00,0.996,1.0245,0.9857,1.0161,498137.339186
2026-03-01 02:00:00,1.0161,1.0327,1.0131,1.0134,345465.128309
2026-03-01 03:00:00,1.013,1.0133,0.9964,0.9995,338174.538295
2026-03-01 04:00:00,1.0005,1.0028,0.99,0.9967,159348.847386
2026-03-01 05:00:00,0.9969,0.9987,0.9938,0.9953,103927.23305
2026-03-01 06:00:00,0.9953,0.9954,0.9851,0.9893,175781.126154
2026-03-01 07:00:00,0.9894,0.9935,0.9858,0.9922,80323.880488
2026-03-01 08:00:00,0.9924,0.9937,0.9725,0.9746,279976.794054
2026-03-01 09:00:00,0.9745,0.9849,0.9708,0.9779,137944.292968
2026-03-01 10:00:00,0.9776,0.9826,0.9715,0.9779,97054.418816
2026-03-01 11:00:00,0.9776,0.9801,0.9751,0.9776,159709.349619
2026-03-01 12:00:00,0.9775,0.9821,0.9728,0.9735,97370.621038
2026-03-01 13:00:00,0.9738,0.9958,0.9683,0.9883,408555.549575
2026-03-01 14:00:00,0.9885,0.9937,0.9764,0.9805,231273.988032
2026-03-01 15:00:00,0.9805,0.9865,0.9761,0.9774,261786.865168
2026-03-01 16:00:00,0.9775,0.9878,0.9654,0.9757,411103.815739
2026-03-01 17:00:00,0.9755,0.9764,0.9592,0.9628,407724.075747
2026-03-01 18:00:00,0.963,0.9778,0.963,0.9688,194650.066954
2026-03-01 19:00:00,0.9689,0.9692,0.9561,0.9589,175236.552583
2026-03-01 20:00:00,0.959,0.9597,0.9412,0.944,246691.050791
2026-03-01 21:00:00,0.9441,0.9578,0.9437,0.9561,71345.446691
2026-03-01 22:00:00,0.9557,0.9737,0.9545,0.9572,290025.469513
2026-03-01 23:00:00,0.9571,0.9724,0.956,0.9647,112474.556018
2026-03-02 00:00:00,0.9647,0.9822,0.9639,0.9783,144234.430651
2026-03-02 01:00:00,0.9782,0.9906,0.976,0.9821,155721.969473
2026-03-02 02:00:00,0.9824,0.9845,0.9711,0.979,153302.361858
2026-03-02 03:00:00,0.9791,0.988,0.9741,0.9852,156047.950262
2026-03-02 04:00:00,0.9855,0.9923,0.9832,0.9861,165992.385213
2026-03-02 05:00:00,0.986,0.9866,0.9752,0.976,140142.781474
2026-03-02 06:00:00,0.9761,0.9787,0.9656,0.9742,188587.217202
2026-03-02 07:00:00,0.9741,0.9758,0.9624,0.9754,159572.585733
2026-03-02 08:00:00,0.9756,0.9806,0.964,0.9793,163332.071283
2026-03-02 09:00:00,0.9793,0.9845,0.975,0.975,156190.187282
2026-03-02 10:00:00,0.9751,0.9771,0.9704,0.9754,98108.892873
2026-03-02 11:00:00,0.9753,0.9767,0.9699,0.974,746470.761792
2026-03-02 12:00:00,0.9741,0.98,0.974,0.9758,150226.020872
2026-03-02 13:00:00,0.9757,0.9837,0.972,0.974,168487.844823
2026-03-02 14:00:00,0.9741,1.0066,0.9734,1.0011,505577.979466
2026-03-02 15:00:00,1.001,1.0287,0.9977,1.0205,1011008.272816
2026-03-02 16:00:00,1.0206,1.0262,1.0038,1.0093,702173.064137
2026-03-02 17:00:00,1.0093,1.0098,0.99,0.9996,332067.830927
2026-03-02 18:00:00,0.9997,1.0024,0.9928,0.9951,122367.358515
2026-03-02 19:00:00,0.9955,0.9971,0.9869,0.9947,138961.847718
2026-03-02 20:00:00,0.9948,1.0008,0.988,0.9927,109450.50085
2026-03-02 21:00:00,0.9928,0.9995,0.9869,0.9977,148876.949317
2026-03-02 22:00:00,0.998,1.0031,0.9948,0.9955,220827.341176
2026-03-02 23:00:00,0.996,0.9976,0.9817,0.9876,129110.636736
2026-03-03 00:00:00,0.9875,0.9896,0.9788,0.9882,189983.276285
2026-03-03 01:00:00,0.9881,0.9947,0.9849,0.9926,131529.325476
2026-03-03 02:00:00,0.9927,0.9995,0.9825,0.9986,457009.05551
2026-03-03 03:00:00,0.9986,1.0044,0.988,0.9972,611660.15322
2026-03-03 04:00:00,0.9971,0.9984,0.9889,0.9909,92687.29348
2026-03-03 05:00:00,0.991,0.9974,0.9847,0.9899,169724.830741
2026-03-03 06:00:00,0.9901,0.9918,0.984,0.9895,66649.319642
2026-03-03 07:00:00,0.9893,0.9951,0.9813,0.9859,126915.481692
2026-03-03 08:00:00,0.9857,0.9891,0.975,0.9773,158200.913423
2026-03-03 09:00:00,0.9767,0.9848,0.9726,0.9752,292771.536122
2026-03-03 10:00:00,0.975,0.9932,0.9706,0.9834,554627.125758
2026-03-03 11:00:00,0.9834,0.9909,0.9799,0.9838,73744.162798
2026-03-03 12:00:00,0.9826,1.0,0.9822,0.993,89407.184214
2026-03-03 13:00:00,0.9932,0.9937,0.9819,0.9847,82485.042591
2026-03-03 14:00:00,0.9847,0.997,0.9725,0.9814,325494.469206
2026-03-03 15:00:00,0.9811,1.002,0.9744,0.9963,469888.319442
2026-03-03 16:00:00,0.9966,1.0125,0.9877,0.9998,477716.037807
2026-03-03 17:00:00,1.0002,1.003,0.9885,1.0,176075.67415
2026-03-03 18:00:00,1.0005,1.0106,0.9963,1.0032,125045.185771
2026-03-03 19:00:00,1.0036,1.007,0.9983,1.0029,104715.590668
2026-03-03 20:00:00,1.0028,1.0048,0.9962,0.9994,74137.376652
2026-03-03 21:00:00,1.0,1.0003,0.9902,0.9955,45375.229306
2026-03-03 22:00:00,0.9954,1.0044,0.9951,1.0007,42129.639248
2026-03-03 23:00:00,1.0008,1.0076,0.9995,1.0007,45045.62105
2026-03-04 00:00:00,1.0008,1.006,0.9949,1.0008,78239.679634
2026-03-04 01:00:00,1.0001,1.0095,0.9971,1.0033,164944.004063
2026-03-04 02:00:00,1.0034,1.011,0.9978,1.0095,127231.39947
2026-03-04 03:00:00,1.0092,1.0143,0.9969,1.0077,147394.966028
2026-03-04 04:00:00,1.0073,1.0085,0.9924,1.0004,137623.933786
2026-03-04 05:00:00,1.0,1.0045,0.9958,1.0024,110511.292976
2026-03-04 06:00:00,1.0024,1.0064,0.9964,1.001,76510.65806
2026-03-04 07:00:00,1.001,1.0098,0.9988,1.0073,163562.706486
2026-03-04 08:00:00,1.007,1.0295,1.0055,1.0275,566712.221616
2026-03-04 09:00:00,1.0279,1.0334,1.0216,1.0242,413836.66923
2026-03-04 10:00:00,1.0243,1.0285,1.0162,1.0191,186294.280704
2026-03-04 11:00:00,1.0191,1.0223,1.0096,1.0171,399915.87317
2026-03-04 12:00:00,1.0171,1.0179,1.0034,1.0105,275492.584713
2026-03-04 13:00:00,1.0104,1.0183,1.0099,1.0153,354624.179172
2026-03-04 14:00:00,1.0149,1.0356,1.01,1.0157,509623.569109
2026-03-04 15:00:00,1.0156,1.0333,1.0138,1.033,630477.143249
2026-03-04 16:00:00,1.0331,1.0347,1.0156,1.0222,738258.707029
2026-03-04 17:00:00,1.0222,1.0243,1.0117,1.0215,363203.522832
2026-03-04 18:00:00,1.0215,1.0251,1.0149,1.0245,142223.804634
2026-03-04 19:00:00,1.0248,1.0366,1.023,1.0321,242774.929338
2026-03-04 20:00:00,1.0323,1.033,1.0247,1.0254,167170.247577
2026-03-04 21:00:00,1.026,1.031,1.0226,1.0308,208891.050216
2026-03-04 22:00:00,1.0305,1.035,1.0229,1.025,348501.264544
2026-03-04 23:00:00,1.025,1.0269,1.0094,1.0247,401092.72127
2026-03-05 00:00:00,1.0247,1.0248,1.0177,1.0202,196714.616305
2026-03-05 01:00:00,1.0204,1.0265,1.0113,1.0132,140489.94458
2026-03-05 02:00:00,1.0131,1.0223,1.013,1.02,160856.696585
2026-03-05 03:00:00,1.0199,1.0269,1.0192,1.0245,99562.320176
2026-03-05 04:00:00,1.0245,1.0288,1.0229,1.0251,149239.581134
2026-03-05 05:00:00,1.0249,1.029,1.0171,1.0196,94983.489961
2026-03-05 06:00:00,1.0192,1.0251,1.0131,1.0228,128146.710591
2026-03-05 07:00:00,1.0228,1.0284,1.0186,1.0284,348853.229237
2026-03-05 08:00:00,1.0284,1.0428,1.0231,1.0409,304069.329202
2026-03-05 09:00:00,1.041,1.0436,1.0271,1.0295,249181.452917
2026-03-05 10:00:00,1.0295,1.0401,1.0254,1.0359,343397.261446
2026-03-05 11:00:00,1.0359,1.0381,1.0253,1.029,196903.854109
2026-03-05 12:00:00,1.0283,1.0351,1.0252,1.0319,130216.811868
2026-03-05 13:00:00,1.0321,1.0348,1.0257,1.0317,169810.34402
2026-03-05 14:00:00,1.0317,1.0424,1.0288,1.0394,285091.012575
2026-03-05 15:00:00,1.0393,1.041,1.0119,1.0139,479123.414815
2026-03-05 16:00:00,1.0142,1.0149,0.9932,1.0099,641576.078468
2026-03-05 17:00:00,1.0098,1.0149,0.9966,0.999,155658.748367
2026-03-05 18:00:00,0.9994,1.0114,0.9976,1.0104,149545.68111
2026-03-05 19:00:00,1.0105,1.0273,1.0105,1.0135,133331.505458
2026-03-05 20:00:00,1.0136,1.0253,1.0117,1.0204,88378.218097
2026-03-05 21:00:00,1.0205,1.0221,1.0107,1.0146,117813.137651
2026-03-05 22:00:00,1.0148,1.0152,1.0086,1.011,119998.794427
2026-03-05 23:00:00,1.0108,1.0163,1.0097,1.0121,163534.693822
2026-03-06 00:00:00,1.0118,1.0141,1.0077,1.0095,47571.085264
2026-03-06 01:00:00,1.0096,1.019,1.0031,1.0169,148435.260895
2026-03-06 02:00:00,1.017,1.0198,1.013,1.0189,138163.718482
2026-03-06 03:00:00,1.019,1.0226,1.0161,1.0218,101355.513561
2026-03-06 04:00:00,1.022,1.0239,1.0074,1.0148,177749.410331
2026-03-06 05:00:00,1.0148,1.0175,1.0073,1.0141,146647.67149
2026-03-06 06:00:00,1.014,1.0188,1.0128,1.0166,170747.07452
2026-03-06 07:00:00,1.0167,1.0223,1.0134,1.0207,177179.516308
2026-03-06 08:00:00,1.021,1.0213,1.012,1.0141,158620.638679
2026-03-06 09:00:00,1.0142,1.0155,1.0,1.0061,350915.643972
2026-03-06 10:00:00,1.0057,1.0188,1.0051,1.0142,351280.77834
2026-03-06 11:00:00,1.0143,1.0149,1.0036,1.0084,277309.819629
2026-03-06 12:00:00,1.0084,1.0121,0.9995,1.0038,234637.959022
2026-03-06 13:00:00,1.0031,1.0144,0.9925,0.9925,447642.634961
2026-03-06 14:00:00,0.9927,0.994,0.9697,0.9765,732074.139055
2026-03-06 15:00:00,0.9763,0.987,0.9719,0.9778,183615.44182
2026-03-06 16:00:00,0.9777,0.9817,0.9728,0.9772,124646.020184
2026-03-06 17:00:00,0.9771,0.9799,0.9644,0.9695,193364.426972
2026-03-06 18:00:00,0.9694,0.9786,0.969,0.9754,45310.611741
2026-03-06 19:00:00,0.9756,0.9824,0.9728,0.9748,151450.610887
2026-03-06 20:00:00,0.9747,0.9788,0.9703,0.9775,101849.745046
2026-03-06 21:00:00,0.9778,0.9784,0.9739,0.9774,83126.448058
2026-03-06 22:00:00,0.9776,0.9813,0.9768,0.9803,77309.289962
2026-03-06 23:00:00,0.9806,0.9818,0.9767,0.9782,80612.435125
2026-03-07 00:00:00,0.9781,0.9832,0.9778,0.9804,56883.441137
2026-03-07 01:00:00,0.9803,0.9805,0.9759,0.9776,33893.206613
2026-03-07 02:00:00,0.9775,0.9795,0.9746,0.9784,30249.812314
2026-03-07 03:00:00,0.9788,0.9804,0.9712,0.9717,55801.952391
2026-03-07 04:00:00,0.9716,0.9742,0.9655,0.9723,226112.518311
2026-03-07 05:00:00,0.9721,0.9747,0.9721,0.9735,36651.476624
2026-03-07 06:00:00,0.9736,0.9737,0.966,0.9661,59259.281584
2026-03-07 07:00:00,0.966,0.9699,0.9641,0.9696,89424.249323
2026-03-07 08:00:00,0.9695,0.9773,0.9695,0.972,110399.650872
2026-03-07 09:00:00,0.9719,0.9765,0.97,0.9757,25746.479881
2026-03-07 10:00:00,0.9756,0.9778,0.9744,0.9763,33463.699766
2026-03-07 11:00:00,0.976,0.9838,0.9754,0.9778,95699.559456
2026-03-07 12:00:00,0.9778,0.98,0.9719,0.9721,66309.24928
2026-03-07 13:00:00,0.9722,0.9788,0.9715,0.977,78000.550516
2026-03-07 14:00:00,0.9769,0.9769,0.963,0.9693,150826.738639
2026-03-07 15:00:00,0.969,0.9696,0.9549,0.9577,178312.670845
2026-03-07 16:00:00,0.9576,0.9643,0.9567,0.9634,101233.633163
2026-03-07 17:00:00,0.9636,0.9687,0.9635,0.9665,20957.493363
2026-03-07 18:00:00,0.9667,0.9667,0.9546,0.9578,287638.185425
2026-03-07 19:00:00,0.9579,0.9581,0.9447,0.9486,119016.193412
2026-03-07 20:00:00,0.9486,0.9538,0.9483,0.9514,56445.534113
2026-03-07 21:00:00,0.9516,0.9545,0.9481,0.9523,32928.944826
2026-03-07 22:00:00,0.9523,0.9534,0.9454,0.9483,78122.046634
2026-03-07 23:00:00,0.9483,0.953,0.9475,0.953,60698.70079
2026-03-08 00:00:00,0.953,0.953,0.9404,0.9427,71976.10771
2026-03-08 01:00:00,0.9422,0.9486,0.9414,0.9462,78017.448951
2026-03-08 02:00:00,0.9464,0.9464,0.9266,0.9282,278470.957233
2026-03-08 03:00:00,0.9284,0.9336,0.928,0.9304,112119.010369
2026-03-08 04:00:00,0.9304,0.9331,0.923,0.925,149857.116707
2026-03-08 05:00:00,0.9254,0.9348,0.9254,0.9308,45859.242452
2026-03-08 06:00:00,0.9309,0.9325,0.9259,0.9318,69221.795622
2026-03-08 07:00:00,0.9313,0.936,0.9309,0.9338,115884.288699
2026-03-08 08:00:00,0.9337,0.9349,0.9276,0.9342,158860.867988
2026-03-08 09:00:00,0.9339,0.9393,0.9329,0.9387,58656.035281
2026-03-08 10:00:00,0.9387,0.9516,0.9377,0.9499,152476.007945
2026-03-08 11:00:00,0.9499,0.952,0.9397,0.9492,225039.690577
2026-03-08 12:00:00,0.9489,0.9559,0.9379,0.9502,133871.47917
2026-03-08 13:00:00,0.9502,0.9512,0.9362,0.9438,96527.508211
2026-03-08 14:00:00,0.9434,0.9473,0.933,0.941,178341.313181
2026-03-08 15:00:00,0.9405,0.9406,0.932,0.9356,81937.78369
2026-03-08 16:00:00,0.9355,0.937,0.9299,0.9314,45443.027348
2026-03-08 17:00:00,0.9313,0.9365,0.93,0.9349,63202.984312
2026-03-08 18:00:00,0.9354,0.9358,0.9298,0.9327,48893.073357
2026-03-08 19:00:00,0.9327,0.9529,0.9315,0.9497,167100.749973
2026-03-08 20:00:00,0.95,0.9575,0.9432,0.9489,127204.07762
2026-03-08 21:00:00,0.9492,0.9499,0.9421,0.9462,79906.827569
2026-03-08 22:00:00,0.9461,0.9461,0.92,0.9416,438667.648382
2026-03-08 23:00:00,0.9417,0.945,0.9311,0.9344,76686.596192
2026-03-09 00:00:00,0.9344,0.9518,0.9337,0.9416,100400.435594
2026-03-09 01:00:00,0.9414,0.9474,0.9366,0.9366,50413.655975
2026-03-09 02:00:00,0.9364,0.9462,0.9302,0.9425,181214.644065
2026-03-09 03:00:00,0.9424,0.9575,0.9393,0.9418,218523.132625
2026-03-09 04:00:00,0.9416,0.9525,0.9413,0.9468,121482.482856
2026-03-09 05:00:00,0.9472,0.9728,0.9456,0.9691,276169.094488
2026-03-09 06:00:00,0.9695,0.9695,0.9544,0.9549,189582.601485
2026-03-09 07:00:00,0.9545,0.9547,0.9412,0.9511,145308.689237
2026-03-09 08:00:00,0.9513,0.9549,0.9472,0.948,103184.277605
2026-03-09 09:00:00,0.9481,0.9583,0.9433,0.9485,139643.910224
2026-03-09 10:00:00,0.9483,0.949,0.9387,0.9393,108923.827769
2026-03-09 11:00:00,0.939,0.9415,0.9311,0.937,136303.968647
2026-03-09 12:00:00,0.9372,0.9502,0.9343,0.9445,580472.215589
2026-03-09 13:00:00,0.9445,0.958,0.9429,0.9466,493470.738116
2026-03-09 14:00:00,0.9463,0.9483,0.9337,0.9359,419166.210202
2026-03-09 15:00:00,0.9357,0.9435,0.9316,0.9405,317961.766062
2026-03-09 16:00:00,0.9405,0.9478,0.9377,0.9439,200727.175569
2026-03-09 17:00:00,0.9435,0.9487,0.9427,0.9457,122934.102759
2026-03-09 18:00:00,0.9456,0.9542,0.9402,0.9483,99238.103849
2026-03-09 19:00:00,0.9485,0.9807,0.9418,0.9538,386165.183712
2026-03-09 20:00:00,0.9538,0.9559,0.9436,0.9514,133254.748474
2026-03-09 21:00:00,0.9514,0.9577,0.9462,0.9508,60585.72763
2026-03-09 22:00:00,0.951,0.9511,0.9328,0.936,163179.745486
2026-03-09 23:00:00,0.936,0.9408,0.9355,0.9392,56829.819544
2026-03-10 00:00:00,0.939,0.9484,0.9351,0.9424,98964.665561
2026-03-10 01:00:00,0.9418,0.9454,0.9351,0.9423,76508.710141
2026-03-10 02:00:00,0.9422,0.9559,0.9392,0.9487,265754.960472
2026-03-10 03:00:00,0.9481,0.9493,0.9343,0.9361,173363.404101
2026-03-10 04:00:00,0.9363,0.9441,0.9361,0.9421,213576.847124
2026-03-10 05:00:00,0.9425,0.9455,0.9353,0.9378,159080.064075
2026-03-10 06:00:00,0.9378,0.9379,0.9235,0.9333,477398.344178
2026-03-10 07:00:00,0.9334,0.9428,0.9304,0.9385,147396.492653
2026-03-10 08:00:00,0.9391,0.9426,0.9329,0.9336,308811.426349
2026-03-10 09:00:00,0.9338,0.9452,0.9331,0.9429,243852.540571
2026-03-10 10:00:00,0.943,0.9435,0.934,0.9373,204192.35304
2026-03-10 11:00:00,0.9368,0.937,0.9289,0.9324,278113.123135
2026-03-10 12:00:00,0.9323,0.9326,0.9258,0.9323,250693.129847
2026-03-10 13:00:00,0.9324,0.9407,0.9269,0.9315,340963.117287
2026-03-10 14:00:00,0.9313,0.9507,0.9191,0.9494,583586.479216
2026-03-10 15:00:00,0.9495,0.9509,0.9291,0.9393,681334.098807
2026-03-10 16:00:00,0.9396,0.9413,0.9319,0.9387,285399.193622
2026-03-10 17:00:00,0.9384,0.9387,0.9222,0.9252,247754.178697
2026-03-10 18:00:00,0.9255,0.9271,0.872,0.8796,2053147.752223
2026-03-10 19:00:00,0.8797,0.8824,0.8649,0.8726,1188436.96647
2026-03-10 20:00:00,0.8727,0.878,0.8699,0.8712,836894.446712
2026-03-10 21:00:00,0.8713,0.8762,0.8536,0.8702,1296738.535725
2026-03-10 22:00:00,0.8703,0.8712,0.8523,0.8595,1100140.2508
2026-03-10 23:00:00,0.8595,0.8699,0.859,0.8657,890710.780965
2026-03-11 00:00:00,0.8657,0.8698,0.8555,0.8655,696599.026074
2026-03-11 01:00:00,0.8654,0.8661,0.857,0.858,388581.034995
2026-03-11 02:00:00,0.8582,0.8669,0.8562,0.8653,312365.384197
2026-03-11 03:00:00,0.865,0.8704,0.8641,0.8642,373452.384938
2026-03-11 04:00:00,0.8642,0.8645,0.8461,0.8606,1215300.814665
2026-03-11 05:00:00,0.8605,0.8609,0.8484,0.8532,550117.310371
2026-03-11 06:00:00,0.8533,0.8692,0.8524,0.8683,496865.364964
2026-03-11 07:00:00,0.8686,0.8833,0.8681,0.875,543298.950663
2026-03-11 08:00:00,0.8751,0.8803,0.8686,0.8723,440522.421139
2026-03-11 09:00:00,0.8717,0.8881,0.8717,0.8787,244311.677374
2026-03-11 10:00:00,0.8788,0.892,0.8754,0.8912,229426.092811
2026-03-11 11:00:00,0.8915,0.8927,0.8866,0.8908,372558.28242
2026-03-11 12:00:00,0.8908,0.9139,0.8857,0.9043,1058811.359427
2026-03-11 13:00:00,0.9043,0.9108,0.8922,0.8976,818006.369183
2026-03-11 14:00:00,0.8977,0.907,0.8974,0.8977,260694.341124
2026-03-11 15:00:00,0.8978,0.899,0.8722,0.8813,712295.117694
2026-03-11 16:00:00,0.8813,0.8853,0.8763,0.8827,400997.429041
2026-03-11 17:00:00,0.8829,0.8911,0.8754,0.8814,522389.452952
2026-03-11 18:00:00,0.8815,0.8904,0.8812,0.8901,139434.222267
2026-03-11 19:00:00,0.8901,0.8933,0.8857,0.8866,126153.270215
2026-03-11 20:00:00,0.8868,0.8893,0.8811,0.882,43328.090166
2026-03-11 21:00:00,0.882,0.8887,0.8763,0.8839,147945.261313
2026-03-11 22:00:00,0.884,0.8879,0.8799,0.8826,128440.794908
2026-03-11 23:00:00,0.8825,0.8839,0.8763,0.878,238691.880092
2026-03-12 00:00:00,0.8782,0.88,0.8671,0.8721,360469.708852
2026-03-12 01:00:00,0.8719,0.8737,0.8666,0.8725,169745.932112
2026-03-12 02:00:00,0.8725,0.8749,0.8689,0.8718,194148.741164
2026-03-12 03:00:00,0.8717,0.8782,0.868,0.869,229553.007638
2026-03-12 04:00:00,0.8688,0.8712,0.8618,0.8651,296692.954051
2026-03-12 05:00:00,0.8648,0.8697,0.8603,0.8652,681244.016999
2026-03-12 06:00:00,0.8651,0.8665,0.8631,0.8643,175020.068098
2026-03-12 07:00:00,0.8644,0.8678,0.8612,0.8673,238534.365292
2026-03-12 08:00:00,0.8672,0.8711,0.862,0.8667,206360.894223
2026-03-12 09:00:00,0.8666,0.873,0.8647,0.8705,113025.769306
2026-03-12 10:00:00,0.8707,0.8726,0.8683,0.8687,150237.434125
2026-03-12 11:00:00,0.8686,0.8687,0.8615,0.8651,204830.944402
2026-03-12 12:00:00,0.865,0.87,0.8624,0.8675,139122.801238
2026-03-12 13:00:00,0.8677,0.8709,0.8568,0.8634,321484.24855
2026-03-12 14:00:00,0.8634,0.8671,0.85,0.8593,479714.946643
2026-03-12 15:00:00,0.8592,0.865,0.8558,0.8599,285646.447954
2026-03-12 16:00:00,0.8598,0.8648,0.8557,0.8631,225729.166301
2026-03-12 17:00:00,0.8632,0.8739,0.8583,0.8702,438981.537478
2026-03-12 18:00:00,0.8703,0.8738,0.8611,0.8658,156719.626215
2026-03-12 19:00:00,0.8658,0.8722,0.8624,0.8708,51022.825719
2026-03-12 20:00:00,0.8703,0.8705,0.8632,0.8645,34233.07737
2026-03-12 21:00:00,0.8645,0.8694,0.8605,0.8688,57641.777427
2026-03-12 22:00:00,0.8681,0.8724,0.8659,0.8716,165714.307681
2026-03-12 23:00:00,0.8715,0.8806,0.8708,0.8779,269030.093792
2026-03-13 00:00:00,0.8775,0.8989,0.8749,0.8855,736589.990091
2026-03-13 01:00:00,0.8854,0.8906,0.8833,0.8891,245741.228361
2026-03-13 02:00:00,0.8893,0.8921,0.886,0.8892,196156.137216
2026-03-13 03:00:00,0.8893,0.8959,0.889,0.8942,242543.530152
2026-03-13 04:00:00,0.8944,0.8955,0.8882,0.8897,315238.606643
2026-03-13 05:00:00,0.8895,0.8957,0.8815,0.8923,332631.182968
2026-03-13 06:00:00,0.8922,0.8927,0.8802,0.8865,468495.36522
2026-03-13 07:00:00,0.8861,0.8907,0.8829,0.8829,133838.76489
2026-03-13 08:00:00,0.883,0.8905,0.8801,0.8829,177403.701175
2026-03-13 09:00:00,0.8826,0.8911,0.8826,0.8897,126951.090324
2026-03-13 10:00:00,0.89,0.8968,0.8866,0.8901,232287.302756
2026-03-13 11:00:00,0.8903,0.8916,0.8862,0.8874,139320.235405
2026-03-13 12:00:00,0.8873,0.8975,0.8819,0.8937,339684.597264
2026-03-13 13:00:00,0.8941,0.9059,0.8914,0.9002,612077.717619
2026-03-13 14:00:00,0.9004,0.9063,0.8837,0.8865,560352.891486
2026-03-13 15:00:00,0.8864,0.8957,0.8852,0.8888,302308.778983
2026-03-13 16:00:00,0.889,0.8993,0.8865,0.8951,370390.039118
2026-03-13 17:00:00,0.895,0.8988,0.8736,0.8782,339580.974792
2026-03-13 18:00:00,0.8783,0.8834,0.8775,0.878,98456.803104
2026-03-13 19:00:00,0.878,0.8785,0.8727,0.8736,159422.691022
2026-03-13 20:00:00,0.8737,0.876,0.8716,0.875,89833.836867
2026-03-13 21:00:00,0.8751,0.8828,0.868,0.8711,178074.83321
2026-03-13 22:00:00,0.8715,0.872,0.8615,0.8663,225306.948151
2026-03-13 23:00:00,0.8662,0.8706,0.8656,0.8691,78798.319735
2026-03-14 00:00:00,0.869,0.8694,0.863,0.8651,118840.835029
2026-03-14 01:00:00,0.8649,0.8715,0.8645,0.8713,119751.881765
2026-03-14 02:00:00,0.8712,0.8733,0.8686,0.8717,79825.135217
2026-03-14 03:00:00,0.8719,0.8793,0.8719,0.8765,59668.976375
2026-03-14 04:00:00,0.8765,0.886,0.8747,0.8783,258762.143922
2026-03-14 05:00:00,0.8785,0.8786,0.8685,0.8709,115010.676936
2026-03-14 06:00:00,0.8709,0.8709,0.8615,0.8675,162597.231507
2026-03-14 07:00:00,0.8672,0.8686,0.8646,0.8659,79778.484014
2026-03-14 08:00:00,0.8658,0.8705,0.8655,0.8678,162598.126139
2026-03-14 09:00:00,0.8677,0.8709,0.8661,0.8677,53747.341154
2026-03-14 10:00:00,0.8674,0.8684,0.8636,0.8649,86025.438122
2026-03-14 11:00:00,0.8648,0.8723,0.8642,0.8694,224039.111626
2026-03-14 12:00:00,0.869,0.8696,0.8627,0.8653,105340.224136
2026-03-14 13:00:00,0.8651,0.8692,0.8631,0.8678,105802.122896
2026-03-14 14:00:00,0.8676,0.8727,0.8649,0.8673,214507.068002
2026-03-14 15:00:00,0.8674,0.8693,0.8654,0.8684,49616.166894
2026-03-14 16:00:00,0.8681,0.8772,0.8674,0.8769,79703.138585
2026-03-14 17:00:00,0.8772,0.8779,0.873,0.8757,78914.336747
2026-03-14 18:00:00,0.8755,0.9137,0.8739,0.8925,1296157.697523
2026-03-14 19:00:00,0.8924,0.8962,0.879,0.882,260310.230544
2026-03-14 20:00:00,0.882,0.8853,0.8752,0.8805,201200.530997
2026-03-14 21:00:00,0.8806,0.8821,0.8765,0.879,83641.511799
2026-03-14 22:00:00,0.879,0.888,0.8773,0.8792,93033.610275
2026-03-14 23:00:00,0.8793,0.8836,0.8776,0.8821,84210.838989
2026-03-15 00:00:00,0.8821,0.8829,0.8732,0.8746,141375.938016
2026-03-15 01:00:00,0.8743,0.8795,0.868,0.8783,212966.296433
2026-03-15 02:00:00,0.8782,0.887,0.8782,0.8841,199866.657714
2026-03-15 03:00:00,0.884,0.8862,0.8766,0.8804,83525.945661
2026-03-15 04:00:00,0.8806,0.884,0.8784,0.8813,77457.834414
2026-03-15 05:00:00,0.8815,0.886,0.8797,0.8814,92742.982722
2026-03-15 06:00:00,0.8814,0.8838,0.8782,0.8814,105948.884509
2026-03-15 07:00:00,0.8814,0.8872,0.8807,0.8869,62533.745552
2026-03-15 08:00:00,0.8872,0.8892,0.8846,0.8866,134453.779785
2026-03-15 09:00:00,0.8869,0.8898,0.8831,0.8844,129400.906631
2026-03-15 10:00:00,0.8844,0.8923,0.8825,0.8888,174495.340013
2026-03-15 11:00:00,0.8887,0.8936,0.8874,0.891,130155.605978
2026-03-15 12:00:00,0.8911,0.895,0.8874,0.8926,116473.517417
2026-03-15 13:00:00,0.8925,0.8925,0.88,0.888,182575.324414
2026-03-15 14:00:00,0.8881,0.8922,0.8863,0.8897,189162.336309
2026-03-15 15:00:00,0.8897,0.8897,0.8835,0.885,73649.254395
2026-03-15 16:00:00,0.8848,0.8865,0.8816,0.8823,107482.504466
2026-03-15 17:00:00,0.8823,0.8922,0.8823,0.8888,90806.750098
2026-03-15 18:00:00,0.8898,0.8906,0.8825,0.883,68480.561413
2026-03-15 19:00:00,0.8841,0.8912,0.8838,0.8898,56042.074944
2026-03-15 20:00:00,0.8892,0.8965,0.8866,0.8912,59372.643872
2026-03-15 21:00:00,0.8913,0.8964,0.8889,0.8943,51251.128178
2026-03-15 22:00:00,0.8947,0.9026,0.8902,0.9004,189198.292846
2026-03-15 23:00:00,0.9005,0.903,0.8904,0.895,412845.101118
2026-03-16 00:00:00,0.8953,0.9011,0.8882,0.8945,302622.814239
2026-03-16 01:00:00,0.8947,0.899,0.8908,0.8979,122393.024724
2026-03-16 02:00:00,0.898,0.9001,0.8916,0.8969,236725.261736
2026-03-16 03:00:00,0.8969,0.9254,0.8957,0.9124,724495.747203
2026-03-16 04:00:00,0.9125,0.9266,0.9125,0.9227,596123.974674
2026-03-16 05:00:00,0.9228,0.941,0.9181,0.9358,666870.092924
2026-03-16 06:00:00,0.9368,0.9593,0.931,0.9445,1092345.110836
2026-03-16 07:00:00,0.9446,0.9547,0.943,0.9452,538674.499792
2026-03-16 08:00:00,0.9452,0.9624,0.9376,0.9399,827367.055909
2026-03-16 09:00:00,0.94,0.9488,0.9362,0.9378,359407.650913
2026-03-16 10:00:00,0.9378,0.9467,0.9304,0.9375,621750.381868
2026-03-16 11:00:00,0.9374,0.9414,0.9338,0.9352,178700.681754
2026-03-16 12:00:00,0.9353,0.941,0.9336,0.9371,366133.371481
2026-03-16 13:00:00,0.937,0.9443,0.9326,0.9372,329731.544702
2026-03-16 14:00:00,0.9377,0.941,0.9215,0.9336,511829.707848
2026-03-16 15:00:00,0.9337,0.936,0.924,0.9281,346928.466845
2026-03-16 16:00:00,0.9282,0.9599,0.9277,0.9514,891155.55673
2026-03-16 17:00:00,0.9523,0.9616,0.9517,0.9577,234143.778979
2026-03-16 18:00:00,0.9578,0.9771,0.9561,0.968,956262.305572
2026-03-16 19:00:00,0.9681,0.9931,0.9678,0.9717,603687.030283
2026-03-16 20:00:00,0.9717,1.0073,0.9643,1.0047,640814.392152
2026-03-16 21:00:00,1.0047,1.015,0.9946,0.9974,599827.470398
2026-03-16 22:00:00,0.9975,1.0073,0.9974,0.9983,365835.338594
2026-03-16 23:00:00,0.9984,0.9984,0.9844,0.9906,467646.936996
2026-03-17 00:00:00,0.9906,0.9931,0.9778,0.9832,453493.185484
2026-03-17 01:00:00,0.9833,0.9884,0.9744,0.979,432759.180851
2026-03-17 02:00:00,0.979,0.9805,0.9721,0.9749,241982.99032
2026-03-17 03:00:00,0.9748,0.9773,0.9643,0.9704,294890.944651
2026-03-17 04:00:00,0.9705,0.9727,0.9536,0.9628,551824.198041
2026-03-17 05:00:00,0.9629,0.9634,0.951,0.9591,273744.212367
2026-03-17 06:00:00,0.9593,0.9663,0.9564,0.9616,326529.525349
2026-03-17 07:00:00,0.9618,0.9757,0.9615,0.9691,286219.747373
2026-03-17 08:00:00,0.9691,0.9752,0.9653,0.9666,243316.246286
2026-03-17 09:00:00,0.9666,0.9746,0.9644,0.9701,218179.010753
2026-03-17 10:00:00,0.9698,0.9731,0.9661,0.9729,169245.031869
2026-03-17 11:00:00,0.9731,0.9907,0.9731,0.9776,625612.700672
2026-03-17 12:00:00,0.9775,0.9775,0.9578,0.9612,318782.746522
2026-03-17 13:00:00,0.9611,0.9679,0.954,0.9586,274961.460166
2026-03-17 14:00:00,0.9587,0.9647,0.9548,0.9628,185185.537574
2026-03-17 15:00:00,0.9628,0.9685,0.9558,0.9646,157244.441519
2026-03-17 16:00:00,0.9645,0.9705,0.962,0.9632,178353.652694
2026-03-17 17:00:00,0.9633,0.9708,0.9621,0.9708,65599.443539
2026-03-17 18:00:00,0.9708,0.9722,0.9643,0.9667,122980.577472
2026-03-17 19:00:00,0.9667,0.9673,0.963,0.9632,41424.280032
2026-03-17 20:00:00,0.9634,0.9703,0.9619,0.9702,34878.775171
2026-03-17 21:00:00,0.9701,0.9788,0.9701,0.9744,67479.191618
2026-03-17 22:00:00,0.9744,0.977,0.9686,0.9742,137413.66954
2026-03-17 23:00:00,0.9742,0.9759,0.9686,0.9686,112507.004986
2026-03-18 00:00:00,0.9689,0.9715,0.9605,0.9637,241629.593932
2026-03-18 01:00:00,0.9638,0.9659,0.9594,0.9637,136138.755002
2026-03-18 02:00:00,0.9631,0.9718,0.9622,0.9681,78280.538404
2026-03-18 03:00:00,0.9681,0.9759,0.968,0.9688,96347.753314
2026-03-18 04:00:00,0.9689,0.9695,0.9634,0.9695,68623.732273
2026-03-18 05:00:00,0.9696,0.9767,0.9696,0.9739,197729.453844
2026-03-18 06:00:00,0.9737,0.9788,0.971,0.9721,190651.070158
2026-03-18 07:00:00,0.9716,0.9773,0.9697,0.9766,198881.790895
2026-03-18 08:00:00,0.977,0.9847,0.9746,0.984,215397.983332
2026-03-18 09:00:00,0.9841,0.9876,0.9748,0.9784,260162.791919
2026-03-18 10:00:00,0.9786,0.9801,0.9703,0.9745,277586.98121
2026-03-18 11:00:00,0.9743,0.9759,0.941,0.947,768214.951245
2026-03-18 12:00:00,0.9468,0.9468,0.9228,0.9314,673351.170752
2026-03-18 13:00:00,0.9318,0.9366,0.926,0.931,394540.245495
2026-03-18 14:00:00,0.9312,0.9326,0.9121,0.9144,678126.675432
2026-03-18 15:00:00,0.9147,0.9197,0.902,0.9164,604589.918271
2026-03-18 16:00:00,0.916,0.9161,0.9082,0.91,343344.675
2026-03-18 17:00:00,0.9104,0.9182,0.9033,0.9166,358876.302767
2026-03-18 18:00:00,0.9165,0.9256,0.915,0.9176,220535.254409
2026-03-18 19:00:00,0.9179,0.9238,0.9142,0.9157,121745.055817
2026-03-18 20:00:00,0.9159,0.9245,0.9095,0.9225,117253.080526
2026-03-18 21:00:00,0.9223,0.929,0.9212,0.9262,107495.525846
2026-03-18 22:00:00,0.9261,0.9263,0.9222,0.9237,62905.413403
2026-03-18 23:00:00,0.9238,0.9251,0.9192,0.9247,133709.163248
2026-03-19 00:00:00,0.9248,0.9273,0.9224,0.9229,81161.611254
2026-03-19 01:00:00,0.9234,0.9249,0.9199,0.9215,94399.332571
2026-03-19 02:00:00,0.9209,0.9249,0.917,0.9217,119241.055138
2026-03-19 03:00:00,0.922,0.9379,0.9202,0.9293,149476.954956
2026-03-19 04:00:00,0.9294,0.931,0.9265,0.9276,103961.835305
2026-03-19 05:00:00,0.9275,0.93,0.9188,0.9191,90444.415903
2026-03-19 06:00:00,0.9193,0.9215,0.9151,0.9198,138713.607412
2026-03-19 07:00:00,0.9196,0.9199,0.9042,0.9124,184414.591013
2026-03-19 08:00:00,0.9122,0.9144,0.907,0.9092,243907.025659
2026-03-19 09:00:00,0.9092,0.9167,0.9088,0.9157,97356.323382
2026-03-19 10:00:00,0.9155,0.9164,0.909,0.9093,66941.008642
2026-03-19 11:00:00,0.9092,0.9117,0.9088,0.9099,61395.702526
2026-03-19 12:00:00,0.9093,0.9093,0.895,0.8952,394092.178992
2026-03-19 13:00:00,0.8955,0.8993,0.884,0.8972,589906.971945
2026-03-19 14:00:00,0.8971,0.9002,0.8892,0.8946,160839.108774
2026-03-19 15:00:00,0.8941,0.8968,0.8821,0.8895,311741.088538
2026-03-19 16:00:00,0.8892,0.8892,0.8826,0.8848,154467.110914
2026-03-19 17:00:00,0.8846,0.8904,0.8765,0.8898,222950.637442
2026-03-19 18:00:00,0.8894,0.8894,0.8828,0.8861,49556.596775
2026-03-19 19:00:00,0.8858,0.895,0.8855,0.8885,137642.410753
2026-03-19 20:00:00,0.8883,0.8928,0.8875,0.8892,63949.274352
2026-03-19 21:00:00,0.8891,0.8916,0.8889,0.8914,97755.435446
2026-03-19 22:00:00,0.8912,0.8925,0.8853,0.8903,125940.086501
2026-03-19 23:00:00,0.8904,0.8949,0.8904,0.8948,136832.995734
2026-03-20 00:00:00,0.8949,0.8984,0.891,0.898,80601.040032
2026-03-20 01:00:00,0.8983,0.9059,0.8983,0.9047,110412.746562
2026-03-20 02:00:00,0.9049,0.9063,0.8989,0.9045,126141.757341
2026-03-20 03:00:00,0.9048,0.9072,0.9029,0.9034,63064.794168
2026-03-20 04:00:00,0.9036,0.9075,0.9,0.9061,147778.410676
2026-03-20 05:00:00,0.9062,0.9125,0.9061,0.9096,140352.557232
2026-03-20 06:00:00,0.9096,0.9096,0.9035,0.9038,69029.760119
2026-03-20 07:00:00,0.904,0.904,0.8963,0.8994,99686.233251
2026-03-20 08:00:00,0.8994,0.905,0.8976,0.8991,183927.920911
2026-03-20 09:00:00,0.8991,0.9005,0.8915,0.8992,143461.730758
2026-03-20 10:00:00,0.899,0.9044,0.8971,0.9034,90695.892497
2026-03-20 11:00:00,0.9033,0.9088,0.8969,0.8998,87727.66157
2026-03-20 12:00:00,0.8997,0.9047,0.8964,0.8973,84213.107192
2026-03-20 13:00:00,0.8974,0.904,0.8953,0.8964,139664.834936
2026-03-20 14:00:00,0.8966,0.9058,0.8935,0.8952,212937.775882
2026-03-20 15:00:00,0.8958,0.9042,0.8921,0.904,175650.002259
2026-03-20 16:00:00,0.9039,0.9069,0.9007,0.9056,101470.89949
2026-03-20 17:00:00,0.9053,0.9114,0.9025,0.9114,143356.290716
2026-03-20 18:00:00,0.9115,0.9155,0.8969,0.8987,130983.010919
2026-03-20 19:00:00,0.8987,0.9012,0.8889,0.8997,190709.453564
2026-03-20 20:00:00,0.8999,0.9006,0.8918,0.8974,129651.203686
2026-03-20 21:00:00,0.8977,0.906,0.8926,0.902,134195.637154
2026-03-20 22:00:00,0.9024,0.9097,0.9024,0.9042,86319.235052
2026-03-20 23:00:00,0.9042,0.9043,0.8983,0.9008,98265.013452
2026-03-21 00:00:00,0.901,0.9049,0.9006,0.903,94898.588631
2026-03-21 01:00:00,0.903,0.9059,0.8988,0.8994,223714.622936
2026-03-21 02:00:00,0.8992,0.905,0.8976,0.9039,80012.244537
2026-03-21 03:00:00,0.9041,0.9041,0.9009,0.9021,64721.378798
2026-03-21 04:00:00,0.902,0.905,0.901,0.9015,94662.999266
2026-03-21 05:00:00,0.9015,0.9075,0.9015,0.9049,94397.84447
2026-03-21 06:00:00,0.9047,0.9119,0.9037,0.9091,119783.681022
2026-03-21 07:00:00,0.9092,0.9101,0.904,0.9042,77073.948685
2026-03-21 08:00:00,0.9046,0.9077,0.9035,0.9075,46862.387107
2026-03-21 09:00:00,0.9075,0.9101,0.9023,0.9031,76008.133344
2026-03-21 10:00:00,0.9029,0.9035,0.8987,0.9016,95852.126039
2026-03-21 11:00:00,0.9016,0.9137,0.9007,0.9082,229289.687422
2026-03-21 12:00:00,0.9078,0.9116,0.9078,0.9089,138237.078729
2026-03-21 13:00:00,0.9093,0.9193,0.909,0.9136,266215.458414
2026-03-21 14:00:00,0.9138,0.9338,0.9131,0.9228,1043700.927279
2026-03-21 15:00:00,0.9229,0.9753,0.9229,0.971,1506839.850216
2026-03-21 16:00:00,0.9714,0.9747,0.9537,0.9586,1022426.487438
2026-03-21 17:00:00,0.959,0.961,0.9451,0.9582,551176.351648
2026-03-21 18:00:00,0.9578,0.9593,0.9495,0.9496,134564.235287
2026-03-21 19:00:00,0.9496,0.9498,0.927,0.9322,619483.910813
2026-03-21 20:00:00,0.9321,0.9374,0.9299,0.9355,269247.988372
2026-03-21 21:00:00,0.9356,0.9362,0.9295,0.9316,166059.69646
2026-03-21 22:00:00,0.9315,0.9317,0.9183,0.9219,400354.205295
2026-03-21 23:00:00,0.9218,0.9237,0.8701,0.8818,2310771.574431
2026-03-22 00:00:00,0.8814,0.89,0.8604,0.8826,959032.327068
2026-03-22 01:00:00,0.8825,0.889,0.8819,0.8874,560594.310844
2026-03-22 02:00:00,0.8875,0.8927,0.8846,0.8869,209616.817773
2026-03-22 03:00:00,0.8867,0.8915,0.8834,0.8855,196476.566533
2026-03-22 04:00:00,0.8849,0.89,0.8837,0.8869,242238.772901
2026-03-22 05:00:00,0.8869,0.8877,0.8808,0.8828,233084.329065
2026-03-22 06:00:00,0.8828,0.8843,0.879,0.8835,241353.487478
2026-03-22 07:00:00,0.8835,0.886,0.8804,0.8804,92814.662901
2026-03-22 08:00:00,0.8805,0.8827,0.8708,0.879,439608.64747
2026-03-22 09:00:00,0.8789,0.8813,0.8752,0.8801,187805.190591
2026-03-22 10:00:00,0.8801,0.8808,0.874,0.8741,153565.595296
2026-03-22 11:00:00,0.8741,0.8762,0.871,0.871,179180.175059
2026-03-22 12:00:00,0.8712,0.8823,0.8712,0.8766,193289.394734
2026-03-22 13:00:00,0.8768,0.8801,0.8741,0.8778,208109.568254
2026-03-22 14:00:00,0.8778,0.88,0.8723,0.8731,107519.997342
2026-03-22 15:00:00,0.8733,0.8762,0.8722,0.8755,166922.217265
2026-03-22 16:00:00,0.8755,0.8804,0.8746,0.8765,98196.05466
2026-03-22 17:00:00,0.8762,0.8775,0.8737,0.8743,91773.627855
2026-03-22 18:00:00,0.8741,0.8747,0.8643,0.8696,290442.26484
2026-03-22 19:00:00,0.8696,0.8699,0.863,0.8656,122569.631607
2026-03-22 20:00:00,0.866,0.8702,0.8636,0.8655,161828.23994
2026-03-22 21:00:00,0.8658,0.8673,0.8375,0.8512,1235388.994393
2026-03-22 22:00:00,0.8512,0.8523,0.8443,0.8487,534691.815806
2026-03-22 23:00:00,0.8491,0.8525,0.8451,0.8482,290873.999523
2026-03-23 00:00:00,0.8486,0.8544,0.8428,0.8524,406621.317269
2026-03-23 01:00:00,0.8524,0.8576,0.8501,0.8541,221184.184241
2026-03-23 02:00:00,0.8542,0.8653,0.8517,0.8613,296987.86908
2026-03-23 03:00:00,0.8612,0.8665,0.8586,0.8588,141679.080266
2026-03-23 04:00:00,0.8587,0.8671,0.8587,0.8662,107782.806457
2026-03-23 05:00:00,0.8661,0.8668,0.8596,0.8615,138532.831664
2026-03-23 06:00:00,0.8614,0.8614,0.845,0.8471,431369.092188
2026-03-23 07:00:00,0.8472,0.8519,0.838,0.8484,325312.838878
2026-03-23 08:00:00,0.8486,0.8537,0.8485,0.8497,127871.631388
2026-03-23 09:00:00,0.8495,0.857,0.8469,0.8568,120702.683792
2026-03-23 10:00:00,0.857,0.8642,0.8536,0.8566,175869.050931
2026-03-23 11:00:00,0.8566,0.9013,0.8565,0.885,1956041.294508
2026-03-23 12:00:00,0.8851,0.895,0.8815,0.8931,498666.087415
2026-03-23 13:00:00,0.8935,0.9075,0.8874,0.9034,554730.439397
2026-03-23 14:00:00,0.9033,0.9065,0.8955,0.9026,370286.998586
2026-03-23 15:00:00,0.9026,0.9132,0.8937,0.8962,610973.617084
2026-03-23 16:00:00,0.8965,0.9109,0.8932,0.9087,427747.906787
2026-03-23 17:00:00,0.9092,0.9115,0.9011,0.909,240960.5478
2026-03-23 18:00:00,0.909,0.9331,0.909,0.9304,668044.027516
2026-03-23 19:00:00,0.9303,0.9305,0.92,0.9211,345808.032407
2026-03-23 20:00:00,0.9211,0.9423,0.9181,0.9342,732331.864296
2026-03-23 21:00:00,0.9343,0.9382,0.9311,0.9344,290672.386837
2026-03-23 22:00:00,0.9346,0.9352,0.9221,0.9237,299192.360566
2026-03-23 23:00:00,0.9232,0.9262,0.9148,0.9227,358999.495556
2026-03-24 00:00:00,0.9228,0.9262,0.9101,0.9206,379725.752856
2026-03-24 01:00:00,0.9208,0.9253,0.9122,0.9203,221835.326963
2026-03-24 02:00:00,0.9205,0.9322,0.9155,0.9187,487631.540749
2026-03-24 03:00:00,0.9185,0.9285,0.9167,0.9274,170287.375557
2026-03-24 04:00:00,0.9271,0.928,0.9208,0.9242,161993.521855
2026-03-24 05:00:00,0.924,0.9326,0.9217,0.9311,369376.411384
2026-03-24 06:00:00,0.9312,0.9482,0.922,0.9251,1164977.375622
2026-03-24 07:00:00,0.9253,0.9318,0.918,0.925,227887.770946
2026-03-24 08:00:00,0.9249,0.9296,0.921,0.9234,388402.271915
2026-03-24 09:00:00,0.9232,0.9264,0.915,0.9191,162092.740394
2026-03-24 10:00:00,0.919,0.9193,0.914,0.9154,119334.250295
2026-03-24 11:00:00,0.9153,0.9155,0.9039,0.914,380965.789099
2026-03-24 12:00:00,0.9139,0.9167,0.9088,0.9138,164153.25611
2026-03-24 13:00:00,0.9137,0.922,0.9105,0.9177,259879.024107
2026-03-24 14:00:00,0.9179,0.9268,0.9114,0.9236,411669.584287
2026-03-24 15:00:00,0.9234,0.9266,0.9117,0.9131,265540.765121
2026-03-24 16:00:00,0.9135,0.9187,0.9061,0.91,434004.233089
2026-03-24 17:00:00,0.9101,0.9111,0.9027,0.9071,256764.6133
2026-03-24 18:00:00,0.9072,0.9145,0.9042,0.9105,136698.686671
2026-03-24 19:00:00,0.9112,0.9239,0.9112,0.9178,260674.416798
2026-03-24 20:00:00,0.9181,0.9387,0.9172,0.9321,351172.974021
2026-03-24 21:00:00,0.9329,0.9364,0.9267,0.9343,183898.505995
2026-03-24 22:00:00,0.9342,0.9348,0.9218,0.9258,191030.302213
2026-03-24 23:00:00,0.9257,0.9294,0.9236,0.9239,120366.597181
2026-03-25 00:00:00,0.9239,0.9279,0.9176,0.9215,271036.977894
2026-03-25 01:00:00,0.9213,0.9281,0.9199,0.9237,130812.529746
2026-03-25 02:00:00,0.9235,0.9278,0.9211,0.9216,134680.602105
2026-03-25 03:00:00,0.9219,0.9225,0.9156,0.9186,118083.984381
2026-03-25 04:00:00,0.918,0.9186,0.913,0.916,135697.941672
2026-03-25 05:00:00,0.9155,0.9195,0.9132,0.9178,155611.218019
2026-03-25 06:00:00,0.918,0.9183,0.9116,0.9132,200380.216599
2026-03-25 07:00:00,0.9135,0.9199,0.9128,0.9153,71149.318697
2026-03-25 08:00:00,0.916,0.9264,0.9147,0.9176,289175.045343
2026-03-25 09:00:00,0.9173,0.922,0.9147,0.9202,69301.022015
2026-03-25 10:00:00,0.9204,0.9347,0.9193,0.9311,450576.052234
2026-03-25 11:00:00,0.931,0.9361,0.9273,0.9355,411955.558396
2026-03-25 12:00:00,0.9355,0.9383,0.926,0.9335,456368.695063
2026-03-25 13:00:00,0.9338,0.9364,0.9301,0.9316,164077.378404
2026-03-25 14:00:00,0.9316,0.938,0.9302,0.9358,324437.943655
2026-03-25 15:00:00,0.9357,0.9375,0.925,0.9303,444846.081136
2026-03-25 16:00:00,0.9305,0.9384,0.9276,0.9319,260673.814595
2026-03-25 17:00:00,0.9319,0.9382,0.9313,0.9343,113608.15445
2026-03-25 18:00:00,0.9343,0.9362,0.9284,0.93,82708.313068
2026-03-25 19:00:00,0.9301,0.934,0.9269,0.9307,146173.533887
2026-03-25 20:00:00,0.9312,0.9337,0.9238,0.9289,134558.408071
2026-03-25 21:00:00,0.9288,0.934,0.9275,0.932,89447.472379
2026-03-25 22:00:00,0.932,0.9368,0.9297,0.9325,110043.393264
2026-03-25 23:00:00,0.9322,0.9327,0.9258,0.928,77605.956485
2026-03-26 00:00:00,0.9285,0.9322,0.9249,0.9257,80095.397436
2026-03-26 01:00:00,0.9257,0.929,0.9152,0.9181,292131.108237
2026-03-26 02:00:00,0.9182,0.9184,0.91,0.9159,262120.256049
2026-03-26 03:00:00,0.9159,0.9159,0.9075,0.9103,115143.164748
2026-03-26 04:00:00,0.9105,0.9132,0.907,0.9126,134479.005369
2026-03-26 05:00:00,0.9127,0.9133,0.9033,0.9057,272146.547367
2026-03-26 06:00:00,0.9057,0.9089,0.9,0.9026,160363.816367
2026-03-26 07:00:00,0.9026,0.9057,0.9002,0.9017,170293.52202
2026-03-26 08:00:00,0.9017,0.9017,0.8964,0.9005,211845.95255
2026-03-26 09:00:00,0.9006,0.9051,0.8915,0.894,342663.830175
2026-03-26 10:00:00,0.8938,0.8938,0.8878,0.8896,236475.158294
2026-03-26 11:00:00,0.8899,0.8906,0.8843,0.8862,213099.411965
2026-03-26 12:00:00,0.8862,0.899,0.8847,0.8955,338625.828573
2026-03-26 13:00:00,0.895,0.9019,0.892,0.8979,268993.76465
2026-03-26 14:00:00,0.898,0.8984,0.8858,0.8896,314729.458024
2026-03-26 15:00:00,0.8895,0.8895,0.8799,0.884,278633.470357
2026-03-26 16:00:00,0.8839,0.8867,0.8818,0.882,69273.149472
2026-03-26 17:00:00,0.8819,0.8851,0.8787,0.8807,174138.714331
2026-03-26 18:00:00,0.8805,0.8829,0.8671,0.87,446902.138447
2026-03-26 19:00:00,0.87,0.8702,0.8638,0.865,131173.244392
2026-03-26 20:00:00,0.8641,0.881,0.8615,0.8703,521722.118413
2026-03-26 21:00:00,0.8703,0.8749,0.8682,0.8696,148939.972499
2026-03-26 22:00:00,0.8694,0.8719,0.8656,0.8693,162200.401814
2026-03-26 23:00:00,0.8694,0.8699,0.865,0.8699,196279.267156
2026-03-27 00:00:00,0.8697,0.8729,0.8677,0.8722,149876.020457
2026-03-27 01:00:00,0.8721,0.8779,0.872,0.8772,124917.013046
2026-03-27 02:00:00,0.8771,0.8778,0.8726,0.8729,128073.844718
2026-03-27 03:00:00,0.8729,0.8735,0.8678,0.8706,133601.167004
2026-03-27 04:00:00,0.8706,0.8772,0.8642,0.8717,175372.230518
2026-03-27 05:00:00,0.8717,0.872,0.8675,0.8687,140243.598682
2026-03-27 06:00:00,0.8686,0.8738,0.8665,0.8738,252022.542239
2026-03-27 07:00:00,0.8729,0.8779,0.8725,0.8776,312940.529402
2026-03-27 08:00:00,0.8775,0.8803,0.8625,0.8679,441171.60248
2026-03-27 09:00:00,0.8681,0.8681,0.8555,0.8614,422143.723956
2026-03-27 10:00:00,0.8614,0.8628,0.8331,0.8378,1365250.419942
2026-03-27 11:00:00,0.838,0.8442,0.8321,0.8417,411559.49339
2026-03-27 12:00:00,0.8418,0.8427,0.8377,0.8422,470660.682796
2026-03-27 13:00:00,0.8422,0.843,0.8323,0.8371,514097.649267
2026-03-27 14:00:00,0.837,0.8406,0.8314,0.8368,237075.613375
2026-03-27 15:00:00,0.8368,0.8401,0.8323,0.8334,320646.301228
2026-03-27 16:00:00,0.8333,0.8413,0.8312,0.8384,168213.301178
2026-03-27 17:00:00,0.8389,0.8436,0.8328,0.8376,161523.597534
2026-03-27 18:00:00,0.8375,0.8399,0.8338,0.835,94116.502206
2026-03-27 19:00:00,0.8356,0.8396,0.8317,0.8389,95707.485047
2026-03-27 20:00:00,0.8389,0.84,0.8329,0.8358,213896.05868
2026-03-27 21:00:00,0.8358,0.8381,0.8332,0.8339,151669.406476
2026-03-27 22:00:00,0.834,0.8367,0.8329,0.8354,84543.309049
2026-03-27 23:00:00,0.8353,0.8417,0.8331,0.8391,119028.771425
2026-03-28 00:00:00,0.8393,0.8415,0.8382,0.8385,84378.901469
2026-03-28 01:00:00,0.8383,0.8385,0.8201,0.8286,645751.177908
2026-03-28 02:00:00,0.8287,0.832,0.823,0.8254,183942.753938
2026-03-28 03:00:00,0.8255,0.8279,0.8244,0.8259,131172.872791
2026-03-28 04:00:00,0.8258,0.8263,0.8157,0.8217,309856.110625
2026-03-28 05:00:00,0.8218,0.825,0.8198,0.8214,122535.266852
2026-03-28 06:00:00,0.8213,0.8249,0.817,0.8232,219374.126641
2026-03-28 07:00:00,0.8231,0.83,0.8228,0.83,179562.133398
2026-03-28 08:00:00,0.83,0.8308,0.8263,0.8277,208070.084825
2026-03-28 09:00:00,0.8279,0.828,0.818,0.8211,205367.331922
2026-03-28 10:00:00,0.8208,0.8245,0.8184,0.822,202362.764268
2026-03-28 11:00:00,0.822,0.8257,0.8203,0.8237,191251.895573
2026-03-28 12:00:00,0.8238,0.8254,0.8203,0.8231,113823.427235
2026-03-28 13:00:00,0.8229,0.842,0.8219,0.8338,526554.909459
2026-03-28 14:00:00,0.8338,0.8339,0.825,0.8266,231405.425207
2026-03-28 15:00:00,0.8268,0.8318,0.8194,0.8208,336375.755642
2026-03-28 16:00:00,0.8209,0.8295,0.8186,0.8295,225825.408638
2026-03-28 17:00:00,0.8286,0.8287,0.8204,0.8242,145284.740248
2026-03-28 18:00:00,0.8243,0.8285,0.8224,0.8263,126620.294345
2026-03-28 19:00:00,0.8262,0.8266,0.8212,0.8239,32346.546796
2026-03-28 20:00:00,0.8238,0.8272,0.8236,0.8259,35625.429725
2026-03-28 21:00:00,0.826,0.826,0.7927,0.8036,984595.267019
2026-03-28 22:00:00,0.8034,0.8133,0.8032,0.8082,624368.798086
2026-03-28 23:00:00,0.8083,0.8089,0.7935,0.8008,447876.099095
2026-03-29 00:00:00,0.8011,0.805,0.7979,0.8006,131879.973601
2026-03-29 01:00:00,0.8005,0.8094,0.8005,0.8061,115412.74903
2026-03-29 02:00:00,0.8063,0.8116,0.8054,0.8093,114017.759119
2026-03-29 03:00:00,0.8099,0.8182,0.8098,0.8135,155132.40715
2026-03-29 04:00:00,0.8139,0.814,0.809,0.8105,62497.522367
2026-03-29 05:00:00,0.8105,0.814,0.8076,0.8115,139538.332467
2026-03-29 06:00:00,0.8115,0.8136,0.8095,0.8115,95530.099657
2026-03-29 07:00:00,0.8111,0.8111,0.8082,0.8099,89927.619607
2026-03-29 08:00:00,0.8091,0.8133,0.8091,0.8127,60281.834681
2026-03-29 09:00:00,0.8127,0.8159,0.812,0.8122,108128.772065
2026-03-29 10:00:00,0.8121,0.8121,0.805,0.809,127523.503612
2026-03-29 11:00:00,0.8089,0.8138,0.8087,0.8112,66797.118269
2026-03-29 12:00:00,0.8112,0.8115,0.8015,0.805,108311.002858
2026-03-29 13:00:00,0.805,0.8056,0.7994,0.8013,133192.428199
2026-03-29 14:00:00,0.8012,0.807,0.7995,0.8043,148994.559388
2026-03-29 15:00:00,0.8046,0.8067,0.8007,0.8039,163928.407386
2026-03-29 16:00:00,0.8037,0.8074,0.8014,0.8034,158168.148327
2026-03-29 17:00:00,0.8036,0.805,0.7976,0.8028,122651.20052
2026-03-29 18:00:00,0.8029,0.8058,0.8005,0.8047,86784.867509
2026-03-29 19:00:00,0.8048,0.8071,0.8038,0.8061,30221.26206
2026-03-29 20:00:00,0.8061,0.8124,0.806,0.8123,95285.595632
2026-03-29 21:00:00,0.8125,0.814,0.8113,0.8134,88187.799751
2026-03-29 22:00:00,0.8133,0.8133,0.7732,0.7981,945993.818564
2026-03-29 23:00:00,0.7982,0.8033,0.7949,0.8014,191309.985652
2026-03-30 00:00:00,0.8015,0.819,0.8004,0.8069,256870.983883
2026-03-30 01:00:00,0.8067,0.8135,0.8067,0.8133,151007.72234
2026-03-30 02:00:00,0.8134,0.8252,0.8132,0.8189,212943.854107
2026-03-30 03:00:00,0.819,0.8248,0.8163,0.8233,149591.541119
2026-03-30 04:00:00,0.8233,0.8365,0.8233,0.8321,455153.558891
2026-03-30 05:00:00,0.8319,0.8437,0.8317,0.8396,394090.474759
2026-03-30 06:00:00,0.8398,0.8493,0.8351,0.8429,472365.514423
2026-03-30 07:00:00,0.8429,0.8594,0.8419,0.8558,586883.408594
2026-03-30 08:00:00,0.8563,0.8636,0.8515,0.8573,536815.857484
2026-03-30 09:00:00,0.8572,0.8578,0.8444,0.8457,362483.879728
2026-03-30 10:00:00,0.8457,0.8478,0.8386,0.846,671522.323513
2026-03-30 11:00:00,0.8458,0.8547,0.8427,0.8454,283317.505317
2026-03-30 12:00:00,0.8455,0.8485,0.8412,0.8429,132686.525088
2026-03-30 13:00:00,0.843,0.8462,0.8376,0.8385,265596.006175
2026-03-30 14:00:00,0.8386,0.8412,0.825,0.8353,713423.002959
2026-03-30 15:00:00,0.8352,0.8362,0.8267,0.8303,277022.188122
2026-03-30 16:00:00,0.8308,0.8318,0.827,0.8301,313540.258728
2026-03-30 17:00:00,0.8305,0.8318,0.82,0.8231,247111.536926
2026-03-30 18:00:00,0.8233,0.8235,0.8156,0.817,166069.051995
2026-03-30 19:00:00,0.8168,0.8168,0.8105,0.8158,142070.5121
2026-03-30 20:00:00,0.8157,0.8158,0.8123,0.8149,134551.849417
2026-03-30 21:00:00,0.8144,0.8237,0.8144,0.821,279874.74461
2026-03-30 22:00:00,0.821,0.8218,0.8176,0.8182,93752.343551
2026-03-30 23:00:00,0.8181,0.8181,0.8109,0.8162,117363.377388
2026-03-31 00:00:00,0.8163,0.8197,0.8127,0.8185,216119.494594
2026-03-31 01:00:00,0.8186,0.8354,0.8176,0.8298,317739.982856
2026-03-31 02:00:00,0.8296,0.8323,0.8277,0.831,119014.690315
2026-03-31 03:00:00,0.8309,0.8309,0.8249,0.828,174849.96835
2026-03-31 04:00:00,0.8282,0.832,0.8267,0.8279,173720.748476
2026-03-31 05:00:00,0.8274,0.8319,0.826,0.8309,128221.266889
2026-03-31 06:00:00,0.8311,0.8399,0.8282,0.8384,260945.160734
2026-03-31 07:00:00,0.8388,0.8432,0.8336,0.8422,430162.026317
2026-03-31 08:00:00,0.8423,0.8436,0.8259,0.8279,513497.730581
2026-03-31 09:00:00,0.8276,0.8303,0.8181,0.8208,361594.262349
2026-03-31 10:00:00,0.8213,0.8248,0.8175,0.8185,286928.356017
2026-03-31 11:00:00,0.8183,0.8305,0.8153,0.8289,237721.895728
2026-03-31 12:00:00,0.829,0.8323,0.8222,0.8241,281457.444258
2026-03-31 13:00:00,0.8243,0.835,0.8239,0.8306,252524.380759
2026-03-31 14:00:00,0.8302,0.8367,0.8193,0.8239,268257.239137
2026-03-31 15:00:00,0.8241,0.8332,0.819,0.8193,315513.561839
2026-03-31 16:00:00,0.8193,0.8355,0.819,0.8336,314028.20261
2026-03-31 17:00:00,0.834,0.8414,0.8278,0.8297,202483.524152
2026-03-31 18:00:00,0.8303,0.8361,0.8296,0.8326,91491.312707
2026-03-31 19:00:00,0.833,0.835,0.8313,0.8338,86857.237685
2026-03-31 20:00:00,0.8343,0.8377,0.8324,0.8352,128156.154427
2026-03-31 21:00:00,0.8354,0.8354,0.8303,0.8322,128357.722865
2026-03-31 22:00:00,0.8323,0.8327,0.826,0.8297,89889.897728
2026-03-31 23:00:00,0.8289,0.8327,0.826,0.8324,144972.643933
2026-04-01 00:00:00,0.8323,0.834,0.8282,0.8327,63336.202319
2026-04-01 01:00:00,0.8326,0.8333,0.8222,0.8248,131862.385546
2026-04-01 02:00:00,0.8248,0.8274,0.8228,0.8258,74953.64287
2026-04-01 03:00:00,0.8259,0.8355,0.8259,0.8332,149320.98909
2026-04-01 04:00:00,0.8331,0.8353,0.8302,0.8335,117691.093391
2026-04-01 05:00:00,0.8335,0.8407,0.8314,0.8382,204414.124781
2026-04-01 06:00:00,0.8387,0.848,0.8382,0.8465,323478.858222
2026-04-01 07:00:00,0.8468,0.851,0.844,0.8465,219242.416924
2026-04-01 08:00:00,0.847,0.8513,0.8455,0.8461,335933.547422
2026-04-01 09:00:00,0.846,0.8473,0.84,0.8418,157850.78328
2026-04-01 10:00:00,0.8419,0.8431,0.8358,0.84,184258.049183
2026-04-01 11:00:00,0.8403,0.8437,0.8369,0.8427,118851.963853
2026-04-01 12:00:00,0.8427,0.8568,0.8416,0.846,358003.222659
2026-04-01 13:00:00,0.8464,0.8486,0.8375,0.8437,156361.222951
2026-04-01 14:00:00,0.8433,0.8513,0.8433,0.8496,112039.597646
2026-04-01 15:00:00,0.85,0.8505,0.8447,0.8488,165399.928212
2026-04-01 16:00:00,0.8488,0.8515,0.8452,0.8486,95432.901486
2026-04-01 17:00:00,0.8485,0.8536,0.8442,0.8453,121541.20611
2026-04-01 18:00:00,0.8455,0.8483,0.8413,0.8418,67579.546787
2026-04-01 19:00:00,0.842,0.8434,0.8388,0.8413,45258.736504
2026-04-01 20:00:00,0.8416,0.8426,0.8377,0.841,202765.062264
2026-04-01 21:00:00,0.8407,0.847,0.8404,0.8465,82551.559269
2026-04-01 22:00:00,0.8466,0.8467,0.8374,0.8376,91019.728879
2026-04-01 23:00:00,0.8375,0.8376,0.8347,0.8374,102451.528974
2026-04-02 00:00:00,0.8374,0.8447,0.8369,0.8419,89880.908772
2026-04-02 01:00:00,0.8426,0.8426,0.815,0.8226,649899.064959
2026-04-02 02:00:00,0.8223,0.8228,0.8082,0.8159,318704.199917
2026-04-02 03:00:00,0.8158,0.82,0.8056,0.8126,303051.198714
2026-04-02 04:00:00,0.8127,0.8151,0.8089,0.8098,133682.302098
2026-04-02 05:00:00,0.81,0.8119,0.8042,0.81,273975.206504
2026-04-02 06:00:00,0.81,0.8166,0.8092,0.8154,89253.076133
2026-04-02 07:00:00,0.8155,0.8208,0.814,0.8207,127909.307091
2026-04-02 08:00:00,0.8208,0.8216,0.8101,0.8101,151791.288666
2026-04-02 09:00:00,0.8103,0.8155,0.8083,0.8117,141042.372693
2026-04-02 10:00:00,0.8117,0.8123,0.8074,0.8123,104410.767621
2026-04-02 11:00:00,0.8125,0.8135,0.8067,0.8128,98619.06042
2026-04-02 12:00:00,0.8124,0.8124,0.8055,0.8079,115542.537652
2026-04-02 13:00:00,0.8076,0.8086,0.7983,0.8065,400802.345239
2026-04-02 14:00:00,0.8063,0.8222,0.805,0.8202,331072.395376
2026-04-02 15:00:00,0.8204,0.8204,0.8101,0.8123,133189.713837
2026-04-02 16:00:00,0.8119,0.8179,0.8084,0.8132,148779.940991
2026-04-02 17:00:00,0.8132,0.8211,0.8096,0.8101,139208.396685
2026-04-02 18:00:00,0.8104,0.8244,0.8101,0.8214,129834.214136
2026-04-02 19:00:00,0.8217,0.8218,0.8136,0.8187,115242.184095
2026-04-02 20:00:00,0.8187,0.8261,0.8168,0.822,66944.101166
2026-04-02 21:00:00,0.822,0.8226,0.8155,0.8184,83581.614435
2026-04-02 22:00:00,0.8183,0.8194,0.8138,0.8147,55544.569807
2026-04-02 23:00:00,0.8142,0.8171,0.8129,0.8167,126372.745507
2026-04-03 00:00:00,0.8168,0.8198,0.8168,0.8198,105602.240468
2026-04-03 01:00:00,0.8197,0.8235,0.8171,0.8204,160790.236055
2026-04-03 02:00:00,0.8203,0.8251,0.8176,0.8243,150878.72095
2026-04-03 03:00:00,0.8247,0.8376,0.8233,0.8319,303885.166671
2026-04-03 04:00:00,0.8321,0.8374,0.8292,0.8357,178165.47503
2026-04-03 05:00:00,0.8359,0.845,0.8332,0.8398,217016.470481
2026-04-03 06:00:00,0.8397,0.848,0.838,0.8429,303945.156263
2026-04-03 07:00:00,0.8426,0.8437,0.8372,0.8406,152184.928962
2026-04-03 08:00:00,0.8408,0.8451,0.8397,0.8427,152086.282302
2026-04-03 09:00:00,0.8428,0.8469,0.842,0.8438,239557.308168
2026-04-03 10:00:00,0.8438,0.8462,0.8391,0.843,121701.87161
2026-04-03 11:00:00,0.8431,0.8541,0.8427,0.8503,314308.334594
2026-04-03 12:00:00,0.8505,0.8542,0.8413,0.845,353031.936066
2026-04-03 13:00:00,0.845,0.8458,0.8371,0.8394,144280.435464
2026-04-03 14:00:00,0.8397,0.8446,0.837,0.8439,259911.986661
2026-04-03 15:00:00,0.8436,0.8457,0.8382,0.8394,95614.79548
2026-04-03 16:00:00,0.8389,0.8416,0.8376,0.8399,103408.170167
2026-04-03 17:00:00,0.8397,0.8401,0.8353,0.8374,93938.498735
2026-04-03 18:00:00,0.8373,0.8422,0.8367,0.8392,68832.703526
2026-04-03 19:00:00,0.8389,0.8389,0.8354,0.8377,49187.047801
2026-04-03 20:00:00,0.8376,0.84,0.8375,0.8384,29530.706338
2026-04-03 21:00:00,0.8387,0.8429,0.8387,0.8401,56853.431643
2026-04-03 22:00:00,0.8405,0.8406,0.8374,0.8383,62749.831376
2026-04-03 23:00:00,0.8383,0.8388,0.832,0.8353,149223.495471
2026-04-04 00:00:00,0.8354,0.836,0.8331,0.8354,61630.646495
2026-04-04 01:00:00,0.8354,0.8393,0.8344,0.839,73005.156277
2026-04-04 02:00:00,0.8389,0.8406,0.8345,0.8351,42070.616796
2026-04-04 03:00:00,0.8352,0.8405,0.8352,0.8395,27260.244231
2026-04-04 04:00:00,0.8394,0.8412,0.8386,0.84,50628.104256
2026-04-04 05:00:00,0.8399,0.8437,0.8384,0.8389,136324.100123
2026-04-04 06:00:00,0.8384,0.8459,0.8381,0.8446,86313.12369
2026-04-04 07:00:00,0.8445,0.8461,0.8418,0.8436,130371.257004
2026-04-04 08:00:00,0.8436,0.8442,0.8399,0.8403,163363.44529
2026-04-04 09:00:00,0.8404,0.8404,0.8354,0.8354,66542.121115
2026-04-04 10:00:00,0.8353,0.8375,0.8325,0.8367,60862.186215
2026-04-04 11:00:00,0.8366,0.8425,0.8357,0.8405,127122.044685
2026-04-04 12:00:00,0.8403,0.8458,0.839,0.8428,186327.651108
2026-04-04 13:00:00,0.8425,0.8454,0.8393,0.8393,73446.308211
2026-04-04 14:00:00,0.839,0.8424,0.8379,0.8417,65779.210532
2026-04-04 15:00:00,0.8418,0.8447,0.839,0.8397,94422.71389
2026-04-04 16:00:00,0.8397,0.8427,0.8387,0.8389,49399.764796
2026-04-04 17:00:00,0.8387,0.8513,0.8383,0.8481,139887.311825
2026-04-04 18:00:00,0.848,0.8501,0.845,0.8474,41130.054697
2026-04-04 19:00:00,0.8473,0.8549,0.8421,0.8451,108468.846889
2026-04-04 20:00:00,0.8453,0.8455,0.8422,0.8422,14094.628715
2026-04-04 21:00:00,0.842,0.8429,0.8397,0.8418,66825.801673
2026-04-04 22:00:00,0.8414,0.8428,0.8378,0.8388,105448.638105
2026-04-04 23:00:00,0.8387,0.8387,0.8336,0.8386,92075.621032
2026-04-05 00:00:00,0.8388,0.8394,0.8351,0.8365,58284.898085
2026-04-05 01:00:00,0.8364,0.8367,0.8302,0.8337,136296.476468
2026-04-05 02:00:00,0.8335,0.8335,0.8302,0.8319,75085.709167
2026-04-05 03:00:00,0.8314,0.8331,0.8306,0.8329,62630.410572
2026-04-05 04:00:00,0.8329,0.8341,0.8308,0.8312,64145.947165
2026-04-05 05:00:00,0.8312,0.8334,0.8225,0.824,324296.337591
2026-04-05 06:00:00,0.8239,0.8239,0.8166,0.821,286982.234478
2026-04-05 07:00:00,0.821,0.8226,0.8172,0.8188,115213.681469
2026-04-05 08:00:00,0.8187,0.821,0.8179,0.8209,51699.513654
2026-04-05 09:00:00,0.8209,0.8214,0.8181,0.819,71516.277287
2026-04-05 10:00:00,0.819,0.8223,0.8166,0.8168,112324.07684
2026-04-05 11:00:00,0.8166,0.8227,0.8139,0.8226,88769.39037
2026-04-05 12:00:00,0.8225,0.8243,0.816,0.8188,130973.005438
2026-04-05 13:00:00,0.8184,0.8216,0.8125,0.8216,107782.937438
2026-04-05 14:00:00,0.8215,0.8246,0.8196,0.8225,54781.726498
2026-04-05 15:00:00,0.8221,0.8312,0.8195,0.8247,142674.627193
2026-04-05 16:00:00,0.8244,0.8265,0.8193,0.8193,45911.605448
2026-04-05 17:00:00,0.8195,0.8227,0.8183,0.8216,81965.219068
2026-04-05 18:00:00,0.8215,0.8239,0.8201,0.8221,85144.306552
2026-04-05 19:00:00,0.8222,0.8257,0.8192,0.8224,62965.087525
2026-04-05 20:00:00,0.8225,0.8261,0.8225,0.8241,67545.025675
2026-04-05 21:00:00,0.8244,0.8272,0.8199,0.8241,104574.189323
2026-04-05 22:00:00,0.8244,0.8388,0.8212,0.8379,194769.855924
2026-04-05 23:00:00,0.8385,0.855,0.8375,0.8441,861586.477043
2026-04-06 00:00:00,0.844,0.8527,0.841,0.8455,231091.189723
2026-04-06 01:00:00,0.8448,0.8461,0.8403,0.8411,211690.157552
2026-04-06 02:00:00,0.8413,0.8579,0.8413,0.8571,376365.581364
2026-04-06 03:00:00,0.8573,0.8593,0.8489,0.8506,287622.536246
2026-04-06 04:00:00,0.8508,0.855,0.8474,0.8532,86143.413955
2026-04-06 05:00:00,0.8531,0.8554,0.8523,0.8532,73375.418194
2026-04-06 06:00:00,0.8532,0.856,0.8468,0.8534,268076.768255
2026-04-06 07:00:00,0.8531,0.8549,0.8493,0.8528,145100.99432
2026-04-06 08:00:00,0.8533,0.8636,0.8533,0.8618,267975.577152
2026-04-06 09:00:00,0.8617,0.8782,0.8612,0.8746,728802.565429
2026-04-06 10:00:00,0.8746,0.8895,0.8746,0.8817,1083419.664148
2026-04-06 11:00:00,0.8816,0.8989,0.8816,0.8949,513706.90847
2026-04-06 12:00:00,0.8946,0.9078,0.8936,0.9031,970770.486575
2026-04-06 13:00:00,0.903,0.9033,0.8867,0.8895,561866.013572
2026-04-06 14:00:00,0.8894,0.8921,0.8754,0.8837,615813.489625
2026-04-06 15:00:00,0.8836,0.8877,0.8798,0.8875,214848.775786
2026-04-06 16:00:00,0.8876,0.8876,0.8781,0.8797,223398.899085
2026-04-06 17:00:00,0.8796,0.8827,0.872,0.879,297983.374335
2026-04-06 18:00:00,0.8789,0.8812,0.8752,0.8771,80686.822966
2026-04-06 19:00:00,0.877,0.8794,0.8737,0.8771,121715.502352
2026-04-06 20:00:00,0.8771,0.8832,0.8755,0.8805,64842.38592
2026-04-06 21:00:00,0.8803,0.8803,0.8711,0.8731,139295.966544
2026-04-06 22:00:00,0.8731,0.8731,0.856,0.856,324042.55594
2026-04-06 23:00:00,0.856,0.8587,0.8501,0.8587,399722.985728
2026-04-07 00:00:00,0.8584,0.8619,0.8541,0.8559,211696.513008
2026-04-07 01:00:00,0.8558,0.8573,0.8523,0.8527,151743.014817
2026-04-07 02:00:00,0.8532,0.8568,0.8516,0.8546,196153.940373
2026-04-07 03:00:00,0.855,0.8593,0.8549,0.8574,153649.845856
2026-04-07 04:00:00,0.8571,0.8639,0.8555,0.8624,97352.382038
2026-04-07 05:00:00,0.8622,0.8636,0.8579,0.8618,101415.517294
2026-04-07 06:00:00,0.8616,0.8622,0.8526,0.8556,175403.522952
2026-04-07 07:00:00,0.8555,0.8618,0.8527,0.8604,99443.780682
2026-04-07 08:00:00,0.8604,0.8645,0.8589,0.86,194587.107522
2026-04-07 09:00:00,0.8599,0.8746,0.8599,0.8721,324102.329804
2026-04-07 10:00:00,0.8723,0.8756,0.8604,0.862,370600.411452
2026-04-07 11:00:00,0.8623,0.8689,0.86,0.8643,174010.961443
2026-04-07 12:00:00,0.8638,0.8661,0.852,0.8613,430115.458538
2026-04-07 13:00:00,0.8613,0.8675,0.855,0.8586,295493.837707
2026-04-07 14:00:00,0.8584,0.8611,0.8526,0.8532,185844.859182
2026-04-07 15:00:00,0.8532,0.8533,0.8422,0.8504,645134.292639
2026-04-07 16:00:00,0.8506,0.8545,0.8493,0.8527,149428.897635
2026-04-07 17:00:00,0.8528,0.8621,0.8477,0.8596,221545.607885
2026-04-07 18:00:00,0.8596,0.8627,0.8571,0.8603,161699.098463
2026-04-07 19:00:00,0.8602,0.8714,0.8578,0.8699,187816.455816
2026-04-07 20:00:00,0.8699,0.8765,0.8691,0.8729,201859.902348
2026-04-07 21:00:00,0.8732,0.8993,0.8719,0.8957,395492.619271
2026-04-07 22:00:00,0.8957,0.9228,0.8938,0.9225,806471.938659
2026-04-07 23:00:00,0.9229,0.929,0.9151,0.916,771768.275964
2026-04-08 00:00:00,0.9159,0.9224,0.9055,0.9074,630891.165406
2026-04-08 01:00:00,0.9073,0.909,0.9013,0.909,256507.14172
2026-04-08 02:00:00,0.909,0.9106,0.8963,0.8987,288068.206865
2026-04-08 03:00:00,0.8985,0.9033,0.8976,0.9003,312270.164326
2026-04-08 04:00:00,0.9004,0.9089,0.9004,0.906,310466.532871
2026-04-08 05:00:00,0.9057,0.9119,0.9051,0.9074,208355.103293
2026-04-08 06:00:00,0.9076,0.9136,0.9058,0.9101,216191.520235
2026-04-08 07:00:00,0.9099,0.9161,0.9093,0.9155,125863.127074
2026-04-08 08:00:00,0.9155,0.9161,0.9062,0.9073,253541.072726
2026-04-08 09:00:00,0.9073,0.9077,0.9028,0.9048,340574.939055
2026-04-08 10:00:00,0.9048,0.9107,0.9048,0.907,132348.406297
2026-04-08 11:00:00,0.9061,0.9109,0.9014,0.9072,218016.609987
2026-04-08 12:00:00,0.9076,0.9114,0.9059,0.9101,272138.969949
2026-04-08 13:00:00,0.9101,0.9164,0.9094,0.91,302374.411038
2026-04-08 14:00:00,0.9108,0.9114,0.891,0.8947,537372.227091
2026-04-08 15:00:00,0.8948,0.9037,0.892,0.9031,211267.797662
2026-04-08 16:00:00,0.9031,0.9082,0.8998,0.9073,133891.335667
2026-04-08 17:00:00,0.9066,0.9129,0.9005,0.9026,106369.167058
2026-04-08 18:00:00,0.9032,0.9046,0.8919,0.893,139345.082413
2026-04-08 19:00:00,0.8924,0.8946,0.8893,0.8946,114389.843514
2026-04-08 20:00:00,0.8954,0.8975,0.8907,0.8923,55256.266645
2026-04-08 21:00:00,0.8925,0.9,0.8873,0.8994,117387.836515
2026-04-08 22:00:00,0.8995,0.9,0.8896,0.8896,45394.908874
2026-04-08 23:00:00,0.8895,0.8905,0.882,0.8837,133440.647474
2026-04-09 00:00:00,0.8835,0.8837,0.8766,0.8812,204132.718644
2026-04-09 01:00:00,0.8808,0.8814,0.8744,0.8796,156733.585462
2026-04-09 02:00:00,0.8797,0.8829,0.8782,0.8811,97903.898279
2026-04-09 03:00:00,0.8811,0.8811,0.8761,0.8773,105324.411499
2026-04-09 04:00:00,0.877,0.8805,0.8752,0.8768,61344.332875
2026-04-09 05:00:00,0.8769,0.8838,0.8759,0.881,146912.80306
2026-04-09 06:00:00,0.8817,0.8821,0.8771,0.8818,37265.894732
2026-04-09 07:00:00,0.882,0.884,0.8788,0.8796,43976.860179
2026-04-09 08:00:00,0.8792,0.8829,0.8761,0.8786,218881.803149
2026-04-09 09:00:00,0.879,0.8862,0.8764,0.8827,101436.65864
2026-04-09 10:00:00,0.8825,0.8836,0.8794,0.8813,113337.441993
2026-04-09 11:00:00,0.8813,0.8813,0.8766,0.8773,157501.164346
2026-04-09 12:00:00,0.8766,0.8833,0.8766,0.8808,86039.436205
2026-04-09 13:00:00,0.8808,0.8812,0.8761,0.8789,108507.260634
2026-04-09 14:00:00,0.8796,0.8842,0.8718,0.8824,163192.125849
2026-04-09 15:00:00,0.8827,0.9037,0.8786,0.8982,459887.546078
2026-04-09 16:00:00,0.8984,0.9045,0.8943,0.8988,238517.752535
2026-04-09 17:00:00,0.8991,0.9039,0.8967,0.9001,251623.213418
2026-04-09 18:00:00,0.9003,0.9015,0.8923,0.9014,152862.29092
2026-04-09 19:00:00,0.901,0.9116,0.9007,0.9083,205161.133409
2026-04-09 20:00:00,0.9087,0.9139,0.9078,0.9111,65779.00811
2026-04-09 21:00:00,0.9109,0.9135,0.906,0.9089,145535.441106
2026-04-09 22:00:00,0.909,0.9263,0.9088,0.9126,255051.505963
2026-04-09 23:00:00,0.9125,0.9133,0.9023,0.9048,224907.11435
2026-04-10 00:00:00,0.9052,0.9072,0.8985,0.9035,116967.553401
2026-04-10 01:00:00,0.9036,0.9062,0.8943,0.8993,115883.812457
2026-04-10 02:00:00,0.8994,0.9077,0.8994,0.9023,131574.240269
2026-04-10 03:00:00,0.9023,0.9039,0.8984,0.8997,113069.529449
2026-04-10 04:00:00,0.8998,0.916,0.8998,0.9123,127033.407058
2026-04-10 05:00:00,0.9127,0.9127,0.9053,0.9109,106011.867099
2026-04-10 06:00:00,0.911,0.914,0.8978,0.8998,210097.799652
2026-04-10 07:00:00,0.9,0.9023,0.8967,0.8973,204972.972481
2026-04-10 08:00:00,0.8977,0.9045,0.8954,0.9018,106812.370482
2026-04-10 09:00:00,0.9017,0.9116,0.9017,0.9049,135747.551265
2026-04-10 10:00:00,0.9051,0.9067,0.9032,0.9038,170797.128688
2026-04-10 11:00:00,0.9038,0.9075,0.9001,0.9003,230528.02103
2026-04-10 12:00:00,0.9004,0.9084,0.8991,0.9023,157022.832633
2026-04-10 13:00:00,0.9018,0.9054,0.8969,0.9021,141442.522728
2026-04-10 14:00:00,0.902,0.9133,0.8998,0.9112,189880.946261
2026-04-10 15:00:00,0.9122,0.9153,0.907,0.9111,159911.817335
2026-04-10 16:00:00,0.9114,0.9177,0.9102,0.9102,154964.922492
2026-04-10 17:00:00,0.9104,0.9118,0.9054,0.9104,177249.122213
2026-04-10 18:00:00,0.9103,0.9158,0.9093,0.9138,135545.756233
2026-04-10 19:00:00,0.9138,0.9174,0.9132,0.9165,122370.538718
2026-04-10 20:00:00,0.9165,0.9187,0.912,0.9161,108220.959018
2026-04-10 21:00:00,0.9162,0.917,0.9125,0.917,128209.178175
2026-04-10 22:00:00,0.9171,0.9183,0.9132,0.9147,155596.077671
2026-04-10 23:00:00,0.9148,0.9155,0.912,0.9152,81875.362384
2026-04-11 00:00:00,0.9153,0.916,0.9054,0.9058,160005.617792
2026-04-11 01:00:00,0.9057,0.9068,0.8976,0.9026,254720.47762
2026-04-11 02:00:00,0.9028,0.9054,0.9013,0.9022,118760.508275
2026-04-11 03:00:00,0.9024,0.9071,0.9012,0.9016,89480.040414
2026-04-11 04:00:00,0.9013,0.903,0.8981,0.8992,79789.049746
2026-04-11 05:00:00,0.8995,0.9025,0.8933,0.8976,165697.41122
2026-04-11 06:00:00,0.8978,0.8998,0.8935,0.8991,77962.519008
2026-04-11 07:00:00,0.8992,0.9005,0.8982,0.8998,47120.354734
2026-04-11 08:00:00,0.8997,0.902,0.8956,0.897,95444.808579
2026-04-11 09:00:00,0.8968,0.9008,0.8949,0.8985,116447.99637
2026-04-11 10:00:00,0.8984,0.8991,0.8934,0.8949,85289.785891
2026-04-11 11:00:00,0.8946,0.8973,0.8939,0.8962,151121.986756
2026-04-11 12:00:00,0.8962,0.8972,0.8935,0.8951,60167.471001
2026-04-11 13:00:00,0.895,0.895,0.8863,0.8907,277894.197855
2026-04-11 14:00:00,0.8907,0.8948,0.889,0.89,111426.785792
2026-04-11 15:00:00,0.8902,0.8978,0.8902,0.8972,112192.83074
2026-04-11 16:00:00,0.8976,0.9104,0.8976,0.9075,329883.449697
2026-04-11 17:00:00,0.9075,0.9121,0.9041,0.9051,175886.779593
2026-04-11 18:00:00,0.9052,0.9211,0.9004,0.9165,331493.265022
2026-04-11 19:00:00,0.9166,0.9236,0.9142,0.9206,173992.852898
2026-04-11 20:00:00,0.9207,0.9217,0.9119,0.9162,214963.425829
2026-04-11 21:00:00,0.9159,0.918,0.9121,0.9137,157503.478762
2026-04-11 22:00:00,0.9136,0.9183,0.903,0.9052,269618.618643
2026-04-11 23:00:00,0.9052,0.9068,0.899,0.9005,274226.339803
2026-04-12 00:00:00,0.9006,0.9007,0.8946,0.896,207651.283355
2026-04-12 01:00:00,0.896,0.8999,0.8601,0.8672,1861160.527857
2026-04-12 02:00:00,0.8671,0.8718,0.863,0.8681,329548.057104
2026-04-12 03:00:00,0.8682,0.8714,0.8642,0.8656,207700.920129
2026-04-12 04:00:00,0.8654,0.8675,0.8621,0.8633,142900.11016
2026-04-12 05:00:00,0.8634,0.8668,0.8601,0.8662,210330.511273
2026-04-12 06:00:00,0.866,0.8684,0.8652,0.866,175594.165649
2026-04-12 07:00:00,0.8659,0.8678,0.8636,0.8654,103481.745255
2026-04-12 08:00:00,0.8652,0.8679,0.863,0.8651,113427.906111
2026-04-12 09:00:00,0.8656,0.866,0.8617,0.8622,121178.141139
2026-04-12 10:00:00,0.8622,0.8641,0.8573,0.8603,195084.236332
2026-04-12 11:00:00,0.86,0.8656,0.8571,0.8649,162186.211336
2026-04-12 12:00:00,0.8647,0.8736,0.8633,0.8641,238959.015956
2026-04-12 13:00:00,0.8645,0.8686,0.8611,0.8619,152893.464602
2026-04-12 14:00:00,0.8621,0.8658,0.861,0.8622,159228.213162
2026-04-12 15:00:00,0.8625,0.863,0.8573,0.8607,134225.304519
2026-04-12 16:00:00,0.8607,0.866,0.859,0.8658,232520.557123
2026-04-12 17:00:00,0.8661,0.8792,0.8661,0.8785,270988.662743
2026-04-12 18:00:00,0.8792,0.8795,0.8724,0.8731,144003.751871
2026-04-12 19:00:00,0.8731,0.8776,0.8723,0.8735,87354.884991
2026-04-12 20:00:00,0.8735,0.8781,0.8664,0.8755,221488.122559
2026-04-12 21:00:00,0.8755,0.8767,0.8666,0.8687,122600.652433
2026-04-12 22:00:00,0.8678,0.8687,0.8575,0.8612,174146.401535
2026-04-12 23:00:00,0.8612,0.8612,0.8536,0.8578,256954.945031
2026-04-13 00:00:00,0.8576,0.8637,0.8573,0.862,210772.444631
2026-04-13 01:00:00,0.8622,0.8664,0.862,0.8656,97630.588241
2026-04-13 02:00:00,0.8655,0.8663,0.8598,0.8635,86961.00906
2026-04-13 03:00:00,0.8636,0.865,0.8612,0.8641,112070.298823
2026-04-13 04:00:00,0.8644,0.8661,0.8592,0.8611,129073.102367
2026-04-13 05:00:00,0.861,0.8622,0.8561,0.8622,156968.704143
2026-04-13 06:00:00,0.8622,0.8701,0.8618,0.8641,187801.960265
2026-04-13 07:00:00,0.8645,0.8649,0.8577,0.8586,158302.642567
2026-04-13 08:00:00,0.8584,0.8589,0.8561,0.858,114708.414737
2026-04-13 09:00:00,0.858,0.864,0.858,0.8621,116344.353619
2026-04-13 10:00:00,0.862,0.8648,0.8595,0.8603,72007.927189
2026-04-13 11:00:00,0.8608,0.8628,0.86,0.8623,90059.772606
2026-04-13 12:00:00,0.8621,0.8675,0.8567,0.864,227782.322605
2026-04-13 13:00:00,0.864,0.8723,0.8608,0.871,334862.05834
2026-04-13 14:00:00,0.8709,0.8769,0.8651,0.8769,257377.48904
2026-04-13 15:00:00,0.8769,0.8772,0.8645,0.8696,215890.108572
2026-04-13 16:00:00,0.8696,0.8769,0.865,0.8751,139426.949481
2026-04-13 17:00:00,0.875,0.8832,0.8716,0.8753,173962.46871
2026-04-13 18:00:00,0.8758,0.8776,0.87,0.8776,75918.732146
2026-04-13 19:00:00,0.8776,0.9069,0.8766,0.9031,638154.254727
2026-04-13 20:00:00,0.9031,0.904,0.8929,0.8931,273200.82443
2026-04-13 21:00:00,0.8932,0.9099,0.8911,0.9083,297814.586309
2026-04-13 22:00:00,0.9084,0.9283,0.9059,0.9219,979942.245207
2026-04-13 23:00:00,0.922,0.9281,0.9163,0.9188,589920.230176
2026-04-14 00:00:00,0.9187,0.9199,0.9064,0.907,304970.669873
2026-04-14 01:00:00,0.9063,0.9104,0.9041,0.9085,130564.309195
2026-04-14 02:00:00,0.9083,0.9094,0.9028,0.9033,162920.20707
2026-04-14 03:00:00,0.9032,0.9055,0.9008,0.9027,102572.296387
2026-04-14 04:00:00,0.9029,0.9055,0.9008,0.9032,99075.052664
2026-04-14 05:00:00,0.9034,0.9039,0.8949,0.896,129349.239533
2026-04-14 06:00:00,0.8961,0.9021,0.8959,0.9004,133108.263846
2026-04-14 07:00:00,0.9003,0.9032,0.8969,0.8975,87476.166752
2026-04-14 08:00:00,0.8975,0.905,0.8975,0.903,228744.116649
2026-04-14 09:00:00,0.903,0.9056,0.9008,0.9052,121999.322223
2026-04-14 10:00:00,0.9051,0.9051,0.9007,0.9018,75725.968189
2026-04-14 11:00:00,0.9011,0.9036,0.8976,0.9006,157279.65584
2026-04-14 12:00:00,0.9007,0.9048,0.9003,0.9047,88757.116477
2026-04-14 13:00:00,0.9047,0.9084,0.9012,0.9078,226171.306734
2026-04-14 14:00:00,0.908,0.9143,0.9032,0.9069,293779.130458
2026-04-14 15:00:00,0.9069,0.9087,0.8975,0.9021,246346.125288
2026-04-14 16:00:00,0.902,0.9089,0.8989,0.9013,161701.665174
2026-04-14 17:00:00,0.9015,0.9022,0.8902,0.8956,184383.415921
2026-04-14 18:00:00,0.8957,0.8979,0.8772,0.8808,312769.361294
2026-04-14 19:00:00,0.8807,0.8878,0.8795,0.8864,105219.474748
2026-04-14 20:00:00,0.8871,0.8892,0.8832,0.8838,53621.874356
2026-04-14 21:00:00,0.8843,0.8918,0.8843,0.89,149902.210665
2026-04-14 22:00:00,0.8892,0.8909,0.8837,0.8855,180442.113054
2026-04-14 23:00:00,0.8854,0.8856,0.8792,0.8838,191482.550853
2026-04-15 00:00:00,0.8838,0.8928,0.8838,0.8874,248396.080763
2026-04-15 01:00:00,0.8873,0.8981,0.8858,0.8964,193727.696624
2026-04-15 02:00:00,0.8966,0.8989,0.8905,0.8919,129121.394117
2026-04-15 03:00:00,0.892,0.8968,0.8912,0.8948,85775.721122
2026-04-15 04:00:00,0.8949,0.9045,0.8949,0.9039,230976.196125
2026-04-15 05:00:00,0.9043,0.9075,0.8944,0.8966,134781.590204
2026-04-15 06:00:00,0.8967,0.9007,0.8935,0.8971,105312.973606
2026-04-15 07:00:00,0.8972,0.898,0.8909,0.8924,111153.829446
2026-04-15 08:00:00,0.8925,0.8997,0.8922,0.8956,106180.71343
2026-04-15 09:00:00,0.8958,0.8988,0.8911,0.893,128189.909251
2026-04-15 10:00:00,0.8924,0.9038,0.8923,0.8974,487096.424613
2026-04-15 11:00:00,0.8975,0.9124,0.8975,0.9084,226359.8945
2026-04-15 12:00:00,0.908,0.908,0.904,0.9073,108227.910317
2026-04-15 13:00:00,0.9074,0.912,0.9034,0.9054,290961.22782
2026-04-15 14:00:00,0.9051,0.9168,0.9035,0.9135,200422.052226
2026-04-15 15:00:00,0.9139,0.9146,0.9003,0.9032,212337.382205
2026-04-15 16:00:00,0.9031,0.9152,0.9028,0.9127,283979.164662
2026-04-15 17:00:00,0.9135,0.9186,0.9099,0.9129,184176.955962
2026-04-15 18:00:00,0.9125,0.9154,0.909,0.9137,69970.968629
2026-04-15 19:00:00,0.9129,0.923,0.9115,0.9187,124169.906944
2026-04-15 20:00:00,0.9188,0.9197,0.9137,0.9168,60856.968004
2026-04-15 21:00:00,0.9165,0.9189,0.91,0.9184,55269.273289
2026-04-15 22:00:00,0.9186,0.9224,0.9128,0.913,151338.922947
2026-04-15 23:00:00,0.913,0.917,0.9076,0.917,219584.509867
2026-04-16 00:00:00,0.9171,0.918,0.9108,0.9141,136561.096056
2026-04-16 01:00:00,0.9147,0.916,0.9085,0.9159,122142.803518
2026-04-16 02:00:00,0.916,0.9344,0.916,0.93,436847.351791
2026-04-16 03:00:00,0.9303,0.9498,0.9303,0.9436,752919.351102
2026-04-16 04:00:00,0.944,0.974,0.9432,0.9658,986631.17842
2026-04-16 05:00:00,0.9658,0.986,0.9579,0.9777,776359.004386
2026-04-16 06:00:00,0.9778,0.9786,0.9611,0.9731,384325.471309
2026-04-16 07:00:00,0.9732,0.9927,0.9688,0.983,1229729.963406
2026-04-16 08:00:00,0.9827,0.9868,0.9709,0.9722,439508.003377
2026-04-16 09:00:00,0.9715,0.9741,0.9642,0.9645,303629.376983
2026-04-16 10:00:00,0.964,0.9751,0.9609,0.9657,189397.35334
2026-04-16 11:00:00,0.9659,0.9894,0.9646,0.9888,293108.72878
2026-04-16 12:00:00,0.9887,0.998,0.9814,0.984,693235.449401
2026-04-16 13:00:00,0.9838,1.0055,0.9766,0.9895,1507260.470181
2026-04-16 14:00:00,0.9894,0.9894,0.9683,0.98,730824.777377
2026-04-16 15:00:00,0.98,1.0147,0.9776,1.0145,778283.259734
2026-04-16 16:00:00,1.0146,1.0216,0.9914,0.9977,804014.042147
2026-04-16 17:00:00,0.9976,1.0038,0.9914,0.9994,190419.737043
2026-04-16 18:00:00,0.9998,1.0011,0.9881,0.9977,274272.045737
2026-04-16 19:00:00,0.998,1.0104,0.995,1.0063,384399.045586
2026-04-16 20:00:00,1.006,1.0076,0.9937,0.995,128885.020823
2026-04-16 21:00:00,0.9952,0.9983,0.9828,0.9969,315255.29556
2026-04-16 22:00:00,0.997,1.0028,0.9935,0.9975,258548.389053
2026-04-16 23:00:00,0.9973,1.0062,0.9958,0.9987,533983.457341
2026-04-17 00:00:00,0.9984,0.9999,0.9898,0.9988,389281.698263
2026-04-17 01:00:00,0.9985,1.0026,0.9807,0.9883,533384.678162
2026-04-17 02:00:00,0.9877,0.9913,0.9782,0.9821,477532.339534
2026-04-17 03:00:00,0.9821,0.9834,0.9785,0.9808,217249.668248
2026-04-17 04:00:00,0.981,0.9843,0.9748,0.9789,177688.409677
2026-04-17 05:00:00,0.9786,0.9786,0.9707,0.9745,145979.129889
2026-04-17 06:00:00,0.9746,0.9874,0.9718,0.9844,176295.252061
2026-04-17 07:00:00,0.9846,1.01,0.9821,1.007,1698202.809445
2026-04-17 08:00:00,1.0075,1.0097,0.9894,0.9907,321636.385971
2026-04-17 09:00:00,0.9905,0.9959,0.9839,0.9925,367419.707686
2026-04-17 10:00:00,0.9926,0.9949,0.9818,0.9904,183801.912327
2026-04-17 11:00:00,0.9904,1.0021,0.9892,0.9987,224423.791672
2026-04-17 12:00:00,0.9987,1.0019,0.9877,0.9994,254772.11445
2026-04-17 13:00:00,0.9995,1.017,0.994,1.0135,809349.717743
2026-04-17 14:00:00,1.0135,1.0143,1.0007,1.0042,480679.792705
2026-04-17 15:00:00,1.0045,1.0045,0.9923,0.9995,421055.116311
2026-04-17 16:00:00,0.9996,1.012,0.9983,1.0063,455551.989518
2026-04-17 17:00:00,1.0065,1.0065,0.995,0.9977,407393.300544
2026-04-17 18:00:00,0.9978,1.0011,0.9876,0.9989,278214.825883
2026-04-17 19:00:00,0.999,1.0097,0.9981,1.003,263045.125612
2026-04-17 20:00:00,1.0027,1.0063,0.9964,1.0011,305361.796249
2026-04-17 21:00:00,1.0011,1.0057,0.9956,0.9961,264799.984342
2026-04-17 22:00:00,0.9963,1.0014,0.9934,0.9977,133419.07598
2026-04-17 23:00:00,0.9966,0.9967,0.9806,0.9833,322379.632274
2026-04-18 00:00:00,0.9832,0.9867,0.9746,0.9806,819533.438612
2026-04-18 01:00:00,0.9807,0.9856,0.9763,0.978,277718.792209
2026-04-18 02:00:00,0.9782,0.9821,0.9755,0.9807,187634.429077
2026-04-18 03:00:00,0.9801,0.9824,0.9753,0.9792,308004.55167
2026-04-18 04:00:00,0.9792,0.9819,0.9757,0.9792,393526.821824
2026-04-18 05:00:00,0.9792,0.9877,0.979,0.9876,154268.988929
2026-04-18 06:00:00,0.9874,0.993,0.9825,0.9909,128624.093059
2026-04-18 07:00:00,0.9905,0.9943,0.9877,0.9893,168947.764256
2026-04-18 08:00:00,0.9894,0.9909,0.968,0.975,387139.331531
2026-04-18 09:00:00,0.9749,0.9767,0.9647,0.9708,343041.158324
2026-04-18 10:00:00,0.9706,0.9709,0.9573,0.9593,468500.991281
2026-04-18 11:00:00,0.9599,0.9599,0.945,0.9519,455923.827995
2026-04-18 12:00:00,0.9515,0.9589,0.9514,0.9587,210854.963782
2026-04-18 13:00:00,0.9586,0.9599,0.95,0.958,235766.418634
2026-04-18 14:00:00,0.958,0.9607,0.9536,0.9577,252784.634632
2026-04-18 15:00:00,0.9578,0.9608,0.9555,0.9571,123115.797014
2026-04-18 16:00:00,0.9571,0.9605,0.9501,0.9538,238213.684843
2026-04-18 17:00:00,0.9538,0.9575,0.9487,0.9537,160949.617986
2026-04-18 18:00:00,0.9538,0.955,0.9418,0.9434,188102.464643
2026-04-18 19:00:00,0.9433,0.9489,0.9431,0.9458,49769.793236
2026-04-18 20:00:00,0.9457,0.9505,0.9414,0.9488,83705.054616
2026-04-18 21:00:00,0.949,0.9512,0.9473,0.9506,57236.334332
2026-04-18 22:00:00,0.9505,0.9509,0.9464,0.9482,52276.132489
2026-04-18 23:00:00,0.9483,0.9508,0.9388,0.9422,160539.339968
2026-04-19 00:00:00,0.9427,0.9432,0.9283,0.9359,399646.819468
2026-04-19 01:00:00,0.936,0.94,0.9304,0.933,160106.572135
2026-04-19 02:00:00,0.9332,0.9339,0.9255,0.9301,168098.503642
2026-04-19 03:00:00,0.9304,0.9353,0.9272,0.9298,104994.89832
2026-04-19 04:00:00,0.9299,0.9357,0.922,0.9271,1254077.356575
2026-04-19 05:00:00,0.9268,0.9308,0.9242,0.9242,169139.780633
2026-04-19 06:00:00,0.9242,0.9286,0.92,0.9273,242625.578017
2026-04-19 07:00:00,0.9273,0.9273,0.913,0.9202,422017.433879
2026-04-19 08:00:00,0.9201,0.9281,0.9191,0.9226,188622.019225
2026-04-19 09:00:00,0.9224,0.9246,0.918,0.9207,276603.457562
2026-04-19 10:00:00,0.9206,0.9218,0.9167,0.9192,121186.860576
2026-04-19 11:00:00,0.9191,0.9283,0.9191,0.9263,138628.080934
2026-04-19 12:00:00,0.9262,0.9328,0.9255,0.9298,184401.836601
2026-04-19 13:00:00,0.9294,0.9404,0.929,0.9326,268811.830911
2026-04-19 14:00:00,0.9328,0.9414,0.9282,0.9383,225570.838643
2026-04-19 15:00:00,0.9383,0.9388,0.9223,0.9324,116780.867302
2026-04-19 16:00:00,0.9327,0.9333,0.9247,0.9277,198213.561505
2026-04-19 17:00:00,0.9277,0.928,0.9162,0.9164,269821.007794
2026-04-19 18:00:00,0.9165,0.9179,0.911,0.9154,189894.74506
2026-04-19 19:00:00,0.9156,0.9249,0.9156,0.9224,82508.933148
2026-04-19 20:00:00,0.9223,0.9226,0.917,0.9191,57373.610653
2026-04-19 21:00:00,0.9187,0.9244,0.9175,0.9196,46272.499525
2026-04-19 22:00:00,0.9193,0.9194,0.8998,0.9058,591631.707652
2026-04-19 23:00:00,0.9053,0.9074,0.9009,0.9072,158109.696323
2026-04-20 00:00:00,0.9077,0.9171,0.9067,0.9158,183355.704478
2026-04-20 01:00:00,0.9157,0.9189,0.9133,0.9161,108740.584984
2026-04-20 02:00:00,0.916,0.9209,0.9123,0.9196,112888.75708
2026-04-20 03:00:00,0.9195,0.9252,0.917,0.9238,98730.717103
2026-04-20 04:00:00,0.9239,0.9243,0.9186,0.9204,86351.143738
2026-04-20 05:00:00,0.9202,0.9202,0.9072,0.9114,193287.27216
2026-04-20 06:00:00,0.9112,0.9223,0.9111,0.9188,78910.702969
2026-04-20 07:00:00,0.9189,0.933,0.9184,0.9222,294843.015025
2026-04-20 08:00:00,0.9221,0.9225,0.9163,0.918,128328.964534
2026-04-20 09:00:00,0.9176,0.9269,0.916,0.9219,144350.519068
2026-04-20 10:00:00,0.922,0.93,0.9219,0.9239,114031.351676
2026-04-20 11:00:00,0.9242,0.9259,0.9215,0.9222,117202.346242
2026-04-20 12:00:00,0.9222,0.9291,0.9205,0.927,137241.083667
2026-04-20 13:00:00,0.9271,0.931,0.921,0.9284,148710.090586
2026-04-20 14:00:00,0.9287,0.9322,0.9184,0.9212,272724.83338
2026-04-20 15:00:00,0.9216,0.927,0.9154,0.9228,235338.082039
2026-04-20 16:00:00,0.923,0.9232,0.9181,0.9194,186278.941889
2026-04-20 17:00:00,0.9196,0.9285,0.9193,0.9266,293577.486036
2026-04-20 18:00:00,0.9265,0.9355,0.9265,0.9333,264949.597603
2026-04-20 19:00:00,0.9333,0.934,0.9261,0.9275,66865.976111
2026-04-20 20:00:00,0.9272,0.9309,0.9244,0.9284,98012.873285
2026-04-20 21:00:00,0.9284,0.9315,0.9244,0.9287,148635.36163
2026-04-20 22:00:00,0.9288,0.9304,0.9247,0.9256,103444.258871
2026-04-20 23:00:00,0.9256,0.9256,0.9201,0.9222,98278.95599
2026-04-21 00:00:00,0.9221,0.9284,0.9221,0.9276,85114.06984
2026-04-21 01:00:00,0.9277,0.9306,0.9246,0.9252,159111.666837
2026-04-21 02:00:00,0.9247,0.9249,0.9207,0.9207,137960.739002
2026-04-21 03:00:00,0.9206,0.9225,0.9165,0.9218,91023.251603
2026-04-21 04:00:00,0.9213,0.9259,0.9195,0.9254,69441.788721
2026-04-21 05:00:00,0.9251,0.9283,0.9241,0.926,87218.449271
2026-04-21 06:00:00,0.9263,0.9293,0.9226,0.9237,83474.491421
2026-04-21 07:00:00,0.9232,0.9267,0.921,0.9245,39050.443299
2026-04-21 08:00:00,0.9242,0.9297,0.9217,0.9256,196717.895586
2026-04-21 09:00:00,0.9252,0.9316,0.9235,0.9302,60933.621747
2026-04-21 10:00:00,0.9304,0.9341,0.9287,0.9321,68240.057802
2026-04-21 11:00:00,0.932,0.9373,0.927,0.933,97411.342808
2026-04-21 12:00:00,0.9327,0.933,0.9223,0.9265,119188.646857
2026-04-21 13:00:00,0.9265,0.9266,0.9218,0.9257,111081.822923
2026-04-21 14:00:00,0.9258,0.937,0.9234,0.928,148696.469629
2026-04-21 15:00:00,0.9279,0.9337,0.9255,0.9287,80768.255767
2026-04-21 16:00:00,0.9288,0.9327,0.9232,0.9243,68920.261259
2026-04-21 17:00:00,0.9243,0.9251,0.9113,0.9181,356836.896117
2026-04-21 18:00:00,0.918,0.919,0.9127,0.9182,138511.682351
2026-04-21 19:00:00,0.9185,0.9243,0.9068,0.9099,246285.091475
2026-04-21 20:00:00,0.9099,0.9254,0.9097,0.9194,273452.388776
2026-04-21 21:00:00,0.919,0.9208,0.9159,0.9188,105173.413472
2026-04-21 22:00:00,0.9187,0.9199,0.9151,0.9184,82109.010916
2026-04-21 23:00:00,0.9184,0.9283,0.9184,0.9266,121562.075357
2026-04-22 00:00:00,0.9273,0.9323,0.9258,0.9304,202594.69728
2026-04-22 01:00:00,0.93,0.9306,0.9247,0.9252,69562.653581
2026-04-22 02:00:00,0.9252,0.9431,0.9237,0.9425,289939.389367
2026-04-22 03:00:00,0.9425,0.9455,0.939,0.942,191936.68655
2026-04-22 04:00:00,0.9421,0.9523,0.9415,0.9502,216603.628854
2026-04-22 05:00:00,0.9508,0.9635,0.9479,0.9541,426565.244673
2026-04-22 06:00:00,0.9542,0.9546,0.9475,0.9512,195305.74397
2026-04-22 07:00:00,0.9501,0.9507,0.9471,0.9487,92371.262247
2026-04-22 08:00:00,0.9489,0.9558,0.9478,0.9536,97563.972658
2026-04-22 09:00:00,0.9535,0.957,0.9512,0.9526,63285.540413
2026-04-22 10:00:00,0.9525,0.9558,0.9487,0.9558,60621.007858
2026-04-22 11:00:00,0.9558,0.9583,0.9512,0.9541,113142.540181
2026-04-22 12:00:00,0.9544,0.9557,0.9475,0.95,117231.379015
2026-04-22 13:00:00,0.9496,0.954,0.9462,0.9492,158092.920266
2026-04-22 14:00:00,0.9493,0.9569,0.9477,0.9551,267171.975028
2026-04-22 15:00:00,0.9552,0.9599,0.9516,0.9537,111505.581146
2026-04-22 16:00:00,0.9538,0.955,0.9505,0.9507,154205.782901
2026-04-22 17:00:00,0.9507,0.9547,0.9471,0.9518,115204.379275
2026-04-22 18:00:00,0.9518,0.9548,0.9484,0.9484,46243.474083
2026-04-22 19:00:00,0.9482,0.9482,0.9381,0.9443,165111.998941
2026-04-22 20:00:00,0.9443,0.9448,0.9359,0.9371,63467.740135
2026-04-22 21:00:00,0.9375,0.9444,0.9375,0.9427,73492.223527
2026-04-22 22:00:00,0.9427,0.9438,0.9352,0.9361,69714.057679
2026-04-22 23:00:00,0.9361,0.9371,0.9262,0.9276,184508.298068
2026-04-23 00:00:00,0.9277,0.932,0.915,0.9294,754810.489884
2026-04-23 01:00:00,0.9295,0.9306,0.9227,0.9268,332761.927006
2026-04-23 02:00:00,0.9272,0.9272,0.9165,0.919,172604.827906
2026-04-23 03:00:00,0.919,0.922,0.9127,0.9172,153522.638558
2026-04-23 04:00:00,0.9166,0.9198,0.9153,0.9193,129968.130873
2026-04-23 05:00:00,0.9194,0.9267,0.9193,0.9238,329023.289235
2026-04-23 06:00:00,0.9239,0.9274,0.9228,0.9246,152800.608195
2026-04-23 07:00:00,0.9246,0.9251,0.9194,0.9208,106076.589622
2026-04-23 08:00:00,0.9212,0.923,0.9172,0.9209,101199.796311
2026-04-23 09:00:00,0.9209,0.9209,0.915,0.9184,107001.399842
2026-04-23 10:00:00,0.9179,0.9189,0.9123,0.9156,124691.471795
2026-04-23 11:00:00,0.9158,0.9247,0.9156,0.9232,185023.308832
2026-04-23 12:00:00,0.923,0.9257,0.9209,0.923,107912.451376
2026-04-23 13:00:00,0.923,0.9249,0.9208,0.9224,129682.476702
2026-04-23 14:00:00,0.9225,0.9292,0.9208,0.9286,142514.599489
2026-04-23 15:00:00,0.9288,0.9356,0.9271,0.9339,180427.898699
2026-04-23 16:00:00,0.9344,0.9357,0.9266,0.9275,121771.18919
2026-04-23 17:00:00,0.9286,0.9292,0.9044,0.9135,399677.023796
2026-04-23 18:00:00,0.9135,0.919,0.9133,0.9137,59602.079576
2026-04-23 19:00:00,0.9137,0.9207,0.9122,0.9186,76253.419668
2026-04-23 20:00:00,0.9187,0.9284,0.9184,0.9234,82452.229532
2026-04-23 21:00:00,0.9232,0.9315,0.9232,0.9287,68110.138704
2026-04-23 22:00:00,0.9282,0.9335,0.9282,0.9296,85179.384312
2026-04-23 23:00:00,0.9295,0.9314,0.9277,0.9297,169295.334571
2026-04-24 00:00:00,0.9299,0.9343,0.9297,0.9331,99742.036734
2026-04-24 01:00:00,0.9332,0.9364,0.9294,0.9359,129640.849638
2026-04-24 02:00:00,0.9357,0.9363,0.9275,0.93,235738.591806
2026-04-24 03:00:00,0.9298,0.93,0.9209,0.9254,110549.429485
2026-04-24 04:00:00,0.9255,0.9258,0.9225,0.9239,81363.000326
2026-04-24 05:00:00,0.9239,0.9325,0.9225,0.9305,80336.994891
2026-04-24 06:00:00,0.9306,0.9343,0.929,0.9304,148392.967868
2026-04-24 07:00:00,0.9302,0.9337,0.9297,0.9333,88265.865979
2026-04-24 08:00:00,0.9334,0.9379,0.9322,0.9346,100084.908338
2026-04-24 09:00:00,0.9347,0.9355,0.929,0.9305,103719.610002
2026-04-24 10:00:00,0.9309,0.9398,0.9287,0.9373,173994.88331
2026-04-24 11:00:00,0.9371,0.9438,0.9368,0.9412,119301.903983
2026-04-24 12:00:00,0.9411,0.9436,0.9373,0.9383,122026.92175
2026-04-24 13:00:00,0.9384,0.9426,0.9358,0.9385,91483.050145
2026-04-24 14:00:00,0.938,0.943,0.9358,0.94,111832.140787
2026-04-24 15:00:00,0.9402,0.9477,0.9329,0.9462,261137.830273
2026-04-24 16:00:00,0.9463,0.9487,0.9401,0.9442,150853.509699
2026-04-24 17:00:00,0.9443,0.9472,0.9419,0.9439,78262.679795
2026-04-24 18:00:00,0.944,0.9461,0.9408,0.9436,51481.907157
2026-04-24 19:00:00,0.9442,0.9478,0.9411,0.9456,56487.78539
2026-04-24 20:00:00,0.9463,0.9487,0.9413,0.9475,128363.776267
2026-04-24 21:00:00,0.9474,0.9536,0.9429,0.9453,101465.505741
2026-04-24 22:00:00,0.9454,0.9454,0.9368,0.9395,98158.312939
2026-04-24 23:00:00,0.9393,0.9432,0.938,0.9405,106663.081573
2026-04-25 00:00:00,0.9406,0.9427,0.9387,0.942,90217.127847
2026-04-25 01:00:00,0.9421,0.9506,0.9418,0.9471,236218.267215
2026-04-25 02:00:00,0.9474,0.9506,0.9435,0.9492,79432.84971
2026-04-25 03:00:00,0.9494,0.9577,0.9492,0.9528,128845.55063
2026-04-25 04:00:00,0.9529,0.9566,0.9504,0.9512,112726.876258
2026-04-25 05:00:00,0.9506,0.9574,0.9469,0.9523,102766.460467
2026-04-25 06:00:00,0.9523,0.9574,0.9479,0.9479,72011.874826
2026-04-25 07:00:00,0.9477,0.9505,0.9455,0.9488,94357.460958
2026-04-25 08:00:00,0.9481,0.9529,0.9476,0.9519,107357.401084
2026-04-25 09:00:00,0.9514,0.9555,0.9511,0.9538,100513.279959
2026-04-25 10:00:00,0.9538,0.9554,0.948,0.9485,112210.08043
2026-04-25 11:00:00,0.9484,0.9484,0.941,0.9441,183785.114087
2026-04-25 12:00:00,0.9441,0.9445,0.9376,0.9411,198973.448064
2026-04-25 13:00:00,0.9411,0.947,0.941,0.9445,115067.94091
2026-04-25 14:00:00,0.9445,0.9455,0.9417,0.9434,59098.564867
2026-04-25 15:00:00,0.9433,0.9468,0.9387,0.9417,91921.550977
2026-04-25 16:00:00,0.9416,0.9441,0.933,0.9374,158826.102281
2026-04-25 17:00:00,0.9374,0.9381,0.9301,0.9331,136265.860778
2026-04-25 18:00:00,0.9328,0.9361,0.9326,0.9327,22775.603419
2026-04-25 19:00:00,0.9326,0.9333,0.9298,0.9312,48651.02214
2026-04-25 20:00:00,0.9312,0.9343,0.9299,0.9343,18651.208256
2026-04-25 21:00:00,0.9345,0.9366,0.9344,0.9346,64016.350155
2026-04-25 22:00:00,0.9347,0.9392,0.9344,0.9372,37010.334591
2026-04-25 23:00:00,0.9371,0.9388,0.9369,0.9374,27055.880286
2026-04-26 00:00:00,0.9378,0.9378,0.9323,0.9335,37334.963627
2026-04-26 01:00:00,0.9337,0.9356,0.932,0.9324,39012.532439
2026-04-26 02:00:00,0.9325,0.9377,0.9325,0.9358,35772.606147
2026-04-26 03:00:00,0.936,0.9383,0.9337,0.9376,31508.986544
2026-04-26 04:00:00,0.9375,0.947,0.9366,0.9443,140563.340412
2026-04-26 05:00:00,0.9441,0.9525,0.9423,0.947,186349.726597
2026-04-26 06:00:00,0.9471,0.9567,0.9471,0.9529,153401.697966
2026-04-26 07:00:00,0.9533,0.9568,0.9498,0.9535,209148.103247
2026-04-26 08:00:00,0.9531,0.9532,0.9489,0.9502,97465.522519
2026-04-26 09:00:00,0.9501,0.9516,0.9483,0.9512,50540.575023
2026-04-26 10:00:00,0.9509,0.952,0.9491,0.9501,41883.42369
2026-04-26 11:00:00,0.95,0.9564,0.9481,0.9554,81842.993037
2026-04-26 12:00:00,0.9553,0.9556,0.9448,0.947,116795.967235
2026-04-26 13:00:00,0.947,0.948,0.9374,0.9393,125221.706574
2026-04-26 14:00:00,0.9392,0.9465,0.9382,0.9434,87723.374676
2026-04-26 15:00:00,0.9433,0.9481,0.9425,0.9474,102407.041631
2026-04-26 16:00:00,0.9472,0.9474,0.9415,0.9423,55303.158877
2026-04-26 17:00:00,0.9422,0.9451,0.9388,0.9435,38512.699607
2026-04-26 18:00:00,0.9435,0.9473,0.9419,0.9456,75873.220998
2026-04-26 19:00:00,0.9454,0.9501,0.9448,0.946,34403.426754
2026-04-26 20:00:00,0.9461,0.9483,0.9434,0.9438,38911.240727
2026-04-26 21:00:00,0.9439,0.9468,0.9376,0.9453,73095.567201
2026-04-26 22:00:00,0.945,0.9502,0.94,0.9429,51285.356508
2026-04-26 23:00:00,0.9426,0.9471,0.9407,0.9429,89420.462362
2026-04-27 00:00:00,0.943,0.952,0.9407,0.9513,89938.588655
2026-04-27 01:00:00,0.9518,0.9579,0.948,0.957,136802.44936
2026-04-27 02:00:00,0.9576,0.9579,0.9501,0.9542,59176.315333
2026-04-27 03:00:00,0.954,0.957,0.9529,0.9529,90394.33465
2026-04-27 04:00:00,0.9531,0.954,0.9502,0.9517,136254.764355
2026-04-27 05:00:00,0.9519,0.9523,0.9252,0.9305,702919.043488
2026-04-27 06:00:00,0.9304,0.9326,0.9202,0.9248,262641.070503
2026-04-27 07:00:00,0.9247,0.9264,0.9213,0.9217,131112.14638
2026-04-27 08:00:00,0.9215,0.9246,0.9192,0.9225,172462.451541
2026-04-27 09:00:00,0.9226,0.927,0.9226,0.9253,108982.038172
2026-04-27 10:00:00,0.9253,0.9275,0.9249,0.9252,65459.805479
2026-04-27 11:00:00,0.9252,0.9268,0.9227,0.9247,141318.058239
2026-04-27 12:00:00,0.9249,0.9254,0.9228,0.9245,52901.773309
2026-04-27 13:00:00,0.9246,0.926,0.9164,0.9194,85454.618345
2026-04-27 14:00:00,0.9191,0.9295,0.9187,0.924,156329.324175
2026-04-27 15:00:00,0.9244,0.9245,0.8994,0.9063,642332.230112
2026-04-27 16:00:00,0.9061,0.911,0.9037,0.9094,204580.363107
2026-04-27 17:00:00,0.9095,0.9121,0.907,0.9085,110293.028346
2026-04-27 18:00:00,0.9082,0.9122,0.9077,0.9113,48532.642413
2026-04-27 19:00:00,0.9112,0.9124,0.906,0.9101,36747.618992
2026-04-27 20:00:00,0.9102,0.9136,0.9102,0.9122,52021.752706
2026-04-27 21:00:00,0.9121,0.9123,0.9096,0.9104,48529.497358
2026-04-27 22:00:00,0.9103,0.9164,0.91,0.9163,91096.58909
2026-04-27 23:00:00,0.916,0.9233,0.9151,0.9224,85904.311614
2026-04-28 00:00:00,0.9223,0.9227,0.919,0.9209,104914.430088
2026-04-28 01:00:00,0.9208,0.922,0.9193,0.9202,42377.78848
2026-04-28 02:00:00,0.9207,0.9225,0.9146,0.918,95700.16096
2026-04-28 03:00:00,0.9177,0.9205,0.9157,0.92,74111.41202
2026-04-28 04:00:00,0.9199,0.9274,0.9197,0.9257,133230.938487
2026-04-28 05:00:00,0.9257,0.9318,0.9248,0.9251,213485.056521
2026-04-28 06:00:00,0.9253,0.9279,0.9195,0.9213,100071.891434
2026-04-28 07:00:00,0.9212,0.9213,0.9156,0.9207,89593.497016
2026-04-28 08:00:00,0.9205,0.924,0.9183,0.9193,71637.615446
2026-04-28 09:00:00,0.9196,0.9222,0.9162,0.9182,62468.472541
2026-04-28 10:00:00,0.9182,0.9238,0.9178,0.922,37111.402695
2026-04-28 11:00:00,0.9223,0.9226,0.9096,0.9124,122180.943083
2026-04-28 12:00:00,0.9125,0.9156,0.9103,0.9149,291747.6104
2026-04-28 13:00:00,0.9147,0.9179,0.9068,0.9145,156363.275365
2026-04-28 14:00:00,0.9142,0.9151,0.9076,0.915,102031.757609
2026-04-28 15:00:00,0.9151,0.9192,0.9146,0.9189,72417.663266
2026-04-28 16:00:00,0.9188,0.9215,0.916,0.9167,57666.877182
2026-04-28 17:00:00,0.9165,0.9189,0.9126,0.9156,76091.356468
2026-04-28 18:00:00,0.9152,0.9198,0.9147,0.9197,68433.725168
2026-04-28 19:00:00,0.9194,0.9233,0.9176,0.9223,59609.139905
2026-04-28 20:00:00,0.9225,0.9243,0.9213,0.9216,26971.615247
2026-04-28 21:00:00,0.9213,0.9232,0.9196,0.9205,62792.061899
2026-04-28 22:00:00,0.9207,0.9234,0.9172,0.9179,27001.54467
2026-04-28 23:00:00,0.9178,0.9195,0.916,0.9186,31227.301596
2026-04-29 00:00:00,0.9185,0.9216,0.9178,0.9203,40508.502763
2026-04-29 01:00:00,0.9202,0.9235,0.918,0.9215,78051.570145
2026-04-29 02:00:00,0.9215,0.9274,0.9194,0.9259,75554.236548
2026-04-29 03:00:00,0.9259,0.9386,0.9252,0.9376,275781.349721
2026-04-29 04:00:00,0.9378,0.9495,0.9363,0.9469,501274.556013
2026-04-29 05:00:00,0.947,0.9479,0.9407,0.9449,196866.441871
2026-04-29 06:00:00,0.9447,0.945,0.9364,0.9385,189580.145031
2026-04-29 07:00:00,0.9386,0.9422,0.9375,0.9395,92382.138341
2026-04-29 08:00:00,0.9397,0.9431,0.9383,0.9407,81106.981653
2026-04-29 09:00:00,0.9406,0.9567,0.9384,0.9543,294798.762307
2026-04-29 10:00:00,0.9545,0.9687,0.9545,0.9668,777609.775319
2026-04-29 11:00:00,0.9667,0.9911,0.9634,0.975,1441195.370442
2026-04-29 12:00:00,0.9756,0.9758,0.9477,0.9576,652418.788916
2026-04-29 13:00:00,0.9574,0.9607,0.9416,0.9513,279753.71363
2026-04-29 14:00:00,0.9509,0.9512,0.9402,0.9414,181263.216228
2026-04-29 15:00:00,0.941,0.9438,0.9031,0.9083,1324857.216518
2026-04-29 16:00:00,0.9083,0.9094,0.8875,0.8962,1267997.456951
2026-04-29 17:00:00,0.8964,0.9092,0.8964,0.909,746597.549014
2026-04-29 18:00:00,0.9088,0.9096,0.8724,0.8922,873250.785403
2026-04-29 19:00:00,0.8923,0.8961,0.8881,0.8938,201080.527709
2026-04-29 20:00:00,0.8938,0.9087,0.8926,0.9059,184528.573061
2026-04-29 21:00:00,0.9056,0.9136,0.9034,0.9109,131839.689815
2026-04-29 22:00:00,0.9109,0.9178,0.9098,0.9158,166230.61484
2026-04-29 23:00:00,0.9155,0.9183,0.9115,0.9155,156462.843844
2026-04-30 00:00:00,0.9156,0.9288,0.9141,0.9272,213018.735639
2026-04-30 01:00:00,0.9269,0.9366,0.9206,0.9327,420892.612496
2026-04-30 02:00:00,0.9329,0.9384,0.92,0.9227,493182.413848
2026-04-30 03:00:00,0.9228,0.9308,0.9206,0.9247,196883.266338
2026-04-30 04:00:00,0.9246,0.9249,0.911,0.9127,300699.119947
2026-04-30 05:00:00,0.9127,0.9181,0.9088,0.9148,127241.682899
2026-04-30 06:00:00,0.9154,0.9204,0.9123,0.9184,83531.640489
2026-04-30 07:00:00,0.9185,0.9262,0.9177,0.9247,59364.403657
2026-04-30 08:00:00,0.925,0.9267,0.9234,0.9238,114565.536742
2026-04-30 09:00:00,0.9237,0.9324,0.923,0.9291,178323.19891
2026-04-30 10:00:00,0.9294,0.9309,0.9231,0.9248,101408.650438
2026-04-30 11:00:00,0.9249,0.9304,0.9213,0.9271,198112.215685
2026-04-30 12:00:00,0.9271,0.9343,0.9238,0.9241,118617.742524
2026-04-30 13:00:00,0.9241,0.9267,0.9207,0.9226,73536.03202
2026-04-30 14:00:00,0.922,0.9282,0.9144,0.9156,179550.809454
2026-04-30 15:00:00,0.9159,0.9221,0.9135,0.9213,89560.168888
2026-04-30 16:00:00,0.9213,0.9234,0.919,0.9216,69796.9817
2026-04-30 17:00:00,0.9215,0.9257,0.9198,0.923,174302.754791
2026-04-30 18:00:00,0.9231,0.9277,0.9218,0.9228,29807.830524
2026-04-30 19:00:00,0.9226,0.9278,0.9219,0.9229,68641.103597
2026-04-30 20:00:00,0.9231,0.9264,0.9213,0.9233,90371.250695
2026-04-30 21:00:00,0.9235,0.9256,0.9205,0.9211,68774.693821
2026-04-30 22:00:00,0.9212,0.9218,0.9171,0.9181,42793.860913
2026-04-30 23:00:00,0.918,0.9241,0.917,0.9222,34055.585088
2026-05-01 00:00:00,0.9221,0.9257,0.9216,0.9225,69428.044811
2026-05-01 01:00:00,0.9224,0.9299,0.9219,0.929,230217.81768
2026-05-01 02:00:00,0.9292,0.9299,0.9231,0.9264,59845.650446
2026-05-01 03:00:00,0.9262,0.939,0.924,0.9318,202413.103966
2026-05-01 04:00:00,0.9317,0.9362,0.9287,0.93,64798.274618
2026-05-01 05:00:00,0.9301,0.9324,0.9282,0.9282,26027.51351
2026-05-01 06:00:00,0.9284,0.9289,0.9232,0.9245,67931.205328
2026-05-01 07:00:00,0.9246,0.927,0.9224,0.9266,47621.443403
2026-05-01 08:00:00,0.9266,0.9278,0.9229,0.9246,104261.096506
2026-05-01 09:00:00,0.9247,0.9248,0.9162,0.9183,198773.043856
2026-05-01 10:00:00,0.9185,0.921,0.9125,0.921,144274.342559
2026-05-01 11:00:00,0.9208,0.9232,0.9185,0.9196,67570.794391
2026-05-01 12:00:00,0.9198,0.9278,0.9191,0.9241,207749.473526
2026-05-01 13:00:00,0.9243,0.9371,0.9243,0.9342,194259.510534
2026-05-01 14:00:00,0.9348,0.9361,0.9262,0.9303,131910.133767
2026-05-01 15:00:00,0.9303,0.9338,0.9219,0.9309,190478.356928
2026-05-01 16:00:00,0.9309,0.9352,0.9276,0.9329,221434.054882
2026-05-01 17:00:00,0.9327,0.936,0.9264,0.9297,189646.161984
2026-05-01 18:00:00,0.9297,0.9309,0.9257,0.9294,46931.076118
2026-05-01 19:00:00,0.9295,0.9316,0.925,0.9259,89345.555024
2026-05-01 20:00:00,0.926,0.9274,0.9163,0.9184,142722.641768
2026-05-01 21:00:00,0.9186,0.9235,0.9174,0.922,81281.663308
2026-05-01 22:00:00,0.922,0.9251,0.9193,0.9195,33079.729209
2026-05-01 23:00:00,0.9195,0.9201,0.9154,0.9193,118297.635634
2026-05-02 00:00:00,0.9192,0.9228,0.9178,0.9214,46275.318501
2026-05-02 01:00:00,0.9211,0.924,0.9197,0.9229,70554.692689
2026-05-02 02:00:00,0.9229,0.9232,0.919,0.919,41998.089626
2026-05-02 03:00:00,0.919,0.9211,0.916,0.9197,108473.935853
2026-05-02 04:00:00,0.9196,0.9196,0.9138,0.9159,92380.102256
2026-05-02 05:00:00,0.916,0.9199,0.9133,0.916,161251.361177
2026-05-02 06:00:00,0.9156,0.9182,0.914,0.918,79289.77873
2026-05-02 07:00:00,0.9177,0.9189,0.9156,0.9165,68939.463282
2026-05-02 08:00:00,0.9162,0.9166,0.9142,0.9155,28644.91179
2026-05-02 09:00:00,0.9155,0.9209,0.9155,0.9188,53951.624978
2026-05-02 10:00:00,0.9186,0.9204,0.9178,0.9197,60668.703293
2026-05-02 11:00:00,0.9196,0.9196,0.9146,0.9169,75371.225212
2026-05-02 12:00:00,0.917,0.9191,0.9156,0.9167,65248.864998
2026-05-02 13:00:00,0.9166,0.9224,0.9166,0.9219,65632.713653
2026-05-02 14:00:00,0.9218,0.9254,0.9203,0.9244,206814.720911
2026-05-02 15:00:00,0.9248,0.9303,0.923,0.9294,137520.636769
2026-05-02 16:00:00,0.9295,0.9315,0.9254,0.9306,184421.118033
2026-05-02 17:00:00,0.9309,0.9315,0.9276,0.9285,100570.181418
2026-05-02 18:00:00,0.9288,0.934,0.9254,0.9313,92150.840055
2026-05-02 19:00:00,0.9314,0.9349,0.9305,0.9344,101749.864039
2026-05-02 20:00:00,0.9348,0.9357,0.9332,0.9347,93190.411728
2026-05-02 21:00:00,0.9348,0.9408,0.9315,0.9349,130155.622859
2026-05-02 22:00:00,0.935,0.9368,0.9316,0.9344,74302.9467
2026-05-02 23:00:00,0.9338,0.935,0.9298,0.9321,68839.572241
2026-05-03 00:00:00,0.9322,0.9327,0.9259,0.9281,59835.326547
2026-05-03 01:00:00,0.928,0.928,0.9159,0.9177,318290.023537
2026-05-03 02:00:00,0.9177,0.9194,0.9147,0.9182,122597.776254
2026-05-03 03:00:00,0.9181,0.9198,0.9152,0.918,68176.412075
2026-05-03 04:00:00,0.918,0.9202,0.9166,0.9176,64651.153221
2026-05-03 05:00:00,0.9175,0.92,0.917,0.9187,159410.404002
2026-05-03 06:00:00,0.9186,0.9215,0.916,0.9183,127032.878322
2026-05-03 07:00:00,0.9184,0.9227,0.9184,0.9197,93955.177021
2026-05-03 08:00:00,0.9195,0.9222,0.9184,0.9185,78661.851259
2026-05-03 09:00:00,0.9181,0.9215,0.9169,0.9201,83130.893536
2026-05-03 10:00:00,0.9199,0.9221,0.9174,0.9174,39436.49109
2026-05-03 11:00:00,0.9171,0.9279,0.9161,0.9241,173119.323103
2026-05-03 12:00:00,0.9245,0.9305,0.9245,0.926,98122.651674
2026-05-03 13:00:00,0.9269,0.927,0.9237,0.9237,58563.986018
2026-05-03 14:00:00,0.9242,0.9253,0.9219,0.924,46143.624016
2026-05-03 15:00:00,0.9241,0.9278,0.9235,0.9245,49226.138703
2026-05-03 16:00:00,0.925,0.9266,0.9239,0.9245,62808.787503
2026-05-03 17:00:00,0.9244,0.9286,0.92,0.9265,58357.611012
2026-05-03 18:00:00,0.9267,0.9279,0.9244,0.9265,25339.090194
2026-05-03 19:00:00,0.9264,0.9292,0.9254,0.9276,12111.550363
2026-05-03 20:00:00,0.9273,0.9341,0.9273,0.9299,51433.362318
2026-05-03 21:00:00,0.9299,0.932,0.9216,0.926,100367.219236
2026-05-03 22:00:00,0.926,0.9366,0.926,0.9337,194603.209293
2026-05-03 23:00:00,0.9339,0.9349,0.9232,0.9234,166650.003783
2026-05-04 00:00:00,0.9234,0.9278,0.9145,0.9266,208961.532058
2026-05-04 01:00:00,0.9267,0.9491,0.9245,0.947,412352.197118
2026-05-04 02:00:00,0.9471,0.975,0.9466,0.9684,990041.181156
2026-05-04 03:00:00,0.9685,0.974,0.9632,0.9703,559127.775158
2026-05-04 04:00:00,0.9704,0.9734,0.9629,0.9636,261225.55655
2026-05-04 05:00:00,0.9637,0.9638,0.9536,0.9602,351177.716101
2026-05-04 06:00:00,0.9604,0.9612,0.9474,0.9567,258899.21838
2026-05-04 07:00:00,0.957,0.9582,0.951,0.9519,126840.58291
2026-05-04 08:00:00,0.9519,0.9529,0.9481,0.9494,79131.942495
2026-05-04 09:00:00,0.9496,0.9572,0.9478,0.9553,102287.441586
2026-05-04 10:00:00,0.9556,0.9556,0.9235,0.9336,917738.735695
2026-05-04 11:00:00,0.9337,0.9384,0.9272,0.9345,730384.525402
2026-05-04 12:00:00,0.9346,0.9379,0.9333,0.9334,75852.820155
2026-05-04 13:00:00,0.933,0.9372,0.9281,0.9339,154615.729401
2026-05-04 14:00:00,0.9338,0.9504,0.9282,0.9472,436422.127342
2026-05-04 15:00:00,0.947,0.9478,0.9268,0.9335,585753.968011
2026-05-04 16:00:00,0.9336,0.94,0.9265,0.9336,295395.708622
2026-05-04 17:00:00,0.9333,0.948,0.9329,0.9436,260573.93865
2026-05-04 18:00:00,0.9439,0.9472,0.9387,0.9453,78684.951209
2026-05-04 19:00:00,0.9455,0.9455,0.9364,0.9394,59079.696357
2026-05-04 20:00:00,0.9395,0.9396,0.9326,0.9346,73774.25919
2026-05-04 21:00:00,0.9345,0.9496,0.9345,0.9462,202973.368132
2026-05-04 22:00:00,0.946,0.9485,0.9367,0.9378,63283.422549
2026-05-04 23:00:00,0.9371,0.9371,0.9326,0.9347,153855.700121
2026-05-05 00:00:00,0.9347,0.9379,0.9323,0.9354,79379.556676
2026-05-05 01:00:00,0.9351,0.9425,0.9333,0.9395,95414.054357
2026-05-05 02:00:00,0.9394,0.9458,0.9378,0.941,119050.48167
2026-05-05 03:00:00,0.9412,0.9479,0.9394,0.9442,67187.449927
2026-05-05 04:00:00,0.9441,0.9471,0.9419,0.9442,136975.722358
2026-05-05 05:00:00,0.9439,0.9487,0.9431,0.9467,57370.930758
2026-05-05 06:00:00,0.947,0.951,0.9448,0.9505,133339.852319
2026-05-05 07:00:00,0.9505,0.9576,0.949,0.9538,156985.950815
2026-05-05 08:00:00,0.9544,0.9594,0.953,0.9566,194376.110931
2026-05-05 09:00:00,0.9567,0.9568,0.9502,0.9523,246561.985389
2026-05-05 10:00:00,0.9523,0.9589,0.9508,0.9555,165910.680143
2026-05-05 11:00:00,0.9554,0.9565,0.948,0.9557,186304.601708
2026-05-05 12:00:00,0.956,0.9576,0.9533,0.9551,121158.793526
2026-05-05 13:00:00,0.955,0.9621,0.953,0.958,158040.294501
2026-05-05 14:00:00,0.958,0.9638,0.9495,0.9551,275907.691464
2026-05-05 15:00:00,0.955,0.9597,0.9525,0.9559,252836.916211
2026-05-05 16:00:00,0.9562,0.9616,0.94,0.9475,428041.989442
2026-05-05 17:00:00,0.9475,0.9502,0.9437,0.95,124847.394684
2026-05-05 18:00:00,0.9504,0.9538,0.949,0.9512,23125.286125
2026-05-05 19:00:00,0.9516,0.9586,0.951,0.9578,45416.362877
2026-05-05 20:00:00,0.9579,0.9937,0.9579,0.9886,1008262.724148
2026-05-05 21:00:00,0.9887,0.9994,0.9841,0.9841,499272.574424
2026-05-05 22:00:00,0.9842,0.9865,0.9715,0.9748,328448.943043
2026-05-05 23:00:00,0.9748,0.9777,0.9677,0.9739,134801.633814
2026-05-06 00:00:00,0.9738,0.9842,0.9713,0.9818,214600.947134
2026-05-06 01:00:00,0.9818,1.0375,0.9803,1.0341,1549305.496145
2026-05-06 02:00:00,1.0347,1.045,1.0054,1.0353,2672317.760699
2026-05-06 03:00:00,1.0354,1.123,1.0346,1.1176,3744440.424967
2026-05-06 04:00:00,1.1178,1.1617,1.1033,1.1462,3242486.378218
2026-05-06 05:00:00,1.1459,1.1465,1.0874,1.1155,3090284.814808
2026-05-06 06:00:00,1.1142,1.1181,1.0752,1.0856,1754504.84641
2026-05-06 07:00:00,1.0849,1.099,1.0667,1.0707,981743.845323
2026-05-06 08:00:00,1.071,1.1134,1.0657,1.1042,2660330.149609
2026-05-06 09:00:00,1.1045,1.1318,1.0847,1.1175,1549363.476526
2026-05-06 10:00:00,1.1176,1.1374,1.1118,1.1227,1117556.754012
2026-05-06 11:00:00,1.1225,1.1302,1.0991,1.1039,947234.050244
2026-05-06 12:00:00,1.1036,1.1066,1.0846,1.0902,890606.353408
2026-05-06 13:00:00,1.0901,1.0932,1.0576,1.0639,1348532.08508
2026-05-06 14:00:00,1.0635,1.0676,1.0435,1.056,1115451.776076
2026-05-06 15:00:00,1.0558,1.0731,1.0525,1.07,435591.062387
2026-05-06 16:00:00,1.0699,1.0889,1.0605,1.0783,703936.701075
2026-05-06 17:00:00,1.0783,1.0809,1.0585,1.0636,339478.798616
2026-05-06 18:00:00,1.0642,1.0677,1.0581,1.0618,188226.176842
2026-05-06 19:00:00,1.0619,1.0693,1.0573,1.067,127532.995677
2026-05-06 20:00:00,1.0671,1.0805,1.0671,1.0764,320289.281723
2026-05-06 21:00:00,1.0765,1.0967,1.0749,1.0914,418197.517758
2026-05-06 22:00:00,1.0914,1.094,1.0732,1.0901,424221.337746
2026-05-06 23:00:00,1.0902,1.1159,1.0774,1.1156,660716.951918
2026-05-07 00:00:00,1.1148,1.1261,1.0797,1.0867,1439288.551885
2026-05-07 01:00:00,1.0867,1.0877,1.0565,1.0582,1343012.754451
2026-05-07 02:00:00,1.0582,1.0672,1.047,1.0618,681230.291738
2026-05-07 03:00:00,1.0618,1.0989,1.0615,1.0718,961203.328788
2026-05-07 04:00:00,1.0719,1.112,1.0689,1.0878,925949.065296
2026-05-07 05:00:00,1.0874,1.0959,1.0822,1.0825,385896.860548
2026-05-07 06:00:00,1.0825,1.1094,1.0688,1.1075,747936.961547
2026-05-07 07:00:00,1.1073,1.1109,1.0869,1.0934,472477.05362
2026-05-07 08:00:00,1.0929,1.1127,1.0892,1.1005,638909.835388
2026-05-07 09:00:00,1.1001,1.1116,1.0887,1.0993,551082.356476
2026-05-07 10:00:00,1.0985,1.1101,1.0813,1.0952,678559.675836
2026-05-07 11:00:00,1.0954,1.1048,1.088,1.0968,365822.165819
2026-05-07 12:00:00,1.0971,1.124,1.0958,1.103,1099050.39193
2026-05-07 13:00:00,1.1031,1.1073,1.0772,1.0818,687046.033294
2026-05-07 14:00:00,1.0822,1.0857,1.06,1.0699,833440.058293
2026-05-07 15:00:00,1.0702,1.0771,1.0593,1.0611,558935.992317
2026-05-07 16:00:00,1.0626,1.0675,1.0509,1.0622,575523.353007
2026-05-07 17:00:00,1.0625,1.0718,1.0573,1.0655,274720.638457
2026-05-07 18:00:00,1.0661,1.0813,1.0638,1.0686,294589.883221
2026-05-07 19:00:00,1.0686,1.0863,1.0662,1.0803,261773.75103
2026-05-07 20:00:00,1.0803,1.0927,1.0766,1.0774,269994.147912
2026-05-07 21:00:00,1.0772,1.089,1.073,1.0797,192193.995573
2026-05-07 22:00:00,1.0786,1.0822,1.0693,1.076,170349.956688
2026-05-07 23:00:00,1.0759,1.1074,1.0748,1.0993,606487.413306
2026-05-08 00:00:00,1.099,1.1059,1.0845,1.0927,927450.10203
2026-05-08 01:00:00,1.093,1.1133,1.0907,1.1042,468929.427074
2026-05-08 02:00:00,1.1042,1.1134,1.0881,1.1021,586463.251021
2026-05-08 03:00:00,1.1017,1.1091,1.0859,1.0942,633384.442409
2026-05-08 04:00:00,1.0941,1.1107,1.09,1.0964,416194.824878
2026-05-08 05:00:00,1.0962,1.1052,1.089,1.092,306897.283756
2026-05-08 06:00:00,1.0907,1.1122,1.085,1.105,520310.121984
2026-05-08 07:00:00,1.1051,1.1059,1.0893,1.1005,728408.677647
2026-05-08 08:00:00,1.1006,1.1031,1.0883,1.0955,305987.817238
2026-05-08 09:00:00,1.0955,1.1099,1.0919,1.0999,542035.052574
2026-05-08 10:00:00,1.0997,1.1065,1.0933,1.0943,267835.387048
2026-05-08 11:00:00,1.0942,1.1086,1.0901,1.1066,706949.213078
2026-05-08 12:00:00,1.1066,1.1213,1.0824,1.0954,1590821.425352
2026-05-08 13:00:00,1.0951,1.096,1.0727,1.0812,518029.716575
2026-05-08 14:00:00,1.0809,1.118,1.0799,1.1082,1030606.718083
2026-05-08 15:00:00,1.1081,1.2719,1.107,1.2466,4856508.176174
2026-05-08 16:00:00,1.2466,1.2523,1.1822,1.2174,4794303.366598
2026-05-08 17:00:00,1.2176,1.24,1.1938,1.2116,1479424.09519
2026-05-08 18:00:00,1.2117,1.2159,1.1845,1.1883,645883.07664
2026-05-08 19:00:00,1.1882,1.2087,1.1751,1.2064,625420.208576
2026-05-08 20:00:00,1.2067,1.2369,1.204,1.2117,556275.635866
2026-05-08 21:00:00,1.2119,1.2647,1.2116,1.2447,1008270.196268
2026-05-08 22:00:00,1.2441,1.2966,1.2441,1.2811,1323214.116839
2026-05-08 23:00:00,1.2806,1.3222,1.2764,1.2868,1739742.476817
2026-05-09 00:00:00,1.2865,1.295,1.2573,1.2635,907598.895425
2026-05-09 01:00:00,1.2635,1.2957,1.256,1.2754,1154597.63317
2026-05-09 02:00:00,1.2755,1.313,1.2661,1.2929,1026191.326867
2026-05-09 03:00:00,1.292,1.3197,1.2721,1.281,782835.668462
2026-05-09 04:00:00,1.2809,1.2856,1.248,1.2535,908251.231328
2026-05-09 05:00:00,1.2528,1.273,1.2512,1.2632,292889.26649
2026-05-09 06:00:00,1.2642,1.2903,1.2622,1.2707,598342.172438
2026-05-09 07:00:00,1.2708,1.2734,1.2576,1.266,345431.075563
2026-05-09 08:00:00,1.2673,1.2757,1.2604,1.2695,228647.155733
2026-05-09 09:00:00,1.2697,1.2757,1.2141,1.2316,1324435.804324
2026-05-09 10:00:00,1.2315,1.2355,1.2248,1.2295,235890.543897
2026-05-09 11:00:00,1.2295,1.2329,1.2218,1.2276,185048.242307
2026-05-09 12:00:00,1.2276,1.2337,1.218,1.2247,285345.283985
2026-05-09 13:00:00,1.2245,1.2333,1.2207,1.2256,224712.343059
2026-05-09 14:00:00,1.2258,1.228,1.2055,1.2073,1528381.365471
2026-05-09 15:00:00,1.2073,1.2109,1.1925,1.2043,737004.625293
2026-05-09 16:00:00,1.2042,1.2126,1.2016,1.2088,499945.416695
2026-05-09 17:00:00,1.2088,1.2233,1.2088,1.2206,332319.688171
2026-05-09 18:00:00,1.2204,1.2244,1.2162,1.2208,145856.118788
2026-05-09 19:00:00,1.2212,1.2222,1.2154,1.2202,94944.12783
2026-05-09 20:00:00,1.2204,1.2213,1.216,1.2167,41717.617921
2026-05-09 21:00:00,1.2168,1.2205,1.2131,1.217,99872.709336
2026-05-09 22:00:00,1.2171,1.225,1.2156,1.2199,167251.022963
2026-05-09 23:00:00,1.2198,1.2224,1.1968,1.1999,647432.177595
2026-05-10 00:00:00,1.1997,1.2015,1.1827,1.1874,385893.759015
2026-05-10 01:00:00,1.1874,1.1929,1.1826,1.1907,434228.994992
2026-05-10 02:00:00,1.1911,1.208,1.1871,1.2032,320672.813448
2026-05-10 03:00:00,1.2034,1.2055,1.1936,1.2006,152836.728326
2026-05-10 04:00:00,1.2006,1.202,1.1884,1.1933,483515.235145
2026-05-10 05:00:00,1.1932,1.1943,1.1845,1.1849,197725.604385
2026-05-10 06:00:00,1.1847,1.1884,1.177,1.1833,227706.395528
2026-05-10 07:00:00,1.1833,1.186,1.17,1.1771,249718.974271
2026-05-10 08:00:00,1.1773,1.1855,1.1755,1.1845,79213.422041
2026-05-10 09:00:00,1.1846,1.1867,1.1743,1.1745,105697.634615
2026-05-10 10:00:00,1.1744,1.1815,1.16,1.1798,539358.672017
2026-05-10 11:00:00,1.1802,1.1841,1.1737,1.1739,290717.778443
2026-05-10 12:00:00,1.1737,1.1753,1.1683,1.1733,251263.846173
2026-05-10 13:00:00,1.1735,1.1766,1.1692,1.173,109955.323841
2026-05-10 14:00:00,1.173,1.1773,1.1636,1.1744,327041.174145
2026-05-10 15:00:00,1.1744,1.1801,1.1701,1.1785,311435.172868
2026-05-10 16:00:00,1.1791,1.1852,1.1759,1.1799,468457.282595
2026-05-10 17:00:00,1.1796,1.1891,1.1749,1.1887,367634.125559
2026-05-10 18:00:00,1.1888,1.1919,1.182,1.1883,128702.783924
2026-05-10 19:00:00,1.1884,1.1939,1.1812,1.1877,186857.435061
2026-05-10 20:00:00,1.1871,1.1906,1.106,1.1208,1524085.279366
2026-05-10 21:00:00,1.1212,1.1295,1.111,1.121,662896.222066
2026-05-10 22:00:00,1.121,1.1473,1.1182,1.1453,611555.388677
2026-05-10 23:00:00,1.1451,1.1554,1.1421,1.1474,502908.882851
2026-05-11 00:00:00,1.1474,1.1588,1.138,1.1423,488457.127365
2026-05-11 01:00:00,1.1427,1.1467,1.1343,1.1418,382420.742071
2026-05-11 02:00:00,1.1416,1.144,1.1247,1.1389,450999.163339
2026-05-11 03:00:00,1.139,1.1399,1.1181,1.134,425023.644366
2026-05-11 04:00:00,1.1339,1.1376,1.1277,1.1371,172491.402089
2026-05-11 05:00:00,1.1371,1.152,1.1371,1.1486,200757.891216
2026-05-11 06:00:00,1.1481,1.1489,1.1388,1.1393,137468.437842
2026-05-11 07:00:00,1.1386,1.1388,1.1312,1.1367,117017.732612
2026-05-11 08:00:00,1.1369,1.1377,1.121,1.1276,285723.138767
2026-05-11 09:00:00,1.1281,1.1337,1.1265,1.1308,169041.752989
2026-05-11 10:00:00,1.1307,1.1395,1.1263,1.129,262336.864359
2026-05-11 11:00:00,1.1288,1.1343,1.1244,1.1335,184316.527171
2026-05-11 12:00:00,1.1335,1.134,1.1231,1.1256,184445.45814
2026-05-11 13:00:00,1.1256,1.137,1.1193,1.1307,272028.839553
2026-05-11 14:00:00,1.1311,1.1366,1.119,1.1233,309421.932658
2026-05-11 15:00:00,1.1236,1.1416,1.12,1.1377,246096.058639
2026-05-11 16:00:00,1.1377,1.145,1.1323,1.1389,264516.593942
2026-05-11 17:00:00,1.1389,1.1429,1.1307,1.1404,187287.233974
2026-05-11 18:00:00,1.1403,1.1441,1.1283,1.1291,159676.839716
2026-05-11 19:00:00,1.1292,1.137,1.1283,1.1358,80253.610017
2026-05-11 20:00:00,1.1362,1.1416,1.1285,1.1316,76953.611194
2026-05-11 21:00:00,1.1317,1.1355,1.128,1.129,87436.148492
2026-05-11 22:00:00,1.1289,1.1331,1.1251,1.1289,65457.684989
2026-05-11 23:00:00,1.1288,1.1317,1.123,1.1272,57728.635973
2026-05-12 00:00:00,1.1269,1.1318,1.1212,1.1305,100151.453769
2026-05-12 01:00:00,1.1304,1.1314,1.093,1.1068,837832.798168
2026-05-12 02:00:00,1.1068,1.1122,1.1011,1.1082,239158.443423
2026-05-12 03:00:00,1.1086,1.111,1.1033,1.106,188237.626079
2026-05-12 04:00:00,1.1058,1.1112,1.1013,1.1087,148798.512581
2026-05-12 05:00:00,1.1087,1.1165,1.1078,1.1132,118517.29111
2026-05-12 06:00:00,1.1131,1.1184,1.1107,1.1108,141960.987068
2026-05-12 07:00:00,1.1109,1.1175,1.1036,1.1092,168066.525312
2026-05-12 08:00:00,1.1095,1.1126,1.1046,1.1068,138689.885935
2026-05-12 09:00:00,1.1069,1.1138,1.1031,1.11,132019.807085
2026-05-12 10:00:00,1.1099,1.1111,1.1003,1.1055,152565.394904
2026-05-12 11:00:00,1.1055,1.1068,1.0965,1.1002,161433.234681
2026-05-12 12:00:00,1.1008,1.1036,1.0852,1.0981,294708.050789
2026-05-12 13:00:00,1.0981,1.1037,1.085,1.09,335541.363613
2026-05-12 14:00:00,1.0901,1.0985,1.0779,1.0851,561978.708526
2026-05-12 15:00:00,1.0852,1.089,1.0756,1.0796,407966.652257
2026-05-12 16:00:00,1.0797,1.0853,1.0691,1.0728,544767.071486
2026-05-12 17:00:00,1.073,1.0859,1.073,1.0835,162361.600917
2026-05-12 18:00:00,1.0835,1.0981,1.0812,1.0929,193998.498067
2026-05-12 19:00:00,1.093,1.1018,1.093,1.0969,88816.509011
2026-05-12 20:00:00,1.0973,1.0996,1.0925,1.0946,154027.445253
2026-05-12 21:00:00,1.0946,1.098,1.0925,1.0961,152894.643368
2026-05-12 22:00:00,1.0962,1.1021,1.0962,1.0983,232107.544768
2026-05-12 23:00:00,1.0982,1.0995,1.0914,1.0923,134960.757294
2026-05-13 00:00:00,1.0927,1.099,1.0914,1.0976,111767.161714
2026-05-13 01:00:00,1.0979,1.1141,1.0977,1.107,346327.383118
2026-05-13 02:00:00,1.107,1.1141,1.1065,1.1113,125968.946947
2026-05-13 03:00:00,1.1114,1.1114,1.1062,1.1077,134384.069404
2026-05-13 04:00:00,1.1078,1.1098,1.104,1.1052,143278.982507
2026-05-13 05:00:00,1.1052,1.1062,1.0847,1.0919,233330.708216
2026-05-13 06:00:00,1.0917,1.0975,1.0897,1.0969,116185.062587
2026-05-13 07:00:00,1.097,1.1008,1.0964,1.1,65990.182992
2026-05-13 08:00:00,1.1,1.1076,1.0965,1.1041,176667.262285
2026-05-13 09:00:00,1.1042,1.111,1.1034,1.1093,158406.315922
2026-05-13 10:00:00,1.1095,1.1096,1.0952,1.0971,276758.046924
2026-05-13 11:00:00,1.097,1.0987,1.0866,1.0909,168134.327782
2026-05-13 12:00:00,1.0907,1.0935,1.0538,1.0676,941038.704543
2026-05-13 13:00:00,1.068,1.0747,1.0545,1.0596,384014.161782
2026-05-13 14:00:00,1.0595,1.0663,1.0524,1.0586,357901.845566
2026-05-13 15:00:00,1.0584,1.0624,1.0301,1.0348,804576.233403
2026-05-13 16:00:00,1.035,1.0554,1.0348,1.0498,376688.110186
2026-05-13 17:00:00,1.05,1.0536,1.0465,1.0497,121883.773732
2026-05-13 18:00:00,1.05,1.0573,1.05,1.0518,95663.269079
2026-05-13 19:00:00,1.0519,1.0528,1.0418,1.0443,95865.27944
2026-05-13 20:00:00,1.0443,1.0492,1.0443,1.0473,86008.552705
2026-05-13 21:00:00,1.0473,1.0482,1.0394,1.0412,137531.612167
2026-05-13 22:00:00,1.0412,1.0498,1.0388,1.0484,68324.152842
2026-05-13 23:00:00,1.0487,1.0496,1.046,1.0471,76947.295705
2026-05-14 00:00:00,1.0473,1.0531,1.0457,1.0507,139408.096278
2026-05-14 01:00:00,1.0503,1.054,1.047,1.0473,85364.890723
2026-05-14 02:00:00,1.0468,1.0515,1.0438,1.0447,86997.380124
2026-05-14 03:00:00,1.0446,1.0461,1.0261,1.0314,274121.556995
2026-05-14 04:00:00,1.0314,1.0415,1.0283,1.0402,176975.888592
2026-05-14 05:00:00,1.0402,1.0456,1.0389,1.0423,138705.321875
2026-05-14 06:00:00,1.0421,1.0472,1.0398,1.0439,190588.882767
2026-05-14 07:00:00,1.0434,1.045,1.0386,1.0392,81725.996876
2026-05-14 08:00:00,1.0392,1.046,1.0326,1.0419,223768.266599
2026-05-14 09:00:00,1.042,1.0465,1.0379,1.04,128386.012698
2026-05-14 10:00:00,1.0395,1.0449,1.0343,1.0435,246916.187301
2026-05-14 11:00:00,1.0437,1.0444,1.0334,1.034,151150.261822
2026-05-14 12:00:00,1.0338,1.0472,1.0335,1.0426,266019.075388
2026-05-14 13:00:00,1.0426,1.0485,1.0406,1.0419,203491.088
2026-05-14 14:00:00,1.0422,1.0608,1.0383,1.0599,348300.057311
2026-05-14 15:00:00,1.0603,1.0628,1.0544,1.0613,314607.70762
2026-05-14 16:00:00,1.0613,1.0649,1.0504,1.0635,291529.831169
2026-05-14 17:00:00,1.0635,1.0675,1.0537,1.0562,427860.099102
2026-05-14 18:00:00,1.056,1.0677,1.0505,1.0654,189407.803501
2026-05-14 19:00:00,1.0656,1.068,1.0577,1.0595,229007.898133
2026-05-14 20:00:00,1.0598,1.0614,1.0532,1.058,58250.051134
2026-05-14 21:00:00,1.0584,1.0619,1.0542,1.0597,60189.431318
2026-05-14 22:00:00,1.059,1.0644,1.0568,1.0596,90840.362686
2026-05-14 23:00:00,1.0593,1.0593,1.0515,1.0537,114705.676102
2026-05-15 00:00:00,1.0545,1.0665,1.0539,1.0632,178179.234456
2026-05-15 01:00:00,1.0632,1.0649,1.0507,1.0519,175946.505335
2026-05-15 02:00:00,1.0518,1.0546,1.0367,1.0527,332988.284191
2026-05-15 03:00:00,1.0524,1.0562,1.049,1.0502,111857.64467
2026-05-15 04:00:00,1.0501,1.0501,1.032,1.0352,202787.621567
2026-05-15 05:00:00,1.0349,1.0396,1.0141,1.0221,531880.47403
2026-05-15 06:00:00,1.022,1.0342,1.0212,1.0326,170170.907153
2026-05-15 07:00:00,1.0331,1.0402,1.0308,1.0343,153960.031511
2026-05-15 08:00:00,1.0344,1.0347,1.0251,1.0303,151440.229148
2026-05-15 09:00:00,1.031,1.031,1.0246,1.0278,90014.680572
2026-05-15 10:00:00,1.0277,1.0357,1.0251,1.0327,79843.299336
2026-05-15 11:00:00,1.0337,1.035,1.0294,1.0333,62548.580024
2026-05-15 12:00:00,1.0333,1.0357,1.026,1.0292,262108.965892
2026-05-15 13:00:00,1.0292,1.0292,0.9829,0.988,1061822.387091
2026-05-15 14:00:00,0.9882,1.0025,0.9786,0.9956,506567.279488
2026-05-15 15:00:00,0.9956,0.9998,0.9885,0.996,245475.706578
2026-05-15 16:00:00,0.9961,1.0082,0.995,1.0058,256070.217978
2026-05-15 17:00:00,1.0061,1.0185,1.0055,1.0173,141820.900737
2026-05-15 18:00:00,1.0174,1.0197,1.0116,1.0161,178909.239315
2026-05-15 19:00:00,1.0157,1.0162,1.0089,1.0092,85444.170839
2026-05-15 20:00:00,1.0096,1.0106,1.0043,1.0051,119794.312718
2026-05-15 21:00:00,1.0054,1.008,1.0022,1.0036,89874.512122
2026-05-15 22:00:00,1.0039,1.01,1.0039,1.0089,79727.629892
2026-05-15 23:00:00,1.0088,1.0134,1.0085,1.0107,83727.67467
2026-05-16 00:00:00,1.0106,1.0221,1.0092,1.0194,215107.024254
2026-05-16 01:00:00,1.0198,1.0204,1.012,1.0161,98271.647923
2026-05-16 02:00:00,1.0156,1.0171,1.0128,1.016,54681.704446
2026-05-16 03:00:00,1.0164,1.018,1.01,1.014,65597.608179
2026-05-16 04:00:00,1.0132,1.0132,0.9974,1.0036,168819.434107
2026-05-16 05:00:00,1.0039,1.0082,0.9993,1.0009,205893.658562
2026-05-16 06:00:00,1.0011,1.0015,0.9804,0.9882,321993.905943
2026-05-16 07:00:00,0.9885,0.9886,0.954,0.9747,872971.796612
2026-05-16 08:00:00,0.9746,0.9788,0.971,0.971,132424.241765
2026-05-16 09:00:00,0.9711,0.9736,0.95,0.9608,547269.788168
2026-05-16 10:00:00,0.9607,0.9656,0.9546,0.9647,181880.639622
2026-05-16 11:00:00,0.9649,0.9706,0.9649,0.9697,108792.129337
2026-05-16 12:00:00,0.969,0.9726,0.9666,0.9709,96717.743339
2026-05-16 13:00:00,0.9712,0.9751,0.9695,0.9712,144575.36462
2026-05-16 14:00:00,0.9712,0.9792,0.9695,0.9738,153518.617369
2026-05-16 15:00:00,0.9739,0.9785,0.9724,0.9769,198379.748735
2026-05-16 16:00:00,0.9767,0.9804,0.9735,0.9752,126942.097052
2026-05-16 17:00:00,0.9754,0.9796,0.9754,0.977,30528.941801
2026-05-16 18:00:00,0.9767,0.979,0.9743,0.9769,48359.50075
2026-05-16 19:00:00,0.977,0.977,0.9748,0.9752,30614.981331
2026-05-16 20:00:00,0.9755,0.9771,0.9737,0.975,24133.290341
2026-05-16 21:00:00,0.9749,0.9777,0.9749,0.9752,70792.828848
2026-05-16 22:00:00,0.975,0.9751,0.9711,0.9723,28510.06602
2026-05-16 23:00:00,0.9719,0.9743,0.9711,0.9713,36484.087415
2026-05-17 00:00:00,0.9712,0.9735,0.9646,0.9672,76007.107873
2026-05-17 01:00:00,0.9674,0.9699,0.9603,0.9622,104046.326168
2026-05-17 02:00:00,0.9621,0.9673,0.9619,0.9661,70834.863857
2026-05-17 03:00:00,0.9664,0.974,0.9664,0.9723,118044.341781
2026-05-17 04:00:00,0.9725,0.9784,0.9721,0.9754,149473.039994
2026-05-17 05:00:00,0.9753,0.9813,0.9737,0.9755,84086.892605
2026-05-17 06:00:00,0.9755,0.9771,0.9729,0.975,42974.48374
2026-05-17 07:00:00,0.9751,0.9792,0.973,0.9773,65520.599595
2026-05-17 08:00:00,0.9775,0.9779,0.973,0.9732,46029.497593
2026-05-17 09:00:00,0.9733,0.9802,0.9727,0.9779,142300.614989
2026-05-17 10:00:00,0.9778,0.9819,0.9774,0.9781,95989.98118
2026-05-17 11:00:00,0.9783,0.9783,0.9735,0.9746,61573.479221
2026-05-17 12:00:00,0.9744,0.9761,0.9697,0.971,103193.456491
2026-05-17 13:00:00,0.9709,0.971,0.964,0.9674,229018.067658
2026-05-17 14:00:00,0.9674,0.9675,0.9578,0.9652,201839.270399
2026-05-17 15:00:00,0.9652,0.9667,0.9619,0.9646,74847.446094
2026-05-17 16:00:00,0.9647,0.967,0.9592,0.9599,93424.908485
2026-05-17 17:00:00,0.96,0.9606,0.9542,0.9599,125785.38258
2026-05-17 18:00:00,0.9599,0.9632,0.9555,0.9632,37563.84682
2026-05-17 19:00:00,0.9632,0.9693,0.9632,0.9678,47220.252355
2026-05-17 20:00:00,0.9682,0.9688,0.9639,0.9664,29438.383893
2026-05-17 21:00:00,0.9659,0.9719,0.9645,0.9697,76536.699565
2026-05-17 22:00:00,0.9697,0.9704,0.9582,0.9612,87283.807585
2026-05-17 23:00:00,0.961,0.961,0.9071,0.9429,1555453.112745
2026-05-18 00:00:00,0.9426,0.9469,0.9339,0.9464,411602.147491
2026-05-18 01:00:00,0.9465,0.951,0.9358,0.945,398116.713872
2026-05-18 02:00:00,0.9449,0.9517,0.9445,0.949,105706.536471
2026-05-18 03:00:00,0.9492,0.953,0.9442,0.9474,97011.226078
2026-05-18 04:00:00,0.9474,0.9503,0.9438,0.9485,130720.015369
2026-05-18 05:00:00,0.9486,0.9505,0.9426,0.9447,106522.550333
2026-05-18 06:00:00,0.9448,0.946,0.9329,0.9408,252430.20877
2026-05-18 07:00:00,0.9412,0.9438,0.9325,0.9375,153897.348588
2026-05-18 08:00:00,0.9371,0.9408,0.9332,0.9377,132564.605603
2026-05-18 09:00:00,0.9375,0.9384,0.9317,0.9345,79613.382708
2026-05-18 10:00:00,0.9346,0.9352,0.9288,0.934,138780.253212
2026-05-18 11:00:00,0.9348,0.9487,0.9326,0.9432,526360.34671
2026-05-18 12:00:00,0.943,0.9523,0.9418,0.948,238808.509715
2026-05-18 13:00:00,0.9475,0.9502,0.9363,0.9474,224525.62444
2026-05-18 14:00:00,0.9473,0.9481,0.932,0.9345,254135.972366
2026-05-18 15:00:00,0.9348,0.9398,0.9256,0.9361,211597.021894
2026-05-18 16:00:00,0.9366,0.9422,0.9349,0.94,71155.466962
2026-05-18 17:00:00,0.94,0.948,0.939,0.945,61134.351973
2026-05-18 18:00:00,0.9455,0.9459,0.9353,0.9355,53966.448024
2026-05-18 19:00:00,0.9356,0.9582,0.9354,0.9551,128426.259375
2026-05-18 20:00:00,0.9555,0.9581,0.9508,0.9525,69900.041556
2026-05-18 21:00:00,0.9533,0.9629,0.9513,0.9591,77108.815055
2026-05-18 22:00:00,0.96,0.9616,0.954,0.959,70103.362242
2026-05-18 23:00:00,0.9588,0.9624,0.9573,0.9603,133539.07172
2026-05-19 00:00:00,0.9604,0.9688,0.959,0.9654,159141.260895
2026-05-19 01:00:00,0.9653,0.9653,0.9565,0.9585,84810.996247
2026-05-19 02:00:00,0.9584,0.9641,0.9548,0.9575,64807.519558
2026-05-19 03:00:00,0.9576,0.9664,0.9565,0.9648,114418.358339
2026-05-19 04:00:00,0.9643,0.9686,0.9637,0.9651,66819.57713
2026-05-19 05:00:00,0.9652,0.9657,0.9575,0.9606,169677.089681
2026-05-19 06:00:00,0.9605,0.9633,0.96,0.9611,39704.930903
2026-05-19 07:00:00,0.9607,0.9637,0.9592,0.9628,96929.116815
2026-05-19 08:00:00,0.9627,0.9629,0.9558,0.9597,54677.977006
2026-05-19 09:00:00,0.9595,0.9611,0.9505,0.9571,114925.260193
2026-05-19 10:00:00,0.957,0.9583,0.9507,0.954,162247.400583
2026-05-19 11:00:00,0.9536,0.9542,0.9449,0.9482,118344.821529
2026-05-19 12:00:00,0.948,0.9539,0.9468,0.953,52989.2957
2026-05-19 13:00:00,0.9532,0.9576,0.9487,0.9531,128356.442793
2026-05-19 14:00:00,0.9531,0.9555,0.9351,0.9419,234402.083999
2026-05-19 15:00:00,0.9419,0.9466,0.9382,0.9413,111627.915024
2026-05-19 16:00:00,0.9416,0.9484,0.9389,0.9481,142780.542256
2026-05-19 17:00:00,0.948,0.9486,0.9399,0.9433,64436.474511
2026-05-19 18:00:00,0.9434,0.9482,0.9403,0.9413,32698.230384
2026-05-19 19:00:00,0.9415,0.9448,0.9395,0.9412,27498.384644
2026-05-19 20:00:00,0.9413,0.9454,0.9399,0.9445,25877.647583
2026-05-19 21:00:00,0.9445,0.947,0.9416,0.942,22667.11267
2026-05-19 22:00:00,0.9416,0.9416,0.9322,0.9357,74897.681449
2026-05-19 23:00:00,0.935,0.9405,0.9339,0.9379,55358.391892
2026-05-20 00:00:00,0.9381,0.9408,0.9353,0.9394,59912.838596
2026-05-20 01:00:00,0.9396,0.9442,0.9349,0.9439,70675.423153
2026-05-20 02:00:00,0.9436,0.9454,0.9382,0.9391,53210.298381
2026-05-20 03:00:00,0.9384,0.9481,0.9373,0.9437,56665.860536
2026-05-20 04:00:00,0.9442,0.9476,0.9412,0.9475,73340.561775
2026-05-20 05:00:00,0.9477,0.9595,0.9477,0.956,113710.47519
2026-05-20 06:00:00,0.9561,0.9591,0.9539,0.958,93579.257201
2026-05-20 07:00:00,0.9579,0.9597,0.9547,0.9578,111516.591834
2026-05-20 08:00:00,0.9579,0.96,0.9546,0.9556,54612.587778
2026-05-20 09:00:00,0.9557,0.9575,0.9527,0.9564,139507.265211
2026-05-20 10:00:00,0.9563,0.96,0.9551,0.9551,50319.769014
2026-05-20 11:00:00,0.9556,0.9561,0.948,0.9507,132545.670929
2026-05-20 12:00:00,0.9505,0.9554,0.9486,0.9528,67489.161658
2026-05-20 13:00:00,0.9528,0.9541,0.9436,0.9517,79371.28489
2026-05-20 14:00:00,0.952,0.9682,0.9498,0.9655,249228.864459
2026-05-20 15:00:00,0.9654,0.9736,0.9604,0.9697,179146.203499
2026-05-20 16:00:00,0.9708,0.9733,0.9619,0.9692,235513.511474
2026-05-20 17:00:00,0.9696,0.9745,0.9671,0.968,256334.616217
2026-05-20 18:00:00,0.9673,0.9684,0.9604,0.9626,90169.832483
2026-05-20 19:00:00,0.9625,0.9705,0.9602,0.968,110934.978738
2026-05-20 20:00:00,0.9675,0.9709,0.964,0.9695,66101.657196
2026-05-20 21:00:00,0.9694,0.9709,0.9669,0.9671,54427.526449
2026-05-20 22:00:00,0.9667,0.9698,0.9617,0.9691,114705.997838
2026-05-20 23:00:00,0.969,0.9712,0.965,0.9707,54101.693731
2026-05-21 00:00:00,0.9708,0.9816,0.9696,0.9795,123305.201351
2026-05-21 01:00:00,0.9796,0.985,0.9778,0.9837,195624.82325
2026-05-21 02:00:00,0.9836,0.9859,0.9803,0.9828,116272.275807
2026-05-21 03:00:00,0.983,0.9946,0.9825,0.9893,225914.625594
2026-05-21 04:00:00,0.9891,0.9963,0.9879,0.9899,152480.349049
2026-05-21 05:00:00,0.9899,0.9931,0.9815,0.9857,318882.199118
2026-05-21 06:00:00,0.9856,0.9898,0.9836,0.9878,207788.004958
2026-05-21 07:00:00,0.9879,0.9963,0.9871,0.9911,184978.299914
2026-05-21 08:00:00,0.9908,0.9987,0.9903,0.9938,327569.287541
2026-05-21 09:00:00,0.9936,0.9962,0.9843,0.9848,246874.053986
2026-05-21 10:00:00,0.9847,0.9873,0.967,0.9754,501906.884628
2026-05-21 11:00:00,0.9754,0.9796,0.9732,0.9762,104830.475003
2026-05-21 12:00:00,0.976,0.9839,0.9738,0.9794,154930.379726
2026-05-21 13:00:00,0.979,0.9887,0.9743,0.9879,235209.575291
2026-05-21 14:00:00,0.9882,0.9895,0.9771,0.981,227504.42874
2026-05-21 15:00:00,0.981,0.9935,0.9792,0.9899,235619.343013
2026-05-21 16:00:00,0.99,0.9921,0.9816,0.9853,258383.430205
2026-05-21 17:00:00,0.9854,1.005,0.9838,1.0019,323732.828981
2026-05-21 18:00:00,1.0019,1.0079,0.9957,1.0016,142226.790377
2026-05-21 19:00:00,1.0014,1.0092,0.9995,1.0079,135964.247481
2026-05-21 20:00:00,1.0078,1.0157,1.0042,1.0114,150072.228032
2026-05-21 21:00:00,1.012,1.0234,1.008,1.0087,322006.358348
2026-05-21 22:00:00,1.0089,1.0115,1.0053,1.0083,127644.247883
2026-05-21 23:00:00,1.0079,1.0099,1.0018,1.0082,103120.808625
2026-05-22 00:00:00,1.0082,1.0082,0.9964,0.9973,122394.491836
2026-05-22 01:00:00,0.9971,1.0024,0.9959,1.0024,107498.140372
2026-05-22 02:00:00,1.0024,1.0135,1.002,1.0088,65605.290606
2026-05-22 03:00:00,1.0092,1.0184,1.0077,1.0175,101369.237024
2026-05-22 04:00:00,1.0179,1.0258,1.012,1.0166,322554.161271
2026-05-22 05:00:00,1.0167,1.0226,1.0136,1.018,156592.919421
2026-05-22 06:00:00,1.0181,1.0184,1.0112,1.0149,103573.393878
2026-05-22 07:00:00,1.0149,1.0261,1.0084,1.0162,243541.467944
2026-05-22 08:00:00,1.0161,1.0264,1.0136,1.0188,238600.70247
2026-05-22 09:00:00,1.018,1.0255,1.0133,1.0138,121991.453878
2026-05-22 10:00:00,1.0137,1.0195,1.0094,1.0179,102751.579787
2026-05-22 11:00:00,1.0182,1.0299,1.016,1.0275,205789.556772
2026-05-22 12:00:00,1.027,1.0376,1.0203,1.0376,240935.37219
2026-05-22 13:00:00,1.0377,1.0385,1.0255,1.0385,292211.885575
2026-05-22 14:00:00,1.038,1.038,1.0139,1.0178,373375.046028
2026-05-22 15:00:00,1.0179,1.0315,1.0117,1.0261,240716.150269
2026-05-22 16:00:00,1.0255,1.032,1.0159,1.0198,211543.527919
2026-05-22 17:00:00,1.0198,1.0223,1.0124,1.0135,103765.944338
2026-05-22 18:00:00,1.0134,1.0139,0.98,0.9911,521546.356362
2026-05-22 19:00:00,0.9915,0.9946,0.9622,0.9782,878640.18234
2026-05-22 20:00:00,0.9782,0.9868,0.9759,0.9862,288723.41751
2026-05-22 21:00:00,0.9861,0.9932,0.9829,0.988,188839.734063
2026-05-22 22:00:00,0.9879,0.9891,0.9794,0.983,113672.197393
2026-05-22 23:00:00,0.9832,0.9869,0.9525,0.9621,453750.679674
2026-05-23 00:00:00,0.962,0.9659,0.9525,0.9642,540315.917276
2026-05-23 01:00:00,0.9643,0.9685,0.9609,0.9676,230514.312034
2026-05-23 02:00:00,0.9679,0.9712,0.9659,0.97,167657.717736
2026-05-23 03:00:00,0.9699,0.9737,0.967,0.9688,160152.246409
2026-05-23 04:00:00,0.9691,0.9702,0.9645,0.9648,220542.131973
2026-05-23 05:00:00,0.9646,0.9655,0.9581,0.9644,123163.639096
2026-05-23 06:00:00,0.9644,0.9664,0.9601,0.9621,142096.838979
2026-05-23 07:00:00,0.9627,0.963,0.9107,0.9268,1232075.686237
2026-05-23 08:00:00,0.9267,0.9323,0.9206,0.9311,510705.539006
2026-05-23 09:00:00,0.9309,0.9364,0.93,0.9315,325847.960247
2026-05-23 10:00:00,0.9316,0.9452,0.9316,0.9355,359713.550923
2026-05-23 11:00:00,0.9356,0.9373,0.933,0.9332,99184.581479
2026-05-23 12:00:00,0.9333,0.9352,0.9279,0.934,183527.583612
2026-05-23 13:00:00,0.9338,0.9445,0.9338,0.9407,252980.443435
2026-05-23 14:00:00,0.9416,0.953,0.9409,0.9501,301000.226569
2026-05-23 15:00:00,0.9502,0.9573,0.946,0.9544,384298.099559
2026-05-23 16:00:00,0.9547,0.965,0.9518,0.964,385529.478951
2026-05-23 17:00:00,0.9646,0.9742,0.9629,0.9645,257736.586468
2026-05-23 18:00:00,0.9646,0.9883,0.9635,0.9788,375082.072069
2026-05-23 19:00:00,0.9788,0.9843,0.9751,0.9792,98206.356875
2026-05-23 20:00:00,0.9793,1.0097,0.974,1.0095,542689.716672
2026-05-23 21:00:00,1.0094,1.0128,0.984,0.989,472577.043854
2026-05-23 22:00:00,0.9891,0.9932,0.9756,0.9805,147537.566222
2026-05-23 23:00:00,0.9806,0.9834,0.978,0.9825,149291.289665
2026-05-24 00:00:00,0.9827,0.9835,0.9777,0.9811,178039.542247
2026-05-24 01:00:00,0.981,0.9826,0.9769,0.9793,80035.184134
2026-05-24 02:00:00,0.9795,0.9801,0.973,0.9785,163819.739804
2026-05-24 03:00:00,0.9782,0.98,0.9699,0.9726,186831.775665
2026-05-24 04:00:00,0.9729,0.9749,0.9689,0.9702,212169.257553
2026-05-24 05:00:00,0.9703,0.9705,0.9634,0.9691,151298.997209
2026-05-24 06:00:00,0.9689,0.9758,0.968,0.975,150133.394048
2026-05-24 07:00:00,0.975,0.9766,0.9719,0.9746,168034.002094
2026-05-24 08:00:00,0.9751,0.9789,0.9725,0.9758,139819.641835
2026-05-24 09:00:00,0.9766,0.9773,0.9739,0.9754,105069.066099
2026-05-24 10:00:00,0.9754,0.9772,0.9666,0.9716,162540.69656
2026-05-24 11:00:00,0.9717,0.9731,0.9689,0.9713,84997.203711
2026-05-24 12:00:00,0.9717,0.9719,0.9642,0.9697,93039.956858
2026-05-24 13:00:00,0.9698,0.9711,0.956,0.9605,170524.321675
2026-05-24 14:00:00,0.9604,0.9621,0.9385,0.9546,482894.611722
2026-05-24 15:00:00,0.9548,0.9574,0.9536,0.9548,105484.572353
2026-05-24 16:00:00,0.9547,0.9603,0.9537,0.9581,84109.15891
2026-05-24 17:00:00,0.9583,0.9624,0.9581,0.9592,83748.148113
2026-05-24 18:00:00,0.9593,0.9606,0.9526,0.954,33514.736549
2026-05-24 19:00:00,0.9544,0.9559,0.9517,0.9532,28589.070771
2026-05-24 20:00:00,0.9542,0.9542,0.9495,0.9506,46554.581556
2026-05-24 21:00:00,0.9505,0.9538,0.9323,0.9377,403931.479217
2026-05-24 22:00:00,0.9375,0.954,0.9375,0.9495,133715.427832
2026-05-24 23:00:00,0.9497,0.9578,0.9497,0.9568,91260.839194
2026-05-25 00:00:00,0.9569,0.9635,0.9569,0.9613,157446.024901
2026-05-25 01:00:00,0.9613,0.9618,0.9505,0.951,151613.695596
2026-05-25 02:00:00,0.9519,0.9603,0.9518,0.9534,113497.684125
2026-05-25 03:00:00,0.9534,0.956,0.9514,0.955,69939.878353
2026-05-25 04:00:00,0.9548,0.9643,0.9542,0.9631,236122.581409
2026-05-25 05:00:00,0.9632,0.9714,0.9623,0.9678,182833.002136
2026-05-25 06:00:00,0.9677,0.9711,0.964,0.9699,143966.10896
2026-05-25 07:00:00,0.97,0.9784,0.966,0.9709,139648.785207
2026-05-25 08:00:00,0.9711,0.9732,0.9683,0.9718,75002.871417
2026-05-25 09:00:00,0.9715,0.972,0.9674,0.9715,130914.380694
2026-05-25 10:00:00,0.9715,0.9816,0.9705,0.9769,219224.049135
2026-05-25 11:00:00,0.9767,0.9769,0.97,0.9725,101070.815901
2026-05-25 12:00:00,0.9728,0.9763,0.968,0.9734,91801.179978
2026-05-25 13:00:00,0.973,0.98,0.9729,0.9789,111862.819666
2026-05-25 14:00:00,0.979,0.9859,0.979,0.9851,295244.696678
2026-05-25 15:00:00,0.9852,0.9945,0.9825,0.9935,263902.88986
2026-05-25 16:00:00,0.9937,1.0065,0.9902,1.0031,343580.350522
2026-05-25 17:00:00,1.0033,1.005,0.9965,1.0015,196906.819227
2026-05-25 18:00:00,1.0023,1.0059,0.9971,0.9993,118178.083197
2026-05-25 19:00:00,0.9994,0.9995,0.99,0.9961,195788.48869
2026-05-25 20:00:00,0.9959,1.001,0.9861,0.9885,95429.102063
2026-05-25 21:00:00,0.9885,0.9977,0.9885,0.9941,92603.411452
2026-05-25 22:00:00,0.9944,0.9949,0.9787,0.9807,129592.512634
2026-05-25 23:00:00,0.9805,0.9869,0.9792,0.9827,101690.433545
2026-05-26 00:00:00,0.9827,0.9842,0.9702,0.9795,147255.635857
2026-05-26 01:00:00,0.9795,0.9795,0.9671,0.974,236757.121983
2026-05-26 02:00:00,0.974,0.9764,0.9704,0.9741,153634.074854
2026-05-26 03:00:00,0.9739,0.9755,0.9685,0.9754,107633.293514
2026-05-26 04:00:00,0.9753,0.9868,0.9722,0.9853,205281.727563
2026-05-26 05:00:00,0.9855,1.0004,0.9827,0.9902,227809.901289
2026-05-26 06:00:00,0.9913,1.0003,0.9846,0.9935,262682.380991
2026-05-26 07:00:00,0.9937,0.995,0.9787,0.9869,144349.948635
2026-05-26 08:00:00,0.9868,0.9966,0.986,0.9951,177964.494552
2026-05-26 09:00:00,0.9952,1.0021,0.9915,0.9984,356875.684685
2026-05-26 10:00:00,0.9984,1.016,0.9926,1.014,595076.609808
2026-05-26 11:00:00,1.0135,1.0195,1.008,1.0123,443167.892773
2026-05-26 12:00:00,1.0123,1.0186,1.0087,1.0144,282908.842592
2026-05-26 13:00:00,1.0135,1.0429,1.0111,1.0357,662236.226912
2026-05-26 14:00:00,1.0356,1.0513,1.0164,1.0299,1049770.208677
2026-05-26 15:00:00,1.03,1.0396,1.009,1.0265,649757.815381
2026-05-26 16:00:00,1.0264,1.0264,1.0081,1.0232,386040.55016
2026-05-26 17:00:00,1.0232,1.0292,0.9888,1.0015,603113.595771
2026-05-26 18:00:00,1.0015,1.0175,0.9992,1.0067,172449.662676
2026-05-26 19:00:00,1.0072,1.0113,1.0015,1.0093,125624.468214
2026-05-26 20:00:00,1.01,1.0113,0.9977,1.0029,53838.430179
2026-05-26 21:00:00,1.003,1.0082,0.9954,0.998,118226.36868
2026-05-26 22:00:00,0.9981,1.0091,0.9965,1.0032,114680.26109
2026-05-26 23:00:00,1.0033,1.0146,1.0033,1.0094,136431.784164
2026-05-27 00:00:00,1.0094,1.0304,1.008,1.0287,323158.036922
2026-05-27 01:00:00,1.0288,1.0464,1.0155,1.0197,1308177.057256
2026-05-27 02:00:00,1.0197,1.022,1.0043,1.0197,686591.589785
2026-05-27 03:00:00,1.0196,1.0337,1.0091,1.0153,473814.647189
2026-05-27 04:00:00,1.0152,1.0164,0.9756,1.0076,1130225.146456
2026-05-27 05:00:00,1.0077,1.0329,1.0018,1.0313,528589.593282
2026-05-27 06:00:00,1.0322,1.0613,1.0232,1.0564,1442722.023439
2026-05-27 07:00:00,1.0561,1.0655,1.0272,1.0367,696533.905645
2026-05-27 08:00:00,1.037,1.057,1.0294,1.0326,631993.063871
2026-05-27 09:00:00,1.0323,1.0607,1.0279,1.043,626435.649126
2026-05-27 10:00:00,1.0422,1.0606,1.035,1.0552,346756.458169
2026-05-27 11:00:00,1.0554,1.069,1.043,1.045,494848.382575
2026-05-27 12:00:00,1.0454,1.0889,1.0369,1.0773,1180127.527297
2026-05-27 13:00:00,1.0773,1.0814,1.042,1.0729,1484394.028749
2026-05-27 14:00:00,1.0729,1.0916,1.0436,1.0589,1112522.371956
2026-05-27 15:00:00,1.0586,1.08,1.0531,1.0791,588690.270165
2026-05-27 16:00:00,1.0792,1.0988,1.0615,1.07,1109610.877364
2026-05-27 17:00:00,1.07,1.0708,1.0338,1.0409,715671.668836
2026-05-27 18:00:00,1.0407,1.062,1.0335,1.0589,413441.695089
2026-05-27 19:00:00,1.0604,1.0688,1.0563,1.0595,184423.278902
2026-05-27 20:00:00,1.0597,1.0684,1.0523,1.0629,141793.200411
2026-05-27 21:00:00,1.0623,1.0668,1.0295,1.0428,368720.939303
2026-05-27 22:00:00,1.0429,1.0526,1.0376,1.0386,290387.325324
2026-05-27 23:00:00,1.0377,1.0432,1.0216,1.0306,511684.696648
2026-05-28 00:00:00,1.0305,1.0433,1.026,1.0429,251378.489817
2026-05-28 01:00:00,1.0428,1.0515,1.0295,1.0496,398135.29788
2026-05-28 02:00:00,1.0512,1.0595,1.0284,1.031,403052.004046
2026-05-28 03:00:00,1.0292,1.0309,0.9801,0.9857,1329555.887897
2026-05-28 04:00:00,0.9856,0.9952,0.9647,0.9792,1336287.587254
2026-05-28 05:00:00,0.9798,0.9817,0.9578,0.9685,1182984.005608
2026-05-28 06:00:00,0.9684,0.9725,0.9559,0.9667,705304.671947
2026-05-28 07:00:00,0.9669,0.9758,0.9634,0.9753,315398.703421
2026-05-28 08:00:00,0.975,0.9774,0.9646,0.9671,215359.661303
2026-05-28 09:00:00,0.9678,0.9732,0.9626,0.9694,201068.249582
2026-05-28 10:00:00,0.969,0.9739,0.9497,0.9513,661088.135695
2026-05-28 11:00:00,0.9512,0.9548,0.944,0.9457,419379.407651
2026-05-28 12:00:00,0.9457,0.9548,0.9401,0.9542,594741.132965
2026-05-28 13:00:00,0.955,0.9567,0.9436,0.9481,391297.468461
2026-05-28 14:00:00,0.9479,0.958,0.936,0.9429,1345752.669446
2026-05-28 15:00:00,0.943,0.9446,0.9301,0.941,451548.895459
2026-05-28 16:00:00,0.9407,0.975,0.9354,0.97,657171.098281
2026-05-28 17:00:00,0.97,0.9765,0.9644,0.9719,201869.821824
2026-05-28 18:00:00,0.9717,0.9824,0.969,0.9706,245512.078415
2026-05-28 19:00:00,0.9707,0.972,0.9603,0.9608,111408.219082
2026-05-28 20:00:00,0.9611,0.9666,0.9522,0.9582,218358.319203
2026-05-28 21:00:00,0.9589,0.9694,0.9557,0.9617,120919.227443
2026-05-28 22:00:00,0.9617,0.9643,0.9458,0.9496,313487.015908
2026-05-28 23:00:00,0.9498,0.9619,0.9488,0.9598,180301.793287
2026-05-29 00:00:00,0.9598,0.979,0.9598,0.9784,250225.329259
2026-05-29 01:00:00,0.979,0.9916,0.9695,0.9817,518780.468066
2026-05-29 02:00:00,0.9818,0.986,0.9624,0.9652,242754.554808
2026-05-29 03:00:00,0.9651,0.9746,0.9637,0.9637,185884.886797
2026-05-29 04:00:00,0.9645,0.9696,0.9553,0.9685,294958.355042
2026-05-29 05:00:00,0.9688,0.9714,0.9589,0.9669,217238.82922
2026-05-29 06:00:00,0.9663,0.9754,0.9607,0.9645,156512.786708
2026-05-29 07:00:00,0.9638,0.9675,0.949,0.9581,357517.471594
2026-05-29 08:00:00,0.9582,0.9676,0.9558,0.9571,270106.37581
2026-05-29 09:00:00,0.9574,0.9686,0.9556,0.9644,208394.777974
2026-05-29 10:00:00,0.9642,0.9644,0.9497,0.9511,213403.426539
2026-05-29 11:00:00,0.95,0.9539,0.9388,0.9455,377653.379089
2026-05-29 12:00:00,0.9457,0.947,0.9311,0.9365,404611.0916
2026-05-29 13:00:00,0.9363,0.9446,0.925,0.9422,613319.70948
2026-05-29 14:00:00,0.9424,0.956,0.9284,0.9513,336809.298078
2026-05-29 15:00:00,0.951,0.985,0.9477,0.9728,1248603.936143
2026-05-29 16:00:00,0.9727,0.9794,0.9613,0.9747,320163.306733
2026-05-29 17:00:00,0.9753,0.9868,0.9707,0.9766,297533.479771
2026-05-29 18:00:00,0.9765,0.9795,0.9592,0.9631,233261.327914
2026-05-29 19:00:00,0.9632,0.9726,0.9531,0.9657,212095.50428
2026-05-29 20:00:00,0.9658,0.9667,0.9579,0.9599,80856.107611
2026-05-29 21:00:00,0.96,0.9679,0.9493,0.9494,121377.631102
2026-05-29 22:00:00,0.9494,0.961,0.9463,0.9582,198750.660001
2026-05-29 23:00:00,0.9584,0.9623,0.953,0.9564,89681.071379
2026-05-30 00:00:00,0.9565,0.9642,0.9558,0.9624,100336.516133
2026-05-30 01:00:00,0.9635,0.9868,0.9608,0.983,470315.041137
2026-05-30 02:00:00,0.9814,1.0032,0.981,1.0019,669864.708515
2026-05-30 03:00:00,1.0017,1.0169,0.9949,1.0,652160.236236
2026-05-30 04:00:00,0.9993,1.0026,0.97,0.982,710537.670042
2026-05-30 05:00:00,0.9819,0.9896,0.9805,0.9878,251186.008342
2026-05-30 06:00:00,0.989,0.9903,0.9721,0.9749,238835.864164
2026-05-30 07:00:00,0.9749,0.9832,0.973,0.9818,166385.452861
2026-05-30 08:00:00,0.982,0.9837,0.9775,0.9792,89037.388942
2026-05-30 09:00:00,0.979,0.9865,0.9775,0.9805,99688.022411
2026-05-30 10:00:00,0.9805,0.9817,0.9782,0.9789,70158.29889
2026-05-30 11:00:00,0.9785,0.9819,0.9735,0.9798,138970.602643
2026-05-30 12:00:00,0.9795,0.98,0.974,0.9796,120418.630568
2026-05-30 13:00:00,0.98,0.9829,0.9685,0.9819,211744.18574
2026-05-30 14:00:00,0.9823,0.9897,0.9777,0.9817,211475.525745
2026-05-30 15:00:00,0.9822,0.9852,0.9701,0.9733,332928.854241
2026-05-30 16:00:00,0.9735,0.9783,0.9708,0.9773,90769.817503
2026-05-30 17:00:00,0.9774,0.9787,0.9696,0.9771,131480.790123
2026-05-30 18:00:00,0.9769,0.9834,0.9746,0.9807,85107.586995
2026-05-30 19:00:00,0.9807,0.9905,0.9771,0.9817,346495.06929
2026-05-30 20:00:00,0.9823,0.9925,0.9799,0.9863,153219.316872
2026-05-30 21:00:00,0.9866,0.9908,0.9845,0.9858,116656.805992
2026-05-30 22:00:00,0.9854,0.9855,0.9632,0.9701,260678.265904
2026-05-30 23:00:00,0.9698,0.9738,0.9685,0.9737,77345.757988
2026-05-31 00:00:00,0.974,0.977,0.9639,0.9721,198832.662131
2026-05-31 01:00:00,0.9727,0.9765,0.9702,0.9714,73773.687929
2026-05-31 02:00:00,0.9712,0.9804,0.9682,0.9761,116117.592659
2026-05-31 03:00:00,0.976,0.9796,0.9748,0.9779,113232.909251
2026-05-31 04:00:00,0.9779,0.9854,0.9769,0.9842,145120.029674
2026-05-31 05:00:00,0.984,0.9843,0.9699,0.9718,130304.818128
2026-05-31 06:00:00,0.9709,0.9714,0.9668,0.9682,125537.035521
2026-05-31 07:00:00,0.968,0.968,0.954,0.9617,303086.131225
2026-05-31 08:00:00,0.9618,0.965,0.9584,0.9616,127192.882187
2026-05-31 09:00:00,0.9615,0.9679,0.9605,0.9619,117688.653873
2026-05-31 10:00:00,0.9615,0.9624,0.9542,0.9621,105021.978453
2026-05-31 11:00:00,0.9624,0.9648,0.9597,0.961,78959.046722
2026-05-31 12:00:00,0.9601,0.9643,0.9566,0.9617,63132.506402
2026-05-31 13:00:00,0.9621,0.9632,0.956,0.957,101469.165953
2026-05-31 14:00:00,0.9566,0.9566,0.937,0.9403,571949.51835
2026-05-31 15:00:00,0.9403,0.9491,0.9352,0.9366,394412.620572
2026-05-31 16:00:00,0.9367,0.94,0.9235,0.9281,501357.507135
2026-05-31 17:00:00,0.9283,0.9311,0.9238,0.9299,224278.901616
2026-05-31 18:00:00,0.9302,0.9302,0.9244,0.9256,112478.90502
2026-05-31 19:00:00,0.9255,0.9272,0.9125,0.9208,428878.89016
2026-05-31 20:00:00,0.9208,0.9297,0.9208,0.9283,116577.29702
2026-05-31 21:00:00,0.9283,0.9378,0.9273,0.9342,210959.092584
2026-05-31 22:00:00,0.9343,0.9415,0.93,0.9382,236962.59902
2026-05-31 23:00:00,0.9392,0.9459,0.9284,0.9373,214524.209922
2026-06-01 00:00:00,0.9377,0.9538,0.9368,0.949,401257.370238
2026-06-01 01:00:00,0.9491,0.9511,0.9295,0.9296,244660.678012
2026-06-01 02:00:00,0.9293,0.9596,0.9259,0.955,440928.523839
2026-06-01 03:00:00,0.9557,0.9598,0.9507,0.9535,249057.236465
2026-06-01 04:00:00,0.9537,0.958,0.9377,0.9436,283695.638861
2026-06-01 05:00:00,0.9433,0.9441,0.93,0.9377,248681.148939
2026-06-01 06:00:00,0.9378,0.9394,0.9229,0.9283,264115.133874
2026-06-01 07:00:00,0.9285,0.9319,0.9186,0.9206,361035.216768
2026-06-01 08:00:00,0.9208,0.9234,0.9133,0.9208,244857.876389
2026-06-01 09:00:00,0.9212,0.9253,0.9175,0.9216,214707.56046
2026-06-01 10:00:00,0.9219,0.9254,0.9162,0.9229,223278.31444
2026-06-01 11:00:00,0.9234,0.9283,0.9168,0.92,187600.073508
2026-06-01 12:00:00,0.9203,0.9239,0.9048,0.916,543123.512781
2026-06-01 13:00:00,0.9161,0.9164,0.8949,0.9056,994334.024146
2026-06-01 14:00:00,0.9061,0.9095,0.8988,0.9089,363076.744009
2026-06-01 15:00:00,0.9089,0.9144,0.8997,0.9077,376827.298973
2026-06-01 16:00:00,0.9075,0.9307,0.9019,0.9272,544405.879059
2026-06-01 17:00:00,0.9288,0.949,0.9265,0.943,541290.948598
2026-06-01 18:00:00,0.9432,0.9583,0.9394,0.9473,337383.309894
2026-06-01 19:00:00,0.9473,0.9735,0.9445,0.973,541680.220472
2026-06-01 20:00:00,0.9735,0.9741,0.9586,0.9636,352982.684944
2026-06-01 21:00:00,0.9636,0.9637,0.9503,0.9507,425862.622457
2026-06-01 22:00:00,0.9506,0.96,0.9441,0.9569,346477.717818
2026-06-01 23:00:00,0.957,0.9599,0.9515,0.9567,342172.946914
2026-06-02 00:00:00,0.9561,0.9576,0.947,0.952,253465.927158
2026-06-02 01:00:00,0.9517,0.9578,0.936,0.9376,371767.993947
2026-06-02 02:00:00,0.9378,0.9509,0.9281,0.9509,371752.948102
2026-06-02 03:00:00,0.9509,0.9585,0.9481,0.9554,243112.417022
2026-06-02 04:00:00,0.956,0.958,0.9461,0.9475,198376.744485
2026-06-02 05:00:00,0.9465,0.9495,0.9324,0.9331,262169.815993
2026-06-02 06:00:00,0.9331,0.9335,0.923,0.9269,306832.569233
2026-06-02 07:00:00,0.927,0.9357,0.92,0.9312,297321.77108
2026-06-02 08:00:00,0.9311,0.9369,0.9298,0.9354,223372.088591
2026-06-02 09:00:00,0.9356,0.936,0.9267,0.9291,143775.158244
2026-06-02 10:00:00,0.9292,0.9389,0.9264,0.9375,142435.522744
2026-06-02 11:00:00,0.9374,0.94,0.9283,0.9336,253761.419266
2026-06-02 12:00:00,0.9334,0.9452,0.9296,0.94,364742.681613
2026-06-02 13:00:00,0.9398,0.9448,0.936,0.9373,496955.275413
2026-06-02 14:00:00,0.9375,0.9395,0.892,0.912,1748637.463931
2026-06-02 15:00:00,0.9119,0.9124,0.8769,0.8862,1598893.944422
2026-06-02 16:00:00,0.8861,0.906,0.8813,0.894,906568.336303
2026-06-02 17:00:00,0.8946,0.9055,0.8944,0.9015,222152.031724
2026-06-02 18:00:00,0.9023,0.9066,0.868,0.8757,709690.793009
2026-06-02 19:00:00,0.8758,0.8786,0.85,0.869,1070943.772212
2026-06-02 20:00:00,0.8695,0.8787,0.8615,0.877,296221.097295
2026-06-02 21:00:00,0.8772,0.889,0.8753,0.8782,273192.37262
2026-06-02 22:00:00,0.8783,0.8821,0.8579,0.861,475309.743551
2026-06-02 23:00:00,0.8611,0.8698,0.8427,0.863,977231.392173
2026-06-03 00:00:00,0.8632,0.8805,0.8632,0.8764,373964.036846
2026-06-03 01:00:00,0.8756,0.8805,0.8671,0.8792,229178.401191
2026-06-03 02:00:00,0.8792,0.8803,0.8724,0.8802,123294.769383
2026-06-03 03:00:00,0.8802,0.8837,0.8503,0.8573,697591.28229
2026-06-03 04:00:00,0.8574,0.8852,0.8572,0.883,519405.817731
2026-06-03 05:00:00,0.8832,0.897,0.8817,0.8909,409196.247484
2026-06-03 06:00:00,0.8909,0.9044,0.8855,0.8978,465123.539323
2026-06-03 07:00:00,0.8977,0.904,0.8941,0.9003,271005.814283
2026-06-03 08:00:00,0.8995,0.9033,0.895,0.8978,191428.561686
2026-06-03 09:00:00,0.8975,0.9002,0.8908,0.8952,286223.042373
2026-06-03 10:00:00,0.8954,0.9501,0.8954,0.9459,1339251.326455
2026-06-03 11:00:00,0.9457,0.9725,0.9415,0.9651,2159492.184254
2026-06-03 12:00:00,0.9651,0.9754,0.9493,0.9576,1352105.685108
2026-06-03 13:00:00,0.9584,0.9727,0.9506,0.9587,822772.833669
2026-06-03 14:00:00,0.9581,0.9985,0.9474,0.9951,1193410.253617
2026-06-03 15:00:00,0.9954,0.9994,0.9742,0.9898,1164581.939987
2026-06-03 16:00:00,0.9899,0.9925,0.9369,0.951,1321908.568113
2026-06-03 17:00:00,0.9511,0.9581,0.9357,0.9447,500603.449988
2026-06-03 18:00:00,0.9445,0.947,0.9268,0.94,457671.646332
2026-06-03 19:00:00,0.9408,0.9443,0.9258,0.931,263641.28448
2026-06-03 20:00:00,0.9307,0.9443,0.9054,0.912,544101.959681
2026-06-03 21:00:00,0.9119,0.9499,0.9101,0.9471,453417.847836
2026-06-03 22:00:00,0.9471,0.9537,0.9353,0.9415,293432.094567
2026-06-03 23:00:00,0.9415,0.9415,0.9266,0.927,236680.720657
2026-06-04 00:00:00,0.9265,0.9382,0.9151,0.9194,526769.222799
2026-06-04 01:00:00,0.9193,0.9255,0.8834,0.8855,1222461.931279
2026-06-04 02:00:00,0.8857,0.8893,0.8269,0.8749,2734449.222969
2026-06-04 03:00:00,0.875,0.8986,0.875,0.8934,791881.55277
2026-06-04 04:00:00,0.8941,0.8963,0.874,0.876,595823.367418
2026-06-04 05:00:00,0.8758,0.8758,0.8539,0.8656,763385.752197
2026-06-04 06:00:00,0.8652,0.8836,0.8575,0.8723,642122.945767
2026-06-04 07:00:00,0.8726,0.8748,0.8502,0.8524,633354.3405
2026-06-04 08:00:00,0.8524,0.8647,0.8455,0.8598,761411.140806
2026-06-04 09:00:00,0.8602,0.8604,0.8281,0.8439,1095861.418684
2026-06-04 10:00:00,0.8442,0.852,0.8321,0.8371,801549.899992
2026-06-04 11:00:00,0.8367,0.8492,0.832,0.8479,707558.928259
2026-06-04 12:00:00,0.8485,0.8717,0.8357,0.87,894112.985226
2026-06-04 13:00:00,0.87,0.8761,0.8535,0.8715,600485.61124
2026-06-04 14:00:00,0.8724,0.8754,0.8617,0.8711,317679.055905
2026-06-04 15:00:00,0.8711,0.8914,0.8694,0.8873,692486.192669
2026-06-04 16:00:00,0.887,0.8975,0.8817,0.8919,546309.019912
2026-06-04 17:00:00,0.8915,0.8981,0.8707,0.8781,422751.212147
2026-06-04 18:00:00,0.879,0.903,0.8712,0.8982,401895.354772
2026-06-04 19:00:00,0.8981,0.9025,0.8897,0.8943,184872.385673
2026-06-04 20:00:00,0.8945,0.8949,0.8797,0.8906,189434.594942
2026-06-04 21:00:00,0.8901,0.9013,0.8461,0.8516,821799.354411
2026-06-04 22:00:00,0.8511,0.8658,0.8415,0.8639,368393.385942
2026-06-04 23:00:00,0.8634,0.8703,0.8546,0.8661,244957.851937
2026-06-05 00:00:00,0.8659,0.8759,0.8484,0.8492,326628.699962
2026-06-05 01:00:00,0.8491,0.871,0.8415,0.8612,408701.617956
2026-06-05 02:00:00,0.8613,0.8614,0.8238,0.8283,532793.495532
2026-06-05 03:00:00,0.8286,0.8417,0.8209,0.8296,599741.509246
2026-06-05 04:00:00,0.8303,0.8517,0.8267,0.8492,539820.436836
2026-06-05 05:00:00,0.8498,0.8536,0.815,0.8196,891110.29593
2026-06-05 06:00:00,0.8196,0.8232,0.7642,0.7956,3666583.256301
2026-06-05 07:00:00,0.7957,0.8098,0.7702,0.8061,980568.242616
2026-06-05 08:00:00,0.8063,0.8065,0.7796,0.7824,491252.956938
2026-06-05 09:00:00,0.7825,0.8046,0.7823,0.8042,637785.020754
2026-06-05 10:00:00,0.8042,0.8059,0.7827,0.7867,415604.173921
2026-06-05 11:00:00,0.7865,0.7868,0.7756,0.7837,606445.354315
2026-06-05 12:00:00,0.7835,0.7892,0.771,0.7875,591114.13698
2026-06-05 13:00:00,0.7874,0.8028,0.7618,0.7635,701691.772569
2026-06-05 14:00:00,0.7633,0.7948,0.7564,0.7829,783704.645352
2026-06-05 15:00:00,0.7828,0.7843,0.7256,0.7375,2050917.818078
2026-06-05 16:00:00,0.7371,0.747,0.7119,0.7383,2441040.423686
2026-06-05 17:00:00,0.7383,0.7433,0.7281,0.7393,725839.216676
2026-06-05 18:00:00,0.7391,0.7477,0.7105,0.7169,1479892.713462
2026-06-05 19:00:00,0.7158,0.7339,0.6998,0.7286,1432561.91925
2026-06-05 20:00:00,0.7287,0.7473,0.721,0.7442,728270.178587
2026-06-05 21:00:00,0.744,0.7501,0.7413,0.7436,493979.349013
2026-06-05 22:00:00,0.7436,0.7509,0.7329,0.7466,325572.841763
2026-06-05 23:00:00,0.7467,0.7493,0.7235,0.7343,423600.423482
2026-06-06 00:00:00,0.7342,0.7487,0.7341,0.743,290156.953386
2026-06-06 01:00:00,0.7431,0.7459,0.7296,0.7307,359119.707437
2026-06-06 02:00:00,0.7306,0.7341,0.7236,0.7252,419573.688694
2026-06-06 03:00:00,0.725,0.7255,0.7169,0.7186,507317.200718
2026-06-06 04:00:00,0.7188,0.7234,0.6752,0.6826,1964666.438355
2026-06-06 05:00:00,0.6828,0.7113,0.6701,0.7091,1161434.052636
2026-06-06 06:00:00,0.7094,0.721,0.7094,0.7117,745186.921427
2026-06-06 07:00:00,0.712,0.7266,0.7093,0.7245,543343.776823
2026-06-06 08:00:00,0.7242,0.7382,0.7221,0.7337,441155.203309
2026-06-06 09:00:00,0.734,0.7392,0.721,0.7231,402804.225911
2026-06-06 10:00:00,0.7232,0.7232,0.708,0.7191,777748.198163
2026-06-06 11:00:00,0.719,0.7272,0.717,0.7253,259965.781668
2026-06-06 12:00:00,0.7253,0.7346,0.7214,0.7311,348360.923965
2026-06-06 13:00:00,0.7315,0.7364,0.7269,0.7306,261213.304411
2026-06-06 14:00:00,0.7306,0.7359,0.7269,0.7269,273206.743651
2026-06-06 15:00:00,0.7274,0.729,0.7147,0.7269,543149.982804
2026-06-06 16:00:00,0.7268,0.7318,0.719,0.7275,186940.494405
2026-06-06 17:00:00,0.7271,0.7274,0.7157,0.7198,171725.145685
2026-06-06 18:00:00,0.7199,0.7339,0.7178,0.7287,237714.029992
2026-06-06 19:00:00,0.7287,0.7346,0.7234,0.7234,193483.885273
2026-06-06 20:00:00,0.7233,0.7282,0.722,0.7254,210771.06898
2026-06-06 21:00:00,0.7257,0.7318,0.7257,0.7279,183375.589325
2026-06-06 22:00:00,0.7277,0.7299,0.7233,0.7257,123759.093727
2026-06-06 23:00:00,0.7256,0.7356,0.7253,0.7315,114980.90583
2026-06-07 00:00:00,0.7317,0.7369,0.7284,0.7321,133959.907072
2026-06-07 01:00:00,0.7322,0.7511,0.7319,0.7495,465508.162692
2026-06-07 02:00:00,0.7496,0.7512,0.7425,0.7474,341892.764577
2026-06-07 03:00:00,0.7473,0.7518,0.7457,0.7489,426369.418958
2026-06-07 04:00:00,0.7488,0.749,0.7407,0.7468,300322.243622
2026-06-07 05:00:00,0.7467,0.7572,0.7446,0.752,468696.923582
2026-06-07 06:00:00,0.752,0.76,0.7482,0.7562,266497.371744
2026-06-07 07:00:00,0.7554,0.7604,0.7534,0.76,264486.521354
2026-06-07 08:00:00,0.76,0.7717,0.7539,0.7712,361951.309098
2026-06-07 09:00:00,0.7714,0.7729,0.7606,0.7612,357124.294465
2026-06-07 10:00:00,0.7612,0.7636,0.7564,0.7595,160230.273346
2026-06-07 11:00:00,0.7594,0.7766,0.7574,0.7728,378873.12346
2026-06-07 12:00:00,0.7729,0.7745,0.7481,0.7568,656854.596987
2026-06-07 13:00:00,0.7567,0.7593,0.7533,0.7561,192149.893253
2026-06-07 14:00:00,0.7562,0.7702,0.7547,0.768,305377.098712
2026-06-07 15:00:00,0.7679,0.771,0.7588,0.7649,484211.980453
2026-06-07 16:00:00,0.7648,0.7654,0.7578,0.7608,289420.685749
2026-06-07 17:00:00,0.7607,0.7664,0.7541,0.7594,139898.27478
2026-06-07 18:00:00,0.7594,0.763,0.7517,0.7527,148052.636438
2026-06-07 19:00:00,0.753,0.7547,0.7381,0.7427,657775.544182
2026-06-07 20:00:00,0.7425,0.7556,0.7402,0.7533,162772.159316
2026-06-07 21:00:00,0.7534,0.7562,0.7496,0.7525,114273.376752
2026-06-07 22:00:00,0.7526,0.8016,0.7523,0.7708,1228408.529045
2026-06-07 23:00:00,0.7705,0.776,0.7696,0.7732,314863.138223
2026-06-08 00:00:00,0.7735,0.7844,0.7688,0.7777,312699.307123
2026-06-08 01:00:00,0.7778,0.7789,0.76,0.7701,314518.872651
2026-06-08 02:00:00,0.771,0.7756,0.7681,0.77,201056.117694
2026-06-08 03:00:00,0.7704,0.7755,0.7665,0.7691,257801.82647
2026-06-08 04:00:00,0.7692,0.7698,0.7581,0.7581,247726.524345
2026-06-08 05:00:00,0.7582,0.7615,0.7552,0.7615,345971.573728
2026-06-08 06:00:00,0.7614,0.7687,0.7612,0.7647,241498.284057
2026-06-08 07:00:00,0.7647,0.77,0.7605,0.7686,186808.87938
2026-06-08 08:00:00,0.7686,0.7713,0.7615,0.7651,219287.022816
2026-06-08 09:00:00,0.7651,0.7746,0.7644,0.7746,305347.796095
2026-06-08 10:00:00,0.7746,0.7773,0.7681,0.7722,214929.271262
2026-06-08 11:00:00,0.7723,0.7867,0.7707,0.7798,380812.284167
2026-06-08 12:00:00,0.7801,0.7875,0.7702,0.7851,407710.220729
2026-06-08 13:00:00,0.785,0.7859,0.7787,0.7809,283047.744558
2026-06-08 14:00:00,0.7807,0.7825,0.7761,0.7805,348502.111251
2026-06-08 15:00:00,0.7816,0.7877,0.7803,0.7813,385879.791038
2026-06-08 16:00:00,0.7814,0.7914,0.78,0.781,356741.685295
2026-06-08 17:00:00,0.7812,0.7884,0.7776,0.7881,204028.963619
2026-06-08 18:00:00,0.7883,0.7918,0.7861,0.789,315294.59259
2026-06-08 19:00:00,0.7887,0.7916,0.7858,0.7874,194145.79041
2026-06-08 20:00:00,0.7875,0.7888,0.7797,0.7887,204195.190057
2026-06-08 21:00:00,0.7888,0.7929,0.7839,0.7841,171561.948611
2026-06-08 22:00:00,0.7838,0.7839,0.7754,0.7785,432333.794739
2026-06-08 23:00:00,0.7787,0.7813,0.7715,0.7761,161638.520588
2026-06-09 00:00:00,0.7759,0.7777,0.7559,0.7598,733136.746467
2026-06-09 01:00:00,0.7598,0.7678,0.7576,0.7648,328746.005788
2026-06-09 02:00:00,0.7648,0.7663,0.7559,0.7604,165763.910761
2026-06-09 03:00:00,0.7607,0.765,0.758,0.7639,188748.109213
2026-06-09 04:00:00,0.7638,0.7754,0.7609,0.7716,218959.848484
2026-06-09 05:00:00,0.7715,0.7799,0.7702,0.7749,216425.912671
2026-06-09 06:00:00,0.7749,0.7774,0.7707,0.7719,205905.423567
2026-06-09 07:00:00,0.7722,0.7772,0.7682,0.7721,132631.877858
2026-06-09 08:00:00,0.772,0.776,0.7671,0.7722,172674.820609
2026-06-09 09:00:00,0.7724,0.7741,0.765,0.7689,156278.520931
2026-06-09 10:00:00,0.7691,0.7711,0.7635,0.7668,149291.209533
2026-06-09 11:00:00,0.7663,0.7696,0.7636,0.7687,132617.083065
2026-06-09 12:00:00,0.7683,0.7754,0.768,0.7744,396371.312005
2026-06-09 13:00:00,0.7755,0.7828,0.7704,0.7786,804411.005215
2026-06-09 14:00:00,0.7778,0.7789,0.7501,0.7602,879437.13131
2026-06-09 15:00:00,0.7602,0.7652,0.7483,0.7513,449978.453465
2026-06-09 16:00:00,0.751,0.7552,0.7405,0.7495,488407.505504
2026-06-09 17:00:00,0.7496,0.7678,0.7489,0.7615,255374.843333
2026-06-09 18:00:00,0.7618,0.771,0.7594,0.7679,175551.575389
2026-06-09 19:00:00,0.768,0.7755,0.7668,0.7718,223700.149643
2026-06-09 20:00:00,0.7723,0.7784,0.7702,0.7728,189065.930917
2026-06-09 21:00:00,0.7737,0.775,0.7643,0.7649,132250.593913
2026-06-09 22:00:00,0.7651,0.7691,0.7612,0.7612,99474.108169
2026-06-09 23:00:00,0.7613,0.7656,0.7597,0.7626,204359.767711
2026-06-10 00:00:00,0.7625,0.7684,0.759,0.7683,158255.915198
2026-06-10 01:00:00,0.7682,0.7711,0.76,0.7658,192238.633265
2026-06-10 02:00:00,0.7659,0.7675,0.7508,0.7547,202108.390107
2026-06-10 03:00:00,0.7547,0.7612,0.7536,0.7572,133575.497121
2026-06-10 04:00:00,0.7574,0.7595,0.7494,0.753,116744.004906
2026-06-10 05:00:00,0.7533,0.7549,0.7478,0.7506,143536.605688
2026-06-10 06:00:00,0.7502,0.7559,0.748,0.7504,163409.179429
2026-06-10 07:00:00,0.7514,0.7597,0.7513,0.7553,167295.720316
2026-06-10 08:00:00,0.7555,0.7558,0.7457,0.747,160327.368181
2026-06-10 09:00:00,0.7471,0.7524,0.7381,0.75,392985.432068
2026-06-10 10:00:00,0.75,0.7517,0.7443,0.7502,162415.063214
2026-06-10 11:00:00,0.7503,0.7511,0.736,0.7409,393262.063358
2026-06-10 12:00:00,0.7409,0.7608,0.7377,0.7542,515007.150616
2026-06-10 13:00:00,0.754,0.7694,0.7519,0.7612,467246.3751
2026-06-10 14:00:00,0.7617,0.7624,0.7488,0.7532,390630.586508
2026-06-10 15:00:00,0.7533,0.76,0.7466,0.7562,369084.373062
2026-06-10 16:00:00,0.7563,0.7592,0.7438,0.7499,256685.320156
2026-06-10 17:00:00,0.75,0.7539,0.7391,0.7463,415177.732517
2026-06-10 18:00:00,0.7461,0.7489,0.74,0.7466,164571.152601
2026-06-10 19:00:00,0.7469,0.7475,0.735,0.7375,200293.240551
2026-06-10 20:00:00,0.7376,0.7398,0.7294,0.7324,340855.819743
2026-06-10 21:00:00,0.7322,0.7351,0.7226,0.7261,362829.155173
2026-06-10 22:00:00,0.7262,0.7324,0.7175,0.7254,463141.443235
2026-06-10 23:00:00,0.7255,0.7371,0.7223,0.7345,475851.598576
2026-06-11 00:00:00,0.7347,0.7414,0.7346,0.7397,171969.203896
2026-06-11 01:00:00,0.7399,0.7512,0.7398,0.7488,261172.07877
2026-06-11 02:00:00,0.7493,0.7497,0.7365,0.7414,324071.130718
2026-06-11 03:00:00,0.7414,0.7635,0.7406,0.7593,448085.163733
2026-06-11 04:00:00,0.7599,0.7664,0.7551,0.7611,171481.102954
2026-06-11 05:00:00,0.7614,0.7615,0.7554,0.7563,157902.313246
2026-06-11 06:00:00,0.756,0.7612,0.7532,0.7532,102990.193187
2026-06-11 07:00:00,0.7531,0.7573,0.7523,0.754,186400.738675
2026-06-11 08:00:00,0.7546,0.7611,0.7543,0.7584,233522.966343
2026-06-11 09:00:00,0.7587,0.7587,0.7493,0.7539,336720.329471
2026-06-11 10:00:00,0.7537,0.7555,0.7509,0.7544,177514.94058
2026-06-11 11:00:00,0.7542,0.7592,0.7519,0.756,206984.418026
2026-06-11 12:00:00,0.7559,0.756,0.743,0.7514,342915.206362
2026-06-11 13:00:00,0.7511,0.7587,0.748,0.7539,305746.992875
2026-06-11 14:00:00,0.754,0.7555,0.7484,0.7491,397878.639716
2026-06-11 15:00:00,0.7492,0.7556,0.7448,0.7536,207293.259687
2026-06-11 16:00:00,0.7537,0.7567,0.7495,0.7513,139233.876478
2026-06-11 17:00:00,0.7507,0.7733,0.7422,0.7713,511998.716167
2026-06-11 18:00:00,0.7715,0.7746,0.7641,0.7665,317987.392474
2026-06-11 19:00:00,0.7664,0.7711,0.763,0.765,227224.19606
2026-06-11 20:00:00,0.765,0.7665,0.7592,0.7625,169758.706839
2026-06-11 21:00:00,0.7626,0.7697,0.7626,0.7645,164167.890775
2026-06-11 22:00:00,0.7646,0.7658,0.7594,0.7608,117069.982553
2026-06-11 23:00:00,0.7603,0.7616,0.7554,0.7581,194282.975854
2026-06-12 00:00:00,0.7585,0.762,0.7559,0.7577,149194.607962
2026-06-12 01:00:00,0.7578,0.7581,0.7505,0.7571,157468.425579
2026-06-12 02:00:00,0.7575,0.7636,0.7567,0.7604,365257.553392
2026-06-12 03:00:00,0.7603,0.7627,0.7593,0.761,105731.636292
2026-06-12 04:00:00,0.761,0.7624,0.7579,0.7593,180556.118491
2026-06-12 05:00:00,0.7593,0.7597,0.7527,0.7531,179694.361458
2026-06-12 06:00:00,0.753,0.754,0.7428,0.7452,295472.117275
2026-06-12 07:00:00,0.7454,0.7525,0.7454,0.75,247283.762208
2026-06-12 08:00:00,0.7503,0.7575,0.7499,0.7545,217336.289101
2026-06-12 09:00:00,0.7544,0.7603,0.7526,0.7568,495652.314109
2026-06-12 10:00:00,0.7569,0.7607,0.753,0.7544,294410.833358
2026-06-12 11:00:00,0.7539,0.7572,0.7528,0.7544,99776.347727
2026-06-12 12:00:00,0.754,0.7603,0.7508,0.7534,200377.611511
2026-06-12 13:00:00,0.7533,0.7543,0.739,0.7453,961532.580636
2026-06-12 14:00:00,0.7454,0.7626,0.7446,0.762,399262.614666
2026-06-12 15:00:00,0.7618,0.7646,0.7441,0.7448,526914.183184
2026-06-12 16:00:00,0.745,0.7573,0.7423,0.7571,407802.104722
2026-06-12 17:00:00,0.7572,0.7611,0.7516,0.7522,128592.12316
2026-06-12 18:00:00,0.7522,0.7545,0.747,0.7505,110911.02511
2026-06-12 19:00:00,0.7505,0.7564,0.7495,0.7505,135455.354817
2026-06-12 20:00:00,0.7501,0.7546,0.7472,0.7486,139961.165798
2026-06-12 21:00:00,0.7487,0.7522,0.7446,0.7464,118579.73528
2026-06-12 22:00:00,0.7465,0.7503,0.7453,0.7473,117536.396133
2026-06-12 23:00:00,0.747,0.7493,0.7428,0.7493,149190.014598
2026-06-13 00:00:00,0.7494,0.7555,0.7484,0.7546,135869.056509
2026-06-13 01:00:00,0.7547,0.7655,0.7547,0.7644,320024.203348
2026-06-13 02:00:00,0.7644,0.7645,0.7579,0.7624,195733.976366
2026-06-13 03:00:00,0.7626,0.7636,0.7577,0.7589,199573.22821
2026-06-13 04:00:00,0.7588,0.7699,0.7568,0.7631,298866.435245
2026-06-13 05:00:00,0.7631,0.7642,0.7554,0.7599,212644.482664
2026-06-13 06:00:00,0.76,0.7754,0.758,0.7725,380633.181317
2026-06-13 07:00:00,0.7725,0.7814,0.7679,0.7754,520504.474744
2026-06-13 08:00:00,0.7753,0.7813,0.7743,0.7757,238340.479011
2026-06-13 09:00:00,0.7756,0.7847,0.775,0.7772,233165.701077
2026-06-13 10:00:00,0.7773,0.7802,0.7764,0.779,143298.475374
2026-06-13 11:00:00,0.7791,0.7866,0.7786,0.7833,198363.593609
2026-06-13 12:00:00,0.7834,0.7921,0.7816,0.788,238135.490923
2026-06-13 13:00:00,0.7878,0.7908,0.7832,0.7871,267591.614562
2026-06-13 14:00:00,0.7872,0.7898,0.7804,0.7863,224237.110191
2026-06-13 15:00:00,0.7867,0.7987,0.786,0.7923,350368.277529
2026-06-13 16:00:00,0.7926,0.793,0.7801,0.7865,349023.061111
2026-06-13 17:00:00,0.7865,0.7922,0.7815,0.7882,150809.161171
2026-06-13 18:00:00,0.788,0.7915,0.7844,0.7888,189360.785021
2026-06-13 19:00:00,0.7889,0.7943,0.7854,0.7887,168571.842294
2026-06-13 20:00:00,0.789,0.7891,0.7845,0.786,119204.738556
2026-06-13 21:00:00,0.7865,0.7933,0.7826,0.7905,154298.292134
2026-06-13 22:00:00,0.7909,0.791,0.7851,0.7855,126731.275733
2026-06-13 23:00:00,0.7851,0.7883,0.7837,0.785,138271.126106
2026-06-14 00:00:00,0.7847,0.786,0.7769,0.7801,256729.247687
2026-06-14 01:00:00,0.7799,0.7805,0.7754,0.7777,398954.29478
2026-06-14 02:00:00,0.7777,0.7818,0.7761,0.7765,373891.99951
2026-06-14 03:00:00,0.7765,0.7781,0.774,0.777,106873.748218
2026-06-14 04:00:00,0.7768,0.7787,0.7713,0.7719,106065.482278
2026-06-14 05:00:00,0.7718,0.7723,0.764,0.7718,234797.727914
2026-06-14 06:00:00,0.7718,0.7752,0.7671,0.7679,208490.24278
2026-06-14 07:00:00,0.7679,0.7691,0.7653,0.7682,118531.544795
2026-06-14 08:00:00,0.7682,0.7728,0.7671,0.7698,118813.545019
2026-06-14 09:00:00,0.77,0.7779,0.7688,0.7769,206806.296653
2026-06-14 10:00:00,0.7768,0.7789,0.7715,0.7719,142036.655473
2026-06-14 11:00:00,0.7716,0.7732,0.7695,0.7721,106479.011925
2026-06-14 12:00:00,0.7723,0.7731,0.7661,0.7676,129375.033213
2026-06-14 13:00:00,0.7675,0.7695,0.7631,0.7687,296922.60937
2026-06-14 14:00:00,0.7689,0.7696,0.7531,0.7598,385148.819041
2026-06-14 15:00:00,0.76,0.7613,0.7577,0.7606,166746.171134
2026-06-14 16:00:00,0.7604,0.7631,0.7587,0.7605,177750.550933
2026-06-14 17:00:00,0.7602,0.7621,0.7532,0.7548,186642.849406
2026-06-14 18:00:00,0.755,0.7578,0.7534,0.7565,41786.423739
2026-06-14 19:00:00,0.7565,0.7621,0.7553,0.7584,30298.969223
2026-06-14 20:00:00,0.7584,0.7645,0.7574,0.7624,79431.916707
2026-06-14 21:00:00,0.7622,0.7964,0.7621,0.79,740459.010117
2026-06-14 22:00:00,0.7903,0.7936,0.7825,0.788,1006423.107393
2026-06-14 23:00:00,0.7881,0.7968,0.7836,0.7944,514083.148694
2026-06-15 00:00:00,0.7942,0.7948,0.7879,0.7897,646110.577438
2026-06-15 01:00:00,0.7898,0.7928,0.7847,0.7908,210987.56236
2026-06-15 02:00:00,0.7907,0.799,0.7895,0.7962,348727.659264
2026-06-15 03:00:00,0.7961,0.8072,0.7933,0.8029,1052886.579371
2026-06-15 04:00:00,0.803,0.8105,0.8013,0.8028,461104.914179
2026-06-15 05:00:00,0.8024,0.8117,0.8002,0.8041,280632.990355
2026-06-15 06:00:00,0.804,0.8096,0.8016,0.8028,238557.902412
2026-06-15 07:00:00,0.8027,0.8073,0.7986,0.8005,448184.537265
2026-06-15 08:00:00,0.8006,0.8056,0.7994,0.8008,258974.381487
2026-06-15 09:00:00,0.8009,0.8034,0.7971,0.799,492358.517221
2026-06-15 10:00:00,0.7991,0.8125,0.7984,0.8063,372883.430637
2026-06-15 11:00:00,0.8063,0.8243,0.8054,0.8174,791521.87446
2026-06-15 12:00:00,0.8176,0.8183,0.8077,0.8148,739280.714465
2026-06-15 13:00:00,0.8147,0.823,0.8121,0.8165,608392.77707
2026-06-15 14:00:00,0.8165,0.8199,0.8116,0.814,241093.381746
2026-06-15 15:00:00,0.814,0.8181,0.8048,0.8153,463879.280243
2026-06-15 16:00:00,0.8149,0.8157,0.8101,0.8124,315950.236484
2026-06-15 17:00:00,0.8121,0.8192,0.8068,0.8145,302190.64947
2026-06-15 18:00:00,0.8146,0.8189,0.812,0.8123,193542.974974
2026-06-15 19:00:00,0.8124,0.8152,0.7948,0.8027,573862.152772
2026-06-15 20:00:00,0.8025,0.8069,0.8004,0.8027,152244.520531
2026-06-15 21:00:00,0.8033,0.8048,0.8005,0.8013,199480.352654
2026-06-15 22:00:00,0.8013,0.8027,0.786,0.7903,735229.667435
2026-06-15 23:00:00,0.7904,0.7964,0.7897,0.7959,282615.919238
2026-06-16 00:00:00,0.7959,0.7989,0.7925,0.7942,455029.682168
2026-06-16 01:00:00,0.7943,0.8,0.7934,0.7944,150012.58704
2026-06-16 02:00:00,0.7943,0.7961,0.7835,0.7876,761098.832323
2026-06-16 03:00:00,0.7897,0.7997,0.7889,0.7986,227202.693717
2026-06-16 04:00:00,0.7986,0.7987,0.7884,0.7912,542991.670165
2026-06-16 05:00:00,0.7911,0.7948,0.79,0.7932,70192.094201
2026-06-16 06:00:00,0.7931,0.7985,0.7923,0.7968,178453.428468
2026-06-16 07:00:00,0.7968,0.8017,0.7934,0.8016,220520.656107
2026-06-16 08:00:00,0.8014,0.8114,0.799,0.8109,491000.30986
2026-06-16 09:00:00,0.8108,0.811,0.8018,0.8033,201212.850636
2026-06-16 10:00:00,0.8033,0.8051,0.8006,0.8028,102096.429534
2026-06-16 11:00:00,0.8028,0.8038,0.7961,0.8006,209305.141911
2026-06-16 12:00:00,0.8007,0.8075,0.797,0.8039,203196.549834
2026-06-16 13:00:00,0.804,0.805,0.789,0.7926,368926.406669
2026-06-16 14:00:00,0.7926,0.7961,0.7738,0.7787,748952.83597
2026-06-16 15:00:00,0.7786,0.7872,0.7779,0.7844,279887.218213
2026-06-16 16:00:00,0.7842,0.7897,0.7815,0.7847,220117.232889
2026-06-16 17:00:00,0.7852,0.7928,0.7828,0.7924,159080.062946
2026-06-16 18:00:00,0.7928,0.8041,0.7919,0.7977,349947.286943
2026-06-16 19:00:00,0.7976,0.8019,0.7913,0.7996,280076.847951
2026-06-16 20:00:00,0.7996,0.8211,0.7969,0.8128,471989.13737
2026-06-16 21:00:00,0.8128,0.8132,0.8046,0.8092,458539.551038
2026-06-16 22:00:00,0.8091,0.8172,0.807,0.8166,371091.156871
2026-06-16 23:00:00,0.8166,0.8197,0.8058,0.8085,531802.846636
2026-06-17 00:00:00,0.8086,0.8184,0.8064,0.8159,327427.590899
2026-06-17 01:00:00,0.8164,0.8241,0.8076,0.8225,391235.351935
2026-06-17 02:00:00,0.8226,0.8309,0.8183,0.8261,424756.717256
2026-06-17 03:00:00,0.8263,0.8264,0.8137,0.8169,290278.60623
2026-06-17 04:00:00,0.817,0.8242,0.8131,0.8184,129329.200864
2026-06-17 05:00:00,0.8186,0.8216,0.8107,0.8159,117308.428187
2026-06-17 06:00:00,0.8159,0.8223,0.8123,0.8165,262618.124846
2026-06-17 07:00:00,0.8163,0.8249,0.8125,0.8158,509185.182728
2026-06-17 08:00:00,0.8159,0.8177,0.8011,0.8059,496185.936123
2026-06-17 09:00:00,0.8057,0.8138,0.8056,0.8109,188336.062111
2026-06-17 10:00:00,0.811,0.8168,0.8064,0.8091,297069.308004
2026-06-17 11:00:00,0.8092,0.8105,0.8025,0.803,247410.471035
2026-06-17 12:00:00,0.8028,0.813,0.7976,0.8124,329140.717466
2026-06-17 13:00:00,0.8123,0.8158,0.8069,0.8075,333878.588218
2026-06-17 14:00:00,0.8074,0.8196,0.8032,0.8102,378553.860433
2026-06-17 15:00:00,0.8103,0.8328,0.8091,0.8311,525157.846179
2026-06-17 16:00:00,0.8309,0.8314,0.8142,0.8156,606223.460387
2026-06-17 17:00:00,0.8151,0.8205,0.8084,0.8205,301359.107874
2026-06-17 18:00:00,0.8205,0.8221,0.795,0.812,952631.320188
2026-06-17 19:00:00,0.8117,0.8147,0.7812,0.7859,1311897.900776
2026-06-17 20:00:00,0.7861,0.7944,0.7836,0.7938,275506.109521
2026-06-17 21:00:00,0.7941,0.7955,0.7851,0.7883,257790.229839
2026-06-17 22:00:00,0.7883,0.7989,0.7763,0.7962,631115.297198
2026-06-17 23:00:00,0.796,0.8049,0.796,0.7984,168702.079411
2026-06-18 00:00:00,0.7986,0.8045,0.798,0.7994,188192.707618
2026-06-18 01:00:00,0.799,0.8086,0.7983,0.8,180227.219676
2026-06-18 02:00:00,0.8006,0.8048,0.7987,0.802,97467.118971
2026-06-18 03:00:00,0.8019,0.8024,0.7892,0.7919,216405.421136
2026-06-18 04:00:00,0.7921,0.7934,0.782,0.7838,393859.59502
2026-06-18 05:00:00,0.7836,0.7879,0.778,0.7879,230470.37978
2026-06-18 06:00:00,0.7879,0.7914,0.7838,0.7906,150890.987981
2026-06-18 07:00:00,0.7905,0.7946,0.7875,0.7907,189753.51966
2026-06-18 08:00:00,0.7905,0.798,0.7887,0.7938,121060.852405
2026-06-18 09:00:00,0.7939,0.801,0.7924,0.7979,77310.907711
2026-06-18 10:00:00,0.7978,0.7987,0.7936,0.7945,152478.139516
2026-06-18 11:00:00,0.7946,0.7968,0.7852,0.7867,123518.059915
2026-06-18 12:00:00,0.7869,0.7927,0.7841,0.7916,163615.929596
2026-06-18 13:00:00,0.7917,0.798,0.7807,0.7866,271939.396287
2026-06-18 14:00:00,0.7872,0.803,0.785,0.7966,397406.366545
2026-06-18 15:00:00,0.797,0.797,0.7555,0.7584,1328316.656707
2026-06-18 16:00:00,0.758,0.7698,0.7565,0.7683,419250.136493
2026-06-18 17:00:00,0.7687,0.7695,0.7582,0.7671,289411.278837
2026-06-18 18:00:00,0.7675,0.7752,0.7659,0.7711,201362.501127
2026-06-18 19:00:00,0.7712,0.7874,0.77,0.7827,405153.179503
2026-06-18 20:00:00,0.7827,0.7996,0.7827,0.7964,344833.393064
2026-06-18 21:00:00,0.7966,0.7975,0.786,0.7937,522410.107001
2026-06-18 22:00:00,0.7936,0.7997,0.7933,0.7976,225923.232299
2026-06-18 23:00:00,0.7975,0.7999,0.7925,0.7992,253074.753739
2026-06-19 00:00:00,0.7992,0.8033,0.7967,0.7975,226685.386492
2026-06-19 01:00:00,0.7975,0.7996,0.79,0.7922,350783.958227
2026-06-19 02:00:00,0.7924,0.7969,0.7893,0.7956,298742.91832
2026-06-19 03:00:00,0.7956,0.7963,0.7734,0.7824,865047.943691
2026-06-19 04:00:00,0.7826,0.7869,0.7691,0.7712,441913.581722
2026-06-19 05:00:00,0.7715,0.7787,0.7705,0.778,174224.494258
2026-06-19 06:00:00,0.7779,0.7817,0.7762,0.7797,172986.042794
2026-06-19 07:00:00,0.7791,0.7801,0.7661,0.7692,329735.292946
2026-06-19 08:00:00,0.7693,0.7746,0.7676,0.772,132039.679499
2026-06-19 09:00:00,0.7724,0.774,0.7661,0.7739,426979.701367
2026-06-19 10:00:00,0.7742,0.7753,0.7682,0.7729,127495.668088
2026-06-19 11:00:00,0.7729,0.7741,0.7676,0.7681,103201.485407
2026-06-19 12:00:00,0.7683,0.7763,0.7625,0.7753,297493.68316
2026-06-19 13:00:00,0.7754,0.7906,0.7732,0.7879,352516.000452
2026-06-19 14:00:00,0.7878,0.7952,0.7856,0.7882,263014.10015
2026-06-19 15:00:00,0.7882,0.8063,0.7857,0.8057,460085.00188
2026-06-19 16:00:00,0.8059,0.8079,0.7937,0.7963,524370.973677
2026-06-19 17:00:00,0.7967,0.8052,0.7935,0.7988,304203.635689
2026-06-19 18:00:00,0.7989,0.8008,0.7868,0.7909,162010.990188
2026-06-19 19:00:00,0.791,0.7913,0.7791,0.7829,488280.352895
2026-06-19 20:00:00,0.783,0.7922,0.7804,0.7915,146634.741017
2026-06-19 21:00:00,0.7913,0.7946,0.7868,0.7891,110672.929536
2026-06-19 22:00:00,0.789,0.7942,0.7886,0.7905,118865.775991
2026-06-19 23:00:00,0.7908,0.7945,0.7876,0.7921,125733.214426
2026-06-20 00:00:00,0.7919,0.799,0.7887,0.7896,165601.915485
2026-06-20 01:00:00,0.7894,0.7937,0.787,0.7924,184107.380739
2026-06-20 02:00:00,0.7926,0.7937,0.7841,0.7846,201887.211268
2026-06-20 03:00:00,0.7846,0.7887,0.7837,0.7864,218408.932406
2026-06-20 04:00:00,0.7864,0.79,0.7854,0.7894,123721.174883
2026-06-20 05:00:00,0.7894,0.7977,0.7881,0.7912,195601.632798
2026-06-20 06:00:00,0.7911,0.7923,0.7883,0.7919,52424.793701
2026-06-20 07:00:00,0.7917,0.7926,0.7854,0.786,138501.762816
2026-06-20 08:00:00,0.7858,0.7879,0.7817,0.7862,81413.626852
2026-06-20 09:00:00,0.7868,0.7922,0.7863,0.7895,87342.978504
2026-06-20 10:00:00,0.7896,0.792,0.7844,0.7866,79978.857732
2026-06-20 11:00:00,0.7867,0.7875,0.7837,0.7839,90161.355676
2026-06-20 12:00:00,0.784,0.7863,0.7831,0.7854,104172.024475
2026-06-20 13:00:00,0.7853,0.7854,0.7778,0.7817,136578.323665
2026-06-20 14:00:00,0.7806,0.7933,0.7741,0.7871,428484.463435
2026-06-20 15:00:00,0.7871,0.7939,0.7844,0.7926,219368.111425
2026-06-20 16:00:00,0.7927,0.7927,0.7853,0.7892,111815.013757
2026-06-20 17:00:00,0.7894,0.7894,0.7765,0.7816,170327.864057
2026-06-20 18:00:00,0.7817,0.7854,0.7803,0.7806,63670.76123
2026-06-20 19:00:00,0.7806,0.7831,0.78,0.7814,33095.855615
2026-06-20 20:00:00,0.7815,0.7823,0.7784,0.7805,30891.707713
2026-06-20 21:00:00,0.7804,0.7853,0.78,0.7834,62189.848547
2026-06-20 22:00:00,0.7834,0.7899,0.782,0.7877,107234.93546
2026-06-20 23:00:00,0.7878,0.7904,0.7867,0.7873,68304.273139
2026-06-21 00:00:00,0.7871,0.7887,0.785,0.7874,115121.018185
2026-06-21 01:00:00,0.7875,0.79,0.786,0.7873,35898.389158
2026-06-21 02:00:00,0.7873,0.7887,0.7854,0.7873,94164.523877
2026-06-21 03:00:00,0.7869,0.7963,0.7865,0.795,146941.395033
2026-06-21 04:00:00,0.7953,0.7957,0.7882,0.7886,90814.888236
2026-06-21 05:00:00,0.7886,0.7903,0.7863,0.7886,88669.035939
2026-06-21 06:00:00,0.7881,0.7958,0.7875,0.7948,103880.46271
2026-06-21 07:00:00,0.7946,0.7988,0.7925,0.7963,194622.204091
2026-06-21 08:00:00,0.7967,0.7995,0.788,0.7995,245222.580864
2026-06-21 09:00:00,0.7996,0.8005,0.7941,0.7999,147212.43835
2026-06-21 10:00:00,0.7998,0.8057,0.7971,0.8047,336565.813066
2026-06-21 11:00:00,0.8048,0.8098,0.8001,0.8053,607809.313267
2026-06-21 12:00:00,0.8053,0.8108,0.7987,0.8086,482718.740507
2026-06-21 13:00:00,0.8085,0.8257,0.8056,0.8111,585279.063007
2026-06-21 14:00:00,0.8109,0.8141,0.8037,0.8082,285908.737873
2026-06-21 15:00:00,0.8082,0.8173,0.8068,0.8145,327185.840901
2026-06-21 16:00:00,0.8146,0.8149,0.8068,0.809,259380.093593
2026-06-21 17:00:00,0.8088,0.8105,0.8012,0.803,144457.792554
2026-06-21 18:00:00,0.8025,0.8073,0.7996,0.8047,152178.362356
2026-06-21 19:00:00,0.8047,0.8067,0.8013,0.8024,63533.495976
2026-06-21 20:00:00,0.802,0.8022,0.795,0.7967,171704.449275
2026-06-21 21:00:00,0.7969,0.7973,0.7818,0.792,710759.707794
2026-06-21 22:00:00,0.792,0.7943,0.7864,0.7904,164228.032357
2026-06-21 23:00:00,0.7903,0.7903,0.7801,0.7825,461828.750672
2026-06-22 00:00:00,0.7826,0.7987,0.7819,0.7982,296607.743459
2026-06-22 01:00:00,0.7987,0.8207,0.7963,0.8146,547212.338509
2026-06-22 02:00:00,0.815,0.8152,0.8076,0.8095,131007.199211
2026-06-22 03:00:00,0.8096,0.8133,0.8033,0.8063,191131.021058
2026-06-22 04:00:00,0.8062,0.8084,0.8022,0.805,158734.557677
2026-06-22 05:00:00,0.805,0.8095,0.8045,0.8073,136809.638241
2026-06-22 06:00:00,0.8073,0.809,0.8015,0.8027,200621.107381
2026-06-22 07:00:00,0.8028,0.811,0.8025,0.8066,214491.25056
2026-06-22 08:00:00,0.8063,0.8095,0.8025,0.808,187717.932342
2026-06-22 09:00:00,0.8081,0.8083,0.8017,0.8038,80864.617068
2026-06-22 10:00:00,0.8038,0.8059,0.7985,0.8013,93401.490435
2026-06-22 11:00:00,0.8013,0.8144,0.8004,0.8112,359386.602438
2026-06-22 12:00:00,0.8113,0.8131,0.8087,0.8124,298360.133608
2026-06-22 13:00:00,0.8121,0.8198,0.8091,0.8171,290328.04965
2026-06-22 14:00:00,0.8174,0.8176,0.8016,0.8055,282564.43236
2026-06-22 15:00:00,0.8059,0.8155,0.803,0.8044,197809.830514
2026-06-22 16:00:00,0.8047,0.8126,0.8019,0.8117,156768.39724
2026-06-22 17:00:00,0.8118,0.8131,0.8008,0.8031,156875.902151
2026-06-22 18:00:00,0.8029,0.8051,0.7918,0.7926,214366.355309
2026-06-22 19:00:00,0.7924,0.7937,0.7876,0.791,244904.087312
2026-06-22 20:00:00,0.791,0.7967,0.7909,0.7941,46916.871408
2026-06-22 21:00:00,0.794,0.7948,0.7837,0.787,218613.96851
2026-06-22 22:00:00,0.7871,0.7919,0.78,0.7854,449840.304546
2026-06-22 23:00:00,0.7853,0.7901,0.7832,0.7888,147440.810994
2026-06-23 00:00:00,0.7887,0.7961,0.7843,0.7959,174072.400499
2026-06-23 01:00:00,0.7958,0.8009,0.7893,0.7983,231389.216734
2026-06-23 02:00:00,0.7983,0.7994,0.7916,0.7976,167904.094653
2026-06-23 03:00:00,0.7975,0.8036,0.7938,0.8034,259457.399483
2026-06-23 04:00:00,0.8033,0.804,0.7939,0.796,186828.735771
2026-06-23 05:00:00,0.7944,0.7968,0.787,0.7929,284460.505829
2026-06-23 06:00:00,0.7931,0.7931,0.765,0.7754,1700910.696023
2026-06-23 07:00:00,0.7751,0.7773,0.7675,0.768,307002.425454
2026-06-23 08:00:00,0.7683,0.7721,0.7376,0.7475,2433123.003067
2026-06-23 09:00:00,0.7476,0.7532,0.7472,0.7519,172699.44388
2026-06-23 10:00:00,0.7518,0.7558,0.7494,0.7522,258146.647918
2026-06-23 11:00:00,0.7519,0.7602,0.7505,0.7578,217707.691811
2026-06-23 12:00:00,0.7581,0.7593,0.7546,0.7573,172632.760505
2026-06-23 13:00:00,0.7573,0.7762,0.7562,0.7744,498562.289836
2026-06-23 14:00:00,0.7743,0.7835,0.7716,0.7735,525474.051495
2026-06-23 15:00:00,0.7734,0.7734,0.7622,0.7695,433817.672414
2026-06-23 16:00:00,0.7692,0.7774,0.7674,0.7708,194833.361824
2026-06-23 17:00:00,0.7707,0.7718,0.7634,0.764,164562.934062
2026-06-23 18:00:00,0.765,0.7716,0.7646,0.7703,153775.487025
2026-06-23 19:00:00,0.7705,0.7795,0.7705,0.7776,241919.945208
2026-06-23 20:00:00,0.7775,0.802,0.7775,0.8005,904257.094953
2026-06-23 21:00:00,0.8004,0.8056,0.7892,0.7928,893076.605816
2026-06-23 22:00:00,0.7929,0.7964,0.7874,0.7881,338382.054116
2026-06-23 23:00:00,0.788,0.7892,0.7839,0.7886,151951.130956
2026-06-24 00:00:00,0.7882,0.7917,0.7868,0.791,242008.20203
2026-06-24 01:00:00,0.7911,0.7951,0.7862,0.7905,290885.568535
2026-06-24 02:00:00,0.7907,0.7944,0.7877,0.7878,161151.278724
2026-06-24 03:00:00,0.7879,0.7885,0.7815,0.7832,171957.252673
2026-06-24 04:00:00,0.7832,0.7848,0.7729,0.7812,238990.815063
2026-06-24 05:00:00,0.781,0.7867,0.7799,0.7863,180207.910812
2026-06-24 06:00:00,0.7862,0.7867,0.7801,0.7826,111134.33235
2026-06-24 07:00:00,0.7824,0.7836,0.7762,0.7773,146079.045815
2026-06-24 08:00:00,0.7774,0.7809,0.775,0.7765,121378.585949
2026-06-24 09:00:00,0.7763,0.7784,0.7748,0.7775,109649.104739
2026-06-24 10:00:00,0.7771,0.7781,0.769,0.7711,238788.198963
2026-06-24 11:00:00,0.771,0.7834,0.7657,0.7758,228227.378577
2026-06-24 12:00:00,0.7761,0.7787,0.7696,0.7711,183589.441563
2026-06-24 13:00:00,0.7713,0.7713,0.7504,0.7569,579637.960775
2026-06-24 14:00:00,0.7568,0.764,0.7528,0.7622,368392.813872
2026-06-24 15:00:00,0.7624,0.7624,0.7353,0.7399,840487.013973
2026-06-24 16:00:00,0.7396,0.7502,0.7091,0.7178,1451531.111549
2026-06-24 17:00:00,0.7183,0.7226,0.6981,0.7012,1269261.714613
2026-06-24 18:00:00,0.7011,0.7183,0.7001,0.7103,448578.790568
2026-06-24 19:00:00,0.7105,0.7213,0.7074,0.7205,254713.365824
2026-06-24 20:00:00,0.7208,0.7425,0.7192,0.7382,356132.052704
2026-06-24 21:00:00,0.7383,0.7509,0.734,0.7506,505523.111576
2026-06-24 22:00:00,0.7505,0.7583,0.7502,0.7539,387592.827323
2026-06-24 23:00:00,0.7538,0.7559,0.7477,0.7493,247665.742873
2026-06-25 00:00:00,0.7494,0.7513,0.7419,0.7433,260668.86791
2026-06-25 01:00:00,0.7433,0.7471,0.7402,0.7458,207610.990191
2026-06-25 02:00:00,0.7456,0.7498,0.7448,0.7484,88236.771877
2026-06-25 03:00:00,0.7485,0.7505,0.7445,0.747,124076.361633
2026-06-25 04:00:00,0.7472,0.7572,0.7442,0.7553,134012.107778
2026-06-25 05:00:00,0.7553,0.7652,0.7548,0.7593,324880.106504
2026-06-25 06:00:00,0.7588,0.7732,0.7588,0.7596,502892.709036
2026-06-25 07:00:00,0.7596,0.762,0.758,0.7614,182533.286463
2026-06-25 08:00:00,0.7615,0.7622,0.7554,0.7558,107160.437112
2026-06-25 09:00:00,0.7561,0.7604,0.7538,0.7591,74409.265871
2026-06-25 10:00:00,0.759,0.7591,0.7522,0.7533,112682.755511
2026-06-25 11:00:00,0.7534,0.7559,0.7514,0.7534,133752.949561
2026-06-25 12:00:00,0.7535,0.762,0.747,0.7534,258824.312727
2026-06-25 13:00:00,0.7535,0.7599,0.6874,0.6931,1468926.507077
2026-06-25 14:00:00,0.6932,0.7371,0.6932,0.7205,1024581.111852
2026-06-25 15:00:00,0.7206,0.723,0.7095,0.7212,496407.410448
2026-06-25 16:00:00,0.7215,0.7318,0.7115,0.716,441135.654884
2026-06-25 17:00:00,0.7167,0.731,0.7145,0.731,237577.076504
2026-06-25 18:00:00,0.7309,0.7347,0.7216,0.7253,237435.394486
2026-06-25 19:00:00,0.7256,0.7258,0.7155,0.7222,157228.619767
2026-06-25 20:00:00,0.7229,0.7293,0.7223,0.7233,101952.497944
2026-06-25 21:00:00,0.7232,0.7367,0.7226,0.7367,166265.133728
2026-06-25 22:00:00,0.7366,0.7379,0.7306,0.7321,221867.078656
2026-06-25 23:00:00,0.732,0.7416,0.7304,0.7369,174582.955492
2026-06-26 00:00:00,0.7371,0.7394,0.7342,0.7349,165009.19854
2026-06-26 01:00:00,0.7348,0.7363,0.7237,0.7266,266550.88251
2026-06-26 02:00:00,0.7267,0.7278,0.7045,0.7083,632839.871393
2026-06-26 03:00:00,0.7087,0.7321,0.7015,0.7301,419072.859302
2026-06-26 04:00:00,0.73,0.7301,0.7197,0.722,212530.900395
2026-06-26 05:00:00,0.722,0.7281,0.7202,0.7263,88817.050367
2026-06-26 06:00:00,0.726,0.7378,0.7206,0.7355,303194.223541
2026-06-26 07:00:00,0.7358,0.7452,0.7352,0.7435,349037.785062
2026-06-26 08:00:00,0.7434,0.745,0.73,0.7317,541697.19989
2026-06-26 09:00:00,0.7318,0.7324,0.722,0.7225,271981.32413
2026-06-26 10:00:00,0.7226,0.7279,0.7204,0.7217,201475.068193
2026-06-26 11:00:00,0.7218,0.7266,0.717,0.7189,143622.882794
2026-06-26 12:00:00,0.7188,0.7276,0.7113,0.7155,279893.212714
2026-06-26 13:00:00,0.7156,0.7354,0.71,0.7342,439199.145847
2026-06-26 14:00:00,0.7343,0.7374,0.7234,0.7251,347149.500114
2026-06-26 15:00:00,0.7249,0.7399,0.7234,0.7363,442174.921543
2026-06-26 16:00:00,0.7364,0.7489,0.733,0.7441,382164.391374
2026-06-26 17:00:00,0.744,0.7579,0.7436,0.7526,634704.778457
2026-06-26 18:00:00,0.7526,0.7564,0.7464,0.748,306159.788268
2026-06-26 19:00:00,0.7478,0.7564,0.7415,0.7425,375880.809759
2026-06-26 20:00:00,0.7426,0.7537,0.742,0.7452,162733.589143
2026-06-26 21:00:00,0.7452,0.7503,0.7413,0.7434,95573.016184
2026-06-26 22:00:00,0.7436,0.746,0.7401,0.7456,71197.386758
2026-06-26 23:00:00,0.7458,0.7474,0.7438,0.7447,85302.073793
2026-06-27 00:00:00,0.7449,0.7471,0.739,0.7442,116440.730412
2026-06-27 01:00:00,0.7443,0.7444,0.7399,0.7416,76659.841233
2026-06-27 02:00:00,0.7414,0.7543,0.7403,0.7525,427424.585261
2026-06-27 03:00:00,0.7524,0.7525,0.7448,0.7462,228971.251855
2026-06-27 04:00:00,0.7462,0.7503,0.7433,0.7439,115600.096163
2026-06-27 05:00:00,0.744,0.7477,0.7425,0.7476,86466.266696
2026-06-27 06:00:00,0.7478,0.7547,0.7416,0.7451,280887.758561
2026-06-27 07:00:00,0.7454,0.7477,0.7432,0.7466,88372.571456
2026-06-27 08:00:00,0.7464,0.7475,0.743,0.7442,152620.434408
2026-06-27 09:00:00,0.7441,0.7485,0.7437,0.7464,117414.79664
2026-06-27 10:00:00,0.7463,0.747,0.7428,0.7444,53903.382192
2026-06-27 11:00:00,0.7444,0.7449,0.7387,0.7443,161652.837794
2026-06-27 12:00:00,0.7442,0.745,0.7406,0.7425,74438.822992
2026-06-27 13:00:00,0.7424,0.7472,0.7419,0.7446,149349.880945
2026-06-27 14:00:00,0.7447,0.7487,0.7438,0.7471,70571.120146
2026-06-27 15:00:00,0.7472,0.7546,0.7459,0.7498,189567.646521
2026-06-27 16:00:00,0.7497,0.7522,0.7463,0.7503,161377.247908
2026-06-27 17:00:00,0.7504,0.7504,0.7404,0.741,139477.656379
2026-06-27 18:00:00,0.7407,0.7431,0.7389,0.7429,91234.55864
2026-06-27 19:00:00,0.7423,0.7432,0.7283,0.7337,212816.024133
2026-06-27 20:00:00,0.7336,0.7359,0.733,0.734,70987.124304
2026-06-27 21:00:00,0.7344,0.7363,0.728,0.7311,154589.466189
2026-06-27 22:00:00,0.731,0.7322,0.7241,0.7321,177034.512283
2026-06-27 23:00:00,0.732,0.7329,0.7271,0.728,102724.831055
2026-06-28 00:00:00,0.7279,0.7334,0.7275,0.73,131790.022464
2026-06-28 01:00:00,0.73,0.732,0.7273,0.7303,89010.813223
2026-06-28 02:00:00,0.7303,0.7329,0.7275,0.7293,130181.75602
2026-06-28 03:00:00,0.7292,0.7344,0.7292,0.7343,212957.873245
2026-06-28 04:00:00,0.7341,0.7349,0.7304,0.7329,59916.598705
2026-06-28 05:00:00,0.7332,0.7332,0.7263,0.7319,179824.583448
2026-06-28 06:00:00,0.732,0.7323,0.7247,0.73,204912.848887
2026-06-28 07:00:00,0.7301,0.7348,0.73,0.7335,122706.396407
2026-06-28 08:00:00,0.7333,0.739,0.7316,0.7364,100237.159758
2026-06-28 09:00:00,0.7364,0.7368,0.7276,0.7289,263042.322456
2026-06-28 10:00:00,0.7288,0.7318,0.7272,0.7281,65008.868502
2026-06-28 11:00:00,0.7282,0.7305,0.725,0.7298,119364.145298
2026-06-28 12:00:00,0.7297,0.7297,0.7227,0.7253,120131.645718
2026-06-28 13:00:00,0.7252,0.7255,0.7193,0.7206,117786.527976
2026-06-28 14:00:00,0.7207,0.7273,0.7204,0.7254,108040.112357
2026-06-28 15:00:00,0.7253,0.7275,0.7193,0.7222,508182.863671
2026-06-28 16:00:00,0.7225,0.7237,0.7162,0.7203,364201.359544
2026-06-28 17:00:00,0.7203,0.7253,0.7122,0.7202,1134780.917383
2026-06-28 18:00:00,0.7202,0.726,0.718,0.7221,294650.006486
2026-06-28 19:00:00,0.722,0.7232,0.7127,0.7167,227699.580604
2026-06-28 20:00:00,0.7165,0.7223,0.7157,0.7199,138240.71941
2026-06-28 21:00:00,0.7196,0.7201,0.701,0.7113,485767.814102
2026-06-28 22:00:00,0.7117,0.7201,0.7041,0.7082,457542.115386
2026-06-28 23:00:00,0.7081,0.7195,0.7064,0.7159,162563.325904
2026-06-29 00:00:00,0.7159,0.718,0.7063,0.7169,625398.647188
2026-06-29 01:00:00,0.7172,0.7177,0.71,0.7163,239930.365309
2026-06-29 02:00:00,0.7162,0.7228,0.7088,0.7195,449324.920522
2026-06-29 03:00:00,0.7195,0.7286,0.7195,0.7269,266279.884812
2026-06-29 04:00:00,0.7275,0.7275,0.7193,0.7205,133457.065253
2026-06-29 05:00:00,0.7206,0.7235,0.7122,0.7234,511332.187418
2026-06-29 06:00:00,0.7236,0.7293,0.7226,0.7239,335257.379659
2026-06-29 07:00:00,0.7235,0.7253,0.7208,0.7212,103028.66428
2026-06-29 08:00:00,0.7212,0.7231,0.7165,0.7172,131010.724505
2026-06-29 09:00:00,0.7173,0.7225,0.7173,0.7222,153766.489739
2026-06-29 10:00:00,0.7225,0.7287,0.7209,0.7236,250656.543387
2026-06-29 11:00:00,0.7236,0.7246,0.7158,0.7184,340451.530295
2026-06-29 12:00:00,0.718,0.732,0.712,0.7206,1330960.445624
2026-06-29 13:00:00,0.7207,0.7276,0.7125,0.7187,721315.863684
2026-06-29 14:00:00,0.719,0.7207,0.7077,0.7202,427048.385641
2026-06-29 15:00:00,0.7202,0.7252,0.7119,0.7232,283539.667558
2026-06-29 16:00:00,0.7235,0.7295,0.7209,0.7262,387246.731478
2026-06-29 17:00:00,0.7261,0.7479,0.7256,0.7432,1178993.125092
2026-06-29 18:00:00,0.7431,0.746,0.741,0.7416,301536.049601
2026-06-29 19:00:00,0.7416,0.7446,0.738,0.7382,139438.96588
2026-06-29 20:00:00,0.7383,0.7388,0.733,0.7333,217681.001993
2026-06-29 21:00:00,0.7332,0.739,0.7293,0.7372,170536.064694
2026-06-29 22:00:00,0.7372,0.738,0.7336,0.7346,126938.668623
2026-06-29 23:00:00,0.7343,0.7357,0.7308,0.7328,105845.337964
2026-06-30 00:00:00,0.7329,0.734,0.7241,0.7265,215846.28019
2026-06-30 01:00:00,0.7265,0.7281,0.7222,0.7247,153764.118015
2026-06-30 02:00:00,0.7247,0.7277,0.7204,0.7265,131722.878453
2026-06-30 03:00:00,0.7267,0.7286,0.725,0.7268,197095.140936
2026-06-30 04:00:00,0.7268,0.7301,0.7246,0.7291,91663.524146
2026-06-30 05:00:00,0.729,0.729,0.7258,0.7277,92000.102226
2026-06-30 06:00:00,0.7279,0.7288,0.7256,0.7259,73596.310967
2026-06-30 07:00:00,0.726,0.7267,0.7226,0.7247,238402.447466
2026-06-30 08:00:00,0.7247,0.7256,0.72,0.7244,386736.307943
2026-06-30 09:00:00,0.7241,0.7279,0.7215,0.7274,68901.700217
2026-06-30 10:00:00,0.7275,0.743,0.7272,0.7321,710331.04007
2026-06-30 11:00:00,0.732,0.7335,0.7208,0.7222,316760.799384
2026-06-30 12:00:00,0.7216,0.7219,0.7043,0.7048,834366.534506
2026-06-30 13:00:00,0.705,0.7181,0.7039,0.7154,544223.252438
2026-06-30 14:00:00,0.7153,0.7221,0.7121,0.7134,295086.95505
2026-06-30 15:00:00,0.7135,0.721,0.7121,0.7158,205924.906995
2026-06-30 16:00:00,0.7158,0.7198,0.7106,0.7186,278903.737644
2026-06-30 17:00:00,0.7189,0.7221,0.7142,0.7153,235719.712918
2026-06-30 18:00:00,0.7153,0.7259,0.7147,0.7223,261085.981971
2026-06-30 19:00:00,0.7226,0.7349,0.72,0.7265,307489.178279
2026-06-30 20:00:00,0.7263,0.7264,0.718,0.718,76928.311024
2026-06-30 21:00:00,0.7179,0.7187,0.7139,0.7181,116769.964047
2026-06-30 22:00:00,0.7182,0.7204,0.7143,0.7158,102093.69849
2026-06-30 23:00:00,0.7157,0.718,0.7138,0.7178,102359.26895
2026-07-01 00:00:00,0.7178,0.7228,0.7158,0.7205,132113.460878
2026-07-01 01:00:00,0.7206,0.7218,0.7019,0.7187,530564.455252
2026-07-01 02:00:00,0.7187,0.7286,0.715,0.7275,338852.098751
2026-07-01 03:00:00,0.7278,0.7358,0.7224,0.7328,593047.170961
2026-07-01 04:00:00,0.7328,0.7383,0.7315,0.7348,319753.976318
2026-07-01 05:00:00,0.7347,0.7347,0.7276,0.729,188657.233857
2026-07-01 06:00:00,0.7291,0.7291,0.7182,0.7214,372587.267974
2026-07-01 07:00:00,0.7216,0.7235,0.7179,0.7227,115201.015894
2026-07-01 08:00:00,0.7227,0.7249,0.7167,0.7248,370504.262251
2026-07-01 09:00:00,0.7248,0.7301,0.7227,0.7284,291854.244935
2026-07-01 10:00:00,0.7284,0.7301,0.7253,0.728,130552.84839
2026-07-01 11:00:00,0.7279,0.7336,0.7261,0.7279,147641.507203
2026-07-01 12:00:00,0.7281,0.7283,0.7205,0.7235,135825.195108
2026-07-01 13:00:00,0.7239,0.7386,0.7198,0.7363,595712.130466
2026-07-01 14:00:00,0.7366,0.745,0.7343,0.737,395196.025629
2026-07-01 15:00:00,0.7371,0.7536,0.7371,0.7448,590095.779578
2026-07-01 16:00:00,0.7449,0.747,0.7399,0.7413,175670.14391
2026-07-01 17:00:00,0.7418,0.7462,0.7371,0.7449,120274.172508
2026-07-01 18:00:00,0.7447,0.7459,0.7345,0.7369,86296.134577
2026-07-01 19:00:00,0.7371,0.7405,0.734,0.735,82493.50477
2026-07-01 20:00:00,0.7352,0.7408,0.7332,0.7399,103065.889491
2026-07-01 21:00:00,0.74,0.7497,0.74,0.748,150686.244711
2026-07-01 22:00:00,0.7473,0.7567,0.7423,0.7431,282125.860039
2026-07-01 23:00:00,0.7428,0.7428,0.7356,0.7365,144857.461118
2026-07-02 00:00:00,0.7366,0.7387,0.7323,0.7387,208945.891949
2026-07-02 01:00:00,0.7388,0.7474,0.7381,0.7447,134600.91757
2026-07-02 02:00:00,0.745,0.7519,0.7444,0.7468,387025.754288
2026-07-02 03:00:00,0.7463,0.7568,0.7432,0.7549,415230.51904
2026-07-02 04:00:00,0.7551,0.7553,0.7488,0.7522,142514.116516
2026-07-02 05:00:00,0.7523,0.7529,0.7485,0.7496,45201.041958
2026-07-02 06:00:00,0.7494,0.7575,0.7477,0.7526,308838.341599
2026-07-02 07:00:00,0.7522,0.762,0.7518,0.7602,379708.43245
2026-07-02 08:00:00,0.7602,0.7677,0.7581,0.7662,537561.730358
2026-07-02 09:00:00,0.766,0.7738,0.758,0.7717,437885.966839
2026-07-02 10:00:00,0.7718,0.7839,0.7715,0.7795,624656.308226
2026-07-02 11:00:00,0.7795,0.7839,0.7715,0.7833,526376.970705
2026-07-02 12:00:00,0.7832,0.7855,0.7774,0.779,403830.465442
2026-07-02 13:00:00,0.7793,0.7895,0.7771,0.7856,378162.990449
2026-07-02 14:00:00,0.7857,0.7885,0.7753,0.7802,470194.627308
2026-07-02 15:00:00,0.7803,0.7806,0.774,0.7796,177183.949204
2026-07-02 16:00:00,0.7796,0.7824,0.7749,0.7791,155088.166101
2026-07-02 17:00:00,0.7788,0.7815,0.7763,0.7785,109144.489104
2026-07-02 18:00:00,0.7787,0.7843,0.7787,0.7823,111486.529568
2026-07-02 19:00:00,0.7824,0.7832,0.7762,0.7767,140360.585257
2026-07-02 20:00:00,0.7766,0.7777,0.7725,0.7745,112937.185309
2026-07-02 21:00:00,0.7744,0.7757,0.7666,0.7724,205210.828294
2026-07-02 22:00:00,0.7723,0.7734,0.7692,0.7717,98403.715008
2026-07-02 23:00:00,0.7715,0.7754,0.7693,0.7734,84435.609052
2026-07-03 00:00:00,0.7734,0.7757,0.7712,0.7741,75487.869294
2026-07-03 01:00:00,0.774,0.7872,0.7738,0.783,332614.888292
2026-07-03 02:00:00,0.7832,0.7847,0.7786,0.7832,201719.255668
2026-07-03 03:00:00,0.783,0.783,0.7769,0.7798,88696.119701
2026-07-03 04:00:00,0.7798,0.7803,0.7766,0.7766,53234.52496
2026-07-03 05:00:00,0.7765,0.7808,0.7739,0.7782,67869.991242
2026-07-03 06:00:00,0.7782,0.7869,0.7773,0.7816,270468.640433
2026-07-03 07:00:00,0.7817,0.7849,0.7791,0.7824,81588.744434
2026-07-03 08:00:00,0.7821,0.7865,0.7803,0.7806,95610.747136
2026-07-03 09:00:00,0.7805,0.7849,0.7795,0.7836,93969.544879
2026-07-03 10:00:00,0.7835,0.79,0.7834,0.7883,156366.193764
2026-07-03 11:00:00,0.7881,0.7937,0.7821,0.7911,439100.854696
2026-07-03 12:00:00,0.7912,0.7936,0.7862,0.7894,283429.176091
2026-07-03 13:00:00,0.7894,0.7965,0.7893,0.7957,135285.786584
2026-07-03 14:00:00,0.7959,0.8088,0.7903,0.8043,387605.5855
2026-07-03 15:00:00,0.8044,0.8075,0.7976,0.7992,157204.716959
2026-07-03 16:00:00,0.7992,0.8013,0.795,0.7981,142183.406318
2026-07-03 17:00:00,0.7983,0.8035,0.7968,0.8019,253981.638497
2026-07-03 18:00:00,0.8026,0.8028,0.7977,0.8007,71861.479829
2026-07-03 19:00:00,0.8007,0.8068,0.7993,0.8018,144063.183668
2026-07-03 20:00:00,0.8017,0.8142,0.8015,0.809,289311.186279
2026-07-03 21:00:00,0.8091,0.8151,0.8051,0.8107,83962.520706
2026-07-03 22:00:00,0.8108,0.8108,0.7995,0.8005,121045.029811
2026-07-03 23:00:00,0.8004,0.8099,0.7979,0.8066,252087.960627
2026-07-04 00:00:00,0.8065,0.8101,0.8007,0.8014,186542.248133
2026-07-04 01:00:00,0.8013,0.8013,0.7959,0.7997,245258.197014
2026-07-04 02:00:00,0.7996,0.8024,0.7985,0.802,75330.539054
2026-07-04 03:00:00,0.8021,0.8064,0.8008,0.8035,120406.569244
2026-07-04 04:00:00,0.803,0.8039,0.7985,0.8028,71473.90581
2026-07-04 05:00:00,0.8021,0.8022,0.7965,0.7982,189474.344705
2026-07-04 06:00:00,0.7981,0.8011,0.7903,0.7952,235370.926012
2026-07-04 07:00:00,0.7951,0.796,0.7916,0.7952,63050.655897
2026-07-04 08:00:00,0.7953,0.801,0.7932,0.7984,140947.629951
2026-07-04 09:00:00,0.7988,0.8053,0.7928,0.7929,195602.907713
2026-07-04 10:00:00,0.793,0.797,0.7917,0.7968,47339.272806
2026-07-04 11:00:00,0.7967,0.8001,0.794,0.7984,48904.246469
2026-07-04 12:00:00,0.7981,0.8034,0.7981,0.8,133184.594259
2026-07-04 13:00:00,0.8,0.8039,0.7962,0.8011,57975.276621
2026-07-04 14:00:00,0.8012,0.804,0.7996,0.802,99848.59134
2026-07-04 15:00:00,0.8022,0.8116,0.8009,0.808,210886.983638
2026-07-04 16:00:00,0.808,0.8098,0.8044,0.8088,86352.80562
2026-07-04 17:00:00,0.8088,0.817,0.8058,0.8137,200672.656241
2026-07-04 18:00:00,0.814,0.814,0.806,0.8075,62671.639041
2026-07-04 19:00:00,0.8077,0.809,0.801,0.8041,92389.898402
2026-07-04 20:00:00,0.804,0.8054,0.7982,0.8007,71509.117462
2026-07-04 21:00:00,0.8012,0.8047,0.8,0.8039,73340.638435
2026-07-04 22:00:00,0.8037,0.8043,0.7981,0.8008,115155.348663
2026-07-04 23:00:00,0.8009,0.801,0.7922,0.7975,157253.610891
2026-07-05 00:00:00,0.7975,0.7977,0.7914,0.7954,96626.373045
2026-07-05 01:00:00,0.7958,0.7984,0.7871,0.7919,172480.675209
2026-07-05 02:00:00,0.7916,0.7922,0.7816,0.7857,208535.742853
2026-07-05 03:00:00,0.7857,0.7865,0.7827,0.7846,97030.943453
2026-07-05 04:00:00,0.7842,0.7898,0.7833,0.787,91173.90177
2026-07-05 05:00:00,0.7866,0.7872,0.7819,0.7845,91576.679535
2026-07-05 06:00:00,0.7838,0.7847,0.78,0.7842,85061.103348
2026-07-05 07:00:00,0.784,0.7893,0.7824,0.7889,76357.277727
2026-07-05 08:00:00,0.788,0.7917,0.7847,0.7903,191760.398778
2026-07-05 09:00:00,0.7903,0.7929,0.7757,0.7786,376942.885711
2026-07-05 10:00:00,0.7781,0.7824,0.7755,0.7814,130331.639537
2026-07-05 11:00:00,0.7815,0.7828,0.7799,0.7809,33796.548809
2026-07-05 12:00:00,0.7808,0.7856,0.7766,0.7849,100263.135807
2026-07-05 13:00:00,0.7848,0.7868,0.7834,0.7864,51504.262705
2026-07-05 14:00:00,0.7865,0.7867,0.783,0.7865,91539.837127
2026-07-05 15:00:00,0.7866,0.7907,0.7839,0.7859,60483.105403
2026-07-05 16:00:00,0.786,0.787,0.7831,0.7863,98914.005882
2026-07-05 17:00:00,0.7862,0.7922,0.7861,0.7891,92242.376139
2026-07-05 18:00:00,0.7892,0.7937,0.7891,0.7908,52167.930415
2026-07-05 19:00:00,0.7909,0.793,0.7882,0.7905,38777.077877
2026-07-05 20:00:00,0.7902,0.7917,0.7891,0.7902,8110.077656
2026-07-05 21:00:00,0.79,0.8039,0.7866,0.7983,338906.675176
2026-07-05 22:00:00,0.7983,0.8073,0.7974,0.8036,260010.084642
2026-07-05 23:00:00,0.8036,0.8064,0.7979,0.8004,156708.385978
2026-07-06 00:00:00,0.8004,0.8076,0.7949,0.8025,297912.755801
2026-07-06 01:00:00,0.8024,0.8049,0.7975,0.7986,112441.756613
2026-07-06 02:00:00,0.799,0.8035,0.7944,0.7965,112642.107907
2026-07-06 03:00:00,0.7964,0.7972,0.7891,0.7911,88665.586867
2026-07-06 04:00:00,0.7912,0.7934,0.7864,0.7894,131390.551231
2026-07-06 05:00:00,0.7891,0.7891,0.7785,0.7828,218490.802542
2026-07-06 06:00:00,0.783,0.7839,0.7809,0.7827,54469.69021
2026-07-06 07:00:00,0.7825,0.7869,0.7812,0.7855,88897.50003
2026-07-06 08:00:00,0.7851,0.7875,0.7801,0.7816,71813.288506
2026-07-06 09:00:00,0.7817,0.782,0.7783,0.7804,73188.254894
2026-07-06 10:00:00,0.7802,0.7864,0.7793,0.7839,74488.587814
2026-07-06 11:00:00,0.784,0.7847,0.7743,0.7753,162841.124391
2026-07-06 12:00:00,0.7752,0.7752,0.7583,0.7659,680689.758716
2026-07-06 13:00:00,0.7658,0.7752,0.7614,0.7721,192505.226133
2026-07-06 14:00:00,0.772,0.7805,0.7712,0.7769,118313.220028
2026-07-06 15:00:00,0.7769,0.7985,0.7769,0.7971,351676.828943
2026-07-06 16:00:00,0.7972,0.8056,0.7952,0.801,280356.872952
2026-07-06 17:00:00,0.8012,0.8031,0.7906,0.7927,352583.92319
2026-07-06 18:00:00,0.792,0.7996,0.7913,0.7968,111756.506626
2026-07-06 19:00:00,0.7969,0.7989,0.7945,0.7951,114875.704049
2026-07-06 20:00:00,0.7952,0.7956,0.7906,0.7917,49598.879253
2026-07-06 21:00:00,0.7917,0.8149,0.7917,0.8021,541770.198014
2026-07-06 22:00:00,0.8023,0.8027,0.7966,0.7971,90337.000817
2026-07-06 23:00:00,0.7971,0.7985,0.7933,0.7947,85242.063604
2026-07-07 00:00:00,0.7952,0.7983,0.7928,0.795,68269.891333
2026-07-07 01:00:00,0.7945,0.7947,0.7886,0.7921,154312.053742
2026-07-07 02:00:00,0.7921,0.794,0.7827,0.7838,210893.392219
2026-07-07 03:00:00,0.7839,0.785,0.7776,0.7795,183878.538577
2026-07-07 04:00:00,0.7794,0.7799,0.7771,0.7797,105192.312752
2026-07-07 05:00:00,0.7791,0.7824,0.7735,0.781,167868.581235
2026-07-07 06:00:00,0.781,0.7868,0.7791,0.7854,111296.747477
2026-07-07 07:00:00,0.7851,0.7865,0.7804,0.7815,88363.374689
2026-07-07 08:00:00,0.7811,0.7842,0.7798,0.7813,140449.531999
2026-07-07 09:00:00,0.7811,0.7843,0.7807,0.7836,75769.825773
2026-07-07 10:00:00,0.7838,0.787,0.7805,0.781,61424.373947
2026-07-07 11:00:00,0.781,0.786,0.7763,0.786,138804.134919
2026-07-07 12:00:00,0.786,0.7907,0.7837,0.7837,184649.745807
2026-07-07 13:00:00,0.7835,0.7846,0.7731,0.7788,201503.722149
2026-07-07 14:00:00,0.779,0.7885,0.7733,0.7873,199179.860257
2026-07-07 15:00:00,0.7872,0.7973,0.7861,0.7948,247803.580555
2026-07-07 16:00:00,0.7959,0.8018,0.7919,0.7976,135420.530234
2026-07-07 17:00:00,0.7975,0.7996,0.7944,0.7976,67472.788525
2026-07-07 18:00:00,0.7978,0.7983,0.7829,0.7837,169422.378984
2026-07-07 19:00:00,0.7838,0.7863,0.7774,0.7852,157292.515634
2026-07-07 20:00:00,0.7855,0.7871,0.7801,0.7812,44524.628572
2026-07-07 21:00:00,0.7813,0.7837,0.7763,0.7781,99567.192926
2026-07-07 22:00:00,0.7777,0.7779,0.7692,0.775,427023.012493
2026-07-07 23:00:00,0.7748,0.7784,0.7724,0.7736,141991.332612
2026-07-08 00:00:00,0.7737,0.7827,0.7729,0.7814,124172.510188
2026-07-08 01:00:00,0.7813,0.7815,0.758,0.7641,621468.86597
2026-07-08 02:00:00,0.764,0.764,0.7536,0.7621,490469.254721
2026-07-08 03:00:00,0.7629,0.7664,0.7592,0.7601,96657.519377
2026-07-08 04:00:00,0.7603,0.7661,0.7582,0.7658,137614.682261
2026-07-08 05:00:00,0.7657,0.7693,0.7641,0.7666,182425.053426
2026-07-08 06:00:00,0.7668,0.7671,0.761,0.7644,237051.983419
2026-07-08 07:00:00,0.7645,0.7675,0.7593,0.7646,162706.372554
2026-07-08 08:00:00,0.7649,0.7649,0.7445,0.7473,747199.565504
2026-07-08 09:00:00,0.748,0.7513,0.7434,0.7466,336947.46412
2026-07-08 10:00:00,0.7469,0.753,0.7451,0.7522,128330.634276
2026-07-08 11:00:00,0.7519,0.7573,0.7493,0.7521,170173.956672
2026-07-08 12:00:00,0.7521,0.7549,0.75,0.75,77784.618278
2026-07-08 13:00:00,0.7501,0.7574,0.748,0.7569,183261.661491
2026-07-08 14:00:00,0.7569,0.7617,0.754,0.7591,344432.789362
2026-07-08 15:00:00,0.7592,0.7592,0.7506,0.7549,190340.386289
2026-07-08 16:00:00,0.7547,0.7626,0.7535,0.7624,162024.106069
2026-07-08 17:00:00,0.7626,0.766,0.7617,0.7626,153209.79472
2026-07-08 18:00:00,0.7625,0.7673,0.7606,0.767,56604.696794
2026-07-08 19:00:00,0.7671,0.7682,0.7618,0.7645,89846.626911
2026-07-08 20:00:00,0.7644,0.7649,0.7574,0.7581,86659.101723
2026-07-08 21:00:00,0.7581,0.7622,0.7533,0.7608,178271.934657
2026-07-08 22:00:00,0.7609,0.7658,0.7607,0.7631,214420.798968
2026-07-08 23:00:00,0.763,0.7655,0.7615,0.7652,221548.574823
2026-07-09 00:00:00,0.765,0.7685,0.7638,0.7665,202416.648515
2026-07-09 01:00:00,0.7666,0.7766,0.7646,0.7688,283766.473622
2026-07-09 02:00:00,0.769,0.7745,0.7625,0.7635,187890.912171
2026-07-09 03:00:00,0.7636,0.7705,0.7607,0.7702,77214.731371
2026-07-09 04:00:00,0.7704,0.776,0.7686,0.7758,132278.261566
2026-07-09 05:00:00,0.7757,0.7774,0.7711,0.775,133896.252986
2026-07-09 06:00:00,0.7751,0.7815,0.7741,0.7794,86998.016502
2026-07-09 07:00:00,0.7798,0.7828,0.7727,0.7757,214483.676222
2026-07-09 08:00:00,0.7756,0.7784,0.7749,0.7753,62540.617044
2026-07-09 09:00:00,0.7751,0.777,0.7709,0.7723,158918.367585
2026-07-09 10:00:00,0.7724,0.7753,0.7699,0.7721,108277.034052
2026-07-09 11:00:00,0.772,0.7759,0.7711,0.7726,167283.149214
2026-07-09 12:00:00,0.7728,0.7756,0.7707,0.7727,136003.796313
2026-07-09 13:00:00,0.7724,0.7811,0.7705,0.78,117112.376171
2026-07-09 14:00:00,0.7801,0.7829,0.7753,0.7824,228383.699933
2026-07-09 15:00:00,0.7828,0.7909,0.7806,0.7854,349955.480619
2026-07-09 16:00:00,0.7855,0.8,0.7853,0.7893,448088.553633
2026-07-09 17:00:00,0.7891,0.7896,0.7814,0.7878,138586.899321
2026-07-09 18:00:00,0.7879,0.7919,0.7863,0.7865,79269.654828
2026-07-09 19:00:00,0.7866,0.7866,0.7808,0.7818,77297.710345
2026-07-09 20:00:00,0.7819,0.7834,0.78,0.7828,50360.232021
2026-07-09 21:00:00,0.7826,0.7856,0.7823,0.7835,34950.880489
2026-07-09 22:00:00,0.7834,0.7846,0.781,0.7812,114453.953162
2026-07-09 23:00:00,0.7811,0.7836,0.7787,0.7806,75470.934087
2026-07-10 00:00:00,0.7806,0.7814,0.7746,0.7806,188330.487136
2026-07-10 01:00:00,0.7808,0.7983,0.7793,0.7913,238899.186203
2026-07-10 02:00:00,0.7916,0.7922,0.7879,0.7892,103062.103444
2026-07-10 03:00:00,0.7892,0.7902,0.7865,0.7884,102203.982739
2026-07-10 04:00:00,0.7882,0.7906,0.7869,0.789,86187.458592
2026-07-10 05:00:00,0.7891,0.7914,0.7885,0.7907,34662.01263
2026-07-10 06:00:00,0.7907,0.7919,0.7892,0.7897,91011.027802
2026-07-10 07:00:00,0.7898,0.7967,0.7875,0.7936,124462.12064
2026-07-10 08:00:00,0.7937,0.7996,0.7919,0.7935,221416.53752
2026-07-10 09:00:00,0.7941,0.7988,0.7925,0.7968,166932.245574
2026-07-10 10:00:00,0.7969,0.8047,0.7957,0.7998,376940.528245
2026-07-10 11:00:00,0.8,0.8147,0.7964,0.8129,590263.389159
2026-07-10 12:00:00,0.8131,0.8173,0.7989,0.8002,805175.83411
2026-07-10 13:00:00,0.8004,0.805,0.7971,0.8032,203613.738116
2026-07-10 14:00:00,0.803,0.8038,0.7872,0.7974,384648.1719
2026-07-10 15:00:00,0.7975,0.802,0.7953,0.7988,222688.59371
2026-07-10 16:00:00,0.7988,0.804,0.7955,0.8015,145048.778764
2026-07-10 17:00:00,0.8012,0.8013,0.7906,0.7953,267952.524889
2026-07-10 18:00:00,0.7954,0.797,0.793,0.7941,87271.813913
2026-07-10 19:00:00,0.7941,0.7941,0.7886,0.7894,77966.523109
2026-07-10 20:00:00,0.789,0.7902,0.7842,0.7855,83498.186108
2026-07-10 21:00:00,0.7855,0.7935,0.7854,0.7909,161018.846974
2026-07-10 22:00:00,0.7909,0.7923,0.7888,0.7888,46666.237827
2026-07-10 23:00:00,0.7888,0.7896,0.7863,0.7876,52519.6332
2026-07-11 00:00:00,0.7874,0.7904,0.7843,0.7903,127876.794423
2026-07-11 01:00:00,0.7904,0.7925,0.7871,0.7872,77794.60856
2026-07-11 02:00:00,0.7873,0.7907,0.7865,0.7902,25374.077005
2026-07-11 03:00:00,0.7902,0.7906,0.7878,0.7878,31104.793217
2026-07-11 04:00:00,0.7879,0.7891,0.7855,0.7855,83133.543097
2026-07-11 05:00:00,0.7855,0.7895,0.7845,0.7874,77367.160357
2026-07-11 06:00:00,0.787,0.7927,0.7863,0.7886,49850.71097
2026-07-11 07:00:00,0.7886,0.7905,0.7884,0.7905,100305.014142
2026-07-11 08:00:00,0.7903,0.7947,0.7898,0.7934,79112.456165
2026-07-11 09:00:00,0.793,0.7946,0.7902,0.7914,90864.495378
2026-07-11 10:00:00,0.7914,0.7929,0.7859,0.7876,218846.805249
2026-07-11 11:00:00,0.7876,0.7919,0.7853,0.7911,103027.161693
2026-07-11 12:00:00,0.7913,0.7932,0.7899,0.7921,169659.464754
2026-07-11 13:00:00,0.792,0.7955,0.7906,0.7917,92016.682389
2026-07-11 14:00:00,0.7917,0.7973,0.7914,0.7941,97778.530113
2026-07-11 15:00:00,0.7943,0.7985,0.789,0.7936,115560.464779
2026-07-11 16:00:00,0.7936,0.7938,0.7898,0.793,43572.391431
2026-07-11 17:00:00,0.7929,0.7964,0.7916,0.7933,32568.78354
2026-07-11 18:00:00,0.7932,0.7954,0.7924,0.7933,25804.197455
2026-07-11 19:00:00,0.7933,0.7939,0.7914,0.7938,98326.512204
2026-07-11 20:00:00,0.794,0.7952,0.793,0.7933,30502.749231
2026-07-11 21:00:00,0.7932,0.8004,0.7927,0.7938,83086.245339
2026-07-11 22:00:00,0.7939,0.794,0.7781,0.7831,373798.619786
2026-07-11 23:00:00,0.7831,0.7857,0.7696,0.7709,458554.135069
2026-07-12 00:00:00,0.7707,0.7743,0.7661,0.771,178084.287466
2026-07-12 01:00:00,0.7712,0.7817,0.7705,0.7796,493235.080086
2026-07-12 02:00:00,0.7797,0.7834,0.7778,0.7831,177856.695319
2026-07-12 03:00:00,0.7833,0.7865,0.7824,0.7858,96209.847886
2026-07-12 04:00:00,0.7862,0.787,0.7833,0.7866,84619.29159
2026-07-12 05:00:00,0.7868,0.7914,0.7846,0.7882,154156.17477
2026-07-12 06:00:00,0.788,0.7887,0.7801,0.7846,113641.177785
2026-07-12 07:00:00,0.7847,0.7862,0.7833,0.7836,42119.930215
2026-07-12 08:00:00,0.7836,0.7879,0.7835,0.7857,39572.865117
2026-07-12 09:00:00,0.7858,0.7901,0.784,0.7874,53855.899372
2026-07-12 10:00:00,0.7876,0.7876,0.7848,0.7854,38028.989628
2026-07-12 11:00:00,0.7855,0.7865,0.782,0.7848,28204.745591
2026-07-12 12:00:00,0.7845,0.7872,0.7834,0.7844,40306.792444
2026-07-12 13:00:00,0.7842,0.7852,0.7814,0.7814,67600.718082
2026-07-12 14:00:00,0.7813,0.7873,0.7785,0.7858,102078.807105
2026-07-12 15:00:00,0.7858,0.786,0.7729,0.7755,465668.663172
2026-07-12 16:00:00,0.7755,0.7775,0.7737,0.7751,169860.340783
2026-07-12 17:00:00,0.7752,0.7772,0.772,0.7744,52355.479105
2026-07-12 18:00:00,0.7744,0.7765,0.774,0.7765,10577.353983
2026-07-12 19:00:00,0.7766,0.7793,0.776,0.7787,13080.834897
2026-07-12 20:00:00,0.7789,0.7798,0.7765,0.7798,49170.032334
2026-07-12 21:00:00,0.7799,0.7815,0.774,0.7753,94150.742162
2026-07-12 22:00:00,0.7753,0.7753,0.7654,0.7708,168521.621682
2026-07-12 23:00:00,0.7698,0.7724,0.7678,0.7721,54504.235162
2026-07-13 00:00:00,0.772,0.7874,0.7704,0.7764,243808.237113
2026-07-13 01:00:00,0.7762,0.7776,0.7628,0.7656,216689.124921
2026-07-13 02:00:00,0.7655,0.7699,0.7637,0.7683,152907.411764
2026-07-13 03:00:00,0.7683,0.7685,0.7537,0.7607,456195.469452
2026-07-13 04:00:00,0.7609,0.7641,0.7598,0.7614,123890.67816
2026-07-13 05:00:00,0.7616,0.7717,0.7589,0.7673,208288.702853
2026-07-13 06:00:00,0.7675,0.7685,0.7649,0.7651,75845.87795
2026-07-13 07:00:00,0.7652,0.7657,0.7617,0.7627,61629.9384
2026-07-13 08:00:00,0.7628,0.765,0.7613,0.7631,57905.80887
2026-07-13 09:00:00,0.7634,0.7636,0.7602,0.7604,53346.771299
2026-07-13 10:00:00,0.7603,0.7618,0.7565,0.7593,119189.840097
2026-07-13 11:00:00,0.7595,0.7627,0.7592,0.76,62081.388455
2026-07-13 12:00:00,0.7599,0.761,0.7567,0.7608,133878.96504
2026-07-13 13:00:00,0.7609,0.7622,0.754,0.7578,209817.21812
2026-07-13 14:00:00,0.7578,0.7619,0.7514,0.7619,389317.17277
2026-07-13 15:00:00,0.7619,0.7625,0.7543,0.7546,102563.38285
2026-07-13 16:00:00,0.7547,0.7599,0.7489,0.7551,384384.906221
2026-07-13 17:00:00,0.7552,0.7576,0.7481,0.7506,240708.042137
2026-07-13 18:00:00,0.7507,0.7531,0.75,0.7514,50855.744633
2026-07-13 19:00:00,0.7515,0.7552,0.7504,0.7546,61379.522818
2026-07-13 20:00:00,0.7545,0.755,0.7498,0.7521,36690.623391
2026-07-13 21:00:00,0.7521,0.7525,0.7327,0.7394,486681.169098
2026-07-13 22:00:00,0.7393,0.7444,0.7385,0.7423,184068.153344
2026-07-13 23:00:00,0.7424,0.7495,0.741,0.7493,123215.757659
2026-07-14 00:00:00,0.7495,0.755,0.7485,0.754,146634.303696
2026-07-14 01:00:00,0.754,0.7565,0.7514,0.7542,81706.131372
2026-07-14 02:00:00,0.7542,0.757,0.7505,0.7548,65757.179375
2026-07-14 03:00:00,0.7548,0.7588,0.7509,0.7588,139800.229869
2026-07-14 04:00:00,0.7588,0.7598,0.7568,0.7592,35636.551074
2026-07-14 05:00:00,0.7592,0.7648,0.7589,0.7597,118364.736358
2026-07-14 06:00:00,0.7602,0.7606,0.7562,0.7579,181580.101806
2026-07-14 07:00:00,0.7579,0.7594,0.7562,0.7566,188869.737873
2026-07-14 08:00:00,0.757,0.7576,0.7541,0.7545,123578.794832
2026-07-14 09:00:00,0.7546,0.7557,0.7523,0.7526,77464.594566
2026-07-14 10:00:00,0.7526,0.7549,0.7513,0.7537,70730.295797
2026-07-14 11:00:00,0.7537,0.7605,0.7523,0.7576,227861.71861
2026-07-14 12:00:00,0.7571,0.7678,0.7551,0.7668,373544.511789
2026-07-14 13:00:00,0.7672,0.7806,0.7641,0.7735,717479.592937
2026-07-14 14:00:00,0.7733,0.7753,0.7693,0.7736,210721.620433
2026-07-14 15:00:00,0.7739,0.7806,0.7727,0.7753,152517.745965
2026-07-14 16:00:00,0.7754,0.7799,0.7743,0.7762,132212.611764
2026-07-14 17:00:00,0.7761,0.7865,0.7756,0.7796,354629.576528
2026-07-14 18:00:00,0.7792,0.7798,0.773,0.7768,139115.291322
2026-07-14 19:00:00,0.7772,0.7825,0.7769,0.7818,72743.916221
2026-07-14 20:00:00,0.782,0.7835,0.7788,0.7816,63195.3317
2026-07-14 21:00:00,0.7815,0.7888,0.7798,0.7828,171345.40843
2026-07-14 22:00:00,0.7831,0.7872,0.7804,0.7844,84661.07403
2026-07-14 23:00:00,0.7844,0.7866,0.7839,0.7849,47738.236701
2026-07-15 00:00:00,0.7851,0.7919,0.7845,0.7864,137045.325534
2026-07-15 01:00:00,0.7862,0.7876,0.7826,0.7849,86515.945976
2026-07-15 02:00:00,0.7847,0.7866,0.7809,0.7818,130613.513108
2026-07-15 03:00:00,0.7817,0.7839,0.7813,0.7832,42086.886359
2026-07-15 04:00:00,0.7832,0.7858,0.7787,0.7806,115269.780015
2026-07-15 05:00:00,0.7807,0.7831,0.7779,0.7827,100964.693103
2026-07-15 06:00:00,0.7827,0.7866,0.7819,0.7819,81110.947854
2026-07-15 07:00:00,0.7818,0.7829,0.7773,0.7801,96141.68519
2026-07-15 08:00:00,0.7802,0.7867,0.7791,0.7859,114088.816751
2026-07-15 09:00:00,0.7859,0.7925,0.7837,0.7845,161865.388975
2026-07-15 10:00:00,0.7843,0.7885,0.7842,0.7883,68007.474876
2026-07-15 11:00:00,0.7882,0.7936,0.7875,0.7909,103728.937092
2026-07-15 12:00:00,0.791,0.8027,0.7877,0.8017,482082.406936
2026-07-15 13:00:00,0.8017,0.8065,0.7932,0.7979,455497.440553
2026-07-15 14:00:00,0.7981,0.8001,0.7919,0.795,133163.529745
2026-07-15 15:00:00,0.7951,0.7963,0.7915,0.7939,55469.825176
2026-07-15 16:00:00,0.7943,0.7947,0.7848,0.7905,204154.54079
2026-07-15 17:00:00,0.7904,0.798,0.7896,0.7978,108071.852592
2026-07-15 18:00:00,0.7975,0.803,0.7921,0.7931,329274.011471
2026-07-15 19:00:00,0.7932,0.7949,0.7871,0.789,142798.674585
2026-07-15 20:00:00,0.789,0.7951,0.7887,0.792,80886.720477
2026-07-15 21:00:00,0.7921,0.7949,0.7908,0.7924,76692.568314
2026-07-15 22:00:00,0.7922,0.7937,0.7904,0.791,39564.54836
2026-07-15 23:00:00,0.791,0.7921,0.7871,0.7891,114209.582982
2026-07-16 00:00:00,0.789,0.7921,0.78,0.7849,264890.166922
2026-07-16 01:00:00,0.7849,0.7904,0.7792,0.7893,104239.563879
2026-07-16 02:00:00,0.7898,0.7898,0.7861,0.789,37580.278519
2026-07-16 03:00:00,0.7888,0.7894,0.7844,0.7853,19935.031779
2026-07-16 04:00:00,0.785,0.7854,0.7822,0.7843,46799.159419
2026-07-16 05:00:00,0.7843,0.7878,0.7842,0.7853,47423.68649
2026-07-16 06:00:00,0.7854,0.788,0.7813,0.7839,62148.767892
2026-07-16 07:00:00,0.7837,0.7838,0.7776,0.7812,134275.083371
2026-07-16 08:00:00,0.7809,0.7813,0.77,0.7753,394194.568103
2026-07-16 09:00:00,0.7753,0.7774,0.775,0.775,73284.729776
2026-07-16 10:00:00,0.7752,0.7779,0.7748,0.7776,24072.841053
2026-07-16 11:00:00,0.7774,0.7774,0.772,0.7749,57307.525437
2026-07-16 12:00:00,0.7749,0.7763,0.7706,0.7718,126761.170416
2026-07-16 13:00:00,0.7717,0.7809,0.7714,0.7797,261308.618562
2026-07-16 14:00:00,0.7797,0.7834,0.7769,0.7798,156320.393201
2026-07-16 15:00:00,0.7802,0.7886,0.776,0.7853,217462.30891
2026-07-16 16:00:00,0.7851,0.7851,0.7806,0.7818,39010.054325
2026-07-16 17:00:00,0.7817,0.7817,0.7733,0.7779,106300.845928
2026-07-16 18:00:00,0.7782,0.7817,0.7771,0.7781,44388.375134
2026-07-16 19:00:00,0.7779,0.7802,0.7765,0.7772,55251.354376
2026-07-16 20:00:00,0.7772,0.7776,0.7749,0.7759,57368.200619
2026-07-16 21:00:00,0.7756,0.7801,0.7756,0.7774,39958.084251
2026-07-16 22:00:00,0.7778,0.7802,0.7716,0.7727,127575.842264
2026-07-16 23:00:00,0.7727,0.7733,0.7639,0.7702,305091.424244
2026-07-17 00:00:00,0.7698,0.7748,0.7673,0.7746,125909.037069
2026-07-17 01:00:00,0.7748,0.7768,0.768,0.7685,64287.104771
2026-07-17 02:00:00,0.7684,0.7711,0.7652,0.769,220300.259556
2026-07-17 03:00:00,0.7691,0.7795,0.7683,0.7742,96408.325452
2026-07-17 04:00:00,0.7741,0.7746,0.77,0.7737,89384.835241
2026-07-17 05:00:00,0.7734,0.7742,0.7631,0.7654,209925.417404
2026-07-17 06:00:00,0.7652,0.7714,0.7639,0.7692,135272.04146
2026-07-17 07:00:00,0.7692,0.7705,0.764,0.7652,106109.300454
2026-07-17 08:00:00,0.7652,0.7669,0.7578,0.7634,312896.551904
2026-07-17 09:00:00,0.7635,0.7663,0.7628,0.7654,81177.874511
2026-07-17 10:00:00,0.7653,0.7703,0.7653,0.7682,95735.14631
2026-07-17 11:00:00,0.7683,0.775,0.7672,0.7748,194915.755468
2026-07-17 12:00:00,0.7748,0.7754,0.7648,0.7648,188906.027963
2026-07-17 13:00:00,0.7649,0.766,0.7528,0.7641,582534.265521
2026-07-17 14:00:00,0.7641,0.768,0.7631,0.7641,234744.535527
2026-07-17 15:00:00,0.7641,0.7649,0.7576,0.7646,268113.821999
2026-07-17 16:00:00,0.7646,0.7693,0.7618,0.7677,126560.475862
2026-07-17 17:00:00,0.7678,0.7724,0.7676,0.7678,85309.70879
2026-07-17 18:00:00,0.7681,0.7704,0.7644,0.7687,38371.095219
2026-07-17 19:00:00,0.7686,0.7686,0.7623,0.764,103631.536209
2026-07-17 20:00:00,0.7639,0.7641,0.7612,0.7623,74261.928939
2026-07-17 21:00:00,0.7623,0.7657,0.7618,0.762,60643.369424
2026-07-17 22:00:00,0.7621,0.7641,0.7617,0.764,15917.273067
2026-07-17 23:00:00,0.7637,0.7652,0.7614,0.7648,22621.859642
2026-07-18 00:00:00,0.7649,0.7668,0.7641,0.7651,64584.883904
2026-07-18 01:00:00,0.7651,0.766,0.764,0.7644,26194.629314
2026-07-18 02:00:00,0.7645,0.7678,0.7633,0.765,42800.644428
2026-07-18 03:00:00,0.765,0.7661,0.764,0.766,32375.244668
2026-07-18 04:00:00,0.7659,0.7663,0.7612,0.7617,57493.238496
2026-07-18 05:00:00,0.7617,0.7617,0.7567,0.758,213560.107799
2026-07-18 06:00:00,0.7578,0.7595,0.7565,0.7589,75338.867679
2026-07-18 07:00:00,0.7589,0.7589,0.7571,0.7576,25653.30617
2026-07-18 08:00:00,0.7576,0.7599,0.7562,0.7569,42692.81066
2026-07-18 09:00:00,0.7569,0.7574,0.7524,0.7553,139343.04117
2026-07-18 10:00:00,0.7552,0.757,0.7552,0.7563,53415.309564
2026-07-18 11:00:00,0.7562,0.7578,0.7562,0.7567,30387.484846
2026-07-18 12:00:00,0.7563,0.7581,0.7456,0.7498,466956.29213
2026-07-18 13:00:00,0.7498,0.7504,0.7386,0.7441,504719.26531
2026-07-18 14:00:00,0.7442,0.7457,0.7422,0.745,138002.924108
2026-07-18 15:00:00,0.7453,0.7458,0.7436,0.7455,117760.505136
2026-07-18 16:00:00,0.7456,0.7478,0.7442,0.7469,210763.521896
2026-07-18 17:00:00,0.7472,0.7502,0.7459,0.7497,81387.563938
2026-07-18 18:00:00,0.7497,0.7529,0.748,0.7494,90736.326449
2026-07-18 19:00:00,0.7495,0.7505,0.7481,0.7488,44436.547109
2026-07-18 20:00:00,0.749,0.7511,0.7481,0.7496,36902.72224
2026-07-18 21:00:00,0.7497,0.7512,0.748,0.7494,54477.392675
2026-07-18 22:00:00,0.7494,0.7511,0.7487,0.7502,46802.827562
2026-07-18 23:00:00,0.7504,0.7508,0.7484,0.7495,31013.150425
2026-07-19 00:00:00,0.75,0.7511,0.7484,0.7505,35224.465797
2026-07-19 01:00:00,0.7504,0.7505,0.7482,0.7483,39922.19404
2026-07-19 02:00:00,0.7484,0.7547,0.7482,0.7537,160615.3223
2026-07-19 03:00:00,0.754,0.754,0.7484,0.7498,72529.346904
2026-07-19 04:00:00,0.75,0.7502,0.7456,0.7464,48555.769772
2026-07-19 05:00:00,0.7462,0.7476,0.745,0.7466,42336.008135
2026-07-19 06:00:00,0.7465,0.7474,0.7456,0.7467,37379.923939
2026-07-19 07:00:00,0.7466,0.7466,0.7426,0.7433,71846.495558
2026-07-19 08:00:00,0.7435,0.7445,0.7411,0.7431,130697.396784
2026-07-19 09:00:00,0.7432,0.7433,0.7263,0.7324,712783.02391
2026-07-19 10:00:00,0.7323,0.7354,0.7308,0.7323,130362.315562
2026-07-19 11:00:00,0.7323,0.7337,0.7291,0.7296,186359.597285
2026-07-19 12:00:00,0.7295,0.7295,0.7235,0.7278,382321.382414
2026-07-19 13:00:00,0.7276,0.7279,0.7252,0.7276,111801.518903
2026-07-19 14:00:00,0.7277,0.7281,0.7195,0.7208,435132.83283
2026-07-19 15:00:00,0.7208,0.7246,0.719,0.7246,345006.504881
2026-07-19 16:00:00,0.7245,0.726,0.7153,0.7168,356134.342665
2026-07-19 17:00:00,0.7167,0.7186,0.71,0.7165,342564.616769
2026-07-19 18:00:00,0.7163,0.7184,0.7116,0.7159,197175.119445
2026-07-19 19:00:00,0.716,0.717,0.7138,0.7156,43868.066928
2026-07-19 20:00:00,0.7157,0.7177,0.7154,0.7163,48500.768043
2026-07-19 21:00:00,0.7165,0.7174,0.7123,0.7144,109756.95445
2026-07-19 22:00:00,0.7144,0.7207,0.7141,0.7182,220974.128445
2026-07-19 23:00:00,0.7183,0.7203,0.715,0.72,131684.223148
2026-07-20 00:00:00,0.72,0.7263,0.7164,0.7188,245019.111842
2026-07-20 01:00:00,0.7189,0.7267,0.7153,0.7169,203267.573376
2026-07-20 02:00:00,0.7166,0.724,0.7165,0.7238,136802.518113
2026-07-20 03:00:00,0.724,0.7249,0.7195,0.7201,121554.220641
2026-07-20 04:00:00,0.7202,0.7204,0.7159,0.7169,84900.646811
2026-07-20 05:00:00,0.717,0.7174,0.7061,0.7085,573206.361235
2026-07-20 06:00:00,0.7086,0.7114,0.7033,0.7062,316047.994232
2026-07-20 07:00:00,0.7066,0.7118,0.7051,0.7107,158317.906277
2026-07-20 08:00:00,0.7108,0.7123,0.7011,0.7063,395700.410933
2026-07-20 09:00:00,0.7063,0.7099,0.704,0.7086,159113.990049
2026-07-20 10:00:00,0.7087,0.7129,0.7083,0.7105,130006.121259
2026-07-20 11:00:00,0.7105,0.7174,0.7103,0.7171,190491.27598
2026-07-20 12:00:00,0.7171,0.7171,0.7136,0.7151,135265.213224
2026-07-20 13:00:00,0.7152,0.7207,0.7117,0.7131,200419.647667
2026-07-20 14:00:00,0.713,0.7206,0.7115,0.7175,182502.628809
2026-07-20 15:00:00,0.7177,0.7349,0.7173,0.7326,576664.263676
2026-07-20 16:00:00,0.7327,0.7427,0.7285,0.7303,1040789.517832
2026-07-20 17:00:00,0.7302,0.7331,0.7276,0.7304,195893.5372
2026-07-20 18:00:00,0.7305,0.7337,0.7293,0.7312,234581.436341
2026-07-20 19:00:00,0.7313,0.7321,0.7265,0.7316,302107.466281
2026-07-20 20:00:00,0.7317,0.7353,0.7312,0.7352,317717.236221
2026-07-20 21:00:00,0.7351,0.7381,0.735,0.7355,93184.036868
2026-07-20 22:00:00,0.7355,0.7365,0.7318,0.7334,70972.605642
2026-07-20 23:00:00,0.7334,0.7391,0.733,0.7355,150776.831998
2026-07-21 00:00:00,0.7355,0.7383,0.7337,0.7365,43540.481796
2026-07-21 01:00:00,0.7365,0.7385,0.733,0.7333,141108.229289
2026-07-21 02:00:00,0.7334,0.7372,0.7316,0.7361,71076.193726
2026-07-21 03:00:00,0.7362,0.7459,0.7362,0.7431,312949.949758
2026-07-21 04:00:00,0.7431,0.7444,0.7389,0.7398,131328.46056
2026-07-21 05:00:00,0.7399,0.7431,0.738,0.7407,132877.629817
2026-07-21 06:00:00,0.7407,0.743,0.7394,0.7417,176667.429417
2026-07-21 07:00:00,0.7417,0.747,0.7417,0.7467,207819.394675
2026-07-21 08:00:00,0.7466,0.759,0.7451,0.7537,591044.057555
2026-07-21 09:00:00,0.7536,0.7568,0.7496,0.7541,220732.490562
2026-07-21 10:00:00,0.7543,0.7605,0.7447,0.7481,625199.063596
2026-07-21 11:00:00,0.748,0.7518,0.7467,0.7497,164168.993445
2026-07-21 12:00:00,0.75,0.7511,0.7484,0.7501,84546.537013
2026-07-21 13:00:00,0.7502,0.7557,0.7488,0.7551,390451.611837
2026-07-21 14:00:00,0.7549,0.7559,0.7498,0.7552,353099.851193
2026-07-21 15:00:00,0.755,0.76,0.7527,0.758,306903.209951
2026-07-21 16:00:00,0.7579,0.7588,0.7511,0.7537,212374.96507
2026-07-21 17:00:00,0.754,0.7562,0.7493,0.7554,121263.851219
2026-07-21 18:00:00,0.7559,0.7845,0.7554,0.7695,917869.209226
2026-07-21 19:00:00,0.7695,0.7786,0.7651,0.7748,385419.906928
2026-07-21 20:00:00,0.775,0.7763,0.7705,0.7719,153559.655727
2026-07-21 21:00:00,0.7719,0.7819,0.7703,0.7749,430092.408626
2026-07-21 22:00:00,0.7746,0.7749,0.7701,0.7725,131960.631528
2026-07-21 23:00:00,0.7724,0.7724,0.7676,0.7695,165996.669796
2026-07-22 00:00:00,0.7694,0.7809,0.7677,0.7771,553775.680438
2026-07-22 01:00:00,0.7772,0.7789,0.7733,0.7741,111111.789252
2026-07-22 02:00:00,0.774,0.7748,0.7714,0.7716,95143.434852
2026-07-22 03:00:00,0.7716,0.7734,0.769,0.7698,118773.141795
2026-07-22 04:00:00,0.7693,0.773,0.7685,0.7712,92318.358017
2026-07-22 05:00:00,0.771,0.7751,0.7644,0.7671,146635.327522
2026-07-22 06:00:00,0.7672,0.7723,0.7648,0.7694,147720.053333
2026-07-22 07:00:00,0.7691,0.7721,0.7673,0.7704,105033.974785
2026-07-22 08:00:00,0.7705,0.7759,0.7701,0.7722,132099.908859
2026-07-22 09:00:00,0.7719,0.7732,0.7654,0.7688,141748.810368
2026-07-22 10:00:00,0.769,0.775,0.7686,0.7747,89430.260492
2026-07-22 11:00:00,0.7746,0.7754,0.7673,0.7687,98940.787512
2026-07-22 12:00:00,0.7687,0.7698,0.7594,0.7622,169347.143188
2026-07-22 13:00:00,0.7621,0.7693,0.7621,0.768,130680.545231
2026-07-22 14:00:00,0.7678,0.7723,0.7641,0.7672,128620.499109
2026-07-22 15:00:00,0.7676,0.7712,0.7667,0.7695,105624.150329
2026-07-22 16:00:00,0.7697,0.7748,0.7686,0.773,169976.819835
2026-07-22 17:00:00,0.7733,0.7733,0.7676,0.7684,26443.686938
2026-07-22 18:00:00,0.7683,0.7689,0.7612,0.7649,77403.224842
2026-07-22 19:00:00,0.7649,0.7656,0.7619,0.7631,67416.16556
2026-07-22 20:00:00,0.763,0.7654,0.7613,0.7649,55023.80966
2026-07-22 21:00:00,0.7649,0.7678,0.7643,0.7678,26059.533148
2026-07-22 22:00:00,0.7679,0.7681,0.7624,0.7647,79856.958009
2026-07-22 23:00:00,0.7648,0.7648,0.7576,0.7624,109561.641877
2026-07-23 00:00:00,0.7625,0.7653,0.762,0.7622,54258.067436
2026-07-23 01:00:00,0.7622,0.7623,0.7555,0.7567,146836.700391
2026-07-23 02:00:00,0.7562,0.7564,0.7532,0.7546,114983.948647
2026-07-23 03:00:00,0.7544,0.7544,0.7387,0.7417,507205.819851
2026-07-23 04:00:00,0.7414,0.7457,0.7387,0.7449,293529.956807
2026-07-23 05:00:00,0.7448,0.7458,0.7402,0.7407,54415.81143
2026-07-23 06:00:00,0.7407,0.7442,0.7401,0.743,102768.966389
2026-07-23 07:00:00,0.743,0.743,0.7291,0.7341,688111.440542
2026-07-23 08:00:00,0.7337,0.7399,0.7333,0.7377,513105.753298
2026-07-23 09:00:00,0.7377,0.7398,0.7368,0.7375,147515.397082
2026-07-23 10:00:00,0.7375,0.7407,0.7373,0.7403,51066.645066
2026-07-23 11:00:00,0.7402,0.7414,0.7364,0.737,88584.064377
2026-07-23 12:00:00,0.7368,0.7376,0.7326,0.7362,100911.865669
2026-07-23 13:00:00,0.7364,0.7369,0.7312,0.7321,237385.124596
2026-07-23 14:00:00,0.7324,0.7366,0.7292,0.7297,252855.011718
2026-07-23 15:00:00,0.7297,0.7298,0.7237,0.7274,359527.060828
2026-07-23 16:00:00,0.7274,0.729,0.7228,0.7276,203682.816599
2026-07-23 17:00:00,0.7277,0.7322,0.7214,0.7235,128874.214995
2026-07-23 18:00:00,0.7232,0.7286,0.7232,0.7264,59327.849298
2026-07-23 19:00:00,0.7265,0.7292,0.724,0.7284,114783.063899
2026-07-23 20:00:00,0.7278,0.7326,0.7277,0.7301,122082.264384
2026-07-23 21:00:00,0.7302,0.7314,0.7267,0.7282,124093.848833
2026-07-23 22:00:00,0.7283,0.7294,0.7252,0.7286,58493.739213
2026-07-23 23:00:00,0.7287,0.7291,0.727,0.7281,37539.387611
2026-07-24 00:00:00,0.7282,0.7282,0.7227,0.7277,111446.370802
2026-07-24 01:00:00,0.7276,0.7292,0.7266,0.7282,119358.02961
2026-07-24 02:00:00,0.728,0.7286,0.7234,0.7254,125825.289804
2026-07-24 03:00:00,0.7255,0.73,0.7247,0.7295,92536.546549
2026-07-24 04:00:00,0.7296,0.7297,0.7252,0.7274,67237.22161
2026-07-24 05:00:00,0.7274,0.7306,0.7268,0.7306,55109.089023
2026-07-24 06:00:00,0.7307,0.7352,0.7304,0.7339,113505.175713
2026-07-24 07:00:00,0.7342,0.7387,0.7311,0.7336,154296.51071
2026-07-24 08:00:00,0.7337,0.7349,0.7322,0.7339,66095.484439
2026-07-24 09:00:00,0.7341,0.7345,0.7301,0.7331,145809.927221
2026-07-24 10:00:00,0.7331,0.7335,0.7281,0.7294,63957.106648
2026-07-24 11:00:00,0.7296,0.7318,0.7277,0.7312,73815.659174
2026-07-24 12:00:00,0.7306,0.7321,0.7241,0.7247,86073.705169
2026-07-24 13:00:00,0.7246,0.7249,0.7112,0.7155,780153.792693
2026-07-24 14:00:00,0.7159,0.72,0.7107,0.72,571439.993803
2026-07-24 15:00:00,0.7199,0.7253,0.7175,0.7241,441423.925208
2026-07-24 16:00:00,0.7242,0.7272,0.7229,0.7257,84974.578509
2026-07-24 17:00:00,0.7257,0.7289,0.7243,0.7271,91630.406184
2026-07-24 18:00:00,0.7271,0.728,0.7238,0.7258,48126.999957
2026-07-24 19:00:00,0.726,0.7275,0.7249,0.7259,14942.667937
2026-07-24 20:00:00,0.7261,0.727,0.7231,0.7242,16450.265948
2026-07-24 21:00:00,0.7245,0.7245,0.7173,0.7177,154149.34515
2026-07-24 22:00:00,0.7178,0.7185,0.7162,0.7162,75136.010603
2026-07-24 23:00:00,0.7164,0.7195,0.7164,0.7195,76727.189372
2026-07-25 00:00:00,0.7193,0.7212,0.7178,0.7203,89400.569976
2026-07-25 01:00:00,0.7203,0.7214,0.7189,0.72,59589.778222
2026-07-25 02:00:00,0.7203,0.7211,0.7179,0.7207,71681.452435
2026-07-25 03:00:00,0.7211,0.723,0.7211,0.7223,40925.562026
2026-07-25 04:00:00,0.7225,0.7282,0.7225,0.7245,107726.312144
2026-07-25 05:00:00,0.7242,0.7249,0.7218,0.7232,115218.190397
2026-07-25 06:00:00,0.7231,0.7238,0.7186,0.7205,34612.321781
2026-07-25 07:00:00,0.7209,0.7214,0.7171,0.7176,170041.313501
2026-07-25 08:00:00,0.7175,0.7179,0.7147,0.7163,156888.935509
2026-07-25 09:00:00,0.7164,0.7191,0.7156,0.7179,73475.116641
2026-07-25 10:00:00,0.718,0.7193,0.7173,0.719,27416.482949
2026-07-25 11:00:00,0.719,0.7193,0.7171,0.7188,28471.855806
2026-07-25 12:00:00,0.7187,0.721,0.7183,0.7205,21333.383232
2026-07-25 13:00:00,0.7205,0.7233,0.7202,0.7208,49183.899264
2026-07-25 14:00:00,0.7208,0.7208,0.7177,0.72,60898.894771
2026-07-25 15:00:00,0.7199,0.7256,0.7198,0.722,130862.937455
2026-07-25 16:00:00,0.7221,0.725,0.7216,0.7242,100275.793036
2026-07-25 17:00:00,0.7242,0.7317,0.7231,0.7271,120475.970931
2026-07-25 18:00:00,0.7274,0.7289,0.7266,0.7287,18390.787462
2026-07-25 19:00:00,0.7288,0.733,0.7267,0.7313,89116.912363
2026-07-25 20:00:00,0.7315,0.7348,0.73,0.7302,149359.780666
2026-07-25 21:00:00,0.7301,0.7404,0.7298,0.7365,229371.229
2026-07-25 22:00:00,0.7363,0.7412,0.7359,0.7385,118705.80097
2026-07-25 23:00:00,0.7381,0.7381,0.7343,0.736,113944.169156
2026-07-26 00:00:00,0.7363,0.7391,0.7332,0.7355,250125.999203
2026-07-26 01:00:00,0.7356,0.7366,0.7319,0.7345,84190.270991
2026-07-26 02:00:00,0.7346,0.7389,0.7322,0.7388,74141.714926
2026-07-26 03:00:00,0.7389,0.7404,0.7357,0.7364,100184.049394
2026-07-26 04:00:00,0.7366,0.7476,0.736,0.7416,271197.81759
2026-07-26 05:00:00,0.7415,0.7442,0.7403,0.7422,203816.767422
2026-07-26 06:00:00,0.742,0.7454,0.7397,0.7454,123021.424065
2026-07-26 07:00:00,0.7455,0.7514,0.7442,0.7491,296931.981823
2026-07-26 08:00:00,0.7491,0.7531,0.7466,0.7524,260295.241512
2026-07-26 09:00:00,0.7525,0.7531,0.7471,0.7481,250184.109053
2026-07-26 10:00:00,0.7481,0.7499,0.7464,0.7469,153843.367506
2026-07-26 11:00:00,0.7469,0.7511,0.7469,0.748,63935.246864
2026-07-26 12:00:00,0.7481,0.7504,0.7447,0.7453,174067.688124
2026-07-26 13:00:00,0.7454,0.7467,0.7422,0.7447,176584.535342
2026-07-26 14:00:00,0.7441,0.7483,0.7431,0.7462,204152.178072
2026-07-26 15:00:00,0.7457,0.7485,0.745,0.7457,139286.978935
2026-07-26 16:00:00,0.7457,0.7502,0.7438,0.7446,130840.081984
2026-07-26 17:00:00,0.7447,0.7461,0.7435,0.7446,95408.822653
2026-07-26 18:00:00,0.7445,0.7448,0.7425,0.7441,43421.99736
2026-07-26 19:00:00,0.7445,0.7445,0.7322,0.7383,252681.399659
2026-07-26 20:00:00,0.7384,0.7388,0.735,0.7367,70209.621297
2026-07-26 21:00:00,0.7365,0.7403,0.7345,0.7384,158873.597153
2026-07-26 22:00:00,0.7387,0.7443,0.7387,0.7431,109161.610595
2026-07-26 23:00:00,0.7433,0.7468,0.7413,0.7451,173987.775832
2026-07-27 00:00:00,0.7452,0.7452,0.7418,0.7426,58375.433352
2026-07-27 01:00:00,0.7426,0.7447,0.7386,0.7445,89261.474059
2026-07-27 02:00:00,0.7446,0.7564,0.7443,0.7521,287881.342514
2026-07-27 03:00:00,0.7526,0.7542,0.7491,0.7527,160995.020814
2026-07-27 04:00:00,0.7526,0.7538,0.7478,0.7478,77068.897639
2026-07-27 05:00:00,0.7477,0.7486,0.7443,0.7463,74334.960569
2026-07-27 06:00:00,0.7462,0.7494,0.7424,0.7446,153397.035135
2026-07-27 07:00:00,0.7438,0.7448,0.741,0.7419,58523.883109
2026-07-27 08:00:00,0.742,0.742,0.7368,0.737,238106.910911
2026-07-27 09:00:00,0.737,0.7411,0.736,0.7397,97211.494462
2026-07-27 10:00:00,0.7396,0.7428,0.7392,0.7411,56173.43706
2026-07-27 11:00:00,0.7411,0.7435,0.7392,0.7414,165948.970274
2026-07-27 12:00:00,0.7414,0.7463,0.7396,0.7449,252137.933875
2026-07-27 13:00:00,0.7449,0.752,0.7429,0.744,284695.079829
2026-07-27 14:00:00,0.7441,0.7443,0.7171,0.724,843198.453324
2026-07-27 15:00:00,0.7235,0.7255,0.7186,0.7217,189509.973949
2026-07-27 16:00:00,0.7214,0.7264,0.7179,0.7251,186576.043229
2026-07-27 17:00:00,0.7251,0.7264,0.723,0.7252,78048.573946
2026-07-27 18:00:00,0.7257,0.7265,0.7175,0.7214,87710.317774
2026-07-27 19:00:00,0.7215,0.7249,0.7122,0.7154,440034.636306
2026-07-27 20:00:00,0.7157,0.72,0.7129,0.7189,73802.078393
2026-07-27 21:00:00,0.719,0.7191,0.71,0.7121,307507.822254
2026-07-27 22:00:00,0.7121,0.7141,0.69,0.693,1468607.360571
2026-07-27 23:00:00,0.6931,0.6981,0.688,0.6949,632323.341148
2026-07-28 00:00:00,0.695,0.6983,0.6931,0.6949,210573.597336
2026-07-28 01:00:00,0.695,0.6956,0.6847,0.692,426754.661687
2026-07-28 02:00:00,0.6919,0.6981,0.6902,0.6974,107015.029696
2026-07-28 03:00:00,0.6975,0.7008,0.6968,0.6999,211967.167458
2026-07-28 04:00:00,0.6997,0.7,0.693,0.6936,133606.40237
2026-07-28 05:00:00,0.6937,0.6977,0.6935,0.6941,72555.890704
2026-07-28 06:00:00,0.6941,0.6966,0.6925,0.6956,67580.873757
2026-07-28 07:00:00,0.6959,0.6967,0.6925,0.6943,62622.964938
2026-07-28 08:00:00,0.6941,0.6967,0.6926,0.6961,41407.069787
2026-07-28 09:00:00,0.6961,0.6972,0.6943,0.6955,49513.424341
2026-07-28 10:00:00,0.6954,0.698,0.6954,0.6968,68555.314999
2026-07-28 11:00:00,0.6969,0.6989,0.6945,0.6983,290824.562471
2026-07-28 12:00:00,0.6981,0.7024,0.6966,0.6998,136573.018839
2026-07-28 13:00:00,0.6999,0.7015,0.6871,0.6946,523841.003585
2026-07-28 14:00:00,0.6945,0.6991,0.6912,0.6964,98414.302068
2026-07-28 15:00:00,0.6965,0.7051,0.6941,0.7044,262947.485139
2026-07-28 16:00:00,0.7043,0.7081,0.7022,0.7068,73950.719695
2026-07-28 17:00:00,0.7068,0.707,0.6977,0.6998,79803.164189
2026-07-28 18:00:00,0.7004,0.7016,0.696,0.6996,131069.593432
2026-07-28 19:00:00,0.6997,0.7036,0.6997,0.7028,40628.265593
2026-07-28 20:00:00,0.7028,0.706,0.7024,0.7053,87601.51719
2026-07-28 21:00:00,0.7054,0.7075,0.7035,0.7062,84790.232334
2026-07-28 22:00:00,0.7063,0.7069,0.7013,0.7014,67540.245917
2026-07-28 23:00:00,0.7013,0.7077,0.7002,0.7064,76885.533186
2026-07-29 00:00:00,0.7066,0.7118,0.7063,0.7067,141529.244803
2026-07-29 01:00:00,0.7066,0.7068,0.6962,0.6966,127833.163537
2026-07-29 02:00:00,0.6965,0.7002,0.6929,0.6962,195108.205203
2026-07-29 03:00:00,0.6962,0.6965,0.6858,0.6861,297077.870482
2026-07-29 04:00:00,0.6863,0.693,0.6793,0.691,678485.146525
2026-07-29 05:00:00,0.691,0.6959,0.6907,0.6945,133913.49504
2026-07-29 06:00:00,0.6945,0.6969,0.6924,0.6945,148696.458563
2026-07-29 07:00:00,0.6946,0.6965,0.6929,0.6962,82107.748921
2026-07-29 08:00:00,0.6965,0.6965,0.6918,0.6943,50336.136678
2026-07-29 09:00:00,0.6945,0.6978,0.6944,0.6952,77113.111162
2026-07-29 10:00:00,0.6951,0.6952,0.6901,0.692,83248.97516
2026-07-29 11:00:00,0.6922,0.6948,0.6912,0.6919,52081.308703
2026-07-29 12:00:00,0.6919,0.6919,0.6874,0.6908,148989.774015
2026-07-29 13:00:00,0.6908,0.6947,0.6893,0.6934,81228.420839
2026-07-29 14:00:00,0.6935,0.6947,0.6891,0.6905,92317.818353
2026-07-29 15:00:00,0.6906,0.6941,0.6883,0.6888,136746.576805
2026-07-29 16:00:00,0.6887,0.6887,0.6671,0.6685,1048784.127493
2026-07-29 17:00:00,0.6687,0.6846,0.6648,0.6769,1330446.61831
2026-07-29 18:00:00,0.6769,0.6857,0.6753,0.6836,519674.156102
2026-07-29 19:00:00,0.684,0.6859,0.6635,0.6658,368702.890378
2026-07-29 20:00:00,0.666,0.667,0.6535,0.659,742484.041157
2026-07-29 21:00:00,0.6588,0.6697,0.6569,0.6694,243761.114853
2026-07-29 22:00:00,0.6695,0.6749,0.6691,0.6744,402919.996582
2026-07-29 23:00:00,0.6744,0.6799,0.6741,0.6787,94514.22975
2026-07-30 00:00:00,0.6787,0.6816,0.6771,0.679,186854.306411
2026-07-30 01:00:00,0.6793,0.6866,0.6779,0.6828,208655.480957
2026-07-30 02:00:00,0.6829,0.6868,0.6826,0.6833,136415.324967
2026-07-30 03:00:00,0.6834,0.6881,0.6828,0.686,187279.208452
2026-07-30 04:00:00,0.686,0.6872,0.6779,0.678,163717.450154
2026-07-30 05:00:00,0.6781,0.6823,0.6753,0.6822,79794.634749
2026-07-30 06:00:00,0.6823,0.6825,0.6799,0.681,44424.778014
2026-07-30 07:00:00,0.6812,0.6836,0.6782,0.6812,87973.623414
2026-07-30 08:00:00,0.6812,0.687,0.6806,0.6863,71595.880844
2026-07-30 09:00:00,0.6865,0.6924,0.6832,0.691,284248.062676
2026-07-30 10:00:00,0.691,0.6959,0.691,0.6933,272460.141873
2026-07-30 11:00:00,0.6935,0.6992,0.6913,0.6931,324349.244684
2026-07-30 12:00:00,0.6929,0.6965,0.6909,0.6921,183366.980649
2026-07-30 13:00:00,0.6921,0.698,0.69,0.6966,183981.934105
2026-07-30 14:00:00,0.6965,0.6972,0.6925,0.6946,154246.205346
2026-07-30 15:00:00,0.6947,0.7095,0.6923,0.7077,618108.128889
2026-07-30 16:00:00,0.7074,0.7095,0.703,0.7072,362430.190169
2026-07-30 17:00:00,0.7075,0.7299,0.7046,0.7213,1458282.781738
2026-07-30 18:00:00,0.7211,0.7253,0.7141,0.7153,240957.251151
2026-07-30 19:00:00,0.7154,0.7212,0.715,0.7204,204717.029787
2026-07-30 20:00:00,0.7203,0.7271,0.7201,0.7224,229309.936692
2026-07-30 21:00:00,0.7224,0.7235,0.7188,0.7197,205522.691488
2026-07-30 22:00:00,0.7194,0.7199,0.7152,0.7162,103168.655364
2026-07-30 23:00:00,0.7163,0.7171,0.7123,0.7134,115670.881039
2026-07-31 00:00:00,0.7133,0.7186,0.7133,0.7159,117471.610439
2026-07-31 01:00:00,0.716,0.7212,0.7147,0.716,198011.801634
2026-07-31 02:00:00,0.7156,0.7168,0.7019,0.7086,704409.078686
2026-07-31 03:00:00,0.7087,0.7136,0.7061,0.7122,254586.854982
2026-07-31 04:00:00,0.712,0.715,0.7104,0.7132,132136.603934
2026-07-31 05:00:00,0.7131,0.7169,0.7131,0.7166,107478.402503
2026-07-31 06:00:00,0.7165,0.7178,0.7117,0.7148,70472.105031
2026-07-31 07:00:00,0.7149,0.7188,0.7097,0.7175,222332.850811
2026-07-31 08:00:00,0.7176,0.719,0.7145,0.7184,133987.051312
2026-07-31 09:00:00,0.7183,0.7184,0.7114,0.7142,298915.28874
2026-07-31 10:00:00,0.7143,0.7212,0.7102,0.7181,330526.321292
2026-07-31 11:00:00,0.7185,0.7201,0.7161,0.7182,144884.086664
2026-07-31 12:00:00,0.7183,0.7208,0.7145,0.7192,324216.754757
2026-07-31 13:00:00,0.7193,0.7243,0.7139,0.7171,370989.204044
2026-07-31 14:00:00,0.717,0.7232,0.7105,0.7188,879286.039676
2026-07-31 15:00:00,0.7188,0.7238,0.715,0.7178,445018.465672
2026-07-31 16:00:00,0.7179,0.7211,0.7151,0.7199,463654.770789
2026-07-31 17:00:00,0.7201,0.727,0.7195,0.724,246307.244649
2026-07-31 18:00:00,0.7241,0.7256,0.7185,0.7208,82191.285533
2026-07-31 19:00:00,0.721,0.7219,0.7145,0.7163,62221.380479
2026-07-31 20:00:00,0.7165,0.7183,0.7138,0.7143,56122.424144
2026-07-31 21:00:00,0.7144,0.716,0.7118,0.7147,109706.310636
2026-07-31 22:00:00,0.7148,0.7177,0.7142,0.7154,31177.815453
2026-07-31 23:00:00,0.7153,0.7174,0.714,0.7155,58744.549008
2026-08-01 00:00:00,0.7156,0.7178,0.714,0.7151,163636.320836
2026-08-01 01:00:00,0.7152,0.7189,0.7152,0.7178,151954.751346
2026-08-01 02:00:00,0.7182,0.7206,0.7171,0.72,68650.411713
2026-08-01 03:00:00,0.72,0.7215,0.7185,0.7204,72354.23373
2026-08-01 04:00:00,0.7209,0.7268,0.7194,0.7232,133363.717523
2026-08-01 05:00:00,0.7233,0.7247,0.7186,0.7213,112178.94809
2026-08-01 06:00:00,0.7216,0.7256,0.7201,0.7237,93484.258731
2026-08-01 07:00:00,0.7235,0.7256,0.7222,0.7224,76749.244364
2026-08-01 08:00:00,0.7222,0.7286,0.7211,0.7274,197897.13235
2026-08-01 09:00:00,0.7274,0.7282,0.72,0.7213,115457.081953
2026-08-01 10:00:00,0.7215,0.7216,0.7058,0.7127,400301.923467
2026-08-01 11:00:00,0.7133,0.7138,0.7108,0.7114,69713.283261
2026-08-01 12:00:00,0.7114,0.7127,0.7104,0.7115,59539.629866
2026-08-01 13:00:00,0.7112,0.7135,0.7109,0.7127,75641.657708
2026-08-01 14:00:00,0.7127,0.713,0.7084,0.7108,143398.515105
2026-08-01 15:00:00,0.711,0.7125,0.7089,0.7114,87263.315996
2026-08-01 16:00:00,0.7114,0.7127,0.7083,0.7095,68222.203874
2026-08-01 17:00:00,0.7096,0.7113,0.6988,0.7023,261231.212796
2026-08-01 18:00:00,0.7021,0.7025,0.6907,0.697,381063.344636
2026-08-01 19:00:00,0.6969,0.6989,0.6953,0.698,70771.098522
2026-08-01 20:00:00,0.6977,0.6997,0.6972,0.6995,28849.900551
2026-08-01 21:00:00,0.6995,0.702,0.6993,0.7004,51546.654899
2026-08-01 22:00:00,0.7005,0.7021,0.6996,0.7004,59148.405627
2026-08-01 23:00:00,0.7005,0.7014,0.6999,0.7011,34449.44402
2026-08-02 00:00:00,0.701,0.7025,0.7003,0.7024,76999.836631
2026-08-02 01:00:00,0.7027,0.7098,0.7022,0.7082,168372.765985
2026-08-02 02:00:00,0.7079,0.7165,0.7062,0.7116,294369.281644
2026-08-02 03:00:00,0.7119,0.7145,0.7116,0.7132,59374.242714
2026-08-02 04:00:00,0.7133,0.7187,0.7131,0.7183,117477.985608
2026-08-02 05:00:00,0.7182,0.7198,0.7144,0.7181,108049.905889
2026-08-02 06:00:00,0.7184,0.7196,0.7151,0.7159,91418.092723
2026-08-02 07:00:00,0.7159,0.719,0.7151,0.7177,49943.366189
2026-08-02 08:00:00,0.7177,0.7183,0.714,0.7141,104415.162631
2026-08-02 09:00:00,0.7143,0.7155,0.712,0.7129,111846.658041
2026-08-02 10:00:00,0.7128,0.7149,0.7127,0.7137,39673.090466
2026-08-02 11:00:00,0.7137,0.7167,0.7131,0.7147,67207.210493
2026-08-02 12:00:00,0.715,0.7257,0.715,0.7206,200356.985609
2026-08-02 13:00:00,0.7207,0.7219,0.7178,0.7197,98144.892535
2026-08-02 14:00:00,0.7196,0.7234,0.7182,0.7221,167194.100195
2026-08-02 15:00:00,0.7221,0.7223,0.7187,0.7196,117781.737855
2026-08-02 16:00:00,0.7197,0.7228,0.7178,0.7188,145721.245699
2026-08-02 17:00:00,0.7187,0.7209,0.718,0.7204,22763.434014
2026-08-02 18:00:00,0.7204,0.7241,0.72,0.7202,52022.09254
2026-08-02 19:00:00,0.7203,0.7221,0.7182,0.7221,102201.431734
2026-08-02 20:00:00,0.7222,0.7223,0.7201,0.721,33022.318098
2026-08-02 21:00:00,0.721,0.7235,0.7204,0.7213,62815.860398
2026-08-02 22:00:00,0.7215,0.7228,0.7169,0.7181,127930.90789
2026-08-02 23:00:00,0.7179,0.719,0.7168,0.7189,56890.175014
2026-08-03 00:00:00,0.7188,0.7197,0.7159,0.7173,70014.133542
2026-08-03 01:00:00,0.7173,0.7182,0.7125,0.7134,77724.460902
2026-08-03 02:00:00,0.7132,0.7185,0.7108,0.7183,167821.997846
2026-08-03 03:00:00,0.718,0.7199,0.7118,0.7151,106848.557073
2026-08-03 04:00:00,0.715,0.7186,0.708,0.7093,277046.187768
2026-08-03 05:00:00,0.7094,0.7126,0.7089,0.7126,47242.270329
2026-08-03 06:00:00,0.7127,0.7132,0.7084,0.709,51724.017185
2026-08-03 07:00:00,0.7091,0.7119,0.708,0.7096,105335.786195
2026-08-03 08:00:00,0.7094,0.7123,0.7051,0.7122,146769.637139
2026-08-03 09:00:00,0.7121,0.7147,0.7111,0.7138,106863.571661
2026-08-03 10:00:00,0.7138,0.7154,0.7125,0.7148,85761.916874
2026-08-03 11:00:00,0.7146,0.7169,0.7127,0.7147,85582.549726
2026-08-03 12:00:00,0.7148,0.717,0.7139,0.7157,53266.771622
2026-08-03 13:00:00,0.7158,0.7346,0.7158,0.7255,944952.372236
2026-08-03 14:00:00,0.7254,0.7268,0.7213,0.7248,157082.60123
2026-08-03 15:00:00,0.7247,0.7247,0.7207,0.7243,135281.173588
2026-08-03 16:00:00,0.7243,0.7281,0.7221,0.7242,273415.669739
2026-08-03 17:00:00,0.7241,0.7263,0.7231,0.724,37065.886211
2026-08-03 18:00:00,0.724,0.7269,0.724,0.7264,25549.205582
2026-08-03 19:00:00,0.7265,0.7285,0.726,0.726,69094.523917
2026-08-03 20:00:00,0.7255,0.7273,0.7234,0.7247,111617.83568
2026-08-03 21:00:00,0.7247,0.7271,0.7236,0.7246,95820.216731
2026-08-03 22:00:00,0.7246,0.7246,0.7182,0.7224,190409.109701
2026-08-03 23:00:00,0.7222,0.724,0.72,0.7239,20868.298416
2026-08-04 00:00:00,0.7238,0.7259,0.7192,0.7199,100888.238789
2026-08-04 01:00:00,0.7202,0.7285,0.7195,0.7281,77718.118883
2026-08-04 02:00:00,0.7281,0.7283,0.723,0.7231,96040.677964
2026-08-04 03:00:00,0.723,0.7233,0.7186,0.7198,62180.270681
2026-08-04 04:00:00,0.7197,0.7239,0.7196,0.7222,53605.899306
2026-08-04 05:00:00,0.722,0.7235,0.7202,0.7234,53204.197827
2026-08-04 06:00:00,0.7233,0.7239,0.7171,0.7183,103460.68465
2026-08-04 07:00:00,0.7183,0.7192,0.7138,0.7182,204101.474426
2026-08-04 08:00:00,0.7182,0.7192,0.7161,0.7161,32119.179693
2026-08-04 09:00:00,0.716,0.7161,0.7134,0.7141,85354.439278
2026-08-04 10:00:00,0.7139,0.7167,0.712,0.7155,94382.507759
2026-08-04 11:00:00,0.715,0.7154,0.7122,0.7144,81827.048119
2026-08-04 12:00:00,0.7142,0.7158,0.7122,0.7122,146003.192613
2026-08-04 13:00:00,0.7121,0.7166,0.7083,0.7104,302260.149887
2026-08-04 14:00:00,0.7101,0.7143,0.707,0.7123,276153.085111
2026-08-04 15:00:00,0.7122,0.7137,0.7087,0.7127,94990.102813
2026-08-04 16:00:00,0.7125,0.7176,0.7113,0.7147,101869.502787
2026-08-04 17:00:00,0.7148,0.7167,0.712,0.712,115681.902134
2026-08-04 18:00:00,0.7121,0.7162,0.7121,0.7149,54582.207044
2026-08-04 19:00:00,0.7151,0.7179,0.7151,0.7166,87776.075324
2026-08-04 20:00:00,0.7165,0.7213,0.7141,0.7197,228275.978068
2026-08-04 21:00:00,0.7202,0.7226,0.7177,0.7195,113016.865673
2026-08-04 22:00:00,0.7195,0.7255,0.7184,0.7222,267142.355136
2026-08-04 23:00:00,0.7224,0.7232,0.718,0.7188,103035.985749
2026-08-05 00:00:00,0.7189,0.719,0.7128,0.7133,156643.724015
2026-08-05 01:00:00,0.7132,0.7174,0.7118,0.7163,132242.733445
2026-08-05 02:00:00,0.7166,0.7195,0.7159,0.7195,96235.32425
2026-08-05 03:00:00,0.7197,0.7207,0.7117,0.7125,223343.076148
2026-08-05 04:00:00,0.7124,0.7141,0.7113,0.7134,119172.186759
2026-08-05 05:00:00,0.7134,0.7177,0.7133,0.7158,56475.749487
2026-08-05 06:00:00,0.7158,0.7174,0.7147,0.7155,42482.231697
2026-08-05 07:00:00,0.7155,0.7174,0.7144,0.717,107989.787793
2026-08-05 08:00:00,0.7171,0.718,0.709,0.7099,262200.797796
2026-08-05 09:00:00,0.7096,0.7142,0.709,0.7115,90149.618253
2026-08-05 10:00:00,0.7115,0.7115,0.707,0.7083,197460.429638
2026-08-05 11:00:00,0.708,0.7099,0.7073,0.7082,77896.745604
2026-08-05 12:00:00,0.708,0.719,0.705,0.714,418740.895813
2026-08-05 13:00:00,0.7136,0.7155,0.7079,0.7127,165532.290381
2026-08-05 14:00:00,0.7127,0.7195,0.7125,0.7181,179751.311476
2026-08-05 15:00:00,0.7183,0.7229,0.7161,0.7175,261821.394649
2026-08-05 16:00:00,0.7175,0.7228,0.7143,0.72,169128.657896
2026-08-05 17:00:00,0.7202,0.7308,0.7191,0.7246,193097.14142
2026-08-05 18:00:00,0.7247,0.7252,0.7218,0.7225,111203.922684
2026-08-05 19:00:00,0.7226,0.7244,0.7199,0.72,45341.33801
2026-08-05 20:00:00,0.7201,0.7269,0.7183,0.724,110536.862255
2026-08-05 21:00:00,0.7241,0.7242,0.7216,0.7227,55471.737426
2026-08-05 22:00:00,0.723,0.7235,0.7197,0.7198,85371.940273
2026-08-05 23:00:00,0.7197,0.7227,0.7186,0.7202,140150.334482
2026-08-06 00:00:00,0.7202,0.723,0.7202,0.7225,86191.998239
2026-08-06 01:00:00,0.7223,0.7225,0.7151,0.7153,110668.360832
2026-08-06 02:00:00,0.7152,0.7152,0.7074,0.711,325076.136523
2026-08-06 03:00:00,0.7106,0.7132,0.708,0.7124,115161.834783
2026-08-06 04:00:00,0.7123,0.7166,0.7112,0.7145,94066.762903
2026-08-06 05:00:00,0.7148,0.719,0.7136,0.7143,97579.802443
2026-08-06 06:00:00,0.7147,0.7164,0.7121,0.7145,94731.175478
2026-08-06 07:00:00,0.7143,0.7151,0.7123,0.7134,220334.848511
2026-08-06 08:00:00,0.7133,0.7141,0.7115,0.7128,234549.434275
2026-08-06 09:00:00,0.7125,0.7125,0.7014,0.7036,924276.134858
2026-08-06 10:00:00,0.7036,0.7036,0.6786,0.6882,2184444.111452
2026-08-06 11:00:00,0.6884,0.6942,0.6864,0.6892,407470.350518
2026-08-06 12:00:00,0.6893,0.6901,0.6863,0.6863,265941.327886
2026-08-06 13:00:00,0.6863,0.6911,0.6847,0.6905,234054.149324
2026-08-06 14:00:00,0.6905,0.6964,0.6893,0.6953,451809.459539
2026-08-06 15:00:00,0.695,0.7112,0.6946,0.7088,833146.839821
2026-08-06 16:00:00,0.7087,0.7387,0.7026,0.729,2420368.834984
2026-08-06 17:00:00,0.7291,0.7315,0.7139,0.7163,885890.737279
2026-08-06 18:00:00,0.7163,0.7163,0.6992,0.703,672984.545791
2026-08-06 19:00:00,0.7032,0.7049,0.699,0.7006,142984.227381
2026-08-06 20:00:00,0.7005,0.7043,0.7005,0.7038,98834.278155
2026-08-06 21:00:00,0.7039,0.7067,0.7036,0.7051,198609.458937
2026-08-06 22:00:00,0.7052,0.7066,0.7021,0.7025,160199.405355
2026-08-06 23:00:00,0.7023,0.7042,0.7014,0.7042,107834.298442
2026-08-07 00:00:00,0.7041,0.706,0.7002,0.7048,174349.005432
2026-08-07 01:00:00,0.7052,0.7062,0.7016,0.7023,87155.465021
2026-08-07 02:00:00,0.702,0.7032,0.6979,0.701,157646.721631
2026-08-07 03:00:00,0.7008,0.7028,0.6881,0.6919,353347.740617
2026-08-07 04:00:00,0.6917,0.6947,0.6902,0.6937,184829.910989
2026-08-07 05:00:00,0.6939,0.6952,0.691,0.6952,99042.307876
2026-08-07 06:00:00,0.6951,0.6964,0.6917,0.6949,285206.11586
2026-08-07 07:00:00,0.6949,0.6969,0.6939,0.6962,88338.831025
2026-08-07 08:00:00,0.6959,0.6967,0.688,0.6918,442664.501338
2026-08-07 09:00:00,0.6916,0.6939,0.6911,0.6929,125680.664401
2026-08-07 10:00:00,0.6928,0.6935,0.6913,0.6913,243047.842327
2026-08-07 11:00:00,0.6913,0.6963,0.6913,0.6953,160830.938623
2026-08-07 12:00:00,0.6949,0.7019,0.6948,0.6972,339610.260765
2026-08-07 13:00:00,0.6973,0.6991,0.6952,0.6978,156746.32711
2026-08-07 14:00:00,0.698,0.698,0.6886,0.6909,375859.031877
2026-08-07 15:00:00,0.691,0.6971,0.6902,0.6947,87845.800363
2026-08-07 16:00:00,0.6947,0.6965,0.6887,0.6889,187053.10089
2026-08-07 17:00:00,0.6886,0.6893,0.67,0.6801,1661539.965594
2026-08-07 18:00:00,0.6801,0.6837,0.6789,0.6795,244305.096123
2026-08-07 19:00:00,0.6795,0.6857,0.6794,0.6841,131581.560127
2026-08-07 20:00:00,0.6841,0.6861,0.6798,0.6861,161769.236074
2026-08-07 21:00:00,0.6861,0.6865,0.6827,0.6829,84385.883472
2026-08-07 22:00:00,0.6829,0.6847,0.6815,0.6827,71984.066136
2026-08-07 23:00:00,0.6824,0.6846,0.6812,0.684,45302.52588
2026-08-08 00:00:00,0.6839,0.6874,0.6823,0.6874,72792.181314
2026-08-08 01:00:00,0.6873,0.6916,0.686,0.6909,86554.144402
2026-08-08 02:00:00,0.6908,0.692,0.689,0.6913,130045.749192
2026-08-08 03:00:00,0.6913,0.6976,0.6904,0.6973,224241.606799
2026-08-08 04:00:00,0.6973,0.6987,0.6927,0.6939,257499.09949
2026-08-08 05:00:00,0.6938,0.6966,0.6938,0.6963,88686.655438
2026-08-08 06:00:00,0.6964,0.6969,0.6942,0.6966,121436.060499
2026-08-08 07:00:00,0.6967,0.7047,0.6967,0.7038,298511.3251
2026-08-08 08:00:00,0.7039,0.7086,0.7013,0.7076,361640.915455
2026-08-08 09:00:00,0.7076,0.718,0.7053,0.7138,572210.018167
2026-08-08 10:00:00,0.7139,0.7269,0.7139,0.7198,1079821.287268
2026-08-08 11:00:00,0.7198,0.7201,0.7134,0.7148,491508.916268
2026-08-08 12:00:00,0.715,0.7177,0.7136,0.7151,212775.544642
2026-08-08 13:00:00,0.715,0.7169,0.7135,0.7157,158805.254511
2026-08-08 14:00:00,0.7156,0.7182,0.7119,0.7178,174167.471512
2026-08-08 15:00:00,0.7179,0.7195,0.7162,0.7165,211871.686881
2026-08-08 16:00:00,0.7169,0.7195,0.7159,0.7187,229986.875952
2026-08-08 17:00:00,0.7188,0.7191,0.7167,0.7177,58496.631691
2026-08-08 18:00:00,0.7177,0.7202,0.7174,0.7189,67074.644693
2026-08-08 19:00:00,0.719,0.7194,0.7159,0.7163,84977.558888
2026-08-08 20:00:00,0.716,0.7181,0.7147,0.7174,109026.668564
2026-08-08 21:00:00,0.7175,0.7189,0.7164,0.7164,60644.946714
2026-08-08 22:00:00,0.7167,0.717,0.7059,0.71,243159.457088
2026-08-08 23:00:00,0.7098,0.7114,0.7084,0.7106,134045.848412
2026-08-09 00:00:00,0.7103,0.7132,0.71,0.7123,148345.85116
2026-08-09 01:00:00,0.7121,0.7155,0.7115,0.714,139362.627703
2026-08-09 02:00:00,0.7139,0.7158,0.7111,0.7115,88060.978878
2026-08-09 03:00:00,0.7116,0.712,0.7086,0.7102,223236.587381
2026-08-09 04:00:00,0.71,0.715,0.7092,0.7122,126025.162223
2026-08-09 05:00:00,0.7121,0.7132,0.7089,0.7119,70149.240096
2026-08-09 06:00:00,0.7119,0.714,0.7113,0.7127,107132.348719
2026-08-09 07:00:00,0.7126,0.7131,0.7103,0.7109,90901.111584
2026-08-09 08:00:00,0.7109,0.7138,0.7108,0.7114,68282.142404
2026-08-09 09:00:00,0.7114,0.7121,0.7103,0.712,40103.734139
2026-08-09 10:00:00,0.7121,0.7128,0.709,0.709,53874.356654
2026-08-09 11:00:00,0.709,0.7096,0.705,0.7086,152352.168655
2026-08-09 12:00:00,0.7084,0.7099,0.707,0.7094,64183.946038
2026-08-09 13:00:00,0.7095,0.7132,0.7095,0.7099,129454.828271
2026-08-09 14:00:00,0.7097,0.7105,0.7088,0.7102,75542.894811
2026-08-09 15:00:00,0.7101,0.713,0.7099,0.7122,42319.3119
2026-08-09 16:00:00,0.7121,0.7124,0.7094,0.7114,81707.469497
2026-08-09 17:00:00,0.7115,0.7121,0.7087,0.7098,99881.320705
2026-08-09 18:00:00,0.7098,0.7102,0.7085,0.709,81435.462079
2026-08-09 19:00:00,0.709,0.7128,0.7079,0.7126,63493.814092
2026-08-09 20:00:00,0.7124,0.7134,0.7118,0.713,64154.856557
2026-08-09 21:00:00,0.713,0.7148,0.712,0.7131,59719.419037
2026-08-09 22:00:00,0.7131,0.717,0.696,0.7041,438538.640236
2026-08-09 23:00:00,0.7035,0.7053,0.698,0.7006,206218.370124
2026-08-10 00:00:00,0.7006,0.7057,0.699,0.7033,123825.290925
2026-08-10 01:00:00,0.7035,0.7091,0.7017,0.7067,74675.526685
2026-08-10 02:00:00,0.7068,0.7068,0.7001,0.7045,84349.96438
2026-08-10 03:00:00,0.7044,0.7049,0.7008,0.7019,86576.591992
2026-08-10 04:00:00,0.7017,0.7051,0.7011,0.7028,109367.713114
2026-08-10 05:00:00,0.7027,0.7069,0.7027,0.7062,144111.752204
2026-08-10 06:00:00,0.7063,0.7091,0.7056,0.708,94621.0081
2026-08-10 07:00:00,0.7081,0.7091,0.7056,0.7061,269221.217132
2026-08-10 08:00:00,0.7061,0.7073,0.7029,0.7055,181691.372025
2026-08-10 09:00:00,0.7056,0.7056,0.6988,0.7004,154366.059791
2026-08-10 10:00:00,0.7003,0.7024,0.6996,0.7006,104223.675693
2026-08-10 11:00:00,0.7005,0.7036,0.6948,0.7024,355436.781681
2026-08-10 12:00:00,0.7025,0.7042,0.7006,0.7028,130553.980584
2026-08-10 13:00:00,0.7027,0.7044,0.6984,0.7015,270197.480325
2026-08-10 14:00:00,0.7014,0.7034,0.699,0.6994,75387.535666
2026-08-10 15:00:00,0.6992,0.6999,0.6906,0.6976,326390.784204
2026-08-10 16:00:00,0.6973,0.6998,0.6931,0.695,176280.350263
2026-08-10 17:00:00,0.6952,0.7015,0.6945,0.7002,76261.108353
2026-08-10 18:00:00,0.7004,0.7047,0.7004,0.7035,79403.697437
2026-08-10 19:00:00,0.7035,0.7076,0.7023,0.7046,201108.475845
2026-08-10 20:00:00,0.7046,0.7071,0.7034,0.7039,56329.384327
2026-08-10 21:00:00,0.7037,0.7038,0.6999,0.7005,61151.123294
2026-08-10 22:00:00,0.7001,0.7034,0.6985,0.7033,63144.120758
2026-08-10 23:00:00,0.7029,0.7045,0.7004,0.7032,114214.986225
2026-08-11 00:00:00,0.7023,0.7042,0.699,0.7038,151578.833661
2026-08-11 01:00:00,0.7038,0.7075,0.7019,0.7071,102072.454966
2026-08-11 02:00:00,0.7074,0.7096,0.7069,0.7079,192191.217853
2026-08-11 03:00:00,0.7079,0.71,0.7073,0.7079,97154.846129
2026-08-11 04:00:00,0.708,0.708,0.7034,0.7047,98386.547177
2026-08-11 05:00:00,0.7045,0.7054,0.7022,0.7035,76239.477778
2026-08-11 06:00:00,0.7037,0.7088,0.7,0.7021,189922.922846
2026-08-11 07:00:00,0.7021,0.7037,0.6972,0.6983,213526.269495
2026-08-11 08:00:00,0.6983,0.7026,0.6982,0.7015,68320.806425
2026-08-11 09:00:00,0.7014,0.7051,0.6999,0.7035,174583.051234
2026-08-11 10:00:00,0.7033,0.7051,0.7011,0.7039,179972.51877
2026-08-11 11:00:00,0.7041,0.707,0.7034,0.7046,118259.804695
2026-08-11 12:00:00,0.7047,0.7051,0.6989,0.7031,181956.466876
2026-08-11 13:00:00,0.7031,0.707,0.703,0.7053,138896.218675
2026-08-11 14:00:00,0.7054,0.7079,0.6922,0.6946,485477.732973
2026-08-11 15:00:00,0.6947,0.6981,0.6878,0.6951,543625.686719
2026-08-11 16:00:00,0.6951,0.7003,0.6934,0.699,113790.818076
2026-08-11 17:00:00,0.6991,0.7036,0.6991,0.7028,127351.460621
2026-08-11 18:00:00,0.7026,0.7085,0.7026,0.7054,200529.846613
2026-08-11 19:00:00,0.7054,0.7097,0.7022,0.7095,186401.409643
2026-08-11 20:00:00,0.7096,0.7179,0.7091,0.7151,458053.459508
2026-08-11 21:00:00,0.7151,0.7156,0.7098,0.7106,153205.358802
2026-08-11 22:00:00,0.7106,0.713,0.7097,0.7118,131967.454273
2026-08-11 23:00:00,0.7118,0.712,0.7099,0.7114,41252.019808
2026-08-12 00:00:00,0.7113,0.7131,0.7096,0.7098,98660.119447
2026-08-12 01:00:00,0.71,0.7118,0.7089,0.7104,64195.100061
2026-08-12 02:00:00,0.7102,0.7104,0.7071,0.7073,53421.050417
2026-08-12 03:00:00,0.7073,0.7087,0.7063,0.7085,41048.957479
2026-08-12 04:00:00,0.7085,0.7098,0.7063,0.7068,29684.788407
2026-08-12 05:00:00,0.7069,0.707,0.7042,0.7057,108309.584569
2026-08-12 06:00:00,0.7054,0.7054,0.701,0.7013,218365.959539
2026-08-12 07:00:00,0.7014,0.7032,0.6997,0.7025,92472.472397
2026-08-12 08:00:00,0.7022,0.7034,0.6987,0.6993,98023.012981
2026-08-12 09:00:00,0.6987,0.7038,0.6987,0.7007,81532.078604
2026-08-12 10:00:00,0.7005,0.7027,0.6996,0.7011,106577.655201
2026-08-12 11:00:00,0.7012,0.7025,0.7008,0.7019,47376.2885
2026-08-12 12:00:00,0.7018,0.7081,0.7016,0.705,245262.262065
2026-08-12 13:00:00,0.7051,0.7065,0.7033,0.7049,125893.38527
2026-08-12 14:00:00,0.7048,0.7052,0.6979,0.6994,332029.617654
2026-08-12 15:00:00,0.6991,0.7032,0.6987,0.6994,93241.799822
2026-08-12 16:00:00,0.6991,0.702,0.6981,0.7009,175471.402898
2026-08-12 17:00:00,0.701,0.7011,0.694,0.6971,196378.287654
2026-08-12 18:00:00,0.6974,0.6985,0.6952,0.6952,76680.319911
2026-08-12 19:00:00,0.6952,0.6959,0.6875,0.6891,310601.804184
2026-08-12 20:00:00,0.6887,0.6927,0.6875,0.6908,128890.873299
2026-08-12 21:00:00,0.691,0.6941,0.6574,0.67,2499866.552843
2026-08-12 22:00:00,0.67,0.6732,0.665,0.6705,824605.069764
2026-08-12 23:00:00,0.6706,0.6717,0.6656,0.6701,505688.262109
2026-08-13 00:00:00,0.67,0.6745,0.6688,0.6691,402928.757024
2026-08-13 01:00:00,0.6691,0.6736,0.6669,0.6726,424522.861134
2026-08-13 02:00:00,0.6726,0.6757,0.6713,0.6753,190476.203499
2026-08-13 03:00:00,0.6754,0.6789,0.6744,0.6766,148822.032431
2026-08-13 04:00:00,0.6768,0.6803,0.6758,0.6798,135330.427015
2026-08-13 05:00:00,0.6795,0.6825,0.6773,0.6804,149113.040953
2026-08-13 06:00:00,0.6801,0.6814,0.6779,0.681,289688.031976
2026-08-13 07:00:00,0.6811,0.6823,0.6771,0.6778,108732.595598
2026-08-13 08:00:00,0.6779,0.6782,0.6737,0.6742,163752.847226
2026-08-13 09:00:00,0.6743,0.6743,0.6721,0.673,112724.137824
2026-08-13 10:00:00,0.6734,0.6755,0.6721,0.6741,151952.090444
2026-08-13 11:00:00,0.6742,0.6743,0.6694,0.6714,233502.330779
2026-08-13 12:00:00,0.6714,0.6764,0.6705,0.6757,230119.399278
2026-08-13 13:00:00,0.6757,0.6797,0.674,0.6784,127009.553919
2026-08-13 14:00:00,0.6781,0.6802,0.6771,0.6798,106145.411734
2026-08-13 15:00:00,0.6799,0.68,0.6649,0.6674,463827.626751
2026-08-13 16:00:00,0.6675,0.6714,0.6648,0.6683,571371.4116
2026-08-13 17:00:00,0.6683,0.6715,0.668,0.6712,91747.797469
2026-08-13 18:00:00,0.6712,0.6735,0.6702,0.6733,47156.604544
2026-08-13 19:00:00,0.6734,0.6754,0.6725,0.6743,38781.35184
2026-08-13 20:00:00,0.6745,0.6745,0.6721,0.6727,58790.965889
2026-08-13 21:00:00,0.6726,0.6752,0.6719,0.6746,59502.010357
2026-08-13 22:00:00,0.6746,0.6774,0.6746,0.6761,71164.96127
2026-08-13 23:00:00,0.6758,0.6778,0.675,0.6774,165148.743962
2026-08-14 00:00:00,0.6775,0.679,0.6756,0.6772,206815.665185
2026-08-14 01:00:00,0.6773,0.6784,0.6752,0.6768,95536.940959
2026-08-14 02:00:00,0.6767,0.6782,0.6741,0.6753,130836.708139
2026-08-14 03:00:00,0.6752,0.6752,0.6721,0.6732,92307.210602
2026-08-14 04:00:00,0.6729,0.6743,0.6721,0.6725,64033.108937
2026-08-14 05:00:00,0.6721,0.6729,0.67,0.6724,112519.07035
2026-08-14 06:00:00,0.6723,0.6726,0.6682,0.6686,91052.995917
2026-08-14 07:00:00,0.6683,0.6697,0.6675,0.6688,130474.24401
2026-08-14 08:00:00,0.6688,0.672,0.6674,0.6717,230236.383608
2026-08-14 09:00:00,0.6716,0.672,0.6627,0.6648,189149.191157
2026-08-14 10:00:00,0.664,0.6679,0.6638,0.6663,105761.729969
2026-08-14 11:00:00,0.6664,0.6679,0.6658,0.666,44835.831758
2026-08-14 12:00:00,0.6662,0.6673,0.6625,0.6646,143090.577897
2026-08-14 13:00:00,0.6645,0.6706,0.6644,0.6681,85800.305154
2026-08-14 14:00:00,0.6681,0.6687,0.6659,0.6666,120692.109495
2026-08-14 15:00:00,0.6666,0.6726,0.6649,0.6726,131402.334823
2026-08-14 16:00:00,0.6725,0.6747,0.6701,0.6728,156866.887872
2026-08-14 17:00:00,0.673,0.6813,0.6723,0.677,588006.672459
2026-08-14 18:00:00,0.6771,0.6796,0.6746,0.6748,162758.639693
2026-08-14 19:00:00,0.6749,0.6749,0.6726,0.6729,65667.588695
2026-08-14 20:00:00,0.673,0.6741,0.6703,0.672,175791.629576
2026-08-14 21:00:00,0.672,0.6729,0.671,0.6721,67910.523635
2026-08-14 22:00:00,0.6718,0.6754,0.6714,0.6749,58876.50953
2026-08-14 23:00:00,0.6749,0.6817,0.6749,0.681,242201.868858
2026-08-15 00:00:00,0.681,0.7005,0.6796,0.6901,1091271.011199
2026-08-15 01:00:00,0.6901,0.6934,0.688,0.6904,333837.294036
2026-08-15 02:00:00,0.6905,0.6987,0.6904,0.6972,345533.704455
2026-08-15 03:00:00,0.6973,0.6988,0.6918,0.6926,163533.96772
2026-08-15 04:00:00,0.6927,0.6968,0.6927,0.6958,127401.505777
2026-08-15 05:00:00,0.6957,0.6957,0.6904,0.6932,360825.492699
2026-08-15 06:00:00,0.6934,0.6941,0.6893,0.691,172775.837222
2026-08-15 07:00:00,0.6909,0.6909,0.6865,0.6869,242034.614011
2026-08-15 08:00:00,0.687,0.6894,0.6837,0.6881,273692.701976
2026-08-15 09:00:00,0.6881,0.6914,0.6873,0.6913,95955.85335
2026-08-15 10:00:00,0.6915,0.6926,0.6902,0.6923,90172.468647
2026-08-15 11:00:00,0.6923,0.6945,0.6921,0.6923,95872.43795
2026-08-15 12:00:00,0.6926,0.6955,0.6918,0.6953,100514.409264
2026-08-15 13:00:00,0.6953,0.6953,0.691,0.6916,71820.205245
2026-08-15 14:00:00,0.6916,0.6917,0.6882,0.6914,136747.929517
2026-08-15 15:00:00,0.6913,0.6936,0.6909,0.6929,81081.473262
2026-08-15 16:00:00,0.693,0.693,0.6877,0.6883,79857.355375
2026-08-15 17:00:00,0.6885,0.6909,0.6883,0.6889,50265.575959
2026-08-15 18:00:00,0.6889,0.6892,0.6857,0.6871,44805.048559
2026-08-15 19:00:00,0.6871,0.6878,0.6865,0.6872,28925.207942
2026-08-15 20:00:00,0.6871,0.6887,0.6864,0.6878,46763.352984
2026-08-15 21:00:00,0.6877,0.6891,0.6871,0.6871,43725.969738
2026-08-15 22:00:00,0.6871,0.6882,0.6851,0.6852,45244.358921
2026-08-15 23:00:00,0.6852,0.6852,0.6734,0.6764,580621.859421
2026-08-16 00:00:00,0.6764,0.6828,0.6743,0.677,303484.376788
2026-08-16 01:00:00,0.6768,0.677,0.6727,0.6744,254027.341977
2026-08-16 02:00:00,0.6741,0.677,0.672,0.6767,142897.927077
2026-08-16 03:00:00,0.6768,0.6786,0.6759,0.678,86445.000526
2026-08-16 04:00:00,0.6782,0.679,0.6764,0.6782,57241.648879
2026-08-16 05:00:00,0.6782,0.6793,0.6766,0.6772,61664.923338
2026-08-16 06:00:00,0.6772,0.6784,0.6771,0.6779,52072.641082
2026-08-16 07:00:00,0.678,0.6806,0.6772,0.6802,68743.316696
2026-08-16 08:00:00,0.68,0.6808,0.6782,0.6789,45566.694532
2026-08-16 09:00:00,0.6789,0.6821,0.6785,0.6815,81039.408007
2026-08-16 10:00:00,0.6816,0.6837,0.6799,0.6801,87097.18644
2026-08-16 11:00:00,0.6804,0.6822,0.6802,0.6819,25465.884957
2026-08-16 12:00:00,0.6819,0.6827,0.6795,0.6821,88410.590267
2026-08-16 13:00:00,0.682,0.6826,0.6788,0.6816,63443.140169
2026-08-16 14:00:00,0.6816,0.6833,0.6813,0.6822,70491.325679
2026-08-16 15:00:00,0.6821,0.684,0.6813,0.6834,43466.412478
2026-08-16 16:00:00,0.683,0.6834,0.6797,0.6803,69888.387601
2026-08-16 17:00:00,0.6807,0.6852,0.6807,0.6819,66317.684443
2026-08-16 18:00:00,0.6818,0.6825,0.681,0.6812,34656.584393
2026-08-16 19:00:00,0.6812,0.6815,0.6789,0.6802,45716.347615
2026-08-16 20:00:00,0.6803,0.6806,0.6733,0.676,134530.022356
2026-08-16 21:00:00,0.676,0.6762,0.6583,0.6638,760219.913356
2026-08-16 22:00:00,0.6633,0.6669,0.6621,0.6666,238627.732632
2026-08-16 23:00:00,0.6667,0.6683,0.6656,0.6669,116730.701035
2026-08-17 00:00:00,0.667,0.6694,0.6644,0.669,138851.61447
2026-08-17 01:00:00,0.669,0.6743,0.6687,0.6694,202885.443415
2026-08-17 02:00:00,0.6695,0.6716,0.661,0.6694,697349.873328
2026-08-17 03:00:00,0.6694,0.6697,0.6662,0.6676,90730.678857
2026-08-17 04:00:00,0.6675,0.6702,0.6669,0.6687,301662.550063
2026-08-17 05:00:00,0.6687,0.6702,0.6673,0.6688,135435.26164
2026-08-17 06:00:00,0.6688,0.671,0.6671,0.6702,149890.92305
2026-08-17 07:00:00,0.6702,0.6704,0.6668,0.6695,233031.03339
2026-08-17 08:00:00,0.6695,0.6696,0.6643,0.6645,189494.892235
2026-08-17 09:00:00,0.6646,0.667,0.6636,0.667,51126.535355
2026-08-17 10:00:00,0.6669,0.6698,0.6663,0.6691,76469.540477
2026-08-17 11:00:00,0.6691,0.67,0.6682,0.6684,69931.164692
2026-08-17 12:00:00,0.6684,0.6699,0.6664,0.6684,158539.538528
2026-08-17 13:00:00,0.6683,0.6729,0.6676,0.6702,80976.120162
2026-08-17 14:00:00,0.67,0.6701,0.6671,0.6696,75058.958938
2026-08-17 15:00:00,0.6697,0.673,0.6676,0.6715,145501.019783
2026-08-17 16:00:00,0.6716,0.6722,0.6672,0.6675,83358.813901
2026-08-17 17:00:00,0.6674,0.6731,0.6664,0.67,97258.337121
2026-08-17 18:00:00,0.6699,0.6715,0.6691,0.6702,103777.989253
2026-08-17 19:00:00,0.6703,0.6716,0.6695,0.6701,18388.204889
2026-08-17 20:00:00,0.6701,0.677,0.6694,0.6742,149783.38892
2026-08-17 21:00:00,0.6741,0.675,0.6723,0.6724,89671.303
2026-08-17 22:00:00,0.6724,0.6734,0.6703,0.6713,75062.712278
2026-08-17 23:00:00,0.6711,0.6741,0.671,0.6727,33602.829561
2026-08-18 00:00:00,0.6727,0.6733,0.6708,0.6718,58941.988226
2026-08-18 01:00:00,0.6721,0.6721,0.6599,0.6627,409313.040769
2026-08-18 02:00:00,0.6628,0.6629,0.6167,0.6243,3511931.089837
2026-08-18 03:00:00,0.6239,0.6271,0.6099,0.6162,2920611.131656
2026-08-18 04:00:00,0.6162,0.6204,0.6144,0.6188,681052.455653
2026-08-18 05:00:00,0.6188,0.626,0.6182,0.6252,553984.16958
2026-08-18 06:00:00,0.6253,0.63,0.6241,0.6267,345940.811934
2026-08-18 07:00:00,0.6266,0.6292,0.6253,0.6275,300842.896801
2026-08-18 08:00:00,0.6274,0.6291,0.6241,0.6276,251626.791734
2026-08-18 09:00:00,0.6276,0.6284,0.6245,0.6258,234968.33578
2026-08-18 10:00:00,0.6255,0.6268,0.6246,0.6258,218731.773896
2026-08-18 11:00:00,0.6259,0.627,0.623,0.6234,316203.547477
2026-08-18 12:00:00,0.6234,0.6259,0.6188,0.621,707891.198773
2026-08-18 13:00:00,0.621,0.6234,0.6178,0.621,304025.674969
2026-08-18 14:00:00,0.6209,0.6269,0.6201,0.6237,378349.062755
2026-08-18 15:00:00,0.6238,0.6308,0.6221,0.6296,213703.702787
2026-08-18 16:00:00,0.6298,0.6302,0.6233,0.6238,179232.146165
2026-08-18 17:00:00,0.6237,0.6324,0.6221,0.6315,193997.819248
2026-08-18 18:00:00,0.6314,0.635,0.6296,0.634,418716.731073
2026-08-18 19:00:00,0.6341,0.6371,0.6328,0.635,133820.260705
2026-08-18 20:00:00,0.6351,0.6356,0.6304,0.631,432803.036962
2026-08-18 21:00:00,0.631,0.6332,0.6305,0.6315,172875.166451
2026-08-18 22:00:00,0.6315,0.6328,0.6277,0.6277,216565.189786
2026-08-18 23:00:00,0.628,0.6322,0.6278,0.6322,87301.313622
2026-08-19 00:00:00,0.632,0.6321,0.6249,0.6313,234053.396015
2026-08-19 01:00:00,0.6311,0.6356,0.6309,0.6338,256860.40899
2026-08-19 02:00:00,0.6339,0.6364,0.6327,0.6338,246930.484281
2026-08-19 03:00:00,0.6339,0.6388,0.6333,0.637,236810.16434
2026-08-19 04:00:00,0.6371,0.6393,0.6342,0.6344,127946.175056
2026-08-19 05:00:00,0.6344,0.6376,0.6342,0.6372,114668.877929
2026-08-19 06:00:00,0.6373,0.639,0.633,0.639,245372.485254
2026-08-19 07:00:00,0.639,0.6394,0.6351,0.6358,148542.592273
2026-08-19 08:00:00,0.6357,0.6391,0.6346,0.6353,209711.453946
2026-08-19 09:00:00,0.6353,0.6385,0.6335,0.6336,121206.717267
2026-08-19 10:00:00,0.634,0.6376,0.6333,0.6368,111769.181475
2026-08-19 11:00:00,0.6367,0.6391,0.6364,0.6385,178805.998435
2026-08-19 12:00:00,0.6388,0.6427,0.6387,0.6388,250219.860934
2026-08-19 13:00:00,0.6386,0.6386,0.6328,0.6348,247303.483149
2026-08-19 14:00:00,0.6348,0.644,0.6338,0.6424,335356.893522
2026-08-19 15:00:00,0.6429,0.6744,0.64,0.6548,1993871.621067
2026-08-19 16:00:00,0.6548,0.6615,0.6544,0.6585,328179.865466
2026-08-19 17:00:00,0.6585,0.6592,0.6517,0.6588,184939.814235
2026-08-19 18:00:00,0.6589,0.66,0.6542,0.6563,114907.310893
2026-08-19 19:00:00,0.6562,0.667,0.6551,0.6659,310880.583482
2026-08-19 20:00:00,0.6659,0.6787,0.6628,0.6752,499805.643166
2026-08-19 21:00:00,0.6754,0.6996,0.6744,0.6929,1584253.637133
2026-08-19 22:00:00,0.6932,0.6951,0.6733,0.6764,911583.107357
2026-08-19 23:00:00,0.6765,0.6786,0.6706,0.674,432262.84306
2026-08-20 00:00:00,0.6742,0.6795,0.6728,0.6762,547297.769527
2026-08-20 01:00:00,0.6762,0.6767,0.6708,0.6758,340613.7862
2026-08-20 02:00:00,0.6757,0.6757,0.6712,0.6715,228830.406562
2026-08-20 03:00:00,0.6716,0.6716,0.6651,0.6682,426725.300227
2026-08-20 04:00:00,0.6683,0.6726,0.6676,0.6715,178479.427426
2026-08-20 05:00:00,0.6715,0.6728,0.6682,0.6688,118906.451523
2026-08-20 06:00:00,0.6689,0.6739,0.6685,0.6733,97353.992811
2026-08-20 07:00:00,0.6732,0.6743,0.6684,0.6709,159463.725548
2026-08-20 08:00:00,0.6712,0.69,0.6704,0.687,1121658.940203
2026-08-20 09:00:00,0.6871,0.6938,0.6832,0.6861,1119311.20942
2026-08-20 10:00:00,0.6861,0.6911,0.6856,0.6905,303818.90032
2026-08-20 11:00:00,0.6903,0.6959,0.6875,0.6912,236320.18996
2026-08-20 12:00:00,0.6913,0.6948,0.6861,0.6933,451032.38018
2026-08-20 13:00:00,0.6933,0.6986,0.6872,0.697,488507.592228
2026-08-20 14:00:00,0.6974,0.7045,0.6968,0.7015,927189.514503
2026-08-20 15:00:00,0.7016,0.7279,0.7003,0.7229,1645327.498927
2026-08-20 16:00:00,0.7231,0.75,0.7155,0.749,1356297.771717
2026-08-20 17:00:00,0.749,0.7695,0.7419,0.7657,1507529.629391
2026-08-20 18:00:00,0.7657,0.7717,0.7434,0.7595,1278631.527615
2026-08-20 19:00:00,0.7594,0.7608,0.7272,0.7295,737293.747587
2026-08-20 20:00:00,0.73,0.735,0.7287,0.7335,427813.829796
2026-08-20 21:00:00,0.7336,0.736,0.7301,0.7334,312831.728337
2026-08-20 22:00:00,0.7335,0.7335,0.7276,0.7307,253286.905425
2026-08-20 23:00:00,0.7305,0.7385,0.7304,0.7355,281598.638871
2026-08-21 00:00:00,0.7354,0.7453,0.7345,0.7444,440026.699155
2026-08-21 01:00:00,0.7442,0.7563,0.7416,0.7533,776685.646407
2026-08-21 02:00:00,0.7534,0.7602,0.7424,0.7471,839785.690126
2026-08-21 03:00:00,0.7472,0.7507,0.7418,0.7451,543334.302535
2026-08-21 04:00:00,0.7452,0.7547,0.742,0.7513,393504.886717
2026-08-21 05:00:00,0.7509,0.7569,0.7477,0.7562,446427.100307
2026-08-21 06:00:00,0.7564,0.7568,0.748,0.7516,381435.740777
2026-08-21 07:00:00,0.7513,0.7688,0.7509,0.7652,630229.720431
2026-08-21 08:00:00,0.7651,0.7827,0.7642,0.7822,864474.560511
2026-08-21 09:00:00,0.7823,0.7882,0.7556,0.7822,1123515.081626
2026-08-21 10:00:00,0.7821,0.7863,0.7696,0.7799,691910.259287
2026-08-21 11:00:00,0.7801,0.7852,0.7641,0.774,646632.582485
2026-08-21 12:00:00,0.7743,0.7828,0.7682,0.7795,451857.690361
2026-08-21 13:00:00,0.7797,0.7849,0.7677,0.7838,470125.810928
2026-08-21 14:00:00,0.7837,0.7897,0.7742,0.7878,438680.807116
2026-08-21 15:00:00,0.7877,0.7961,0.7808,0.7844,556351.243062
2026-08-21 16:00:00,0.7844,0.7891,0.7768,0.7843,390960.965457
2026-08-21 17:00:00,0.7842,0.7866,0.7774,0.7832,347886.245285
2026-08-21 18:00:00,0.7833,0.7896,0.7711,0.7744,243909.713511
2026-08-21 19:00:00,0.7743,0.7799,0.7645,0.7794,374405.568891
2026-08-21 20:00:00,0.7794,0.8,0.7762,0.7974,409999.713439
2026-08-21 21:00:00,0.798,0.811,0.7977,0.8036,1174013.885813
2026-08-21 22:00:00,0.8038,0.8198,0.8009,0.8155,717223.003891
2026-08-21 23:00:00,0.8163,0.8191,0.8053,0.8096,439601.040217
2026-08-22 00:00:00,0.8098,0.8249,0.8011,0.8235,573741.829318
2026-08-22 01:00:00,0.8232,0.8292,0.814,0.816,747408.320753
2026-08-22 02:00:00,0.8162,0.8387,0.8162,0.8365,727316.879687
2026-08-22 03:00:00,0.8368,0.858,0.8302,0.8469,3134239.836735
2026-08-22 04:00:00,0.847,0.8597,0.8441,0.8534,1300564.530421
2026-08-22 05:00:00,0.8534,0.8564,0.715,0.7897,5301205.512643
2026-08-22 06:00:00,0.7898,0.7955,0.7752,0.7932,1290619.665746
2026-08-22 07:00:00,0.7934,0.7995,0.7855,0.7868,450760.310584
2026-08-22 08:00:00,0.7869,0.7914,0.7685,0.7797,1063264.881669
2026-08-22 09:00:00,0.7799,0.7812,0.7662,0.7728,588009.52143
2026-08-22 10:00:00,0.7731,0.7732,0.7507,0.7682,1335715.52885
2026-08-22 11:00:00,0.7687,0.7743,0.7636,0.7719,274600.798901
2026-08-22 12:00:00,0.772,0.781,0.7701,0.7758,325280.433975
2026-08-22 13:00:00,0.7758,0.7796,0.7723,0.7774,304888.761401
2026-08-22 14:00:00,0.7775,0.7781,0.7652,0.7695,336853.724424
2026-08-22 15:00:00,0.7699,0.7713,0.7612,0.7688,448343.822805
2026-08-22 16:00:00,0.7681,0.7828,0.7671,0.7783,367739.865351
2026-08-22 17:00:00,0.7784,0.7859,0.776,0.7816,168635.627181
2026-08-22 18:00:00,0.7818,0.782,0.7693,0.7736,224742.438729
2026-08-22 19:00:00,0.7735,0.7762,0.77,0.7738,76350.005915
2026-08-22 20:00:00,0.7739,0.7788,0.771,0.7728,165294.520645
2026-08-22 21:00:00,0.7728,0.7728,0.751,0.7536,413748.629559
2026-08-22 22:00:00,0.7536,0.7654,0.7469,0.762,266147.089035
2026-08-22 23:00:00,0.7623,0.7641,0.7562,0.7619,157182.167758
2026-08-23 00:00:00,0.7617,0.7725,0.7577,0.7712,355038.942625
2026-08-23 01:00:00,0.7715,0.7715,0.7609,0.7625,290950.751983
2026-08-23 02:00:00,0.7627,0.7629,0.7494,0.7528,512438.625388
2026-08-23 03:00:00,0.7529,0.7539,0.7402,0.7451,727777.989297
2026-08-23 04:00:00,0.7449,0.75,0.7353,0.7395,392342.082195
2026-08-23 05:00:00,0.7393,0.7483,0.7301,0.7382,593880.043354
2026-08-23 06:00:00,0.7381,0.7445,0.7349,0.7394,296880.678682
2026-08-23 07:00:00,0.7395,0.7441,0.7384,0.7413,240775.969454
2026-08-23 08:00:00,0.7414,0.7496,0.7406,0.7475,248069.658773
2026-08-23 09:00:00,0.7472,0.7504,0.7442,0.7496,146370.534083
2026-08-23 10:00:00,0.7497,0.7632,0.7489,0.7559,635593.622857
2026-08-23 11:00:00,0.756,0.7706,0.7552,0.7683,362631.816839
2026-08-23 12:00:00,0.7681,0.7693,0.7589,0.7675,164428.662919
2026-08-23 13:00:00,0.7677,0.7792,0.7663,0.7744,370433.87989
2026-08-23 14:00:00,0.7743,0.7775,0.7513,0.7669,872081.36214
2026-08-23 15:00:00,0.767,0.7758,0.7626,0.7705,392198.137125
2026-08-23 16:00:00,0.7713,0.7737,0.7661,0.7702,128411.009516
2026-08-23 17:00:00,0.7702,0.7757,0.764,0.77,171233.369484
2026-08-23 18:00:00,0.77,0.774,0.7694,0.7736,146226.391428
2026-08-23 19:00:00,0.7738,0.7749,0.7685,0.7695,65503.597749
2026-08-23 20:00:00,0.7693,0.7736,0.7657,0.7711,64778.606177
2026-08-23 21:00:00,0.7717,0.7825,0.7715,0.7763,256897.681118
2026-08-23 22:00:00,0.7759,0.78,0.7712,0.7762,146418.067705
2026-08-23 23:00:00,0.7763,0.7792,0.7712,0.7739,175891.565582
2026-08-24 00:00:00,0.7726,0.7737,0.7606,0.7702,270052.083805
2026-08-24 01:00:00,0.7704,0.7714,0.7468,0.7508,512388.774508
2026-08-24 02:00:00,0.7508,0.7685,0.7479,0.7616,776924.124779
2026-08-24 03:00:00,0.7617,0.7626,0.7535,0.7544,217824.12185
2026-08-24 04:00:00,0.7549,0.7658,0.7549,0.7606,126166.007944
2026-08-24 05:00:00,0.7603,0.7654,0.7542,0.7578,183675.55165
2026-08-24 06:00:00,0.7573,0.7587,0.7494,0.7525,321155.578193
2026-08-24 07:00:00,0.7517,0.7617,0.7485,0.7487,375101.480775
2026-08-24 08:00:00,0.7488,0.7513,0.7427,0.7493,441667.53145
2026-08-24 09:00:00,0.7487,0.7566,0.7486,0.7551,161720.67823
2026-08-24 10:00:00,0.7548,0.7601,0.7536,0.7548,260671.198526
2026-08-24 11:00:00,0.7545,0.7673,0.7503,0.7633,331181.158809
2026-08-24 12:00:00,0.7635,0.7683,0.7526,0.7653,438421.221863
2026-08-24 13:00:00,0.7653,0.767,0.7467,0.7531,485330.552993
2026-08-24 14:00:00,0.7528,0.766,0.7518,0.7646,410994.812652
2026-08-24 15:00:00,0.7645,0.7721,0.7538,0.757,399563.387444
2026-08-24 16:00:00,0.7575,0.7686,0.7574,0.7633,307216.346083
2026-08-24 17:00:00,0.7638,0.7658,0.7481,0.7562,467652.350686
2026-08-24 18:00:00,0.7564,0.7643,0.7564,0.7573,190640.842172
2026-08-24 19:00:00,0.7571,0.7592,0.7516,0.7533,156266.607378
2026-08-24 20:00:00,0.7542,0.7561,0.7459,0.7554,211555.643015
2026-08-24 21:00:00,0.7556,0.7585,0.7539,0.7563,140508.739193
2026-08-24 22:00:00,0.7563,0.7576,0.7495,0.7509,120535.232465
2026-08-24 23:00:00,0.7502,0.7539,0.7472,0.7537,122416.20739
2026-08-25 00:00:00,0.7537,0.7614,0.7481,0.7604,329951.466485
2026-08-25 01:00:00,0.76,0.7635,0.7534,0.7575,285565.639284
2026-08-25 02:00:00,0.7573,0.7719,0.7553,0.7658,544716.772007
2026-08-25 03:00:00,0.7656,0.7706,0.7597,0.7609,234142.243465
2026-08-25 04:00:00,0.761,0.7642,0.756,0.7641,270112.315097
2026-08-25 05:00:00,0.7643,0.7697,0.7635,0.7655,147900.101512
2026-08-25 06:00:00,0.7657,0.767,0.7425,0.749,781055.31497
2026-08-25 07:00:00,0.7491,0.7544,0.7307,0.7414,931603.589104
2026-08-25 08:00:00,0.7416,0.7448,0.7381,0.741,331414.741078
2026-08-25 09:00:00,0.7412,0.7464,0.7333,0.7392,658989.375783
2026-08-25 10:00:00,0.739,0.746,0.7382,0.744,109713.685246
2026-08-25 11:00:00,0.7439,0.7444,0.7393,0.7398,167121.206923
2026-08-25 12:00:00,0.7397,0.7425,0.7342,0.7398,481644.48531
2026-08-25 13:00:00,0.7393,0.7399,0.724,0.7322,1183456.23896
2026-08-25 14:00:00,0.7324,0.7379,0.7311,0.7334,386755.625706
2026-08-25 15:00:00,0.7342,0.7343,0.7267,0.7319,519080.898185
2026-08-25 16:00:00,0.7312,0.7343,0.7277,0.7305,232256.879579
2026-08-25 17:00:00,0.7308,0.7347,0.7224,0.7346,299751.589308
2026-08-25 18:00:00,0.7347,0.737,0.7297,0.7307,202872.817534
2026-08-25 19:00:00,0.7303,0.7317,0.7267,0.7283,175439.933711
2026-08-25 20:00:00,0.7283,0.7287,0.7093,0.7106,1012685.762104
2026-08-25 21:00:00,0.7106,0.7133,0.6967,0.7115,1135385.707219
2026-08-25 22:00:00,0.7116,0.7174,0.7114,0.7164,167556.920367
2026-08-25 23:00:00,0.7165,0.7171,0.7103,0.7119,190045.092534
2026-08-26 00:00:00,0.712,0.7217,0.71,0.7185,467285.140089
2026-08-26 01:00:00,0.7181,0.725,0.7181,0.7201,217596.612027
2026-08-26 02:00:00,0.7203,0.725,0.7168,0.7233,180807.637629
2026-08-26 03:00:00,0.7235,0.7246,0.7204,0.7224,65142.393677
2026-08-26 04:00:00,0.7222,0.7231,0.7153,0.7161,134240.022342
2026-08-26 05:00:00,0.7165,0.7212,0.7125,0.7201,136222.170044
2026-08-26 06:00:00,0.72,0.7235,0.7196,0.7225,78671.251364
2026-08-26 07:00:00,0.7224,0.7258,0.7182,0.719,205462.132545
2026-08-26 08:00:00,0.7191,0.7227,0.7167,0.7183,138703.378396
2026-08-26 09:00:00,0.7186,0.7208,0.7079,0.7117,418823.584599
2026-08-26 10:00:00,0.7115,0.7191,0.7096,0.717,181124.470661
2026-08-26 11:00:00,0.717,0.7183,0.708,0.7121,238897.870646
2026-08-26 12:00:00,0.7119,0.7168,0.7051,0.7117,389161.23597
2026-08-26 13:00:00,0.7114,0.7123,0.704,0.7085,408055.474343
2026-08-26 14:00:00,0.7082,0.7109,0.6976,0.6991,608638.055035
2026-08-26 15:00:00,0.6995,0.701,0.6918,0.6981,701612.701047
2026-08-26 16:00:00,0.6982,0.7002,0.6912,0.6939,504198.010296
2026-08-26 17:00:00,0.6943,0.7024,0.6928,0.6991,183931.046724
2026-08-26 18:00:00,0.6991,0.7,0.6963,0.6979,82568.47994
2026-08-26 19:00:00,0.6981,0.7021,0.6976,0.6978,83646.501504
2026-08-26 20:00:00,0.6976,0.6985,0.6868,0.6983,310320.169155
2026-08-26 21:00:00,0.6986,0.7059,0.6982,0.7052,209652.847626
2026-08-26 22:00:00,0.7053,0.7095,0.7034,0.7038,355817.340099
2026-08-26 23:00:00,0.7034,0.7189,0.7018,0.716,838526.154885
2026-08-27 00:00:00,0.7155,0.7155,0.7085,0.7085,311717.529563
2026-08-27 01:00:00,0.7084,0.714,0.7064,0.7101,187815.543987
2026-08-27 02:00:00,0.7102,0.7115,0.7034,0.7043,183230.343361
2026-08-27 03:00:00,0.7044,0.7099,0.7029,0.7067,489918.585962
2026-08-27 04:00:00,0.7072,0.7123,0.7071,0.7107,107962.851264
2026-08-27 05:00:00,0.7112,0.716,0.7068,0.7148,305562.822956
2026-08-27 06:00:00,0.7149,0.7194,0.7117,0.7169,373596.57329
2026-08-27 07:00:00,0.717,0.717,0.7122,0.7139,151470.796349
2026-08-27 08:00:00,0.7141,0.7225,0.7134,0.7195,576717.604148
2026-08-27 09:00:00,0.7195,0.7243,0.7153,0.7168,512669.816267
2026-08-27 10:00:00,0.7168,0.7206,0.7064,0.7131,608824.250453
2026-08-27 11:00:00,0.7131,0.7164,0.7096,0.7124,135055.720254
2026-08-27 12:00:00,0.7121,0.7136,0.7096,0.7122,126022.758438
2026-08-27 13:00:00,0.7127,0.7159,0.7082,0.7155,208672.856364
2026-08-27 14:00:00,0.7153,0.7225,0.7144,0.7177,211079.645654
2026-08-27 15:00:00,0.7176,0.7235,0.716,0.7218,376777.936002
2026-08-27 16:00:00,0.7221,0.728,0.718,0.7241,464916.09263
2026-08-27 17:00:00,0.724,0.729,0.7221,0.7269,125153.474306
2026-08-27 18:00:00,0.7268,0.7271,0.7183,0.7239,148580.558097
2026-08-27 19:00:00,0.7238,0.7249,0.7206,0.7237,25743.519844
2026-08-27 20:00:00,0.7235,0.7251,0.7202,0.7208,49305.829703
2026-08-27 21:00:00,0.7211,0.7213,0.7044,0.7071,451009.964341
2026-08-27 22:00:00,0.7065,0.7107,0.7037,0.706,310474.294137
2026-08-27 23:00:00,0.706,0.7099,0.7033,0.7047,355900.103749
2026-08-28 00:00:00,0.7049,0.7089,0.6967,0.7075,895179.499717
2026-08-28 01:00:00,0.7078,0.721,0.7074,0.7098,513219.023012
2026-08-28 02:00:00,0.7095,0.7096,0.6966,0.7019,728726.225253
2026-08-28 03:00:00,0.7019,0.7035,0.6983,0.7,256707.102171
2026-08-28 04:00:00,0.6998,0.7044,0.6966,0.7029,202922.012714
2026-08-28 05:00:00,0.7027,0.7039,0.6991,0.7012,123599.932658
2026-08-28 06:00:00,0.7019,0.7052,0.7012,0.7045,86190.793402
2026-08-28 07:00:00,0.705,0.705,0.6989,0.7003,233100.930906
2026-08-28 08:00:00,0.7007,0.7031,0.6972,0.6987,428510.0628
2026-08-28 09:00:00,0.699,0.7022,0.6982,0.7002,90895.941164
2026-08-28 10:00:00,0.7005,0.703,0.6883,0.7029,492114.658554
2026-08-28 11:00:00,0.7028,0.705,0.7014,0.7028,175631.686484
2026-08-28 12:00:00,0.7027,0.7048,0.6944,0.697,333165.146349
2026-08-28 13:00:00,0.697,0.7031,0.6964,0.7008,182219.232152
2026-08-28 14:00:00,0.7006,0.7086,0.6892,0.7042,804371.620741
2026-08-28 15:00:00,0.7043,0.7066,0.6901,0.691,491359.662661
2026-08-28 16:00:00,0.691,0.6914,0.6719,0.6835,1862723.967768
2026-08-28 17:00:00,0.6836,0.6854,0.6792,0.6792,233804.91414
2026-08-28 18:00:00,0.6792,0.68,0.667,0.6735,705757.027636
2026-08-28 19:00:00,0.6734,0.6787,0.6734,0.6775,153409.716562
2026-08-28 20:00:00,0.6772,0.681,0.6762,0.6805,150641.483585
2026-08-28 21:00:00,0.6805,0.6816,0.675,0.6769,212342.411535
2026-08-28 22:00:00,0.6769,0.6852,0.6766,0.6829,175112.230879
2026-08-28 23:00:00,0.6829,0.6869,0.6825,0.6863,106832.056059
2026-08-29 00:00:00,0.6863,0.6873,0.6843,0.6847,80546.301823
2026-08-29 01:00:00,0.6846,0.6863,0.6834,0.6848,57029.514357
2026-08-29 02:00:00,0.6848,0.6856,0.6813,0.6848,124868.421357
2026-08-29 03:00:00,0.6847,0.6859,0.6835,0.6841,62285.448531
2026-08-29 04:00:00,0.6842,0.6868,0.6841,0.6864,156297.983295
2026-08-29 05:00:00,0.6862,0.6887,0.6853,0.6883,201308.517666
2026-08-29 06:00:00,0.6885,0.6886,0.6815,0.6837,110583.087845
2026-08-29 07:00:00,0.6839,0.6851,0.6828,0.6838,44127.639633
2026-08-29 08:00:00,0.6836,0.6836,0.6772,0.6791,206492.463145
2026-08-29 09:00:00,0.6791,0.6838,0.6782,0.6814,96233.497528
2026-08-29 10:00:00,0.6808,0.6817,0.6794,0.68,109400.845716
2026-08-29 11:00:00,0.6798,0.6798,0.6769,0.6785,108617.192389
2026-08-29 12:00:00,0.6784,0.6805,0.6777,0.679,154452.987062
2026-08-29 13:00:00,0.6789,0.6808,0.6783,0.6802,70969.462032
2026-08-29 14:00:00,0.6801,0.6875,0.68,0.6856,146157.691393
2026-08-29 15:00:00,0.6858,0.6858,0.6824,0.6833,84648.763385
2026-08-29 16:00:00,0.6837,0.686,0.6814,0.6819,128300.791695
2026-08-29 17:00:00,0.6818,0.6829,0.6782,0.6801,128312.112401
2026-08-29 18:00:00,0.6803,0.6821,0.6792,0.6806,38606.239357
2026-08-29 19:00:00,0.6809,0.683,0.6804,0.6808,42708.318075
2026-08-29 20:00:00,0.6809,0.683,0.6807,0.6815,67808.685663
2026-08-29 21:00:00,0.6814,0.6823,0.6785,0.6798,148201.553583
2026-08-29 22:00:00,0.6799,0.6818,0.6793,0.6811,85084.658368
2026-08-29 23:00:00,0.6812,0.6834,0.6811,0.6823,32828.370377
2026-08-30 00:00:00,0.6825,0.6848,0.6811,0.6812,101383.063217
2026-08-30 01:00:00,0.681,0.6812,0.6756,0.6767,339577.68125
2026-08-30 02:00:00,0.6768,0.6787,0.6761,0.6771,81361.99533
2026-08-30 03:00:00,0.6772,0.6798,0.6762,0.6776,122003.997669
2026-08-30 04:00:00,0.6778,0.6794,0.6702,0.6762,239489.172812
2026-08-30 05:00:00,0.6762,0.6812,0.676,0.6812,173930.92494
2026-08-30 06:00:00,0.6812,0.6821,0.6777,0.682,74421.400075
2026-08-30 07:00:00,0.6821,0.6822,0.6802,0.6804,84406.999576
2026-08-30 08:00:00,0.6804,0.6832,0.6783,0.6795,76364.083065
2026-08-30 09:00:00,0.6794,0.6817,0.6784,0.68,55343.355477
2026-08-30 10:00:00,0.6799,0.6842,0.6787,0.6833,76583.395388
2026-08-30 11:00:00,0.6836,0.6863,0.6827,0.6843,100986.933242
2026-08-30 12:00:00,0.6843,0.6885,0.6832,0.6871,65943.298172
2026-08-30 13:00:00,0.6869,0.6884,0.6854,0.6873,84495.659699
2026-08-30 14:00:00,0.6873,0.6874,0.6831,0.6853,87064.076835
2026-08-30 15:00:00,0.6857,0.6857,0.6814,0.685,62472.858216
2026-08-30 16:00:00,0.685,0.6927,0.6833,0.6909,264326.604495
2026-08-30 17:00:00,0.691,0.6916,0.686,0.6893,107835.297539
2026-08-30 18:00:00,0.6893,0.6946,0.6866,0.6933,93033.97575
2026-08-30 19:00:00,0.6935,0.6946,0.687,0.689,46556.363485
2026-08-30 20:00:00,0.6893,0.6916,0.6811,0.6842,254389.043448
2026-08-30 21:00:00,0.6843,0.6865,0.6731,0.6843,564125.356211
2026-08-30 22:00:00,0.6843,0.6876,0.6757,0.6783,140716.929598
2026-08-30 23:00:00,0.6783,0.6788,0.6482,0.6605,2095139.644157
2026-08-31 00:00:00,0.6601,0.6692,0.6563,0.6667,347367.009241
2026-08-31 01:00:00,0.6669,0.6675,0.6596,0.6611,766427.662764
2026-08-31 02:00:00,0.6611,0.6676,0.6594,0.6634,210635.061304
2026-08-31 03:00:00,0.6635,0.6691,0.6625,0.6679,89816.687769
2026-08-31 04:00:00,0.6681,0.6696,0.6635,0.6695,441059.803827
2026-08-31 05:00:00,0.6695,0.6787,0.6685,0.676,2308909.742794
2026-08-31 06:00:00,0.676,0.6783,0.6746,0.6783,278429.154369
2026-08-31 07:00:00,0.6779,0.6789,0.6753,0.6754,158709.866732
2026-08-31 08:00:00,0.6754,0.6782,0.6729,0.6754,199044.608574
2026-08-31 09:00:00,0.6754,0.6782,0.6746,0.6755,186520.404786
2026-08-31 10:00:00,0.6757,0.6804,0.6744,0.6788,150021.044245
2026-08-31 11:00:00,0.6785,0.679,0.6752,0.6783,227576.900513
2026-08-31 12:00:00,0.6782,0.6804,0.6691,0.6732,297153.452314
2026-08-31 13:00:00,0.6737,0.6759,0.6667,0.6685,280393.228564
2026-08-31 14:00:00,0.6689,0.6758,0.6675,0.6754,170924.468561
2026-08-31 15:00:00,0.6754,0.6757,0.6684,0.6692,74369.789394
2026-08-31 16:00:00,0.6694,0.6748,0.666,0.6715,136436.98773
2026-08-31 17:00:00,0.6717,0.68,0.6709,0.6785,219279.860864
2026-08-31 18:00:00,0.6785,0.6831,0.6771,0.6817,183923.182863
2026-08-31 19:00:00,0.6813,0.6841,0.6779,0.6793,173775.989725
2026-08-31 20:00:00,0.6791,0.6832,0.6776,0.679,194857.579799
2026-08-31 21:00:00,0.6793,0.6819,0.673,0.6801,141846.018836
2026-08-31 22:00:00,0.6809,0.6813,0.6769,0.6791,75492.032207
2026-08-31 23:00:00,0.6791,0.6832,0.6777,0.6824,82400.112544
2026-09-01 00:00:00,0.6824,0.688,0.6818,0.6878,249090.9184
2026-09-01 01:00:00,0.6879,0.6902,0.6828,0.6854,281358.097741
2026-09-01 02:00:00,0.6852,0.6863,0.6805,0.6844,227701.376203
2026-09-01 03:00:00,0.6849,0.692,0.6845,0.6911,213762.365936
2026-09-01 04:00:00,0.6913,0.698,0.689,0.689,310413.387573
2026-09-01 05:00:00,0.6899,0.6942,0.6876,0.6927,269972.310915
2026-09-01 06:00:00,0.6922,0.6985,0.6905,0.6978,316640.355113
2026-09-01 07:00:00,0.6977,0.7002,0.693,0.6937,424480.14909
2026-09-01 08:00:00,0.6942,0.6971,0.687,0.694,437948.973436
2026-09-01 09:00:00,0.6939,0.696,0.688,0.6947,320048.680533
2026-09-01 10:00:00,0.6948,0.711,0.6946,0.7053,702087.61961
2026-09-01 11:00:00,0.7052,0.7078,0.6999,0.7036,318730.065207
2026-09-01 12:00:00,0.7033,0.704,0.6912,0.6937,538153.031893
2026-09-01 13:00:00,0.6941,0.7023,0.6898,0.7015,423673.211902
2026-09-01 14:00:00,0.7019,0.7142,0.701,0.7127,755907.054276
2026-09-01 15:00:00,0.7129,0.7215,0.7059,0.7085,2654180.33345
2026-09-01 16:00:00,0.7086,0.7275,0.704,0.7241,1666919.484377
2026-09-01 17:00:00,0.7241,0.7848,0.7234,0.7725,4345762.699318
2026-09-01 18:00:00,0.7726,0.7813,0.7465,0.7626,3504435.40272
2026-09-01 19:00:00,0.763,0.799,0.7595,0.7873,2417804.609173
2026-09-01 20:00:00,0.7873,0.7955,0.7713,0.776,1720676.841114
2026-09-01 21:00:00,0.7754,0.7816,0.7641,0.7745,1284149.732941
2026-09-01 22:00:00,0.7745,0.7747,0.7543,0.7602,822031.83386
2026-09-01 23:00:00,0.7602,0.7841,0.7594,0.7794,1172696.55616
2026-09-02 00:00:00,0.7792,0.7859,0.7675,0.7732,1214525.336358
2026-09-02 01:00:00,0.7727,0.7763,0.7597,0.7698,1015883.791126
2026-09-02 02:00:00,0.77,0.7895,0.7655,0.7791,1856417.074006
2026-09-02 03:00:00,0.7785,0.8056,0.7779,0.8028,1382574.951405
2026-09-02 04:00:00,0.8021,0.8096,0.7845,0.8021,1686308.300689
2026-09-02 05:00:00,0.8022,0.8105,0.7903,0.7938,1276350.160933
2026-09-02 06:00:00,0.7935,0.7976,0.7856,0.7934,888199.632246
2026-09-02 07:00:00,0.7932,0.807,0.7908,0.8015,610337.158077
2026-09-02 08:00:00,0.8024,0.8046,0.7875,0.7923,900092.963533
2026-09-02 09:00:00,0.7912,0.7972,0.776,0.7939,1220888.741674
2026-09-02 10:00:00,0.7942,0.7954,0.7727,0.7786,903143.74062
2026-09-02 11:00:00,0.778,0.7782,0.768,0.7725,922436.69088
2026-09-02 12:00:00,0.7724,0.7763,0.7617,0.7716,715698.480732
2026-09-02 13:00:00,0.7719,0.775,0.7588,0.7729,823213.288606
2026-09-02 14:00:00,0.7731,0.7742,0.7638,0.7648,543698.509856
2026-09-02 15:00:00,0.7652,0.7791,0.7613,0.7786,395733.50118
2026-09-02 16:00:00,0.778,0.8007,0.7733,0.7964,1272608.23772
2026-09-02 17:00:00,0.7967,0.8149,0.7892,0.8065,1319707.884515
2026-09-02 18:00:00,0.8064,0.8142,0.8013,0.8102,545904.915731
2026-09-02 19:00:00,0.8104,0.8104,0.7958,0.7985,395914.944706
2026-09-02 20:00:00,0.7985,0.8104,0.7979,0.8083,377924.944564
2026-09-02 21:00:00,0.8084,0.8111,0.799,0.8007,321645.548005
2026-09-02 22:00:00,0.8015,0.8019,0.7862,0.7933,475802.33955
2026-09-02 23:00:00,0.7934,0.8069,0.7914,0.7987,345547.989034
2026-09-03 00:00:00,0.799,0.8037,0.7921,0.7957,291215.631474
2026-09-03 01:00:00,0.7957,0.8341,0.791,0.8134,1896621.449115
2026-09-03 02:00:00,0.813,0.8186,0.8047,0.8172,761406.176058
2026-09-03 03:00:00,0.8172,0.8172,0.8015,0.8052,383196.284093
2026-09-03 04:00:00,0.8051,0.8169,0.802,0.814,285566.068604
2026-09-03 05:00:00,0.8139,0.8175,0.8045,0.816,573443.062414
2026-09-03 06:00:00,0.8159,0.8188,0.8067,0.8079,417611.624494
2026-09-03 07:00:00,0.8075,0.8147,0.793,0.7946,703525.04177
2026-09-03 08:00:00,0.7949,0.802,0.78,0.7841,632252.873641
2026-09-03 09:00:00,0.7845,0.7865,0.7801,0.783,537039.099666
2026-09-03 10:00:00,0.783,0.7987,0.7825,0.7934,482613.641082
2026-09-03 11:00:00,0.7935,0.7964,0.7895,0.7907,244398.964876
2026-09-03 12:00:00,0.7907,0.7952,0.788,0.7898,533102.346045
2026-09-03 13:00:00,0.7897,0.7907,0.782,0.7836,907260.255559
2026-09-03 14:00:00,0.7834,0.8002,0.782,0.7997,1038608.317821
2026-09-03 15:00:00,0.7998,0.8025,0.7906,0.7993,1479601.376618
2026-09-03 16:00:00,0.7992,0.8096,0.7908,0.8081,994641.471572
2026-09-03 17:00:00,0.8083,0.8117,0.7979,0.8007,941698.387587
2026-09-03 18:00:00,0.8007,0.8067,0.7952,0.8033,573776.604546
2026-09-03 19:00:00,0.8032,0.8053,0.7933,0.7957,261206.676465
2026-09-03 20:00:00,0.7956,0.8002,0.7916,0.7993,137289.144926
2026-09-03 21:00:00,0.799,0.804,0.7963,0.7983,223007.196922
2026-09-03 22:00:00,0.7982,0.802,0.7936,0.7972,140543.533753
2026-09-03 23:00:00,0.7971,0.7973,0.7882,0.7922,372394.807542
2026-09-04 00:00:00,0.7922,0.7922,0.7751,0.7779,575710.696958
2026-09-04 01:00:00,0.7779,0.7822,0.7732,0.7772,321669.226014
2026-09-04 02:00:00,0.7773,0.778,0.7634,0.7748,753449.738475
2026-09-04 03:00:00,0.775,0.7777,0.7727,0.7775,219610.218627
2026-09-04 04:00:00,0.7776,0.7797,0.7733,0.7749,262710.880631
2026-09-04 05:00:00,0.7748,0.7766,0.7646,0.7694,450601.080027
2026-09-04 06:00:00,0.7693,0.7712,0.7671,0.7699,265371.551015
2026-09-04 07:00:00,0.7698,0.773,0.7688,0.7703,168952.92243
2026-09-04 08:00:00,0.7704,0.7735,0.7689,0.7735,168504.135947
2026-09-04 09:00:00,0.773,0.7767,0.7725,0.7744,259886.899276
2026-09-04 10:00:00,0.7742,0.7755,0.7705,0.7723,120901.046423
2026-09-04 11:00:00,0.772,0.7746,0.771,0.7711,125456.475318
2026-09-04 12:00:00,0.7713,0.7724,0.7356,0.7466,2490964.907615
2026-09-04 13:00:00,0.7468,0.7549,0.7451,0.7508,591543.474982
2026-09-04 14:00:00,0.7511,0.7516,0.7391,0.7452,649716.867128
2026-09-04 15:00:00,0.7452,0.7476,0.742,0.743,325746.071772
2026-09-04 16:00:00,0.743,0.7508,0.7428,0.7453,275055.853214
2026-09-04 17:00:00,0.7453,0.7465,0.7415,0.7422,299044.526478
2026-09-04 18:00:00,0.7422,0.7484,0.742,0.7483,187390.85246
2026-09-04 19:00:00,0.7483,0.7521,0.7478,0.7518,203491.702868
2026-09-04 20:00:00,0.7516,0.7517,0.7482,0.749,70819.686181
2026-09-04 21:00:00,0.7491,0.7544,0.7489,0.7494,92032.437898
2026-09-04 22:00:00,0.7494,0.7521,0.749,0.7501,34898.257094
2026-09-04 23:00:00,0.7501,0.7607,0.7497,0.7597,243806.950924
2026-09-05 00:00:00,0.7596,0.7633,0.7546,0.7598,166252.368769
2026-09-05 01:00:00,0.76,0.7653,0.7596,0.7619,205276.196326
2026-09-05 02:00:00,0.7621,0.7679,0.7588,0.7656,324304.789315
2026-09-05 03:00:00,0.7656,0.7723,0.7645,0.7648,550564.145564
2026-09-05 04:00:00,0.7648,0.7688,0.762,0.767,249920.612361
2026-09-05 05:00:00,0.767,0.7696,0.7631,0.7664,144550.162879
2026-09-05 06:00:00,0.7668,0.7752,0.7665,0.7714,481956.69226
2026-09-05 07:00:00,0.7716,0.775,0.768,0.7686,162485.88962
2026-09-05 08:00:00,0.7686,0.7701,0.7634,0.7646,146294.133478
2026-09-05 09:00:00,0.7645,0.7696,0.7643,0.7693,68706.466335
2026-09-05 10:00:00,0.7693,0.7721,0.7681,0.7708,128070.972267
2026-09-05 11:00:00,0.7708,0.7784,0.7688,0.7752,357145.968292
2026-09-05 12:00:00,0.7753,0.7923,0.7739,0.7879,594019.973743
2026-09-05 13:00:00,0.7876,0.7959,0.7778,0.7812,849966.221257
2026-09-05 14:00:00,0.7811,0.788,0.7777,0.7851,408298.225146
2026-09-05 15:00:00,0.7849,0.7879,0.7787,0.7799,405559.07902
2026-09-05 16:00:00,0.7799,0.7844,0.7736,0.779,477136.459335
2026-09-05 17:00:00,0.779,0.7816,0.7763,0.7803,181433.731911
2026-09-05 18:00:00,0.7801,0.7833,0.7784,0.782,214356.656084
2026-09-05 19:00:00,0.782,0.7919,0.782,0.7883,308386.070523
2026-09-05 20:00:00,0.7883,0.7923,0.7883,0.7889,404302.167192
2026-09-05 21:00:00,0.7888,0.7988,0.7871,0.7957,348766.667787
2026-09-05 22:00:00,0.7958,0.7969,0.7889,0.7916,271337.90412
2026-09-05 23:00:00,0.7915,0.7919,0.786,0.787,232624.169707
2026-09-06 00:00:00,0.7868,0.7959,0.7864,0.7914,197577.227975
2026-09-06 01:00:00,0.7914,0.822,0.7908,0.814,1122238.416879
2026-09-06 02:00:00,0.814,0.8407,0.811,0.8337,1635155.201851
2026-09-06 03:00:00,0.8338,0.835,0.8123,0.8174,738528.237187
2026-09-06 04:00:00,0.8176,0.818,0.8065,0.8127,625688.715605
2026-09-06 05:00:00,0.8127,0.8144,0.807,0.8082,230050.667076
2026-09-06 06:00:00,0.8078,0.8094,0.8019,0.8043,301512.465088
2026-09-06 07:00:00,0.8042,0.8064,0.7935,0.804,611109.338714
2026-09-06 08:00:00,0.804,0.8045,0.7963,0.7987,400446.839287
2026-09-06 09:00:00,0.7988,0.8004,0.794,0.8,225533.772861
2026-09-06 10:00:00,0.8,0.8001,0.795,0.7976,121694.022391
2026-09-06 11:00:00,0.7976,0.7994,0.7966,0.7974,172484.88238
2026-09-06 12:00:00,0.7974,0.7983,0.7878,0.7925,339284.012597
2026-09-06 13:00:00,0.7926,0.7952,0.7883,0.7944,263613.607278
2026-09-06 14:00:00,0.7944,0.7954,0.774,0.7853,865671.296711
2026-09-06 15:00:00,0.7855,0.79,0.7799,0.7892,370173.843187
2026-09-06 16:00:00,0.789,0.796,0.7881,0.7947,481671.678778
2026-09-06 17:00:00,0.7947,0.7952,0.7909,0.7937,74815.790285
2026-09-06 18:00:00,0.7938,0.7957,0.7926,0.7936,118939.261345
2026-09-06 19:00:00,0.7935,0.7991,0.7926,0.7964,102130.649638
2026-09-06 20:00:00,0.7969,0.8053,0.7969,0.8049,169665.409437
2026-09-06 21:00:00,0.8046,0.8103,0.804,0.8073,258365.07433
2026-09-06 22:00:00,0.8077,0.8085,0.7978,0.8046,310356.169388
2026-09-06 23:00:00,0.8042,0.808,0.8017,0.8075,113596.619574
2026-09-07 00:00:00,0.8069,0.8214,0.8059,0.8115,330864.447616
2026-09-07 01:00:00,0.8116,0.8121,0.799,0.8017,364312.689499
2026-09-07 02:00:00,0.8016,0.8133,0.7964,0.8056,403769.260092
2026-09-07 03:00:00,0.8057,0.8068,0.7987,0.8016,267696.491596
2026-09-07 04:00:00,0.8018,0.8052,0.7966,0.7989,280968.528883
2026-09-07 05:00:00,0.7989,0.8111,0.798,0.8099,476280.0443
2026-09-07 06:00:00,0.8092,0.8244,0.808,0.8188,511269.537317
2026-09-07 07:00:00,0.8188,0.8266,0.8088,0.8175,680008.816821
2026-09-07 08:00:00,0.8175,0.8268,0.8136,0.8167,475417.637634
2026-09-07 09:00:00,0.8168,0.8266,0.8147,0.8195,962343.644275
2026-09-07 10:00:00,0.8204,0.8236,0.8149,0.8162,298216.288747
2026-09-07 11:00:00,0.816,0.8237,0.8139,0.8218,372954.367179
2026-09-07 12:00:00,0.822,0.8576,0.8214,0.8559,1355520.0939
2026-09-07 13:00:00,0.8558,0.882,0.8535,0.8605,2951068.236494
2026-09-07 14:00:00,0.8604,0.868,0.8433,0.863,1913243.43029
2026-09-07 15:00:00,0.8631,0.8667,0.8454,0.8523,949675.749625
2026-09-07 16:00:00,0.8524,0.8784,0.8524,0.865,1001299.226738
2026-09-07 17:00:00,0.8649,0.8756,0.8594,0.8603,447843.175704
2026-09-07 18:00:00,0.8605,0.8605,0.8324,0.8343,1141143.466077
2026-09-07 19:00:00,0.8343,0.8412,0.83,0.838,625595.570161
2026-09-07 20:00:00,0.8379,0.8385,0.828,0.8367,250222.359605
2026-09-07 21:00:00,0.8367,0.8425,0.8314,0.8355,233039.341866
2026-09-07 22:00:00,0.8355,0.8355,0.8215,0.8298,485056.530195
2026-09-07 23:00:00,0.8298,0.8381,0.8296,0.837,186153.938658
2026-09-08 00:00:00,0.837,0.8458,0.8355,0.8451,376520.464833
2026-09-08 01:00:00,0.8451,0.8479,0.8396,0.8468,301106.138659
2026-09-08 02:00:00,0.8469,0.8522,0.8417,0.8433,351646.825611
2026-09-08 03:00:00,0.8427,0.858,0.8416,0.8519,424482.836951
2026-09-08 04:00:00,0.8519,0.8535,0.835,0.8372,335318.279523
2026-09-08 05:00:00,0.8372,0.8541,0.8352,0.8499,459680.79318
2026-09-08 06:00:00,0.85,0.852,0.8413,0.8484,424546.385554
2026-09-08 07:00:00,0.8485,0.8501,0.8363,0.8393,216726.204579
2026-09-08 08:00:00,0.8393,0.8496,0.834,0.8462,248339.659155
2026-09-08 09:00:00,0.8465,0.8647,0.8416,0.8618,559675.419506
2026-09-08 10:00:00,0.8618,0.8665,0.8572,0.8613,459772.193167
2026-09-08 11:00:00,0.8614,0.8631,0.8517,0.8597,280518.519265
2026-09-08 12:00:00,0.8597,0.86,0.8425,0.8524,445856.934054
2026-09-08 13:00:00,0.8525,0.8533,0.8355,0.8452,628213.694033
2026-09-08 14:00:00,0.8452,0.862,0.8436,0.8616,556456.42144
2026-09-08 15:00:00,0.8616,0.877,0.8582,0.8667,1149413.087748
2026-09-08 16:00:00,0.8666,0.8666,0.852,0.8556,324728.870873
2026-09-08 17:00:00,0.8556,0.86,0.8434,0.8449,488542.55603
2026-09-08 18:00:00,0.8449,0.8524,0.837,0.8403,437768.288238
2026-09-08 19:00:00,0.8403,0.845,0.838,0.843,324719.230781
2026-09-08 20:00:00,0.843,0.8571,0.8426,0.8525,113857.471972
2026-09-08 21:00:00,0.8527,0.8591,0.8478,0.8508,268984.031662
2026-09-08 22:00:00,0.8509,0.8562,0.8471,0.8505,64018.711518
2026-09-08 23:00:00,0.8506,0.8511,0.8445,0.845,127208.3857
2026-09-09 00:00:00,0.845,0.8554,0.8449,0.8503,108363.931848
2026-09-09 01:00:00,0.8503,0.8508,0.8352,0.8412,540079.221518
2026-09-09 02:00:00,0.8412,0.842,0.825,0.8346,379355.49964
2026-09-09 03:00:00,0.8347,0.8383,0.8322,0.8341,321904.59159
2026-09-09 04:00:00,0.8341,0.8452,0.8341,0.8445,197110.072922
2026-09-09 05:00:00,0.8444,0.8448,0.8336,0.8346,146079.901093
2026-09-09 06:00:00,0.8346,0.8395,0.8313,0.8374,137694.286872
2026-09-09 07:00:00,0.8374,0.8439,0.8347,0.8361,157093.257416
2026-09-09 08:00:00,0.8361,0.8409,0.8352,0.8372,85744.292498
2026-09-09 09:00:00,0.8371,0.8382,0.8263,0.827,344169.199516
2026-09-09 10:00:00,0.8269,0.8327,0.8212,0.8327,293011.456582
2026-09-09 11:00:00,0.8328,0.8503,0.829,0.8482,450036.63339
2026-09-09 12:00:00,0.8483,0.8489,0.8414,0.8416,260613.657038
2026-09-09 13:00:00,0.8414,0.8525,0.8391,0.8431,218443.884199
2026-09-09 14:00:00,0.8431,0.85,0.8373,0.8482,307190.679861
2026-09-09 15:00:00,0.848,0.8548,0.8312,0.8507,675882.580456
2026-09-09 16:00:00,0.8503,0.8512,0.8283,0.8434,594720.941122
2026-09-09 17:00:00,0.8435,0.8539,0.8424,0.8433,183891.700999
2026-09-09 18:00:00,0.8434,0.8503,0.8407,0.8453,102193.382656
2026-09-09 19:00:00,0.8453,0.8482,0.826,0.8304,252171.821112
2026-09-09 20:00:00,0.8303,0.8368,0.825,0.8346,159877.26647
2026-09-09 21:00:00,0.8346,0.8375,0.8262,0.8335,128848.808041
2026-09-09 22:00:00,0.8335,0.8346,0.8063,0.8115,881037.752224
2026-09-09 23:00:00,0.8114,0.8227,0.8105,0.8202,169790.380833
2026-09-10 00:00:00,0.8202,0.8232,0.8124,0.8155,163719.733772
2026-09-10 01:00:00,0.8155,0.8238,0.8079,0.8118,270027.696008
2026-09-10 02:00:00,0.8116,0.8161,0.8037,0.815,193724.164017
2026-09-10 03:00:00,0.815,0.8203,0.8144,0.8169,153746.848032
2026-09-10 04:00:00,0.8168,0.8201,0.8133,0.8163,123279.864866
2026-09-10 05:00:00,0.8163,0.8214,0.8134,0.8173,82884.9769
2026-09-10 06:00:00,0.8173,0.8173,0.8069,0.8143,161161.934864
2026-09-10 07:00:00,0.8142,0.8144,0.794,0.8006,658106.839635
2026-09-10 08:00:00,0.8006,0.8036,0.796,0.7962,499869.006681
2026-09-10 09:00:00,0.7962,0.8027,0.795,0.7985,208008.718266
2026-09-10 10:00:00,0.7986,0.8059,0.7985,0.8023,236001.860596
2026-09-10 11:00:00,0.8023,0.8106,0.8004,0.8061,215455.985052
2026-09-10 12:00:00,0.8061,0.8105,0.7832,0.7986,571014.305163
2026-09-10 13:00:00,0.7988,0.8077,0.7983,0.8027,541636.757437
2026-09-10 14:00:00,0.8028,0.808,0.7957,0.8011,368176.643193
2026-09-10 15:00:00,0.8011,0.805,0.7964,0.8021,209872.992058
2026-09-10 16:00:00,0.8021,0.8036,0.7851,0.7992,393353.352666
2026-09-10 17:00:00,0.7993,0.8069,0.7979,0.8045,272772.139167
2026-09-10 18:00:00,0.8044,0.8052,0.7975,0.8048,90164.139327
2026-09-10 19:00:00,0.8048,0.8054,0.7949,0.7961,126808.440266
2026-09-10 20:00:00,0.7962,0.8021,0.795,0.8012,194873.055658
2026-09-10 21:00:00,0.8012,0.8012,0.7905,0.7912,183452.076205
2026-09-10 22:00:00,0.7916,0.7952,0.7851,0.7856,183022.260619
2026-09-10 23:00:00,0.7856,0.7894,0.7762,0.7802,620297.984849
2026-09-11 00:00:00,0.7801,0.79,0.779,0.789,241062.945659
2026-09-11 01:00:00,0.7887,0.7904,0.7803,0.7851,147278.262817
2026-09-11 02:00:00,0.7851,0.7873,0.779,0.7856,144612.513948
2026-09-11 03:00:00,0.7857,0.7891,0.7816,0.7876,119561.471179
2026-09-11 04:00:00,0.7876,0.7946,0.7862,0.7932,189870.526869
2026-09-11 05:00:00,0.7932,0.7982,0.7929,0.7967,211600.019705
2026-09-11 06:00:00,0.7967,0.7968,0.791,0.7923,158189.76446
2026-09-11 07:00:00,0.7923,0.797,0.7858,0.7873,194897.422596
2026-09-11 08:00:00,0.7873,0.7916,0.7852,0.7873,167587.049697
2026-09-11 09:00:00,0.7873,0.7877,0.7756,0.7812,443266.28965
2026-09-11 10:00:00,0.7811,0.7891,0.7796,0.7856,166044.8771
