timestamp,open,high,low,close,volume
2025-09-11 11:00:00,117.38,117.47,116.81,116.92,3013.589303
2025-09-11 12:00:00,116.93,117.54,115.14,116.42,37225.988896
2025-09-11 13:00:00,116.42,116.58,115.61,116.24,14276.27284
2025-09-11 14:00:00,116.25,116.27,113.0,113.92,41748.359137
2025-09-11 15:00:00,113.94,114.25,113.66,113.92,4866.23104
2025-09-11 16:00:00,113.94,114.47,113.83,114.27,4268.719663
2025-09-11 17:00:00,114.26,114.84,114.11,114.82,2996.242061
2025-09-11 18:00:00,114.82,114.91,114.41,114.79,1998.182481
2025-09-11 19:00:00,114.81,115.22,114.69,115.02,1131.870943
2025-09-11 20:00:00,115.04,115.34,114.91,115.22,5009.758911
2025-09-11 21:00:00,115.22,115.55,115.15,115.29,4056.518315
2025-09-11 22:00:00,115.34,116.13,115.27,115.96,3674.896166
2025-09-11 23:00:00,115.99,116.06,115.72,115.83,4834.840442
2025-09-12 00:00:00,115.82,116.91,115.55,116.3,10060.387716
2025-09-12 01:00:00,116.32,116.63,114.59,114.94,86548.849044
2025-09-12 02:00:00,114.94,116.07,114.89,115.86,36633.728814
2025-09-12 03:00:00,115.87,115.9,115.48,115.53,17019.328844
2025-09-12 04:00:00,115.52,115.64,115.27,115.56,9025.05663
2025-09-12 05:00:00,115.54,116.29,115.36,116.25,5723.4771
2025-09-12 06:00:00,116.24,116.45,115.9,116.0,5515.41066
2025-09-12 07:00:00,116.01,116.29,115.52,115.71,9320.146063
2025-09-12 08:00:00,115.74,115.91,115.48,115.75,12580.220697
2025-09-12 09:00:00,115.75,115.92,115.44,115.73,5560.550003
2025-09-12 10:00:00,115.7,115.96,115.39,115.54,4775.939933
2025-09-12 11:00:00,115.53,116.2,115.4,115.43,4560.926318
2025-09-12 12:00:00,115.44,115.7,114.93,115.55,6584.772202
2025-09-12 13:00:00,115.53,115.99,115.4,115.94,3990.396769
2025-09-12 14:00:00,115.93,116.89,115.76,116.69,16010.892934
2025-09-12 15:00:00,116.69,116.72,115.85,116.54,5556.172327
2025-09-12 16:00:00,116.53,117.18,116.4,117.18,8485.532078
2025-09-12 17:00:00,117.18,117.72,116.96,117.44,11124.652805
2025-09-12 18:00:00,117.45,117.8,117.01,117.2,17021.601803
2025-09-12 19:00:00,117.19,117.31,117.01,117.27,3879.320922
2025-09-12 20:00:00,117.27,117.86,116.86,117.72,7938.413309
2025-09-12 21:00:00,117.7,117.7,117.16,117.33,4723.821143
2025-09-12 22:00:00,117.35,118.0,117.31,117.79,5297.430596
2025-09-12 23:00:00,117.8,118.27,117.7,118.01,6382.339669
2025-09-13 00:00:00,118.04,118.34,117.6,118.34,6609.227284
2025-09-13 01:00:00,118.34,118.58,117.71,117.77,9604.696706
2025-09-13 02:00:00,117.76,118.05,117.48,117.87,4145.440297
2025-09-13 03:00:00,117.87,118.26,117.71,118.08,5126.48744
2025-09-13 04:00:00,118.07,118.14,117.72,117.86,3616.128855
2025-09-13 05:00:00,117.85,118.48,117.66,118.39,5625.759568
2025-09-13 06:00:00,118.38,119.5,118.35,119.0,15479.89947
2025-09-13 07:00:00,118.98,118.98,118.52,118.79,9729.314827
2025-09-13 08:00:00,118.81,120.16,118.68,119.61,16242.951621
2025-09-13 09:00:00,119.61,120.16,119.45,120.1,9411.677832
2025-09-13 10:00:00,120.08,120.5,119.68,119.93,23607.634002
2025-09-13 11:00:00,119.92,120.64,119.51,120.62,8025.24036
2025-09-13 12:00:00,120.62,120.67,119.93,120.1,10080.143254
2025-09-13 13:00:00,120.1,120.82,118.12,119.4,18396.84713
2025-09-13 14:00:00,119.4,120.31,118.62,119.86,13090.969164
2025-09-13 15:00:00,119.87,120.38,118.64,119.12,15625.217223
2025-09-13 16:00:00,119.12,119.64,118.29,118.62,13077.527694
2025-09-13 17:00:00,118.63,120.71,117.8,119.96,13120.76921
2025-09-13 18:00:00,119.95,120.03,118.72,119.64,4708.192431
2025-09-13 19:00:00,119.65,119.86,119.2,119.34,7917.635124
2025-09-13 20:00:00,119.33,119.89,119.31,119.69,3127.441256
2025-09-13 21:00:00,119.69,120.18,119.65,119.94,1690.762166
2025-09-13 22:00:00,119.95,120.18,119.14,119.32,8929.20078
2025-09-13 23:00:00,119.32,119.69,119.1,119.24,6013.576333
2025-09-14 00:00:00,119.23,119.32,118.58,118.8,6964.603811
2025-09-14 01:00:00,118.79,118.79,117.25,118.37,15620.921587
2025-09-14 02:00:00,118.37,118.87,117.21,117.74,19777.097413
2025-09-14 03:00:00,117.74,117.96,116.1,116.38,18900.118624
2025-09-14 04:00:00,116.39,117.0,116.01,116.87,8428.966042
2025-09-14 05:00:00,116.87,117.46,116.87,117.44,3510.105712
2025-09-14 06:00:00,117.45,117.55,116.8,117.2,2639.409311
2025-09-14 07:00:00,117.2,117.25,116.54,116.81,2773.106403
2025-09-14 08:00:00,116.79,117.09,116.22,116.79,9299.962647
2025-09-14 09:00:00,116.79,117.24,116.57,116.99,2456.62257
2025-09-14 10:00:00,116.97,117.03,116.48,116.56,3071.597851
2025-09-14 11:00:00,116.59,116.71,115.43,115.53,8972.127203
2025-09-14 12:00:00,115.55,115.99,114.92,115.33,9736.239497
2025-09-14 13:00:00,115.32,115.43,114.58,114.92,9008.042408
2025-09-14 14:00:00,114.92,115.38,113.81,114.64,19420.037788
2025-09-14 15:00:00,114.63,114.99,114.16,114.75,8218.395653
2025-09-14 16:00:00,114.75,115.29,114.61,114.93,4528.823962
2025-09-14 17:00:00,114.94,115.54,114.77,115.41,3259.246651
2025-09-14 18:00:00,115.41,115.47,114.9,115.06,1816.967276
2025-09-14 19:00:00,115.04,115.36,114.8,115.15,2225.342676
2025-09-14 20:00:00,115.14,115.45,115.11,115.33,873.478769
2025-09-14 21:00:00,115.33,115.75,115.0,115.58,3466.721385
2025-09-14 22:00:00,115.6,116.12,115.23,115.88,3095.627267
2025-09-14 23:00:00,115.88,115.88,114.89,115.11,1827.915674
2025-09-15 00:00:00,115.1,115.92,115.08,115.4,2135.361903
2025-09-15 01:00:00,115.4,115.88,114.6,115.55,5090.145482
2025-09-15 02:00:00,115.56,116.08,115.51,115.75,2236.18844
2025-09-15 03:00:00,115.75,116.18,115.63,115.68,1792.221639
2025-09-15 04:00:00,115.67,116.2,115.55,115.92,5021.455084
2025-09-15 05:00:00,115.94,116.75,115.84,116.64,2938.470484
2025-09-15 06:00:00,116.66,116.68,115.28,115.72,7164.938221
2025-09-15 07:00:00,115.7,116.29,114.62,114.92,9929.651172
2025-09-15 08:00:00,114.91,114.91,112.42,112.85,26048.456169
2025-09-15 09:00:00,112.86,113.81,112.69,113.7,8684.037431
2025-09-15 10:00:00,113.7,113.7,112.87,113.5,3814.796149
2025-09-15 11:00:00,113.48,114.2,113.15,113.91,9392.716574
2025-09-15 12:00:00,113.9,114.05,113.18,113.26,3557.942272
2025-09-15 13:00:00,113.25,114.07,112.96,113.89,11340.328719
2025-09-15 14:00:00,113.87,113.89,112.76,112.83,5346.158926
2025-09-15 15:00:00,112.84,113.28,112.4,113.14,10672.30026
2025-09-15 16:00:00,113.13,113.13,111.75,112.23,13168.766122
2025-09-15 17:00:00,112.2,113.14,112.13,113.13,4791.321109
2025-09-15 18:00:00,113.11,113.53,112.71,113.44,3521.339553
2025-09-15 19:00:00,113.43,113.73,112.92,113.27,1431.507897
2025-09-15 20:00:00,113.28,113.56,113.16,113.46,1154.098939
2025-09-15 21:00:00,113.49,113.74,113.25,113.66,3341.284449
2025-09-15 22:00:00,113.67,113.7,113.32,113.58,1744.025977
2025-09-15 23:00:00,113.6,113.8,113.47,113.73,1191.951594
2025-09-16 00:00:00,113.73,113.76,113.18,113.43,1382.036706
2025-09-16 01:00:00,113.44,114.03,113.12,113.14,2508.989527
2025-09-16 02:00:00,113.16,113.56,112.77,112.91,14634.848674
2025-09-16 03:00:00,112.91,113.08,112.56,112.56,3711.952616
2025-09-16 04:00:00,112.55,113.15,112.0,113.1,7760.956677
2025-09-16 05:00:00,113.1,114.48,113.07,114.24,7263.144841
2025-09-16 06:00:00,114.24,114.45,113.62,113.86,4146.477072
2025-09-16 07:00:00,113.88,115.18,113.88,114.79,4955.030664
2025-09-16 08:00:00,114.8,115.24,114.23,114.6,3046.992261
2025-09-16 09:00:00,114.61,115.06,114.42,114.99,2391.479138
2025-09-16 10:00:00,115.0,115.07,114.21,114.28,5258.8685
2025-09-16 11:00:00,114.26,114.61,114.0,114.34,2206.66631
2025-09-16 12:00:00,114.35,114.6,114.2,114.31,2044.243173
2025-09-16 13:00:00,114.31,114.75,113.61,114.52,7175.672344
2025-09-16 14:00:00,114.54,114.64,113.23,114.56,10364.997983
2025-09-16 15:00:00,114.56,115.1,114.15,115.08,6566.365239
2025-09-16 16:00:00,115.06,115.32,114.49,115.13,4066.946972
2025-09-16 17:00:00,115.12,115.8,115.03,115.2,5098.908073
2025-09-16 18:00:00,115.22,115.56,114.82,114.95,3705.206156
2025-09-16 19:00:00,114.95,115.26,114.81,115.23,3612.340685
2025-09-16 20:00:00,115.2,115.27,114.75,114.88,2932.456198
2025-09-16 21:00:00,114.87,115.49,114.87,115.44,3798.85868
2025-09-16 22:00:00,115.48,115.57,115.06,115.29,2527.735924
2025-09-16 23:00:00,115.28,115.33,114.86,115.03,2411.314631
2025-09-17 00:00:00,115.03,115.38,114.97,115.06,2372.867558
2025-09-17 01:00:00,115.07,115.29,114.89,115.23,2542.456547
2025-09-17 02:00:00,115.21,115.89,115.09,115.64,6025.628561
2025-09-17 03:00:00,115.64,115.77,114.62,114.7,4780.309862
2025-09-17 04:00:00,114.7,114.86,113.79,114.04,9511.335522
2025-09-17 05:00:00,114.06,114.77,113.97,114.75,5468.774432
2025-09-17 06:00:00,114.75,115.35,114.53,115.28,7403.800569
2025-09-17 07:00:00,115.28,115.44,114.98,115.26,5950.499876
2025-09-17 08:00:00,115.25,115.36,114.75,115.15,4957.041611
2025-09-17 09:00:00,115.15,115.18,114.55,114.55,3002.957603
2025-09-17 10:00:00,114.56,114.74,113.97,114.13,8109.153729
2025-09-17 11:00:00,114.14,114.57,114.09,114.21,2454.977774
2025-09-17 12:00:00,114.2,114.48,113.8,114.32,6687.039918
2025-09-17 13:00:00,114.32,114.65,114.05,114.31,2069.694032
2025-09-17 14:00:00,114.3,114.66,113.54,113.93,10372.807478
2025-09-17 15:00:00,113.92,114.27,113.8,113.89,3813.564443
2025-09-17 16:00:00,113.87,114.38,113.38,114.27,3562.857441
2025-09-17 17:00:00,114.27,115.3,113.7,113.75,8378.694059
2025-09-17 18:00:00,113.72,115.16,113.14,113.72,26300.968219
2025-09-17 19:00:00,113.72,115.1,113.69,114.96,5658.936837
2025-09-17 20:00:00,114.98,115.55,114.38,114.47,3869.642441
2025-09-17 21:00:00,114.49,115.64,114.01,115.57,3636.976529
2025-09-17 22:00:00,115.58,117.3,115.58,117.14,9829.766348
2025-09-17 23:00:00,117.14,117.6,116.74,117.01,8794.827849
2025-09-18 00:00:00,117.01,117.76,116.81,116.96,9793.290923
2025-09-18 01:00:00,116.95,117.64,116.8,117.35,8529.046076
2025-09-18 02:00:00,117.36,117.61,117.02,117.55,3788.762738
2025-09-18 03:00:00,117.55,118.13,117.45,117.8,8604.879836
2025-09-18 04:00:00,117.8,118.01,117.35,117.48,4650.574332
2025-09-18 05:00:00,117.49,117.49,116.68,116.89,6760.264848
2025-09-18 06:00:00,116.9,116.97,114.91,115.07,19941.512729
2025-09-18 07:00:00,115.06,115.87,115.04,115.51,9497.922212
2025-09-18 08:00:00,115.51,116.18,115.44,116.14,3445.557128
2025-09-18 09:00:00,116.12,116.26,115.83,115.9,3480.383876
2025-09-18 10:00:00,115.9,116.05,115.16,115.35,10739.718868
2025-09-18 11:00:00,115.36,115.8,115.31,115.76,3482.709573
2025-09-18 12:00:00,115.77,115.95,115.4,115.76,3556.476244
2025-09-18 13:00:00,115.74,116.47,115.5,116.04,6898.38523
2025-09-18 14:00:00,116.05,116.55,115.97,116.31,4215.681752
2025-09-18 15:00:00,116.31,117.49,116.1,117.05,9659.192909
2025-09-18 16:00:00,117.05,117.81,117.01,117.22,6704.264128
2025-09-18 17:00:00,117.21,118.34,117.06,118.18,7116.30962
2025-09-18 18:00:00,118.19,118.79,118.05,118.74,3718.830744
2025-09-18 19:00:00,118.74,118.75,117.85,118.49,3030.85232
2025-09-18 20:00:00,118.5,119.11,118.44,118.78,4150.239611
2025-09-18 21:00:00,118.79,118.86,118.12,118.15,4360.788868
2025-09-18 22:00:00,118.15,118.64,117.9,118.06,4845.911585
2025-09-18 23:00:00,118.07,118.35,117.63,118.2,6112.382363
2025-09-19 00:00:00,118.21,119.19,118.21,119.18,3545.230978
2025-09-19 01:00:00,119.19,119.47,118.43,118.65,5538.990925
2025-09-19 02:00:00,118.64,119.03,117.81,117.88,7606.447136
2025-09-19 03:00:00,117.9,118.31,117.13,117.18,6290.202427
2025-09-19 04:00:00,117.18,117.41,116.3,117.38,15237.005203
2025-09-19 05:00:00,117.4,117.41,116.53,117.35,9674.094446
2025-09-19 06:00:00,117.35,117.73,116.69,116.69,4778.567386
2025-09-19 07:00:00,116.69,117.72,116.61,117.53,5336.90839
2025-09-19 08:00:00,117.55,117.8,116.86,117.07,2358.198676
2025-09-19 09:00:00,117.1,117.56,116.17,116.44,4565.686426
2025-09-19 10:00:00,116.45,116.81,116.23,116.58,5643.082523
2025-09-19 11:00:00,116.6,116.62,115.52,115.78,5466.327217
2025-09-19 12:00:00,115.78,116.29,115.58,115.86,3197.84265
2025-09-19 13:00:00,115.84,116.53,115.81,116.25,3581.823
2025-09-19 14:00:00,116.24,116.52,115.32,115.6,7977.997883
2025-09-19 15:00:00,115.6,115.67,114.56,115.48,10035.584079
2025-09-19 16:00:00,115.49,115.84,115.38,115.48,2709.733772
2025-09-19 17:00:00,115.47,115.48,114.44,114.52,8583.89281
2025-09-19 18:00:00,114.52,114.67,113.87,113.99,12152.37565
2025-09-19 19:00:00,114.0,114.6,113.83,113.84,8565.554053
2025-09-19 20:00:00,113.84,114.22,113.84,113.85,13409.888517
2025-09-19 21:00:00,113.84,114.29,113.63,114.26,6817.078585
2025-09-19 22:00:00,114.26,114.58,114.23,114.26,5868.983716
2025-09-19 23:00:00,114.25,114.29,113.38,114.03,6839.491126
2025-09-20 00:00:00,114.03,114.54,113.91,114.54,2326.716177
2025-09-20 01:00:00,114.53,114.57,113.97,114.1,3865.72369
2025-09-20 02:00:00,114.08,114.29,113.5,114.25,3329.282168
2025-09-20 03:00:00,114.25,114.53,113.97,114.27,5902.271576
2025-09-20 04:00:00,114.28,114.58,114.22,114.33,5799.061058
2025-09-20 05:00:00,114.32,114.64,114.22,114.64,5693.874852
2025-09-20 06:00:00,114.63,114.63,114.36,114.54,4484.849341
2025-09-20 07:00:00,114.54,115.3,114.54,115.14,7864.794233
2025-09-20 08:00:00,115.14,115.15,114.25,114.31,3110.58287
2025-09-20 09:00:00,114.32,114.55,113.81,113.93,4464.138304
2025-09-20 10:00:00,113.93,114.24,113.6,113.62,3211.670664
2025-09-20 11:00:00,113.62,114.0,113.42,113.99,1803.620358
2025-09-20 12:00:00,113.98,114.1,113.82,113.96,1376.052362
2025-09-20 13:00:00,113.96,114.02,113.52,113.78,3469.623197
2025-09-20 14:00:00,113.78,114.4,113.45,114.33,4270.604674
2025-09-20 15:00:00,114.36,114.84,114.32,114.69,5683.666847
2025-09-20 16:00:00,114.7,114.91,114.25,114.57,3862.729035
2025-09-20 17:00:00,114.59,114.63,114.08,114.17,3977.84508
2025-09-20 18:00:00,114.17,114.17,113.66,113.77,1720.728826
2025-09-20 19:00:00,113.77,114.1,113.62,113.81,1126.886261
2025-09-20 20:00:00,113.81,114.17,113.7,114.08,1105.32753
2025-09-20 21:00:00,114.09,114.45,113.98,114.12,1955.755183
2025-09-20 22:00:00,114.1,114.24,113.96,114.18,1378.497744
2025-09-20 23:00:00,114.19,114.2,113.71,113.93,2808.847609
2025-09-21 00:00:00,113.93,114.41,113.71,114.31,4458.276365
2025-09-21 01:00:00,114.32,114.38,113.87,113.98,3690.097238
2025-09-21 02:00:00,113.98,114.4,113.83,114.33,1696.753761
2025-09-21 03:00:00,114.32,114.44,114.22,114.44,870.37818
2025-09-21 04:00:00,114.44,114.46,114.05,114.3,1944.845516
2025-09-21 05:00:00,114.32,114.85,114.19,114.83,7936.34351
2025-09-21 06:00:00,114.85,115.02,114.7,114.9,8797.503032
2025-09-21 07:00:00,114.91,115.46,114.78,115.43,14973.426361
2025-09-21 08:00:00,115.42,115.52,114.96,115.23,19840.887813
2025-09-21 09:00:00,115.23,115.47,114.5,115.35,16164.577625
2025-09-21 10:00:00,115.34,116.31,114.9,114.97,14127.028928
2025-09-21 11:00:00,114.97,115.2,114.7,114.77,3565.329457
2025-09-21 12:00:00,114.77,115.42,114.61,114.68,3049.249631
2025-09-21 13:00:00,114.71,115.14,114.66,115.14,3220.132226
2025-09-21 14:00:00,115.11,115.3,114.73,114.78,3278.059166
2025-09-21 15:00:00,114.78,115.6,114.77,115.47,14613.454333
2025-09-21 16:00:00,115.48,115.6,114.79,115.14,14503.307267
2025-09-21 17:00:00,115.14,115.93,114.66,115.87,7169.444855
2025-09-21 18:00:00,115.88,115.96,115.27,115.38,6582.3625
2025-09-21 19:00:00,115.39,115.44,114.89,115.28,1359.701152
2025-09-21 20:00:00,115.27,115.38,114.92,115.08,1366.316839
2025-09-21 21:00:00,115.12,115.23,114.76,114.94,3148.992544
2025-09-21 22:00:00,114.95,115.14,114.32,114.9,3366.787981
2025-09-21 23:00:00,114.92,114.92,113.98,114.02,6444.825037
2025-09-22 00:00:00,113.99,114.52,111.34,111.67,27162.52115
2025-09-22 01:00:00,111.64,112.62,111.53,111.94,11479.328865
2025-09-22 02:00:00,111.96,112.22,110.02,110.71,15979.134957
2025-09-22 03:00:00,110.71,111.49,110.71,111.35,9798.138179
2025-09-22 04:00:00,111.35,111.53,110.87,111.16,12790.923351
2025-09-22 05:00:00,111.16,111.16,109.37,109.38,20882.529173
2025-09-22 06:00:00,109.44,109.55,101.99,106.92,114388.341662
2025-09-22 07:00:00,106.92,106.92,105.31,105.48,19154.381447
2025-09-22 08:00:00,105.49,106.0,104.88,105.63,9308.781473
2025-09-22 09:00:00,105.64,105.68,104.84,105.04,10069.951615
2025-09-22 10:00:00,105.05,105.92,104.82,105.76,7239.998717
2025-09-22 11:00:00,105.74,105.87,105.31,105.62,4024.288205
2025-09-22 12:00:00,105.65,106.24,105.33,106.09,6353.522507
2025-09-22 13:00:00,106.09,106.47,105.6,106.43,8323.357912
2025-09-22 14:00:00,106.43,106.71,105.71,105.88,7304.289547
2025-09-22 15:00:00,105.88,106.03,104.83,105.28,6629.19269
2025-09-22 16:00:00,105.28,105.75,105.0,105.13,4239.377296
2025-09-22 17:00:00,105.14,105.49,104.62,105.42,4610.988109
2025-09-22 18:00:00,105.4,105.64,104.94,104.94,3850.500189
2025-09-22 19:00:00,104.93,105.15,104.59,104.77,3901.57924
2025-09-22 20:00:00,104.77,106.07,104.62,105.89,2043.470185
2025-09-22 21:00:00,105.91,106.2,105.51,106.16,1907.043394
2025-09-22 22:00:00,106.13,106.13,105.66,105.75,897.040817
2025-09-22 23:00:00,105.73,105.94,105.64,105.69,1520.819229
2025-09-23 00:00:00,105.68,106.0,105.28,105.5,6596.72807
2025-09-23 01:00:00,105.5,106.11,105.21,105.4,8080.060847
2025-09-23 02:00:00,105.4,106.17,104.73,104.83,5705.968875
2025-09-23 03:00:00,104.82,106.66,104.43,106.18,8900.873652
2025-09-23 04:00:00,106.17,106.47,105.49,105.96,5059.170621
2025-09-23 05:00:00,105.95,106.25,105.64,105.7,5868.610168
2025-09-23 06:00:00,105.73,106.58,105.64,106.44,5044.250678
2025-09-23 07:00:00,106.42,106.56,106.07,106.24,2973.022011
2025-09-23 08:00:00,106.25,106.52,106.09,106.44,2010.321892
2025-09-23 09:00:00,106.42,106.69,105.78,105.94,2278.658973
2025-09-23 10:00:00,105.95,106.45,105.86,106.37,2313.812348
2025-09-23 11:00:00,106.38,106.65,105.94,106.51,3379.419808
2025-09-23 12:00:00,106.51,107.24,106.39,107.01,8349.454416
2025-09-23 13:00:00,106.98,107.04,106.16,106.41,6564.165202
2025-09-23 14:00:00,106.41,106.91,106.09,106.38,3288.261952
2025-09-23 15:00:00,106.39,106.96,106.2,106.75,3373.325443
2025-09-23 16:00:00,106.76,106.84,105.89,106.6,3594.820226
2025-09-23 17:00:00,106.58,106.63,105.36,105.57,4932.785442
2025-09-23 18:00:00,105.57,106.25,105.54,106.02,29111.804771
2025-09-23 19:00:00,106.02,106.7,105.7,106.02,3851.404361
2025-09-23 20:00:00,106.0,106.54,105.68,106.54,4627.122605
2025-09-23 21:00:00,106.54,106.75,105.74,106.42,4706.374354
2025-09-23 22:00:00,106.43,106.49,106.06,106.32,3712.589919
2025-09-23 23:00:00,106.32,106.6,106.06,106.08,2900.034461
2025-09-24 00:00:00,106.08,106.84,106.06,106.62,2356.72634
2025-09-24 01:00:00,106.63,107.6,106.53,107.53,2426.196262
2025-09-24 02:00:00,107.55,107.59,106.82,107.09,5096.102104
2025-09-24 03:00:00,107.08,107.22,105.73,105.81,14394.219598
2025-09-24 04:00:00,105.82,106.91,104.57,106.56,16280.523162
2025-09-24 05:00:00,106.57,107.37,106.42,107.29,3554.94964
2025-09-24 06:00:00,107.26,107.48,106.3,106.92,99497.903688
2025-09-24 07:00:00,106.93,107.07,106.54,106.87,3741.707121
2025-09-24 08:00:00,106.88,107.06,106.7,106.75,2348.586231
2025-09-24 09:00:00,106.78,107.04,106.6,106.92,1727.764367
2025-09-24 10:00:00,106.91,107.13,106.73,107.1,4625.560625
2025-09-24 11:00:00,107.1,107.42,106.95,107.19,3637.04846
2025-09-24 12:00:00,107.19,107.29,105.98,106.42,8243.110998
2025-09-24 13:00:00,106.43,106.82,106.17,106.3,3871.377768
2025-09-24 14:00:00,106.31,107.67,106.31,107.32,5558.893652
2025-09-24 15:00:00,107.37,107.47,106.77,106.84,5089.288657
2025-09-24 16:00:00,106.84,106.89,106.48,106.61,4865.1505
2025-09-24 17:00:00,106.61,107.11,106.5,106.7,1509.104221
2025-09-24 18:00:00,106.7,106.72,106.27,106.3,1445.362239
2025-09-24 19:00:00,106.31,106.33,105.84,106.12,2735.899641
2025-09-24 20:00:00,106.14,106.35,105.83,106.3,2255.107701
2025-09-24 21:00:00,106.29,106.53,105.83,105.89,2719.376414
2025-09-24 22:00:00,105.91,106.3,105.83,105.9,1788.458449
2025-09-24 23:00:00,105.9,106.12,105.47,105.54,3233.643743
2025-09-25 00:00:00,105.55,105.84,105.17,105.26,4647.229833
2025-09-25 01:00:00,105.25,105.58,104.66,104.98,7395.967989
2025-09-25 02:00:00,104.98,105.84,104.54,105.48,5403.61721
2025-09-25 03:00:00,105.47,105.47,104.18,104.87,5177.153228
2025-09-25 04:00:00,104.83,105.13,103.3,103.8,14302.087716
2025-09-25 05:00:00,103.81,104.82,103.41,104.62,3675.96389
2025-09-25 06:00:00,104.61,104.63,103.79,103.84,2718.316484
2025-09-25 07:00:00,103.84,104.38,103.66,103.98,5580.085761
2025-09-25 08:00:00,103.98,104.6,103.75,104.02,3071.245647
2025-09-25 09:00:00,104.01,104.67,103.82,103.84,5088.129748
2025-09-25 10:00:00,103.84,104.28,103.39,103.4,2563.52898
2025-09-25 11:00:00,103.42,103.62,102.93,103.47,5322.412059
2025-09-25 12:00:00,103.47,104.19,101.81,103.89,22702.219652
2025-09-25 13:00:00,103.9,104.83,103.46,103.89,7839.406707
2025-09-25 14:00:00,103.91,105.26,103.91,104.8,5704.299086
2025-09-25 15:00:00,104.78,104.85,104.16,104.53,2588.868068
2025-09-25 16:00:00,104.53,104.72,103.06,103.17,7177.740818
2025-09-25 17:00:00,103.18,103.18,100.23,100.88,27692.128349
2025-09-25 18:00:00,100.88,103.2,100.48,103.18,13574.57255
2025-09-25 19:00:00,103.18,103.77,102.61,102.8,3743.596978
2025-09-25 20:00:00,102.8,102.97,102.16,102.31,2579.389575
2025-09-25 21:00:00,102.32,103.16,101.95,102.88,4753.549982
2025-09-25 22:00:00,102.87,103.2,102.21,102.44,5173.484705
2025-09-25 23:00:00,102.44,102.99,101.52,102.28,7330.9169
2025-09-26 00:00:00,102.29,103.69,102.29,103.57,4650.297088
2025-09-26 01:00:00,103.58,103.94,103.34,103.54,3329.504599
2025-09-26 02:00:00,103.54,103.88,103.05,103.32,1789.59423
2025-09-26 03:00:00,103.31,103.43,102.71,103.21,2244.732752
2025-09-26 04:00:00,103.22,103.5,102.85,103.13,2229.287012
2025-09-26 05:00:00,103.14,103.64,102.62,102.96,3017.456652
2025-09-26 06:00:00,102.97,103.6,102.69,102.98,5976.217776
2025-09-26 07:00:00,103.0,103.37,102.4,103.09,17946.250692
2025-09-26 08:00:00,103.1,103.3,102.73,102.82,3293.225082
2025-09-26 09:00:00,102.82,102.92,101.68,102.03,7496.932153
2025-09-26 10:00:00,102.04,102.08,101.21,101.51,7797.45308
2025-09-26 11:00:00,101.51,102.11,100.98,101.94,4698.794497
2025-09-26 12:00:00,101.93,103.16,101.32,102.8,10645.649391
2025-09-26 13:00:00,102.8,103.49,102.27,103.33,6992.236597
2025-09-26 14:00:00,103.31,103.42,102.35,102.85,5793.469571
2025-09-26 15:00:00,102.86,103.71,102.81,103.39,4234.29359
2025-09-26 16:00:00,103.38,104.08,103.36,103.98,3956.87654
2025-09-26 17:00:00,103.97,104.76,103.95,104.71,4022.932923
2025-09-26 18:00:00,104.72,104.91,104.43,104.54,3968.597871
2025-09-26 19:00:00,104.53,104.57,103.78,104.13,2724.418309
2025-09-26 20:00:00,104.13,104.29,103.9,103.94,1588.508217
2025-09-26 21:00:00,103.92,104.4,103.82,104.36,3211.757415
2025-09-26 22:00:00,104.36,104.79,104.25,104.46,2693.547799
2025-09-26 23:00:00,104.45,104.66,104.33,104.56,2975.408319
2025-09-27 00:00:00,104.55,104.55,104.07,104.31,2135.321011
2025-09-27 01:00:00,104.31,104.32,103.76,103.89,4407.189286
2025-09-27 02:00:00,103.89,104.03,103.49,103.61,5627.136148
2025-09-27 03:00:00,103.61,104.08,103.6,103.85,1703.209509
2025-09-27 04:00:00,103.83,103.99,103.74,103.86,3998.51797
2025-09-27 05:00:00,103.87,103.94,103.64,103.84,1183.628922
2025-09-27 06:00:00,103.84,103.93,103.65,103.9,1484.591582
2025-09-27 07:00:00,103.91,104.03,103.56,103.74,7114.804505
2025-09-27 08:00:00,103.73,103.89,103.44,103.63,4206.28298
2025-09-27 09:00:00,103.63,104.14,103.33,104.07,2730.464168
2025-09-27 10:00:00,104.06,104.51,103.95,104.25,5562.403494
2025-09-27 11:00:00,104.24,104.26,103.91,103.95,2016.500526
2025-09-27 12:00:00,103.97,104.46,103.93,104.4,1252.713716
2025-09-27 13:00:00,104.39,104.47,104.25,104.31,1223.905072
2025-09-27 14:00:00,104.32,104.84,104.3,104.59,2620.580803
2025-09-27 15:00:00,104.59,104.93,104.37,104.91,2578.821885
2025-09-27 16:00:00,104.92,104.95,104.73,104.75,4389.321179
2025-09-27 17:00:00,104.75,104.76,104.08,104.58,2138.845406
2025-09-27 18:00:00,104.58,104.66,104.37,104.45,1929.762045
2025-09-27 19:00:00,104.46,104.59,104.26,104.57,804.759229
2025-09-27 20:00:00,104.57,104.71,104.48,104.59,771.259437
2025-09-27 21:00:00,104.59,104.77,104.53,104.67,2164.192803
2025-09-27 22:00:00,104.68,104.96,104.64,104.69,1519.739887
2025-09-27 23:00:00,104.7,104.83,104.42,104.46,860.076507
2025-09-28 00:00:00,104.48,104.63,104.15,104.2,1530.941377
2025-09-28 01:00:00,104.2,104.25,103.69,103.86,2646.480637
2025-09-28 02:00:00,103.86,104.06,103.69,103.8,1164.420014
2025-09-28 03:00:00,103.81,103.95,103.57,103.89,1207.731023
2025-09-28 04:00:00,103.88,104.03,103.72,104.03,537.196383
2025-09-28 05:00:00,104.03,104.23,103.71,104.01,1425.821316
2025-09-28 06:00:00,104.02,104.13,103.72,103.9,2866.357902
2025-09-28 07:00:00,103.9,104.23,103.73,104.1,1266.272015
2025-09-28 08:00:00,104.1,104.18,103.54,103.67,1142.970042
2025-09-28 09:00:00,103.66,103.73,103.37,103.52,1332.413556
2025-09-28 10:00:00,103.51,103.64,103.19,103.6,2349.827025
2025-09-28 11:00:00,103.61,103.64,103.13,103.34,1503.314928
2025-09-28 12:00:00,103.34,103.39,102.76,103.19,3794.302466
2025-09-28 13:00:00,103.2,104.19,103.1,104.03,2612.565104
2025-09-28 14:00:00,104.05,104.46,103.94,104.23,1716.077854
2025-09-28 15:00:00,104.23,104.57,104.21,104.57,1154.716089
2025-09-28 16:00:00,104.58,104.95,104.38,104.85,2434.79455
2025-09-28 17:00:00,104.86,105.26,104.82,105.1,2999.658676
2025-09-28 18:00:00,105.1,105.4,104.92,105.4,1814.566717
2025-09-28 19:00:00,105.41,105.62,105.17,105.62,1405.205703
2025-09-28 20:00:00,105.62,106.06,105.61,105.85,1991.459562
2025-09-28 21:00:00,105.86,106.38,105.85,106.06,2024.997014
2025-09-28 22:00:00,106.08,107.02,106.08,106.92,4074.274802
2025-09-28 23:00:00,106.92,107.1,106.71,106.84,3197.521264
2025-09-29 00:00:00,106.86,107.01,106.46,106.88,2558.667276
2025-09-29 01:00:00,106.88,106.92,106.58,106.63,2710.289624
2025-09-29 02:00:00,106.64,107.22,106.51,106.75,2995.31225
2025-09-29 03:00:00,106.74,106.77,106.46,106.58,1513.164607
2025-09-29 04:00:00,106.58,106.59,106.23,106.23,4809.199782
2025-09-29 05:00:00,106.25,106.27,105.78,106.16,2697.079551
2025-09-29 06:00:00,106.16,106.17,105.69,105.7,2637.18074
2025-09-29 07:00:00,105.71,106.24,105.57,106.02,1535.062396
2025-09-29 08:00:00,106.04,106.46,105.8,106.29,1841.094714
2025-09-29 09:00:00,106.27,106.48,105.68,105.95,1597.590006
2025-09-29 10:00:00,105.94,106.11,105.71,105.73,1395.000109
2025-09-29 11:00:00,105.72,106.11,105.45,105.73,2994.489421
2025-09-29 12:00:00,105.73,106.06,105.3,105.55,3423.179913
2025-09-29 13:00:00,105.52,106.66,105.3,106.53,3412.756413
2025-09-29 14:00:00,106.53,107.62,106.44,106.56,12236.378697
2025-09-29 15:00:00,106.56,106.72,106.2,106.36,4558.962264
2025-09-29 16:00:00,106.39,106.77,105.82,105.88,1928.87523
2025-09-29 17:00:00,105.87,106.27,105.47,106.15,7780.845453
2025-09-29 18:00:00,106.14,106.14,105.68,105.86,1592.373401
2025-09-29 19:00:00,105.86,106.47,105.8,106.37,2622.51642
2025-09-29 20:00:00,106.37,107.15,106.27,107.14,2502.383926
2025-09-29 21:00:00,107.15,107.21,106.88,106.98,1976.452664
2025-09-29 22:00:00,106.97,107.09,106.78,107.0,1229.197463
2025-09-29 23:00:00,107.0,107.04,106.6,106.75,6176.669319
2025-09-30 00:00:00,106.77,107.33,106.5,106.59,5935.426119
2025-09-30 01:00:00,106.62,107.12,106.37,106.95,2941.60197
2025-09-30 02:00:00,106.95,106.98,106.32,106.34,3987.727662
2025-09-30 03:00:00,106.35,106.7,106.23,106.39,2772.437273
2025-09-30 04:00:00,106.41,106.49,106.18,106.36,3928.131845
2025-09-30 05:00:00,106.37,106.46,106.06,106.39,7996.446507
2025-09-30 06:00:00,106.38,106.7,106.16,106.2,4237.36
2025-09-30 07:00:00,106.19,106.3,105.54,105.85,3678.2754
2025-09-30 08:00:00,105.85,106.01,105.57,105.57,3595.698936
2025-09-30 09:00:00,105.57,105.72,105.15,105.45,7721.587141
2025-09-30 10:00:00,105.46,105.55,105.25,105.39,6418.911783
2025-09-30 11:00:00,105.41,105.63,105.12,105.42,4568.692973
2025-09-30 12:00:00,105.43,105.5,105.15,105.17,2160.810231
2025-09-30 13:00:00,105.17,105.87,105.04,105.16,4313.824714
2025-09-30 14:00:00,105.15,105.33,104.72,105.17,4076.927135
2025-09-30 15:00:00,105.16,105.18,103.84,104.51,9591.558772
2025-09-30 16:00:00,104.52,104.7,104.2,104.52,2906.84197
2025-09-30 17:00:00,104.52,104.81,104.32,104.47,4032.466801
2025-09-30 18:00:00,104.47,105.3,104.32,105.27,16559.466983
2025-09-30 19:00:00,105.26,106.85,105.2,106.85,3585.19579
2025-09-30 20:00:00,106.85,107.61,106.58,107.45,5179.226887
2025-09-30 21:00:00,107.46,107.54,106.62,106.62,8247.89364
2025-09-30 22:00:00,106.64,107.21,106.33,106.4,3929.248063
2025-09-30 23:00:00,106.42,107.1,106.23,106.88,1975.301976
2025-10-01 00:00:00,106.89,107.07,106.15,106.5,2038.281529
2025-10-01 01:00:00,106.5,107.06,106.28,107.06,1891.275002
2025-10-01 02:00:00,107.06,107.11,105.98,106.17,4422.883062
2025-10-01 03:00:00,106.16,106.38,105.78,105.8,2827.753931
2025-10-01 04:00:00,105.81,106.47,105.74,106.18,3323.455213
2025-10-01 05:00:00,106.18,106.69,106.18,106.45,1936.740137
2025-10-01 06:00:00,106.44,106.51,105.39,105.53,16954.047293
2025-10-01 07:00:00,105.52,106.03,105.46,105.98,3183.277929
2025-10-01 08:00:00,105.96,109.1,105.83,109.08,22145.142168
2025-10-01 09:00:00,109.09,110.74,108.79,110.49,21111.807573
2025-10-01 10:00:00,110.5,110.58,109.31,109.43,9000.237466
2025-10-01 11:00:00,109.43,110.78,109.43,110.35,12946.179801
2025-10-01 12:00:00,110.36,110.85,109.97,110.81,14389.301033
2025-10-01 13:00:00,110.81,111.28,110.48,110.86,11123.297917
2025-10-01 14:00:00,110.86,111.57,110.69,111.12,9705.382425
2025-10-01 15:00:00,111.14,111.73,110.89,111.34,10458.441605
2025-10-01 16:00:00,111.36,111.9,111.11,111.64,9225.774959
2025-10-01 17:00:00,111.66,111.74,110.47,110.62,9236.701113
2025-10-01 18:00:00,110.62,111.42,110.62,111.29,2133.686568
2025-10-01 19:00:00,111.28,112.61,111.19,112.14,8099.00268
2025-10-01 20:00:00,112.14,112.17,111.7,112.03,2085.680642
2025-10-01 21:00:00,112.03,112.37,111.62,112.37,3736.340296
2025-10-01 22:00:00,112.38,115.02,112.28,114.81,18975.22917
2025-10-01 23:00:00,114.84,115.32,113.91,115.09,13988.093695
2025-10-02 00:00:00,115.12,118.4,115.12,117.96,43742.639164
2025-10-02 01:00:00,117.99,121.47,117.89,121.3,61060.939898
2025-10-02 02:00:00,121.29,121.48,117.77,118.35,43348.580195
2025-10-02 03:00:00,118.34,119.11,117.7,118.46,19169.699387
2025-10-02 04:00:00,118.45,118.59,117.42,117.85,10383.873233
2025-10-02 05:00:00,117.87,118.62,117.68,117.87,6148.515571
2025-10-02 06:00:00,117.88,118.52,117.88,117.96,5552.142164
2025-10-02 07:00:00,117.94,120.14,117.92,119.38,17951.090907
2025-10-02 08:00:00,119.36,119.96,118.73,119.14,15236.724227
2025-10-02 09:00:00,119.12,120.13,118.82,120.12,9698.426152
2025-10-02 10:00:00,120.13,122.5,119.96,122.1,36763.994813
2025-10-02 11:00:00,122.09,122.66,119.61,119.83,28207.570937
2025-10-02 12:00:00,119.83,120.21,119.2,119.82,13333.006753
2025-10-02 13:00:00,119.83,119.87,118.0,118.63,24945.860611
2025-10-02 14:00:00,118.63,119.12,117.24,117.68,21809.66815
2025-10-02 15:00:00,117.68,119.19,117.42,118.79,13102.706357
2025-10-02 16:00:00,118.81,119.72,117.94,119.18,19023.328577
2025-10-02 17:00:00,119.17,119.38,118.53,119.16,5953.366421
2025-10-02 18:00:00,119.17,119.85,119.11,119.21,12154.727225
2025-10-02 19:00:00,119.23,119.86,119.03,119.44,9059.584679
2025-10-02 20:00:00,119.46,120.0,119.29,119.87,4253.536215
2025-10-02 21:00:00,119.89,120.16,119.44,119.89,5906.245625
2025-10-02 22:00:00,119.87,119.96,118.96,119.03,3703.749332
2025-10-02 23:00:00,119.03,119.69,119.0,119.53,6010.899796
2025-10-03 00:00:00,119.53,119.53,117.88,118.2,12606.449766
2025-10-03 01:00:00,118.22,118.45,117.69,117.8,5748.280489
2025-10-03 02:00:00,117.8,118.0,117.22,117.53,11567.72049
2025-10-03 03:00:00,117.54,118.27,117.21,117.39,5581.15332
2025-10-03 04:00:00,117.35,118.52,117.27,117.82,3037.198067
2025-10-03 05:00:00,117.82,117.89,117.08,117.27,4773.256455
2025-10-03 06:00:00,117.28,117.39,116.4,116.76,11238.684273
2025-10-03 07:00:00,116.8,117.0,115.91,116.46,13020.97213
2025-10-03 08:00:00,116.45,116.97,115.8,116.84,7194.149855
2025-10-03 09:00:00,116.86,117.32,116.7,117.18,4378.32314
2025-10-03 10:00:00,117.18,117.59,117.08,117.4,3412.729643
2025-10-03 11:00:00,117.4,117.7,117.07,117.41,3305.963722
2025-10-03 12:00:00,117.4,118.32,117.32,118.08,6169.139853
2025-10-03 13:00:00,118.04,118.47,117.79,118.07,7573.825866
2025-10-03 14:00:00,118.06,119.96,117.44,119.03,18406.769422
2025-10-03 15:00:00,119.02,120.18,118.76,120.04,10873.264439
2025-10-03 16:00:00,120.03,121.06,119.87,120.42,25105.505911
2025-10-03 17:00:00,120.38,123.08,118.51,121.42,79205.585612
2025-10-03 18:00:00,121.44,124.84,120.99,123.32,28797.55348
2025-10-03 19:00:00,123.31,123.86,122.16,122.39,16990.006251
2025-10-03 20:00:00,122.41,122.5,121.39,122.5,11243.039341
2025-10-03 21:00:00,122.51,122.53,121.05,121.48,10061.869267
2025-10-03 22:00:00,121.48,121.66,120.62,120.89,6485.748487
2025-10-03 23:00:00,120.9,120.95,120.24,120.51,10832.812348
2025-10-04 00:00:00,120.52,120.96,120.1,120.4,13087.811714
2025-10-04 01:00:00,120.41,120.46,119.02,119.66,11746.876697
2025-10-04 02:00:00,119.67,120.17,119.04,119.79,7361.054938
2025-10-04 03:00:00,119.78,119.94,119.34,119.48,4436.709349
2025-10-04 04:00:00,119.48,119.48,119.0,119.12,3263.17149
2025-10-04 05:00:00,119.12,119.52,118.88,118.91,3473.92951
2025-10-04 06:00:00,118.93,119.64,118.93,119.11,5021.106736
2025-10-04 07:00:00,119.11,119.22,118.31,118.52,5505.379711
2025-10-04 08:00:00,118.52,118.73,118.16,118.4,2636.143113
2025-10-04 09:00:00,118.38,118.71,118.26,118.33,3503.719164
2025-10-04 10:00:00,118.33,118.93,118.07,118.26,3305.926942
2025-10-04 11:00:00,118.27,118.4,117.68,117.84,4753.571409
2025-10-04 12:00:00,117.81,118.23,117.8,118.03,2987.887721
2025-10-04 13:00:00,118.03,118.75,118.03,118.4,3992.129363
2025-10-04 14:00:00,118.39,118.94,117.9,117.9,3321.790558
2025-10-04 15:00:00,117.89,118.18,117.44,117.81,5576.69793
2025-10-04 16:00:00,117.82,118.72,117.79,118.71,3559.166052
2025-10-04 17:00:00,118.68,118.69,118.07,118.35,3795.372401
2025-10-04 18:00:00,118.36,118.65,118.29,118.53,943.68414
2025-10-04 19:00:00,118.54,119.28,118.54,118.8,2642.882021
2025-10-04 20:00:00,118.8,119.22,118.8,119.04,1545.852152
2025-10-04 21:00:00,119.06,119.6,119.02,119.47,2577.565962
2025-10-04 22:00:00,119.46,120.17,119.45,119.98,3218.036692
2025-10-04 23:00:00,120.0,120.56,119.89,120.48,5623.530347
2025-10-05 00:00:00,120.49,121.91,120.19,120.74,13488.434854
2025-10-05 01:00:00,120.76,122.14,120.53,121.98,9645.208608
2025-10-05 02:00:00,122.0,124.14,121.71,123.87,16206.940938
2025-10-05 03:00:00,123.86,124.13,122.42,122.68,15597.43658
2025-10-05 04:00:00,122.68,122.83,120.87,121.19,49666.026572
2025-10-05 05:00:00,121.19,121.68,120.42,121.57,89297.842852
2025-10-05 06:00:00,121.57,121.8,120.85,121.0,12224.660496
2025-10-05 07:00:00,120.99,122.79,120.98,122.1,30871.266363
2025-10-05 08:00:00,122.11,122.55,121.63,122.06,27879.429094
2025-10-05 09:00:00,122.07,122.07,120.55,120.78,11763.18312
2025-10-05 10:00:00,120.8,121.0,119.89,120.05,14614.823765
2025-10-05 11:00:00,120.03,120.37,119.64,120.09,3562.52635
2025-10-05 12:00:00,120.08,120.08,119.4,119.76,3657.194705
2025-10-05 13:00:00,119.74,120.48,119.72,120.36,3521.190115
2025-10-05 14:00:00,120.35,120.61,119.63,120.0,5792.360648
2025-10-05 15:00:00,120.0,120.06,119.52,119.82,3068.947702
2025-10-05 16:00:00,119.82,120.33,119.2,119.96,3968.931133
2025-10-05 17:00:00,119.94,120.16,119.19,119.28,2079.31442
2025-10-05 18:00:00,119.26,119.47,118.8,119.44,3552.952697
2025-10-05 19:00:00,119.44,119.44,118.35,118.56,5312.978046
2025-10-05 20:00:00,118.57,119.1,118.47,118.88,2780.947212
2025-10-05 21:00:00,118.87,118.98,118.5,118.61,1372.993787
2025-10-05 22:00:00,118.62,118.97,118.54,118.6,2090.204242
2025-10-05 23:00:00,118.6,119.02,118.57,118.86,4751.05806
2025-10-06 00:00:00,118.86,119.99,118.13,118.4,10075.012
2025-10-06 01:00:00,118.41,119.56,118.05,119.22,5414.737109
2025-10-06 02:00:00,119.22,120.49,119.22,120.24,13133.770868
2025-10-06 03:00:00,120.26,121.25,120.12,120.66,10791.593642
2025-10-06 04:00:00,120.66,120.81,119.67,119.71,9293.596123
2025-10-06 05:00:00,119.74,120.94,119.41,120.89,5870.765661
2025-10-06 06:00:00,120.91,121.46,120.15,120.54,9015.942973
2025-10-06 07:00:00,120.58,120.65,119.79,119.92,8469.229997
2025-10-06 08:00:00,119.91,120.48,119.75,120.22,8471.813744
2025-10-06 09:00:00,120.26,120.78,120.2,120.71,6991.2528
2025-10-06 10:00:00,120.7,120.92,120.09,120.14,2770.822226
2025-10-06 11:00:00,120.14,120.39,119.83,119.96,2493.630119
2025-10-06 12:00:00,119.96,120.49,119.73,119.82,4283.511588
2025-10-06 13:00:00,119.81,120.61,119.68,120.49,9042.423407
2025-10-06 14:00:00,120.48,120.8,119.79,120.08,11340.390562
2025-10-06 15:00:00,120.07,121.39,120.01,120.54,22188.542863
2025-10-06 16:00:00,120.54,120.67,118.75,119.6,35314.096937
2025-10-06 17:00:00,119.6,120.24,119.36,119.72,7267.043939
2025-10-06 18:00:00,119.71,120.48,119.27,120.24,7062.037534
2025-10-06 19:00:00,120.23,120.28,119.74,119.9,3206.489185
2025-10-06 20:00:00,119.89,120.2,119.36,119.66,2931.63933
2025-10-06 21:00:00,119.64,119.66,118.61,119.07,6763.208046
2025-10-06 22:00:00,119.05,119.16,118.1,118.48,5846.754753
2025-10-06 23:00:00,118.49,118.83,118.1,118.32,5404.196976
2025-10-07 00:00:00,118.33,118.65,117.68,118.64,6399.814018
2025-10-07 01:00:00,118.65,119.05,117.97,118.12,4946.569808
2025-10-07 02:00:00,118.11,118.53,117.78,117.96,2464.949199
2025-10-07 03:00:00,117.96,118.5,117.94,118.2,4361.64232
2025-10-07 04:00:00,118.19,118.7,117.93,118.52,5078.963744
2025-10-07 05:00:00,118.52,119.25,118.18,118.64,10216.81656
2025-10-07 06:00:00,118.68,118.94,117.35,117.97,15817.076379
2025-10-07 07:00:00,117.98,118.45,117.56,117.79,8376.407274
2025-10-07 08:00:00,117.79,118.25,117.42,118.11,7216.158102
2025-10-07 09:00:00,118.1,118.71,117.88,118.14,2523.065857
2025-10-07 10:00:00,118.13,118.41,117.78,118.0,3257.802036
2025-10-07 11:00:00,117.98,118.42,117.91,118.2,1979.601512
2025-10-07 12:00:00,118.21,118.99,117.96,118.96,3713.802778
2025-10-07 13:00:00,118.98,119.18,117.51,118.24,19542.532328
2025-10-07 14:00:00,118.24,118.32,116.26,116.61,25812.872886
2025-10-07 15:00:00,116.62,116.85,115.14,116.13,21679.047009
2025-10-07 16:00:00,116.13,116.83,115.4,116.34,9878.595797
2025-10-07 17:00:00,116.34,116.55,115.74,115.8,6307.725018
2025-10-07 18:00:00,115.82,116.21,115.45,115.46,3420.831833
2025-10-07 19:00:00,115.47,116.28,115.44,115.97,2312.476729
2025-10-07 20:00:00,115.98,117.03,115.98,116.85,3140.071599
2025-10-07 21:00:00,116.86,117.44,116.69,117.19,7030.271161
2025-10-07 22:00:00,117.2,117.48,116.97,117.42,2280.156146
2025-10-07 23:00:00,117.42,117.47,116.57,116.88,4995.463854
2025-10-08 00:00:00,116.91,117.99,116.9,117.77,6064.250655
2025-10-08 01:00:00,117.76,118.05,117.39,117.77,4037.331223
2025-10-08 02:00:00,117.76,118.31,117.58,117.74,3641.447174
2025-10-08 03:00:00,117.72,117.81,116.52,116.96,5356.293735
2025-10-08 04:00:00,116.96,117.56,116.33,116.83,8791.972829
2025-10-08 05:00:00,116.82,116.83,115.33,115.77,6666.412864
2025-10-08 06:00:00,115.77,116.2,115.41,115.85,4005.866599
2025-10-08 07:00:00,115.88,116.33,115.54,116.32,4383.692671
2025-10-08 08:00:00,116.33,116.62,115.76,116.53,5131.290985
2025-10-08 09:00:00,116.51,117.38,116.28,116.96,4744.225072
2025-10-08 10:00:00,116.95,117.03,116.38,116.7,2946.185484
2025-10-08 11:00:00,116.7,116.82,116.05,116.22,2986.129284
2025-10-08 12:00:00,116.23,116.7,115.8,116.7,3165.494155
2025-10-08 13:00:00,116.7,117.19,115.96,116.98,4781.466845
2025-10-08 14:00:00,116.97,117.66,116.33,116.5,5814.837855
2025-10-08 15:00:00,116.5,116.9,116.3,116.37,4328.390646
2025-10-08 16:00:00,116.37,117.76,116.21,117.68,5804.405228
2025-10-08 17:00:00,117.68,119.59,117.62,119.23,10358.852802
2025-10-08 18:00:00,119.24,119.52,118.41,118.69,22055.567723
2025-10-08 19:00:00,118.69,118.92,118.36,118.67,5653.92215
2025-10-08 20:00:00,118.67,118.78,118.04,118.07,7729.567943
2025-10-08 21:00:00,118.07,118.62,117.75,118.35,3728.875548
2025-10-08 22:00:00,118.34,118.74,118.22,118.43,3090.058982
2025-10-08 23:00:00,118.39,118.85,117.91,118.65,3147.271883
2025-10-09 00:00:00,118.64,119.47,118.32,118.96,5177.05327
2025-10-09 01:00:00,118.96,119.01,118.11,118.79,3725.153588
2025-10-09 02:00:00,118.8,118.85,116.87,117.11,8042.86829
2025-10-09 03:00:00,117.14,119.79,117.13,118.44,15770.520286
2025-10-09 04:00:00,118.43,119.58,118.43,119.33,12652.856061
2025-10-09 05:00:00,119.32,119.69,118.63,118.74,10921.014267
2025-10-09 06:00:00,118.74,118.77,117.66,117.71,11600.154818
2025-10-09 07:00:00,117.7,118.02,117.21,117.32,8205.995729
2025-10-09 08:00:00,117.32,117.33,115.42,115.69,22639.362139
2025-10-09 09:00:00,115.7,116.33,115.64,116.25,15084.944055
2025-10-09 10:00:00,116.27,116.91,116.07,116.62,6001.253326
2025-10-09 11:00:00,116.62,117.0,116.33,116.69,6399.379394
2025-10-09 12:00:00,116.68,118.52,116.63,118.21,20257.082626
2025-10-09 13:00:00,118.2,119.05,117.51,117.86,26712.231842
2025-10-09 14:00:00,117.87,118.57,116.63,118.01,18401.915413
2025-10-09 15:00:00,118.03,119.15,117.8,118.31,23517.298199
2025-10-09 16:00:00,118.31,118.91,115.58,115.8,12209.721653
2025-10-09 17:00:00,115.85,118.04,115.64,118.04,6531.399035
2025-10-09 18:00:00,118.04,118.17,117.19,117.32,5688.827281
2025-10-09 19:00:00,117.33,119.02,117.27,118.99,5188.441482
2025-10-09 20:00:00,119.0,119.46,118.4,119.06,6174.751663
2025-10-09 21:00:00,119.07,119.53,118.66,119.34,5191.878925
2025-10-09 22:00:00,119.38,128.07,119.27,126.61,91761.091932
2025-10-09 23:00:00,126.61,126.93,124.86,125.86,37070.295362
2025-10-10 00:00:00,125.87,129.46,125.66,128.39,59287.05154
2025-10-10 01:00:00,128.41,128.7,127.09,128.35,31636.103575
2025-10-10 02:00:00,128.37,129.16,127.47,128.04,15886.469298
2025-10-10 03:00:00,128.06,132.76,127.57,131.24,92128.043858
2025-10-10 04:00:00,131.22,132.15,129.05,129.67,36764.703685
2025-10-10 05:00:00,129.68,130.12,127.9,130.1,27454.058138
2025-10-10 06:00:00,130.11,131.8,125.84,127.76,146796.812307
2025-10-10 07:00:00,127.75,129.05,127.08,128.32,26830.512623
2025-10-10 08:00:00,128.33,130.29,128.17,129.06,32998.702559
2025-10-10 09:00:00,129.05,130.26,128.55,129.84,16174.098763
2025-10-10 10:00:00,129.84,130.98,128.75,129.79,19376.743015
2025-10-10 11:00:00,129.79,133.12,129.79,132.18,45389.633666
2025-10-10 12:00:00,132.18,133.29,131.37,133.22,42394.391408
2025-10-10 13:00:00,133.25,135.86,132.53,133.86,102539.368777
2025-10-10 14:00:00,133.84,135.37,131.71,131.87,43422.353939
2025-10-10 15:00:00,131.87,132.14,125.93,127.1,139558.211037
2025-10-10 16:00:00,127.09,129.26,125.1,125.37,59814.678896
2025-10-10 17:00:00,125.36,128.53,125.0,127.47,54146.685419
2025-10-10 18:00:00,127.48,127.64,126.28,126.45,11936.545605
2025-10-10 19:00:00,126.44,128.23,125.53,126.78,52721.00657
2025-10-10 20:00:00,126.78,127.64,119.39,121.67,115679.545626
2025-10-10 21:00:00,121.67,123.6,51.73,97.14,694814.368459
2025-10-10 22:00:00,97.18,98.42,84.0,97.86,361756.439601
2025-10-10 23:00:00,97.89,100.92,95.25,96.82,270184.558443
2025-10-11 00:00:00,96.82,98.36,94.37,96.35,173620.6066
2025-10-11 01:00:00,96.36,96.5,94.36,96.05,117283.44061
2025-10-11 02:00:00,96.02,102.5,95.96,101.12,107546.791459
2025-10-11 03:00:00,101.11,101.42,97.82,100.55,97746.925972
2025-10-11 04:00:00,100.49,100.95,99.3,100.52,85129.469081
2025-10-11 05:00:00,100.51,100.77,97.65,98.43,97381.53095
2025-10-11 06:00:00,98.43,100.3,98.14,98.87,48470.359682
2025-10-11 07:00:00,98.87,99.68,98.2,98.44,30574.044683
2025-10-11 08:00:00,98.45,99.86,97.6,99.42,30131.003092
2025-10-11 09:00:00,99.4,100.68,98.22,98.28,41362.799985
2025-10-11 10:00:00,98.26,99.0,98.01,98.47,35503.253657
2025-10-11 11:00:00,98.52,98.65,97.3,98.12,15426.249958
2025-10-11 12:00:00,98.11,98.17,96.46,97.35,16402.772936
2025-10-11 13:00:00,97.37,97.67,95.32,96.46,22932.329977
2025-10-11 14:00:00,96.45,96.46,95.33,96.06,24142.293141
2025-10-11 15:00:00,96.06,97.54,95.92,96.04,24168.154141
2025-10-11 16:00:00,96.04,96.85,95.47,96.13,32048.843288
2025-10-11 17:00:00,96.16,97.52,96.15,97.52,23771.194305
2025-10-11 18:00:00,97.5,97.99,97.18,97.18,26375.904172
2025-10-11 19:00:00,97.19,97.2,93.13,93.75,53877.105611
2025-10-11 20:00:00,93.74,94.02,91.13,91.62,22621.11188
2025-10-11 21:00:00,91.64,93.64,90.06,93.53,28582.884902
2025-10-11 22:00:00,93.55,94.27,93.09,93.94,18880.470473
2025-10-11 23:00:00,93.91,94.27,93.12,93.32,9089.992999
2025-10-12 00:00:00,93.33,93.55,91.62,91.69,17542.429578
2025-10-12 01:00:00,91.71,93.64,91.69,92.36,20149.621812
2025-10-12 02:00:00,92.35,93.64,91.86,92.63,10640.177857
2025-10-12 03:00:00,92.6,94.31,92.5,93.77,11923.113578
2025-10-12 04:00:00,93.77,94.8,93.54,94.46,8087.906147
2025-10-12 05:00:00,94.46,94.69,93.89,94.35,7217.662335
2025-10-12 06:00:00,94.35,96.08,94.32,95.95,28248.994771
2025-10-12 07:00:00,95.94,96.58,95.08,95.26,30596.763945
2025-10-12 08:00:00,95.29,95.88,95.18,95.57,11656.845589
2025-10-12 09:00:00,95.58,95.58,94.0,94.92,16704.973314
2025-10-12 10:00:00,94.93,95.87,94.84,95.5,19673.726868
2025-10-12 11:00:00,95.56,95.96,95.06,95.61,20418.500655
2025-10-12 12:00:00,95.58,96.2,95.45,95.96,11137.95525
2025-10-12 13:00:00,95.97,96.64,94.53,94.93,13402.89138
2025-10-12 14:00:00,94.93,97.96,94.13,96.37,43222.622746
2025-10-12 15:00:00,96.4,98.6,96.2,98.2,120883.43502
2025-10-12 16:00:00,98.21,99.94,97.73,99.08,83515.84162
2025-10-12 17:00:00,99.09,99.78,98.41,99.4,29960.779074
2025-10-12 18:00:00,99.41,99.84,98.57,99.02,18217.650816
2025-10-12 19:00:00,98.99,101.24,98.9,100.83,37376.206262
2025-10-12 20:00:00,100.85,102.14,100.56,100.69,24063.804956
2025-10-12 21:00:00,100.71,101.25,98.62,99.41,48970.426371
2025-10-12 22:00:00,99.44,100.24,98.36,98.82,36543.982069
2025-10-12 23:00:00,98.8,99.03,98.0,98.99,19364.43219
2025-10-13 00:00:00,98.96,99.41,97.86,98.23,26754.845013
2025-10-13 01:00:00,98.22,99.69,97.65,99.41,30513.43043
2025-10-13 02:00:00,99.41,99.68,98.37,98.81,22296.010515
2025-10-13 03:00:00,98.86,100.1,98.7,99.01,22002.22172
2025-10-13 04:00:00,99.02,99.15,97.76,98.51,21480.051297
2025-10-13 05:00:00,98.52,98.59,95.8,96.66,31407.005514
2025-10-13 06:00:00,96.65,97.79,96.13,97.32,29483.922233
2025-10-13 07:00:00,97.34,98.11,96.74,97.39,29669.072349
2025-10-13 08:00:00,97.4,98.65,97.06,98.19,20379.505778
2025-10-13 09:00:00,98.19,98.55,97.38,98.48,15940.951573
2025-10-13 10:00:00,98.48,98.64,97.68,97.94,14436.988327
2025-10-13 11:00:00,97.9,98.03,94.81,96.33,41896.431073
2025-10-13 12:00:00,96.29,97.71,95.63,96.77,23652.030464
2025-10-13 13:00:00,96.74,98.8,96.62,98.24,34612.315858
2025-10-13 14:00:00,98.23,98.44,95.69,96.07,26709.112296
2025-10-13 15:00:00,96.06,98.25,96.05,97.86,25109.763005
2025-10-13 16:00:00,97.87,98.58,97.26,98.28,20020.345425
2025-10-13 17:00:00,98.29,99.79,98.22,99.76,18364.516446
2025-10-13 18:00:00,99.73,100.07,99.11,99.22,14841.049511
2025-10-13 19:00:00,99.22,100.45,98.85,100.24,14079.94331
2025-10-13 20:00:00,100.21,101.25,99.83,101.2,14723.529427
2025-10-13 21:00:00,101.21,101.37,99.74,100.29,11523.439121
2025-10-13 22:00:00,100.25,100.8,99.85,100.13,15719.424229
2025-10-13 23:00:00,100.12,100.28,99.12,99.44,16408.491202
2025-10-14 00:00:00,99.45,100.51,98.91,100.22,13310.177344
2025-10-14 01:00:00,100.2,100.47,98.83,99.0,12758.932318
2025-10-14 02:00:00,99.0,99.67,98.22,99.09,25452.377333
2025-10-14 03:00:00,99.12,99.23,97.79,98.17,24860.066564
2025-10-14 04:00:00,98.2,98.4,96.29,96.78,18305.267646
2025-10-14 05:00:00,96.77,97.66,95.24,95.56,28099.117691
2025-10-14 06:00:00,95.56,96.02,91.8,93.71,64108.594423
2025-10-14 07:00:00,93.71,94.37,92.81,93.68,23140.36681
2025-10-14 08:00:00,93.68,94.6,92.96,94.3,23013.100688
2025-10-14 09:00:00,94.27,95.0,93.66,94.08,14995.388562
2025-10-14 10:00:00,94.05,94.09,91.89,92.93,25459.773578
2025-10-14 11:00:00,92.94,94.21,92.89,93.23,17033.592903
2025-10-14 12:00:00,93.26,93.28,91.72,92.18,31766.659916
2025-10-14 13:00:00,92.17,93.32,91.16,93.01,37346.172741
2025-10-14 14:00:00,93.0,94.67,92.77,93.7,25670.804143
2025-10-14 15:00:00,93.72,95.69,93.28,95.58,28696.287323
2025-10-14 16:00:00,95.59,96.32,94.88,95.33,31004.669283
2025-10-14 17:00:00,95.33,96.84,94.15,96.56,91136.443397
2025-10-14 18:00:00,96.57,97.33,96.37,97.31,34267.350792
2025-10-14 19:00:00,97.31,98.22,96.15,98.13,39835.381991
2025-10-14 20:00:00,98.13,98.36,97.5,98.02,11701.520446
2025-10-14 21:00:00,98.05,98.11,97.21,97.85,8095.979695
2025-10-14 22:00:00,97.86,98.51,97.61,97.69,11496.068871
2025-10-14 23:00:00,97.68,98.06,97.22,97.35,11986.568234
2025-10-15 00:00:00,97.35,97.58,96.61,97.57,22818.613689
2025-10-15 01:00:00,97.56,97.8,96.51,97.0,9022.250047
2025-10-15 02:00:00,97.0,98.37,96.97,97.97,11804.635551
2025-10-15 03:00:00,97.97,98.08,96.82,97.2,22299.129965
2025-10-15 04:00:00,97.21,97.96,96.75,97.69,12288.975723
2025-10-15 05:00:00,97.69,98.36,97.69,98.22,37904.509456
2025-10-15 06:00:00,98.24,98.71,97.28,98.34,20330.079682
2025-10-15 07:00:00,98.33,98.53,97.82,98.17,5506.616273
2025-10-15 08:00:00,98.18,99.94,98.15,98.73,28997.157035
2025-10-15 09:00:00,98.72,98.88,97.46,97.77,15855.146825
2025-10-15 10:00:00,97.77,98.08,97.46,97.73,13035.277259
2025-10-15 11:00:00,97.73,97.92,96.81,97.05,16302.745584
2025-10-15 12:00:00,97.05,97.23,96.47,97.02,15913.959459
2025-10-15 13:00:00,97.02,97.9,95.41,96.65,29193.14702
2025-10-15 14:00:00,96.65,97.42,95.53,95.95,14103.065657
2025-10-15 15:00:00,95.96,96.34,94.31,94.7,24766.09152
2025-10-15 16:00:00,94.71,94.95,94.02,94.12,17671.752064
2025-10-15 17:00:00,94.15,94.62,93.38,94.62,16008.480218
2025-10-15 18:00:00,94.62,95.41,94.32,95.35,5887.001049
2025-10-15 19:00:00,95.34,95.34,94.2,94.47,7857.779828
2025-10-15 20:00:00,94.48,95.08,93.4,94.19,10688.147186
2025-10-15 21:00:00,94.21,94.91,93.59,94.05,8884.561576
2025-10-15 22:00:00,94.07,95.04,94.06,94.47,6270.84617
2025-10-15 23:00:00,94.47,95.55,94.44,95.51,8060.843582
2025-10-16 00:00:00,95.54,95.66,94.92,95.12,4920.525257
2025-10-16 01:00:00,95.1,96.34,95.1,96.05,7373.92123
2025-10-16 02:00:00,96.06,96.37,95.44,95.93,5801.742503
2025-10-16 03:00:00,95.96,95.98,94.58,94.8,6718.703973
2025-10-16 04:00:00,94.83,95.25,94.39,94.46,12454.102143
2025-10-16 05:00:00,94.48,94.8,93.85,94.46,7678.849394
2025-10-16 06:00:00,94.45,95.58,94.36,95.52,5894.893624
2025-10-16 07:00:00,95.53,95.57,94.6,94.84,9260.444536
2025-10-16 08:00:00,94.87,94.96,94.02,94.21,16868.317432
2025-10-16 09:00:00,94.2,95.37,92.05,95.07,52597.247406
2025-10-16 10:00:00,95.06,96.25,94.91,95.42,14550.285459
2025-10-16 11:00:00,95.4,96.04,94.93,96.04,11147.761331
2025-10-16 12:00:00,96.05,96.92,95.7,96.18,21993.014656
2025-10-16 13:00:00,96.17,96.31,95.28,95.56,10954.934065
2025-10-16 14:00:00,95.56,96.11,94.16,94.84,26503.034847
2025-10-16 15:00:00,94.84,95.06,91.46,91.78,37076.046599
2025-10-16 16:00:00,91.78,93.24,90.63,93.18,54637.271287
2025-10-16 17:00:00,93.17,93.17,91.6,91.81,13303.849109
2025-10-16 18:00:00,91.81,92.03,90.88,91.78,15699.013712
2025-10-16 19:00:00,91.81,91.9,89.61,90.52,23292.884848
2025-10-16 20:00:00,90.54,90.99,89.8,90.14,23791.008218
2025-10-16 21:00:00,90.13,91.41,89.93,91.4,29423.655795
2025-10-16 22:00:00,91.42,91.5,90.77,90.81,7905.560797
2025-10-16 23:00:00,90.8,91.85,90.68,91.81,6790.629544
2025-10-17 00:00:00,91.81,92.47,91.53,92.33,6938.240677
2025-10-17 01:00:00,92.33,93.14,91.84,92.21,7720.207016
2025-10-17 02:00:00,92.22,92.49,91.6,92.21,5565.778217
2025-10-17 03:00:00,92.23,92.46,91.82,92.14,3791.180636
2025-10-17 04:00:00,92.14,92.18,91.81,91.91,4297.103662
2025-10-17 05:00:00,91.91,92.05,91.21,91.35,4680.200981
2025-10-17 06:00:00,91.38,91.69,88.17,88.62,81014.486142
2025-10-17 07:00:00,88.61,88.78,84.54,85.23,98359.618974
2025-10-17 08:00:00,85.24,86.08,84.26,84.91,62192.345616
2025-10-17 09:00:00,84.91,87.04,84.8,85.63,21217.748711
2025-10-17 10:00:00,85.62,86.05,84.3,85.8,21584.971185
2025-10-17 11:00:00,85.8,88.13,85.71,87.64,27110.046361
2025-10-17 12:00:00,87.65,88.53,87.54,88.33,34591.807494
2025-10-17 13:00:00,88.33,89.39,87.68,88.99,33745.727993
2025-10-17 14:00:00,89.0,89.28,87.46,88.54,21680.584461
2025-10-17 15:00:00,88.53,90.01,88.5,89.98,22267.214034
2025-10-17 16:00:00,90.0,90.95,89.5,90.44,19309.40305
2025-10-17 17:00:00,90.44,90.57,89.7,90.31,9152.524397
2025-10-17 18:00:00,90.32,90.99,90.32,90.69,9144.35949
2025-10-17 19:00:00,90.69,91.18,90.14,90.59,7782.250461
2025-10-17 20:00:00,90.6,91.48,90.42,91.09,15182.774025
2025-10-17 21:00:00,91.1,91.86,90.92,91.02,22230.843555
2025-10-17 22:00:00,91.02,91.28,90.31,90.59,9506.131526
2025-10-17 23:00:00,90.59,90.6,89.88,90.11,6094.664888
2025-10-18 00:00:00,90.12,90.61,89.98,90.5,10762.540546
2025-10-18 01:00:00,90.5,90.99,90.46,90.94,6142.398517
2025-10-18 02:00:00,90.93,91.5,90.4,90.63,23004.438777
2025-10-18 03:00:00,90.62,91.03,90.45,90.52,3225.402362
2025-10-18 04:00:00,90.52,90.61,89.9,90.19,8844.32895
2025-10-18 05:00:00,90.21,90.82,90.2,90.72,3158.195301
2025-10-18 06:00:00,90.73,91.02,90.5,90.83,4123.956309
2025-10-18 07:00:00,90.84,91.91,90.82,90.95,14479.072435
2025-10-18 08:00:00,90.97,91.24,90.65,90.74,4074.608228
2025-10-18 09:00:00,90.76,91.51,90.74,91.35,14046.953361
2025-10-18 10:00:00,91.32,91.58,90.96,91.34,9621.233926
2025-10-18 11:00:00,91.34,91.67,91.02,91.49,8115.684279
2025-10-18 12:00:00,91.47,91.58,90.83,90.86,8809.824607
2025-10-18 13:00:00,90.87,90.87,90.2,90.29,7309.804373
2025-10-18 14:00:00,90.31,90.87,90.03,90.68,5559.831989
2025-10-18 15:00:00,90.68,91.18,90.55,91.11,2716.41079
2025-10-18 16:00:00,91.11,91.33,90.45,91.06,4232.137371
2025-10-18 17:00:00,91.05,91.85,90.77,91.8,3178.125397
2025-10-18 18:00:00,91.8,91.9,91.53,91.72,1575.844851
2025-10-18 19:00:00,91.75,92.18,91.62,91.96,8473.720287
2025-10-18 20:00:00,91.93,92.2,91.86,91.87,3389.111783
2025-10-18 21:00:00,91.87,92.03,91.64,91.87,4429.72635
2025-10-18 22:00:00,91.87,91.98,91.59,91.61,2242.100022
2025-10-18 23:00:00,91.6,91.72,91.47,91.72,2125.147915
2025-10-19 00:00:00,91.69,91.73,90.76,91.05,8461.766113
2025-10-19 01:00:00,91.04,91.25,90.8,91.08,1944.306605
2025-10-19 02:00:00,91.09,91.84,91.06,91.56,3870.352025
2025-10-19 03:00:00,91.57,92.6,91.44,92.23,10067.390835
2025-10-19 04:00:00,92.24,92.27,91.77,91.9,4682.819613
2025-10-19 05:00:00,91.94,92.44,91.78,92.43,4819.637441
2025-10-19 06:00:00,92.42,92.64,91.78,92.01,9418.915402
2025-10-19 07:00:00,92.01,92.07,91.69,91.86,4239.767528
2025-10-19 08:00:00,91.86,92.67,91.02,91.24,14532.957689
2025-10-19 09:00:00,91.21,92.8,90.72,92.27,16678.802505
2025-10-19 10:00:00,92.3,93.48,92.03,93.21,12925.751892
2025-10-19 11:00:00,93.21,93.79,93.2,93.43,8541.919148
2025-10-19 12:00:00,93.43,93.63,93.05,93.61,5999.098013
2025-10-19 13:00:00,93.62,94.54,92.89,94.28,20699.053166
2025-10-19 14:00:00,94.31,94.63,93.81,94.42,11704.344092
2025-10-19 15:00:00,94.45,94.5,94.0,94.15,4995.159818
2025-10-19 16:00:00,94.14,94.36,93.7,94.03,8765.899537
2025-10-19 17:00:00,94.04,94.78,93.77,93.84,10366.254016
2025-10-19 18:00:00,93.85,94.35,93.83,94.31,6539.728307
2025-10-19 19:00:00,94.3,94.31,93.99,94.15,3629.361077
2025-10-19 20:00:00,94.15,94.3,94.04,94.28,1764.668576
2025-10-19 21:00:00,94.29,94.32,93.6,93.8,4118.927425
2025-10-19 22:00:00,93.83,94.38,93.8,94.06,6098.72142
2025-10-19 23:00:00,94.07,94.08,93.15,93.32,6948.458936
2025-10-20 00:00:00,93.31,93.31,92.27,93.14,22444.278905
2025-10-20 01:00:00,93.16,93.54,92.8,92.98,18427.480405
2025-10-20 02:00:00,92.97,93.54,92.55,93.36,8847.007791
2025-10-20 03:00:00,93.38,94.8,92.96,94.62,13444.442862
2025-10-20 04:00:00,94.64,94.95,94.4,94.7,11573.096232
2025-10-20 05:00:00,94.7,95.34,94.54,95.26,6657.617961
2025-10-20 06:00:00,95.27,95.8,95.15,95.59,6464.178759
2025-10-20 07:00:00,95.59,95.59,94.81,95.08,10195.462511
2025-10-20 08:00:00,95.07,95.4,94.7,94.76,6628.898109
2025-10-20 09:00:00,94.78,94.92,94.4,94.65,4650.401424
2025-10-20 10:00:00,94.66,95.08,94.22,94.64,9054.31059
2025-10-20 11:00:00,94.62,94.64,94.14,94.56,5357.543986
2025-10-20 12:00:00,94.56,94.88,94.33,94.79,3641.51061
2025-10-20 13:00:00,94.82,95.47,94.58,95.32,8452.42853
2025-10-20 14:00:00,95.34,95.62,94.8,95.52,5117.6931
2025-10-20 15:00:00,95.53,95.73,94.85,94.85,6176.308023
2025-10-20 16:00:00,94.84,94.88,93.39,94.51,16717.568181
2025-10-20 17:00:00,94.48,94.88,93.78,94.35,5961.936121
2025-10-20 18:00:00,94.37,94.83,94.16,94.81,6041.173227
2025-10-20 19:00:00,94.82,95.53,94.51,95.28,4555.240419
2025-10-20 20:00:00,95.28,95.4,94.95,95.16,4566.565777
2025-10-20 21:00:00,95.15,95.25,94.58,94.69,6497.610711
2025-10-20 22:00:00,94.71,95.23,94.59,94.94,1130.925739
2025-10-20 23:00:00,94.94,94.94,93.98,94.01,6477.739286
2025-10-21 00:00:00,94.0,94.09,93.2,93.48,11709.327193
2025-10-21 01:00:00,93.48,93.82,92.99,93.42,9344.451674
2025-10-21 02:00:00,93.43,93.49,92.76,92.99,6907.911874
2025-10-21 03:00:00,93.01,93.48,92.79,92.91,6683.028236
2025-10-21 04:00:00,92.91,92.94,91.65,91.89,21197.660346
2025-10-21 05:00:00,91.92,92.52,91.81,92.5,12265.557118
2025-10-21 06:00:00,92.51,93.01,92.18,92.79,4315.424799
2025-10-21 07:00:00,92.79,93.23,92.56,93.04,11150.611915
2025-10-21 08:00:00,93.03,93.04,91.99,92.15,10939.764366
2025-10-21 09:00:00,92.15,92.16,91.75,92.06,4356.566702
2025-10-21 10:00:00,92.06,92.9,91.83,92.73,7345.947125
2025-10-21 11:00:00,92.71,92.98,92.45,92.9,2915.833813
2025-10-21 12:00:00,92.91,93.92,92.72,92.95,6757.957887
2025-10-21 13:00:00,92.98,93.55,92.41,93.05,6462.361702
2025-10-21 14:00:00,93.06,95.56,93.01,95.43,18585.636488
2025-10-21 15:00:00,95.42,96.66,95.03,96.29,51478.701085
2025-10-21 16:00:00,96.29,96.74,95.42,95.66,23908.180026
2025-10-21 17:00:00,95.7,96.95,94.93,96.33,19457.99449
2025-10-21 18:00:00,96.36,96.93,95.85,96.47,9226.367954
2025-10-21 19:00:00,96.45,96.82,96.08,96.08,7169.00233
2025-10-21 20:00:00,96.08,96.15,94.97,95.67,17318.650487
2025-10-21 21:00:00,95.67,95.85,94.31,95.58,11057.15448
2025-10-21 22:00:00,95.57,95.81,94.16,94.48,20900.796724
2025-10-21 23:00:00,94.42,94.84,92.4,92.47,25139.188245
2025-10-22 00:00:00,92.46,92.93,91.93,92.41,26031.083614
2025-10-22 01:00:00,92.41,92.87,92.23,92.79,14152.15705
2025-10-22 02:00:00,92.79,93.25,92.72,93.01,6757.336416
2025-10-22 03:00:00,93.03,93.03,92.47,92.95,4834.64453
2025-10-22 04:00:00,92.93,93.44,92.86,93.12,15721.38287
2025-10-22 05:00:00,93.11,93.11,91.9,92.66,8926.20825
2025-10-22 06:00:00,92.68,92.8,92.44,92.52,8716.8706
2025-10-22 07:00:00,92.51,93.28,92.26,93.17,9648.664345
2025-10-22 08:00:00,93.16,93.16,92.35,92.4,2488.658578
2025-10-22 09:00:00,92.4,92.47,91.75,92.1,7882.167731
2025-10-22 10:00:00,92.1,92.27,91.75,91.82,12607.065104
2025-10-22 11:00:00,91.85,92.89,90.92,92.29,21296.458859
2025-10-22 12:00:00,92.28,92.96,92.09,92.91,7191.428022
2025-10-22 13:00:00,92.91,93.71,92.64,93.52,16426.769897
2025-10-22 14:00:00,93.51,93.55,91.88,93.45,20899.42335
2025-10-22 15:00:00,93.46,93.64,92.09,92.89,14772.118141
2025-10-22 16:00:00,92.9,94.48,92.2,94.38,22731.433245
2025-10-22 17:00:00,94.33,94.54,93.34,93.6,23026.324823
2025-10-22 18:00:00,93.59,94.48,93.32,94.09,9239.835384
2025-10-22 19:00:00,94.1,94.98,93.15,93.84,15646.772534
2025-10-22 20:00:00,93.84,94.01,92.26,92.6,16400.475822
2025-10-22 21:00:00,92.59,92.62,89.94,90.8,51040.408548
2025-10-22 22:00:00,90.78,91.29,90.38,90.91,8605.695794
2025-10-22 23:00:00,90.87,92.32,90.8,91.88,8340.013217
2025-10-23 00:00:00,91.88,92.63,91.81,92.47,6539.042306
2025-10-23 01:00:00,92.47,92.81,92.17,92.37,6992.427618
2025-10-23 02:00:00,92.38,92.47,92.08,92.33,6100.630839
2025-10-23 03:00:00,92.32,92.97,92.32,92.59,7350.102412
2025-10-23 04:00:00,92.6,92.71,92.13,92.23,4268.256319
2025-10-23 05:00:00,92.24,92.8,92.16,92.8,3439.123059
2025-10-23 06:00:00,92.8,94.02,92.7,93.82,16197.161185
2025-10-23 07:00:00,93.84,93.85,93.04,93.32,7641.724188
2025-10-23 08:00:00,93.32,93.85,93.32,93.58,5097.124593
2025-10-23 09:00:00,93.6,93.63,93.22,93.32,2183.432345
2025-10-23 10:00:00,93.32,93.8,93.3,93.66,5236.614107
2025-10-23 11:00:00,93.65,94.0,93.17,93.29,6774.657358
2025-10-23 12:00:00,93.29,93.5,92.56,93.27,6084.766501
2025-10-23 13:00:00,93.26,93.85,92.88,93.55,5887.291859
2025-10-23 14:00:00,93.57,93.9,92.89,93.55,6472.308686
2025-10-23 15:00:00,93.55,94.49,93.33,94.03,7720.097571
2025-10-23 16:00:00,94.04,94.6,93.59,94.46,23418.073719
2025-10-23 17:00:00,94.46,94.76,93.59,94.61,9818.020819
2025-10-23 18:00:00,94.61,94.64,93.79,93.93,9893.246071
2025-10-23 19:00:00,93.95,93.98,93.54,93.88,3298.992894
2025-10-23 20:00:00,93.86,93.93,92.91,93.27,6008.500348
2025-10-23 21:00:00,93.26,93.58,93.17,93.43,2630.182382
2025-10-23 22:00:00,93.46,93.89,93.44,93.76,2571.469018
2025-10-23 23:00:00,93.77,94.06,93.71,94.02,1805.277528
2025-10-24 00:00:00,94.04,94.59,93.94,94.44,5171.972255
2025-10-24 01:00:00,94.45,94.93,94.14,94.9,3912.240782
2025-10-24 02:00:00,94.9,95.3,94.78,95.13,7101.034757
2025-10-24 03:00:00,95.14,95.25,94.48,94.78,3782.790188
2025-10-24 04:00:00,94.76,95.37,94.4,95.25,15691.42255
2025-10-24 05:00:00,95.27,95.77,95.0,95.64,7570.593916
2025-10-24 06:00:00,95.64,96.06,95.54,96.05,8013.554192
2025-10-24 07:00:00,96.05,96.13,95.44,96.08,8564.786736
2025-10-24 08:00:00,96.08,96.67,95.89,96.35,7323.327897
2025-10-24 09:00:00,96.37,96.38,95.63,95.7,4981.150173
2025-10-24 10:00:00,95.71,95.72,95.33,95.38,6138.002734
2025-10-24 11:00:00,95.38,96.19,95.13,96.15,7780.969904
2025-10-24 12:00:00,96.17,97.46,95.95,96.45,27010.501564
2025-10-24 13:00:00,96.45,96.5,95.73,96.24,10276.363017
2025-10-24 14:00:00,96.24,96.27,94.92,95.37,11937.39929
2025-10-24 15:00:00,95.38,95.99,95.02,95.24,38963.850731
2025-10-24 16:00:00,95.24,95.58,94.95,95.58,5939.974913
2025-10-24 17:00:00,95.58,95.95,95.42,95.72,4371.137109
2025-10-24 18:00:00,95.72,96.11,95.68,95.76,4155.533549
2025-10-24 19:00:00,95.76,96.33,95.75,96.19,4315.446197
2025-10-24 20:00:00,96.2,96.91,96.12,96.78,4553.818363
2025-10-24 21:00:00,96.8,97.07,96.68,96.92,5271.881015
2025-10-24 22:00:00,96.95,96.97,96.45,96.62,2463.644141
2025-10-24 23:00:00,96.61,96.62,96.27,96.47,1799.482153
2025-10-25 00:00:00,96.44,96.75,96.14,96.48,4334.682273
2025-10-25 01:00:00,96.48,96.98,96.4,96.56,5852.552686
2025-10-25 02:00:00,96.57,96.64,96.21,96.24,2950.47355
2025-10-25 03:00:00,96.26,96.35,96.07,96.13,2814.805796
2025-10-25 04:00:00,96.13,96.58,96.1,96.28,3590.172818
2025-10-25 05:00:00,96.29,96.29,95.87,96.19,2447.481983
2025-10-25 06:00:00,96.2,96.29,95.97,96.1,1778.032643
2025-10-25 07:00:00,96.11,97.0,96.1,96.55,4414.056435
2025-10-25 08:00:00,96.54,96.58,96.31,96.42,1900.573704
2025-10-25 09:00:00,96.41,96.49,95.85,95.92,3536.478789
2025-10-25 10:00:00,95.94,96.35,95.69,96.17,2718.3996
2025-10-25 11:00:00,96.17,96.43,96.07,96.24,2413.223068
2025-10-25 12:00:00,96.23,96.47,96.14,96.4,1995.449535
2025-10-25 13:00:00,96.39,96.45,95.98,96.28,3014.21697
2025-10-25 14:00:00,96.28,96.47,96.05,96.44,3840.326641
2025-10-25 15:00:00,96.45,96.46,96.03,96.11,4212.268275
2025-10-25 16:00:00,96.11,96.31,96.02,96.22,4720.387895
2025-10-25 17:00:00,96.22,96.52,96.14,96.4,7992.332524
2025-10-25 18:00:00,96.41,96.9,96.23,96.88,2865.63754
2025-10-25 19:00:00,96.88,97.1,96.79,96.95,3119.372945
2025-10-25 20:00:00,96.96,97.04,96.66,96.83,2399.441126
2025-10-25 21:00:00,96.85,96.93,96.5,96.8,1320.638547
2025-10-25 22:00:00,96.81,97.04,96.55,96.9,2570.972859
2025-10-25 23:00:00,96.9,97.03,96.75,96.92,1641.382629
2025-10-26 00:00:00,96.95,97.07,96.78,96.87,3088.23214
2025-10-26 01:00:00,96.87,96.96,96.54,96.66,8500.070702
2025-10-26 02:00:00,96.64,96.73,96.39,96.57,3570.632459
2025-10-26 03:00:00,96.57,96.71,96.39,96.45,5998.069491
2025-10-26 04:00:00,96.47,96.7,96.35,96.68,1341.058011
2025-10-26 05:00:00,96.69,97.0,96.56,96.84,3112.342487
2025-10-26 06:00:00,96.84,97.23,96.72,97.23,6416.599297
2025-10-26 07:00:00,97.24,97.65,97.2,97.45,6576.079471
2025-10-26 08:00:00,97.45,97.87,97.45,97.67,8420.100449
2025-10-26 09:00:00,97.72,98.56,97.53,98.41,9609.016597
2025-10-26 10:00:00,98.44,98.5,97.84,98.01,3669.414364
2025-10-26 11:00:00,98.02,98.79,97.75,98.65,6214.140267
2025-10-26 12:00:00,98.68,99.64,98.53,99.51,19623.001675
2025-10-26 13:00:00,99.51,99.58,99.07,99.21,11072.266666
2025-10-26 14:00:00,99.21,99.24,98.58,98.77,11407.664243
2025-10-26 15:00:00,98.77,99.27,98.63,99.2,4953.14802
2025-10-26 16:00:00,99.21,99.52,98.9,99.12,4139.463329
2025-10-26 17:00:00,99.13,99.39,98.88,99.1,3718.647132
2025-10-26 18:00:00,99.11,99.28,98.96,99.16,9157.450169
2025-10-26 19:00:00,99.18,99.23,98.91,99.23,5582.601016
2025-10-26 20:00:00,99.23,99.25,98.72,98.94,2325.090476
2025-10-26 21:00:00,98.97,99.6,98.83,99.42,5169.889938
2025-10-26 22:00:00,99.45,101.03,99.45,100.36,19084.594845
2025-10-26 23:00:00,100.38,100.64,99.84,100.0,12578.83553
2025-10-27 00:00:00,100.0,100.67,99.89,100.15,8109.210118
2025-10-27 01:00:00,100.16,100.64,100.03,100.56,9141.13404
2025-10-27 02:00:00,100.55,100.94,100.1,100.4,14405.586725
2025-10-27 03:00:00,100.43,100.49,99.9,100.03,7581.220079
2025-10-27 04:00:00,100.06,100.57,99.9,100.52,1835.329193
2025-10-27 05:00:00,100.5,100.9,100.4,100.47,4820.759291
2025-10-27 06:00:00,100.48,101.22,100.15,100.9,5289.22285
2025-10-27 07:00:00,100.9,100.9,99.26,99.78,15168.739021
2025-10-27 08:00:00,99.79,99.93,98.89,99.33,9507.138984
2025-10-27 09:00:00,99.34,99.37,98.61,98.95,21682.686978
2025-10-27 10:00:00,98.97,99.35,98.84,98.97,4973.016874
2025-10-27 11:00:00,98.99,99.31,98.36,99.25,6580.695276
2025-10-27 12:00:00,99.24,99.33,98.6,98.7,6396.608348
2025-10-27 13:00:00,98.7,99.27,98.13,99.19,10416.648725
2025-10-27 14:00:00,99.21,99.29,98.4,99.12,7595.580312
2025-10-27 15:00:00,99.12,102.46,99.12,102.04,56522.036699
2025-10-27 16:00:00,102.05,103.09,101.43,102.75,24545.226994
2025-10-27 17:00:00,102.73,102.98,101.7,101.89,8774.824655
2025-10-27 18:00:00,101.88,103.0,101.77,101.97,24452.117214
2025-10-27 19:00:00,101.98,102.3,101.39,102.01,11486.015868
2025-10-27 20:00:00,102.03,102.04,100.22,100.22,16228.816295
2025-10-27 21:00:00,100.21,100.72,100.18,100.23,9358.915987
2025-10-27 22:00:00,100.24,100.32,99.09,99.26,8208.267486
2025-10-27 23:00:00,99.26,99.53,98.66,99.4,9706.097537
2025-10-28 00:00:00,99.39,99.9,99.14,99.69,7040.570738
2025-10-28 01:00:00,99.7,100.79,99.22,100.27,11595.726762
2025-10-28 02:00:00,100.28,100.42,98.91,99.8,6758.690521
2025-10-28 03:00:00,99.79,100.11,99.11,100.04,8201.500104
2025-10-28 04:00:00,100.04,100.35,99.65,100.01,4691.905337
2025-10-28 05:00:00,100.02,100.28,99.15,99.49,7524.956794
2025-10-28 06:00:00,99.52,105.86,99.52,105.47,63329.033083
2025-10-28 07:00:00,105.47,106.94,102.29,102.46,80589.03907
2025-10-28 08:00:00,102.47,102.8,101.29,102.31,34899.858593
2025-10-28 09:00:00,102.32,102.65,100.86,102.02,32649.777189
2025-10-28 10:00:00,102.02,102.16,101.04,101.58,14368.711683
2025-10-28 11:00:00,101.59,102.38,101.28,102.23,14376.2028
2025-10-28 12:00:00,102.22,102.37,101.43,102.37,10070.156328
2025-10-28 13:00:00,102.35,102.82,101.59,101.72,20166.181494
2025-10-28 14:00:00,101.74,101.88,97.06,98.62,93880.911943
2025-10-28 15:00:00,98.6,99.41,98.51,99.1,34438.273822
2025-10-28 16:00:00,99.09,99.65,98.81,99.37,12804.208596
2025-10-28 17:00:00,99.37,100.06,99.34,99.92,7356.236684
2025-10-28 18:00:00,99.94,99.97,98.91,99.31,15167.997374
2025-10-28 19:00:00,99.33,99.39,97.87,98.31,10185.76316
2025-10-28 20:00:00,98.3,98.3,95.89,96.68,34651.400146
2025-10-28 21:00:00,96.68,97.2,95.31,96.88,14091.900606
2025-10-28 22:00:00,96.9,97.47,96.7,97.19,4016.299168
2025-10-28 23:00:00,97.2,97.29,96.5,96.63,15949.795016
2025-10-29 00:00:00,96.64,97.0,96.34,96.58,7607.011854
2025-10-29 01:00:00,96.57,97.13,96.44,96.78,5940.080672
2025-10-29 02:00:00,96.78,97.14,96.46,96.76,5893.746158
2025-10-29 03:00:00,96.76,96.76,96.22,96.43,5927.256433
2025-10-29 04:00:00,96.43,96.92,96.32,96.76,6957.82896
2025-10-29 05:00:00,96.76,97.33,96.7,97.21,6358.002279
2025-10-29 06:00:00,97.21,97.51,96.93,97.47,5369.829334
2025-10-29 07:00:00,97.47,98.79,97.42,98.7,13507.948807
2025-10-29 08:00:00,98.71,98.72,97.59,97.72,12281.330884
2025-10-29 09:00:00,97.71,97.73,97.06,97.56,21247.36587
2025-10-29 10:00:00,97.57,98.64,97.57,98.12,26107.443858
2025-10-29 11:00:00,98.11,98.63,98.06,98.4,18117.844696
2025-10-29 12:00:00,98.4,99.41,98.26,99.27,37816.220542
2025-10-29 13:00:00,99.27,100.71,99.27,99.97,39159.292939
2025-10-29 14:00:00,99.98,100.07,98.52,98.96,28255.192139
2025-10-29 15:00:00,98.96,99.03,97.72,98.19,22700.697072
2025-10-29 16:00:00,98.2,99.06,97.62,98.96,14436.917546
2025-10-29 17:00:00,98.94,99.54,98.4,99.37,8836.235244
2025-10-29 18:00:00,99.39,99.66,95.61,98.66,73223.121133
2025-10-29 19:00:00,98.65,99.75,98.25,98.74,20436.810057
2025-10-29 20:00:00,98.73,99.49,98.28,99.21,19300.837489
2025-10-29 21:00:00,99.21,99.8,98.93,99.59,6869.970215
2025-10-29 22:00:00,99.59,99.86,99.35,99.5,8308.33845
2025-10-29 23:00:00,99.5,99.66,98.35,98.52,18660.20201
2025-10-30 00:00:00,98.52,99.27,97.79,99.27,12951.827219
2025-10-30 01:00:00,99.26,99.32,98.61,98.94,13090.429935
2025-10-30 02:00:00,98.95,99.74,98.81,99.68,7766.133145
2025-10-30 03:00:00,99.7,99.7,98.59,98.94,6777.457602
2025-10-30 04:00:00,98.93,98.97,95.65,96.38,43467.358346
2025-10-30 05:00:00,96.37,98.25,96.24,98.11,13710.499375
2025-10-30 06:00:00,98.11,98.76,97.62,98.24,6815.011806
2025-10-30 07:00:00,98.24,98.99,98.12,98.73,8718.384816
2025-10-30 08:00:00,98.73,98.8,97.92,97.96,6860.673553
2025-10-30 09:00:00,97.96,98.06,97.26,97.34,8983.213038
2025-10-30 10:00:00,97.32,97.45,96.54,96.8,6205.652106
2025-10-30 11:00:00,96.79,97.14,96.53,96.7,5551.088278
2025-10-30 12:00:00,96.7,97.08,94.83,95.58,38821.592814
2025-10-30 13:00:00,95.58,95.81,93.19,93.25,36987.378156
2025-10-30 14:00:00,93.26,93.91,92.64,93.29,28693.498966
2025-10-30 15:00:00,93.29,93.45,91.68,92.14,18611.521393
2025-10-30 16:00:00,92.15,92.84,91.77,92.52,16749.871305
2025-10-30 17:00:00,92.52,92.55,91.06,92.12,17095.885828
2025-10-30 18:00:00,92.11,92.33,91.2,91.46,9766.950319
2025-10-30 19:00:00,91.49,91.71,90.4,90.66,20843.885327
2025-10-30 20:00:00,90.66,92.06,90.44,92.0,23277.214743
2025-10-30 21:00:00,92.0,92.63,91.76,92.33,10625.057376
2025-10-30 22:00:00,92.34,92.92,92.21,92.78,8638.445411
2025-10-30 23:00:00,92.79,93.47,92.56,93.39,8492.17147
2025-10-31 00:00:00,93.39,94.08,92.96,93.88,11093.273447
2025-10-31 01:00:00,93.88,94.54,93.65,93.82,13166.444558
2025-10-31 02:00:00,93.81,93.82,93.13,93.58,6779.839155
2025-10-31 03:00:00,93.59,94.04,93.29,93.87,8632.635347
2025-10-31 04:00:00,93.87,94.8,93.87,94.51,7572.823467
2025-10-31 05:00:00,94.49,94.49,94.07,94.11,3444.07097
2025-10-31 06:00:00,94.14,94.31,93.84,94.03,7025.168434
2025-10-31 07:00:00,94.03,94.4,93.69,94.25,4461.539626
2025-10-31 08:00:00,94.26,94.65,94.08,94.65,4431.76113
2025-10-31 09:00:00,94.62,94.8,94.19,94.34,4981.554929
2025-10-31 10:00:00,94.35,94.52,94.17,94.2,2167.558972
2025-10-31 11:00:00,94.22,95.06,93.95,95.02,12177.651641
2025-10-31 12:00:00,95.01,95.4,94.64,94.7,8638.367696
2025-10-31 13:00:00,94.71,95.6,94.64,95.0,6365.122202
2025-10-31 14:00:00,95.02,95.95,94.86,95.86,11934.871748
2025-10-31 15:00:00,95.84,96.11,95.47,95.64,9276.637075
2025-10-31 16:00:00,95.63,95.74,94.45,94.61,7805.116673
2025-10-31 17:00:00,94.59,94.98,93.98,94.68,8956.080311
2025-10-31 18:00:00,94.7,95.19,94.29,94.94,5402.43677
2025-10-31 19:00:00,94.93,96.26,94.7,96.14,13129.533142
2025-10-31 20:00:00,96.13,96.3,95.5,95.59,8941.160724
2025-10-31 21:00:00,95.6,96.12,95.37,95.67,6480.247065
2025-10-31 22:00:00,95.68,95.78,95.29,95.5,2733.447254
2025-10-31 23:00:00,95.49,95.85,95.37,95.38,3597.655637
2025-11-01 00:00:00,95.38,95.57,95.03,95.53,3580.040823
2025-11-01 01:00:00,95.52,95.92,95.31,95.53,11550.108751
2025-11-01 02:00:00,95.52,95.89,95.27,95.8,2004.895021
2025-11-01 03:00:00,95.81,96.24,95.78,96.13,6947.594722
2025-11-01 04:00:00,96.13,96.44,96.04,96.21,2788.628282
2025-11-01 05:00:00,96.17,96.25,95.67,95.72,5085.543464
2025-11-01 06:00:00,95.75,98.23,95.63,97.72,15194.879858
2025-11-01 07:00:00,97.72,99.4,97.05,99.1,30753.512968
2025-11-01 08:00:00,99.09,99.32,97.87,98.25,19969.174897
2025-11-01 09:00:00,98.27,99.19,97.83,97.91,31840.387198
2025-11-01 10:00:00,97.94,98.76,97.94,98.72,30083.3942
2025-11-01 11:00:00,98.73,98.94,98.4,98.68,17359.779557
2025-11-01 12:00:00,98.68,99.16,98.6,98.93,14178.572806
2025-11-01 13:00:00,98.95,99.6,98.44,99.21,11965.048468
2025-11-01 14:00:00,99.22,99.48,98.62,98.81,10396.628557
2025-11-01 15:00:00,98.82,99.76,98.51,98.66,14318.482673
2025-11-01 16:00:00,98.69,99.34,98.48,99.24,6940.811639
2025-11-01 17:00:00,99.24,99.76,98.87,99.22,12207.320606
2025-11-01 18:00:00,99.22,99.57,99.11,99.45,4424.506432
2025-11-01 19:00:00,99.44,99.8,99.27,99.74,6284.897601
2025-11-01 20:00:00,99.75,100.54,99.58,100.08,8359.72162
2025-11-01 21:00:00,100.07,100.59,99.83,99.84,11776.290907
2025-11-01 22:00:00,99.85,100.46,99.73,100.21,12283.820287
2025-11-01 23:00:00,100.25,101.89,100.14,101.38,19351.323857
2025-11-02 00:00:00,101.35,101.5,100.41,100.82,15112.485871
2025-11-02 01:00:00,100.82,101.0,99.83,99.99,17205.219544
2025-11-02 02:00:00,99.98,100.55,99.82,99.95,11124.416397
2025-11-02 03:00:00,99.94,100.35,99.43,99.53,9999.320302
2025-11-02 04:00:00,99.53,100.28,99.43,100.16,8021.893443
2025-11-02 05:00:00,100.16,100.47,99.69,100.47,10822.185266
2025-11-02 06:00:00,100.44,100.44,99.81,100.05,3902.146744
2025-11-02 07:00:00,100.06,100.85,99.83,100.71,5303.211073
2025-11-02 08:00:00,100.72,101.1,100.21,100.25,10410.284017
2025-11-02 09:00:00,100.27,101.08,100.2,100.54,16804.773189
2025-11-02 10:00:00,100.56,101.24,99.85,100.11,29997.412313
2025-11-02 11:00:00,100.14,101.18,100.04,100.87,8222.473389
2025-11-02 12:00:00,100.91,100.91,100.13,100.36,3129.973763
2025-11-02 13:00:00,100.35,100.54,98.82,99.31,12353.591338
2025-11-02 14:00:00,99.27,99.33,98.25,98.75,9780.024224
2025-11-02 15:00:00,98.76,99.07,98.26,98.38,8456.235518
2025-11-02 16:00:00,98.39,98.62,97.49,98.5,13036.241677
2025-11-02 17:00:00,98.5,98.52,98.0,98.14,3942.709464
2025-11-02 18:00:00,98.16,98.4,97.98,98.26,4305.832291
2025-11-02 19:00:00,98.3,98.39,97.79,98.29,1664.34341
2025-11-02 20:00:00,98.29,98.43,98.07,98.38,1203.874421
2025-11-02 21:00:00,98.39,98.84,98.27,98.61,1893.44349
2025-11-02 22:00:00,98.61,98.68,98.05,98.24,2929.36459
2025-11-02 23:00:00,98.24,99.62,98.24,99.41,8175.706905
2025-11-03 00:00:00,99.43,99.75,98.22,98.24,8811.907003
2025-11-03 01:00:00,98.22,98.69,97.63,97.86,6164.493525
2025-11-03 02:00:00,97.86,98.0,96.5,97.09,13786.258484
2025-11-03 03:00:00,97.12,97.35,93.9,94.12,45384.784321
2025-11-03 04:00:00,94.14,94.8,93.22,94.69,20967.712664
2025-11-03 05:00:00,94.68,95.08,93.64,93.69,10782.871731
2025-11-03 06:00:00,93.68,94.0,92.39,93.48,13594.975491
2025-11-03 07:00:00,93.45,93.9,92.9,93.22,7683.018747
2025-11-03 08:00:00,93.2,93.5,92.68,93.26,11480.594614
2025-11-03 09:00:00,93.25,93.9,92.31,92.42,10268.798683
2025-11-03 10:00:00,92.43,92.83,91.46,91.68,16546.038916
2025-11-03 11:00:00,91.68,92.61,91.65,91.73,16026.030732
2025-11-03 12:00:00,91.73,92.46,91.38,91.49,20150.180321
2025-11-03 13:00:00,91.48,92.45,91.39,92.01,11072.54368
2025-11-03 14:00:00,92.02,92.79,91.62,92.23,30230.820874
2025-11-03 15:00:00,92.24,92.37,85.32,87.69,177838.984963
2025-11-03 16:00:00,87.7,89.29,87.47,88.2,32035.651368
2025-11-03 17:00:00,88.21,90.04,88.0,89.99,19056.727263
2025-11-03 18:00:00,90.0,90.08,88.72,88.76,13379.817311
2025-11-03 19:00:00,88.77,88.85,87.34,87.37,14650.898101
2025-11-03 20:00:00,87.41,87.61,86.61,86.93,16477.006414
2025-11-03 21:00:00,86.94,87.74,86.2,87.37,12513.439604
2025-11-03 22:00:00,87.38,87.38,86.29,86.9,12680.908545
2025-11-03 23:00:00,86.89,87.59,86.4,87.44,8146.917544
2025-11-04 00:00:00,87.42,88.73,86.93,88.34,10459.576739
2025-11-04 01:00:00,88.36,89.32,88.15,89.29,9454.002196
2025-11-04 02:00:00,89.28,89.89,88.97,89.1,12151.682059
2025-11-04 03:00:00,89.09,89.64,88.73,89.48,15718.30151
2025-11-04 04:00:00,89.48,91.2,88.8,89.09,30022.068287
2025-11-04 05:00:00,89.11,89.11,85.2,85.34,41188.319477
2025-11-04 06:00:00,85.33,88.25,85.31,86.76,27882.083045
2025-11-04 07:00:00,86.76,86.97,85.55,86.17,25078.504844
2025-11-04 08:00:00,86.17,87.56,85.6,86.95,24308.310997
2025-11-04 09:00:00,86.96,87.28,86.52,86.94,11620.521048
2025-11-04 10:00:00,86.95,87.84,86.89,87.18,9572.062609
2025-11-04 11:00:00,87.19,87.7,86.82,87.09,15333.684667
2025-11-04 12:00:00,87.09,87.14,86.21,86.64,11195.238167
2025-11-04 13:00:00,86.63,86.93,85.94,86.72,18539.125259
2025-11-04 14:00:00,86.72,89.0,86.27,88.57,28186.604737
2025-11-04 15:00:00,88.57,89.02,87.36,87.5,17945.257565
2025-11-04 16:00:00,87.52,88.33,85.88,86.23,17097.724441
2025-11-04 17:00:00,86.25,86.58,83.92,85.61,40952.680231
2025-11-04 18:00:00,85.6,85.61,82.4,84.39,39230.72503
2025-11-04 19:00:00,84.38,85.31,83.37,83.51,15989.527665
2025-11-04 20:00:00,83.52,84.0,80.0,83.13,70356.144502
2025-11-04 21:00:00,83.16,83.52,79.66,83.05,63815.087771
2025-11-04 22:00:00,83.06,85.73,82.72,85.46,35827.106074
2025-11-04 23:00:00,85.47,86.0,85.17,85.21,18305.221796
2025-11-05 00:00:00,85.21,85.39,83.63,84.41,19842.448765
2025-11-05 01:00:00,84.44,84.77,82.0,84.53,32624.958995
2025-11-05 02:00:00,84.55,87.05,84.55,87.0,27880.654766
2025-11-05 03:00:00,87.0,87.26,86.55,86.99,11941.775727
2025-11-05 04:00:00,86.99,87.49,86.6,87.22,10297.174109
2025-11-05 05:00:00,87.21,87.72,86.83,86.94,7868.996293
2025-11-05 06:00:00,86.96,87.36,86.41,87.29,9675.991614
2025-11-05 07:00:00,87.3,87.3,86.63,87.01,8049.362936
2025-11-05 08:00:00,87.03,87.07,85.78,86.28,11835.555178
2025-11-05 09:00:00,86.28,86.9,86.19,86.67,7041.89048
2025-11-05 10:00:00,86.68,86.69,85.36,85.44,7201.538608
2025-11-05 11:00:00,85.45,86.67,85.44,86.57,5489.742702
2025-11-05 12:00:00,86.57,86.99,86.05,86.78,11091.881848
2025-11-05 13:00:00,86.77,87.55,86.3,87.32,9279.67544
2025-11-05 14:00:00,87.31,87.53,86.28,86.97,21481.404289
2025-11-05 15:00:00,86.98,87.82,86.53,87.79,18033.155647
2025-11-05 16:00:00,87.79,88.57,87.01,88.5,15827.838687
2025-11-05 17:00:00,88.5,88.54,87.86,88.18,8788.402766
2025-11-05 18:00:00,88.16,89.14,87.91,88.89,8579.995437
2025-11-05 19:00:00,88.88,89.31,88.57,89.01,10511.478986
2025-11-05 20:00:00,89.02,89.46,88.74,88.9,7760.960363
2025-11-05 21:00:00,88.91,88.98,88.43,88.76,5005.924821
2025-11-05 22:00:00,88.77,89.56,88.52,89.5,4676.935019
2025-11-05 23:00:00,89.52,89.95,89.34,89.38,4914.468684
2025-11-06 00:00:00,89.38,89.38,88.25,88.62,8921.932672
2025-11-06 01:00:00,88.61,88.61,87.56,88.43,14448.089079
2025-11-06 02:00:00,88.41,89.18,87.73,88.55,9309.283004
2025-11-06 03:00:00,88.56,88.86,88.38,88.49,5415.422061
2025-11-06 04:00:00,88.5,88.74,88.28,88.51,3627.830265
2025-11-06 05:00:00,88.53,88.53,87.12,87.25,9292.480546
2025-11-06 06:00:00,87.26,87.73,86.94,86.96,5644.813092
2025-11-06 07:00:00,86.96,87.29,86.57,86.77,7032.993572
2025-11-06 08:00:00,86.77,87.11,86.54,86.85,5337.079963
2025-11-06 09:00:00,86.86,87.48,86.64,87.2,7822.880648
2025-11-06 10:00:00,87.2,87.7,86.89,87.34,7506.776257
2025-11-06 11:00:00,87.35,87.51,86.7,87.4,6218.448978
2025-11-06 12:00:00,87.4,87.66,86.56,86.6,7683.768187
2025-11-06 13:00:00,86.6,88.56,86.57,88.38,17954.06169
2025-11-06 14:00:00,88.39,88.43,86.84,87.0,15897.553949
2025-11-06 15:00:00,87.0,88.05,86.27,86.63,21647.393149
2025-11-06 16:00:00,86.64,87.23,85.2,86.28,18391.630154
2025-11-06 17:00:00,86.3,87.64,86.11,87.56,15316.150508
2025-11-06 18:00:00,87.56,88.14,86.48,87.76,10121.474581
2025-11-06 19:00:00,87.74,87.89,87.02,87.47,7855.133222
2025-11-06 20:00:00,87.47,87.91,86.63,86.83,8097.903121
2025-11-06 21:00:00,86.82,87.51,86.56,87.26,8350.139529
2025-11-06 22:00:00,87.29,87.56,86.64,87.46,4695.819575
2025-11-06 23:00:00,87.45,87.45,86.31,86.99,5422.828246
2025-11-07 00:00:00,87.01,88.06,86.91,87.83,9130.738485
2025-11-07 01:00:00,87.84,88.66,87.26,88.23,13888.094699
2025-11-07 02:00:00,88.25,88.86,87.74,88.69,11833.132207
2025-11-07 03:00:00,88.72,89.21,88.59,89.02,7564.337649
2025-11-07 04:00:00,89.02,89.09,88.37,88.96,6402.626257
2025-11-07 05:00:00,88.97,90.25,88.92,90.21,9303.492191
2025-11-07 06:00:00,90.23,90.25,89.44,89.51,8797.180958
2025-11-07 07:00:00,89.51,90.85,89.51,90.75,10448.514576
2025-11-07 08:00:00,90.75,90.85,89.78,90.25,7898.753473
2025-11-07 09:00:00,90.3,90.34,88.55,89.09,18320.124254
2025-11-07 10:00:00,89.1,89.56,87.94,88.34,15936.775502
2025-11-07 11:00:00,88.34,88.34,86.93,87.94,15611.143039
2025-11-07 12:00:00,87.95,88.13,85.98,86.64,15955.764101
2025-11-07 13:00:00,86.64,87.99,86.44,87.82,15559.182062
2025-11-07 14:00:00,87.8,89.93,86.73,89.62,28346.53302
2025-11-07 15:00:00,89.63,94.44,89.0,93.12,69809.289981
2025-11-07 16:00:00,93.12,104.16,92.44,103.31,223479.863574
2025-11-07 17:00:00,103.27,104.73,101.49,103.92,93644.711786
2025-11-07 18:00:00,103.93,104.83,100.64,101.11,63475.217464
2025-11-07 19:00:00,101.11,102.27,100.43,100.67,26132.582005
2025-11-07 20:00:00,100.67,101.4,99.68,101.09,24344.652359
2025-11-07 21:00:00,101.11,102.27,100.86,102.13,13443.100228
2025-11-07 22:00:00,102.14,103.67,101.83,103.32,15469.723977
2025-11-07 23:00:00,103.31,103.57,101.67,101.87,13040.018631
2025-11-08 00:00:00,101.88,102.88,100.23,100.25,24836.47003
2025-11-08 01:00:00,100.27,102.8,99.98,102.65,29844.110305
2025-11-08 02:00:00,102.65,102.77,101.06,101.27,31093.620221
2025-11-08 03:00:00,101.28,102.4,100.82,100.89,23755.263973
2025-11-08 04:00:00,100.89,102.58,100.89,101.78,18804.760564
2025-11-08 05:00:00,101.76,102.17,99.88,100.18,25460.726657
2025-11-08 06:00:00,100.2,100.38,98.44,99.56,24144.717361
2025-11-08 07:00:00,99.57,100.29,99.45,99.9,7166.290027
2025-11-08 08:00:00,99.93,100.8,99.42,100.26,10926.843382
2025-11-08 09:00:00,100.24,100.25,98.82,99.29,13573.83665
2025-11-08 10:00:00,99.3,100.2,98.12,99.65,29490.192195
2025-11-08 11:00:00,99.63,100.13,99.01,99.77,15047.446578
2025-11-08 12:00:00,99.75,100.91,99.68,100.55,13475.748196
2025-11-08 13:00:00,100.56,100.85,99.43,99.67,15278.270133
2025-11-08 14:00:00,99.67,100.06,98.3,99.77,18581.133307
2025-11-08 15:00:00,99.78,100.25,98.47,98.72,12510.702943
2025-11-08 16:00:00,98.67,99.5,98.05,99.43,19988.41709
2025-11-08 17:00:00,99.35,99.89,98.6,99.85,14045.40298
2025-11-08 18:00:00,99.85,101.28,99.81,100.87,24136.328247
2025-11-08 19:00:00,100.88,101.0,99.72,100.66,6771.091537
2025-11-08 20:00:00,100.69,101.25,100.57,100.81,9286.090852
2025-11-08 21:00:00,100.81,101.33,100.58,101.17,6254.522621
2025-11-08 22:00:00,101.18,101.85,101.12,101.47,9981.693541
2025-11-08 23:00:00,101.47,107.6,101.26,106.93,56123.151518
2025-11-09 00:00:00,106.92,109.86,104.13,104.65,147486.950742
2025-11-09 01:00:00,104.62,106.52,104.17,105.12,49497.750123
2025-11-09 02:00:00,105.09,105.09,101.0,101.52,47501.423846
2025-11-09 03:00:00,101.52,101.96,99.54,100.04,31886.538927
2025-11-09 04:00:00,100.07,101.26,99.8,100.38,19478.820859
2025-11-09 05:00:00,100.36,100.7,99.42,100.52,20097.26139
2025-11-09 06:00:00,100.5,102.0,100.03,101.13,18122.278705
2025-11-09 07:00:00,101.11,101.65,100.8,101.52,8778.687559
2025-11-09 08:00:00,101.54,101.58,100.51,101.16,5984.166763
2025-11-09 09:00:00,101.18,101.49,99.89,99.89,14763.404032
2025-11-09 10:00:00,99.89,105.89,98.79,105.42,89287.836915
2025-11-09 11:00:00,105.43,106.51,101.7,102.01,82534.903552
2025-11-09 12:00:00,102.02,103.4,100.91,102.65,42420.642301
2025-11-09 13:00:00,102.66,105.04,101.92,104.85,29990.927854
2025-11-09 14:00:00,104.83,109.85,104.29,106.34,92564.889381
2025-11-09 15:00:00,106.4,109.83,106.04,106.84,57811.859973
2025-11-09 16:00:00,106.78,106.97,104.78,105.73,27530.933582
2025-11-09 17:00:00,105.73,105.97,104.63,105.17,13768.728179
2025-11-09 18:00:00,105.18,108.88,104.51,108.6,26600.434538
2025-11-09 19:00:00,108.58,109.68,107.73,109.53,23451.005157
2025-11-09 20:00:00,109.48,113.43,108.9,111.41,48164.534734
2025-11-09 21:00:00,111.41,111.99,110.11,110.93,24011.046005
2025-11-09 22:00:00,110.94,113.68,110.32,111.45,26642.58576
2025-11-09 23:00:00,111.46,112.48,108.94,110.28,29546.696276
2025-11-10 00:00:00,110.27,112.23,109.23,110.19,30752.888482
2025-11-10 01:00:00,110.16,111.32,108.88,109.94,41198.268228
2025-11-10 02:00:00,109.92,110.66,108.78,109.42,21165.142355
2025-11-10 03:00:00,109.45,109.8,107.55,108.35,31797.205666
2025-11-10 04:00:00,108.33,108.81,107.3,108.48,23274.301854
2025-11-10 05:00:00,108.48,109.18,107.88,109.06,17879.763243
2025-11-10 06:00:00,109.06,109.09,107.7,108.27,14726.03149
2025-11-10 07:00:00,108.28,108.52,107.13,107.27,14116.171709
2025-11-10 08:00:00,107.28,108.01,106.78,107.16,14777.19987
2025-11-10 09:00:00,107.16,108.62,107.01,108.45,14236.577399
2025-11-10 10:00:00,108.47,108.63,106.8,107.13,11991.741548
2025-11-10 11:00:00,107.16,108.0,107.03,107.17,12547.627516
2025-11-10 12:00:00,107.17,107.27,106.16,106.58,19332.253114
2025-11-10 13:00:00,106.58,107.73,106.57,107.45,11274.235246
2025-11-10 14:00:00,107.46,107.54,105.26,106.36,26217.66672
2025-11-10 15:00:00,106.37,109.74,106.28,107.46,42775.061672
2025-11-10 16:00:00,107.41,109.05,106.51,106.83,27715.503891
2025-11-10 17:00:00,106.8,109.11,106.43,108.0,11549.458631
2025-11-10 18:00:00,108.0,108.39,107.11,107.49,11164.59524
2025-11-10 19:00:00,107.55,108.02,107.01,107.59,17314.544234
2025-11-10 20:00:00,107.6,108.23,106.82,107.05,14288.846157
2025-11-10 21:00:00,107.05,107.06,103.53,104.64,30625.521715
2025-11-10 22:00:00,104.64,105.55,103.76,105.16,15231.23125
2025-11-10 23:00:00,105.14,105.6,104.1,104.24,14660.84753
2025-11-11 00:00:00,104.24,104.72,102.8,104.29,33384.045293
2025-11-11 01:00:00,104.27,106.98,104.19,104.55,28551.693525
2025-11-11 02:00:00,104.58,105.86,104.1,105.08,21936.279176
2025-11-11 03:00:00,105.06,105.95,105.0,105.22,12267.54543
2025-11-11 04:00:00,105.21,105.48,103.94,104.29,17152.463513
2025-11-11 05:00:00,104.3,104.42,103.13,103.31,19618.035095
2025-11-11 06:00:00,103.31,103.82,102.91,103.68,12413.660733
2025-11-11 07:00:00,103.67,103.84,102.06,102.13,28738.900535
2025-11-11 08:00:00,102.12,102.62,101.89,102.48,16081.565264
2025-11-11 09:00:00,102.5,103.3,102.33,102.33,10385.161431
2025-11-11 10:00:00,102.32,103.13,102.14,102.28,5645.910388
2025-11-11 11:00:00,102.27,102.87,102.23,102.67,5669.565053
2025-11-11 12:00:00,102.68,103.04,101.88,102.22,7895.194298
2025-11-11 13:00:00,102.23,102.38,101.24,101.66,9169.625628
2025-11-11 14:00:00,101.68,102.91,100.75,102.76,29850.153247
2025-11-11 15:00:00,102.76,102.89,99.7,101.02,57670.153437
2025-11-11 16:00:00,101.02,101.79,100.89,101.0,13883.437565
2025-11-11 17:00:00,101.02,101.34,100.02,100.58,8591.337093
2025-11-11 18:00:00,100.58,101.01,99.76,100.18,13124.225857
2025-11-11 19:00:00,100.18,100.64,99.44,100.21,10558.356052
2025-11-11 20:00:00,100.21,100.31,99.11,99.45,15052.881816
2025-11-11 21:00:00,99.46,100.09,99.12,99.46,11892.815014
2025-11-11 22:00:00,99.47,100.77,99.02,100.62,10417.137419
2025-11-11 23:00:00,100.62,100.67,99.41,99.66,15068.58502
2025-11-12 00:00:00,99.67,100.21,99.24,99.35,11501.549579
2025-11-12 01:00:00,99.35,100.27,99.22,99.42,39371.091853
2025-11-12 02:00:00,99.42,100.1,98.79,99.22,43195.308597
2025-11-12 03:00:00,99.22,99.94,99.06,99.45,8831.682359
2025-11-12 04:00:00,99.46,99.65,99.22,99.51,4289.385112
2025-11-12 05:00:00,99.54,99.87,99.32,99.73,2967.160874
2025-11-12 06:00:00,99.74,99.98,99.32,99.47,4104.84273
2025-11-12 07:00:00,99.46,100.2,99.32,99.61,4634.836527
2025-11-12 08:00:00,99.61,103.02,99.61,101.32,32922.968172
2025-11-12 09:00:00,101.3,102.76,100.69,101.84,26074.431841
2025-11-12 10:00:00,101.84,102.71,101.72,102.28,11417.741318
2025-11-12 11:00:00,102.25,102.88,101.69,102.05,13868.854251
2025-11-12 12:00:00,102.04,103.17,101.71,102.76,12560.468705
2025-11-12 13:00:00,102.74,104.28,102.42,103.87,16022.592206
2025-11-12 14:00:00,103.87,103.92,100.34,101.48,36923.935541
2025-11-12 15:00:00,101.47,102.14,99.64,100.04,32629.694578
2025-11-12 16:00:00,100.03,100.3,95.15,95.32,68663.750757
2025-11-12 17:00:00,95.32,97.04,95.2,96.16,23573.470212
2025-11-12 18:00:00,96.18,97.16,96.14,96.45,11821.005383
2025-11-12 19:00:00,96.45,97.97,94.91,97.16,21728.780966
2025-11-12 20:00:00,97.16,98.62,96.88,98.4,17425.216543
2025-11-12 21:00:00,98.42,98.87,97.54,98.28,13555.817707
2025-11-12 22:00:00,98.29,98.31,97.31,98.16,8827.530841
2025-11-12 23:00:00,98.14,98.14,97.39,97.61,3118.118479
2025-11-13 00:00:00,97.61,98.58,97.5,98.06,6920.76477
2025-11-13 01:00:00,98.04,99.41,98.02,98.93,12194.572436
2025-11-13 02:00:00,98.92,99.76,98.73,99.18,7567.348944
2025-11-13 03:00:00,99.2,100.01,97.69,99.04,12481.595411
2025-11-13 04:00:00,99.04,99.81,98.5,99.58,10688.613405
2025-11-13 05:00:00,99.58,101.15,99.01,101.09,12899.170253
2025-11-13 06:00:00,101.09,101.78,100.81,100.89,20057.012188
2025-11-13 07:00:00,100.89,101.77,100.47,100.59,9533.914458
2025-11-13 08:00:00,100.59,101.06,100.12,100.32,8020.292035
2025-11-13 09:00:00,100.34,100.45,98.98,99.65,10778.045139
2025-11-13 10:00:00,99.66,100.45,99.17,99.35,10816.40812
2025-11-13 11:00:00,99.36,100.45,99.36,100.21,10611.438811
2025-11-13 12:00:00,100.22,101.02,99.8,100.98,8731.053117
2025-11-13 13:00:00,100.97,101.2,99.95,100.78,10905.868233
2025-11-13 14:00:00,100.78,102.7,100.11,101.76,39310.173361
2025-11-13 15:00:00,101.76,101.78,98.62,99.52,22290.083352
2025-11-13 16:00:00,99.55,100.12,97.05,97.38,28438.322382
2025-11-13 17:00:00,97.37,97.48,95.54,95.78,25610.096964
2025-11-13 18:00:00,95.8,96.07,93.58,95.34,35933.705631
2025-11-13 19:00:00,95.33,95.95,94.5,94.99,11530.658323
2025-11-13 20:00:00,94.98,95.56,94.34,94.78,14374.381607
2025-11-13 21:00:00,94.79,95.44,94.22,95.0,8773.320335
2025-11-13 22:00:00,94.99,96.77,94.7,96.48,17482.808129
2025-11-13 23:00:00,96.48,97.56,95.93,96.57,16578.884563
2025-11-14 00:00:00,96.59,97.3,95.72,95.94,13741.60372
2025-11-14 01:00:00,95.96,96.27,95.53,95.73,8686.979527
2025-11-14 02:00:00,95.74,96.92,95.71,96.32,6107.787638
2025-11-14 03:00:00,96.33,96.53,95.68,96.36,5181.151936
2025-11-14 04:00:00,96.37,96.5,93.26,95.34,31861.402246
2025-11-14 05:00:00,95.33,96.61,95.06,96.21,23496.418059
2025-11-14 06:00:00,96.19,97.68,95.11,97.54,34988.424875
2025-11-14 07:00:00,97.53,99.11,96.65,98.2,24827.511325
2025-11-14 08:00:00,98.2,98.24,96.85,97.41,13271.84165
2025-11-14 09:00:00,97.41,97.58,95.56,95.68,19921.316675
2025-11-14 10:00:00,95.67,96.71,95.67,96.24,11764.88941
2025-11-14 11:00:00,96.24,96.46,95.33,96.11,10587.249079
2025-11-14 12:00:00,96.06,96.45,94.24,96.01,27790.836306
2025-11-14 13:00:00,96.01,96.61,94.15,95.25,19049.300455
2025-11-14 14:00:00,95.24,96.91,93.7,96.42,39634.790099
2025-11-14 15:00:00,96.42,97.84,95.4,96.89,20321.083351
2025-11-14 16:00:00,96.92,98.05,96.14,97.65,21597.575658
2025-11-14 17:00:00,97.63,98.02,95.83,96.58,15694.597109
2025-11-14 18:00:00,96.58,98.6,96.49,96.76,43660.574833
2025-11-14 19:00:00,96.79,100.17,96.77,99.96,17203.610919
2025-11-14 20:00:00,99.96,100.18,97.11,98.17,27381.012542
2025-11-14 21:00:00,98.2,99.73,97.88,98.84,20568.182219
2025-11-14 22:00:00,98.85,99.17,97.66,98.4,19625.814314
2025-11-14 23:00:00,98.41,98.48,96.14,97.7,20752.650341
2025-11-15 00:00:00,97.72,98.79,97.62,98.39,12519.662497
2025-11-15 01:00:00,98.39,102.06,97.79,101.86,41131.396227
2025-11-15 02:00:00,101.86,105.39,101.39,105.29,68993.530728
2025-11-15 03:00:00,105.27,106.55,103.72,104.03,68210.62629
2025-11-15 04:00:00,104.04,106.04,103.98,104.41,26249.237607
2025-11-15 05:00:00,104.41,104.41,102.93,103.98,32241.196837
2025-11-15 06:00:00,103.99,105.05,103.7,103.74,15672.403276
2025-11-15 07:00:00,103.72,104.14,102.34,102.8,24249.245611
2025-11-15 08:00:00,102.8,102.9,101.69,102.09,21312.665154
2025-11-15 09:00:00,102.1,103.44,101.94,102.52,14615.402098
2025-11-15 10:00:00,102.52,102.52,101.4,102.34,13187.331202
2025-11-15 11:00:00,102.33,103.16,102.28,102.8,8564.745199
2025-11-15 12:00:00,102.8,106.7,102.3,106.7,38838.452261
2025-11-15 13:00:00,106.69,109.54,106.25,106.5,75656.012547
2025-11-15 14:00:00,106.49,107.15,104.52,105.2,34055.487518
2025-11-15 15:00:00,105.19,105.53,104.11,104.2,8925.2224
2025-11-15 16:00:00,104.18,104.39,103.2,104.09,9578.945798
2025-11-15 17:00:00,104.05,104.29,102.21,103.38,14314.033215
2025-11-15 18:00:00,103.37,103.92,103.16,103.92,12063.709655
2025-11-15 19:00:00,103.9,104.12,103.17,103.36,3507.469602
2025-11-15 20:00:00,103.37,103.58,102.15,102.23,8434.391198
2025-11-15 21:00:00,102.24,102.99,101.63,101.95,11119.785834
2025-11-15 22:00:00,101.96,102.68,101.83,102.33,4591.026889
2025-11-15 23:00:00,102.35,102.77,101.65,101.78,5566.423934
2025-11-16 00:00:00,101.73,101.81,100.83,101.5,9971.498796
2025-11-16 01:00:00,101.5,101.5,100.12,100.6,15091.076646
2025-11-16 02:00:00,100.63,102.06,99.88,101.99,22385.193164
2025-11-16 03:00:00,102.0,103.39,101.92,102.51,15433.269528
2025-11-16 04:00:00,102.51,103.0,101.92,102.05,12461.399519
2025-11-16 05:00:00,102.04,102.58,101.85,101.92,8417.169713
2025-11-16 06:00:00,101.9,102.4,101.36,101.45,6940.54761
2025-11-16 07:00:00,101.46,102.08,101.38,102.02,3569.70099
2025-11-16 08:00:00,102.03,102.09,101.4,101.71,3877.970943
2025-11-16 09:00:00,101.73,102.77,101.5,102.6,12753.329304
2025-11-16 10:00:00,102.56,102.59,102.02,102.16,6260.845477
2025-11-16 11:00:00,102.17,102.27,100.17,100.55,19832.642933
2025-11-16 12:00:00,100.6,101.83,100.49,101.48,9760.154373
2025-11-16 13:00:00,101.45,101.48,100.1,100.59,9818.309079
2025-11-16 14:00:00,100.62,101.26,100.46,100.92,9816.081611
2025-11-16 15:00:00,100.95,100.98,97.7,97.8,40305.49352
2025-11-16 16:00:00,97.85,98.67,97.1,97.34,31259.591435
2025-11-16 17:00:00,97.33,97.39,95.07,95.6,26184.967012
2025-11-16 18:00:00,95.6,97.17,95.57,96.05,20713.205337
2025-11-16 19:00:00,96.07,96.99,95.79,95.94,9717.022908
2025-11-16 20:00:00,95.97,96.64,95.75,95.81,4970.161833
2025-11-16 21:00:00,95.82,95.96,94.92,95.74,9857.315477
2025-11-16 22:00:00,95.76,97.0,95.2,96.41,8261.855674
2025-11-16 23:00:00,96.4,96.74,94.18,95.79,34775.956232
2025-11-17 00:00:00,95.8,97.43,95.12,97.37,14122.31057
2025-11-17 01:00:00,97.37,97.59,96.43,96.45,11013.63606
2025-11-17 02:00:00,96.48,97.29,96.18,97.13,7016.066481
2025-11-17 03:00:00,97.14,97.91,97.07,97.2,7627.008978
2025-11-17 04:00:00,97.2,97.57,96.67,96.75,11796.314386
2025-11-17 05:00:00,96.76,97.09,96.2,96.96,9931.187307
2025-11-17 06:00:00,96.98,97.37,96.6,97.24,5422.308851
2025-11-17 07:00:00,97.25,97.52,97.02,97.05,8819.593302
2025-11-17 08:00:00,97.06,97.25,96.34,96.43,7907.327324
2025-11-17 09:00:00,96.44,97.2,96.25,96.35,7205.773373
2025-11-17 10:00:00,96.32,96.75,96.05,96.59,3646.070869
2025-11-17 11:00:00,96.6,97.2,96.42,96.55,6809.458871
2025-11-17 12:00:00,96.56,96.73,95.7,96.01,9767.540076
2025-11-17 13:00:00,96.0,96.07,93.72,94.3,24385.61575
2025-11-17 14:00:00,94.28,97.48,93.8,95.76,30772.775973
2025-11-17 15:00:00,95.77,96.13,94.5,94.69,16258.811218
2025-11-17 16:00:00,94.71,95.46,93.4,95.36,21872.879496
2025-11-17 17:00:00,95.35,95.96,93.45,93.63,17805.803147
2025-11-17 18:00:00,93.62,94.27,92.41,92.79,20926.44234
2025-11-17 19:00:00,92.77,93.19,91.53,92.01,16339.282968
2025-11-17 20:00:00,91.98,92.54,91.25,92.07,13337.684825
2025-11-17 21:00:00,92.08,92.67,90.76,91.71,17624.940706
2025-11-17 22:00:00,91.75,92.04,91.28,91.37,7076.857764
2025-11-17 23:00:00,91.4,91.53,90.61,91.27,12002.664784
2025-11-18 00:00:00,91.27,92.12,90.48,92.01,13904.134984
2025-11-18 01:00:00,92.07,92.27,91.45,91.95,5654.310845
2025-11-18 02:00:00,91.96,92.97,90.89,91.66,24034.904534
2025-11-18 03:00:00,91.65,93.22,90.83,93.12,22924.510653
2025-11-18 04:00:00,93.14,93.85,91.99,93.8,16218.493889
2025-11-18 05:00:00,93.82,94.49,93.09,93.99,15289.828921
2025-11-18 06:00:00,93.97,94.61,93.42,93.81,11373.860849
2025-11-18 07:00:00,93.8,95.87,93.47,95.46,15345.521092
2025-11-18 08:00:00,95.47,96.5,95.36,95.79,14248.151068
2025-11-18 09:00:00,95.8,96.23,95.2,96.18,9447.196925
2025-11-18 10:00:00,96.16,96.37,94.87,95.06,7499.436242
2025-11-18 11:00:00,95.08,95.38,94.35,95.29,7112.887743
2025-11-18 12:00:00,95.3,96.11,94.35,95.95,9122.329195
2025-11-18 13:00:00,95.96,96.1,94.71,95.87,14229.342086
2025-11-18 14:00:00,95.86,96.37,94.89,94.94,18019.461222
2025-11-18 15:00:00,94.92,97.54,94.81,96.36,27482.933863
2025-11-18 16:00:00,96.36,97.37,95.92,96.52,14565.036832
2025-11-18 17:00:00,96.51,96.66,95.29,96.16,12183.034767
2025-11-18 18:00:00,96.16,96.54,95.26,95.35,7202.574254
2025-11-18 19:00:00,95.35,95.35,94.65,95.11,7974.956227
2025-11-18 20:00:00,95.12,95.81,95.11,95.31,5198.352329
2025-11-18 21:00:00,95.32,95.6,94.77,94.79,4750.009136
2025-11-18 22:00:00,94.78,96.61,94.78,96.18,6511.613739
2025-11-18 23:00:00,96.17,96.3,95.5,95.66,6803.193005
2025-11-19 00:00:00,95.67,95.95,94.75,95.81,12891.334122
2025-11-19 01:00:00,95.81,95.81,94.9,95.34,5334.164713
2025-11-19 02:00:00,95.34,95.74,94.97,95.27,4455.702414
2025-11-19 03:00:00,95.27,95.39,94.41,94.51,4858.538003
2025-11-19 04:00:00,94.49,94.57,93.75,93.91,10288.213802
2025-11-19 05:00:00,93.91,94.04,92.33,93.04,13548.218049
2025-11-19 06:00:00,93.02,93.98,92.87,93.95,11845.299294
2025-11-19 07:00:00,93.93,94.99,93.89,94.49,7394.841344
2025-11-19 08:00:00,94.47,94.9,94.05,94.38,4628.379354
2025-11-19 09:00:00,94.39,94.39,93.43,93.65,9350.47649
2025-11-19 10:00:00,93.65,94.13,93.56,93.75,3814.176684
2025-11-19 11:00:00,93.75,94.2,93.51,93.52,2991.166937
2025-11-19 12:00:00,93.52,93.79,93.33,93.68,3594.599136
2025-11-19 13:00:00,93.71,93.71,92.8,92.84,5785.211795
2025-11-19 14:00:00,92.86,93.79,92.35,93.64,13740.850098
2025-11-19 15:00:00,93.64,94.6,91.52,91.73,33853.930382
2025-11-19 16:00:00,91.69,92.14,90.56,90.81,24122.079473
2025-11-19 17:00:00,90.76,91.14,89.4,90.01,31517.231724
2025-11-19 18:00:00,90.03,90.48,88.88,89.45,15072.649399
2025-11-19 19:00:00,89.46,90.36,89.05,89.91,14014.83302
2025-11-19 20:00:00,89.93,91.05,89.67,90.9,10353.465057
2025-11-19 21:00:00,90.94,92.7,90.71,92.47,13530.776037
2025-11-19 22:00:00,92.47,92.51,91.69,92.27,6808.90224
2025-11-19 23:00:00,92.31,93.25,92.25,92.91,8219.673342
2025-11-20 00:00:00,92.91,93.18,92.27,92.63,8789.885727
2025-11-20 01:00:00,92.63,93.57,92.5,93.4,25045.601088
2025-11-20 02:00:00,93.43,93.84,92.97,93.15,23470.535696
2025-11-20 03:00:00,93.16,93.51,93.13,93.22,2914.33424
2025-11-20 04:00:00,93.22,93.68,92.72,93.66,7433.386116
2025-11-20 05:00:00,93.68,93.73,92.75,92.85,5522.563224
2025-11-20 06:00:00,92.86,93.15,92.32,92.78,5491.198233
2025-11-20 07:00:00,92.79,93.26,92.62,93.12,4514.423381
2025-11-20 08:00:00,93.1,93.13,92.68,92.82,2548.667192
2025-11-20 09:00:00,92.84,92.92,92.18,92.59,3799.604158
2025-11-20 10:00:00,92.6,92.73,92.12,92.62,3538.263481
2025-11-20 11:00:00,92.61,92.71,92.21,92.63,2688.269615
2025-11-20 12:00:00,92.62,92.98,92.33,92.79,6302.546254
2025-11-20 13:00:00,92.83,93.2,91.9,91.93,14970.176685
2025-11-20 14:00:00,91.91,92.74,91.22,92.1,16447.045935
2025-11-20 15:00:00,92.1,92.1,90.29,90.4,13441.809488
2025-11-20 16:00:00,90.39,90.49,86.67,87.08,50306.001806
2025-11-20 17:00:00,87.04,87.47,86.0,87.13,27729.96849
2025-11-20 18:00:00,87.12,87.63,86.66,86.86,20134.120415
2025-11-20 19:00:00,86.85,87.23,86.13,87.08,17316.023584
2025-11-20 20:00:00,87.04,87.41,86.4,86.8,9147.625427
2025-11-20 21:00:00,86.82,88.08,86.81,87.77,5062.486382
2025-11-20 22:00:00,87.79,89.08,87.69,88.72,8437.962079
2025-11-20 23:00:00,88.73,88.8,87.08,87.26,9173.486101
2025-11-21 00:00:00,87.24,88.48,87.16,88.29,6658.919128
2025-11-21 01:00:00,88.29,88.66,87.71,88.06,7205.900366
2025-11-21 02:00:00,88.06,88.12,86.43,86.66,15553.938879
2025-11-21 03:00:00,86.65,87.8,86.65,87.06,10555.078129
2025-11-21 04:00:00,87.05,87.52,86.24,87.44,8567.325571
2025-11-21 05:00:00,87.41,87.58,86.5,86.91,4964.260623
2025-11-21 06:00:00,86.92,87.2,86.42,86.94,7932.965935
2025-11-21 07:00:00,86.96,87.23,80.32,84.65,112055.153402
2025-11-21 08:00:00,84.63,85.93,84.05,84.22,20424.286263
2025-11-21 09:00:00,84.21,84.66,83.0,83.16,16571.893351
2025-11-21 10:00:00,83.15,83.71,82.61,82.99,19622.426637
2025-11-21 11:00:00,82.98,83.59,81.75,81.76,27427.595294
2025-11-21 12:00:00,81.77,83.16,80.04,82.64,37652.133825
2025-11-21 13:00:00,82.66,83.8,82.27,83.47,22826.485181
2025-11-21 14:00:00,83.46,84.44,82.57,83.87,25623.016874
2025-11-21 15:00:00,83.87,84.12,81.61,82.05,33627.985675
2025-11-21 16:00:00,82.04,83.78,81.03,83.71,30452.530823
2025-11-21 17:00:00,83.74,84.54,83.21,83.37,15403.093762
2025-11-21 18:00:00,83.4,84.02,81.75,83.24,17586.785132
2025-11-21 19:00:00,83.23,83.68,82.77,82.99,5634.895497
2025-11-21 20:00:00,82.98,83.03,81.43,82.04,12590.221884
2025-11-21 21:00:00,82.02,83.25,81.42,82.68,8509.946854
2025-11-21 22:00:00,82.66,83.23,81.0,81.08,10567.145606
2025-11-21 23:00:00,81.07,82.9,80.35,82.65,13854.60679
2025-11-22 00:00:00,82.64,83.34,82.57,82.94,9390.319355
2025-11-22 01:00:00,82.93,83.88,82.69,83.87,8965.083236
2025-11-22 02:00:00,83.88,83.92,82.85,83.41,5410.45126
2025-11-22 03:00:00,83.4,83.77,83.15,83.26,5847.456691
2025-11-22 04:00:00,83.29,83.36,81.7,82.56,10505.768138
2025-11-22 05:00:00,82.57,82.77,81.7,82.28,4240.494784
2025-11-22 06:00:00,82.3,83.34,81.86,83.24,7513.005205
2025-11-22 07:00:00,83.24,83.54,82.7,83.22,4436.716491
2025-11-22 08:00:00,83.21,83.22,81.47,81.71,9718.629807
2025-11-22 09:00:00,81.7,82.38,81.28,81.9,6738.533722
2025-11-22 10:00:00,81.91,82.21,81.3,82.09,5778.434844
2025-11-22 11:00:00,82.1,83.11,81.75,82.9,8550.438381
2025-11-22 12:00:00,82.9,82.91,81.69,82.04,8487.834646
2025-11-22 13:00:00,82.04,82.23,80.82,81.29,7146.721947
2025-11-22 14:00:00,81.32,82.46,81.26,81.94,8245.949055
2025-11-22 15:00:00,82.0,82.11,80.92,81.52,6546.867504
2025-11-22 16:00:00,81.53,82.36,81.46,82.13,4314.473796
2025-11-22 17:00:00,82.16,82.35,81.84,82.02,3315.732014
2025-11-22 18:00:00,82.02,82.51,81.82,82.39,2902.792914
2025-11-22 19:00:00,82.37,82.55,81.81,82.08,1691.395869
2025-11-22 20:00:00,82.11,82.48,81.31,81.51,3514.722214
2025-11-22 21:00:00,81.52,81.86,81.37,81.86,1992.154926
2025-11-22 22:00:00,81.86,83.06,81.6,82.97,3864.254696
2025-11-22 23:00:00,82.91,82.99,82.0,82.13,4188.666656
2025-11-23 00:00:00,82.12,82.62,81.85,82.14,22525.110911
2025-11-23 01:00:00,82.16,83.46,82.1,83.29,14951.830343
2025-11-23 02:00:00,83.3,84.16,82.97,83.87,15502.213655
2025-11-23 03:00:00,83.87,83.99,83.27,83.73,7248.780521
2025-11-23 04:00:00,83.72,84.38,83.59,83.99,20713.78949
2025-11-23 05:00:00,84.0,84.0,83.44,83.81,12299.890686
2025-11-23 06:00:00,83.83,84.03,82.96,83.07,13548.733887
2025-11-23 07:00:00,83.05,83.16,82.53,83.15,6776.510101
2025-11-23 08:00:00,83.13,83.43,83.07,83.35,4034.900643
2025-11-23 09:00:00,83.34,83.68,83.25,83.28,3727.982707
2025-11-23 10:00:00,83.28,83.35,82.94,83.14,5243.776154
2025-11-23 11:00:00,83.13,83.26,82.6,83.11,4961.356553
2025-11-23 12:00:00,83.11,83.88,83.04,83.47,6334.561195
2025-11-23 13:00:00,83.47,83.88,83.29,83.88,3086.783697
2025-11-23 14:00:00,83.89,84.15,82.88,83.06,11380.438526
2025-11-23 15:00:00,83.05,83.96,82.91,83.77,6672.041525
2025-11-23 16:00:00,83.77,84.04,83.41,83.42,4500.839164
2025-11-23 17:00:00,83.43,83.54,82.93,83.03,3338.062042
2025-11-23 18:00:00,83.04,83.93,83.04,83.5,2572.250885
2025-11-23 19:00:00,83.54,84.18,83.45,83.85,2891.680095
2025-11-23 20:00:00,83.85,84.04,83.64,83.77,2773.46127
2025-11-23 21:00:00,83.78,84.4,83.36,84.36,4067.176556
2025-11-23 22:00:00,84.37,84.44,83.92,84.1,4523.903209
2025-11-23 23:00:00,84.14,84.25,82.85,83.09,6291.2213
2025-11-24 00:00:00,83.07,83.53,82.19,83.1,11509.194879
2025-11-24 01:00:00,83.09,83.35,82.55,83.33,5466.760694
2025-11-24 02:00:00,83.32,85.0,83.28,84.33,18810.81964
2025-11-24 03:00:00,84.34,84.86,84.05,84.2,3278.638747
2025-11-24 04:00:00,84.21,84.46,83.04,83.42,9501.864121
2025-11-24 05:00:00,83.4,84.92,83.33,84.25,8360.177302
2025-11-24 06:00:00,84.27,84.34,83.47,83.95,9217.555989
2025-11-24 07:00:00,83.92,84.31,83.6,83.89,3269.379294
2025-11-24 08:00:00,83.82,84.5,83.64,84.37,7096.221583
2025-11-24 09:00:00,84.37,84.4,82.64,83.14,12408.292323
2025-11-24 10:00:00,83.15,83.63,82.91,83.29,5996.143157
2025-11-24 11:00:00,83.26,83.35,82.87,83.22,4365.013278
2025-11-24 12:00:00,83.21,83.21,82.46,82.67,6456.918076
2025-11-24 13:00:00,82.66,83.49,82.57,82.93,6360.372505
2025-11-24 14:00:00,82.92,83.72,82.25,83.46,11560.176473
2025-11-24 15:00:00,83.47,84.53,83.24,84.18,10542.46262
2025-11-24 16:00:00,84.19,85.35,84.13,84.92,12854.497497
2025-11-24 17:00:00,84.92,86.93,84.92,86.78,24475.682497
2025-11-24 18:00:00,86.79,86.97,86.09,86.31,8533.110088
2025-11-24 19:00:00,86.31,86.62,85.93,86.03,16304.362471
2025-11-24 20:00:00,86.08,87.24,85.85,86.96,12322.799987
2025-11-24 21:00:00,86.94,86.94,85.78,86.04,6829.228226
2025-11-24 22:00:00,86.03,86.57,85.91,86.14,12645.912902
2025-11-24 23:00:00,86.13,86.26,85.43,85.49,9577.511388
2025-11-25 00:00:00,85.49,86.22,85.42,86.09,9511.751259
2025-11-25 01:00:00,86.1,86.51,85.85,85.87,7613.232664
2025-11-25 02:00:00,85.89,86.01,85.24,85.87,10292.321448
2025-11-25 03:00:00,85.87,86.08,85.26,85.39,8721.723428
2025-11-25 04:00:00,85.4,85.8,84.81,85.32,14678.086233
2025-11-25 05:00:00,85.32,85.32,84.62,84.84,6863.828438
2025-11-25 06:00:00,84.85,85.06,84.36,84.52,6833.636476
2025-11-25 07:00:00,84.52,84.67,84.02,84.1,9674.92189
2025-11-25 08:00:00,84.12,84.52,83.62,83.69,9960.142205
2025-11-25 09:00:00,83.69,84.59,83.48,84.5,10713.467909
2025-11-25 10:00:00,84.5,84.5,83.81,83.99,9969.128615
2025-11-25 11:00:00,83.98,84.05,83.63,83.74,4417.864516
2025-11-25 12:00:00,83.76,84.38,83.69,84.14,8003.725591
2025-11-25 13:00:00,84.13,84.31,83.42,83.68,5988.216301
2025-11-25 14:00:00,83.69,84.58,83.03,84.05,10420.716083
2025-11-25 15:00:00,84.04,84.53,83.42,84.2,6971.496427
2025-11-25 16:00:00,84.21,85.72,84.21,85.16,13077.026509
2025-11-25 17:00:00,85.15,86.55,84.88,86.24,7027.637723
2025-11-25 18:00:00,86.23,86.75,85.66,85.68,7310.985434
2025-11-25 19:00:00,85.65,85.85,84.55,85.42,8979.455556
2025-11-25 20:00:00,85.43,86.12,85.2,85.85,5278.517613
2025-11-25 21:00:00,85.84,85.98,84.9,84.91,9867.78804
2025-11-25 22:00:00,84.89,85.69,84.14,85.52,9668.549335
2025-11-25 23:00:00,85.52,86.12,85.24,85.31,12364.855576
2025-11-26 00:00:00,85.31,85.64,85.11,85.38,3148.430774
2025-11-26 01:00:00,85.39,86.19,85.18,85.77,4419.510279
2025-11-26 02:00:00,85.78,85.86,85.12,85.15,3052.140454
2025-11-26 03:00:00,85.15,85.23,84.53,84.53,8955.116283
2025-11-26 04:00:00,84.55,84.92,84.45,84.71,2000.620722
2025-11-26 05:00:00,84.72,85.4,84.72,85.22,2870.470884
2025-11-26 06:00:00,85.24,85.49,84.69,85.21,6523.583506
2025-11-26 07:00:00,85.2,85.43,84.99,85.37,3888.427355
2025-11-26 08:00:00,85.37,85.46,84.82,84.83,2146.563497
2025-11-26 09:00:00,84.82,85.05,84.61,84.85,4466.488816
2025-11-26 10:00:00,84.85,85.22,84.34,84.67,4251.351953
2025-11-26 11:00:00,84.67,84.67,83.91,84.18,5201.244501
2025-11-26 12:00:00,84.17,84.26,83.61,83.83,4466.92224
2025-11-26 13:00:00,83.83,84.65,83.76,84.53,6424.86379
2025-11-26 14:00:00,84.52,84.77,83.74,83.88,7768.422429
2025-11-26 15:00:00,83.88,84.28,83.32,83.83,10332.584121
2025-11-26 16:00:00,83.82,84.69,83.82,84.25,6601.424223
2025-11-26 17:00:00,84.28,86.26,84.27,86.18,22952.970474
2025-11-26 18:00:00,86.19,87.08,86.17,86.98,18515.656702
2025-11-26 19:00:00,87.0,87.0,86.4,86.59,5757.761132
2025-11-26 20:00:00,86.59,86.65,86.12,86.63,4365.347381
2025-11-26 21:00:00,86.63,87.48,86.31,87.03,5923.53942
2025-11-26 22:00:00,87.05,87.23,86.76,87.14,3390.472309
2025-11-26 23:00:00,87.16,87.71,86.78,86.85,10475.635247
2025-11-27 00:00:00,86.85,86.91,86.35,86.65,7017.996892
2025-11-27 01:00:00,86.65,87.0,86.45,86.88,5377.268991
2025-11-27 02:00:00,86.85,87.17,86.53,86.53,7921.495211
2025-11-27 03:00:00,86.53,86.74,85.86,86.17,7249.186286
2025-11-27 04:00:00,86.19,86.57,86.15,86.37,3597.720156
2025-11-27 05:00:00,86.37,86.68,86.22,86.45,9651.520171
2025-11-27 06:00:00,86.42,86.74,86.2,86.58,5382.990549
2025-11-27 07:00:00,86.58,86.6,86.32,86.47,1455.97102
2025-11-27 08:00:00,86.48,86.58,86.04,86.58,3744.235362
2025-11-27 09:00:00,86.59,87.32,86.45,87.04,5167.326263
2025-11-27 10:00:00,87.03,87.26,86.36,86.67,6480.190171
2025-11-27 11:00:00,86.7,86.75,86.3,86.43,2215.044183
2025-11-27 12:00:00,86.44,86.61,86.03,86.39,10202.346895
2025-11-27 13:00:00,86.41,86.67,86.1,86.61,3605.166322
2025-11-27 14:00:00,86.61,86.89,86.44,86.75,3843.979237
2025-11-27 15:00:00,86.76,87.28,86.57,87.22,5116.16162
2025-11-27 16:00:00,87.24,87.63,87.0,87.19,5033.829796
2025-11-27 17:00:00,87.18,87.27,86.84,87.16,3842.78359
2025-11-27 18:00:00,87.15,87.49,87.0,87.36,2458.95215
2025-11-27 19:00:00,87.37,87.37,87.04,87.3,1255.281832
2025-11-27 20:00:00,87.31,87.78,87.3,87.54,3454.939658
2025-11-27 21:00:00,87.54,87.74,87.28,87.35,3855.317557
2025-11-27 22:00:00,87.33,87.38,86.45,86.63,3839.559378
2025-11-27 23:00:00,86.63,86.85,86.52,86.61,2722.755817
2025-11-28 00:00:00,86.6,86.74,86.07,86.15,2476.327185
2025-11-28 01:00:00,86.14,86.19,85.07,85.11,7410.309399
2025-11-28 02:00:00,85.1,85.43,84.68,85.37,6936.012391
2025-11-28 03:00:00,85.37,85.57,85.19,85.31,2661.843444
2025-11-28 04:00:00,85.3,85.45,85.02,85.03,1365.382374
2025-11-28 05:00:00,85.02,85.29,84.84,85.21,3415.527639
2025-11-28 06:00:00,85.22,85.22,84.43,84.71,8070.198114
2025-11-28 07:00:00,84.71,85.02,84.59,84.64,4817.762935
2025-11-28 08:00:00,84.63,86.29,84.63,86.06,11958.227942
2025-11-28 09:00:00,86.07,86.09,85.57,85.7,3606.97974
2025-11-28 10:00:00,85.72,85.87,85.47,85.81,2851.061602
2025-11-28 11:00:00,85.82,85.82,84.59,85.08,5091.341192
2025-11-28 12:00:00,85.07,85.35,84.93,85.04,2955.921637
2025-11-28 13:00:00,85.04,86.08,84.7,85.69,5361.528454
2025-11-28 14:00:00,85.64,86.24,85.43,86.04,6965.025451
2025-11-28 15:00:00,86.04,86.76,85.75,85.97,6515.45665
2025-11-28 16:00:00,85.98,86.0,84.44,84.67,9867.848926
2025-11-28 17:00:00,84.67,84.8,83.5,83.7,12007.992484
2025-11-28 18:00:00,83.7,84.05,83.15,84.03,7923.144592
2025-11-28 19:00:00,84.03,84.85,84.03,84.77,5185.775912
2025-11-28 20:00:00,84.77,84.8,84.3,84.68,3252.274107
2025-11-28 21:00:00,84.67,84.8,84.42,84.42,3428.240801
2025-11-28 22:00:00,84.43,84.84,84.26,84.77,4501.634756
2025-11-28 23:00:00,84.77,84.89,84.22,84.24,2940.107782
2025-11-29 00:00:00,84.23,84.49,84.11,84.49,2382.181211
2025-11-29 01:00:00,84.48,84.96,84.46,84.62,2668.298638
2025-11-29 02:00:00,84.6,84.68,84.25,84.39,2089.942594
2025-11-29 03:00:00,84.4,84.67,84.33,84.4,1154.033338
2025-11-29 04:00:00,84.42,85.65,84.29,85.64,4387.986388
2025-11-29 05:00:00,85.64,85.7,84.7,84.85,8125.492058
2025-11-29 06:00:00,84.86,85.0,84.0,84.49,5989.39955
2025-11-29 07:00:00,84.47,84.62,84.02,84.23,2078.440164
2025-11-29 08:00:00,84.23,84.37,84.05,84.2,2297.320461
2025-11-29 09:00:00,84.21,84.45,84.11,84.44,1674.689796
2025-11-29 10:00:00,84.46,84.66,84.01,84.53,1942.367554
2025-11-29 11:00:00,84.54,84.7,84.33,84.65,2254.041594
2025-11-29 12:00:00,84.65,84.69,84.13,84.13,1766.40826
2025-11-29 13:00:00,84.13,84.29,83.99,84.2,1596.528864
2025-11-29 14:00:00,84.21,84.24,83.93,84.05,2067.639995
2025-11-29 15:00:00,84.06,84.64,84.03,84.4,3660.727249
2025-11-29 16:00:00,84.42,84.52,84.09,84.2,1832.005937
2025-11-29 17:00:00,84.21,84.28,83.45,83.51,4476.91285
2025-11-29 18:00:00,83.52,83.7,83.13,83.58,7196.733042
2025-11-29 19:00:00,83.59,83.91,83.54,83.72,2854.405246
2025-11-29 20:00:00,83.73,84.23,83.53,84.21,1908.435221
2025-11-29 21:00:00,84.23,84.23,83.86,84.05,1659.821639
2025-11-29 22:00:00,84.05,84.24,83.83,83.88,1930.032282
2025-11-29 23:00:00,83.89,84.16,83.72,83.92,404.826848
2025-11-30 00:00:00,83.94,84.17,83.89,84.04,2347.557933
2025-11-30 01:00:00,84.03,84.34,83.96,84.25,2033.768616
2025-11-30 02:00:00,84.27,84.51,83.93,83.97,4202.822053
2025-11-30 03:00:00,83.97,84.15,83.4,84.15,2853.374454
2025-11-30 04:00:00,84.16,84.24,83.86,83.95,1391.048228
2025-11-30 05:00:00,83.96,83.96,83.51,83.74,1646.749848
2025-11-30 06:00:00,83.75,84.13,83.66,83.91,2312.777675
2025-11-30 07:00:00,83.91,84.17,83.83,84.12,1281.8001
2025-11-30 08:00:00,84.13,84.69,84.06,84.23,2756.880137
2025-11-30 09:00:00,84.22,84.42,84.01,84.31,1434.125728
2025-11-30 10:00:00,84.32,84.37,84.0,84.04,1259.357976
2025-11-30 11:00:00,84.03,84.17,83.75,83.9,2075.617755
2025-11-30 12:00:00,83.91,84.5,83.83,84.36,4519.886505
2025-11-30 13:00:00,84.37,84.8,84.29,84.76,4320.149204
2025-11-30 14:00:00,84.79,84.84,84.11,84.21,3040.611614
2025-11-30 15:00:00,84.2,84.2,83.75,83.92,14482.462546
2025-11-30 16:00:00,83.93,84.51,83.93,84.35,2095.276299
2025-11-30 17:00:00,84.35,84.44,84.08,84.33,1621.991455
2025-11-30 18:00:00,84.34,84.35,83.88,84.02,2714.617394
2025-11-30 19:00:00,84.02,84.09,83.85,83.99,1911.090451
2025-11-30 20:00:00,83.97,84.27,83.64,83.87,2128.741685
2025-11-30 21:00:00,83.87,83.93,83.58,83.81,3986.40599
2025-11-30 22:00:00,83.82,84.23,83.69,84.06,3494.645928
2025-11-30 23:00:00,84.08,84.1,82.3,82.36,10903.880483
2025-12-01 00:00:00,82.39,82.51,77.93,78.01,70386.077443
2025-12-01 01:00:00,78.02,79.25,77.92,78.49,13752.4493
2025-12-01 02:00:00,78.49,78.98,78.41,78.51,11785.944684
2025-12-01 03:00:00,78.5,78.66,77.7,78.04,13828.343355
2025-12-01 04:00:00,78.04,78.16,76.96,77.18,15964.819356
2025-12-01 05:00:00,77.17,77.73,77.16,77.3,6072.127442
2025-12-01 06:00:00,77.31,77.59,77.09,77.44,8161.705672
2025-12-01 07:00:00,77.44,77.64,77.0,77.51,4390.328238
2025-12-01 08:00:00,77.52,77.93,77.45,77.92,3692.118296
2025-12-01 09:00:00,77.91,78.17,77.57,77.67,5159.11807
2025-12-01 10:00:00,77.68,77.94,77.68,77.83,1388.558925
2025-12-01 11:00:00,77.84,77.93,77.37,77.45,2355.748311
2025-12-01 12:00:00,77.48,77.52,75.73,76.9,14240.22618
2025-12-01 13:00:00,76.93,77.37,76.14,76.57,8613.587345
2025-12-01 14:00:00,76.59,77.35,76.52,76.73,5969.543348
2025-12-01 15:00:00,76.75,76.82,74.7,75.64,25622.241386
2025-12-01 16:00:00,75.65,75.88,75.05,75.18,9032.010914
2025-12-01 17:00:00,75.19,75.96,75.18,75.62,5552.66577
2025-12-01 18:00:00,75.64,76.24,75.54,76.13,4761.764382
2025-12-01 19:00:00,76.1,76.16,75.66,76.03,3056.126657
2025-12-01 20:00:00,76.04,76.94,76.04,76.81,7944.23482
2025-12-01 21:00:00,76.84,77.36,76.76,77.32,7150.421661
2025-12-01 22:00:00,77.35,77.86,77.21,77.52,2946.134367
2025-12-01 23:00:00,77.54,77.96,77.51,77.56,3204.887107
2025-12-02 00:00:00,77.56,77.85,77.52,77.73,5155.371708
2025-12-02 01:00:00,77.73,78.5,77.52,77.61,7625.800222
2025-12-02 02:00:00,77.6,78.0,77.35,77.64,5734.819919
2025-12-02 03:00:00,77.66,77.98,77.29,77.85,4449.197086
2025-12-02 04:00:00,77.85,78.04,77.52,77.56,2397.147812
2025-12-02 05:00:00,77.56,77.64,77.39,77.52,968.43691
2025-12-02 06:00:00,77.51,78.0,77.43,77.97,3769.982827
2025-12-02 07:00:00,77.99,78.07,77.71,78.05,3214.298842
2025-12-02 08:00:00,78.05,78.1,77.32,77.34,3045.121721
2025-12-02 09:00:00,77.36,77.95,77.35,77.87,2822.031089
2025-12-02 10:00:00,77.87,78.73,77.87,78.48,3373.955103
2025-12-02 11:00:00,78.48,78.78,78.21,78.6,5072.551948
2025-12-02 12:00:00,78.63,78.65,78.32,78.49,4276.160914
2025-12-02 13:00:00,78.5,79.49,78.36,79.37,11669.084896
2025-12-02 14:00:00,79.38,80.39,79.15,80.36,31569.307033
2025-12-02 15:00:00,80.36,83.06,80.36,82.48,31218.788083
2025-12-02 16:00:00,82.5,82.88,81.75,82.1,14310.859631
2025-12-02 17:00:00,82.13,82.72,81.88,82.19,6569.91185
2025-12-02 18:00:00,82.19,82.91,82.11,82.72,7917.973391
2025-12-02 19:00:00,82.72,83.2,82.68,82.78,3442.987918
2025-12-02 20:00:00,82.79,82.82,82.25,82.79,6915.294345
2025-12-02 21:00:00,82.81,83.15,82.72,83.1,3883.891147
2025-12-02 22:00:00,83.1,83.3,82.9,83.27,4236.260284
2025-12-02 23:00:00,83.26,83.28,82.69,82.82,3866.480384
2025-12-03 00:00:00,82.82,83.35,82.55,83.35,4695.840469
2025-12-03 01:00:00,83.34,83.45,83.0,83.21,4869.101458
2025-12-03 02:00:00,83.22,83.98,83.22,83.71,8521.874001
2025-12-03 03:00:00,83.7,84.2,83.65,84.0,4225.11602
2025-12-03 04:00:00,84.01,85.13,83.73,85.07,11751.931949
2025-12-03 05:00:00,85.08,85.97,85.05,85.1,22935.302388
2025-12-03 06:00:00,85.12,85.58,84.7,85.02,10241.367701
2025-12-03 07:00:00,85.02,85.15,84.78,85.15,4989.999807
2025-12-03 08:00:00,85.16,85.4,84.99,85.27,6332.318924
2025-12-03 09:00:00,85.27,85.42,85.11,85.25,3764.53972
2025-12-03 10:00:00,85.25,85.87,84.93,85.12,6110.247672
2025-12-03 11:00:00,85.13,85.46,84.9,85.46,4568.995965
2025-12-03 12:00:00,85.46,85.82,85.28,85.68,5512.152267
2025-12-03 13:00:00,85.69,85.7,85.1,85.15,3433.440608
2025-12-03 14:00:00,85.16,85.98,83.69,84.7,23945.632863
2025-12-03 15:00:00,84.7,85.37,84.45,85.14,5810.335853
2025-12-03 16:00:00,85.15,85.45,84.66,85.28,8026.577284
2025-12-03 17:00:00,85.27,85.64,84.99,85.47,6806.28942
2025-12-03 18:00:00,85.5,85.87,85.28,85.46,2803.026975
2025-12-03 19:00:00,85.47,86.18,85.43,85.76,4905.930465
2025-12-03 20:00:00,85.77,86.39,85.57,85.9,3010.419147
2025-12-03 21:00:00,85.88,86.62,85.82,86.58,3102.100682
2025-12-03 22:00:00,86.57,86.74,85.81,86.13,10410.912766
2025-12-03 23:00:00,86.13,86.61,85.81,85.84,4746.341714
2025-12-04 00:00:00,85.85,86.32,85.51,86.23,5106.529991
2025-12-04 01:00:00,86.23,86.79,86.01,86.07,8370.721532
2025-12-04 02:00:00,86.09,86.54,86.05,86.42,4314.692697
2025-12-04 03:00:00,86.41,86.48,86.1,86.15,1271.390122
2025-12-04 04:00:00,86.19,86.2,85.74,85.86,2963.411059
2025-12-04 05:00:00,85.87,85.99,85.61,85.99,4237.567985
2025-12-04 06:00:00,85.99,86.15,85.64,85.69,10605.709675
2025-12-04 07:00:00,85.71,85.71,85.21,85.58,3871.139765
2025-12-04 08:00:00,85.6,85.74,85.03,85.12,1563.18131
2025-12-04 09:00:00,85.13,85.32,84.63,84.92,10867.290194
2025-12-04 10:00:00,84.95,85.14,84.52,84.61,3272.707393
2025-12-04 11:00:00,84.59,84.67,84.0,84.07,3749.818476
2025-12-04 12:00:00,84.07,84.4,84.06,84.26,5872.037702
2025-12-04 13:00:00,84.27,84.37,83.98,84.07,3535.07604
2025-12-04 14:00:00,84.05,84.31,83.3,83.48,7536.221115
2025-12-04 15:00:00,83.45,84.83,83.43,84.49,8990.825976
2025-12-04 16:00:00,84.48,84.67,83.74,83.77,8229.320991
2025-12-04 17:00:00,83.75,83.93,83.35,83.73,5774.32118
2025-12-04 18:00:00,83.72,83.86,83.34,83.6,3237.652937
2025-12-04 19:00:00,83.62,83.65,82.18,83.32,9823.83777
2025-12-04 20:00:00,83.32,84.03,83.18,83.99,3992.369391
2025-12-04 21:00:00,83.98,84.14,83.56,83.57,1673.322751
2025-12-04 22:00:00,83.59,83.98,83.55,83.81,2518.564542
2025-12-04 23:00:00,83.81,83.97,83.5,83.53,2021.092356
2025-12-05 00:00:00,83.54,83.89,83.37,83.71,1734.699261
2025-12-05 01:00:00,83.69,84.02,83.65,83.66,2491.510126
2025-12-05 02:00:00,83.67,84.12,83.46,83.8,5633.135083
2025-12-05 03:00:00,83.81,83.89,83.29,83.41,3598.235652
2025-12-05 04:00:00,83.41,83.67,83.06,83.32,4993.004804
2025-12-05 05:00:00,83.32,83.49,83.11,83.3,2396.206202
2025-12-05 06:00:00,83.31,83.8,83.31,83.66,3511.653343
2025-12-05 07:00:00,83.65,83.9,83.55,83.59,3027.850318
2025-12-05 08:00:00,83.6,83.65,83.14,83.32,2673.557796
2025-12-05 09:00:00,83.31,83.31,82.03,82.16,14724.769109
2025-12-05 10:00:00,82.14,82.61,81.94,82.26,4569.65489
2025-12-05 11:00:00,82.26,82.36,81.72,82.22,3310.148271
2025-12-05 12:00:00,82.22,82.54,82.06,82.38,2721.954681
2025-12-05 13:00:00,82.38,82.5,81.65,82.1,4523.988623
2025-12-05 14:00:00,82.11,82.36,81.58,81.78,4174.773625
2025-12-05 15:00:00,81.8,82.98,81.8,82.01,10341.996355
2025-12-05 16:00:00,82.01,82.04,79.94,80.5,22047.255419
2025-12-05 17:00:00,80.51,80.84,79.8,80.52,5853.318357
2025-12-05 18:00:00,80.52,81.14,79.92,80.0,4124.266296
2025-12-05 19:00:00,80.0,80.78,79.62,80.41,4435.261941
2025-12-05 20:00:00,80.41,80.46,79.98,80.04,2887.328483
2025-12-05 21:00:00,80.04,80.25,79.8,80.0,2860.298288
2025-12-05 22:00:00,80.03,80.38,79.86,80.26,1822.634577
2025-12-05 23:00:00,80.29,80.49,79.9,80.42,1571.585143
2025-12-06 00:00:00,80.42,80.47,79.94,80.44,1900.026585
2025-12-06 01:00:00,80.44,80.65,80.2,80.31,1815.487121
2025-12-06 02:00:00,80.32,80.54,80.1,80.54,705.10876
2025-12-06 03:00:00,80.54,80.9,80.5,80.66,1519.72865
2025-12-06 04:00:00,80.67,80.71,80.33,80.43,684.968918
2025-12-06 05:00:00,80.43,80.47,80.11,80.31,1361.871709
2025-12-06 06:00:00,80.29,80.63,80.17,80.44,883.803497
2025-12-06 07:00:00,80.47,80.54,80.06,80.18,1337.988418
2025-12-06 08:00:00,80.18,80.26,79.93,80.03,1970.962334
2025-12-06 09:00:00,80.03,80.67,80.03,80.52,1943.296268
2025-12-06 10:00:00,80.52,80.78,80.35,80.64,823.594671
2025-12-06 11:00:00,80.63,81.29,80.58,81.13,5403.761541
2025-12-06 12:00:00,81.12,81.27,80.98,81.27,2257.523715
2025-12-06 13:00:00,81.28,81.74,81.16,81.56,5832.038617
2025-12-06 14:00:00,81.57,82.01,81.49,81.64,7614.355231
2025-12-06 15:00:00,81.65,81.68,80.85,80.85,12301.015977
2025-12-06 16:00:00,80.9,81.23,80.84,81.08,7611.416652
2025-12-06 17:00:00,81.09,81.66,81.06,81.65,1789.981877
2025-12-06 18:00:00,81.66,82.48,81.52,82.0,14379.030564
2025-12-06 19:00:00,82.01,82.18,81.36,81.64,5952.075525
2025-12-06 20:00:00,81.66,81.87,81.55,81.76,785.216049
2025-12-06 21:00:00,81.73,82.07,81.68,81.85,1994.51548
2025-12-06 22:00:00,81.86,81.9,81.57,81.7,1853.548389
2025-12-06 23:00:00,81.72,81.81,81.3,81.69,2208.96313
2025-12-07 00:00:00,81.7,82.32,81.7,82.25,10795.401784
2025-12-07 01:00:00,82.24,82.29,81.96,82.04,1037.13386
2025-12-07 02:00:00,82.05,82.32,82.03,82.24,2085.7558
2025-12-07 03:00:00,82.23,82.25,82.07,82.18,1146.721782
2025-12-07 04:00:00,82.19,82.35,82.04,82.13,1191.801634
2025-12-07 05:00:00,82.13,82.23,81.92,82.1,1570.888006
2025-12-07 06:00:00,82.11,82.75,82.06,82.7,3294.703277
2025-12-07 07:00:00,82.71,82.74,82.13,82.38,3556.437225
2025-12-07 08:00:00,82.38,82.46,81.79,82.08,7469.765251
2025-12-07 09:00:00,82.09,82.27,81.45,81.58,8270.319147
2025-12-07 10:00:00,81.58,81.87,81.35,81.75,4588.382729
2025-12-07 11:00:00,81.78,82.1,81.69,81.7,3432.264413
2025-12-07 12:00:00,81.69,82.38,81.69,82.31,927.777522
2025-12-07 13:00:00,82.31,82.38,81.55,81.74,4190.998756
2025-12-07 14:00:00,81.72,81.78,79.9,79.98,14889.813907
2025-12-07 15:00:00,79.97,81.66,79.93,81.62,9308.549869
2025-12-07 16:00:00,81.63,81.63,81.03,81.58,5047.285698
2025-12-07 17:00:00,81.59,83.17,81.26,83.04,15293.834469
2025-12-07 18:00:00,83.04,83.73,83.04,83.16,4691.667381
2025-12-07 19:00:00,83.17,83.33,83.0,83.25,2218.534126
2025-12-07 20:00:00,83.26,83.34,83.07,83.2,3845.323036
2025-12-07 21:00:00,83.19,83.21,81.3,81.69,7983.369755
2025-12-07 22:00:00,81.66,81.66,80.14,81.04,10809.612542
2025-12-07 23:00:00,81.02,81.52,80.63,81.44,2728.203947
2025-12-08 00:00:00,81.44,81.83,81.01,81.26,2684.469995
2025-12-08 01:00:00,81.27,82.96,81.26,82.12,7450.878629
2025-12-08 02:00:00,82.11,82.61,81.89,82.58,2907.723794
2025-12-08 03:00:00,82.56,82.75,82.39,82.44,4127.279873
2025-12-08 04:00:00,82.46,83.1,82.46,82.79,1856.702876
2025-12-08 05:00:00,82.8,83.45,82.63,83.31,7400.669887
2025-12-08 06:00:00,83.31,83.73,83.31,83.52,9426.579188
2025-12-08 07:00:00,83.53,83.86,82.94,83.23,5113.644983
2025-12-08 08:00:00,83.22,83.58,83.19,83.47,8812.673053
2025-12-08 09:00:00,83.47,84.17,83.46,83.8,10386.899564
2025-12-08 10:00:00,83.81,83.97,83.69,83.84,1395.924259
2025-12-08 11:00:00,83.84,84.0,83.44,83.6,1912.590431
2025-12-08 12:00:00,83.59,83.6,83.27,83.6,3257.348801
2025-12-08 13:00:00,83.6,83.96,83.47,83.49,2886.488307
2025-12-08 14:00:00,83.5,84.0,83.04,83.41,12749.95728
2025-12-08 15:00:00,83.41,83.67,82.74,83.36,7919.052921
2025-12-08 16:00:00,83.36,84.11,82.99,83.62,4849.453142
2025-12-08 17:00:00,83.61,84.11,83.42,83.88,4735.214896
2025-12-08 18:00:00,83.9,84.24,83.0,83.2,3913.431137
2025-12-08 19:00:00,83.2,83.61,83.17,83.24,2145.135546
2025-12-08 20:00:00,83.26,84.01,83.26,83.94,2146.779359
2025-12-08 21:00:00,83.95,84.46,83.88,84.33,1921.897311
2025-12-08 22:00:00,84.34,84.34,83.8,84.16,1910.621945
2025-12-08 23:00:00,84.18,84.23,83.68,83.89,1958.663664
2025-12-09 00:00:00,83.89,84.36,83.85,83.99,1288.07069
2025-12-09 01:00:00,84.01,84.13,83.28,83.5,2650.067575
2025-12-09 02:00:00,83.5,83.82,83.21,83.21,4163.505844
2025-12-09 03:00:00,83.21,83.59,82.76,83.52,5775.790942
2025-12-09 04:00:00,83.56,83.6,83.0,83.04,4243.945498
2025-12-09 05:00:00,83.04,83.31,82.53,82.88,9140.850835
2025-12-09 06:00:00,82.87,83.06,82.46,82.87,2661.60286
2025-12-09 07:00:00,82.87,83.56,82.86,83.41,7605.666192
2025-12-09 08:00:00,83.43,83.82,83.37,83.54,2618.797583
2025-12-09 09:00:00,83.53,83.56,83.15,83.34,7595.832893
2025-12-09 10:00:00,83.36,83.48,82.81,83.36,2467.137527
2025-12-09 11:00:00,83.37,83.49,83.0,83.33,1600.769037
2025-12-09 12:00:00,83.33,84.16,83.22,84.14,4390.14472
2025-12-09 13:00:00,84.16,84.76,84.0,84.51,6831.823403
2025-12-09 14:00:00,84.52,84.82,83.48,83.67,5687.676583
2025-12-09 15:00:00,83.68,85.91,83.67,85.87,17709.260402
2025-12-09 16:00:00,85.87,87.47,85.87,87.07,21712.570315
2025-12-09 17:00:00,87.07,87.54,86.51,86.64,15196.771992
2025-12-09 18:00:00,86.65,86.93,86.33,86.53,6709.617157
2025-12-09 19:00:00,86.51,86.8,86.23,86.4,3764.164201
2025-12-09 20:00:00,86.41,86.41,85.41,85.93,4097.711933
2025-12-09 21:00:00,85.96,86.0,84.88,85.42,3833.782431
2025-12-09 22:00:00,85.41,86.32,85.41,86.22,3042.927421
2025-12-09 23:00:00,86.22,86.46,85.85,85.85,3538.720802
2025-12-10 00:00:00,85.85,85.98,85.28,85.28,2966.701842
2025-12-10 01:00:00,85.3,85.44,84.94,85.15,2536.923116
2025-12-10 02:00:00,85.13,85.28,84.81,84.99,9106.636466
2025-12-10 03:00:00,84.99,85.03,84.45,84.66,6596.074099
2025-12-10 04:00:00,84.65,84.74,84.27,84.58,5749.723957
2025-12-10 05:00:00,84.58,84.87,84.49,84.53,4053.019607
2025-12-10 06:00:00,84.53,84.59,84.31,84.35,1192.587797
2025-12-10 07:00:00,84.34,84.35,83.97,84.25,5736.404501
2025-12-10 08:00:00,84.25,84.39,84.15,84.2,8184.975319
2025-12-10 09:00:00,84.22,84.67,84.09,84.67,1900.072481
2025-12-10 10:00:00,84.66,85.08,83.83,83.83,4826.534803
2025-12-10 11:00:00,83.82,84.21,83.74,84.17,3491.319757
2025-12-10 12:00:00,84.16,84.26,83.94,84.23,3729.959129
2025-12-10 13:00:00,84.22,84.58,84.17,84.41,1801.174132
2025-12-10 14:00:00,84.39,84.47,84.02,84.26,1514.599634
2025-12-10 15:00:00,84.25,84.49,83.93,84.21,3960.609468
2025-12-10 16:00:00,84.21,85.02,84.05,84.64,4278.24161
2025-12-10 17:00:00,84.65,85.14,84.59,84.85,3206.682499
2025-12-10 18:00:00,84.84,85.68,84.55,84.99,9908.735159
2025-12-10 19:00:00,84.98,85.91,84.32,85.66,14327.897208
2025-12-10 20:00:00,85.68,87.08,85.24,85.36,15491.697531
2025-12-10 21:00:00,85.36,85.79,84.83,84.9,5253.173298
2025-12-10 22:00:00,84.9,85.37,84.21,85.28,6931.70591
2025-12-10 23:00:00,85.26,85.42,84.29,84.33,5911.236138
2025-12-11 00:00:00,84.3,84.58,82.69,82.8,17481.419135
2025-12-11 01:00:00,82.78,82.8,81.48,81.5,31929.976328
2025-12-11 02:00:00,81.5,81.65,80.8,80.89,25310.606108
2025-12-11 03:00:00,80.91,80.96,80.25,80.66,10740.008192
2025-12-11 04:00:00,80.65,81.68,80.32,81.57,7604.158497
2025-12-11 05:00:00,81.58,81.61,81.34,81.57,1594.688614
2025-12-11 06:00:00,81.56,81.56,81.01,81.26,3449.553827
2025-12-11 07:00:00,81.25,81.29,80.84,80.89,2328.58166
2025-12-11 08:00:00,80.88,81.0,80.44,80.94,2681.123131
2025-12-11 09:00:00,80.94,81.24,80.86,80.98,3216.208906
2025-12-11 10:00:00,81.0,81.09,80.61,80.89,3297.116601
2025-12-11 11:00:00,80.87,81.08,80.84,81.0,2295.768677
2025-12-11 12:00:00,80.99,80.99,80.63,80.67,9315.369724
2025-12-11 13:00:00,80.68,80.98,80.52,80.97,3272.770305
2025-12-11 14:00:00,80.97,81.47,80.55,80.82,5313.902542
2025-12-11 15:00:00,80.83,81.5,80.61,81.05,5897.192862
2025-12-11 16:00:00,81.04,81.58,80.58,81.18,4307.664029
2025-12-11 17:00:00,81.18,81.76,81.15,81.38,3139.359526
2025-12-11 18:00:00,81.37,82.21,81.23,81.77,3450.816922
2025-12-11 19:00:00,81.75,82.36,81.58,81.68,3178.330885
2025-12-11 20:00:00,81.66,82.46,81.64,82.4,3512.274718
2025-12-11 21:00:00,82.4,83.49,82.32,83.23,4788.390398
2025-12-11 22:00:00,83.24,83.42,82.6,82.87,2553.311992
2025-12-11 23:00:00,82.86,83.16,82.61,82.95,2170.418811
2025-12-12 00:00:00,82.94,83.34,82.25,82.28,3224.750743
2025-12-12 01:00:00,82.29,83.15,82.29,82.86,1436.363494
2025-12-12 02:00:00,82.86,83.35,82.83,83.25,1940.246048
2025-12-12 03:00:00,83.26,83.4,82.8,82.94,1900.14822
2025-12-12 04:00:00,82.93,82.93,82.61,82.74,2090.822977
2025-12-12 05:00:00,82.74,83.17,82.57,83.16,1752.988664
2025-12-12 06:00:00,83.18,83.65,83.18,83.41,2384.163683
2025-12-12 07:00:00,83.42,83.52,83.25,83.4,1305.146076
2025-12-12 08:00:00,83.4,83.58,83.13,83.42,2357.866799
2025-12-12 09:00:00,83.42,83.99,83.33,83.96,6233.000718
2025-12-12 10:00:00,83.97,84.4,83.92,83.92,5347.786528
2025-12-12 11:00:00,83.93,84.19,83.81,84.09,1791.213413
2025-12-12 12:00:00,84.06,84.34,83.94,84.28,1598.301533
2025-12-12 13:00:00,84.3,84.46,83.9,84.07,5197.95832
2025-12-12 14:00:00,84.09,84.38,83.89,84.21,2501.506699
2025-12-12 15:00:00,84.19,84.2,81.0,81.39,20323.708138
2025-12-12 16:00:00,81.36,81.59,80.5,80.94,12282.545715
2025-12-12 17:00:00,80.92,81.92,80.9,81.52,6049.888497
2025-12-12 18:00:00,81.54,82.2,81.42,81.72,2570.964701
2025-12-12 19:00:00,81.74,81.78,81.08,81.3,5925.877192
2025-12-12 20:00:00,81.32,81.71,81.24,81.59,3080.218761
2025-12-12 21:00:00,81.6,81.99,81.51,81.82,1401.623617
2025-12-12 22:00:00,81.81,82.13,81.79,82.03,1518.400665
2025-12-12 23:00:00,82.05,82.15,81.87,81.95,424.259474
2025-12-13 00:00:00,81.95,82.18,81.77,81.92,2100.709127
2025-12-13 01:00:00,81.95,82.1,81.85,82.1,4810.96858
2025-12-13 02:00:00,82.1,82.45,82.04,82.15,1493.816021
2025-12-13 03:00:00,82.14,82.41,82.08,82.36,911.826066
2025-12-13 04:00:00,82.36,82.43,82.26,82.31,1693.864146
2025-12-13 05:00:00,82.32,82.4,82.16,82.21,1257.868123
2025-12-13 06:00:00,82.21,82.21,81.63,81.63,4809.700488
2025-12-13 07:00:00,81.65,81.86,81.63,81.84,3487.381249
2025-12-13 08:00:00,81.85,82.28,81.85,82.0,2377.012869
2025-12-13 09:00:00,82.0,82.09,81.75,81.87,2000.742941
2025-12-13 10:00:00,81.87,82.06,81.77,81.81,4318.161107
2025-12-13 11:00:00,81.82,81.82,81.59,81.63,2532.15021
2025-12-13 12:00:00,81.63,81.88,81.41,81.58,1654.509698
2025-12-13 13:00:00,81.58,81.68,81.33,81.4,1761.805277
2025-12-13 14:00:00,81.4,81.51,81.23,81.46,2721.927643
2025-12-13 15:00:00,81.44,81.9,81.44,81.75,1792.367941
2025-12-13 16:00:00,81.75,81.99,81.66,81.93,2400.259325
2025-12-13 17:00:00,81.93,81.93,81.52,81.6,2428.349507
2025-12-13 18:00:00,81.58,81.68,81.29,81.3,2003.340046
2025-12-13 19:00:00,81.31,81.5,81.29,81.39,392.325497
2025-12-13 20:00:00,81.41,81.51,81.33,81.39,224.858718
2025-12-13 21:00:00,81.37,81.4,80.78,81.27,3070.300949
2025-12-13 22:00:00,81.26,81.39,81.18,81.31,1103.426069
2025-12-13 23:00:00,81.29,81.59,81.21,81.46,506.421827
2025-12-14 00:00:00,81.47,81.57,81.25,81.49,874.291268
2025-12-14 01:00:00,81.5,82.02,81.4,81.52,3891.630531
2025-12-14 02:00:00,81.52,81.77,81.52,81.69,435.736189
2025-12-14 03:00:00,81.7,81.76,81.5,81.52,742.42805
2025-12-14 04:00:00,81.5,81.56,81.1,81.18,896.51385
2025-12-14 05:00:00,81.17,81.18,80.93,81.08,1336.223281
2025-12-14 06:00:00,81.07,81.07,80.74,80.91,1954.847917
2025-12-14 07:00:00,80.92,81.16,80.85,81.07,1263.155869
2025-12-14 08:00:00,81.07,81.26,80.94,80.98,1391.9442
2025-12-14 09:00:00,80.97,81.12,80.86,80.91,1796.551764
2025-12-14 10:00:00,80.91,80.98,80.43,80.57,3230.283791
2025-12-14 11:00:00,80.57,80.62,79.41,80.03,9593.098022
2025-12-14 12:00:00,80.03,80.53,79.8,80.27,4861.560936
2025-12-14 13:00:00,80.26,80.29,79.91,80.29,1748.491302
2025-12-14 14:00:00,80.3,80.41,79.14,79.36,5905.714904
2025-12-14 15:00:00,79.36,79.36,78.79,78.9,6329.95528
2025-12-14 16:00:00,78.9,79.54,78.82,79.36,3617.948617
2025-12-14 17:00:00,79.36,79.5,78.81,78.94,2243.141668
2025-12-14 18:00:00,78.95,79.43,78.88,79.42,841.556694
2025-12-14 19:00:00,79.42,79.42,78.92,79.14,1658.628378
2025-12-14 20:00:00,79.13,79.5,78.82,79.02,2693.73991
2025-12-14 21:00:00,79.01,79.18,78.07,78.24,3645.542064
2025-12-14 22:00:00,78.24,78.69,78.19,78.69,3425.991795
2025-12-14 23:00:00,78.69,79.18,78.0,78.97,8297.257818
2025-12-15 00:00:00,78.97,79.71,78.96,79.42,5126.240681
2025-12-15 01:00:00,79.42,80.44,79.34,80.37,2610.870043
2025-12-15 02:00:00,80.38,81.01,80.09,80.17,4958.596287
2025-12-15 03:00:00,80.17,80.49,80.06,80.37,2225.582512
2025-12-15 04:00:00,80.38,80.87,80.38,80.78,2215.762652
2025-12-15 05:00:00,80.78,81.2,80.74,81.15,1603.573728
2025-12-15 06:00:00,81.17,81.31,80.82,81.04,4679.485297
2025-12-15 07:00:00,81.06,81.17,80.53,80.77,2897.972014
2025-12-15 08:00:00,80.77,81.08,80.68,80.87,2739.092327
2025-12-15 09:00:00,80.88,81.26,80.84,81.01,7397.649179
2025-12-15 10:00:00,81.01,81.44,80.83,80.97,4854.244991
2025-12-15 11:00:00,80.96,81.13,80.9,81.05,2914.450475
2025-12-15 12:00:00,81.05,81.12,80.77,80.96,3044.44406
2025-12-15 13:00:00,80.96,80.99,80.41,80.59,10803.748424
2025-12-15 14:00:00,80.6,81.1,79.26,79.62,10057.847544
2025-12-15 15:00:00,79.61,79.61,77.5,77.88,28506.336845
2025-12-15 16:00:00,77.85,78.22,76.68,77.1,18157.846391
2025-12-15 17:00:00,77.08,77.18,76.41,76.47,4691.171416
2025-12-15 18:00:00,76.46,76.85,75.78,76.83,10549.18985
2025-12-15 19:00:00,76.82,77.44,76.77,77.01,4793.323423
2025-12-15 20:00:00,76.99,76.99,76.3,76.3,3005.627683
2025-12-15 21:00:00,76.32,77.08,76.23,77.02,3601.435141
2025-12-15 22:00:00,77.03,77.39,76.86,77.39,2467.213278
2025-12-15 23:00:00,77.4,77.81,77.4,77.53,2246.778179
2025-12-16 00:00:00,77.53,77.77,77.14,77.14,2614.552382
2025-12-16 01:00:00,77.14,77.63,77.07,77.21,2896.805544
2025-12-16 02:00:00,77.2,77.73,76.82,77.49,4118.288312
2025-12-16 03:00:00,77.48,77.87,77.11,77.86,2312.425763
2025-12-16 04:00:00,77.86,77.97,76.46,77.41,6212.001297
2025-12-16 05:00:00,77.42,77.51,77.25,77.36,1321.668525
2025-12-16 06:00:00,77.37,78.08,77.37,78.02,2277.929242
2025-12-16 07:00:00,78.04,78.08,77.1,77.18,3282.02163
2025-12-16 08:00:00,77.18,77.59,77.13,77.27,1517.745646
2025-12-16 09:00:00,77.26,77.6,77.2,77.58,1938.626743
2025-12-16 10:00:00,77.59,78.98,77.54,78.44,5503.938223
2025-12-16 11:00:00,78.47,79.12,78.3,78.98,5174.564726
2025-12-16 12:00:00,78.98,79.2,78.63,78.84,3525.932845
2025-12-16 13:00:00,78.85,79.24,77.62,77.62,8304.558648
2025-12-16 14:00:00,77.63,78.59,77.2,78.26,10468.389305
2025-12-16 15:00:00,78.28,79.58,77.98,79.43,15384.727991
2025-12-16 16:00:00,79.43,79.49,78.65,79.03,7198.240202
2025-12-16 17:00:00,79.04,79.33,78.76,78.76,2826.4118
2025-12-16 18:00:00,78.79,79.86,78.6,79.45,7082.340714
2025-12-16 19:00:00,79.45,79.45,78.84,79.2,3150.975163
2025-12-16 20:00:00,79.2,79.33,78.95,78.96,1168.529055
2025-12-16 21:00:00,78.99,79.36,78.77,79.3,2408.319499
2025-12-16 22:00:00,79.31,79.47,79.0,79.25,3630.526285
2025-12-16 23:00:00,79.25,79.29,79.0,79.08,1680.420121
2025-12-17 00:00:00,79.08,79.13,78.83,79.13,1368.390594
2025-12-17 01:00:00,79.13,79.74,79.13,79.24,2072.070071
2025-12-17 02:00:00,79.26,79.45,78.86,79.38,974.58434
2025-12-17 03:00:00,79.36,79.49,79.12,79.15,1266.41254
2025-12-17 04:00:00,79.15,79.39,78.76,78.88,1915.730596
2025-12-17 05:00:00,78.88,79.31,78.45,79.24,2400.610397
2025-12-17 06:00:00,79.23,79.4,78.89,78.99,1355.704801
2025-12-17 07:00:00,79.01,79.19,78.77,78.87,1605.821774
2025-12-17 08:00:00,78.86,78.86,78.33,78.38,2334.959521
2025-12-17 09:00:00,78.39,78.45,78.07,78.13,2035.874317
2025-12-17 10:00:00,78.13,78.49,77.92,78.28,2695.177756
2025-12-17 11:00:00,78.27,78.95,78.27,78.79,2775.016899
2025-12-17 12:00:00,78.8,78.97,78.33,78.46,6713.227729
2025-12-17 13:00:00,78.46,79.37,78.29,79.24,2737.319948
2025-12-17 14:00:00,79.29,80.31,78.13,80.31,15399.452439
2025-12-17 15:00:00,80.31,81.08,78.03,78.3,21977.619512
2025-12-17 16:00:00,78.26,78.66,76.06,77.16,25579.654452
2025-12-17 17:00:00,77.15,77.24,76.33,76.41,4364.395617
2025-12-17 18:00:00,76.42,76.97,75.42,75.57,7735.154166
2025-12-17 19:00:00,75.58,76.2,75.16,76.19,5484.673473
2025-12-17 20:00:00,76.19,76.72,75.96,76.24,1743.377705
2025-12-17 21:00:00,76.21,76.36,75.48,75.6,2120.559345
2025-12-17 22:00:00,75.62,76.27,75.37,76.22,4180.281023
2025-12-17 23:00:00,76.22,76.22,75.74,76.02,2131.824926
2025-12-18 00:00:00,76.03,76.3,75.91,76.28,1240.517773
2025-12-18 01:00:00,76.26,76.26,75.52,75.69,5446.792777
2025-12-18 02:00:00,75.72,76.42,75.53,76.27,2943.338322
2025-12-18 03:00:00,76.26,76.26,75.6,75.77,1850.002389
2025-12-18 04:00:00,75.79,76.03,75.76,75.85,1257.950635
2025-12-18 05:00:00,75.86,75.88,74.86,74.96,8944.244177
2025-12-18 06:00:00,74.94,75.27,74.8,75.25,2089.607273
2025-12-18 07:00:00,75.25,75.48,75.18,75.36,1819.297526
2025-12-18 08:00:00,75.37,76.06,75.36,75.94,3872.461706
2025-12-18 09:00:00,75.94,76.36,75.7,75.98,2602.314721
2025-12-18 10:00:00,75.97,76.24,75.84,76.17,3402.565671
2025-12-18 11:00:00,76.19,76.22,75.85,76.2,1544.178721
2025-12-18 12:00:00,76.22,76.48,75.94,76.41,3391.936385
2025-12-18 13:00:00,76.43,78.14,76.43,78.14,18918.00631
2025-12-18 14:00:00,78.14,78.52,76.78,77.34,11715.822454
2025-12-18 15:00:00,77.33,78.3,76.91,77.67,7661.073508
2025-12-18 16:00:00,77.67,77.89,77.21,77.46,4096.500228
2025-12-18 17:00:00,77.44,77.44,73.6,75.13,33431.363635
2025-12-18 18:00:00,75.13,75.75,74.21,74.49,7112.738066
2025-12-18 19:00:00,74.47,74.59,72.67,72.78,14277.490729
2025-12-18 20:00:00,72.78,73.74,72.73,73.26,7638.260441
2025-12-18 21:00:00,73.27,74.56,73.27,74.53,5200.572493
2025-12-18 22:00:00,74.55,74.69,74.22,74.3,1851.460785
2025-12-18 23:00:00,74.31,74.37,74.01,74.29,4364.739597
2025-12-19 00:00:00,74.29,74.47,73.78,74.24,2856.998564
2025-12-19 01:00:00,74.24,74.25,73.69,73.9,2394.421383
2025-12-19 02:00:00,73.89,74.44,73.6,74.26,2902.252004
2025-12-19 03:00:00,74.28,76.24,74.26,75.74,10361.617862
2025-12-19 04:00:00,75.77,76.08,75.62,75.87,3007.27618
2025-12-19 05:00:00,75.88,75.88,75.42,75.58,3057.135933
2025-12-19 06:00:00,75.61,75.73,75.24,75.66,6033.319588
2025-12-19 07:00:00,75.67,76.56,75.67,75.85,8006.246594
2025-12-19 08:00:00,75.87,76.13,75.62,76.05,2350.490063
2025-12-19 09:00:00,76.05,76.14,75.9,76.09,2073.398721
2025-12-19 10:00:00,76.1,76.31,75.99,76.12,2536.141339
2025-12-19 11:00:00,76.1,76.27,75.9,76.24,3684.891925
2025-12-19 12:00:00,76.25,76.48,76.13,76.25,3832.460263
2025-12-19 13:00:00,76.27,76.5,76.1,76.2,3424.858158
2025-12-19 14:00:00,76.22,76.96,75.88,76.59,13243.993422
2025-12-19 15:00:00,76.58,77.44,76.11,76.24,6869.550239
2025-12-19 16:00:00,76.23,77.38,76.23,76.66,4238.965586
2025-12-19 17:00:00,76.66,77.08,76.02,76.04,4026.334273
2025-12-19 18:00:00,76.03,76.66,76.03,76.54,2432.089151
2025-12-19 19:00:00,76.56,77.74,76.56,77.67,5544.907269
2025-12-19 20:00:00,77.66,77.99,77.53,77.78,2505.881546
2025-12-19 21:00:00,77.77,77.77,77.32,77.38,916.923951
2025-12-19 22:00:00,77.39,77.74,77.39,77.66,794.218222
2025-12-19 23:00:00,77.64,77.73,77.48,77.48,419.823351
2025-12-20 00:00:00,77.48,77.67,77.33,77.46,3311.019532
2025-12-20 01:00:00,77.43,77.62,77.25,77.28,1196.764789
2025-12-20 02:00:00,77.32,77.45,77.12,77.27,2392.34871
2025-12-20 03:00:00,77.27,77.28,76.93,76.93,801.817962
2025-12-20 04:00:00,76.94,76.94,76.52,76.54,1270.8994
2025-12-20 05:00:00,76.53,76.86,76.45,76.75,926.43254
2025-12-20 06:00:00,76.75,76.91,76.72,76.85,568.255907
2025-12-20 07:00:00,76.84,77.15,76.7,77.12,631.700155
2025-12-20 08:00:00,77.11,77.58,77.1,77.4,2919.617908
2025-12-20 09:00:00,77.38,77.74,77.36,77.52,1267.974027
2025-12-20 10:00:00,77.52,77.59,77.15,77.19,1707.389038
2025-12-20 11:00:00,77.19,77.46,77.12,77.38,1113.933446
2025-12-20 12:00:00,77.38,77.39,77.05,77.09,1287.288933
2025-12-20 13:00:00,77.09,77.13,76.69,77.04,2063.629255
2025-12-20 14:00:00,77.03,77.03,76.69,77.02,959.855563
2025-12-20 15:00:00,77.02,77.03,76.68,76.71,2267.217778
2025-12-20 16:00:00,76.71,76.85,76.59,76.83,1643.878674
2025-12-20 17:00:00,76.86,77.04,76.81,76.96,849.915586
2025-12-20 18:00:00,76.96,77.35,76.87,77.26,1068.201985
2025-12-20 19:00:00,77.26,77.44,77.17,77.32,326.8942
2025-12-20 20:00:00,77.33,77.58,77.32,77.58,577.530349
2025-12-20 21:00:00,77.59,77.93,77.59,77.89,1662.851903
2025-12-20 22:00:00,77.89,78.45,77.89,78.4,2885.547729
2025-12-20 23:00:00,78.4,79.45,77.8,77.84,11644.285615
2025-12-21 00:00:00,77.85,78.03,77.71,77.83,1688.423202
2025-12-21 01:00:00,77.82,77.83,77.25,77.25,2375.466728
2025-12-21 02:00:00,77.25,77.46,76.81,77.0,1665.460435
2025-12-21 03:00:00,76.99,77.4,76.96,77.21,1307.889862
2025-12-21 04:00:00,77.23,77.27,77.0,77.08,731.699821
2025-12-21 05:00:00,77.06,77.48,77.05,77.12,2327.082721
2025-12-21 06:00:00,77.12,77.3,77.1,77.2,908.607644
2025-12-21 07:00:00,77.2,77.22,77.0,77.18,1647.643062
2025-12-21 08:00:00,77.17,77.59,76.94,77.44,1529.429001
2025-12-21 09:00:00,77.46,77.82,77.29,77.67,1582.218318
2025-12-21 10:00:00,77.69,77.91,77.32,77.44,1456.650011
2025-12-21 11:00:00,77.43,77.61,77.37,77.44,1162.771046
2025-12-21 12:00:00,77.44,77.61,76.88,77.02,1529.105892
2025-12-21 13:00:00,77.0,77.0,75.46,75.65,7178.749993
2025-12-21 14:00:00,75.67,76.29,75.58,76.02,3208.872643
2025-12-21 15:00:00,76.02,76.15,75.71,75.97,3773.017843
2025-12-21 16:00:00,75.92,76.38,75.82,76.36,2920.121717
2025-12-21 17:00:00,76.38,76.69,76.2,76.26,3230.103873
2025-12-21 18:00:00,76.27,76.36,75.91,76.35,2033.117377
2025-12-21 19:00:00,76.37,76.8,76.27,76.63,1871.18284
2025-12-21 20:00:00,76.63,76.63,76.25,76.28,847.885179
2025-12-21 21:00:00,76.29,76.42,76.0,76.04,1303.002923
2025-12-21 22:00:00,76.04,76.63,75.99,76.62,1437.638776
2025-12-21 23:00:00,76.64,76.97,76.51,76.79,1769.843651
2025-12-22 00:00:00,76.8,78.25,76.79,77.16,7514.679659
2025-12-22 01:00:00,77.14,77.89,77.13,77.22,2869.001304
2025-12-22 02:00:00,77.21,77.68,76.44,77.5,6724.11848
2025-12-22 03:00:00,77.51,78.3,77.36,77.99,3481.639704
2025-12-22 04:00:00,78.0,78.1,77.6,77.95,5778.469057
2025-12-22 05:00:00,77.96,78.28,77.63,77.63,1809.205518
2025-12-22 06:00:00,77.63,77.78,77.43,77.54,1472.97129
2025-12-22 07:00:00,77.53,77.92,77.48,77.8,1747.568676
2025-12-22 08:00:00,77.81,78.34,77.71,77.76,3207.19671
2025-12-22 09:00:00,77.77,78.11,77.71,77.89,1277.490988
2025-12-22 10:00:00,77.88,78.03,77.71,77.92,2052.501896
2025-12-22 11:00:00,77.92,78.05,77.69,77.93,1442.004568
2025-12-22 12:00:00,77.95,78.31,77.73,78.17,3144.647229
2025-12-22 13:00:00,78.16,78.17,77.8,78.09,2868.356487
2025-12-22 14:00:00,78.1,78.57,77.73,78.56,7464.400047
2025-12-22 15:00:00,78.56,79.5,78.32,79.32,12423.199884
2025-12-22 16:00:00,79.32,79.43,78.77,78.88,4226.073526
2025-12-22 17:00:00,78.88,78.88,78.36,78.54,3172.733378
2025-12-22 18:00:00,78.55,78.79,78.23,78.35,3346.03258
2025-12-22 19:00:00,78.35,78.35,76.95,77.1,9853.105079
2025-12-22 20:00:00,77.09,77.15,76.41,76.42,47974.659454
2025-12-22 21:00:00,76.42,76.96,76.36,76.71,12952.142481
2025-12-22 22:00:00,76.72,77.28,76.52,77.19,17015.914558
2025-12-22 23:00:00,77.18,77.2,76.96,77.02,5542.383835
2025-12-23 00:00:00,77.03,77.43,76.97,77.16,1972.256867
2025-12-23 01:00:00,77.16,77.21,76.56,76.91,3412.107695
2025-12-23 02:00:00,76.91,77.1,76.43,76.55,3746.506878
2025-12-23 03:00:00,76.55,77.02,76.16,76.78,2390.361787
2025-12-23 04:00:00,76.78,77.08,76.68,76.83,1630.493915
2025-12-23 05:00:00,76.82,76.99,76.3,76.99,3868.078048
2025-12-23 06:00:00,76.98,76.98,76.42,76.66,3651.382864
2025-12-23 07:00:00,76.64,76.99,76.6,76.8,1765.169626
2025-12-23 08:00:00,76.79,77.02,76.5,76.56,1610.228211
2025-12-23 09:00:00,76.55,76.68,76.32,76.6,2189.63451
2025-12-23 10:00:00,76.61,76.75,76.41,76.59,1507.864598
2025-12-23 11:00:00,76.58,76.96,76.49,76.93,2781.306198
2025-12-23 12:00:00,76.92,77.08,76.65,76.94,2233.817067
2025-12-23 13:00:00,76.93,76.94,76.22,76.38,3419.879117
2025-12-23 14:00:00,76.38,76.69,75.54,75.97,5286.96839
2025-12-23 15:00:00,75.96,76.74,75.81,76.71,6918.984381
2025-12-23 16:00:00,76.69,77.57,76.54,77.25,8409.439099
2025-12-23 17:00:00,77.26,77.72,76.5,76.53,4143.49571
2025-12-23 18:00:00,76.53,77.43,76.42,77.29,3587.988392
2025-12-23 19:00:00,77.29,77.35,77.04,77.23,1653.43007
2025-12-23 20:00:00,77.25,77.97,77.11,77.46,2589.098159
2025-12-23 21:00:00,77.46,77.62,77.1,77.1,1606.038587
2025-12-23 22:00:00,77.11,77.16,76.67,76.85,2500.109198
2025-12-23 23:00:00,76.84,77.08,76.64,77.02,1047.071283
2025-12-24 00:00:00,77.02,77.3,76.82,77.19,2204.568945
2025-12-24 01:00:00,77.2,77.42,76.9,77.09,1624.934618
2025-12-24 02:00:00,77.1,77.1,76.23,76.27,3449.696525
2025-12-24 03:00:00,76.26,76.6,76.0,76.6,1533.538521
2025-12-24 04:00:00,76.6,76.9,76.02,76.14,2675.797324
2025-12-24 05:00:00,76.14,76.3,75.71,75.81,3103.188625
2025-12-24 06:00:00,75.84,75.94,75.58,75.88,1805.10265
2025-12-24 07:00:00,75.91,76.08,75.66,75.66,1710.971855
2025-12-24 08:00:00,75.68,75.79,75.3,75.34,3211.991517
2025-12-24 09:00:00,75.35,75.85,75.35,75.79,777.589518
2025-12-24 10:00:00,75.77,76.29,75.77,76.11,1076.6505
2025-12-24 11:00:00,76.12,76.43,76.12,76.16,1537.736012
2025-12-24 12:00:00,76.16,76.49,76.08,76.48,1294.642091
2025-12-24 13:00:00,76.46,76.67,76.28,76.55,2166.635567
2025-12-24 14:00:00,76.56,76.85,75.23,75.32,9370.499375
2025-12-24 15:00:00,75.32,76.2,75.3,75.97,6477.57459
2025-12-24 16:00:00,75.92,76.14,75.46,75.82,4018.641255
2025-12-24 17:00:00,75.82,75.94,75.51,75.6,1686.191882
2025-12-24 18:00:00,75.58,75.74,75.41,75.56,1413.3258
2025-12-24 19:00:00,75.57,75.79,75.46,75.78,1677.146364
2025-12-24 20:00:00,75.8,75.95,75.56,75.59,2704.603469
2025-12-24 21:00:00,75.59,75.74,75.44,75.56,4383.28368
2025-12-24 22:00:00,75.55,76.14,75.53,76.11,1475.57672
2025-12-24 23:00:00,76.13,76.13,75.73,75.81,771.890338
2025-12-25 00:00:00,75.8,75.94,75.56,75.57,1224.45964
2025-12-25 01:00:00,75.61,76.06,75.58,75.98,724.702704
2025-12-25 02:00:00,75.98,76.31,75.78,76.21,732.036895
2025-12-25 03:00:00,76.21,76.48,76.06,76.27,1581.961888
2025-12-25 04:00:00,76.27,76.43,76.22,76.39,791.856657
2025-12-25 05:00:00,76.41,76.41,76.11,76.32,1011.117109
2025-12-25 06:00:00,76.32,76.69,76.27,76.5,1285.628888
2025-12-25 07:00:00,76.49,77.03,76.34,76.95,3822.044711
2025-12-25 08:00:00,76.95,77.29,76.5,76.76,2511.646461
2025-12-25 09:00:00,76.77,76.88,76.62,76.85,1083.77687
2025-12-25 10:00:00,76.86,76.86,75.96,76.17,8087.854138
2025-12-25 11:00:00,76.15,76.46,76.15,76.17,1141.589035
2025-12-25 12:00:00,76.16,76.49,76.14,76.28,1986.094514
2025-12-25 13:00:00,76.25,76.46,76.05,76.27,1186.395089
2025-12-25 14:00:00,76.27,76.45,76.04,76.26,886.217454
2025-12-25 15:00:00,76.27,77.31,76.23,76.97,7789.725002
2025-12-25 16:00:00,77.02,77.4,76.86,76.95,3602.897018
2025-12-25 17:00:00,76.96,77.18,76.72,77.14,1570.758374
2025-12-25 18:00:00,77.16,77.52,77.13,77.36,3296.542751
2025-12-25 19:00:00,77.36,77.56,77.21,77.39,1514.823263
2025-12-25 20:00:00,77.41,77.51,77.12,77.21,2395.69896
2025-12-25 21:00:00,77.2,77.3,76.98,77.03,3359.542895
2025-12-25 22:00:00,77.04,77.08,75.74,76.13,7327.456828
2025-12-25 23:00:00,76.08,76.34,75.35,75.69,4997.34293
2025-12-26 00:00:00,75.67,76.13,75.67,76.11,3721.415179
2025-12-26 01:00:00,76.12,76.58,76.07,76.34,2370.354623
2025-12-26 02:00:00,76.35,77.91,76.21,77.41,12607.025909
2025-12-26 03:00:00,77.42,77.59,77.2,77.54,6427.341782
2025-12-26 04:00:00,77.55,77.77,77.16,77.66,1761.383135
2025-12-26 05:00:00,77.66,77.89,77.52,77.89,1672.606021
2025-12-26 06:00:00,77.89,77.99,77.7,77.8,1818.240554
2025-12-26 07:00:00,77.79,77.96,77.16,77.23,1954.919608
2025-12-26 08:00:00,77.23,77.41,76.78,77.0,5419.196154
2025-12-26 09:00:00,77.0,77.28,76.77,77.24,1531.180149
2025-12-26 10:00:00,77.25,77.45,77.19,77.43,752.494013
2025-12-26 11:00:00,77.44,77.46,76.96,77.1,1583.386564
2025-12-26 12:00:00,77.12,77.41,77.12,77.29,787.13946
2025-12-26 13:00:00,77.29,77.45,77.24,77.41,689.636277
2025-12-26 14:00:00,77.42,77.49,75.68,75.93,9050.339772
2025-12-26 15:00:00,75.92,76.68,75.5,76.65,6914.136656
2025-12-26 16:00:00,76.65,76.74,76.1,76.13,3978.506849
2025-12-26 17:00:00,76.16,76.67,76.16,76.5,1551.624007
2025-12-26 18:00:00,76.52,76.8,76.47,76.7,659.33187
2025-12-26 19:00:00,76.7,76.93,76.65,76.82,1597.460204
2025-12-26 20:00:00,76.81,77.2,76.7,77.01,957.492279
2025-12-26 21:00:00,77.04,77.06,76.73,76.74,911.417635
2025-12-26 22:00:00,76.74,76.81,76.57,76.81,839.500379
2025-12-26 23:00:00,76.81,76.95,76.75,76.89,429.761834
2025-12-27 00:00:00,76.87,77.06,76.83,77.06,541.454341
2025-12-27 01:00:00,77.06,77.09,76.75,77.02,3158.159298
2025-12-27 02:00:00,77.02,77.31,76.95,77.22,1339.023201
2025-12-27 03:00:00,77.21,77.64,77.18,77.53,2421.804809
2025-12-27 04:00:00,77.54,77.59,77.18,77.2,1565.688856
2025-12-27 05:00:00,77.22,77.31,77.14,77.31,1020.34212
2025-12-27 06:00:00,77.31,77.39,77.11,77.13,3153.541944
2025-12-27 07:00:00,77.13,77.36,77.05,77.05,836.965475
2025-12-27 08:00:00,77.06,77.24,77.03,77.05,791.51488
2025-12-27 09:00:00,77.05,77.47,77.05,77.32,1370.762081
2025-12-27 10:00:00,77.33,77.43,77.02,77.43,1786.620868
2025-12-27 11:00:00,77.44,77.89,77.41,77.88,3588.904054
2025-12-27 12:00:00,77.88,78.21,77.88,78.18,3815.851564
2025-12-27 13:00:00,78.2,78.27,78.05,78.17,3183.876134
2025-12-27 14:00:00,78.16,78.69,78.08,78.63,3571.094105
2025-12-27 15:00:00,78.63,78.77,78.28,78.64,2286.422345
2025-12-27 16:00:00,78.68,78.97,78.56,78.77,2206.225044
2025-12-27 17:00:00,78.78,79.15,78.68,78.92,4900.817062
2025-12-27 18:00:00,78.91,79.13,78.7,78.72,2302.317373
2025-12-27 19:00:00,78.73,79.15,78.67,79.14,749.103941
2025-12-27 20:00:00,79.15,79.34,78.94,79.27,2145.178318
2025-12-27 21:00:00,79.27,79.67,79.17,79.53,2739.898469
2025-12-27 22:00:00,79.54,80.0,79.25,79.43,2601.311824
2025-12-27 23:00:00,79.44,80.55,79.44,80.31,4490.057033
2025-12-28 00:00:00,80.32,80.56,80.13,80.27,4119.806655
2025-12-28 01:00:00,80.27,80.4,79.77,79.85,6460.346142
2025-12-28 02:00:00,79.84,79.88,79.64,79.67,6056.635425
2025-12-28 03:00:00,79.68,79.68,79.34,79.38,4417.61562
2025-12-28 04:00:00,79.36,79.52,79.22,79.28,4651.869884
2025-12-28 05:00:00,79.27,79.3,79.06,79.12,1734.234323
2025-12-28 06:00:00,79.12,79.55,79.12,79.53,4650.794227
2025-12-28 07:00:00,79.52,79.92,79.45,79.67,1792.877034
2025-12-28 08:00:00,79.68,80.08,79.62,79.83,6025.874974
2025-12-28 09:00:00,79.84,79.84,79.28,79.34,2431.549211
2025-12-28 10:00:00,79.33,79.52,79.27,79.33,1095.939307
2025-12-28 11:00:00,79.34,79.46,79.16,79.27,1438.975964
2025-12-28 12:00:00,79.27,79.41,78.91,79.02,2037.829492
2025-12-28 13:00:00,79.02,79.22,78.92,79.02,1684.312645
2025-12-28 14:00:00,79.02,79.56,79.01,79.34,3235.639283
2025-12-28 15:00:00,79.34,79.52,79.3,79.35,2335.509936
2025-12-28 16:00:00,79.37,79.59,79.08,79.27,3433.677341
2025-12-28 17:00:00,79.27,79.67,79.26,79.42,2885.645622
2025-12-28 18:00:00,79.43,79.44,78.27,78.28,8656.48031
2025-12-28 19:00:00,78.28,78.52,78.18,78.29,2465.016387
2025-12-28 20:00:00,78.28,78.5,78.1,78.19,4314.227828
2025-12-28 21:00:00,78.19,78.25,77.87,78.13,3049.432409
2025-12-28 22:00:00,78.14,78.48,77.93,78.34,1625.901207
2025-12-28 23:00:00,78.36,78.74,78.17,78.72,1021.984806
2025-12-29 00:00:00,78.72,79.5,78.48,79.29,3237.306395
2025-12-29 01:00:00,79.25,79.57,78.83,79.27,3113.531744
2025-12-29 02:00:00,79.27,79.9,78.92,79.05,9896.175687
2025-12-29 03:00:00,79.07,80.2,79.07,80.15,13827.987311
2025-12-29 04:00:00,80.14,80.24,79.72,79.79,19611.939265
2025-12-29 05:00:00,79.79,79.9,79.54,79.55,1868.192823
2025-12-29 06:00:00,79.54,79.91,79.07,79.11,3196.881823
2025-12-29 07:00:00,79.1,79.27,78.63,79.23,5056.931086
2025-12-29 08:00:00,79.23,79.26,78.82,78.89,2971.953062
2025-12-29 09:00:00,78.91,78.91,77.64,78.18,8761.706335
2025-12-29 10:00:00,78.17,78.48,77.96,78.14,10315.59474
2025-12-29 11:00:00,78.14,78.14,77.8,77.87,2922.633383
2025-12-29 12:00:00,77.87,77.92,76.94,77.7,12160.929386
2025-12-29 13:00:00,77.69,77.78,77.26,77.44,2707.681707
2025-12-29 14:00:00,77.44,78.29,77.33,78.0,5647.253759
2025-12-29 15:00:00,77.99,78.53,77.85,78.24,4230.588722
2025-12-29 16:00:00,78.27,78.44,77.69,77.96,2609.895072
2025-12-29 17:00:00,77.96,78.3,77.82,78.28,1973.014247
2025-12-29 18:00:00,78.27,78.32,77.42,77.5,2447.04408
2025-12-29 19:00:00,77.51,78.05,77.47,77.94,2299.509124
2025-12-29 20:00:00,77.93,78.39,77.86,78.06,1992.146328
2025-12-29 21:00:00,78.05,78.39,78.01,78.33,1869.708891
2025-12-29 22:00:00,78.31,78.45,78.18,78.39,1909.725301
2025-12-29 23:00:00,78.37,78.62,78.23,78.35,2005.440826
2025-12-30 00:00:00,78.36,78.38,77.87,78.29,1627.250864
2025-12-30 01:00:00,78.28,78.64,78.04,78.36,2927.906844
2025-12-30 02:00:00,78.36,78.43,77.84,78.05,2074.954096
2025-12-30 03:00:00,78.05,78.37,77.74,78.23,1436.959351
2025-12-30 04:00:00,78.22,78.56,78.13,78.32,3205.951072
2025-12-30 05:00:00,78.34,78.45,78.08,78.18,2752.551315
2025-12-30 06:00:00,78.18,78.44,78.16,78.16,8026.535099
2025-12-30 07:00:00,78.15,78.28,78.05,78.26,3265.755863
2025-12-30 08:00:00,78.25,78.8,77.97,78.02,29763.776604
2025-12-30 09:00:00,78.04,78.29,77.93,78.12,3482.794245
2025-12-30 10:00:00,78.12,78.25,77.92,78.04,1985.233884
2025-12-30 11:00:00,78.05,78.16,77.95,78.02,1138.856301
2025-12-30 12:00:00,78.03,78.06,77.75,77.81,2182.509163
2025-12-30 13:00:00,77.81,78.32,77.79,78.23,2114.604029
2025-12-30 14:00:00,78.23,78.7,77.8,78.6,4484.384437
2025-12-30 15:00:00,78.6,78.76,78.09,78.68,3764.429495
2025-12-30 16:00:00,78.7,78.78,78.24,78.32,2095.680722
2025-12-30 17:00:00,78.33,78.4,77.92,78.06,2480.241134
2025-12-30 18:00:00,78.05,78.17,77.84,78.06,832.831545
2025-12-30 19:00:00,78.07,78.25,77.65,78.18,1512.80368
2025-12-30 20:00:00,78.17,78.23,77.79,77.82,805.723689
2025-12-30 21:00:00,77.79,78.08,77.75,77.97,935.228179
2025-12-30 22:00:00,78.0,78.2,77.94,78.12,855.312776
2025-12-30 23:00:00,78.09,79.06,78.05,78.88,11819.119479
2025-12-31 00:00:00,78.88,78.89,77.91,78.09,12764.033162
2025-12-31 01:00:00,78.09,78.56,78.02,78.21,2326.73552
2025-12-31 02:00:00,78.2,78.28,78.06,78.09,1597.189609
2025-12-31 03:00:00,78.1,78.24,77.84,78.09,2256.606024
2025-12-31 04:00:00,78.1,78.17,77.95,78.04,955.77864
2025-12-31 05:00:00,78.05,78.25,78.03,78.17,1492.998218
2025-12-31 06:00:00,78.18,78.3,78.1,78.3,1194.011115
2025-12-31 07:00:00,78.29,78.4,78.16,78.22,991.976057
2025-12-31 08:00:00,78.23,78.44,77.8,77.92,3725.850886
2025-12-31 09:00:00,77.93,78.23,77.93,78.05,2175.510899
2025-12-31 10:00:00,78.06,78.28,77.95,78.06,2265.451038
2025-12-31 11:00:00,78.06,78.32,78.02,78.26,3134.082757
2025-12-31 12:00:00,78.25,78.25,77.89,78.04,2946.662987
2025-12-31 13:00:00,78.03,78.27,77.97,78.23,1093.639432
2025-12-31 14:00:00,78.21,78.5,78.11,78.2,1904.426217
2025-12-31 15:00:00,78.21,78.24,77.15,77.6,32644.299594
2025-12-31 16:00:00,77.59,77.59,76.56,76.94,7112.506613
2025-12-31 17:00:00,76.9,76.92,76.36,76.44,4887.750531
2025-12-31 18:00:00,76.46,76.97,76.35,76.75,1856.538073
2025-12-31 19:00:00,76.76,76.93,76.58,76.58,1083.138968
2025-12-31 20:00:00,76.57,76.8,76.08,76.74,3546.842628
2025-12-31 21:00:00,76.74,76.9,76.65,76.86,2830.189142
2025-12-31 22:00:00,76.87,77.0,76.68,76.87,1408.456427
2025-12-31 23:00:00,76.84,76.92,76.76,76.86,2388.219281
2026-01-01 00:00:00,76.86,77.11,76.79,77.07,1147.178264
2026-01-01 01:00:00,77.04,77.35,77.01,77.28,944.926668
2026-01-01 02:00:00,77.28,77.29,77.1,77.14,779.548298
2026-01-01 03:00:00,77.14,77.27,76.88,76.9,1619.727281
2026-01-01 04:00:00,76.92,76.92,76.72,76.8,1514.494607
2026-01-01 05:00:00,76.8,77.32,76.8,77.21,1329.920756
2026-01-01 06:00:00,77.21,77.29,77.12,77.22,339.382647
2026-01-01 07:00:00,77.24,77.34,77.1,77.16,1646.459456
2026-01-01 08:00:00,77.16,77.51,77.16,77.5,1050.794226
2026-01-01 09:00:00,77.5,77.63,77.43,77.59,2064.766538
2026-01-01 10:00:00,77.59,77.59,77.42,77.48,2037.60647
2026-01-01 11:00:00,77.48,77.79,77.43,77.79,449.314075
2026-01-01 12:00:00,77.78,77.78,77.51,77.61,892.185831
2026-01-01 13:00:00,77.6,78.02,77.59,78.01,1778.105508
2026-01-01 14:00:00,78.01,78.32,77.92,78.11,2450.318222
2026-01-01 15:00:00,78.11,79.17,78.11,78.84,5550.266801
2026-01-01 16:00:00,78.85,79.1,78.66,78.85,6082.708094
2026-01-01 17:00:00,78.85,79.2,78.58,78.94,3847.725955
2026-01-01 18:00:00,78.96,79.12,78.92,79.04,1189.222097
2026-01-01 19:00:00,79.03,79.44,79.01,79.41,9064.953654
2026-01-01 20:00:00,79.42,79.6,79.33,79.46,2006.716644
2026-01-01 21:00:00,79.48,79.67,79.27,79.65,2319.021963
2026-01-01 22:00:00,79.65,79.9,79.53,79.89,3107.649881
2026-01-01 23:00:00,79.9,80.0,79.66,79.94,2394.240448
2026-01-02 00:00:00,79.96,80.03,79.53,79.69,4445.251933
2026-01-02 01:00:00,79.69,79.76,79.08,79.39,2920.140919
2026-01-02 02:00:00,79.39,79.51,79.2,79.49,840.67027
2026-01-02 03:00:00,79.49,80.35,79.45,80.15,3805.07557
2026-01-02 04:00:00,80.16,80.27,79.66,79.71,2367.780532
2026-01-02 05:00:00,79.68,79.87,79.54,79.86,1753.91465
2026-01-02 06:00:00,79.86,79.93,79.48,79.48,1387.333294
2026-01-02 07:00:00,79.48,79.56,79.22,79.32,1540.489584
2026-01-02 08:00:00,79.32,79.59,79.3,79.5,2177.511793
2026-01-02 09:00:00,79.51,80.59,79.43,80.26,4067.183419
2026-01-02 10:00:00,80.28,80.54,79.77,80.02,13767.411614
2026-01-02 11:00:00,80.01,80.01,79.46,79.68,1998.409745
2026-01-02 12:00:00,79.69,80.25,79.67,80.15,3558.215048
2026-01-02 13:00:00,80.14,80.27,79.94,80.07,2059.877828
2026-01-02 14:00:00,80.06,81.13,79.63,80.54,7331.245331
2026-01-02 15:00:00,80.55,80.8,79.83,80.54,11878.665633
2026-01-02 16:00:00,80.53,81.49,80.45,81.49,8638.874426
2026-01-02 17:00:00,81.49,81.6,80.81,81.28,7828.008784
2026-01-02 18:00:00,81.26,81.53,80.87,81.12,1515.481697
2026-01-02 19:00:00,81.14,81.32,81.07,81.31,993.154325
2026-01-02 20:00:00,81.31,81.41,81.02,81.2,1375.390034
2026-01-02 21:00:00,81.21,81.82,81.21,81.81,1863.867466
2026-01-02 22:00:00,81.82,82.23,81.78,82.11,3556.184821
2026-01-02 23:00:00,82.1,82.12,81.77,81.91,988.740904
2026-01-03 00:00:00,81.9,82.25,81.85,82.05,3846.939341
2026-01-03 01:00:00,82.04,82.56,82.04,82.54,5008.467954
2026-01-03 02:00:00,82.54,82.8,82.1,82.68,3226.364022
2026-01-03 03:00:00,82.67,82.7,82.08,82.64,10930.194873
2026-01-03 04:00:00,82.65,82.66,82.38,82.48,1737.753788
2026-01-03 05:00:00,82.49,82.66,81.94,82.59,5881.969144
2026-01-03 06:00:00,82.55,82.77,81.95,82.24,5932.680405
2026-01-03 07:00:00,82.22,82.35,81.04,81.36,9807.774888
2026-01-03 08:00:00,81.35,81.81,81.25,81.34,2748.961499
2026-01-03 09:00:00,81.33,81.62,81.28,81.4,2625.32772
2026-01-03 10:00:00,81.42,81.76,81.17,81.43,2348.153341
2026-01-03 11:00:00,81.44,81.44,81.17,81.39,2036.115541
2026-01-03 12:00:00,81.38,81.6,81.25,81.57,1224.438859
2026-01-03 13:00:00,81.56,81.92,81.48,81.83,1294.778436
2026-01-03 14:00:00,81.82,81.93,80.72,81.23,5378.865168
2026-01-03 15:00:00,81.22,81.38,81.01,81.24,4059.077306
2026-01-03 16:00:00,81.24,82.06,81.16,81.95,2182.544065
2026-01-03 17:00:00,81.98,82.31,81.91,82.2,5762.308496
2026-01-03 18:00:00,82.22,82.5,82.09,82.37,1676.49124
2026-01-03 19:00:00,82.38,82.38,82.15,82.2,1216.553627
2026-01-03 20:00:00,82.2,82.39,81.9,82.31,1276.319605
2026-01-03 21:00:00,82.31,82.43,82.14,82.15,1264.214733
2026-01-03 22:00:00,82.15,82.48,82.06,82.37,2254.806638
2026-01-03 23:00:00,82.39,82.41,82.03,82.05,737.633244
2026-01-04 00:00:00,82.06,82.77,81.98,82.49,5709.862739
2026-01-04 01:00:00,82.48,82.54,82.03,82.27,1118.275976
2026-01-04 02:00:00,82.26,82.31,82.05,82.14,1280.44688
2026-01-04 03:00:00,82.16,82.65,82.15,82.51,2190.113989
2026-01-04 04:00:00,82.5,82.7,82.4,82.42,6645.359247
2026-01-04 05:00:00,82.44,82.57,82.22,82.55,1573.940824
2026-01-04 06:00:00,82.55,82.81,82.07,82.21,5005.891619
2026-01-04 07:00:00,82.21,82.42,82.07,82.2,10775.267801
2026-01-04 08:00:00,82.2,82.2,81.67,82.13,19574.647264
2026-01-04 09:00:00,82.13,82.7,82.0,82.52,4455.752418
2026-01-04 10:00:00,82.52,82.69,82.29,82.33,2239.632076
2026-01-04 11:00:00,82.3,82.62,82.09,82.59,5343.369641
2026-01-04 12:00:00,82.54,83.06,82.35,82.6,7153.883395
2026-01-04 13:00:00,82.59,82.65,82.14,82.65,2607.036616
2026-01-04 14:00:00,82.65,82.78,82.18,82.28,4843.839883
2026-01-04 15:00:00,82.28,82.78,82.23,82.67,3959.866176
2026-01-04 16:00:00,82.66,83.18,82.59,82.99,5627.726346
2026-01-04 17:00:00,82.99,83.05,82.63,82.91,2447.119776
2026-01-04 18:00:00,82.91,82.98,82.15,82.46,3101.166834
2026-01-04 19:00:00,82.47,82.47,81.63,82.15,3597.150497
2026-01-04 20:00:00,82.16,82.27,82.03,82.14,846.669685
2026-01-04 21:00:00,82.13,82.41,81.75,81.94,1836.95988
2026-01-04 22:00:00,81.95,82.13,81.82,82.0,2136.764338
2026-01-04 23:00:00,82.03,82.44,81.98,82.26,2018.885933
2026-01-05 00:00:00,82.26,82.95,82.16,82.74,3583.546314
2026-01-05 01:00:00,82.77,83.55,82.58,83.28,6701.21749
2026-01-05 02:00:00,83.32,83.6,82.28,82.43,15010.561186
2026-01-05 03:00:00,82.44,82.65,82.29,82.6,5254.918282
2026-01-05 04:00:00,82.64,82.76,81.43,82.02,12293.53075
2026-01-05 05:00:00,81.99,82.2,81.72,81.75,2143.639137
2026-01-05 06:00:00,81.73,82.24,81.5,82.11,3636.76899
2026-01-05 07:00:00,82.11,82.5,81.98,82.39,2479.039197
2026-01-05 08:00:00,82.38,82.49,81.94,82.2,2000.540225
2026-01-05 09:00:00,82.23,82.23,81.75,81.87,3606.678988
2026-01-05 10:00:00,81.87,82.23,81.63,81.7,3252.094649
2026-01-05 11:00:00,81.69,82.09,81.63,82.02,2967.868851
2026-01-05 12:00:00,82.01,82.13,81.65,82.02,1546.58878
2026-01-05 13:00:00,82.02,82.16,81.65,81.89,2334.808234
2026-01-05 14:00:00,81.91,82.93,81.69,82.76,10532.738834
2026-01-05 15:00:00,82.77,83.65,82.67,83.42,9246.720628
2026-01-05 16:00:00,83.42,83.6,82.83,82.94,4640.795383
2026-01-05 17:00:00,82.93,83.39,82.08,83.33,4682.538993
2026-01-05 18:00:00,83.31,83.84,83.01,83.82,2437.818199
2026-01-05 19:00:00,83.8,84.1,83.48,83.66,3672.467546
2026-01-05 20:00:00,83.67,84.6,83.62,83.92,4950.832756
2026-01-05 21:00:00,83.91,84.02,83.52,83.69,1509.743362
2026-01-05 22:00:00,83.68,84.23,83.57,84.04,2538.173537
2026-01-05 23:00:00,84.06,84.06,83.46,83.47,2152.164222
2026-01-06 00:00:00,83.47,83.73,82.81,83.64,3154.375832
2026-01-06 01:00:00,83.64,84.1,83.32,83.36,4724.31862
2026-01-06 02:00:00,83.36,83.77,83.26,83.56,1528.237418
2026-01-06 03:00:00,83.57,83.98,83.55,83.83,1022.214126
2026-01-06 04:00:00,83.82,83.96,83.5,83.68,2253.101444
2026-01-06 05:00:00,83.67,83.77,83.36,83.4,1282.576005
2026-01-06 06:00:00,83.38,83.99,83.34,83.71,2631.600552
2026-01-06 07:00:00,83.72,83.76,82.83,83.08,3854.14973
2026-01-06 08:00:00,83.08,83.32,82.98,83.06,2412.963426
2026-01-06 09:00:00,83.04,83.32,82.97,83.09,1361.023607
2026-01-06 10:00:00,83.08,83.3,82.9,83.27,1368.346789
2026-01-06 11:00:00,83.25,83.8,83.19,83.79,1469.785514
2026-01-06 12:00:00,83.78,84.32,83.76,84.23,4074.631253
2026-01-06 13:00:00,84.22,84.34,83.77,83.9,2963.699375
2026-01-06 14:00:00,83.9,84.88,83.62,83.96,11431.642314
2026-01-06 15:00:00,83.94,84.48,83.25,83.53,6460.231025
2026-01-06 16:00:00,83.52,83.61,81.94,82.65,14737.281474
2026-01-06 17:00:00,82.61,82.95,81.23,81.41,7117.023826
2026-01-06 18:00:00,81.41,82.59,81.2,82.5,2055.200829
2026-01-06 19:00:00,82.52,82.81,82.4,82.48,1539.385379
2026-01-06 20:00:00,82.45,83.0,82.45,82.77,814.7625
2026-01-06 21:00:00,82.77,84.14,82.63,83.79,9264.865261
2026-01-06 22:00:00,83.77,83.99,83.42,83.64,3492.715869
2026-01-06 23:00:00,83.67,84.13,83.63,83.97,5334.453268
2026-01-07 00:00:00,83.96,83.97,82.95,82.99,16090.022009
2026-01-07 01:00:00,82.98,83.23,82.72,82.9,10769.489289
2026-01-07 02:00:00,82.88,83.62,82.75,83.62,8149.187005
2026-01-07 03:00:00,83.63,83.78,83.29,83.33,3906.472042
2026-01-07 04:00:00,83.34,83.56,83.16,83.22,896.535056
2026-01-07 05:00:00,83.21,83.33,82.97,83.0,1367.932755
2026-01-07 06:00:00,83.01,83.2,82.88,82.89,2688.204636
2026-01-07 07:00:00,82.9,83.62,82.9,83.48,4236.329537
2026-01-07 08:00:00,83.5,83.92,83.3,83.84,4180.152233
2026-01-07 09:00:00,83.85,83.85,82.59,82.83,14865.077001
2026-01-07 10:00:00,82.8,83.06,82.64,82.82,2227.734652
2026-01-07 11:00:00,82.79,82.88,82.62,82.77,2236.088277
2026-01-07 12:00:00,82.78,82.78,82.1,82.64,6542.55125
2026-01-07 13:00:00,82.66,82.9,82.38,82.48,2973.342897
2026-01-07 14:00:00,82.48,82.5,81.3,82.22,13520.683975
2026-01-07 15:00:00,82.23,82.23,81.27,81.56,5679.65518
2026-01-07 16:00:00,81.55,81.9,81.17,81.49,30413.147373
2026-01-07 17:00:00,81.52,81.91,81.33,81.47,2706.018414
2026-01-07 18:00:00,81.47,81.79,81.19,81.4,5487.263622
2026-01-07 19:00:00,81.42,81.63,80.95,81.47,4435.25419
2026-01-07 20:00:00,81.49,81.6,81.18,81.4,1461.491216
2026-01-07 21:00:00,81.38,81.6,81.36,81.52,1080.058402
2026-01-07 22:00:00,81.5,81.94,81.28,81.47,2204.159488
2026-01-07 23:00:00,81.47,81.96,81.22,81.69,1669.044129
2026-01-08 00:00:00,81.7,81.97,81.49,81.87,3773.836849
2026-01-08 01:00:00,81.89,82.29,81.86,82.15,2197.807124
2026-01-08 02:00:00,82.15,82.29,81.69,81.86,1681.491834
2026-01-08 03:00:00,81.86,82.05,81.21,81.33,1710.614173
2026-01-08 04:00:00,81.32,81.87,81.21,81.7,1640.509782
2026-01-08 05:00:00,81.72,82.03,81.62,81.71,1533.447484
2026-01-08 06:00:00,81.72,81.79,80.6,80.61,19215.746784
2026-01-08 07:00:00,80.61,81.32,80.3,81.31,6393.550789
2026-01-08 08:00:00,81.31,81.59,80.85,80.94,3586.703719
2026-01-08 09:00:00,80.96,81.14,80.53,80.6,2150.96666
2026-01-08 10:00:00,80.59,81.17,80.24,81.06,3457.378796
2026-01-08 11:00:00,81.06,81.08,80.41,80.91,2186.878989
2026-01-08 12:00:00,80.9,80.9,80.4,80.51,4600.325194
2026-01-08 13:00:00,80.51,80.8,80.38,80.69,1856.384548
2026-01-08 14:00:00,80.67,80.95,80.0,80.77,6807.56174
2026-01-08 15:00:00,80.74,81.4,80.4,81.38,2852.229859
2026-01-08 16:00:00,81.37,81.44,80.8,81.43,3351.851836
2026-01-08 17:00:00,81.42,81.66,81.18,81.61,2647.070813
2026-01-08 18:00:00,81.6,81.64,81.28,81.37,869.29233
2026-01-08 19:00:00,81.38,81.59,80.96,81.02,663.395331
2026-01-08 20:00:00,81.01,81.08,80.46,81.03,1119.911901
2026-01-08 21:00:00,81.03,81.42,80.99,81.36,891.445993
2026-01-08 22:00:00,81.37,81.64,81.21,81.53,1252.215408
2026-01-08 23:00:00,81.54,81.59,81.27,81.31,520.174023
2026-01-09 00:00:00,81.32,81.8,81.31,81.75,1029.717053
2026-01-09 01:00:00,81.75,82.1,81.17,81.39,3713.079781
2026-01-09 02:00:00,81.39,81.82,81.23,81.26,1620.393026
2026-01-09 03:00:00,81.27,81.84,81.21,81.84,1888.97238
2026-01-09 04:00:00,81.84,81.99,81.56,81.61,1241.58093
2026-01-09 05:00:00,81.61,81.7,81.38,81.63,825.886047
2026-01-09 06:00:00,81.62,81.9,81.51,81.86,855.231028
2026-01-09 07:00:00,81.86,81.86,81.57,81.57,1622.24551
2026-01-09 08:00:00,81.56,81.77,80.56,80.91,5054.204464
2026-01-09 09:00:00,80.92,81.27,80.89,81.01,2693.848808
2026-01-09 10:00:00,81.03,81.28,81.01,81.23,2471.600555
2026-01-09 11:00:00,81.26,81.44,81.08,81.18,924.555667
2026-01-09 12:00:00,81.19,81.25,80.92,81.01,750.517384
2026-01-09 13:00:00,81.02,81.6,80.89,80.97,8760.399951
2026-01-09 14:00:00,80.98,80.99,79.93,80.72,11003.47849
2026-01-09 15:00:00,80.71,81.81,80.35,81.31,11234.600346
2026-01-09 16:00:00,81.32,81.97,81.32,81.85,4925.558415
2026-01-09 17:00:00,81.85,81.91,81.29,81.85,3249.784193
2026-01-09 18:00:00,81.85,81.91,81.04,81.47,1996.612978
2026-01-09 19:00:00,81.47,81.47,80.77,81.02,1264.070104
2026-01-09 20:00:00,81.01,81.27,80.91,80.93,937.755558
2026-01-09 21:00:00,80.95,81.45,80.85,81.41,1154.956973
2026-01-09 22:00:00,81.42,81.6,81.27,81.57,899.460064
2026-01-09 23:00:00,81.56,81.66,81.45,81.5,1313.372984
2026-01-10 00:00:00,81.49,81.52,81.25,81.33,508.7493
2026-01-10 01:00:00,81.34,81.54,81.34,81.54,1187.312892
2026-01-10 02:00:00,81.55,81.57,81.02,81.21,1222.098603
2026-01-10 03:00:00,81.21,81.21,80.92,81.14,1290.363298
2026-01-10 04:00:00,81.13,81.14,80.81,80.88,901.258835
2026-01-10 05:00:00,80.88,81.04,80.82,81.02,250.328622
2026-01-10 06:00:00,81.01,81.21,80.85,81.15,954.152089
2026-01-10 07:00:00,81.16,81.62,81.16,81.6,2464.476339
2026-01-10 08:00:00,81.6,81.6,81.32,81.46,628.287709
2026-01-10 09:00:00,81.45,81.69,81.44,81.65,1101.017306
2026-01-10 10:00:00,81.65,81.78,81.49,81.7,1794.045023
2026-01-10 11:00:00,81.69,81.81,81.59,81.81,1732.965957
2026-01-10 12:00:00,81.81,81.86,81.63,81.86,711.964625
2026-01-10 13:00:00,81.86,82.29,81.79,82.09,2662.089286
2026-01-10 14:00:00,82.12,82.4,81.52,81.66,7870.925712
2026-01-10 15:00:00,81.67,81.86,81.46,81.56,2588.111211
2026-01-10 16:00:00,81.54,81.64,81.4,81.55,524.675411
2026-01-10 17:00:00,81.55,81.69,81.02,81.08,2290.008958
2026-01-10 18:00:00,81.08,81.32,81.06,81.24,501.89499
2026-01-10 19:00:00,81.26,81.38,81.23,81.37,1138.324642
2026-01-10 20:00:00,81.37,81.42,81.32,81.39,608.79193
2026-01-10 21:00:00,81.39,81.39,81.07,81.08,816.013162
2026-01-10 22:00:00,81.09,81.29,80.9,80.93,1821.795391
2026-01-10 23:00:00,80.93,81.3,80.93,81.18,841.737322
2026-01-11 00:00:00,81.19,81.34,81.1,81.32,482.39477
2026-01-11 01:00:00,81.32,81.47,81.19,81.44,559.071101
2026-01-11 02:00:00,81.43,81.69,81.4,81.49,1063.865879
2026-01-11 03:00:00,81.48,81.85,81.45,81.75,2454.812389
2026-01-11 04:00:00,81.75,81.75,81.27,81.47,1338.206353
2026-01-11 05:00:00,81.46,81.55,81.32,81.44,984.080718
2026-01-11 06:00:00,81.43,81.5,81.11,81.41,1501.663748
2026-01-11 07:00:00,81.42,81.46,81.05,81.26,3248.327862
2026-01-11 08:00:00,81.26,81.37,81.11,81.29,975.149092
2026-01-11 09:00:00,81.28,81.39,81.18,81.3,696.956193
2026-01-11 10:00:00,81.29,81.47,81.17,81.23,1055.191654
2026-01-11 11:00:00,81.23,81.23,80.96,81.03,1748.036833
2026-01-11 12:00:00,81.04,81.32,81.01,81.2,1861.801722
2026-01-11 13:00:00,81.2,81.25,80.88,80.91,1490.805555
2026-01-11 14:00:00,80.91,81.27,80.77,81.19,3634.113967
2026-01-11 15:00:00,81.2,81.24,80.41,80.54,3568.867489
2026-01-11 16:00:00,80.57,81.17,80.48,80.82,2830.017422
2026-01-11 17:00:00,80.83,81.02,80.44,80.67,1620.568287
2026-01-11 18:00:00,80.67,80.8,80.34,80.76,4304.467703
2026-01-11 19:00:00,80.76,80.85,80.25,80.29,3124.13067
2026-01-11 20:00:00,80.28,80.29,79.68,80.0,8238.803848
2026-01-11 21:00:00,80.0,80.0,79.21,79.33,8420.819088
2026-01-11 22:00:00,79.34,79.36,78.75,78.87,5299.967808
2026-01-11 23:00:00,78.86,79.49,78.5,78.78,11930.610378
2026-01-12 00:00:00,78.78,78.85,77.77,78.53,17743.695877
2026-01-12 01:00:00,78.53,79.06,78.16,78.67,14664.078211
2026-01-12 02:00:00,78.68,79.39,78.5,79.2,10967.837309
2026-01-12 03:00:00,79.23,80.0,79.11,79.27,16352.307432
2026-01-12 04:00:00,79.27,80.11,78.98,80.08,7097.600732
2026-01-12 05:00:00,80.06,80.78,79.93,80.05,7370.938021
2026-01-12 06:00:00,80.04,80.2,79.35,79.6,4396.721941
2026-01-12 07:00:00,79.61,79.77,78.58,78.62,12023.108853
2026-01-12 08:00:00,78.59,79.0,77.86,78.32,11742.679307
2026-01-12 09:00:00,78.32,78.38,78.11,78.18,7241.387074
2026-01-12 10:00:00,78.2,78.35,77.33,77.52,11113.859797
2026-01-12 11:00:00,77.53,77.97,77.52,77.62,3902.442059
2026-01-12 12:00:00,77.61,77.62,76.17,76.39,37685.886118
2026-01-12 13:00:00,76.39,76.54,75.63,76.19,19875.335049
2026-01-12 14:00:00,76.21,77.1,76.16,76.94,10216.073845
2026-01-12 15:00:00,76.95,77.43,76.61,77.19,15054.431887
2026-01-12 16:00:00,77.18,77.72,76.69,76.85,9942.44809
2026-01-12 17:00:00,76.85,77.11,76.47,77.0,12974.614574
2026-01-12 18:00:00,77.01,77.03,75.94,76.58,10357.634168
2026-01-12 19:00:00,76.59,76.64,75.92,76.21,10135.822304
2026-01-12 20:00:00,76.24,76.7,76.0,76.07,4257.072041
2026-01-12 21:00:00,76.07,76.67,75.97,76.3,6112.744489
2026-01-12 22:00:00,76.31,76.74,76.01,76.01,8339.49299
2026-01-12 23:00:00,76.01,76.21,75.89,76.14,9267.057917
2026-01-13 00:00:00,76.13,76.38,75.88,76.0,23630.539464
2026-01-13 01:00:00,76.01,76.27,75.76,76.27,10636.633242
2026-01-13 02:00:00,76.27,76.61,75.91,76.17,10305.489466
2026-01-13 03:00:00,76.16,76.5,76.09,76.24,4698.347182
2026-01-13 04:00:00,76.24,76.61,76.23,76.52,8839.917757
2026-01-13 05:00:00,76.52,76.8,76.31,76.5,8848.037788
2026-01-13 06:00:00,76.51,76.76,76.18,76.69,3982.660909
2026-01-13 07:00:00,76.7,77.19,76.41,76.81,7987.947773
2026-01-13 08:00:00,76.8,77.0,76.06,76.57,14166.878687
2026-01-13 09:00:00,76.54,76.79,75.98,76.16,15964.19202
2026-01-13 10:00:00,76.16,76.36,75.26,75.63,18047.51696
2026-01-13 11:00:00,75.61,76.52,75.53,76.33,6104.700248
2026-01-13 12:00:00,76.33,76.74,76.16,76.71,8184.869125
2026-01-13 13:00:00,76.71,76.92,76.28,76.37,23963.346723
2026-01-13 14:00:00,76.37,77.47,76.12,76.61,29207.193166
2026-01-13 15:00:00,76.6,77.11,75.98,77.05,20324.04192
2026-01-13 16:00:00,77.05,77.93,76.94,77.57,44934.583621
2026-01-13 17:00:00,77.58,77.65,76.66,76.67,9149.573418
2026-01-13 18:00:00,76.68,76.78,75.93,76.24,16222.917585
2026-01-13 19:00:00,76.24,77.3,76.16,77.23,12315.700977
2026-01-13 20:00:00,77.26,77.5,76.37,76.81,16438.411459
2026-01-13 21:00:00,76.8,77.26,76.5,77.2,6607.806833
2026-01-13 22:00:00,77.2,78.98,77.01,78.41,38011.184931
2026-01-13 23:00:00,78.41,78.95,77.78,78.21,38823.278325
2026-01-14 00:00:00,78.16,78.63,77.74,78.19,17849.927936
2026-01-14 01:00:00,78.18,78.83,77.89,78.11,20408.16288
2026-01-14 02:00:00,78.11,78.67,77.94,78.27,8336.559273
2026-01-14 03:00:00,78.27,79.36,78.16,79.34,12048.386895
2026-01-14 04:00:00,79.33,79.43,78.27,78.66,16726.669293
2026-01-14 05:00:00,78.63,78.95,78.35,78.64,8901.803949
2026-01-14 06:00:00,78.65,79.1,78.09,79.06,7812.583179
2026-01-14 07:00:00,79.07,79.35,78.9,79.07,8066.922483
2026-01-14 08:00:00,79.07,79.34,78.59,78.81,8927.286765
2026-01-14 09:00:00,78.83,79.58,78.7,78.7,16709.22017
2026-01-14 10:00:00,78.69,79.19,78.37,78.39,10373.843031
2026-01-14 11:00:00,78.38,78.51,77.8,77.9,9866.345165
2026-01-14 12:00:00,77.89,78.89,77.85,78.78,5663.794025
2026-01-14 13:00:00,78.79,79.15,78.43,78.6,14850.491015
2026-01-14 14:00:00,78.61,79.67,78.6,79.26,16826.730412
2026-01-14 15:00:00,79.25,80.95,78.94,79.74,32367.71057
2026-01-14 16:00:00,79.73,80.28,79.23,79.37,19680.587379
2026-01-14 17:00:00,79.36,79.49,78.08,78.27,29573.267572
2026-01-14 18:00:00,78.26,78.64,77.59,77.92,22089.610038
2026-01-14 19:00:00,77.92,78.61,77.45,77.53,25347.205072
2026-01-14 20:00:00,77.53,78.04,77.01,77.67,15547.062226
2026-01-14 21:00:00,77.64,78.0,77.29,77.66,7205.054747
2026-01-14 22:00:00,77.64,77.96,76.33,76.63,19019.065401
2026-01-14 23:00:00,76.64,77.26,76.14,76.69,19048.547653
2026-01-15 00:00:00,76.69,76.83,75.95,76.25,24269.509223
2026-01-15 01:00:00,76.26,76.74,75.64,76.02,18428.664654
2026-01-15 02:00:00,76.01,76.25,75.44,75.78,20979.221462
2026-01-15 03:00:00,75.79,75.82,73.09,73.97,74292.165201
2026-01-15 04:00:00,73.98,74.61,73.91,74.39,16956.851369
2026-01-15 05:00:00,74.38,74.79,74.37,74.66,16654.176293
2026-01-15 06:00:00,74.66,74.81,74.08,74.43,22821.930484
2026-01-15 07:00:00,74.44,74.87,74.34,74.54,25683.129518
2026-01-15 08:00:00,74.56,75.41,74.4,75.21,31705.082224
2026-01-15 09:00:00,75.2,76.9,74.64,76.03,41128.388054
2026-01-15 10:00:00,76.03,76.21,75.62,75.8,11626.500087
2026-01-15 11:00:00,75.8,75.97,75.32,75.65,13882.522804
2026-01-15 12:00:00,75.65,75.86,75.33,75.81,7008.774139
2026-01-15 13:00:00,75.75,76.12,75.55,75.72,6403.425272
2026-01-15 14:00:00,75.71,75.81,74.43,74.82,19515.700024
2026-01-15 15:00:00,74.84,75.16,69.51,72.35,109843.703233
2026-01-15 16:00:00,72.34,73.11,71.71,72.93,49841.212401
2026-01-15 17:00:00,72.97,73.36,72.5,72.6,16681.938379
2026-01-15 18:00:00,72.59,72.78,71.66,71.87,13794.111021
2026-01-15 19:00:00,71.86,72.19,71.67,72.03,7819.934735
2026-01-15 20:00:00,72.02,72.27,71.16,71.75,10710.321908
2026-01-15 21:00:00,71.75,72.27,71.75,72.15,8352.552039
2026-01-15 22:00:00,72.15,72.56,71.97,72.24,8874.903073
2026-01-15 23:00:00,72.24,72.35,72.01,72.23,6060.960307
2026-01-16 00:00:00,72.23,72.49,71.85,71.93,6749.707595
2026-01-16 01:00:00,71.94,72.1,71.54,71.99,6907.333046
2026-01-16 02:00:00,71.98,72.5,71.6,72.5,9073.328681
2026-01-16 03:00:00,72.5,72.62,72.24,72.36,5854.173242
2026-01-16 04:00:00,72.37,72.48,71.28,71.76,14099.502446
2026-01-16 05:00:00,71.76,72.26,71.65,72.08,9916.161294
2026-01-16 06:00:00,72.11,72.27,71.85,72.26,4731.97945
2026-01-16 07:00:00,72.27,72.3,72.01,72.2,2681.109233
2026-01-16 08:00:00,72.21,72.69,72.21,72.42,5096.636735
2026-01-16 09:00:00,72.41,72.51,72.14,72.14,3502.420374
2026-01-16 10:00:00,72.18,72.2,71.91,72.07,4550.285988
2026-01-16 11:00:00,72.09,72.89,72.08,72.86,3627.393242
2026-01-16 12:00:00,72.88,72.91,72.31,72.57,4088.440278
2026-01-16 13:00:00,72.59,72.59,72.16,72.52,5337.778537
2026-01-16 14:00:00,72.52,72.96,72.48,72.75,8279.462771
2026-01-16 15:00:00,72.72,72.82,70.89,71.98,29673.682057
2026-01-16 16:00:00,71.96,72.32,71.73,71.85,12832.577589
2026-01-16 17:00:00,71.82,72.57,71.64,72.56,6511.460838
2026-01-16 18:00:00,72.56,74.29,72.52,74.24,23140.540438
2026-01-16 19:00:00,74.23,74.8,73.89,74.24,15606.860432
2026-01-16 20:00:00,74.22,74.8,73.59,74.6,8752.980941
2026-01-16 21:00:00,74.59,75.14,74.54,75.07,6542.151773
2026-01-16 22:00:00,75.06,75.57,74.58,75.5,13505.833877
2026-01-16 23:00:00,75.5,76.05,75.1,75.21,13539.100921
2026-01-17 00:00:00,75.2,75.68,74.77,75.42,11186.715656
2026-01-17 01:00:00,75.42,75.98,74.62,74.8,10589.128552
2026-01-17 02:00:00,74.8,74.8,74.36,74.47,8215.345771
2026-01-17 03:00:00,74.46,74.51,74.16,74.36,2940.737427
2026-01-17 04:00:00,74.34,74.54,73.85,74.53,6778.835738
2026-01-17 05:00:00,74.53,74.85,74.52,74.7,3292.641592
2026-01-17 06:00:00,74.7,74.98,74.4,74.49,5384.467673
2026-01-17 07:00:00,74.49,74.79,74.37,74.76,3409.21291
2026-01-17 08:00:00,74.75,75.09,74.71,75.09,4905.574822
2026-01-17 09:00:00,75.09,75.2,74.8,74.83,5140.341927
2026-01-17 10:00:00,74.84,75.04,74.75,74.94,3281.8935
2026-01-17 11:00:00,74.93,74.93,74.5,74.53,2556.735944
2026-01-17 12:00:00,74.52,74.67,74.1,74.16,5830.206757
2026-01-17 13:00:00,74.16,74.53,73.97,74.51,6354.54899
2026-01-17 14:00:00,74.5,75.05,74.34,74.99,7573.235731
2026-01-17 15:00:00,74.99,75.06,74.69,74.9,4123.890777
2026-01-17 16:00:00,74.89,74.93,74.37,74.65,4043.208945
2026-01-17 17:00:00,74.64,74.76,74.43,74.65,1758.766496
2026-01-17 18:00:00,74.65,74.99,74.54,74.88,1654.368822
2026-01-17 19:00:00,74.9,75.15,74.78,75.13,2613.717245
2026-01-17 20:00:00,75.13,75.32,74.99,75.05,2759.996492
2026-01-17 21:00:00,75.04,75.04,74.79,74.99,1469.078828
2026-01-17 22:00:00,74.99,75.14,74.56,74.72,2421.920487
2026-01-17 23:00:00,74.71,74.9,74.69,74.9,1095.402594
2026-01-18 00:00:00,74.89,75.15,74.72,75.07,2271.469174
2026-01-18 01:00:00,75.09,75.2,74.28,74.5,5316.221117
2026-01-18 02:00:00,74.51,74.74,74.4,74.6,5306.907647
2026-01-18 03:00:00,74.61,75.03,74.51,74.96,3535.731505
2026-01-18 04:00:00,74.96,74.96,74.38,74.63,5008.091305
2026-01-18 05:00:00,74.61,75.11,74.57,75.01,4999.322488
2026-01-18 06:00:00,75.01,75.16,74.77,74.89,5121.455176
2026-01-18 07:00:00,74.89,75.02,74.61,74.94,4094.369703
2026-01-18 08:00:00,74.94,75.63,74.75,75.39,12207.696294
2026-01-18 09:00:00,75.38,75.71,75.33,75.71,7762.71831
2026-01-18 10:00:00,75.7,75.74,75.15,75.62,3928.678052
2026-01-18 11:00:00,75.62,75.77,75.41,75.46,7897.281593
2026-01-18 12:00:00,75.46,75.86,75.04,75.14,7362.132277
2026-01-18 13:00:00,75.12,75.17,74.67,74.85,8197.841666
2026-01-18 14:00:00,74.84,75.13,74.46,74.55,6506.872411
2026-01-18 15:00:00,74.56,74.91,74.33,74.87,2568.144478
2026-01-18 16:00:00,74.88,75.01,74.72,74.93,2533.282179
2026-01-18 17:00:00,74.94,75.24,74.63,75.22,2611.343944
2026-01-18 18:00:00,75.21,75.54,74.98,75.3,4294.715049
2026-01-18 19:00:00,75.3,75.42,75.06,75.09,1728.980789
2026-01-18 20:00:00,75.09,75.41,74.97,75.1,2028.168056
2026-01-18 21:00:00,75.14,75.23,75.0,75.11,699.18364
2026-01-18 22:00:00,75.1,75.24,74.93,75.23,2694.723674
2026-01-18 23:00:00,75.22,75.22,72.11,72.28,35614.675783
2026-01-19 00:00:00,72.28,72.28,65.34,69.44,191865.713928
2026-01-19 01:00:00,69.44,69.98,69.32,69.57,8895.527406
2026-01-19 02:00:00,69.58,70.03,69.46,69.82,7560.579791
2026-01-19 03:00:00,69.81,70.34,69.77,70.24,8982.351294
2026-01-19 04:00:00,70.23,70.3,69.86,69.94,8616.501007
2026-01-19 05:00:00,69.94,70.26,69.8,70.21,7899.869525
2026-01-19 06:00:00,70.22,70.33,69.88,70.08,10872.116571
2026-01-19 07:00:00,70.09,70.6,69.94,70.58,4721.311974
2026-01-19 08:00:00,70.58,71.26,70.18,70.33,24518.994651
2026-01-19 09:00:00,70.33,70.39,69.93,70.12,6383.901362
2026-01-19 10:00:00,70.12,70.16,69.92,70.04,5765.06352
2026-01-19 11:00:00,70.06,70.49,69.98,70.23,3898.943779
2026-01-19 12:00:00,70.24,70.55,70.04,70.17,4014.715409
2026-01-19 13:00:00,70.19,70.2,69.67,70.03,13098.223909
2026-01-19 14:00:00,70.04,70.91,69.96,70.53,14964.405334
2026-01-19 15:00:00,70.55,71.11,70.55,70.69,12418.013855
2026-01-19 16:00:00,70.71,71.06,70.31,70.94,5371.842279
2026-01-19 17:00:00,70.94,71.52,70.81,71.12,7573.904094
2026-01-19 18:00:00,71.13,71.56,70.9,71.34,4937.165403
2026-01-19 19:00:00,71.35,71.74,71.32,71.58,2849.967369
2026-01-19 20:00:00,71.59,71.73,71.38,71.39,2789.272466
2026-01-19 21:00:00,71.41,71.5,71.16,71.18,2234.479363
2026-01-19 22:00:00,71.18,71.44,70.77,70.78,5351.234394
2026-01-19 23:00:00,70.78,70.97,70.17,70.8,11976.24652
2026-01-20 00:00:00,70.82,71.03,70.73,70.83,2777.526614
2026-01-20 01:00:00,70.81,71.03,70.54,70.54,3293.876355
2026-01-20 02:00:00,70.54,70.6,70.27,70.34,3790.938265
2026-01-20 03:00:00,70.35,70.4,70.06,70.25,5129.110117
2026-01-20 04:00:00,70.23,70.46,70.07,70.22,4167.190412
2026-01-20 05:00:00,70.2,70.73,69.95,70.52,9094.161881
2026-01-20 06:00:00,70.51,70.63,69.64,70.12,9065.300196
2026-01-20 07:00:00,70.12,70.45,69.45,69.51,10326.482137
2026-01-20 08:00:00,69.53,69.65,68.99,69.46,10411.512971
2026-01-20 09:00:00,69.46,69.62,69.29,69.56,9363.533096
2026-01-20 10:00:00,69.56,69.93,69.42,69.47,5851.43143
2026-01-20 11:00:00,69.51,69.75,69.42,69.45,3757.830867
2026-01-20 12:00:00,69.45,69.81,69.28,69.6,4636.380024
2026-01-20 13:00:00,69.59,69.59,68.92,68.99,5157.290856
2026-01-20 14:00:00,69.0,70.04,69.0,69.47,10212.062237
2026-01-20 15:00:00,69.45,69.52,68.41,68.69,30871.361793
2026-01-20 16:00:00,68.7,69.14,68.1,68.37,16277.342902
2026-01-20 17:00:00,68.37,68.87,67.83,68.1,22876.395479
2026-01-20 18:00:00,68.11,68.33,67.33,67.7,18722.053887
2026-01-20 19:00:00,67.7,68.0,67.4,67.57,6110.13984
2026-01-20 20:00:00,67.56,67.8,67.19,67.26,10036.5476
2026-01-20 21:00:00,67.3,67.45,66.95,67.2,4831.503341
2026-01-20 22:00:00,67.2,67.47,65.88,67.07,24200.89311
2026-01-20 23:00:00,67.07,67.29,66.85,67.13,13375.266392
2026-01-21 00:00:00,67.14,68.28,67.11,68.24,10094.824806
2026-01-21 01:00:00,68.23,68.52,68.12,68.41,4233.708187
2026-01-21 02:00:00,68.43,68.92,68.43,68.81,4926.41426
2026-01-21 03:00:00,68.81,69.0,68.74,68.86,7451.607158
2026-01-21 04:00:00,68.86,69.01,68.76,68.91,7022.396474
2026-01-21 05:00:00,68.89,69.38,68.86,69.15,6431.390155
2026-01-21 06:00:00,69.19,69.21,68.91,69.0,2238.851618
2026-01-21 07:00:00,68.99,69.25,68.83,68.93,2752.844509
2026-01-21 08:00:00,68.93,68.93,68.33,68.44,6327.118761
2026-01-21 09:00:00,68.46,68.59,68.01,68.58,9509.303489
2026-01-21 10:00:00,68.58,68.87,68.51,68.63,2613.786661
2026-01-21 11:00:00,68.61,68.62,67.99,68.05,14259.824779
2026-01-21 12:00:00,68.05,68.11,67.26,67.92,10617.501231
2026-01-21 13:00:00,67.91,68.09,67.43,67.61,8457.644548
2026-01-21 14:00:00,67.59,68.99,67.56,68.69,13835.230505
2026-01-21 15:00:00,68.68,69.3,68.59,69.14,22999.289617
2026-01-21 16:00:00,69.15,69.17,66.6,66.66,28422.183743
2026-01-21 17:00:00,66.68,67.11,66.03,66.62,45410.268649
2026-01-21 18:00:00,66.61,67.66,66.56,67.36,19423.673547
2026-01-21 19:00:00,67.37,69.29,67.21,69.18,23908.187393
2026-01-21 20:00:00,69.19,69.27,68.46,68.94,9733.452443
2026-01-21 21:00:00,68.93,69.44,68.76,69.26,7347.19642
2026-01-21 22:00:00,69.28,69.72,68.9,69.0,5331.752127
2026-01-21 23:00:00,69.0,69.29,68.29,68.47,9279.68411
2026-01-22 00:00:00,68.47,69.31,68.46,69.21,4423.76932
2026-01-22 01:00:00,69.22,69.54,69.15,69.49,4618.767652
2026-01-22 02:00:00,69.48,69.66,68.96,69.05,3930.939107
2026-01-22 03:00:00,69.05,69.26,68.66,68.66,3046.748995
2026-01-22 04:00:00,68.65,68.97,68.55,68.8,2807.625639
2026-01-22 05:00:00,68.78,68.8,68.52,68.66,3177.174139
2026-01-22 06:00:00,68.65,68.73,68.34,68.64,3380.061503
2026-01-22 07:00:00,68.65,68.67,68.0,68.43,4832.065092
2026-01-22 08:00:00,68.43,68.73,68.24,68.73,4260.371053
2026-01-22 09:00:00,68.72,69.03,68.61,68.92,3461.606345
2026-01-22 10:00:00,68.91,68.94,68.67,68.71,3884.025574
2026-01-22 11:00:00,68.71,68.75,68.4,68.44,6988.741049
2026-01-22 12:00:00,68.43,68.5,68.33,68.41,4121.650813
2026-01-22 13:00:00,68.4,68.77,68.32,68.53,12384.126657
2026-01-22 14:00:00,68.53,68.75,67.72,67.75,12946.233748
2026-01-22 15:00:00,67.74,68.23,67.18,68.05,12760.719881
2026-01-22 16:00:00,68.06,68.36,67.82,68.24,6682.183048
2026-01-22 17:00:00,68.24,68.36,67.78,68.34,3640.882729
2026-01-22 18:00:00,68.33,68.61,67.96,67.98,4427.800377
2026-01-22 19:00:00,67.98,68.42,67.85,68.33,1902.646342
2026-01-22 20:00:00,68.33,68.43,67.87,68.08,2591.415621
2026-01-22 21:00:00,68.08,68.37,67.85,67.98,3758.249453
2026-01-22 22:00:00,68.01,68.14,67.81,68.03,1707.359263
2026-01-22 23:00:00,68.02,68.23,67.73,68.19,1060.216436
2026-01-23 00:00:00,68.2,68.77,68.12,68.65,1943.784369
2026-01-23 01:00:00,68.66,69.53,68.62,69.51,29173.62486
2026-01-23 02:00:00,69.52,69.64,68.93,69.04,21818.153967
2026-01-23 03:00:00,69.05,69.62,69.02,69.35,5245.899475
2026-01-23 04:00:00,69.36,69.48,69.19,69.36,3133.128149
2026-01-23 05:00:00,69.34,69.34,68.89,69.03,5797.222787
2026-01-23 06:00:00,69.03,69.18,68.7,68.76,3616.328294
2026-01-23 07:00:00,68.76,68.87,68.62,68.84,1275.270949
2026-01-23 08:00:00,68.84,68.86,68.21,68.28,2812.341873
2026-01-23 09:00:00,68.28,68.46,68.11,68.28,1723.351298
2026-01-23 10:00:00,68.28,68.64,68.2,68.28,3484.944621
2026-01-23 11:00:00,68.26,68.57,68.24,68.52,2032.079476
2026-01-23 12:00:00,68.52,68.59,68.29,68.39,712.537408
2026-01-23 13:00:00,68.37,68.42,67.93,67.99,3286.59339
2026-01-23 14:00:00,68.01,68.06,67.0,67.41,9971.625101
2026-01-23 15:00:00,67.42,68.27,67.1,68.22,6361.874841
2026-01-23 16:00:00,68.23,68.66,67.8,68.28,8638.937015
2026-01-23 17:00:00,68.27,69.17,67.96,68.62,4519.723067
2026-01-23 18:00:00,68.6,68.99,68.48,68.68,3469.561416
2026-01-23 19:00:00,68.69,68.69,67.81,67.93,3995.63127
2026-01-23 20:00:00,67.92,68.06,67.09,67.45,6797.881401
2026-01-23 21:00:00,67.44,67.78,67.41,67.51,1580.266673
2026-01-23 22:00:00,67.5,68.06,67.47,68.05,1776.735025
2026-01-23 23:00:00,68.04,68.13,67.87,68.07,1396.015767
2026-01-24 00:00:00,68.07,68.24,67.93,67.93,2895.369992
2026-01-24 01:00:00,67.91,68.11,67.89,68.11,1110.548612
2026-01-24 02:00:00,68.11,68.28,68.11,68.24,1452.271794
2026-01-24 03:00:00,68.25,68.68,68.18,68.62,1655.946269
2026-01-24 04:00:00,68.63,68.84,68.57,68.64,4390.614575
2026-01-24 05:00:00,68.64,68.69,68.48,68.66,3269.057926
2026-01-24 06:00:00,68.66,68.81,68.62,68.8,2664.245792
2026-01-24 07:00:00,68.8,68.88,68.52,68.52,2069.402588
2026-01-24 08:00:00,68.52,68.81,68.49,68.65,2140.806223
2026-01-24 09:00:00,68.65,68.65,68.47,68.55,671.83795
2026-01-24 10:00:00,68.55,68.55,68.36,68.43,2104.073835
2026-01-24 11:00:00,68.41,68.63,68.4,68.5,2905.395435
2026-01-24 12:00:00,68.51,68.77,68.46,68.63,1354.162805
2026-01-24 13:00:00,68.63,68.9,68.62,68.68,2223.094805
2026-01-24 14:00:00,68.67,68.86,68.5,68.86,2661.542477
2026-01-24 15:00:00,68.86,68.96,68.25,68.3,7182.480729
2026-01-24 16:00:00,68.3,68.3,67.72,67.78,31970.436298
2026-01-24 17:00:00,67.79,68.19,67.74,68.07,13276.940067
2026-01-24 18:00:00,68.07,68.19,67.92,68.07,2040.581093
2026-01-24 19:00:00,68.07,68.1,67.79,67.82,2414.577266
2026-01-24 20:00:00,67.83,68.14,67.83,68.06,1957.597931
2026-01-24 21:00:00,68.06,68.13,67.87,68.03,2660.440777
2026-01-24 22:00:00,68.03,68.18,67.97,68.18,1263.666966
2026-01-24 23:00:00,68.19,68.28,68.1,68.18,2653.013589
2026-01-25 00:00:00,68.2,68.57,68.2,68.52,4589.503036
2026-01-25 01:00:00,68.54,68.63,68.18,68.2,5293.102108
2026-01-25 02:00:00,68.19,68.46,68.19,68.27,2172.989444
2026-01-25 03:00:00,68.28,68.35,67.83,68.14,6636.118322
2026-01-25 04:00:00,68.13,68.49,68.06,68.49,3037.599517
2026-01-25 05:00:00,68.48,68.8,68.38,68.7,3923.680236
2026-01-25 06:00:00,68.7,68.71,68.41,68.44,3606.759129
2026-01-25 07:00:00,68.45,68.71,68.28,68.66,3184.638576
2026-01-25 08:00:00,68.65,68.94,68.29,68.65,8031.445239
2026-01-25 09:00:00,68.64,69.28,68.52,69.14,6620.115248
2026-01-25 10:00:00,69.13,70.33,69.06,69.69,20982.921025
2026-01-25 11:00:00,69.68,70.1,69.39,69.98,13854.855015
2026-01-25 12:00:00,69.99,70.1,69.32,69.7,5933.893027
2026-01-25 13:00:00,69.7,70.27,69.59,70.22,7263.738456
2026-01-25 14:00:00,70.22,70.28,68.68,68.75,30490.903802
2026-01-25 15:00:00,68.74,69.53,68.67,69.51,7631.905003
2026-01-25 16:00:00,69.5,69.5,68.03,68.04,30127.458347
2026-01-25 17:00:00,68.04,68.19,67.35,67.64,10429.962119
2026-01-25 18:00:00,67.64,67.82,66.74,67.26,14905.745419
2026-01-25 19:00:00,67.27,67.39,65.63,66.01,19090.377202
2026-01-25 20:00:00,66.0,66.48,65.23,65.97,11435.013594
2026-01-25 21:00:00,65.98,66.74,65.98,66.71,9031.568593
2026-01-25 22:00:00,66.74,66.91,66.13,66.65,5795.184774
2026-01-25 23:00:00,66.6,67.4,66.29,67.3,4606.029181
2026-01-26 00:00:00,67.3,67.69,67.0,67.61,6789.97005
2026-01-26 01:00:00,67.61,68.16,67.47,67.98,6379.459708
2026-01-26 02:00:00,67.99,68.04,67.67,67.67,3810.430416
2026-01-26 03:00:00,67.69,67.91,67.25,67.4,5571.484215
2026-01-26 04:00:00,67.4,68.11,67.4,67.82,3806.293688
2026-01-26 05:00:00,67.83,67.83,67.55,67.72,1455.51745
2026-01-26 06:00:00,67.73,68.0,67.6,67.95,3860.929269
2026-01-26 07:00:00,67.95,68.49,67.8,68.36,6647.548964
2026-01-26 08:00:00,68.36,68.8,68.15,68.24,5269.198914
2026-01-26 09:00:00,68.25,68.3,67.85,67.94,5682.085536
2026-01-26 10:00:00,67.97,68.38,67.94,68.35,2351.121968
2026-01-26 11:00:00,68.34,68.38,68.22,68.25,1289.438416
2026-01-26 12:00:00,68.25,68.6,68.25,68.35,10215.933877
2026-01-26 13:00:00,68.36,68.51,68.27,68.44,2887.145058
2026-01-26 14:00:00,68.44,70.05,68.25,69.3,51512.481072
2026-01-26 15:00:00,69.29,69.8,68.71,69.06,14227.882146
2026-01-26 16:00:00,69.08,69.6,68.81,69.4,7336.787327
2026-01-26 17:00:00,69.4,69.68,68.69,69.19,9848.990577
2026-01-26 18:00:00,69.18,69.92,69.07,69.72,8097.236773
2026-01-26 19:00:00,69.73,69.74,69.03,69.14,8032.659748
2026-01-26 20:00:00,69.14,69.24,68.82,68.92,3721.120396
2026-01-26 21:00:00,68.92,69.7,68.89,69.44,3806.024482
2026-01-26 22:00:00,69.46,69.75,69.31,69.59,4079.263483
2026-01-26 23:00:00,69.59,70.07,69.44,69.72,5265.875077
2026-01-27 00:00:00,69.71,70.0,69.52,69.97,1676.559426
2026-01-27 01:00:00,69.96,70.13,69.69,69.89,6393.883312
2026-01-27 02:00:00,69.89,70.07,69.62,69.73,2762.074187
2026-01-27 03:00:00,69.72,69.88,69.53,69.58,3192.526655
2026-01-27 04:00:00,69.57,69.87,69.44,69.54,2976.84485
2026-01-27 05:00:00,69.54,69.72,69.32,69.61,2339.577412
2026-01-27 06:00:00,69.62,69.66,69.2,69.21,1663.319957
2026-01-27 07:00:00,69.21,69.28,69.07,69.12,1836.216932
2026-01-27 08:00:00,69.12,69.45,69.07,69.41,1712.659912
2026-01-27 09:00:00,69.38,69.45,69.07,69.24,9078.043912
2026-01-27 10:00:00,69.26,69.33,68.99,69.32,3399.032317
2026-01-27 11:00:00,69.32,69.5,69.0,69.03,12972.816115
2026-01-27 12:00:00,69.03,69.08,68.76,68.82,2419.360749
2026-01-27 13:00:00,68.84,68.94,68.64,68.94,2050.531296
2026-01-27 14:00:00,68.94,69.78,68.9,69.19,6079.240317
2026-01-27 15:00:00,69.19,69.99,69.12,69.93,4969.709418
2026-01-27 16:00:00,69.95,70.22,69.74,70.15,10292.392311
2026-01-27 17:00:00,70.16,70.18,69.11,69.31,6907.060959
2026-01-27 18:00:00,69.31,69.84,69.15,69.66,3924.357243
2026-01-27 19:00:00,69.68,69.74,69.35,69.67,2521.841714
2026-01-27 20:00:00,69.66,70.22,69.66,70.08,3044.723894
2026-01-27 21:00:00,70.07,70.17,69.85,70.08,2980.958343
2026-01-27 22:00:00,70.08,70.29,69.96,70.23,4547.802485
2026-01-27 23:00:00,70.22,70.48,69.99,70.01,3383.569052
2026-01-28 00:00:00,70.04,70.32,69.77,70.09,2945.474931
2026-01-28 01:00:00,70.09,70.14,69.67,69.89,2561.223483
2026-01-28 02:00:00,69.88,69.95,69.69,69.84,2540.671979
2026-01-28 03:00:00,69.84,69.92,69.47,69.57,6023.945595
2026-01-28 04:00:00,69.57,69.64,69.28,69.3,16076.853231
2026-01-28 05:00:00,69.3,69.66,69.18,69.65,17095.137735
2026-01-28 06:00:00,69.66,70.0,69.66,69.92,2957.153868
2026-01-28 07:00:00,69.93,69.98,69.53,69.64,3207.939798
2026-01-28 08:00:00,69.63,69.68,69.35,69.37,1852.404641
2026-01-28 09:00:00,69.37,69.85,69.29,69.81,2140.246775
2026-01-28 10:00:00,69.82,69.94,69.56,69.59,2001.5472
2026-01-28 11:00:00,69.58,70.01,69.41,69.98,3734.359312
2026-01-28 12:00:00,69.96,70.06,69.59,69.74,3384.470654
2026-01-28 13:00:00,69.74,70.0,69.73,69.78,3590.845274
2026-01-28 14:00:00,69.75,69.77,68.74,69.01,7485.745503
2026-01-28 15:00:00,69.0,69.18,68.43,69.0,4132.098353
2026-01-28 16:00:00,69.02,69.39,68.74,69.14,3590.616584
2026-01-28 17:00:00,69.14,69.87,68.88,69.71,2277.841265
2026-01-28 18:00:00,69.68,69.7,69.2,69.44,2134.614268
2026-01-28 19:00:00,69.42,69.69,69.21,69.52,5169.159782
2026-01-28 20:00:00,69.51,69.88,69.2,69.24,2264.648679
2026-01-28 21:00:00,69.25,69.55,68.92,69.45,3130.798942
2026-01-28 22:00:00,69.47,69.7,69.21,69.65,2457.119738
2026-01-28 23:00:00,69.68,69.75,69.42,69.42,2268.76242
2026-01-29 00:00:00,69.43,69.57,69.02,69.19,10795.60744
2026-01-29 01:00:00,69.18,69.3,68.69,68.77,2356.926415
2026-01-29 02:00:00,68.78,69.02,68.1,68.26,9738.561969
2026-01-29 03:00:00,68.28,68.68,67.93,68.01,16791.957127
2026-01-29 04:00:00,68.01,68.13,67.72,68.07,4222.053245
2026-01-29 05:00:00,68.06,68.26,67.99,68.04,1900.361818
2026-01-29 06:00:00,68.04,68.36,68.02,68.29,1247.838569
2026-01-29 07:00:00,68.3,68.44,68.14,68.15,2011.670626
2026-01-29 08:00:00,68.18,68.3,67.88,67.98,2018.651329
2026-01-29 09:00:00,67.98,68.14,67.93,67.96,3218.518865
2026-01-29 10:00:00,67.96,67.99,67.42,67.53,11602.905302
2026-01-29 11:00:00,67.53,67.62,67.38,67.51,8612.763755
2026-01-29 12:00:00,67.49,67.6,67.12,67.35,6819.17852
2026-01-29 13:00:00,67.34,67.53,67.31,67.51,3264.502889
2026-01-29 14:00:00,67.52,67.63,66.43,66.48,9458.476999
2026-01-29 15:00:00,66.5,66.5,64.74,65.46,46329.37039
2026-01-29 16:00:00,65.44,66.14,65.09,66.1,7808.408577
2026-01-29 17:00:00,66.12,66.71,65.6,65.68,10678.089518
2026-01-29 18:00:00,65.69,65.88,64.45,64.52,16220.948239
2026-01-29 19:00:00,64.53,65.33,64.46,65.05,5086.965765
2026-01-29 20:00:00,65.06,65.86,64.96,65.76,4086.167647
2026-01-29 21:00:00,65.8,66.16,65.77,66.07,3522.88507
2026-01-29 22:00:00,66.09,66.25,65.93,66.11,2722.043727
2026-01-29 23:00:00,66.1,66.22,65.77,66.22,1684.351011
2026-01-30 00:00:00,66.23,66.4,66.0,66.19,6362.63979
2026-01-30 01:00:00,66.19,66.48,62.66,64.81,59727.018661
2026-01-30 02:00:00,64.82,64.85,63.44,63.95,12247.056629
2026-01-30 03:00:00,63.96,64.36,63.84,64.0,3392.466496
2026-01-30 04:00:00,64.0,64.78,63.99,64.4,3351.137324
2026-01-30 05:00:00,64.4,64.68,64.29,64.52,4038.362176
2026-01-30 06:00:00,64.51,64.51,63.13,63.51,8013.896838
2026-01-30 07:00:00,63.51,64.56,63.51,64.3,6937.084219
2026-01-30 08:00:00,64.29,64.45,63.77,63.98,4011.577231
2026-01-30 09:00:00,63.98,64.28,63.79,64.08,3315.058686
2026-01-30 10:00:00,64.11,64.39,63.9,64.38,2057.932167
2026-01-30 11:00:00,64.35,65.19,64.3,64.96,4764.933634
2026-01-30 12:00:00,64.99,65.04,64.4,64.51,7813.52682
2026-01-30 13:00:00,64.5,64.63,63.91,64.21,6168.492462
2026-01-30 14:00:00,64.21,65.04,64.21,64.7,4968.80468
2026-01-30 15:00:00,64.7,65.25,64.16,64.84,7881.611527
2026-01-30 16:00:00,64.83,65.49,64.47,65.06,5867.488178
2026-01-30 17:00:00,65.06,65.65,64.76,65.27,6191.573542
2026-01-30 18:00:00,65.27,65.75,63.68,65.61,16872.975324
2026-01-30 19:00:00,65.61,66.0,65.51,65.74,4482.22923
2026-01-30 20:00:00,65.74,65.74,64.75,65.04,8578.756667
2026-01-30 21:00:00,65.03,65.6,64.98,65.46,4501.426117
2026-01-30 22:00:00,65.44,65.51,65.06,65.49,1906.567594
2026-01-30 23:00:00,65.5,65.51,65.08,65.48,2012.272311
2026-01-31 00:00:00,65.47,65.48,65.21,65.22,1298.157606
2026-01-31 01:00:00,65.21,65.46,65.07,65.17,1122.263401
2026-01-31 02:00:00,65.16,65.29,64.8,65.07,2656.022893
2026-01-31 03:00:00,65.07,65.17,64.93,64.95,577.976104
2026-01-31 04:00:00,64.95,65.15,64.62,64.69,5107.011832
2026-01-31 05:00:00,64.68,64.69,64.46,64.56,1926.410705
2026-01-31 06:00:00,64.56,64.62,64.03,64.26,2540.273093
2026-01-31 07:00:00,64.27,64.35,63.6,63.89,6661.520113
2026-01-31 08:00:00,63.91,63.98,62.39,63.02,24093.070986
2026-01-31 09:00:00,63.06,63.54,62.94,63.24,3071.622329
2026-01-31 10:00:00,63.24,63.58,63.03,63.32,2400.993783
2026-01-31 11:00:00,63.33,63.4,62.95,63.07,2886.023273
2026-01-31 12:00:00,63.06,63.1,62.65,62.74,3441.409534
2026-01-31 13:00:00,62.75,62.79,62.2,62.34,8637.795593
2026-01-31 14:00:00,62.34,62.56,59.43,60.39,90084.098675
2026-01-31 15:00:00,60.38,60.93,60.11,60.2,13138.180772
2026-01-31 16:00:00,60.21,61.18,59.7,60.02,22112.028581
2026-01-31 17:00:00,60.02,60.12,56.54,58.19,128093.286056
2026-01-31 18:00:00,58.21,58.54,55.0,57.79,65102.441792
2026-01-31 19:00:00,57.8,58.63,57.53,58.12,31758.679853
2026-01-31 20:00:00,58.17,58.6,57.55,58.25,21120.028059
2026-01-31 21:00:00,58.26,59.06,58.09,58.85,14846.855688
2026-01-31 22:00:00,58.86,58.89,58.35,58.68,4713.566458
2026-01-31 23:00:00,58.68,59.84,58.62,59.52,14356.469728
2026-02-01 00:00:00,59.52,59.88,59.42,59.66,4809.309231
2026-02-01 01:00:00,59.68,59.68,59.02,59.51,6990.536673
2026-02-01 02:00:00,59.55,59.91,59.35,59.83,14676.42692
2026-02-01 03:00:00,59.83,59.92,59.5,59.68,4783.819448
2026-02-01 04:00:00,59.68,59.89,59.56,59.57,4163.999463
2026-02-01 05:00:00,59.63,59.69,59.14,59.22,4084.970909
2026-02-01 06:00:00,59.22,59.55,58.97,59.25,5082.849471
2026-02-01 07:00:00,59.25,59.75,58.97,59.4,13810.154299
2026-02-01 08:00:00,59.4,59.8,59.3,59.55,7779.121813
2026-02-01 09:00:00,59.54,59.77,59.23,59.68,4463.645682
2026-02-01 10:00:00,59.69,59.77,58.7,58.76,8447.415997
2026-02-01 11:00:00,58.77,59.46,58.77,59.3,3429.29826
2026-02-01 12:00:00,59.32,59.4,58.85,59.18,5369.436476
2026-02-01 13:00:00,59.19,59.73,59.17,59.35,3045.034327
2026-02-01 14:00:00,59.35,59.69,58.38,59.32,17400.726434
2026-02-01 15:00:00,59.32,59.33,57.63,58.41,24386.547465
2026-02-01 16:00:00,58.4,58.82,57.85,58.37,10703.535778
2026-02-01 17:00:00,58.37,58.67,58.0,58.67,8172.109768
2026-02-01 18:00:00,58.65,59.62,58.65,59.24,10197.798814
2026-02-01 19:00:00,59.24,59.36,58.47,58.76,4605.84042
2026-02-01 20:00:00,58.74,59.29,58.16,58.71,5860.539496
2026-02-01 21:00:00,58.72,58.87,58.26,58.43,4851.557421
2026-02-01 22:00:00,58.46,59.36,58.43,58.92,11406.745337
2026-02-01 23:00:00,58.92,59.29,57.18,58.5,19929.876406
2026-02-02 00:00:00,58.51,59.55,58.1,59.11,10271.237313
2026-02-02 01:00:00,59.11,59.74,58.36,59.31,8657.848846
2026-02-02 02:00:00,59.32,59.55,58.71,58.78,6987.363982
2026-02-02 03:00:00,58.76,58.79,56.58,58.33,28907.237252
2026-02-02 04:00:00,58.34,58.88,57.47,58.0,12308.5379
2026-02-02 05:00:00,58.01,58.06,56.62,57.2,17593.762068
2026-02-02 06:00:00,57.2,58.62,56.51,58.1,19293.387886
2026-02-02 07:00:00,58.09,58.67,57.9,58.23,10407.21115
2026-02-02 08:00:00,58.23,58.92,58.23,58.59,5706.746469
2026-02-02 09:00:00,58.58,59.41,58.29,59.16,6734.275833
2026-02-02 10:00:00,59.17,59.49,59.02,59.15,6196.086062
2026-02-02 11:00:00,59.16,59.42,59.03,59.13,6470.809503
2026-02-02 12:00:00,59.14,59.85,59.14,59.79,10498.280937
2026-02-02 13:00:00,59.78,59.88,59.47,59.79,5929.670253
2026-02-02 14:00:00,59.77,60.4,59.32,59.95,10848.759152
2026-02-02 15:00:00,59.95,61.15,59.82,61.06,20617.021247
2026-02-02 16:00:00,61.04,61.16,60.51,60.57,5861.06341
2026-02-02 17:00:00,60.54,60.82,60.11,60.33,3545.195699
2026-02-02 18:00:00,60.33,60.58,59.96,60.37,3409.540515
2026-02-02 19:00:00,60.37,60.4,59.87,59.92,2175.297204
2026-02-02 20:00:00,59.92,60.1,59.48,59.64,4960.452937
2026-02-02 21:00:00,59.63,59.95,59.62,59.84,3741.31678
2026-02-02 22:00:00,59.84,60.16,59.84,60.09,3126.0202
2026-02-02 23:00:00,60.09,60.15,59.88,60.0,3766.137475
2026-02-03 00:00:00,60.0,60.13,59.63,60.13,1783.463209
2026-02-03 01:00:00,60.11,60.13,59.75,59.96,1662.612624
2026-02-03 02:00:00,59.96,59.96,59.08,59.13,5707.18205
2026-02-03 03:00:00,59.12,60.02,58.93,59.97,6006.773221
2026-02-03 04:00:00,59.97,60.32,59.74,60.15,5652.055786
2026-02-03 05:00:00,60.16,60.18,59.69,59.72,3019.306976
2026-02-03 06:00:00,59.72,60.25,59.48,60.18,6113.187852
2026-02-03 07:00:00,60.18,60.45,59.95,60.25,3152.904808
2026-02-03 08:00:00,60.26,60.48,60.02,60.11,2973.643986
2026-02-03 09:00:00,60.12,60.22,59.36,59.74,9899.570349
2026-02-03 10:00:00,59.76,59.93,59.5,59.65,1796.969442
2026-02-03 11:00:00,59.67,60.0,59.65,59.84,3911.461313
2026-02-03 12:00:00,59.86,60.21,59.74,60.11,3910.24259
2026-02-03 13:00:00,60.11,60.28,59.86,60.18,2355.611284
2026-02-03 14:00:00,60.18,60.23,59.27,59.27,4433.316602
2026-02-03 15:00:00,59.26,60.44,59.12,60.35,9750.786881
2026-02-03 16:00:00,60.38,60.38,59.32,59.48,8406.285983
2026-02-03 17:00:00,59.48,59.54,58.18,58.19,8315.57327
2026-02-03 18:00:00,58.2,58.43,57.01,57.04,14730.294228
2026-02-03 19:00:00,57.06,59.52,56.89,59.33,12637.005708
2026-02-03 20:00:00,59.31,61.42,58.84,61.03,20196.835587
2026-02-03 21:00:00,61.02,61.32,60.0,60.13,6556.254508
2026-02-03 22:00:00,60.14,60.16,59.48,59.53,4236.715159
2026-02-03 23:00:00,59.53,59.66,59.1,59.48,4323.703275
2026-02-04 00:00:00,59.48,60.1,59.25,59.81,3032.401826
2026-02-04 01:00:00,59.84,60.46,59.84,60.29,5496.279928
2026-02-04 02:00:00,60.28,60.33,59.89,60.03,4421.152778
2026-02-04 03:00:00,60.03,60.78,59.95,60.74,4640.637844
2026-02-04 04:00:00,60.74,60.93,60.47,60.59,7027.342671
2026-02-04 05:00:00,60.6,60.62,60.06,60.19,2263.526315
2026-02-04 06:00:00,60.19,60.8,60.16,60.62,3422.917382
2026-02-04 07:00:00,60.61,60.98,60.45,60.8,4783.379978
2026-02-04 08:00:00,60.78,60.88,60.5,60.82,3038.206409
2026-02-04 09:00:00,60.83,60.85,60.3,60.42,4894.1932
2026-02-04 10:00:00,60.41,60.48,60.23,60.3,3918.464377
2026-02-04 11:00:00,60.3,60.3,59.62,60.09,7583.131775
2026-02-04 12:00:00,60.1,60.19,59.73,60.03,3300.902825
2026-02-04 13:00:00,60.03,60.03,59.21,59.23,6927.962529
2026-02-04 14:00:00,59.23,59.72,58.39,58.42,20396.288294
2026-02-04 15:00:00,58.42,59.04,57.63,58.18,22532.276513
2026-02-04 16:00:00,58.18,58.49,57.39,57.88,13914.847667
2026-02-04 17:00:00,57.89,58.23,57.08,57.78,13290.510595
2026-02-04 18:00:00,57.78,59.07,57.12,58.43,13463.398065
2026-02-04 19:00:00,58.43,59.66,58.43,59.47,14405.4848
2026-02-04 20:00:00,59.47,59.55,58.91,59.02,5553.402966
2026-02-04 21:00:00,59.03,59.22,58.27,58.68,4470.06304
2026-02-04 22:00:00,58.69,59.42,57.81,58.38,6632.058689
2026-02-04 23:00:00,58.39,59.19,58.27,58.89,7966.246841
2026-02-05 00:00:00,58.9,59.28,58.68,59.1,2569.285455
2026-02-05 01:00:00,59.1,59.48,58.47,58.92,9491.519626
2026-02-05 02:00:00,58.92,59.31,58.23,58.3,10146.246962
2026-02-05 03:00:00,58.3,58.72,58.07,58.22,7299.947494
2026-02-05 04:00:00,58.23,58.55,57.88,58.08,13739.906311
2026-02-05 05:00:00,58.09,58.64,57.5,58.18,16529.005907
2026-02-05 06:00:00,58.19,58.21,57.42,57.69,7800.892939
2026-02-05 07:00:00,57.69,58.34,57.55,57.62,4778.188043
2026-02-05 08:00:00,57.63,58.35,57.63,58.0,8969.766211
2026-02-05 09:00:00,58.0,58.6,58.0,58.12,7638.799541
2026-02-05 10:00:00,58.12,58.17,56.72,56.85,8232.416688
2026-02-05 11:00:00,56.84,57.11,55.71,56.48,19754.506731
2026-02-05 12:00:00,56.48,56.74,55.6,55.94,16797.770604
2026-02-05 13:00:00,55.94,56.33,55.53,55.74,9776.085084
2026-02-05 14:00:00,55.74,57.23,55.74,56.1,11634.279935
2026-02-05 15:00:00,56.11,56.31,52.68,53.91,97992.873883
2026-02-05 16:00:00,53.94,54.95,53.43,54.43,25455.322647
2026-02-05 17:00:00,54.43,54.61,52.65,53.09,26655.438207
2026-02-05 18:00:00,53.08,53.55,52.23,53.43,20587.083786
2026-02-05 19:00:00,53.44,53.54,52.31,52.43,11317.793471
2026-02-05 20:00:00,52.44,52.86,50.18,50.83,66777.755998
2026-02-05 21:00:00,50.82,52.01,50.32,51.01,25802.240119
2026-02-05 22:00:00,51.01,52.11,50.35,51.55,24229.506857
2026-02-05 23:00:00,51.56,52.65,50.59,50.78,16193.202231
2026-02-06 00:00:00,50.77,51.02,45.03,49.7,256176.110298
2026-02-06 01:00:00,49.69,51.06,49.52,50.91,27326.327884
2026-02-06 02:00:00,50.91,51.31,49.76,49.96,25635.571325
2026-02-06 03:00:00,49.96,50.4,49.55,50.06,15395.216107
2026-02-06 04:00:00,50.06,51.01,49.84,50.86,21801.923755
2026-02-06 05:00:00,50.85,52.5,50.82,52.29,14141.625951
2026-02-06 06:00:00,52.3,52.49,51.0,51.1,19717.971317
2026-02-06 07:00:00,51.11,51.38,50.54,50.97,18089.222138
2026-02-06 08:00:00,50.96,51.24,50.55,50.84,13055.973083
2026-02-06 09:00:00,50.83,51.96,50.73,51.75,14139.646458
2026-02-06 10:00:00,51.76,52.29,51.52,52.21,9677.047549
2026-02-06 11:00:00,52.22,52.63,52.11,52.54,6446.136679
2026-02-06 12:00:00,52.54,52.63,52.12,52.59,9072.931545
2026-02-06 13:00:00,52.59,53.62,52.56,53.4,16642.7978
2026-02-06 14:00:00,53.39,54.66,53.07,54.31,26579.829693
2026-02-06 15:00:00,54.32,54.58,53.85,54.36,13478.264567
2026-02-06 16:00:00,54.37,55.67,54.18,55.3,12494.796329
2026-02-06 17:00:00,55.29,56.46,55.13,55.6,16252.501235
2026-02-06 18:00:00,55.6,55.67,54.55,54.84,9596.081091
2026-02-06 19:00:00,54.85,55.31,54.49,55.21,6195.877904
2026-02-06 20:00:00,55.2,55.46,54.67,54.95,6702.878594
2026-02-06 21:00:00,54.94,55.19,54.66,55.04,3144.583402
2026-02-06 22:00:00,55.06,55.78,54.94,55.54,4856.126019
2026-02-06 23:00:00,55.52,55.69,54.98,55.04,6444.239992
2026-02-07 00:00:00,55.03,55.03,54.23,54.56,6249.25088
2026-02-07 01:00:00,54.56,54.9,54.2,54.84,4476.839196
2026-02-07 02:00:00,54.82,54.9,54.46,54.71,2642.830157
2026-02-07 03:00:00,54.71,55.09,54.61,54.9,12686.130368
2026-02-07 04:00:00,54.89,55.39,54.57,54.68,4452.239078
2026-02-07 05:00:00,54.67,54.96,54.44,54.58,4664.130025
2026-02-07 06:00:00,54.57,54.79,53.79,53.79,7493.750338
2026-02-07 07:00:00,53.8,54.01,52.87,53.62,15253.745117
2026-02-07 08:00:00,53.62,54.11,53.52,53.87,5134.099604
2026-02-07 09:00:00,53.87,54.06,53.15,53.26,12354.947377
2026-02-07 10:00:00,53.28,53.45,53.04,53.34,3313.447006
2026-02-07 11:00:00,53.32,53.4,53.12,53.25,4683.928487
2026-02-07 12:00:00,53.24,54.59,53.19,54.13,12179.473006
2026-02-07 13:00:00,54.13,54.31,53.82,54.07,3431.1782
2026-02-07 14:00:00,54.08,54.26,53.61,53.79,4745.412683
2026-02-07 15:00:00,53.79,54.63,53.71,54.38,4577.889608
2026-02-07 16:00:00,54.39,55.75,54.14,54.86,79222.745794
2026-02-07 17:00:00,54.89,55.2,54.64,55.09,3672.918924
2026-02-07 18:00:00,55.09,55.98,55.07,55.77,5491.072365
2026-02-07 19:00:00,55.77,55.77,55.38,55.45,3306.670545
2026-02-07 20:00:00,55.46,55.88,55.33,55.82,2414.927027
2026-02-07 21:00:00,55.84,55.91,55.42,55.49,2125.470532
2026-02-07 22:00:00,55.51,55.68,55.34,55.48,3513.465266
2026-02-07 23:00:00,55.49,55.5,55.01,55.21,2518.091546
2026-02-08 00:00:00,55.21,55.23,54.94,55.09,1450.237796
2026-02-08 01:00:00,55.1,55.44,55.09,55.33,5497.574553
2026-02-08 02:00:00,55.34,55.55,55.0,55.16,2294.637091
2026-02-08 03:00:00,55.17,55.28,54.98,55.03,1944.024584
2026-02-08 04:00:00,55.03,55.4,54.93,55.4,3116.043153
2026-02-08 05:00:00,55.41,55.41,55.11,55.21,2790.775101
2026-02-08 06:00:00,55.22,55.4,55.05,55.11,3283.817089
2026-02-08 07:00:00,55.11,55.14,54.79,55.01,3522.179162
2026-02-08 08:00:00,55.01,55.83,54.89,55.68,13323.774393
2026-02-08 09:00:00,55.68,55.76,55.21,55.3,2549.080945
2026-02-08 10:00:00,55.3,55.53,54.9,54.98,2976.744513
2026-02-08 11:00:00,54.98,55.6,54.92,55.47,4465.838291
2026-02-08 12:00:00,55.48,55.5,54.94,55.26,5687.928716
2026-02-08 13:00:00,55.25,55.54,55.09,55.3,11485.881134
2026-02-08 14:00:00,55.31,55.45,55.17,55.36,2282.231014
2026-02-08 15:00:00,55.35,55.44,54.72,54.9,2985.076578
2026-02-08 16:00:00,54.89,54.94,53.66,53.89,5017.576075
2026-02-08 17:00:00,53.88,54.46,53.88,54.4,2940.524825
2026-02-08 18:00:00,54.42,54.98,54.42,54.75,1458.478806
2026-02-08 19:00:00,54.75,54.98,54.73,54.94,1784.313928
2026-02-08 20:00:00,54.95,55.02,54.38,54.38,1249.708338
2026-02-08 21:00:00,54.39,54.53,53.98,54.11,2075.259299
2026-02-08 22:00:00,54.11,54.56,54.11,54.53,1248.316836
2026-02-08 23:00:00,54.54,55.5,54.07,54.53,13710.113781
2026-02-09 00:00:00,54.53,54.72,54.19,54.45,2480.514283
2026-02-09 01:00:00,54.46,54.89,54.12,54.39,4481.669648
2026-02-09 02:00:00,54.39,54.92,54.19,54.64,2694.95112
2026-02-09 03:00:00,54.64,55.03,54.43,54.95,1996.596773
2026-02-09 04:00:00,54.95,54.96,54.73,54.79,1717.984477
2026-02-09 05:00:00,54.79,55.02,54.71,54.9,2216.637554
2026-02-09 06:00:00,54.9,54.9,54.15,54.41,2790.315116
2026-02-09 07:00:00,54.41,54.51,54.07,54.07,2295.115074
2026-02-09 08:00:00,54.08,54.1,53.27,53.44,12528.114907
2026-02-09 09:00:00,53.45,53.55,53.12,53.24,5134.382939
2026-02-09 10:00:00,53.25,53.4,52.37,52.46,11347.603168
2026-02-09 11:00:00,52.48,53.06,52.48,52.99,5431.029438
2026-02-09 12:00:00,53.0,53.44,52.96,53.33,3686.182188
2026-02-09 13:00:00,53.34,53.66,53.23,53.23,3940.326922
2026-02-09 14:00:00,53.23,54.01,53.22,53.8,7346.386398
2026-02-09 15:00:00,53.8,54.39,53.52,54.39,3504.210877
2026-02-09 16:00:00,54.38,54.81,53.92,54.42,5651.548799
2026-02-09 17:00:00,54.42,55.03,54.12,54.88,11275.166459
2026-02-09 18:00:00,54.88,54.99,54.3,54.71,4316.950169
2026-02-09 19:00:00,54.71,55.02,54.61,54.95,1865.657337
2026-02-09 20:00:00,54.95,55.11,54.76,54.98,1950.633038
2026-02-09 21:00:00,54.97,54.99,54.26,54.79,3329.663759
2026-02-09 22:00:00,54.8,54.87,54.49,54.58,1445.429074
2026-02-09 23:00:00,54.6,54.77,54.37,54.46,1123.424228
2026-02-10 00:00:00,54.46,54.57,54.18,54.28,1722.355432
2026-02-10 01:00:00,54.3,54.67,54.27,54.51,1160.00278
2026-02-10 02:00:00,54.53,54.53,54.3,54.35,794.685268
2026-02-10 03:00:00,54.36,54.39,53.56,53.95,5034.203063
2026-02-10 04:00:00,53.94,54.18,53.92,54.15,1536.055201
2026-02-10 05:00:00,54.15,54.15,53.6,53.74,1342.011796
2026-02-10 06:00:00,53.74,53.81,52.98,53.15,9502.069792
2026-02-10 07:00:00,53.15,53.5,53.09,53.19,3520.728861
2026-02-10 08:00:00,53.19,53.55,53.19,53.55,5136.348417
2026-02-10 09:00:00,53.55,53.72,53.32,53.44,3396.908006
2026-02-10 10:00:00,53.45,53.59,53.2,53.21,1121.059298
2026-02-10 11:00:00,53.22,53.45,53.08,53.09,3053.138597
2026-02-10 12:00:00,53.11,53.29,52.9,52.94,3617.775908
2026-02-10 13:00:00,52.93,53.39,52.84,53.38,4394.211668
2026-02-10 14:00:00,53.38,53.79,52.95,53.25,6319.538065
2026-02-10 15:00:00,53.23,53.65,53.11,53.37,5207.453456
2026-02-10 16:00:00,53.38,53.73,53.21,53.41,2853.784695
2026-02-10 17:00:00,53.41,53.84,53.18,53.75,3267.674624
2026-02-10 18:00:00,53.76,53.79,52.86,53.07,4174.981518
2026-02-10 19:00:00,53.07,53.4,52.89,53.29,1499.502965
2026-02-10 20:00:00,53.28,53.44,53.14,53.3,859.644192
2026-02-10 21:00:00,53.31,53.41,52.99,53.15,2916.835299
2026-02-10 22:00:00,53.16,53.43,53.15,53.23,1215.026873
2026-02-10 23:00:00,53.21,53.42,53.17,53.35,857.488537
2026-02-11 00:00:00,53.37,53.53,53.25,53.5,1011.670795
2026-02-11 01:00:00,53.5,53.56,53.33,53.5,795.789571
2026-02-11 02:00:00,53.51,53.7,53.32,53.33,1594.603687
2026-02-11 03:00:00,53.32,53.42,52.86,53.13,3736.551542
2026-02-11 04:00:00,53.12,53.2,52.46,52.62,5605.128824
2026-02-11 05:00:00,52.64,52.85,52.48,52.52,2308.492373
2026-02-11 06:00:00,52.51,52.6,51.96,52.12,7803.100296
2026-02-11 07:00:00,52.11,52.27,51.97,52.07,4187.214935
2026-02-11 08:00:00,52.07,52.08,51.86,51.99,2136.186682
2026-02-11 09:00:00,51.99,52.34,51.96,52.09,2637.533512
2026-02-11 10:00:00,52.09,52.11,51.62,51.76,8588.783693
2026-02-11 11:00:00,51.75,52.13,51.69,52.13,2736.325101
2026-02-11 12:00:00,52.14,52.5,52.08,52.24,4047.145312
2026-02-11 13:00:00,52.24,52.59,51.98,52.53,8871.218389
2026-02-11 14:00:00,52.54,53.5,51.53,51.73,22709.210568
2026-02-11 15:00:00,51.73,51.96,51.0,51.23,19089.645191
2026-02-11 16:00:00,51.24,52.07,51.18,51.26,5021.716795
2026-02-11 17:00:00,51.25,51.93,51.13,51.67,3330.002268
2026-02-11 18:00:00,51.67,52.5,51.44,52.36,2332.178188
2026-02-11 19:00:00,52.37,52.55,52.12,52.25,2498.390644
2026-02-11 20:00:00,52.24,52.41,51.94,52.26,2217.094627
2026-02-11 21:00:00,52.27,52.89,52.21,52.67,3965.758069
2026-02-11 22:00:00,52.67,52.76,52.3,52.36,1947.828287
2026-02-11 23:00:00,52.35,52.53,52.0,52.31,2707.159337
2026-02-12 00:00:00,52.32,52.86,52.32,52.72,2261.555504
2026-02-12 01:00:00,52.74,53.13,52.73,52.85,2949.460738
2026-02-12 02:00:00,52.86,52.91,52.62,52.74,2269.679798
2026-02-12 03:00:00,52.76,52.87,52.61,52.86,976.770737
2026-02-12 04:00:00,52.86,53.01,52.73,52.83,2018.50348
2026-02-12 05:00:00,52.83,52.98,52.62,52.94,2654.563265
2026-02-12 06:00:00,52.95,53.37,52.94,53.21,2760.836298
2026-02-12 07:00:00,53.21,53.32,53.02,53.31,2417.78254
2026-02-12 08:00:00,53.32,53.5,53.11,53.27,2341.570489
2026-02-12 09:00:00,53.26,53.63,53.13,53.52,3261.476142
2026-02-12 10:00:00,53.51,53.76,53.3,53.75,1734.667397
2026-02-12 11:00:00,53.75,53.8,53.36,53.39,2553.550908
2026-02-12 12:00:00,53.4,53.43,52.89,53.01,2342.516356
2026-02-12 13:00:00,53.01,53.36,52.72,53.3,2240.931906
2026-02-12 14:00:00,53.31,53.39,52.97,53.21,3516.452018
2026-02-12 15:00:00,53.23,53.43,52.74,52.84,4020.977157
2026-02-12 16:00:00,52.85,52.9,51.53,51.73,8811.274091
2026-02-12 17:00:00,51.72,52.22,51.56,51.63,3352.041724
2026-02-12 18:00:00,51.64,52.18,51.57,52.07,3151.079175
2026-02-12 19:00:00,52.07,52.81,51.81,52.38,2089.29606
2026-02-12 20:00:00,52.39,52.52,51.84,51.96,1532.297116
2026-02-12 21:00:00,51.96,52.42,51.94,52.3,2181.994302
2026-02-12 22:00:00,52.31,52.91,52.23,52.89,1824.112987
2026-02-12 23:00:00,52.9,53.28,52.83,53.14,5374.713251
2026-02-13 00:00:00,53.14,53.35,52.79,52.94,4353.8463
2026-02-13 01:00:00,52.93,53.32,52.93,53.11,2000.090955
2026-02-13 02:00:00,53.12,53.23,52.87,53.16,2697.389108
2026-02-13 03:00:00,53.15,53.23,52.94,53.05,953.672161
2026-02-13 04:00:00,53.07,53.07,52.83,52.95,1371.385762
2026-02-13 05:00:00,52.96,52.97,52.61,52.61,2452.572448
2026-02-13 06:00:00,52.61,52.84,52.37,52.83,1964.324875
2026-02-13 07:00:00,52.83,53.07,52.7,52.84,1613.151884
2026-02-13 08:00:00,52.86,53.44,52.81,53.34,3308.872737
2026-02-13 09:00:00,53.35,53.36,53.14,53.27,2362.885451
2026-02-13 10:00:00,53.27,53.51,53.18,53.41,2952.356662
2026-02-13 11:00:00,53.39,53.55,53.13,53.54,2901.532298
2026-02-13 12:00:00,53.55,53.58,53.28,53.48,2600.858728
2026-02-13 13:00:00,53.48,53.75,53.25,53.68,4639.288759
2026-02-13 14:00:00,53.67,54.01,52.95,53.77,9851.306241
2026-02-13 15:00:00,53.78,54.81,53.69,54.38,7752.513995
2026-02-13 16:00:00,54.38,55.53,54.25,55.12,8128.309099
2026-02-13 17:00:00,55.12,55.15,54.81,54.81,2402.079545
2026-02-13 18:00:00,54.81,55.09,54.62,54.96,3612.477832
2026-02-13 19:00:00,54.97,55.28,54.9,55.12,4803.286678
2026-02-13 20:00:00,55.1,55.37,54.96,55.36,2855.141643
2026-02-13 21:00:00,55.36,55.7,55.34,55.57,2844.402108
2026-02-13 22:00:00,55.58,55.65,55.18,55.27,2630.380636
2026-02-13 23:00:00,55.28,55.28,55.04,55.04,1916.029497
2026-02-14 00:00:00,55.04,55.45,54.88,55.39,2217.671875
2026-02-14 01:00:00,55.39,55.44,55.22,55.34,3972.724437
2026-02-14 02:00:00,55.35,55.46,55.16,55.16,2727.628911
2026-02-14 03:00:00,55.18,55.4,55.12,55.33,2052.691925
2026-02-14 04:00:00,55.31,55.35,55.16,55.28,1353.63549
2026-02-14 05:00:00,55.27,55.43,55.13,55.19,1262.282259
2026-02-14 06:00:00,55.19,55.2,54.99,55.12,1375.769514
2026-02-14 07:00:00,55.12,55.38,55.11,55.31,1279.075368
2026-02-14 08:00:00,55.3,55.8,55.28,55.65,4559.07659
2026-02-14 09:00:00,55.66,55.71,55.53,55.63,1132.373137
2026-02-14 10:00:00,55.63,55.63,55.34,55.36,1568.087966
2026-02-14 11:00:00,55.36,55.9,55.3,55.76,2924.021124
2026-02-14 12:00:00,55.77,55.79,55.24,55.3,2737.599829
2026-02-14 13:00:00,55.28,55.42,55.05,55.38,2097.838727
2026-02-14 14:00:00,55.37,56.24,55.31,56.2,8969.137488
2026-02-14 15:00:00,56.2,56.3,55.84,56.12,9569.260518
2026-02-14 16:00:00,56.14,56.53,55.86,56.45,2522.615134
2026-02-14 17:00:00,56.46,56.65,55.92,55.94,9984.554508
2026-02-14 18:00:00,55.93,56.22,55.78,56.07,12874.576686
2026-02-14 19:00:00,56.08,56.48,55.85,56.35,3330.705098
2026-02-14 20:00:00,56.36,56.49,55.97,56.31,2752.100758
2026-02-14 21:00:00,56.3,56.63,55.92,56.2,3418.735815
2026-02-14 22:00:00,56.17,56.48,56.12,56.33,2801.300699
2026-02-14 23:00:00,56.33,56.42,55.97,55.99,5517.209908
2026-02-15 00:00:00,56.0,56.05,55.38,55.75,12382.053544
2026-02-15 01:00:00,55.75,56.03,55.41,55.9,2616.932501
2026-02-15 02:00:00,55.88,56.02,55.42,55.81,2737.725527
2026-02-15 03:00:00,55.81,55.98,55.19,55.87,4737.246797
2026-02-15 04:00:00,55.88,56.46,55.88,56.0,9201.349854
2026-02-15 05:00:00,56.0,56.36,55.95,56.26,3626.312919
2026-02-15 06:00:00,56.25,56.4,55.93,56.02,2882.960791
2026-02-15 07:00:00,56.01,56.69,56.01,56.49,4072.947811
2026-02-15 08:00:00,56.51,56.56,55.32,55.78,12938.668704
2026-02-15 09:00:00,55.77,56.34,55.7,56.2,3458.767185
2026-02-15 10:00:00,56.2,56.22,55.65,56.0,2515.728389
2026-02-15 11:00:00,56.01,56.24,55.85,55.91,2475.312421
2026-02-15 12:00:00,55.92,55.97,54.75,54.81,13308.390472
2026-02-15 13:00:00,54.82,55.33,54.33,54.48,6238.384998
2026-02-15 14:00:00,54.44,55.09,54.44,55.06,4285.944511
2026-02-15 15:00:00,55.07,55.27,55.02,55.08,2180.964964
2026-02-15 16:00:00,55.07,55.27,54.72,55.18,4412.246997
2026-02-15 17:00:00,55.19,55.32,54.34,54.77,4742.887449
2026-02-15 18:00:00,54.75,54.86,54.34,54.47,4275.298079
2026-02-15 19:00:00,54.49,54.87,54.19,54.52,3436.456269
2026-02-15 20:00:00,54.52,54.67,54.3,54.57,2204.316579
2026-02-15 21:00:00,54.59,54.97,54.58,54.79,2209.261537
2026-02-15 22:00:00,54.81,55.14,54.76,55.08,2102.72131
2026-02-15 23:00:00,55.09,55.11,54.58,55.07,3631.228224
2026-02-16 00:00:00,55.07,55.36,54.91,55.14,2068.775103
2026-02-16 01:00:00,55.15,55.3,54.91,55.11,1244.133693
2026-02-16 02:00:00,55.13,55.26,54.39,54.48,3570.53154
2026-02-16 03:00:00,54.48,54.6,54.3,54.49,2633.291381
2026-02-16 04:00:00,54.48,54.75,54.4,54.7,2293.130662
2026-02-16 05:00:00,54.7,54.79,53.77,53.9,5226.093989
2026-02-16 06:00:00,53.88,54.2,53.8,54.13,2350.143369
2026-02-16 07:00:00,54.12,54.3,53.98,54.19,1077.841699
2026-02-16 08:00:00,54.17,54.5,54.12,54.43,1137.113712
2026-02-16 09:00:00,54.45,54.71,54.42,54.54,2819.568811
2026-02-16 10:00:00,54.54,54.55,54.2,54.24,668.981122
2026-02-16 11:00:00,54.23,54.3,53.38,53.91,3718.268155
2026-02-16 12:00:00,53.92,54.7,53.77,54.66,4069.76456
2026-02-16 13:00:00,54.66,54.93,53.73,53.89,9441.700672
2026-02-16 14:00:00,53.88,54.67,53.84,54.29,3922.704478
2026-02-16 15:00:00,54.29,54.5,53.38,53.61,4669.561117
2026-02-16 16:00:00,53.6,54.02,53.35,53.58,4538.539486
2026-02-16 17:00:00,53.57,53.94,53.51,53.74,2737.718742
2026-02-16 18:00:00,53.75,54.09,53.75,53.95,7642.940832
2026-02-16 19:00:00,53.96,54.36,53.83,54.2,1583.818391
2026-02-16 20:00:00,54.22,54.99,54.16,54.91,3508.50858
2026-02-16 21:00:00,54.9,55.64,54.71,55.52,11784.032655
2026-02-16 22:00:00,55.51,55.51,54.94,55.01,5554.231972
2026-02-16 23:00:00,55.01,55.22,54.96,55.13,1928.762176
2026-02-17 00:00:00,55.13,55.22,54.96,55.07,2486.153727
2026-02-17 01:00:00,55.08,55.24,54.83,54.88,1226.892222
2026-02-17 02:00:00,54.89,55.46,54.66,55.36,1999.040512
2026-02-17 03:00:00,55.35,55.4,55.11,55.14,2015.18879
2026-02-17 04:00:00,55.14,55.47,55.02,55.27,1586.571774
2026-02-17 05:00:00,55.28,55.34,54.69,55.05,3162.17736
2026-02-17 06:00:00,55.06,55.49,55.06,55.42,2912.996726
2026-02-17 07:00:00,55.41,55.66,55.15,55.53,2398.734964
2026-02-17 08:00:00,55.54,55.84,55.25,55.32,4882.158399
2026-02-17 09:00:00,55.33,55.38,54.86,55.06,4091.87345
2026-02-17 10:00:00,55.06,55.1,54.59,54.97,1801.997962
2026-02-17 11:00:00,54.98,55.13,54.83,54.99,1735.208181
2026-02-17 12:00:00,54.98,55.19,54.72,54.76,3163.621873
2026-02-17 13:00:00,54.77,55.09,54.69,55.02,2513.925589
2026-02-17 14:00:00,55.0,55.18,53.79,54.0,9494.484759
2026-02-17 15:00:00,53.98,54.13,53.18,53.8,11221.396044
2026-02-17 16:00:00,53.81,54.7,53.78,54.19,3915.409413
2026-02-17 17:00:00,54.19,54.41,53.74,53.98,2994.536934
2026-02-17 18:00:00,53.99,54.88,53.87,54.61,3042.204261
2026-02-17 19:00:00,54.62,54.67,54.13,54.25,1749.906097
2026-02-17 20:00:00,54.25,54.33,53.89,54.17,1885.3892
2026-02-17 21:00:00,54.2,54.46,54.12,54.46,1486.122788
2026-02-17 22:00:00,54.47,54.5,53.99,53.99,3996.291159
2026-02-17 23:00:00,54.0,54.05,53.82,53.94,2906.472969
2026-02-18 00:00:00,53.94,54.05,53.82,53.89,1845.415057
2026-02-18 01:00:00,53.9,53.95,53.59,53.88,1685.247332
2026-02-18 02:00:00,53.89,54.26,53.88,54.07,3069.49091
2026-02-18 03:00:00,54.08,54.38,54.06,54.28,1311.04472
2026-02-18 04:00:00,54.28,54.39,54.06,54.18,1023.860952
2026-02-18 05:00:00,54.18,54.38,54.15,54.24,899.114658
2026-02-18 06:00:00,54.25,54.4,54.15,54.27,2212.516548
2026-02-18 07:00:00,54.26,54.54,54.1,54.46,1635.290442
2026-02-18 08:00:00,54.47,54.77,54.31,54.36,2063.023528
2026-02-18 09:00:00,54.37,54.39,54.22,54.29,2939.06718
2026-02-18 10:00:00,54.27,54.3,53.97,54.13,2174.612245
2026-02-18 11:00:00,54.13,54.17,53.65,53.91,1956.32505
2026-02-18 12:00:00,53.91,54.08,53.79,53.92,2215.566929
2026-02-18 13:00:00,53.93,54.21,53.61,53.81,2990.500482
2026-02-18 14:00:00,53.81,53.95,53.44,53.91,3803.638402
2026-02-18 15:00:00,53.91,54.93,53.89,54.5,4718.98424
2026-02-18 16:00:00,54.49,54.53,53.93,54.22,3433.648455
2026-02-18 17:00:00,54.23,54.63,53.95,53.99,2215.720937
2026-02-18 18:00:00,54.01,54.05,53.31,53.38,5255.148247
2026-02-18 19:00:00,53.38,53.6,52.96,53.24,4245.557809
2026-02-18 20:00:00,53.24,53.47,53.11,53.14,3902.177777
2026-02-18 21:00:00,53.14,53.37,52.95,53.16,1693.94514
2026-02-18 22:00:00,53.17,53.26,52.98,53.21,1619.984211
2026-02-18 23:00:00,53.22,53.35,53.07,53.32,1223.073871
2026-02-19 00:00:00,53.33,53.41,53.08,53.17,3501.240558
2026-02-19 01:00:00,53.18,53.63,53.18,53.6,1943.831095
2026-02-19 02:00:00,53.62,53.68,53.17,53.39,2252.388209
2026-02-19 03:00:00,53.39,53.58,53.28,53.58,1048.4871
2026-02-19 04:00:00,53.58,53.72,53.53,53.55,1139.244126
2026-02-19 05:00:00,53.56,53.56,53.15,53.34,2466.218623
2026-02-19 06:00:00,53.33,53.48,53.19,53.31,6353.793612
2026-02-19 07:00:00,53.32,53.51,53.23,53.38,2969.168348
2026-02-19 08:00:00,53.38,53.38,52.73,52.81,4199.885051
2026-02-19 09:00:00,52.83,53.13,52.79,52.83,3090.50717
2026-02-19 10:00:00,52.82,52.93,52.57,52.69,2429.076327
2026-02-19 11:00:00,52.68,52.86,52.51,52.57,1580.815707
2026-02-19 12:00:00,52.57,52.61,52.31,52.36,4308.703411
2026-02-19 13:00:00,52.37,52.4,51.61,51.93,6596.796176
2026-02-19 14:00:00,51.93,52.3,51.69,52.02,5512.90178
2026-02-19 15:00:00,52.03,52.24,51.49,51.84,5713.521166
2026-02-19 16:00:00,51.83,52.1,51.43,51.84,3191.784729
2026-02-19 17:00:00,51.85,52.51,51.78,52.0,3478.123386
2026-02-19 18:00:00,51.99,52.82,51.92,52.67,4523.349842
2026-02-19 19:00:00,52.67,52.72,52.35,52.63,2504.12973
2026-02-19 20:00:00,52.63,52.76,52.42,52.65,2786.576501
2026-02-19 21:00:00,52.66,52.68,52.49,52.5,869.875442
2026-02-19 22:00:00,52.51,52.72,52.39,52.59,1365.026141
2026-02-19 23:00:00,52.61,52.77,52.6,52.7,1263.751396
2026-02-20 00:00:00,52.69,53.08,52.67,52.9,3243.173979
2026-02-20 01:00:00,52.91,53.15,52.89,53.08,1854.397648
2026-02-20 02:00:00,53.08,53.23,53.03,53.06,891.155616
2026-02-20 03:00:00,53.07,53.37,53.01,53.23,1902.97204
2026-02-20 04:00:00,53.25,53.28,52.86,53.17,2484.206465
2026-02-20 05:00:00,53.17,53.64,53.0,53.43,2838.215298
2026-02-20 06:00:00,53.44,53.54,53.28,53.48,1436.510439
2026-02-20 07:00:00,53.48,53.69,53.44,53.5,2463.113385
2026-02-20 08:00:00,53.5,53.66,53.41,53.63,2178.692851
2026-02-20 09:00:00,53.62,54.08,53.62,54.04,2108.014892
2026-02-20 10:00:00,54.06,54.31,53.78,53.8,4324.837231
2026-02-20 11:00:00,53.8,53.81,53.48,53.6,4117.858328
2026-02-20 12:00:00,53.6,53.77,53.46,53.54,2857.24129
2026-02-20 13:00:00,53.54,53.62,52.72,53.03,6174.170265
2026-02-20 14:00:00,53.01,54.02,52.98,53.74,5536.879831
2026-02-20 15:00:00,53.75,54.96,53.73,54.88,16328.511425
2026-02-20 16:00:00,54.87,55.45,54.61,55.2,18244.435915
2026-02-20 17:00:00,55.19,55.31,54.27,55.23,7887.978633
2026-02-20 18:00:00,55.24,55.37,54.83,55.28,6696.222069
2026-02-20 19:00:00,55.27,55.37,54.82,54.97,4473.271674
2026-02-20 20:00:00,54.95,55.33,54.91,55.12,2954.725804
2026-02-20 21:00:00,55.13,55.3,55.06,55.24,876.794841
2026-02-20 22:00:00,55.26,55.4,55.06,55.3,3155.687229
2026-02-20 23:00:00,55.31,55.36,55.09,55.2,1976.322735
2026-02-21 00:00:00,55.21,55.37,54.83,54.88,1326.90007
2026-02-21 01:00:00,54.89,55.19,54.89,55.08,740.20633
2026-02-21 02:00:00,55.09,55.26,55.01,55.23,1066.716592
2026-02-21 03:00:00,55.24,55.24,54.91,55.05,1408.915314
2026-02-21 04:00:00,55.06,55.06,54.86,55.02,1919.425585
2026-02-21 05:00:00,55.02,55.26,55.01,55.17,605.046513
2026-02-21 06:00:00,55.16,55.2,55.01,55.16,943.810716
2026-02-21 07:00:00,55.15,55.16,55.0,55.06,958.920577
2026-02-21 08:00:00,55.07,55.61,55.04,55.55,1854.430264
2026-02-21 09:00:00,55.55,55.6,55.09,55.1,4191.214812
2026-02-21 10:00:00,55.1,55.22,54.97,55.05,5058.839491
2026-02-21 11:00:00,55.04,55.23,54.91,55.07,1515.405315
2026-02-21 12:00:00,55.06,55.23,54.93,55.17,1303.404013
2026-02-21 13:00:00,55.15,55.4,55.08,55.38,2493.100926
2026-02-21 14:00:00,55.39,55.73,55.32,55.48,3974.708051
2026-02-21 15:00:00,55.5,55.82,55.39,55.69,4736.039451
2026-02-21 16:00:00,55.7,55.99,55.22,55.42,12450.240419
2026-02-21 17:00:00,55.42,55.56,55.26,55.31,2181.909913
2026-02-21 18:00:00,55.31,55.5,55.3,55.48,2051.143359
2026-02-21 19:00:00,55.48,55.49,55.14,55.25,1220.18813
2026-02-21 20:00:00,55.26,55.4,55.07,55.12,1854.99655
2026-02-21 21:00:00,55.13,55.16,54.99,55.1,1063.876059
2026-02-21 22:00:00,55.1,55.17,54.88,54.93,1773.540805
2026-02-21 23:00:00,54.93,55.03,54.85,54.89,2838.757746
2026-02-22 00:00:00,54.9,54.9,54.51,54.62,3463.375571
2026-02-22 01:00:00,54.64,54.79,54.54,54.69,4773.066904
2026-02-22 02:00:00,54.7,54.78,54.39,54.42,4581.311865
2026-02-22 03:00:00,54.44,54.56,54.33,54.51,1050.043295
2026-02-22 04:00:00,54.5,54.63,54.46,54.57,1168.407622
2026-02-22 05:00:00,54.56,54.62,54.3,54.36,553.222516
2026-02-22 06:00:00,54.36,54.67,54.33,54.49,3456.022859
2026-02-22 07:00:00,54.51,54.82,54.46,54.72,1938.438593
2026-02-22 08:00:00,54.73,54.81,54.54,54.59,2609.04327
2026-02-22 09:00:00,54.61,54.73,54.56,54.66,1084.682511
2026-02-22 10:00:00,54.67,54.88,54.63,54.65,1634.81231
2026-02-22 11:00:00,54.65,54.78,54.63,54.66,889.683611
2026-02-22 12:00:00,54.64,54.67,54.0,54.07,3912.22333
2026-02-22 13:00:00,54.07,54.09,53.51,53.53,9964.673094
2026-02-22 14:00:00,53.53,53.59,53.12,53.21,17829.62721
2026-02-22 15:00:00,53.2,53.45,52.96,53.32,11342.468133
2026-02-22 16:00:00,53.31,53.62,53.22,53.6,4367.849835
2026-02-22 17:00:00,53.6,53.61,53.1,53.26,1996.076429
2026-02-22 18:00:00,53.28,53.41,53.16,53.27,1870.571148
2026-02-22 19:00:00,53.27,53.3,53.08,53.21,1344.000504
2026-02-22 20:00:00,53.2,53.3,52.93,53.08,1946.562282
2026-02-22 21:00:00,53.09,53.4,53.05,53.37,1946.203768
2026-02-22 22:00:00,53.38,53.58,53.33,53.45,1403.881666
2026-02-22 23:00:00,53.47,53.55,53.28,53.46,1268.394947
2026-02-23 00:00:00,53.48,53.54,53.0,53.0,2535.063797
2026-02-23 01:00:00,53.0,53.01,50.88,51.02,32105.667562
2026-02-23 02:00:00,51.04,51.4,50.92,51.2,6614.988853
2026-02-23 03:00:00,51.19,51.5,51.16,51.37,5234.510671
2026-02-23 04:00:00,51.37,51.39,51.01,51.11,3268.50333
2026-02-23 05:00:00,51.11,51.55,51.1,51.4,4331.276945
2026-02-23 06:00:00,51.41,52.16,51.36,52.11,2502.471558
2026-02-23 07:00:00,52.11,52.28,51.99,52.05,2860.381371
2026-02-23 08:00:00,52.05,52.12,51.86,52.0,2264.114842
2026-02-23 09:00:00,52.0,53.0,51.99,52.88,9215.15868
2026-02-23 10:00:00,52.89,53.03,52.69,52.78,7903.022186
2026-02-23 11:00:00,52.78,52.97,52.59,52.64,2145.455212
2026-02-23 12:00:00,52.64,53.09,52.56,52.91,3570.610574
2026-02-23 13:00:00,52.93,53.0,52.69,52.72,3138.670037
2026-02-23 14:00:00,52.72,52.91,52.4,52.72,14147.321352
2026-02-23 15:00:00,52.74,52.84,52.09,52.13,8236.157892
2026-02-23 16:00:00,52.13,52.35,51.73,51.79,6065.122532
2026-02-23 17:00:00,51.8,51.88,50.72,51.4,11852.901272
2026-02-23 18:00:00,51.4,51.94,51.32,51.4,3702.560353
2026-02-23 19:00:00,51.4,51.55,51.11,51.24,2845.765693
2026-02-23 20:00:00,51.23,51.54,51.06,51.52,2759.318699
2026-02-23 21:00:00,51.52,51.89,51.5,51.68,1535.236778
2026-02-23 22:00:00,51.71,51.98,51.64,51.66,2787.976859
2026-02-23 23:00:00,51.67,51.82,51.15,51.36,2721.696693
2026-02-24 00:00:00,51.35,51.9,51.34,51.82,1089.795365
2026-02-24 01:00:00,51.81,51.9,50.67,51.49,10545.589316
2026-02-24 02:00:00,51.48,51.74,51.17,51.27,3330.907017
2026-02-24 03:00:00,51.26,51.28,50.8,50.97,4872.336119
2026-02-24 04:00:00,50.98,51.01,50.42,50.78,14270.087794
2026-02-24 05:00:00,50.76,50.94,50.24,50.29,6531.896421
2026-02-24 06:00:00,50.3,50.74,50.21,50.51,8483.747192
2026-02-24 07:00:00,50.53,50.96,50.48,50.76,6467.259491
2026-02-24 08:00:00,50.76,51.13,50.64,51.06,11022.361863
2026-02-24 09:00:00,51.06,51.1,50.59,50.95,2859.955038
2026-02-24 10:00:00,50.96,51.01,50.67,50.71,3126.808229
2026-02-24 11:00:00,50.73,50.8,50.44,50.8,8024.514615
2026-02-24 12:00:00,50.81,50.91,50.54,50.66,3558.131725
2026-02-24 13:00:00,50.66,50.84,50.2,50.65,14199.283352
2026-02-24 14:00:00,50.63,51.33,50.32,51.08,8176.702737
2026-02-24 15:00:00,51.09,51.49,50.89,51.27,7387.589613
2026-02-24 16:00:00,51.28,51.7,51.07,51.47,3735.277344
2026-02-24 17:00:00,51.47,51.59,51.34,51.52,3770.144682
2026-02-24 18:00:00,51.51,51.85,51.32,51.59,2322.799678
2026-02-24 19:00:00,51.6,51.81,51.49,51.68,2450.893034
2026-02-24 20:00:00,51.69,51.77,51.39,51.42,3067.677704
2026-02-24 21:00:00,51.42,51.43,51.12,51.26,2416.604079
2026-02-24 22:00:00,51.24,51.54,51.18,51.28,2248.541032
2026-02-24 23:00:00,51.28,51.33,51.05,51.15,1683.873146
2026-02-25 00:00:00,51.18,51.49,51.05,51.38,2672.14931
2026-02-25 01:00:00,51.36,52.97,51.35,52.6,16145.116384
2026-02-25 02:00:00,52.6,52.98,52.59,52.75,10224.527114
2026-02-25 03:00:00,52.76,52.8,52.36,52.41,3355.754036
2026-02-25 04:00:00,52.41,52.81,52.16,52.68,6000.429775
2026-02-25 05:00:00,52.71,52.72,52.01,52.28,4757.394503
2026-02-25 06:00:00,52.29,52.55,52.29,52.33,957.125609
2026-02-25 07:00:00,52.33,52.73,52.33,52.73,4267.590005
2026-02-25 08:00:00,52.73,52.83,52.58,52.8,2294.39808
2026-02-25 09:00:00,52.8,53.04,52.76,53.03,3598.098095
2026-02-25 10:00:00,53.02,53.41,53.0,53.23,2537.811882
2026-02-25 11:00:00,53.22,53.48,53.13,53.32,8740.42716
2026-02-25 12:00:00,53.31,54.7,53.17,54.41,17713.323572
2026-02-25 13:00:00,54.43,55.27,54.41,55.16,17599.535303
2026-02-25 14:00:00,55.16,57.17,55.16,57.07,51238.264007
2026-02-25 15:00:00,57.07,58.19,56.83,57.8,23068.580259
2026-02-25 16:00:00,57.79,58.39,57.69,58.17,15578.644485
2026-02-25 17:00:00,58.18,58.53,57.9,58.36,11536.343325
2026-02-25 18:00:00,58.38,58.61,58.13,58.32,7095.4518
2026-02-25 19:00:00,58.32,58.35,57.71,58.27,6199.615538
2026-02-25 20:00:00,58.29,58.39,57.76,58.1,8189.361688
2026-02-25 21:00:00,58.11,59.0,57.81,58.28,10842.007801
2026-02-25 22:00:00,58.28,58.49,56.92,57.35,7180.425556
2026-02-25 23:00:00,57.35,57.41,56.13,56.78,7816.884381
2026-02-26 00:00:00,56.76,57.06,56.35,56.62,4321.504765
2026-02-26 01:00:00,56.63,56.97,56.51,56.55,3005.339381
2026-02-26 02:00:00,56.55,56.71,56.0,56.71,4112.861421
2026-02-26 03:00:00,56.69,56.69,56.28,56.47,1784.5263
2026-02-26 04:00:00,56.46,56.95,56.44,56.87,4623.843778
2026-02-26 05:00:00,56.85,56.85,56.23,56.48,4594.256926
2026-02-26 06:00:00,56.48,56.7,56.29,56.49,1579.579686
2026-02-26 07:00:00,56.5,56.58,56.12,56.22,1506.087548
2026-02-26 08:00:00,56.23,56.44,55.8,55.93,7233.100606
2026-02-26 09:00:00,55.93,56.44,55.89,56.38,3802.815468
2026-02-26 10:00:00,56.37,56.43,55.84,55.91,2712.187377
2026-02-26 11:00:00,55.91,56.0,55.73,55.84,3561.986292
2026-02-26 12:00:00,55.83,56.18,55.82,56.16,1965.211106
2026-02-26 13:00:00,56.15,56.24,55.98,56.14,1884.083451
2026-02-26 14:00:00,56.15,56.36,55.67,56.08,9679.464926
2026-02-26 15:00:00,56.06,56.06,55.34,55.79,22295.288712
2026-02-26 16:00:00,55.79,55.83,54.51,54.53,23161.312296
2026-02-26 17:00:00,54.54,54.98,54.51,54.66,5088.312254
2026-02-26 18:00:00,54.64,55.3,54.42,55.26,3212.813823
2026-02-26 19:00:00,55.28,55.8,55.26,55.74,6180.211347
2026-02-26 20:00:00,55.73,55.9,55.33,55.4,2720.495341
2026-02-26 21:00:00,55.39,55.43,55.08,55.22,1191.458372
2026-02-26 22:00:00,55.23,55.48,55.17,55.45,1802.274644
2026-02-26 23:00:00,55.44,55.79,55.38,55.61,912.993673
2026-02-27 00:00:00,55.61,55.7,55.3,55.53,3175.114759
2026-02-27 01:00:00,55.56,55.8,55.36,55.74,2975.757527
2026-02-27 02:00:00,55.74,55.97,55.67,55.82,1349.813834
2026-02-27 03:00:00,55.81,56.07,55.64,55.97,2421.179847
2026-02-27 04:00:00,55.96,56.38,55.9,55.94,5450.223316
2026-02-27 05:00:00,55.96,56.1,55.83,56.05,599.425829
2026-02-27 06:00:00,56.05,56.2,55.71,56.13,2202.38618
2026-02-27 07:00:00,56.12,56.15,55.68,55.91,1958.869357
2026-02-27 08:00:00,55.89,56.19,55.83,55.99,2568.722833
2026-02-27 09:00:00,55.98,56.1,55.55,55.66,2111.345262
2026-02-27 10:00:00,55.64,55.76,54.97,55.0,7129.304325
2026-02-27 11:00:00,55.02,55.19,54.4,54.64,5469.466547
2026-02-27 12:00:00,54.64,54.9,54.47,54.9,5865.202725
2026-02-27 13:00:00,54.89,55.05,54.46,54.97,3747.117036
2026-02-27 14:00:00,54.96,55.06,54.55,54.58,6559.194796
2026-02-27 15:00:00,54.56,54.85,54.55,54.74,4396.425603
2026-02-27 16:00:00,54.73,54.75,54.19,54.22,5598.372416
2026-02-27 17:00:00,54.26,54.42,53.8,54.4,5778.459075
2026-02-27 18:00:00,54.4,54.61,54.31,54.4,2157.224121
2026-02-27 19:00:00,54.4,54.41,53.91,54.15,1614.29347
2026-02-27 20:00:00,54.14,54.25,53.98,54.09,1448.657389
2026-02-27 21:00:00,54.1,54.28,53.9,54.05,1930.266295
2026-02-27 22:00:00,54.06,54.11,53.41,54.1,4671.536932
2026-02-27 23:00:00,54.11,54.57,54.11,54.57,1719.92479
2026-02-28 00:00:00,54.57,54.8,54.52,54.78,2003.952343
2026-02-28 01:00:00,54.77,54.84,54.54,54.7,1584.257493
2026-02-28 02:00:00,54.7,54.94,54.67,54.93,1494.876936
2026-02-28 03:00:00,54.93,54.95,54.59,54.63,973.701277
2026-02-28 04:00:00,54.64,54.72,54.36,54.7,1870.595388
2026-02-28 05:00:00,54.72,54.83,54.39,54.53,2896.568616
2026-02-28 06:00:00,54.56,54.6,52.0,52.14,29641.956107
2026-02-28 07:00:00,52.13,53.16,51.86,52.41,9014.844127
2026-02-28 08:00:00,52.4,52.4,51.71,51.83,6051.392791
2026-02-28 09:00:00,51.82,52.21,51.59,51.79,5051.164148
2026-02-28 10:00:00,51.76,52.1,51.49,51.96,3680.979846
2026-02-28 11:00:00,51.96,52.24,51.63,51.65,2844.509468
2026-02-28 12:00:00,51.66,51.94,51.57,51.91,2910.058523
2026-02-28 13:00:00,51.92,53.0,51.84,52.99,9795.474781
2026-02-28 14:00:00,53.0,53.21,52.19,52.32,6407.51405
2026-02-28 15:00:00,52.33,52.76,52.07,52.58,4626.958152
2026-02-28 16:00:00,52.59,52.82,52.36,52.75,4838.994967
2026-02-28 17:00:00,52.76,53.2,52.51,53.12,7322.761188
2026-02-28 18:00:00,53.08,54.08,53.0,53.85,5422.188506
2026-02-28 19:00:00,53.86,54.37,53.51,54.08,8489.434039
2026-02-28 20:00:00,54.08,54.9,53.96,54.77,7954.945194
2026-02-28 21:00:00,54.78,54.79,54.16,54.25,4447.1248
2026-02-28 22:00:00,54.28,54.97,54.21,54.53,4362.762641
2026-02-28 23:00:00,54.53,54.62,54.23,54.41,654.400589
2026-03-01 00:00:00,54.42,54.54,53.99,54.13,2131.480854
2026-03-01 01:00:00,54.12,55.2,53.75,54.89,6332.150076
2026-03-01 02:00:00,54.9,55.53,54.89,55.3,9375.117654
2026-03-01 03:00:00,55.3,55.47,54.8,54.88,5761.234207
2026-03-01 04:00:00,54.9,55.01,54.51,54.9,7165.648086
2026-03-01 05:00:00,54.91,54.98,54.76,54.83,1397.746999
2026-03-01 06:00:00,54.82,54.86,54.25,54.44,3241.26016
2026-03-01 07:00:00,54.47,54.73,54.3,54.59,1474.053693
2026-03-01 08:00:00,54.62,54.73,53.9,54.02,3697.544711
2026-03-01 09:00:00,54.02,54.44,53.83,53.97,3874.406942
2026-03-01 10:00:00,53.97,54.22,53.84,54.04,2451.997507
2026-03-01 11:00:00,54.07,54.17,53.92,53.95,1476.909845
2026-03-01 12:00:00,53.94,54.07,53.71,53.74,2584.001585
2026-03-01 13:00:00,53.74,54.68,53.6,54.35,5298.756299
2026-03-01 14:00:00,54.38,54.72,54.11,54.3,2749.481724
2026-03-01 15:00:00,54.31,54.63,54.25,54.25,1619.752579
2026-03-01 16:00:00,54.28,54.52,53.33,53.7,6552.003099
2026-03-01 17:00:00,53.71,53.72,53.14,53.44,3788.679876
2026-03-01 18:00:00,53.45,54.08,53.43,53.66,3531.327871
2026-03-01 19:00:00,53.63,53.65,53.15,53.25,3556.561204
2026-03-01 20:00:00,53.25,53.27,52.46,52.65,7211.190671
2026-03-01 21:00:00,52.64,53.12,52.61,53.02,2384.962432
2026-03-01 22:00:00,53.04,53.87,53.0,53.01,8582.16477
2026-03-01 23:00:00,53.01,53.62,52.94,53.24,2523.799406
2026-03-02 00:00:00,53.25,53.97,53.21,53.79,2285.530329
2026-03-02 01:00:00,53.79,54.38,53.73,53.96,2636.969753
2026-03-02 02:00:00,53.96,54.13,53.51,53.81,2048.801848
2026-03-02 03:00:00,53.84,54.37,53.68,54.14,2706.29677
2026-03-02 04:00:00,54.16,54.18,53.94,54.04,1645.685124
2026-03-02 05:00:00,54.05,54.14,53.74,53.88,2116.882111
2026-03-02 06:00:00,53.9,53.9,53.2,53.45,3117.245241
2026-03-02 07:00:00,53.45,53.46,52.95,53.34,3076.164297
2026-03-02 08:00:00,53.35,53.59,52.97,53.51,4342.513248
2026-03-02 09:00:00,53.48,53.83,53.47,53.55,6523.087347
2026-03-02 10:00:00,53.54,53.71,53.32,53.48,2074.131556
2026-03-02 11:00:00,53.46,53.54,53.14,53.34,3203.46877
2026-03-02 12:00:00,53.36,53.43,53.12,53.21,2059.369048
2026-03-02 13:00:00,53.2,53.54,53.07,53.09,2270.523043
2026-03-02 14:00:00,53.09,54.42,53.0,54.16,5533.35104
2026-03-02 15:00:00,54.17,55.5,54.07,55.02,17931.478763
2026-03-02 16:00:00,55.02,55.73,54.62,55.06,25184.311386
2026-03-02 17:00:00,55.07,55.15,54.24,54.65,7624.959612
2026-03-02 18:00:00,54.64,54.87,54.26,54.61,4474.10962
2026-03-02 19:00:00,54.63,54.93,54.36,54.87,4329.703439
2026-03-02 20:00:00,54.88,55.05,54.51,54.8,4114.96636
2026-03-02 21:00:00,54.8,55.16,54.6,55.06,4171.349555
2026-03-02 22:00:00,55.08,55.49,54.88,55.07,2601.739844
2026-03-02 23:00:00,55.08,55.08,54.42,54.59,2150.828344
2026-03-03 00:00:00,54.6,54.77,54.28,54.63,6000.095295
2026-03-03 01:00:00,54.62,54.78,54.42,54.42,1949.043848
2026-03-03 02:00:00,54.44,54.53,54.07,54.42,4998.795687
2026-03-03 03:00:00,54.42,54.47,54.14,54.27,1558.991228
2026-03-03 04:00:00,54.28,54.32,53.86,53.95,4820.235438
2026-03-03 05:00:00,53.94,54.42,53.78,53.95,2578.936795
2026-03-03 06:00:00,53.96,54.16,53.89,54.05,1600.95912
2026-03-03 07:00:00,54.04,54.3,53.94,54.09,2107.762508
2026-03-03 08:00:00,54.09,54.16,53.42,53.53,8805.331047
2026-03-03 09:00:00,53.54,53.8,53.1,53.17,7812.662444
2026-03-03 10:00:00,53.16,53.38,53.03,53.27,1971.186953
2026-03-03 11:00:00,53.26,53.51,53.22,53.44,1110.782754
2026-03-03 12:00:00,53.47,54.16,53.46,53.83,2473.776674
2026-03-03 13:00:00,53.86,53.86,53.48,53.77,5460.302687
2026-03-03 14:00:00,53.76,54.28,53.07,53.51,13585.960179
2026-03-03 15:00:00,53.49,54.37,53.33,54.03,5524.732109
2026-03-03 16:00:00,54.04,55.0,53.87,54.83,12188.028182
2026-03-03 17:00:00,54.82,54.91,54.26,54.89,3489.788873
2026-03-03 18:00:00,54.9,55.21,54.63,54.83,4034.660094
2026-03-03 19:00:00,54.84,54.96,54.57,54.69,2536.508582
2026-03-03 20:00:00,54.68,55.02,54.58,54.68,1837.603838
2026-03-03 21:00:00,54.67,54.69,54.27,54.51,3068.175729
2026-03-03 22:00:00,54.51,55.02,54.5,54.82,2957.857946
2026-03-03 23:00:00,54.8,55.24,54.71,54.76,2639.282933
2026-03-04 00:00:00,54.77,54.94,54.47,54.76,2505.91263
2026-03-04 01:00:00,54.75,55.38,54.64,55.02,4323.074399
2026-03-04 02:00:00,55.04,55.06,54.68,55.0,2434.392744
2026-03-04 03:00:00,54.98,55.22,54.28,54.66,5304.261736
2026-03-04 04:00:00,54.66,54.77,54.39,54.67,4902.718071
2026-03-04 05:00:00,54.66,54.98,54.36,54.79,3600.970842
2026-03-04 06:00:00,54.78,54.94,54.51,54.86,3819.846557
2026-03-04 07:00:00,54.87,55.31,54.6,55.29,4977.6116
2026-03-04 08:00:00,55.3,56.3,55.12,56.15,16962.193545
2026-03-04 09:00:00,56.18,56.64,56.0,56.2,23668.790139
2026-03-04 10:00:00,56.2,56.39,55.86,55.98,4212.866875
2026-03-04 11:00:00,55.99,56.06,55.44,55.77,6562.881093
2026-03-04 12:00:00,55.78,55.84,55.32,55.65,4500.371644
2026-03-04 13:00:00,55.66,56.06,55.65,56.02,4446.122488
2026-03-04 14:00:00,56.02,56.4,55.47,55.67,23216.609702
2026-03-04 15:00:00,55.67,57.0,55.67,56.93,14800.7649
2026-03-04 16:00:00,56.92,57.12,56.35,56.74,10808.397439
2026-03-04 17:00:00,56.75,57.03,56.41,56.85,4904.816027
2026-03-04 18:00:00,56.85,57.22,56.53,57.03,5315.089885
2026-03-04 19:00:00,57.04,57.65,56.98,57.56,7725.758467
2026-03-04 20:00:00,57.56,57.64,57.15,57.19,11398.584765
2026-03-04 21:00:00,57.19,57.25,56.92,57.22,3964.370326
2026-03-04 22:00:00,57.22,57.44,56.71,56.77,3295.078365
2026-03-04 23:00:00,56.76,56.96,56.34,56.78,10202.035971
2026-03-05 00:00:00,56.77,56.94,56.6,56.85,2487.481008
2026-03-05 01:00:00,56.84,57.25,56.47,56.52,4370.865494
2026-03-05 02:00:00,56.55,56.9,56.44,56.53,4793.78771
2026-03-05 03:00:00,56.52,56.59,56.3,56.47,2963.647904
2026-03-05 04:00:00,56.47,56.87,56.43,56.69,9695.377048
2026-03-05 05:00:00,56.68,56.8,56.18,56.27,6937.359506
2026-03-05 06:00:00,56.25,56.37,55.97,56.36,4502.028377
2026-03-05 07:00:00,56.36,56.48,55.73,55.96,4279.719466
2026-03-05 08:00:00,55.97,56.42,55.88,56.41,4306.614835
2026-03-05 09:00:00,56.4,56.89,56.39,56.66,5290.710035
2026-03-05 10:00:00,56.66,57.22,56.47,57.02,5621.042476
2026-03-05 11:00:00,57.03,57.09,55.96,56.02,12710.210836
2026-03-05 12:00:00,56.02,56.09,55.69,55.94,9297.262886
2026-03-05 13:00:00,55.94,56.03,55.49,55.94,10441.0265
2026-03-05 14:00:00,55.95,56.61,55.9,56.45,12943.997979
2026-03-05 15:00:00,56.48,56.58,55.66,55.89,9231.358181
2026-03-05 16:00:00,55.89,55.89,55.04,55.47,7461.61574
2026-03-05 17:00:00,55.47,55.73,55.1,55.15,4451.045723
2026-03-05 18:00:00,55.14,55.48,55.06,55.41,2098.980896
2026-03-05 19:00:00,55.43,55.9,55.24,55.25,5671.13792
2026-03-05 20:00:00,55.25,55.99,55.25,55.96,2105.298892
2026-03-05 21:00:00,55.95,56.05,55.57,55.72,2141.286179
2026-03-05 22:00:00,55.72,55.87,55.56,55.64,1279.940579
2026-03-05 23:00:00,55.65,55.72,55.41,55.46,2847.788281
2026-03-06 00:00:00,55.46,55.58,55.4,55.44,1268.044186
2026-03-06 01:00:00,55.44,55.88,55.27,55.78,4217.013433
2026-03-06 02:00:00,55.77,55.83,55.6,55.61,1938.390122
2026-03-06 03:00:00,55.61,55.72,55.5,55.66,1767.740592
2026-03-06 04:00:00,55.66,55.68,55.2,55.44,4459.744879
2026-03-06 05:00:00,55.44,55.55,55.12,55.41,3492.963244
2026-03-06 06:00:00,55.39,55.59,55.3,55.5,2471.175308
2026-03-06 07:00:00,55.5,55.69,55.3,55.6,2817.158331
2026-03-06 08:00:00,55.6,55.7,55.39,55.42,3234.120199
2026-03-06 09:00:00,55.44,55.45,55.01,55.3,3657.963343
2026-03-06 10:00:00,55.29,55.47,55.27,55.28,2366.991585
2026-03-06 11:00:00,55.27,55.32,54.86,54.91,3814.744522
2026-03-06 12:00:00,54.9,54.91,54.37,54.6,4381.477692
2026-03-06 13:00:00,54.61,55.02,54.11,54.11,11921.86039
2026-03-06 14:00:00,54.12,54.38,53.52,53.77,14716.816067
2026-03-06 15:00:00,53.76,54.02,53.46,53.68,4064.806405
2026-03-06 16:00:00,53.67,53.77,53.42,53.61,4104.619667
2026-03-06 17:00:00,53.6,53.74,53.12,53.35,3504.662537
2026-03-06 18:00:00,53.35,53.69,53.35,53.43,3073.313079
2026-03-06 19:00:00,53.43,53.79,53.41,53.55,2924.77863
2026-03-06 20:00:00,53.54,53.86,53.53,53.78,1526.242111
2026-03-06 21:00:00,53.77,54.05,53.68,54.02,3019.225336
2026-03-06 22:00:00,54.01,54.11,53.94,54.04,1462.495897
2026-03-06 23:00:00,54.05,54.07,53.77,53.78,1037.122058
2026-03-07 00:00:00,53.8,54.02,53.78,54.0,1915.490595
2026-03-07 01:00:00,54.02,54.05,53.8,53.88,1596.497984
2026-03-07 02:00:00,53.88,54.02,53.77,54.02,1206.68322
2026-03-07 03:00:00,54.02,54.23,53.84,53.84,2338.29124
2026-03-07 04:00:00,53.86,53.93,53.59,53.83,2304.88558
2026-03-07 05:00:00,53.83,53.89,53.72,53.83,1007.035406
2026-03-07 06:00:00,53.81,53.83,53.49,53.54,2480.028831
2026-03-07 07:00:00,53.53,53.75,53.44,53.73,3223.062831
2026-03-07 08:00:00,53.71,54.29,53.7,54.09,8548.050573
2026-03-07 09:00:00,54.09,54.21,53.91,54.02,3014.29588
2026-03-07 10:00:00,54.03,54.14,53.87,53.87,1801.159766
2026-03-07 11:00:00,53.87,54.16,53.87,54.0,1763.341832
2026-03-07 12:00:00,54.0,54.06,53.91,53.93,1703.145198
2026-03-07 13:00:00,53.93,54.04,53.86,53.96,4247.189977
2026-03-07 14:00:00,53.96,54.23,53.71,53.97,2146.99706
2026-03-07 15:00:00,53.96,54.01,53.69,53.76,1681.970245
2026-03-07 16:00:00,53.76,53.86,53.67,53.82,471.250962
2026-03-07 17:00:00,53.84,53.99,53.82,53.94,752.086478
2026-03-07 18:00:00,53.95,53.95,53.59,53.67,3500.267624
2026-03-07 19:00:00,53.68,53.69,53.21,53.37,3295.001191
2026-03-07 20:00:00,53.36,53.57,53.33,53.54,1982.924787
2026-03-07 21:00:00,53.54,53.7,53.51,53.65,1836.727515
2026-03-07 22:00:00,53.65,53.68,53.25,53.41,2441.530638
2026-03-07 23:00:00,53.42,53.6,53.39,53.57,940.11744
2026-03-08 00:00:00,53.58,53.74,53.38,53.38,4091.966464
2026-03-08 01:00:00,53.38,53.69,53.29,53.61,3801.953833
2026-03-08 02:00:00,53.6,53.61,52.97,53.12,4412.250602
2026-03-08 03:00:00,53.11,53.4,53.07,53.2,5388.167865
2026-03-08 04:00:00,53.22,53.27,52.8,52.99,5290.712236
2026-03-08 05:00:00,52.97,53.4,52.97,53.35,3291.447611
2026-03-08 06:00:00,53.34,53.4,53.08,53.23,1753.893437
2026-03-08 07:00:00,53.2,53.41,53.05,53.13,4533.389312
2026-03-08 08:00:00,53.13,53.17,52.69,52.92,13049.104404
2026-03-08 09:00:00,52.88,53.41,52.83,53.34,6608.553916
2026-03-08 10:00:00,53.36,53.9,53.36,53.69,7730.722839
2026-03-08 11:00:00,53.66,53.66,53.32,53.58,2677.302719
2026-03-08 12:00:00,53.56,53.85,53.19,53.65,4472.093947
2026-03-08 13:00:00,53.65,53.69,53.05,53.26,4192.865024
2026-03-08 14:00:00,53.25,53.31,52.8,52.93,2610.758357
2026-03-08 15:00:00,52.92,52.93,52.51,52.69,3882.168839
2026-03-08 16:00:00,52.68,52.73,52.22,52.45,7262.922949
2026-03-08 17:00:00,52.45,52.7,52.39,52.6,2613.054316
2026-03-08 18:00:00,52.62,52.63,52.35,52.57,2198.900074
2026-03-08 19:00:00,52.58,53.19,52.5,53.09,3362.196877
2026-03-08 20:00:00,53.1,53.43,52.97,53.06,3323.612662
2026-03-08 21:00:00,53.07,53.12,52.66,52.94,2380.878081
2026-03-08 22:00:00,52.92,52.92,51.86,52.79,11622.072296
2026-03-08 23:00:00,52.8,52.99,52.53,52.59,2376.098309
2026-03-09 00:00:00,52.58,53.4,52.58,52.99,8104.412543
2026-03-09 01:00:00,52.98,53.15,52.65,52.65,3533.055839
2026-03-09 02:00:00,52.65,53.12,52.48,52.99,3465.811401
2026-03-09 03:00:00,52.99,53.81,52.95,53.29,9420.879391
2026-03-09 04:00:00,53.32,53.64,53.25,53.26,1598.601892
2026-03-09 05:00:00,53.29,54.05,53.27,53.81,6622.664677
2026-03-09 06:00:00,53.82,53.87,53.29,53.3,3447.38349
2026-03-09 07:00:00,53.29,53.37,52.86,53.31,4487.900531
2026-03-09 08:00:00,53.32,53.56,53.26,53.42,1783.708246
2026-03-09 09:00:00,53.43,53.83,53.22,53.48,3730.517889
2026-03-09 10:00:00,53.49,53.63,53.22,53.28,7156.195505
2026-03-09 11:00:00,53.27,53.46,53.01,53.39,1535.817108
2026-03-09 12:00:00,53.4,53.79,53.32,53.69,5882.435596
2026-03-09 13:00:00,53.67,54.42,53.66,54.19,8033.061716
2026-03-09 14:00:00,54.17,54.35,53.87,54.09,6598.240741
2026-03-09 15:00:00,54.1,54.21,53.69,53.92,3640.841563
2026-03-09 16:00:00,53.9,54.24,53.85,54.03,2282.806048
2026-03-09 17:00:00,54.04,54.25,53.85,54.05,2564.400405
2026-03-09 18:00:00,54.05,54.14,53.81,53.94,2115.885016
2026-03-09 19:00:00,53.94,54.75,53.88,54.19,3701.598703
2026-03-09 20:00:00,54.19,54.27,53.96,54.16,4320.63399
2026-03-09 21:00:00,54.16,54.25,53.96,54.12,825.570237
2026-03-09 22:00:00,54.12,54.17,53.67,53.75,3145.731967
2026-03-09 23:00:00,53.76,53.84,53.64,53.77,2424.926927
2026-03-10 00:00:00,53.76,54.26,53.73,54.12,3263.723842
2026-03-10 01:00:00,54.09,54.26,53.89,54.07,4475.236375
2026-03-10 02:00:00,54.07,54.68,53.97,54.45,5589.48599
2026-03-10 03:00:00,54.46,54.49,53.88,54.03,4170.491335
2026-03-10 04:00:00,54.03,54.27,53.87,54.14,4776.035519
2026-03-10 05:00:00,54.15,54.23,53.86,53.9,1548.906504
2026-03-10 06:00:00,53.91,54.11,53.81,53.99,2421.636949
2026-03-10 07:00:00,53.98,54.23,53.87,54.06,2458.310452
2026-03-10 08:00:00,54.08,54.36,54.02,54.14,7733.049964
2026-03-10 09:00:00,54.15,54.52,54.14,54.45,5152.997519
2026-03-10 10:00:00,54.45,54.45,54.03,54.18,5894.31004
2026-03-10 11:00:00,54.19,54.28,54.0,54.1,4447.186729
2026-03-10 12:00:00,54.12,54.2,53.93,54.1,3295.714802
2026-03-10 13:00:00,54.12,54.37,53.75,54.04,9342.066981
2026-03-10 14:00:00,54.04,54.97,53.67,54.89,13171.456067
2026-03-10 15:00:00,54.9,55.0,54.49,54.75,9439.634355
2026-03-10 16:00:00,54.77,54.97,54.48,54.75,6338.37192
2026-03-10 17:00:00,54.74,54.84,54.4,54.63,5576.38039
2026-03-10 18:00:00,54.63,54.63,53.72,53.77,6511.768488
2026-03-10 19:00:00,53.78,53.93,53.55,53.79,3782.886577
2026-03-10 20:00:00,53.77,54.01,53.76,53.97,2088.918871
2026-03-10 21:00:00,53.98,54.11,53.46,53.6,6951.118694
2026-03-10 22:00:00,53.63,53.8,53.43,53.72,2857.559637
2026-03-10 23:00:00,53.74,53.88,53.68,53.86,2084.959862
2026-03-11 00:00:00,53.87,54.01,53.73,53.99,1631.512798
2026-03-11 01:00:00,53.98,54.02,53.88,53.96,2155.738762
2026-03-11 02:00:00,53.97,54.02,53.67,53.9,2578.102379
2026-03-11 03:00:00,53.91,53.97,53.78,53.82,1315.741383
2026-03-11 04:00:00,53.82,54.12,53.71,54.03,1372.159082
2026-03-11 05:00:00,54.05,54.08,53.53,53.63,3938.445531
2026-03-11 06:00:00,53.64,53.97,53.61,53.87,1800.549961
2026-03-11 07:00:00,53.85,53.97,53.71,53.85,2135.367678
2026-03-11 08:00:00,53.87,53.99,53.74,53.97,3180.70229
2026-03-11 09:00:00,53.97,53.97,53.65,53.68,2006.598853
2026-03-11 10:00:00,53.7,54.01,53.68,53.91,1669.976943
2026-03-11 11:00:00,53.91,54.04,53.82,53.87,1534.770087
2026-03-11 12:00:00,53.87,54.4,53.77,54.12,4892.54958
2026-03-11 13:00:00,54.11,55.04,54.11,54.6,10056.436638
2026-03-11 14:00:00,54.6,55.08,54.54,54.81,8739.885565
2026-03-11 15:00:00,54.81,54.83,54.23,54.56,6291.85309
2026-03-11 16:00:00,54.56,54.99,54.54,54.85,5174.140971
2026-03-11 17:00:00,54.85,55.17,54.64,54.92,5009.850776
2026-03-11 18:00:00,54.92,55.17,54.92,55.13,2340.358965
2026-03-11 19:00:00,55.14,55.15,54.91,55.05,1262.09346
2026-03-11 20:00:00,55.04,55.06,54.83,54.97,1196.722946
2026-03-11 21:00:00,54.98,55.14,54.92,55.14,3491.445022
2026-03-11 22:00:00,55.13,55.28,54.9,54.96,3002.786355
2026-03-11 23:00:00,54.97,55.05,54.68,54.79,2739.689822
2026-03-12 00:00:00,54.82,54.99,54.76,54.98,1315.583992
2026-03-12 01:00:00,54.98,54.98,54.54,54.65,16827.627147
2026-03-12 02:00:00,54.66,54.72,54.19,54.24,10151.524023
2026-03-12 03:00:00,54.24,54.33,54.05,54.16,3105.329092
2026-03-12 04:00:00,54.14,54.21,54.03,54.11,4022.107128
2026-03-12 05:00:00,54.1,54.16,53.98,54.12,3758.32217
2026-03-12 06:00:00,54.12,54.16,54.03,54.09,2754.850108
2026-03-12 07:00:00,54.1,54.34,54.01,54.28,2544.860353
2026-03-12 08:00:00,54.26,54.5,54.19,54.38,2494.774234
2026-03-12 09:00:00,54.38,54.67,54.13,54.42,2846.727055
2026-03-12 10:00:00,54.42,54.68,54.36,54.53,3288.004136
2026-03-12 11:00:00,54.52,54.53,54.23,54.32,3885.285703
2026-03-12 12:00:00,54.34,54.6,54.24,54.53,1805.473223
2026-03-12 13:00:00,54.54,54.62,54.17,54.39,6602.045064
2026-03-12 14:00:00,54.39,54.65,53.76,54.06,7856.919014
2026-03-12 15:00:00,54.05,54.49,54.01,54.33,2819.986259
2026-03-12 16:00:00,54.32,54.48,54.13,54.43,1144.411553
2026-03-12 17:00:00,54.43,54.47,54.16,54.24,1348.702048
2026-03-12 18:00:00,54.24,54.38,54.08,54.1,919.535471
2026-03-12 19:00:00,54.11,54.4,54.04,54.3,2473.371136
2026-03-12 20:00:00,54.31,54.33,54.03,54.17,941.263901
2026-03-12 21:00:00,54.17,54.49,54.17,54.47,720.714971
2026-03-12 22:00:00,54.45,54.52,54.36,54.48,1422.755982
2026-03-12 23:00:00,54.49,54.81,54.49,54.57,4602.959301
2026-03-13 00:00:00,54.57,55.46,54.48,55.06,11654.987011
2026-03-13 01:00:00,55.05,55.34,55.04,55.26,4837.358325
2026-03-13 02:00:00,55.29,55.34,54.87,55.05,2380.480446
2026-03-13 03:00:00,55.06,55.34,54.97,55.26,2212.039021
2026-03-13 04:00:00,55.26,55.4,55.06,55.18,2418.222409
2026-03-13 05:00:00,55.17,55.38,55.04,55.3,4052.063228
2026-03-13 06:00:00,55.28,55.33,54.96,55.04,3676.363654
2026-03-13 07:00:00,55.03,55.18,54.99,55.06,3546.942608
2026-03-13 08:00:00,55.04,55.44,54.99,55.22,3147.87712
2026-03-13 09:00:00,55.21,55.53,55.21,55.45,5954.900328
2026-03-13 10:00:00,55.44,56.19,55.43,55.96,13993.818358
2026-03-13 11:00:00,55.95,56.06,55.85,55.92,5460.428591
2026-03-13 12:00:00,55.91,56.49,55.88,56.24,8027.713856
2026-03-13 13:00:00,56.26,56.71,56.11,56.49,15631.192466
2026-03-13 14:00:00,56.5,56.68,55.54,55.66,24444.664646
2026-03-13 15:00:00,55.67,55.87,55.26,55.33,13456.515275
2026-03-13 16:00:00,55.31,55.81,55.2,55.71,5808.716955
2026-03-13 17:00:00,55.71,55.94,55.16,55.35,7631.343437
2026-03-13 18:00:00,55.34,55.56,55.25,55.36,3240.388699
2026-03-13 19:00:00,55.37,55.64,55.27,55.62,2759.01638
2026-03-13 20:00:00,55.62,55.85,55.49,55.78,4684.535823
2026-03-13 21:00:00,55.8,56.07,55.64,55.64,4849.972882
2026-03-13 22:00:00,55.64,55.68,55.1,55.25,5040.118089
2026-03-13 23:00:00,55.25,55.36,55.2,55.32,2215.766197
2026-03-14 00:00:00,55.31,55.44,55.1,55.15,4650.366905
2026-03-14 01:00:00,55.13,55.49,55.07,55.44,4099.055153
2026-03-14 02:00:00,55.44,55.64,55.37,55.6,3534.018861
2026-03-14 03:00:00,55.58,55.78,55.54,55.72,3111.803027
2026-03-14 04:00:00,55.71,55.82,55.51,55.54,2313.710982
2026-03-14 05:00:00,55.54,55.59,55.2,55.29,3433.779307
2026-03-14 06:00:00,55.27,55.27,54.65,54.83,6248.532942
2026-03-14 07:00:00,54.83,54.85,54.64,54.71,2839.405627
2026-03-14 08:00:00,54.71,54.81,54.56,54.61,3988.266789
2026-03-14 09:00:00,54.62,54.69,54.46,54.5,2591.732239
2026-03-14 10:00:00,54.49,54.52,54.37,54.47,1546.909275
2026-03-14 11:00:00,54.46,54.73,54.46,54.7,3218.783612
2026-03-14 12:00:00,54.69,54.77,54.53,54.66,2399.449573
2026-03-14 13:00:00,54.64,54.78,54.61,54.66,1167.222631
2026-03-14 14:00:00,54.66,54.69,54.42,54.43,1502.147315
2026-03-14 15:00:00,54.44,54.51,54.38,54.48,1649.17691
2026-03-14 16:00:00,54.46,54.66,54.38,54.61,1059.557467
2026-03-14 17:00:00,54.61,54.72,54.57,54.59,2184.585166
2026-03-14 18:00:00,54.58,54.81,54.53,54.73,1339.082284
2026-03-14 19:00:00,54.74,54.81,54.65,54.67,1016.84033
2026-03-14 20:00:00,54.67,54.7,54.54,54.64,950.229146
2026-03-14 21:00:00,54.62,54.73,54.52,54.7,1714.397349
2026-03-14 22:00:00,54.69,54.73,54.62,54.63,552.699477
2026-03-14 23:00:00,54.63,55.02,54.63,55.0,3343.256038
2026-03-15 00:00:00,54.98,54.99,54.75,54.78,2889.686377
2026-03-15 01:00:00,54.78,54.89,54.7,54.87,1052.86927
2026-03-15 02:00:00,54.89,55.31,54.89,55.18,3632.202563
2026-03-15 03:00:00,55.2,55.32,55.07,55.15,2582.807496
2026-03-15 04:00:00,55.16,55.38,55.13,55.28,2185.871266
2026-03-15 05:00:00,55.28,55.45,55.2,55.22,2429.494977
2026-03-15 06:00:00,55.21,55.29,55.02,55.11,1528.779831
2026-03-15 07:00:00,55.1,55.29,55.07,55.25,740.037558
2026-03-15 08:00:00,55.26,55.4,55.2,55.4,1753.550344
2026-03-15 09:00:00,55.4,55.58,55.33,55.33,2694.17739
2026-03-15 10:00:00,55.34,55.49,55.28,55.45,3224.497811
2026-03-15 11:00:00,55.44,55.5,55.36,55.41,2717.589717
2026-03-15 12:00:00,55.41,55.5,55.27,55.4,2631.904058
2026-03-15 13:00:00,55.42,55.5,55.08,55.3,5144.614508
2026-03-15 14:00:00,55.31,55.37,55.06,55.28,3281.53503
2026-03-15 15:00:00,55.28,55.28,55.06,55.1,3619.171821
2026-03-15 16:00:00,55.09,55.24,55.0,55.01,1906.405346
2026-03-15 17:00:00,55.03,55.35,55.03,55.23,1633.208479
2026-03-15 18:00:00,55.24,55.3,54.93,54.99,2283.05708
2026-03-15 19:00:00,54.99,55.3,54.97,55.24,2471.923123
2026-03-15 20:00:00,55.23,55.48,55.07,55.34,1955.408781
2026-03-15 21:00:00,55.36,55.8,55.28,55.73,3203.168352
2026-03-15 22:00:00,55.74,56.4,55.52,56.32,12180.439613
2026-03-15 23:00:00,56.34,56.4,55.88,56.26,7455.577495
2026-03-16 00:00:00,56.26,56.49,56.05,56.15,5300.619829
2026-03-16 01:00:00,56.15,56.37,55.96,56.21,4849.985238
2026-03-16 02:00:00,56.21,56.26,55.81,56.03,3623.450641
2026-03-16 03:00:00,56.02,57.0,55.91,56.65,18477.834879
2026-03-16 04:00:00,56.67,57.3,56.67,57.22,14853.50085
2026-03-16 05:00:00,57.22,57.56,57.09,57.46,10208.331352
2026-03-16 06:00:00,57.46,57.48,57.14,57.2,8402.479298
2026-03-16 07:00:00,57.21,57.66,57.21,57.39,8919.163707
2026-03-16 08:00:00,57.39,57.83,57.1,57.29,10110.571298
2026-03-16 09:00:00,57.29,57.61,57.23,57.47,3003.30324
2026-03-16 10:00:00,57.49,57.56,57.2,57.48,6467.4689
2026-03-16 11:00:00,57.48,57.59,57.25,57.36,4827.008962
2026-03-16 12:00:00,57.35,57.78,57.34,57.67,5465.20008
2026-03-16 13:00:00,57.67,58.39,57.5,57.96,11793.651474
2026-03-16 14:00:00,57.96,58.22,57.45,58.22,17283.403699
2026-03-16 15:00:00,58.23,58.42,57.75,57.83,8570.780686
2026-03-16 16:00:00,57.83,58.45,57.82,58.29,5248.768224
2026-03-16 17:00:00,58.3,58.49,58.18,58.39,6615.226261
2026-03-16 18:00:00,58.38,58.75,58.31,58.42,6188.110785
2026-03-16 19:00:00,58.46,58.85,58.32,58.43,4491.991282
2026-03-16 20:00:00,58.44,58.64,58.31,58.56,2153.684842
2026-03-16 21:00:00,58.54,59.2,58.54,58.69,7912.195087
2026-03-16 22:00:00,58.68,58.94,58.65,58.88,4603.089876
2026-03-16 23:00:00,58.87,58.89,58.32,58.69,10383.730824
2026-03-17 00:00:00,58.68,59.05,58.47,58.86,8826.755664
2026-03-17 01:00:00,58.87,59.05,58.46,58.7,8313.447185
2026-03-17 02:00:00,58.7,59.26,58.5,58.75,17844.265904
2026-03-17 03:00:00,58.72,58.73,57.89,58.07,13290.797395
2026-03-17 04:00:00,58.06,58.2,57.4,57.7,8746.723819
2026-03-17 05:00:00,57.68,57.93,57.44,57.66,9572.936059
2026-03-17 06:00:00,57.68,57.96,57.48,57.7,5651.455284
2026-03-17 07:00:00,57.7,58.11,57.68,57.88,3094.480333
2026-03-17 08:00:00,57.89,58.07,57.76,57.83,4690.239593
2026-03-17 09:00:00,57.8,58.06,57.65,57.81,5270.772529
2026-03-17 10:00:00,57.81,57.83,57.5,57.65,3089.782721
2026-03-17 11:00:00,57.66,57.89,57.64,57.68,3401.113298
2026-03-17 12:00:00,57.68,57.73,57.31,57.43,4647.953939
2026-03-17 13:00:00,57.41,57.91,57.37,57.74,5136.428242
2026-03-17 14:00:00,57.74,58.12,57.5,58.07,16796.57812
2026-03-17 15:00:00,58.07,58.34,57.71,58.07,17544.612743
2026-03-17 16:00:00,58.08,58.33,57.95,58.11,4338.222365
2026-03-17 17:00:00,58.11,58.63,58.1,58.52,3382.294461
2026-03-17 18:00:00,58.52,58.6,58.39,58.53,1721.273912
2026-03-17 19:00:00,58.52,58.54,58.15,58.18,1804.584202
2026-03-17 20:00:00,58.18,58.4,58.09,58.3,2140.873474
2026-03-17 21:00:00,58.31,58.7,58.3,58.6,3551.720683
2026-03-17 22:00:00,58.59,58.7,58.2,58.34,4227.486618
2026-03-17 23:00:00,58.34,58.39,58.05,58.09,2980.840482
2026-03-18 00:00:00,58.09,58.17,57.95,58.17,3162.188499
2026-03-18 01:00:00,58.18,58.4,58.16,58.25,4269.309682
2026-03-18 02:00:00,58.24,58.47,58.21,58.4,1541.623608
2026-03-18 03:00:00,58.39,58.55,58.25,58.37,2506.464111
2026-03-18 04:00:00,58.37,58.39,57.92,58.08,2970.104665
2026-03-18 05:00:00,58.09,58.29,57.88,57.94,2583.165198
2026-03-18 06:00:00,57.96,58.1,57.91,57.94,3333.951664
2026-03-18 07:00:00,57.93,57.93,57.71,57.83,2705.377578
2026-03-18 08:00:00,57.83,57.97,57.5,57.51,5568.083188
2026-03-18 09:00:00,57.51,57.9,57.38,57.81,8804.235621
2026-03-18 10:00:00,57.81,57.87,57.54,57.64,3246.026767
2026-03-18 11:00:00,57.63,57.71,56.33,56.57,18147.738996
2026-03-18 12:00:00,56.56,56.63,55.84,56.06,10671.468689
2026-03-18 13:00:00,56.06,56.42,55.8,56.24,6306.524147
2026-03-18 14:00:00,56.24,56.25,55.5,55.58,6972.528683
2026-03-18 15:00:00,55.6,55.77,55.32,55.51,7962.527908
2026-03-18 16:00:00,55.51,55.71,55.33,55.53,5351.321056
2026-03-18 17:00:00,55.54,56.04,55.42,55.92,2596.73533
2026-03-18 18:00:00,55.91,56.28,55.64,55.73,3854.477235
2026-03-18 19:00:00,55.72,55.99,55.68,55.79,2005.083758
2026-03-18 20:00:00,55.78,56.06,55.46,56.02,4535.664468
2026-03-18 21:00:00,56.0,56.33,55.99,56.27,2549.527509
2026-03-18 22:00:00,56.24,56.26,55.88,55.88,2011.493749
2026-03-18 23:00:00,55.9,56.09,55.77,56.07,821.126253
2026-03-19 00:00:00,56.08,56.14,55.81,55.82,1778.409267
2026-03-19 01:00:00,55.84,56.03,55.76,55.97,2456.135579
2026-03-19 02:00:00,55.98,55.98,55.72,55.76,1124.163073
2026-03-19 03:00:00,55.78,56.35,55.78,55.99,2496.386418
2026-03-19 04:00:00,55.99,56.02,55.62,55.66,1804.942157
2026-03-19 05:00:00,55.68,55.76,55.52,55.6,467.695052
2026-03-19 06:00:00,55.59,55.71,55.41,55.54,1745.27062
2026-03-19 07:00:00,55.52,55.57,54.87,55.17,7767.408007
2026-03-19 08:00:00,55.16,55.34,55.04,55.17,2278.851231
2026-03-19 09:00:00,55.17,55.65,55.15,55.65,4050.175329
2026-03-19 10:00:00,55.64,55.69,55.42,55.42,1725.22871
2026-03-19 11:00:00,55.41,55.51,55.32,55.37,2534.363224
2026-03-19 12:00:00,55.37,55.37,54.87,54.9,4161.141189
2026-03-19 13:00:00,54.91,55.3,54.67,55.18,10495.863331
2026-03-19 14:00:00,55.21,55.35,54.85,55.15,6799.132168
2026-03-19 15:00:00,55.14,55.34,54.63,55.02,7264.891919
2026-03-19 16:00:00,55.02,55.09,54.84,54.93,2950.216847
2026-03-19 17:00:00,54.93,55.37,54.79,55.25,2086.733546
2026-03-19 18:00:00,55.26,55.33,55.16,55.3,1294.450535
2026-03-19 19:00:00,55.32,55.91,55.31,55.64,2100.808116
2026-03-19 20:00:00,55.64,55.94,55.62,55.82,2196.864758
2026-03-19 21:00:00,55.83,55.91,55.6,55.72,1361.114822
2026-03-19 22:00:00,55.69,55.71,55.39,55.52,3768.458858
2026-03-19 23:00:00,55.53,55.61,55.34,55.54,1401.578533
2026-03-20 00:00:00,55.54,55.81,55.53,55.75,1612.586953
2026-03-20 01:00:00,55.78,55.95,55.75,55.81,1725.82672
2026-03-20 02:00:00,55.82,55.87,55.69,55.73,1496.639248
2026-03-20 03:00:00,55.73,55.94,55.64,55.88,2996.513048
2026-03-20 04:00:00,55.87,56.06,55.75,55.98,2086.74829
2026-03-20 05:00:00,55.94,56.15,55.9,55.92,2153.385847
2026-03-20 06:00:00,55.93,56.02,55.89,55.9,1311.8195
2026-03-20 07:00:00,55.91,56.05,55.62,55.98,2353.934727
2026-03-20 08:00:00,55.99,56.29,55.92,56.0,7685.989869
2026-03-20 09:00:00,56.0,56.0,55.55,55.61,3573.884026
2026-03-20 10:00:00,55.61,55.75,55.5,55.64,6112.138316
2026-03-20 11:00:00,55.66,55.82,55.29,55.44,8477.450111
2026-03-20 12:00:00,55.45,55.61,55.28,55.38,2614.399814
2026-03-20 13:00:00,55.39,55.61,55.26,55.35,5320.805283
2026-03-20 14:00:00,55.34,55.67,55.21,55.37,3833.084399
2026-03-20 15:00:00,55.39,55.65,55.25,55.6,2283.8951
2026-03-20 16:00:00,55.61,55.71,55.38,55.5,923.965029
2026-03-20 17:00:00,55.5,55.69,55.27,55.69,2443.231793
2026-03-20 18:00:00,55.69,55.7,55.32,55.47,924.797635
2026-03-20 19:00:00,55.47,55.71,55.32,55.66,1448.906475
2026-03-20 20:00:00,55.67,55.75,55.41,55.74,2952.270471
2026-03-20 21:00:00,55.75,56.23,55.73,56.12,3613.506584
2026-03-20 22:00:00,56.12,56.46,56.12,56.2,4176.707819
2026-03-20 23:00:00,56.18,56.24,55.99,56.19,1708.224901
2026-03-21 00:00:00,56.18,56.47,56.16,56.42,1885.516487
2026-03-21 01:00:00,56.42,56.53,56.13,56.16,3326.830242
2026-03-21 02:00:00,56.16,56.38,56.14,56.31,2667.010956
2026-03-21 03:00:00,56.32,56.34,56.13,56.19,700.864016
2026-03-21 04:00:00,56.2,56.33,56.16,56.2,765.297897
2026-03-21 05:00:00,56.21,56.55,56.21,56.25,2364.288426
2026-03-21 06:00:00,56.25,56.33,56.21,56.26,1153.145349
2026-03-21 07:00:00,56.26,56.37,56.24,56.3,877.375517
2026-03-21 08:00:00,56.33,56.4,56.19,56.38,1647.80397
2026-03-21 09:00:00,56.39,56.59,56.27,56.31,1123.312305
2026-03-21 10:00:00,56.3,56.3,56.04,56.1,2038.242719
2026-03-21 11:00:00,56.11,56.11,55.96,56.02,2217.638219
2026-03-21 12:00:00,56.02,56.07,55.92,55.96,1043.312826
2026-03-21 13:00:00,55.96,56.02,55.76,55.81,1604.118407
2026-03-21 14:00:00,55.8,55.99,55.61,55.65,2902.122487
2026-03-21 15:00:00,55.66,55.79,55.61,55.75,3100.451092
2026-03-21 16:00:00,55.77,55.79,55.57,55.71,1729.854118
2026-03-21 17:00:00,55.71,55.81,55.64,55.75,1293.130077
2026-03-21 18:00:00,55.76,56.01,55.76,56.0,728.612399
2026-03-21 19:00:00,56.02,56.38,55.86,55.86,10802.824225
2026-03-21 20:00:00,55.86,56.03,55.8,56.0,1336.601004
2026-03-21 21:00:00,56.0,56.02,55.82,55.86,1194.66197
2026-03-21 22:00:00,55.87,55.87,55.68,55.72,1417.616539
2026-03-21 23:00:00,55.72,55.73,54.4,54.81,12056.828776
2026-03-22 00:00:00,54.79,54.83,54.12,54.64,10534.113093
2026-03-22 01:00:00,54.65,54.79,54.45,54.61,3729.80846
2026-03-22 02:00:00,54.62,54.89,54.5,54.77,2687.817755
2026-03-22 03:00:00,54.76,55.04,54.63,54.72,2682.081697
2026-03-22 04:00:00,54.72,54.91,54.6,54.76,2504.902185
2026-03-22 05:00:00,54.76,54.76,54.56,54.56,1456.001911
2026-03-22 06:00:00,54.55,54.65,54.4,54.63,2238.658086
2026-03-22 07:00:00,54.61,54.68,54.4,54.4,840.301235
2026-03-22 08:00:00,54.39,54.4,54.08,54.25,4625.540931
2026-03-22 09:00:00,54.23,54.39,54.12,54.22,2143.171555
2026-03-22 10:00:00,54.21,54.26,54.0,54.0,1856.779779
2026-03-22 11:00:00,54.0,54.09,53.78,53.95,4742.874964
2026-03-22 12:00:00,53.94,54.34,53.94,54.05,7852.130761
2026-03-22 13:00:00,54.06,54.33,54.01,54.17,4008.24901
2026-03-22 14:00:00,54.17,54.28,54.04,54.12,2077.091397
2026-03-22 15:00:00,54.14,54.27,54.09,54.24,1153.88035
2026-03-22 16:00:00,54.24,54.25,54.06,54.11,1024.050989
2026-03-22 17:00:00,54.11,54.22,54.04,54.1,579.866821
2026-03-22 18:00:00,54.09,54.18,53.76,54.0,7633.173768
2026-03-22 19:00:00,54.0,54.0,53.67,53.77,2272.978062
2026-03-22 20:00:00,53.78,53.87,53.51,53.57,1962.855774
2026-03-22 21:00:00,53.58,53.62,53.02,53.33,4834.422717
2026-03-22 22:00:00,53.34,53.77,53.1,53.69,1949.753485
2026-03-22 23:00:00,53.7,53.79,53.45,53.51,1163.755455
2026-03-23 00:00:00,53.52,53.74,53.33,53.63,2218.140151
2026-03-23 01:00:00,53.64,53.85,53.53,53.67,2194.680831
2026-03-23 02:00:00,53.69,54.07,53.66,53.93,2874.422514
2026-03-23 03:00:00,53.93,54.18,53.91,53.93,1732.229169
2026-03-23 04:00:00,53.94,54.17,53.94,54.16,1289.909248
2026-03-23 05:00:00,54.17,54.28,53.97,54.12,1877.14709
2026-03-23 06:00:00,54.12,54.12,53.46,53.59,3346.999039
2026-03-23 07:00:00,53.58,53.73,53.29,53.64,3063.188837
2026-03-23 08:00:00,53.65,53.89,53.58,53.62,1654.326203
2026-03-23 09:00:00,53.62,53.83,53.43,53.83,1644.460918
2026-03-23 10:00:00,53.84,54.11,53.76,53.83,2652.275651
2026-03-23 11:00:00,53.84,56.17,53.82,54.94,53173.197767
2026-03-23 12:00:00,54.95,55.49,54.7,55.44,5848.757128
2026-03-23 13:00:00,55.45,55.89,55.19,55.78,3439.459144
2026-03-23 14:00:00,55.79,56.0,55.52,55.78,4252.972439
2026-03-23 15:00:00,55.78,55.96,55.05,55.08,3904.081036
2026-03-23 16:00:00,55.1,55.35,55.02,55.32,2482.76441
2026-03-23 17:00:00,55.35,55.59,55.18,55.49,1625.458942
2026-03-23 18:00:00,55.5,55.65,55.36,55.63,3495.919031
2026-03-23 19:00:00,55.64,55.83,55.3,55.34,1716.291186
2026-03-23 20:00:00,55.34,55.72,55.27,55.68,1220.445218
2026-03-23 21:00:00,55.69,55.86,55.68,55.77,1129.011858
2026-03-23 22:00:00,55.79,55.82,55.57,55.66,5782.00972
2026-03-23 23:00:00,55.66,55.75,55.48,55.72,2220.235751
2026-03-24 00:00:00,55.73,55.81,55.31,55.46,3561.851752
2026-03-24 01:00:00,55.44,55.48,55.04,55.24,1998.791068
2026-03-24 02:00:00,55.23,55.5,55.17,55.25,1220.822244
2026-03-24 03:00:00,55.25,55.64,55.23,55.57,2156.242697
2026-03-24 04:00:00,55.58,55.64,55.33,55.45,3695.278851
2026-03-24 05:00:00,55.45,55.55,55.31,55.48,2848.027583
2026-03-24 06:00:00,55.49,55.75,55.48,55.64,8711.954991
2026-03-24 07:00:00,55.63,56.02,55.59,55.95,11254.755318
2026-03-24 08:00:00,55.97,56.01,55.78,55.79,2666.374179
2026-03-24 09:00:00,55.79,55.97,55.67,55.91,2520.081249
2026-03-24 10:00:00,55.91,55.91,55.64,55.8,1304.911023
2026-03-24 11:00:00,55.8,55.81,55.58,55.7,2630.289602
2026-03-24 12:00:00,55.7,55.76,55.6,55.64,1597.122199
2026-03-24 13:00:00,55.63,55.79,55.35,55.39,3857.763075
2026-03-24 14:00:00,55.42,55.64,55.16,55.56,12356.05657
2026-03-24 15:00:00,55.57,55.92,55.5,55.7,7873.485886
2026-03-24 16:00:00,55.7,55.94,55.59,55.72,2228.065967
2026-03-24 17:00:00,55.73,55.74,55.35,55.43,2984.692456
2026-03-24 18:00:00,55.44,55.89,55.37,55.66,2515.765126
2026-03-24 19:00:00,55.67,55.85,55.67,55.74,728.589175
2026-03-24 20:00:00,55.74,56.35,55.71,56.17,4306.035971
2026-03-24 21:00:00,56.21,56.23,55.95,56.09,1794.92744
2026-03-24 22:00:00,56.08,56.17,55.88,56.09,1275.246656
2026-03-24 23:00:00,56.09,56.48,56.07,56.38,2449.079327
2026-03-25 00:00:00,56.4,56.68,56.34,56.41,9732.919743
2026-03-25 01:00:00,56.41,56.43,56.24,56.31,2000.299502
2026-03-25 02:00:00,56.32,56.34,56.13,56.14,897.641243
2026-03-25 03:00:00,56.15,56.3,55.98,56.27,3635.462203
2026-03-25 04:00:00,56.27,56.4,56.22,56.4,510.478179
2026-03-25 05:00:00,56.39,56.57,56.33,56.42,1908.304868
2026-03-25 06:00:00,56.44,56.45,56.31,56.4,945.850477
2026-03-25 07:00:00,56.4,56.64,56.39,56.41,2286.96587
2026-03-25 08:00:00,56.4,56.73,56.39,56.5,5935.863026
2026-03-25 09:00:00,56.48,56.51,56.28,56.42,2187.558175
2026-03-25 10:00:00,56.43,56.52,56.37,56.47,1662.640702
2026-03-25 11:00:00,56.47,56.66,56.35,56.41,6917.963985
2026-03-25 12:00:00,56.45,56.68,56.2,56.54,9940.544291
2026-03-25 13:00:00,56.55,56.7,56.47,56.6,2563.645359
2026-03-25 14:00:00,56.61,56.74,56.51,56.6,3645.141011
2026-03-25 15:00:00,56.62,56.67,55.8,56.04,11213.826877
2026-03-25 16:00:00,56.03,56.5,55.95,56.29,3502.876207
2026-03-25 17:00:00,56.3,56.45,56.24,56.35,2691.688015
2026-03-25 18:00:00,56.36,56.49,56.22,56.31,1059.796821
2026-03-25 19:00:00,56.3,56.42,56.24,56.32,1472.447915
2026-03-25 20:00:00,56.33,56.4,56.15,56.3,2949.290718
2026-03-25 21:00:00,56.3,56.54,56.23,56.37,3447.130183
2026-03-25 22:00:00,56.37,56.78,56.32,56.67,2601.77595
2026-03-25 23:00:00,56.67,56.7,56.49,56.65,1537.017791
2026-03-26 00:00:00,56.63,56.67,56.38,56.43,1127.450223
2026-03-26 01:00:00,56.44,56.5,56.3,56.34,1152.911162
2026-03-26 02:00:00,56.32,56.34,55.88,56.05,1659.408092
2026-03-26 03:00:00,56.03,56.06,55.83,55.95,889.130366
2026-03-26 04:00:00,55.93,55.95,55.86,55.89,860.014433
2026-03-26 05:00:00,55.88,55.9,55.31,55.38,6365.696292
2026-03-26 06:00:00,55.37,55.46,55.25,55.38,3308.452615
2026-03-26 07:00:00,55.37,55.43,55.08,55.28,5745.422848
2026-03-26 08:00:00,55.28,55.29,55.11,55.25,1132.08247
2026-03-26 09:00:00,55.24,55.33,54.77,54.91,4183.786686
2026-03-26 10:00:00,54.91,54.96,54.74,54.76,3691.361075
2026-03-26 11:00:00,54.76,54.8,54.53,54.62,3164.682696
2026-03-26 12:00:00,54.6,54.75,54.53,54.7,1179.661915
2026-03-26 13:00:00,54.69,55.16,54.67,55.06,2093.791302
2026-03-26 14:00:00,55.07,55.22,54.86,54.99,2213.927111
2026-03-26 15:00:00,54.99,55.0,54.41,54.71,4935.534719
2026-03-26 16:00:00,54.7,54.91,54.61,54.66,1648.901533
2026-03-26 17:00:00,54.64,54.78,54.27,54.33,4493.645898
2026-03-26 18:00:00,54.39,54.43,54.24,54.38,5526.563567
2026-03-26 19:00:00,54.38,54.55,54.26,54.27,5393.132845
2026-03-26 20:00:00,54.29,54.97,54.23,54.74,8601.797875
2026-03-26 21:00:00,54.74,55.02,54.7,54.88,3240.044466
2026-03-26 22:00:00,54.87,54.93,54.61,54.77,2311.377807
2026-03-26 23:00:00,54.77,54.81,54.46,54.59,1222.522233
2026-03-27 00:00:00,54.59,54.75,54.52,54.61,1498.423006
2026-03-27 01:00:00,54.62,55.04,54.62,55.01,1263.010746
2026-03-27 02:00:00,55.02,55.04,54.86,54.92,1032.032583
2026-03-27 03:00:00,54.94,55.03,54.78,54.95,674.88736
2026-03-27 04:00:00,54.94,54.99,54.65,54.99,2158.646424
2026-03-27 05:00:00,54.99,55.2,54.83,54.89,1207.570191
2026-03-27 06:00:00,54.88,55.06,54.87,54.97,818.324801
2026-03-27 07:00:00,54.98,55.02,54.84,54.92,1039.980968
2026-03-27 08:00:00,54.92,54.99,54.4,54.69,5569.036853
2026-03-27 09:00:00,54.69,54.71,54.33,54.55,3860.330145
2026-03-27 10:00:00,54.54,54.55,53.53,53.59,11678.033104
2026-03-27 11:00:00,53.61,53.93,53.49,53.82,3194.327727
2026-03-27 12:00:00,53.82,53.85,53.6,53.82,1871.502862
2026-03-27 13:00:00,53.81,54.12,53.63,53.94,11279.837202
2026-03-27 14:00:00,53.92,54.13,53.66,54.07,5686.904923
2026-03-27 15:00:00,54.09,54.68,54.02,54.34,9612.616857
2026-03-27 16:00:00,54.32,54.34,53.94,54.23,5403.025159
2026-03-27 17:00:00,54.25,54.5,53.82,53.89,4711.841988
2026-03-27 18:00:00,53.87,53.91,53.63,53.77,1987.784784
2026-03-27 19:00:00,53.77,53.94,53.54,53.71,2174.821379
2026-03-27 20:00:00,53.68,53.72,53.3,53.53,2010.4656
2026-03-27 21:00:00,53.52,53.69,53.49,53.65,2497.208524
2026-03-27 22:00:00,53.67,53.73,53.53,53.53,1840.813218
2026-03-27 23:00:00,53.55,53.74,53.39,53.72,1330.543561
2026-03-28 00:00:00,53.73,53.78,53.61,53.7,1025.145441
2026-03-28 01:00:00,53.7,53.71,53.27,53.5,3734.833018
2026-03-28 02:00:00,53.51,53.63,53.33,53.42,1178.248356
2026-03-28 03:00:00,53.43,53.6,53.37,53.57,2083.254737
2026-03-28 04:00:00,53.57,53.64,53.48,53.63,997.994837
2026-03-28 05:00:00,53.64,53.76,53.55,53.74,625.279675
2026-03-28 06:00:00,53.73,53.85,53.67,53.83,1688.531012
2026-03-28 07:00:00,53.84,53.9,53.82,53.89,714.598841
2026-03-28 08:00:00,53.9,53.96,53.82,53.85,1478.75059
2026-03-28 09:00:00,53.85,53.85,53.7,53.77,679.825162
2026-03-28 10:00:00,53.77,54.02,53.76,53.94,2932.738289
2026-03-28 11:00:00,53.95,54.07,53.94,54.05,1626.462456
2026-03-28 12:00:00,54.06,54.18,53.91,54.03,928.127162
2026-03-28 13:00:00,54.01,54.93,53.99,54.62,5605.751799
2026-03-28 14:00:00,54.61,54.7,54.38,54.55,1602.372536
2026-03-28 15:00:00,54.54,54.72,54.28,54.55,3052.548092
2026-03-28 16:00:00,54.57,54.72,54.52,54.7,1493.683249
2026-03-28 17:00:00,54.7,54.79,54.01,54.11,9663.759212
2026-03-28 18:00:00,54.11,54.19,53.92,54.14,2427.565758
2026-03-28 19:00:00,54.13,54.29,54.1,54.16,2661.911588
2026-03-28 20:00:00,54.16,54.31,54.13,54.17,1937.957054
2026-03-28 21:00:00,54.17,54.26,54.03,54.11,3800.132712
2026-03-28 22:00:00,54.11,54.13,53.95,54.02,1316.360682
2026-03-28 23:00:00,54.01,54.01,53.64,53.86,3720.334529
2026-03-29 00:00:00,53.85,53.93,53.74,53.9,1165.69569
2026-03-29 01:00:00,53.92,54.13,53.9,54.01,1730.825432
2026-03-29 02:00:00,54.03,54.17,54.0,54.13,424.560967
2026-03-29 03:00:00,54.12,54.38,54.12,54.3,1243.232979
2026-03-29 04:00:00,54.31,54.31,54.08,54.19,573.450223
2026-03-29 05:00:00,54.18,54.21,54.01,54.19,798.073954
2026-03-29 06:00:00,54.17,54.27,54.07,54.24,919.586432
2026-03-29 07:00:00,54.21,54.21,53.95,54.07,1030.982229
2026-03-29 08:00:00,54.07,54.1,53.92,54.1,1631.905504
2026-03-29 09:00:00,54.09,54.09,53.9,54.05,1087.660089
2026-03-29 10:00:00,54.03,54.03,53.7,53.73,5704.748383
2026-03-29 11:00:00,53.73,54.0,53.7,53.88,1266.031273
2026-03-29 12:00:00,53.89,53.95,53.77,53.91,777.147835
2026-03-29 13:00:00,53.91,53.92,53.58,53.64,1885.612376
2026-03-29 14:00:00,53.63,53.87,53.55,53.75,2617.834879
2026-03-29 15:00:00,53.75,53.85,53.42,53.52,3796.235499
2026-03-29 16:00:00,53.51,53.63,53.35,53.36,1569.521701
2026-03-29 17:00:00,53.35,53.39,53.09,53.28,2506.336215
2026-03-29 18:00:00,53.28,53.49,53.17,53.45,967.112909
2026-03-29 19:00:00,53.44,53.44,53.33,53.36,773.146794
2026-03-29 20:00:00,53.37,53.71,53.37,53.65,1407.021045
2026-03-29 21:00:00,53.67,53.8,53.57,53.79,1303.142532
2026-03-29 22:00:00,53.77,53.77,52.24,53.13,7527.898528
2026-03-29 23:00:00,53.12,53.43,53.1,53.33,4193.488988
2026-03-30 00:00:00,53.35,54.09,53.25,53.66,5586.780845
2026-03-30 01:00:00,53.66,53.92,53.61,53.87,2865.233943
2026-03-30 02:00:00,53.88,54.32,53.78,54.1,4246.371795
2026-03-30 03:00:00,54.08,54.19,53.94,54.04,1935.158208
2026-03-30 04:00:00,54.05,54.25,54.05,54.17,1564.745688
2026-03-30 05:00:00,54.18,54.23,53.42,53.7,21553.958958
2026-03-30 06:00:00,53.68,53.83,53.4,53.63,10289.574202
2026-03-30 07:00:00,53.63,54.16,53.59,54.13,3480.806666
2026-03-30 08:00:00,54.13,54.41,54.1,54.15,3293.583287
2026-03-30 09:00:00,54.16,54.16,53.89,53.9,1785.868292
2026-03-30 10:00:00,53.9,53.91,53.69,53.87,2861.877862
2026-03-30 11:00:00,53.88,54.26,53.73,53.75,7045.767639
2026-03-30 12:00:00,53.76,53.99,53.55,53.96,11598.061708
2026-03-30 13:00:00,53.96,54.05,53.73,53.76,4196.420312
2026-03-30 14:00:00,53.8,54.02,53.58,53.94,4458.337092
2026-03-30 15:00:00,53.97,54.17,53.76,53.92,3980.323311
2026-03-30 16:00:00,53.91,54.17,53.69,53.91,17840.398074
2026-03-30 17:00:00,53.94,54.0,53.5,53.54,1727.109874
2026-03-30 18:00:00,53.55,53.61,53.29,53.35,2779.084834
2026-03-30 19:00:00,53.36,53.37,53.07,53.36,2066.918647
2026-03-30 20:00:00,53.37,53.44,53.24,53.33,1464.868505
2026-03-30 21:00:00,53.32,53.61,53.22,53.53,3797.083796
2026-03-30 22:00:00,53.53,53.63,53.37,53.47,2517.968425
2026-03-30 23:00:00,53.46,53.46,53.17,53.35,3052.313139
2026-03-31 00:00:00,53.36,53.61,53.3,53.47,9139.343479
2026-03-31 01:00:00,53.47,54.14,53.31,53.97,15858.040572
2026-03-31 02:00:00,53.96,53.99,53.84,53.86,1677.924754
2026-03-31 03:00:00,53.85,53.85,53.6,53.74,2263.872176
2026-03-31 04:00:00,53.74,53.85,53.59,53.68,1970.633641
2026-03-31 05:00:00,53.69,53.92,53.56,53.87,1341.425209
2026-03-31 06:00:00,53.89,53.92,53.75,53.91,1191.58267
2026-03-31 07:00:00,53.91,53.97,53.67,53.85,1767.112759
2026-03-31 08:00:00,53.85,54.02,53.5,53.63,2548.912756
2026-03-31 09:00:00,53.62,53.71,53.14,53.28,6664.002626
2026-03-31 10:00:00,53.26,53.46,53.23,53.26,4878.849209
2026-03-31 11:00:00,53.25,53.56,53.14,53.51,8238.442538
2026-03-31 12:00:00,53.51,53.6,53.3,53.37,2549.524783
2026-03-31 13:00:00,53.37,54.04,53.37,53.94,5070.79957
2026-03-31 14:00:00,53.94,54.24,53.38,53.5,7180.611094
2026-03-31 15:00:00,53.53,53.85,53.4,53.4,3513.678681
2026-03-31 16:00:00,53.41,54.0,53.31,53.8,6129.284466
2026-03-31 17:00:00,53.84,54.27,53.77,53.93,5476.854599
2026-03-31 18:00:00,53.94,54.15,53.93,54.11,1954.479504
2026-03-31 19:00:00,54.11,54.2,53.95,54.06,2258.467737
2026-03-31 20:00:00,54.06,54.17,53.99,54.16,2682.443555
2026-03-31 21:00:00,54.15,54.15,53.83,53.94,3862.728186
2026-03-31 22:00:00,53.94,53.96,53.73,53.92,1716.279167
2026-03-31 23:00:00,53.93,54.03,53.88,53.95,1190.280939
2026-04-01 00:00:00,53.95,54.19,53.86,54.13,3207.520676
2026-04-01 01:00:00,54.14,54.15,53.91,53.94,1947.164051
2026-04-01 02:00:00,53.94,54.06,53.83,53.85,1383.051938
2026-04-01 03:00:00,53.88,54.17,53.87,54.11,851.665172
2026-04-01 04:00:00,54.1,54.19,54.04,54.05,1189.176871
2026-04-01 05:00:00,54.05,54.46,53.92,54.38,5835.461877
2026-04-01 06:00:00,54.39,54.78,54.39,54.61,4552.674248
2026-04-01 07:00:00,54.62,54.69,54.28,54.31,3154.388779
2026-04-01 08:00:00,54.29,54.43,54.16,54.23,4042.034857
2026-04-01 09:00:00,54.22,54.29,53.99,54.04,2734.391888
2026-04-01 10:00:00,54.03,54.12,53.95,54.1,1909.915995
2026-04-01 11:00:00,54.11,54.25,53.94,54.04,6072.736717
2026-04-01 12:00:00,54.04,54.45,53.96,54.22,7218.672769
2026-04-01 13:00:00,54.23,54.24,53.75,53.91,8480.937151
2026-04-01 14:00:00,53.91,54.23,53.9,54.17,1618.820312
2026-04-01 15:00:00,54.18,54.27,54.05,54.26,1730.489964
2026-04-01 16:00:00,54.25,54.38,54.06,54.32,2078.493004
2026-04-01 17:00:00,54.33,54.59,54.24,54.25,1725.133955
2026-04-01 18:00:00,54.25,54.31,54.08,54.13,1956.821988
2026-04-01 19:00:00,54.13,54.28,54.1,54.2,2250.915268
2026-04-01 20:00:00,54.21,54.27,54.1,54.15,1068.01509
2026-04-01 21:00:00,54.14,54.42,54.14,54.36,1757.77251
2026-04-01 22:00:00,54.35,54.35,53.96,53.98,1554.36633
2026-04-01 23:00:00,54.0,54.03,53.79,53.81,966.882759
2026-04-02 00:00:00,53.82,54.12,53.74,54.11,2248.635659
2026-04-02 01:00:00,54.11,54.11,52.88,53.16,8360.24504
2026-04-02 02:00:00,53.16,53.23,52.51,52.69,5236.792249
2026-04-02 03:00:00,52.69,52.89,52.3,52.48,9106.542114
2026-04-02 04:00:00,52.47,52.61,52.2,52.27,5479.897632
2026-04-02 05:00:00,52.27,52.36,51.96,52.33,6103.835773
2026-04-02 06:00:00,52.31,52.54,52.27,52.54,3757.411657
2026-04-02 07:00:00,52.52,52.57,52.37,52.46,1560.696432
2026-04-02 08:00:00,52.45,52.45,52.05,52.06,10695.306274
2026-04-02 09:00:00,52.06,52.17,51.94,52.05,4261.824631
2026-04-02 10:00:00,52.05,52.09,51.83,51.87,2793.136912
2026-04-02 11:00:00,51.88,51.89,51.54,51.72,6140.787037
2026-04-02 12:00:00,51.7,51.78,51.58,51.65,3611.489032
2026-04-02 13:00:00,51.66,51.8,51.41,51.8,4616.70776
2026-04-02 14:00:00,51.78,52.33,51.65,52.09,13284.413007
2026-04-02 15:00:00,52.07,52.18,51.86,51.97,4106.477692
2026-04-02 16:00:00,51.98,52.32,51.89,52.12,2165.103967
2026-04-02 17:00:00,52.11,52.23,51.62,51.65,1734.349788
2026-04-02 18:00:00,51.65,52.08,51.64,52.03,2624.74949
2026-04-02 19:00:00,52.01,52.1,51.91,52.06,1660.430718
2026-04-02 20:00:00,52.06,52.18,51.95,52.09,950.795869
2026-04-02 21:00:00,52.09,52.11,51.96,52.08,2845.192691
2026-04-02 22:00:00,52.08,52.16,51.97,52.09,1071.829706
2026-04-02 23:00:00,52.08,52.3,52.07,52.28,1072.687921
2026-04-03 00:00:00,52.29,52.45,52.27,52.42,1292.333734
2026-04-03 01:00:00,52.43,52.48,52.24,52.33,3711.048083
2026-04-03 02:00:00,52.35,52.5,52.13,52.28,2191.445434
2026-04-03 03:00:00,52.29,52.53,52.22,52.53,2302.175272
2026-04-03 04:00:00,52.53,52.72,52.53,52.68,2858.495632
2026-04-03 05:00:00,52.69,53.16,52.62,52.86,6796.156775
2026-04-03 06:00:00,52.86,52.95,52.74,52.86,7446.226932
2026-04-03 07:00:00,52.84,53.03,52.76,52.85,2057.873362
2026-04-03 08:00:00,52.86,53.08,52.85,53.0,2400.459741
2026-04-03 09:00:00,52.98,53.05,52.85,52.9,1851.306139
2026-04-03 10:00:00,52.92,52.97,52.8,52.97,2044.53664
2026-04-03 11:00:00,52.97,53.06,52.86,52.97,3868.589015
2026-04-03 12:00:00,52.98,53.27,52.84,52.99,5421.092989
2026-04-03 13:00:00,53.0,53.05,52.73,52.9,3801.265894
2026-04-03 14:00:00,52.9,53.09,52.79,53.03,1959.977062
2026-04-03 15:00:00,53.02,53.08,52.86,52.92,951.601417
2026-04-03 16:00:00,52.93,53.19,52.9,53.17,2257.334098
2026-04-03 17:00:00,53.18,53.29,53.04,53.11,3043.945107
2026-04-03 18:00:00,53.12,53.36,53.12,53.17,641.525368
2026-04-03 19:00:00,53.18,53.18,53.03,53.13,501.428108
2026-04-03 20:00:00,53.14,53.25,53.14,53.2,695.939177
2026-04-03 21:00:00,53.21,53.48,53.21,53.42,3750.208155
2026-04-03 22:00:00,53.43,53.44,53.19,53.24,1616.101402
2026-04-03 23:00:00,53.25,53.25,53.12,53.22,695.660594
2026-04-04 00:00:00,53.23,53.25,53.12,53.25,1164.187413
2026-04-04 01:00:00,53.24,53.32,53.21,53.32,1026.526726
2026-04-04 02:00:00,53.32,53.36,53.09,53.18,1872.499707
2026-04-04 03:00:00,53.19,53.25,53.12,53.23,1191.351039
2026-04-04 04:00:00,53.22,53.26,53.12,53.15,741.512264
2026-04-04 05:00:00,53.16,53.16,53.01,53.06,804.958487
2026-04-04 06:00:00,53.06,53.31,53.0,53.28,930.120187
2026-04-04 07:00:00,53.28,53.31,53.19,53.19,622.576014
2026-04-04 08:00:00,53.2,53.22,53.14,53.19,525.982611
2026-04-04 09:00:00,53.21,53.3,53.08,53.12,2272.698318
2026-04-04 10:00:00,53.11,53.3,53.08,53.28,1098.625577
2026-04-04 11:00:00,53.28,53.35,53.26,53.35,1533.896179
2026-04-04 12:00:00,53.36,53.5,53.35,53.39,1370.048306
2026-04-04 13:00:00,53.4,53.44,53.25,53.37,3101.570326
2026-04-04 14:00:00,53.38,53.47,53.25,53.47,1647.492325
2026-04-04 15:00:00,53.47,53.63,53.44,53.48,1912.60155
2026-04-04 16:00:00,53.48,53.71,53.42,53.44,3282.045391
2026-04-04 17:00:00,53.45,53.7,53.42,53.67,2359.09162
2026-04-04 18:00:00,53.68,53.75,53.58,53.6,2065.744942
2026-04-04 19:00:00,53.61,53.87,53.53,53.55,1729.972175
2026-04-04 20:00:00,53.55,53.6,53.46,53.49,499.508831
2026-04-04 21:00:00,53.48,53.59,53.45,53.52,593.117113
2026-04-04 22:00:00,53.51,53.61,53.51,53.55,478.123509
2026-04-04 23:00:00,53.55,53.64,53.51,53.59,913.332864
2026-04-05 00:00:00,53.59,53.65,53.55,53.62,651.940825
2026-04-05 01:00:00,53.62,53.64,53.47,53.53,1309.611344
2026-04-05 02:00:00,53.52,53.57,53.44,53.53,1478.33799
2026-04-05 03:00:00,53.52,53.52,53.35,53.36,1756.749324
2026-04-05 04:00:00,53.36,53.4,53.19,53.19,3256.76947
2026-04-05 05:00:00,53.2,53.23,52.92,52.97,775.429442
2026-04-05 06:00:00,52.96,52.96,52.63,52.89,7546.32985
2026-04-05 07:00:00,52.87,52.92,52.62,52.73,2951.439066
2026-04-05 08:00:00,52.73,52.85,52.69,52.82,4718.968508
2026-04-05 09:00:00,52.81,52.89,52.8,52.87,1108.072606
2026-04-05 10:00:00,52.86,53.02,52.83,52.84,1179.801801
2026-04-05 11:00:00,52.83,52.9,52.79,52.89,1081.230908
2026-04-05 12:00:00,52.88,52.88,52.6,52.74,1388.221099
2026-04-05 13:00:00,52.74,52.94,52.68,52.92,2608.880738
2026-04-05 14:00:00,52.9,52.98,52.86,52.9,1193.198785
2026-04-05 15:00:00,52.89,53.48,52.81,53.22,2465.094338
2026-04-05 16:00:00,53.23,53.35,53.09,53.13,1387.832724
2026-04-05 17:00:00,53.14,53.4,53.11,53.37,529.156695
2026-04-05 18:00:00,53.39,53.55,53.35,53.41,857.842985
2026-04-05 19:00:00,53.41,53.51,53.33,53.49,658.14774
2026-04-05 20:00:00,53.51,53.65,53.48,53.65,2227.065208
2026-04-05 21:00:00,53.65,53.71,53.49,53.56,1817.603306
2026-04-05 22:00:00,53.57,53.82,53.39,53.78,2112.582231
2026-04-05 23:00:00,53.79,54.23,53.75,54.13,10749.763925
2026-04-06 00:00:00,54.15,54.49,54.09,54.17,3460.78986
2026-04-06 01:00:00,54.18,54.2,54.0,54.04,1725.577684
2026-04-06 02:00:00,54.05,54.49,54.04,54.33,3210.472599
2026-04-06 03:00:00,54.33,54.42,54.24,54.27,2011.981759
2026-04-06 04:00:00,54.27,54.51,54.2,54.32,9605.495348
2026-04-06 05:00:00,54.31,54.45,54.01,54.33,6645.72134
2026-04-06 06:00:00,54.31,54.39,54.07,54.2,3503.55281
2026-04-06 07:00:00,54.2,54.2,53.99,54.06,2188.392954
2026-04-06 08:00:00,54.08,54.41,54.04,54.21,6438.41005
2026-04-06 09:00:00,54.19,54.61,54.19,54.4,7969.368344
2026-04-06 10:00:00,54.4,54.52,54.3,54.35,4142.562293
2026-04-06 11:00:00,54.34,54.38,54.22,54.34,1207.752723
2026-04-06 12:00:00,54.35,54.39,54.17,54.18,1389.139862
2026-04-06 13:00:00,54.19,54.42,54.14,54.18,1575.855745
2026-04-06 14:00:00,54.17,54.34,54.02,54.3,9009.346377
2026-04-06 15:00:00,54.31,54.35,54.15,54.28,2714.176289
2026-04-06 16:00:00,54.27,54.4,54.09,54.11,2996.747728
2026-04-06 17:00:00,54.12,54.12,53.83,54.01,2613.569331
2026-04-06 18:00:00,54.0,54.13,53.95,54.04,1482.755511
2026-04-06 19:00:00,54.04,54.06,53.87,54.02,913.788604
2026-04-06 20:00:00,54.02,54.05,53.94,53.95,646.163755
2026-04-06 21:00:00,53.95,53.96,53.77,53.83,1044.68021
2026-04-06 22:00:00,53.85,53.87,53.5,53.5,3210.670471
2026-04-06 23:00:00,53.49,53.57,53.22,53.53,1803.813033
2026-04-07 00:00:00,53.53,53.64,53.45,53.53,1033.311128
2026-04-07 01:00:00,53.52,53.63,53.38,53.43,1192.735821
2026-04-07 02:00:00,53.4,53.59,53.3,53.54,621.468765
2026-04-07 03:00:00,53.56,53.61,53.48,53.52,593.733643
2026-04-07 04:00:00,53.5,53.61,53.41,53.52,562.443992
2026-04-07 05:00:00,53.52,53.52,53.21,53.28,1969.596116
2026-04-07 06:00:00,53.27,53.32,53.2,53.31,1108.838957
2026-04-07 07:00:00,53.31,53.39,53.26,53.33,944.490814
2026-04-07 08:00:00,53.33,53.52,53.33,53.46,1376.055892
2026-04-07 09:00:00,53.46,53.58,53.4,53.47,1989.398164
2026-04-07 10:00:00,53.47,53.5,53.01,53.07,11510.972927
2026-04-07 11:00:00,53.09,53.26,53.08,53.21,4864.717413
2026-04-07 12:00:00,53.21,53.49,52.93,53.32,6837.686327
2026-04-07 13:00:00,53.33,53.68,53.31,53.49,3827.536024
2026-04-07 14:00:00,53.48,53.5,53.18,53.18,9502.512895
2026-04-07 15:00:00,53.18,53.5,53.05,53.43,2951.183678
2026-04-07 16:00:00,53.43,53.71,53.35,53.59,2087.089118
2026-04-07 17:00:00,53.6,53.95,53.48,53.67,3571.407896
2026-04-07 18:00:00,53.66,53.69,53.29,53.36,1511.36883
2026-04-07 19:00:00,53.35,53.8,53.33,53.73,2264.668759
2026-04-07 20:00:00,53.76,53.91,53.72,53.75,2148.818552
2026-04-07 21:00:00,53.76,54.24,53.74,54.14,5276.852323
2026-04-07 22:00:00,54.16,55.06,54.14,55.01,14463.411708
2026-04-07 23:00:00,55.04,55.76,54.93,55.38,33294.32553
2026-04-08 00:00:00,55.39,55.6,55.02,55.16,17638.944108
2026-04-08 01:00:00,55.16,55.18,54.93,55.04,5409.427523
2026-04-08 02:00:00,55.05,55.24,54.99,55.08,4410.298845
2026-04-08 03:00:00,55.09,55.16,54.92,55.01,2025.100719
2026-04-08 04:00:00,55.02,55.21,55.0,55.04,6725.903909
2026-04-08 05:00:00,55.04,55.26,55.03,55.13,2875.280872
2026-04-08 06:00:00,55.13,55.2,55.03,55.09,4211.837071
2026-04-08 07:00:00,55.1,55.25,55.03,55.13,1600.131038
2026-04-08 08:00:00,55.14,55.27,55.11,55.21,1482.477596
2026-04-08 09:00:00,55.23,55.25,55.07,55.13,1485.952557
2026-04-08 10:00:00,55.14,55.24,55.08,55.08,1250.098826
2026-04-08 11:00:00,55.06,55.14,54.8,55.1,3231.53837
2026-04-08 12:00:00,55.09,55.14,54.89,55.09,2183.061177
2026-04-08 13:00:00,55.1,55.39,55.1,55.19,5038.487036
2026-04-08 14:00:00,55.2,55.23,54.32,54.52,5269.622871
2026-04-08 15:00:00,54.52,54.68,54.5,54.65,4126.46162
2026-04-08 16:00:00,54.64,54.66,54.52,54.54,1199.380948
2026-04-08 17:00:00,54.54,54.73,54.42,54.73,1866.313003
2026-04-08 18:00:00,54.72,54.72,54.17,54.17,1372.604417
2026-04-08 19:00:00,54.16,54.34,53.97,54.33,4090.644396
2026-04-08 20:00:00,54.34,54.4,54.26,54.31,717.554235
2026-04-08 21:00:00,54.32,54.52,54.29,54.42,1839.188485
2026-04-08 22:00:00,54.43,54.45,54.07,54.09,1710.053243
2026-04-08 23:00:00,54.08,54.1,53.88,53.95,1710.326004
2026-04-09 00:00:00,53.95,53.99,53.75,53.88,1978.112011
2026-04-09 01:00:00,53.87,53.95,53.62,53.95,2458.607255
2026-04-09 02:00:00,53.96,54.13,53.95,54.05,2729.039543
2026-04-09 03:00:00,54.06,54.1,53.93,53.97,2562.940188
2026-04-09 04:00:00,53.96,54.05,53.89,53.89,2288.697059
2026-04-09 05:00:00,53.9,54.09,53.83,53.86,953.956036
2026-04-09 06:00:00,53.86,53.98,53.85,53.94,818.198522
2026-04-09 07:00:00,53.95,54.05,53.95,53.98,938.185955
2026-04-09 08:00:00,53.97,54.05,53.89,53.96,1235.475778
2026-04-09 09:00:00,53.96,54.05,53.85,53.97,1299.62395
2026-04-09 10:00:00,53.97,54.02,53.78,53.82,3955.1126
2026-04-09 11:00:00,53.82,53.87,53.69,53.78,4250.823121
2026-04-09 12:00:00,53.77,53.98,53.73,53.97,1693.699526
2026-04-09 13:00:00,53.98,54.01,53.81,53.9,2317.520688
2026-04-09 14:00:00,53.9,54.22,53.67,54.13,2133.251957
2026-04-09 15:00:00,54.13,54.9,54.1,54.7,5469.219132
2026-04-09 16:00:00,54.72,54.88,54.46,54.58,1982.960692
2026-04-09 17:00:00,54.59,54.71,54.43,54.64,4962.78375
2026-04-09 18:00:00,54.64,54.68,54.4,54.62,1757.354577
2026-04-09 19:00:00,54.62,54.84,54.55,54.77,1780.168355
2026-04-09 20:00:00,54.78,54.92,54.75,54.9,1909.01672
2026-04-09 21:00:00,54.91,55.02,54.78,54.78,3313.784562
2026-04-09 22:00:00,54.78,55.26,54.7,54.72,3827.043871
2026-04-09 23:00:00,54.73,54.75,54.45,54.54,2982.374505
2026-04-10 00:00:00,54.55,54.55,54.29,54.49,1362.508433
2026-04-10 01:00:00,54.48,54.67,54.27,54.43,2243.701885
2026-04-10 02:00:00,54.44,54.61,54.41,54.44,1474.96232
2026-04-10 03:00:00,54.44,54.55,54.29,54.43,2032.570393
2026-04-10 04:00:00,54.44,54.64,54.43,54.56,1124.629104
2026-04-10 05:00:00,54.56,54.7,54.45,54.62,671.947839
2026-04-10 06:00:00,54.62,54.67,54.43,54.46,848.653318
2026-04-10 07:00:00,54.46,54.58,54.3,54.32,1590.461567
2026-04-10 08:00:00,54.34,54.62,54.24,54.41,2985.398208
2026-04-10 09:00:00,54.42,54.62,54.42,54.57,2294.321908
2026-04-10 10:00:00,54.56,54.57,54.46,54.51,1021.789987
2026-04-10 11:00:00,54.49,54.76,54.49,54.68,2308.69809
2026-04-10 12:00:00,54.67,54.98,54.67,54.97,4136.123976
2026-04-10 13:00:00,54.98,55.04,54.69,54.91,5671.432625
2026-04-10 14:00:00,54.9,55.35,54.86,55.31,5005.274441
2026-04-10 15:00:00,55.3,55.52,54.86,54.9,3663.30417
2026-04-10 16:00:00,54.91,55.19,54.91,55.14,3538.705851
2026-04-10 17:00:00,55.13,55.13,54.93,55.05,1716.451063
2026-04-10 18:00:00,55.05,55.15,55.0,55.14,868.798902
2026-04-10 19:00:00,55.13,55.27,55.11,55.25,1400.00647
2026-04-10 20:00:00,55.24,55.45,55.12,55.36,2012.6657
2026-04-10 21:00:00,55.34,55.38,55.1,55.17,1107.118623
2026-04-10 22:00:00,55.19,55.22,54.95,55.0,1821.980751
2026-04-10 23:00:00,55.02,55.04,54.9,54.96,1859.480592
2026-04-11 00:00:00,54.96,54.98,54.71,54.72,844.24171
2026-04-11 01:00:00,54.72,54.85,54.61,54.84,991.408659
2026-04-11 02:00:00,54.85,54.87,54.66,54.68,1161.007535
2026-04-11 03:00:00,54.68,54.78,54.63,54.74,1830.218882
2026-04-11 04:00:00,54.74,54.8,54.65,54.67,941.800345
2026-04-11 05:00:00,54.67,54.68,54.49,54.52,1149.626032
2026-04-11 06:00:00,54.51,54.58,54.41,54.58,760.166466
2026-04-11 07:00:00,54.57,54.65,54.53,54.6,1122.514266
2026-04-11 08:00:00,54.61,54.65,54.53,54.59,1161.596053
2026-04-11 09:00:00,54.6,54.71,54.56,54.68,927.862118
2026-04-11 10:00:00,54.67,54.7,54.54,54.59,746.356086
2026-04-11 11:00:00,54.58,54.59,54.5,54.55,911.019995
2026-04-11 12:00:00,54.56,54.69,54.53,54.64,1407.025856
2026-04-11 13:00:00,54.64,54.64,54.35,54.44,1761.160064
2026-04-11 14:00:00,54.44,54.56,54.42,54.53,1480.574917
2026-04-11 15:00:00,54.53,54.69,54.52,54.58,1860.044198
2026-04-11 16:00:00,54.6,54.99,54.53,54.93,2589.930611
2026-04-11 17:00:00,54.92,55.11,54.83,54.98,1860.428318
2026-04-11 18:00:00,54.98,55.57,54.97,55.47,5102.663722
2026-04-11 19:00:00,55.47,55.7,55.4,55.65,4099.151613
2026-04-11 20:00:00,55.65,55.65,55.24,55.3,2143.074983
2026-04-11 21:00:00,55.28,55.39,55.2,55.32,1642.634114
2026-04-11 22:00:00,55.3,55.48,55.15,55.27,1332.007661
2026-04-11 23:00:00,55.25,55.25,54.96,55.05,1154.492345
2026-04-12 00:00:00,55.06,55.07,54.9,54.98,1644.533897
2026-04-12 01:00:00,54.98,55.04,53.76,53.97,5998.382616
2026-04-12 02:00:00,53.96,54.23,53.82,54.18,2414.484502
2026-04-12 03:00:00,54.16,54.22,54.02,54.03,1099.547973
2026-04-12 04:00:00,54.04,54.1,53.92,54.01,2355.125973
2026-04-12 05:00:00,54.0,54.06,53.93,53.99,685.018458
2026-04-12 06:00:00,53.98,54.04,53.85,53.87,2031.448703
2026-04-12 07:00:00,53.85,53.9,53.76,53.84,856.470429
2026-04-12 08:00:00,53.83,53.98,53.8,53.85,1360.184693
2026-04-12 09:00:00,53.85,53.86,53.72,53.75,697.134511
2026-04-12 10:00:00,53.76,53.89,53.64,53.7,1795.537595
2026-04-12 11:00:00,53.69,53.94,53.68,53.87,933.09584
2026-04-12 12:00:00,53.86,53.95,53.66,53.73,1603.936776
2026-04-12 13:00:00,53.72,53.86,53.59,53.6,1159.007244
2026-04-12 14:00:00,53.61,53.75,53.59,53.61,2976.683992
2026-04-12 15:00:00,53.62,53.64,53.48,53.57,1712.668988
2026-04-12 16:00:00,53.55,53.67,53.53,53.62,1092.678165
2026-04-12 17:00:00,53.63,53.92,53.63,53.85,1513.080065
2026-04-12 18:00:00,53.85,53.94,53.78,53.81,1283.504233
2026-04-12 19:00:00,53.8,53.84,53.71,53.73,1090.050029
2026-04-12 20:00:00,53.73,53.97,53.66,53.9,786.881428
2026-04-12 21:00:00,53.91,53.95,53.7,53.8,715.182287
2026-04-12 22:00:00,53.8,53.8,53.4,53.61,2486.517457
2026-04-12 23:00:00,53.58,53.58,53.38,53.5,1189.839667
2026-04-13 00:00:00,53.5,53.81,53.45,53.75,1852.156481
2026-04-13 01:00:00,53.75,53.85,53.7,53.83,985.90054
2026-04-13 02:00:00,53.83,53.87,53.7,53.76,1343.293745
2026-04-13 03:00:00,53.75,53.83,53.7,53.72,1007.997483
2026-04-13 04:00:00,53.72,53.77,53.53,53.58,1139.572126
2026-04-13 05:00:00,53.56,53.69,53.5,53.69,803.41406
2026-04-13 06:00:00,53.69,53.89,53.61,53.62,1368.916793
2026-04-13 07:00:00,53.62,53.63,53.13,53.18,8413.149115
2026-04-13 08:00:00,53.19,53.23,52.97,53.09,3986.908803
2026-04-13 09:00:00,53.09,53.28,52.91,52.95,2889.914371
2026-04-13 10:00:00,52.93,52.94,52.78,52.87,4375.263355
2026-04-13 11:00:00,52.88,52.98,52.67,52.82,8619.614585
2026-04-13 12:00:00,52.8,53.04,52.75,52.95,2509.099269
2026-04-13 13:00:00,52.95,53.22,52.82,53.16,4831.543354
2026-04-13 14:00:00,53.17,53.41,52.8,53.39,12703.998485
2026-04-13 15:00:00,53.39,53.43,52.94,52.95,6545.911672
2026-04-13 16:00:00,52.94,53.21,52.74,53.12,8111.244684
2026-04-13 17:00:00,53.11,53.27,53.05,53.07,4733.5924
2026-04-13 18:00:00,53.04,53.08,52.93,53.05,2158.040516
2026-04-13 19:00:00,53.06,53.79,53.04,53.72,4941.031164
2026-04-13 20:00:00,53.74,53.75,53.39,53.43,4477.633642
2026-04-13 21:00:00,53.42,53.68,53.37,53.62,1929.883967
2026-04-13 22:00:00,53.61,54.63,53.61,54.53,10027.152503
2026-04-13 23:00:00,54.54,54.75,54.35,54.62,7363.032906
2026-04-14 00:00:00,54.63,54.66,54.19,54.23,2620.591413
2026-04-14 01:00:00,54.23,54.49,54.06,54.4,4582.223178
2026-04-14 02:00:00,54.4,54.52,54.24,54.24,2012.737252
2026-04-14 03:00:00,54.25,54.31,54.19,54.2,2476.923387
2026-04-14 04:00:00,54.2,54.39,54.19,54.29,1789.988589
2026-04-14 05:00:00,54.3,54.3,54.02,54.05,2277.586964
2026-04-14 06:00:00,54.06,54.24,54.06,54.23,2941.537639
2026-04-14 07:00:00,54.23,54.41,54.21,54.38,2374.370688
2026-04-14 08:00:00,54.38,54.74,54.32,54.7,3105.255062
2026-04-14 09:00:00,54.7,54.9,54.66,54.75,2748.144829
2026-04-14 10:00:00,54.74,54.79,54.44,54.56,3462.248297
2026-04-14 11:00:00,54.55,54.65,54.44,54.54,3809.555845
2026-04-14 12:00:00,54.54,54.75,54.41,54.45,4632.882202
2026-04-14 13:00:00,54.46,55.27,54.45,55.19,8308.290525
2026-04-14 14:00:00,55.2,55.28,54.73,54.85,13502.658534
2026-04-14 15:00:00,54.85,54.95,54.47,54.73,7456.643409
2026-04-14 16:00:00,54.74,54.97,54.5,54.62,5760.085575
2026-04-14 17:00:00,54.61,54.88,54.5,54.77,8079.420011
2026-04-14 18:00:00,54.78,54.91,54.17,54.31,10604.257468
2026-04-14 19:00:00,54.3,54.54,54.23,54.52,1656.665787
2026-04-14 20:00:00,54.53,54.64,54.3,54.34,4504.661013
2026-04-14 21:00:00,54.35,54.63,54.33,54.63,5625.161414
2026-04-14 22:00:00,54.61,54.65,54.2,54.27,2232.766356
2026-04-14 23:00:00,54.26,54.4,54.2,54.29,2254.821258
2026-04-15 00:00:00,54.29,54.52,54.28,54.41,1745.958949
2026-04-15 01:00:00,54.4,54.49,54.32,54.35,2230.625599
2026-04-15 02:00:00,54.35,54.38,54.03,54.13,4372.6814
2026-04-15 03:00:00,54.14,54.17,54.04,54.08,1321.743831
2026-04-15 04:00:00,54.09,54.2,54.08,54.19,1417.701132
2026-04-15 05:00:00,54.19,54.29,53.92,54.04,5717.421155
2026-04-15 06:00:00,54.05,54.05,53.83,53.94,3040.936078
2026-04-15 07:00:00,53.94,54.09,53.9,54.03,2618.96171
2026-04-15 08:00:00,54.04,54.44,53.98,54.38,3213.175228
2026-04-15 09:00:00,54.39,54.43,54.17,54.24,1157.36277
2026-04-15 10:00:00,54.24,54.55,54.2,54.34,1987.706805
2026-04-15 11:00:00,54.35,54.61,54.35,54.52,2200.36805
2026-04-15 12:00:00,54.52,54.73,54.45,54.63,5477.848795
2026-04-15 13:00:00,54.62,55.08,54.52,54.86,4682.522672
2026-04-15 14:00:00,54.87,55.25,54.78,55.12,3249.772885
2026-04-15 15:00:00,55.13,55.23,54.85,55.07,9371.369204
2026-04-15 16:00:00,55.06,55.23,54.94,55.03,3556.960927
2026-04-15 17:00:00,55.05,55.2,54.95,55.15,1821.701926
2026-04-15 18:00:00,55.14,55.28,55.07,55.19,1629.837451
2026-04-15 19:00:00,55.18,55.66,55.17,55.53,5300.094014
2026-04-15 20:00:00,55.53,55.55,55.15,55.25,2398.731921
2026-04-15 21:00:00,55.25,55.28,55.09,55.28,992.112905
2026-04-15 22:00:00,55.27,55.59,55.22,55.24,1882.349423
2026-04-15 23:00:00,55.22,55.23,55.0,55.16,3352.957507
2026-04-16 00:00:00,55.18,55.23,54.96,55.07,2466.030593
2026-04-16 01:00:00,55.08,55.11,54.83,54.97,2554.772916
2026-04-16 02:00:00,54.98,55.44,54.98,55.24,3517.247403
2026-04-16 03:00:00,55.23,55.39,55.16,55.31,2023.488032
2026-04-16 04:00:00,55.3,55.73,55.24,55.47,5163.23007
2026-04-16 05:00:00,55.47,55.57,55.33,55.49,1693.236611
2026-04-16 06:00:00,55.51,55.63,55.35,55.57,11178.941217
2026-04-16 07:00:00,55.59,55.66,55.42,55.57,1548.203964
2026-04-16 08:00:00,55.56,55.72,55.45,55.47,1512.9525
2026-04-16 09:00:00,55.46,55.66,55.37,55.48,3972.491624
2026-04-16 10:00:00,55.47,55.58,55.22,55.32,4412.604
2026-04-16 11:00:00,55.34,55.38,55.21,55.31,2717.072498
2026-04-16 12:00:00,55.31,55.6,55.3,55.46,4351.866451
2026-04-16 13:00:00,55.43,55.99,54.72,55.14,16679.506963
2026-04-16 14:00:00,55.1,55.22,54.58,55.01,8216.317188
2026-04-16 15:00:00,55.01,55.94,54.97,55.88,13526.102326
2026-04-16 16:00:00,55.88,56.1,55.24,55.45,13784.427296
2026-04-16 17:00:00,55.44,55.87,55.28,55.84,6362.653886
2026-04-16 18:00:00,55.84,56.61,55.81,56.47,9386.593048
2026-04-16 19:00:00,56.47,56.57,56.25,56.53,2448.714879
2026-04-16 20:00:00,56.54,56.58,55.93,56.09,2328.932413
2026-04-16 21:00:00,56.11,56.18,55.7,55.97,2780.832921
2026-04-16 22:00:00,55.98,56.25,55.98,56.21,5863.414429
2026-04-16 23:00:00,56.2,56.5,56.18,56.36,1961.01905
2026-04-17 00:00:00,56.35,56.41,56.05,56.14,4800.241775
2026-04-17 01:00:00,56.13,56.23,55.78,55.97,4714.802646
2026-04-17 02:00:00,55.97,56.08,55.6,55.8,3904.194445
2026-04-17 03:00:00,55.81,55.82,55.59,55.59,5731.910738
2026-04-17 04:00:00,55.59,55.84,55.57,55.68,2191.025807
2026-04-17 05:00:00,55.68,55.68,55.35,55.43,2693.277665
2026-04-17 06:00:00,55.42,55.92,55.39,55.8,1801.501076
2026-04-17 07:00:00,55.8,56.05,55.79,55.99,2490.135731
2026-04-17 08:00:00,55.99,56.25,55.94,56.16,3762.200596
2026-04-17 09:00:00,56.17,56.43,56.02,56.17,12870.730217
2026-04-17 10:00:00,56.16,56.23,55.84,55.98,4782.65798
2026-04-17 11:00:00,55.99,56.35,55.96,56.2,2031.635506
2026-04-17 12:00:00,56.21,56.67,56.09,56.64,5917.008609
2026-04-17 13:00:00,56.62,57.42,56.58,57.26,24362.392427
2026-04-17 14:00:00,57.28,57.35,56.95,57.01,15253.61964
2026-04-17 15:00:00,57.0,57.02,56.38,56.55,8052.973114
2026-04-17 16:00:00,56.56,57.13,56.56,57.11,6949.599752
2026-04-17 17:00:00,57.12,57.13,56.52,56.66,9899.607377
2026-04-17 18:00:00,56.67,56.73,56.34,56.65,4167.044833
2026-04-17 19:00:00,56.64,56.89,56.52,56.78,1813.61207
2026-04-17 20:00:00,56.78,56.87,56.47,56.64,3384.278432
2026-04-17 21:00:00,56.63,56.79,56.51,56.7,2460.526139
2026-04-17 22:00:00,56.67,56.82,56.57,56.59,982.79145
2026-04-17 23:00:00,56.59,56.59,56.31,56.4,4206.814969
2026-04-18 00:00:00,56.4,56.58,56.3,56.45,2201.661813
2026-04-18 01:00:00,56.47,56.6,56.32,56.35,2206.842447
2026-04-18 02:00:00,56.35,56.53,56.21,56.46,3018.481499
2026-04-18 03:00:00,56.44,56.44,56.21,56.24,1586.911892
2026-04-18 04:00:00,56.25,56.33,56.08,56.19,906.664806
2026-04-18 05:00:00,56.19,56.36,56.18,56.32,1921.115995
2026-04-18 06:00:00,56.32,56.43,56.27,56.38,1385.27951
2026-04-18 07:00:00,56.36,56.67,56.36,56.6,1470.398435
2026-04-18 08:00:00,56.59,56.63,56.09,56.36,5907.161322
2026-04-18 09:00:00,56.34,56.39,55.96,56.28,5915.391356
2026-04-18 10:00:00,56.28,56.29,55.88,56.16,8097.065632
2026-04-18 11:00:00,56.18,56.18,55.74,56.0,5316.832531
2026-04-18 12:00:00,55.99,56.1,55.82,56.02,1158.48362
2026-04-18 13:00:00,56.01,56.08,55.58,55.87,7002.916579
2026-04-18 14:00:00,55.87,55.97,55.65,55.97,2820.502011
2026-04-18 15:00:00,55.97,56.08,55.79,55.85,3698.855806
2026-04-18 16:00:00,55.84,56.0,55.65,55.81,3478.938068
2026-04-18 17:00:00,55.8,55.89,55.59,55.85,2810.927829
2026-04-18 18:00:00,55.85,55.88,55.23,55.26,7033.711454
2026-04-18 19:00:00,55.27,55.48,55.25,55.42,2662.185752
2026-04-18 20:00:00,55.43,55.56,55.34,55.5,1623.824259
2026-04-18 21:00:00,55.51,55.66,55.49,55.64,1355.206548
2026-04-18 22:00:00,55.64,55.74,55.54,55.72,649.847493
2026-04-18 23:00:00,55.73,55.85,55.63,55.65,2000.331294
2026-04-19 00:00:00,55.67,55.7,55.48,55.67,672.86148
2026-04-19 01:00:00,55.67,55.77,55.44,55.58,1690.475222
2026-04-19 02:00:00,55.58,55.66,55.32,55.47,1377.249532
2026-04-19 03:00:00,55.48,55.69,55.33,55.48,908.477959
2026-04-19 04:00:00,55.51,55.81,55.46,55.63,1726.228927
2026-04-19 05:00:00,55.62,55.74,55.52,55.71,1667.267241
2026-04-19 06:00:00,55.7,55.7,55.19,55.55,4216.286788
2026-04-19 07:00:00,55.53,55.56,54.68,55.11,8647.714885
2026-04-19 08:00:00,55.1,55.23,55.04,55.11,4350.822876
2026-04-19 09:00:00,55.13,55.17,55.0,55.03,2190.748379
2026-04-19 10:00:00,55.02,55.12,54.89,54.99,1903.390814
2026-04-19 11:00:00,55.01,55.28,54.93,55.22,3960.973276
2026-04-19 12:00:00,55.22,55.39,55.15,55.29,3081.822956
2026-04-19 13:00:00,55.29,55.71,55.29,55.47,2608.214593
2026-04-19 14:00:00,55.48,55.69,55.27,55.54,4016.54773
2026-04-19 15:00:00,55.55,55.55,55.08,55.46,1517.038579
2026-04-19 16:00:00,55.47,55.55,55.17,55.28,1310.669776
2026-04-19 17:00:00,55.28,55.28,54.56,54.66,8881.958482
2026-04-19 18:00:00,54.66,54.76,54.5,54.64,2086.24526
2026-04-19 19:00:00,54.65,54.9,54.63,54.74,1910.006291
2026-04-19 20:00:00,54.73,54.73,54.49,54.53,1988.435114
2026-04-19 21:00:00,54.52,54.81,54.5,54.6,5120.049594
2026-04-19 22:00:00,54.57,54.57,54.02,54.16,7562.379525
2026-04-19 23:00:00,54.14,54.14,53.92,54.06,3414.152246
2026-04-20 00:00:00,54.07,54.42,54.0,54.4,2635.572753
2026-04-20 01:00:00,54.4,54.58,54.32,54.46,3234.111671
2026-04-20 02:00:00,54.46,54.61,54.33,54.49,1254.385289
2026-04-20 03:00:00,54.51,54.65,54.51,54.65,1975.280726
2026-04-20 04:00:00,54.65,54.85,54.52,54.8,1751.202175
2026-04-20 05:00:00,54.81,54.82,54.45,54.61,1377.553691
2026-04-20 06:00:00,54.62,54.95,54.58,54.86,1121.755739
2026-04-20 07:00:00,54.88,55.43,54.84,54.96,3966.191349
2026-04-20 08:00:00,54.97,55.05,54.78,54.81,2238.642988
2026-04-20 09:00:00,54.79,55.15,54.77,55.08,1312.925955
2026-04-20 10:00:00,55.11,55.25,55.02,55.02,1425.365775
2026-04-20 11:00:00,55.03,55.04,54.77,54.89,5456.711505
2026-04-20 12:00:00,54.89,55.14,54.8,55.07,3226.932604
2026-04-20 13:00:00,55.07,55.25,54.98,55.11,3691.501675
2026-04-20 14:00:00,55.11,55.35,54.81,54.86,2950.560105
2026-04-20 15:00:00,54.87,55.19,54.64,55.17,6891.881068
2026-04-20 16:00:00,55.15,55.17,54.85,54.88,2857.272707
2026-04-20 17:00:00,54.89,55.27,54.86,55.17,3019.749864
2026-04-20 18:00:00,55.17,55.41,55.17,55.35,2300.749344
2026-04-20 19:00:00,55.34,55.37,55.16,55.2,3615.723371
2026-04-20 20:00:00,55.18,55.25,55.06,55.23,1546.481069
2026-04-20 21:00:00,55.24,55.37,55.04,55.2,2460.06372
2026-04-20 22:00:00,55.2,55.28,55.02,55.03,721.634459
2026-04-20 23:00:00,55.02,55.05,54.91,55.03,1955.372926
2026-04-21 00:00:00,55.03,55.19,55.03,55.15,1024.49229
2026-04-21 01:00:00,55.14,55.25,54.98,55.01,1359.651413
2026-04-21 02:00:00,55.01,55.02,54.83,54.83,754.500144
2026-04-21 03:00:00,54.82,54.85,54.68,54.81,2159.566505
2026-04-21 04:00:00,54.81,55.0,54.8,55.0,1496.931697
2026-04-21 05:00:00,55.0,55.13,54.97,55.0,968.80498
2026-04-21 06:00:00,55.02,55.15,54.87,55.1,944.669312
2026-04-21 07:00:00,55.1,55.42,55.01,55.31,12419.604477
2026-04-21 08:00:00,55.31,55.5,55.17,55.25,1484.814238
2026-04-21 09:00:00,55.25,55.51,55.23,55.49,1396.146822
2026-04-21 10:00:00,55.5,55.66,55.49,55.54,4769.702669
2026-04-21 11:00:00,55.54,55.54,55.3,55.46,1785.284199
2026-04-21 12:00:00,55.46,55.51,55.21,55.39,1332.970353
2026-04-21 13:00:00,55.4,55.5,55.26,55.45,999.137742
2026-04-21 14:00:00,55.46,55.86,55.36,55.44,2722.132406
2026-04-21 15:00:00,55.43,55.64,55.31,55.37,3206.630087
2026-04-21 16:00:00,55.38,55.47,55.03,55.04,7643.823932
2026-04-21 17:00:00,55.03,55.36,54.73,55.17,7313.356378
2026-04-21 18:00:00,55.17,55.18,54.96,55.14,4654.978496
2026-04-21 19:00:00,55.13,55.33,54.78,54.85,4201.24492
2026-04-21 20:00:00,54.85,55.31,54.84,55.12,5342.909592
2026-04-21 21:00:00,55.12,55.2,55.02,55.17,2155.519062
2026-04-21 22:00:00,55.15,55.2,54.97,55.12,821.128824
2026-04-21 23:00:00,55.13,55.6,55.13,55.57,1015.044901
2026-04-22 00:00:00,55.59,55.75,55.54,55.68,1622.636074
2026-04-22 01:00:00,55.69,55.71,55.49,55.6,1414.529117
2026-04-22 02:00:00,55.62,56.09,55.57,55.94,5772.659449
2026-04-22 03:00:00,55.93,55.93,55.67,55.84,2700.442512
2026-04-22 04:00:00,55.85,56.01,55.8,55.95,9633.787616
2026-04-22 05:00:00,55.97,56.47,55.86,56.29,10323.774301
2026-04-22 06:00:00,56.28,56.29,56.12,56.28,2698.241845
2026-04-22 07:00:00,56.28,56.3,56.14,56.18,3364.978666
2026-04-22 08:00:00,56.19,56.34,56.16,56.22,1907.360542
2026-04-22 09:00:00,56.23,56.28,55.9,56.02,1638.251202
2026-04-22 10:00:00,56.03,56.23,55.79,56.2,10760.278985
2026-04-22 11:00:00,56.2,56.29,56.06,56.23,2754.686346
2026-04-22 12:00:00,56.23,56.29,56.06,56.12,4298.416422
2026-04-22 13:00:00,56.11,56.3,56.02,56.24,6589.915113
2026-04-22 14:00:00,56.23,56.48,56.17,56.47,3881.186294
2026-04-22 15:00:00,56.45,56.54,56.26,56.46,13006.118245
2026-04-22 16:00:00,56.47,56.5,56.04,56.05,1760.289303
2026-04-22 17:00:00,56.04,56.23,56.01,56.13,3902.923213
2026-04-22 18:00:00,56.12,56.22,56.08,56.14,551.865366
2026-04-22 19:00:00,56.15,56.17,55.86,55.98,1793.354733
2026-04-22 20:00:00,55.98,56.0,55.76,55.78,1214.778567
2026-04-22 21:00:00,55.79,56.12,55.79,56.03,3791.941454
2026-04-22 22:00:00,56.02,56.05,55.79,55.86,477.031931
2026-04-22 23:00:00,55.85,55.88,55.48,55.5,3836.256316
2026-04-23 00:00:00,55.51,55.69,55.19,55.6,6242.116525
2026-04-23 01:00:00,55.6,55.97,55.44,55.65,10679.969424
2026-04-23 02:00:00,55.66,55.68,55.0,55.18,10533.36553
2026-04-23 03:00:00,55.16,55.18,54.91,55.14,5456.898741
2026-04-23 04:00:00,55.11,55.23,55.06,55.13,1929.010542
2026-04-23 05:00:00,55.14,55.24,55.07,55.2,1169.897888
2026-04-23 06:00:00,55.19,55.35,55.19,55.27,896.293511
2026-04-23 07:00:00,55.27,55.27,55.09,55.16,5187.037167
2026-04-23 08:00:00,55.17,55.24,55.08,55.22,2159.776396
2026-04-23 09:00:00,55.21,55.21,54.99,55.14,5186.783627
2026-04-23 10:00:00,55.14,55.16,54.97,55.14,1223.184152
2026-04-23 11:00:00,55.15,55.51,55.15,55.45,1323.40642
2026-04-23 12:00:00,55.47,55.7,55.45,55.59,3883.165127
2026-04-23 13:00:00,55.59,55.7,55.49,55.56,2263.844081
2026-04-23 14:00:00,55.55,55.74,55.43,55.73,6093.380713
2026-04-23 15:00:00,55.74,55.97,55.62,55.87,1466.871229
2026-04-23 16:00:00,55.87,55.88,55.56,55.59,2470.305465
2026-04-23 17:00:00,55.61,55.7,55.11,55.5,6051.138956
2026-04-23 18:00:00,55.5,55.6,55.28,55.34,1326.157674
2026-04-23 19:00:00,55.33,55.58,55.28,55.5,2229.408957
2026-04-23 20:00:00,55.49,55.95,55.46,55.79,1328.023761
2026-04-23 21:00:00,55.77,55.96,55.77,55.81,2634.009917
2026-04-23 22:00:00,55.81,56.17,55.81,56.1,7026.411421
2026-04-23 23:00:00,56.1,56.25,55.96,56.22,2128.36942
2026-04-24 00:00:00,56.22,56.3,56.08,56.12,1380.832369
2026-04-24 01:00:00,56.11,56.11,55.85,56.11,1143.474507
2026-04-24 02:00:00,56.1,56.17,55.97,56.05,1549.767721
2026-04-24 03:00:00,56.05,56.07,55.74,55.86,2056.519954
2026-04-24 04:00:00,55.86,55.93,55.77,55.87,812.215136
2026-04-24 05:00:00,55.86,56.14,55.77,56.04,726.304884
2026-04-24 06:00:00,56.04,56.12,55.94,56.0,470.371298
2026-04-24 07:00:00,56.0,56.11,55.98,56.11,896.260711
2026-04-24 08:00:00,56.13,56.18,56.01,56.07,2435.789611
2026-04-24 09:00:00,56.07,56.13,55.81,56.08,1931.121191
2026-04-24 10:00:00,56.07,56.32,56.01,56.17,5455.052829
2026-04-24 11:00:00,56.16,56.52,56.16,56.4,7351.633771
2026-04-24 12:00:00,56.39,56.42,56.1,56.17,3363.457014
2026-04-24 13:00:00,56.18,56.38,56.11,56.24,6627.332617
2026-04-24 14:00:00,56.23,56.29,56.05,56.25,3869.344125
2026-04-24 15:00:00,56.25,56.7,56.05,56.59,7261.066992
2026-04-24 16:00:00,56.59,56.61,56.39,56.55,6533.62178
2026-04-24 17:00:00,56.55,56.61,56.46,56.49,2923.829383
2026-04-24 18:00:00,56.49,56.63,56.36,56.57,1654.308658
2026-04-24 19:00:00,56.59,56.76,56.5,56.7,3549.924506
2026-04-24 20:00:00,56.72,56.72,56.52,56.66,2300.458634
2026-04-24 21:00:00,56.65,56.78,56.51,56.59,2018.597967
2026-04-24 22:00:00,56.58,56.61,56.43,56.45,752.440403
2026-04-24 23:00:00,56.44,56.53,56.35,56.53,1097.271386
2026-04-25 00:00:00,56.54,56.54,56.35,56.42,1544.406747
2026-04-25 01:00:00,56.42,56.62,56.34,56.54,868.17905
2026-04-25 02:00:00,56.56,56.7,56.46,56.67,1659.343635
2026-04-25 03:00:00,56.68,56.7,56.52,56.68,2457.308844
2026-04-25 04:00:00,56.67,56.72,56.45,56.54,867.68162
2026-04-25 05:00:00,56.52,56.53,56.36,56.46,2012.323508
2026-04-25 06:00:00,56.47,56.51,56.37,56.37,1470.796649
2026-04-25 07:00:00,56.36,56.49,56.28,56.42,6194.7083
2026-04-25 08:00:00,56.42,56.6,56.4,56.45,1795.213033
2026-04-25 09:00:00,56.45,56.55,56.38,56.51,1047.390014
2026-04-25 10:00:00,56.5,56.54,56.41,56.45,1135.075396
2026-04-25 11:00:00,56.44,56.44,56.18,56.27,2569.757495
2026-04-25 12:00:00,56.27,56.36,56.16,56.26,1666.344608
2026-04-25 13:00:00,56.27,56.46,56.26,56.37,2998.038421
2026-04-25 14:00:00,56.38,56.46,56.35,56.37,794.684843
2026-04-25 15:00:00,56.36,56.61,56.33,56.45,1026.558544
2026-04-25 16:00:00,56.44,56.54,56.23,56.43,839.015896
2026-04-25 17:00:00,56.44,56.48,56.19,56.19,1272.131504
2026-04-25 18:00:00,56.19,56.2,55.91,56.02,2977.34733
2026-04-25 19:00:00,56.01,56.1,55.96,56.07,1104.782708
2026-04-25 20:00:00,56.06,56.09,55.93,55.97,1382.045506
2026-04-25 21:00:00,55.98,56.07,55.94,55.97,3678.617506
2026-04-25 22:00:00,55.99,56.12,55.94,56.0,906.971081
2026-04-25 23:00:00,56.02,56.06,55.97,56.05,439.884624
2026-04-26 00:00:00,56.04,56.04,55.87,55.96,2393.546949
2026-04-26 01:00:00,55.98,56.03,55.88,55.88,1286.801111
2026-04-26 02:00:00,55.89,56.0,55.88,55.9,1118.215639
2026-04-26 03:00:00,55.91,55.97,55.76,55.85,1124.208013
2026-04-26 04:00:00,55.84,55.98,55.78,55.88,614.239258
2026-04-26 05:00:00,55.9,56.25,55.87,56.05,2322.763719
2026-04-26 06:00:00,56.07,56.25,56.07,56.19,1241.374988
2026-04-26 07:00:00,56.19,56.33,56.15,56.3,1133.128905
2026-04-26 08:00:00,56.32,56.33,56.15,56.25,1980.69806
2026-04-26 09:00:00,56.25,56.26,56.14,56.22,866.75153
2026-04-26 10:00:00,56.21,56.31,56.17,56.24,638.629667
2026-04-26 11:00:00,56.25,56.35,56.22,56.29,904.302381
2026-04-26 12:00:00,56.29,56.32,56.08,56.11,1106.921742
2026-04-26 13:00:00,56.11,56.12,55.95,55.97,840.13624
2026-04-26 14:00:00,55.97,56.1,55.87,55.99,1097.56875
2026-04-26 15:00:00,55.98,56.06,55.91,56.06,888.281098
2026-04-26 16:00:00,56.06,56.08,55.83,55.88,1413.60963
2026-04-26 17:00:00,55.87,55.97,55.77,55.96,1314.308025
2026-04-26 18:00:00,55.96,56.23,55.94,56.21,611.78179
2026-04-26 19:00:00,56.21,56.41,56.21,56.31,986.75661
2026-04-26 20:00:00,56.32,56.38,56.19,56.19,1921.746366
2026-04-26 21:00:00,56.19,56.34,55.98,56.27,1971.077723
2026-04-26 22:00:00,56.28,56.46,56.12,56.23,1570.524583
2026-04-26 23:00:00,56.21,56.38,56.15,56.27,370.155485
2026-04-27 00:00:00,56.28,56.46,56.05,56.45,4759.045283
2026-04-27 01:00:00,56.47,56.71,56.26,56.63,4538.529013
2026-04-27 02:00:00,56.66,56.75,56.44,56.59,3716.118024
2026-04-27 03:00:00,56.59,56.79,56.59,56.65,2410.639026
2026-04-27 04:00:00,56.64,56.65,56.44,56.46,3227.797242
2026-04-27 05:00:00,56.48,56.48,55.44,55.51,12922.939428
2026-04-27 06:00:00,55.5,55.56,55.23,55.48,3083.511214
2026-04-27 07:00:00,55.45,55.51,55.22,55.29,2203.155547
2026-04-27 08:00:00,55.28,55.43,55.21,55.43,1125.561182
2026-04-27 09:00:00,55.44,55.51,55.36,55.43,1313.892913
2026-04-27 10:00:00,55.43,55.5,55.35,55.36,742.8377
2026-04-27 11:00:00,55.36,55.43,55.27,55.43,828.026444
2026-04-27 12:00:00,55.43,55.5,55.3,55.46,1171.824581
2026-04-27 13:00:00,55.47,55.89,55.45,55.69,3667.37983
2026-04-27 14:00:00,55.68,55.91,55.58,55.74,1829.004955
2026-04-27 15:00:00,55.75,55.77,54.95,55.18,8552.997934
2026-04-27 16:00:00,55.18,55.43,55.1,55.28,3200.514118
2026-04-27 17:00:00,55.28,55.54,55.25,55.32,3276.398343
2026-04-27 18:00:00,55.32,55.39,55.05,55.33,3217.939013
2026-04-27 19:00:00,55.34,55.39,55.11,55.32,1664.896458
2026-04-27 20:00:00,55.33,55.44,55.3,55.42,2305.297664
2026-04-27 21:00:00,55.4,55.45,55.28,55.3,2524.840742
2026-04-27 22:00:00,55.3,55.43,55.23,55.41,1421.487005
2026-04-27 23:00:00,55.41,55.6,55.37,55.56,2470.479031
2026-04-28 00:00:00,55.57,55.64,55.45,55.46,1015.606513
2026-04-28 01:00:00,55.46,55.5,55.4,55.47,977.747395
2026-04-28 02:00:00,55.47,55.6,55.31,55.45,928.011959
2026-04-28 03:00:00,55.45,55.47,55.34,55.41,604.994068
2026-04-28 04:00:00,55.42,55.5,55.31,55.38,1697.276654
2026-04-28 05:00:00,55.4,55.49,55.26,55.3,2634.884652
2026-04-28 06:00:00,55.31,55.37,55.05,55.2,1475.511477
2026-04-28 07:00:00,55.2,55.27,55.02,55.23,1030.721715
2026-04-28 08:00:00,55.23,55.41,55.15,55.24,802.083835
2026-04-28 09:00:00,55.24,55.24,55.08,55.12,3243.635866
2026-04-28 10:00:00,55.13,55.19,55.02,55.08,1357.327275
2026-04-28 11:00:00,55.08,55.08,54.95,54.97,1936.076018
2026-04-28 12:00:00,54.98,55.15,54.94,55.1,2720.944998
2026-04-28 13:00:00,55.1,55.11,54.85,55.0,3965.527817
2026-04-28 14:00:00,54.98,54.99,54.69,54.92,1861.709583
2026-04-28 15:00:00,54.94,55.12,54.93,55.08,1444.704486
2026-04-28 16:00:00,55.08,55.17,55.01,55.09,4179.304248
2026-04-28 17:00:00,55.08,55.27,54.99,55.19,6171.497491
2026-04-28 18:00:00,55.18,55.33,55.16,55.29,540.961652
2026-04-28 19:00:00,55.29,55.47,55.2,55.44,1196.22578
2026-04-28 20:00:00,55.45,55.55,55.45,55.51,1144.358525
2026-04-28 21:00:00,55.51,55.58,55.44,55.54,1217.024399
2026-04-28 22:00:00,55.55,55.63,55.4,55.45,1117.495132
2026-04-28 23:00:00,55.45,55.76,55.43,55.69,3949.510007
2026-04-29 00:00:00,55.71,55.74,55.57,55.67,1873.144096
2026-04-29 01:00:00,55.66,55.74,55.47,55.67,1547.631924
2026-04-29 02:00:00,55.68,55.75,55.56,55.57,760.897234
2026-04-29 03:00:00,55.56,55.93,55.56,55.93,2912.966358
2026-04-29 04:00:00,55.93,56.08,55.84,55.99,2703.530723
2026-04-29 05:00:00,55.99,56.02,55.89,55.96,1406.818636
2026-04-29 06:00:00,55.96,55.98,55.81,55.92,1695.591889
2026-04-29 07:00:00,55.93,56.1,55.85,56.0,1433.116143
2026-04-29 08:00:00,56.03,56.04,55.88,55.91,828.472396
2026-04-29 09:00:00,55.9,57.3,55.87,57.28,20802.041064
2026-04-29 10:00:00,57.28,57.71,57.02,57.18,13012.396958
2026-04-29 11:00:00,57.16,57.16,56.63,56.81,16982.248234
2026-04-29 12:00:00,56.81,56.99,56.43,56.98,9180.447685
2026-04-29 13:00:00,56.98,57.07,56.01,56.23,10142.06183
2026-04-29 14:00:00,56.22,56.29,56.01,56.14,5150.880158
2026-04-29 15:00:00,56.14,56.17,55.0,55.21,12794.221134
2026-04-29 16:00:00,55.21,55.34,55.11,55.25,6052.138275
2026-04-29 17:00:00,55.26,55.56,55.26,55.54,8773.731123
2026-04-29 18:00:00,55.54,55.59,54.33,54.9,15700.846218
2026-04-29 19:00:00,54.9,54.94,54.53,54.76,2430.680756
2026-04-29 20:00:00,54.78,55.04,54.7,54.96,2694.583613
2026-04-29 21:00:00,54.95,55.37,54.87,55.19,3402.630488
2026-04-29 22:00:00,55.18,55.28,55.15,55.26,531.449789
2026-04-29 23:00:00,55.26,55.35,55.23,55.32,519.507574
2026-04-30 00:00:00,55.33,55.7,55.25,55.66,2098.484088
2026-04-30 01:00:00,55.66,55.72,55.48,55.61,870.686215
2026-04-30 02:00:00,55.61,55.68,55.14,55.25,4975.649591
2026-04-30 03:00:00,55.24,55.43,55.2,55.34,397.266936
2026-04-30 04:00:00,55.33,55.34,55.01,55.01,3511.327252
2026-04-30 05:00:00,55.01,55.25,54.94,55.16,594.500467
2026-04-30 06:00:00,55.18,55.37,55.12,55.33,1111.696407
2026-04-30 07:00:00,55.34,55.69,55.32,55.61,2529.56533
2026-04-30 08:00:00,55.6,55.67,55.49,55.61,1651.769172
2026-04-30 09:00:00,55.6,55.96,55.56,55.8,5196.59958
2026-04-30 10:00:00,55.8,55.86,55.63,55.72,1698.630591
2026-04-30 11:00:00,55.73,55.92,55.6,55.71,1966.721351
2026-04-30 12:00:00,55.72,55.98,55.64,55.65,1404.594205
2026-04-30 13:00:00,55.65,55.85,55.51,55.72,2922.71149
2026-04-30 14:00:00,55.71,55.88,55.53,55.68,10758.341385
2026-04-30 15:00:00,55.67,55.84,55.62,55.62,11030.670683
2026-04-30 16:00:00,55.62,55.7,55.42,55.58,1957.458603
2026-04-30 17:00:00,55.58,55.6,55.42,55.5,543.18544
2026-04-30 18:00:00,55.49,55.61,55.47,55.48,595.288813
2026-04-30 19:00:00,55.48,55.62,55.3,55.3,2052.821668
2026-04-30 20:00:00,55.29,55.37,55.2,55.26,2155.300102
2026-04-30 21:00:00,55.28,55.3,55.08,55.08,1751.607451
2026-04-30 22:00:00,55.1,55.24,55.07,55.09,1694.269836
2026-04-30 23:00:00,55.1,55.25,55.05,55.2,2394.208202
2026-05-01 00:00:00,55.18,55.3,55.16,55.22,1387.510661
2026-05-01 01:00:00,55.22,55.36,55.22,55.32,926.130945
2026-05-01 02:00:00,55.34,55.34,55.21,55.33,435.477145
2026-05-01 03:00:00,55.32,55.65,55.18,55.43,2289.643035
2026-05-01 04:00:00,55.43,55.52,55.2,55.24,1413.090205
2026-05-01 05:00:00,55.25,55.44,55.23,55.31,1103.455512
2026-05-01 06:00:00,55.32,55.47,55.15,55.25,3615.479836
2026-05-01 07:00:00,55.24,55.44,55.18,55.31,4000.029818
2026-05-01 08:00:00,55.3,55.37,55.22,55.29,4888.13423
2026-05-01 09:00:00,55.28,55.29,54.97,55.04,1811.102959
2026-05-01 10:00:00,55.05,55.21,54.89,55.21,2205.185851
2026-05-01 11:00:00,55.21,55.26,55.1,55.16,1032.982695
2026-05-01 12:00:00,55.17,55.47,55.11,55.29,5715.365229
2026-05-01 13:00:00,55.28,55.59,55.28,55.55,3271.799319
2026-05-01 14:00:00,55.56,55.76,55.38,55.65,4519.039231
2026-05-01 15:00:00,55.63,55.84,55.51,55.63,5003.755362
2026-05-01 16:00:00,55.67,55.85,55.43,55.68,5327.300635
2026-05-01 17:00:00,55.69,55.83,55.61,55.8,1615.09366
2026-05-01 18:00:00,55.8,56.0,55.76,55.91,4301.811936
2026-05-01 19:00:00,55.92,56.01,55.63,55.75,7666.944428
2026-05-01 20:00:00,55.76,55.8,55.5,55.59,1730.601746
2026-05-01 21:00:00,55.6,55.7,55.48,55.55,4491.142663
2026-05-01 22:00:00,55.57,55.66,55.45,55.47,1893.173058
2026-05-01 23:00:00,55.46,55.46,55.29,55.4,1584.958545
2026-05-02 00:00:00,55.4,55.56,55.36,55.53,1895.604343
2026-05-02 01:00:00,55.52,55.63,55.49,55.57,895.103436
2026-05-02 02:00:00,55.57,55.67,55.49,55.57,864.858441
2026-05-02 03:00:00,55.56,55.71,55.51,55.64,951.530478
2026-05-02 04:00:00,55.65,55.65,55.28,55.34,1824.986513
2026-05-02 05:00:00,55.36,55.43,55.28,55.34,1274.175474
2026-05-02 06:00:00,55.33,55.48,55.33,55.48,582.837586
2026-05-02 07:00:00,55.44,55.5,55.39,55.41,353.897363
2026-05-02 08:00:00,55.39,55.45,55.33,55.39,1023.8415
2026-05-02 09:00:00,55.39,55.48,55.34,55.44,1359.419685
2026-05-02 10:00:00,55.45,55.47,55.39,55.39,390.815879
2026-05-02 11:00:00,55.39,55.39,55.13,55.23,2472.652172
2026-05-02 12:00:00,55.21,55.32,55.15,55.22,1639.518761
2026-05-02 13:00:00,55.23,55.39,55.23,55.35,889.744338
2026-05-02 14:00:00,55.36,55.41,55.24,55.35,2356.04133
2026-05-02 15:00:00,55.34,55.38,55.27,55.38,617.042989
2026-05-02 16:00:00,55.39,55.45,55.33,55.43,851.623145
2026-05-02 17:00:00,55.42,55.43,55.18,55.24,1364.574277
2026-05-02 18:00:00,55.25,55.31,55.15,55.21,1884.550424
2026-05-02 19:00:00,55.21,55.35,55.19,55.3,441.141243
2026-05-02 20:00:00,55.31,55.31,55.04,55.14,5537.013454
2026-05-02 21:00:00,55.13,55.44,55.06,55.29,5881.168497
2026-05-02 22:00:00,55.3,55.34,55.17,55.28,1294.354237
2026-05-02 23:00:00,55.28,55.4,55.15,55.38,1380.046084
2026-05-03 00:00:00,55.4,55.41,55.15,55.25,1350.586181
2026-05-03 01:00:00,55.25,55.25,54.98,55.04,896.775121
2026-05-03 02:00:00,55.06,55.09,54.91,54.96,800.956044
2026-05-03 03:00:00,54.95,55.12,54.9,55.06,1777.467894
2026-05-03 04:00:00,55.05,55.07,54.91,55.07,1558.470249
2026-05-03 05:00:00,55.05,55.09,54.96,54.96,1717.126332
2026-05-03 06:00:00,54.97,55.08,54.89,55.0,1833.899439
2026-05-03 07:00:00,54.99,55.14,54.99,55.03,1391.258153
2026-05-03 08:00:00,55.04,55.08,54.96,54.96,3250.711406
2026-05-03 09:00:00,54.95,55.14,54.92,55.09,1122.992647
2026-05-03 10:00:00,55.09,55.13,54.91,54.92,1005.193742
2026-05-03 11:00:00,54.91,55.36,54.86,55.18,2542.508578
2026-05-03 12:00:00,55.18,55.35,55.18,55.24,1153.085802
2026-05-03 13:00:00,55.25,55.3,55.15,55.21,1723.918545
2026-05-03 14:00:00,55.21,55.32,55.13,55.3,1110.893696
2026-05-03 15:00:00,55.31,55.39,55.28,55.35,3925.869315
2026-05-03 16:00:00,55.35,55.4,55.31,55.37,2002.335741
2026-05-03 17:00:00,55.36,55.42,55.24,55.31,2313.540847
2026-05-03 18:00:00,55.31,55.36,55.27,55.32,908.052068
2026-05-03 19:00:00,55.32,55.46,55.32,55.43,2379.470882
2026-05-03 20:00:00,55.44,55.68,55.42,55.49,2735.589114
2026-05-03 21:00:00,55.5,55.6,55.32,55.43,1185.940765
2026-05-03 22:00:00,55.45,55.75,55.44,55.63,2506.840747
2026-05-03 23:00:00,55.63,55.72,55.27,55.3,1053.151731
2026-05-04 00:00:00,55.3,55.3,55.0,55.2,2928.834788
2026-05-04 01:00:00,55.2,55.79,55.05,55.72,3781.993304
2026-05-04 02:00:00,55.73,56.25,55.68,56.11,8940.789635
2026-05-04 03:00:00,56.11,56.14,55.94,56.13,2258.59743
2026-05-04 04:00:00,56.13,56.42,56.13,56.21,6064.031271
2026-05-04 05:00:00,56.21,56.26,56.03,56.15,1701.204018
2026-05-04 06:00:00,56.16,56.22,55.81,56.11,3608.304336
2026-05-04 07:00:00,56.11,56.21,55.86,55.9,2008.500025
2026-05-04 08:00:00,55.89,55.9,55.77,55.79,4658.466372
2026-05-04 09:00:00,55.78,55.95,55.72,55.92,2747.11817
2026-05-04 10:00:00,55.92,55.94,54.95,55.26,14614.653794
2026-05-04 11:00:00,55.26,55.4,55.09,55.24,2508.474731
2026-05-04 12:00:00,55.24,55.42,55.23,55.26,1998.150105
2026-05-04 13:00:00,55.22,55.33,55.04,55.11,2074.026831
2026-05-04 14:00:00,55.11,55.75,54.96,55.63,6194.709839
2026-05-04 15:00:00,55.62,55.67,55.04,55.25,4627.478571
2026-05-04 16:00:00,55.26,55.36,55.06,55.18,6647.426393
2026-05-04 17:00:00,55.18,55.49,55.15,55.32,1775.583975
2026-05-04 18:00:00,55.32,55.52,55.23,55.28,1886.928248
2026-05-04 19:00:00,55.28,55.29,55.14,55.21,1081.981349
2026-05-04 20:00:00,55.21,55.29,55.09,55.15,827.444407
2026-05-04 21:00:00,55.15,55.38,55.14,55.26,4037.662705
2026-05-04 22:00:00,55.25,55.36,54.95,55.07,10500.536089
2026-05-04 23:00:00,55.07,55.09,54.92,54.98,3664.084594
2026-05-05 00:00:00,54.97,55.13,54.8,55.1,5808.889674
2026-05-05 01:00:00,55.09,55.14,54.98,55.06,3535.494189
2026-05-05 02:00:00,55.06,55.25,55.02,55.09,3582.844913
2026-05-05 03:00:00,55.1,55.28,55.05,55.12,1765.657915
2026-05-05 04:00:00,55.11,55.28,55.08,55.12,1247.52165
2026-05-05 05:00:00,55.11,55.31,55.07,55.19,1927.846183
2026-05-05 06:00:00,55.21,55.27,55.03,55.19,5200.134163
2026-05-05 07:00:00,55.18,55.39,55.15,55.31,1274.231716
2026-05-05 08:00:00,55.3,55.45,55.29,55.36,4046.052596
2026-05-05 09:00:00,55.37,55.39,55.22,55.26,1419.986784
2026-05-05 10:00:00,55.27,55.47,55.21,55.44,1983.931803
2026-05-05 11:00:00,55.43,55.56,55.32,55.54,1847.907171
2026-05-05 12:00:00,55.54,55.62,55.41,55.62,5179.720129
2026-05-05 13:00:00,55.62,55.93,55.62,55.81,8865.07543
2026-05-05 14:00:00,55.8,55.83,55.42,55.61,5152.292305
2026-05-05 15:00:00,55.63,55.79,55.51,55.62,1991.912608
2026-05-05 16:00:00,55.62,55.77,55.41,55.58,2152.655532
2026-05-05 17:00:00,55.58,55.71,55.45,55.59,1404.337862
2026-05-05 18:00:00,55.61,55.77,55.61,55.72,869.768879
2026-05-05 19:00:00,55.72,56.1,55.69,56.08,6010.468036
2026-05-05 20:00:00,56.07,56.42,56.07,56.36,9332.481924
2026-05-05 21:00:00,56.35,56.63,56.3,56.46,6781.460242
2026-05-05 22:00:00,56.47,56.62,56.16,56.43,8356.453235
2026-05-05 23:00:00,56.42,56.47,56.21,56.33,1756.454718
2026-05-06 00:00:00,56.34,56.54,56.07,56.25,6138.959321
2026-05-06 01:00:00,56.27,56.63,56.24,56.6,5105.381935
2026-05-06 02:00:00,56.61,56.65,56.29,56.57,1750.612526
2026-05-06 03:00:00,56.57,56.77,56.54,56.73,4126.708703
2026-05-06 04:00:00,56.74,56.85,56.56,56.76,3085.65225
2026-05-06 05:00:00,56.76,56.85,56.55,56.83,2707.180998
2026-05-06 06:00:00,56.84,56.97,56.66,56.89,6470.73343
2026-05-06 07:00:00,56.9,57.25,56.89,57.13,9686.986309
2026-05-06 08:00:00,57.15,57.91,57.14,57.84,14907.016679
2026-05-06 09:00:00,57.85,57.87,57.44,57.8,10436.939336
2026-05-06 10:00:00,57.81,57.94,57.63,57.69,13125.201713
2026-05-06 11:00:00,57.7,57.91,57.62,57.69,5775.524271
2026-05-06 12:00:00,57.69,57.85,57.54,57.78,4592.909597
2026-05-06 13:00:00,57.78,57.78,56.88,56.96,12098.791153
2026-05-06 14:00:00,56.94,57.14,56.45,56.84,19601.827771
2026-05-06 15:00:00,56.84,57.13,56.77,57.1,10511.629836
2026-05-06 16:00:00,57.09,57.25,56.88,57.02,8602.927945
2026-05-06 17:00:00,57.02,57.1,56.85,56.92,1757.492094
2026-05-06 18:00:00,56.92,56.97,56.75,56.82,3889.07167
2026-05-06 19:00:00,56.81,57.02,56.75,56.97,1689.068107
2026-05-06 20:00:00,56.94,57.08,56.74,56.92,1920.469388
2026-05-06 21:00:00,56.92,57.12,56.78,57.02,1620.001922
2026-05-06 22:00:00,57.03,57.04,56.67,56.74,2153.122445
2026-05-06 23:00:00,56.73,56.76,56.42,56.76,2320.436764
2026-05-07 00:00:00,56.76,56.83,56.43,56.46,1903.38709
2026-05-07 01:00:00,56.48,56.48,56.2,56.27,6092.54437
2026-05-07 02:00:00,56.28,56.42,56.21,56.36,2083.710305
2026-05-07 03:00:00,56.36,56.38,56.18,56.19,2645.214102
2026-05-07 04:00:00,56.2,56.57,56.17,56.52,1282.395055
2026-05-07 05:00:00,56.51,56.81,56.5,56.7,2211.787887
2026-05-07 06:00:00,56.7,57.01,56.52,57.01,1638.681497
2026-05-07 07:00:00,57.01,57.13,56.93,57.13,3670.641864
2026-05-07 08:00:00,57.12,57.16,56.91,56.95,10465.054691
2026-05-07 09:00:00,56.96,56.97,56.78,56.81,7357.570387
2026-05-07 10:00:00,56.79,56.96,56.63,56.91,1127.284256
2026-05-07 11:00:00,56.92,57.23,56.92,57.13,11142.993824
2026-05-07 12:00:00,57.13,57.39,57.05,57.37,9391.402801
2026-05-07 13:00:00,57.36,57.37,56.89,57.0,10758.044402
2026-05-07 14:00:00,56.99,57.05,56.27,56.54,10520.797286
2026-05-07 15:00:00,56.53,56.68,56.08,56.24,3638.779461
2026-05-07 16:00:00,56.24,56.45,56.11,56.23,1974.356705
2026-05-07 17:00:00,56.23,56.68,56.07,56.63,3861.67309
2026-05-07 18:00:00,56.62,56.76,56.52,56.59,1465.990486
2026-05-07 19:00:00,56.58,56.6,56.36,56.46,2740.235636
2026-05-07 20:00:00,56.46,56.78,56.34,56.38,1867.391624
2026-05-07 21:00:00,56.35,56.52,56.09,56.39,9653.907974
2026-05-07 22:00:00,56.36,56.48,56.16,56.38,2085.308588
2026-05-07 23:00:00,56.37,56.53,56.35,56.44,938.204063
2026-05-08 00:00:00,56.45,56.59,56.45,56.59,1819.106816
2026-05-08 01:00:00,56.6,56.66,56.38,56.47,845.504141
2026-05-08 02:00:00,56.48,56.49,56.16,56.29,2300.506991
2026-05-08 03:00:00,56.28,56.54,56.07,56.43,2579.052606
2026-05-08 04:00:00,56.42,56.6,56.4,56.54,807.965996
2026-05-08 05:00:00,56.54,56.64,56.48,56.49,953.179947
2026-05-08 06:00:00,56.48,56.48,56.24,56.38,2930.055708
2026-05-08 07:00:00,56.39,56.55,56.21,56.53,2863.434318
2026-05-08 08:00:00,56.54,56.62,56.42,56.54,2807.448609
2026-05-08 09:00:00,56.55,56.71,56.4,56.51,3192.903068
2026-05-08 10:00:00,56.51,56.63,56.43,56.48,5354.32252
2026-05-08 11:00:00,56.47,56.61,56.42,56.58,4310.149858
2026-05-08 12:00:00,56.59,56.84,56.55,56.71,5179.530193
2026-05-08 13:00:00,56.72,56.76,56.45,56.56,1533.837578
2026-05-08 14:00:00,56.58,57.37,56.58,57.22,5727.675812
2026-05-08 15:00:00,57.21,57.87,56.94,57.82,9769.669849
2026-05-08 16:00:00,57.82,57.85,57.38,57.65,9254.757521
2026-05-08 17:00:00,57.64,58.4,57.62,58.22,12655.413334
2026-05-08 18:00:00,58.24,58.98,58.22,58.51,10047.761632
2026-05-08 19:00:00,58.51,58.63,58.29,58.46,4174.878186
2026-05-08 20:00:00,58.47,58.47,58.0,58.06,4742.275657
2026-05-08 21:00:00,58.06,58.48,58.04,58.34,4288.56305
2026-05-08 22:00:00,58.34,58.55,58.33,58.35,2158.304083
2026-05-08 23:00:00,58.34,58.37,58.13,58.33,1770.138342
2026-05-09 00:00:00,58.31,58.68,58.26,58.6,3531.892213
2026-05-09 01:00:00,58.6,59.14,58.58,58.99,7277.652779
2026-05-09 02:00:00,58.98,59.02,58.71,58.82,3545.130856
2026-05-09 03:00:00,58.8,58.88,58.56,58.69,4914.898225
2026-05-09 04:00:00,58.69,58.87,58.63,58.64,2401.484841
2026-05-09 05:00:00,58.63,58.76,58.53,58.68,2543.8871
2026-05-09 06:00:00,58.69,58.81,58.46,58.51,2474.415213
2026-05-09 07:00:00,58.52,58.61,58.43,58.52,2681.391174
2026-05-09 08:00:00,58.52,58.76,58.52,58.69,1430.723741
2026-05-09 09:00:00,58.69,58.69,58.18,58.23,2567.853882
2026-05-09 10:00:00,58.24,58.38,58.17,58.28,6892.048048
2026-05-09 11:00:00,58.27,58.39,58.22,58.24,1621.372064
2026-05-09 12:00:00,58.26,58.35,58.13,58.22,1093.186761
2026-05-09 13:00:00,58.22,58.22,57.93,58.1,4593.454155
2026-05-09 14:00:00,58.1,58.1,57.69,57.81,2442.638542
2026-05-09 15:00:00,57.79,57.86,57.63,57.79,1911.62986
2026-05-09 16:00:00,57.79,58.0,57.71,57.89,2151.929728
2026-05-09 17:00:00,57.9,58.23,57.89,58.06,2246.63702
2026-05-09 18:00:00,58.06,58.24,58.05,58.16,2133.783336
2026-05-09 19:00:00,58.17,58.18,58.03,58.13,846.715525
2026-05-09 20:00:00,58.14,58.15,58.01,58.12,293.043399
2026-05-09 21:00:00,58.13,58.22,58.04,58.21,1969.195962
2026-05-09 22:00:00,58.22,58.31,58.14,58.2,1035.484698
2026-05-09 23:00:00,58.21,58.28,57.97,57.98,686.834104
2026-05-10 00:00:00,57.99,58.16,57.87,57.98,1277.717664
2026-05-10 01:00:00,57.98,57.98,57.67,57.81,3215.921561
2026-05-10 02:00:00,57.8,57.96,57.67,57.93,1149.562557
2026-05-10 03:00:00,57.94,58.04,57.85,57.94,1213.980615
2026-05-10 04:00:00,57.94,58.04,57.84,58.01,1744.038745
2026-05-10 05:00:00,57.98,58.1,57.88,58.0,1076.470015
2026-05-10 06:00:00,58.0,58.14,57.99,58.1,1343.59692
2026-05-10 07:00:00,58.1,58.38,58.1,58.33,2321.88336
2026-05-10 08:00:00,58.33,58.74,58.3,58.55,3244.108539
2026-05-10 09:00:00,58.56,58.61,58.41,58.47,962.549573
2026-05-10 10:00:00,58.47,58.5,58.22,58.42,1900.725005
2026-05-10 11:00:00,58.42,58.46,58.19,58.39,998.328599
2026-05-10 12:00:00,58.4,58.5,58.24,58.5,1031.871908
2026-05-10 13:00:00,58.51,58.85,58.45,58.77,1856.163567
2026-05-10 14:00:00,58.79,58.83,58.53,58.67,1360.085137
2026-05-10 15:00:00,58.68,59.08,58.64,59.07,3281.27697
2026-05-10 16:00:00,59.07,59.54,59.01,59.42,9427.025293
2026-05-10 17:00:00,59.42,59.75,59.28,59.67,6031.33647
2026-05-10 18:00:00,59.67,59.94,59.59,59.84,8516.982528
2026-05-10 19:00:00,59.82,60.0,59.52,59.71,5888.953955
2026-05-10 20:00:00,59.73,59.99,58.02,58.4,14855.706145
2026-05-10 21:00:00,58.38,58.89,58.21,58.6,5024.167769
2026-05-10 22:00:00,58.6,60.03,58.54,59.94,11122.383072
2026-05-10 23:00:00,59.96,60.58,59.78,60.41,13938.956231
2026-05-11 00:00:00,60.41,60.57,59.22,59.56,9566.790475
2026-05-11 01:00:00,59.58,59.78,59.37,59.57,3110.136882
2026-05-11 02:00:00,59.59,59.65,58.87,58.99,3835.495122
2026-05-11 03:00:00,58.98,59.0,58.43,58.72,10320.515943
2026-05-11 04:00:00,58.73,58.86,58.52,58.72,3931.132796
2026-05-11 05:00:00,58.71,59.06,58.68,58.93,1789.413121
2026-05-11 06:00:00,58.93,59.08,58.69,58.81,2001.351771
2026-05-11 07:00:00,58.8,58.89,58.68,58.87,2863.248273
2026-05-11 08:00:00,58.87,58.91,58.38,58.64,7908.027532
2026-05-11 09:00:00,58.65,58.76,58.59,58.72,3775.934368
2026-05-11 10:00:00,58.72,58.91,58.51,58.51,2739.691009
2026-05-11 11:00:00,58.52,58.73,58.51,58.72,4241.25034
2026-05-11 12:00:00,58.73,58.77,58.46,58.51,3443.314075
2026-05-11 13:00:00,58.5,58.74,58.29,58.47,4266.757756
2026-05-11 14:00:00,58.48,58.64,58.08,58.47,6187.993524
2026-05-11 15:00:00,58.47,59.04,58.3,59.01,4591.862471
2026-05-11 16:00:00,59.01,59.33,58.85,58.89,5320.271046
2026-05-11 17:00:00,58.89,59.14,58.65,59.08,6784.7994
2026-05-11 18:00:00,59.08,59.14,58.85,58.85,2108.89708
2026-05-11 19:00:00,58.87,59.07,58.74,58.97,2953.071892
2026-05-11 20:00:00,58.98,59.11,58.6,58.79,5382.876856
2026-05-11 21:00:00,58.8,58.97,58.65,58.67,3070.060831
2026-05-11 22:00:00,58.68,58.87,58.62,58.63,841.074696
2026-05-11 23:00:00,58.62,58.62,58.39,58.51,1861.124168
2026-05-12 00:00:00,58.52,58.66,58.34,58.43,1878.474117
2026-05-12 01:00:00,58.42,58.45,57.7,57.91,6598.102969
2026-05-12 02:00:00,57.91,58.25,57.89,58.25,4118.2692
2026-05-12 03:00:00,58.24,58.28,58.01,58.05,3838.006288
2026-05-12 04:00:00,58.04,58.29,58.02,58.22,2096.847963
2026-05-12 05:00:00,58.23,58.39,58.21,58.28,847.411097
2026-05-12 06:00:00,58.28,58.4,58.23,58.25,1279.682546
2026-05-12 07:00:00,58.26,58.5,58.1,58.41,5089.875486
2026-05-12 08:00:00,58.41,58.45,58.14,58.14,3284.595263
2026-05-12 09:00:00,58.13,58.33,57.9,58.22,4121.747773
2026-05-12 10:00:00,58.26,58.32,57.83,57.99,2091.509969
2026-05-12 11:00:00,58.0,58.02,57.65,57.88,6658.571905
2026-05-12 12:00:00,57.88,57.91,57.45,57.82,3880.393665
2026-05-12 13:00:00,57.82,57.88,57.25,57.33,4375.609078
2026-05-12 14:00:00,57.32,57.59,57.06,57.22,4460.646798
2026-05-12 15:00:00,57.2,57.43,57.07,57.29,2669.301761
2026-05-12 16:00:00,57.29,57.38,57.1,57.16,1469.543452
2026-05-12 17:00:00,57.18,57.66,57.18,57.54,2872.217668
2026-05-12 18:00:00,57.55,57.66,57.51,57.55,739.505587
2026-05-12 19:00:00,57.56,57.86,57.54,57.78,2326.43299
2026-05-12 20:00:00,57.79,57.91,57.77,57.88,1824.533213
2026-05-12 21:00:00,57.88,58.31,57.88,58.17,4299.404055
2026-05-12 22:00:00,58.2,58.26,57.85,57.91,948.3739
2026-05-12 23:00:00,57.92,58.13,57.81,58.12,2923.121039
2026-05-13 00:00:00,58.11,58.18,57.63,57.93,9864.904216
2026-05-13 01:00:00,57.94,58.37,57.92,58.19,2250.683404
2026-05-13 02:00:00,58.22,58.4,58.15,58.27,1899.653516
2026-05-13 03:00:00,58.28,58.55,58.26,58.53,4299.963505
2026-05-13 04:00:00,58.52,58.6,58.38,58.42,1500.928788
2026-05-13 05:00:00,58.43,58.46,58.07,58.12,3214.39728
2026-05-13 06:00:00,58.14,58.36,58.07,58.22,2154.51799
2026-05-13 07:00:00,58.22,58.47,58.2,58.47,2894.173892
2026-05-13 08:00:00,58.47,58.73,58.44,58.7,4018.053546
2026-05-13 09:00:00,58.7,58.94,58.69,58.94,2535.346038
2026-05-13 10:00:00,58.94,58.97,58.53,58.6,3077.451277
2026-05-13 11:00:00,58.6,58.65,58.08,58.14,2847.299161
2026-05-13 12:00:00,58.15,58.25,57.44,57.77,8363.376944
2026-05-13 13:00:00,57.77,57.94,57.17,57.22,6003.769535
2026-05-13 14:00:00,57.21,57.45,56.93,57.32,11330.106027
2026-05-13 15:00:00,57.31,57.44,56.29,56.35,12053.218892
2026-05-13 16:00:00,56.34,56.96,56.34,56.88,3146.368156
2026-05-13 17:00:00,56.88,57.05,56.88,56.93,2163.376465
2026-05-13 18:00:00,56.93,57.17,56.92,56.99,2107.942943
2026-05-13 19:00:00,57.0,57.05,56.75,56.8,1613.468964
2026-05-13 20:00:00,56.8,57.01,56.8,56.88,1093.939229
2026-05-13 21:00:00,56.88,56.88,56.6,56.63,1678.788367
2026-05-13 22:00:00,56.63,57.03,56.56,57.02,1209.668045
2026-05-13 23:00:00,57.02,57.09,56.89,56.99,1654.930914
2026-05-14 00:00:00,57.0,57.25,56.99,57.13,3455.011746
2026-05-14 01:00:00,57.12,57.23,57.08,57.13,522.423655
2026-05-14 02:00:00,57.13,57.25,56.94,56.97,1235.492072
2026-05-14 03:00:00,56.98,57.07,56.64,56.71,2981.506637
2026-05-14 04:00:00,56.71,56.99,56.63,56.96,2143.844981
2026-05-14 05:00:00,56.95,57.38,56.94,57.28,3416.6949
2026-05-14 06:00:00,57.27,57.33,57.11,57.21,1602.652138
2026-05-14 07:00:00,57.2,57.26,57.03,57.09,1421.367974
2026-05-14 08:00:00,57.11,57.23,56.98,57.11,929.923907
2026-05-14 09:00:00,57.11,57.13,56.86,56.99,2650.256701
2026-05-14 10:00:00,56.97,57.14,56.89,57.11,3052.590964
2026-05-14 11:00:00,57.11,57.12,56.88,56.94,2550.088357
2026-05-14 12:00:00,56.93,57.34,56.9,57.28,3425.876597
2026-05-14 13:00:00,57.29,57.6,57.23,57.49,4200.281429
2026-05-14 14:00:00,57.45,58.25,57.31,58.2,6111.634936
2026-05-14 15:00:00,58.2,58.26,57.84,58.09,7404.876117
2026-05-14 16:00:00,58.1,58.35,57.79,58.32,3912.543911
2026-05-14 17:00:00,58.31,58.48,58.09,58.42,2348.391353
2026-05-14 18:00:00,58.43,59.23,58.3,59.19,8573.19747
2026-05-14 19:00:00,59.19,59.54,58.83,58.92,4030.890794
2026-05-14 20:00:00,58.93,58.97,58.38,58.59,1563.222441
2026-05-14 21:00:00,58.6,58.67,58.35,58.59,1184.258081
2026-05-14 22:00:00,58.59,58.93,58.53,58.54,8460.049607
2026-05-14 23:00:00,58.53,58.53,58.13,58.21,12248.723945
2026-05-15 00:00:00,58.22,58.5,58.17,58.32,1394.364133
2026-05-15 01:00:00,58.33,58.4,57.94,57.98,1564.87757
2026-05-15 02:00:00,57.98,58.36,57.86,58.29,1530.770391
2026-05-15 03:00:00,58.29,58.3,57.94,58.1,967.385273
2026-05-15 04:00:00,58.09,58.1,57.71,57.72,1787.602209
2026-05-15 05:00:00,57.7,57.93,57.34,57.36,5924.138003
2026-05-15 06:00:00,57.37,57.98,57.35,57.96,2963.399342
2026-05-15 07:00:00,57.98,58.41,57.88,58.24,3778.860904
2026-05-15 08:00:00,58.26,58.51,58.12,58.45,10319.490551
2026-05-15 09:00:00,58.47,58.48,58.03,58.15,2065.609364
2026-05-15 10:00:00,58.16,58.37,57.89,58.32,3201.743146
2026-05-15 11:00:00,58.31,58.33,58.0,58.1,1067.292303
2026-05-15 12:00:00,58.09,58.18,57.76,57.91,1541.818345
2026-05-15 13:00:00,57.9,57.9,56.42,56.56,17285.510147
2026-05-15 14:00:00,56.57,57.01,56.39,56.87,16044.109877
2026-05-15 15:00:00,56.88,57.03,56.69,56.92,5390.69629
2026-05-15 16:00:00,56.92,57.47,56.84,57.39,7302.825489
2026-05-15 17:00:00,57.38,57.5,57.27,57.4,2035.184936
2026-05-15 18:00:00,57.41,57.49,57.29,57.37,710.7422
2026-05-15 19:00:00,57.37,57.39,57.17,57.27,2261.562532
2026-05-15 20:00:00,57.28,57.36,57.17,57.28,1712.98617
2026-05-15 21:00:00,57.28,57.5,57.18,57.18,1386.423707
2026-05-15 22:00:00,57.21,57.5,57.21,57.49,586.558795
2026-05-15 23:00:00,57.47,57.56,57.38,57.51,1798.305329
2026-05-16 00:00:00,57.51,57.67,57.19,57.59,6928.815386
2026-05-16 01:00:00,57.61,57.71,57.28,57.33,8837.632899
2026-05-16 02:00:00,57.33,57.37,57.11,57.17,1337.921368
2026-05-16 03:00:00,57.18,57.3,57.1,57.14,483.64616
2026-05-16 04:00:00,57.12,57.16,56.73,56.87,5595.966383
2026-05-16 05:00:00,56.89,56.95,56.78,56.83,1037.187997
2026-05-16 06:00:00,56.84,56.88,56.08,56.28,16808.880175
2026-05-16 07:00:00,56.28,56.37,55.68,56.12,12018.90897
2026-05-16 08:00:00,56.12,56.31,56.11,56.16,3417.578703
2026-05-16 09:00:00,56.15,56.18,55.68,55.72,7596.216282
2026-05-16 10:00:00,55.71,55.98,55.59,55.84,16786.816112
2026-05-16 11:00:00,55.85,56.02,55.85,55.95,3628.374185
2026-05-16 12:00:00,55.95,56.08,55.91,56.04,1418.357007
2026-05-16 13:00:00,56.06,56.15,56.01,56.03,2663.527041
2026-05-16 14:00:00,56.05,56.26,55.9,56.19,1978.423042
2026-05-16 15:00:00,56.2,56.31,56.13,56.23,2274.450979
2026-05-16 16:00:00,56.22,56.37,56.13,56.17,2057.966291
2026-05-16 17:00:00,56.18,56.32,56.16,56.25,522.656894
2026-05-16 18:00:00,56.25,56.29,56.14,56.2,1243.158634
2026-05-16 19:00:00,56.2,56.21,56.12,56.14,491.602383
2026-05-16 20:00:00,56.15,56.26,56.14,56.18,348.273343
2026-05-16 21:00:00,56.16,56.25,56.13,56.16,474.768555
2026-05-16 22:00:00,56.16,56.17,56.05,56.05,1771.033742
2026-05-16 23:00:00,56.06,56.26,56.03,56.14,1770.94091
2026-05-17 00:00:00,56.14,56.25,55.96,56.03,783.172787
2026-05-17 01:00:00,56.05,56.06,55.77,55.83,2881.650175
2026-05-17 02:00:00,55.82,55.99,55.82,55.94,818.220963
2026-05-17 03:00:00,55.94,56.24,55.94,56.19,1569.616686
2026-05-17 04:00:00,56.2,56.34,56.18,56.28,1305.467526
2026-05-17 05:00:00,56.29,56.43,56.21,56.23,2610.99404
2026-05-17 06:00:00,56.24,56.26,56.14,56.2,1661.098382
2026-05-17 07:00:00,56.21,56.39,56.17,56.33,3057.036178
2026-05-17 08:00:00,56.35,56.37,56.23,56.24,633.016178
2026-05-17 09:00:00,56.23,56.33,56.19,56.31,601.694775
2026-05-17 10:00:00,56.3,56.51,56.3,56.42,1516.602646
2026-05-17 11:00:00,56.43,56.43,56.24,56.36,1542.114932
2026-05-17 12:00:00,56.35,56.46,56.27,56.29,817.77376
2026-05-17 13:00:00,56.3,56.3,55.99,56.09,2278.457002
2026-05-17 14:00:00,56.09,56.09,55.77,55.9,1836.239677
2026-05-17 15:00:00,55.88,56.0,55.79,56.0,667.11003
2026-05-17 16:00:00,56.0,56.07,55.85,55.86,1228.601973
2026-05-17 17:00:00,55.86,55.92,55.68,55.9,1659.148901
2026-05-17 18:00:00,55.88,55.96,55.74,55.95,463.990391
2026-05-17 19:00:00,55.96,56.1,55.94,56.06,444.116294
2026-05-17 20:00:00,56.07,56.13,56.04,56.07,667.8279
2026-05-17 21:00:00,56.06,56.25,56.03,56.19,586.16851
2026-05-17 22:00:00,56.18,56.18,55.75,55.86,1503.293896
2026-05-17 23:00:00,55.87,55.87,53.75,54.58,35179.166
2026-05-18 00:00:00,54.58,54.58,54.16,54.32,7048.036256
2026-05-18 01:00:00,54.33,54.39,53.83,54.06,9972.789268
2026-05-18 02:00:00,54.06,54.31,54.06,54.21,3713.796484
2026-05-18 03:00:00,54.2,54.36,54.07,54.19,1630.044126
2026-05-18 04:00:00,54.19,54.35,54.01,54.27,2575.918503
2026-05-18 05:00:00,54.28,54.32,54.0,54.05,2635.974329
2026-05-18 06:00:00,54.05,54.11,53.49,53.84,9415.722279
2026-05-18 07:00:00,53.86,53.92,53.57,53.74,2191.041206
2026-05-18 08:00:00,53.74,53.85,53.66,53.79,2502.276135
2026-05-18 09:00:00,53.79,53.8,53.58,53.59,1840.946512
2026-05-18 10:00:00,53.6,53.62,53.36,53.5,2851.343144
2026-05-18 11:00:00,53.52,54.05,53.46,53.84,3491.335753
2026-05-18 12:00:00,53.85,54.13,53.83,54.05,3552.202245
2026-05-18 13:00:00,54.06,54.06,53.51,53.83,1694.924752
2026-05-18 14:00:00,53.81,53.86,53.39,53.56,2454.284047
2026-05-18 15:00:00,53.57,53.62,53.18,53.54,5508.707166
2026-05-18 16:00:00,53.53,53.69,53.41,53.62,2542.10568
2026-05-18 17:00:00,53.63,53.84,53.57,53.77,1165.317519
2026-05-18 18:00:00,53.78,53.8,53.41,53.61,1083.130277
2026-05-18 19:00:00,53.61,54.29,53.61,54.22,2642.053562
2026-05-18 20:00:00,54.22,54.42,54.07,54.17,1884.46682
2026-05-18 21:00:00,54.18,54.49,54.07,54.44,1635.662397
2026-05-18 22:00:00,54.45,54.57,54.34,54.49,1443.742396
2026-05-18 23:00:00,54.48,54.56,54.3,54.37,879.350946
2026-05-19 00:00:00,54.38,54.6,54.33,54.36,1231.406001
2026-05-19 01:00:00,54.35,54.36,54.19,54.24,417.684584
2026-05-19 02:00:00,54.23,54.44,54.11,54.18,769.939701
2026-05-19 03:00:00,54.19,54.44,54.14,54.3,1285.929726
2026-05-19 04:00:00,54.31,54.51,54.27,54.41,1301.192163
2026-05-19 05:00:00,54.42,54.45,54.14,54.35,1047.091057
2026-05-19 06:00:00,54.36,54.51,54.33,54.46,1572.767968
2026-05-19 07:00:00,54.45,54.54,54.39,54.48,1498.125599
2026-05-19 08:00:00,54.48,54.48,54.22,54.24,1156.660594
2026-05-19 09:00:00,54.23,54.29,54.01,54.18,2743.71076
2026-05-19 10:00:00,54.19,54.31,53.99,54.26,2822.724865
2026-05-19 11:00:00,54.26,54.29,53.94,53.94,2585.174025
2026-05-19 12:00:00,53.96,54.25,53.9,54.18,1728.82332
2026-05-19 13:00:00,54.2,54.36,54.01,54.2,2285.737067
2026-05-19 14:00:00,54.19,54.27,53.5,53.72,2541.683161
2026-05-19 15:00:00,53.71,53.89,53.69,53.83,1027.611199
2026-05-19 16:00:00,53.84,54.21,53.78,54.13,1710.699452
2026-05-19 17:00:00,54.14,54.2,54.01,54.15,1692.589185
2026-05-19 18:00:00,54.14,54.2,53.95,54.03,1750.619555
2026-05-19 19:00:00,54.04,54.24,54.02,54.08,1090.687205
2026-05-19 20:00:00,54.08,54.24,54.01,54.19,814.497599
2026-05-19 21:00:00,54.19,54.37,54.13,54.24,1115.462526
2026-05-19 22:00:00,54.23,54.32,54.09,54.28,703.403685
2026-05-19 23:00:00,54.26,54.53,54.21,54.51,3959.495422
2026-05-20 00:00:00,54.5,54.55,53.72,53.77,14688.460947
2026-05-20 01:00:00,53.76,54.13,53.3,53.66,17464.943308
2026-05-20 02:00:00,53.67,53.76,53.59,53.66,681.0604
2026-05-20 03:00:00,53.68,53.94,53.61,53.81,1166.266779
2026-05-20 04:00:00,53.82,53.9,53.66,53.89,882.428455
2026-05-20 05:00:00,53.9,54.24,53.89,54.16,3532.773711
2026-05-20 06:00:00,54.16,54.29,54.12,54.26,1508.13176
2026-05-20 07:00:00,54.25,54.3,54.1,54.16,1771.807831
2026-05-20 08:00:00,54.15,54.3,54.1,54.21,2700.448561
2026-05-20 09:00:00,54.21,54.23,54.03,54.1,3314.33879
2026-05-20 10:00:00,54.1,54.21,54.01,54.06,1654.885825
2026-05-20 11:00:00,54.07,54.11,53.76,53.85,4284.804983
2026-05-20 12:00:00,53.85,54.36,53.82,54.28,4468.018674
2026-05-20 13:00:00,54.27,54.28,53.56,53.85,4030.800633
2026-05-20 14:00:00,53.86,54.35,53.69,54.28,4737.689679
2026-05-20 15:00:00,54.27,54.48,54.11,54.26,2408.053583
2026-05-20 16:00:00,54.29,54.37,54.01,54.25,1918.959222
2026-05-20 17:00:00,54.26,54.45,54.18,54.34,2071.691213
2026-05-20 18:00:00,54.33,54.33,54.13,54.2,1610.613301
2026-05-20 19:00:00,54.2,54.32,54.13,54.22,2384.17696
2026-05-20 20:00:00,54.23,54.29,54.01,54.16,2707.36896
2026-05-20 21:00:00,54.15,54.32,54.04,54.04,2627.353421
2026-05-20 22:00:00,54.04,54.06,53.81,54.03,1834.138601
2026-05-20 23:00:00,54.02,54.02,53.86,53.96,1122.992557
2026-05-21 00:00:00,53.96,54.21,53.9,54.15,1610.42013
2026-05-21 01:00:00,54.16,54.41,54.11,54.27,2169.685964
2026-05-21 02:00:00,54.26,54.5,54.21,54.33,4965.484202
2026-05-21 03:00:00,54.33,54.48,54.27,54.47,4062.744443
2026-05-21 04:00:00,54.47,54.52,54.36,54.44,5035.644097
2026-05-21 05:00:00,54.44,54.52,54.28,54.37,1245.75859
2026-05-21 06:00:00,54.37,54.48,54.24,54.26,3888.467659
2026-05-21 07:00:00,54.26,54.54,54.24,54.47,2434.636458
2026-05-21 08:00:00,54.47,54.67,54.36,54.38,4280.901688
2026-05-21 09:00:00,54.38,54.38,54.02,54.04,2944.715902
2026-05-21 10:00:00,54.03,54.11,53.42,53.42,12085.72079
2026-05-21 11:00:00,53.41,53.61,53.33,53.52,3187.64689
2026-05-21 12:00:00,53.53,53.85,53.5,53.73,1409.711403
2026-05-21 13:00:00,53.73,53.96,53.55,53.87,1668.393183
2026-05-21 14:00:00,53.88,54.03,53.59,53.85,2952.841449
2026-05-21 15:00:00,53.85,54.05,53.76,53.96,998.545657
2026-05-21 16:00:00,53.96,54.04,53.61,53.79,2903.154117
2026-05-21 17:00:00,53.79,54.42,53.79,54.24,5819.659579
2026-05-21 18:00:00,54.24,54.43,53.99,54.12,2483.561364
2026-05-21 19:00:00,54.12,54.28,53.96,54.22,2755.692693
2026-05-21 20:00:00,54.22,54.32,54.14,54.22,877.529035
2026-05-21 21:00:00,54.24,54.42,54.21,54.25,1552.929473
2026-05-21 22:00:00,54.26,54.32,54.1,54.18,1129.735392
2026-05-21 23:00:00,54.19,54.27,54.07,54.17,807.895089
2026-05-22 00:00:00,54.19,54.34,54.13,54.23,1416.125268
2026-05-22 01:00:00,54.22,54.31,54.11,54.3,1687.482566
2026-05-22 02:00:00,54.32,54.44,54.28,54.36,1842.946029
2026-05-22 03:00:00,54.37,54.4,54.21,54.35,1152.442246
2026-05-22 04:00:00,54.35,54.49,54.25,54.28,775.692264
2026-05-22 05:00:00,54.29,54.48,54.25,54.31,935.091755
2026-05-22 06:00:00,54.3,54.33,54.14,54.15,1023.760588
2026-05-22 07:00:00,54.14,54.48,54.04,54.38,2165.742619
2026-05-22 08:00:00,54.38,54.59,54.21,54.28,3783.474454
2026-05-22 09:00:00,54.28,54.3,54.04,54.12,1704.219928
2026-05-22 10:00:00,54.1,54.2,53.97,54.09,3656.56006
2026-05-22 11:00:00,54.09,54.26,53.97,54.25,2077.079046
2026-05-22 12:00:00,54.25,54.39,54.1,54.23,2589.438384
2026-05-22 13:00:00,54.25,54.37,54.11,54.32,4220.328629
2026-05-22 14:00:00,54.32,54.32,53.77,53.8,6394.043412
2026-05-22 15:00:00,53.79,54.1,53.67,54.03,4651.010923
2026-05-22 16:00:00,54.03,54.27,53.95,54.26,1538.538476
2026-05-22 17:00:00,54.26,54.45,54.12,54.21,2872.763612
2026-05-22 18:00:00,54.21,54.22,53.26,53.67,4275.468603
2026-05-22 19:00:00,53.66,53.75,52.77,53.28,11596.532399
2026-05-22 20:00:00,53.25,53.41,53.04,53.26,1638.14807
2026-05-22 21:00:00,53.24,53.49,53.24,53.41,1280.708863
2026-05-22 22:00:00,53.39,53.48,53.21,53.38,780.698873
2026-05-22 23:00:00,53.37,53.48,52.28,52.66,9630.077988
2026-05-23 00:00:00,52.66,52.75,52.42,52.67,6967.650429
2026-05-23 01:00:00,52.68,52.88,52.64,52.86,1219.781234
2026-05-23 02:00:00,52.87,52.99,52.82,52.92,788.475318
2026-05-23 03:00:00,52.92,53.14,52.92,52.95,1200.660954
2026-05-23 04:00:00,52.96,52.98,52.76,52.8,1812.245274
2026-05-23 05:00:00,52.77,52.79,52.61,52.74,897.471991
2026-05-23 06:00:00,52.74,52.87,52.66,52.72,1306.202549
2026-05-23 07:00:00,52.72,52.75,51.47,51.92,16045.833427
2026-05-23 08:00:00,51.92,52.08,51.78,52.07,11329.517512
2026-05-23 09:00:00,52.08,52.18,51.92,51.99,2475.794363
2026-05-23 10:00:00,52.0,52.17,51.96,52.12,984.826565
2026-05-23 11:00:00,52.12,52.19,51.97,51.97,1347.611289
2026-05-23 12:00:00,51.98,52.16,51.88,52.16,2243.909872
2026-05-23 13:00:00,52.16,52.56,52.16,52.53,2083.087841
2026-05-23 14:00:00,52.52,52.78,52.42,52.74,8304.76013
2026-05-23 15:00:00,52.72,52.9,52.66,52.87,2005.507647
2026-05-23 16:00:00,52.9,52.94,52.74,52.8,3391.863586
2026-05-23 17:00:00,52.8,52.94,52.75,52.89,2494.446057
2026-05-23 18:00:00,52.89,53.4,52.87,53.26,2359.344204
2026-05-23 19:00:00,53.26,53.39,53.17,53.34,994.045475
2026-05-23 20:00:00,53.35,54.16,53.22,54.16,7517.705147
2026-05-23 21:00:00,54.17,54.23,53.61,53.75,2683.882033
2026-05-23 22:00:00,53.75,53.82,53.23,53.47,3965.906612
2026-05-23 23:00:00,53.46,53.6,53.41,53.48,1542.97217
2026-05-24 00:00:00,53.49,53.54,53.36,53.52,869.011817
2026-05-24 01:00:00,53.51,53.55,53.43,53.49,473.458586
2026-05-24 02:00:00,53.5,53.51,53.28,53.41,659.610883
2026-05-24 03:00:00,53.4,53.48,53.3,53.36,479.74418
2026-05-24 04:00:00,53.4,53.49,53.36,53.41,888.797542
2026-05-24 05:00:00,53.41,53.45,53.23,53.4,700.371185
2026-05-24 06:00:00,53.41,53.59,53.37,53.53,885.216214
2026-05-24 07:00:00,53.55,53.55,53.33,53.39,577.547519
2026-05-24 08:00:00,53.39,53.5,53.33,53.48,803.387365
2026-05-24 09:00:00,53.48,53.58,53.45,53.53,3447.138276
2026-05-24 10:00:00,53.53,53.67,53.39,53.49,735.73896
2026-05-24 11:00:00,53.49,53.66,53.49,53.62,645.381594
2026-05-24 12:00:00,53.64,53.64,53.4,53.47,956.374916
2026-05-24 13:00:00,53.48,53.52,53.11,53.2,1899.132399
2026-05-24 14:00:00,53.2,53.21,52.58,52.87,4528.034835
2026-05-24 15:00:00,52.89,52.9,52.77,52.81,2458.757374
2026-05-24 16:00:00,52.79,52.93,52.72,52.84,2939.505219
2026-05-24 17:00:00,52.84,52.93,52.82,52.91,962.621788
2026-05-24 18:00:00,52.91,52.92,52.77,52.83,1136.142505
2026-05-24 19:00:00,52.81,52.89,52.7,52.82,514.067312
2026-05-24 20:00:00,52.83,52.85,52.6,52.63,471.5019
2026-05-24 21:00:00,52.64,52.71,52.0,52.14,2713.981012
2026-05-24 22:00:00,52.15,52.77,52.14,52.63,1990.795548
2026-05-24 23:00:00,52.62,52.89,52.62,52.76,1628.720135
2026-05-25 00:00:00,52.78,52.98,52.78,52.85,1928.46652
2026-05-25 01:00:00,52.86,52.86,52.55,52.55,496.532651
2026-05-25 02:00:00,52.56,52.9,52.56,52.63,749.979985
2026-05-25 03:00:00,52.61,52.68,52.5,52.58,899.898149
2026-05-25 04:00:00,52.6,52.77,52.51,52.76,1185.844337
2026-05-25 05:00:00,52.76,52.99,52.72,52.92,1050.621926
2026-05-25 06:00:00,52.92,53.0,52.77,52.9,874.991763
2026-05-25 07:00:00,52.92,53.02,52.81,52.97,847.504273
2026-05-25 08:00:00,52.98,53.06,52.92,53.02,1358.760491
2026-05-25 09:00:00,53.03,53.13,52.94,52.96,916.910279
2026-05-25 10:00:00,52.95,52.99,52.82,52.84,1117.640004
2026-05-25 11:00:00,52.84,52.87,52.68,52.69,1080.393743
2026-05-25 12:00:00,52.69,52.83,52.59,52.77,2617.119042
2026-05-25 13:00:00,52.77,52.9,52.73,52.8,1779.293577
2026-05-25 14:00:00,52.8,52.92,52.8,52.9,1814.200433
2026-05-25 15:00:00,52.9,53.01,52.63,52.74,4527.477473
2026-05-25 16:00:00,52.76,53.16,52.76,53.11,2963.683214
2026-05-25 17:00:00,53.12,53.15,52.9,52.97,1184.162544
2026-05-25 18:00:00,52.98,53.08,52.96,52.97,680.43583
2026-05-25 19:00:00,52.98,53.02,52.79,52.87,794.865493
2026-05-25 20:00:00,52.87,52.98,52.65,52.78,2126.653189
2026-05-25 21:00:00,52.77,52.94,52.75,52.79,2089.374635
2026-05-25 22:00:00,52.8,52.84,52.45,52.53,2580.589021
2026-05-25 23:00:00,52.5,52.75,52.48,52.73,1480.360029
2026-05-26 00:00:00,52.74,52.75,52.32,52.53,1680.210852
2026-05-26 01:00:00,52.53,52.53,52.14,52.29,2789.31638
2026-05-26 02:00:00,52.28,52.31,52.16,52.25,1562.235588
2026-05-26 03:00:00,52.25,52.31,52.13,52.31,435.801971
2026-05-26 04:00:00,52.31,52.54,52.23,52.48,2146.09817
2026-05-26 05:00:00,52.44,52.69,52.38,52.62,1134.930791
2026-05-26 06:00:00,52.61,52.63,52.4,52.55,1323.737903
2026-05-26 07:00:00,52.56,52.58,52.32,52.36,1200.990587
2026-05-26 08:00:00,52.34,52.42,52.31,52.36,1366.075893
2026-05-26 09:00:00,52.36,52.47,52.27,52.32,1657.744219
2026-05-26 10:00:00,52.31,52.98,52.29,52.85,4728.895965
2026-05-26 11:00:00,52.86,52.93,52.78,52.79,1719.045445
2026-05-26 12:00:00,52.8,52.87,52.65,52.84,3467.656603
2026-05-26 13:00:00,52.84,52.87,52.5,52.77,6635.69677
2026-05-26 14:00:00,52.78,53.11,52.54,52.67,6487.637271
2026-05-26 15:00:00,52.68,52.72,52.16,52.4,4533.906307
2026-05-26 16:00:00,52.4,52.4,52.04,52.18,5447.074836
2026-05-26 17:00:00,52.17,52.24,51.63,51.82,3693.873076
2026-05-26 18:00:00,51.81,52.11,51.77,51.85,1802.903906
2026-05-26 19:00:00,51.84,51.98,51.66,51.94,1994.041649
2026-05-26 20:00:00,51.95,52.02,51.88,52.0,495.690516
2026-05-26 21:00:00,52.01,52.17,51.84,51.98,2248.676589
2026-05-26 22:00:00,51.99,52.09,51.92,52.0,719.811536
2026-05-26 23:00:00,52.01,52.1,51.9,51.92,2424.153616
2026-05-27 00:00:00,51.93,52.19,51.93,52.19,1628.605222
2026-05-27 01:00:00,52.18,52.21,52.01,52.07,1008.317244
2026-05-27 02:00:00,52.08,52.16,51.96,52.16,600.667569
2026-05-27 03:00:00,52.17,52.21,51.99,52.04,910.041059
2026-05-27 04:00:00,52.01,52.18,51.71,52.17,1347.896469
2026-05-27 05:00:00,52.16,52.3,52.15,52.26,479.838959
2026-05-27 06:00:00,52.31,52.37,52.21,52.31,1114.937681
2026-05-27 07:00:00,52.32,52.38,52.28,52.38,627.700235
2026-05-27 08:00:00,52.38,52.53,52.25,52.27,1570.72893
2026-05-27 09:00:00,52.27,52.39,52.16,52.26,2354.281967
2026-05-27 10:00:00,52.25,52.44,52.24,52.32,1264.344121
2026-05-27 11:00:00,52.32,52.43,52.2,52.2,2047.931326
2026-05-27 12:00:00,52.2,52.6,52.15,52.4,4003.242152
2026-05-27 13:00:00,52.4,52.48,51.94,52.28,6905.008996
2026-05-27 14:00:00,52.29,52.44,52.13,52.4,3326.871636
2026-05-27 15:00:00,52.39,52.9,52.38,52.68,8135.504983
2026-05-27 16:00:00,52.68,52.74,52.32,52.48,2647.452621
2026-05-27 17:00:00,52.48,52.48,52.0,52.13,2421.729282
2026-05-27 18:00:00,52.13,52.37,52.02,52.36,498.521268
2026-05-27 19:00:00,52.37,52.56,52.35,52.45,882.693122
2026-05-27 20:00:00,52.46,52.54,52.37,52.53,825.486446
2026-05-27 21:00:00,52.54,52.57,51.68,51.91,2853.895827
2026-05-27 22:00:00,51.92,52.15,51.84,51.9,3309.072058
2026-05-27 23:00:00,51.9,52.05,51.81,51.98,2140.917256
2026-05-28 00:00:00,51.97,52.13,51.94,52.03,723.997806
2026-05-28 01:00:00,52.03,52.05,51.64,51.81,1815.950057
2026-05-28 02:00:00,51.83,51.94,51.71,51.85,764.236532
2026-05-28 03:00:00,51.86,51.86,50.92,51.01,12656.470531
2026-05-28 04:00:00,51.03,51.03,50.53,50.82,5349.017643
2026-05-28 05:00:00,50.81,50.83,50.35,50.46,6169.869339
2026-05-28 06:00:00,50.45,50.64,50.39,50.63,3525.11438
2026-05-28 07:00:00,50.63,50.89,50.61,50.85,7502.729327
2026-05-28 08:00:00,50.85,50.88,50.66,50.71,2899.097015
2026-05-28 09:00:00,50.72,50.95,50.7,50.92,1399.415404
2026-05-28 10:00:00,50.92,51.03,50.75,50.75,2079.604529
2026-05-28 11:00:00,50.75,50.83,50.63,50.73,2782.395537
2026-05-28 12:00:00,50.74,50.98,50.57,50.95,3166.715215
2026-05-28 13:00:00,50.95,51.12,50.78,51.0,2397.367733
2026-05-28 14:00:00,51.0,51.31,50.6,51.12,3714.989401
2026-05-28 15:00:00,51.12,51.42,50.86,51.41,3481.021495
2026-05-28 16:00:00,51.42,51.98,51.28,51.91,4215.647527
2026-05-28 17:00:00,51.92,52.13,51.73,52.04,7146.999097
2026-05-28 18:00:00,52.04,52.12,51.77,51.97,2105.601133
2026-05-28 19:00:00,51.96,51.96,51.76,51.76,1124.609439
2026-05-28 20:00:00,51.76,51.96,51.66,51.91,802.547893
2026-05-28 21:00:00,51.91,52.08,51.83,51.83,1849.961321
2026-05-28 22:00:00,51.84,51.9,51.68,51.68,593.352096
2026-05-28 23:00:00,51.7,51.83,51.63,51.66,1085.473825
2026-05-29 00:00:00,51.68,51.78,51.65,51.7,1445.859133
2026-05-29 01:00:00,51.71,51.8,51.63,51.72,1440.570645
2026-05-29 02:00:00,51.72,51.78,51.57,51.59,1393.453207
2026-05-29 03:00:00,51.59,51.85,51.59,51.68,2644.121648
2026-05-29 04:00:00,51.68,51.72,51.36,51.64,2898.914674
2026-05-29 05:00:00,51.65,51.74,51.58,51.74,1674.224015
2026-05-29 06:00:00,51.74,51.99,51.74,51.83,1174.345513
2026-05-29 07:00:00,51.83,51.88,51.53,51.72,7367.620197
2026-05-29 08:00:00,51.72,51.81,51.7,51.75,2104.896868
2026-05-29 09:00:00,51.75,51.89,51.7,51.81,2953.646164
2026-05-29 10:00:00,51.8,51.86,51.71,51.8,1072.253534
2026-05-29 11:00:00,51.78,51.85,51.56,51.66,2164.280794
2026-05-29 12:00:00,51.66,51.73,51.46,51.61,3133.169675
2026-05-29 13:00:00,51.61,51.78,51.45,51.74,1621.206305
2026-05-29 14:00:00,51.74,51.84,51.15,51.57,3272.949619
2026-05-29 15:00:00,51.58,52.32,51.55,52.21,7242.392526
2026-05-29 16:00:00,52.22,52.33,51.87,52.16,3285.17905
2026-05-29 17:00:00,52.15,52.33,52.08,52.12,2963.79953
2026-05-29 18:00:00,52.12,52.16,51.66,51.83,1937.074986
2026-05-29 19:00:00,51.83,51.92,51.54,51.92,1324.094449
2026-05-29 20:00:00,51.92,52.03,51.87,51.92,1076.292396
2026-05-29 21:00:00,51.94,52.09,51.72,51.72,2110.417187
2026-05-29 22:00:00,51.72,51.93,51.69,51.86,863.64749
2026-05-29 23:00:00,51.85,51.93,51.8,51.9,793.645784
2026-05-30 00:00:00,51.89,52.23,51.83,52.16,2037.025435
2026-05-30 01:00:00,52.16,52.52,52.09,52.38,3969.752668
2026-05-30 02:00:00,52.39,52.53,52.37,52.46,4416.734306
2026-05-30 03:00:00,52.46,52.53,52.34,52.45,960.224486
2026-05-30 04:00:00,52.45,52.48,52.11,52.25,1970.876714
2026-05-30 05:00:00,52.27,52.44,52.21,52.42,1654.417753
2026-05-30 06:00:00,52.44,52.5,52.37,52.41,1235.558615
2026-05-30 07:00:00,52.41,52.45,52.35,52.43,769.828084
2026-05-30 08:00:00,52.43,52.5,52.4,52.49,1054.276265
2026-05-30 09:00:00,52.49,52.69,52.45,52.69,1374.646283
2026-05-30 10:00:00,52.69,52.7,52.57,52.59,1458.522504
2026-05-30 11:00:00,52.59,52.74,52.5,52.5,2434.114925
2026-05-30 12:00:00,52.51,52.64,52.51,52.64,736.608812
2026-05-30 13:00:00,52.66,52.73,52.58,52.73,998.77015
2026-05-30 14:00:00,52.73,52.78,52.41,52.53,6418.276321
2026-05-30 15:00:00,52.54,52.55,52.34,52.4,1008.990597
2026-05-30 16:00:00,52.39,52.45,52.2,52.36,3816.132819
2026-05-30 17:00:00,52.36,52.43,52.24,52.4,1069.460199
2026-05-30 18:00:00,52.4,52.48,52.31,52.47,600.786914
2026-05-30 19:00:00,52.46,52.56,52.42,52.53,829.248761
2026-05-30 20:00:00,52.53,52.59,52.49,52.53,457.118493
2026-05-30 21:00:00,52.55,52.6,52.52,52.57,917.511693
2026-05-30 22:00:00,52.57,52.57,52.32,52.42,904.631735
2026-05-30 23:00:00,52.43,52.5,52.34,52.46,939.71297
2026-05-31 00:00:00,52.46,52.51,52.39,52.48,758.903731
2026-05-31 01:00:00,52.48,52.62,52.48,52.58,835.357653
2026-05-31 02:00:00,52.6,52.74,52.46,52.67,1493.363604
2026-05-31 03:00:00,52.68,52.75,52.65,52.65,1028.848002
2026-05-31 04:00:00,52.66,52.73,52.59,52.62,1343.690978
2026-05-31 05:00:00,52.62,52.62,52.46,52.5,880.377909
2026-05-31 06:00:00,52.51,52.54,52.35,52.47,2607.435951
2026-05-31 07:00:00,52.48,52.48,52.22,52.32,1534.793475
2026-05-31 08:00:00,52.34,52.47,52.33,52.47,1035.509124
2026-05-31 09:00:00,52.45,52.57,52.36,52.38,2067.95035
2026-05-31 10:00:00,52.4,52.41,52.26,52.37,1131.697969
2026-05-31 11:00:00,52.36,52.42,52.28,52.33,698.89196
2026-05-31 12:00:00,52.33,52.44,52.27,52.41,1072.776244
2026-05-31 13:00:00,52.41,52.62,52.38,52.44,774.938726
2026-05-31 14:00:00,52.46,52.46,51.82,51.96,6464.642188
2026-05-31 15:00:00,51.97,52.17,51.94,51.96,1095.277305
2026-05-31 16:00:00,51.96,51.98,51.54,51.6,3343.871437
2026-05-31 17:00:00,51.61,51.73,51.4,51.71,2565.314241
2026-05-31 18:00:00,51.72,51.72,51.55,51.63,618.665906
2026-05-31 19:00:00,51.64,51.66,51.47,51.63,1072.549028
2026-05-31 20:00:00,51.63,51.89,51.63,51.84,1009.186095
2026-05-31 21:00:00,51.84,52.06,51.83,52.02,1478.871066
2026-05-31 22:00:00,52.04,52.22,51.88,52.19,1214.761049
2026-05-31 23:00:00,52.18,52.32,51.9,52.09,1181.002799
2026-06-01 00:00:00,52.07,52.29,52.05,52.22,1513.901895
2026-06-01 01:00:00,52.22,52.23,51.47,51.47,3268.48338
2026-06-01 02:00:00,51.47,52.18,51.41,52.02,2203.851939
2026-06-01 03:00:00,52.05,52.21,51.94,51.98,4310.326214
2026-06-01 04:00:00,52.0,52.05,51.56,51.69,2593.553357
2026-06-01 05:00:00,51.7,51.76,51.55,51.57,1427.18585
2026-06-01 06:00:00,51.58,51.62,51.21,51.33,2946.451251
2026-06-01 07:00:00,51.34,51.41,50.99,51.0,2912.012535
2026-06-01 08:00:00,51.01,51.12,50.79,51.03,4545.756828
2026-06-01 09:00:00,51.04,51.43,51.04,51.2,9006.370476
2026-06-01 10:00:00,51.21,51.32,51.05,51.08,1669.163037
2026-06-01 11:00:00,51.1,51.19,50.89,51.0,1204.267096
2026-06-01 12:00:00,51.01,51.18,50.84,51.11,3087.842567
2026-06-01 13:00:00,51.11,51.13,50.66,50.94,5103.707543
2026-06-01 14:00:00,50.95,50.99,50.51,50.61,7118.741045
2026-06-01 15:00:00,50.62,50.68,50.12,50.41,6854.404165
2026-06-01 16:00:00,50.41,50.69,50.11,50.68,3142.491418
2026-06-01 17:00:00,50.69,51.05,50.67,50.96,1943.743233
2026-06-01 18:00:00,50.95,51.02,50.69,50.8,1725.50376
2026-06-01 19:00:00,50.79,51.0,50.67,50.9,1263.674517
2026-06-01 20:00:00,50.9,51.0,50.75,51.0,454.026038
2026-06-01 21:00:00,51.0,51.0,50.67,50.69,595.841166
2026-06-01 22:00:00,50.69,50.85,50.48,50.82,2763.45412
2026-06-01 23:00:00,50.82,50.96,50.66,50.8,1585.631557
2026-06-02 00:00:00,50.81,50.84,50.59,50.61,877.252932
2026-06-02 01:00:00,50.64,50.71,50.3,50.3,2093.935509
2026-06-02 02:00:00,50.31,50.35,49.88,50.14,7133.100451
2026-06-02 03:00:00,50.15,50.28,50.01,50.28,6997.765059
2026-06-02 04:00:00,50.28,50.32,49.74,49.87,2573.825875
2026-06-02 05:00:00,49.87,49.87,49.31,49.4,5571.207864
2026-06-02 06:00:00,49.41,49.56,49.24,49.39,2808.584007
2026-06-02 07:00:00,49.4,49.65,49.14,49.47,2147.001081
2026-06-02 08:00:00,49.47,49.64,49.36,49.42,2347.955239
2026-06-02 09:00:00,49.45,49.46,49.17,49.34,2353.356854
2026-06-02 10:00:00,49.35,49.68,49.28,49.63,1740.709819
2026-06-02 11:00:00,49.62,49.63,49.36,49.37,766.128443
2026-06-02 12:00:00,49.36,49.49,49.15,49.47,1611.285012
2026-06-02 13:00:00,49.47,49.58,49.19,49.25,2006.609076
2026-06-02 14:00:00,49.25,49.31,47.87,48.4,16425.474744
2026-06-02 15:00:00,48.39,48.42,47.43,47.84,13056.028116
2026-06-02 16:00:00,47.81,48.53,47.72,48.2,4478.167202
2026-06-02 17:00:00,48.22,48.51,48.2,48.43,1363.678721
2026-06-02 18:00:00,48.43,48.55,48.15,48.35,2835.225019
2026-06-02 19:00:00,48.37,48.4,47.37,48.12,4470.219929
2026-06-02 20:00:00,48.11,48.48,47.96,48.3,5789.819299
2026-06-02 21:00:00,48.3,48.51,48.13,48.15,16519.128215
2026-06-02 22:00:00,48.16,48.16,46.62,46.74,41757.874407
2026-06-02 23:00:00,46.77,47.0,46.29,46.9,10567.297616
2026-06-03 00:00:00,46.91,47.43,46.91,47.37,3827.036043
2026-06-03 01:00:00,47.36,47.66,47.2,47.6,3958.168458
2026-06-03 02:00:00,47.58,47.74,47.46,47.64,1908.788765
2026-06-03 03:00:00,47.66,47.77,46.82,47.02,10661.08154
2026-06-03 04:00:00,47.03,47.82,47.03,47.79,2180.421112
2026-06-03 05:00:00,47.8,48.27,47.8,48.09,4238.794426
2026-06-03 06:00:00,48.11,48.44,48.01,48.24,1833.835927
2026-06-03 07:00:00,48.23,48.53,48.16,48.41,11823.150986
2026-06-03 08:00:00,48.37,48.54,48.33,48.33,1590.422809
2026-06-03 09:00:00,48.34,48.38,48.0,48.15,8103.157864
2026-06-03 10:00:00,48.16,48.39,48.13,48.34,3140.989449
2026-06-03 11:00:00,48.34,48.48,48.1,48.21,6296.787973
2026-06-03 12:00:00,48.18,48.26,47.9,48.23,2989.417051
2026-06-03 13:00:00,48.25,48.3,47.79,48.01,8919.803201
2026-06-03 14:00:00,48.01,48.03,47.55,47.89,13956.40578
2026-06-03 15:00:00,47.88,47.91,47.58,47.66,4337.935269
2026-06-03 16:00:00,47.69,47.69,47.12,47.58,3225.159458
2026-06-03 17:00:00,47.59,47.82,47.27,47.71,2104.504339
2026-06-03 18:00:00,47.72,47.77,47.39,47.44,1344.475871
2026-06-03 19:00:00,47.45,47.7,47.19,47.3,2101.309506
2026-06-03 20:00:00,47.3,47.59,46.88,47.01,3323.171932
2026-06-03 21:00:00,46.99,47.95,46.95,47.91,3268.042813
2026-06-03 22:00:00,47.9,48.01,47.51,47.63,1623.660022
2026-06-03 23:00:00,47.64,47.67,47.13,47.13,1152.078562
2026-06-04 00:00:00,47.14,47.48,46.67,46.81,4575.831515
2026-06-04 01:00:00,46.82,46.93,45.24,45.3,15543.319251
2026-06-04 02:00:00,45.36,45.87,43.87,45.82,24469.235898
2026-06-04 03:00:00,45.85,46.91,45.84,46.81,8952.446821
2026-06-04 04:00:00,46.82,46.96,46.44,46.49,3479.518743
2026-06-04 05:00:00,46.49,46.5,46.04,46.27,7072.812796
2026-06-04 06:00:00,46.25,46.83,46.23,46.61,2357.757302
2026-06-04 07:00:00,46.61,46.65,46.16,46.22,3891.683999
2026-06-04 08:00:00,46.22,46.53,45.86,46.42,3431.816567
2026-06-04 09:00:00,46.42,46.42,45.48,46.04,7929.135471
2026-06-04 10:00:00,46.02,46.07,45.07,45.25,6508.557196
2026-06-04 11:00:00,45.26,45.62,45.05,45.62,9646.299743
2026-06-04 12:00:00,45.63,46.67,45.5,46.6,3810.818498
2026-06-04 13:00:00,46.58,46.89,46.07,46.86,3860.506537
2026-06-04 14:00:00,46.87,46.92,46.21,46.34,4040.036649
2026-06-04 15:00:00,46.34,46.58,46.16,46.36,3170.90508
2026-06-04 16:00:00,46.35,46.44,46.01,46.34,2694.586181
2026-06-04 17:00:00,46.33,46.47,45.81,46.2,2399.077819
2026-06-04 18:00:00,46.22,46.66,45.99,46.51,3259.403532
2026-06-04 19:00:00,46.49,46.63,46.19,46.28,1348.221246
2026-06-04 20:00:00,46.29,46.32,45.97,46.08,1332.9363
2026-06-04 21:00:00,46.08,46.21,45.09,45.13,7108.815289
2026-06-04 22:00:00,45.12,45.77,45.11,45.74,1709.96841
2026-06-04 23:00:00,45.7,45.86,45.14,45.65,5006.815055
2026-06-05 00:00:00,45.63,45.83,45.38,45.41,1614.719598
2026-06-05 01:00:00,45.39,45.77,45.06,45.67,6050.268539
2026-06-05 02:00:00,45.66,45.71,44.84,44.91,2521.84624
2026-06-05 03:00:00,44.92,45.24,44.64,44.85,7142.291143
2026-06-05 04:00:00,44.89,45.47,44.72,45.4,4896.663944
2026-06-05 05:00:00,45.43,45.48,44.31,44.32,6192.124545
2026-06-05 06:00:00,44.35,44.51,42.66,43.35,25223.633175
2026-06-05 07:00:00,43.34,44.21,42.68,44.17,14786.326185
2026-06-05 08:00:00,44.19,44.19,43.67,43.84,3437.259647
2026-06-05 09:00:00,43.86,44.66,43.85,44.54,6394.294567
2026-06-05 10:00:00,44.59,44.66,44.2,44.27,2895.151064
2026-06-05 11:00:00,44.28,44.45,43.96,44.05,4828.174358
2026-06-05 12:00:00,44.05,44.29,43.56,44.04,4285.473095
2026-06-05 13:00:00,44.04,44.58,43.24,43.24,6685.268128
2026-06-05 14:00:00,43.23,43.72,42.9,43.42,55683.027967
2026-06-05 15:00:00,43.4,43.51,42.72,43.2,15925.531487
2026-06-05 16:00:00,43.19,44.02,42.62,43.93,17246.40349
2026-06-05 17:00:00,43.92,44.18,43.46,43.67,6135.953187
2026-06-05 18:00:00,43.69,43.9,42.54,42.69,17999.1427
2026-06-05 19:00:00,42.71,43.24,41.95,43.02,17605.893428
2026-06-05 20:00:00,43.01,43.78,42.53,43.62,7216.940049
2026-06-05 21:00:00,43.6,44.01,43.6,43.89,5958.088637
2026-06-05 22:00:00,43.89,43.92,43.28,43.59,4826.005233
2026-06-05 23:00:00,43.6,43.73,42.69,43.32,4026.011263
2026-06-06 00:00:00,43.32,43.95,43.32,43.85,3180.402236
2026-06-06 01:00:00,43.87,44.01,43.5,43.52,2262.293136
2026-06-06 02:00:00,43.51,43.57,43.19,43.24,1828.651059
2026-06-06 03:00:00,43.24,43.25,42.64,42.68,4263.399004
2026-06-06 04:00:00,42.68,42.87,40.79,40.99,16430.004465
2026-06-06 05:00:00,40.98,42.12,40.5,42.07,12438.657516
2026-06-06 06:00:00,42.08,42.67,42.08,42.29,5057.270113
2026-06-06 07:00:00,42.29,42.93,42.2,42.82,4918.86825
2026-06-06 08:00:00,42.83,43.41,42.56,43.24,6220.601688
2026-06-06 09:00:00,43.23,43.52,42.9,43.02,2130.832049
2026-06-06 10:00:00,43.02,43.02,42.14,42.6,8161.386024
2026-06-06 11:00:00,42.59,42.93,42.53,42.79,3280.622986
2026-06-06 12:00:00,42.8,43.04,42.56,42.9,2977.322653
2026-06-06 13:00:00,42.88,42.97,42.58,42.75,1665.927139
2026-06-06 14:00:00,42.75,42.94,42.5,42.51,1456.979145
2026-06-06 15:00:00,42.52,42.58,42.01,42.37,2262.70457
2026-06-06 16:00:00,42.33,42.54,41.89,41.94,3231.630235
2026-06-06 17:00:00,41.93,42.19,41.78,42.05,3657.210064
2026-06-06 18:00:00,42.06,42.33,41.99,42.22,2651.740879
2026-06-06 19:00:00,42.22,42.35,40.94,41.15,13887.497468
2026-06-06 20:00:00,41.16,41.23,40.81,41.19,4219.052978
2026-06-06 21:00:00,41.2,41.87,41.2,41.63,3336.483034
2026-06-06 22:00:00,41.63,41.64,40.88,41.02,2675.966049
2026-06-06 23:00:00,41.02,41.4,41.02,41.4,3080.273243
2026-06-07 00:00:00,41.4,41.52,41.14,41.28,2936.522293
2026-06-07 01:00:00,41.28,42.21,41.22,42.06,4286.098596
2026-06-07 02:00:00,42.06,42.07,41.48,41.8,7482.568182
2026-06-07 03:00:00,41.8,42.1,41.75,41.94,3083.480403
2026-06-07 04:00:00,41.94,41.96,41.27,41.73,3483.861825
2026-06-07 05:00:00,41.72,41.86,41.55,41.64,4731.023501
2026-06-07 06:00:00,41.63,42.23,41.45,41.97,5645.644756
2026-06-07 07:00:00,41.94,42.02,41.79,41.95,4530.034939
2026-06-07 08:00:00,41.94,42.53,41.69,42.51,11340.598192
2026-06-07 09:00:00,42.52,42.71,42.22,42.32,18950.741212
2026-06-07 10:00:00,42.32,42.51,42.06,42.22,6110.153561
2026-06-07 11:00:00,42.22,42.48,42.18,42.38,2512.765833
2026-06-07 12:00:00,42.38,42.39,41.52,41.86,9659.457277
2026-06-07 13:00:00,41.86,42.16,41.78,42.08,3599.502041
2026-06-07 14:00:00,42.06,42.46,41.96,42.28,5315.19751
2026-06-07 15:00:00,42.27,42.38,41.98,42.09,7169.368021
2026-06-07 16:00:00,42.09,42.16,41.69,41.89,9834.439877
2026-06-07 17:00:00,41.87,42.19,41.83,42.04,2242.673377
2026-06-07 18:00:00,42.05,42.14,41.87,41.9,8736.884124
2026-06-07 19:00:00,41.91,41.91,41.1,41.36,11201.199904
2026-06-07 20:00:00,41.36,41.75,41.27,41.61,2720.8038
2026-06-07 21:00:00,41.63,41.64,41.24,41.57,3866.080704
2026-06-07 22:00:00,41.58,43.43,41.53,42.75,14056.291327
2026-06-07 23:00:00,42.74,43.15,42.66,42.82,19762.192048
2026-06-08 00:00:00,42.82,43.15,42.69,43.01,8735.717194
2026-06-08 01:00:00,43.02,43.05,42.05,42.38,6703.109977
2026-06-08 02:00:00,42.38,42.58,42.29,42.42,12384.705022
2026-06-08 03:00:00,42.43,42.72,42.36,42.52,3214.055434
2026-06-08 04:00:00,42.53,42.59,42.12,42.16,1863.286956
2026-06-08 05:00:00,42.18,42.37,42.1,42.36,1779.548501
2026-06-08 06:00:00,42.37,42.76,42.36,42.59,3134.972258
2026-06-08 07:00:00,42.58,42.9,42.47,42.83,3812.117621
2026-06-08 08:00:00,42.85,42.85,42.44,42.55,14404.168985
2026-06-08 09:00:00,42.56,43.06,42.52,43.03,7264.768603
2026-06-08 10:00:00,43.03,43.12,42.84,42.9,4394.991137
2026-06-08 11:00:00,42.89,43.3,42.73,43.16,4917.929805
2026-06-08 12:00:00,43.15,43.42,42.8,43.34,4831.972421
2026-06-08 13:00:00,43.36,43.42,42.93,42.95,5069.927343
2026-06-08 14:00:00,42.97,43.32,42.88,43.25,5662.159848
2026-06-08 15:00:00,43.28,43.53,43.08,43.15,4039.859774
2026-06-08 16:00:00,43.13,43.39,43.01,43.03,2915.844599
2026-06-08 17:00:00,43.04,43.34,42.9,43.34,4463.675751
2026-06-08 18:00:00,43.34,43.45,43.28,43.33,10147.653531
2026-06-08 19:00:00,43.34,43.57,43.3,43.4,3618.498464
2026-06-08 20:00:00,43.4,43.44,43.12,43.35,3301.462414
2026-06-08 21:00:00,43.36,43.82,43.35,43.6,7197.518484
2026-06-08 22:00:00,43.59,43.59,43.26,43.39,2456.751958
2026-06-08 23:00:00,43.4,43.46,43.01,43.04,6691.882349
2026-06-09 00:00:00,43.03,43.15,42.22,42.35,17503.915988
2026-06-09 01:00:00,42.34,42.56,42.31,42.51,2913.762803
2026-06-09 02:00:00,42.51,42.63,42.28,42.62,2262.632052
2026-06-09 03:00:00,42.62,42.67,42.42,42.52,2572.351828
2026-06-09 04:00:00,42.51,43.02,42.45,42.86,3647.808993
2026-06-09 05:00:00,42.85,43.08,42.75,42.92,1723.41369
2026-06-09 06:00:00,42.93,43.05,42.86,42.92,1020.956961
2026-06-09 07:00:00,42.94,43.04,42.71,42.89,1547.172463
2026-06-09 08:00:00,42.9,42.92,42.62,42.72,3356.71657
2026-06-09 09:00:00,42.73,42.82,42.43,42.44,3243.088629
2026-06-09 10:00:00,42.46,42.57,42.35,42.48,2367.913089
2026-06-09 11:00:00,42.48,42.53,42.27,42.49,1757.997584
2026-06-09 12:00:00,42.5,42.73,42.5,42.7,2972.153815
2026-06-09 13:00:00,42.7,42.82,42.41,42.65,3464.689614
2026-06-09 14:00:00,42.65,42.75,42.05,42.39,21653.351814
2026-06-09 15:00:00,42.39,42.58,41.91,41.98,18295.662126
2026-06-09 16:00:00,41.97,42.38,41.82,42.29,5613.252248
2026-06-09 17:00:00,42.3,42.96,42.28,42.76,3097.495485
2026-06-09 18:00:00,42.78,43.25,42.71,43.1,2284.170906
2026-06-09 19:00:00,43.08,43.5,43.03,43.41,3988.30508
2026-06-09 20:00:00,43.41,43.5,43.27,43.45,4364.333897
2026-06-09 21:00:00,43.46,43.52,43.19,43.25,1780.684631
2026-06-09 22:00:00,43.26,43.28,42.98,42.99,3385.011553
2026-06-09 23:00:00,42.99,43.1,42.89,43.02,2357.836129
2026-06-10 00:00:00,43.04,43.21,42.81,43.19,2472.473047
2026-06-10 01:00:00,43.18,43.23,42.89,42.89,1566.935837
2026-06-10 02:00:00,42.88,42.97,42.43,42.58,2109.345628
2026-06-10 03:00:00,42.57,42.72,42.48,42.67,1335.06964
2026-06-10 04:00:00,42.68,42.78,42.35,42.39,1448.744786
2026-06-10 05:00:00,42.41,42.55,42.29,42.5,1434.700272
2026-06-10 06:00:00,42.5,42.56,42.29,42.41,2088.924878
2026-06-10 07:00:00,42.4,42.72,42.37,42.57,4969.191266
2026-06-10 08:00:00,42.57,42.58,42.23,42.32,1486.477365
2026-06-10 09:00:00,42.35,42.43,42.05,42.29,6721.985538
2026-06-10 10:00:00,42.25,42.32,42.06,42.21,2513.13906
2026-06-10 11:00:00,42.21,42.24,41.87,42.11,4403.492802
2026-06-10 12:00:00,42.11,42.78,41.99,42.55,7475.378067
2026-06-10 13:00:00,42.55,43.09,42.5,42.77,4749.750102
2026-06-10 14:00:00,42.76,42.9,42.39,42.56,2928.024506
2026-06-10 15:00:00,42.56,42.96,42.35,42.84,8060.904117
2026-06-10 16:00:00,42.85,42.85,42.29,42.42,2327.388871
2026-06-10 17:00:00,42.41,42.51,41.76,41.96,8303.869864
2026-06-10 18:00:00,41.96,42.05,41.69,41.97,5172.559791
2026-06-10 19:00:00,41.98,41.99,41.54,41.66,3181.321505
2026-06-10 20:00:00,41.63,41.81,41.48,41.69,1141.755786
2026-06-10 21:00:00,41.68,41.69,41.26,41.41,2069.878114
2026-06-10 22:00:00,41.4,41.75,41.3,41.52,5443.35415
2026-06-10 23:00:00,41.53,41.8,41.38,41.74,1249.885161
2026-06-11 00:00:00,41.75,42.0,41.73,41.9,1677.737851
2026-06-11 01:00:00,41.9,42.37,41.9,42.3,1974.741131
2026-06-11 02:00:00,42.3,42.34,42.05,42.26,1120.278801
2026-06-11 03:00:00,42.27,42.91,42.12,42.79,5982.102197
2026-06-11 04:00:00,42.79,42.86,42.64,42.77,4015.287864
2026-06-11 05:00:00,42.78,42.78,42.6,42.6,2047.767941
2026-06-11 06:00:00,42.59,42.78,42.47,42.56,1419.066405
2026-06-11 07:00:00,42.54,42.63,42.46,42.54,887.90305
2026-06-11 08:00:00,42.54,42.81,42.54,42.68,1652.067083
2026-06-11 09:00:00,42.68,42.68,42.45,42.53,8582.996096
2026-06-11 10:00:00,42.53,42.65,42.44,42.63,1640.036068
2026-06-11 11:00:00,42.62,42.76,42.52,42.63,2577.809572
2026-06-11 12:00:00,42.64,42.65,42.3,42.54,4590.802768
2026-06-11 13:00:00,42.53,42.71,42.38,42.55,3499.495135
2026-06-11 14:00:00,42.55,42.61,42.32,42.38,2238.178261
2026-06-11 15:00:00,42.36,42.45,41.92,42.11,10231.835345
2026-06-11 16:00:00,42.12,42.35,42.02,42.14,2817.280555
2026-06-11 17:00:00,42.13,42.94,41.99,42.81,8612.673517
2026-06-11 18:00:00,42.8,42.91,42.52,42.66,3147.116517
2026-06-11 19:00:00,42.62,42.84,42.51,42.62,2321.287401
2026-06-11 20:00:00,42.63,42.67,42.37,42.45,1184.35586
2026-06-11 21:00:00,42.43,42.73,42.41,42.62,1366.689309
2026-06-11 22:00:00,42.62,42.8,42.57,42.65,2033.920994
2026-06-11 23:00:00,42.64,42.76,42.44,42.47,1738.53335
2026-06-12 00:00:00,42.47,42.72,42.44,42.51,1721.913059
2026-06-12 01:00:00,42.5,42.61,42.4,42.56,1153.386067
2026-06-12 02:00:00,42.58,42.75,42.53,42.57,1201.144981
2026-06-12 03:00:00,42.57,42.69,42.43,42.67,3057.837056
2026-06-12 04:00:00,42.67,42.79,42.61,42.73,1558.63803
2026-06-12 05:00:00,42.72,42.73,42.53,42.57,1932.062881
2026-06-12 06:00:00,42.57,42.62,42.17,42.35,2001.800339
2026-06-12 07:00:00,42.34,42.64,42.34,42.6,988.834088
2026-06-12 08:00:00,42.58,42.85,42.58,42.82,3392.96889
2026-06-12 09:00:00,42.83,43.19,42.8,43.12,5975.525344
2026-06-12 10:00:00,43.1,43.16,42.89,42.98,1781.640073
2026-06-12 11:00:00,42.98,43.14,42.95,43.02,2609.454065
2026-06-12 12:00:00,43.01,43.08,42.82,43.08,6601.71905
2026-06-12 13:00:00,43.07,43.09,42.7,42.82,6080.960937
2026-06-12 14:00:00,42.83,43.46,42.76,43.37,3983.253105
2026-06-12 15:00:00,43.4,43.53,42.79,42.84,21043.766924
2026-06-12 16:00:00,42.85,43.23,42.73,43.23,2922.777814
2026-06-12 17:00:00,43.24,43.25,42.99,43.02,2611.2772
2026-06-12 18:00:00,43.03,43.09,42.83,42.96,1820.124602
2026-06-12 19:00:00,42.93,43.21,42.92,42.98,1023.01892
2026-06-12 20:00:00,42.99,43.07,42.86,42.91,1067.286774
2026-06-12 21:00:00,42.91,43.09,42.86,42.93,1630.124812
2026-06-12 22:00:00,42.93,43.06,42.91,42.99,4281.500742
2026-06-12 23:00:00,42.99,43.09,42.89,43.08,1240.663985
2026-06-13 00:00:00,43.08,43.38,42.96,43.3,2881.312524
2026-06-13 01:00:00,43.32,43.56,43.31,43.46,2075.178644
2026-06-13 02:00:00,43.47,43.48,43.2,43.28,883.731985
2026-06-13 03:00:00,43.26,43.41,43.17,43.38,1308.664429
2026-06-13 04:00:00,43.38,43.41,43.22,43.25,1279.576678
2026-06-13 05:00:00,43.25,43.3,43.06,43.18,3484.38021
2026-06-13 06:00:00,43.19,43.36,43.15,43.34,1125.591524
2026-06-13 07:00:00,43.35,43.55,43.25,43.49,2418.188325
2026-06-13 08:00:00,43.51,43.85,43.43,43.67,2492.660402
2026-06-13 09:00:00,43.66,43.76,43.59,43.59,4003.055881
2026-06-13 10:00:00,43.6,43.77,43.59,43.77,905.898261
2026-06-13 11:00:00,43.77,43.92,43.76,43.76,2224.693596
2026-06-13 12:00:00,43.76,44.0,43.76,43.95,2921.975291
2026-06-13 13:00:00,43.97,44.04,43.85,43.9,2106.281161
2026-06-13 14:00:00,43.9,43.96,43.81,43.89,1043.568441
2026-06-13 15:00:00,43.9,44.12,43.88,44.06,1621.897459
2026-06-13 16:00:00,44.06,44.08,43.69,43.84,1743.565495
2026-06-13 17:00:00,43.84,43.87,43.57,43.64,1046.060282
2026-06-13 18:00:00,43.62,43.79,43.62,43.7,730.986643
2026-06-13 19:00:00,43.7,43.87,43.66,43.8,1196.531912
2026-06-13 20:00:00,43.8,43.93,43.73,43.9,1196.781276
2026-06-13 21:00:00,43.92,44.4,43.9,44.23,1979.325648
2026-06-13 22:00:00,44.25,44.35,44.16,44.34,1325.929262
2026-06-13 23:00:00,44.34,44.4,44.25,44.34,4264.309328
2026-06-14 00:00:00,44.35,44.54,44.29,44.44,6008.478252
2026-06-14 01:00:00,44.45,44.68,44.35,44.41,6365.016786
2026-06-14 02:00:00,44.41,44.52,44.26,44.38,2906.393684
2026-06-14 03:00:00,44.37,44.5,44.27,44.45,2700.078028
2026-06-14 04:00:00,44.47,44.48,44.11,44.16,3882.07986
2026-06-14 05:00:00,44.17,44.2,43.98,44.15,2300.22273
2026-06-14 06:00:00,44.15,44.28,44.12,44.14,1298.45722
2026-06-14 07:00:00,44.15,44.15,43.9,44.06,3269.689259
2026-06-14 08:00:00,44.08,44.19,44.02,44.16,1672.426709
2026-06-14 09:00:00,44.16,44.3,44.03,44.25,2624.557667
2026-06-14 10:00:00,44.24,44.32,44.05,44.07,2636.795269
2026-06-14 11:00:00,44.08,44.17,43.99,44.07,2505.360831
2026-06-14 12:00:00,44.09,44.11,43.88,43.99,1473.739688
2026-06-14 13:00:00,43.99,44.01,43.81,43.97,1087.90848
2026-06-14 14:00:00,43.98,44.07,43.71,43.94,1585.068497
2026-06-14 15:00:00,43.95,44.09,43.94,44.04,1215.315763
2026-06-14 16:00:00,44.04,44.26,44.03,44.07,1064.852978
2026-06-14 17:00:00,44.07,44.21,43.91,43.95,909.298012
2026-06-14 18:00:00,43.96,44.07,43.92,44.06,8198.250592
2026-06-14 19:00:00,44.07,44.25,44.05,44.2,1194.623891
2026-06-14 20:00:00,44.21,44.47,44.18,44.43,1559.857846
2026-06-14 21:00:00,44.45,45.02,44.36,44.87,6575.174634
2026-06-14 22:00:00,44.87,45.15,44.77,45.14,11912.42857
2026-06-14 23:00:00,45.14,45.43,45.11,45.4,3048.362474
2026-06-15 00:00:00,45.39,45.46,45.08,45.25,3612.606737
2026-06-15 01:00:00,45.26,45.32,45.01,45.12,1493.361055
2026-06-15 02:00:00,45.13,45.39,45.06,45.26,1144.3335
2026-06-15 03:00:00,45.28,45.39,45.22,45.32,646.964832
2026-06-15 04:00:00,45.3,45.33,45.1,45.11,925.824684
2026-06-15 05:00:00,45.11,45.56,45.06,45.53,3410.552385
2026-06-15 06:00:00,45.52,45.54,45.27,45.31,2417.777958
2026-06-15 07:00:00,45.31,45.31,45.08,45.09,3925.293489
2026-06-15 08:00:00,45.09,45.27,45.06,45.16,1487.191434
2026-06-15 09:00:00,45.16,45.22,44.78,44.94,3987.043132
2026-06-15 10:00:00,44.93,46.15,44.89,45.68,18239.189184
2026-06-15 11:00:00,45.68,46.05,45.42,45.8,13962.867112
2026-06-15 12:00:00,45.8,45.99,45.62,45.88,7996.733405
2026-06-15 13:00:00,45.88,46.3,45.84,46.11,14217.080475
2026-06-15 14:00:00,46.1,46.1,45.74,45.81,9122.247501
2026-06-15 15:00:00,45.8,46.15,45.37,46.08,10866.40327
2026-06-15 16:00:00,46.09,46.26,45.97,46.14,6305.102186
2026-06-15 17:00:00,46.12,46.12,45.68,45.98,5302.044132
2026-06-15 18:00:00,45.98,46.0,45.73,45.79,3489.842639
2026-06-15 19:00:00,45.76,45.87,45.41,45.63,2339.681604
2026-06-15 20:00:00,45.64,45.79,45.57,45.66,1780.806474
2026-06-15 21:00:00,45.66,45.85,45.62,45.75,1129.447069
2026-06-15 22:00:00,45.74,45.85,45.46,45.65,1191.867495
2026-06-15 23:00:00,45.67,45.87,45.6,45.76,1270.943434
2026-06-16 00:00:00,45.76,45.89,45.61,45.65,2234.316262
2026-06-16 01:00:00,45.67,45.98,45.64,45.8,2363.372002
2026-06-16 02:00:00,45.81,45.89,45.29,45.53,3354.092267
2026-06-16 03:00:00,45.53,45.93,45.47,45.85,3354.743846
2026-06-16 04:00:00,45.86,45.87,45.39,45.47,3077.967725
2026-06-16 05:00:00,45.48,45.65,45.48,45.54,2184.08658
2026-06-16 06:00:00,45.56,45.69,45.46,45.63,3894.87848
2026-06-16 07:00:00,45.64,45.86,45.5,45.8,3050.49042
2026-06-16 08:00:00,45.81,46.32,45.77,46.27,6039.435693
2026-06-16 09:00:00,46.27,46.35,45.55,45.57,15344.782258
2026-06-16 10:00:00,45.58,45.7,45.51,45.54,6299.88841
2026-06-16 11:00:00,45.54,45.66,45.37,45.55,6257.217864
2026-06-16 12:00:00,45.54,45.7,45.47,45.59,43503.280168
2026-06-16 13:00:00,45.58,45.61,45.09,45.1,8294.918323
2026-06-16 14:00:00,45.1,45.23,44.5,44.79,10587.275114
2026-06-16 15:00:00,44.81,45.02,44.72,44.92,3289.218453
2026-06-16 16:00:00,44.93,45.1,44.88,44.98,1927.815908
2026-06-16 17:00:00,45.0,45.51,44.98,45.47,1987.890765
2026-06-16 18:00:00,45.46,45.8,45.43,45.65,4786.187869
2026-06-16 19:00:00,45.65,45.65,45.25,45.46,2649.575027
2026-06-16 20:00:00,45.47,45.75,45.38,45.7,1609.516377
2026-06-16 21:00:00,45.71,45.87,45.65,45.82,3766.930147
2026-06-16 22:00:00,45.81,46.06,45.73,45.9,2673.00866
2026-06-16 23:00:00,45.89,45.97,45.63,45.7,1741.66293
2026-06-17 00:00:00,45.7,45.97,45.65,45.68,1368.084488
2026-06-17 01:00:00,45.69,45.84,45.41,45.79,2925.784236
2026-06-17 02:00:00,45.78,45.98,45.65,45.74,1126.450942
2026-06-17 03:00:00,45.76,45.77,45.55,45.68,533.925994
2026-06-17 04:00:00,45.69,45.91,45.57,45.73,1997.222273
2026-06-17 05:00:00,45.73,45.79,45.56,45.65,2721.987688
2026-06-17 06:00:00,45.65,45.77,45.46,45.58,3173.374044
2026-06-17 07:00:00,45.59,45.75,45.42,45.56,5643.133945
2026-06-17 08:00:00,45.55,45.6,45.24,45.35,2759.028501
2026-06-17 09:00:00,45.37,45.44,45.21,45.35,1820.631139
2026-06-17 10:00:00,45.35,45.38,45.12,45.14,1421.7179
2026-06-17 11:00:00,45.15,45.18,44.91,45.09,2577.694439
2026-06-17 12:00:00,45.09,45.35,44.91,45.35,8876.25683
2026-06-17 13:00:00,45.33,45.46,45.04,45.25,1899.481197
2026-06-17 14:00:00,45.24,45.41,44.92,45.14,2445.201429
2026-06-17 15:00:00,45.15,45.72,45.11,45.69,2810.918133
2026-06-17 16:00:00,45.7,45.91,45.55,45.58,6559.403001
2026-06-17 17:00:00,45.58,45.79,45.43,45.78,2449.972739
2026-06-17 18:00:00,45.79,45.82,44.96,45.57,14218.540526
2026-06-17 19:00:00,45.58,45.66,44.59,44.82,21515.977924
2026-06-17 20:00:00,44.81,45.07,44.71,45.05,2257.624845
2026-06-17 21:00:00,45.05,45.06,44.73,44.77,1348.737169
2026-06-17 22:00:00,44.77,44.93,44.4,44.83,4348.727632
2026-06-17 23:00:00,44.84,45.04,44.68,44.93,2533.418981
2026-06-18 00:00:00,44.94,44.95,44.76,44.8,1714.715113
2026-06-18 01:00:00,44.8,45.02,44.78,44.94,553.991595
2026-06-18 02:00:00,44.94,45.05,44.85,44.9,945.835261
2026-06-18 03:00:00,44.89,44.91,44.43,44.5,3254.814878
2026-06-18 04:00:00,44.5,44.51,44.17,44.27,4818.288075
2026-06-18 05:00:00,44.26,44.34,44.08,44.33,1999.997494
2026-06-18 06:00:00,44.32,44.48,44.2,44.45,2754.966989
2026-06-18 07:00:00,44.44,44.61,44.32,44.52,2397.690608
2026-06-18 08:00:00,44.53,44.59,44.44,44.47,3670.904128
2026-06-18 09:00:00,44.47,44.49,44.26,44.31,6244.314649
2026-06-18 10:00:00,44.31,44.31,44.11,44.18,3590.363309
2026-06-18 11:00:00,44.18,44.22,43.96,44.02,2534.688517
2026-06-18 12:00:00,44.03,44.19,43.98,44.12,1226.51817
2026-06-18 13:00:00,44.13,44.25,43.84,44.02,5016.005525
2026-06-18 14:00:00,44.04,44.28,43.88,44.0,1615.373767
2026-06-18 15:00:00,44.0,44.0,43.0,43.09,7964.136175
2026-06-18 16:00:00,43.08,43.42,43.06,43.37,3628.923061
2026-06-18 17:00:00,43.38,43.39,43.07,43.25,2325.061787
2026-06-18 18:00:00,43.26,43.46,43.19,43.27,1723.857776
2026-06-18 19:00:00,43.27,43.59,43.15,43.52,6727.951681
2026-06-18 20:00:00,43.53,43.74,43.53,43.71,1019.107127
2026-06-18 21:00:00,43.71,43.75,43.58,43.75,636.046375
2026-06-18 22:00:00,43.74,43.83,43.63,43.83,1970.195886
2026-06-18 23:00:00,43.82,43.88,43.71,43.86,898.861938
2026-06-19 00:00:00,43.86,43.95,43.79,43.85,1953.49319
2026-06-19 01:00:00,43.86,44.0,43.75,43.98,2383.103963
2026-06-19 02:00:00,43.98,44.05,43.82,43.84,2855.153682
2026-06-19 03:00:00,43.86,43.92,43.41,43.59,2557.19082
2026-06-19 04:00:00,43.58,43.68,43.2,43.26,1953.134931
2026-06-19 05:00:00,43.28,43.57,43.28,43.52,1203.913149
2026-06-19 06:00:00,43.51,43.6,43.42,43.57,1017.121793
2026-06-19 07:00:00,43.56,43.59,43.28,43.45,2061.821184
2026-06-19 08:00:00,43.46,43.56,43.35,43.5,1154.752327
2026-06-19 09:00:00,43.5,43.52,43.26,43.41,2179.480084
2026-06-19 10:00:00,43.43,43.5,43.33,43.46,1022.422002
2026-06-19 11:00:00,43.46,43.61,43.37,43.49,1116.064107
2026-06-19 12:00:00,43.5,43.76,43.34,43.76,1666.221205
2026-06-19 13:00:00,43.76,44.09,43.64,44.05,12416.107169
2026-06-19 14:00:00,44.04,44.23,43.95,44.11,2340.788068
2026-06-19 15:00:00,44.12,44.47,44.07,44.45,3562.462563
2026-06-19 16:00:00,44.45,44.6,44.24,44.3,3278.957234
2026-06-19 17:00:00,44.3,44.44,44.12,44.14,26197.189023
2026-06-19 18:00:00,44.15,44.2,44.02,44.18,2645.969364
2026-06-19 19:00:00,44.19,44.22,43.87,43.93,3018.331086
2026-06-19 20:00:00,43.94,44.1,43.85,44.09,2862.738484
2026-06-19 21:00:00,44.09,44.15,43.8,43.8,1926.252654
2026-06-19 22:00:00,43.8,43.89,43.73,43.83,2146.660357
2026-06-19 23:00:00,43.84,44.18,43.78,44.07,2056.844391
2026-06-20 00:00:00,44.06,44.16,43.92,43.92,1061.620609
2026-06-20 01:00:00,43.93,44.05,43.88,43.98,730.60931
2026-06-20 02:00:00,43.95,43.96,43.82,43.89,640.086969
2026-06-20 03:00:00,43.89,43.98,43.86,43.92,1151.332834
2026-06-20 04:00:00,43.93,44.04,43.87,43.99,1024.657993
2026-06-20 05:00:00,44.0,44.33,43.99,44.19,1469.59913
2026-06-20 06:00:00,44.21,44.39,44.17,44.38,7318.004512
2026-06-20 07:00:00,44.38,44.39,44.12,44.13,2362.259719
2026-06-20 08:00:00,44.15,44.17,44.05,44.14,1033.854112
2026-06-20 09:00:00,44.14,44.32,44.14,44.3,670.529447
2026-06-20 10:00:00,44.31,44.33,44.17,44.3,962.034779
2026-06-20 11:00:00,44.3,44.33,44.15,44.26,2011.416143
2026-06-20 12:00:00,44.27,44.33,44.21,44.3,952.79961
2026-06-20 13:00:00,44.3,44.3,44.01,44.1,1233.563625
2026-06-20 14:00:00,44.08,44.37,43.79,44.18,2950.649749
2026-06-20 15:00:00,44.19,44.44,44.11,44.32,2184.9867
2026-06-20 16:00:00,44.33,44.41,44.16,44.33,2178.338302
2026-06-20 17:00:00,44.33,44.33,43.91,44.02,5795.724008
2026-06-20 18:00:00,44.02,44.2,44.02,44.11,629.425452
2026-06-20 19:00:00,44.1,44.27,44.08,44.14,892.470605
2026-06-20 20:00:00,44.14,44.2,44.06,44.17,564.474667
2026-06-20 21:00:00,44.18,44.39,44.17,44.36,806.846132
2026-06-20 22:00:00,44.35,44.63,44.29,44.54,3407.684111
2026-06-20 23:00:00,44.52,44.63,44.44,44.54,7090.425336
2026-06-21 00:00:00,44.55,44.6,44.46,44.57,682.902506
2026-06-21 01:00:00,44.58,44.62,44.44,44.6,961.572255
2026-06-21 02:00:00,44.6,44.61,44.48,44.54,1915.520762
2026-06-21 03:00:00,44.55,44.62,44.48,44.52,2428.261998
2026-06-21 04:00:00,44.51,44.76,44.48,44.5,950.393798
2026-06-21 05:00:00,44.5,44.54,44.43,44.5,2773.735578
2026-06-21 06:00:00,44.5,44.84,44.48,44.75,4106.00341
2026-06-21 07:00:00,44.75,44.91,44.67,44.83,1800.031092
2026-06-21 08:00:00,44.84,44.92,44.67,44.82,2083.50645
2026-06-21 09:00:00,44.83,44.97,44.78,44.97,2591.076671
2026-06-21 10:00:00,44.98,45.37,44.96,45.1,2696.151835
2026-06-21 11:00:00,45.1,45.19,44.89,45.0,2898.908976
2026-06-21 12:00:00,45.02,45.13,44.9,45.11,2976.419553
2026-06-21 13:00:00,45.11,45.18,44.97,45.11,1889.66257
2026-06-21 14:00:00,45.12,45.36,45.07,45.36,2832.299076
2026-06-21 15:00:00,45.37,46.07,45.33,45.92,13055.368479
2026-06-21 16:00:00,45.92,45.94,45.27,45.35,5143.908926
2026-06-21 17:00:00,45.35,45.47,45.14,45.18,2654.342972
2026-06-21 18:00:00,45.19,45.22,45.0,45.13,3165.355218
2026-06-21 19:00:00,45.11,45.41,45.11,45.29,4616.433618
2026-06-21 20:00:00,45.28,45.29,44.96,45.06,1299.721461
2026-06-21 21:00:00,45.06,45.07,44.62,44.92,1953.744875
2026-06-21 22:00:00,44.92,44.99,44.66,44.8,757.764962
2026-06-21 23:00:00,44.79,44.79,44.38,44.48,11053.912201
2026-06-22 00:00:00,44.48,44.98,44.48,44.91,3273.263848
2026-06-22 01:00:00,44.92,45.6,44.84,45.22,4821.30182
2026-06-22 02:00:00,45.23,45.24,45.03,45.04,1250.481339
2026-06-22 03:00:00,45.03,45.06,44.86,44.92,1220.006915
2026-06-22 04:00:00,44.94,45.01,44.89,44.95,535.71696
2026-06-22 05:00:00,44.94,45.13,44.9,44.98,737.699384
2026-06-22 06:00:00,44.98,45.02,44.82,44.85,1179.476587
2026-06-22 07:00:00,44.86,45.16,44.84,45.0,697.078057
2026-06-22 08:00:00,45.0,45.1,44.85,44.88,1836.519304
2026-06-22 09:00:00,44.89,44.93,44.69,44.85,4434.073669
2026-06-22 10:00:00,44.86,44.9,44.74,44.79,1530.099825
2026-06-22 11:00:00,44.8,45.3,44.77,45.25,2687.108648
2026-06-22 12:00:00,45.27,45.59,45.21,45.54,4125.019867
2026-06-22 13:00:00,45.55,45.84,45.38,45.69,5307.956013
2026-06-22 14:00:00,45.71,45.73,45.09,45.19,5130.275244
2026-06-22 15:00:00,45.21,45.46,45.1,45.15,2990.304942
2026-06-22 16:00:00,45.14,45.16,44.92,45.08,6092.343201
2026-06-22 17:00:00,45.09,45.1,44.78,44.94,3815.183276
2026-06-22 18:00:00,44.93,45.01,44.66,44.73,1534.421818
2026-06-22 19:00:00,44.73,44.75,44.5,44.65,1459.995507
2026-06-22 20:00:00,44.65,44.75,44.52,44.56,2213.990497
2026-06-22 21:00:00,44.57,44.69,44.47,44.68,773.471872
2026-06-22 22:00:00,44.69,44.73,44.3,44.54,7936.107258
2026-06-22 23:00:00,44.54,44.7,44.48,44.56,1049.063179
2026-06-23 00:00:00,44.57,44.62,44.4,44.59,2129.812037
2026-06-23 01:00:00,44.59,44.68,44.34,44.58,487.471078
2026-06-23 02:00:00,44.57,44.64,44.42,44.59,378.484964
2026-06-23 03:00:00,44.59,44.61,44.47,44.6,672.781532
2026-06-23 04:00:00,44.61,44.64,44.4,44.43,1441.408546
2026-06-23 05:00:00,44.44,44.49,44.19,44.36,5277.215047
2026-06-23 06:00:00,44.37,44.39,43.76,43.94,4682.836383
2026-06-23 07:00:00,43.95,44.08,43.8,43.8,1100.914459
2026-06-23 08:00:00,43.81,43.83,43.11,43.32,6289.108017
2026-06-23 09:00:00,43.32,43.53,43.31,43.38,2543.908849
2026-06-23 10:00:00,43.36,43.52,43.34,43.38,3123.982914
2026-06-23 11:00:00,43.38,43.66,43.37,43.48,5727.555772
2026-06-23 12:00:00,43.48,43.51,43.18,43.23,2649.307461
2026-06-23 13:00:00,43.24,43.53,43.16,43.36,5444.702212
2026-06-23 14:00:00,43.37,43.43,42.55,42.61,8289.870058
2026-06-23 15:00:00,42.59,42.59,41.85,41.96,24119.142395
2026-06-23 16:00:00,41.96,42.23,41.88,42.07,15729.954637
2026-06-23 17:00:00,42.07,42.24,41.87,42.09,1713.418207
2026-06-23 18:00:00,42.09,42.15,41.8,42.0,4365.692507
2026-06-23 19:00:00,42.0,42.08,41.83,41.91,5203.140492
2026-06-23 20:00:00,41.91,42.05,41.84,41.88,2001.197286
2026-06-23 21:00:00,41.89,42.02,41.83,41.99,1424.678333
2026-06-23 22:00:00,41.99,42.1,41.92,42.05,1206.408865
2026-06-23 23:00:00,42.04,42.25,41.94,42.18,1481.933127
2026-06-24 00:00:00,42.18,42.33,42.16,42.28,3530.86948
2026-06-24 01:00:00,42.3,42.36,42.16,42.24,2909.087092
2026-06-24 02:00:00,42.26,42.26,41.95,41.99,1518.596809
2026-06-24 03:00:00,42.0,42.06,41.76,41.77,3695.289916
2026-06-24 04:00:00,41.78,41.84,41.5,41.8,3806.941951
2026-06-24 05:00:00,41.79,42.14,41.79,42.07,1715.597196
2026-06-24 06:00:00,42.08,42.18,41.97,42.14,1368.739702
2026-06-24 07:00:00,42.14,42.19,42.0,42.07,2308.796443
2026-06-24 08:00:00,42.07,42.22,41.97,42.18,1422.704332
2026-06-24 09:00:00,42.18,42.18,42.05,42.09,1424.039304
2026-06-24 10:00:00,42.11,42.12,41.88,41.89,2209.479557
2026-06-24 11:00:00,41.88,42.42,41.79,42.23,3281.162871
2026-06-24 12:00:00,42.23,42.29,42.14,42.18,1393.592709
2026-06-24 13:00:00,42.18,42.19,41.35,41.62,5895.613374
2026-06-24 14:00:00,41.59,41.82,41.45,41.69,13642.727021
2026-06-24 15:00:00,41.7,41.7,40.69,40.7,15344.049346
2026-06-24 16:00:00,40.71,41.07,40.09,40.29,19596.433618
2026-06-24 17:00:00,40.3,40.6,39.32,39.47,23928.652531
2026-06-24 18:00:00,39.47,40.17,39.4,39.79,8551.920471
2026-06-24 19:00:00,39.8,40.14,39.66,40.11,8670.339544
2026-06-24 20:00:00,40.1,40.92,40.01,40.77,11089.856182
2026-06-24 21:00:00,40.79,40.97,40.66,40.97,3889.238731
2026-06-24 22:00:00,40.98,41.23,40.95,40.98,4989.517134
2026-06-24 23:00:00,40.98,41.28,40.78,41.18,6182.249309
2026-06-25 00:00:00,41.19,41.28,41.07,41.13,1561.374633
2026-06-25 01:00:00,41.13,41.23,41.1,41.2,1904.712378
2026-06-25 02:00:00,41.2,41.25,41.06,41.25,1474.832816
2026-06-25 03:00:00,41.24,41.34,41.15,41.29,1906.629467
2026-06-25 04:00:00,41.3,41.68,41.2,41.62,2302.543001
2026-06-25 05:00:00,41.63,41.99,41.62,41.91,3673.52655
2026-06-25 06:00:00,41.91,42.0,41.73,41.79,2289.774641
2026-06-25 07:00:00,41.8,41.81,41.55,41.76,3243.229069
2026-06-25 08:00:00,41.75,41.82,41.65,41.76,1293.532428
2026-06-25 09:00:00,41.78,41.9,41.71,41.86,3218.335946
2026-06-25 10:00:00,41.85,41.87,41.52,41.55,6191.764599
2026-06-25 11:00:00,41.54,41.58,41.31,41.37,3341.055873
2026-06-25 12:00:00,41.37,41.46,40.9,41.46,5088.924434
2026-06-25 13:00:00,41.47,41.65,39.29,39.44,21393.267015
2026-06-25 14:00:00,39.45,40.84,39.45,40.35,32027.931954
2026-06-25 15:00:00,40.34,40.49,39.86,40.44,7352.070947
2026-06-25 16:00:00,40.45,40.81,40.28,40.4,3991.20119
2026-06-25 17:00:00,40.4,41.09,40.4,41.02,4853.570748
2026-06-25 18:00:00,41.04,41.1,40.46,40.7,4233.719569
2026-06-25 19:00:00,40.71,40.72,40.47,40.72,2977.243067
2026-06-25 20:00:00,40.73,41.03,40.73,40.79,3514.748692
2026-06-25 21:00:00,40.79,41.23,40.77,41.23,1406.875019
2026-06-25 22:00:00,41.24,41.26,41.01,41.02,936.833426
2026-06-25 23:00:00,41.03,41.21,40.9,40.92,977.015487
2026-06-26 00:00:00,40.94,41.12,40.92,41.02,1589.89331
2026-06-26 01:00:00,41.03,41.08,40.74,40.89,1451.268582
2026-06-26 02:00:00,40.91,40.93,40.03,40.24,4438.423365
2026-06-26 03:00:00,40.25,41.27,40.02,41.2,4978.56699
2026-06-26 04:00:00,41.22,41.35,41.12,41.14,3496.629909
2026-06-26 05:00:00,41.16,41.48,41.11,41.3,2822.819615
2026-06-26 06:00:00,41.29,41.75,41.16,41.72,2879.441656
2026-06-26 07:00:00,41.72,41.97,41.72,41.89,2291.868311
2026-06-26 08:00:00,41.88,41.91,41.42,41.56,4129.63823
2026-06-26 09:00:00,41.56,41.77,41.27,41.3,6556.109638
2026-06-26 10:00:00,41.31,41.42,41.13,41.25,2797.671869
2026-06-26 11:00:00,41.25,41.41,40.78,40.9,5886.881157
2026-06-26 12:00:00,40.91,41.07,40.33,40.52,15288.869386
2026-06-26 13:00:00,40.53,41.37,40.14,41.33,14911.645352
2026-06-26 14:00:00,41.33,41.36,40.9,41.02,14585.026301
2026-06-26 15:00:00,41.03,41.56,41.02,41.36,5843.192461
2026-06-26 16:00:00,41.4,41.91,41.34,41.63,15908.650754
2026-06-26 17:00:00,41.62,41.99,41.62,41.9,4234.826187
2026-06-26 18:00:00,41.91,42.03,41.62,41.67,1500.072846
2026-06-26 19:00:00,41.64,41.94,41.54,41.68,2419.356708
2026-06-26 20:00:00,41.7,42.19,41.7,41.71,9830.343657
2026-06-26 21:00:00,41.71,41.96,41.68,41.86,1853.216973
2026-06-26 22:00:00,41.85,41.98,41.65,41.97,1731.236979
2026-06-26 23:00:00,41.96,42.01,41.85,41.9,1311.089431
2026-06-27 00:00:00,41.92,42.0,41.71,41.9,1522.741294
2026-06-27 01:00:00,41.9,42.1,41.84,42.06,2312.945982
2026-06-27 02:00:00,42.08,42.37,42.01,42.34,1838.253126
2026-06-27 03:00:00,42.33,42.34,42.13,42.28,1518.508234
2026-06-27 04:00:00,42.28,42.46,42.25,42.25,5141.694339
2026-06-27 05:00:00,42.26,42.37,42.21,42.34,1158.409211
2026-06-27 06:00:00,42.33,42.36,42.14,42.21,1578.39595
2026-06-27 07:00:00,42.21,42.51,42.14,42.45,3479.068221
2026-06-27 08:00:00,42.45,42.73,42.35,42.7,7721.685321
2026-06-27 09:00:00,42.7,42.89,42.54,42.64,11846.252879
2026-06-27 10:00:00,42.63,42.73,42.54,42.73,12882.937847
2026-06-27 11:00:00,42.72,42.73,42.35,42.46,8780.855718
2026-06-27 12:00:00,42.48,42.82,42.46,42.79,1983.897424
2026-06-27 13:00:00,42.79,43.08,42.74,43.05,6822.263404
2026-06-27 14:00:00,43.06,43.17,42.84,42.89,3260.150595
2026-06-27 15:00:00,42.9,43.15,42.87,43.12,4840.014442
2026-06-27 16:00:00,43.11,43.29,43.06,43.14,3372.446583
2026-06-27 17:00:00,43.14,43.14,42.7,42.83,3916.197165
2026-06-27 18:00:00,42.85,42.85,42.61,42.74,1818.184775
2026-06-27 19:00:00,42.74,42.84,42.18,42.32,5987.970961
2026-06-27 20:00:00,42.33,42.45,42.31,42.42,667.713349
2026-06-27 21:00:00,42.43,42.58,42.17,42.23,1824.572543
2026-06-27 22:00:00,42.23,42.33,41.88,42.31,1885.872811
2026-06-27 23:00:00,42.33,42.4,42.14,42.17,490.789483
2026-06-28 00:00:00,42.18,42.3,42.13,42.23,1169.292751
2026-06-28 01:00:00,42.23,42.27,42.11,42.19,289.970435
2026-06-28 02:00:00,42.2,42.28,41.91,42.08,2026.542416
2026-06-28 03:00:00,42.1,42.26,42.07,42.26,531.134601
2026-06-28 04:00:00,42.26,42.36,42.17,42.31,467.754767
2026-06-28 05:00:00,42.31,42.35,42.1,42.3,2001.216183
2026-06-28 06:00:00,42.32,42.39,42.09,42.38,1604.437417
2026-06-28 07:00:00,42.37,42.54,42.33,42.53,1766.643585
2026-06-28 08:00:00,42.52,43.06,42.48,42.96,5201.189281
2026-06-28 09:00:00,42.98,43.14,42.72,42.79,3373.716529
2026-06-28 10:00:00,42.77,43.02,42.73,42.85,1386.367673
2026-06-28 11:00:00,42.87,43.33,42.87,43.32,1814.617894
2026-06-28 12:00:00,43.31,43.36,43.04,43.14,1864.799858
2026-06-28 13:00:00,43.14,43.17,42.89,42.98,1984.8023
2026-06-28 14:00:00,42.99,43.27,42.99,43.06,3736.870904
2026-06-28 15:00:00,43.07,43.22,42.81,42.92,3339.283646
2026-06-28 16:00:00,42.93,43.0,42.7,42.9,948.506456
2026-06-28 17:00:00,42.9,42.98,42.59,42.82,2506.919067
2026-06-28 18:00:00,42.81,43.12,42.65,42.65,3323.2068
2026-06-28 19:00:00,42.65,42.69,42.37,42.56,4129.976174
2026-06-28 20:00:00,42.55,42.68,42.46,42.65,1795.987065
2026-06-28 21:00:00,42.65,42.68,42.1,42.15,2808.874812
2026-06-28 22:00:00,42.16,42.64,42.02,42.13,1467.334034
2026-06-28 23:00:00,42.13,42.67,42.11,42.51,3331.564008
2026-06-29 00:00:00,42.52,43.03,42.36,42.91,6290.324463
2026-06-29 01:00:00,42.93,42.99,42.61,42.9,1695.993878
2026-06-29 02:00:00,42.89,43.15,42.47,42.96,4017.367989
2026-06-29 03:00:00,42.97,43.29,42.74,43.25,4696.588138
2026-06-29 04:00:00,43.26,43.28,42.86,42.98,1955.791695
2026-06-29 05:00:00,42.99,43.02,42.72,42.93,2393.990244
2026-06-29 06:00:00,42.95,43.04,42.75,42.79,1281.053994
2026-06-29 07:00:00,42.78,42.9,42.65,42.68,2218.093164
2026-06-29 08:00:00,42.66,42.69,42.29,42.36,4328.658637
2026-06-29 09:00:00,42.34,42.68,42.31,42.48,7216.733035
2026-06-29 10:00:00,42.49,42.59,42.21,42.34,6251.833844
2026-06-29 11:00:00,42.34,42.56,42.2,42.32,3746.75646
2026-06-29 12:00:00,42.31,42.85,42.13,42.51,12879.979603
2026-06-29 13:00:00,42.53,42.82,42.4,42.6,7251.434623
2026-06-29 14:00:00,42.62,42.73,42.26,42.5,10023.085484
2026-06-29 15:00:00,42.49,42.69,42.16,42.51,19516.439174
2026-06-29 16:00:00,42.52,42.73,42.27,42.61,7262.238628
2026-06-29 17:00:00,42.6,43.24,42.55,43.13,13760.648614
2026-06-29 18:00:00,43.12,43.33,43.07,43.3,3513.003147
2026-06-29 19:00:00,43.3,43.41,43.21,43.41,2456.084509
2026-06-29 20:00:00,43.41,43.42,43.25,43.36,1573.57922
2026-06-29 21:00:00,43.37,43.44,43.19,43.37,6799.62077
2026-06-29 22:00:00,43.38,43.39,43.17,43.18,2028.974642
2026-06-29 23:00:00,43.17,43.24,43.05,43.2,2889.093791
2026-06-30 00:00:00,43.2,43.2,42.8,42.82,1581.158812
2026-06-30 01:00:00,42.82,42.86,42.55,42.62,1586.621578
2026-06-30 02:00:00,42.62,42.7,42.47,42.65,2470.078741
2026-06-30 03:00:00,42.65,42.71,42.47,42.51,763.315053
2026-06-30 04:00:00,42.5,42.62,42.4,42.57,8634.58677
2026-06-30 05:00:00,42.6,42.63,42.51,42.62,898.980324
2026-06-30 06:00:00,42.63,42.8,42.57,42.78,1652.840691
2026-06-30 07:00:00,42.78,42.85,42.49,42.59,3759.505412
2026-06-30 08:00:00,42.62,42.62,42.3,42.49,11257.623493
2026-06-30 09:00:00,42.46,42.51,42.3,42.49,4295.654828
2026-06-30 10:00:00,42.51,42.53,42.36,42.36,3877.841878
2026-06-30 11:00:00,42.36,42.54,42.25,42.42,5165.956991
2026-06-30 12:00:00,42.41,42.41,41.92,41.92,8310.386215
2026-06-30 13:00:00,41.96,42.26,41.94,42.2,9932.72256
2026-06-30 14:00:00,42.2,42.53,41.7,41.75,9597.544173
2026-06-30 15:00:00,41.74,41.93,41.59,41.74,14514.821711
2026-06-30 16:00:00,41.72,41.91,41.59,41.85,2389.135228
2026-06-30 17:00:00,41.86,41.96,41.78,41.82,1449.121449
2026-06-30 18:00:00,41.82,41.95,41.68,41.83,1479.967656
2026-06-30 19:00:00,41.82,41.97,41.73,41.85,2084.757359
2026-06-30 20:00:00,41.84,41.85,41.64,41.72,2116.905683
2026-06-30 21:00:00,41.71,41.91,41.62,41.9,3198.215592
2026-06-30 22:00:00,41.91,41.97,41.76,41.84,1003.712143
2026-06-30 23:00:00,41.83,41.98,41.81,41.94,1092.522662
2026-07-01 00:00:00,41.94,41.98,41.79,41.87,1286.020344
2026-07-01 01:00:00,41.88,42.22,41.33,42.15,3188.174841
2026-07-01 02:00:00,42.17,42.63,42.1,42.62,3176.910854
2026-07-01 03:00:00,42.62,42.94,42.58,42.86,2299.185135
2026-07-01 04:00:00,42.85,42.92,42.65,42.85,3245.229856
2026-07-01 05:00:00,42.86,42.93,42.68,42.69,2151.221101
2026-07-01 06:00:00,42.69,42.7,42.28,42.38,3386.270966
2026-07-01 07:00:00,42.4,42.45,42.2,42.21,2290.298472
2026-07-01 08:00:00,42.21,42.29,42.02,42.29,2857.694149
2026-07-01 09:00:00,42.28,42.42,42.16,42.23,2722.621379
2026-07-01 10:00:00,42.22,42.27,41.83,41.9,3049.144809
2026-07-01 11:00:00,41.9,41.99,41.77,41.79,3796.473322
2026-07-01 12:00:00,41.8,41.81,41.13,41.27,5880.172063
2026-07-01 13:00:00,41.27,41.9,41.18,41.88,6530.181645
2026-07-01 14:00:00,41.86,42.27,41.75,42.1,3995.86521
2026-07-01 15:00:00,42.1,42.9,42.1,42.52,6386.447233
2026-07-01 16:00:00,42.52,42.75,42.34,42.38,2293.693785
2026-07-01 17:00:00,42.39,42.6,42.25,42.52,1879.792851
2026-07-01 18:00:00,42.51,42.58,42.34,42.41,2821.859568
2026-07-01 19:00:00,42.42,42.56,42.39,42.47,1916.626541
2026-07-01 20:00:00,42.48,42.59,42.36,42.59,1244.098689
2026-07-01 21:00:00,42.6,43.7,42.6,43.44,9944.077299
2026-07-01 22:00:00,43.43,43.62,42.97,43.0,3725.8593
2026-07-01 23:00:00,42.99,43.0,42.66,42.71,5256.824179
2026-07-02 00:00:00,42.72,42.82,42.42,42.55,5400.269714
2026-07-02 01:00:00,42.56,42.99,42.54,42.82,1759.146462
2026-07-02 02:00:00,42.83,43.0,42.78,42.82,3550.334048
2026-07-02 03:00:00,42.82,43.35,42.69,43.27,10493.465478
2026-07-02 04:00:00,43.27,43.27,43.01,43.15,8358.872511
2026-07-02 05:00:00,43.14,43.18,42.75,42.87,2920.832779
2026-07-02 06:00:00,42.88,42.9,42.62,42.65,4220.029682
2026-07-02 07:00:00,42.64,42.76,42.54,42.71,4858.377214
2026-07-02 08:00:00,42.71,42.96,42.66,42.95,2000.061031
2026-07-02 09:00:00,42.94,43.39,42.8,43.25,6563.432632
2026-07-02 10:00:00,43.24,43.39,43.23,43.28,6543.736112
2026-07-02 11:00:00,43.28,43.45,42.85,43.03,12213.604967
2026-07-02 12:00:00,43.0,43.29,42.92,43.25,6555.248866
2026-07-02 13:00:00,43.26,43.8,43.22,43.62,13534.786804
2026-07-02 14:00:00,43.64,43.92,43.43,43.55,8165.390621
2026-07-02 15:00:00,43.55,43.62,43.33,43.39,2730.718645
2026-07-02 16:00:00,43.42,43.53,43.22,43.42,4987.692732
2026-07-02 17:00:00,43.42,43.59,43.4,43.42,2048.736401
2026-07-02 18:00:00,43.44,43.81,43.42,43.7,2981.163272
2026-07-02 19:00:00,43.7,43.73,43.39,43.43,2829.228922
2026-07-02 20:00:00,43.43,43.55,43.27,43.42,3427.705322
2026-07-02 21:00:00,43.43,43.56,43.35,43.44,2414.000803
2026-07-02 22:00:00,43.42,43.56,43.35,43.5,805.440629
2026-07-02 23:00:00,43.48,43.58,43.41,43.54,520.766694
2026-07-03 00:00:00,43.55,43.58,43.42,43.54,1176.294007
2026-07-03 01:00:00,43.54,43.85,43.51,43.66,1764.053428
2026-07-03 02:00:00,43.67,43.8,43.48,43.56,1303.711241
2026-07-03 03:00:00,43.54,43.56,43.1,43.23,4765.343389
2026-07-03 04:00:00,43.22,43.26,43.15,43.2,2592.912753
2026-07-03 05:00:00,43.19,43.41,43.13,43.3,1955.986492
2026-07-03 06:00:00,43.29,43.39,43.24,43.31,1535.6604
2026-07-03 07:00:00,43.31,43.38,43.24,43.24,632.741915
2026-07-03 08:00:00,43.24,43.48,43.2,43.25,5137.212874
2026-07-03 09:00:00,43.25,43.44,43.21,43.39,2164.257608
2026-07-03 10:00:00,43.36,43.63,43.36,43.57,4224.386023
2026-07-03 11:00:00,43.58,43.68,43.43,43.64,2933.58791
2026-07-03 12:00:00,43.65,43.71,43.49,43.56,1358.676437
2026-07-03 13:00:00,43.57,43.79,43.53,43.71,3664.838213
2026-07-03 14:00:00,43.7,43.71,43.24,43.62,2263.153404
2026-07-03 15:00:00,43.63,43.91,43.52,43.6,4436.636042
2026-07-03 16:00:00,43.62,43.82,43.47,43.77,2462.09289
2026-07-03 17:00:00,43.77,44.1,43.73,44.09,6890.495969
2026-07-03 18:00:00,44.09,44.18,43.93,44.14,3281.766124
2026-07-03 19:00:00,44.14,44.41,44.11,44.29,5108.262129
2026-07-03 20:00:00,44.3,45.33,44.19,45.21,15237.381992
2026-07-03 21:00:00,45.22,45.34,44.87,45.28,4297.182646
2026-07-03 22:00:00,45.29,45.3,44.77,44.92,2324.803628
2026-07-03 23:00:00,44.92,44.92,44.75,44.83,2862.432445
2026-07-04 00:00:00,44.82,44.98,44.64,44.66,2228.921057
2026-07-04 01:00:00,44.65,44.65,44.12,44.26,6051.311041
2026-07-04 02:00:00,44.26,44.38,44.19,44.32,2460.968364
2026-07-04 03:00:00,44.33,44.44,44.11,44.36,5450.77888
2026-07-04 04:00:00,44.36,44.58,44.22,44.54,4220.927186
2026-07-04 05:00:00,44.52,44.55,44.33,44.49,1122.343952
2026-07-04 06:00:00,44.51,44.55,44.05,44.24,4263.849972
2026-07-04 07:00:00,44.22,44.34,43.99,44.26,3058.431462
2026-07-04 08:00:00,44.25,44.52,44.18,44.51,1427.449673
2026-07-04 09:00:00,44.52,44.55,44.21,44.28,2939.480584
2026-07-04 10:00:00,44.28,44.43,44.24,44.34,1052.57543
2026-07-04 11:00:00,44.34,44.41,44.2,44.39,2327.461416
2026-07-04 12:00:00,44.39,44.57,44.39,44.53,1104.580641
2026-07-04 13:00:00,44.54,44.75,44.27,44.35,2441.399838
2026-07-04 14:00:00,44.36,44.81,44.35,44.81,4759.080855
2026-07-04 15:00:00,44.81,45.24,44.81,45.17,8788.300848
2026-07-04 16:00:00,45.18,45.4,45.06,45.36,6427.50196
2026-07-04 17:00:00,45.35,45.71,45.15,45.59,5616.147411
2026-07-04 18:00:00,45.59,45.63,45.28,45.37,1998.548159
2026-07-04 19:00:00,45.36,45.41,45.12,45.18,3633.27314
2026-07-04 20:00:00,45.17,45.21,44.87,45.04,1713.776549
2026-07-04 21:00:00,45.05,45.21,44.99,45.14,2333.699571
2026-07-04 22:00:00,45.11,45.14,44.96,45.05,2260.267779
2026-07-04 23:00:00,45.06,45.08,44.67,44.85,1424.015839
2026-07-05 00:00:00,44.86,44.87,44.28,44.42,4903.432457
2026-07-05 01:00:00,44.43,44.49,44.22,44.39,2422.195014
2026-07-05 02:00:00,44.4,44.4,44.15,44.26,4942.248794
2026-07-05 03:00:00,44.27,44.33,44.18,44.31,2796.197952
2026-07-05 04:00:00,44.31,44.44,44.23,44.27,2016.466712
2026-07-05 05:00:00,44.25,44.29,44.09,44.21,3136.795126
2026-07-05 06:00:00,44.2,44.34,44.12,44.29,3205.504014
2026-07-05 07:00:00,44.3,44.49,44.26,44.43,2384.43691
2026-07-05 08:00:00,44.44,44.5,44.41,44.48,1284.604494
2026-07-05 09:00:00,44.49,44.49,44.03,44.21,8958.186209
2026-07-05 10:00:00,44.21,44.7,44.17,44.67,4792.819184
2026-07-05 11:00:00,44.68,44.78,44.59,44.77,4511.822194
2026-07-05 12:00:00,44.78,44.95,44.69,44.75,11587.317762
2026-07-05 13:00:00,44.73,44.91,44.67,44.91,2328.146597
2026-07-05 14:00:00,44.92,45.22,44.81,45.18,5423.431972
2026-07-05 15:00:00,45.18,45.65,45.09,45.43,6909.457345
2026-07-05 16:00:00,45.45,45.83,45.01,45.1,8516.796401
2026-07-05 17:00:00,45.09,45.48,45.08,45.47,2531.37861
2026-07-05 18:00:00,45.48,46.09,45.41,45.81,10390.495446
2026-07-05 19:00:00,45.8,45.88,45.58,45.67,2913.133206
2026-07-05 20:00:00,45.66,45.76,45.46,45.53,2041.745157
2026-07-05 21:00:00,45.54,45.79,45.32,45.62,5401.028492
2026-07-05 22:00:00,45.61,46.14,45.54,45.93,4795.975076
2026-07-05 23:00:00,45.93,46.12,45.7,45.82,2361.326674
2026-07-06 00:00:00,45.81,46.03,45.54,45.96,3286.710719
2026-07-06 01:00:00,45.97,45.98,45.38,45.48,2911.23502
2026-07-06 02:00:00,45.48,45.53,45.12,45.33,4533.377424
2026-07-06 03:00:00,45.32,45.35,45.0,45.26,6090.681882
2026-07-06 04:00:00,45.26,45.28,45.1,45.16,3648.798114
2026-07-06 05:00:00,45.16,45.2,44.85,44.97,2770.549555
2026-07-06 06:00:00,44.99,45.02,44.73,44.98,4837.479615
2026-07-06 07:00:00,44.98,44.98,44.73,44.89,3333.416296
2026-07-06 08:00:00,44.89,44.99,44.62,44.79,10194.572416
2026-07-06 09:00:00,44.8,44.99,44.46,44.55,14414.546327
2026-07-06 10:00:00,44.54,44.8,44.49,44.76,4366.542653
2026-07-06 11:00:00,44.76,44.79,44.41,44.43,8307.896204
2026-07-06 12:00:00,44.45,44.47,44.06,44.13,13444.999383
2026-07-06 13:00:00,44.13,44.43,43.76,44.27,9997.705496
2026-07-06 14:00:00,44.26,44.44,44.12,44.32,5532.777898
2026-07-06 15:00:00,44.34,45.03,44.34,45.0,4818.597962
2026-07-06 16:00:00,45.01,45.23,44.85,45.17,2845.323588
2026-07-06 17:00:00,45.18,45.3,45.04,45.11,2819.808543
2026-07-06 18:00:00,45.11,45.26,45.03,45.2,2893.43659
2026-07-06 19:00:00,45.19,45.32,45.08,45.18,2237.435521
2026-07-06 20:00:00,45.19,45.19,44.91,45.01,2408.516987
2026-07-06 21:00:00,45.01,45.64,44.98,45.49,6000.244576
2026-07-06 22:00:00,45.5,45.51,45.14,45.19,3706.179678
2026-07-06 23:00:00,45.19,45.23,44.82,44.84,3650.514696
2026-07-07 00:00:00,44.85,44.99,44.72,44.97,2780.960839
2026-07-07 01:00:00,44.96,44.96,44.64,44.7,3953.599453
2026-07-07 02:00:00,44.71,44.73,44.31,44.34,4113.987108
2026-07-07 03:00:00,44.34,44.36,44.05,44.14,3211.021643
2026-07-07 04:00:00,44.11,44.17,43.88,44.01,3327.601506
2026-07-07 05:00:00,44.01,44.15,43.84,44.09,1539.250383
2026-07-07 06:00:00,44.08,44.21,43.98,44.19,2522.667625
2026-07-07 07:00:00,44.19,44.25,44.04,44.04,2254.812266
2026-07-07 08:00:00,44.04,44.1,43.96,44.05,1325.005741
2026-07-07 09:00:00,44.04,44.14,44.0,44.07,1955.580081
2026-07-07 10:00:00,44.08,44.22,43.92,43.92,3315.542813
2026-07-07 11:00:00,43.92,44.19,43.82,44.16,1428.660839
2026-07-07 12:00:00,44.17,44.37,44.02,44.02,4471.43161
2026-07-07 13:00:00,44.03,44.1,43.8,43.88,3176.985974
2026-07-07 14:00:00,43.88,44.33,43.79,44.29,7072.814109
2026-07-07 15:00:00,44.3,44.73,44.13,44.69,8155.11951
2026-07-07 16:00:00,44.69,44.89,44.45,44.73,7649.734006
2026-07-07 17:00:00,44.72,44.77,44.45,44.56,3746.118424
2026-07-07 18:00:00,44.58,44.59,44.06,44.07,4860.892458
2026-07-07 19:00:00,44.06,44.12,43.71,44.01,4518.483118
2026-07-07 20:00:00,44.02,44.13,43.97,44.04,1264.520859
2026-07-07 21:00:00,44.06,44.11,43.8,43.86,6002.269674
2026-07-07 22:00:00,43.84,44.0,43.66,43.98,1220.723131
2026-07-07 23:00:00,43.95,44.08,43.88,43.91,352.94779
2026-07-08 00:00:00,43.92,44.0,43.79,43.9,3372.303254
2026-07-08 01:00:00,43.91,44.02,43.51,43.79,5795.377865
2026-07-08 02:00:00,43.78,43.82,43.5,43.67,4503.850757
2026-07-08 03:00:00,43.65,43.76,43.43,43.47,1821.282207
2026-07-08 04:00:00,43.48,43.75,43.31,43.62,6923.661252
2026-07-08 05:00:00,43.62,43.8,43.57,43.68,2077.314422
2026-07-08 06:00:00,43.68,43.68,43.39,43.57,1531.979405
2026-07-08 07:00:00,43.58,43.95,43.47,43.86,4298.04116
2026-07-08 08:00:00,43.86,44.06,43.32,43.43,13203.258068
2026-07-08 09:00:00,43.42,43.47,43.2,43.35,7899.142031
2026-07-08 10:00:00,43.37,43.43,43.22,43.4,5150.985948
2026-07-08 11:00:00,43.41,43.77,43.36,43.67,3986.603787
2026-07-08 12:00:00,43.7,43.93,43.59,43.64,9948.492693
2026-07-08 13:00:00,43.64,43.83,43.36,43.58,13934.967847
2026-07-08 14:00:00,43.58,43.85,43.51,43.68,7051.091558
2026-07-08 15:00:00,43.67,43.73,43.18,43.35,3450.725746
2026-07-08 16:00:00,43.35,43.65,43.29,43.6,4446.328798
2026-07-08 17:00:00,43.59,43.76,43.45,43.45,1360.49219
2026-07-08 18:00:00,43.46,43.61,43.44,43.56,1591.264957
2026-07-08 19:00:00,43.57,43.59,43.34,43.43,1680.726316
2026-07-08 20:00:00,43.43,43.52,43.33,43.36,1261.524111
2026-07-08 21:00:00,43.37,43.57,43.28,43.48,640.484367
2026-07-08 22:00:00,43.5,43.56,43.45,43.53,672.155919
2026-07-08 23:00:00,43.53,43.68,43.5,43.67,1256.283565
2026-07-09 00:00:00,43.68,43.74,43.6,43.68,1261.161054
2026-07-09 01:00:00,43.68,44.09,43.62,43.65,3025.505064
2026-07-09 02:00:00,43.66,43.89,43.46,43.46,1737.810803
2026-07-09 03:00:00,43.46,43.72,43.44,43.72,638.665582
2026-07-09 04:00:00,43.73,44.02,43.72,44.0,534.301546
2026-07-09 05:00:00,43.98,44.2,43.95,44.19,5240.979627
2026-07-09 06:00:00,44.18,44.3,44.07,44.24,6366.035542
2026-07-09 07:00:00,44.23,44.34,44.03,44.04,1380.165649
2026-07-09 08:00:00,44.04,44.15,43.95,43.95,2231.072214
2026-07-09 09:00:00,43.96,44.0,43.83,43.97,3927.632325
2026-07-09 10:00:00,43.95,43.97,43.74,43.79,967.766679
2026-07-09 11:00:00,43.78,43.89,43.72,43.88,1480.99936
2026-07-09 12:00:00,43.87,44.02,43.8,43.95,3097.742063
2026-07-09 13:00:00,43.95,44.26,43.82,44.2,1212.292065
2026-07-09 14:00:00,44.19,44.24,43.76,43.83,5623.211201
2026-07-09 15:00:00,43.84,44.24,43.83,43.98,3643.064052
2026-07-09 16:00:00,43.98,44.06,43.79,43.9,1003.756911
2026-07-09 17:00:00,43.9,44.08,43.87,44.01,2241.055066
2026-07-09 18:00:00,43.99,44.28,43.97,44.11,2255.639563
2026-07-09 19:00:00,44.12,44.29,43.99,43.99,4038.188346
2026-07-09 20:00:00,43.99,44.07,43.9,43.95,1294.335957
2026-07-09 21:00:00,43.95,44.02,43.9,43.92,2638.429768
2026-07-09 22:00:00,43.93,44.03,43.91,43.94,797.770629
2026-07-09 23:00:00,43.94,44.01,43.68,43.8,5097.335062
2026-07-10 00:00:00,43.8,43.86,43.59,43.68,8682.723849
2026-07-10 01:00:00,43.71,44.38,43.61,44.19,5856.037547
2026-07-10 02:00:00,44.19,44.39,44.16,44.39,4430.42019
2026-07-10 03:00:00,44.39,44.4,44.17,44.37,8542.669496
2026-07-10 04:00:00,44.39,44.43,44.32,44.4,1439.497523
2026-07-10 05:00:00,44.4,44.71,44.4,44.41,12004.291559
2026-07-10 06:00:00,44.42,44.45,44.32,44.33,1865.858258
2026-07-10 07:00:00,44.35,44.42,44.31,44.31,950.383272
2026-07-10 08:00:00,44.31,44.63,44.28,44.51,7021.340818
2026-07-10 09:00:00,44.51,44.56,44.39,44.56,2406.249456
2026-07-10 10:00:00,44.56,44.63,44.42,44.6,6477.391526
2026-07-10 11:00:00,44.6,44.64,44.49,44.58,2097.135815
2026-07-10 12:00:00,44.6,44.69,44.48,44.55,4491.540645
2026-07-10 13:00:00,44.55,44.73,44.5,44.67,3187.273273
2026-07-10 14:00:00,44.66,44.7,44.08,44.41,7351.393414
2026-07-10 15:00:00,44.42,44.8,44.41,44.74,3880.652272
2026-07-10 16:00:00,44.75,44.77,44.57,44.73,3272.93524
2026-07-10 17:00:00,44.72,44.74,44.53,44.54,921.828365
2026-07-10 18:00:00,44.55,44.67,44.38,44.49,2407.089603
2026-07-10 19:00:00,44.48,44.68,44.45,44.63,1465.119075
2026-07-10 20:00:00,44.62,44.68,44.51,44.56,804.458889
2026-07-10 21:00:00,44.56,44.75,44.53,44.67,1035.608606
2026-07-10 22:00:00,44.67,44.79,44.65,44.75,1483.005771
2026-07-10 23:00:00,44.76,44.9,44.73,44.77,2009.43424
2026-07-11 00:00:00,44.78,44.78,44.61,44.78,955.459039
2026-07-11 01:00:00,44.78,44.85,44.7,44.73,736.689265
2026-07-11 02:00:00,44.74,44.74,44.61,44.73,617.328779
2026-07-11 03:00:00,44.73,44.77,44.68,44.75,333.953527
2026-07-11 04:00:00,44.76,44.81,44.7,44.78,628.594058
2026-07-11 05:00:00,44.77,44.95,44.75,44.94,620.241177
2026-07-11 06:00:00,44.94,45.08,44.92,44.96,1898.079977
2026-07-11 07:00:00,44.95,45.05,44.89,45.01,1076.151541
2026-07-11 08:00:00,45.02,45.1,44.97,45.07,915.613161
2026-07-11 09:00:00,45.08,45.16,44.98,44.98,1005.014901
2026-07-11 10:00:00,44.99,45.05,44.89,45.04,1052.838253
2026-07-11 11:00:00,45.04,45.17,45.04,45.13,1473.808831
2026-07-11 12:00:00,45.14,45.19,45.12,45.15,1057.4335
2026-07-11 13:00:00,45.14,45.17,44.94,44.98,1071.777435
2026-07-11 14:00:00,44.98,45.29,44.97,45.18,1714.640122
2026-07-11 15:00:00,45.18,45.32,44.98,45.16,2541.411918
2026-07-11 16:00:00,45.16,45.18,45.05,45.09,927.625198
2026-07-11 17:00:00,45.09,45.2,45.01,45.13,806.769119
2026-07-11 18:00:00,45.12,45.3,45.09,45.26,1279.88139
2026-07-11 19:00:00,45.26,45.45,45.24,45.4,888.539367
2026-07-11 20:00:00,45.41,45.48,45.38,45.43,1140.030355
2026-07-11 21:00:00,45.43,45.54,45.31,45.38,890.548285
2026-07-11 22:00:00,45.36,45.42,45.1,45.17,1022.694377
2026-07-11 23:00:00,45.17,45.18,44.64,44.64,2578.61877
2026-07-12 00:00:00,44.64,44.66,44.33,44.49,8243.360195
2026-07-12 01:00:00,44.49,44.81,44.48,44.77,2170.27553
2026-07-12 02:00:00,44.77,44.77,44.65,44.67,1283.362059
2026-07-12 03:00:00,44.67,44.83,44.67,44.76,1297.681184
2026-07-12 04:00:00,44.78,44.79,44.57,44.6,1180.387856
2026-07-12 05:00:00,44.61,44.67,44.51,44.64,763.417486
2026-07-12 06:00:00,44.64,44.64,44.4,44.5,6084.322525
2026-07-12 07:00:00,44.5,44.59,44.46,44.53,1366.306837
2026-07-12 08:00:00,44.53,44.64,44.5,44.61,771.921376
2026-07-12 09:00:00,44.61,44.62,44.43,44.57,2919.297954
2026-07-12 10:00:00,44.57,44.57,44.48,44.52,706.502821
2026-07-12 11:00:00,44.53,44.73,44.45,44.71,4524.934902
2026-07-12 12:00:00,44.69,44.81,44.64,44.76,5644.56256
2026-07-12 13:00:00,44.77,44.8,44.6,44.62,1196.981195
2026-07-12 14:00:00,44.62,44.87,44.56,44.84,1077.872191
2026-07-12 15:00:00,44.84,44.89,44.77,44.8,2296.810804
2026-07-12 16:00:00,44.81,44.89,44.72,44.81,1604.089041
2026-07-12 17:00:00,44.81,44.82,44.52,44.55,4776.536692
2026-07-12 18:00:00,44.55,44.65,44.52,44.62,1815.091052
2026-07-12 19:00:00,44.62,44.7,44.55,44.66,397.425106
2026-07-12 20:00:00,44.65,44.67,44.51,44.61,979.471354
2026-07-12 21:00:00,44.61,44.69,44.34,44.38,1561.223149
2026-07-12 22:00:00,44.37,44.37,44.06,44.19,8215.59637
2026-07-12 23:00:00,44.18,44.18,43.99,44.02,3045.736248
2026-07-13 00:00:00,44.01,44.54,43.92,44.22,10946.167503
2026-07-13 01:00:00,44.21,44.28,43.9,43.92,3867.137145
2026-07-13 02:00:00,43.92,44.06,43.77,43.88,5375.053521
2026-07-13 03:00:00,43.87,43.87,43.37,43.54,4027.798193
2026-07-13 04:00:00,43.53,43.69,43.48,43.49,879.655916
2026-07-13 05:00:00,43.51,43.84,43.4,43.8,2681.562042
2026-07-13 06:00:00,43.81,43.89,43.74,43.81,623.929341
2026-07-13 07:00:00,43.84,44.01,43.81,43.92,1429.539871
2026-07-13 08:00:00,43.93,44.02,43.87,43.93,1198.521658
2026-07-13 09:00:00,43.94,43.94,43.82,43.88,623.003833
2026-07-13 10:00:00,43.87,43.87,43.68,43.72,1862.62615
2026-07-13 11:00:00,43.74,43.79,43.38,43.39,2883.243694
2026-07-13 12:00:00,43.4,43.45,43.25,43.4,3512.650781
2026-07-13 13:00:00,43.39,43.46,43.23,43.24,7684.806709
2026-07-13 14:00:00,43.25,43.61,43.1,43.59,3771.844911
2026-07-13 15:00:00,43.62,43.68,43.47,43.49,1125.193899
2026-07-13 16:00:00,43.47,43.52,43.27,43.33,1994.10341
2026-07-13 17:00:00,43.34,43.39,43.01,43.01,1998.732023
2026-07-13 18:00:00,43.01,43.2,42.92,43.12,2275.795651
2026-07-13 19:00:00,43.12,43.35,43.07,43.32,1293.666057
2026-07-13 20:00:00,43.32,43.34,43.14,43.27,867.712324
2026-07-13 21:00:00,43.27,43.35,43.09,43.21,1046.520766
2026-07-13 22:00:00,43.19,43.45,43.18,43.31,1627.21171
2026-07-13 23:00:00,43.3,43.55,43.27,43.55,1578.491688
2026-07-14 00:00:00,43.56,43.83,43.49,43.81,1322.53921
2026-07-14 01:00:00,43.82,43.85,43.65,43.68,1694.188613
2026-07-14 02:00:00,43.68,43.72,43.45,43.58,6207.550181
2026-07-14 03:00:00,43.58,43.71,43.38,43.7,2613.046285
2026-07-14 04:00:00,43.7,43.75,43.58,43.7,729.567999
2026-07-14 05:00:00,43.7,43.86,43.69,43.84,3314.456233
2026-07-14 06:00:00,43.83,43.84,43.68,43.74,1356.125833
2026-07-14 07:00:00,43.73,43.74,43.55,43.59,3522.114428
2026-07-14 08:00:00,43.58,43.69,43.54,43.65,775.221577
2026-07-14 09:00:00,43.66,43.77,43.59,43.74,3021.874822
2026-07-14 10:00:00,43.74,43.81,43.61,43.74,1749.208868
2026-07-14 11:00:00,43.74,43.8,43.69,43.69,1840.215317
2026-07-14 12:00:00,43.69,44.62,43.62,44.54,9878.208224
2026-07-14 13:00:00,44.55,44.87,44.46,44.69,13453.618315
2026-07-14 14:00:00,44.69,44.75,44.49,44.7,5782.051237
2026-07-14 15:00:00,44.68,45.0,44.53,44.79,17775.641116
2026-07-14 16:00:00,44.79,44.9,44.62,44.62,3453.120712
2026-07-14 17:00:00,44.61,44.69,44.3,44.66,7099.077952
2026-07-14 18:00:00,44.67,44.76,44.51,44.73,2037.486573
2026-07-14 19:00:00,44.75,45.02,44.75,44.93,2963.731731
2026-07-14 20:00:00,44.98,45.01,44.86,45.01,3522.580073
2026-07-14 21:00:00,44.99,45.09,44.93,45.09,1084.602927
2026-07-14 22:00:00,45.1,45.27,44.96,45.16,2936.673321
2026-07-14 23:00:00,45.17,45.53,45.15,45.41,6530.742934
2026-07-15 00:00:00,45.41,45.52,45.15,45.29,4346.522848
2026-07-15 01:00:00,45.29,45.3,44.95,44.99,1283.280235
2026-07-15 02:00:00,45.0,45.05,44.82,44.83,2954.936238
2026-07-15 03:00:00,44.83,45.06,44.65,44.95,7288.137359
2026-07-15 04:00:00,44.95,44.98,44.63,44.77,3979.082921
2026-07-15 05:00:00,44.78,44.93,44.65,44.93,2209.358517
2026-07-15 06:00:00,44.93,45.2,44.9,45.01,4511.481635
2026-07-15 07:00:00,45.02,45.19,44.85,45.14,2399.359086
2026-07-15 08:00:00,45.15,45.36,45.12,45.3,5965.717647
2026-07-15 09:00:00,45.32,46.11,45.31,45.8,24018.774581
2026-07-15 10:00:00,45.8,46.02,45.46,45.51,16306.275062
2026-07-15 11:00:00,45.51,45.62,45.36,45.41,4807.682342
2026-07-15 12:00:00,45.41,45.7,45.33,45.66,9162.368953
2026-07-15 13:00:00,45.67,45.77,45.34,45.45,9123.371134
2026-07-15 14:00:00,45.48,45.65,45.37,45.6,5039.466488
2026-07-15 15:00:00,45.59,45.93,45.49,45.72,10943.62228
2026-07-15 16:00:00,45.73,45.76,44.88,45.16,24510.883528
2026-07-15 17:00:00,45.16,45.3,45.09,45.25,3831.558949
2026-07-15 18:00:00,45.26,45.36,45.01,45.05,5694.672055
2026-07-15 19:00:00,45.05,45.12,44.91,44.93,3410.372539
2026-07-15 20:00:00,44.94,45.17,44.92,45.1,2389.326164
2026-07-15 21:00:00,45.11,45.24,44.97,45.01,3823.975268
2026-07-15 22:00:00,45.01,45.19,44.96,45.13,2946.250849
2026-07-15 23:00:00,45.11,45.23,45.05,45.16,1167.799252
2026-07-16 00:00:00,45.17,45.31,44.97,45.08,1864.028584
2026-07-16 01:00:00,45.08,45.28,44.97,45.23,1004.637876
2026-07-16 02:00:00,45.23,45.33,45.18,45.32,1281.915928
2026-07-16 03:00:00,45.32,45.33,45.14,45.2,3092.1732
2026-07-16 04:00:00,45.21,45.31,45.19,45.24,1326.673374
2026-07-16 05:00:00,45.25,45.42,45.24,45.29,2440.611992
2026-07-16 06:00:00,45.3,45.39,45.03,45.18,2166.492096
2026-07-16 07:00:00,45.17,45.17,44.79,44.88,4102.398611
2026-07-16 08:00:00,44.88,44.99,44.56,44.76,9830.044299
2026-07-16 09:00:00,44.76,44.82,44.6,44.68,6371.159968
2026-07-16 10:00:00,44.68,44.79,44.63,44.68,2252.578261
2026-07-16 11:00:00,44.68,44.7,44.48,44.57,2988.442627
2026-07-16 12:00:00,44.58,44.58,44.35,44.5,9701.04199
2026-07-16 13:00:00,44.51,44.83,44.51,44.74,5069.05694
2026-07-16 14:00:00,44.73,45.01,44.73,44.97,5400.081648
2026-07-16 15:00:00,44.97,45.34,44.79,45.21,6969.611444
2026-07-16 16:00:00,45.23,45.32,45.09,45.25,3371.464653
2026-07-16 17:00:00,45.25,45.28,44.95,45.1,2810.327662
2026-07-16 18:00:00,45.09,45.29,45.07,45.24,1776.930039
2026-07-16 19:00:00,45.23,45.33,45.13,45.24,1753.161946
2026-07-16 20:00:00,45.24,45.25,45.05,45.08,910.331825
2026-07-16 21:00:00,45.08,45.39,45.07,45.28,2045.914334
2026-07-16 22:00:00,45.3,45.39,45.04,45.04,2084.672137
2026-07-16 23:00:00,45.04,45.06,44.78,44.94,1959.897948
2026-07-17 00:00:00,44.94,45.3,44.86,45.3,1838.374228
2026-07-17 01:00:00,45.3,45.38,44.96,44.97,4055.554108
2026-07-17 02:00:00,44.95,45.06,44.8,45.01,1718.286613
2026-07-17 03:00:00,45.01,45.91,45.0,45.56,16092.903026
2026-07-17 04:00:00,45.55,45.72,45.25,45.52,6673.77278
2026-07-17 05:00:00,45.5,45.63,45.11,45.14,4911.5924
2026-07-17 06:00:00,45.14,45.21,44.84,44.89,5589.966256
2026-07-17 07:00:00,44.9,44.98,44.71,44.75,3878.277077
2026-07-17 08:00:00,44.76,44.77,44.17,44.34,9083.142566
2026-07-17 09:00:00,44.33,44.74,44.32,44.63,8062.823734
2026-07-17 10:00:00,44.62,45.0,44.56,44.56,7155.874621
2026-07-17 11:00:00,44.57,44.6,44.16,44.4,9460.362259
2026-07-17 12:00:00,44.4,44.45,44.25,44.37,3474.289501
2026-07-17 13:00:00,44.36,44.63,44.09,44.61,5253.565694
2026-07-17 14:00:00,44.62,44.85,44.48,44.53,5658.529057
2026-07-17 15:00:00,44.53,44.84,44.36,44.74,4255.340221
2026-07-17 16:00:00,44.75,44.99,44.63,44.87,4730.27595
2026-07-17 17:00:00,44.88,45.1,44.86,44.94,3367.597332
2026-07-17 18:00:00,44.94,45.12,44.91,45.01,1194.493862
2026-07-17 19:00:00,45.0,45.14,44.85,45.12,2026.425373
2026-07-17 20:00:00,45.08,45.09,44.99,45.06,1507.886687
2026-07-17 21:00:00,45.07,45.33,45.01,45.01,2380.528507
2026-07-17 22:00:00,45.03,45.15,45.01,45.07,1100.280435
2026-07-17 23:00:00,45.07,45.17,45.01,45.16,1207.379698
2026-07-18 00:00:00,45.16,45.28,45.07,45.12,4633.108127
2026-07-18 01:00:00,45.11,45.44,45.11,45.37,2887.179576
2026-07-18 02:00:00,45.38,45.61,45.37,45.57,9570.412363
2026-07-18 03:00:00,45.57,45.62,45.43,45.57,1814.945134
2026-07-18 04:00:00,45.58,45.58,45.42,45.5,949.648507
2026-07-18 05:00:00,45.5,45.52,45.38,45.43,913.13298
2026-07-18 06:00:00,45.43,45.49,45.39,45.44,659.481928
2026-07-18 07:00:00,45.46,45.69,45.43,45.51,3439.124908
2026-07-18 08:00:00,45.5,45.56,45.4,45.45,904.766857
2026-07-18 09:00:00,45.45,45.49,45.36,45.43,1677.136587
2026-07-18 10:00:00,45.43,45.52,45.31,45.39,1697.678886
2026-07-18 11:00:00,45.38,45.54,45.37,45.52,655.382419
2026-07-18 12:00:00,45.54,45.77,45.52,45.71,2988.7158
2026-07-18 13:00:00,45.69,45.87,45.67,45.78,6665.077857
2026-07-18 14:00:00,45.79,46.57,45.65,46.34,33342.237659
2026-07-18 15:00:00,46.34,46.71,46.18,46.25,16446.337307
2026-07-18 16:00:00,46.25,47.25,46.03,47.21,24042.193432
2026-07-18 17:00:00,47.21,47.89,47.05,47.47,22062.028231
2026-07-18 18:00:00,47.48,47.63,47.12,47.13,17683.897415
2026-07-18 19:00:00,47.13,47.33,46.68,46.87,5839.914406
2026-07-18 20:00:00,46.86,47.13,46.8,47.02,2173.731358
2026-07-18 21:00:00,47.03,47.17,46.73,46.8,2437.404788
2026-07-18 22:00:00,46.81,47.03,46.77,47.0,1102.012745
2026-07-18 23:00:00,47.01,47.12,46.92,47.0,1706.063194
2026-07-19 00:00:00,47.01,47.21,46.7,46.98,4586.047413
2026-07-19 01:00:00,46.97,46.98,46.79,46.81,2831.229082
2026-07-19 02:00:00,46.82,47.24,46.81,47.23,3918.788409
2026-07-19 03:00:00,47.22,47.22,46.82,46.89,2428.091158
2026-07-19 04:00:00,46.9,46.93,46.69,46.88,2308.735371
2026-07-19 05:00:00,46.88,46.96,46.77,46.78,1091.235744
2026-07-19 06:00:00,46.78,46.88,46.78,46.86,581.652363
2026-07-19 07:00:00,46.85,47.2,46.84,47.08,2666.137352
2026-07-19 08:00:00,47.1,47.11,46.84,46.89,1373.355963
2026-07-19 09:00:00,46.89,46.92,46.7,46.82,3091.442719
2026-07-19 10:00:00,46.81,47.06,46.79,47.03,1088.448154
2026-07-19 11:00:00,47.06,47.24,46.88,46.98,3477.50914
2026-07-19 12:00:00,46.98,47.17,46.85,47.1,2351.624782
2026-07-19 13:00:00,47.11,47.5,47.0,47.36,4732.933296
2026-07-19 14:00:00,47.34,47.46,47.09,47.31,2437.766141
2026-07-19 15:00:00,47.32,47.42,47.15,47.19,3796.324698
2026-07-19 16:00:00,47.2,47.34,47.02,47.17,1955.389605
2026-07-19 17:00:00,47.18,47.55,46.94,47.5,4721.210107
2026-07-19 18:00:00,47.49,47.63,47.17,47.47,5074.241519
2026-07-19 19:00:00,47.48,47.66,47.35,47.66,2719.808046
2026-07-19 20:00:00,47.67,47.82,47.5,47.58,3158.437892
2026-07-19 21:00:00,47.57,47.73,47.39,47.66,3490.511539
2026-07-19 22:00:00,47.64,47.9,47.41,47.43,6916.97628
2026-07-19 23:00:00,47.42,47.42,47.03,47.07,2734.898867
2026-07-20 00:00:00,47.07,47.79,46.82,47.42,8099.231265
2026-07-20 01:00:00,47.41,47.81,47.03,47.12,3899.761625
2026-07-20 02:00:00,47.12,47.36,47.1,47.23,1728.649455
2026-07-20 03:00:00,47.22,47.39,47.02,47.18,2348.598987
2026-07-20 04:00:00,47.19,47.24,46.95,47.02,2364.031753
2026-07-20 05:00:00,47.01,47.35,46.73,47.01,3321.991349
2026-07-20 06:00:00,47.01,47.26,46.44,46.8,10355.771175
2026-07-20 07:00:00,46.81,47.0,46.6,47.0,3259.066804
2026-07-20 08:00:00,47.0,47.04,46.44,46.5,14006.94538
2026-07-20 09:00:00,46.5,46.82,46.42,46.75,5857.243649
2026-07-20 10:00:00,46.76,47.06,46.64,47.06,1481.995738
2026-07-20 11:00:00,47.06,47.52,47.02,47.44,10072.913723
2026-07-20 12:00:00,47.42,47.42,46.9,46.92,8581.969499
2026-07-20 13:00:00,46.93,46.99,46.52,46.68,16746.712006
2026-07-20 14:00:00,46.71,46.95,46.56,46.68,4931.271585
2026-07-20 15:00:00,46.69,47.6,46.68,47.5,11884.796595
2026-07-20 16:00:00,47.48,47.51,47.16,47.38,7412.927445
2026-07-20 17:00:00,47.38,47.71,47.22,47.33,5165.874646
2026-07-20 18:00:00,47.34,47.53,46.98,47.03,3388.605252
2026-07-20 19:00:00,47.04,47.26,46.93,47.07,3739.863414
2026-07-20 20:00:00,47.08,47.46,46.97,47.42,1976.777409
2026-07-20 21:00:00,47.41,47.57,47.39,47.54,1757.578673
2026-07-20 22:00:00,47.54,47.54,47.28,47.32,1747.448767
2026-07-20 23:00:00,47.31,47.44,47.28,47.37,2587.608481
2026-07-21 00:00:00,47.37,47.49,47.3,47.39,1330.603049
2026-07-21 01:00:00,47.38,47.43,47.23,47.27,1190.972521
2026-07-21 02:00:00,47.27,47.38,47.14,47.31,1953.686839
2026-07-21 03:00:00,47.32,47.5,47.28,47.32,1205.89113
2026-07-21 04:00:00,47.3,47.68,47.27,47.3,2764.996052
2026-07-21 05:00:00,47.29,47.63,47.29,47.44,2573.218327
2026-07-21 06:00:00,47.44,47.64,47.33,47.58,2286.083441
2026-07-21 07:00:00,47.57,47.61,47.47,47.56,3766.70325
2026-07-21 08:00:00,47.56,47.8,47.51,47.59,5362.759472
2026-07-21 09:00:00,47.59,47.76,47.42,47.67,3091.76354
2026-07-21 10:00:00,47.66,47.71,47.31,47.32,7200.305127
2026-07-21 11:00:00,47.31,47.57,47.28,47.4,5171.683415
2026-07-21 12:00:00,47.41,47.59,47.37,47.5,2315.019745
2026-07-21 13:00:00,47.51,47.94,47.45,47.9,8856.736455
2026-07-21 14:00:00,47.9,48.16,47.72,47.82,10977.846758
2026-07-21 15:00:00,47.81,47.91,47.66,47.87,2679.595211
2026-07-21 16:00:00,47.88,47.88,47.49,47.67,2804.524279
2026-07-21 17:00:00,47.68,47.73,47.05,47.28,4868.700648
2026-07-21 18:00:00,47.31,47.48,47.22,47.43,1752.069453
2026-07-21 19:00:00,47.42,47.47,47.1,47.17,4404.895892
2026-07-21 20:00:00,47.18,47.19,46.88,46.92,2876.33936
2026-07-21 21:00:00,46.91,47.06,46.86,46.95,2271.704123
2026-07-21 22:00:00,46.94,46.94,46.68,46.89,7049.822224
2026-07-21 23:00:00,46.88,46.88,46.7,46.87,1884.545719
2026-07-22 00:00:00,46.88,47.04,46.81,46.86,4528.358311
2026-07-22 01:00:00,46.87,46.94,46.79,46.83,3646.08318
2026-07-22 02:00:00,46.84,46.9,46.56,46.62,4677.589802
2026-07-22 03:00:00,46.62,46.76,46.58,46.61,2080.948757
2026-07-22 04:00:00,46.59,46.73,46.59,46.67,1446.985843
2026-07-22 05:00:00,46.67,46.68,46.35,46.43,6045.629343
2026-07-22 06:00:00,46.44,46.52,46.35,46.46,1544.49615
2026-07-22 07:00:00,46.46,46.56,46.4,46.45,2368.715481
2026-07-22 08:00:00,46.44,46.52,46.4,46.46,1345.072672
2026-07-22 09:00:00,46.46,46.57,46.42,46.53,5193.118811
2026-07-22 10:00:00,46.52,46.64,46.45,46.58,4639.512205
2026-07-22 11:00:00,46.57,46.59,46.46,46.56,2409.627207
2026-07-22 12:00:00,46.56,46.77,46.51,46.74,7140.649754
2026-07-22 13:00:00,46.73,46.89,46.69,46.86,5145.662889
2026-07-22 14:00:00,46.86,47.04,46.58,46.78,7693.43728
2026-07-22 15:00:00,46.8,46.95,46.78,46.84,8524.312672
2026-07-22 16:00:00,46.85,47.06,46.77,46.99,5092.17057
2026-07-22 17:00:00,47.0,47.19,46.88,47.07,5513.25584
2026-07-22 18:00:00,47.07,47.19,46.97,47.15,7952.009248
2026-07-22 19:00:00,47.16,47.21,46.99,47.18,5142.868993
2026-07-22 20:00:00,47.17,47.3,47.09,47.3,4136.668331
2026-07-22 21:00:00,47.3,47.62,47.26,47.51,4631.898068
2026-07-22 22:00:00,47.54,47.54,47.11,47.13,2655.822604
2026-07-22 23:00:00,47.13,47.16,46.88,47.14,5520.636869
2026-07-23 00:00:00,47.15,47.39,47.09,47.28,4980.209584
2026-07-23 01:00:00,47.28,47.42,47.18,47.22,7397.764509
2026-07-23 02:00:00,47.21,47.33,47.16,47.31,1884.599386
2026-07-23 03:00:00,47.31,47.32,47.01,47.3,3084.556068
2026-07-23 04:00:00,47.3,47.3,47.14,47.18,3204.639732
2026-07-23 05:00:00,47.18,47.28,47.04,47.06,5124.609481
2026-07-23 06:00:00,47.07,47.25,46.91,47.24,7451.540831
2026-07-23 07:00:00,47.24,47.24,46.82,46.93,7533.287872
2026-07-23 08:00:00,46.94,47.21,46.9,47.2,4147.210488
2026-07-23 09:00:00,47.18,47.3,46.94,46.98,5327.243047
2026-07-23 10:00:00,46.98,46.98,46.79,46.81,4719.363722
2026-07-23 11:00:00,46.81,46.97,46.76,46.94,4671.384124
2026-07-23 12:00:00,46.93,47.13,46.83,46.98,12345.521686
2026-07-23 13:00:00,46.98,46.98,46.65,46.74,4194.972313
2026-07-23 14:00:00,46.72,46.82,46.54,46.6,9258.110983
2026-07-23 15:00:00,46.6,46.6,46.22,46.41,15828.904775
2026-07-23 16:00:00,46.4,46.63,46.28,46.54,2097.780871
2026-07-23 17:00:00,46.52,46.7,46.38,46.45,1553.136384
2026-07-23 18:00:00,46.47,46.85,46.46,46.81,5439.158415
2026-07-23 19:00:00,46.81,46.97,46.8,46.93,3290.218736
2026-07-23 20:00:00,46.93,47.41,46.8,47.41,9421.305972
2026-07-23 21:00:00,47.42,47.6,47.13,47.15,4702.267385
2026-07-23 22:00:00,47.16,47.24,46.98,47.22,978.875017
2026-07-23 23:00:00,47.21,47.25,46.94,46.96,4117.615814
2026-07-24 00:00:00,46.96,47.12,46.89,47.11,4456.644257
2026-07-24 01:00:00,47.12,47.23,46.96,46.97,930.965795
2026-07-24 02:00:00,46.98,47.04,46.58,46.68,2130.869762
2026-07-24 03:00:00,46.66,46.89,46.63,46.78,1084.621266
2026-07-24 04:00:00,46.79,46.86,46.68,46.7,557.270643
2026-07-24 05:00:00,46.72,46.87,46.66,46.72,1200.130257
2026-07-24 06:00:00,46.71,47.03,46.68,47.0,1687.975885
2026-07-24 07:00:00,47.01,47.42,46.88,47.0,8930.652036
2026-07-24 08:00:00,47.0,47.01,46.67,46.86,6830.23164
2026-07-24 09:00:00,46.84,46.85,46.56,46.74,2960.558606
2026-07-24 10:00:00,46.72,46.72,46.11,46.23,18621.829576
2026-07-24 11:00:00,46.23,46.36,46.16,46.35,4161.278793
2026-07-24 12:00:00,46.35,46.43,46.23,46.27,3581.722091
2026-07-24 13:00:00,46.29,46.42,46.1,46.22,7196.565136
2026-07-24 14:00:00,46.23,46.32,45.95,46.3,6746.540594
2026-07-24 15:00:00,46.29,46.52,46.19,46.38,6336.348583
2026-07-24 16:00:00,46.39,46.49,46.2,46.29,2721.87017
2026-07-24 17:00:00,46.3,46.38,46.23,46.35,940.88241
2026-07-24 18:00:00,46.35,46.35,46.13,46.21,1767.414688
2026-07-24 19:00:00,46.2,46.26,46.1,46.22,752.687201
2026-07-24 20:00:00,46.22,46.34,46.16,46.23,1718.872085
2026-07-24 21:00:00,46.22,46.35,46.13,46.13,1432.505569
2026-07-24 22:00:00,46.13,46.32,46.1,46.27,591.691519
2026-07-24 23:00:00,46.28,46.39,46.23,46.37,1322.956479
2026-07-25 00:00:00,46.37,46.4,46.25,46.31,1379.907531
2026-07-25 01:00:00,46.32,46.39,46.22,46.31,511.572567
2026-07-25 02:00:00,46.32,46.46,46.29,46.43,685.533642
2026-07-25 03:00:00,46.4,46.41,46.25,46.29,464.582002
2026-07-25 04:00:00,46.28,46.37,46.27,46.34,346.062848
2026-07-25 05:00:00,46.35,46.37,46.2,46.23,727.589615
2026-07-25 06:00:00,46.22,46.28,46.03,46.13,2362.394787
2026-07-25 07:00:00,46.14,46.16,46.05,46.09,876.88678
2026-07-25 08:00:00,46.09,46.15,45.84,45.87,2244.996869
2026-07-25 09:00:00,45.89,46.0,45.8,45.95,2150.615591
2026-07-25 10:00:00,45.94,45.98,45.86,45.92,1607.981335
2026-07-25 11:00:00,45.93,45.97,45.83,45.92,1331.910324
2026-07-25 12:00:00,45.93,46.03,45.92,46.02,1350.610501
2026-07-25 13:00:00,46.02,46.19,45.98,46.04,1722.713535
2026-07-25 14:00:00,46.05,46.05,45.81,45.97,2070.525447
2026-07-25 15:00:00,45.96,46.17,45.95,46.1,1065.013782
2026-07-25 16:00:00,46.1,46.22,46.03,46.18,2321.437715
2026-07-25 17:00:00,46.2,46.33,46.13,46.24,1810.096553
2026-07-25 18:00:00,46.26,46.32,46.21,46.28,814.387949
2026-07-25 19:00:00,46.29,46.52,46.27,46.49,2261.629335
2026-07-25 20:00:00,46.48,46.52,46.4,46.51,1760.475247
2026-07-25 21:00:00,46.53,46.75,46.43,46.55,3436.903918
2026-07-25 22:00:00,46.55,46.63,46.48,46.56,1082.48841
2026-07-25 23:00:00,46.57,46.59,46.5,46.55,343.00063
2026-07-26 00:00:00,46.56,46.63,46.5,46.57,1768.348822
2026-07-26 01:00:00,46.56,46.73,46.5,46.67,1366.04902
2026-07-26 02:00:00,46.67,46.76,46.61,46.76,2151.889269
2026-07-26 03:00:00,46.75,46.84,46.72,46.77,1445.49747
2026-07-26 04:00:00,46.78,46.81,46.71,46.78,669.457919
2026-07-26 05:00:00,46.77,46.9,46.69,46.78,732.639723
2026-07-26 06:00:00,46.78,46.9,46.65,46.9,1574.002849
2026-07-26 07:00:00,46.9,46.98,46.77,46.96,2249.285894
2026-07-26 08:00:00,46.97,47.11,46.95,47.09,3246.886503
2026-07-26 09:00:00,47.1,47.32,47.09,47.19,5692.077949
2026-07-26 10:00:00,47.19,47.26,47.11,47.21,2542.673199
2026-07-26 11:00:00,47.2,47.24,47.12,47.18,782.868217
2026-07-26 12:00:00,47.19,47.35,47.12,47.34,7731.57601
2026-07-26 13:00:00,47.34,47.36,47.01,47.06,3385.321752
2026-07-26 14:00:00,47.07,47.09,46.64,47.06,7463.212799
2026-07-26 15:00:00,47.07,47.79,47.03,47.75,7256.139443
2026-07-26 16:00:00,47.79,48.18,47.58,47.99,10062.998435
2026-07-26 17:00:00,47.99,48.04,47.68,47.8,3061.591211
2026-07-26 18:00:00,47.78,48.07,47.65,47.93,3445.622604
2026-07-26 19:00:00,47.94,48.08,47.87,47.87,1644.132828
2026-07-26 20:00:00,47.87,47.93,47.7,47.7,952.056887
2026-07-26 21:00:00,47.7,47.77,47.58,47.65,2067.264783
2026-07-26 22:00:00,47.65,48.26,47.65,48.03,4107.765432
2026-07-26 23:00:00,48.03,48.06,47.78,47.84,2573.469726
2026-07-27 00:00:00,47.85,47.85,47.4,47.46,1357.380077
2026-07-27 01:00:00,47.46,47.48,47.22,47.4,2818.123193
2026-07-27 02:00:00,47.41,47.42,47.25,47.35,1196.597775
2026-07-27 03:00:00,47.35,47.44,47.25,47.41,1592.63587
2026-07-27 04:00:00,47.41,47.52,47.34,47.46,524.672021
2026-07-27 05:00:00,47.46,47.72,47.38,47.38,3429.8004
2026-07-27 06:00:00,47.4,47.61,47.33,47.39,3842.206659
2026-07-27 07:00:00,47.38,47.44,47.28,47.34,2096.741256
2026-07-27 08:00:00,47.33,47.34,46.86,47.06,5979.761311
2026-07-27 09:00:00,47.05,47.14,46.95,46.98,3681.115487
2026-07-27 10:00:00,46.97,47.11,46.96,47.06,3705.859656
2026-07-27 11:00:00,47.05,47.06,46.97,47.03,1702.941994
2026-07-27 12:00:00,47.04,47.09,46.79,47.01,5786.726573
2026-07-27 13:00:00,47.01,47.38,46.98,47.21,3165.526212
2026-07-27 14:00:00,47.21,47.26,46.23,46.46,7528.828176
2026-07-27 15:00:00,46.43,46.49,46.25,46.38,2261.887269
2026-07-27 16:00:00,46.37,46.61,46.24,46.53,4312.947033
2026-07-27 17:00:00,46.55,46.63,46.49,46.51,839.801437
2026-07-27 18:00:00,46.51,46.54,46.29,46.4,2121.849176
2026-07-27 19:00:00,46.41,46.61,46.37,46.58,2325.535495
2026-07-27 20:00:00,46.57,46.77,46.49,46.77,853.100779
2026-07-27 21:00:00,46.77,46.81,46.51,46.6,1807.71528
2026-07-27 22:00:00,46.61,46.61,46.09,46.12,3020.956015
2026-07-27 23:00:00,46.1,46.18,45.95,46.06,4371.445995
2026-07-28 00:00:00,46.07,46.15,45.95,46.02,3011.251354
2026-07-28 01:00:00,46.03,46.24,45.88,46.17,2135.290631
2026-07-28 02:00:00,46.17,46.48,46.07,46.29,2911.560202
2026-07-28 03:00:00,46.3,46.39,46.26,46.29,633.121344
2026-07-28 04:00:00,46.3,46.4,46.19,46.32,575.476755
2026-07-28 05:00:00,46.33,46.42,46.23,46.24,1593.262289
2026-07-28 06:00:00,46.24,46.43,46.11,46.43,2107.420496
2026-07-28 07:00:00,46.44,46.46,46.34,46.45,1863.917648
2026-07-28 08:00:00,46.44,46.47,46.24,46.24,1068.734533
2026-07-28 09:00:00,46.25,46.56,46.25,46.49,2823.462376
2026-07-28 10:00:00,46.49,46.6,46.43,46.54,1350.33078
2026-07-28 11:00:00,46.54,46.64,46.4,46.6,1638.472341
2026-07-28 12:00:00,46.6,46.71,46.54,46.67,1343.371156
2026-07-28 13:00:00,46.69,46.69,46.08,46.16,4092.239385
2026-07-28 14:00:00,46.16,46.28,45.99,46.2,3080.252355
2026-07-28 15:00:00,46.2,46.58,46.09,46.58,4535.330532
2026-07-28 16:00:00,46.58,46.62,46.35,46.57,3432.746333
2026-07-28 17:00:00,46.55,46.56,46.2,46.33,1473.019717
2026-07-28 18:00:00,46.33,46.41,46.23,46.27,1679.575564
2026-07-28 19:00:00,46.29,46.5,46.26,46.5,2700.62475
2026-07-28 20:00:00,46.5,46.58,46.46,46.49,1200.52577
2026-07-28 21:00:00,46.49,46.61,46.41,46.41,951.569344
2026-07-28 22:00:00,46.42,46.42,46.0,46.01,894.230309
2026-07-28 23:00:00,46.0,46.22,45.95,46.2,1289.925896
2026-07-29 00:00:00,46.21,46.39,46.19,46.32,1991.309109
2026-07-29 01:00:00,46.32,46.32,46.01,46.01,2671.236435
2026-07-29 02:00:00,46.04,46.3,45.93,46.23,1024.883068
2026-07-29 03:00:00,46.22,46.22,45.22,45.32,14138.67297
2026-07-29 04:00:00,45.32,45.42,44.98,45.17,11123.595526
2026-07-29 05:00:00,45.17,45.39,45.08,45.3,4833.677187
2026-07-29 06:00:00,45.29,45.53,45.28,45.28,6012.225583
2026-07-29 07:00:00,45.29,45.3,45.12,45.26,5435.825318
2026-07-29 08:00:00,45.25,45.26,45.04,45.15,3456.651895
2026-07-29 09:00:00,45.17,45.5,45.16,45.44,7881.984924
2026-07-29 10:00:00,45.44,45.49,45.17,45.22,1714.855406
2026-07-29 11:00:00,45.22,45.44,45.22,45.36,2826.707495
2026-07-29 12:00:00,45.36,45.39,45.21,45.31,1922.458335
2026-07-29 13:00:00,45.32,45.45,45.22,45.39,4148.667524
2026-07-29 14:00:00,45.43,45.44,44.9,44.97,6429.481016
2026-07-29 15:00:00,44.97,45.14,44.86,45.0,5202.115252
2026-07-29 16:00:00,44.99,45.25,44.94,45.22,1765.001531
2026-07-29 17:00:00,45.22,45.5,45.22,45.5,2382.050531
2026-07-29 18:00:00,45.51,45.81,45.22,45.59,6567.008361
2026-07-29 19:00:00,45.61,45.63,44.94,44.97,5626.762266
2026-07-29 20:00:00,44.97,45.01,44.34,44.47,7606.646929
2026-07-29 21:00:00,44.48,44.83,44.35,44.83,3836.819163
2026-07-29 22:00:00,44.83,45.21,44.83,45.21,3449.421369
2026-07-29 23:00:00,45.22,45.51,45.11,45.44,3279.778925
2026-07-30 00:00:00,45.45,45.51,45.07,45.09,4619.47013
2026-07-30 01:00:00,45.1,45.47,45.09,45.41,2302.582681
2026-07-30 02:00:00,45.41,45.46,45.23,45.29,5270.436695
2026-07-30 03:00:00,45.28,45.59,45.28,45.42,3966.552228
2026-07-30 04:00:00,45.43,45.46,45.31,45.36,2265.535717
2026-07-30 05:00:00,45.36,45.55,45.31,45.46,1043.864349
2026-07-30 06:00:00,45.46,45.53,45.42,45.49,1988.634255
2026-07-30 07:00:00,45.5,45.58,45.29,45.34,2523.033114
2026-07-30 08:00:00,45.36,45.42,45.27,45.37,888.092106
2026-07-30 09:00:00,45.37,45.4,45.13,45.14,4208.845484
2026-07-30 10:00:00,45.16,45.42,45.15,45.2,4528.047637
2026-07-30 11:00:00,45.21,45.58,45.14,45.48,5273.73087
2026-07-30 12:00:00,45.48,45.49,45.2,45.28,4776.106174
2026-07-30 13:00:00,45.27,45.49,45.2,45.46,2074.574481
2026-07-30 14:00:00,45.45,45.49,45.22,45.26,2332.051782
2026-07-30 15:00:00,45.26,45.38,44.89,45.14,6644.169923
2026-07-30 16:00:00,45.16,45.4,45.13,45.4,3036.472005
2026-07-30 17:00:00,45.39,45.45,45.3,45.4,6081.028981
2026-07-30 18:00:00,45.39,45.43,45.21,45.32,7254.818235
2026-07-30 19:00:00,45.32,45.57,45.25,45.44,6873.199815
2026-07-30 20:00:00,45.43,45.73,45.41,45.68,3069.110535
2026-07-30 21:00:00,45.68,45.83,45.66,45.8,3411.827027
2026-07-30 22:00:00,45.78,45.84,45.61,45.69,4117.760928
2026-07-30 23:00:00,45.7,45.8,45.56,45.58,1643.650484
2026-07-31 00:00:00,45.58,45.78,45.56,45.68,3126.330617
2026-07-31 01:00:00,45.69,45.91,45.53,45.59,9358.617352
2026-07-31 02:00:00,45.58,45.6,45.27,45.32,3373.984724
2026-07-31 03:00:00,45.32,45.42,45.26,45.4,2001.067515
2026-07-31 04:00:00,45.4,45.41,45.21,45.39,1877.573461
2026-07-31 05:00:00,45.38,45.49,45.35,45.44,806.905135
2026-07-31 06:00:00,45.44,45.47,45.22,45.36,866.555101
2026-07-31 07:00:00,45.34,45.41,45.14,45.38,1101.641931
2026-07-31 08:00:00,45.36,45.42,45.22,45.23,1282.416109
2026-07-31 09:00:00,45.23,45.27,45.0,45.02,7550.033575
2026-07-31 10:00:00,45.01,45.16,44.94,45.08,2079.279373
2026-07-31 11:00:00,45.08,45.16,44.86,44.9,2164.751694
2026-07-31 12:00:00,44.89,45.2,44.75,45.17,3563.426795
2026-07-31 13:00:00,45.16,45.33,44.97,45.01,7438.778791
2026-07-31 14:00:00,45.02,45.22,44.72,44.88,5762.768241
2026-07-31 15:00:00,44.86,45.05,44.82,44.91,3884.545201
2026-07-31 16:00:00,44.91,45.0,44.64,44.81,5168.979003
2026-07-31 17:00:00,44.8,45.0,44.75,44.98,2710.800478
2026-07-31 18:00:00,44.97,45.0,44.84,44.95,729.98607
2026-07-31 19:00:00,44.92,45.01,44.86,44.88,2113.046753
2026-07-31 20:00:00,44.9,44.97,44.55,44.66,3245.850972
2026-07-31 21:00:00,44.65,44.79,44.55,44.65,1501.549555
2026-07-31 22:00:00,44.67,44.71,44.23,44.24,5798.042113
2026-07-31 23:00:00,44.24,44.38,44.18,44.31,2328.546745
2026-08-01 00:00:00,44.32,44.42,44.18,44.28,3336.449914
2026-08-01 01:00:00,44.27,44.34,44.22,44.27,1875.873514
2026-08-01 02:00:00,44.28,44.56,44.27,44.53,1481.843164
2026-08-01 03:00:00,44.53,44.62,44.48,44.61,1432.114006
2026-08-01 04:00:00,44.61,44.78,44.55,44.74,1102.109289
2026-08-01 05:00:00,44.73,44.74,44.38,44.45,1810.389659
2026-08-01 06:00:00,44.46,44.66,44.46,44.59,1372.038768
2026-08-01 07:00:00,44.58,44.66,44.51,44.53,887.93005
2026-08-01 08:00:00,44.53,44.62,44.36,44.47,1428.422266
2026-08-01 09:00:00,44.47,44.53,44.36,44.38,1437.577982
2026-08-01 10:00:00,44.39,44.46,44.22,44.33,2387.568687
2026-08-01 11:00:00,44.34,44.41,44.27,44.35,1641.94311
2026-08-01 12:00:00,44.35,44.4,44.27,44.39,1174.491763
2026-08-01 13:00:00,44.4,44.4,44.23,44.32,2691.865117
2026-08-01 14:00:00,44.32,44.33,44.1,44.2,2815.977674
2026-08-01 15:00:00,44.21,44.23,44.07,44.12,1267.593189
2026-08-01 16:00:00,44.12,44.24,43.98,44.08,3161.217564
2026-08-01 17:00:00,44.07,44.19,43.9,44.0,3489.574607
2026-08-01 18:00:00,44.0,44.03,43.62,43.9,4999.469076
2026-08-01 19:00:00,43.92,44.11,43.88,44.03,6400.637707
2026-08-01 20:00:00,44.03,44.08,43.96,44.05,1969.970792
2026-08-01 21:00:00,44.05,44.18,43.99,44.16,3547.274202
2026-08-01 22:00:00,44.17,44.25,44.1,44.22,1019.725316
2026-08-01 23:00:00,44.23,44.27,44.15,44.24,702.130594
2026-08-02 00:00:00,44.25,44.27,44.11,44.21,2084.729672
2026-08-02 01:00:00,44.22,44.7,44.22,44.57,7389.716907
2026-08-02 02:00:00,44.57,44.82,44.56,44.64,2080.218981
2026-08-02 03:00:00,44.64,44.74,44.62,44.65,559.922677
2026-08-02 04:00:00,44.66,44.74,44.6,44.61,1092.116947
2026-08-02 05:00:00,44.61,44.73,44.57,44.68,1389.795947
2026-08-02 06:00:00,44.68,44.87,44.68,44.83,1293.120154
2026-08-02 07:00:00,44.83,44.89,44.78,44.83,3055.202129
2026-08-02 08:00:00,44.86,44.86,44.68,44.72,775.454666
2026-08-02 09:00:00,44.72,44.87,44.65,44.84,972.557947
2026-08-02 10:00:00,44.84,44.84,44.68,44.69,1108.868505
2026-08-02 11:00:00,44.69,44.72,44.56,44.63,1062.167482
2026-08-02 12:00:00,44.66,44.74,44.63,44.7,597.486419
2026-08-02 13:00:00,44.69,44.72,44.57,44.69,692.201213
2026-08-02 14:00:00,44.7,44.74,44.59,44.68,593.413387
2026-08-02 15:00:00,44.68,44.8,44.66,44.75,741.258528
2026-08-02 16:00:00,44.76,44.87,44.7,44.84,1156.434208
2026-08-02 17:00:00,44.83,45.02,44.81,44.98,1528.195688
2026-08-02 18:00:00,44.98,45.08,44.9,44.94,1603.664428
2026-08-02 19:00:00,44.94,45.05,44.81,45.05,1496.494785
2026-08-02 20:00:00,45.06,45.06,44.82,44.88,703.970206
2026-08-02 21:00:00,44.89,45.01,44.85,44.94,1726.341073
2026-08-02 22:00:00,44.95,45.03,44.76,44.8,931.180495
2026-08-02 23:00:00,44.78,44.8,44.66,44.7,580.373604
2026-08-03 00:00:00,44.69,44.78,44.59,44.73,919.606487
2026-08-03 01:00:00,44.72,44.74,44.6,44.63,556.088141
2026-08-03 02:00:00,44.63,44.64,44.52,44.57,1118.813706
2026-08-03 03:00:00,44.54,44.59,44.32,44.45,1632.295748
2026-08-03 04:00:00,44.44,44.57,44.4,44.42,2163.549432
2026-08-03 05:00:00,44.42,44.58,44.36,44.55,1382.24721
2026-08-03 06:00:00,44.54,44.58,44.35,44.38,1240.027127
2026-08-03 07:00:00,44.38,44.4,44.12,44.15,3634.947182
2026-08-03 08:00:00,44.17,44.2,44.01,44.09,2277.5158
2026-08-03 09:00:00,44.1,44.45,44.05,44.42,7268.66083
2026-08-03 10:00:00,44.42,44.42,44.22,44.27,1250.991103
2026-08-03 11:00:00,44.27,44.27,44.11,44.12,2381.851779
2026-08-03 12:00:00,44.12,44.15,44.06,44.12,4281.520598
2026-08-03 13:00:00,44.12,44.44,44.03,44.44,6386.674695
2026-08-03 14:00:00,44.42,44.5,44.26,44.47,2089.714234
2026-08-03 15:00:00,44.47,44.49,44.24,44.27,5541.837743
2026-08-03 16:00:00,44.28,44.44,44.16,44.25,4359.929396
2026-08-03 17:00:00,44.24,44.37,44.14,44.17,973.186171
2026-08-03 18:00:00,44.16,44.24,44.09,44.23,1688.307457
2026-08-03 19:00:00,44.24,44.37,44.2,44.32,1020.219281
2026-08-03 20:00:00,44.32,44.5,44.31,44.49,1246.522446
2026-08-03 21:00:00,44.49,44.5,44.34,44.34,991.225293
2026-08-03 22:00:00,44.34,44.36,44.16,44.22,552.841284
2026-08-03 23:00:00,44.21,44.31,44.19,44.31,1642.804402
2026-08-04 00:00:00,44.3,44.32,44.14,44.17,748.453563
2026-08-04 01:00:00,44.18,44.38,44.07,44.36,1596.752488
2026-08-04 02:00:00,44.37,44.49,44.27,44.35,668.004673
2026-08-04 03:00:00,44.36,44.43,44.23,44.37,367.906642
2026-08-04 04:00:00,44.37,44.56,44.36,44.45,1356.520289
2026-08-04 05:00:00,44.45,44.49,44.38,44.49,469.682959
2026-08-04 06:00:00,44.5,44.57,44.32,44.32,2943.936894
2026-08-04 07:00:00,44.33,44.33,44.05,44.3,4352.811047
2026-08-04 08:00:00,44.27,44.33,44.19,44.21,1530.017447
2026-08-04 09:00:00,44.2,44.37,44.2,44.29,1144.642072
2026-08-04 10:00:00,44.29,44.34,44.19,44.28,2136.669067
2026-08-04 11:00:00,44.29,44.4,44.2,44.34,2228.189663
2026-08-04 12:00:00,44.34,44.41,44.23,44.27,1394.691616
2026-08-04 13:00:00,44.28,44.41,44.16,44.21,4814.235078
2026-08-04 14:00:00,44.19,44.52,44.14,44.49,4374.246441
2026-08-04 15:00:00,44.49,44.54,44.26,44.38,2688.104821
2026-08-04 16:00:00,44.38,44.64,44.37,44.64,2990.467822
2026-08-04 17:00:00,44.63,44.76,44.53,44.53,4668.434539
2026-08-04 18:00:00,44.53,44.84,44.53,44.74,1663.56889
2026-08-04 19:00:00,44.74,44.86,44.68,44.68,1747.614513
2026-08-04 20:00:00,44.71,44.98,44.56,44.87,2240.246935
2026-08-04 21:00:00,44.86,44.97,44.82,44.94,1508.151385
2026-08-04 22:00:00,44.95,44.99,44.86,44.95,2585.441797
2026-08-04 23:00:00,44.96,45.16,44.82,44.84,3388.969192
2026-08-05 00:00:00,44.84,45.13,44.83,45.09,11408.529684
2026-08-05 01:00:00,45.09,45.3,45.03,45.24,3378.446803
2026-08-05 02:00:00,45.25,45.3,45.09,45.28,3185.358344
2026-08-05 03:00:00,45.29,45.33,44.73,44.83,5602.230975
2026-08-05 04:00:00,44.83,44.87,44.73,44.87,986.021067
2026-08-05 05:00:00,44.87,45.03,44.87,45.01,1885.15976
2026-08-05 06:00:00,45.01,45.02,44.87,44.89,2363.479709
2026-08-05 07:00:00,44.91,44.97,44.82,44.88,1386.692612
2026-08-05 08:00:00,44.89,44.94,44.84,44.87,1349.155215
2026-08-05 09:00:00,44.88,45.0,44.83,44.91,2011.260256
2026-08-05 10:00:00,44.9,45.04,44.7,44.79,5632.797574
2026-08-05 11:00:00,44.78,44.89,44.74,44.76,1256.954867
2026-08-05 12:00:00,44.75,45.03,44.74,45.0,3596.288813
2026-08-05 13:00:00,45.0,45.2,44.81,45.03,4718.993362
2026-08-05 14:00:00,45.03,45.21,44.98,45.18,3039.868899
2026-08-05 15:00:00,45.18,45.26,44.97,45.0,5645.327677
2026-08-05 16:00:00,45.01,45.28,45.0,45.19,2369.837687
2026-08-05 17:00:00,45.19,45.42,45.16,45.37,2942.046086
2026-08-05 18:00:00,45.37,45.39,45.26,45.36,1580.623008
2026-08-05 19:00:00,45.35,45.36,45.21,45.27,3765.692726
2026-08-05 20:00:00,45.28,45.43,45.22,45.33,1093.970244
2026-08-05 21:00:00,45.31,45.32,45.13,45.27,1059.742945
2026-08-05 22:00:00,45.25,45.32,45.23,45.26,719.536518
2026-08-05 23:00:00,45.23,45.38,45.19,45.32,911.671117
2026-08-06 00:00:00,45.32,45.47,45.32,45.39,1240.415863
2026-08-06 01:00:00,45.37,45.39,45.15,45.25,1137.260779
2026-08-06 02:00:00,45.24,45.25,44.96,44.99,5253.418588
2026-08-06 03:00:00,44.98,45.0,44.91,44.96,1560.688775
2026-08-06 04:00:00,44.95,45.14,44.88,45.11,1415.626352
2026-08-06 05:00:00,45.09,45.18,45.03,45.07,1139.986228
2026-08-06 06:00:00,45.07,45.1,45.02,45.08,569.003768
2026-08-06 07:00:00,45.07,45.12,44.98,45.03,2764.02574
2026-08-06 08:00:00,45.02,45.12,44.98,45.11,1961.411948
2026-08-06 09:00:00,45.12,45.13,44.94,44.95,1960.301231
2026-08-06 10:00:00,44.97,45.0,44.88,44.91,4080.651391
2026-08-06 11:00:00,44.91,45.05,44.79,45.05,1614.211569
2026-08-06 12:00:00,45.06,45.39,45.04,45.19,2837.467485
2026-08-06 13:00:00,45.2,45.53,45.05,45.51,4726.028075
2026-08-06 14:00:00,45.49,45.6,45.34,45.55,6069.567208
2026-08-06 15:00:00,45.55,45.75,45.55,45.7,8343.847526
2026-08-06 16:00:00,45.7,45.78,45.6,45.73,3926.911301
2026-08-06 17:00:00,45.74,45.83,45.66,45.66,2003.557591
2026-08-06 18:00:00,45.67,45.69,45.39,45.51,1224.11194
2026-08-06 19:00:00,45.51,45.55,45.37,45.4,887.910385
2026-08-06 20:00:00,45.4,45.57,45.4,45.51,1354.853989
2026-08-06 21:00:00,45.51,45.66,45.5,45.53,488.866538
2026-08-06 22:00:00,45.53,45.55,45.41,45.48,955.142839
2026-08-06 23:00:00,45.47,45.47,45.34,45.45,1749.725078
2026-08-07 00:00:00,45.46,45.6,45.4,45.55,1101.451268
2026-08-07 01:00:00,45.57,45.68,45.57,45.62,2242.963471
2026-08-07 02:00:00,45.63,45.71,45.53,45.53,993.207085
2026-08-07 03:00:00,45.54,45.62,45.46,45.49,773.337102
2026-08-07 04:00:00,45.5,45.52,45.34,45.42,1215.939728
2026-08-07 05:00:00,45.42,45.51,45.37,45.49,584.877297
2026-08-07 06:00:00,45.48,45.64,45.47,45.58,873.803867
2026-08-07 07:00:00,45.57,45.7,45.53,45.58,1347.256075
2026-08-07 08:00:00,45.59,45.84,45.59,45.83,1644.958489
2026-08-07 09:00:00,45.83,45.95,45.71,45.74,3252.578725
2026-08-07 10:00:00,45.75,45.84,45.7,45.7,1407.204222
2026-08-07 11:00:00,45.71,45.88,45.68,45.72,1907.965591
2026-08-07 12:00:00,45.72,46.05,45.67,45.8,6043.519578
2026-08-07 13:00:00,45.8,45.85,45.7,45.73,2333.578017
2026-08-07 14:00:00,45.73,45.81,45.61,45.65,2710.066367
2026-08-07 15:00:00,45.63,46.06,45.6,45.94,4575.372202
2026-08-07 16:00:00,45.96,46.07,45.85,45.85,2545.704658
2026-08-07 17:00:00,45.84,45.86,45.43,45.48,4020.590442
2026-08-07 18:00:00,45.48,45.52,45.38,45.46,2187.184035
2026-08-07 19:00:00,45.45,45.59,45.29,45.4,7513.013981
2026-08-07 20:00:00,45.4,45.57,45.37,45.54,1970.504327
2026-08-07 21:00:00,45.55,45.66,45.47,45.48,1150.146822
2026-08-07 22:00:00,45.47,45.59,45.41,45.46,990.376498
2026-08-07 23:00:00,45.44,45.63,45.43,45.55,725.724315
2026-08-08 00:00:00,45.54,45.56,45.43,45.49,952.66343
2026-08-08 01:00:00,45.5,45.64,45.49,45.55,412.638514
2026-08-08 02:00:00,45.56,45.64,45.55,45.57,296.782696
2026-08-08 03:00:00,45.57,45.65,45.54,45.59,663.181158
2026-08-08 04:00:00,45.59,45.59,45.48,45.52,1084.949298
2026-08-08 05:00:00,45.53,45.59,45.51,45.51,471.478136
2026-08-08 06:00:00,45.51,45.6,45.49,45.56,663.130695
2026-08-08 07:00:00,45.57,45.58,45.51,45.54,880.69373
2026-08-08 08:00:00,45.54,45.64,45.5,45.58,488.963841
2026-08-08 09:00:00,45.58,45.63,45.54,45.59,879.05224
2026-08-08 10:00:00,45.61,45.63,45.51,45.62,1122.017692
2026-08-08 11:00:00,45.64,45.69,45.53,45.58,1332.147304
2026-08-08 12:00:00,45.58,45.66,45.51,45.63,715.51812
2026-08-08 13:00:00,45.62,45.67,45.6,45.66,890.987971
2026-08-08 14:00:00,45.66,45.83,45.63,45.8,1171.058523
2026-08-08 15:00:00,45.8,45.9,45.76,45.88,1544.311293
2026-08-08 16:00:00,45.88,45.9,45.79,45.82,1066.078953
2026-08-08 17:00:00,45.82,45.89,45.78,45.87,995.359757
2026-08-08 18:00:00,45.88,45.97,45.85,45.96,893.657783
2026-08-08 19:00:00,45.95,46.01,45.84,45.99,2246.95565
2026-08-08 20:00:00,45.98,46.11,45.92,46.08,1198.859908
2026-08-08 21:00:00,46.09,46.1,46.03,46.08,627.204828
2026-08-08 22:00:00,46.09,46.1,45.99,46.01,613.94572
2026-08-08 23:00:00,46.02,46.05,45.93,46.0,630.758403
2026-08-09 00:00:00,46.01,46.19,45.98,46.12,1793.623995
2026-08-09 01:00:00,46.11,46.15,46.02,46.09,1055.373932
2026-08-09 02:00:00,46.09,46.09,45.91,45.93,1242.103299
2026-08-09 03:00:00,45.92,46.03,45.89,45.96,444.568794
2026-08-09 04:00:00,45.95,46.05,45.95,45.95,489.862677
2026-08-09 05:00:00,45.97,46.05,45.9,45.97,258.519774
2026-08-09 06:00:00,45.97,46.12,45.97,46.09,641.697383
2026-08-09 07:00:00,46.08,46.2,45.96,46.17,2571.014999
2026-08-09 08:00:00,46.18,46.35,46.11,46.26,2538.756395
2026-08-09 09:00:00,46.27,46.31,46.16,46.22,862.350935
2026-08-09 10:00:00,46.23,46.23,46.07,46.12,1141.647283
2026-08-09 11:00:00,46.12,46.32,46.11,46.27,1199.711912
2026-08-09 12:00:00,46.27,46.32,46.17,46.19,669.305928
2026-08-09 13:00:00,46.19,46.37,46.19,46.35,1226.579493
2026-08-09 14:00:00,46.34,46.46,46.3,46.4,2879.416357
2026-08-09 15:00:00,46.41,46.5,46.34,46.45,872.891451
2026-08-09 16:00:00,46.48,46.48,46.24,46.32,1742.133605
2026-08-09 17:00:00,46.32,46.34,46.18,46.22,766.60955
2026-08-09 18:00:00,46.22,46.26,46.18,46.24,715.44463
2026-08-09 19:00:00,46.24,46.24,46.14,46.15,774.2714
2026-08-09 20:00:00,46.15,46.16,46.06,46.09,1015.662969
2026-08-09 21:00:00,46.1,46.13,46.01,46.12,1354.425464
2026-08-09 22:00:00,46.12,46.2,45.61,45.68,2831.622847
2026-08-09 23:00:00,45.67,45.67,45.41,45.47,2048.741526
2026-08-10 00:00:00,45.47,45.6,45.34,45.52,4396.562376
2026-08-10 01:00:00,45.52,45.78,45.47,45.63,1192.681467
2026-08-10 02:00:00,45.64,45.64,45.35,45.51,4487.504369
2026-08-10 03:00:00,45.51,45.52,45.32,45.34,2497.430578
2026-08-10 04:00:00,45.34,45.44,45.19,45.3,1575.123176
2026-08-10 05:00:00,45.3,45.52,45.3,45.48,1069.437791
2026-08-10 06:00:00,45.49,45.58,45.45,45.58,670.400708
2026-08-10 07:00:00,45.57,45.59,45.47,45.57,510.222889
2026-08-10 08:00:00,45.57,45.59,45.37,45.46,1469.380898
2026-08-10 09:00:00,45.46,45.52,45.4,45.45,1666.919797
2026-08-10 10:00:00,45.45,45.57,45.4,45.42,2607.852151
2026-08-10 11:00:00,45.41,45.43,45.32,45.4,1968.523562
2026-08-10 12:00:00,45.4,45.5,45.36,45.41,1939.737625
2026-08-10 13:00:00,45.41,45.54,45.26,45.35,6155.728918
2026-08-10 14:00:00,45.36,45.55,45.35,45.42,2577.824013
2026-08-10 15:00:00,45.42,45.44,45.08,45.24,2821.293348
2026-08-10 16:00:00,45.23,45.32,45.08,45.13,1417.502455
2026-08-10 17:00:00,45.14,45.3,45.06,45.08,2024.271809
2026-08-10 18:00:00,45.07,45.19,45.01,45.08,4465.274142
2026-08-10 19:00:00,45.08,45.19,45.01,45.15,5280.046548
2026-08-10 20:00:00,45.14,45.2,45.01,45.06,923.207132
2026-08-10 21:00:00,45.06,45.19,45.03,45.09,1625.185204
2026-08-10 22:00:00,45.09,45.2,45.03,45.19,846.911806
2026-08-10 23:00:00,45.18,45.22,45.13,45.13,1438.186056
2026-08-11 00:00:00,45.13,45.19,45.08,45.16,4690.499936
2026-08-11 01:00:00,45.15,45.28,45.11,45.28,428.89715
2026-08-11 02:00:00,45.28,45.31,45.2,45.21,511.551175
2026-08-11 03:00:00,45.21,45.26,45.21,45.24,299.097291
2026-08-11 04:00:00,45.24,45.24,45.16,45.17,429.155293
2026-08-11 05:00:00,45.18,45.19,45.06,45.1,586.09152
2026-08-11 06:00:00,45.1,45.22,45.04,45.1,1133.540592
2026-08-11 07:00:00,45.1,45.19,45.03,45.16,742.128514
2026-08-11 08:00:00,45.17,45.29,45.14,45.28,838.374554
2026-08-11 09:00:00,45.3,45.58,45.29,45.58,3077.173468
2026-08-11 10:00:00,45.56,45.56,45.41,45.45,864.275264
2026-08-11 11:00:00,45.47,45.52,45.37,45.49,1230.820465
2026-08-11 12:00:00,45.48,45.49,45.32,45.37,1320.840057
2026-08-11 13:00:00,45.37,45.47,45.03,45.03,3169.118207
2026-08-11 14:00:00,45.04,45.15,44.93,45.04,5437.087347
2026-08-11 15:00:00,45.02,45.19,44.93,45.03,13422.024183
2026-08-11 16:00:00,45.02,45.18,45.0,45.04,5848.781743
2026-08-11 17:00:00,45.06,45.3,45.06,45.26,1360.427528
2026-08-11 18:00:00,45.26,45.42,45.19,45.39,3647.34813
2026-08-11 19:00:00,45.38,45.53,45.3,45.5,1739.626795
2026-08-11 20:00:00,45.5,45.55,45.45,45.49,2512.860446
2026-08-11 21:00:00,45.49,45.54,45.43,45.51,3043.788864
2026-08-11 22:00:00,45.51,45.56,45.42,45.48,787.429032
2026-08-11 23:00:00,45.48,45.57,45.46,45.5,646.084498
2026-08-12 00:00:00,45.51,45.57,45.46,45.55,1040.145326
2026-08-12 01:00:00,45.55,45.6,45.45,45.46,3313.695678
2026-08-12 02:00:00,45.46,45.48,45.4,45.45,812.559704
2026-08-12 03:00:00,45.45,45.45,45.35,45.39,657.519989
2026-08-12 04:00:00,45.39,45.43,45.31,45.41,1167.622261
2026-08-12 05:00:00,45.4,45.46,45.28,45.33,1021.815563
2026-08-12 06:00:00,45.31,45.39,45.25,45.3,1434.133357
2026-08-12 07:00:00,45.31,45.35,45.21,45.3,1172.936588
2026-08-12 08:00:00,45.29,45.37,45.25,45.29,798.916826
2026-08-12 09:00:00,45.29,45.48,45.27,45.48,2708.904257
2026-08-12 10:00:00,45.47,45.52,45.41,45.43,758.054779
2026-08-12 11:00:00,45.44,45.48,45.37,45.46,1325.063609
2026-08-12 12:00:00,45.47,45.68,45.35,45.5,6790.415732
2026-08-12 13:00:00,45.51,45.66,45.43,45.59,2301.267869
2026-08-12 14:00:00,45.6,45.6,45.0,45.01,6485.554147
2026-08-12 15:00:00,45.0,45.18,44.97,45.08,2489.52197
2026-08-12 16:00:00,45.07,45.16,45.05,45.15,5892.597117
2026-08-12 17:00:00,45.16,45.21,45.05,45.19,1524.089931
2026-08-12 18:00:00,45.17,45.18,45.04,45.09,2591.833062
2026-08-12 19:00:00,45.1,45.14,44.67,44.79,8717.233856
2026-08-12 20:00:00,44.78,44.89,44.71,44.84,1189.883869
2026-08-12 21:00:00,44.84,44.94,44.7,44.82,5286.74985
2026-08-12 22:00:00,44.8,44.95,44.79,44.87,1201.209421
2026-08-12 23:00:00,44.87,44.95,44.81,44.88,1008.937704
2026-08-13 00:00:00,44.89,44.99,44.82,44.82,1671.359888
2026-08-13 01:00:00,44.81,44.89,44.7,44.86,962.894595
2026-08-13 02:00:00,44.86,44.9,44.79,44.9,1197.81889
2026-08-13 03:00:00,44.91,44.98,44.88,44.96,610.083679
2026-08-13 04:00:00,44.97,44.97,44.91,44.92,467.935028
2026-08-13 05:00:00,44.92,45.09,44.87,45.05,2012.700232
2026-08-13 06:00:00,45.06,45.07,44.97,45.02,978.866321
2026-08-13 07:00:00,45.03,45.04,44.87,44.87,4124.297962
2026-08-13 08:00:00,44.88,44.9,44.84,44.87,1181.828087
2026-08-13 09:00:00,44.89,44.97,44.85,44.96,2909.606961
2026-08-13 10:00:00,44.97,44.97,44.83,44.87,1061.563897
2026-08-13 11:00:00,44.86,44.86,44.68,44.7,1432.48433
2026-08-13 12:00:00,44.7,44.9,44.67,44.89,3272.762963
2026-08-13 13:00:00,44.89,45.03,44.73,44.73,2029.492878
2026-08-13 14:00:00,44.74,44.96,44.65,44.88,3378.58416
2026-08-13 15:00:00,44.89,44.93,44.72,44.72,1488.289761
2026-08-13 16:00:00,44.71,44.85,44.7,44.76,2475.4303
2026-08-13 17:00:00,44.76,44.82,44.7,44.76,1745.36593
2026-08-13 18:00:00,44.76,44.76,44.63,44.72,832.454747
2026-08-13 19:00:00,44.72,44.79,44.69,44.78,1590.449891
2026-08-13 20:00:00,44.79,44.81,44.74,44.77,748.498791
2026-08-13 21:00:00,44.76,44.79,44.71,44.73,727.735513
2026-08-13 22:00:00,44.73,44.87,44.73,44.84,1234.448719
2026-08-13 23:00:00,44.86,44.87,44.76,44.83,1508.581068
2026-08-14 00:00:00,44.83,44.87,44.74,44.74,1770.30854
2026-08-14 01:00:00,44.73,44.81,44.72,44.79,491.345893
2026-08-14 02:00:00,44.79,44.87,44.77,44.86,517.79912
2026-08-14 03:00:00,44.86,44.95,44.81,44.81,793.710715
2026-08-14 04:00:00,44.81,44.85,44.75,44.75,415.493771
2026-08-14 05:00:00,44.76,44.81,44.71,44.8,307.449337
2026-08-14 06:00:00,44.79,44.8,44.71,44.73,1663.013616
2026-08-14 07:00:00,44.72,44.75,44.61,44.64,1487.537582
2026-08-14 08:00:00,44.66,44.68,44.48,44.62,2654.598431
2026-08-14 09:00:00,44.64,44.77,44.61,44.68,3219.804934
2026-08-14 10:00:00,44.67,44.71,44.53,44.56,960.871895
2026-08-14 11:00:00,44.55,44.61,44.49,44.57,2169.142744
2026-08-14 12:00:00,44.57,44.58,44.36,44.4,1741.182384
2026-08-14 13:00:00,44.4,44.5,44.19,44.23,2865.536326
2026-08-14 14:00:00,44.22,44.29,43.98,43.99,7867.08123
2026-08-14 15:00:00,43.98,44.0,43.73,43.93,4228.240841
2026-08-14 16:00:00,43.93,44.09,43.84,44.07,8118.910588
2026-08-14 17:00:00,44.09,44.13,43.81,43.85,2141.660615
2026-08-14 18:00:00,43.83,44.0,43.72,43.72,1863.53069
2026-08-14 19:00:00,43.72,43.75,43.4,43.65,4453.805668
2026-08-14 20:00:00,43.63,43.72,43.54,43.55,1039.748389
2026-08-14 21:00:00,43.55,43.66,43.55,43.59,818.527852
2026-08-14 22:00:00,43.59,43.68,43.57,43.63,480.463274
2026-08-14 23:00:00,43.63,43.89,43.63,43.87,4990.596018
2026-08-15 00:00:00,43.88,43.92,43.69,43.69,4186.716946
2026-08-15 01:00:00,43.7,43.88,43.67,43.87,959.369581
2026-08-15 02:00:00,43.85,44.03,43.79,44.03,1236.024904
2026-08-15 03:00:00,44.03,44.04,43.88,44.0,2937.144418
2026-08-15 04:00:00,44.01,44.12,44.0,44.02,1417.420935
2026-08-15 05:00:00,44.04,44.11,44.0,44.0,582.888792
2026-08-15 06:00:00,44.01,44.1,44.01,44.1,825.860709
2026-08-15 07:00:00,44.09,44.12,44.0,44.01,1552.814357
2026-08-15 08:00:00,44.02,44.04,43.94,43.98,1286.615076
2026-08-15 09:00:00,43.99,44.08,43.94,44.07,1071.943525
2026-08-15 10:00:00,44.06,44.11,44.03,44.07,442.734148
2026-08-15 11:00:00,44.07,44.11,43.98,44.04,545.488253
2026-08-15 12:00:00,44.05,44.14,44.05,44.14,3057.917881
2026-08-15 13:00:00,44.13,44.18,44.11,44.15,548.848798
2026-08-15 14:00:00,44.16,44.2,44.06,44.13,826.409407
2026-08-15 15:00:00,44.12,44.3,44.1,44.28,804.123635
2026-08-15 16:00:00,44.28,44.3,44.14,44.16,544.834536
2026-08-15 17:00:00,44.16,44.25,44.06,44.23,747.887163
2026-08-15 18:00:00,44.23,44.31,44.15,44.27,1910.817965
2026-08-15 19:00:00,44.27,44.33,44.23,44.25,708.188486
2026-08-15 20:00:00,44.25,44.26,44.15,44.2,1675.037629
2026-08-15 21:00:00,44.2,44.2,44.07,44.1,1882.083569
2026-08-15 22:00:00,44.1,44.2,44.09,44.15,1185.069046
2026-08-15 23:00:00,44.15,44.16,44.05,44.11,1075.923325
2026-08-16 00:00:00,44.12,44.22,44.1,44.21,781.627506
2026-08-16 01:00:00,44.2,44.25,44.16,44.23,297.418256
2026-08-16 02:00:00,44.23,44.3,44.2,44.27,560.244161
2026-08-16 03:00:00,44.28,44.33,44.25,44.25,432.890565
2026-08-16 04:00:00,44.24,44.31,44.24,44.24,192.597961
2026-08-16 05:00:00,44.26,44.29,44.15,44.17,592.980722
2026-08-16 06:00:00,44.18,44.22,44.14,44.22,1792.225009
2026-08-16 07:00:00,44.22,44.32,44.2,44.3,567.345505
2026-08-16 08:00:00,44.31,44.39,44.3,44.39,1352.71124
2026-08-16 09:00:00,44.39,44.43,44.37,44.39,661.528604
2026-08-16 10:00:00,44.4,44.42,44.32,44.37,447.636875
2026-08-16 11:00:00,44.36,44.42,44.33,44.42,671.574761
2026-08-16 12:00:00,44.41,44.41,44.28,44.32,583.797257
2026-08-16 13:00:00,44.32,44.34,44.24,44.32,354.893344
2026-08-16 14:00:00,44.32,44.37,44.29,44.36,646.295792
2026-08-16 15:00:00,44.36,44.82,44.35,44.72,3720.993992
2026-08-16 16:00:00,44.73,44.75,44.54,44.57,1293.941146
2026-08-16 17:00:00,44.57,44.57,44.48,44.52,896.671177
2026-08-16 18:00:00,44.51,44.55,44.46,44.48,613.804339
2026-08-16 19:00:00,44.49,44.59,44.49,44.56,878.236516
2026-08-16 20:00:00,44.56,44.59,44.46,44.46,422.227185
2026-08-16 21:00:00,44.46,44.46,44.06,44.18,3098.322695
2026-08-16 22:00:00,44.15,44.19,44.06,44.14,1318.874326
2026-08-16 23:00:00,44.14,44.25,44.12,44.14,2137.351646
2026-08-17 00:00:00,44.16,44.19,44.1,44.15,1033.964256
2026-08-17 01:00:00,44.14,44.38,44.13,44.33,1416.534949
2026-08-17 02:00:00,44.33,44.48,44.27,44.42,643.908203
2026-08-17 03:00:00,44.44,44.44,44.25,44.25,960.232212
2026-08-17 04:00:00,44.26,44.32,44.25,44.27,1033.938335
2026-08-17 05:00:00,44.28,44.33,44.24,44.26,1273.692363
2026-08-17 06:00:00,44.25,44.32,44.2,44.21,1851.47791
2026-08-17 07:00:00,44.21,44.21,44.12,44.14,2068.852939
2026-08-17 08:00:00,44.14,44.14,43.84,43.88,5705.922391
2026-08-17 09:00:00,43.87,44.12,43.84,44.01,6571.348337
2026-08-17 10:00:00,44.01,44.25,43.99,44.18,4126.275683
2026-08-17 11:00:00,44.18,44.28,44.18,44.21,1341.802365
2026-08-17 12:00:00,44.22,44.25,44.15,44.2,1775.044688
2026-08-17 13:00:00,44.2,44.41,44.18,44.29,1574.492475
2026-08-17 14:00:00,44.29,44.5,44.27,44.5,2630.733303
2026-08-17 15:00:00,44.5,44.5,44.34,44.36,2529.402601
2026-08-17 16:00:00,44.35,44.57,44.34,44.51,1687.923526
2026-08-17 17:00:00,44.51,44.62,44.41,44.54,4426.508005
2026-08-17 18:00:00,44.54,44.65,44.5,44.63,1118.988944
2026-08-17 19:00:00,44.64,44.64,44.48,44.49,1319.906314
2026-08-17 20:00:00,44.49,44.6,44.44,44.58,1094.826578
2026-08-17 21:00:00,44.57,44.62,44.55,44.56,1103.780227
2026-08-17 22:00:00,44.58,44.59,44.43,44.45,712.551302
2026-08-17 23:00:00,44.46,44.58,44.43,44.56,1094.992978
2026-08-18 00:00:00,44.57,44.64,44.53,44.62,1053.023126
2026-08-18 01:00:00,44.63,44.63,44.42,44.46,914.734606
2026-08-18 02:00:00,44.47,44.53,44.15,44.2,5450.645698
2026-08-18 03:00:00,44.18,44.35,44.18,44.33,2466.834384
2026-08-18 04:00:00,44.33,44.39,44.29,44.34,782.086156
2026-08-18 05:00:00,44.34,44.35,44.22,44.27,529.688773
2026-08-18 06:00:00,44.28,44.59,44.24,44.54,1070.324282
2026-08-18 07:00:00,44.55,44.6,44.5,44.55,1191.47901
2026-08-18 08:00:00,44.53,44.62,44.43,44.59,1362.695867
2026-08-18 09:00:00,44.6,44.7,44.5,44.6,2091.306404
2026-08-18 10:00:00,44.61,44.62,44.48,44.49,1057.673024
2026-08-18 11:00:00,44.49,44.61,44.49,44.57,1128.925369
2026-08-18 12:00:00,44.57,44.6,44.5,44.55,629.374376
2026-08-18 13:00:00,44.53,44.61,44.41,44.45,1807.612699
2026-08-18 14:00:00,44.47,44.75,44.37,44.4,1864.909761
2026-08-18 15:00:00,44.4,44.42,44.18,44.22,4121.179122
2026-08-18 16:00:00,44.22,44.45,44.21,44.43,1737.78114
2026-08-18 17:00:00,44.43,44.43,44.27,44.31,921.003229
2026-08-18 18:00:00,44.32,44.54,44.31,44.54,1377.686899
2026-08-18 19:00:00,44.53,44.6,44.51,44.54,2070.542022
2026-08-18 20:00:00,44.55,44.61,44.48,44.61,822.670298
2026-08-18 21:00:00,44.6,44.63,44.48,44.49,3188.622184
2026-08-18 22:00:00,44.5,44.5,44.36,44.36,645.47491
2026-08-18 23:00:00,44.37,44.65,44.29,44.38,5673.479173
2026-08-19 00:00:00,44.4,44.45,44.36,44.38,1187.595673
2026-08-19 01:00:00,44.38,44.46,44.35,44.44,1425.27922
2026-08-19 02:00:00,44.44,44.44,44.35,44.4,1224.938577
2026-08-19 03:00:00,44.41,44.57,44.39,44.4,579.075029
2026-08-19 04:00:00,44.4,44.45,44.37,44.4,603.152174
2026-08-19 05:00:00,44.4,44.49,44.39,44.42,1123.690854
2026-08-19 06:00:00,44.42,44.55,44.39,44.52,1046.41004
2026-08-19 07:00:00,44.53,44.6,44.49,44.53,789.369339
2026-08-19 08:00:00,44.52,45.0,44.49,44.97,6042.807524
2026-08-19 09:00:00,44.98,45.07,44.87,44.89,2935.524283
2026-08-19 10:00:00,44.88,44.9,44.78,44.89,1828.096349
2026-08-19 11:00:00,44.9,45.0,44.77,44.82,2990.94583
2026-08-19 12:00:00,44.83,44.99,44.81,44.92,1524.884123
2026-08-19 13:00:00,44.91,45.06,44.87,44.95,2889.336576
2026-08-19 14:00:00,44.97,45.39,44.94,45.3,10152.382702
2026-08-19 15:00:00,45.31,46.19,45.19,45.7,23211.713348
2026-08-19 16:00:00,45.7,45.93,45.64,45.83,7168.832074
2026-08-19 17:00:00,45.83,45.85,45.57,45.74,2255.313865
2026-08-19 18:00:00,45.76,45.9,45.66,45.88,3367.533785
2026-08-19 19:00:00,45.89,46.06,45.79,46.02,3656.932844
2026-08-19 20:00:00,46.04,46.71,46.04,46.63,12711.323322
2026-08-19 21:00:00,46.63,47.25,46.5,47.15,17345.34468
2026-08-19 22:00:00,47.18,47.24,46.46,46.64,6855.470587
2026-08-19 23:00:00,46.65,46.79,46.5,46.79,2456.34349
2026-08-20 00:00:00,46.8,47.28,46.8,47.09,2356.398684
2026-08-20 01:00:00,47.1,47.19,46.9,47.11,2905.184495
2026-08-20 02:00:00,47.08,47.12,46.77,46.78,2041.759911
2026-08-20 03:00:00,46.77,46.84,46.5,46.76,5137.324125
2026-08-20 04:00:00,46.76,46.94,46.71,46.89,2043.926163
2026-08-20 05:00:00,46.87,46.93,46.75,46.82,867.268622
2026-08-20 06:00:00,46.82,47.06,46.77,46.99,4084.106304
2026-08-20 07:00:00,46.98,47.0,46.69,46.85,2022.392613
2026-08-20 08:00:00,46.86,47.65,46.82,47.56,11187.103644
2026-08-20 09:00:00,47.56,47.63,47.16,47.2,13276.025518
2026-08-20 10:00:00,47.2,47.54,47.16,47.38,4081.894698
2026-08-20 11:00:00,47.38,47.58,47.27,47.36,6402.784852
2026-08-20 12:00:00,47.37,47.5,47.11,47.47,3836.331789
2026-08-20 13:00:00,47.48,47.53,47.12,47.39,6169.579025
2026-08-20 14:00:00,47.4,47.81,47.36,47.79,3816.98633
2026-08-20 15:00:00,47.78,48.21,47.61,48.04,8359.871693
2026-08-20 16:00:00,48.03,48.57,47.72,48.51,10147.783276
2026-08-20 17:00:00,48.5,48.56,48.18,48.31,10783.666532
2026-08-20 18:00:00,48.31,48.59,47.88,48.04,9416.682215
2026-08-20 19:00:00,48.04,48.21,47.75,47.83,1579.572616
2026-08-20 20:00:00,47.84,48.25,47.78,48.1,2063.821419
2026-08-20 21:00:00,48.1,48.22,48.03,48.11,1569.467424
2026-08-20 22:00:00,48.14,48.14,47.76,47.83,2263.225549
2026-08-20 23:00:00,47.84,48.1,47.69,47.82,3506.028536
2026-08-21 00:00:00,47.82,48.22,47.79,47.97,3394.784384
2026-08-21 01:00:00,47.95,48.53,47.95,48.4,7937.951877
2026-08-21 02:00:00,48.41,48.42,48.1,48.1,4402.224667
2026-08-21 03:00:00,48.1,48.48,47.99,48.32,2910.31645
2026-08-21 04:00:00,48.33,48.74,48.33,48.72,2555.636407
2026-08-21 05:00:00,48.72,48.77,48.49,48.66,4558.971228
2026-08-21 06:00:00,48.66,49.01,48.51,48.87,19071.097678
2026-08-21 07:00:00,48.86,49.99,48.82,49.63,23969.115593
2026-08-21 08:00:00,49.66,51.5,49.65,51.5,38905.907381
2026-08-21 09:00:00,51.47,51.53,49.74,50.69,40927.089642
2026-08-21 10:00:00,50.69,51.01,50.4,50.87,9921.120829
2026-08-21 11:00:00,50.88,50.99,49.99,50.23,18922.37668
2026-08-21 12:00:00,50.22,50.79,50.14,50.59,12928.482402
2026-08-21 13:00:00,50.6,50.94,50.2,50.92,8965.898664
2026-08-21 14:00:00,50.92,51.51,50.55,51.51,7833.485249
2026-08-21 15:00:00,51.5,52.06,51.45,51.85,16090.080429
2026-08-21 16:00:00,51.84,52.31,51.13,51.84,10798.235184
2026-08-21 17:00:00,51.85,52.05,51.23,51.89,9589.629905
2026-08-21 18:00:00,51.91,52.11,51.45,51.64,5762.606799
2026-08-21 19:00:00,51.65,52.36,51.29,51.65,4674.316071
2026-08-21 20:00:00,51.64,52.4,51.43,52.38,4642.096068
2026-08-21 21:00:00,52.39,52.81,52.1,52.68,17235.286206
2026-08-21 22:00:00,52.69,54.18,52.55,53.8,28375.125805
2026-08-21 23:00:00,53.81,53.95,52.93,53.18,9395.13594
2026-08-22 00:00:00,53.18,53.87,52.71,53.85,11056.580794
2026-08-22 01:00:00,53.85,54.17,53.08,53.17,16235.331204
2026-08-22 02:00:00,53.17,54.64,53.16,54.51,40535.71097
2026-08-22 03:00:00,54.52,55.0,53.92,54.25,39321.844679
2026-08-22 04:00:00,54.25,55.43,53.82,54.92,54923.635199
2026-08-22 05:00:00,54.9,55.19,50.1,52.01,62945.209416
2026-08-22 06:00:00,52.0,52.15,51.25,52.02,15247.085548
2026-08-22 07:00:00,52.0,52.44,51.69,51.95,7167.648634
2026-08-22 08:00:00,51.95,52.15,50.9,51.37,20947.924621
2026-08-22 09:00:00,51.36,51.92,50.99,51.68,8046.632902
2026-08-22 10:00:00,51.69,51.69,50.5,51.31,18455.18123
2026-08-22 11:00:00,51.31,51.5,51.01,51.4,7891.902386
2026-08-22 12:00:00,51.41,51.86,51.29,51.65,4663.40731
2026-08-22 13:00:00,51.65,52.2,51.51,52.2,5854.393815
2026-08-22 14:00:00,52.2,52.28,51.5,51.9,6861.133491
2026-08-22 15:00:00,51.9,52.13,51.44,51.95,7298.155309
2026-08-22 16:00:00,51.96,52.57,51.75,52.32,6172.012545
2026-08-22 17:00:00,52.32,52.75,52.21,52.62,3796.687027
2026-08-22 18:00:00,52.62,53.0,52.6,52.95,4795.80801
2026-08-22 19:00:00,52.95,53.71,52.81,53.21,7268.598997
2026-08-22 20:00:00,53.22,53.51,52.78,52.93,6291.618412
2026-08-22 21:00:00,52.93,52.93,51.87,51.96,7362.36029
2026-08-22 22:00:00,51.96,52.72,51.8,52.59,4149.970305
2026-08-22 23:00:00,52.6,52.7,52.1,52.49,2507.85986
2026-08-23 00:00:00,52.47,52.92,52.24,52.78,3531.010525
2026-08-23 01:00:00,52.76,52.77,52.0,52.06,2456.267828
2026-08-23 02:00:00,52.03,52.05,51.39,51.55,8336.827
2026-08-23 03:00:00,51.55,51.62,51.1,51.22,14774.314447
2026-08-23 04:00:00,51.22,51.52,50.7,51.14,10054.744402
2026-08-23 05:00:00,51.13,51.34,50.58,50.79,12454.444834
2026-08-23 06:00:00,50.77,51.38,50.69,51.2,6314.112573
2026-08-23 07:00:00,51.2,51.49,51.11,51.24,3132.146072
2026-08-23 08:00:00,51.24,51.93,51.15,51.76,7761.022776
2026-08-23 09:00:00,51.73,51.99,51.68,51.84,9547.978565
2026-08-23 10:00:00,51.82,52.29,51.82,52.14,7040.854341
2026-08-23 11:00:00,52.14,52.47,52.1,52.3,7397.337695
2026-08-23 12:00:00,52.29,52.62,52.01,52.55,9925.607438
2026-08-23 13:00:00,52.54,53.09,52.42,53.01,7616.573465
2026-08-23 14:00:00,53.03,53.2,51.64,52.13,26984.815415
2026-08-23 15:00:00,52.13,52.28,51.66,52.03,7217.729838
2026-08-23 16:00:00,52.03,52.29,51.93,52.29,2103.273953
2026-08-23 17:00:00,52.29,52.49,52.07,52.36,1970.444541
2026-08-23 18:00:00,52.35,52.5,52.24,52.43,2043.064984
2026-08-23 19:00:00,52.41,52.47,52.07,52.31,2524.188828
2026-08-23 20:00:00,52.31,52.48,52.18,52.36,1987.720937
2026-08-23 21:00:00,52.38,52.81,52.38,52.46,6979.820156
2026-08-23 22:00:00,52.46,52.63,52.19,52.33,1255.676203
2026-08-23 23:00:00,52.34,52.66,52.24,52.27,3151.09628
2026-08-24 00:00:00,52.28,52.39,51.6,52.13,10211.019577
2026-08-24 01:00:00,52.14,52.19,51.33,51.43,5762.733266
2026-08-24 02:00:00,51.47,52.01,51.29,51.91,7720.832391
2026-08-24 03:00:00,51.9,51.93,51.49,51.71,10486.280459
2026-08-24 04:00:00,51.71,52.28,51.71,51.98,9627.481692
2026-08-24 05:00:00,51.99,52.23,51.8,52.08,8879.484684
2026-08-24 06:00:00,52.08,52.23,51.82,52.16,9699.607039
2026-08-24 07:00:00,52.17,52.52,52.06,52.13,7706.416538
2026-08-24 08:00:00,52.17,52.24,51.63,51.96,6564.767496
2026-08-24 09:00:00,51.94,53.58,51.94,53.17,24264.244411
2026-08-24 10:00:00,53.16,54.09,52.53,52.56,21454.276662
2026-08-24 11:00:00,52.59,53.22,52.4,52.99,16985.133465
2026-08-24 12:00:00,53.01,53.72,52.55,53.45,8947.7815
2026-08-24 13:00:00,53.49,53.49,51.82,52.07,16808.273651
2026-08-24 14:00:00,52.11,52.71,51.94,52.64,10324.377019
2026-08-24 15:00:00,52.64,52.96,52.17,52.37,11419.43947
2026-08-24 16:00:00,52.38,52.82,52.35,52.42,7221.230424
2026-08-24 17:00:00,52.41,52.47,51.66,51.84,9085.792231
2026-08-24 18:00:00,51.88,52.16,51.76,51.91,2236.931992
2026-08-24 19:00:00,51.93,52.0,51.5,51.61,4533.486077
2026-08-24 20:00:00,51.62,51.8,51.39,51.75,6547.391523
2026-08-24 21:00:00,51.76,51.88,51.67,51.85,2966.334811
2026-08-24 22:00:00,51.85,51.92,51.4,51.54,2383.091629
2026-08-24 23:00:00,51.55,51.75,51.21,51.67,8028.63133
2026-08-25 00:00:00,51.65,52.17,51.44,52.14,3903.619191
2026-08-25 01:00:00,52.12,52.4,51.98,52.33,4211.875793
2026-08-25 02:00:00,52.33,52.99,52.08,52.54,9373.877107
2026-08-25 03:00:00,52.53,52.76,52.3,52.34,5749.018524
2026-08-25 04:00:00,52.33,52.53,52.16,52.41,2515.380124
2026-08-25 05:00:00,52.39,52.78,52.37,52.65,7093.148679
2026-08-25 06:00:00,52.64,52.68,51.89,52.01,5498.624904
2026-08-25 07:00:00,52.01,52.3,51.32,51.73,14730.544886
2026-08-25 08:00:00,51.68,52.0,51.57,51.68,4584.721421
2026-08-25 09:00:00,51.7,51.76,50.96,51.31,9549.837237
2026-08-25 10:00:00,51.31,51.54,51.15,51.44,2837.783977
2026-08-25 11:00:00,51.43,51.49,51.07,51.1,7976.825423
2026-08-25 12:00:00,51.09,51.43,50.81,51.33,8314.339329
2026-08-25 13:00:00,51.32,51.36,50.31,50.76,8845.961806
2026-08-25 14:00:00,50.78,51.29,50.63,50.92,7040.368086
2026-08-25 15:00:00,50.92,51.2,50.82,51.19,6252.703645
2026-08-25 16:00:00,51.18,51.26,50.92,51.03,4251.193316
2026-08-25 17:00:00,51.01,51.11,50.72,51.04,2682.704986
2026-08-25 18:00:00,51.05,51.23,50.98,51.13,2387.392526
2026-08-25 19:00:00,51.1,51.14,50.73,50.85,1254.742844
2026-08-25 20:00:00,50.82,50.91,49.89,50.08,10020.45459
2026-08-25 21:00:00,50.07,50.39,49.42,50.35,9194.965705
2026-08-25 22:00:00,50.36,50.74,50.35,50.54,2718.919506
2026-08-25 23:00:00,50.52,50.57,49.88,49.95,2714.500083
2026-08-26 00:00:00,49.94,50.33,49.76,50.23,3755.250745
2026-08-26 01:00:00,50.21,50.49,50.1,50.32,2156.007032
2026-08-26 02:00:00,50.32,50.5,50.04,50.46,2832.899817
2026-08-26 03:00:00,50.44,50.55,50.28,50.32,2856.703523
2026-08-26 04:00:00,50.32,50.41,49.96,50.03,1714.672433
2026-08-26 05:00:00,50.02,50.45,49.89,50.37,2889.807196
2026-08-26 06:00:00,50.36,50.44,50.0,50.17,2881.804765
2026-08-26 07:00:00,50.14,50.37,50.05,50.19,2345.510375
2026-08-26 08:00:00,50.21,50.44,50.12,50.21,2401.270402
2026-08-26 09:00:00,50.21,50.38,49.97,50.14,4238.798775
2026-08-26 10:00:00,50.13,50.73,49.97,50.71,3212.997915
2026-08-26 11:00:00,50.71,50.82,50.42,50.57,3734.684869
2026-08-26 12:00:00,50.57,50.89,50.26,50.45,7015.082129
2026-08-26 13:00:00,50.45,50.45,49.91,50.18,6689.317497
2026-08-26 14:00:00,50.19,50.32,49.48,49.52,8259.002971
2026-08-26 15:00:00,49.52,49.65,49.2,49.55,10019.765129
2026-08-26 16:00:00,49.54,49.84,49.5,49.8,3647.808367
2026-08-26 17:00:00,49.78,50.05,49.72,49.92,2094.741208
2026-08-26 18:00:00,49.95,50.03,49.8,49.93,5073.51364
2026-08-26 19:00:00,49.9,49.99,49.75,49.83,6072.445714
2026-08-26 20:00:00,49.83,49.91,49.61,49.91,1744.564587
2026-08-26 21:00:00,49.91,50.16,49.8,50.11,27420.245668
2026-08-26 22:00:00,50.09,50.48,50.0,50.07,12643.048899
2026-08-26 23:00:00,50.04,50.58,50.03,50.52,3160.205561
2026-08-27 00:00:00,50.52,50.52,49.87,49.88,5252.032315
2026-08-27 01:00:00,49.88,50.19,49.79,49.98,4347.773562
2026-08-27 02:00:00,49.97,50.11,49.9,49.92,1274.909182
2026-08-27 03:00:00,49.93,50.12,49.77,49.95,3742.311303
2026-08-27 04:00:00,49.96,50.02,49.68,49.73,2990.865857
2026-08-27 05:00:00,49.74,49.8,49.4,49.78,5867.77743
2026-08-27 06:00:00,49.75,49.81,49.54,49.76,4522.236904
2026-08-27 07:00:00,49.75,49.85,49.63,49.8,3737.857179
2026-08-27 08:00:00,49.79,50.28,49.68,50.21,61611.242955
2026-08-27 09:00:00,50.15,50.52,50.05,50.26,10119.025692
2026-08-27 10:00:00,50.26,50.34,49.6,49.94,10041.187105
2026-08-27 11:00:00,49.91,50.12,49.67,49.85,5109.095652
2026-08-27 12:00:00,49.86,49.97,49.64,49.66,2760.231039
2026-08-27 13:00:00,49.66,50.18,49.64,50.05,3775.039895
2026-08-27 14:00:00,50.05,50.48,49.81,50.26,12179.310464
2026-08-27 15:00:00,50.27,50.54,49.91,50.18,14898.650188
2026-08-27 16:00:00,50.2,50.5,50.08,50.25,11733.266716
2026-08-27 17:00:00,50.24,50.5,50.03,50.19,9239.262824
2026-08-27 18:00:00,50.19,50.19,49.71,49.97,7728.353206
2026-08-27 19:00:00,49.98,50.11,49.9,49.99,5547.439531
2026-08-27 20:00:00,49.98,50.11,49.88,50.0,1277.7828
2026-08-27 21:00:00,49.97,50.06,49.79,50.0,3097.850467
2026-08-27 22:00:00,50.0,50.21,49.96,49.99,2126.688999
2026-08-27 23:00:00,49.98,50.02,49.87,49.91,1306.208503
2026-08-28 00:00:00,49.92,50.19,49.66,50.08,4367.603497
2026-08-28 01:00:00,50.08,50.5,49.95,49.98,5725.433295
2026-08-28 02:00:00,49.96,49.97,48.97,49.34,18641.477134
2026-08-28 03:00:00,49.34,49.45,49.16,49.36,4756.971045
2026-08-28 04:00:00,49.34,49.48,49.11,49.24,2684.466004
2026-08-28 05:00:00,49.24,49.32,49.01,49.19,7527.623422
2026-08-28 06:00:00,49.2,49.44,49.2,49.4,2771.990331
2026-08-28 07:00:00,49.39,49.4,49.16,49.2,1441.171646
2026-08-28 08:00:00,49.22,49.31,48.95,49.0,10476.953006
2026-08-28 09:00:00,49.01,49.13,48.75,48.96,5352.374021
2026-08-28 10:00:00,48.95,49.11,48.67,49.08,6003.884663
2026-08-28 11:00:00,49.08,49.2,49.03,49.1,2075.467419
2026-08-28 12:00:00,49.12,49.16,48.73,49.06,7413.970868
2026-08-28 13:00:00,49.03,49.15,48.84,49.07,3206.460157
2026-08-28 14:00:00,49.06,49.47,48.42,49.34,15176.371908
2026-08-28 15:00:00,49.38,49.49,48.51,48.57,5499.133895
2026-08-28 16:00:00,48.59,48.88,47.96,48.86,15354.742043
2026-08-28 17:00:00,48.87,49.1,48.77,49.07,4011.02731
2026-08-28 18:00:00,49.06,49.09,48.59,48.88,6032.100237
2026-08-28 19:00:00,48.9,49.24,48.9,49.21,2480.828723
2026-08-28 20:00:00,49.2,49.57,49.17,49.57,6532.061419
2026-08-28 21:00:00,49.57,49.58,49.13,49.24,3721.039128
2026-08-28 22:00:00,49.25,49.41,49.24,49.32,12042.474483
2026-08-28 23:00:00,49.31,49.33,49.22,49.32,3580.5314
2026-08-29 00:00:00,49.32,49.5,49.18,49.2,4517.268699
2026-08-29 01:00:00,49.2,49.2,49.07,49.19,1456.825121
2026-08-29 02:00:00,49.19,49.26,48.95,49.0,3417.217409
2026-08-29 03:00:00,49.0,49.02,48.89,48.91,776.176512
2026-08-29 04:00:00,48.91,49.14,48.91,49.09,745.885707
2026-08-29 05:00:00,49.1,49.22,49.07,49.2,1143.238779
2026-08-29 06:00:00,49.19,49.33,49.01,49.3,3052.407843
2026-08-29 07:00:00,49.3,49.32,49.15,49.24,1890.184442
2026-08-29 08:00:00,49.22,49.3,48.94,49.04,4542.703816
2026-08-29 09:00:00,49.04,49.04,48.83,48.86,2427.143304
2026-08-29 10:00:00,48.87,48.89,48.73,48.81,3006.238489
2026-08-29 11:00:00,48.79,48.86,48.7,48.72,1136.068431
2026-08-29 12:00:00,48.73,48.87,48.72,48.79,1909.491313
2026-08-29 13:00:00,48.79,48.96,48.74,48.95,436.016735
2026-08-29 14:00:00,48.94,49.26,48.93,49.16,6249.054148
2026-08-29 15:00:00,49.16,49.17,48.98,49.07,1724.207376
2026-08-29 16:00:00,49.07,49.19,48.87,48.89,2506.808317
2026-08-29 17:00:00,48.89,48.96,48.71,48.78,5508.493375
2026-08-29 18:00:00,48.77,48.85,48.57,48.77,7776.350516
2026-08-29 19:00:00,48.78,48.93,48.72,48.87,1990.269796
2026-08-29 20:00:00,48.89,49.05,48.87,48.92,2247.106421
2026-08-29 21:00:00,48.93,48.99,48.8,48.93,3707.665097
2026-08-29 22:00:00,48.93,48.97,48.9,48.96,636.94185
2026-08-29 23:00:00,48.96,49.04,48.87,49.02,2644.132011
2026-08-30 00:00:00,49.02,49.02,48.75,48.8,9416.588446
2026-08-30 01:00:00,48.8,48.85,48.75,48.81,1194.121243
2026-08-30 02:00:00,48.82,48.97,48.77,48.92,1218.232699
2026-08-30 03:00:00,48.91,48.94,48.86,48.89,3640.46769
2026-08-30 04:00:00,48.9,48.92,48.75,48.83,722.580273
2026-08-30 05:00:00,48.83,48.96,48.83,48.96,3065.495432
2026-08-30 06:00:00,48.96,49.04,48.9,49.04,6241.08405
2026-08-30 07:00:00,49.04,49.04,48.86,48.91,3299.812559
2026-08-30 08:00:00,48.9,49.04,48.9,49.02,2869.291431
2026-08-30 09:00:00,49.03,49.18,49.01,49.11,1735.446273
2026-08-30 10:00:00,49.12,49.3,49.09,49.25,2174.401351
2026-08-30 11:00:00,49.28,49.36,49.18,49.36,2959.88855
2026-08-30 12:00:00,49.35,49.78,49.3,49.69,8553.644211
2026-08-30 13:00:00,49.69,49.79,49.6,49.67,3527.613016
2026-08-30 14:00:00,49.67,49.98,49.58,49.88,7046.690933
2026-08-30 15:00:00,49.89,50.12,49.77,50.03,5102.805522
2026-08-30 16:00:00,50.03,50.14,49.89,50.06,7929.881283
2026-08-30 17:00:00,50.05,50.05,49.74,49.9,1788.784611
2026-08-30 18:00:00,49.93,50.02,49.78,49.94,2096.539208
2026-08-30 19:00:00,49.95,49.95,49.52,49.71,1378.332446
2026-08-30 20:00:00,49.72,49.78,49.16,49.3,4231.91914
2026-08-30 21:00:00,49.29,49.32,48.88,49.15,3860.771178
2026-08-30 22:00:00,49.15,49.31,48.63,48.82,4245.106518
2026-08-30 23:00:00,48.78,48.81,47.38,47.95,15796.731899
2026-08-31 00:00:00,47.94,48.47,47.72,48.31,6694.793416
2026-08-31 01:00:00,48.32,48.38,47.89,47.97,4086.997871
2026-08-31 02:00:00,47.98,48.3,47.96,48.13,2165.276335
2026-08-31 03:00:00,48.13,48.49,48.09,48.43,1278.77789
2026-08-31 04:00:00,48.44,48.44,48.07,48.3,1795.501861
2026-08-31 05:00:00,48.31,48.66,48.24,48.62,2381.372509
2026-08-31 06:00:00,48.58,48.78,48.54,48.66,4147.720951
2026-08-31 07:00:00,48.66,48.72,48.55,48.63,3223.306169
2026-08-31 08:00:00,48.62,48.8,48.46,48.76,2405.177799
2026-08-31 09:00:00,48.76,48.86,48.57,48.62,5163.844697
2026-08-31 10:00:00,48.59,48.65,48.39,48.58,3317.460988
2026-08-31 11:00:00,48.57,48.6,48.29,48.35,8168.107412
2026-08-31 12:00:00,48.34,48.65,48.27,48.51,3590.877734
2026-08-31 13:00:00,48.52,48.74,48.15,48.22,3166.348579
2026-08-31 14:00:00,48.25,48.63,48.12,48.44,2076.308601
2026-08-31 15:00:00,48.45,48.62,48.32,48.54,3316.743011
2026-08-31 16:00:00,48.54,48.63,48.28,48.37,3864.382462
2026-08-31 17:00:00,48.37,48.67,48.32,48.59,2825.95507
2026-08-31 18:00:00,48.57,48.96,48.52,48.9,1872.918056
2026-08-31 19:00:00,48.9,48.98,48.86,48.96,1087.018636
2026-08-31 20:00:00,48.95,49.04,48.81,48.88,3134.71938
2026-08-31 21:00:00,48.87,48.88,48.64,48.65,2701.738622
2026-08-31 22:00:00,48.65,48.71,48.54,48.58,789.775287
2026-08-31 23:00:00,48.58,48.58,48.44,48.55,1067.806516
2026-09-01 00:00:00,48.54,48.83,48.52,48.73,2042.374485
2026-09-01 01:00:00,48.78,48.88,48.68,48.7,1534.417182
2026-09-01 02:00:00,48.7,48.79,48.59,48.76,931.730816
2026-09-01 03:00:00,48.75,49.0,48.74,48.98,1559.361843
2026-09-01 04:00:00,48.98,49.03,48.75,48.77,3531.743445
2026-09-01 05:00:00,48.76,49.16,48.75,49.14,2660.748468
2026-09-01 06:00:00,49.12,49.16,48.85,48.86,2002.60604
2026-09-01 07:00:00,48.86,49.01,48.79,48.89,1864.1509
2026-09-01 08:00:00,48.9,48.93,48.35,48.39,3995.343415
2026-09-01 09:00:00,48.39,48.64,48.29,48.63,1600.161511
2026-09-01 10:00:00,48.62,49.02,48.57,48.96,5117.477534
2026-09-01 11:00:00,48.96,49.17,48.82,49.1,3806.05915
2026-09-01 12:00:00,49.09,49.3,48.87,49.13,5248.889238
2026-09-01 13:00:00,49.14,49.55,48.95,49.45,8916.397898
2026-09-01 14:00:00,49.46,49.83,49.41,49.62,7255.957899
2026-09-01 15:00:00,49.61,49.98,49.31,49.87,7703.153077
2026-09-01 16:00:00,49.88,49.91,49.41,49.74,5052.887224
2026-09-01 17:00:00,49.73,49.97,49.47,49.65,2908.26486
2026-09-01 18:00:00,49.69,49.72,48.82,49.34,7840.691911
2026-09-01 19:00:00,49.35,49.64,49.22,49.53,1811.93632
2026-09-01 20:00:00,49.53,49.73,49.31,49.64,3084.223206
2026-09-01 21:00:00,49.63,49.97,49.3,49.96,3180.962986
2026-09-01 22:00:00,49.95,50.11,49.5,49.5,6248.135131
2026-09-01 23:00:00,49.51,49.68,49.39,49.56,1092.804145
2026-09-02 00:00:00,49.57,49.86,49.08,49.15,13322.333571
2026-09-02 01:00:00,49.15,49.31,48.85,49.04,3657.333669
2026-09-02 02:00:00,49.03,49.35,49.0,49.3,3375.379945
2026-09-02 03:00:00,49.3,49.59,49.1,49.17,10063.735863
2026-09-02 04:00:00,49.15,49.48,48.99,49.43,4478.629321
2026-09-02 05:00:00,49.43,49.53,49.27,49.43,2164.510036
2026-09-02 06:00:00,49.44,49.74,49.29,49.49,4403.983637
2026-09-02 07:00:00,49.47,49.72,49.0,49.17,7425.586368
2026-09-02 08:00:00,49.19,49.19,48.69,48.82,7494.497479
2026-09-02 09:00:00,48.83,48.94,48.64,48.85,6177.744814
2026-09-02 10:00:00,48.84,48.85,48.51,48.77,4317.873585
2026-09-02 11:00:00,48.77,48.83,48.58,48.83,856.58297
2026-09-02 12:00:00,48.82,48.94,48.68,48.76,11709.97588
2026-09-02 13:00:00,48.76,49.29,48.76,49.22,4347.80745
2026-09-02 14:00:00,49.22,49.39,49.11,49.12,2182.053089
2026-09-02 15:00:00,49.1,49.53,48.99,49.42,8834.133698
2026-09-02 16:00:00,49.41,49.66,49.33,49.38,5058.345918
2026-09-02 17:00:00,49.4,49.56,49.27,49.53,6041.532395
2026-09-02 18:00:00,49.54,49.77,49.4,49.73,10874.50833
2026-09-02 19:00:00,49.71,49.87,49.59,49.79,2611.626715
2026-09-02 20:00:00,49.8,50.0,49.71,49.74,3606.334115
2026-09-02 21:00:00,49.75,49.93,49.57,49.9,3277.262294
2026-09-02 22:00:00,49.85,49.86,49.52,49.53,3014.817291
2026-09-02 23:00:00,49.53,49.69,49.5,49.69,955.041883
2026-09-03 00:00:00,49.7,49.87,49.59,49.63,4890.944008
2026-09-03 01:00:00,49.61,50.07,49.48,49.76,6231.087329
2026-09-03 02:00:00,49.77,50.23,49.76,50.22,2888.417893
2026-09-03 03:00:00,50.23,50.24,50.07,50.15,2304.565066
2026-09-03 04:00:00,50.15,50.37,50.08,50.37,3324.957678
2026-09-03 05:00:00,50.37,50.39,49.84,50.18,3975.886008
2026-09-03 06:00:00,50.19,50.4,50.07,50.33,3092.022892
2026-09-03 07:00:00,50.33,50.57,50.31,50.44,6160.981019
2026-09-03 08:00:00,50.44,50.98,50.44,50.84,5161.036483
2026-09-03 09:00:00,50.84,50.93,50.42,50.57,4083.248349
2026-09-03 10:00:00,50.57,50.76,50.46,50.64,1539.92976
2026-09-03 11:00:00,50.66,51.02,50.54,50.96,8683.490241
2026-09-03 12:00:00,50.96,51.1,50.81,51.02,8043.037429
2026-09-03 13:00:00,51.02,51.05,50.66,50.77,3969.722191
2026-09-03 14:00:00,50.7,51.28,50.67,51.16,7938.957569
2026-09-03 15:00:00,51.16,51.35,50.98,51.3,12774.551235
2026-09-03 16:00:00,51.32,51.34,50.99,51.31,10465.36951
2026-09-03 17:00:00,51.32,51.44,51.23,51.31,5660.80236
2026-09-03 18:00:00,51.32,51.37,51.2,51.34,4446.801008
2026-09-03 19:00:00,51.34,51.78,51.33,51.66,9272.833756
2026-09-03 20:00:00,51.66,51.74,51.47,51.62,4560.855877
2026-09-03 21:00:00,51.64,51.86,51.54,51.71,4400.908517
2026-09-03 22:00:00,51.72,51.79,51.19,51.24,9780.048515
2026-09-03 23:00:00,51.24,51.51,51.23,51.5,3197.318555
2026-09-04 00:00:00,51.49,51.62,51.02,51.03,4412.760026
2026-09-04 01:00:00,51.06,51.15,51.0,51.12,1963.172418
2026-09-04 02:00:00,51.1,51.17,51.01,51.16,1546.872266
2026-09-04 03:00:00,51.17,51.22,51.03,51.08,1362.20203
2026-09-04 04:00:00,51.08,51.34,51.06,51.12,1743.881964
2026-09-04 05:00:00,51.11,51.18,50.73,50.86,3865.033311
2026-09-04 06:00:00,50.85,51.02,50.79,51.0,2701.367315
2026-09-04 07:00:00,51.02,51.24,50.99,51.2,2947.417244
2026-09-04 08:00:00,51.2,51.33,51.0,51.32,3957.862113
2026-09-04 09:00:00,51.31,51.42,51.15,51.18,5317.712961
2026-09-04 10:00:00,51.2,51.29,51.07,51.2,2372.633516
2026-09-04 11:00:00,51.2,51.37,51.11,51.31,1665.64783
2026-09-04 12:00:00,51.32,51.43,49.92,50.44,12878.885358
2026-09-04 13:00:00,50.42,50.74,50.33,50.49,6058.6083
2026-09-04 14:00:00,50.49,50.55,49.8,50.01,20497.503447
2026-09-04 15:00:00,50.02,50.31,49.94,50.26,15912.455766
2026-09-04 16:00:00,50.26,50.59,50.2,50.5,3744.22729
2026-09-04 17:00:00,50.48,50.5,50.24,50.25,1173.687329
2026-09-04 18:00:00,50.24,50.46,50.24,50.44,1243.292109
2026-09-04 19:00:00,50.46,50.69,50.46,50.67,1635.306958
2026-09-04 20:00:00,50.67,50.83,50.63,50.8,1886.02487
2026-09-04 21:00:00,50.79,50.91,50.64,50.72,3037.975684
2026-09-04 22:00:00,50.71,50.85,50.63,50.71,1350.043059
2026-09-04 23:00:00,50.7,50.86,50.6,50.77,1526.415058
2026-09-05 00:00:00,50.74,51.2,50.73,51.02,2199.884494
2026-09-05 01:00:00,51.04,51.93,50.95,51.35,11494.810408
2026-09-05 02:00:00,51.35,52.26,51.3,52.19,10294.29051
2026-09-05 03:00:00,52.21,52.83,52.13,52.47,19003.005177
2026-09-05 04:00:00,52.46,52.72,52.24,52.59,6654.18638
2026-09-05 05:00:00,52.61,52.95,52.38,52.79,7896.059636
2026-09-05 06:00:00,52.79,53.83,52.79,53.59,17234.005093
2026-09-05 07:00:00,53.6,54.36,53.57,53.74,25487.346635
2026-09-05 08:00:00,53.77,53.88,52.92,53.1,17231.818924
2026-09-05 09:00:00,53.06,53.13,52.84,53.04,10987.046249
2026-09-05 10:00:00,53.02,53.12,52.8,52.93,5542.68164
2026-09-05 11:00:00,52.93,53.03,52.79,52.97,5014.345528
2026-09-05 12:00:00,52.97,53.7,52.89,53.6,7359.540026
2026-09-05 13:00:00,53.61,54.09,53.5,53.84,11460.970171
2026-09-05 14:00:00,53.82,54.04,53.67,53.79,8586.737596
2026-09-05 15:00:00,53.8,54.41,53.46,53.68,9338.259015
2026-09-05 16:00:00,53.71,54.45,53.67,54.41,5450.339451
2026-09-05 17:00:00,54.42,54.98,54.26,54.92,13703.711532
2026-09-05 18:00:00,54.92,55.14,54.49,54.53,8935.233524
2026-09-05 19:00:00,54.52,54.67,54.09,54.23,3922.327601
2026-09-05 20:00:00,54.25,54.31,53.67,53.87,4384.604502
2026-09-05 21:00:00,53.88,54.52,53.8,54.51,2604.836236
2026-09-05 22:00:00,54.52,55.35,54.41,54.84,11176.240459
2026-09-05 23:00:00,54.85,54.97,54.56,54.71,3819.005438
2026-09-06 00:00:00,54.69,54.82,54.36,54.42,5272.398578
2026-09-06 01:00:00,54.43,54.87,54.32,54.83,3745.462921
2026-09-06 02:00:00,54.85,54.95,54.6,54.68,2782.541672
2026-09-06 03:00:00,54.67,55.16,54.56,54.72,3773.476788
2026-09-06 04:00:00,54.73,54.73,54.18,54.28,3317.672239
2026-09-06 05:00:00,54.28,54.72,53.94,54.35,7353.161009
2026-09-06 06:00:00,54.34,54.34,54.04,54.24,2454.597317
2026-09-06 07:00:00,54.26,54.34,53.38,53.98,11695.260316
2026-09-06 08:00:00,53.96,54.37,53.87,54.16,5703.21746
2026-09-06 09:00:00,54.16,54.41,54.08,54.22,2901.029544
2026-09-06 10:00:00,54.21,54.42,54.14,54.32,2020.098779
2026-09-06 11:00:00,54.33,54.64,54.21,54.63,1679.118541
2026-09-06 12:00:00,54.62,54.67,54.25,54.32,3112.932016
2026-09-06 13:00:00,54.31,54.67,54.04,54.61,2649.154891
2026-09-06 14:00:00,54.58,54.61,53.78,54.25,10948.639998
2026-09-06 15:00:00,54.25,54.51,53.97,54.48,4282.740478
2026-09-06 16:00:00,54.48,54.79,54.45,54.61,5953.967278
2026-09-06 17:00:00,54.6,54.62,54.06,54.17,4105.5364
2026-09-06 18:00:00,54.16,54.51,54.07,54.2,4481.360265
2026-09-06 19:00:00,54.21,54.26,53.91,54.08,2892.280235
2026-09-06 20:00:00,54.08,54.41,54.07,54.37,1366.831141
2026-09-06 21:00:00,54.4,55.17,54.4,54.63,8622.621671
2026-09-06 22:00:00,54.65,54.82,54.54,54.75,2415.926804
2026-09-06 23:00:00,54.73,55.07,54.64,54.95,2645.283314
2026-09-07 00:00:00,54.96,56.3,54.9,55.44,16013.461045
2026-09-07 01:00:00,55.45,55.53,54.27,54.36,7936.397619
2026-09-07 02:00:00,54.36,54.92,54.17,54.28,5014.560086
2026-09-07 03:00:00,54.28,54.44,53.91,54.18,7016.05505
2026-09-07 04:00:00,54.17,54.5,54.08,54.45,3123.175389
2026-09-07 05:00:00,54.44,54.71,54.43,54.48,3752.379791
2026-09-07 06:00:00,54.45,54.96,54.43,54.5,2828.048939
2026-09-07 07:00:00,54.49,54.79,54.23,54.49,5170.12133
2026-09-07 08:00:00,54.51,54.96,54.48,54.56,5396.209344
2026-09-07 09:00:00,54.57,56.22,54.51,55.52,21412.221707
2026-09-07 10:00:00,55.52,56.45,55.52,55.97,11754.108223
2026-09-07 11:00:00,55.97,56.09,55.68,55.86,7477.589573
2026-09-07 12:00:00,55.87,59.25,55.87,59.09,44776.484857
2026-09-07 13:00:00,59.1,59.4,57.41,57.5,33351.118168
2026-09-07 14:00:00,57.48,57.63,56.23,57.05,21339.11658
2026-09-07 15:00:00,57.06,57.11,55.2,55.4,16922.042634
2026-09-07 16:00:00,55.41,55.98,55.4,55.58,10845.001397
2026-09-07 17:00:00,55.59,55.76,55.19,55.23,7596.900845
2026-09-07 18:00:00,55.23,55.42,54.94,55.1,4872.282084
2026-09-07 19:00:00,55.12,55.35,54.94,55.26,3470.779768
2026-09-07 20:00:00,55.25,55.39,54.98,55.37,4106.676591
2026-09-07 21:00:00,55.39,55.76,55.36,55.61,3734.89598
2026-09-07 22:00:00,55.6,55.76,55.06,55.28,3849.813179
2026-09-07 23:00:00,55.27,55.49,55.1,55.22,4647.755156
2026-09-08 00:00:00,55.21,55.67,55.12,55.66,3131.937976
2026-09-08 01:00:00,55.65,55.88,55.56,55.85,3712.430193
2026-09-08 02:00:00,55.85,56.25,55.21,55.21,8177.993203
2026-09-08 03:00:00,55.21,55.42,55.03,55.09,4932.29152
2026-09-08 04:00:00,55.07,55.36,54.88,55.12,4969.877683
2026-09-08 05:00:00,55.12,55.47,55.01,55.05,2977.506406
2026-09-08 06:00:00,55.07,55.16,54.52,54.85,7365.476409
2026-09-08 07:00:00,54.86,55.35,54.84,55.15,3215.883422
2026-09-08 08:00:00,55.15,55.61,54.99,55.45,3870.787849
2026-09-08 09:00:00,55.47,55.78,55.14,55.7,4977.590357
2026-09-08 10:00:00,55.7,55.84,55.51,55.59,4542.631055
2026-09-08 11:00:00,55.59,55.68,55.13,55.42,4133.007131
2026-09-08 12:00:00,55.4,55.7,55.22,55.43,7159.728803
2026-09-08 13:00:00,55.46,55.77,54.55,54.88,10646.604983
2026-09-08 14:00:00,54.89,54.97,54.4,54.62,8800.869947
2026-09-08 15:00:00,54.62,55.27,54.62,54.98,10590.106386
2026-09-08 16:00:00,54.96,54.99,54.32,54.51,6357.916362
2026-09-08 17:00:00,54.5,54.65,54.15,54.21,5162.143357
2026-09-08 18:00:00,54.2,54.57,53.85,53.98,5034.058236
2026-09-08 19:00:00,54.0,54.35,53.93,54.22,3734.810365
2026-09-08 20:00:00,54.22,54.44,53.97,54.17,4372.735471
2026-09-08 21:00:00,54.19,54.3,54.04,54.1,992.744753
2026-09-08 22:00:00,54.09,54.39,54.09,54.39,2530.986925
2026-09-08 23:00:00,54.4,54.45,54.25,54.3,1313.266281
2026-09-09 00:00:00,54.32,54.55,54.23,54.35,2172.698582
2026-09-09 01:00:00,54.34,54.36,54.08,54.23,1465.755292
2026-09-09 02:00:00,54.24,54.24,54.01,54.07,3461.732961
2026-09-09 03:00:00,54.08,54.09,53.7,53.73,2938.545228
2026-09-09 04:00:00,53.73,54.47,53.73,54.44,5376.350461
2026-09-09 05:00:00,54.44,54.48,53.98,54.08,2182.596187
2026-09-09 06:00:00,54.09,54.55,53.98,54.45,3562.655241
2026-09-09 07:00:00,54.43,54.71,54.4,54.45,2020.276163
2026-09-09 08:00:00,54.46,54.77,54.4,54.72,3898.924091
2026-09-09 09:00:00,54.72,54.78,54.08,54.14,3923.752382
2026-09-09 10:00:00,54.12,54.17,53.84,54.0,7557.309642
2026-09-09 11:00:00,54.0,54.36,53.5,54.32,7053.746186
2026-09-09 12:00:00,54.32,54.42,54.04,54.2,2718.80934
2026-09-09 13:00:00,54.2,54.49,53.94,54.13,4197.341442
2026-09-09 14:00:00,54.15,54.38,53.8,54.24,4371.846383
2026-09-09 15:00:00,54.25,54.48,53.3,54.06,8911.037969
2026-09-09 16:00:00,54.06,54.31,53.8,54.14,3284.699023
2026-09-09 17:00:00,54.14,54.55,54.07,54.37,2428.731953
2026-09-09 18:00:00,54.36,54.42,54.09,54.15,1699.992171
2026-09-09 19:00:00,54.11,54.17,53.45,53.53,5441.201216
2026-09-09 20:00:00,53.54,53.76,53.21,53.72,4808.112041
2026-09-09 21:00:00,53.7,53.74,53.01,53.4,4670.032171
2026-09-09 22:00:00,53.41,53.5,52.46,52.69,12580.326617
2026-09-09 23:00:00,52.68,53.21,52.68,53.19,1775.696074
2026-09-10 00:00:00,53.18,53.29,52.96,53.02,2667.799643
2026-09-10 01:00:00,53.02,53.4,52.53,52.71,8038.214266
2026-09-10 02:00:00,52.71,53.04,52.63,53.0,2575.194589
2026-09-10 03:00:00,53.02,53.05,52.78,52.85,2218.776145
2026-09-10 04:00:00,52.81,52.98,52.7,52.71,1403.492704
2026-09-10 05:00:00,52.73,52.93,52.59,52.89,1382.47273
2026-09-10 06:00:00,52.9,52.93,52.57,52.83,1632.531399
2026-09-10 07:00:00,52.82,52.82,52.26,52.41,4380.96819
2026-09-10 08:00:00,52.42,52.58,52.3,52.43,5892.758215
2026-09-10 09:00:00,52.43,52.55,52.23,52.41,1350.796952
2026-09-10 10:00:00,52.4,52.48,52.24,52.28,1948.872159
2026-09-10 11:00:00,52.27,52.46,52.13,52.21,2634.074748
2026-09-10 12:00:00,52.2,52.59,51.66,51.84,11715.554357
2026-09-10 13:00:00,51.81,52.59,51.8,52.42,7696.639605
2026-09-10 14:00:00,52.43,52.56,52.09,52.39,4430.194101
2026-09-10 15:00:00,52.38,52.38,52.05,52.22,2669.252027
2026-09-10 16:00:00,52.23,52.28,51.67,52.27,8199.32
2026-09-10 17:00:00,52.27,52.54,52.19,52.35,2468.428451
2026-09-10 18:00:00,52.35,52.49,52.02,52.43,1187.813715
2026-09-10 19:00:00,52.42,52.47,52.13,52.15,3911.086102
2026-09-10 20:00:00,52.15,52.45,52.12,52.36,2494.703452
2026-09-10 21:00:00,52.36,52.45,52.3,52.39,508.274243
2026-09-10 22:00:00,52.4,52.67,52.31,52.36,1830.014828
2026-09-10 23:00:00,52.36,52.44,51.98,52.13,2371.972571
2026-09-11 00:00:00,52.13,52.8,52.13,52.64,7340.81007
2026-09-11 01:00:00,52.63,53.03,52.53,52.82,4477.01379
2026-09-11 02:00:00,52.81,52.91,52.54,52.84,1586.054765
2026-09-11 03:00:00,52.84,53.11,52.69,53.08,2864.431573
2026-09-11 04:00:00,53.09,53.22,52.8,52.84,1940.161132
2026-09-11 05:00:00,52.81,52.97,52.63,52.94,3272.497428
2026-09-11 06:00:00,52.94,53.19,52.86,52.99,3891.616079
2026-09-11 07:00:00,52.99,53.35,52.99,53.11,2975.444791
2026-09-11 08:00:00,53.11,53.29,53.0,53.13,2296.179251
2026-09-11 09:00:00,53.13,53.13,52.43,52.6,3850.706715
2026-09-11 10:00:00,52.57,52.7,52.46,52.46,515.727535
