timestamp,open,high,low,close,volume
2025-09-11 11:00:00,2.72,2.728,2.703,2.707,60759.55919665
2025-09-11 12:00:00,2.708,2.751,2.673,2.715,344512.07387463
2025-09-11 13:00:00,2.715,2.72,2.682,2.718,90603.20750238
2025-09-11 14:00:00,2.717,2.718,2.684,2.704,79946.51263802
2025-09-11 15:00:00,2.704,2.706,2.686,2.69,36741.91871356
2025-09-11 16:00:00,2.692,2.708,2.691,2.701,59649.56877246
2025-09-11 17:00:00,2.701,2.71,2.696,2.703,42199.89820171
2025-09-11 18:00:00,2.703,2.716,2.702,2.711,50785.17911003
2025-09-11 19:00:00,2.71,2.724,2.704,2.718,59262.09955878
2025-09-11 20:00:00,2.718,2.731,2.713,2.727,68414.95207081
2025-09-11 21:00:00,2.726,2.745,2.725,2.742,65980.09221891
2025-09-11 22:00:00,2.744,2.755,2.739,2.748,72709.63676022
2025-09-11 23:00:00,2.75,2.755,2.742,2.744,55388.9533869
2025-09-12 00:00:00,2.746,2.774,2.744,2.755,80632.19107682
2025-09-12 01:00:00,2.755,2.762,2.734,2.734,56577.98836653
2025-09-12 02:00:00,2.736,2.759,2.734,2.75,49221.19132125
2025-09-12 03:00:00,2.75,2.752,2.726,2.739,43452.71808722
2025-09-12 04:00:00,2.74,2.752,2.73,2.75,51528.31682929
2025-09-12 05:00:00,2.749,2.776,2.745,2.776,51528.57546112
2025-09-12 06:00:00,2.777,2.781,2.756,2.762,65253.00611154
2025-09-12 07:00:00,2.76,2.764,2.743,2.744,48078.19030496
2025-09-12 08:00:00,2.745,2.745,2.725,2.733,87798.78274892
2025-09-12 09:00:00,2.733,2.735,2.714,2.721,106393.35203938
2025-09-12 10:00:00,2.721,2.722,2.706,2.72,31119.94959811
2025-09-12 11:00:00,2.719,2.724,2.697,2.701,93204.13492351
2025-09-12 12:00:00,2.702,2.719,2.687,2.717,169948.21471667
2025-09-12 13:00:00,2.717,2.732,2.713,2.73,40750.90934139
2025-09-12 14:00:00,2.729,2.747,2.716,2.728,154159.90881711
2025-09-12 15:00:00,2.728,2.729,2.704,2.723,57751.69673851
2025-09-12 16:00:00,2.723,2.744,2.719,2.744,38039.41225102
2025-09-12 17:00:00,2.745,2.767,2.737,2.757,61073.05116866
2025-09-12 18:00:00,2.758,2.783,2.754,2.782,31399.96049456
2025-09-12 19:00:00,2.783,2.806,2.776,2.803,61970.79552468
2025-09-12 20:00:00,2.803,2.804,2.773,2.787,94709.47787693
2025-09-12 21:00:00,2.786,2.786,2.769,2.78,40210.85368017
2025-09-12 22:00:00,2.781,2.814,2.781,2.801,52966.67415589
2025-09-12 23:00:00,2.801,2.802,2.768,2.79,1341476.43047276
2025-09-13 00:00:00,2.79,2.806,2.781,2.801,338693.52947176
2025-09-13 01:00:00,2.802,2.81,2.782,2.784,168120.00008315
2025-09-13 02:00:00,2.782,2.797,2.777,2.793,74653.56552655
2025-09-13 03:00:00,2.793,2.808,2.792,2.805,97654.78211778
2025-09-13 04:00:00,2.805,2.812,2.798,2.802,96241.6811234
2025-09-13 05:00:00,2.801,2.84,2.792,2.838,265018.94824159
2025-09-13 06:00:00,2.839,2.844,2.824,2.831,225282.24557044
2025-09-13 07:00:00,2.831,2.832,2.816,2.816,68293.44031186
2025-09-13 08:00:00,2.816,2.843,2.814,2.843,88298.99281535
2025-09-13 09:00:00,2.842,2.866,2.84,2.857,225325.58832709
2025-09-13 10:00:00,2.857,2.873,2.849,2.86,110234.6724193
2025-09-13 11:00:00,2.861,2.885,2.848,2.882,73000.83514492
2025-09-13 12:00:00,2.882,2.891,2.866,2.88,99991.59008172
2025-09-13 13:00:00,2.88,2.883,2.793,2.833,284434.54955136
2025-09-13 14:00:00,2.834,2.852,2.812,2.833,102277.73401413
2025-09-13 15:00:00,2.832,2.849,2.809,2.819,71837.03700774
2025-09-13 16:00:00,2.819,2.829,2.79,2.802,128440.07691892
2025-09-13 17:00:00,2.802,2.81,2.768,2.807,152319.37689561
2025-09-13 18:00:00,2.806,2.808,2.792,2.804,34292.55923132
2025-09-13 19:00:00,2.805,2.806,2.795,2.801,13491.86617369
2025-09-13 20:00:00,2.801,2.815,2.798,2.807,37302.65855143
2025-09-13 21:00:00,2.807,2.822,2.806,2.809,47542.13043734
2025-09-13 22:00:00,2.81,2.818,2.802,2.808,38819.41878986
2025-09-13 23:00:00,2.808,2.815,2.806,2.811,13163.87419682
2025-09-14 00:00:00,2.81,2.817,2.783,2.793,19243.08058734
2025-09-14 01:00:00,2.79,2.792,2.762,2.792,50531.83294523
2025-09-14 02:00:00,2.791,2.807,2.785,2.795,64912.75779421
2025-09-14 03:00:00,2.795,2.797,2.757,2.759,33903.17474767
2025-09-14 04:00:00,2.759,2.765,2.734,2.761,85265.92843905
2025-09-14 05:00:00,2.762,2.784,2.759,2.782,28488.4060695
2025-09-14 06:00:00,2.783,2.787,2.754,2.77,38393.78401984
2025-09-14 07:00:00,2.769,2.77,2.748,2.756,33564.00512633
2025-09-14 08:00:00,2.756,2.763,2.746,2.752,47081.90606474
2025-09-14 09:00:00,2.752,2.765,2.746,2.757,30672.37985997
2025-09-14 10:00:00,2.758,2.759,2.747,2.752,21859.2272047
2025-09-14 11:00:00,2.753,2.755,2.707,2.712,78172.79251489
2025-09-14 12:00:00,2.712,2.726,2.694,2.706,48259.69786299
2025-09-14 13:00:00,2.706,2.715,2.688,2.701,50927.00741789
2025-09-14 14:00:00,2.701,2.719,2.677,2.69,130904.95412147
2025-09-14 15:00:00,2.689,2.698,2.673,2.685,54270.71462662
2025-09-14 16:00:00,2.686,2.712,2.683,2.709,21901.34990191
2025-09-14 17:00:00,2.709,2.727,2.706,2.721,46980.39122981
2025-09-14 18:00:00,2.72,2.721,2.697,2.701,30653.9402614
2025-09-14 19:00:00,2.7,2.712,2.693,2.706,27875.05646951
2025-09-14 20:00:00,2.706,2.715,2.702,2.706,27821.81073058
2025-09-14 21:00:00,2.706,2.725,2.692,2.721,50566.08629177
2025-09-14 22:00:00,2.721,2.742,2.706,2.735,41234.50924959
2025-09-14 23:00:00,2.736,2.737,2.7,2.707,30270.31800114
2025-09-15 00:00:00,2.706,2.729,2.703,2.709,31296.86197934
2025-09-15 01:00:00,2.71,2.717,2.675,2.711,50503.80904035
2025-09-15 02:00:00,2.71,2.73,2.707,2.709,38421.11992773
2025-09-15 03:00:00,2.711,2.737,2.71,2.731,54095.60683846
2025-09-15 04:00:00,2.732,2.754,2.726,2.736,132171.56379906
2025-09-15 05:00:00,2.736,2.775,2.734,2.775,76266.73737342
2025-09-15 06:00:00,2.776,2.777,2.705,2.716,155420.54417279
2025-09-15 07:00:00,2.715,2.739,2.665,2.672,162549.08961545
2025-09-15 08:00:00,2.671,2.672,2.596,2.596,1086236.6974729
2025-09-15 09:00:00,2.596,2.631,2.595,2.625,320136.10438392
2025-09-15 10:00:00,2.623,2.633,2.607,2.629,100249.41982951
2025-09-15 11:00:00,2.629,2.633,2.616,2.63,66494.72826
2025-09-15 12:00:00,2.629,2.634,2.61,2.613,57710.66143359
2025-09-15 13:00:00,2.613,2.645,2.611,2.632,58142.3208279
2025-09-15 14:00:00,2.631,2.636,2.606,2.612,45782.95399427
2025-09-15 15:00:00,2.612,2.624,2.586,2.603,178037.02710922
2025-09-15 16:00:00,2.602,2.605,2.577,2.585,50327.84666229
2025-09-15 17:00:00,2.584,2.609,2.579,2.609,36062.39891993
2025-09-15 18:00:00,2.608,2.619,2.599,2.614,24740.89739615
2025-09-15 19:00:00,2.614,2.625,2.597,2.618,22333.61239622
2025-09-15 20:00:00,2.618,2.632,2.616,2.631,27576.9143098
2025-09-15 21:00:00,2.631,2.631,2.624,2.629,21139.81298483
2025-09-15 22:00:00,2.63,2.634,2.619,2.624,15426.02757296
2025-09-15 23:00:00,2.623,2.63,2.619,2.628,6780.93958823
2025-09-16 00:00:00,2.627,2.628,2.613,2.62,46218.88379952
2025-09-16 01:00:00,2.62,2.632,2.612,2.613,41985.46713794
2025-09-16 02:00:00,2.613,2.622,2.606,2.607,14316.12517742
2025-09-16 03:00:00,2.607,2.612,2.601,2.601,21436.97791988
2025-09-16 04:00:00,2.602,2.609,2.579,2.607,26944.29666867
2025-09-16 05:00:00,2.609,2.632,2.606,2.63,166167.09857827
2025-09-16 06:00:00,2.634,2.645,2.621,2.64,36456.47787995
2025-09-16 07:00:00,2.641,2.677,2.641,2.661,114399.35295606
2025-09-16 08:00:00,2.664,2.702,2.662,2.697,111621.1867872
2025-09-16 09:00:00,2.696,2.697,2.673,2.682,84841.19269254
2025-09-16 10:00:00,2.682,2.686,2.669,2.671,37809.60935489
2025-09-16 11:00:00,2.671,2.696,2.66,2.695,114759.24475501
2025-09-16 12:00:00,2.695,2.7,2.68,2.684,88470.38406869
2025-09-16 13:00:00,2.685,2.73,2.679,2.703,177825.46328621
2025-09-16 14:00:00,2.701,2.701,2.664,2.688,91080.59339678
2025-09-16 15:00:00,2.689,2.714,2.671,2.713,47755.39895952
2025-09-16 16:00:00,2.713,2.714,2.694,2.704,61054.10697008
2025-09-16 17:00:00,2.705,2.736,2.705,2.725,206185.86136844
2025-09-16 18:00:00,2.727,2.731,2.706,2.706,36605.0749963
2025-09-16 19:00:00,2.707,2.711,2.698,2.705,20016.50239939
2025-09-16 20:00:00,2.705,2.71,2.699,2.7,17838.54501458
2025-09-16 21:00:00,2.7,2.713,2.699,2.713,23116.24665207
2025-09-16 22:00:00,2.716,2.725,2.711,2.719,23808.54273894
2025-09-16 23:00:00,2.719,2.722,2.707,2.708,16651.22075656
2025-09-17 00:00:00,2.71,2.713,2.701,2.704,22683.05125773
2025-09-17 01:00:00,2.703,2.709,2.688,2.693,21429.15634485
2025-09-17 02:00:00,2.694,2.731,2.689,2.724,238300.45545775
2025-09-17 03:00:00,2.725,2.729,2.699,2.701,58744.36766208
2025-09-17 04:00:00,2.702,2.714,2.686,2.694,25565.71361312
2025-09-17 05:00:00,2.695,2.704,2.681,2.703,36320.50631252
2025-09-17 06:00:00,2.703,2.728,2.696,2.726,38199.51824962
2025-09-17 07:00:00,2.724,2.75,2.719,2.749,43783.77845472
2025-09-17 08:00:00,2.75,2.77,2.727,2.769,321659.82370494
2025-09-17 09:00:00,2.768,2.768,2.724,2.724,62372.67950782
2025-09-17 10:00:00,2.724,2.736,2.706,2.714,60573.1534072
2025-09-17 11:00:00,2.712,2.726,2.705,2.706,32530.627333
2025-09-17 12:00:00,2.707,2.717,2.694,2.704,37444.23173551
2025-09-17 13:00:00,2.702,2.717,2.693,2.702,59072.61154637
2025-09-17 14:00:00,2.702,2.704,2.677,2.679,54794.68528633
2025-09-17 15:00:00,2.68,2.685,2.664,2.67,128033.59322285
2025-09-17 16:00:00,2.666,2.695,2.649,2.694,51968.95792723
2025-09-17 17:00:00,2.694,2.73,2.673,2.68,131285.15611827
2025-09-17 18:00:00,2.679,2.743,2.675,2.684,260354.37568283
2025-09-17 19:00:00,2.685,2.777,2.685,2.774,67339.97648766
2025-09-17 20:00:00,2.774,2.807,2.742,2.748,166818.91279187
2025-09-17 21:00:00,2.748,2.782,2.725,2.776,197997.17146331
2025-09-17 22:00:00,2.777,2.827,2.777,2.816,55759.931201
2025-09-17 23:00:00,2.817,2.835,2.808,2.824,53425.04351999
2025-09-18 00:00:00,2.825,2.839,2.804,2.811,113932.25467878
2025-09-18 01:00:00,2.813,2.855,2.808,2.85,48110.92441168
2025-09-18 02:00:00,2.85,2.863,2.835,2.861,54527.34746768
2025-09-18 03:00:00,2.862,2.898,2.856,2.882,267561.34706382
2025-09-18 04:00:00,2.883,2.929,2.883,2.923,131973.85013626
2025-09-18 05:00:00,2.927,2.927,2.897,2.901,155882.50473164
2025-09-18 06:00:00,2.901,2.905,2.866,2.875,160784.87901416
2025-09-18 07:00:00,2.878,2.928,2.877,2.904,85894.99958879
2025-09-18 08:00:00,2.903,2.941,2.903,2.919,125665.93667832
2025-09-18 09:00:00,2.92,2.95,2.911,2.92,91731.54263618
2025-09-18 10:00:00,2.918,2.925,2.899,2.917,59663.91141321
2025-09-18 11:00:00,2.916,2.921,2.908,2.914,50526.48937193
2025-09-18 12:00:00,2.915,2.926,2.9,2.924,82888.28687973
2025-09-18 13:00:00,2.925,2.956,2.919,2.951,103947.6567091
2025-09-18 14:00:00,2.951,2.983,2.948,2.965,178964.90227593
2025-09-18 15:00:00,2.965,3.004,2.954,2.997,213606.65212273
2025-09-18 16:00:00,2.997,3.008,2.974,2.99,260705.0187239
2025-09-18 17:00:00,2.989,3.126,2.989,3.104,494454.4711144
2025-09-18 18:00:00,3.104,3.196,3.092,3.184,431392.72805017
2025-09-18 19:00:00,3.184,3.223,3.136,3.202,586555.32468992
2025-09-18 20:00:00,3.203,3.267,3.192,3.209,426463.45142237
2025-09-18 21:00:00,3.21,3.239,3.174,3.18,192486.63195209
2025-09-18 22:00:00,3.181,3.196,3.154,3.164,170815.91196277
2025-09-18 23:00:00,3.164,3.216,3.134,3.175,645269.73565425
2025-09-19 00:00:00,3.176,3.278,3.176,3.242,468442.46393835
2025-09-19 01:00:00,3.242,3.253,3.192,3.226,209653.1930946
2025-09-19 02:00:00,3.224,3.254,3.211,3.24,151974.54953144
2025-09-19 03:00:00,3.239,3.277,3.188,3.196,337062.2321607
2025-09-19 04:00:00,3.194,3.234,3.142,3.227,387690.68016958
2025-09-19 05:00:00,3.225,3.251,3.19,3.231,167305.12139102
2025-09-19 06:00:00,3.227,3.232,3.2,3.201,105282.51484874
2025-09-19 07:00:00,3.201,3.236,3.2,3.209,178101.28419516
2025-09-19 08:00:00,3.209,3.286,3.207,3.271,206972.70961669
2025-09-19 09:00:00,3.269,3.342,3.228,3.268,750513.47629494
2025-09-19 10:00:00,3.266,3.266,3.22,3.243,366911.02515944
2025-09-19 11:00:00,3.244,3.244,3.145,3.162,352538.46768306
2025-09-19 12:00:00,3.163,3.217,3.162,3.171,211129.18493496
2025-09-19 13:00:00,3.17,3.188,3.14,3.174,270774.49677864
2025-09-19 14:00:00,3.174,3.183,3.125,3.167,285201.27475819
2025-09-19 15:00:00,3.166,3.17,3.121,3.148,225685.73038186
2025-09-19 16:00:00,3.148,3.18,3.13,3.161,187868.43180041
2025-09-19 17:00:00,3.162,3.163,3.095,3.1,208606.07497712
2025-09-19 18:00:00,3.101,3.121,3.09,3.109,297216.71911772
2025-09-19 19:00:00,3.109,3.132,3.109,3.12,105660.53765281
2025-09-19 20:00:00,3.119,3.159,3.117,3.14,90331.43911165
2025-09-19 21:00:00,3.14,3.178,3.126,3.17,67401.80675824
2025-09-19 22:00:00,3.168,3.176,3.156,3.16,75009.15384787
2025-09-19 23:00:00,3.159,3.161,3.11,3.121,65679.29176626
2025-09-20 00:00:00,3.121,3.166,3.114,3.148,216304.34785172
2025-09-20 01:00:00,3.149,3.149,3.05,3.116,614952.49128123
2025-09-20 02:00:00,3.116,3.119,3.075,3.097,186123.59499847
2025-09-20 03:00:00,3.096,3.112,3.085,3.102,76399.02768067
2025-09-20 04:00:00,3.101,3.136,3.101,3.109,166299.20734111
2025-09-20 05:00:00,3.11,3.144,3.103,3.139,52877.81397511
2025-09-20 06:00:00,3.138,3.142,3.12,3.124,42537.94036658
2025-09-20 07:00:00,3.124,3.137,3.111,3.136,40469.97296092
2025-09-20 08:00:00,3.137,3.139,3.109,3.109,41827.6221226
2025-09-20 09:00:00,3.109,3.124,3.102,3.113,37677.77720984
2025-09-20 10:00:00,3.114,3.143,3.08,3.081,96812.07154093
2025-09-20 11:00:00,3.082,3.094,3.065,3.082,87674.54659248
2025-09-20 12:00:00,3.081,3.099,3.069,3.094,105040.15823558
2025-09-20 13:00:00,3.094,3.119,3.082,3.113,72862.18859284
2025-09-20 14:00:00,3.111,3.189,3.102,3.178,145371.15195556
2025-09-20 15:00:00,3.176,3.284,3.153,3.177,383314.1147899
2025-09-20 16:00:00,3.176,3.208,3.164,3.201,116738.04123346
2025-09-20 17:00:00,3.201,3.205,3.169,3.182,68464.11046626
2025-09-20 18:00:00,3.181,3.187,3.145,3.16,127706.03223357
2025-09-20 19:00:00,3.159,3.181,3.154,3.162,41416.08314614
2025-09-20 20:00:00,3.161,3.204,3.157,3.194,77469.22443575
2025-09-20 21:00:00,3.196,3.202,3.168,3.173,67374.95369288
2025-09-20 22:00:00,3.17,3.172,3.154,3.166,37836.04048624
2025-09-20 23:00:00,3.167,3.17,3.144,3.156,46627.60946433
2025-09-21 00:00:00,3.156,3.158,3.134,3.141,42732.92304832
2025-09-21 01:00:00,3.143,3.147,3.111,3.114,49105.54994605
2025-09-21 02:00:00,3.113,3.133,3.109,3.13,52987.75614337
2025-09-21 03:00:00,3.128,3.129,3.113,3.123,19353.33673819
2025-09-21 04:00:00,3.125,3.127,3.11,3.117,19105.39685029
2025-09-21 05:00:00,3.115,3.132,3.109,3.127,42629.15221394
2025-09-21 06:00:00,3.128,3.147,3.123,3.13,92164.04160688
2025-09-21 07:00:00,3.13,3.148,3.124,3.139,34001.65817341
2025-09-21 08:00:00,3.139,3.159,3.13,3.13,76338.9965628
2025-09-21 09:00:00,3.13,3.141,3.105,3.125,57958.5931352
2025-09-21 10:00:00,3.124,3.133,3.096,3.099,43255.77043343
2025-09-21 11:00:00,3.098,3.111,3.091,3.095,34230.94934912
2025-09-21 12:00:00,3.096,3.122,3.094,3.11,115027.91592428
2025-09-21 13:00:00,3.11,3.131,3.108,3.114,58224.54702371
2025-09-21 14:00:00,3.113,3.121,3.1,3.1,65754.79438157
2025-09-21 15:00:00,3.101,3.111,3.095,3.101,28298.511171
2025-09-21 16:00:00,3.102,3.115,3.077,3.084,63756.09879063
2025-09-21 17:00:00,3.084,3.119,3.071,3.119,72387.47882783
2025-09-21 18:00:00,3.119,3.154,3.113,3.145,96137.94399684
2025-09-21 19:00:00,3.145,3.157,3.118,3.156,48336.26813525
2025-09-21 20:00:00,3.156,3.169,3.128,3.134,48311.88083913
2025-09-21 21:00:00,3.135,3.16,3.132,3.135,45546.40216077
2025-09-21 22:00:00,3.134,3.16,3.122,3.157,24789.48346768
2025-09-21 23:00:00,3.156,3.156,3.125,3.129,43265.63168539
2025-09-22 00:00:00,3.131,3.161,3.024,3.044,491045.51073247
2025-09-22 01:00:00,3.044,3.087,3.022,3.043,342543.51873472
2025-09-22 02:00:00,3.043,3.047,2.956,2.961,439454.73960867
2025-09-22 03:00:00,2.962,3.006,2.96,2.986,227871.96999057
2025-09-22 04:00:00,2.985,2.992,2.961,2.963,211343.10834227
2025-09-22 05:00:00,2.962,2.97,2.89,2.892,495151.90046144
2025-09-22 06:00:00,2.894,2.897,2.742,2.877,1601542.36980345
2025-09-22 07:00:00,2.877,2.879,2.836,2.844,247789.18014459
2025-09-22 08:00:00,2.844,2.855,2.816,2.845,142570.73005965
2025-09-22 09:00:00,2.844,2.85,2.82,2.838,164338.08105922
2025-09-22 10:00:00,2.838,2.908,2.822,2.906,335613.64892385
2025-09-22 11:00:00,2.906,2.909,2.867,2.876,75038.86993444
2025-09-22 12:00:00,2.876,2.929,2.862,2.892,286788.01785758
2025-09-22 13:00:00,2.891,2.938,2.886,2.938,221586.64590209
2025-09-22 14:00:00,2.938,2.948,2.891,2.907,300707.83124116
2025-09-22 15:00:00,2.907,2.939,2.883,2.891,239884.13232105
2025-09-22 16:00:00,2.891,2.917,2.871,2.88,118898.90018884
2025-09-22 17:00:00,2.877,2.89,2.859,2.876,87891.34800336
2025-09-22 18:00:00,2.877,2.88,2.854,2.872,123733.34348157
2025-09-22 19:00:00,2.869,2.886,2.848,2.857,95437.05127253
2025-09-22 20:00:00,2.857,2.918,2.854,2.915,117375.22214582
2025-09-22 21:00:00,2.916,2.982,2.912,2.971,170825.16230409
2025-09-22 22:00:00,2.971,2.986,2.949,2.984,101011.14315032
2025-09-22 23:00:00,2.985,2.996,2.959,2.963,121153.74459838
2025-09-23 00:00:00,2.962,3.037,2.962,2.968,232054.45319007
2025-09-23 01:00:00,2.968,2.971,2.895,2.896,110444.60145689
2025-09-23 02:00:00,2.898,2.914,2.866,2.867,75174.16054043
2025-09-23 03:00:00,2.867,2.98,2.856,2.95,259665.76187012
2025-09-23 04:00:00,2.95,2.98,2.896,2.897,160299.5280251
2025-09-23 05:00:00,2.898,2.943,2.88,2.924,112805.65399804
2025-09-23 06:00:00,2.924,3.098,2.916,3.083,542111.97458383
2025-09-23 07:00:00,3.081,3.124,3.063,3.087,426743.25681694
2025-09-23 08:00:00,3.09,3.136,3.075,3.102,284266.37190946
2025-09-23 09:00:00,3.101,3.128,3.032,3.034,191532.19617318
2025-09-23 10:00:00,3.032,3.047,3.011,3.044,125226.27611318
2025-09-23 11:00:00,3.044,3.045,3.006,3.011,91497.63830672
2025-09-23 12:00:00,3.01,3.052,3.006,3.043,162412.11320023
2025-09-23 13:00:00,3.042,3.042,2.995,3.011,139102.92107552
2025-09-23 14:00:00,3.012,3.074,3.004,3.025,248904.22519273
2025-09-23 15:00:00,3.024,3.068,3.006,3.046,134800.96202528
2025-09-23 16:00:00,3.047,3.057,3.001,3.036,148903.37809253
2025-09-23 17:00:00,3.035,3.054,3.001,3.007,191954.154839
2025-09-23 18:00:00,3.008,3.019,2.963,2.968,149124.78217082
2025-09-23 19:00:00,2.968,2.999,2.931,2.94,77678.57376279
2025-09-23 20:00:00,2.94,2.964,2.933,2.964,40005.98102599
2025-09-23 21:00:00,2.964,3.0,2.952,2.992,38030.23656674
2025-09-23 22:00:00,2.992,2.992,2.941,2.945,57471.27589526
2025-09-23 23:00:00,2.946,2.952,2.912,2.919,63392.26535536
2025-09-24 00:00:00,2.919,2.991,2.919,2.975,123479.80825125
2025-09-24 01:00:00,2.976,2.991,2.951,2.988,89425.39292789
2025-09-24 02:00:00,2.987,2.988,2.942,2.958,118185.99138684
2025-09-24 03:00:00,2.957,2.957,2.907,2.909,77356.85114525
2025-09-24 04:00:00,2.908,2.955,2.867,2.931,237984.36069536
2025-09-24 05:00:00,2.93,3.014,2.929,3.012,173030.7166995
2025-09-24 06:00:00,3.012,3.027,2.976,3.016,153987.53041437
2025-09-24 07:00:00,3.015,3.027,2.981,2.99,232402.44628119
2025-09-24 08:00:00,2.992,3.024,2.988,3.016,140915.0752089
2025-09-24 09:00:00,3.016,3.044,3.004,3.039,175984.37460158
2025-09-24 10:00:00,3.037,3.057,3.01,3.026,191006.93297007
2025-09-24 11:00:00,3.027,3.045,3.015,3.028,212645.94987889
2025-09-24 12:00:00,3.026,3.03,3.009,3.016,64483.8541561
2025-09-24 13:00:00,3.017,3.083,3.017,3.04,522371.85724828
2025-09-24 14:00:00,3.04,3.079,3.04,3.056,280963.03857113
2025-09-24 15:00:00,3.056,3.103,3.04,3.074,246367.72426532
2025-09-24 16:00:00,3.074,3.115,3.068,3.11,191942.04473632
2025-09-24 17:00:00,3.109,3.119,3.082,3.093,115793.67592698
2025-09-24 18:00:00,3.094,3.1,3.066,3.071,106038.09188641
2025-09-24 19:00:00,3.072,3.083,3.054,3.067,83693.47732474
2025-09-24 20:00:00,3.067,3.074,3.036,3.049,144725.85181038
2025-09-24 21:00:00,3.05,3.065,3.043,3.048,82208.50673304
2025-09-24 22:00:00,3.048,3.067,3.035,3.043,112141.80110236
2025-09-24 23:00:00,3.041,3.047,3.016,3.021,92975.84930871
2025-09-25 00:00:00,3.023,3.036,2.976,2.984,145762.30623026
2025-09-25 01:00:00,2.983,3.007,2.977,2.99,184684.56825085
2025-09-25 02:00:00,2.991,3.02,2.968,2.984,220662.10899905
2025-09-25 03:00:00,2.983,2.986,2.91,2.93,174379.94752556
2025-09-25 04:00:00,2.93,2.937,2.866,2.886,186675.30730365
2025-09-25 05:00:00,2.884,2.917,2.872,2.89,270860.07163911
2025-09-25 06:00:00,2.892,2.894,2.849,2.852,152717.73986883
2025-09-25 07:00:00,2.852,2.88,2.852,2.863,107034.38174306
2025-09-25 08:00:00,2.863,2.882,2.855,2.868,182563.71402939
2025-09-25 09:00:00,2.869,2.911,2.862,2.867,325826.23901535
2025-09-25 10:00:00,2.866,2.892,2.86,2.86,72034.66181179
2025-09-25 11:00:00,2.861,2.866,2.826,2.835,210907.98551236
2025-09-25 12:00:00,2.835,2.872,2.788,2.854,558062.39112849
2025-09-25 13:00:00,2.854,2.903,2.831,2.869,190584.11655956
2025-09-25 14:00:00,2.871,2.92,2.871,2.892,138787.85228222
2025-09-25 15:00:00,2.891,2.893,2.855,2.868,71800.30594304
2025-09-25 16:00:00,2.868,2.87,2.809,2.811,116307.03613461
2025-09-25 17:00:00,2.811,2.827,2.773,2.785,529731.05129639
2025-09-25 18:00:00,2.785,2.851,2.777,2.847,217435.32170112
2025-09-25 19:00:00,2.847,2.874,2.813,2.816,178849.81383372
2025-09-25 20:00:00,2.817,2.819,2.764,2.767,270307.86575367
2025-09-25 21:00:00,2.764,2.796,2.748,2.763,151152.19096607
2025-09-25 22:00:00,2.763,2.78,2.749,2.765,144689.0351829
2025-09-25 23:00:00,2.766,2.778,2.706,2.728,310267.90066608
2025-09-26 00:00:00,2.729,2.754,2.696,2.742,150538.30358168
2025-09-26 01:00:00,2.745,2.752,2.714,2.746,88154.23331093
2025-09-26 02:00:00,2.746,2.762,2.728,2.747,91197.37752682
2025-09-26 03:00:00,2.746,2.765,2.734,2.759,83122.46951824
2025-09-26 04:00:00,2.758,2.767,2.706,2.715,97083.92457427
2025-09-26 05:00:00,2.715,2.726,2.683,2.685,86504.4277888
2025-09-26 06:00:00,2.685,2.692,2.643,2.678,320478.52045239
2025-09-26 07:00:00,2.678,2.702,2.656,2.7,98499.62556639
2025-09-26 08:00:00,2.699,2.719,2.696,2.712,120341.28732694
2025-09-26 09:00:00,2.712,2.72,2.672,2.682,74712.11879134
2025-09-26 10:00:00,2.683,2.683,2.652,2.665,79683.63778867
2025-09-26 11:00:00,2.665,2.68,2.654,2.66,94353.9612261
2025-09-26 12:00:00,2.661,2.716,2.624,2.689,275300.22381312
2025-09-26 13:00:00,2.689,2.721,2.67,2.71,145698.05439573
2025-09-26 14:00:00,2.709,2.712,2.664,2.678,121790.20806941
2025-09-26 15:00:00,2.678,2.74,2.676,2.739,95172.77549028
2025-09-26 16:00:00,2.738,2.77,2.733,2.76,115683.60817291
2025-09-26 17:00:00,2.758,2.795,2.746,2.788,122864.29567274
2025-09-26 18:00:00,2.788,2.797,2.759,2.766,84996.72209407
2025-09-26 19:00:00,2.766,2.768,2.718,2.735,86203.70793577
2025-09-26 20:00:00,2.736,2.752,2.731,2.749,45899.16560675
2025-09-26 21:00:00,2.748,2.775,2.747,2.774,81888.71968499
2025-09-26 22:00:00,2.775,2.792,2.772,2.775,70944.936669
2025-09-26 23:00:00,2.776,2.78,2.768,2.778,78273.21039348
2025-09-27 00:00:00,2.777,2.777,2.758,2.777,82688.51812599
2025-09-27 01:00:00,2.776,2.778,2.744,2.75,67705.13020843
2025-09-27 02:00:00,2.751,2.769,2.742,2.756,72836.01270081
2025-09-27 03:00:00,2.757,2.771,2.745,2.748,67976.28602185
2025-09-27 04:00:00,2.747,2.757,2.739,2.746,66564.16487489
2025-09-27 05:00:00,2.745,2.747,2.726,2.734,110023.05127691
2025-09-27 06:00:00,2.735,2.735,2.721,2.727,76205.38647132
2025-09-27 07:00:00,2.728,2.731,2.707,2.715,75620.15035177
2025-09-27 08:00:00,2.717,2.717,2.692,2.696,74689.30722425
2025-09-27 09:00:00,2.695,2.711,2.689,2.706,71362.33033294
2025-09-27 10:00:00,2.706,2.716,2.698,2.703,73927.15619905
2025-09-27 11:00:00,2.703,2.71,2.7,2.707,67409.25730011
2025-09-27 12:00:00,2.708,2.725,2.7,2.72,97747.94895284
2025-09-27 13:00:00,2.719,2.733,2.713,2.719,94053.00381083
2025-09-27 14:00:00,2.718,2.733,2.715,2.719,48842.08673414
2025-09-27 15:00:00,2.719,2.742,2.705,2.74,38202.3803523
2025-09-27 16:00:00,2.741,2.742,2.708,2.711,65448.86318494
2025-09-27 17:00:00,2.711,2.711,2.686,2.707,114277.17169531
2025-09-27 18:00:00,2.707,2.714,2.7,2.709,76793.51986474
2025-09-27 19:00:00,2.709,2.716,2.701,2.714,102261.56272886
2025-09-27 20:00:00,2.715,2.724,2.707,2.709,79383.83180998
2025-09-27 21:00:00,2.709,2.727,2.705,2.723,68526.1845967
2025-09-27 22:00:00,2.725,2.757,2.725,2.738,79169.52720306
2025-09-27 23:00:00,2.738,2.743,2.722,2.729,64086.52565316
2025-09-28 00:00:00,2.728,2.737,2.706,2.709,81436.0728165
2025-09-28 01:00:00,2.708,2.709,2.679,2.687,82193.22747108
2025-09-28 02:00:00,2.687,2.698,2.681,2.687,55235.87669774
2025-09-28 03:00:00,2.688,2.698,2.684,2.691,46956.43320122
2025-09-28 04:00:00,2.69,2.701,2.681,2.693,52362.93651199
2025-09-28 05:00:00,2.692,2.698,2.678,2.682,40048.410667
2025-09-28 06:00:00,2.681,2.687,2.658,2.675,245313.67248116
2025-09-28 07:00:00,2.675,2.687,2.667,2.682,45218.00940162
2025-09-28 08:00:00,2.681,2.694,2.672,2.681,61213.76753631
2025-09-28 09:00:00,2.682,2.687,2.667,2.668,72932.17458547
2025-09-28 10:00:00,2.67,2.681,2.659,2.672,39953.80449382
2025-09-28 11:00:00,2.672,2.677,2.661,2.672,42401.91169191
2025-09-28 12:00:00,2.672,2.672,2.648,2.66,61603.36936562
2025-09-28 13:00:00,2.659,2.706,2.657,2.703,93218.21861929
2025-09-28 14:00:00,2.705,2.716,2.697,2.701,58565.44546846
2025-09-28 15:00:00,2.702,2.707,2.693,2.698,25178.88993551
2025-09-28 16:00:00,2.701,2.716,2.697,2.71,105975.36934201
2025-09-28 17:00:00,2.709,2.725,2.697,2.714,78218.38471177
2025-09-28 18:00:00,2.714,2.723,2.711,2.723,13132.66142303
2025-09-28 19:00:00,2.724,2.729,2.709,2.717,22849.83979001
2025-09-28 20:00:00,2.719,2.744,2.714,2.729,32143.92030801
2025-09-28 21:00:00,2.73,2.748,2.73,2.742,26143.8741895
2025-09-28 22:00:00,2.743,2.816,2.743,2.81,151198.26837914
2025-09-28 23:00:00,2.81,2.814,2.794,2.8,49920.66999385
2025-09-29 00:00:00,2.8,2.825,2.784,2.809,135041.00860953
2025-09-29 01:00:00,2.81,2.82,2.8,2.811,48628.08250657
2025-09-29 02:00:00,2.812,2.834,2.803,2.827,68471.48233774
2025-09-29 03:00:00,2.824,2.825,2.804,2.81,89424.11437582
2025-09-29 04:00:00,2.811,2.811,2.788,2.788,89262.35632055
2025-09-29 05:00:00,2.791,2.791,2.756,2.768,169354.21291997
2025-09-29 06:00:00,2.766,2.768,2.746,2.747,85003.51351079
2025-09-29 07:00:00,2.747,2.764,2.739,2.757,81199.33339633
2025-09-29 08:00:00,2.758,2.799,2.75,2.793,156641.75389979
2025-09-29 09:00:00,2.795,2.803,2.763,2.769,68343.91079362
2025-09-29 10:00:00,2.768,2.79,2.746,2.747,50927.85037772
2025-09-29 11:00:00,2.746,2.755,2.728,2.748,86016.79281122
2025-09-29 12:00:00,2.747,2.76,2.715,2.72,60111.96904395
2025-09-29 13:00:00,2.72,2.775,2.691,2.764,263383.94520049
2025-09-29 14:00:00,2.764,2.829,2.761,2.814,247516.81207672
2025-09-29 15:00:00,2.813,2.826,2.785,2.787,106920.37298185
2025-09-29 16:00:00,2.788,2.805,2.749,2.75,110652.66314669
2025-09-29 17:00:00,2.751,2.771,2.738,2.765,104002.31330426
2025-09-29 18:00:00,2.765,2.765,2.741,2.747,37547.68261092
2025-09-29 19:00:00,2.748,2.792,2.743,2.786,41505.86047196
2025-09-29 20:00:00,2.786,2.824,2.786,2.819,112618.65022734
2025-09-29 21:00:00,2.819,2.822,2.799,2.802,28071.21188433
2025-09-29 22:00:00,2.803,2.803,2.785,2.789,39676.19702308
2025-09-29 23:00:00,2.79,2.79,2.774,2.776,31303.44263362
2025-09-30 00:00:00,2.775,2.789,2.751,2.753,82895.97996048
2025-09-30 01:00:00,2.754,2.772,2.72,2.736,44987.25041072
2025-09-30 02:00:00,2.735,2.746,2.721,2.721,21807.71014191
2025-09-30 03:00:00,2.721,2.739,2.716,2.723,25903.7627849
2025-09-30 04:00:00,2.723,2.727,2.712,2.713,30935.06572214
2025-09-30 05:00:00,2.713,2.727,2.708,2.718,39656.88906339
2025-09-30 06:00:00,2.718,2.72,2.688,2.691,60690.17329225
2025-09-30 07:00:00,2.691,2.7,2.664,2.674,61570.7211252
2025-09-30 08:00:00,2.672,2.678,2.663,2.672,61464.86568
2025-09-30 09:00:00,2.671,2.68,2.633,2.64,181185.1414008
2025-09-30 10:00:00,2.639,2.649,2.628,2.637,79616.48764758
2025-09-30 11:00:00,2.638,2.66,2.629,2.654,43699.55318161
2025-09-30 12:00:00,2.651,2.657,2.635,2.636,36351.01321662
2025-09-30 13:00:00,2.636,2.646,2.608,2.615,190073.99044734
2025-09-30 14:00:00,2.616,2.619,2.58,2.601,177872.61543505
2025-09-30 15:00:00,2.6,2.612,2.569,2.592,131831.02792942
2025-09-30 16:00:00,2.591,2.591,2.566,2.579,71897.60342947
2025-09-30 17:00:00,2.578,2.588,2.568,2.573,113135.01710186
2025-09-30 18:00:00,2.573,2.603,2.562,2.577,78514.13310588
2025-09-30 19:00:00,2.579,2.633,2.578,2.625,162788.53496463
2025-09-30 20:00:00,2.624,2.652,2.615,2.646,119483.77368935
2025-09-30 21:00:00,2.647,2.65,2.616,2.616,150600.03534378
2025-09-30 22:00:00,2.617,2.636,2.609,2.611,139148.42779216
2025-09-30 23:00:00,2.61,2.633,2.6,2.629,152126.78962137
2025-10-01 00:00:00,2.63,2.637,2.615,2.637,128881.82300135
2025-10-01 01:00:00,2.637,2.682,2.634,2.682,170986.39827831
2025-10-01 02:00:00,2.682,2.683,2.641,2.643,119734.2728071
2025-10-01 03:00:00,2.644,2.651,2.62,2.623,136575.62443986
2025-10-01 04:00:00,2.623,2.678,2.621,2.651,176754.84090288
2025-10-01 05:00:00,2.652,2.672,2.647,2.654,145454.79731391
2025-10-01 06:00:00,2.657,2.67,2.639,2.641,143561.64781745
2025-10-01 07:00:00,2.641,2.666,2.637,2.659,96307.39421695
2025-10-01 08:00:00,2.658,2.78,2.653,2.775,613109.86080189
2025-10-01 09:00:00,2.777,2.827,2.765,2.813,543917.03393516
2025-10-01 10:00:00,2.816,2.82,2.772,2.792,186016.91793671
2025-10-01 11:00:00,2.792,2.817,2.79,2.804,158576.79716707
2025-10-01 12:00:00,2.805,2.81,2.781,2.782,142586.74010992
2025-10-01 13:00:00,2.783,2.812,2.776,2.795,150308.0502304
2025-10-01 14:00:00,2.795,2.817,2.79,2.8,105265.20105246
2025-10-01 15:00:00,2.801,2.848,2.794,2.843,176779.18006161
2025-10-01 16:00:00,2.845,2.859,2.823,2.83,109074.96343787
2025-10-01 17:00:00,2.83,2.869,2.829,2.859,180033.9691276
2025-10-01 18:00:00,2.859,2.877,2.824,2.825,239455.62497855
2025-10-01 19:00:00,2.825,2.856,2.823,2.84,238786.58126307
2025-10-01 20:00:00,2.84,2.843,2.817,2.827,112231.63791979
2025-10-01 21:00:00,2.826,2.828,2.805,2.813,117612.69502771
2025-10-01 22:00:00,2.814,2.827,2.806,2.812,73581.17992864
2025-10-01 23:00:00,2.812,2.835,2.81,2.833,105401.88624572
2025-10-02 00:00:00,2.834,2.872,2.832,2.842,121961.04730393
2025-10-02 01:00:00,2.843,2.892,2.835,2.889,161970.22090542
2025-10-02 02:00:00,2.889,2.913,2.871,2.91,96519.16073943
2025-10-02 03:00:00,2.911,2.911,2.888,2.902,109704.45913317
2025-10-02 04:00:00,2.902,2.919,2.89,2.915,92794.17751517
2025-10-02 05:00:00,2.915,2.927,2.894,2.916,115381.5597274
2025-10-02 06:00:00,2.915,2.931,2.904,2.907,148143.96367106
2025-10-02 07:00:00,2.907,2.922,2.878,2.88,77538.08135438
2025-10-02 08:00:00,2.881,2.887,2.874,2.883,82040.1033558
2025-10-02 09:00:00,2.881,2.894,2.879,2.894,52373.19496528
2025-10-02 10:00:00,2.894,2.915,2.878,2.912,180330.46784681
2025-10-02 11:00:00,2.912,2.916,2.891,2.893,86536.64159499
2025-10-02 12:00:00,2.892,2.904,2.884,2.903,101652.53953102
2025-10-02 13:00:00,2.903,2.904,2.866,2.887,105360.00523784
2025-10-02 14:00:00,2.887,2.89,2.833,2.841,168699.05922216
2025-10-02 15:00:00,2.841,2.883,2.821,2.882,129771.98213418
2025-10-02 16:00:00,2.883,2.905,2.877,2.888,125191.17478185
2025-10-02 17:00:00,2.888,2.936,2.886,2.923,115564.31190156
2025-10-02 18:00:00,2.924,2.958,2.924,2.945,141637.34242408
2025-10-02 19:00:00,2.943,2.959,2.939,2.949,94159.79571994
2025-10-02 20:00:00,2.95,2.967,2.936,2.967,79744.45543312
2025-10-02 21:00:00,2.967,2.99,2.956,2.962,219170.64429874
2025-10-02 22:00:00,2.963,2.986,2.963,2.971,108254.67696623
2025-10-02 23:00:00,2.972,2.975,2.959,2.97,95441.5951617
2025-10-03 00:00:00,2.971,2.983,2.943,2.951,104762.92156805
2025-10-03 01:00:00,2.95,2.956,2.907,2.91,132185.55352949
2025-10-03 02:00:00,2.909,2.941,2.903,2.939,64469.95506725
2025-10-03 03:00:00,2.94,2.967,2.918,2.922,115480.71140901
2025-10-03 04:00:00,2.921,2.954,2.918,2.945,65042.53734231
2025-10-03 05:00:00,2.946,2.95,2.91,2.919,56574.31784634
2025-10-03 06:00:00,2.92,2.943,2.911,2.929,69859.81841577
2025-10-03 07:00:00,2.93,2.93,2.893,2.914,109671.57626034
2025-10-03 08:00:00,2.914,2.929,2.887,2.927,60927.12081857
2025-10-03 09:00:00,2.925,2.938,2.905,2.937,64203.81825433
2025-10-03 10:00:00,2.935,2.943,2.926,2.938,48611.89541733
2025-10-03 11:00:00,2.939,2.953,2.917,2.921,122458.90485672
2025-10-03 12:00:00,2.922,2.934,2.912,2.931,63168.13760499
2025-10-03 13:00:00,2.93,2.964,2.905,2.941,109836.3346085
2025-10-03 14:00:00,2.938,2.971,2.912,2.962,117891.63696354
2025-10-03 15:00:00,2.96,3.021,2.943,3.02,260274.24802005
2025-10-03 16:00:00,3.019,3.084,3.004,3.036,309110.47542601
2025-10-03 17:00:00,3.036,3.04,2.977,2.995,333806.58482119
2025-10-03 18:00:00,2.996,3.056,2.974,3.045,101160.34746067
2025-10-03 19:00:00,3.046,3.056,3.029,3.039,83382.31558766
2025-10-03 20:00:00,3.039,3.044,3.023,3.042,50545.78955602
2025-10-03 21:00:00,3.043,3.059,3.038,3.052,63203.88901412
2025-10-03 22:00:00,3.05,3.055,3.04,3.045,61322.29879713
2025-10-03 23:00:00,3.045,3.045,3.025,3.033,58648.40721374
2025-10-04 00:00:00,3.033,3.044,3.006,3.023,68717.93046601
2025-10-04 01:00:00,3.022,3.023,3.0,3.003,88145.02467997
2025-10-04 02:00:00,3.003,3.011,2.981,2.995,97388.00534667
2025-10-04 03:00:00,2.995,2.999,2.973,2.983,139639.30091297
2025-10-04 04:00:00,2.982,3.0,2.964,2.995,149962.30158638
2025-10-04 05:00:00,2.997,3.012,2.979,3.007,97593.90812367
2025-10-04 06:00:00,3.009,3.015,2.985,2.986,103677.39948192
2025-10-04 07:00:00,2.987,2.998,2.975,2.981,93258.00809065
2025-10-04 08:00:00,2.981,2.986,2.956,2.962,102482.28828434
2025-10-04 09:00:00,2.961,2.967,2.937,2.941,69925.51640888
2025-10-04 10:00:00,2.942,2.958,2.925,2.929,57053.85922139
2025-10-04 11:00:00,2.927,2.939,2.922,2.935,47200.2564725
2025-10-04 12:00:00,2.934,2.947,2.925,2.929,56993.73098819
2025-10-04 13:00:00,2.93,2.972,2.928,2.951,98402.66663202
2025-10-04 14:00:00,2.952,2.966,2.916,2.916,60928.81304244
2025-10-04 15:00:00,2.917,2.927,2.885,2.892,116197.86222779
2025-10-04 16:00:00,2.892,2.913,2.879,2.906,47969.55859817
2025-10-04 17:00:00,2.904,2.917,2.893,2.906,20294.77189903
2025-10-04 18:00:00,2.906,2.912,2.896,2.897,21014.90093974
2025-10-04 19:00:00,2.901,2.92,2.901,2.919,15362.9565561
2025-10-04 20:00:00,2.919,2.939,2.919,2.924,30672.02419897
2025-10-04 21:00:00,2.924,2.943,2.924,2.928,26337.41234493
2025-10-04 22:00:00,2.93,2.958,2.93,2.95,23744.2523794
2025-10-04 23:00:00,2.95,2.975,2.945,2.962,30295.32111708
2025-10-05 00:00:00,2.963,2.987,2.933,2.934,117766.29284937
2025-10-05 01:00:00,2.934,2.956,2.934,2.95,30917.5733862
2025-10-05 02:00:00,2.95,3.049,2.943,3.045,204148.42902996
2025-10-05 03:00:00,3.046,3.065,3.002,3.009,202191.24289407
2025-10-05 04:00:00,3.011,3.087,3.004,3.064,236025.30341818
2025-10-05 05:00:00,3.065,3.1,3.057,3.086,141667.93457306
2025-10-05 06:00:00,3.087,3.112,3.082,3.105,167417.10576612
2025-10-05 07:00:00,3.108,3.166,3.105,3.161,267530.52161817
2025-10-05 08:00:00,3.162,3.182,3.12,3.155,414220.13973139
2025-10-05 09:00:00,3.156,3.164,3.087,3.11,262901.3386803
2025-10-05 10:00:00,3.111,3.112,3.06,3.071,283935.16450197
2025-10-05 11:00:00,3.071,3.082,3.043,3.065,102692.10534863
2025-10-05 12:00:00,3.063,3.064,3.02,3.023,109430.7372808
2025-10-05 13:00:00,3.024,3.051,3.023,3.039,75003.91935059
2025-10-05 14:00:00,3.039,3.055,3.007,3.024,96053.77961781
2025-10-05 15:00:00,3.024,3.048,3.019,3.032,142230.67597033
2025-10-05 16:00:00,3.032,3.038,2.988,3.016,106232.16057784
2025-10-05 17:00:00,3.02,3.023,2.968,2.978,51149.11021974
2025-10-05 18:00:00,2.98,2.995,2.964,2.98,47580.68345569
2025-10-05 19:00:00,2.981,2.986,2.949,2.949,56615.43724105
2025-10-05 20:00:00,2.949,2.975,2.94,2.966,63218.17964389
2025-10-05 21:00:00,2.965,2.967,2.948,2.959,25982.73391364
2025-10-05 22:00:00,2.959,2.983,2.951,2.967,62707.87825996
2025-10-05 23:00:00,2.967,2.973,2.958,2.958,46702.70036818
2025-10-06 00:00:00,2.959,2.992,2.935,2.952,150211.18696222
2025-10-06 01:00:00,2.953,3.0,2.942,2.973,107068.85577794
2025-10-06 02:00:00,2.973,2.995,2.949,2.977,58693.16700203
2025-10-06 03:00:00,2.976,2.979,2.96,2.967,27433.33418848
2025-10-06 04:00:00,2.967,2.972,2.943,2.943,60440.56927804
2025-10-06 05:00:00,2.943,2.956,2.933,2.952,62183.23988839
2025-10-06 06:00:00,2.952,2.979,2.949,2.961,124834.28605615
2025-10-06 07:00:00,2.963,2.97,2.941,2.952,98744.75679617
2025-10-06 08:00:00,2.953,2.958,2.941,2.95,79906.61706115
2025-10-06 09:00:00,2.949,2.969,2.947,2.961,146853.00524096
2025-10-06 10:00:00,2.961,2.978,2.951,2.971,113695.59642695
2025-10-06 11:00:00,2.971,2.998,2.96,2.981,86056.03303757
2025-10-06 12:00:00,2.981,3.012,2.977,3.006,175698.60032515
2025-10-06 13:00:00,3.006,3.029,2.989,3.023,153715.79784991
2025-10-06 14:00:00,3.024,3.06,3.017,3.026,224685.1709688
2025-10-06 15:00:00,3.027,3.076,3.026,3.061,270682.6048161
2025-10-06 16:00:00,3.063,3.075,3.03,3.057,221471.17363163
2025-10-06 17:00:00,3.059,3.086,3.052,3.072,156949.91618488
2025-10-06 18:00:00,3.073,3.081,3.057,3.078,125763.44351377
2025-10-06 19:00:00,3.078,3.08,3.063,3.075,79003.412168
2025-10-06 20:00:00,3.075,3.086,3.058,3.065,85509.30464354
2025-10-06 21:00:00,3.066,3.077,3.043,3.066,91600.47201691
2025-10-06 22:00:00,3.067,3.075,3.051,3.058,27816.35616749
2025-10-06 23:00:00,3.06,3.062,3.044,3.049,57729.98681248
2025-10-07 00:00:00,3.049,3.071,3.049,3.066,48495.876474
2025-10-07 01:00:00,3.065,3.07,3.05,3.066,64599.96748879
2025-10-07 02:00:00,3.066,3.067,3.05,3.05,38849.06539996
2025-10-07 03:00:00,3.05,3.055,3.013,3.021,135206.96288894
2025-10-07 04:00:00,3.021,3.058,2.992,3.049,169431.32332091
2025-10-07 05:00:00,3.05,3.052,3.033,3.043,87680.86314062
2025-10-07 06:00:00,3.042,3.042,2.977,2.982,122302.86110632
2025-10-07 07:00:00,2.981,3.011,2.98,2.999,224103.36841006
2025-10-07 08:00:00,2.995,3.002,2.963,2.993,95925.98039481
2025-10-07 09:00:00,2.991,3.015,2.99,2.995,95677.21891235
2025-10-07 10:00:00,2.995,3.029,2.986,3.011,106374.11485495
2025-10-07 11:00:00,3.01,3.024,3.003,3.02,73470.06379582
2025-10-07 12:00:00,3.019,3.059,3.014,3.059,97964.46576151
2025-10-07 13:00:00,3.06,3.073,2.988,3.02,255372.69201899
2025-10-07 14:00:00,3.018,3.023,2.937,2.938,267979.99145815
2025-10-07 15:00:00,2.939,2.967,2.903,2.922,332102.60497615
2025-10-07 16:00:00,2.921,2.974,2.908,2.946,145985.10548021
2025-10-07 17:00:00,2.946,2.96,2.921,2.925,54037.99475499
2025-10-07 18:00:00,2.926,2.938,2.915,2.915,67640.06695715
2025-10-07 19:00:00,2.914,2.938,2.909,2.92,94156.16051386
2025-10-07 20:00:00,2.92,2.979,2.92,2.973,70028.44379795
2025-10-07 21:00:00,2.973,2.982,2.943,2.951,70740.2155529
2025-10-07 22:00:00,2.951,2.982,2.942,2.956,90190.16996032
2025-10-07 23:00:00,2.957,2.963,2.934,2.948,99975.0877226
2025-10-08 00:00:00,2.949,2.993,2.936,2.991,135024.3017155
2025-10-08 01:00:00,2.991,3.015,2.977,3.002,134920.50801004
2025-10-08 02:00:00,3.002,3.009,2.971,2.976,120294.92606703
2025-10-08 03:00:00,2.977,2.978,2.914,2.926,123380.95311474
2025-10-08 04:00:00,2.926,2.961,2.899,2.95,139899.07906447
2025-10-08 05:00:00,2.953,2.953,2.909,2.919,129877.85484173
2025-10-08 06:00:00,2.919,2.929,2.908,2.923,114706.69333107
2025-10-08 07:00:00,2.922,2.955,2.916,2.955,71121.88517318
2025-10-08 08:00:00,2.956,2.972,2.934,2.969,81088.56105584
2025-10-08 09:00:00,2.969,2.975,2.942,2.955,67607.37930031
2025-10-08 10:00:00,2.956,2.969,2.942,2.961,70109.19400374
2025-10-08 11:00:00,2.96,2.969,2.931,2.935,51838.13039626
2025-10-08 12:00:00,2.936,2.953,2.928,2.95,81928.64708925
2025-10-08 13:00:00,2.95,2.959,2.909,2.946,89197.68084625
2025-10-08 14:00:00,2.945,2.981,2.906,2.911,114898.32362942
2025-10-08 15:00:00,2.911,2.93,2.907,2.912,129524.68598324
2025-10-08 16:00:00,2.913,2.95,2.907,2.95,89874.66658033
2025-10-08 17:00:00,2.95,3.012,2.945,3.008,192093.68934172
2025-10-08 18:00:00,3.009,3.023,2.983,3.001,174725.13688189
2025-10-08 19:00:00,3.0,3.004,2.977,2.996,69546.94738518
2025-10-08 20:00:00,2.998,3.005,2.973,2.974,53483.49021003
2025-10-08 21:00:00,2.974,2.999,2.974,2.987,58815.00406665
2025-10-08 22:00:00,2.986,2.996,2.966,2.966,38856.63464054
2025-10-08 23:00:00,2.967,2.978,2.956,2.965,57255.63051453
2025-10-09 00:00:00,2.967,2.967,2.92,2.925,72663.70585161
2025-10-09 01:00:00,2.924,2.94,2.917,2.936,148916.72889282
2025-10-09 02:00:00,2.936,2.936,2.871,2.885,283967.96464797
2025-10-09 03:00:00,2.886,2.933,2.886,2.925,109851.14147229
2025-10-09 04:00:00,2.925,2.939,2.911,2.936,72509.28897021
2025-10-09 05:00:00,2.936,2.951,2.916,2.923,159758.600048
2025-10-09 06:00:00,2.923,2.926,2.898,2.899,94331.46521834
2025-10-09 07:00:00,2.899,2.903,2.88,2.884,81266.24270898
2025-10-09 08:00:00,2.884,2.901,2.838,2.84,234056.10978344
2025-10-09 09:00:00,2.84,2.87,2.84,2.853,113401.4295521
2025-10-09 10:00:00,2.853,2.87,2.837,2.86,113680.08446361
2025-10-09 11:00:00,2.86,2.888,2.86,2.877,67880.11934099
2025-10-09 12:00:00,2.877,2.932,2.877,2.923,91134.83135893
2025-10-09 13:00:00,2.922,2.925,2.855,2.855,106992.04293196
2025-10-09 14:00:00,2.856,2.876,2.83,2.856,168772.03490024
2025-10-09 15:00:00,2.857,2.875,2.83,2.839,145004.03319886
2025-10-09 16:00:00,2.839,2.852,2.809,2.819,103842.3587869
2025-10-09 17:00:00,2.819,2.864,2.816,2.864,94609.88614697
2025-10-09 18:00:00,2.864,2.869,2.847,2.848,54667.06782927
2025-10-09 19:00:00,2.849,2.87,2.845,2.863,50820.52927381
2025-10-09 20:00:00,2.863,2.878,2.85,2.854,44990.19881079
2025-10-09 21:00:00,2.855,2.873,2.851,2.872,48107.04301292
2025-10-09 22:00:00,2.872,2.91,2.867,2.898,76770.00375365
2025-10-09 23:00:00,2.897,2.9,2.878,2.882,79176.70086696
2025-10-10 00:00:00,2.882,2.9,2.878,2.881,66261.55102403
2025-10-10 01:00:00,2.88,2.901,2.879,2.894,46643.59975392
2025-10-10 02:00:00,2.895,2.908,2.88,2.897,58010.00062741
2025-10-10 03:00:00,2.9,2.987,2.888,2.964,229667.46813394
2025-10-10 04:00:00,2.964,2.992,2.964,2.989,186977.46436974
2025-10-10 05:00:00,2.99,3.084,2.963,3.078,676390.5916024
2025-10-10 06:00:00,3.079,3.12,3.011,3.033,696413.61087681
2025-10-10 07:00:00,3.033,3.033,2.981,2.982,250450.63081596
2025-10-10 08:00:00,2.983,3.028,2.969,3.025,160249.0244813
2025-10-10 09:00:00,3.025,3.144,3.009,3.036,384529.34623031
2025-10-10 10:00:00,3.037,3.132,3.033,3.13,224035.89829057
2025-10-10 11:00:00,3.131,3.164,3.102,3.155,198915.30644063
2025-10-10 12:00:00,3.156,3.211,3.112,3.182,450721.91969033
2025-10-10 13:00:00,3.182,3.202,3.146,3.176,217712.35987651
2025-10-10 14:00:00,3.177,3.233,3.126,3.141,407118.19892449
2025-10-10 15:00:00,3.139,3.149,3.014,3.052,714395.90554516
2025-10-10 16:00:00,3.051,3.12,3.036,3.051,268333.66923297
2025-10-10 17:00:00,3.048,3.058,3.0,3.003,249123.17750933
2025-10-10 18:00:00,3.002,3.03,2.978,2.99,150147.32366867
2025-10-10 19:00:00,2.991,3.005,2.939,2.967,445406.52886917
2025-10-10 20:00:00,2.967,2.989,2.757,2.788,1158366.04815357
2025-10-10 21:00:00,2.789,2.822,1.531,2.333,4876465.10408703
2025-10-10 22:00:00,2.338,2.407,2.102,2.402,1425751.71673253
2025-10-10 23:00:00,2.401,2.482,2.348,2.379,770881.44597902
2025-10-11 00:00:00,2.379,2.434,2.313,2.414,752356.3153764
2025-10-11 01:00:00,2.412,2.416,2.332,2.352,338341.89679805
2025-10-11 02:00:00,2.35,2.497,2.348,2.48,315311.9811288
2025-10-11 03:00:00,2.48,2.481,2.379,2.403,522447.3200487
2025-10-11 04:00:00,2.402,2.456,2.391,2.454,287657.4769307
2025-10-11 05:00:00,2.454,2.457,2.387,2.41,354449.14453981
2025-10-11 06:00:00,2.409,2.453,2.4,2.42,262085.47672916
2025-10-11 07:00:00,2.422,2.488,2.405,2.46,463551.38395012
2025-10-11 08:00:00,2.46,2.553,2.449,2.551,348445.77757654
2025-10-11 09:00:00,2.55,2.58,2.496,2.502,280286.05505611
2025-10-11 10:00:00,2.503,2.524,2.482,2.496,236956.23663761
2025-10-11 11:00:00,2.495,2.5,2.458,2.48,127732.52837304
2025-10-11 12:00:00,2.48,2.485,2.409,2.425,274575.97719782
2025-10-11 13:00:00,2.424,2.434,2.381,2.41,368437.56342366
2025-10-11 14:00:00,2.409,2.419,2.376,2.401,230936.43204561
2025-10-11 15:00:00,2.399,2.433,2.381,2.394,397806.76585405
2025-10-11 16:00:00,2.391,2.404,2.359,2.365,186030.3405804
2025-10-11 17:00:00,2.365,2.392,2.365,2.386,166488.25702398
2025-10-11 18:00:00,2.386,2.388,2.341,2.343,146590.75557197
2025-10-11 19:00:00,2.344,2.35,2.251,2.277,274829.57130523
2025-10-11 20:00:00,2.276,2.282,2.214,2.236,247293.25159661
2025-10-11 21:00:00,2.227,2.288,2.185,2.287,326915.55638399
2025-10-11 22:00:00,2.288,2.302,2.272,2.297,254152.96067693
2025-10-11 23:00:00,2.299,2.308,2.293,2.3,134846.86793345
2025-10-12 00:00:00,2.3,2.3,2.243,2.248,160846.5888436
2025-10-12 01:00:00,2.247,2.284,2.231,2.235,170413.64252237
2025-10-12 02:00:00,2.234,2.267,2.218,2.24,237305.57911129
2025-10-12 03:00:00,2.239,2.293,2.235,2.263,233830.04630354
2025-10-12 04:00:00,2.262,2.306,2.257,2.298,148313.52878237
2025-10-12 05:00:00,2.298,2.315,2.285,2.305,105393.57601855
2025-10-12 06:00:00,2.305,2.338,2.304,2.321,261798.82797014
2025-10-12 07:00:00,2.32,2.343,2.307,2.324,224838.57409139
2025-10-12 08:00:00,2.324,2.334,2.296,2.298,128184.53939421
2025-10-12 09:00:00,2.299,2.311,2.266,2.309,161668.49698442
2025-10-12 10:00:00,2.309,2.319,2.29,2.292,151749.90077667
2025-10-12 11:00:00,2.291,2.312,2.282,2.289,107177.11548442
2025-10-12 12:00:00,2.287,2.318,2.287,2.296,337387.08031067
2025-10-12 13:00:00,2.296,2.304,2.244,2.253,282281.4143667
2025-10-12 14:00:00,2.252,2.365,2.235,2.325,827785.67197352
2025-10-12 15:00:00,2.328,2.447,2.324,2.434,849958.84814395
2025-10-12 16:00:00,2.436,2.488,2.417,2.446,626100.61480119
2025-10-12 17:00:00,2.445,2.496,2.436,2.482,244086.39450897
2025-10-12 18:00:00,2.482,2.509,2.437,2.452,213085.67593746
2025-10-12 19:00:00,2.452,2.511,2.451,2.507,152986.83581964
2025-10-12 20:00:00,2.506,2.522,2.48,2.489,194873.33858592
2025-10-12 21:00:00,2.49,2.508,2.44,2.472,170921.51136999
2025-10-12 22:00:00,2.475,2.497,2.449,2.463,140762.02787178
2025-10-12 23:00:00,2.463,2.463,2.431,2.457,149183.04845499
2025-10-13 00:00:00,2.457,2.481,2.415,2.431,157091.52642724
2025-10-13 01:00:00,2.43,2.478,2.418,2.474,122179.02076262
2025-10-13 02:00:00,2.478,2.489,2.443,2.473,197600.82591193
2025-10-13 03:00:00,2.474,2.482,2.432,2.442,222616.14372717
2025-10-13 04:00:00,2.443,2.459,2.419,2.454,210475.15201638
2025-10-13 05:00:00,2.456,2.468,2.439,2.443,121537.73860409
2025-10-13 06:00:00,2.441,2.493,2.427,2.484,197114.01384486
2025-10-13 07:00:00,2.485,2.528,2.476,2.489,226007.72475504
2025-10-13 08:00:00,2.489,2.545,2.476,2.536,263524.40233576
2025-10-13 09:00:00,2.534,2.556,2.509,2.545,275366.11240064
2025-10-13 10:00:00,2.545,2.556,2.514,2.531,174779.05876449
2025-10-13 11:00:00,2.529,2.53,2.412,2.463,838803.28472684
2025-10-13 12:00:00,2.462,2.517,2.445,2.487,274788.36457569
2025-10-13 13:00:00,2.484,2.571,2.482,2.562,742030.25595534
2025-10-13 14:00:00,2.561,2.572,2.489,2.506,309063.5824718
2025-10-13 15:00:00,2.505,2.556,2.503,2.535,161929.01527432
2025-10-13 16:00:00,2.535,2.558,2.507,2.537,199020.2239169
2025-10-13 17:00:00,2.536,2.595,2.535,2.594,213907.13002745
2025-10-13 18:00:00,2.592,2.649,2.57,2.628,370962.12669252
2025-10-13 19:00:00,2.631,2.668,2.621,2.656,245624.81214796
2025-10-13 20:00:00,2.654,2.677,2.638,2.674,120608.97858359
2025-10-13 21:00:00,2.673,2.683,2.641,2.642,126097.6920806
2025-10-13 22:00:00,2.642,2.651,2.628,2.644,140155.69711658
2025-10-13 23:00:00,2.645,2.651,2.608,2.619,291942.53806311
2025-10-14 00:00:00,2.62,2.637,2.603,2.613,143806.25838974
2025-10-14 01:00:00,2.613,2.616,2.583,2.593,96770.41664857
2025-10-14 02:00:00,2.594,2.594,2.547,2.554,195778.22100238
2025-10-14 03:00:00,2.553,2.572,2.534,2.556,524454.72133616
2025-10-14 04:00:00,2.557,2.571,2.503,2.515,224420.62571841
2025-10-14 05:00:00,2.512,2.537,2.471,2.48,227430.21833253
2025-10-14 06:00:00,2.48,2.499,2.375,2.424,561279.09094267
2025-10-14 07:00:00,2.425,2.451,2.4,2.41,394701.07611428
2025-10-14 08:00:00,2.41,2.447,2.393,2.432,377114.80724579
2025-10-14 09:00:00,2.431,2.453,2.42,2.433,229414.2697785
2025-10-14 10:00:00,2.433,2.433,2.353,2.394,585924.55632689
2025-10-14 11:00:00,2.396,2.422,2.393,2.403,280780.05109629
2025-10-14 12:00:00,2.403,2.405,2.366,2.372,153446.69161312
2025-10-14 13:00:00,2.37,2.405,2.337,2.384,313702.8715458
2025-10-14 14:00:00,2.384,2.433,2.371,2.398,382910.94747367
2025-10-14 15:00:00,2.399,2.47,2.383,2.467,233459.3312678
2025-10-14 16:00:00,2.467,2.508,2.442,2.458,616106.28452497
2025-10-14 17:00:00,2.458,2.497,2.425,2.469,257603.91751946
2025-10-14 18:00:00,2.469,2.502,2.467,2.479,207835.1936604
2025-10-14 19:00:00,2.48,2.496,2.414,2.453,359188.93394266
2025-10-14 20:00:00,2.454,2.466,2.434,2.462,57349.8012229
2025-10-14 21:00:00,2.461,2.466,2.437,2.461,102100.03988203
2025-10-14 22:00:00,2.461,2.479,2.455,2.464,98770.33670213
2025-10-14 23:00:00,2.465,2.48,2.451,2.46,205747.93727922
2025-10-15 00:00:00,2.461,2.465,2.436,2.461,281763.43872125
2025-10-15 01:00:00,2.46,2.464,2.436,2.453,90756.9895073
2025-10-15 02:00:00,2.453,2.491,2.449,2.472,118520.28066658
2025-10-15 03:00:00,2.471,2.477,2.427,2.443,109819.4712804
2025-10-15 04:00:00,2.444,2.468,2.429,2.462,133450.51106122
2025-10-15 05:00:00,2.462,2.476,2.451,2.455,244626.8539342
2025-10-15 06:00:00,2.454,2.478,2.435,2.464,268395.46341621
2025-10-15 07:00:00,2.466,2.477,2.451,2.475,141928.67064282
2025-10-15 08:00:00,2.473,2.523,2.469,2.476,294494.4546032
2025-10-15 09:00:00,2.476,2.476,2.442,2.449,114460.5788635
2025-10-15 10:00:00,2.449,2.459,2.428,2.431,87724.71663333
2025-10-15 11:00:00,2.431,2.438,2.405,2.417,96795.52359635
2025-10-15 12:00:00,2.416,2.428,2.377,2.387,190045.09135997
2025-10-15 13:00:00,2.386,2.401,2.336,2.378,296035.69510444
2025-10-15 14:00:00,2.38,2.415,2.348,2.364,182088.12535612
2025-10-15 15:00:00,2.364,2.38,2.331,2.347,190649.83515661
2025-10-15 16:00:00,2.347,2.378,2.332,2.357,594585.20281649
2025-10-15 17:00:00,2.357,2.364,2.332,2.363,173955.08254462
2025-10-15 18:00:00,2.363,2.366,2.342,2.357,93294.78266294
2025-10-15 19:00:00,2.356,2.356,2.321,2.33,117961.39923331
2025-10-15 20:00:00,2.332,2.344,2.292,2.32,176795.70652103
2025-10-15 21:00:00,2.317,2.337,2.292,2.312,118635.67914094
2025-10-15 22:00:00,2.312,2.334,2.307,2.317,113746.62522215
2025-10-15 23:00:00,2.316,2.331,2.312,2.325,88075.04913029
2025-10-16 00:00:00,2.325,2.333,2.313,2.316,46958.88092603
2025-10-16 01:00:00,2.315,2.35,2.315,2.345,94818.2206195
2025-10-16 02:00:00,2.346,2.356,2.327,2.347,93532.33634634
2025-10-16 03:00:00,2.347,2.354,2.332,2.334,71590.29430166
2025-10-16 04:00:00,2.333,2.353,2.324,2.328,71535.43560372
2025-10-16 05:00:00,2.328,2.346,2.315,2.331,168004.25045495
2025-10-16 06:00:00,2.331,2.359,2.329,2.352,81392.62395345
2025-10-16 07:00:00,2.352,2.352,2.316,2.321,179700.72846875
2025-10-16 08:00:00,2.322,2.325,2.303,2.313,259411.86017579
2025-10-16 09:00:00,2.312,2.35,2.231,2.338,665335.90174637
2025-10-16 10:00:00,2.338,2.378,2.338,2.355,371700.86861224
2025-10-16 11:00:00,2.355,2.367,2.342,2.362,117748.63639223
2025-10-16 12:00:00,2.362,2.381,2.359,2.366,185316.10302802
2025-10-16 13:00:00,2.365,2.374,2.34,2.348,116371.31429061
2025-10-16 14:00:00,2.347,2.359,2.301,2.323,334105.19188791
2025-10-16 15:00:00,2.322,2.332,2.241,2.248,258292.08929778
2025-10-16 16:00:00,2.249,2.3,2.212,2.298,270308.31193617
2025-10-16 17:00:00,2.298,2.298,2.252,2.258,104312.67166301
2025-10-16 18:00:00,2.259,2.264,2.229,2.251,136657.61681408
2025-10-16 19:00:00,2.252,2.256,2.193,2.218,149418.63405317
2025-10-16 20:00:00,2.221,2.228,2.183,2.201,92236.69390104
2025-10-16 21:00:00,2.201,2.225,2.194,2.225,71161.70768559
2025-10-16 22:00:00,2.225,2.23,2.192,2.193,187852.24336231
2025-10-16 23:00:00,2.191,2.219,2.188,2.199,189207.34986015
2025-10-17 00:00:00,2.197,2.217,2.194,2.216,275474.14190143
2025-10-17 01:00:00,2.216,2.235,2.201,2.212,113895.72280422
2025-10-17 02:00:00,2.212,2.223,2.192,2.213,80970.50126835
2025-10-17 03:00:00,2.213,2.234,2.213,2.231,72647.68211771
2025-10-17 04:00:00,2.232,2.235,2.217,2.226,80072.58164667
2025-10-17 05:00:00,2.227,2.229,2.199,2.205,76694.79224067
2025-10-17 06:00:00,2.206,2.217,2.135,2.148,285034.13121426
2025-10-17 07:00:00,2.148,2.151,2.088,2.094,414526.04751611
2025-10-17 08:00:00,2.095,2.108,2.057,2.081,269058.6166292
2025-10-17 09:00:00,2.081,2.144,2.076,2.106,263642.12662386
2025-10-17 10:00:00,2.105,2.129,2.068,2.127,241100.84644914
2025-10-17 11:00:00,2.128,2.2,2.115,2.168,417362.33927186
2025-10-17 12:00:00,2.168,2.182,2.156,2.157,120311.7563113
2025-10-17 13:00:00,2.157,2.179,2.133,2.162,201696.95329859
2025-10-17 14:00:00,2.16,2.166,2.11,2.135,208098.18180866
2025-10-17 15:00:00,2.135,2.176,2.127,2.173,124312.3596301
2025-10-17 16:00:00,2.173,2.199,2.152,2.158,165511.08301759
2025-10-17 17:00:00,2.157,2.168,2.146,2.161,37249.8425262
2025-10-17 18:00:00,2.161,2.176,2.149,2.152,48555.27457308
2025-10-17 19:00:00,2.154,2.161,2.134,2.143,79802.83796852
2025-10-17 20:00:00,2.143,2.165,2.136,2.157,64865.45194293
2025-10-17 21:00:00,2.157,2.177,2.156,2.168,143142.75689684
2025-10-17 22:00:00,2.17,2.174,2.153,2.164,148184.91842256
2025-10-17 23:00:00,2.164,2.164,2.146,2.149,207963.55674495
2025-10-18 00:00:00,2.149,2.165,2.145,2.16,62170.85252861
2025-10-18 01:00:00,2.16,2.183,2.159,2.179,73882.26309153
2025-10-18 02:00:00,2.182,2.188,2.16,2.165,106113.21316318
2025-10-18 03:00:00,2.166,2.178,2.165,2.173,49270.00272939
2025-10-18 04:00:00,2.172,2.172,2.143,2.146,107769.31527373
2025-10-18 05:00:00,2.146,2.158,2.139,2.157,134674.52636671
2025-10-18 06:00:00,2.156,2.161,2.138,2.152,92600.88252846
2025-10-18 07:00:00,2.152,2.184,2.148,2.152,132030.19318944
2025-10-18 08:00:00,2.153,2.165,2.149,2.149,41020.94672873
2025-10-18 09:00:00,2.149,2.166,2.146,2.162,85831.08428321
2025-10-18 10:00:00,2.162,2.167,2.152,2.161,212353.41014533
2025-10-18 11:00:00,2.161,2.17,2.153,2.167,69604.61619183
2025-10-18 12:00:00,2.165,2.174,2.152,2.154,66286.79628806
2025-10-18 13:00:00,2.154,2.154,2.132,2.14,101364.83336193
2025-10-18 14:00:00,2.138,2.149,2.125,2.141,88970.43731756
2025-10-18 15:00:00,2.141,2.149,2.122,2.134,107791.46286795
2025-10-18 16:00:00,2.133,2.138,2.113,2.127,136403.44109754
2025-10-18 17:00:00,2.128,2.156,2.123,2.153,68414.85570487
2025-10-18 18:00:00,2.152,2.156,2.143,2.146,46398.27532231
2025-10-18 19:00:00,2.146,2.157,2.143,2.155,28446.89948071
2025-10-18 20:00:00,2.155,2.172,2.154,2.159,54290.9044462
2025-10-18 21:00:00,2.161,2.173,2.149,2.171,88269.92600377
2025-10-18 22:00:00,2.171,2.176,2.16,2.162,144170.52191592
2025-10-18 23:00:00,2.162,2.168,2.158,2.167,122180.27534379
2025-10-19 00:00:00,2.167,2.169,2.15,2.161,119014.18970557
2025-10-19 01:00:00,2.161,2.177,2.153,2.176,113725.79261162
2025-10-19 02:00:00,2.175,2.18,2.161,2.165,109538.50265928
2025-10-19 03:00:00,2.165,2.187,2.16,2.181,127654.23501441
2025-10-19 04:00:00,2.182,2.185,2.172,2.174,83543.71982036
2025-10-19 05:00:00,2.175,2.187,2.169,2.175,87626.07049484
2025-10-19 06:00:00,2.175,2.18,2.16,2.162,126083.02410362
2025-10-19 07:00:00,2.161,2.168,2.154,2.163,32606.14052844
2025-10-19 08:00:00,2.164,2.201,2.145,2.153,583432.91708934
2025-10-19 09:00:00,2.153,2.206,2.134,2.182,570765.30733014
2025-10-19 10:00:00,2.184,2.224,2.173,2.22,225675.69035003
2025-10-19 11:00:00,2.218,2.245,2.218,2.222,351537.71863389
2025-10-19 12:00:00,2.223,2.227,2.204,2.216,167657.75438724
2025-10-19 13:00:00,2.216,2.285,2.211,2.274,174812.81429963
2025-10-19 14:00:00,2.276,2.286,2.255,2.27,214601.35060926
2025-10-19 15:00:00,2.268,2.269,2.254,2.265,184644.48741537
2025-10-19 16:00:00,2.267,2.267,2.242,2.254,152406.34108563
2025-10-19 17:00:00,2.254,2.276,2.253,2.255,164492.73974275
2025-10-19 18:00:00,2.258,2.274,2.256,2.27,63325.06693408
2025-10-19 19:00:00,2.27,2.272,2.257,2.268,44083.27176271
2025-10-19 20:00:00,2.268,2.277,2.262,2.277,57816.35777974
2025-10-19 21:00:00,2.278,2.28,2.259,2.272,92355.51977442
2025-10-19 22:00:00,2.275,2.302,2.272,2.287,101639.24868533
2025-10-19 23:00:00,2.288,2.288,2.254,2.258,61461.68764068
2025-10-20 00:00:00,2.259,2.26,2.213,2.234,250522.17955861
2025-10-20 01:00:00,2.235,2.246,2.226,2.23,51214.52429939
2025-10-20 02:00:00,2.228,2.247,2.217,2.239,76772.98026626
2025-10-20 03:00:00,2.241,2.304,2.236,2.301,122209.58710002
2025-10-20 04:00:00,2.302,2.309,2.287,2.302,144111.6954125
2025-10-20 05:00:00,2.305,2.317,2.285,2.31,258548.54844866
2025-10-20 06:00:00,2.31,2.339,2.306,2.323,111893.07399295
2025-10-20 07:00:00,2.322,2.332,2.301,2.311,147339.13727996
2025-10-20 08:00:00,2.311,2.315,2.29,2.298,77694.01218985
2025-10-20 09:00:00,2.297,2.302,2.286,2.3,109736.92973874
2025-10-20 10:00:00,2.3,2.319,2.295,2.302,58100.05540649
2025-10-20 11:00:00,2.3,2.31,2.29,2.309,30741.13886189
2025-10-20 12:00:00,2.308,2.317,2.303,2.303,27571.616276
2025-10-20 13:00:00,2.309,2.331,2.296,2.325,58377.63817078
2025-10-20 14:00:00,2.326,2.332,2.298,2.322,301153.77365074
2025-10-20 15:00:00,2.322,2.331,2.295,2.295,180632.00665711
2025-10-20 16:00:00,2.294,2.294,2.25,2.272,222320.90017401
2025-10-20 17:00:00,2.271,2.284,2.253,2.269,94159.33145897
2025-10-20 18:00:00,2.27,2.281,2.259,2.281,32166.38042016
2025-10-20 19:00:00,2.28,2.3,2.271,2.291,50460.67451084
2025-10-20 20:00:00,2.287,2.291,2.277,2.29,29881.83106433
2025-10-20 21:00:00,2.291,2.303,2.26,2.263,79826.19483896
2025-10-20 22:00:00,2.266,2.274,2.257,2.27,19189.24093697
2025-10-20 23:00:00,2.271,2.271,2.255,2.26,22853.82513855
2025-10-21 00:00:00,2.258,2.268,2.254,2.264,27415.38527635
2025-10-21 01:00:00,2.261,2.262,2.233,2.245,78793.78096113
2025-10-21 02:00:00,2.246,2.247,2.228,2.235,34900.25547888
2025-10-21 03:00:00,2.235,2.238,2.218,2.222,51500.02047849
2025-10-21 04:00:00,2.223,2.223,2.167,2.171,153345.82144975
2025-10-21 05:00:00,2.171,2.187,2.164,2.177,114130.84664556
2025-10-21 06:00:00,2.177,2.191,2.172,2.185,70955.45185968
2025-10-21 07:00:00,2.183,2.2,2.178,2.197,48459.20219281
2025-10-21 08:00:00,2.197,2.197,2.164,2.178,66341.27322974
2025-10-21 09:00:00,2.177,2.185,2.17,2.176,98999.79580889
2025-10-21 10:00:00,2.177,2.207,2.175,2.197,122724.42327135
2025-10-21 11:00:00,2.197,2.205,2.19,2.203,149733.29258834
2025-10-21 12:00:00,2.203,2.255,2.2,2.236,198903.52452532
2025-10-21 13:00:00,2.237,2.252,2.219,2.236,179965.87970467
2025-10-21 14:00:00,2.237,2.332,2.236,2.329,299952.96328593
2025-10-21 15:00:00,2.333,2.364,2.311,2.347,312454.69519928
2025-10-21 16:00:00,2.347,2.355,2.296,2.304,195969.41324044
2025-10-21 17:00:00,2.303,2.325,2.286,2.318,231104.38719172
2025-10-21 18:00:00,2.319,2.328,2.299,2.31,172620.58925911
2025-10-21 19:00:00,2.31,2.314,2.298,2.299,78249.83883405
2025-10-21 20:00:00,2.3,2.302,2.267,2.277,117313.69194722
2025-10-21 21:00:00,2.275,2.284,2.245,2.282,97248.0620962
2025-10-21 22:00:00,2.28,2.28,2.235,2.242,191971.10633562
2025-10-21 23:00:00,2.241,2.25,2.213,2.215,94536.46083254
2025-10-22 00:00:00,2.218,2.235,2.201,2.207,126950.1923162
2025-10-22 01:00:00,2.207,2.224,2.198,2.219,109664.67794173
2025-10-22 02:00:00,2.222,2.233,2.219,2.223,122230.73099629
2025-10-22 03:00:00,2.222,2.224,2.209,2.22,67090.15755069
2025-10-22 04:00:00,2.22,2.246,2.219,2.246,103320.53213906
2025-10-22 05:00:00,2.245,2.245,2.192,2.21,170258.50605654
2025-10-22 06:00:00,2.209,2.21,2.195,2.195,55750.12545641
2025-10-22 07:00:00,2.195,2.219,2.19,2.215,199795.42202566
2025-10-22 08:00:00,2.215,2.215,2.195,2.195,207844.29285873
2025-10-22 09:00:00,2.196,2.2,2.177,2.183,118993.3399481
2025-10-22 10:00:00,2.182,2.197,2.18,2.185,65337.33892472
2025-10-22 11:00:00,2.186,2.221,2.157,2.2,389342.55857853
2025-10-22 12:00:00,2.201,2.216,2.192,2.203,85837.77491219
2025-10-22 13:00:00,2.204,2.242,2.199,2.24,171791.53718917
2025-10-22 14:00:00,2.238,2.24,2.179,2.225,285348.50351734
2025-10-22 15:00:00,2.222,2.236,2.183,2.209,114116.26969709
2025-10-22 16:00:00,2.207,2.213,2.179,2.193,145032.40684906
2025-10-22 17:00:00,2.192,2.2,2.168,2.175,192293.99399336
2025-10-22 18:00:00,2.175,2.189,2.163,2.174,134283.55491631
2025-10-22 19:00:00,2.174,2.202,2.161,2.183,171369.96857632
2025-10-22 20:00:00,2.182,2.187,2.149,2.152,65595.86546788
2025-10-22 21:00:00,2.152,2.153,2.094,2.132,298017.31494796
2025-10-22 22:00:00,2.132,2.148,2.124,2.136,135957.55782865
2025-10-22 23:00:00,2.136,2.172,2.136,2.164,110681.80170201
2025-10-23 00:00:00,2.165,2.169,2.154,2.161,94756.80713976
2025-10-23 01:00:00,2.161,2.172,2.155,2.157,101706.32311757
2025-10-23 02:00:00,2.158,2.164,2.152,2.157,100797.44909139
2025-10-23 03:00:00,2.156,2.162,2.146,2.15,115119.7065793
2025-10-23 04:00:00,2.149,2.16,2.144,2.151,134676.09994978
2025-10-23 05:00:00,2.151,2.165,2.15,2.164,116788.57548545
2025-10-23 06:00:00,2.165,2.199,2.158,2.198,227218.66334032
2025-10-23 07:00:00,2.199,2.199,2.184,2.193,69674.23674059
2025-10-23 08:00:00,2.195,2.206,2.195,2.198,121365.44771706
2025-10-23 09:00:00,2.198,2.199,2.189,2.198,109493.30660737
2025-10-23 10:00:00,2.198,2.206,2.193,2.193,39685.98965971
2025-10-23 11:00:00,2.192,2.194,2.174,2.177,171913.55558534
2025-10-23 12:00:00,2.176,2.178,2.156,2.178,89747.21954882
2025-10-23 13:00:00,2.178,2.191,2.162,2.182,102529.35616242
2025-10-23 14:00:00,2.182,2.182,2.154,2.167,237495.03410727
2025-10-23 15:00:00,2.17,2.214,2.163,2.198,277037.57042677
2025-10-23 16:00:00,2.198,2.23,2.195,2.222,62471.43787524
2025-10-23 17:00:00,2.224,2.243,2.201,2.237,134889.61981308
2025-10-23 18:00:00,2.238,2.239,2.209,2.214,54590.00410888
2025-10-23 19:00:00,2.214,2.215,2.199,2.212,45566.14273401
2025-10-23 20:00:00,2.211,2.211,2.173,2.183,131275.13544378
2025-10-23 21:00:00,2.182,2.191,2.179,2.188,59167.61905618
2025-10-23 22:00:00,2.188,2.201,2.187,2.196,96128.74502425
2025-10-23 23:00:00,2.195,2.203,2.188,2.203,51140.08949564
2025-10-24 00:00:00,2.204,2.219,2.196,2.212,182816.15588003
2025-10-24 01:00:00,2.212,2.216,2.2,2.209,67138.95559415
2025-10-24 02:00:00,2.208,2.208,2.196,2.2,69728.94438957
2025-10-24 03:00:00,2.2,2.203,2.192,2.198,95068.56600519
2025-10-24 04:00:00,2.198,2.253,2.193,2.247,254010.19975046
2025-10-24 05:00:00,2.248,2.255,2.24,2.25,188341.07761467
2025-10-24 06:00:00,2.25,2.266,2.247,2.265,85851.02510582
2025-10-24 07:00:00,2.266,2.267,2.233,2.245,152753.11256523
2025-10-24 08:00:00,2.245,2.272,2.234,2.266,101487.00237077
2025-10-24 09:00:00,2.267,2.269,2.252,2.256,47807.57450877
2025-10-24 10:00:00,2.257,2.257,2.237,2.24,150029.12716461
2025-10-24 11:00:00,2.24,2.25,2.222,2.245,76789.03848249
2025-10-24 12:00:00,2.246,2.306,2.243,2.264,277767.53635004
2025-10-24 13:00:00,2.265,2.267,2.238,2.259,120553.85893555
2025-10-24 14:00:00,2.257,2.257,2.218,2.233,108753.66983451
2025-10-24 15:00:00,2.232,2.244,2.209,2.217,157060.78732735
2025-10-24 16:00:00,2.217,2.221,2.203,2.213,45260.0878207
2025-10-24 17:00:00,2.216,2.231,2.212,2.22,31585.56567521
2025-10-24 18:00:00,2.218,2.241,2.218,2.24,8956.61926015
2025-10-24 19:00:00,2.24,2.272,2.24,2.257,128953.05481379
2025-10-24 20:00:00,2.257,2.271,2.256,2.266,54087.88502791
2025-10-24 21:00:00,2.268,2.275,2.262,2.274,64985.96039619
2025-10-24 22:00:00,2.273,2.277,2.265,2.269,62770.97647257
2025-10-24 23:00:00,2.269,2.275,2.263,2.272,62286.01647025
2025-10-25 00:00:00,2.273,2.274,2.255,2.259,89041.22294377
2025-10-25 01:00:00,2.258,2.271,2.253,2.258,91929.54214341
2025-10-25 02:00:00,2.258,2.262,2.25,2.257,178188.29831889
2025-10-25 03:00:00,2.257,2.257,2.236,2.24,133617.7045388
2025-10-25 04:00:00,2.24,2.251,2.24,2.24,124094.68471089
2025-10-25 05:00:00,2.241,2.242,2.232,2.24,106869.15304151
2025-10-25 06:00:00,2.24,2.242,2.228,2.23,49522.76191169
2025-10-25 07:00:00,2.231,2.244,2.226,2.227,78607.7721959
2025-10-25 08:00:00,2.227,2.246,2.226,2.245,48766.1433972
2025-10-25 09:00:00,2.245,2.246,2.236,2.239,39107.68914001
2025-10-25 10:00:00,2.237,2.241,2.228,2.234,40804.74672692
2025-10-25 11:00:00,2.233,2.253,2.231,2.251,29736.41976004
2025-10-25 12:00:00,2.252,2.271,2.251,2.267,125360.66366332
2025-10-25 13:00:00,2.267,2.27,2.26,2.269,57251.14539223
2025-10-25 14:00:00,2.269,2.283,2.267,2.28,129941.78104115
2025-10-25 15:00:00,2.28,2.28,2.27,2.272,72398.59589967
2025-10-25 16:00:00,2.275,2.28,2.267,2.279,51779.35093444
2025-10-25 17:00:00,2.278,2.289,2.277,2.285,36359.74577261
2025-10-25 18:00:00,2.283,2.297,2.275,2.296,87866.76513432
2025-10-25 19:00:00,2.295,2.298,2.292,2.297,26692.30446329
2025-10-25 20:00:00,2.297,2.299,2.288,2.289,25692.09807221
2025-10-25 21:00:00,2.29,2.291,2.274,2.28,65708.56469001
2025-10-25 22:00:00,2.28,2.295,2.275,2.292,25558.75973734
2025-10-25 23:00:00,2.291,2.291,2.279,2.279,23656.84423182
2025-10-26 00:00:00,2.28,2.282,2.268,2.271,49870.5066139
2025-10-26 01:00:00,2.272,2.278,2.254,2.263,107609.6017901
2025-10-26 02:00:00,2.262,2.267,2.254,2.261,64549.46719575
2025-10-26 03:00:00,2.262,2.268,2.256,2.268,54242.16560184
2025-10-26 04:00:00,2.267,2.286,2.266,2.282,58554.42098574
2025-10-26 05:00:00,2.279,2.298,2.277,2.294,46716.66189347
2025-10-26 06:00:00,2.294,2.299,2.286,2.298,43309.63896938
2025-10-26 07:00:00,2.298,2.309,2.295,2.303,102292.27519566
2025-10-26 08:00:00,2.303,2.324,2.303,2.32,91390.28220766
2025-10-26 09:00:00,2.321,2.346,2.314,2.339,226690.43948884
2025-10-26 10:00:00,2.338,2.34,2.321,2.326,73382.67714261
2025-10-26 11:00:00,2.326,2.361,2.32,2.355,117142.61888157
2025-10-26 12:00:00,2.356,2.363,2.346,2.352,90171.76605397
2025-10-26 13:00:00,2.352,2.368,2.344,2.358,73792.0934128
2025-10-26 14:00:00,2.358,2.358,2.341,2.345,121125.94956762
2025-10-26 15:00:00,2.345,2.362,2.336,2.361,92082.8486382
2025-10-26 16:00:00,2.361,2.361,2.342,2.348,96894.2581143
2025-10-26 17:00:00,2.351,2.353,2.344,2.35,21271.01484278
2025-10-26 18:00:00,2.349,2.354,2.342,2.347,51836.78950099
2025-10-26 19:00:00,2.347,2.347,2.34,2.347,25462.74584751
2025-10-26 20:00:00,2.346,2.346,2.325,2.331,48123.80175674
2025-10-26 21:00:00,2.331,2.352,2.328,2.347,20256.48458946
2025-10-26 22:00:00,2.353,2.399,2.352,2.381,332658.81948411
2025-10-26 23:00:00,2.382,2.385,2.367,2.37,106835.68213233
2025-10-27 00:00:00,2.371,2.391,2.365,2.381,78939.66808803
2025-10-27 01:00:00,2.381,2.401,2.377,2.396,85917.85334461
2025-10-27 02:00:00,2.395,2.403,2.382,2.391,65540.85115187
2025-10-27 03:00:00,2.391,2.395,2.383,2.389,68310.81482786
2025-10-27 04:00:00,2.39,2.399,2.387,2.397,53752.68580283
2025-10-27 05:00:00,2.396,2.419,2.392,2.406,63283.81588284
2025-10-27 06:00:00,2.406,2.414,2.392,2.402,87891.18874088
2025-10-27 07:00:00,2.4,2.412,2.377,2.396,99020.12118374
2025-10-27 08:00:00,2.396,2.411,2.372,2.38,293696.63412601
2025-10-27 09:00:00,2.379,2.381,2.356,2.363,187541.29155477
2025-10-27 10:00:00,2.363,2.372,2.356,2.358,73703.6989363
2025-10-27 11:00:00,2.358,2.374,2.347,2.372,99910.21013217
2025-10-27 12:00:00,2.372,2.373,2.342,2.343,108995.42504242
2025-10-27 13:00:00,2.343,2.361,2.312,2.345,253897.02174801
2025-10-27 14:00:00,2.346,2.348,2.321,2.34,119599.18543747
2025-10-27 15:00:00,2.343,2.366,2.343,2.357,71784.25867611
2025-10-27 16:00:00,2.36,2.399,2.36,2.399,187321.83549755
2025-10-27 17:00:00,2.398,2.403,2.383,2.387,141866.67579604
2025-10-27 18:00:00,2.387,2.398,2.375,2.376,96916.6231971
2025-10-27 19:00:00,2.376,2.378,2.358,2.36,66382.94258998
2025-10-27 20:00:00,2.36,2.361,2.34,2.343,104145.26106785
2025-10-27 21:00:00,2.343,2.363,2.338,2.347,96200.43358677
2025-10-27 22:00:00,2.347,2.357,2.329,2.334,53730.881602
2025-10-27 23:00:00,2.332,2.336,2.316,2.332,74435.97754488
2025-10-28 00:00:00,2.332,2.342,2.322,2.332,73367.20947633
2025-10-28 01:00:00,2.334,2.344,2.326,2.333,107175.75147823
2025-10-28 02:00:00,2.334,2.338,2.301,2.32,60884.08284469
2025-10-28 03:00:00,2.319,2.328,2.31,2.318,44209.11196062
2025-10-28 04:00:00,2.317,2.349,2.311,2.34,37537.78567288
2025-10-28 05:00:00,2.342,2.358,2.305,2.307,151244.54228313
2025-10-28 06:00:00,2.307,2.356,2.306,2.353,87169.7546473
2025-10-28 07:00:00,2.353,2.362,2.325,2.329,72539.47598689
2025-10-28 08:00:00,2.328,2.344,2.324,2.336,76303.53193454
2025-10-28 09:00:00,2.337,2.341,2.32,2.33,105914.72467351
2025-10-28 10:00:00,2.331,2.332,2.319,2.33,107937.73151324
2025-10-28 11:00:00,2.331,2.341,2.321,2.324,80095.26186698
2025-10-28 12:00:00,2.324,2.348,2.32,2.345,127738.6777099
2025-10-28 13:00:00,2.347,2.384,2.345,2.363,452936.29764944
2025-10-28 14:00:00,2.363,2.378,2.283,2.334,215472.47986546
2025-10-28 15:00:00,2.335,2.347,2.314,2.324,90630.66874233
2025-10-28 16:00:00,2.324,2.35,2.313,2.335,159002.09834426
2025-10-28 17:00:00,2.337,2.34,2.317,2.322,49336.96430079
2025-10-28 18:00:00,2.321,2.325,2.297,2.305,33911.60493595
2025-10-28 19:00:00,2.306,2.308,2.257,2.269,148321.72569062
2025-10-28 20:00:00,2.269,2.269,2.223,2.232,196792.39226151
2025-10-28 21:00:00,2.231,2.244,2.2,2.229,118407.67714288
2025-10-28 22:00:00,2.227,2.251,2.222,2.248,34906.36281378
2025-10-28 23:00:00,2.247,2.248,2.232,2.235,34265.02833274
2025-10-29 00:00:00,2.235,2.241,2.227,2.231,47138.43362719
2025-10-29 01:00:00,2.228,2.253,2.228,2.241,35788.76565941
2025-10-29 02:00:00,2.241,2.243,2.236,2.239,26835.89959156
2025-10-29 03:00:00,2.238,2.239,2.229,2.235,30894.7450614
2025-10-29 04:00:00,2.235,2.248,2.234,2.239,51102.84780062
2025-10-29 05:00:00,2.239,2.248,2.236,2.241,67433.78702361
2025-10-29 06:00:00,2.241,2.251,2.239,2.249,15409.06602828
2025-10-29 07:00:00,2.248,2.254,2.239,2.25,35448.76235405
2025-10-29 08:00:00,2.249,2.249,2.236,2.242,68887.27261351
2025-10-29 09:00:00,2.243,2.269,2.24,2.263,29035.61024106
2025-10-29 10:00:00,2.265,2.31,2.264,2.295,130546.80086995
2025-10-29 11:00:00,2.295,2.311,2.291,2.296,33169.89299758
2025-10-29 12:00:00,2.296,2.304,2.293,2.301,23094.5060351
2025-10-29 13:00:00,2.302,2.324,2.301,2.314,76602.27284579
2025-10-29 14:00:00,2.314,2.316,2.289,2.294,84217.55914454
2025-10-29 15:00:00,2.294,2.301,2.252,2.272,202462.93155897
2025-10-29 16:00:00,2.27,2.289,2.259,2.276,127097.96562544
2025-10-29 17:00:00,2.278,2.349,2.276,2.349,70135.32059429
2025-10-29 18:00:00,2.349,2.349,2.227,2.309,828046.27858798
2025-10-29 19:00:00,2.31,2.342,2.295,2.315,141610.35490373
2025-10-29 20:00:00,2.316,2.34,2.299,2.328,123287.62130283
2025-10-29 21:00:00,2.33,2.33,2.314,2.321,49582.79192042
2025-10-29 22:00:00,2.321,2.325,2.309,2.314,28340.7508186
2025-10-29 23:00:00,2.316,2.316,2.264,2.276,217915.49539499
2025-10-30 00:00:00,2.276,2.305,2.264,2.3,45525.40528359
2025-10-30 01:00:00,2.3,2.301,2.278,2.289,64862.71729892
2025-10-30 02:00:00,2.289,2.306,2.282,2.3,61788.0427795
2025-10-30 03:00:00,2.301,2.302,2.271,2.28,48524.8494863
2025-10-30 04:00:00,2.278,2.278,2.192,2.215,266499.27096594
2025-10-30 05:00:00,2.216,2.254,2.206,2.249,76510.99102741
2025-10-30 06:00:00,2.247,2.255,2.227,2.248,59199.69352082
2025-10-30 07:00:00,2.248,2.271,2.238,2.263,103480.96093102
2025-10-30 08:00:00,2.261,2.261,2.225,2.232,251433.49326001
2025-10-30 09:00:00,2.231,2.235,2.206,2.211,149312.1899272
2025-10-30 10:00:00,2.21,2.221,2.201,2.206,109617.92618247
2025-10-30 11:00:00,2.206,2.21,2.187,2.192,108256.47437187
2025-10-30 12:00:00,2.192,2.193,2.147,2.164,231676.02971195
2025-10-30 13:00:00,2.162,2.171,2.117,2.121,186725.46290732
2025-10-30 14:00:00,2.122,2.143,2.119,2.124,114775.04464264
2025-10-30 15:00:00,2.124,2.129,2.088,2.094,196733.88321863
2025-10-30 16:00:00,2.096,2.112,2.087,2.1,112639.62195104
2025-10-30 17:00:00,2.1,2.1,2.053,2.079,104026.72462897
2025-10-30 18:00:00,2.08,2.081,2.051,2.056,135952.40212621
2025-10-30 19:00:00,2.058,2.069,2.031,2.037,239324.97807314
2025-10-30 20:00:00,2.037,2.073,2.03,2.07,203592.07217986
2025-10-30 21:00:00,2.071,2.072,2.047,2.065,197759.24826999
2025-10-30 22:00:00,2.064,2.081,2.059,2.08,59641.83989722
2025-10-30 23:00:00,2.082,2.102,2.069,2.099,207376.28540248
2025-10-31 00:00:00,2.097,2.121,2.092,2.116,72077.01376969
2025-10-31 01:00:00,2.114,2.13,2.11,2.126,73141.96178363
2025-10-31 02:00:00,2.128,2.128,2.099,2.109,54353.42471109
2025-10-31 03:00:00,2.11,2.131,2.105,2.122,182710.1518718
2025-10-31 04:00:00,2.123,2.142,2.12,2.137,145158.35933391
2025-10-31 05:00:00,2.136,2.136,2.118,2.12,67478.41995397
2025-10-31 06:00:00,2.121,2.123,2.106,2.11,78323.25258218
2025-10-31 07:00:00,2.11,2.117,2.102,2.11,76573.47704124
2025-10-31 08:00:00,2.109,2.114,2.093,2.107,144048.63752062
2025-10-31 09:00:00,2.105,2.111,2.095,2.104,87431.65933993
2025-10-31 10:00:00,2.105,2.112,2.099,2.101,37734.15706812
2025-10-31 11:00:00,2.103,2.132,2.095,2.13,74566.3397389
2025-10-31 12:00:00,2.13,2.143,2.111,2.111,76224.4955157
2025-10-31 13:00:00,2.112,2.133,2.103,2.131,73803.24373089
2025-10-31 14:00:00,2.131,2.15,2.117,2.15,85147.46559209
2025-10-31 15:00:00,2.149,2.16,2.137,2.138,58783.39584328
2025-10-31 16:00:00,2.138,2.141,2.082,2.084,112726.03039176
2025-10-31 17:00:00,2.083,2.102,2.07,2.088,181916.27942809
2025-10-31 18:00:00,2.089,2.112,2.079,2.099,115211.77898424
2025-10-31 19:00:00,2.097,2.139,2.086,2.133,129256.52050621
2025-10-31 20:00:00,2.133,2.136,2.105,2.106,87863.72418119
2025-10-31 21:00:00,2.106,2.111,2.095,2.103,97379.82054867
2025-10-31 22:00:00,2.103,2.113,2.1,2.104,74858.93906148
2025-10-31 23:00:00,2.104,2.107,2.098,2.098,185036.18989715
2025-11-01 00:00:00,2.1,2.11,2.087,2.105,101200.48963289
2025-11-01 01:00:00,2.104,2.116,2.099,2.101,52360.43679451
2025-11-01 02:00:00,2.1,2.122,2.092,2.12,62164.98445958
2025-11-01 03:00:00,2.12,2.132,2.119,2.13,77007.07253901
2025-11-01 04:00:00,2.131,2.134,2.117,2.123,55672.87439475
2025-11-01 05:00:00,2.124,2.124,2.109,2.112,42747.2689866
2025-11-01 06:00:00,2.112,2.12,2.107,2.12,54548.79362386
2025-11-01 07:00:00,2.12,2.144,2.117,2.14,181815.30543315
2025-11-01 08:00:00,2.141,2.163,2.13,2.161,177448.3506335
2025-11-01 09:00:00,2.159,2.163,2.132,2.138,88137.9978552
2025-11-01 10:00:00,2.138,2.158,2.133,2.152,107563.89505967
2025-11-01 11:00:00,2.153,2.168,2.151,2.162,95658.83940674
2025-11-01 12:00:00,2.162,2.183,2.161,2.175,173781.53482888
2025-11-01 13:00:00,2.177,2.183,2.149,2.166,170971.93040649
2025-11-01 14:00:00,2.167,2.171,2.142,2.149,115521.83684738
2025-11-01 15:00:00,2.15,2.175,2.146,2.162,134217.4490075
2025-11-01 16:00:00,2.162,2.177,2.157,2.167,60080.21450274
2025-11-01 17:00:00,2.166,2.167,2.154,2.158,31582.14687768
2025-11-01 18:00:00,2.157,2.164,2.156,2.163,17332.29340734
2025-11-01 19:00:00,2.162,2.17,2.159,2.169,15639.64676314
2025-11-01 20:00:00,2.17,2.183,2.165,2.172,124578.34264926
2025-11-01 21:00:00,2.173,2.182,2.149,2.149,91610.55973336
2025-11-01 22:00:00,2.151,2.17,2.151,2.17,27990.71135328
2025-11-01 23:00:00,2.17,2.176,2.165,2.175,23166.75832307
2025-11-02 00:00:00,2.173,2.175,2.163,2.166,47909.33480236
2025-11-02 01:00:00,2.166,2.17,2.155,2.16,63127.50201385
2025-11-02 02:00:00,2.159,2.174,2.159,2.164,28644.31352964
2025-11-02 03:00:00,2.165,2.166,2.155,2.159,30927.42549025
2025-11-02 04:00:00,2.16,2.186,2.159,2.184,54536.92424045
2025-11-02 05:00:00,2.185,2.185,2.162,2.18,54517.54607842
2025-11-02 06:00:00,2.179,2.184,2.172,2.183,46000.09859173
2025-11-02 07:00:00,2.183,2.199,2.178,2.194,43456.69942402
2025-11-02 08:00:00,2.194,2.196,2.173,2.176,104015.16734058
2025-11-02 09:00:00,2.177,2.192,2.162,2.166,68876.53340065
2025-11-02 10:00:00,2.167,2.172,2.147,2.163,129819.82273073
2025-11-02 11:00:00,2.163,2.189,2.161,2.187,84007.99802654
2025-11-02 12:00:00,2.187,2.187,2.169,2.174,33314.37689771
2025-11-02 13:00:00,2.171,2.171,2.145,2.153,50820.31668819
2025-11-02 14:00:00,2.153,2.158,2.108,2.122,85479.20659993
2025-11-02 15:00:00,2.123,2.141,2.114,2.122,35162.40557457
2025-11-02 16:00:00,2.122,2.139,2.103,2.138,34944.0669018
2025-11-02 17:00:00,2.138,2.141,2.121,2.131,21120.14684665
2025-11-02 18:00:00,2.13,2.133,2.123,2.123,24771.7888696
2025-11-02 19:00:00,2.125,2.126,2.109,2.122,29825.1311716
2025-11-02 20:00:00,2.122,2.13,2.114,2.13,30825.31022589
2025-11-02 21:00:00,2.13,2.145,2.122,2.137,113856.12428439
2025-11-02 22:00:00,2.138,2.153,2.134,2.144,106977.70573974
2025-11-02 23:00:00,2.145,2.202,2.145,2.19,169683.22257877
2025-11-03 00:00:00,2.192,2.204,2.163,2.165,119985.93518716
2025-11-03 01:00:00,2.165,2.174,2.14,2.141,114311.36674025
2025-11-03 02:00:00,2.142,2.143,2.101,2.114,87228.85608368
2025-11-03 03:00:00,2.115,2.122,2.038,2.041,200228.71277265
2025-11-03 04:00:00,2.04,2.052,2.019,2.052,191488.65002069
2025-11-03 05:00:00,2.053,2.07,2.025,2.027,126064.90873665
2025-11-03 06:00:00,2.025,2.037,2.002,2.033,322910.87573234
2025-11-03 07:00:00,2.033,2.05,2.011,2.041,175843.50167331
2025-11-03 08:00:00,2.04,2.047,2.01,2.031,125939.9083854
2025-11-03 09:00:00,2.031,2.055,2.008,2.011,153738.90119377
2025-11-03 10:00:00,2.01,2.02,1.972,1.984,244628.33298416
2025-11-03 11:00:00,1.986,2.016,1.986,2.002,164124.03100004
2025-11-03 12:00:00,2.003,2.039,2.001,2.004,218680.09849991
2025-11-03 13:00:00,2.003,2.025,1.996,2.012,151302.24848656
2025-11-03 14:00:00,2.017,2.033,2.001,2.017,113392.87502513
2025-11-03 15:00:00,2.02,2.022,1.827,1.901,2147386.91150932
2025-11-03 16:00:00,1.902,1.955,1.89,1.939,211156.89656667
2025-11-03 17:00:00,1.938,1.974,1.935,1.966,144869.51047765
2025-11-03 18:00:00,1.965,1.965,1.93,1.931,54229.65113803
2025-11-03 19:00:00,1.932,1.936,1.909,1.91,128204.00861499
2025-11-03 20:00:00,1.913,1.917,1.883,1.893,147579.34920863
2025-11-03 21:00:00,1.893,1.917,1.878,1.911,169538.62408727
2025-11-03 22:00:00,1.911,1.914,1.882,1.901,192471.89605382
2025-11-03 23:00:00,1.9,1.914,1.885,1.912,63530.03174347
2025-11-04 00:00:00,1.912,1.936,1.892,1.922,118810.69471992
2025-11-04 01:00:00,1.923,1.935,1.915,1.925,139720.50189531
2025-11-04 02:00:00,1.924,1.929,1.916,1.919,93913.05497107
2025-11-04 03:00:00,1.919,1.945,1.914,1.942,97280.38941439
2025-11-04 04:00:00,1.943,1.951,1.923,1.923,105569.27394184
2025-11-04 05:00:00,1.922,1.927,1.829,1.833,474323.72188462
2025-11-04 06:00:00,1.83,1.902,1.83,1.865,274565.19019834
2025-11-04 07:00:00,1.86,1.863,1.827,1.841,301019.05650559
2025-11-04 08:00:00,1.842,1.885,1.833,1.871,333028.81747932
2025-11-04 09:00:00,1.871,1.897,1.868,1.894,118683.57694304
2025-11-04 10:00:00,1.895,1.903,1.887,1.901,95344.17399585
2025-11-04 11:00:00,1.902,1.915,1.888,1.894,253704.24215481
2025-11-04 12:00:00,1.894,1.9,1.873,1.882,121354.17868944
2025-11-04 13:00:00,1.883,1.888,1.865,1.882,97924.44964825
2025-11-04 14:00:00,1.881,1.935,1.867,1.926,208126.41868733
2025-11-04 15:00:00,1.927,1.942,1.889,1.897,295237.20436267
2025-11-04 16:00:00,1.898,1.913,1.855,1.858,238371.68431799
2025-11-04 17:00:00,1.858,1.866,1.8,1.835,328375.25891645
2025-11-04 18:00:00,1.835,1.835,1.767,1.826,263154.83956865
2025-11-04 19:00:00,1.825,1.841,1.793,1.796,125402.38488037
2025-11-04 20:00:00,1.797,1.819,1.72,1.797,549061.54041602
2025-11-04 21:00:00,1.798,1.807,1.724,1.797,425704.85229033
2025-11-04 22:00:00,1.798,1.852,1.786,1.845,332428.80034257
2025-11-04 23:00:00,1.845,1.857,1.829,1.832,137283.61462948
2025-11-05 00:00:00,1.832,1.837,1.799,1.806,151731.04214538
2025-11-05 01:00:00,1.806,1.809,1.736,1.796,280889.85284602
2025-11-05 02:00:00,1.804,1.856,1.804,1.852,218085.04734852
2025-11-05 03:00:00,1.853,1.868,1.843,1.862,141984.98317665
2025-11-05 04:00:00,1.862,1.869,1.848,1.856,154908.96545837
2025-11-05 05:00:00,1.856,1.867,1.851,1.854,171958.74655213
2025-11-05 06:00:00,1.854,1.863,1.841,1.863,98084.91002431
2025-11-05 07:00:00,1.863,1.866,1.846,1.863,86039.74971683
2025-11-05 08:00:00,1.863,1.876,1.83,1.844,177984.62581458
2025-11-05 09:00:00,1.844,1.861,1.84,1.859,87147.17280294
2025-11-05 10:00:00,1.859,1.861,1.838,1.838,65576.78712798
2025-11-05 11:00:00,1.837,1.885,1.837,1.881,151912.52477047
2025-11-05 12:00:00,1.88,1.891,1.867,1.883,287338.78609464
2025-11-05 13:00:00,1.882,1.904,1.87,1.894,103112.33393031
2025-11-05 14:00:00,1.892,1.904,1.87,1.889,124297.11999606
2025-11-05 15:00:00,1.889,1.91,1.882,1.91,104077.87058976
2025-11-05 16:00:00,1.91,1.932,1.889,1.93,133143.06351848
2025-11-05 17:00:00,1.928,1.931,1.918,1.927,100116.15134805
2025-11-05 18:00:00,1.927,1.954,1.925,1.942,136870.31887176
2025-11-05 19:00:00,1.941,1.944,1.927,1.937,103645.20570892
2025-11-05 20:00:00,1.936,1.949,1.93,1.945,137328.15354436
2025-11-05 21:00:00,1.944,1.945,1.93,1.937,108847.74593079
2025-11-05 22:00:00,1.936,1.944,1.928,1.944,91606.22159629
2025-11-05 23:00:00,1.944,1.972,1.935,1.951,335049.16872255
2025-11-06 00:00:00,1.951,1.954,1.936,1.945,164241.15898968
2025-11-06 01:00:00,1.944,1.944,1.911,1.932,170143.25313624
2025-11-06 02:00:00,1.932,1.949,1.913,1.937,119244.21915431
2025-11-06 03:00:00,1.939,1.941,1.922,1.923,105810.1124185
2025-11-06 04:00:00,1.923,1.942,1.921,1.937,81615.19022737
2025-11-06 05:00:00,1.937,1.941,1.906,1.91,59694.99316673
2025-11-06 06:00:00,1.911,1.919,1.898,1.901,96040.44573737
2025-11-06 07:00:00,1.901,1.912,1.889,1.897,107884.21037063
2025-11-06 08:00:00,1.897,1.904,1.892,1.899,88748.36844435
2025-11-06 09:00:00,1.901,1.906,1.892,1.897,44545.71614035
2025-11-06 10:00:00,1.898,1.911,1.887,1.9,60389.34716139
2025-11-06 11:00:00,1.9,1.906,1.89,1.902,71473.06635123
2025-11-06 12:00:00,1.903,1.923,1.897,1.909,331726.48201537
2025-11-06 13:00:00,1.908,2.04,1.901,1.988,601262.41236715
2025-11-06 14:00:00,1.991,2.014,1.967,1.978,453978.66607027
2025-11-06 15:00:00,1.979,2.021,1.963,1.971,361519.42904326
2025-11-06 16:00:00,1.971,1.977,1.908,1.94,234383.08732715
2025-11-06 17:00:00,1.943,2.011,1.943,2.001,597694.736428
2025-11-06 18:00:00,1.999,2.081,1.983,2.048,654507.59120662
2025-11-06 19:00:00,2.047,2.074,2.032,2.068,580228.80774947
2025-11-06 20:00:00,2.069,2.097,2.038,2.053,405715.00840364
2025-11-06 21:00:00,2.053,2.076,2.042,2.062,116567.59225222
2025-11-06 22:00:00,2.062,2.099,2.058,2.092,517879.36795107
2025-11-06 23:00:00,2.091,2.105,2.051,2.097,267420.66443251
2025-11-07 00:00:00,2.096,2.154,2.088,2.154,811957.24867276
2025-11-07 01:00:00,2.155,2.169,2.077,2.106,616919.87621189
2025-11-07 02:00:00,2.105,2.115,2.082,2.111,132072.85125482
2025-11-07 03:00:00,2.112,2.155,2.105,2.154,457694.53466131
2025-11-07 04:00:00,2.156,2.163,2.12,2.154,235013.99949229
2025-11-07 05:00:00,2.155,2.276,2.15,2.253,479435.73718279
2025-11-07 06:00:00,2.254,2.271,2.202,2.203,469321.95946367
2025-11-07 07:00:00,2.202,2.259,2.202,2.243,404687.44806848
2025-11-07 08:00:00,2.244,2.284,2.235,2.28,730266.38762217
2025-11-07 09:00:00,2.282,2.311,2.227,2.311,577428.04420278
2025-11-07 10:00:00,2.311,2.356,2.271,2.273,597676.05459124
2025-11-07 11:00:00,2.273,2.286,2.209,2.278,352948.83651294
2025-11-07 12:00:00,2.279,2.308,2.25,2.295,390824.40636506
2025-11-07 13:00:00,2.295,2.369,2.279,2.35,670109.23711679
2025-11-07 14:00:00,2.351,2.486,2.313,2.46,902695.56283331
2025-11-07 15:00:00,2.462,2.59,2.427,2.521,1281222.6561315
2025-11-07 16:00:00,2.521,2.763,2.513,2.724,2041038.35733984
2025-11-07 17:00:00,2.724,2.909,2.652,2.821,1987481.35337773
2025-11-07 18:00:00,2.823,2.947,2.756,2.794,1443445.53912187
2025-11-07 19:00:00,2.795,2.894,2.772,2.795,789255.44392971
2025-11-07 20:00:00,2.795,2.829,2.743,2.747,479843.48371208
2025-11-07 21:00:00,2.747,2.844,2.746,2.841,271010.82708584
2025-11-07 22:00:00,2.844,2.969,2.818,2.923,805423.25565516
2025-11-07 23:00:00,2.926,2.938,2.752,2.768,1113251.84578687
2025-11-08 00:00:00,2.768,2.835,2.601,2.636,781405.28008334
2025-11-08 01:00:00,2.636,2.728,2.635,2.717,1020351.7865396
2025-11-08 02:00:00,2.717,2.795,2.714,2.735,639292.77359974
2025-11-08 03:00:00,2.735,2.775,2.684,2.69,446898.27153687
2025-11-08 04:00:00,2.691,2.763,2.691,2.718,206831.09046764
2025-11-08 05:00:00,2.717,2.73,2.633,2.657,442632.5719189
2025-11-08 06:00:00,2.657,2.675,2.607,2.641,549035.26120718
2025-11-08 07:00:00,2.642,2.683,2.62,2.662,279098.89436314
2025-11-08 08:00:00,2.662,2.819,2.622,2.807,1017103.87806473
2025-11-08 09:00:00,2.802,2.855,2.731,2.78,1099714.6439397
2025-11-08 10:00:00,2.781,2.952,2.767,2.933,655486.19018938
2025-11-08 11:00:00,2.932,3.19,2.914,3.006,1498310.06201597
2025-11-08 12:00:00,3.007,3.041,2.948,3.014,418465.94786653
2025-11-08 13:00:00,3.015,3.033,2.873,2.88,773947.12716586
2025-11-08 14:00:00,2.88,2.916,2.832,2.839,892216.01851406
2025-11-08 15:00:00,2.842,2.858,2.791,2.81,586259.67199092
2025-11-08 16:00:00,2.811,2.829,2.724,2.758,454410.19786065
2025-11-08 17:00:00,2.757,2.82,2.753,2.789,169855.16701883
2025-11-08 18:00:00,2.79,2.902,2.785,2.89,329641.28770963
2025-11-08 19:00:00,2.889,2.924,2.808,2.846,285244.14691414
2025-11-08 20:00:00,2.845,2.867,2.814,2.823,156586.74341509
2025-11-08 21:00:00,2.824,2.867,2.818,2.858,139278.58543816
2025-11-08 22:00:00,2.858,2.878,2.844,2.86,134736.3522851
2025-11-08 23:00:00,2.858,2.962,2.843,2.937,452631.74442598
2025-11-09 00:00:00,2.934,3.035,2.885,2.991,1068442.1908129
2025-11-09 01:00:00,2.99,3.083,2.954,2.963,614026.49213412
2025-11-09 02:00:00,2.965,3.025,2.847,2.869,644218.2140881
2025-11-09 03:00:00,2.869,2.997,2.81,2.82,1033823.89473869
2025-11-09 04:00:00,2.821,2.872,2.757,2.776,491479.47354823
2025-11-09 05:00:00,2.776,2.805,2.736,2.775,610776.28245017
2025-11-09 06:00:00,2.776,2.828,2.754,2.795,242458.71457076
2025-11-09 07:00:00,2.796,2.813,2.751,2.782,241848.25514595
2025-11-09 08:00:00,2.782,2.783,2.672,2.712,552368.3105391
2025-11-09 09:00:00,2.715,2.801,2.712,2.741,564927.24777515
2025-11-09 10:00:00,2.74,2.744,2.695,2.718,396539.5390057
2025-11-09 11:00:00,2.717,2.785,2.717,2.73,430530.69052772
2025-11-09 12:00:00,2.729,2.763,2.704,2.712,231139.31846867
2025-11-09 13:00:00,2.712,2.758,2.692,2.744,326895.03896135
2025-11-09 14:00:00,2.742,2.89,2.729,2.844,605290.64283942
2025-11-09 15:00:00,2.845,2.973,2.832,2.885,594729.4297779
2025-11-09 16:00:00,2.886,2.975,2.846,2.972,428565.630579
2025-11-09 17:00:00,2.971,2.987,2.932,2.947,452729.83218798
2025-11-09 18:00:00,2.948,2.954,2.874,2.945,459639.33358119
2025-11-09 19:00:00,2.945,3.031,2.929,3.026,235685.89337259
2025-11-09 20:00:00,3.024,3.026,2.918,2.941,239076.64990845
2025-11-09 21:00:00,2.941,2.956,2.907,2.93,266568.1716372
2025-11-09 22:00:00,2.929,2.944,2.885,2.93,166646.50660215
2025-11-09 23:00:00,2.934,3.084,2.933,3.077,426989.7627499
2025-11-10 00:00:00,3.074,3.074,2.939,2.976,419320.88706057
2025-11-10 01:00:00,2.975,2.984,2.899,2.946,305745.63040444
2025-11-10 02:00:00,2.945,3.012,2.908,2.931,159695.72747485
2025-11-10 03:00:00,2.932,3.045,2.911,3.016,332068.49911386
2025-11-10 04:00:00,3.016,3.02,2.907,2.938,201172.95351487
2025-11-10 05:00:00,2.942,3.15,2.933,3.097,941433.34830495
2025-11-10 06:00:00,3.098,3.146,3.01,3.047,361340.61901766
2025-11-10 07:00:00,3.046,3.097,2.974,2.981,372143.55381335
2025-11-10 08:00:00,2.983,3.016,2.939,2.948,258755.79773366
2025-11-10 09:00:00,2.949,3.062,2.949,3.057,256854.62552357
2025-11-10 10:00:00,3.056,3.07,2.831,2.877,707444.16004299
2025-11-10 11:00:00,2.88,2.911,2.87,2.883,205166.42757655
2025-11-10 12:00:00,2.883,2.903,2.839,2.855,298917.53629326
2025-11-10 13:00:00,2.856,2.896,2.855,2.855,165980.42548819
2025-11-10 14:00:00,2.855,2.859,2.8,2.858,391189.80209634
2025-11-10 15:00:00,2.859,2.9,2.82,2.843,342698.22462419
2025-11-10 16:00:00,2.844,2.856,2.809,2.827,233269.83895115
2025-11-10 17:00:00,2.828,2.883,2.828,2.879,123580.56274448
2025-11-10 18:00:00,2.879,2.884,2.843,2.843,58613.10717266
2025-11-10 19:00:00,2.843,2.879,2.837,2.85,101989.23367499
2025-11-10 20:00:00,2.849,2.884,2.817,2.819,171541.83251518
2025-11-10 21:00:00,2.818,2.821,2.751,2.768,373144.50985
2025-11-10 22:00:00,2.77,2.799,2.755,2.792,173628.26048129
2025-11-10 23:00:00,2.792,2.814,2.774,2.788,202564.99599528
2025-11-11 00:00:00,2.79,2.807,2.73,2.763,302792.36438499
2025-11-11 01:00:00,2.763,2.816,2.739,2.748,351900.81644432
2025-11-11 02:00:00,2.748,2.81,2.73,2.795,239461.28328285
2025-11-11 03:00:00,2.795,2.825,2.782,2.817,226306.04923672
2025-11-11 04:00:00,2.815,2.835,2.778,2.782,174636.41349905
2025-11-11 05:00:00,2.782,2.783,2.734,2.761,238123.60604165
2025-11-11 06:00:00,2.762,2.79,2.712,2.722,233118.45856856
2025-11-11 07:00:00,2.721,2.726,2.649,2.662,427656.07630968
2025-11-11 08:00:00,2.661,2.695,2.66,2.68,185040.35042956
2025-11-11 09:00:00,2.679,2.696,2.651,2.667,169257.81353314
2025-11-11 10:00:00,2.664,2.679,2.637,2.64,189594.55149405
2025-11-11 11:00:00,2.641,2.677,2.635,2.666,138900.86646343
2025-11-11 12:00:00,2.666,2.68,2.639,2.663,174915.16857949
2025-11-11 13:00:00,2.669,2.711,2.643,2.65,267087.01045655
2025-11-11 14:00:00,2.649,2.727,2.636,2.724,157031.57688305
2025-11-11 15:00:00,2.719,2.729,2.686,2.711,177692.66255692
2025-11-11 16:00:00,2.71,2.725,2.689,2.707,100609.37459708
2025-11-11 17:00:00,2.707,2.713,2.649,2.665,172007.35555958
2025-11-11 18:00:00,2.664,2.67,2.643,2.646,48410.71210183
2025-11-11 19:00:00,2.645,2.653,2.613,2.621,128191.90354809
2025-11-11 20:00:00,2.621,2.63,2.58,2.596,182146.28072692
2025-11-11 21:00:00,2.598,2.62,2.583,2.591,107629.4480747
2025-11-11 22:00:00,2.59,2.595,2.558,2.591,157696.31252111
2025-11-11 23:00:00,2.591,2.592,2.529,2.547,144306.57396723
2025-11-12 00:00:00,2.548,2.573,2.539,2.548,143860.69601551
2025-11-12 01:00:00,2.549,2.595,2.549,2.576,158903.29697234
2025-11-12 02:00:00,2.577,2.586,2.551,2.578,132111.23878173
2025-11-12 03:00:00,2.578,2.586,2.57,2.577,129188.11092647
2025-11-12 04:00:00,2.578,2.581,2.563,2.574,132569.06101872
2025-11-12 05:00:00,2.573,2.588,2.567,2.576,89719.49683961
2025-11-12 06:00:00,2.576,2.607,2.567,2.59,114995.74200135
2025-11-12 07:00:00,2.591,2.601,2.558,2.565,80681.91324666
2025-11-12 08:00:00,2.567,2.636,2.563,2.625,226529.94348159
2025-11-12 09:00:00,2.624,2.652,2.62,2.643,152233.15539481
2025-11-12 10:00:00,2.643,2.664,2.635,2.648,230650.77095534
2025-11-12 11:00:00,2.646,2.664,2.64,2.641,117136.7138362
2025-11-12 12:00:00,2.642,2.66,2.62,2.626,156876.90821395
2025-11-12 13:00:00,2.627,2.639,2.6,2.617,133595.7459347
2025-11-12 14:00:00,2.617,2.626,2.562,2.59,182638.85073483
2025-11-12 15:00:00,2.589,2.596,2.509,2.529,327257.60540569
2025-11-12 16:00:00,2.529,2.542,2.476,2.507,376308.71860153
2025-11-12 17:00:00,2.506,2.532,2.48,2.515,356101.69344461
2025-11-12 18:00:00,2.516,2.528,2.499,2.499,142132.76035932
2025-11-12 19:00:00,2.499,2.517,2.483,2.505,189961.89652014
2025-11-12 20:00:00,2.504,2.572,2.501,2.561,148301.13744124
2025-11-12 21:00:00,2.562,2.575,2.549,2.555,144258.67746371
2025-11-12 22:00:00,2.556,2.569,2.547,2.557,210395.78640626
2025-11-12 23:00:00,2.558,2.558,2.522,2.535,211993.90027471
2025-11-13 00:00:00,2.535,2.545,2.516,2.529,229949.82089436
2025-11-13 01:00:00,2.529,2.557,2.524,2.533,223093.35706942
2025-11-13 02:00:00,2.534,2.553,2.524,2.531,246888.99436238
2025-11-13 03:00:00,2.532,2.584,2.496,2.556,235065.43152706
2025-11-13 04:00:00,2.555,2.581,2.537,2.577,217709.39843829
2025-11-13 05:00:00,2.575,2.604,2.552,2.594,182180.94758685
2025-11-13 06:00:00,2.594,2.599,2.566,2.568,108375.78337991
2025-11-13 07:00:00,2.568,2.591,2.557,2.559,99785.64630719
2025-11-13 08:00:00,2.56,2.593,2.554,2.579,70546.89821629
2025-11-13 09:00:00,2.579,2.583,2.553,2.56,84293.17750695
2025-11-13 10:00:00,2.562,2.58,2.536,2.544,109388.13175237
2025-11-13 11:00:00,2.544,2.552,2.538,2.54,97152.95252901
2025-11-13 12:00:00,2.54,2.578,2.535,2.577,171126.21237897
2025-11-13 13:00:00,2.577,2.589,2.556,2.567,199509.24981278
2025-11-13 14:00:00,2.566,2.604,2.527,2.584,288021.53154269
2025-11-13 15:00:00,2.583,2.59,2.498,2.52,259032.66512555
2025-11-13 16:00:00,2.52,2.528,2.463,2.469,303691.1030008
2025-11-13 17:00:00,2.471,2.483,2.423,2.433,393807.61823192
2025-11-13 18:00:00,2.432,2.442,2.395,2.414,340742.51788535
2025-11-13 19:00:00,2.414,2.461,2.4,2.41,285080.58217282
2025-11-13 20:00:00,2.409,2.43,2.394,2.409,259157.90263391
2025-11-13 21:00:00,2.408,2.417,2.393,2.407,139152.54289741
2025-11-13 22:00:00,2.406,2.466,2.404,2.458,182354.76336656
2025-11-13 23:00:00,2.459,2.471,2.442,2.448,142984.48747498
2025-11-14 00:00:00,2.449,2.451,2.417,2.426,181067.12533689
2025-11-14 01:00:00,2.427,2.445,2.411,2.416,195512.1852159
2025-11-14 02:00:00,2.416,2.429,2.398,2.407,167285.41905799
2025-11-14 03:00:00,2.408,2.412,2.375,2.391,114770.86780901
2025-11-14 04:00:00,2.39,2.394,2.307,2.355,255582.75248745
2025-11-14 05:00:00,2.355,2.422,2.355,2.41,529941.52698445
2025-11-14 06:00:00,2.41,2.433,2.366,2.432,433437.20425654
2025-11-14 07:00:00,2.426,2.437,2.393,2.397,194183.93927144
2025-11-14 08:00:00,2.398,2.402,2.368,2.378,171686.96941227
2025-11-14 09:00:00,2.378,2.392,2.356,2.363,286441.10141687
2025-11-14 10:00:00,2.363,2.4,2.363,2.384,149135.37988976
2025-11-14 11:00:00,2.385,2.386,2.357,2.373,275956.35538136
2025-11-14 12:00:00,2.372,2.4,2.334,2.394,316352.17071098
2025-11-14 13:00:00,2.394,2.43,2.392,2.416,324344.40024073
2025-11-14 14:00:00,2.418,2.445,2.37,2.431,301561.92471435
2025-11-14 15:00:00,2.432,2.463,2.41,2.443,272623.23840255
2025-11-14 16:00:00,2.443,2.449,2.412,2.432,184354.61749646
2025-11-14 17:00:00,2.432,2.433,2.394,2.402,139897.02358341
2025-11-14 18:00:00,2.401,2.434,2.394,2.417,108423.24246619
2025-11-14 19:00:00,2.418,2.451,2.412,2.439,45650.2236052
2025-11-14 20:00:00,2.44,2.44,2.358,2.373,102835.98231172
2025-11-14 21:00:00,2.372,2.401,2.364,2.378,43882.01696866
2025-11-14 22:00:00,2.377,2.397,2.362,2.371,100335.49718434
2025-11-14 23:00:00,2.372,2.373,2.317,2.356,274583.20220563
2025-11-15 00:00:00,2.356,2.387,2.352,2.385,112120.47655861
2025-11-15 01:00:00,2.385,2.414,2.373,2.406,74263.04319226
2025-11-15 02:00:00,2.406,2.448,2.399,2.448,79879.62441528
2025-11-15 03:00:00,2.449,2.492,2.439,2.48,236698.85784412
2025-11-15 04:00:00,2.48,2.59,2.474,2.553,583055.92833147
2025-11-15 05:00:00,2.552,2.586,2.505,2.58,384999.40598186
2025-11-15 06:00:00,2.582,2.624,2.56,2.583,610586.82102747
2025-11-15 07:00:00,2.585,2.586,2.526,2.533,188526.16850039
2025-11-15 08:00:00,2.532,2.54,2.465,2.475,270776.51038827
2025-11-15 09:00:00,2.476,2.493,2.46,2.471,98831.01682743
2025-11-15 10:00:00,2.476,2.488,2.449,2.486,109901.64056717
2025-11-15 11:00:00,2.485,2.511,2.474,2.489,110366.63284533
2025-11-15 12:00:00,2.489,2.552,2.479,2.546,151839.74551928
2025-11-15 13:00:00,2.547,2.556,2.505,2.513,164954.70175627
2025-11-15 14:00:00,2.512,2.513,2.477,2.499,106420.62202043
2025-11-15 15:00:00,2.497,2.525,2.48,2.48,79831.58485856
2025-11-15 16:00:00,2.479,2.487,2.446,2.469,170962.85101643
2025-11-15 17:00:00,2.471,2.477,2.447,2.476,115020.12675729
2025-11-15 18:00:00,2.476,2.478,2.45,2.459,82437.72601612
2025-11-15 19:00:00,2.459,2.468,2.452,2.454,49122.13477541
2025-11-15 20:00:00,2.456,2.456,2.423,2.433,68269.38844454
2025-11-15 21:00:00,2.432,2.442,2.392,2.393,78869.00736467
2025-11-15 22:00:00,2.392,2.421,2.391,2.416,53867.1882072
2025-11-15 23:00:00,2.417,2.422,2.407,2.409,37955.23406471
2025-11-16 00:00:00,2.408,2.414,2.364,2.388,150053.02672655
2025-11-16 01:00:00,2.385,2.401,2.364,2.394,99755.71295998
2025-11-16 02:00:00,2.393,2.443,2.384,2.438,103186.21787132
2025-11-16 03:00:00,2.437,2.443,2.422,2.442,103374.50396484
2025-11-16 04:00:00,2.441,2.447,2.419,2.425,34640.67166111
2025-11-16 05:00:00,2.425,2.51,2.425,2.466,305308.44298021
2025-11-16 06:00:00,2.466,2.497,2.466,2.474,129855.73817575
2025-11-16 07:00:00,2.472,2.487,2.456,2.474,133777.39373098
2025-11-16 08:00:00,2.473,2.474,2.451,2.464,107297.40186587
2025-11-16 09:00:00,2.463,2.515,2.45,2.515,448140.54438072
2025-11-16 10:00:00,2.514,2.563,2.506,2.542,618527.76772393
2025-11-16 11:00:00,2.541,2.552,2.466,2.484,253166.60077853
2025-11-16 12:00:00,2.48,2.515,2.467,2.505,162548.45575619
2025-11-16 13:00:00,2.504,2.509,2.411,2.419,324671.76878062
2025-11-16 14:00:00,2.419,2.438,2.405,2.414,163423.57555373
2025-11-16 15:00:00,2.413,2.414,2.339,2.342,353963.24854056
2025-11-16 16:00:00,2.343,2.36,2.29,2.298,229795.37528382
2025-11-16 17:00:00,2.296,2.308,2.266,2.299,198036.3419956
2025-11-16 18:00:00,2.297,2.353,2.287,2.295,198329.09936749
2025-11-16 19:00:00,2.295,2.325,2.274,2.275,102567.40338726
2025-11-16 20:00:00,2.276,2.291,2.252,2.255,122389.66059082
2025-11-16 21:00:00,2.254,2.267,2.231,2.261,138215.62655593
2025-11-16 22:00:00,2.26,2.298,2.243,2.28,150994.16494626
2025-11-16 23:00:00,2.281,2.318,2.244,2.29,250007.30621379
2025-11-17 00:00:00,2.289,2.337,2.249,2.313,214062.42650931
2025-11-17 01:00:00,2.313,2.336,2.303,2.318,176531.60443014
2025-11-17 02:00:00,2.319,2.352,2.317,2.329,105716.87101917
2025-11-17 03:00:00,2.329,2.346,2.302,2.314,139353.48541883
2025-11-17 04:00:00,2.317,2.334,2.308,2.317,80821.11360789
2025-11-17 05:00:00,2.317,2.331,2.311,2.321,48592.89783481
2025-11-17 06:00:00,2.322,2.324,2.295,2.314,184452.14251304
2025-11-17 07:00:00,2.315,2.334,2.313,2.318,136756.48966897
2025-11-17 08:00:00,2.319,2.322,2.293,2.302,68088.5218429
2025-11-17 09:00:00,2.302,2.315,2.297,2.304,56967.29264546
2025-11-17 10:00:00,2.305,2.334,2.294,2.321,101677.58994971
2025-11-17 11:00:00,2.321,2.337,2.307,2.309,126896.64450041
2025-11-17 12:00:00,2.31,2.315,2.291,2.294,124333.37917232
2025-11-17 13:00:00,2.294,2.301,2.22,2.234,418900.63150718
2025-11-17 14:00:00,2.233,2.338,2.224,2.294,232879.10052158
2025-11-17 15:00:00,2.295,2.317,2.262,2.271,287144.71063973
2025-11-17 16:00:00,2.273,2.317,2.229,2.315,413162.19193245
2025-11-17 17:00:00,2.314,2.333,2.248,2.252,196363.91600217
2025-11-17 18:00:00,2.253,2.265,2.207,2.234,289777.4370237
2025-11-17 19:00:00,2.236,2.241,2.175,2.198,504538.67695216
2025-11-17 20:00:00,2.197,2.218,2.185,2.207,159866.27456849
2025-11-17 21:00:00,2.208,2.227,2.177,2.202,116119.72577535
2025-11-17 22:00:00,2.202,2.233,2.193,2.216,182248.8627018
2025-11-17 23:00:00,2.216,2.272,2.208,2.271,209070.7123253
2025-11-18 00:00:00,2.271,2.286,2.232,2.273,151868.04890572
2025-11-18 01:00:00,2.272,2.281,2.258,2.273,86353.15386657
2025-11-18 02:00:00,2.273,2.328,2.255,2.275,243430.69209927
2025-11-18 03:00:00,2.274,2.325,2.263,2.306,214843.73020021
2025-11-18 04:00:00,2.307,2.309,2.266,2.288,232064.44465916
2025-11-18 05:00:00,2.287,2.31,2.265,2.269,153356.32066315
2025-11-18 06:00:00,2.269,2.289,2.231,2.24,182451.10894865
2025-11-18 07:00:00,2.239,2.275,2.231,2.258,174421.70419178
2025-11-18 08:00:00,2.258,2.273,2.241,2.256,208134.84760551
2025-11-18 09:00:00,2.256,2.26,2.231,2.246,125028.44129133
2025-11-18 10:00:00,2.247,2.296,2.239,2.267,297450.25729081
2025-11-18 11:00:00,2.265,2.268,2.217,2.223,75890.09762443
2025-11-18 12:00:00,2.222,2.247,2.212,2.244,90385.48563691
2025-11-18 13:00:00,2.243,2.249,2.225,2.242,109115.0255072
2025-11-18 14:00:00,2.242,2.273,2.214,2.214,319997.62581795
2025-11-18 15:00:00,2.214,2.293,2.203,2.262,394874.88018292
2025-11-18 16:00:00,2.262,2.33,2.254,2.326,446840.17181911
2025-11-18 17:00:00,2.324,2.33,2.288,2.305,150253.64619209
2025-11-18 18:00:00,2.307,2.353,2.306,2.329,148267.95244342
2025-11-18 19:00:00,2.33,2.35,2.302,2.306,172138.32199714
2025-11-18 20:00:00,2.305,2.313,2.293,2.296,204647.74618964
2025-11-18 21:00:00,2.295,2.312,2.27,2.272,195145.90481963
2025-11-18 22:00:00,2.272,2.308,2.272,2.293,152943.62833257
2025-11-18 23:00:00,2.296,2.296,2.266,2.277,87896.62146366
2025-11-19 00:00:00,2.276,2.295,2.251,2.286,76986.76488496
2025-11-19 01:00:00,2.286,2.305,2.272,2.289,207082.48885652
2025-11-19 02:00:00,2.288,2.31,2.283,2.293,108675.95051323
2025-11-19 03:00:00,2.294,2.294,2.258,2.259,127176.02673329
2025-11-19 04:00:00,2.258,2.271,2.256,2.257,128322.91973251
2025-11-19 05:00:00,2.257,2.26,2.191,2.205,291079.63588035
2025-11-19 06:00:00,2.205,2.226,2.19,2.223,309004.19870538
2025-11-19 07:00:00,2.224,2.248,2.22,2.242,114658.24971276
2025-11-19 08:00:00,2.242,2.26,2.23,2.238,232768.89586869
2025-11-19 09:00:00,2.239,2.285,2.224,2.285,310655.99206486
2025-11-19 10:00:00,2.282,2.31,2.275,2.291,160444.14415628
2025-11-19 11:00:00,2.289,2.307,2.281,2.301,60916.83357891
2025-11-19 12:00:00,2.3,2.31,2.287,2.292,134088.90940522
2025-11-19 13:00:00,2.292,2.299,2.265,2.265,73206.25326742
2025-11-19 14:00:00,2.265,2.276,2.223,2.276,121922.34965725
2025-11-19 15:00:00,2.276,2.317,2.225,2.232,339664.2665468
2025-11-19 16:00:00,2.23,2.247,2.192,2.204,233830.58334863
2025-11-19 17:00:00,2.203,2.253,2.192,2.247,325856.31715239
2025-11-19 18:00:00,2.246,2.246,2.148,2.206,470629.12653068
2025-11-19 19:00:00,2.207,2.223,2.18,2.2,254447.12250589
2025-11-19 20:00:00,2.199,2.23,2.179,2.212,127039.46577158
2025-11-19 21:00:00,2.212,2.316,2.21,2.309,529622.41741438
2025-11-19 22:00:00,2.311,2.342,2.288,2.332,167222.7046062
2025-11-19 23:00:00,2.333,2.406,2.329,2.375,271851.6007749
2025-11-20 00:00:00,2.377,2.394,2.341,2.343,219506.97232617
2025-11-20 01:00:00,2.343,2.376,2.34,2.371,188913.41668179
2025-11-20 02:00:00,2.37,2.411,2.357,2.406,134760.87588088
2025-11-20 03:00:00,2.405,2.414,2.361,2.361,143340.23524794
2025-11-20 04:00:00,2.361,2.392,2.358,2.39,267016.97395524
2025-11-20 05:00:00,2.39,2.4,2.364,2.377,103934.36427257
2025-11-20 06:00:00,2.377,2.382,2.359,2.362,124977.32139899
2025-11-20 07:00:00,2.362,2.398,2.349,2.397,212133.65684045
2025-11-20 08:00:00,2.396,2.396,2.361,2.386,221389.75171695
2025-11-20 09:00:00,2.386,2.387,2.351,2.369,241667.51029164
2025-11-20 10:00:00,2.369,2.371,2.345,2.348,124991.89823561
2025-11-20 11:00:00,2.348,2.359,2.334,2.351,121217.49181544
2025-11-20 12:00:00,2.353,2.372,2.331,2.36,206127.02371433
2025-11-20 13:00:00,2.36,2.375,2.318,2.318,438667.68461532
2025-11-20 14:00:00,2.319,2.34,2.295,2.313,377706.57561251
2025-11-20 15:00:00,2.312,2.313,2.255,2.26,266248.16803208
2025-11-20 16:00:00,2.259,2.261,2.138,2.151,882296.76944942
2025-11-20 17:00:00,2.152,2.17,2.132,2.143,271939.09872169
2025-11-20 18:00:00,2.141,2.162,2.107,2.115,230168.65412252
2025-11-20 19:00:00,2.116,2.131,2.097,2.12,347721.27646445
2025-11-20 20:00:00,2.121,2.121,2.091,2.098,146832.05283006
2025-11-20 21:00:00,2.098,2.14,2.097,2.128,158546.68641935
2025-11-20 22:00:00,2.128,2.165,2.125,2.153,161760.45856999
2025-11-20 23:00:00,2.153,2.154,2.066,2.075,516104.26999739
2025-11-21 00:00:00,2.074,2.087,2.051,2.066,255614.92989841
2025-11-21 01:00:00,2.067,2.09,2.062,2.075,223665.9595824
2025-11-21 02:00:00,2.076,2.077,2.038,2.045,253419.09388326
2025-11-21 03:00:00,2.044,2.078,2.035,2.053,184617.61914525
2025-11-21 04:00:00,2.053,2.057,2.014,2.048,142550.01775504
2025-11-21 05:00:00,2.047,2.049,2.012,2.037,396562.25782097
2025-11-21 06:00:00,2.037,2.042,2.015,2.016,637199.6763744
2025-11-21 07:00:00,2.017,2.032,1.831,1.95,1998388.42249634
2025-11-21 08:00:00,1.951,1.991,1.944,1.967,312804.13495427
2025-11-21 09:00:00,1.967,1.985,1.936,1.936,154546.47643342
2025-11-21 10:00:00,1.937,1.956,1.92,1.923,211149.71290682
2025-11-21 11:00:00,1.923,1.945,1.895,1.9,224610.37005817
2025-11-21 12:00:00,1.901,1.941,1.862,1.928,374734.93563066
2025-11-21 13:00:00,1.927,1.964,1.922,1.928,755558.45184041
2025-11-21 14:00:00,1.928,1.945,1.908,1.918,454338.08238307
2025-11-21 15:00:00,1.92,1.925,1.879,1.892,521230.53414804
2025-11-21 16:00:00,1.892,1.921,1.858,1.92,356074.22376547
2025-11-21 17:00:00,1.92,1.932,1.898,1.9,204445.14453461
2025-11-21 18:00:00,1.902,1.906,1.852,1.891,254869.77655543
2025-11-21 19:00:00,1.891,1.897,1.865,1.872,124312.05472093
2025-11-21 20:00:00,1.869,1.873,1.831,1.845,233876.32588027
2025-11-21 21:00:00,1.844,1.89,1.84,1.88,103242.69315287
2025-11-21 22:00:00,1.881,1.888,1.825,1.831,150138.0178673
2025-11-21 23:00:00,1.831,1.874,1.82,1.865,166402.06005407
2025-11-22 00:00:00,1.864,1.875,1.841,1.861,181063.00431304
2025-11-22 01:00:00,1.862,1.901,1.862,1.886,349378.33558712
2025-11-22 02:00:00,1.887,1.893,1.869,1.882,122557.52063879
2025-11-22 03:00:00,1.882,1.902,1.876,1.88,127340.37175761
2025-11-22 04:00:00,1.88,1.883,1.841,1.874,155358.78551304
2025-11-22 05:00:00,1.874,1.876,1.839,1.851,85659.56173187
2025-11-22 06:00:00,1.851,1.868,1.831,1.858,105274.8277573
2025-11-22 07:00:00,1.858,1.859,1.839,1.847,45882.23442968
2025-11-22 08:00:00,1.847,1.85,1.809,1.813,141923.75028333
2025-11-22 09:00:00,1.814,1.851,1.814,1.845,66211.62167066
2025-11-22 10:00:00,1.846,1.855,1.821,1.833,62955.36418518
2025-11-22 11:00:00,1.834,1.856,1.826,1.84,96881.42535132
2025-11-22 12:00:00,1.84,1.84,1.815,1.818,118753.34589872
2025-11-22 13:00:00,1.818,1.827,1.801,1.819,107394.53504266
2025-11-22 14:00:00,1.819,1.848,1.814,1.822,89775.71098076
2025-11-22 15:00:00,1.824,1.825,1.798,1.816,120465.1445798
2025-11-22 16:00:00,1.817,1.834,1.817,1.829,63682.60153479
2025-11-22 17:00:00,1.827,1.828,1.806,1.811,42521.79885841
2025-11-22 18:00:00,1.81,1.818,1.801,1.816,28586.33956652
2025-11-22 19:00:00,1.817,1.823,1.804,1.814,19196.13933626
2025-11-22 20:00:00,1.811,1.823,1.8,1.807,25914.85851127
2025-11-22 21:00:00,1.807,1.823,1.807,1.82,22957.05329681
2025-11-22 22:00:00,1.822,1.869,1.812,1.863,116589.37446847
2025-11-22 23:00:00,1.862,1.862,1.835,1.842,61944.43190131
2025-11-23 00:00:00,1.841,1.864,1.841,1.849,112896.40090554
2025-11-23 01:00:00,1.849,1.887,1.846,1.883,251274.14519574
2025-11-23 02:00:00,1.884,1.909,1.874,1.905,164054.48368856
2025-11-23 03:00:00,1.903,1.907,1.882,1.899,93229.41576315
2025-11-23 04:00:00,1.899,1.915,1.884,1.886,195502.90453914
2025-11-23 05:00:00,1.886,1.887,1.877,1.882,74836.8472096
2025-11-23 06:00:00,1.882,1.892,1.87,1.87,88015.11581008
2025-11-23 07:00:00,1.87,1.871,1.851,1.858,104825.28513432
2025-11-23 08:00:00,1.859,1.874,1.858,1.874,49345.21916603
2025-11-23 09:00:00,1.873,1.882,1.865,1.866,84078.16803121
2025-11-23 10:00:00,1.865,1.866,1.848,1.853,66709.1627402
2025-11-23 11:00:00,1.854,1.855,1.828,1.847,174343.05770332
2025-11-23 12:00:00,1.848,1.878,1.845,1.858,85106.71610279
2025-11-23 13:00:00,1.857,1.866,1.844,1.862,69445.43492972
2025-11-23 14:00:00,1.862,1.873,1.84,1.843,231357.95179746
2025-11-23 15:00:00,1.844,1.869,1.84,1.863,143336.9106267
2025-11-23 16:00:00,1.863,1.868,1.838,1.838,180655.88959664
2025-11-23 17:00:00,1.839,1.841,1.814,1.819,243329.95811375
2025-11-23 18:00:00,1.819,1.847,1.818,1.835,148914.73515487
2025-11-23 19:00:00,1.835,1.858,1.833,1.849,105294.39590543
2025-11-23 20:00:00,1.849,1.866,1.847,1.858,59865.68528277
2025-11-23 21:00:00,1.856,1.864,1.844,1.861,116285.76580856
2025-11-23 22:00:00,1.861,1.861,1.845,1.853,117126.48688984
2025-11-23 23:00:00,1.855,1.857,1.819,1.822,92709.61995265
2025-11-24 00:00:00,1.822,1.84,1.798,1.825,142153.50910266
2025-11-24 01:00:00,1.824,1.837,1.819,1.83,93090.96802801
2025-11-24 02:00:00,1.831,1.884,1.829,1.865,278317.09778746
2025-11-24 03:00:00,1.866,1.886,1.857,1.872,82141.98628266
2025-11-24 04:00:00,1.872,1.877,1.834,1.846,77472.14973308
2025-11-24 05:00:00,1.845,1.892,1.844,1.871,102549.17229562
2025-11-24 06:00:00,1.871,1.874,1.844,1.857,105862.40106647
2025-11-24 07:00:00,1.855,1.863,1.846,1.849,52231.45811233
2025-11-24 08:00:00,1.851,1.86,1.842,1.854,51958.02140514
2025-11-24 09:00:00,1.853,1.856,1.824,1.832,111655.05654445
2025-11-24 10:00:00,1.833,1.847,1.831,1.844,71074.2108338
2025-11-24 11:00:00,1.845,1.872,1.837,1.867,132716.65299915
2025-11-24 12:00:00,1.866,1.87,1.847,1.852,117765.11694454
2025-11-24 13:00:00,1.852,1.948,1.85,1.91,377602.00045584
2025-11-24 14:00:00,1.91,1.945,1.873,1.903,300652.24061194
2025-11-24 15:00:00,1.904,1.942,1.88,1.928,159444.91570434
2025-11-24 16:00:00,1.928,1.941,1.917,1.941,256786.36508267
2025-11-24 17:00:00,1.94,1.975,1.923,1.972,437483.1059556
2025-11-24 18:00:00,1.972,1.987,1.949,1.955,419460.71861418
2025-11-24 19:00:00,1.955,1.966,1.948,1.951,169436.94786589
2025-11-24 20:00:00,1.951,1.968,1.943,1.962,249135.96214441
2025-11-24 21:00:00,1.962,1.963,1.92,1.933,222702.12039257
2025-11-24 22:00:00,1.934,1.946,1.933,1.942,97489.06869327
2025-11-24 23:00:00,1.941,1.942,1.905,1.906,122042.4230441
2025-11-25 00:00:00,1.906,1.948,1.899,1.925,231183.59700838
2025-11-25 01:00:00,1.926,1.933,1.917,1.917,98780.34748912
2025-11-25 02:00:00,1.917,1.924,1.904,1.92,95417.97852117
2025-11-25 03:00:00,1.92,1.925,1.907,1.91,70461.91187834
2025-11-25 04:00:00,1.91,1.917,1.884,1.9,189122.25290756
2025-11-25 05:00:00,1.899,1.904,1.888,1.896,110837.81936489
2025-11-25 06:00:00,1.895,1.896,1.869,1.873,131579.48702753
2025-11-25 07:00:00,1.873,1.878,1.847,1.85,160013.08278716
2025-11-25 08:00:00,1.853,1.866,1.845,1.848,161442.27762745
2025-11-25 09:00:00,1.849,1.866,1.839,1.862,121954.38348291
2025-11-25 10:00:00,1.863,1.863,1.855,1.861,56613.66375936
2025-11-25 11:00:00,1.861,1.862,1.849,1.856,89214.97004148
2025-11-25 12:00:00,1.856,1.875,1.852,1.871,126231.51188625
2025-11-25 13:00:00,1.87,1.885,1.849,1.854,269979.15353186
2025-11-25 14:00:00,1.855,1.862,1.818,1.837,359920.51790515
2025-11-25 15:00:00,1.837,1.852,1.821,1.843,323021.81687422
2025-11-25 16:00:00,1.842,1.878,1.84,1.87,417560.11740111
2025-11-25 17:00:00,1.869,1.935,1.857,1.902,528954.70924648
2025-11-25 18:00:00,1.902,1.922,1.896,1.899,200842.89818589
2025-11-25 19:00:00,1.899,1.904,1.863,1.893,130022.41031936
2025-11-25 20:00:00,1.894,1.906,1.887,1.9,97618.3580323
2025-11-25 21:00:00,1.901,1.909,1.891,1.893,89047.97431698
2025-11-25 22:00:00,1.892,1.929,1.87,1.919,127241.00733378
2025-11-25 23:00:00,1.919,1.935,1.909,1.912,118888.75126341
2025-11-26 00:00:00,1.913,1.918,1.903,1.914,119196.80479874
2025-11-26 01:00:00,1.913,1.931,1.901,1.915,143333.84497106
2025-11-26 02:00:00,1.915,1.92,1.897,1.898,58785.86836822
2025-11-26 03:00:00,1.896,1.908,1.879,1.883,140113.1318279
2025-11-26 04:00:00,1.883,1.888,1.874,1.875,135983.00372001
2025-11-26 05:00:00,1.875,1.897,1.873,1.892,114129.17345406
2025-11-26 06:00:00,1.892,1.894,1.874,1.891,132387.07349339
2025-11-26 07:00:00,1.89,1.893,1.883,1.889,106989.93902349
2025-11-26 08:00:00,1.89,1.89,1.865,1.865,98503.33778462
2025-11-26 09:00:00,1.866,1.875,1.858,1.863,114000.55836313
2025-11-26 10:00:00,1.864,1.874,1.853,1.86,58170.7289539
2025-11-26 11:00:00,1.861,1.863,1.845,1.858,55823.95154163
2025-11-26 12:00:00,1.858,1.861,1.838,1.855,51660.60477338
2025-11-26 13:00:00,1.854,1.886,1.851,1.881,70499.43676508
2025-11-26 14:00:00,1.881,1.89,1.862,1.867,80599.47714219
2025-11-26 15:00:00,1.867,1.876,1.852,1.86,81999.97266051
2025-11-26 16:00:00,1.861,1.888,1.861,1.875,102385.94653863
2025-11-26 17:00:00,1.876,1.943,1.875,1.938,130135.09320636
2025-11-26 18:00:00,1.939,1.96,1.934,1.959,156868.36937524
2025-11-26 19:00:00,1.958,1.958,1.938,1.944,54451.8526881
2025-11-26 20:00:00,1.943,1.944,1.927,1.934,34867.11129907
2025-11-26 21:00:00,1.934,1.951,1.93,1.944,31439.89347142
2025-11-26 22:00:00,1.944,1.947,1.933,1.939,35042.76038912
2025-11-26 23:00:00,1.939,1.943,1.931,1.938,51338.87372033
2025-11-27 00:00:00,1.938,1.938,1.918,1.926,84693.6676686
2025-11-27 01:00:00,1.926,1.943,1.922,1.942,63179.41308958
2025-11-27 02:00:00,1.942,1.954,1.927,1.928,167677.60662485
2025-11-27 03:00:00,1.928,1.935,1.911,1.916,83750.12591334
2025-11-27 04:00:00,1.915,1.929,1.915,1.923,45101.9012367
2025-11-27 05:00:00,1.922,1.933,1.912,1.917,92658.03833779
2025-11-27 06:00:00,1.919,1.939,1.919,1.932,44780.08681029
2025-11-27 07:00:00,1.931,1.932,1.92,1.926,63118.86155913
2025-11-27 08:00:00,1.925,1.925,1.913,1.924,46019.43485031
2025-11-27 09:00:00,1.924,1.943,1.922,1.929,99916.27674095
2025-11-27 10:00:00,1.929,1.939,1.92,1.93,429546.1577856
2025-11-27 11:00:00,1.93,1.93,1.915,1.918,99317.16208675
2025-11-27 12:00:00,1.918,1.921,1.902,1.908,167788.99986105
2025-11-27 13:00:00,1.907,1.919,1.906,1.912,139379.31148944
2025-11-27 14:00:00,1.912,1.929,1.91,1.926,103849.84334435
2025-11-27 15:00:00,1.926,1.937,1.923,1.935,122058.37986812
2025-11-27 16:00:00,1.936,1.95,1.928,1.944,155237.53485383
2025-11-27 17:00:00,1.943,1.948,1.934,1.939,41959.15820823
2025-11-27 18:00:00,1.938,1.947,1.929,1.945,132339.33018147
2025-11-27 19:00:00,1.944,1.944,1.931,1.938,82705.95578169
2025-11-27 20:00:00,1.937,1.94,1.932,1.935,165045.25779765
2025-11-27 21:00:00,1.935,1.944,1.923,1.927,204077.95052498
2025-11-27 22:00:00,1.926,1.927,1.905,1.909,194963.88703246
2025-11-27 23:00:00,1.909,1.912,1.898,1.906,132941.69919529
2025-11-28 00:00:00,1.906,1.919,1.903,1.909,54873.87366995
2025-11-28 01:00:00,1.91,1.91,1.876,1.879,110644.80818165
2025-11-28 02:00:00,1.878,1.89,1.866,1.889,211879.55900166
2025-11-28 03:00:00,1.888,1.892,1.884,1.89,51597.00921491
2025-11-28 04:00:00,1.889,1.894,1.879,1.879,105046.13506861
2025-11-28 05:00:00,1.878,1.891,1.875,1.888,73077.06079758
2025-11-28 06:00:00,1.887,1.887,1.874,1.881,30702.66424614
2025-11-28 07:00:00,1.88,1.888,1.879,1.886,30934.71624514
2025-11-28 08:00:00,1.888,1.938,1.885,1.938,306784.1604034
2025-11-28 09:00:00,1.939,1.939,1.919,1.923,104220.88153553
2025-11-28 10:00:00,1.923,1.928,1.912,1.924,79348.39578231
2025-11-28 11:00:00,1.925,1.925,1.89,1.898,82419.71487956
2025-11-28 12:00:00,1.897,1.905,1.891,1.898,53638.55538335
2025-11-28 13:00:00,1.898,1.929,1.888,1.923,94465.85544081
2025-11-28 14:00:00,1.922,1.928,1.907,1.925,152339.63445451
2025-11-28 15:00:00,1.926,1.955,1.919,1.933,163437.21995619
2025-11-28 16:00:00,1.934,1.937,1.891,1.892,212231.1486314
2025-11-28 17:00:00,1.893,1.897,1.87,1.877,202216.64960381
2025-11-28 18:00:00,1.877,1.88,1.848,1.872,169279.58919863
2025-11-28 19:00:00,1.873,1.895,1.87,1.887,60804.53552971
2025-11-28 20:00:00,1.887,1.887,1.871,1.884,49846.113855
2025-11-28 21:00:00,1.884,1.886,1.868,1.868,25564.92678248
2025-11-28 22:00:00,1.868,1.885,1.862,1.883,74089.21631382
2025-11-28 23:00:00,1.884,1.89,1.875,1.879,68798.34104728
2025-11-29 00:00:00,1.879,1.879,1.867,1.876,52329.96373883
2025-11-29 01:00:00,1.876,1.886,1.873,1.875,50414.52539698
2025-11-29 02:00:00,1.875,1.88,1.868,1.875,42218.11066968
2025-11-29 03:00:00,1.874,1.883,1.872,1.879,52775.58264645
2025-11-29 04:00:00,1.878,1.898,1.875,1.895,108795.80569991
2025-11-29 05:00:00,1.895,1.905,1.891,1.892,67252.44263796
2025-11-29 06:00:00,1.891,1.898,1.874,1.884,94572.26891712
2025-11-29 07:00:00,1.884,1.889,1.87,1.873,70462.25928694
2025-11-29 08:00:00,1.872,1.88,1.868,1.871,45978.67885984
2025-11-29 09:00:00,1.871,1.88,1.87,1.879,34272.47856841
2025-11-29 10:00:00,1.879,1.891,1.871,1.886,67809.79487159
2025-11-29 11:00:00,1.886,1.897,1.883,1.89,58608.99383313
2025-11-29 12:00:00,1.89,1.891,1.871,1.878,67452.99077278
2025-11-29 13:00:00,1.877,1.883,1.876,1.876,41799.28557901
2025-11-29 14:00:00,1.876,1.876,1.861,1.863,43853.6324106
2025-11-29 15:00:00,1.863,1.883,1.863,1.877,78140.2092637
2025-11-29 16:00:00,1.877,1.879,1.863,1.87,55319.99881342
2025-11-29 17:00:00,1.87,1.871,1.842,1.848,137686.85018023
2025-11-29 18:00:00,1.849,1.851,1.831,1.845,233821.06694162
2025-11-29 19:00:00,1.845,1.852,1.841,1.843,77287.19003026
2025-11-29 20:00:00,1.843,1.853,1.837,1.851,92369.50301411
2025-11-29 21:00:00,1.852,1.852,1.843,1.847,49139.902657
2025-11-29 22:00:00,1.846,1.852,1.843,1.848,85479.97405774
2025-11-29 23:00:00,1.847,1.855,1.841,1.85,33226.75752595
2025-11-30 00:00:00,1.85,1.857,1.85,1.851,27789.13980079
2025-11-30 01:00:00,1.852,1.86,1.851,1.858,42074.67157482
2025-11-30 02:00:00,1.858,1.867,1.849,1.849,76807.90453964
2025-11-30 03:00:00,1.85,1.856,1.827,1.854,120048.68417591
2025-11-30 04:00:00,1.855,1.859,1.845,1.849,72230.72345188
2025-11-30 05:00:00,1.849,1.85,1.836,1.84,64142.65757247
2025-11-30 06:00:00,1.841,1.858,1.835,1.848,50010.19430713
2025-11-30 07:00:00,1.848,1.854,1.845,1.851,32932.68367152
2025-11-30 08:00:00,1.851,1.861,1.841,1.846,76615.81110219
2025-11-30 09:00:00,1.846,1.853,1.843,1.851,46837.21556918
2025-11-30 10:00:00,1.852,1.857,1.843,1.845,41818.41554402
2025-11-30 11:00:00,1.845,1.849,1.835,1.836,29345.04008009
2025-11-30 12:00:00,1.835,1.855,1.827,1.849,95142.69954834
2025-11-30 13:00:00,1.849,1.866,1.847,1.862,143589.34703994
2025-11-30 14:00:00,1.863,1.864,1.836,1.844,45382.4398674
2025-11-30 15:00:00,1.844,1.847,1.832,1.845,56983.75490958
2025-11-30 16:00:00,1.844,1.869,1.844,1.863,81323.92772365
2025-11-30 17:00:00,1.863,1.867,1.849,1.864,64918.36827618
2025-11-30 18:00:00,1.864,1.865,1.85,1.858,139863.79934101
2025-11-30 19:00:00,1.857,1.863,1.851,1.857,194708.94713121
2025-11-30 20:00:00,1.857,1.867,1.849,1.859,52344.77839375
2025-11-30 21:00:00,1.858,1.86,1.844,1.85,74135.77715241
2025-11-30 22:00:00,1.85,1.863,1.848,1.858,88559.28030129
2025-11-30 23:00:00,1.858,1.858,1.802,1.805,206928.67661777
2025-12-01 00:00:00,1.805,1.811,1.698,1.7,694449.35252402
2025-12-01 01:00:00,1.701,1.729,1.692,1.695,206846.04216265
2025-12-01 02:00:00,1.695,1.715,1.693,1.701,170344.95947613
2025-12-01 03:00:00,1.7,1.7,1.67,1.674,140663.44521215
2025-12-01 04:00:00,1.672,1.682,1.659,1.664,150341.34381909
2025-12-01 05:00:00,1.665,1.679,1.665,1.672,97265.58958072
2025-12-01 06:00:00,1.671,1.676,1.667,1.667,111859.88296905
2025-12-01 07:00:00,1.667,1.67,1.648,1.666,173920.81838564
2025-12-01 08:00:00,1.665,1.673,1.658,1.667,70467.02690904
2025-12-01 09:00:00,1.665,1.674,1.656,1.659,70334.51150526
2025-12-01 10:00:00,1.659,1.663,1.652,1.655,45542.89425586
2025-12-01 11:00:00,1.655,1.656,1.629,1.634,245070.98532797
2025-12-01 12:00:00,1.634,1.636,1.598,1.629,325140.83159244
2025-12-01 13:00:00,1.628,1.639,1.609,1.615,129304.90933601
2025-12-01 14:00:00,1.615,1.639,1.611,1.618,129760.63812488
2025-12-01 15:00:00,1.618,1.621,1.585,1.616,226061.35975107
2025-12-01 16:00:00,1.616,1.623,1.602,1.605,127496.01804362
2025-12-01 17:00:00,1.605,1.617,1.595,1.602,102204.40404968
2025-12-01 18:00:00,1.602,1.616,1.599,1.615,115237.46543647
2025-12-01 19:00:00,1.615,1.617,1.601,1.604,114272.1141558
2025-12-01 20:00:00,1.605,1.627,1.605,1.62,99686.04232918
2025-12-01 21:00:00,1.621,1.636,1.619,1.63,132317.91087499
2025-12-01 22:00:00,1.629,1.641,1.626,1.634,106538.10115674
2025-12-01 23:00:00,1.633,1.639,1.625,1.627,112187.04925731
2025-12-02 00:00:00,1.626,1.633,1.625,1.627,51509.92840399
2025-12-02 01:00:00,1.628,1.651,1.627,1.638,116941.18754465
2025-12-02 02:00:00,1.638,1.653,1.633,1.645,216886.16693597
2025-12-02 03:00:00,1.646,1.662,1.634,1.657,193640.85050365
2025-12-02 04:00:00,1.657,1.671,1.652,1.656,226966.42278994
2025-12-02 05:00:00,1.656,1.663,1.652,1.66,103048.4199246
2025-12-02 06:00:00,1.661,1.679,1.655,1.675,61974.08672863
2025-12-02 07:00:00,1.674,1.684,1.665,1.681,167678.55572833
2025-12-02 08:00:00,1.681,1.69,1.666,1.682,207099.39520446
2025-12-02 09:00:00,1.683,1.704,1.678,1.697,141304.912012
2025-12-02 10:00:00,1.697,1.713,1.683,1.699,110241.39435219
2025-12-02 11:00:00,1.7,1.727,1.699,1.722,90633.54534623
2025-12-02 12:00:00,1.722,1.748,1.722,1.747,355790.69088497
2025-12-02 13:00:00,1.747,1.771,1.732,1.737,332589.29732254
2025-12-02 14:00:00,1.74,1.758,1.737,1.752,260527.79280054
2025-12-02 15:00:00,1.753,1.833,1.752,1.821,363888.40545595
2025-12-02 16:00:00,1.821,1.829,1.798,1.803,277671.10167162
2025-12-02 17:00:00,1.802,1.827,1.801,1.823,142984.96293015
2025-12-02 18:00:00,1.823,1.831,1.814,1.817,253175.41563667
2025-12-02 19:00:00,1.816,1.822,1.805,1.806,72694.93377871
2025-12-02 20:00:00,1.806,1.808,1.788,1.799,74820.00502937
2025-12-02 21:00:00,1.799,1.805,1.788,1.805,115000.96957275
2025-12-02 22:00:00,1.806,1.826,1.806,1.819,92836.75125721
2025-12-02 23:00:00,1.818,1.818,1.796,1.803,69376.11564741
2025-12-03 00:00:00,1.804,1.81,1.789,1.793,62823.65566686
2025-12-03 01:00:00,1.793,1.803,1.789,1.797,92003.70775308
2025-12-03 02:00:00,1.796,1.813,1.796,1.81,250940.55359864
2025-12-03 03:00:00,1.81,1.824,1.81,1.816,79948.83929704
2025-12-03 04:00:00,1.816,1.827,1.804,1.821,351582.69230445
2025-12-03 05:00:00,1.821,1.829,1.816,1.824,163530.13093461
2025-12-03 06:00:00,1.824,1.85,1.817,1.824,396430.90423588
2025-12-03 07:00:00,1.824,1.827,1.815,1.815,93493.38144408
2025-12-03 08:00:00,1.816,1.824,1.808,1.824,125795.06522207
2025-12-03 09:00:00,1.823,1.823,1.809,1.819,82757.32556983
2025-12-03 10:00:00,1.819,1.819,1.793,1.795,179031.82155812
2025-12-03 11:00:00,1.795,1.804,1.788,1.801,85897.60465723
2025-12-03 12:00:00,1.8,1.804,1.785,1.791,173470.02385437
2025-12-03 13:00:00,1.791,1.802,1.789,1.8,106012.92177715
2025-12-03 14:00:00,1.801,1.82,1.757,1.792,530018.24950472
2025-12-03 15:00:00,1.792,1.809,1.785,1.802,165036.62637308
2025-12-03 16:00:00,1.803,1.807,1.788,1.796,104202.75786963
2025-12-03 17:00:00,1.796,1.819,1.796,1.817,89522.58040063
2025-12-03 18:00:00,1.817,1.831,1.808,1.813,103390.0511622
2025-12-03 19:00:00,1.812,1.826,1.81,1.824,35383.26068147
2025-12-03 20:00:00,1.824,1.837,1.811,1.822,99778.0296252
2025-12-03 21:00:00,1.822,1.857,1.822,1.854,122643.01177502
2025-12-03 22:00:00,1.855,1.87,1.84,1.858,158731.58872502
2025-12-03 23:00:00,1.857,1.869,1.841,1.846,142920.63400672
2025-12-04 00:00:00,1.845,1.849,1.835,1.845,82371.48416213
2025-12-04 01:00:00,1.846,1.87,1.845,1.85,79611.64610639
2025-12-04 02:00:00,1.851,1.876,1.848,1.868,238455.61700555
2025-12-04 03:00:00,1.869,1.875,1.859,1.862,141828.65036708
2025-12-04 04:00:00,1.862,1.882,1.862,1.879,94427.81594716
2025-12-04 05:00:00,1.88,1.886,1.866,1.874,205302.79810491
2025-12-04 06:00:00,1.874,1.876,1.862,1.867,99771.70326346
2025-12-04 07:00:00,1.867,1.867,1.844,1.858,259154.75295799
2025-12-04 08:00:00,1.857,1.892,1.853,1.881,190889.3907308
2025-12-04 09:00:00,1.882,1.899,1.882,1.896,88937.87877187
2025-12-04 10:00:00,1.895,1.898,1.874,1.876,144657.71377695
2025-12-04 11:00:00,1.875,1.875,1.854,1.862,87913.11590406
2025-12-04 12:00:00,1.863,1.87,1.854,1.857,63341.6211096
2025-12-04 13:00:00,1.858,1.858,1.83,1.836,285186.38499565
2025-12-04 14:00:00,1.835,1.847,1.82,1.823,340217.54913217
2025-12-04 15:00:00,1.822,1.853,1.819,1.836,173553.36559928
2025-12-04 16:00:00,1.835,1.84,1.812,1.814,147833.36935541
2025-12-04 17:00:00,1.815,1.817,1.794,1.807,88380.53087445
2025-12-04 18:00:00,1.808,1.81,1.789,1.792,76233.02207315
2025-12-04 19:00:00,1.793,1.793,1.748,1.79,132358.06471851
2025-12-04 20:00:00,1.789,1.806,1.777,1.806,75436.77578722
2025-12-04 21:00:00,1.806,1.81,1.785,1.787,44906.26596733
2025-12-04 22:00:00,1.787,1.801,1.787,1.796,72547.99534939
2025-12-04 23:00:00,1.796,1.8,1.791,1.797,42549.97971926
2025-12-05 00:00:00,1.797,1.818,1.797,1.8,46876.96465529
2025-12-05 01:00:00,1.8,1.807,1.797,1.802,42723.03594658
2025-12-05 02:00:00,1.801,1.81,1.798,1.803,32342.98841363
2025-12-05 03:00:00,1.804,1.806,1.794,1.796,36745.81506795
2025-12-05 04:00:00,1.795,1.799,1.776,1.784,145977.36898168
2025-12-05 05:00:00,1.783,1.79,1.772,1.779,69139.73072403
2025-12-05 06:00:00,1.78,1.788,1.779,1.784,59504.95281047
2025-12-05 07:00:00,1.783,1.796,1.782,1.79,54866.02253045
2025-12-05 08:00:00,1.79,1.79,1.771,1.775,44431.63847005
2025-12-05 09:00:00,1.774,1.775,1.73,1.735,195572.9365151
2025-12-05 10:00:00,1.734,1.757,1.731,1.749,88388.34292583
2025-12-05 11:00:00,1.749,1.752,1.726,1.737,99752.22775011
2025-12-05 12:00:00,1.737,1.745,1.732,1.745,85542.68951193
2025-12-05 13:00:00,1.744,1.752,1.723,1.73,142565.55942901
2025-12-05 14:00:00,1.73,1.73,1.69,1.697,427286.38955768
2025-12-05 15:00:00,1.698,1.747,1.697,1.713,260237.14902756
2025-12-05 16:00:00,1.713,1.716,1.66,1.674,267907.97076478
2025-12-05 17:00:00,1.673,1.688,1.667,1.68,77256.90080517
2025-12-05 18:00:00,1.68,1.696,1.664,1.668,126240.54768467
2025-12-05 19:00:00,1.668,1.689,1.66,1.681,63456.70031644
2025-12-05 20:00:00,1.68,1.684,1.668,1.672,42746.59375049
2025-12-05 21:00:00,1.672,1.688,1.672,1.684,79441.96268023
2025-12-05 22:00:00,1.685,1.693,1.674,1.686,101754.08529431
2025-12-05 23:00:00,1.686,1.686,1.673,1.681,90775.00651858
2025-12-06 00:00:00,1.681,1.683,1.67,1.682,144498.34850156
2025-12-06 01:00:00,1.683,1.697,1.681,1.688,120906.72704716
2025-12-06 02:00:00,1.688,1.69,1.679,1.689,72027.17445464
2025-12-06 03:00:00,1.688,1.696,1.682,1.684,164375.57994729
2025-12-06 04:00:00,1.685,1.685,1.667,1.671,128304.22554034
2025-12-06 05:00:00,1.672,1.679,1.67,1.677,98664.71100581
2025-12-06 06:00:00,1.677,1.685,1.673,1.678,63993.67489799
2025-12-06 07:00:00,1.678,1.69,1.675,1.682,74340.76671387
2025-12-06 08:00:00,1.683,1.687,1.68,1.683,83770.94063855
2025-12-06 09:00:00,1.683,1.71,1.682,1.707,92385.20773655
2025-12-06 10:00:00,1.707,1.715,1.701,1.705,156748.23182969
2025-12-06 11:00:00,1.705,1.711,1.703,1.705,94441.47861804
2025-12-06 12:00:00,1.705,1.709,1.702,1.709,37573.98194368
2025-12-06 13:00:00,1.708,1.739,1.708,1.729,102818.27256526
2025-12-06 14:00:00,1.73,1.748,1.724,1.725,192529.75154378
2025-12-06 15:00:00,1.726,1.726,1.705,1.71,117048.36483811
2025-12-06 16:00:00,1.71,1.726,1.709,1.72,76458.71123186
2025-12-06 17:00:00,1.719,1.73,1.715,1.729,44299.58667664
2025-12-06 18:00:00,1.729,1.74,1.727,1.73,40387.12517879
2025-12-06 19:00:00,1.731,1.733,1.71,1.714,99345.12699839
2025-12-06 20:00:00,1.714,1.716,1.71,1.711,33021.24494046
2025-12-06 21:00:00,1.711,1.723,1.709,1.715,66356.00579769
2025-12-06 22:00:00,1.715,1.721,1.705,1.707,48725.81762386
2025-12-06 23:00:00,1.708,1.711,1.698,1.71,52099.30139388
2025-12-07 00:00:00,1.709,1.729,1.708,1.722,167253.37546593
2025-12-07 01:00:00,1.721,1.724,1.714,1.714,105709.13786561
2025-12-07 02:00:00,1.714,1.721,1.71,1.718,43220.76739852
2025-12-07 03:00:00,1.718,1.719,1.712,1.719,31201.43457066
2025-12-07 04:00:00,1.717,1.72,1.71,1.711,46286.22655954
2025-12-07 05:00:00,1.711,1.719,1.709,1.716,31190.14962774
2025-12-07 06:00:00,1.715,1.725,1.713,1.724,34776.38613153
2025-12-07 07:00:00,1.725,1.725,1.705,1.709,48562.84184493
2025-12-07 08:00:00,1.708,1.716,1.701,1.706,36120.24277333
2025-12-07 09:00:00,1.706,1.708,1.688,1.689,78096.77370546
2025-12-07 10:00:00,1.69,1.696,1.683,1.69,108592.40993058
2025-12-07 11:00:00,1.69,1.696,1.686,1.689,29532.01879098
2025-12-07 12:00:00,1.688,1.701,1.685,1.697,57928.82878844
2025-12-07 13:00:00,1.697,1.7,1.677,1.684,83631.75957958
2025-12-07 14:00:00,1.683,1.685,1.64,1.646,414266.0435618
2025-12-07 15:00:00,1.645,1.7,1.644,1.699,299991.67555249
2025-12-07 16:00:00,1.698,1.702,1.685,1.702,142597.61678672
2025-12-07 17:00:00,1.702,1.742,1.693,1.731,358873.9523855
2025-12-07 18:00:00,1.733,1.749,1.733,1.74,96389.76428925
2025-12-07 19:00:00,1.74,1.742,1.729,1.739,46507.70515831
2025-12-07 20:00:00,1.74,1.768,1.737,1.767,77228.53888964
2025-12-07 21:00:00,1.768,1.773,1.711,1.722,158527.01033163
2025-12-07 22:00:00,1.721,1.721,1.685,1.697,212584.07464473
2025-12-07 23:00:00,1.697,1.707,1.69,1.702,66512.77363555
2025-12-08 00:00:00,1.701,1.711,1.692,1.693,43865.04005096
2025-12-08 01:00:00,1.692,1.741,1.692,1.714,80312.98969899
2025-12-08 02:00:00,1.713,1.731,1.707,1.73,28823.14005078
2025-12-08 03:00:00,1.73,1.737,1.72,1.725,40462.23484936
2025-12-08 04:00:00,1.724,1.744,1.724,1.734,24954.46910605
2025-12-08 05:00:00,1.733,1.741,1.727,1.74,17228.21163649
2025-12-08 06:00:00,1.74,1.778,1.738,1.776,302978.43913269
2025-12-08 07:00:00,1.776,1.8,1.775,1.782,274268.01260515
2025-12-08 08:00:00,1.782,1.784,1.767,1.774,89375.79970732
2025-12-08 09:00:00,1.774,1.798,1.774,1.776,99339.88877479
2025-12-08 10:00:00,1.777,1.792,1.775,1.787,81675.4811799
2025-12-08 11:00:00,1.787,1.791,1.771,1.779,68353.53617245
2025-12-08 12:00:00,1.779,1.78,1.769,1.779,100202.45590192
2025-12-08 13:00:00,1.779,1.791,1.776,1.778,118609.21926246
2025-12-08 14:00:00,1.779,1.787,1.759,1.775,359208.70936149
2025-12-08 15:00:00,1.776,1.78,1.746,1.756,213027.20534948
2025-12-08 16:00:00,1.756,1.787,1.747,1.771,137339.78132929
2025-12-08 17:00:00,1.771,1.782,1.759,1.773,90790.56918695
2025-12-08 18:00:00,1.774,1.778,1.74,1.748,135042.66098591
2025-12-08 19:00:00,1.748,1.757,1.743,1.749,45237.38421822
2025-12-08 20:00:00,1.75,1.771,1.749,1.763,136735.52478037
2025-12-08 21:00:00,1.763,1.779,1.758,1.777,102460.29759465
2025-12-08 22:00:00,1.778,1.781,1.751,1.755,117207.27784933
2025-12-08 23:00:00,1.756,1.759,1.736,1.745,110067.23544058
2025-12-09 00:00:00,1.745,1.751,1.73,1.734,80049.21013124
2025-12-09 01:00:00,1.735,1.741,1.722,1.727,91581.56695755
2025-12-09 02:00:00,1.727,1.734,1.719,1.72,67540.01387783
2025-12-09 03:00:00,1.721,1.735,1.713,1.733,65512.15233171
2025-12-09 04:00:00,1.733,1.733,1.708,1.708,49950.32141387
2025-12-09 05:00:00,1.709,1.721,1.697,1.71,174496.41322278
2025-12-09 06:00:00,1.711,1.72,1.704,1.72,59209.08823165
2025-12-09 07:00:00,1.72,1.736,1.717,1.733,105838.36484148
2025-12-09 08:00:00,1.733,1.735,1.722,1.725,73597.50917334
2025-12-09 09:00:00,1.724,1.724,1.712,1.716,27460.64067082
2025-12-09 10:00:00,1.716,1.73,1.714,1.722,78595.64631382
2025-12-09 11:00:00,1.722,1.727,1.716,1.727,43693.32169491
2025-12-09 12:00:00,1.726,1.748,1.72,1.747,66058.47363645
2025-12-09 13:00:00,1.748,1.763,1.743,1.751,97926.12715256
2025-12-09 14:00:00,1.751,1.768,1.744,1.756,201995.69348618
2025-12-09 15:00:00,1.757,1.842,1.755,1.835,531454.00570677
2025-12-09 16:00:00,1.835,1.877,1.834,1.867,409753.51624939
2025-12-09 17:00:00,1.867,1.885,1.86,1.864,275806.28538684
2025-12-09 18:00:00,1.865,1.873,1.851,1.86,122408.66907735
2025-12-09 19:00:00,1.861,1.864,1.845,1.848,123801.25169217
2025-12-09 20:00:00,1.848,1.85,1.813,1.823,115683.5007769
2025-12-09 21:00:00,1.822,1.824,1.784,1.798,99261.26041834
2025-12-09 22:00:00,1.798,1.829,1.798,1.821,61521.48859094
2025-12-09 23:00:00,1.82,1.822,1.809,1.81,29217.39710099
2025-12-10 00:00:00,1.81,1.814,1.799,1.799,78889.59373873
2025-12-10 01:00:00,1.8,1.803,1.788,1.796,48732.15412665
2025-12-10 02:00:00,1.796,1.804,1.789,1.799,50955.98653729
2025-12-10 03:00:00,1.8,1.803,1.791,1.797,42438.25465863
2025-12-10 04:00:00,1.796,1.8,1.791,1.792,26074.14150333
2025-12-10 05:00:00,1.792,1.8,1.789,1.792,39687.21876278
2025-12-10 06:00:00,1.791,1.792,1.783,1.786,38309.44404954
2025-12-10 07:00:00,1.786,1.786,1.772,1.783,50347.10555653
2025-12-10 08:00:00,1.782,1.782,1.757,1.757,139893.22396222
2025-12-10 09:00:00,1.757,1.773,1.754,1.769,46840.79517667
2025-12-10 10:00:00,1.769,1.782,1.75,1.75,123518.4185157
2025-12-10 11:00:00,1.749,1.758,1.743,1.753,110789.3001092
2025-12-10 12:00:00,1.753,1.753,1.735,1.748,122120.85259288
2025-12-10 13:00:00,1.748,1.75,1.739,1.749,72689.36744648
2025-12-10 14:00:00,1.749,1.754,1.741,1.75,144186.40951609
2025-12-10 15:00:00,1.75,1.765,1.748,1.757,144189.65715049
2025-12-10 16:00:00,1.758,1.788,1.752,1.773,119078.58243359
2025-12-10 17:00:00,1.772,1.792,1.771,1.781,57884.72788849
2025-12-10 18:00:00,1.781,1.812,1.775,1.789,283395.39087942
2025-12-10 19:00:00,1.789,1.821,1.772,1.815,376960.51018398
2025-12-10 20:00:00,1.815,1.864,1.791,1.797,424262.64430397
2025-12-10 21:00:00,1.797,1.808,1.774,1.777,132152.19868377
2025-12-10 22:00:00,1.777,1.785,1.748,1.782,141262.41374747
2025-12-10 23:00:00,1.779,1.783,1.758,1.759,64712.52737439
2025-12-11 00:00:00,1.759,1.763,1.71,1.715,199471.94888797
2025-12-11 01:00:00,1.715,1.718,1.687,1.688,269406.51130363
2025-12-11 02:00:00,1.688,1.689,1.667,1.682,621871.20356643
2025-12-11 03:00:00,1.683,1.683,1.658,1.666,221926.33895425
2025-12-11 04:00:00,1.666,1.694,1.659,1.692,148055.34986258
2025-12-11 05:00:00,1.691,1.693,1.679,1.683,78693.72561431
2025-12-11 06:00:00,1.682,1.693,1.678,1.68,151303.41148095
2025-12-11 07:00:00,1.68,1.682,1.674,1.674,67943.85671268
2025-12-11 08:00:00,1.674,1.678,1.665,1.671,91776.34276366
2025-12-11 09:00:00,1.671,1.674,1.663,1.664,32106.66440239
2025-12-11 10:00:00,1.664,1.665,1.651,1.658,66521.34372418
2025-12-11 11:00:00,1.657,1.67,1.655,1.665,54585.21315933
2025-12-11 12:00:00,1.664,1.664,1.651,1.658,643003.74520107
2025-12-11 13:00:00,1.659,1.663,1.654,1.661,142158.85978523
2025-12-11 14:00:00,1.661,1.674,1.644,1.66,199773.37367925
2025-12-11 15:00:00,1.658,1.673,1.646,1.653,215505.56007078
2025-12-11 16:00:00,1.653,1.657,1.634,1.643,193703.46026273
2025-12-11 17:00:00,1.645,1.648,1.63,1.633,178518.1923562
2025-12-11 18:00:00,1.633,1.671,1.63,1.658,194454.5691917
2025-12-11 19:00:00,1.657,1.682,1.656,1.662,119044.75105612
2025-12-11 20:00:00,1.661,1.695,1.659,1.692,109348.85759437
2025-12-11 21:00:00,1.692,1.725,1.689,1.708,209442.7617482
2025-12-11 22:00:00,1.708,1.715,1.675,1.684,127920.8999285
2025-12-11 23:00:00,1.684,1.688,1.669,1.673,63835.88105288
2025-12-12 00:00:00,1.674,1.675,1.647,1.647,197756.08247661
2025-12-12 01:00:00,1.648,1.683,1.648,1.678,64112.58667198
2025-12-12 02:00:00,1.678,1.7,1.675,1.696,101552.12845257
2025-12-12 03:00:00,1.696,1.697,1.678,1.682,52541.38033009
2025-12-12 04:00:00,1.681,1.682,1.672,1.678,44042.58945939
2025-12-12 05:00:00,1.678,1.715,1.678,1.704,285104.12094992
2025-12-12 06:00:00,1.704,1.72,1.695,1.698,119930.96505401
2025-12-12 07:00:00,1.697,1.706,1.693,1.703,45799.85518995
2025-12-12 08:00:00,1.704,1.704,1.694,1.7,96160.51178256
2025-12-12 09:00:00,1.701,1.704,1.686,1.702,48814.19766398
2025-12-12 10:00:00,1.7,1.709,1.7,1.702,36764.80855608
2025-12-12 11:00:00,1.702,1.704,1.692,1.701,55355.82224323
2025-12-12 12:00:00,1.701,1.708,1.698,1.706,74948.63450326
2025-12-12 13:00:00,1.707,1.707,1.699,1.704,57347.59940878
2025-12-12 14:00:00,1.703,1.707,1.69,1.695,66864.04488279
2025-12-12 15:00:00,1.694,1.694,1.599,1.61,593937.46282047
2025-12-12 16:00:00,1.61,1.615,1.584,1.599,344057.11776302
2025-12-12 17:00:00,1.599,1.628,1.599,1.613,133783.22464496
2025-12-12 18:00:00,1.612,1.632,1.611,1.617,88130.5916587
2025-12-12 19:00:00,1.617,1.618,1.606,1.611,66297.25970469
2025-12-12 20:00:00,1.611,1.62,1.609,1.617,65598.66832944
2025-12-12 21:00:00,1.617,1.627,1.616,1.62,31791.07586136
2025-12-12 22:00:00,1.62,1.635,1.617,1.63,80722.3714139
2025-12-12 23:00:00,1.632,1.64,1.63,1.637,101531.79300338
2025-12-13 00:00:00,1.639,1.642,1.632,1.635,28840.66617038
2025-12-13 01:00:00,1.636,1.64,1.634,1.639,17976.54155086
2025-12-13 02:00:00,1.64,1.645,1.639,1.639,28132.40777945
2025-12-13 03:00:00,1.639,1.653,1.635,1.649,49083.00020719
2025-12-13 04:00:00,1.65,1.659,1.648,1.655,20776.1033019
2025-12-13 05:00:00,1.654,1.655,1.648,1.65,24780.27789104
2025-12-13 06:00:00,1.649,1.65,1.643,1.647,41725.38983193
2025-12-13 07:00:00,1.648,1.654,1.648,1.65,24185.32865584
2025-12-13 08:00:00,1.651,1.666,1.651,1.66,91223.57417637
2025-12-13 09:00:00,1.66,1.677,1.66,1.665,101020.23165535
2025-12-13 10:00:00,1.663,1.677,1.663,1.677,35511.30548796
2025-12-13 11:00:00,1.677,1.684,1.674,1.676,52487.16573136
2025-12-13 12:00:00,1.677,1.678,1.664,1.664,106349.98637486
2025-12-13 13:00:00,1.665,1.667,1.66,1.662,32419.98479342
2025-12-13 14:00:00,1.662,1.664,1.649,1.653,64257.00105523
2025-12-13 15:00:00,1.652,1.661,1.652,1.656,61374.93138125
2025-12-13 16:00:00,1.656,1.668,1.656,1.661,55580.40949191
2025-12-13 17:00:00,1.663,1.663,1.654,1.657,19526.7698084
2025-12-13 18:00:00,1.656,1.66,1.654,1.654,14487.80512777
2025-12-13 19:00:00,1.654,1.661,1.654,1.661,17655.96574642
2025-12-13 20:00:00,1.66,1.66,1.655,1.655,22867.18861304
2025-12-13 21:00:00,1.655,1.655,1.639,1.651,57184.85001493
2025-12-13 22:00:00,1.652,1.657,1.648,1.652,119553.77468386
2025-12-13 23:00:00,1.653,1.667,1.651,1.665,75631.93071172
2025-12-14 00:00:00,1.664,1.664,1.656,1.66,45333.57401981
2025-12-14 01:00:00,1.661,1.67,1.656,1.657,76588.75223733
2025-12-14 02:00:00,1.658,1.66,1.653,1.656,59854.80830079
2025-12-14 03:00:00,1.657,1.657,1.649,1.652,58150.14540363
2025-12-14 04:00:00,1.651,1.651,1.64,1.644,65910.49249922
2025-12-14 05:00:00,1.644,1.644,1.628,1.634,154870.42281459
2025-12-14 06:00:00,1.633,1.635,1.628,1.632,27977.56800741
2025-12-14 07:00:00,1.633,1.637,1.631,1.634,21834.26419859
2025-12-14 08:00:00,1.634,1.639,1.629,1.629,14831.61066257
2025-12-14 09:00:00,1.63,1.633,1.628,1.633,50700.30122061
2025-12-14 10:00:00,1.633,1.637,1.622,1.631,81705.0909529
2025-12-14 11:00:00,1.63,1.631,1.608,1.625,99926.76476887
2025-12-14 12:00:00,1.624,1.635,1.618,1.632,47235.99923038
2025-12-14 13:00:00,1.631,1.631,1.618,1.626,51193.91437946
2025-12-14 14:00:00,1.627,1.629,1.603,1.613,60990.54739331
2025-12-14 15:00:00,1.613,1.614,1.604,1.609,43778.11120402
2025-12-14 16:00:00,1.608,1.621,1.604,1.613,63871.11439284
2025-12-14 17:00:00,1.614,1.615,1.588,1.593,115467.99969558
2025-12-14 18:00:00,1.593,1.606,1.592,1.605,40521.98275812
2025-12-14 19:00:00,1.604,1.604,1.591,1.595,47073.19893282
2025-12-14 20:00:00,1.596,1.606,1.587,1.596,140204.24826778
2025-12-14 21:00:00,1.596,1.598,1.576,1.583,88367.89196416
2025-12-14 22:00:00,1.584,1.594,1.581,1.591,167607.17553954
2025-12-14 23:00:00,1.592,1.6,1.571,1.591,111153.69464746
2025-12-15 00:00:00,1.591,1.604,1.589,1.603,123264.81639934
2025-12-15 01:00:00,1.602,1.63,1.602,1.626,67662.31014451
2025-12-15 02:00:00,1.627,1.647,1.623,1.623,65813.02812665
2025-12-15 03:00:00,1.624,1.627,1.619,1.624,42704.48643978
2025-12-15 04:00:00,1.625,1.637,1.622,1.632,30380.16565265
2025-12-15 05:00:00,1.632,1.637,1.63,1.633,20362.06016392
2025-12-15 06:00:00,1.634,1.637,1.627,1.628,20649.12921008
2025-12-15 07:00:00,1.63,1.631,1.615,1.62,39776.86830525
2025-12-15 08:00:00,1.621,1.627,1.618,1.619,22040.30602058
2025-12-15 09:00:00,1.619,1.628,1.618,1.625,30038.82072997
2025-12-15 10:00:00,1.625,1.633,1.623,1.627,39548.51688296
2025-12-15 11:00:00,1.627,1.627,1.614,1.618,197965.42347373
2025-12-15 12:00:00,1.618,1.625,1.612,1.624,52752.00594452
2025-12-15 13:00:00,1.624,1.624,1.606,1.606,51549.76486809
2025-12-15 14:00:00,1.606,1.624,1.571,1.583,274392.15205829
2025-12-15 15:00:00,1.583,1.583,1.527,1.534,705274.23073525
2025-12-15 16:00:00,1.533,1.539,1.518,1.525,290927.2240687
2025-12-15 17:00:00,1.524,1.527,1.502,1.506,267078.61922825
2025-12-15 18:00:00,1.507,1.519,1.488,1.516,415560.40084226
2025-12-15 19:00:00,1.518,1.534,1.516,1.526,172819.14403193
2025-12-15 20:00:00,1.526,1.532,1.512,1.526,98887.25925831
2025-12-15 21:00:00,1.526,1.541,1.525,1.537,85782.21656329
2025-12-15 22:00:00,1.537,1.545,1.535,1.545,37853.20824898
2025-12-15 23:00:00,1.546,1.554,1.542,1.545,141034.41723396
2025-12-16 00:00:00,1.544,1.547,1.533,1.533,105802.35723759
2025-12-16 01:00:00,1.533,1.544,1.532,1.541,87920.81481215
2025-12-16 02:00:00,1.541,1.553,1.537,1.545,88358.55981098
2025-12-16 03:00:00,1.545,1.546,1.533,1.543,107165.54950117
2025-12-16 04:00:00,1.544,1.545,1.52,1.533,86996.4746808
2025-12-16 05:00:00,1.533,1.538,1.53,1.53,49092.51859331
2025-12-16 06:00:00,1.529,1.544,1.528,1.54,149219.9672691
2025-12-16 07:00:00,1.541,1.545,1.517,1.521,113531.59003527
2025-12-16 08:00:00,1.521,1.529,1.519,1.523,89277.52924616
2025-12-16 09:00:00,1.523,1.527,1.519,1.524,49254.90700406
2025-12-16 10:00:00,1.523,1.555,1.522,1.546,76366.88322622
2025-12-16 11:00:00,1.546,1.549,1.54,1.544,51600.14977141
2025-12-16 12:00:00,1.545,1.547,1.533,1.535,47721.59793285
2025-12-16 13:00:00,1.534,1.556,1.516,1.517,212829.1461511
2025-12-16 14:00:00,1.517,1.544,1.507,1.533,259941.16495872
2025-12-16 15:00:00,1.535,1.564,1.523,1.557,216312.21502934
2025-12-16 16:00:00,1.558,1.568,1.551,1.56,93039.73574287
2025-12-16 17:00:00,1.56,1.571,1.551,1.552,77991.25030826
2025-12-16 18:00:00,1.552,1.6,1.55,1.581,301668.49381953
2025-12-16 19:00:00,1.582,1.586,1.557,1.582,188270.41899445
2025-12-16 20:00:00,1.582,1.62,1.581,1.609,186893.30755856
2025-12-16 21:00:00,1.611,1.611,1.587,1.593,78089.99305898
2025-12-16 22:00:00,1.593,1.595,1.577,1.58,108743.01159595
2025-12-16 23:00:00,1.579,1.579,1.563,1.569,89070.35925178
2025-12-17 00:00:00,1.569,1.569,1.555,1.555,79620.31191938
2025-12-17 01:00:00,1.556,1.575,1.556,1.563,57831.90951718
2025-12-17 02:00:00,1.564,1.568,1.554,1.564,41920.34146616
2025-12-17 03:00:00,1.564,1.568,1.554,1.555,44041.97952917
2025-12-17 04:00:00,1.556,1.556,1.541,1.543,63944.4295641
2025-12-17 05:00:00,1.543,1.554,1.537,1.553,47071.22856925
2025-12-17 06:00:00,1.552,1.559,1.551,1.554,33623.90068877
2025-12-17 07:00:00,1.553,1.555,1.547,1.549,30878.54569823
2025-12-17 08:00:00,1.548,1.549,1.537,1.54,89437.93099262
2025-12-17 09:00:00,1.54,1.541,1.531,1.535,34131.99440219
2025-12-17 10:00:00,1.534,1.54,1.529,1.536,42208.32670155
2025-12-17 11:00:00,1.535,1.539,1.533,1.538,28138.32796028
2025-12-17 12:00:00,1.538,1.543,1.529,1.534,29726.83448799
2025-12-17 13:00:00,1.533,1.555,1.53,1.554,55510.89364755
2025-12-17 14:00:00,1.554,1.588,1.517,1.587,289986.80188715
2025-12-17 15:00:00,1.586,1.615,1.533,1.539,470432.87214779
2025-12-17 16:00:00,1.538,1.549,1.482,1.514,461453.04976411
2025-12-17 17:00:00,1.514,1.525,1.49,1.492,172178.31248409
2025-12-17 18:00:00,1.492,1.508,1.473,1.475,239313.57300578
2025-12-17 19:00:00,1.476,1.489,1.468,1.486,119471.81854514
2025-12-17 20:00:00,1.486,1.498,1.48,1.486,40616.0389994
2025-12-17 21:00:00,1.486,1.49,1.472,1.476,40769.59949288
2025-12-17 22:00:00,1.476,1.492,1.47,1.491,69711.38441531
2025-12-17 23:00:00,1.491,1.491,1.474,1.482,20159.42346936
2025-12-18 00:00:00,1.481,1.488,1.479,1.484,64621.33621242
2025-12-18 01:00:00,1.484,1.484,1.467,1.472,91113.18079653
2025-12-18 02:00:00,1.472,1.486,1.465,1.48,50376.74387106
2025-12-18 03:00:00,1.479,1.479,1.46,1.465,23194.02256017
2025-12-18 04:00:00,1.466,1.474,1.466,1.47,22737.56273427
2025-12-18 05:00:00,1.47,1.471,1.453,1.456,71635.18504774
2025-12-18 06:00:00,1.456,1.468,1.455,1.466,52722.21275433
2025-12-18 07:00:00,1.467,1.477,1.465,1.476,41745.83405813
2025-12-18 08:00:00,1.477,1.489,1.475,1.483,67564.52570822
2025-12-18 09:00:00,1.482,1.489,1.475,1.476,152744.94275011
2025-12-18 10:00:00,1.477,1.479,1.471,1.473,73129.22117753
2025-12-18 11:00:00,1.472,1.477,1.466,1.476,48113.38757699
2025-12-18 12:00:00,1.476,1.484,1.471,1.481,52182.77155165
2025-12-18 13:00:00,1.482,1.532,1.482,1.531,371087.18860398
2025-12-18 14:00:00,1.53,1.546,1.513,1.527,138888.43478793
2025-12-18 15:00:00,1.528,1.589,1.518,1.566,265000.69911242
2025-12-18 16:00:00,1.567,1.6,1.556,1.592,305987.25483994
2025-12-18 17:00:00,1.593,1.595,1.513,1.525,501327.68198239
2025-12-18 18:00:00,1.525,1.542,1.467,1.472,199329.85053437
2025-12-18 19:00:00,1.471,1.477,1.425,1.429,416290.66232694
2025-12-18 20:00:00,1.429,1.449,1.422,1.422,217425.14578625
2025-12-18 21:00:00,1.423,1.447,1.422,1.439,238720.44286847
2025-12-18 22:00:00,1.439,1.456,1.424,1.428,339943.81120456
2025-12-18 23:00:00,1.427,1.433,1.419,1.429,88274.18673033
2025-12-19 00:00:00,1.428,1.433,1.422,1.433,97874.2756297
2025-12-19 01:00:00,1.431,1.431,1.406,1.416,197084.11488469
2025-12-19 02:00:00,1.414,1.429,1.406,1.427,132041.23358547
2025-12-19 03:00:00,1.427,1.487,1.424,1.476,312974.94268958
2025-12-19 04:00:00,1.476,1.49,1.475,1.477,136358.66963891
2025-12-19 05:00:00,1.477,1.479,1.466,1.467,93194.28095246
2025-12-19 06:00:00,1.468,1.482,1.462,1.482,78534.69647049
2025-12-19 07:00:00,1.482,1.505,1.482,1.491,149224.0609349
2025-12-19 08:00:00,1.493,1.498,1.491,1.495,68878.47514641
2025-12-19 09:00:00,1.495,1.495,1.485,1.492,64345.47077083
2025-12-19 10:00:00,1.492,1.496,1.486,1.496,50944.40050136
2025-12-19 11:00:00,1.495,1.51,1.491,1.508,102927.83060936
2025-12-19 12:00:00,1.507,1.513,1.491,1.492,59080.12013978
2025-12-19 13:00:00,1.492,1.499,1.488,1.496,76622.11751529
2025-12-19 14:00:00,1.498,1.532,1.494,1.516,234000.62697124
2025-12-19 15:00:00,1.516,1.542,1.501,1.516,504158.69749073
2025-12-19 16:00:00,1.516,1.545,1.514,1.527,303346.78640005
2025-12-19 17:00:00,1.527,1.544,1.507,1.507,241486.41392952
2025-12-19 18:00:00,1.507,1.527,1.503,1.523,203984.60050268
2025-12-19 19:00:00,1.524,1.561,1.524,1.551,157457.96737044
2025-12-19 20:00:00,1.552,1.562,1.543,1.555,122205.02319879
2025-12-19 21:00:00,1.554,1.554,1.536,1.537,36313.7321357
2025-12-19 22:00:00,1.537,1.55,1.537,1.546,34457.8856446
2025-12-19 23:00:00,1.545,1.546,1.536,1.54,104886.66475179
2025-12-20 00:00:00,1.54,1.54,1.532,1.532,57833.38821488
2025-12-20 01:00:00,1.532,1.532,1.518,1.519,96012.06896923
2025-12-20 02:00:00,1.52,1.521,1.514,1.518,47494.91928513
2025-12-20 03:00:00,1.518,1.523,1.512,1.517,158594.79218713
2025-12-20 04:00:00,1.516,1.519,1.506,1.506,101680.61401772
2025-12-20 05:00:00,1.509,1.519,1.508,1.516,61280.35869802
2025-12-20 06:00:00,1.514,1.521,1.514,1.517,26715.31569773
2025-12-20 07:00:00,1.518,1.54,1.516,1.534,179695.79455152
2025-12-20 08:00:00,1.535,1.546,1.534,1.538,202191.45645106
2025-12-20 09:00:00,1.538,1.541,1.53,1.531,59680.07421767
2025-12-20 10:00:00,1.531,1.532,1.516,1.517,102560.24479338
2025-12-20 11:00:00,1.518,1.524,1.514,1.522,66087.49345981
2025-12-20 12:00:00,1.522,1.522,1.514,1.516,44837.26712949
2025-12-20 13:00:00,1.517,1.52,1.505,1.516,134596.55311078
2025-12-20 14:00:00,1.515,1.524,1.507,1.521,122242.28495211
2025-12-20 15:00:00,1.522,1.523,1.511,1.519,66252.71737739
2025-12-20 16:00:00,1.519,1.522,1.515,1.521,145033.73114593
2025-12-20 17:00:00,1.52,1.525,1.515,1.515,24303.25142415
2025-12-20 18:00:00,1.516,1.525,1.515,1.521,55007.71220004
2025-12-20 19:00:00,1.522,1.522,1.518,1.518,18552.69784603
2025-12-20 20:00:00,1.518,1.523,1.515,1.521,56766.5212543
2025-12-20 21:00:00,1.522,1.525,1.517,1.517,31488.90146511
2025-12-20 22:00:00,1.518,1.527,1.515,1.525,78956.28573464
2025-12-20 23:00:00,1.525,1.527,1.522,1.523,33182.3094375
2025-12-21 00:00:00,1.523,1.528,1.518,1.522,19863.78988209
2025-12-21 01:00:00,1.521,1.521,1.504,1.505,71282.90995684
2025-12-21 02:00:00,1.503,1.505,1.494,1.497,119539.3976928
2025-12-21 03:00:00,1.497,1.511,1.497,1.508,90064.32337653
2025-12-21 04:00:00,1.508,1.512,1.506,1.509,56219.02887596
2025-12-21 05:00:00,1.51,1.521,1.51,1.51,45717.2025789
2025-12-21 06:00:00,1.509,1.515,1.509,1.515,21735.81721088
2025-12-21 07:00:00,1.514,1.518,1.513,1.517,39485.87470143
2025-12-21 08:00:00,1.517,1.531,1.511,1.525,57727.69553491
2025-12-21 09:00:00,1.526,1.536,1.521,1.53,71438.27533382
2025-12-21 10:00:00,1.531,1.534,1.513,1.516,49457.6632589
2025-12-21 11:00:00,1.516,1.519,1.512,1.515,26560.45739463
2025-12-21 12:00:00,1.516,1.522,1.504,1.51,38479.66924655
2025-12-21 13:00:00,1.51,1.51,1.457,1.459,285846.39996406
2025-12-21 14:00:00,1.459,1.476,1.458,1.469,89341.24445328
2025-12-21 15:00:00,1.469,1.472,1.456,1.464,106921.48789056
2025-12-21 16:00:00,1.463,1.478,1.459,1.476,73687.98822124
2025-12-21 17:00:00,1.477,1.487,1.468,1.469,61674.26622065
2025-12-21 18:00:00,1.469,1.475,1.457,1.475,67305.67978933
2025-12-21 19:00:00,1.476,1.491,1.473,1.489,35725.15605612
2025-12-21 20:00:00,1.489,1.491,1.479,1.479,6916.4607556
2025-12-21 21:00:00,1.48,1.486,1.468,1.478,91572.77185508
2025-12-21 22:00:00,1.479,1.504,1.476,1.504,77223.29191598
2025-12-21 23:00:00,1.506,1.527,1.499,1.509,84807.97934211
2025-12-22 00:00:00,1.513,1.542,1.51,1.513,143343.35987964
2025-12-22 01:00:00,1.512,1.534,1.511,1.514,54476.49459382
2025-12-22 02:00:00,1.514,1.514,1.492,1.509,209279.09412165
2025-12-22 03:00:00,1.509,1.524,1.502,1.516,32765.92471948
2025-12-22 04:00:00,1.517,1.534,1.516,1.531,114996.61213587
2025-12-22 05:00:00,1.53,1.533,1.524,1.524,23928.15376733
2025-12-22 06:00:00,1.523,1.533,1.522,1.53,34486.21351503
2025-12-22 07:00:00,1.527,1.536,1.526,1.535,25589.48261415
2025-12-22 08:00:00,1.535,1.564,1.534,1.561,125240.36148572
2025-12-22 09:00:00,1.561,1.569,1.556,1.567,123493.4361202
2025-12-22 10:00:00,1.569,1.571,1.559,1.559,45671.53859048
2025-12-22 11:00:00,1.56,1.567,1.554,1.559,78051.27831768
2025-12-22 12:00:00,1.56,1.575,1.559,1.564,63106.08458965
2025-12-22 13:00:00,1.565,1.576,1.563,1.574,89072.338683
2025-12-22 14:00:00,1.575,1.586,1.558,1.572,156053.42903679
2025-12-22 15:00:00,1.573,1.578,1.543,1.559,138789.12593453
2025-12-22 16:00:00,1.559,1.574,1.555,1.558,72627.54614144
2025-12-22 17:00:00,1.558,1.56,1.546,1.555,53526.04245426
2025-12-22 18:00:00,1.555,1.56,1.546,1.549,53690.09801787
2025-12-22 19:00:00,1.548,1.548,1.504,1.506,133543.19363535
2025-12-22 20:00:00,1.505,1.511,1.491,1.498,149597.78795081
2025-12-22 21:00:00,1.499,1.509,1.498,1.504,103706.11884099
2025-12-22 22:00:00,1.504,1.521,1.495,1.516,114683.11344643
2025-12-22 23:00:00,1.517,1.517,1.5,1.505,60689.00175724
2025-12-23 00:00:00,1.505,1.524,1.503,1.521,74462.27235983
2025-12-23 01:00:00,1.522,1.523,1.495,1.498,202032.32992233
2025-12-23 02:00:00,1.497,1.507,1.487,1.489,83595.21825141
2025-12-23 03:00:00,1.489,1.496,1.478,1.493,150109.10149327
2025-12-23 04:00:00,1.492,1.498,1.489,1.49,37772.32772646
2025-12-23 05:00:00,1.49,1.491,1.481,1.487,86998.30851793
2025-12-23 06:00:00,1.485,1.487,1.475,1.481,65366.14887394
2025-12-23 07:00:00,1.479,1.482,1.474,1.478,64065.71958388
2025-12-23 08:00:00,1.478,1.486,1.476,1.477,36358.99602087
2025-12-23 09:00:00,1.477,1.482,1.473,1.482,37854.90757322
2025-12-23 10:00:00,1.483,1.496,1.483,1.494,43028.10071298
2025-12-23 11:00:00,1.494,1.5,1.493,1.493,29636.25821275
2025-12-23 12:00:00,1.492,1.495,1.485,1.493,59008.92194847
2025-12-23 13:00:00,1.492,1.499,1.478,1.485,113801.85894792
2025-12-23 14:00:00,1.484,1.494,1.463,1.475,284390.20817436
2025-12-23 15:00:00,1.475,1.492,1.47,1.489,81140.43192966
2025-12-23 16:00:00,1.489,1.51,1.486,1.505,127217.16664359
2025-12-23 17:00:00,1.506,1.532,1.487,1.487,273028.97839485
2025-12-23 18:00:00,1.487,1.525,1.485,1.515,105231.69015444
2025-12-23 19:00:00,1.517,1.517,1.501,1.506,44717.49780925
2025-12-23 20:00:00,1.505,1.53,1.501,1.513,42788.49738202
2025-12-23 21:00:00,1.515,1.516,1.505,1.506,56778.17959597
2025-12-23 22:00:00,1.506,1.509,1.493,1.495,67426.73849619
2025-12-23 23:00:00,1.495,1.495,1.484,1.487,60274.06776795
2025-12-24 00:00:00,1.488,1.49,1.479,1.481,77428.62753269
2025-12-24 01:00:00,1.481,1.487,1.472,1.476,78056.46971308
2025-12-24 02:00:00,1.475,1.475,1.454,1.461,231130.18301867
2025-12-24 03:00:00,1.461,1.471,1.454,1.471,98678.04202617
2025-12-24 04:00:00,1.47,1.479,1.46,1.461,118063.14603199
2025-12-24 05:00:00,1.46,1.466,1.449,1.452,74638.55848007
2025-12-24 06:00:00,1.452,1.458,1.446,1.455,51500.57500286
2025-12-24 07:00:00,1.455,1.457,1.444,1.444,109848.59504693
2025-12-24 08:00:00,1.444,1.45,1.442,1.445,88016.37935168
2025-12-24 09:00:00,1.446,1.451,1.444,1.446,31485.58122037
2025-12-24 10:00:00,1.445,1.449,1.443,1.445,43337.88612716
2025-12-24 11:00:00,1.446,1.455,1.446,1.446,41895.75496779
2025-12-24 12:00:00,1.446,1.46,1.445,1.458,28219.46600262
2025-12-24 13:00:00,1.457,1.46,1.45,1.453,191659.4753423
2025-12-24 14:00:00,1.454,1.47,1.437,1.456,380914.72823355
2025-12-24 15:00:00,1.457,1.469,1.448,1.468,225035.70256893
2025-12-24 16:00:00,1.469,1.473,1.452,1.462,219212.11783001
2025-12-24 17:00:00,1.463,1.465,1.449,1.449,48029.73312035
2025-12-24 18:00:00,1.449,1.455,1.445,1.452,35681.3563777
2025-12-24 19:00:00,1.452,1.46,1.448,1.459,31231.48202416
2025-12-24 20:00:00,1.461,1.468,1.457,1.457,59256.41204157
2025-12-24 21:00:00,1.459,1.462,1.455,1.458,42012.93252852
2025-12-24 22:00:00,1.458,1.475,1.456,1.469,79357.72015779
2025-12-24 23:00:00,1.47,1.471,1.452,1.456,39827.95593919
2025-12-25 00:00:00,1.455,1.463,1.455,1.457,48090.84255669
2025-12-25 01:00:00,1.458,1.468,1.457,1.465,20317.50588273
2025-12-25 02:00:00,1.466,1.503,1.465,1.503,153075.38471681
2025-12-25 03:00:00,1.502,1.503,1.48,1.498,85884.48096142
2025-12-25 04:00:00,1.498,1.513,1.493,1.509,85333.34382141
2025-12-25 05:00:00,1.51,1.511,1.491,1.492,81978.12228266
2025-12-25 06:00:00,1.492,1.499,1.486,1.496,38914.59195324
2025-12-25 07:00:00,1.497,1.502,1.487,1.501,24935.65639079
2025-12-25 08:00:00,1.501,1.512,1.491,1.494,89048.98034357
2025-12-25 09:00:00,1.494,1.495,1.484,1.485,42281.69850882
2025-12-25 10:00:00,1.484,1.484,1.464,1.467,91647.2921936
2025-12-25 11:00:00,1.466,1.479,1.466,1.473,23118.52314331
2025-12-25 12:00:00,1.472,1.479,1.468,1.478,35910.05339925
2025-12-25 13:00:00,1.478,1.494,1.477,1.483,69898.48666402
2025-12-25 14:00:00,1.484,1.487,1.479,1.483,77981.88965133
2025-12-25 15:00:00,1.483,1.508,1.48,1.499,125810.53028098
2025-12-25 16:00:00,1.501,1.509,1.487,1.491,93317.32427616
2025-12-25 17:00:00,1.49,1.495,1.482,1.494,76373.0305586
2025-12-25 18:00:00,1.494,1.507,1.494,1.505,61910.32135066
2025-12-25 19:00:00,1.507,1.507,1.499,1.506,48810.88065448
2025-12-25 20:00:00,1.506,1.507,1.497,1.501,37799.65249395
2025-12-25 21:00:00,1.502,1.503,1.499,1.501,11559.97506549
2025-12-25 22:00:00,1.501,1.502,1.456,1.463,134681.53071425
2025-12-25 23:00:00,1.463,1.469,1.433,1.438,221492.30982695
2025-12-26 00:00:00,1.438,1.447,1.433,1.444,120986.54524753
2025-12-26 01:00:00,1.444,1.46,1.443,1.457,54782.60741132
2025-12-26 02:00:00,1.457,1.542,1.454,1.533,532923.20709842
2025-12-26 03:00:00,1.534,1.539,1.52,1.527,112020.81294052
2025-12-26 04:00:00,1.527,1.545,1.518,1.533,164247.10262372
2025-12-26 05:00:00,1.533,1.543,1.53,1.539,67647.93023913
2025-12-26 06:00:00,1.539,1.557,1.535,1.546,310097.81628473
2025-12-26 07:00:00,1.543,1.563,1.521,1.523,168548.69458434
2025-12-26 08:00:00,1.523,1.531,1.517,1.524,113540.62065394
2025-12-26 09:00:00,1.523,1.532,1.522,1.529,109922.37105311
2025-12-26 10:00:00,1.53,1.537,1.525,1.529,111743.08778213
2025-12-26 11:00:00,1.529,1.53,1.524,1.526,50761.47722033
2025-12-26 12:00:00,1.528,1.534,1.527,1.531,89077.3711317
2025-12-26 13:00:00,1.53,1.534,1.526,1.531,37835.29709259
2025-12-26 14:00:00,1.53,1.532,1.502,1.506,122341.82426959
2025-12-26 15:00:00,1.503,1.515,1.487,1.512,192760.87292265
2025-12-26 16:00:00,1.513,1.517,1.501,1.503,124152.53861766
2025-12-26 17:00:00,1.504,1.519,1.499,1.511,75651.77123982
2025-12-26 18:00:00,1.512,1.524,1.511,1.522,63758.82260264
2025-12-26 19:00:00,1.523,1.531,1.518,1.525,43576.93949705
2025-12-26 20:00:00,1.526,1.529,1.519,1.524,34246.21323065
2025-12-26 21:00:00,1.524,1.528,1.52,1.52,23900.77787424
2025-12-26 22:00:00,1.519,1.522,1.514,1.519,63530.36755194
2025-12-26 23:00:00,1.521,1.522,1.517,1.519,54549.83269751
2025-12-27 00:00:00,1.518,1.519,1.511,1.516,29819.59837334
2025-12-27 01:00:00,1.516,1.525,1.512,1.525,25444.25097124
2025-12-27 02:00:00,1.525,1.525,1.52,1.52,31285.59585472
2025-12-27 03:00:00,1.52,1.54,1.52,1.54,132991.10047939
2025-12-27 04:00:00,1.539,1.547,1.523,1.524,136917.14896915
2025-12-27 05:00:00,1.524,1.531,1.523,1.529,32499.98924275
2025-12-27 06:00:00,1.529,1.529,1.525,1.529,26903.68258053
2025-12-27 07:00:00,1.528,1.528,1.519,1.519,70203.32060293
2025-12-27 08:00:00,1.519,1.524,1.518,1.519,25613.97550512
2025-12-27 09:00:00,1.519,1.521,1.511,1.517,41478.86724315
2025-12-27 10:00:00,1.517,1.517,1.501,1.517,109361.83389642
2025-12-27 11:00:00,1.518,1.535,1.513,1.532,50422.26232543
2025-12-27 12:00:00,1.533,1.54,1.532,1.538,44157.36126402
2025-12-27 13:00:00,1.539,1.539,1.528,1.531,45502.80880079
2025-12-27 14:00:00,1.53,1.54,1.529,1.537,78500.252767
2025-12-27 15:00:00,1.537,1.554,1.533,1.553,164046.14384901
2025-12-27 16:00:00,1.553,1.585,1.553,1.553,277355.33556568
2025-12-27 17:00:00,1.553,1.557,1.548,1.553,47698.86151702
2025-12-27 18:00:00,1.554,1.555,1.547,1.55,30277.40241425
2025-12-27 19:00:00,1.549,1.553,1.547,1.55,15354.90357612
2025-12-27 20:00:00,1.551,1.557,1.548,1.548,22225.39235405
2025-12-27 21:00:00,1.549,1.571,1.548,1.57,63894.39962293
2025-12-27 22:00:00,1.57,1.583,1.562,1.567,142347.32330124
2025-12-27 23:00:00,1.565,1.604,1.565,1.594,170226.75034601
2025-12-28 00:00:00,1.595,1.598,1.587,1.59,65029.89331972
2025-12-28 01:00:00,1.589,1.594,1.586,1.587,16747.58395158
2025-12-28 02:00:00,1.588,1.595,1.585,1.59,24604.66197439
2025-12-28 03:00:00,1.59,1.595,1.586,1.592,14224.63509669
2025-12-28 04:00:00,1.592,1.599,1.591,1.597,46925.55698637
2025-12-28 05:00:00,1.597,1.609,1.595,1.6,55362.80312497
2025-12-28 06:00:00,1.6,1.616,1.596,1.603,160463.2560364
2025-12-28 07:00:00,1.603,1.609,1.602,1.605,26267.49422716
2025-12-28 08:00:00,1.606,1.614,1.605,1.614,20300.18647619
2025-12-28 09:00:00,1.614,1.614,1.598,1.601,38021.26380308
2025-12-28 10:00:00,1.601,1.608,1.597,1.6,88501.53199809
2025-12-28 11:00:00,1.6,1.603,1.588,1.594,125701.58457293
2025-12-28 12:00:00,1.595,1.596,1.584,1.586,41849.85229836
2025-12-28 13:00:00,1.585,1.593,1.582,1.582,36424.67355876
2025-12-28 14:00:00,1.583,1.595,1.583,1.59,76689.91761927
2025-12-28 15:00:00,1.591,1.594,1.568,1.59,174136.57549205
2025-12-28 16:00:00,1.59,1.592,1.58,1.584,35200.70417106
2025-12-28 17:00:00,1.584,1.586,1.577,1.578,13791.1280923
2025-12-28 18:00:00,1.578,1.578,1.561,1.562,353293.95689484
2025-12-28 19:00:00,1.562,1.564,1.555,1.557,82516.05135305
2025-12-28 20:00:00,1.557,1.566,1.556,1.562,57850.21903738
2025-12-28 21:00:00,1.562,1.563,1.554,1.559,45243.22924883
2025-12-28 22:00:00,1.559,1.579,1.558,1.573,126875.86515995
2025-12-28 23:00:00,1.576,1.584,1.561,1.581,116174.97458841
2025-12-29 00:00:00,1.582,1.608,1.578,1.6,162958.07931873
2025-12-29 01:00:00,1.601,1.605,1.584,1.595,59375.53728416
2025-12-29 02:00:00,1.598,1.613,1.587,1.591,92627.04465467
2025-12-29 03:00:00,1.592,1.609,1.589,1.606,140970.7939682
2025-12-29 04:00:00,1.606,1.609,1.598,1.601,66016.1300537
2025-12-29 05:00:00,1.602,1.602,1.584,1.585,58197.66956118
2025-12-29 06:00:00,1.585,1.593,1.582,1.584,85063.90940429
2025-12-29 07:00:00,1.584,1.588,1.574,1.585,43673.15013748
2025-12-29 08:00:00,1.585,1.586,1.571,1.572,49817.77829076
2025-12-29 09:00:00,1.572,1.572,1.533,1.543,177557.24618572
2025-12-29 10:00:00,1.544,1.554,1.541,1.549,79398.85421534
2025-12-29 11:00:00,1.547,1.551,1.54,1.54,100923.43006353
2025-12-29 12:00:00,1.539,1.541,1.513,1.526,151663.55175645
2025-12-29 13:00:00,1.527,1.528,1.514,1.516,37821.75017466
2025-12-29 14:00:00,1.515,1.542,1.512,1.519,170535.01259095
2025-12-29 15:00:00,1.519,1.538,1.519,1.526,132280.62317931
2025-12-29 16:00:00,1.526,1.532,1.523,1.524,70092.50890941
2025-12-29 17:00:00,1.524,1.53,1.513,1.523,34755.26702307
2025-12-29 18:00:00,1.524,1.53,1.515,1.517,50715.23235193
2025-12-29 19:00:00,1.516,1.527,1.514,1.518,34121.03737002
2025-12-29 20:00:00,1.518,1.522,1.512,1.515,24344.15384105
2025-12-29 21:00:00,1.515,1.527,1.513,1.526,36042.17720341
2025-12-29 22:00:00,1.526,1.528,1.521,1.526,79042.82752957
2025-12-29 23:00:00,1.526,1.529,1.522,1.524,21047.43749607
2025-12-30 00:00:00,1.524,1.528,1.513,1.523,81235.20526084
2025-12-30 01:00:00,1.524,1.534,1.519,1.529,58911.50576782
2025-12-30 02:00:00,1.529,1.532,1.517,1.521,51796.93881187
2025-12-30 03:00:00,1.523,1.528,1.514,1.526,31952.22356571
2025-12-30 04:00:00,1.525,1.533,1.521,1.527,26516.44751061
2025-12-30 05:00:00,1.527,1.527,1.515,1.522,25033.06357334
2025-12-30 06:00:00,1.521,1.535,1.521,1.531,33459.32932458
2025-12-30 07:00:00,1.531,1.535,1.528,1.532,19333.05288775
2025-12-30 08:00:00,1.531,1.561,1.531,1.544,154045.82135938
2025-12-30 09:00:00,1.544,1.551,1.537,1.549,41400.74697526
2025-12-30 10:00:00,1.55,1.551,1.541,1.547,24274.13420326
2025-12-30 11:00:00,1.546,1.547,1.542,1.545,17351.63124104
2025-12-30 12:00:00,1.545,1.549,1.536,1.538,43128.29969539
2025-12-30 13:00:00,1.538,1.548,1.537,1.541,63873.53453948
2025-12-30 14:00:00,1.541,1.559,1.524,1.548,222506.57053042
2025-12-30 15:00:00,1.548,1.549,1.533,1.547,67677.28040184
2025-12-30 16:00:00,1.548,1.552,1.53,1.534,72696.4264832
2025-12-30 17:00:00,1.533,1.537,1.522,1.527,47403.78204553
2025-12-30 18:00:00,1.526,1.53,1.524,1.529,25187.05612769
2025-12-30 19:00:00,1.529,1.531,1.516,1.53,53616.4114114
2025-12-30 20:00:00,1.529,1.529,1.514,1.515,19454.39247841
2025-12-30 21:00:00,1.514,1.518,1.513,1.518,14679.3941257
2025-12-30 22:00:00,1.518,1.524,1.512,1.518,39717.08816835
2025-12-30 23:00:00,1.517,1.523,1.514,1.516,33326.54144885
2025-12-31 00:00:00,1.516,1.516,1.504,1.511,52587.37728578
2025-12-31 01:00:00,1.51,1.531,1.509,1.527,48100.13356653
2025-12-31 02:00:00,1.527,1.529,1.518,1.523,22771.01236615
2025-12-31 03:00:00,1.523,1.524,1.513,1.517,22980.43790809
2025-12-31 04:00:00,1.517,1.523,1.517,1.52,13560.35760518
2025-12-31 05:00:00,1.52,1.522,1.517,1.519,10635.96993579
2025-12-31 06:00:00,1.519,1.525,1.518,1.524,11032.00655855
2025-12-31 07:00:00,1.522,1.522,1.515,1.52,15991.06076357
2025-12-31 08:00:00,1.52,1.525,1.51,1.51,34645.80494365
2025-12-31 09:00:00,1.511,1.513,1.504,1.51,40680.36038779
2025-12-31 10:00:00,1.509,1.511,1.498,1.501,67700.34699635
2025-12-31 11:00:00,1.503,1.524,1.502,1.519,160719.21841782
2025-12-31 12:00:00,1.519,1.52,1.509,1.512,22310.64767293
2025-12-31 13:00:00,1.512,1.522,1.509,1.519,20299.46802253
2025-12-31 14:00:00,1.519,1.529,1.516,1.516,111198.29784791
2025-12-31 15:00:00,1.516,1.519,1.506,1.509,74887.02211968
2025-12-31 16:00:00,1.509,1.51,1.469,1.485,127939.78415494
2025-12-31 17:00:00,1.484,1.487,1.477,1.484,47463.79039017
2025-12-31 18:00:00,1.484,1.493,1.478,1.481,25535.06354221
2025-12-31 19:00:00,1.481,1.495,1.481,1.491,28962.89751345
2025-12-31 20:00:00,1.489,1.502,1.479,1.498,30470.54656881
2025-12-31 21:00:00,1.498,1.521,1.497,1.516,200971.36337514
2025-12-31 22:00:00,1.516,1.531,1.511,1.514,75052.67334918
2025-12-31 23:00:00,1.513,1.516,1.507,1.514,31073.49973257
2026-01-01 00:00:00,1.514,1.529,1.514,1.517,41306.56934619
2026-01-01 01:00:00,1.517,1.528,1.513,1.513,28045.32114013
2026-01-01 02:00:00,1.513,1.515,1.509,1.511,10981.03412352
2026-01-01 03:00:00,1.511,1.516,1.506,1.507,20612.82459591
2026-01-01 04:00:00,1.507,1.507,1.502,1.507,21281.34748216
2026-01-01 05:00:00,1.507,1.515,1.507,1.513,10912.04608049
2026-01-01 06:00:00,1.513,1.513,1.506,1.506,13356.76621888
2026-01-01 07:00:00,1.507,1.514,1.505,1.513,8726.46164774
2026-01-01 08:00:00,1.513,1.518,1.512,1.518,41617.27410271
2026-01-01 09:00:00,1.519,1.528,1.519,1.522,47039.70088955
2026-01-01 10:00:00,1.521,1.525,1.519,1.521,23774.39011653
2026-01-01 11:00:00,1.522,1.534,1.521,1.531,36913.41756693
2026-01-01 12:00:00,1.531,1.533,1.523,1.524,23759.72033421
2026-01-01 13:00:00,1.524,1.553,1.524,1.551,87302.59969195
2026-01-01 14:00:00,1.551,1.568,1.543,1.554,166076.48355226
2026-01-01 15:00:00,1.555,1.584,1.549,1.573,109527.84018095
2026-01-01 16:00:00,1.574,1.59,1.571,1.583,105431.55654214
2026-01-01 17:00:00,1.584,1.595,1.581,1.589,99565.86359507
2026-01-01 18:00:00,1.591,1.602,1.586,1.6,93369.22891893
2026-01-01 19:00:00,1.6,1.613,1.593,1.613,43296.79978281
2026-01-01 20:00:00,1.614,1.619,1.599,1.607,68232.69775235
2026-01-01 21:00:00,1.609,1.624,1.604,1.62,94812.26747422
2026-01-01 22:00:00,1.619,1.635,1.607,1.627,150445.14830519
2026-01-01 23:00:00,1.627,1.633,1.622,1.627,117453.0080368
2026-01-02 00:00:00,1.628,1.643,1.625,1.626,57551.64040233
2026-01-02 01:00:00,1.627,1.653,1.627,1.646,108363.33284827
2026-01-02 02:00:00,1.646,1.65,1.636,1.649,120182.72925708
2026-01-02 03:00:00,1.649,1.662,1.646,1.656,148133.368426
2026-01-02 04:00:00,1.656,1.658,1.644,1.647,40925.96561039
2026-01-02 05:00:00,1.647,1.65,1.642,1.646,25454.03177728
2026-01-02 06:00:00,1.646,1.648,1.637,1.639,27130.41925501
2026-01-02 07:00:00,1.639,1.643,1.628,1.629,49700.05228927
2026-01-02 08:00:00,1.629,1.642,1.629,1.637,33813.20425067
2026-01-02 09:00:00,1.638,1.665,1.635,1.655,58941.00196958
2026-01-02 10:00:00,1.656,1.661,1.645,1.649,100745.11057888
2026-01-02 11:00:00,1.649,1.649,1.63,1.637,38874.76469002
2026-01-02 12:00:00,1.637,1.649,1.631,1.643,30908.5095871
2026-01-02 13:00:00,1.643,1.646,1.637,1.64,47780.41486291
2026-01-02 14:00:00,1.64,1.653,1.614,1.637,200645.61334673
2026-01-02 15:00:00,1.638,1.649,1.623,1.636,101973.53167441
2026-01-02 16:00:00,1.638,1.667,1.632,1.663,159779.12980742
2026-01-02 17:00:00,1.663,1.667,1.654,1.663,147136.13036484
2026-01-02 18:00:00,1.663,1.676,1.66,1.67,48791.03947026
2026-01-02 19:00:00,1.67,1.691,1.668,1.685,115188.77251402
2026-01-02 20:00:00,1.685,1.689,1.674,1.68,71886.16614075
2026-01-02 21:00:00,1.68,1.693,1.676,1.686,37249.4325699
2026-01-02 22:00:00,1.686,1.697,1.68,1.686,95687.55411813
2026-01-02 23:00:00,1.686,1.693,1.683,1.692,46738.86801235
2026-01-03 00:00:00,1.691,1.705,1.688,1.693,112881.07736499
2026-01-03 01:00:00,1.693,1.701,1.685,1.694,43054.95532449
2026-01-03 02:00:00,1.693,1.698,1.687,1.695,46549.99093681
2026-01-03 03:00:00,1.695,1.712,1.689,1.709,115132.92345747
2026-01-03 04:00:00,1.709,1.709,1.697,1.703,32986.90893478
2026-01-03 05:00:00,1.704,1.709,1.695,1.703,51346.50628743
2026-01-03 06:00:00,1.702,1.718,1.69,1.692,118586.82998005
2026-01-03 07:00:00,1.692,1.692,1.658,1.668,181342.48556109
2026-01-03 08:00:00,1.668,1.679,1.663,1.671,105133.61617619
2026-01-03 09:00:00,1.671,1.674,1.661,1.667,53571.12440223
2026-01-03 10:00:00,1.667,1.668,1.661,1.667,34207.59648419
2026-01-03 11:00:00,1.667,1.676,1.667,1.674,60373.98357037
2026-01-03 12:00:00,1.673,1.698,1.672,1.693,79473.11492159
2026-01-03 13:00:00,1.693,1.707,1.692,1.697,56523.76141067
2026-01-03 14:00:00,1.697,1.702,1.689,1.69,25101.67899779
2026-01-03 15:00:00,1.692,1.692,1.681,1.681,35327.92321903
2026-01-03 16:00:00,1.682,1.708,1.681,1.706,45830.1731125
2026-01-03 17:00:00,1.706,1.707,1.696,1.699,26088.29039101
2026-01-03 18:00:00,1.698,1.71,1.695,1.706,36644.90696537
2026-01-03 19:00:00,1.706,1.712,1.702,1.705,12585.79810005
2026-01-03 20:00:00,1.705,1.706,1.695,1.703,26821.18613649
2026-01-03 21:00:00,1.703,1.711,1.698,1.702,24357.12258895
2026-01-03 22:00:00,1.701,1.713,1.7,1.708,21121.35283518
2026-01-03 23:00:00,1.71,1.717,1.709,1.711,23059.57020218
2026-01-04 00:00:00,1.71,1.732,1.705,1.711,140309.12401958
2026-01-04 01:00:00,1.71,1.715,1.692,1.699,36791.76634392
2026-01-04 02:00:00,1.7,1.706,1.695,1.703,23549.28350184
2026-01-04 03:00:00,1.704,1.718,1.704,1.713,49062.82470978
2026-01-04 04:00:00,1.712,1.714,1.708,1.708,73030.55485983
2026-01-04 05:00:00,1.709,1.715,1.702,1.709,89013.70289509
2026-01-04 06:00:00,1.71,1.712,1.692,1.699,231067.61055956
2026-01-04 07:00:00,1.699,1.716,1.698,1.712,62902.48754128
2026-01-04 08:00:00,1.71,1.717,1.7,1.714,69405.3931064
2026-01-04 09:00:00,1.714,1.721,1.708,1.714,43274.04361219
2026-01-04 10:00:00,1.714,1.728,1.714,1.724,82232.5887755
2026-01-04 11:00:00,1.724,1.729,1.714,1.724,82290.97482619
2026-01-04 12:00:00,1.724,1.741,1.723,1.723,92333.81326209
2026-01-04 13:00:00,1.723,1.724,1.709,1.724,65069.68795446
2026-01-04 14:00:00,1.723,1.733,1.717,1.727,52984.61322475
2026-01-04 15:00:00,1.727,1.741,1.726,1.735,129641.65353943
2026-01-04 16:00:00,1.736,1.744,1.732,1.737,75774.92772323
2026-01-04 17:00:00,1.737,1.741,1.73,1.737,33393.30610326
2026-01-04 18:00:00,1.737,1.74,1.719,1.733,62772.68022223
2026-01-04 19:00:00,1.731,1.733,1.706,1.724,141535.70832318
2026-01-04 20:00:00,1.724,1.73,1.72,1.722,18458.73818371
2026-01-04 21:00:00,1.722,1.735,1.712,1.716,69390.69651122
2026-01-04 22:00:00,1.717,1.725,1.715,1.72,42685.32335188
2026-01-04 23:00:00,1.721,1.737,1.721,1.729,32068.11696102
2026-01-05 00:00:00,1.728,1.744,1.724,1.738,174606.62282058
2026-01-05 01:00:00,1.74,1.772,1.736,1.76,174189.24352966
2026-01-05 02:00:00,1.76,1.767,1.74,1.764,235277.92308653
2026-01-05 03:00:00,1.765,1.799,1.758,1.792,303004.43277781
2026-01-05 04:00:00,1.793,1.801,1.753,1.773,306130.36552122
2026-01-05 05:00:00,1.772,1.779,1.758,1.76,144747.24797795
2026-01-05 06:00:00,1.76,1.768,1.733,1.748,130402.3848499
2026-01-05 07:00:00,1.747,1.76,1.737,1.748,110203.73468986
2026-01-05 08:00:00,1.748,1.759,1.728,1.731,73078.40921107
2026-01-05 09:00:00,1.73,1.73,1.712,1.717,174923.13950581
2026-01-05 10:00:00,1.718,1.732,1.71,1.719,82939.31618962
2026-01-05 11:00:00,1.718,1.72,1.71,1.719,49170.51684637
2026-01-05 12:00:00,1.719,1.733,1.712,1.729,55627.03062647
2026-01-05 13:00:00,1.729,1.735,1.714,1.723,65912.58644426
2026-01-05 14:00:00,1.723,1.756,1.72,1.748,106260.27576803
2026-01-05 15:00:00,1.748,1.765,1.725,1.759,123092.43605854
2026-01-05 16:00:00,1.759,1.768,1.743,1.747,89530.30118897
2026-01-05 17:00:00,1.747,1.765,1.721,1.765,89613.11403038
2026-01-05 18:00:00,1.764,1.781,1.756,1.779,93690.79517628
2026-01-05 19:00:00,1.78,1.782,1.762,1.767,77979.60626271
2026-01-05 20:00:00,1.768,1.793,1.763,1.769,107674.0212903
2026-01-05 21:00:00,1.77,1.773,1.755,1.759,131851.86663034
2026-01-05 22:00:00,1.759,1.796,1.756,1.785,144104.81339881
2026-01-05 23:00:00,1.785,1.788,1.773,1.774,112415.70043654
2026-01-06 00:00:00,1.774,1.781,1.745,1.772,134929.21326255
2026-01-06 01:00:00,1.773,1.789,1.758,1.76,125236.07409892
2026-01-06 02:00:00,1.761,1.772,1.757,1.764,53045.2730373
2026-01-06 03:00:00,1.764,1.787,1.762,1.777,69724.63317984
2026-01-06 04:00:00,1.777,1.797,1.772,1.79,231722.0818172
2026-01-06 05:00:00,1.79,1.791,1.775,1.779,221174.38697394
2026-01-06 06:00:00,1.778,1.798,1.77,1.786,108638.89015599
2026-01-06 07:00:00,1.786,1.787,1.749,1.759,126640.1469718
2026-01-06 08:00:00,1.758,1.771,1.758,1.763,62342.30071937
2026-01-06 09:00:00,1.762,1.778,1.76,1.769,53325.13564496
2026-01-06 10:00:00,1.769,1.784,1.769,1.781,34818.40436735
2026-01-06 11:00:00,1.781,1.826,1.779,1.821,113542.94064982
2026-01-06 12:00:00,1.821,1.838,1.813,1.83,135109.03676606
2026-01-06 13:00:00,1.827,1.834,1.815,1.821,100585.00334775
2026-01-06 14:00:00,1.819,1.841,1.809,1.819,139614.37354838
2026-01-06 15:00:00,1.817,1.833,1.783,1.795,159265.30967054
2026-01-06 16:00:00,1.795,1.805,1.756,1.771,367276.22772054
2026-01-06 17:00:00,1.77,1.789,1.731,1.734,249594.57037833
2026-01-06 18:00:00,1.733,1.759,1.728,1.753,181210.11080318
2026-01-06 19:00:00,1.753,1.763,1.75,1.753,32862.3343478
2026-01-06 20:00:00,1.753,1.795,1.753,1.787,52505.85141403
2026-01-06 21:00:00,1.789,1.828,1.78,1.814,64104.91372432
2026-01-06 22:00:00,1.814,1.82,1.791,1.801,42965.23364232
2026-01-06 23:00:00,1.802,1.812,1.801,1.808,65351.34714207
2026-01-07 00:00:00,1.808,1.808,1.767,1.768,152524.9812929
2026-01-07 01:00:00,1.769,1.776,1.753,1.757,73017.28859935
2026-01-07 02:00:00,1.757,1.78,1.753,1.777,80643.29386471
2026-01-07 03:00:00,1.778,1.784,1.768,1.771,61542.94330346
2026-01-07 04:00:00,1.773,1.773,1.762,1.764,39074.5832668
2026-01-07 05:00:00,1.765,1.774,1.762,1.764,27417.73143886
2026-01-07 06:00:00,1.763,1.767,1.756,1.758,92811.88102935
2026-01-07 07:00:00,1.759,1.791,1.759,1.79,44553.13677515
2026-01-07 08:00:00,1.791,1.803,1.783,1.8,102459.70288513
2026-01-07 09:00:00,1.799,1.803,1.759,1.763,104195.02210688
2026-01-07 10:00:00,1.762,1.774,1.76,1.768,167859.79761465
2026-01-07 11:00:00,1.766,1.775,1.766,1.774,55041.438711
2026-01-07 12:00:00,1.774,1.774,1.749,1.755,150783.35774879
2026-01-07 13:00:00,1.756,1.763,1.745,1.746,69192.31429686
2026-01-07 14:00:00,1.746,1.75,1.716,1.745,178931.21296661
2026-01-07 15:00:00,1.746,1.747,1.712,1.719,210066.46588246
2026-01-07 16:00:00,1.719,1.732,1.713,1.72,71209.31245617
2026-01-07 17:00:00,1.721,1.734,1.719,1.721,64695.35166644
2026-01-07 18:00:00,1.72,1.736,1.717,1.725,59319.51207709
2026-01-07 19:00:00,1.726,1.736,1.715,1.732,50120.95427879
2026-01-07 20:00:00,1.731,1.733,1.717,1.722,25604.08214592
2026-01-07 21:00:00,1.722,1.728,1.72,1.72,15521.24759276
2026-01-07 22:00:00,1.72,1.732,1.708,1.715,89565.87904415
2026-01-07 23:00:00,1.715,1.73,1.704,1.723,45398.39665156
2026-01-08 00:00:00,1.722,1.725,1.712,1.723,44015.44925318
2026-01-08 01:00:00,1.724,1.727,1.717,1.725,47058.58041674
2026-01-08 02:00:00,1.725,1.728,1.712,1.714,57976.52778815
2026-01-08 03:00:00,1.715,1.725,1.699,1.703,24863.16899053
2026-01-08 04:00:00,1.701,1.719,1.698,1.708,73166.08800612
2026-01-08 05:00:00,1.709,1.716,1.703,1.703,41830.78540401
2026-01-08 06:00:00,1.704,1.706,1.675,1.676,87491.10720634
2026-01-08 07:00:00,1.676,1.711,1.666,1.71,136173.74761021
2026-01-08 08:00:00,1.71,1.719,1.696,1.697,139867.53519019
2026-01-08 09:00:00,1.698,1.704,1.683,1.684,66213.59901282
2026-01-08 10:00:00,1.683,1.702,1.677,1.694,212429.30497231
2026-01-08 11:00:00,1.694,1.698,1.681,1.69,129212.42157459
2026-01-08 12:00:00,1.69,1.691,1.673,1.677,62287.13470158
2026-01-08 13:00:00,1.677,1.681,1.666,1.671,78593.80769685
2026-01-08 14:00:00,1.67,1.684,1.658,1.68,98499.92892789
2026-01-08 15:00:00,1.679,1.716,1.669,1.715,136526.9692349
2026-01-08 16:00:00,1.715,1.719,1.681,1.702,293344.38486351
2026-01-08 17:00:00,1.703,1.711,1.691,1.71,48503.91867209
2026-01-08 18:00:00,1.71,1.71,1.689,1.692,32819.57760843
2026-01-08 19:00:00,1.693,1.7,1.681,1.684,23175.74822769
2026-01-08 20:00:00,1.684,1.684,1.666,1.679,25098.75340292
2026-01-08 21:00:00,1.681,1.699,1.679,1.697,26326.25151897
2026-01-08 22:00:00,1.697,1.708,1.686,1.697,62229.66388221
2026-01-08 23:00:00,1.697,1.698,1.685,1.686,15353.76660888
2026-01-09 00:00:00,1.686,1.693,1.683,1.692,96383.11501332
2026-01-09 01:00:00,1.692,1.707,1.678,1.681,66433.39911052
2026-01-09 02:00:00,1.681,1.697,1.676,1.677,20773.87283595
2026-01-09 03:00:00,1.678,1.697,1.674,1.696,113904.00693036
2026-01-09 04:00:00,1.696,1.698,1.685,1.691,75839.97729952
2026-01-09 05:00:00,1.691,1.701,1.69,1.701,29756.53938944
2026-01-09 06:00:00,1.701,1.708,1.697,1.704,44290.57330624
2026-01-09 07:00:00,1.704,1.704,1.697,1.697,18285.10689522
2026-01-09 08:00:00,1.697,1.699,1.662,1.672,83387.90948317
2026-01-09 09:00:00,1.673,1.689,1.672,1.679,41448.01873016
2026-01-09 10:00:00,1.678,1.684,1.674,1.682,30026.48688926
2026-01-09 11:00:00,1.682,1.689,1.681,1.684,18411.09837342
2026-01-09 12:00:00,1.683,1.685,1.671,1.674,19130.81690377
2026-01-09 13:00:00,1.674,1.711,1.674,1.703,143293.7238853
2026-01-09 14:00:00,1.704,1.704,1.679,1.687,111652.81831159
2026-01-09 15:00:00,1.686,1.75,1.674,1.723,230815.52449398
2026-01-09 16:00:00,1.724,1.755,1.724,1.744,68153.61045311
2026-01-09 17:00:00,1.747,1.747,1.711,1.729,53367.09371981
2026-01-09 18:00:00,1.729,1.729,1.685,1.706,55342.84727903
2026-01-09 19:00:00,1.705,1.705,1.678,1.686,82897.41705273
2026-01-09 20:00:00,1.685,1.7,1.684,1.691,50081.26929024
2026-01-09 21:00:00,1.691,1.708,1.684,1.703,33916.90993018
2026-01-09 22:00:00,1.701,1.717,1.699,1.713,78556.87116086
2026-01-09 23:00:00,1.712,1.712,1.702,1.703,11605.23260264
2026-01-10 00:00:00,1.703,1.704,1.688,1.69,39291.07242685
2026-01-10 01:00:00,1.691,1.699,1.689,1.694,57043.56224711
2026-01-10 02:00:00,1.694,1.694,1.681,1.687,23308.96112643
2026-01-10 03:00:00,1.688,1.689,1.677,1.687,14989.22560471
2026-01-10 04:00:00,1.686,1.687,1.676,1.681,45744.91739346
2026-01-10 05:00:00,1.682,1.688,1.681,1.684,16811.12713114
2026-01-10 06:00:00,1.682,1.692,1.675,1.689,34856.53793884
2026-01-10 07:00:00,1.688,1.706,1.688,1.704,18694.47860498
2026-01-10 08:00:00,1.704,1.706,1.697,1.703,29881.46445974
2026-01-10 09:00:00,1.704,1.713,1.703,1.711,33720.55894731
2026-01-10 10:00:00,1.712,1.715,1.702,1.712,34296.21637474
2026-01-10 11:00:00,1.713,1.715,1.705,1.713,37647.79097942
2026-01-10 12:00:00,1.714,1.731,1.713,1.731,47603.08198891
2026-01-10 13:00:00,1.73,1.733,1.722,1.722,21393.87090723
2026-01-10 14:00:00,1.723,1.724,1.71,1.711,22522.82001813
2026-01-10 15:00:00,1.712,1.716,1.706,1.708,25433.5936878
2026-01-10 16:00:00,1.708,1.708,1.698,1.701,36402.01980688
2026-01-10 17:00:00,1.702,1.71,1.69,1.693,25457.97739414
2026-01-10 18:00:00,1.695,1.706,1.69,1.701,22950.21075248
2026-01-10 19:00:00,1.701,1.715,1.701,1.715,9338.06082871
2026-01-10 20:00:00,1.715,1.717,1.706,1.706,7995.56811263
2026-01-10 21:00:00,1.706,1.706,1.695,1.695,14504.70885957
2026-01-10 22:00:00,1.695,1.701,1.683,1.683,13695.69578762
2026-01-10 23:00:00,1.683,1.692,1.683,1.689,18162.00790091
2026-01-11 00:00:00,1.689,1.696,1.685,1.694,18969.40248099
2026-01-11 01:00:00,1.695,1.695,1.686,1.692,13934.43892233
2026-01-11 02:00:00,1.693,1.699,1.691,1.694,7711.94634085
2026-01-11 03:00:00,1.694,1.699,1.692,1.694,9934.87361031
2026-01-11 04:00:00,1.694,1.696,1.688,1.693,18510.52053663
2026-01-11 05:00:00,1.694,1.695,1.689,1.692,11475.63088436
2026-01-11 06:00:00,1.692,1.693,1.68,1.688,74990.9961282
2026-01-11 07:00:00,1.688,1.691,1.685,1.69,20192.46035189
2026-01-11 08:00:00,1.689,1.7,1.687,1.697,23371.92021521
2026-01-11 09:00:00,1.697,1.704,1.695,1.7,60614.84996185
2026-01-11 10:00:00,1.699,1.705,1.696,1.7,12761.47064668
2026-01-11 11:00:00,1.701,1.705,1.698,1.704,25308.22474536
2026-01-11 12:00:00,1.705,1.718,1.705,1.715,42941.08527719
2026-01-11 13:00:00,1.716,1.718,1.703,1.704,20886.34114296
2026-01-11 14:00:00,1.703,1.722,1.702,1.719,100665.87569939
2026-01-11 15:00:00,1.72,1.721,1.689,1.695,39315.27351523
2026-01-11 16:00:00,1.696,1.722,1.694,1.714,68884.98443608
2026-01-11 17:00:00,1.717,1.727,1.705,1.727,25226.72541091
2026-01-11 18:00:00,1.727,1.729,1.716,1.727,14955.26755897
2026-01-11 19:00:00,1.728,1.739,1.719,1.722,45787.83693909
2026-01-11 20:00:00,1.721,1.721,1.691,1.696,33288.68434605
2026-01-11 21:00:00,1.694,1.705,1.684,1.703,22978.97594381
2026-01-11 22:00:00,1.7,1.7,1.681,1.682,86733.72745792
2026-01-11 23:00:00,1.681,1.708,1.672,1.702,88083.77936027
2026-01-12 00:00:00,1.702,1.713,1.677,1.702,109983.88638148
2026-01-12 01:00:00,1.703,1.72,1.699,1.709,136862.92642636
2026-01-12 02:00:00,1.71,1.755,1.708,1.749,182407.88623469
2026-01-12 03:00:00,1.752,1.769,1.735,1.735,76889.54254702
2026-01-12 04:00:00,1.736,1.754,1.736,1.754,110261.09403306
2026-01-12 05:00:00,1.754,1.76,1.746,1.752,36732.02402527
2026-01-12 06:00:00,1.752,1.757,1.732,1.737,110587.76447832
2026-01-12 07:00:00,1.738,1.759,1.717,1.718,123173.08661384
2026-01-12 08:00:00,1.717,1.723,1.675,1.691,104671.36119098
2026-01-12 09:00:00,1.69,1.695,1.666,1.668,465164.90981175
2026-01-12 10:00:00,1.669,1.68,1.667,1.673,137683.01414998
2026-01-12 11:00:00,1.673,1.685,1.672,1.683,46912.67924924
2026-01-12 12:00:00,1.683,1.683,1.67,1.673,43559.31330641
2026-01-12 13:00:00,1.674,1.678,1.655,1.66,43291.68396511
2026-01-12 14:00:00,1.66,1.684,1.645,1.674,121970.11669298
2026-01-12 15:00:00,1.675,1.72,1.67,1.715,147402.93858478
2026-01-12 16:00:00,1.715,1.739,1.707,1.721,164370.94233133
2026-01-12 17:00:00,1.721,1.728,1.687,1.699,146285.65900111
2026-01-12 18:00:00,1.7,1.712,1.685,1.692,82322.75704627
2026-01-12 19:00:00,1.69,1.697,1.681,1.697,57955.04500174
2026-01-12 20:00:00,1.697,1.712,1.681,1.684,58806.10847492
2026-01-12 21:00:00,1.683,1.684,1.663,1.672,66669.09282605
2026-01-12 22:00:00,1.673,1.686,1.671,1.681,56784.9726924
2026-01-12 23:00:00,1.681,1.682,1.669,1.676,36972.18167644
2026-01-13 00:00:00,1.675,1.694,1.675,1.693,57086.02926622
2026-01-13 01:00:00,1.693,1.711,1.693,1.708,144959.39704565
2026-01-13 02:00:00,1.709,1.727,1.701,1.701,124844.67756206
2026-01-13 03:00:00,1.701,1.703,1.689,1.697,58599.16349548
2026-01-13 04:00:00,1.697,1.711,1.697,1.708,101335.92872112
2026-01-13 05:00:00,1.709,1.737,1.709,1.72,92092.37573925
2026-01-13 06:00:00,1.725,1.749,1.724,1.747,154741.39264343
2026-01-13 07:00:00,1.746,1.751,1.735,1.74,53175.3342995
2026-01-13 08:00:00,1.74,1.754,1.73,1.741,169403.90254223
2026-01-13 09:00:00,1.742,1.764,1.74,1.759,205422.09368503
2026-01-13 10:00:00,1.76,1.792,1.758,1.785,221169.95916504
2026-01-13 11:00:00,1.785,1.787,1.765,1.77,286856.10713762
2026-01-13 12:00:00,1.77,1.781,1.756,1.78,120449.48625037
2026-01-13 13:00:00,1.782,1.799,1.776,1.792,264285.50710049
2026-01-13 14:00:00,1.793,1.826,1.788,1.798,146961.79575562
2026-01-13 15:00:00,1.797,1.815,1.775,1.812,158185.04628042
2026-01-13 16:00:00,1.813,1.828,1.805,1.82,171701.84393833
2026-01-13 17:00:00,1.821,1.847,1.811,1.833,202984.58885744
2026-01-13 18:00:00,1.832,1.854,1.826,1.83,97674.58718322
2026-01-13 19:00:00,1.829,1.853,1.823,1.848,118162.59417457
2026-01-13 20:00:00,1.848,1.851,1.821,1.827,57027.45854643
2026-01-13 21:00:00,1.828,1.848,1.828,1.835,93962.98699711
2026-01-13 22:00:00,1.835,1.894,1.833,1.874,309127.17104947
2026-01-13 23:00:00,1.876,1.886,1.849,1.859,70278.34914121
2026-01-14 00:00:00,1.859,1.872,1.857,1.861,76534.03098433
2026-01-14 01:00:00,1.863,1.874,1.859,1.868,81544.84490067
2026-01-14 02:00:00,1.867,1.879,1.86,1.862,58038.57121648
2026-01-14 03:00:00,1.862,1.863,1.851,1.858,52405.22848716
2026-01-14 04:00:00,1.859,1.86,1.84,1.841,222477.95466054
2026-01-14 05:00:00,1.841,1.841,1.829,1.836,65928.76626451
2026-01-14 06:00:00,1.834,1.842,1.823,1.842,60209.77865019
2026-01-14 07:00:00,1.842,1.849,1.837,1.84,99250.53665389
2026-01-14 08:00:00,1.84,1.858,1.84,1.846,51814.28548506
2026-01-14 09:00:00,1.846,1.858,1.846,1.858,52449.81966947
2026-01-14 10:00:00,1.858,1.864,1.849,1.856,42747.86861909
2026-01-14 11:00:00,1.855,1.855,1.827,1.828,105299.41099441
2026-01-14 12:00:00,1.83,1.834,1.823,1.826,52680.24767217
2026-01-14 13:00:00,1.825,1.83,1.81,1.815,94819.94208906
2026-01-14 14:00:00,1.815,1.848,1.814,1.836,159400.9874195
2026-01-14 15:00:00,1.837,1.853,1.825,1.842,145037.44945404
2026-01-14 16:00:00,1.843,1.863,1.827,1.831,178614.25730369
2026-01-14 17:00:00,1.831,1.839,1.81,1.818,73027.57681326
2026-01-14 18:00:00,1.817,1.829,1.798,1.81,74627.78928092
2026-01-14 19:00:00,1.809,1.838,1.804,1.823,163517.13707909
2026-01-14 20:00:00,1.823,1.834,1.812,1.819,54273.02672868
2026-01-14 21:00:00,1.819,1.827,1.806,1.814,26516.281233
2026-01-14 22:00:00,1.812,1.814,1.788,1.793,131220.13988657
2026-01-14 23:00:00,1.793,1.807,1.792,1.8,87465.57702858
2026-01-15 00:00:00,1.8,1.804,1.793,1.804,38690.03598489
2026-01-15 01:00:00,1.806,1.815,1.787,1.789,132787.42382754
2026-01-15 02:00:00,1.789,1.797,1.782,1.787,113709.62199229
2026-01-15 03:00:00,1.788,1.79,1.743,1.75,144674.51917324
2026-01-15 04:00:00,1.749,1.762,1.743,1.755,63696.02710803
2026-01-15 05:00:00,1.756,1.763,1.752,1.762,35344.81586533
2026-01-15 06:00:00,1.762,1.769,1.759,1.764,20080.08415171
2026-01-15 07:00:00,1.763,1.79,1.763,1.783,27454.65372164
2026-01-15 08:00:00,1.783,1.784,1.771,1.779,12233.75322021
2026-01-15 09:00:00,1.777,1.795,1.767,1.79,97225.39465494
2026-01-15 10:00:00,1.791,1.792,1.781,1.787,34025.489952
2026-01-15 11:00:00,1.787,1.8,1.785,1.79,51664.19962561
2026-01-15 12:00:00,1.789,1.808,1.788,1.803,36152.21291514
2026-01-15 13:00:00,1.802,1.813,1.799,1.805,56025.09688948
2026-01-15 14:00:00,1.804,1.807,1.765,1.776,90665.23087356
2026-01-15 15:00:00,1.776,1.785,1.72,1.746,170413.17942855
2026-01-15 16:00:00,1.745,1.751,1.726,1.749,130079.6163044
2026-01-15 17:00:00,1.749,1.755,1.725,1.727,77635.56452056
2026-01-15 18:00:00,1.728,1.734,1.707,1.709,138008.01001875
2026-01-15 19:00:00,1.709,1.719,1.699,1.713,67106.32049708
2026-01-15 20:00:00,1.712,1.718,1.701,1.706,33012.45795208
2026-01-15 21:00:00,1.707,1.717,1.707,1.716,7598.00864309
2026-01-15 22:00:00,1.717,1.729,1.717,1.723,25037.74129816
2026-01-15 23:00:00,1.723,1.724,1.715,1.721,54584.08017028
2026-01-16 00:00:00,1.721,1.727,1.717,1.717,24140.10538192
2026-01-16 01:00:00,1.717,1.718,1.709,1.713,21042.3327319
2026-01-16 02:00:00,1.712,1.73,1.701,1.727,97330.73446527
2026-01-16 03:00:00,1.727,1.73,1.715,1.715,38387.80495915
2026-01-16 04:00:00,1.716,1.724,1.707,1.714,33648.26317504
2026-01-16 05:00:00,1.713,1.743,1.713,1.74,50817.96600025
2026-01-16 06:00:00,1.739,1.741,1.73,1.741,13084.79462403
2026-01-16 07:00:00,1.74,1.751,1.74,1.745,115065.46197801
2026-01-16 08:00:00,1.745,1.756,1.745,1.754,55063.14053642
2026-01-16 09:00:00,1.753,1.755,1.739,1.741,27716.27388224
2026-01-16 10:00:00,1.74,1.74,1.727,1.73,19430.18563388
2026-01-16 11:00:00,1.729,1.731,1.72,1.728,34070.80599181
2026-01-16 12:00:00,1.729,1.729,1.72,1.723,18648.64641832
2026-01-16 13:00:00,1.723,1.724,1.708,1.715,72994.57054978
2026-01-16 14:00:00,1.715,1.729,1.715,1.719,47927.00221788
2026-01-16 15:00:00,1.719,1.728,1.677,1.688,118180.15661813
2026-01-16 16:00:00,1.687,1.703,1.683,1.694,93838.32396793
2026-01-16 17:00:00,1.693,1.696,1.675,1.696,38516.53913276
2026-01-16 18:00:00,1.697,1.699,1.686,1.689,20285.53674946
2026-01-16 19:00:00,1.688,1.696,1.677,1.692,31199.75362696
2026-01-16 20:00:00,1.691,1.726,1.683,1.723,23358.07300116
2026-01-16 21:00:00,1.726,1.738,1.722,1.732,72950.93546017
2026-01-16 22:00:00,1.733,1.742,1.72,1.742,49944.75102402
2026-01-16 23:00:00,1.743,1.744,1.728,1.732,20470.01614007
2026-01-17 00:00:00,1.732,1.737,1.727,1.733,22258.03790503
2026-01-17 01:00:00,1.732,1.739,1.731,1.733,18455.12048329
2026-01-17 02:00:00,1.734,1.734,1.723,1.73,7865.65724533
2026-01-17 03:00:00,1.731,1.736,1.727,1.729,6326.40032828
2026-01-17 04:00:00,1.728,1.739,1.722,1.737,8860.70167792
2026-01-17 05:00:00,1.738,1.743,1.738,1.741,9879.65131999
2026-01-17 06:00:00,1.74,1.749,1.739,1.747,18025.5134819
2026-01-17 07:00:00,1.747,1.774,1.744,1.771,35913.24890951
2026-01-17 08:00:00,1.772,1.797,1.764,1.782,256312.76863491
2026-01-17 09:00:00,1.786,1.797,1.779,1.784,126441.46632667
2026-01-17 10:00:00,1.783,1.803,1.777,1.783,68268.39387418
2026-01-17 11:00:00,1.782,1.785,1.767,1.767,37643.11778277
2026-01-17 12:00:00,1.767,1.797,1.767,1.793,38585.72924925
2026-01-17 13:00:00,1.793,1.795,1.784,1.79,32551.50681811
2026-01-17 14:00:00,1.789,1.806,1.78,1.805,49264.81320675
2026-01-17 15:00:00,1.805,1.81,1.778,1.788,56320.54794332
2026-01-17 16:00:00,1.789,1.794,1.768,1.779,38689.07368613
2026-01-17 17:00:00,1.779,1.789,1.771,1.78,90123.23422546
2026-01-17 18:00:00,1.781,1.788,1.776,1.784,33063.95482519
2026-01-17 19:00:00,1.784,1.793,1.777,1.784,20194.33814424
2026-01-17 20:00:00,1.784,1.788,1.772,1.773,23569.92523931
2026-01-17 21:00:00,1.773,1.774,1.765,1.768,62532.66513921
2026-01-17 22:00:00,1.768,1.77,1.748,1.755,52332.17431386
2026-01-17 23:00:00,1.754,1.761,1.748,1.752,34589.28555563
2026-01-18 00:00:00,1.752,1.768,1.751,1.755,41492.06569856
2026-01-18 01:00:00,1.755,1.756,1.725,1.73,99894.047548
2026-01-18 02:00:00,1.73,1.739,1.716,1.722,104614.14366
2026-01-18 03:00:00,1.722,1.736,1.721,1.724,120083.52538969
2026-01-18 04:00:00,1.723,1.723,1.713,1.722,51038.76989302
2026-01-18 05:00:00,1.721,1.721,1.713,1.718,21532.1317836
2026-01-18 06:00:00,1.718,1.722,1.712,1.712,10475.00424066
2026-01-18 07:00:00,1.711,1.714,1.701,1.711,128279.41142166
2026-01-18 08:00:00,1.709,1.712,1.705,1.708,20744.03066241
2026-01-18 09:00:00,1.708,1.714,1.706,1.711,21069.25426564
2026-01-18 10:00:00,1.711,1.711,1.701,1.708,26064.56812152
2026-01-18 11:00:00,1.707,1.712,1.7,1.708,18018.27900998
2026-01-18 12:00:00,1.709,1.715,1.702,1.704,36592.75709117
2026-01-18 13:00:00,1.705,1.713,1.694,1.708,65365.02841685
2026-01-18 14:00:00,1.707,1.718,1.694,1.695,40239.50296433
2026-01-18 15:00:00,1.696,1.721,1.69,1.72,68268.98230211
2026-01-18 16:00:00,1.721,1.739,1.716,1.718,168370.32117248
2026-01-18 17:00:00,1.719,1.723,1.711,1.719,29938.57183459
2026-01-18 18:00:00,1.72,1.741,1.716,1.737,52128.37238015
2026-01-18 19:00:00,1.738,1.738,1.713,1.719,19266.36147256
2026-01-18 20:00:00,1.719,1.736,1.717,1.725,15543.40851876
2026-01-18 21:00:00,1.727,1.731,1.723,1.725,7564.69284386
2026-01-18 22:00:00,1.723,1.734,1.721,1.73,54092.05916716
2026-01-18 23:00:00,1.729,1.729,1.625,1.628,253059.0081527
2026-01-19 00:00:00,1.626,1.626,1.445,1.57,4569267.97438658
2026-01-19 01:00:00,1.57,1.585,1.56,1.576,260038.90302606
2026-01-19 02:00:00,1.576,1.583,1.569,1.578,71221.22845604
2026-01-19 03:00:00,1.577,1.599,1.577,1.595,81375.77170959
2026-01-19 04:00:00,1.594,1.596,1.576,1.577,47489.98706002
2026-01-19 05:00:00,1.577,1.597,1.573,1.59,131642.98692812
2026-01-19 06:00:00,1.59,1.591,1.563,1.565,69290.09853597
2026-01-19 07:00:00,1.567,1.57,1.555,1.561,199389.38579116
2026-01-19 08:00:00,1.56,1.583,1.555,1.577,75692.13641696
2026-01-19 09:00:00,1.576,1.577,1.566,1.57,30319.87635435
2026-01-19 10:00:00,1.571,1.571,1.553,1.557,23599.2962662
2026-01-19 11:00:00,1.558,1.562,1.551,1.555,57783.43023392
2026-01-19 12:00:00,1.554,1.555,1.545,1.55,45263.25687355
2026-01-19 13:00:00,1.551,1.564,1.55,1.559,66538.52569835
2026-01-19 14:00:00,1.559,1.571,1.557,1.559,40046.65655597
2026-01-19 15:00:00,1.56,1.567,1.558,1.563,117709.678988
2026-01-19 16:00:00,1.563,1.585,1.561,1.582,57089.6429584
2026-01-19 17:00:00,1.581,1.595,1.576,1.583,87073.85618352
2026-01-19 18:00:00,1.584,1.597,1.58,1.594,54897.85777753
2026-01-19 19:00:00,1.595,1.622,1.595,1.607,125769.31246656
2026-01-19 20:00:00,1.608,1.609,1.597,1.601,55564.05829079
2026-01-19 21:00:00,1.601,1.603,1.591,1.593,28612.51999914
2026-01-19 22:00:00,1.593,1.598,1.576,1.576,52692.44266377
2026-01-19 23:00:00,1.577,1.605,1.575,1.597,158099.70610915
2026-01-20 00:00:00,1.598,1.599,1.587,1.589,42463.80175607
2026-01-20 01:00:00,1.59,1.604,1.585,1.592,28025.30788021
2026-01-20 02:00:00,1.592,1.599,1.583,1.595,27438.46545222
2026-01-20 03:00:00,1.595,1.598,1.58,1.59,78881.95750811
2026-01-20 04:00:00,1.587,1.59,1.579,1.581,27670.22113978
2026-01-20 05:00:00,1.581,1.591,1.57,1.578,97358.12366675
2026-01-20 06:00:00,1.578,1.578,1.559,1.562,85340.00383615
2026-01-20 07:00:00,1.562,1.568,1.553,1.553,27763.03097504
2026-01-20 08:00:00,1.552,1.553,1.533,1.545,80776.45050354
2026-01-20 09:00:00,1.544,1.549,1.539,1.548,21644.7101186
2026-01-20 10:00:00,1.548,1.563,1.547,1.553,47632.02802922
2026-01-20 11:00:00,1.553,1.555,1.537,1.538,7899.78385407
2026-01-20 12:00:00,1.538,1.551,1.536,1.548,24621.33333075
2026-01-20 13:00:00,1.547,1.55,1.532,1.537,188042.91299598
2026-01-20 14:00:00,1.537,1.561,1.536,1.546,40172.34500122
2026-01-20 15:00:00,1.546,1.546,1.519,1.528,69099.336098
2026-01-20 16:00:00,1.529,1.537,1.518,1.525,134977.26092954
2026-01-20 17:00:00,1.524,1.536,1.51,1.519,104828.12185356
2026-01-20 18:00:00,1.518,1.523,1.507,1.516,39181.35175315
2026-01-20 19:00:00,1.517,1.53,1.515,1.52,41168.75717385
2026-01-20 20:00:00,1.519,1.529,1.512,1.527,18064.5839658
2026-01-20 21:00:00,1.528,1.529,1.517,1.519,9522.95212628
2026-01-20 22:00:00,1.519,1.521,1.488,1.51,62931.31337412
2026-01-20 23:00:00,1.512,1.512,1.5,1.505,26657.80989438
2026-01-21 00:00:00,1.505,1.528,1.505,1.527,45477.52133212
2026-01-21 01:00:00,1.527,1.546,1.527,1.538,84556.69026036
2026-01-21 02:00:00,1.539,1.55,1.539,1.548,20749.2990491
2026-01-21 03:00:00,1.549,1.551,1.543,1.544,39661.1567937
2026-01-21 04:00:00,1.543,1.544,1.538,1.544,11856.78003706
2026-01-21 05:00:00,1.542,1.548,1.539,1.543,9303.07496058
2026-01-21 06:00:00,1.542,1.542,1.532,1.532,35438.68477802
2026-01-21 07:00:00,1.531,1.541,1.53,1.532,17449.79777197
2026-01-21 08:00:00,1.532,1.534,1.509,1.521,107481.72830861
2026-01-21 09:00:00,1.522,1.532,1.522,1.53,35081.75562294
2026-01-21 10:00:00,1.53,1.54,1.527,1.527,21267.52861346
2026-01-21 11:00:00,1.527,1.533,1.513,1.515,48176.04518635
2026-01-21 12:00:00,1.514,1.515,1.497,1.511,124634.34940405
2026-01-21 13:00:00,1.512,1.517,1.5,1.504,44261.05555696
2026-01-21 14:00:00,1.503,1.553,1.503,1.551,231896.50078423
2026-01-21 15:00:00,1.55,1.561,1.537,1.552,120209.66851507
2026-01-21 16:00:00,1.553,1.555,1.492,1.494,138117.86388211
2026-01-21 17:00:00,1.496,1.514,1.482,1.501,213405.99842667
2026-01-21 18:00:00,1.502,1.516,1.495,1.509,90808.31630122
2026-01-21 19:00:00,1.51,1.57,1.503,1.568,406382.49395568
2026-01-21 20:00:00,1.57,1.573,1.544,1.563,51587.87911832
2026-01-21 21:00:00,1.563,1.574,1.554,1.566,74675.04178789
2026-01-21 22:00:00,1.566,1.57,1.547,1.55,88614.5144948
2026-01-21 23:00:00,1.548,1.552,1.524,1.527,252785.52912581
2026-01-22 00:00:00,1.528,1.543,1.528,1.537,242091.32130382
2026-01-22 01:00:00,1.538,1.555,1.537,1.555,68888.38390726
2026-01-22 02:00:00,1.554,1.556,1.544,1.546,68887.43787929
2026-01-22 03:00:00,1.546,1.549,1.532,1.537,48667.05126119
2026-01-22 04:00:00,1.537,1.547,1.536,1.544,67659.79163211
2026-01-22 05:00:00,1.545,1.557,1.544,1.547,82394.59448583
2026-01-22 06:00:00,1.548,1.552,1.54,1.55,89286.32203563
2026-01-22 07:00:00,1.55,1.551,1.539,1.546,39200.87507548
2026-01-22 08:00:00,1.547,1.552,1.54,1.55,56965.21487853
2026-01-22 09:00:00,1.55,1.558,1.547,1.555,32789.5978404
2026-01-22 10:00:00,1.555,1.557,1.551,1.552,76684.72488715
2026-01-22 11:00:00,1.552,1.552,1.53,1.53,114103.93866658
2026-01-22 12:00:00,1.53,1.534,1.528,1.53,37655.51353425
2026-01-22 13:00:00,1.53,1.54,1.522,1.527,86157.22774273
2026-01-22 14:00:00,1.527,1.53,1.505,1.509,158740.95959506
2026-01-22 15:00:00,1.508,1.522,1.495,1.513,107822.94812336
2026-01-22 16:00:00,1.514,1.529,1.51,1.525,67025.5667094
2026-01-22 17:00:00,1.526,1.533,1.516,1.533,47364.27623366
2026-01-22 18:00:00,1.53,1.534,1.518,1.518,97764.08023121
2026-01-22 19:00:00,1.519,1.529,1.514,1.523,25417.25616134
2026-01-22 20:00:00,1.523,1.527,1.509,1.514,26873.12325235
2026-01-22 21:00:00,1.516,1.52,1.512,1.515,14209.30693609
2026-01-22 22:00:00,1.515,1.519,1.507,1.511,37973.08310973
2026-01-22 23:00:00,1.511,1.514,1.502,1.513,27928.0361134
2026-01-23 00:00:00,1.514,1.519,1.51,1.516,20836.09570665
2026-01-23 01:00:00,1.516,1.53,1.516,1.528,18877.17475615
2026-01-23 02:00:00,1.529,1.531,1.519,1.519,25738.97694372
2026-01-23 03:00:00,1.52,1.531,1.519,1.529,13099.25696665
2026-01-23 04:00:00,1.53,1.543,1.526,1.538,26692.54914734
2026-01-23 05:00:00,1.538,1.538,1.525,1.529,17783.46244053
2026-01-23 06:00:00,1.529,1.535,1.517,1.517,28870.63096572
2026-01-23 07:00:00,1.519,1.523,1.514,1.518,59459.7194711
2026-01-23 08:00:00,1.519,1.521,1.503,1.507,36656.11813573
2026-01-23 09:00:00,1.507,1.52,1.506,1.519,56016.93066684
2026-01-23 10:00:00,1.519,1.523,1.511,1.515,52647.29335421
2026-01-23 11:00:00,1.516,1.525,1.515,1.523,37730.41123146
2026-01-23 12:00:00,1.524,1.525,1.519,1.521,17984.23076525
2026-01-23 13:00:00,1.521,1.533,1.52,1.528,26575.36954145
2026-01-23 14:00:00,1.527,1.528,1.493,1.507,77943.38666908
2026-01-23 15:00:00,1.506,1.529,1.496,1.526,104359.05175837
2026-01-23 16:00:00,1.527,1.538,1.507,1.528,92197.5515252
2026-01-23 17:00:00,1.527,1.551,1.517,1.531,158092.65485894
2026-01-23 18:00:00,1.531,1.542,1.525,1.527,32203.31733901
2026-01-23 19:00:00,1.526,1.526,1.5,1.506,75065.53580516
2026-01-23 20:00:00,1.506,1.51,1.492,1.501,43579.42449595
2026-01-23 21:00:00,1.501,1.513,1.501,1.507,13501.01404684
2026-01-23 22:00:00,1.508,1.518,1.508,1.515,35687.05227038
2026-01-23 23:00:00,1.516,1.516,1.507,1.508,10553.42871411
2026-01-24 00:00:00,1.509,1.514,1.502,1.504,24338.51147467
2026-01-24 01:00:00,1.504,1.508,1.501,1.508,13474.26135895
2026-01-24 02:00:00,1.509,1.51,1.504,1.506,8456.58919457
2026-01-24 03:00:00,1.507,1.518,1.505,1.511,44642.68358245
2026-01-24 04:00:00,1.511,1.512,1.509,1.511,12028.8807137
2026-01-24 05:00:00,1.511,1.514,1.507,1.514,11785.65559324
2026-01-24 06:00:00,1.514,1.517,1.513,1.515,39040.10447677
2026-01-24 07:00:00,1.516,1.518,1.511,1.513,11577.22326773
2026-01-24 08:00:00,1.513,1.521,1.511,1.52,27682.13843478
2026-01-24 09:00:00,1.52,1.52,1.51,1.51,11522.23880216
2026-01-24 10:00:00,1.51,1.514,1.508,1.511,13867.26417174
2026-01-24 11:00:00,1.511,1.513,1.507,1.509,8571.4136703
2026-01-24 12:00:00,1.509,1.512,1.507,1.51,11676.07969485
2026-01-24 13:00:00,1.511,1.511,1.499,1.499,14733.59957532
2026-01-24 14:00:00,1.499,1.51,1.497,1.505,16299.21306504
2026-01-24 15:00:00,1.506,1.507,1.494,1.495,10425.132791
2026-01-24 16:00:00,1.496,1.5,1.489,1.498,14406.57627114
2026-01-24 17:00:00,1.499,1.501,1.495,1.5,10103.07392252
2026-01-24 18:00:00,1.5,1.505,1.5,1.501,12341.20838256
2026-01-24 19:00:00,1.501,1.502,1.496,1.497,11534.6014366
2026-01-24 20:00:00,1.497,1.506,1.497,1.506,9288.90967957
2026-01-24 21:00:00,1.504,1.505,1.501,1.503,12221.74301893
2026-01-24 22:00:00,1.504,1.514,1.503,1.511,31822.7838543
2026-01-24 23:00:00,1.512,1.513,1.504,1.506,16923.46126876
2026-01-25 00:00:00,1.506,1.515,1.506,1.514,44650.42950496
2026-01-25 01:00:00,1.515,1.516,1.502,1.505,13145.68332156
2026-01-25 02:00:00,1.505,1.511,1.504,1.506,12233.48378157
2026-01-25 03:00:00,1.507,1.509,1.494,1.5,28530.20573617
2026-01-25 04:00:00,1.498,1.509,1.498,1.503,11274.13577212
2026-01-25 05:00:00,1.503,1.509,1.502,1.509,45872.32830913
2026-01-25 06:00:00,1.508,1.514,1.504,1.504,42329.68803616
2026-01-25 07:00:00,1.504,1.506,1.496,1.502,15636.13490708
2026-01-25 08:00:00,1.502,1.507,1.485,1.488,55352.59009253
2026-01-25 09:00:00,1.487,1.507,1.485,1.503,29706.19345133
2026-01-25 10:00:00,1.503,1.512,1.501,1.501,30742.81324581
2026-01-25 11:00:00,1.5,1.505,1.494,1.496,15397.98290238
2026-01-25 12:00:00,1.496,1.496,1.485,1.495,13788.11016948
2026-01-25 13:00:00,1.496,1.499,1.49,1.495,20392.72480765
2026-01-25 14:00:00,1.494,1.494,1.475,1.487,84064.1373664
2026-01-25 15:00:00,1.486,1.493,1.484,1.49,81533.58548498
2026-01-25 16:00:00,1.49,1.49,1.449,1.464,397054.07777541
2026-01-25 17:00:00,1.463,1.468,1.452,1.461,51162.39055513
2026-01-25 18:00:00,1.461,1.462,1.437,1.448,231776.7634024
2026-01-25 19:00:00,1.448,1.451,1.411,1.419,194851.67393065
2026-01-25 20:00:00,1.42,1.429,1.409,1.425,127314.25131367
2026-01-25 21:00:00,1.425,1.437,1.425,1.431,101479.78462618
2026-01-25 22:00:00,1.432,1.432,1.417,1.422,61348.14028758
2026-01-25 23:00:00,1.422,1.44,1.416,1.437,54898.53945006
2026-01-26 00:00:00,1.437,1.447,1.432,1.447,48902.77312553
2026-01-26 01:00:00,1.447,1.47,1.446,1.467,78580.23930984
2026-01-26 02:00:00,1.466,1.466,1.455,1.456,44386.53948885
2026-01-26 03:00:00,1.457,1.462,1.445,1.447,41235.07959807
2026-01-26 04:00:00,1.448,1.466,1.448,1.456,27738.25640064
2026-01-26 05:00:00,1.457,1.462,1.456,1.46,14374.43494482
2026-01-26 06:00:00,1.46,1.472,1.457,1.472,65167.67804001
2026-01-26 07:00:00,1.472,1.476,1.467,1.469,80464.5037398
2026-01-26 08:00:00,1.47,1.479,1.465,1.465,69203.6842564
2026-01-26 09:00:00,1.466,1.467,1.451,1.452,64250.42636742
2026-01-26 10:00:00,1.453,1.461,1.453,1.457,21938.45137897
2026-01-26 11:00:00,1.457,1.459,1.453,1.453,8192.44077134
2026-01-26 12:00:00,1.454,1.458,1.448,1.454,61313.39135133
2026-01-26 13:00:00,1.455,1.465,1.455,1.463,40076.36609034
2026-01-26 14:00:00,1.463,1.475,1.45,1.471,131128.59163441
2026-01-26 15:00:00,1.47,1.489,1.457,1.464,101977.83468352
2026-01-26 16:00:00,1.465,1.473,1.458,1.46,50014.23992909
2026-01-26 17:00:00,1.46,1.463,1.44,1.459,75552.27157357
2026-01-26 18:00:00,1.458,1.474,1.455,1.468,62568.2624678
2026-01-26 19:00:00,1.47,1.473,1.459,1.461,16582.3738924
2026-01-26 20:00:00,1.461,1.462,1.451,1.454,17631.84367105
2026-01-26 21:00:00,1.453,1.48,1.451,1.471,44778.51387838
2026-01-26 22:00:00,1.472,1.474,1.465,1.468,61527.4425857
2026-01-26 23:00:00,1.467,1.472,1.462,1.463,14760.0530952
2026-01-27 00:00:00,1.463,1.47,1.461,1.47,15704.42422386
2026-01-27 01:00:00,1.469,1.477,1.461,1.474,18922.84003026
2026-01-27 02:00:00,1.474,1.478,1.469,1.477,23913.95749474
2026-01-27 03:00:00,1.477,1.478,1.472,1.472,41343.67533093
2026-01-27 04:00:00,1.473,1.482,1.473,1.477,19129.36630159
2026-01-27 05:00:00,1.476,1.477,1.472,1.477,12316.77449834
2026-01-27 06:00:00,1.477,1.478,1.469,1.469,20812.27870454
2026-01-27 07:00:00,1.469,1.478,1.469,1.471,31985.37789814
2026-01-27 08:00:00,1.471,1.475,1.467,1.468,50841.56341717
2026-01-27 09:00:00,1.466,1.466,1.458,1.458,61553.06486599
2026-01-27 10:00:00,1.458,1.461,1.456,1.456,41454.48461251
2026-01-27 11:00:00,1.455,1.462,1.454,1.458,63841.5283978
2026-01-27 12:00:00,1.457,1.458,1.45,1.454,39432.04635644
2026-01-27 13:00:00,1.454,1.455,1.448,1.452,20899.78217959
2026-01-27 14:00:00,1.452,1.467,1.451,1.455,144125.7886128
2026-01-27 15:00:00,1.455,1.47,1.452,1.469,61372.32484378
2026-01-27 16:00:00,1.469,1.504,1.469,1.493,153690.3362647
2026-01-27 17:00:00,1.492,1.492,1.452,1.456,56061.52508453
2026-01-27 18:00:00,1.455,1.482,1.453,1.476,93554.39528037
2026-01-27 19:00:00,1.476,1.484,1.471,1.481,25557.93692403
2026-01-27 20:00:00,1.481,1.506,1.481,1.501,63631.05720674
2026-01-27 21:00:00,1.501,1.502,1.482,1.486,62359.43843317
2026-01-27 22:00:00,1.487,1.495,1.487,1.49,52625.8692849
2026-01-27 23:00:00,1.491,1.496,1.487,1.49,17727.31823525
2026-01-28 00:00:00,1.491,1.497,1.483,1.495,95566.30477281
2026-01-28 01:00:00,1.495,1.495,1.48,1.486,42417.78117861
2026-01-28 02:00:00,1.485,1.486,1.479,1.482,35080.84440265
2026-01-28 03:00:00,1.483,1.485,1.476,1.476,18683.37084778
2026-01-28 04:00:00,1.476,1.478,1.47,1.477,36640.98497131
2026-01-28 05:00:00,1.477,1.484,1.475,1.483,20439.90381231
2026-01-28 06:00:00,1.484,1.489,1.479,1.485,21900.29734459
2026-01-28 07:00:00,1.485,1.487,1.477,1.479,18956.03967697
2026-01-28 08:00:00,1.479,1.48,1.465,1.467,33361.66774676
2026-01-28 09:00:00,1.468,1.482,1.465,1.482,19834.53098061
2026-01-28 10:00:00,1.483,1.487,1.476,1.477,37717.39961966
2026-01-28 11:00:00,1.477,1.497,1.476,1.496,66450.93031675
2026-01-28 12:00:00,1.496,1.497,1.476,1.48,53306.73515706
2026-01-28 13:00:00,1.481,1.49,1.481,1.484,55404.41573059
2026-01-28 14:00:00,1.483,1.484,1.472,1.474,27845.56767948
2026-01-28 15:00:00,1.475,1.481,1.461,1.467,82721.31328454
2026-01-28 16:00:00,1.468,1.474,1.459,1.469,77349.55725911
2026-01-28 17:00:00,1.47,1.487,1.461,1.479,72388.26341523
2026-01-28 18:00:00,1.479,1.479,1.466,1.47,34536.44008483
2026-01-28 19:00:00,1.471,1.481,1.465,1.478,50520.57450554
2026-01-28 20:00:00,1.477,1.491,1.471,1.474,41552.26754131
2026-01-28 21:00:00,1.475,1.493,1.464,1.488,99245.18086358
2026-01-28 22:00:00,1.489,1.502,1.48,1.497,166837.37849863
2026-01-28 23:00:00,1.497,1.501,1.487,1.489,50838.64627539
2026-01-29 00:00:00,1.49,1.496,1.473,1.479,36794.6562966
2026-01-29 01:00:00,1.479,1.482,1.466,1.47,31895.87890875
2026-01-29 02:00:00,1.469,1.473,1.443,1.45,124229.75552309
2026-01-29 03:00:00,1.449,1.462,1.446,1.449,60875.44779092
2026-01-29 04:00:00,1.448,1.449,1.437,1.448,40004.70612847
2026-01-29 05:00:00,1.446,1.45,1.442,1.443,15417.89693362
2026-01-29 06:00:00,1.443,1.453,1.443,1.453,71349.38397521
2026-01-29 07:00:00,1.453,1.455,1.441,1.441,139631.69770326
2026-01-29 08:00:00,1.44,1.443,1.429,1.433,178333.74379799
2026-01-29 09:00:00,1.433,1.436,1.43,1.431,28845.85479368
2026-01-29 10:00:00,1.431,1.431,1.426,1.428,55993.46533919
2026-01-29 11:00:00,1.427,1.427,1.419,1.419,72980.85035775
2026-01-29 12:00:00,1.419,1.423,1.413,1.419,36874.56362322
2026-01-29 13:00:00,1.421,1.428,1.421,1.426,25259.19854247
2026-01-29 14:00:00,1.427,1.43,1.395,1.397,105013.06721897
2026-01-29 15:00:00,1.396,1.396,1.354,1.375,367570.59071903
2026-01-29 16:00:00,1.375,1.391,1.362,1.391,116869.67411997
2026-01-29 17:00:00,1.391,1.405,1.366,1.367,95786.43756519
2026-01-29 18:00:00,1.367,1.372,1.344,1.347,284816.09546051
2026-01-29 19:00:00,1.345,1.369,1.342,1.362,105575.97148893
2026-01-29 20:00:00,1.36,1.378,1.359,1.377,62857.02796789
2026-01-29 21:00:00,1.377,1.385,1.376,1.381,89043.42814389
2026-01-29 22:00:00,1.38,1.385,1.374,1.378,57906.76604345
2026-01-29 23:00:00,1.377,1.378,1.369,1.376,28898.46738723
2026-01-30 00:00:00,1.376,1.382,1.367,1.372,52892.45044471
2026-01-30 01:00:00,1.372,1.379,1.313,1.356,869799.17003341
2026-01-30 02:00:00,1.355,1.355,1.318,1.331,368161.08425081
2026-01-30 03:00:00,1.332,1.34,1.327,1.329,112836.84624495
2026-01-30 04:00:00,1.329,1.346,1.329,1.336,65396.82761564
2026-01-30 05:00:00,1.337,1.339,1.326,1.331,72359.60484679
2026-01-30 06:00:00,1.33,1.331,1.298,1.308,141906.1376803
2026-01-30 07:00:00,1.308,1.337,1.308,1.336,123193.5071097
2026-01-30 08:00:00,1.333,1.336,1.319,1.323,59321.583039
2026-01-30 09:00:00,1.323,1.327,1.315,1.322,46089.8090014
2026-01-30 10:00:00,1.322,1.329,1.32,1.328,22535.9954495
2026-01-30 11:00:00,1.328,1.349,1.326,1.343,52779.39514536
2026-01-30 12:00:00,1.344,1.346,1.319,1.323,37650.80183528
2026-01-30 13:00:00,1.322,1.33,1.312,1.319,140415.25801025
2026-01-30 14:00:00,1.321,1.337,1.317,1.321,99535.31107048
2026-01-30 15:00:00,1.322,1.33,1.301,1.323,113087.23737802
2026-01-30 16:00:00,1.322,1.342,1.318,1.321,175124.29436579
2026-01-30 17:00:00,1.321,1.329,1.311,1.317,79134.54619817
2026-01-30 18:00:00,1.318,1.349,1.288,1.343,188147.23838243
2026-01-30 19:00:00,1.344,1.351,1.335,1.339,79584.22781059
2026-01-30 20:00:00,1.338,1.338,1.314,1.32,187400.14563417
2026-01-30 21:00:00,1.321,1.33,1.316,1.327,89286.99922975
2026-01-30 22:00:00,1.327,1.329,1.318,1.326,49926.49879465
2026-01-30 23:00:00,1.326,1.326,1.314,1.322,44032.68100776
2026-01-31 00:00:00,1.322,1.325,1.318,1.32,73558.8381707
2026-01-31 01:00:00,1.321,1.327,1.318,1.322,55837.05097674
2026-01-31 02:00:00,1.323,1.328,1.315,1.326,40464.63460528
2026-01-31 03:00:00,1.326,1.328,1.323,1.325,46010.99835659
2026-01-31 04:00:00,1.325,1.329,1.32,1.322,15604.11228326
2026-01-31 05:00:00,1.321,1.326,1.318,1.325,24070.73894281
2026-01-31 06:00:00,1.325,1.326,1.309,1.315,38724.86723008
2026-01-31 07:00:00,1.314,1.314,1.297,1.305,21511.36022707
2026-01-31 08:00:00,1.306,1.307,1.278,1.293,182739.17162399
2026-01-31 09:00:00,1.294,1.3,1.29,1.29,33957.10349177
2026-01-31 10:00:00,1.29,1.297,1.285,1.294,23072.94730548
2026-01-31 11:00:00,1.293,1.293,1.277,1.281,69085.29413982
2026-01-31 12:00:00,1.281,1.283,1.275,1.279,78034.02522369
2026-01-31 13:00:00,1.281,1.282,1.269,1.27,66508.32959381
2026-01-31 14:00:00,1.271,1.274,1.21,1.231,578695.91249697
2026-01-31 15:00:00,1.231,1.254,1.23,1.236,122276.86451009
2026-01-31 16:00:00,1.236,1.258,1.223,1.227,248569.9985688
2026-01-31 17:00:00,1.226,1.229,1.143,1.174,1922948.63153061
2026-01-31 18:00:00,1.175,1.18,1.09,1.16,995326.66970399
2026-01-31 19:00:00,1.159,1.191,1.158,1.174,144134.83520762
2026-01-31 20:00:00,1.173,1.184,1.16,1.172,75652.69110445
2026-01-31 21:00:00,1.173,1.191,1.163,1.184,107066.17426155
2026-01-31 22:00:00,1.185,1.185,1.171,1.18,77254.35511077
2026-01-31 23:00:00,1.181,1.213,1.181,1.206,67789.7455739
2026-02-01 00:00:00,1.206,1.218,1.205,1.211,87535.99677461
2026-02-01 01:00:00,1.212,1.212,1.195,1.207,77828.54740593
2026-02-01 02:00:00,1.208,1.212,1.2,1.206,102817.85313097
2026-02-01 03:00:00,1.206,1.208,1.201,1.207,63819.06728282
2026-02-01 04:00:00,1.208,1.212,1.207,1.211,27491.95046802
2026-02-01 05:00:00,1.212,1.212,1.2,1.201,65912.58639181
2026-02-01 06:00:00,1.201,1.206,1.194,1.196,70573.77678124
2026-02-01 07:00:00,1.196,1.208,1.189,1.2,66428.76714119
2026-02-01 08:00:00,1.201,1.209,1.198,1.202,152923.88954978
2026-02-01 09:00:00,1.202,1.209,1.192,1.207,105984.36844948
2026-02-01 10:00:00,1.207,1.213,1.185,1.19,195804.1222844
2026-02-01 11:00:00,1.19,1.205,1.188,1.201,76709.1179473
2026-02-01 12:00:00,1.201,1.202,1.19,1.197,89715.06905483
2026-02-01 13:00:00,1.198,1.21,1.193,1.198,88501.73568944
2026-02-01 14:00:00,1.198,1.206,1.178,1.196,120307.09166724
2026-02-01 15:00:00,1.195,1.195,1.152,1.171,201893.91261328
2026-02-01 16:00:00,1.17,1.182,1.159,1.17,170108.29269092
2026-02-01 17:00:00,1.17,1.174,1.157,1.168,128063.16451887
2026-02-01 18:00:00,1.169,1.194,1.169,1.182,113286.66989704
2026-02-01 19:00:00,1.182,1.186,1.163,1.169,108344.97586867
2026-02-01 20:00:00,1.167,1.184,1.157,1.171,69896.99208792
2026-02-01 21:00:00,1.171,1.172,1.159,1.163,69504.20355051
2026-02-01 22:00:00,1.163,1.186,1.161,1.179,137410.47286609
2026-02-01 23:00:00,1.178,1.193,1.144,1.173,188405.21078426
2026-02-02 00:00:00,1.174,1.203,1.163,1.194,104705.74896955
2026-02-02 01:00:00,1.194,1.206,1.178,1.195,76562.24376914
2026-02-02 02:00:00,1.195,1.2,1.183,1.183,55632.04460591
2026-02-02 03:00:00,1.184,1.184,1.137,1.18,363427.401153
2026-02-02 04:00:00,1.181,1.193,1.161,1.174,152953.8354205
2026-02-02 05:00:00,1.173,1.175,1.144,1.157,160710.53430741
2026-02-02 06:00:00,1.154,1.187,1.137,1.171,377144.43451088
2026-02-02 07:00:00,1.171,1.181,1.16,1.16,156322.50326935
2026-02-02 08:00:00,1.16,1.175,1.16,1.17,106807.76099413
2026-02-02 09:00:00,1.17,1.189,1.163,1.183,176430.35741066
2026-02-02 10:00:00,1.184,1.187,1.18,1.184,55721.84647434
2026-02-02 11:00:00,1.184,1.19,1.181,1.182,107556.95274449
2026-02-02 12:00:00,1.182,1.198,1.182,1.195,139097.67507509
2026-02-02 13:00:00,1.195,1.205,1.192,1.203,69627.51760705
2026-02-02 14:00:00,1.202,1.224,1.193,1.214,269143.73542836
2026-02-02 15:00:00,1.215,1.238,1.209,1.228,267380.38061182
2026-02-02 16:00:00,1.228,1.236,1.224,1.227,287134.37114684
2026-02-02 17:00:00,1.227,1.236,1.218,1.221,265960.0340538
2026-02-02 18:00:00,1.222,1.227,1.217,1.224,86907.91806696
2026-02-02 19:00:00,1.224,1.225,1.212,1.212,89824.24851572
2026-02-02 20:00:00,1.212,1.216,1.2,1.205,83849.88259549
2026-02-02 21:00:00,1.205,1.213,1.205,1.207,53098.85805073
2026-02-02 22:00:00,1.207,1.213,1.206,1.211,105232.42410027
2026-02-02 23:00:00,1.212,1.212,1.198,1.2,70091.81747769
2026-02-03 00:00:00,1.201,1.206,1.197,1.203,60399.07265766
2026-02-03 01:00:00,1.204,1.204,1.189,1.194,86615.37004432
2026-02-03 02:00:00,1.195,1.196,1.175,1.175,154990.12900634
2026-02-03 03:00:00,1.176,1.199,1.173,1.198,104607.2533416
2026-02-03 04:00:00,1.197,1.205,1.193,1.202,46773.66469817
2026-02-03 05:00:00,1.202,1.202,1.19,1.19,53529.1382542
2026-02-03 06:00:00,1.191,1.199,1.183,1.197,73592.68815663
2026-02-03 07:00:00,1.197,1.205,1.194,1.2,78006.62227173
2026-02-03 08:00:00,1.2,1.212,1.197,1.199,84723.44387351
2026-02-03 09:00:00,1.199,1.203,1.182,1.192,120246.4246
2026-02-03 10:00:00,1.192,1.197,1.189,1.193,66918.68412285
2026-02-03 11:00:00,1.193,1.197,1.191,1.193,108368.20115325
2026-02-03 12:00:00,1.193,1.206,1.19,1.204,98827.9087209
2026-02-03 13:00:00,1.204,1.211,1.201,1.208,59940.82283512
2026-02-03 14:00:00,1.208,1.211,1.178,1.178,274918.07215244
2026-02-03 15:00:00,1.179,1.208,1.174,1.205,284281.50972916
2026-02-03 16:00:00,1.206,1.206,1.173,1.175,117541.60775295
2026-02-03 17:00:00,1.175,1.177,1.149,1.149,108055.29711265
2026-02-03 18:00:00,1.15,1.155,1.124,1.127,226972.72156512
2026-02-03 19:00:00,1.126,1.189,1.125,1.18,267993.55824466
2026-02-03 20:00:00,1.18,1.233,1.167,1.216,526612.82242589
2026-02-03 21:00:00,1.217,1.225,1.196,1.197,144830.90878433
2026-02-03 22:00:00,1.198,1.198,1.181,1.184,100215.58720363
2026-02-03 23:00:00,1.183,1.184,1.17,1.176,104571.2267589
2026-02-04 00:00:00,1.176,1.187,1.172,1.183,60295.10510932
2026-02-04 01:00:00,1.184,1.2,1.184,1.19,53170.43167994
2026-02-04 02:00:00,1.189,1.193,1.183,1.189,66508.54566778
2026-02-04 03:00:00,1.189,1.205,1.186,1.201,55635.65746217
2026-02-04 04:00:00,1.2,1.202,1.195,1.195,38781.54750064
2026-02-04 05:00:00,1.196,1.198,1.183,1.187,23020.62391126
2026-02-04 06:00:00,1.186,1.195,1.186,1.192,20604.41912162
2026-02-04 07:00:00,1.191,1.196,1.184,1.192,41337.38239857
2026-02-04 08:00:00,1.193,1.197,1.188,1.194,25926.93410924
2026-02-04 09:00:00,1.195,1.196,1.184,1.188,22739.15543566
2026-02-04 10:00:00,1.189,1.191,1.187,1.19,12044.83461142
2026-02-04 11:00:00,1.189,1.191,1.174,1.185,103144.61469855
2026-02-04 12:00:00,1.185,1.187,1.176,1.181,31674.25503861
2026-02-04 13:00:00,1.18,1.181,1.157,1.161,523267.39825935
2026-02-04 14:00:00,1.16,1.168,1.143,1.145,161991.56892091
2026-02-04 15:00:00,1.145,1.163,1.133,1.149,210788.59408058
2026-02-04 16:00:00,1.148,1.159,1.135,1.147,251788.11399815
2026-02-04 17:00:00,1.145,1.151,1.129,1.144,251954.90187453
2026-02-04 18:00:00,1.144,1.175,1.13,1.159,447852.8749026
2026-02-04 19:00:00,1.16,1.186,1.152,1.182,217553.65178428
2026-02-04 20:00:00,1.182,1.183,1.17,1.173,75029.54061859
2026-02-04 21:00:00,1.173,1.177,1.152,1.161,191357.21911964
2026-02-04 22:00:00,1.162,1.177,1.141,1.15,295468.5100737
2026-02-04 23:00:00,1.15,1.169,1.147,1.159,300957.96590065
2026-02-05 00:00:00,1.16,1.164,1.154,1.156,100084.28117159
2026-02-05 01:00:00,1.156,1.168,1.144,1.155,265664.39661736
2026-02-05 02:00:00,1.154,1.165,1.143,1.144,250444.15015483
2026-02-05 03:00:00,1.145,1.152,1.137,1.141,173029.86349082
2026-02-05 04:00:00,1.141,1.147,1.13,1.134,225148.09378215
2026-02-05 05:00:00,1.134,1.145,1.119,1.134,136885.84848931
2026-02-05 06:00:00,1.135,1.136,1.116,1.12,123373.59501849
2026-02-05 07:00:00,1.119,1.135,1.116,1.118,74319.96405997
2026-02-05 08:00:00,1.119,1.135,1.119,1.128,48938.78173491
2026-02-05 09:00:00,1.129,1.142,1.128,1.129,91882.94473345
2026-02-05 10:00:00,1.129,1.129,1.102,1.109,70972.23903203
2026-02-05 11:00:00,1.108,1.113,1.087,1.107,88047.43899949
2026-02-05 12:00:00,1.108,1.117,1.096,1.114,253956.75666445
2026-02-05 13:00:00,1.114,1.123,1.102,1.105,75338.70030121
2026-02-05 14:00:00,1.105,1.137,1.105,1.115,114738.57182415
2026-02-05 15:00:00,1.115,1.119,1.034,1.06,904215.12674625
2026-02-05 16:00:00,1.061,1.088,1.051,1.067,313645.47660246
2026-02-05 17:00:00,1.067,1.078,1.036,1.044,199409.74418714
2026-02-05 18:00:00,1.046,1.054,1.022,1.039,157911.68085144
2026-02-05 19:00:00,1.039,1.039,1.013,1.016,100638.46793371
2026-02-05 20:00:00,1.017,1.024,0.963,0.981,781891.43079899
2026-02-05 21:00:00,0.981,1.006,0.969,0.988,333749.28064896
2026-02-05 22:00:00,0.988,1.002,0.969,0.984,234520.0598576
2026-02-05 23:00:00,0.983,1.006,0.974,0.976,255271.35813419
2026-02-06 00:00:00,0.977,0.981,0.842,0.949,3981549.49442047
2026-02-06 01:00:00,0.949,0.98,0.945,0.979,520552.72156953
2026-02-06 02:00:00,0.979,0.985,0.95,0.953,296446.70926645
2026-02-06 03:00:00,0.954,0.963,0.948,0.96,150370.77381648
2026-02-06 04:00:00,0.96,0.975,0.954,0.971,56723.45758899
2026-02-06 05:00:00,0.972,1.007,0.971,1.002,247527.50034519
2026-02-06 06:00:00,1.002,1.005,0.979,0.981,205276.97389156
2026-02-06 07:00:00,0.982,0.987,0.972,0.977,117588.5778426
2026-02-06 08:00:00,0.978,0.986,0.969,0.977,211768.88561323
2026-02-06 09:00:00,0.978,1.008,0.974,1.008,196828.49324082
2026-02-06 10:00:00,1.008,1.021,1.005,1.011,126433.30767606
2026-02-06 11:00:00,1.012,1.02,1.008,1.017,83086.69864658
2026-02-06 12:00:00,1.016,1.022,1.01,1.022,114557.43219105
2026-02-06 13:00:00,1.021,1.036,1.019,1.031,207610.55120917
2026-02-06 14:00:00,1.031,1.066,1.022,1.058,402420.8107585
2026-02-06 15:00:00,1.058,1.066,1.049,1.062,88316.81902781
2026-02-06 16:00:00,1.063,1.093,1.058,1.086,212580.56227933
2026-02-06 17:00:00,1.085,1.113,1.082,1.1,113831.19640027
2026-02-06 18:00:00,1.098,1.098,1.072,1.08,81015.69025955
2026-02-06 19:00:00,1.08,1.093,1.074,1.091,99042.45690096
2026-02-06 20:00:00,1.09,1.096,1.077,1.082,118745.44865131
2026-02-06 21:00:00,1.082,1.087,1.075,1.084,26648.70566413
2026-02-06 22:00:00,1.084,1.101,1.083,1.096,111151.6869279
2026-02-06 23:00:00,1.097,1.1,1.081,1.087,38678.33192979
2026-02-07 00:00:00,1.085,1.085,1.072,1.079,56000.12166826
2026-02-07 01:00:00,1.078,1.085,1.071,1.085,80210.72864979
2026-02-07 02:00:00,1.084,1.087,1.078,1.08,44018.14032336
2026-02-07 03:00:00,1.08,1.094,1.08,1.091,67834.42810768
2026-02-07 04:00:00,1.091,1.102,1.088,1.09,31687.64203351
2026-02-07 05:00:00,1.091,1.1,1.09,1.092,82457.5972772
2026-02-07 06:00:00,1.092,1.097,1.07,1.07,116245.10354849
2026-02-07 07:00:00,1.071,1.075,1.046,1.055,247321.54004315
2026-02-07 08:00:00,1.054,1.062,1.05,1.06,73888.58209006
2026-02-07 09:00:00,1.06,1.063,1.051,1.053,21464.43211181
2026-02-07 10:00:00,1.053,1.055,1.042,1.047,91436.07466541
2026-02-07 11:00:00,1.046,1.047,1.04,1.045,90404.59668168
2026-02-07 12:00:00,1.044,1.081,1.043,1.075,93096.24421691
2026-02-07 13:00:00,1.076,1.079,1.061,1.066,55441.86067553
2026-02-07 14:00:00,1.067,1.07,1.055,1.056,63175.25226809
2026-02-07 15:00:00,1.056,1.076,1.055,1.071,46850.44298813
2026-02-07 16:00:00,1.072,1.104,1.069,1.077,947021.08153363
2026-02-07 17:00:00,1.08,1.084,1.074,1.078,98290.41221232
2026-02-07 18:00:00,1.078,1.098,1.078,1.092,72498.95122354
2026-02-07 19:00:00,1.092,1.092,1.082,1.083,74708.85712947
2026-02-07 20:00:00,1.084,1.088,1.081,1.086,40404.51065915
2026-02-07 21:00:00,1.086,1.087,1.076,1.078,23426.37690914
2026-02-07 22:00:00,1.078,1.083,1.074,1.076,33153.72964128
2026-02-07 23:00:00,1.076,1.076,1.069,1.075,18365.90737732
2026-02-08 00:00:00,1.074,1.074,1.067,1.072,52499.70298675
2026-02-08 01:00:00,1.072,1.076,1.067,1.069,24395.10221272
2026-02-08 02:00:00,1.07,1.075,1.065,1.068,13917.05859114
2026-02-08 03:00:00,1.069,1.07,1.062,1.062,11536.59750375
2026-02-08 04:00:00,1.063,1.066,1.059,1.066,38626.4459012
2026-02-08 05:00:00,1.066,1.067,1.059,1.06,29605.403082
2026-02-08 06:00:00,1.061,1.063,1.059,1.059,49410.4739526
2026-02-08 07:00:00,1.06,1.062,1.056,1.062,53178.51355157
2026-02-08 08:00:00,1.061,1.078,1.059,1.077,69997.1888982
2026-02-08 09:00:00,1.077,1.079,1.062,1.064,65852.53371874
2026-02-08 10:00:00,1.063,1.068,1.054,1.057,28911.62900937
2026-02-08 11:00:00,1.057,1.075,1.057,1.073,50273.47434513
2026-02-08 12:00:00,1.074,1.074,1.063,1.069,59842.34149702
2026-02-08 13:00:00,1.068,1.069,1.061,1.064,151378.59350249
2026-02-08 14:00:00,1.064,1.071,1.058,1.068,56819.05438969
2026-02-08 15:00:00,1.068,1.07,1.052,1.056,106254.72157951
2026-02-08 16:00:00,1.056,1.059,1.031,1.034,87806.71992922
2026-02-08 17:00:00,1.034,1.042,1.034,1.041,47275.66508658
2026-02-08 18:00:00,1.042,1.056,1.042,1.05,48106.30257578
2026-02-08 19:00:00,1.049,1.056,1.048,1.054,48177.39404643
2026-02-08 20:00:00,1.054,1.054,1.042,1.042,36625.15723878
2026-02-08 21:00:00,1.042,1.045,1.031,1.036,55016.16891709
2026-02-08 22:00:00,1.036,1.042,1.032,1.041,85456.56077343
2026-02-08 23:00:00,1.042,1.063,1.028,1.038,98856.20479673
2026-02-09 00:00:00,1.038,1.042,1.034,1.039,69764.01738664
2026-02-09 01:00:00,1.04,1.047,1.032,1.036,136716.89532146
2026-02-09 02:00:00,1.036,1.046,1.034,1.039,33224.0250584
2026-02-09 03:00:00,1.04,1.052,1.039,1.048,83364.69331315
2026-02-09 04:00:00,1.047,1.047,1.038,1.04,17367.15042488
2026-02-09 05:00:00,1.04,1.043,1.038,1.042,111323.12434286
2026-02-09 06:00:00,1.041,1.041,1.026,1.031,128430.75476338
2026-02-09 07:00:00,1.031,1.034,1.027,1.028,69045.72891536
2026-02-09 08:00:00,1.028,1.03,1.01,1.014,117647.14208624
2026-02-09 09:00:00,1.013,1.014,1.006,1.007,54744.55741657
2026-02-09 10:00:00,1.007,1.009,0.986,0.99,168300.32008629
2026-02-09 11:00:00,0.989,0.997,0.989,0.991,63172.14104453
2026-02-09 12:00:00,0.991,0.999,0.991,0.998,106865.41802932
2026-02-09 13:00:00,0.999,1.002,0.993,0.993,71330.91374114
2026-02-09 14:00:00,0.993,1.01,0.99,1.004,78036.89821249
2026-02-09 15:00:00,1.005,1.015,0.996,1.009,121025.95130521
2026-02-09 16:00:00,1.01,1.028,1.002,1.018,137395.78352643
2026-02-09 17:00:00,1.019,1.042,1.015,1.037,153379.24652793
2026-02-09 18:00:00,1.037,1.04,1.025,1.032,134330.15472913
2026-02-09 19:00:00,1.032,1.042,1.029,1.041,44627.90613356
2026-02-09 20:00:00,1.041,1.045,1.034,1.041,41613.16488991
2026-02-09 21:00:00,1.042,1.042,1.024,1.035,37393.85561144
2026-02-09 22:00:00,1.034,1.042,1.034,1.037,92569.51228115
2026-02-09 23:00:00,1.038,1.039,1.029,1.03,53086.62258181
2026-02-10 00:00:00,1.031,1.032,1.026,1.029,27512.94891897
2026-02-10 01:00:00,1.028,1.037,1.028,1.035,20289.43738447
2026-02-10 02:00:00,1.036,1.036,1.026,1.028,34666.40464578
2026-02-10 03:00:00,1.029,1.029,1.004,1.013,147396.09096943
2026-02-10 04:00:00,1.013,1.016,1.009,1.013,60494.07477545
2026-02-10 05:00:00,1.013,1.013,0.999,1.001,56038.43981599
2026-02-10 06:00:00,1.0,1.002,0.984,0.99,238441.4645627
2026-02-10 07:00:00,0.99,1.001,0.99,0.997,76335.06351503
2026-02-10 08:00:00,0.998,1.006,0.996,1.004,48075.60895415
2026-02-10 09:00:00,1.004,1.009,0.997,0.999,63540.0519215
2026-02-10 10:00:00,0.999,1.002,0.996,0.998,45255.57029529
2026-02-10 11:00:00,0.998,1.002,0.994,0.995,55968.96556176
2026-02-10 12:00:00,0.996,0.999,0.988,0.988,82559.60902951
2026-02-10 13:00:00,0.987,0.992,0.982,0.991,183033.34187329
2026-02-10 14:00:00,0.991,0.998,0.983,0.988,109502.42458539
2026-02-10 15:00:00,0.988,1.002,0.985,0.998,143217.62336504
2026-02-10 16:00:00,0.997,1.007,0.992,1.002,64643.43740889
2026-02-10 17:00:00,1.002,1.006,0.997,1.001,74350.78844725
2026-02-10 18:00:00,1.002,1.004,0.982,0.986,76261.26382489
2026-02-10 19:00:00,0.986,0.992,0.982,0.988,47750.96284182
2026-02-10 20:00:00,0.987,0.994,0.984,0.991,57712.81757446
2026-02-10 21:00:00,0.991,0.995,0.986,0.991,41095.74128282
2026-02-10 22:00:00,0.992,0.994,0.988,0.989,45809.72104698
2026-02-10 23:00:00,0.989,0.994,0.987,0.992,37631.80717174
2026-02-11 00:00:00,0.994,0.998,0.992,0.996,42528.73107714
2026-02-11 01:00:00,0.996,1.001,0.995,0.999,57594.31387793
2026-02-11 02:00:00,1.0,1.004,0.994,0.995,49897.56432374
2026-02-11 03:00:00,0.996,0.998,0.985,0.991,57116.16111235
2026-02-11 04:00:00,0.99,0.992,0.977,0.979,134145.02613226
2026-02-11 05:00:00,0.98,0.984,0.97,0.97,85719.6144041
2026-02-11 06:00:00,0.971,0.973,0.958,0.96,194603.88302555
2026-02-11 07:00:00,0.96,0.962,0.954,0.955,129950.30661277
2026-02-11 08:00:00,0.955,0.958,0.953,0.957,99848.79616662
2026-02-11 09:00:00,0.957,0.96,0.949,0.95,74204.70997099
2026-02-11 10:00:00,0.95,0.951,0.944,0.947,59522.74311774
2026-02-11 11:00:00,0.948,0.96,0.948,0.96,80579.62481704
2026-02-11 12:00:00,0.96,0.963,0.957,0.957,68844.6592968
2026-02-11 13:00:00,0.957,0.972,0.955,0.972,128469.9708033
2026-02-11 14:00:00,0.972,0.999,0.955,0.955,206827.84624951
2026-02-11 15:00:00,0.956,0.961,0.939,0.948,126989.16789022
2026-02-11 16:00:00,0.947,0.964,0.945,0.948,82275.04413728
2026-02-11 17:00:00,0.947,0.967,0.945,0.962,75955.61827991
2026-02-11 18:00:00,0.962,0.976,0.953,0.971,81394.94968602
2026-02-11 19:00:00,0.972,0.976,0.964,0.967,77026.41512501
2026-02-11 20:00:00,0.967,0.973,0.959,0.971,61671.92407349
2026-02-11 21:00:00,0.97,0.986,0.969,0.981,97084.85419575
2026-02-11 22:00:00,0.981,0.985,0.969,0.97,101209.72227009
2026-02-11 23:00:00,0.971,0.971,0.955,0.962,143868.01420476
2026-02-12 00:00:00,0.963,0.975,0.962,0.967,173176.74169634
2026-02-12 01:00:00,0.968,0.979,0.967,0.971,83375.35789588
2026-02-12 02:00:00,0.971,0.979,0.969,0.974,73336.00240286
2026-02-12 03:00:00,0.975,0.979,0.974,0.976,55380.06617872
2026-02-12 04:00:00,0.976,0.977,0.971,0.973,67793.46572802
2026-02-12 05:00:00,0.974,0.978,0.963,0.976,207698.12342953
2026-02-12 06:00:00,0.977,0.987,0.975,0.982,56382.52364835
2026-02-12 07:00:00,0.983,0.989,0.979,0.989,49727.12929818
2026-02-12 08:00:00,0.989,0.992,0.982,0.986,62447.84794677
2026-02-12 09:00:00,0.985,0.997,0.98,0.996,191076.63252676
2026-02-12 10:00:00,0.997,1.01,0.994,1.01,186368.00250637
2026-02-12 11:00:00,1.009,1.011,0.992,0.993,82391.38534386
2026-02-12 12:00:00,0.993,0.993,0.963,0.964,171207.42603437
2026-02-12 13:00:00,0.964,0.966,0.955,0.963,206941.50867149
2026-02-12 14:00:00,0.963,0.969,0.953,0.964,135132.42125397
2026-02-12 15:00:00,0.965,0.972,0.955,0.956,120872.60379636
2026-02-12 16:00:00,0.956,0.957,0.935,0.94,213850.81332289
2026-02-12 17:00:00,0.94,0.955,0.937,0.945,139904.1531624
2026-02-12 18:00:00,0.946,0.953,0.945,0.951,81972.31460892
2026-02-12 19:00:00,0.951,0.966,0.947,0.954,52524.80982774
2026-02-12 20:00:00,0.954,0.956,0.942,0.943,43624.29392749
2026-02-12 21:00:00,0.943,0.948,0.94,0.947,30980.70343881
2026-02-12 22:00:00,0.946,0.959,0.943,0.959,110559.44722068
2026-02-12 23:00:00,0.959,0.964,0.958,0.963,58916.83431737
2026-02-13 00:00:00,0.963,0.967,0.956,0.961,53175.9820375
2026-02-13 01:00:00,0.96,0.968,0.959,0.963,48106.61575959
2026-02-13 02:00:00,0.964,0.965,0.96,0.964,18049.44025284
2026-02-13 03:00:00,0.963,0.967,0.958,0.963,31589.85917318
2026-02-13 04:00:00,0.962,0.966,0.958,0.965,49311.08657452
2026-02-13 05:00:00,0.966,0.973,0.963,0.969,61245.17117806
2026-02-13 06:00:00,0.969,0.988,0.967,0.986,104855.60415646
2026-02-13 07:00:00,0.986,0.989,0.976,0.98,114640.58542223
2026-02-13 08:00:00,0.98,0.991,0.977,0.99,77088.05143406
2026-02-13 09:00:00,0.99,0.99,0.981,0.983,42858.20825465
2026-02-13 10:00:00,0.983,0.99,0.982,0.985,88378.87836251
2026-02-13 11:00:00,0.984,0.985,0.979,0.981,39407.94263479
2026-02-13 12:00:00,0.98,0.981,0.973,0.975,57561.42289537
2026-02-13 13:00:00,0.976,0.989,0.974,0.984,114675.18104093
2026-02-13 14:00:00,0.984,1.008,0.982,0.999,287074.10902821
2026-02-13 15:00:00,1.0,1.027,0.995,1.01,186216.01532536
2026-02-13 16:00:00,1.01,1.029,1.008,1.025,129136.58452583
2026-02-13 17:00:00,1.025,1.026,1.018,1.018,67628.69125071
2026-02-13 18:00:00,1.017,1.022,1.013,1.019,57274.11447878
2026-02-13 19:00:00,1.019,1.025,1.018,1.023,61733.05998109
2026-02-13 20:00:00,1.022,1.024,1.019,1.023,42634.71623325
2026-02-13 21:00:00,1.023,1.031,1.023,1.027,38667.56370933
2026-02-13 22:00:00,1.028,1.03,1.022,1.024,57341.30960822
2026-02-13 23:00:00,1.025,1.025,1.021,1.024,16886.56916385
2026-02-14 00:00:00,1.025,1.028,1.02,1.024,133789.59058841
2026-02-14 01:00:00,1.023,1.029,1.022,1.028,38810.81275472
2026-02-14 02:00:00,1.028,1.03,1.025,1.027,39532.10030946
2026-02-14 03:00:00,1.027,1.03,1.025,1.028,27799.13485187
2026-02-14 04:00:00,1.028,1.028,1.024,1.024,18290.48201238
2026-02-14 05:00:00,1.023,1.032,1.022,1.025,88751.86195933
2026-02-14 06:00:00,1.024,1.026,1.016,1.025,246671.30223452
2026-02-14 07:00:00,1.026,1.033,1.025,1.03,141163.53058969
2026-02-14 08:00:00,1.031,1.042,1.031,1.041,91716.1987425
2026-02-14 09:00:00,1.041,1.045,1.039,1.044,61209.54697562
2026-02-14 10:00:00,1.043,1.043,1.038,1.041,42423.6031763
2026-02-14 11:00:00,1.041,1.055,1.041,1.053,75289.54335627
2026-02-14 12:00:00,1.053,1.064,1.051,1.052,115926.12353719
2026-02-14 13:00:00,1.051,1.052,1.045,1.049,110349.73489944
2026-02-14 14:00:00,1.049,1.063,1.048,1.062,77386.89628941
2026-02-14 15:00:00,1.061,1.069,1.059,1.069,83199.50851069
2026-02-14 16:00:00,1.069,1.077,1.059,1.074,128878.28781694
2026-02-14 17:00:00,1.074,1.085,1.069,1.072,186598.78512029
2026-02-14 18:00:00,1.073,1.085,1.073,1.081,193998.23471507
2026-02-14 19:00:00,1.081,1.094,1.078,1.092,105317.71412588
2026-02-14 20:00:00,1.091,1.097,1.083,1.087,62814.53080585
2026-02-14 21:00:00,1.088,1.102,1.084,1.09,93670.68732556
2026-02-14 22:00:00,1.089,1.097,1.089,1.092,85540.24628126
2026-02-14 23:00:00,1.092,1.093,1.081,1.085,88149.25786517
2026-02-15 00:00:00,1.085,1.085,1.073,1.078,93680.04038703
2026-02-15 01:00:00,1.078,1.084,1.071,1.077,60929.06794658
2026-02-15 02:00:00,1.077,1.08,1.064,1.071,73502.31270536
2026-02-15 03:00:00,1.071,1.073,1.058,1.073,88917.56741138
2026-02-15 04:00:00,1.073,1.088,1.073,1.075,118893.10679655
2026-02-15 05:00:00,1.076,1.084,1.073,1.08,38675.4313448
2026-02-15 06:00:00,1.08,1.083,1.075,1.078,22909.6807756
2026-02-15 07:00:00,1.079,1.09,1.078,1.088,33047.44482061
2026-02-15 08:00:00,1.088,1.089,1.067,1.073,92664.26051226
2026-02-15 09:00:00,1.072,1.081,1.071,1.079,36663.34653384
2026-02-15 10:00:00,1.078,1.081,1.071,1.08,39449.73954555
2026-02-15 11:00:00,1.08,1.084,1.08,1.083,24725.8396451
2026-02-15 12:00:00,1.083,1.084,1.052,1.052,99319.17403561
2026-02-15 13:00:00,1.053,1.066,1.046,1.051,113362.82886217
2026-02-15 14:00:00,1.051,1.06,1.05,1.059,51597.43886865
2026-02-15 15:00:00,1.059,1.062,1.053,1.058,54123.64416492
2026-02-15 16:00:00,1.058,1.059,1.05,1.055,46133.66540466
2026-02-15 17:00:00,1.055,1.056,1.033,1.044,79746.99761098
2026-02-15 18:00:00,1.042,1.047,1.036,1.039,77625.43024373
2026-02-15 19:00:00,1.039,1.046,1.032,1.041,51341.86536836
2026-02-15 20:00:00,1.04,1.047,1.035,1.044,98146.64829533
2026-02-15 21:00:00,1.044,1.052,1.044,1.047,113031.98040742
2026-02-15 22:00:00,1.046,1.054,1.046,1.052,37068.51783975
2026-02-15 23:00:00,1.052,1.056,1.041,1.055,85575.1184497
2026-02-16 00:00:00,1.057,1.064,1.052,1.055,60533.82537353
2026-02-16 01:00:00,1.056,1.063,1.05,1.052,61423.11723538
2026-02-16 02:00:00,1.052,1.055,1.046,1.046,68489.69587137
2026-02-16 03:00:00,1.047,1.05,1.044,1.05,31601.39754575
2026-02-16 04:00:00,1.051,1.056,1.051,1.056,16450.9062552
2026-02-16 05:00:00,1.057,1.059,1.04,1.042,24486.45606136
2026-02-16 06:00:00,1.042,1.053,1.041,1.051,30671.77734033
2026-02-16 07:00:00,1.05,1.051,1.043,1.044,61589.82637017
2026-02-16 08:00:00,1.044,1.049,1.044,1.048,80759.30303969
2026-02-16 09:00:00,1.048,1.055,1.048,1.051,89302.93124675
2026-02-16 10:00:00,1.051,1.052,1.046,1.046,34473.03578292
2026-02-16 11:00:00,1.046,1.048,1.031,1.048,88230.06930696
2026-02-16 12:00:00,1.048,1.07,1.045,1.07,103922.89380233
2026-02-16 13:00:00,1.07,1.075,1.041,1.044,85583.92234555
2026-02-16 14:00:00,1.043,1.053,1.038,1.049,31960.40617154
2026-02-16 15:00:00,1.049,1.055,1.026,1.032,101975.67003485
2026-02-16 16:00:00,1.031,1.046,1.031,1.044,71700.75311428
2026-02-16 17:00:00,1.043,1.049,1.039,1.046,54415.06640469
2026-02-16 18:00:00,1.046,1.052,1.046,1.048,32356.450175
2026-02-16 19:00:00,1.049,1.059,1.046,1.054,15665.45553081
2026-02-16 20:00:00,1.054,1.065,1.051,1.064,56424.24758863
2026-02-16 21:00:00,1.063,1.066,1.055,1.066,103640.90633421
2026-02-16 22:00:00,1.064,1.065,1.055,1.057,100794.22926316
2026-02-16 23:00:00,1.056,1.059,1.056,1.058,25843.66203075
2026-02-17 00:00:00,1.058,1.059,1.052,1.053,23571.16937032
2026-02-17 01:00:00,1.053,1.057,1.049,1.05,45175.45613211
2026-02-17 02:00:00,1.051,1.062,1.045,1.06,48571.60026195
2026-02-17 03:00:00,1.06,1.06,1.054,1.055,17965.42058025
2026-02-17 04:00:00,1.055,1.061,1.053,1.053,15008.39445933
2026-02-17 05:00:00,1.054,1.054,1.041,1.049,49344.10349052
2026-02-17 06:00:00,1.049,1.054,1.049,1.054,39414.94186585
2026-02-17 07:00:00,1.053,1.055,1.05,1.053,68285.65418462
2026-02-17 08:00:00,1.054,1.058,1.051,1.052,65817.06731655
2026-02-17 09:00:00,1.052,1.054,1.049,1.053,31423.02999528
2026-02-17 10:00:00,1.053,1.054,1.045,1.051,38426.2315108
2026-02-17 11:00:00,1.051,1.057,1.05,1.056,43133.68958181
2026-02-17 12:00:00,1.056,1.067,1.054,1.057,72075.29208868
2026-02-17 13:00:00,1.057,1.067,1.055,1.06,61367.15180427
2026-02-17 14:00:00,1.06,1.062,1.032,1.038,251492.5110775
2026-02-17 15:00:00,1.038,1.046,1.03,1.038,70538.72497382
2026-02-17 16:00:00,1.04,1.054,1.038,1.045,53628.31833122
2026-02-17 17:00:00,1.044,1.046,1.029,1.034,58547.36663698
2026-02-17 18:00:00,1.034,1.058,1.033,1.055,53177.24852629
2026-02-17 19:00:00,1.055,1.056,1.045,1.046,38304.86191653
2026-02-17 20:00:00,1.046,1.047,1.037,1.044,59251.46998841
2026-02-17 21:00:00,1.043,1.048,1.042,1.046,19349.09817019
2026-02-17 22:00:00,1.045,1.047,1.042,1.042,108189.58536716
2026-02-17 23:00:00,1.042,1.045,1.041,1.044,14550.34948187
2026-02-18 00:00:00,1.045,1.047,1.04,1.041,15661.21096552
2026-02-18 01:00:00,1.04,1.045,1.038,1.042,19411.99865224
2026-02-18 02:00:00,1.042,1.048,1.042,1.047,38784.92209386
2026-02-18 03:00:00,1.047,1.051,1.045,1.05,32342.56603733
2026-02-18 04:00:00,1.05,1.05,1.046,1.047,16257.4995291
2026-02-18 05:00:00,1.047,1.051,1.045,1.048,36984.41682963
2026-02-18 06:00:00,1.047,1.05,1.046,1.047,19002.68849579
2026-02-18 07:00:00,1.047,1.053,1.042,1.052,28327.90512583
2026-02-18 08:00:00,1.052,1.056,1.049,1.051,96183.04799071
2026-02-18 09:00:00,1.05,1.052,1.049,1.05,27611.58379672
2026-02-18 10:00:00,1.051,1.058,1.05,1.052,58248.01721939
2026-02-18 11:00:00,1.052,1.052,1.036,1.041,42721.32002773
2026-02-18 12:00:00,1.041,1.044,1.036,1.04,16205.60459113
2026-02-18 13:00:00,1.041,1.042,1.029,1.034,29310.28767145
2026-02-18 14:00:00,1.036,1.042,1.03,1.041,72579.57428164
2026-02-18 15:00:00,1.041,1.065,1.041,1.052,129503.46601896
2026-02-18 16:00:00,1.052,1.054,1.037,1.039,108064.44382842
2026-02-18 17:00:00,1.039,1.05,1.036,1.038,194373.77875368
2026-02-18 18:00:00,1.038,1.039,1.022,1.024,172738.59768156
2026-02-18 19:00:00,1.023,1.027,1.011,1.019,122647.11201818
2026-02-18 20:00:00,1.019,1.027,1.016,1.019,79311.22798174
2026-02-18 21:00:00,1.019,1.02,1.012,1.015,111135.64071759
2026-02-18 22:00:00,1.015,1.016,1.005,1.013,139455.36351977
2026-02-18 23:00:00,1.012,1.017,1.005,1.017,110101.68701678
2026-02-19 00:00:00,1.017,1.017,1.002,1.004,224267.49218351
2026-02-19 01:00:00,1.005,1.015,1.005,1.014,143742.06240734
2026-02-19 02:00:00,1.014,1.017,1.01,1.014,31340.42123177
2026-02-19 03:00:00,1.014,1.017,1.012,1.014,105694.41722177
2026-02-19 04:00:00,1.014,1.018,1.011,1.014,58507.04297915
2026-02-19 05:00:00,1.014,1.016,1.008,1.013,62115.3298749
2026-02-19 06:00:00,1.013,1.021,1.013,1.018,26446.35651868
2026-02-19 07:00:00,1.018,1.022,1.016,1.02,57045.6601404
2026-02-19 08:00:00,1.02,1.02,1.002,1.008,78180.46579817
2026-02-19 09:00:00,1.009,1.015,1.006,1.009,53040.29891738
2026-02-19 10:00:00,1.007,1.013,1.004,1.008,42979.77231641
2026-02-19 11:00:00,1.007,1.009,1.004,1.005,37388.28126281
2026-02-19 12:00:00,1.005,1.008,1.004,1.004,64317.28124873
2026-02-19 13:00:00,1.005,1.005,0.99,0.995,124360.10395142
2026-02-19 14:00:00,0.997,1.01,0.992,1.004,114008.00870266
2026-02-19 15:00:00,1.004,1.007,0.99,0.992,76061.8640241
2026-02-19 16:00:00,0.992,0.996,0.982,0.992,126893.15939377
2026-02-19 17:00:00,0.992,1.005,0.985,0.99,107918.18120838
2026-02-19 18:00:00,0.989,1.009,0.988,1.002,84037.70387414
2026-02-19 19:00:00,1.003,1.004,0.995,1.002,69524.05485041
2026-02-19 20:00:00,1.001,1.004,0.996,1.001,65655.38977675
2026-02-19 21:00:00,1.002,1.004,0.999,0.999,28275.70928756
2026-02-19 22:00:00,0.998,1.004,0.997,1.004,62281.6087016
2026-02-19 23:00:00,1.005,1.008,1.003,1.008,29683.80026747
2026-02-20 00:00:00,1.008,1.011,1.005,1.009,55787.1742133
2026-02-20 01:00:00,1.008,1.013,1.005,1.011,92596.51891801
2026-02-20 02:00:00,1.011,1.014,1.009,1.009,18848.48855045
2026-02-20 03:00:00,1.009,1.013,1.006,1.011,46389.04527385
2026-02-20 04:00:00,1.01,1.01,1.002,1.005,45940.17693605
2026-02-20 05:00:00,1.006,1.019,1.003,1.013,58003.41108715
2026-02-20 06:00:00,1.013,1.014,1.01,1.014,32365.90468653
2026-02-20 07:00:00,1.014,1.017,1.012,1.015,35855.64644337
2026-02-20 08:00:00,1.016,1.018,1.011,1.013,117476.40842195
2026-02-20 09:00:00,1.013,1.022,1.013,1.016,131562.84335014
2026-02-20 10:00:00,1.016,1.025,1.016,1.017,161856.13762737
2026-02-20 11:00:00,1.017,1.02,1.009,1.015,177243.14013661
2026-02-20 12:00:00,1.014,1.028,1.011,1.023,118408.5142945
2026-02-20 13:00:00,1.023,1.028,1.003,1.012,113323.09849919
2026-02-20 14:00:00,1.011,1.033,1.011,1.027,124591.37284112
2026-02-20 15:00:00,1.028,1.055,1.028,1.04,340524.11157536
2026-02-20 16:00:00,1.04,1.046,1.032,1.045,163406.36027546
2026-02-20 17:00:00,1.044,1.046,1.019,1.046,245073.48547823
2026-02-20 18:00:00,1.045,1.048,1.033,1.043,179515.54643623
2026-02-20 19:00:00,1.043,1.047,1.037,1.041,87655.46571378
2026-02-20 20:00:00,1.04,1.046,1.038,1.045,80761.82982805
2026-02-20 21:00:00,1.044,1.049,1.043,1.049,72988.56961577
2026-02-20 22:00:00,1.049,1.055,1.046,1.054,127459.44270725
2026-02-20 23:00:00,1.054,1.055,1.047,1.053,51742.49594223
2026-02-21 00:00:00,1.053,1.058,1.043,1.044,79991.34374657
2026-02-21 01:00:00,1.045,1.051,1.043,1.051,59561.90129005
2026-02-21 02:00:00,1.052,1.06,1.049,1.057,51122.18917891
2026-02-21 03:00:00,1.057,1.066,1.052,1.058,82075.00265021
2026-02-21 04:00:00,1.058,1.07,1.056,1.068,58538.19607059
2026-02-21 05:00:00,1.068,1.075,1.068,1.069,64185.29347814
2026-02-21 06:00:00,1.07,1.073,1.064,1.067,69993.63010024
2026-02-21 07:00:00,1.066,1.074,1.066,1.066,52575.13058518
2026-02-21 08:00:00,1.067,1.091,1.067,1.09,242355.94433009
2026-02-21 09:00:00,1.09,1.101,1.086,1.089,138368.30890018
2026-02-21 10:00:00,1.09,1.105,1.09,1.1,111501.53792111
2026-02-21 11:00:00,1.101,1.11,1.086,1.091,144236.36479819
2026-02-21 12:00:00,1.092,1.094,1.079,1.082,100920.05188697
2026-02-21 13:00:00,1.081,1.081,1.072,1.08,46660.727005
2026-02-21 14:00:00,1.079,1.081,1.068,1.068,118067.16678886
2026-02-21 15:00:00,1.068,1.07,1.06,1.061,113817.88877153
2026-02-21 16:00:00,1.06,1.06,1.049,1.052,62407.19931016
2026-02-21 17:00:00,1.051,1.055,1.05,1.053,48501.59210818
2026-02-21 18:00:00,1.054,1.056,1.051,1.056,27282.41355366
2026-02-21 19:00:00,1.056,1.056,1.052,1.054,26665.39933092
2026-02-21 20:00:00,1.055,1.064,1.054,1.055,55816.13229759
2026-02-21 21:00:00,1.055,1.059,1.053,1.059,20401.19239796
2026-02-21 22:00:00,1.059,1.059,1.05,1.051,36117.21214303
2026-02-21 23:00:00,1.052,1.06,1.052,1.059,18457.85966298
2026-02-22 00:00:00,1.058,1.058,1.033,1.041,134198.2683175
2026-02-22 01:00:00,1.042,1.044,1.038,1.039,49037.69487659
2026-02-22 02:00:00,1.038,1.044,1.03,1.031,87730.0664028
2026-02-22 03:00:00,1.031,1.034,1.026,1.032,34411.04839792
2026-02-22 04:00:00,1.031,1.036,1.031,1.032,74340.0291331
2026-02-22 05:00:00,1.032,1.035,1.025,1.028,49618.36216001
2026-02-22 06:00:00,1.029,1.034,1.026,1.032,192870.37517351
2026-02-22 07:00:00,1.032,1.037,1.031,1.032,149443.66256135
2026-02-22 08:00:00,1.032,1.033,1.024,1.025,73718.0631495
2026-02-22 09:00:00,1.025,1.029,1.025,1.029,70903.72323788
2026-02-22 10:00:00,1.029,1.034,1.028,1.031,72795.45906131
2026-02-22 11:00:00,1.032,1.033,1.028,1.029,27252.96095761
2026-02-22 12:00:00,1.029,1.03,1.019,1.021,57601.4727671
2026-02-22 13:00:00,1.021,1.022,1.015,1.016,59894.23150692
2026-02-22 14:00:00,1.017,1.018,1.008,1.01,89457.56616943
2026-02-22 15:00:00,1.01,1.019,1.007,1.016,88662.51339177
2026-02-22 16:00:00,1.015,1.02,1.012,1.02,49143.43053645
2026-02-22 17:00:00,1.02,1.022,1.012,1.015,35998.18696021
2026-02-22 18:00:00,1.015,1.015,1.012,1.014,23187.21203739
2026-02-22 19:00:00,1.013,1.014,1.01,1.012,13584.69847308
2026-02-22 20:00:00,1.012,1.014,1.005,1.007,22451.09215211
2026-02-22 21:00:00,1.007,1.011,1.005,1.01,25973.35489528
2026-02-22 22:00:00,1.01,1.017,1.009,1.016,32828.40336034
2026-02-22 23:00:00,1.016,1.024,1.014,1.023,78463.01289574
2026-02-23 00:00:00,1.023,1.029,1.01,1.011,137223.56539723
2026-02-23 01:00:00,1.012,1.013,0.975,0.975,399487.33293119
2026-02-23 02:00:00,0.975,0.987,0.973,0.984,62942.78628066
2026-02-23 03:00:00,0.985,0.993,0.98,0.986,92980.34128311
2026-02-23 04:00:00,0.986,0.986,0.981,0.983,55665.41266483
2026-02-23 05:00:00,0.983,0.996,0.983,0.993,31339.62318438
2026-02-23 06:00:00,0.993,1.02,0.993,1.009,222336.39868257
2026-02-23 07:00:00,1.009,1.009,1.001,1.002,51488.8317412
2026-02-23 08:00:00,1.002,1.003,0.994,0.997,199622.63944519
2026-02-23 09:00:00,0.997,1.016,0.997,1.013,222385.01554296
2026-02-23 10:00:00,1.013,1.015,1.007,1.01,107084.17442316
2026-02-23 11:00:00,1.009,1.015,1.006,1.009,59504.28387934
2026-02-23 12:00:00,1.01,1.021,1.01,1.014,50228.32013481
2026-02-23 13:00:00,1.016,1.016,1.005,1.005,42718.73154397
2026-02-23 14:00:00,1.006,1.006,0.997,0.999,129506.17835526
2026-02-23 15:00:00,0.999,1.0,0.986,0.987,106363.98574687
2026-02-23 16:00:00,0.988,0.991,0.98,0.981,112793.57222709
2026-02-23 17:00:00,0.982,0.985,0.968,0.98,106668.48119687
2026-02-23 18:00:00,0.98,0.988,0.978,0.978,86525.12019663
2026-02-23 19:00:00,0.979,0.98,0.97,0.971,53021.49357414
2026-02-23 20:00:00,0.971,0.978,0.964,0.978,52534.31965041
2026-02-23 21:00:00,0.978,0.983,0.976,0.98,37248.15809843
2026-02-23 22:00:00,0.98,0.987,0.98,0.982,37072.42260801
2026-02-23 23:00:00,0.983,0.986,0.978,0.981,36831.53406102
2026-02-24 00:00:00,0.981,0.993,0.981,0.989,69171.56642624
2026-02-24 01:00:00,0.99,0.992,0.967,0.982,344280.18589408
2026-02-24 02:00:00,0.982,0.986,0.978,0.982,62684.41165274
2026-02-24 03:00:00,0.982,0.982,0.974,0.977,70690.53791671
2026-02-24 04:00:00,0.978,0.978,0.968,0.975,45839.26775398
2026-02-24 05:00:00,0.975,0.979,0.967,0.972,61062.20024037
2026-02-24 06:00:00,0.972,0.974,0.969,0.97,43355.03548161
2026-02-24 07:00:00,0.971,0.976,0.968,0.973,34928.16127097
2026-02-24 08:00:00,0.974,0.978,0.97,0.977,38132.31763292
2026-02-24 09:00:00,0.977,0.978,0.969,0.975,27405.80284624
2026-02-24 10:00:00,0.975,0.976,0.972,0.975,21016.68527182
2026-02-24 11:00:00,0.975,0.975,0.971,0.972,31265.4252834
2026-02-24 12:00:00,0.972,0.977,0.967,0.972,199370.90735309
2026-02-24 13:00:00,0.972,0.977,0.963,0.966,396098.74799433
2026-02-24 14:00:00,0.965,0.975,0.953,0.97,247405.22358785
2026-02-24 15:00:00,0.97,0.979,0.964,0.972,167491.71817526
2026-02-24 16:00:00,0.973,0.99,0.973,0.986,189899.89536453
2026-02-24 17:00:00,0.986,0.986,0.977,0.979,86169.04909234
2026-02-24 18:00:00,0.979,0.982,0.973,0.98,37633.26536736
2026-02-24 19:00:00,0.98,0.982,0.974,0.977,33014.39610124
2026-02-24 20:00:00,0.976,0.979,0.975,0.975,30163.15855721
2026-02-24 21:00:00,0.975,0.975,0.968,0.969,23697.67031682
2026-02-24 22:00:00,0.968,0.974,0.967,0.968,43779.26565731
2026-02-24 23:00:00,0.969,0.97,0.962,0.967,25734.27667511
2026-02-25 00:00:00,0.967,0.972,0.965,0.97,25039.4169704
2026-02-25 01:00:00,0.97,1.013,0.969,1.001,193680.59002059
2026-02-25 02:00:00,1.001,1.011,0.999,1.001,108246.73573404
2026-02-25 03:00:00,1.001,1.001,0.987,0.988,124726.15645249
2026-02-25 04:00:00,0.987,0.991,0.98,0.989,137314.17331049
2026-02-25 05:00:00,0.989,0.99,0.977,0.985,60630.38248584
2026-02-25 06:00:00,0.985,0.991,0.985,0.988,116704.59241187
2026-02-25 07:00:00,0.988,0.993,0.986,0.993,30471.65995496
2026-02-25 08:00:00,0.994,1.008,0.992,1.007,78166.31057352
2026-02-25 09:00:00,1.007,1.015,1.006,1.015,73590.39275492
2026-02-25 10:00:00,1.015,1.019,1.013,1.015,142261.00454183
2026-02-25 11:00:00,1.015,1.03,1.01,1.029,124808.18800765
2026-02-25 12:00:00,1.03,1.06,1.03,1.058,335904.95781059
2026-02-25 13:00:00,1.059,1.092,1.056,1.072,521401.01192685
2026-02-25 14:00:00,1.073,1.094,1.067,1.092,171884.67271458
2026-02-25 15:00:00,1.093,1.114,1.09,1.105,224622.06469743
2026-02-25 16:00:00,1.105,1.146,1.105,1.142,401032.20599188
2026-02-25 17:00:00,1.142,1.153,1.136,1.15,282748.72156509
2026-02-25 18:00:00,1.15,1.177,1.147,1.168,569103.9526944
2026-02-25 19:00:00,1.168,1.201,1.159,1.199,498939.62687215
2026-02-25 20:00:00,1.2,1.248,1.195,1.235,825690.82416535
2026-02-25 21:00:00,1.234,1.262,1.225,1.232,584837.93136248
2026-02-25 22:00:00,1.233,1.238,1.189,1.198,410903.70353815
2026-02-25 23:00:00,1.198,1.209,1.164,1.172,158343.18091825
2026-02-26 00:00:00,1.173,1.185,1.155,1.168,119591.44831551
2026-02-26 01:00:00,1.167,1.182,1.162,1.167,164098.46126136
2026-02-26 02:00:00,1.167,1.172,1.156,1.161,103348.552393
2026-02-26 03:00:00,1.161,1.164,1.151,1.16,56665.0767206
2026-02-26 04:00:00,1.159,1.171,1.155,1.156,79338.55633979
2026-02-26 05:00:00,1.155,1.155,1.138,1.141,118690.6416856
2026-02-26 06:00:00,1.142,1.15,1.133,1.138,57419.96710127
2026-02-26 07:00:00,1.138,1.14,1.125,1.132,64824.18948664
2026-02-26 08:00:00,1.132,1.139,1.13,1.13,54288.21245015
2026-02-26 09:00:00,1.131,1.143,1.13,1.135,92406.01233002
2026-02-26 10:00:00,1.135,1.137,1.127,1.129,66743.01510948
2026-02-26 11:00:00,1.129,1.132,1.12,1.122,39060.73724915
2026-02-26 12:00:00,1.121,1.156,1.121,1.154,283413.46982049
2026-02-26 13:00:00,1.155,1.158,1.13,1.133,156630.08922148
2026-02-26 14:00:00,1.134,1.135,1.118,1.124,113042.26636702
2026-02-26 15:00:00,1.124,1.125,1.108,1.12,162464.3073974
2026-02-26 16:00:00,1.121,1.121,1.085,1.087,255479.01711753
2026-02-26 17:00:00,1.087,1.1,1.087,1.092,139501.7974605
2026-02-26 18:00:00,1.091,1.112,1.088,1.111,167387.19555955
2026-02-26 19:00:00,1.11,1.123,1.11,1.119,174423.29387432
2026-02-26 20:00:00,1.118,1.121,1.105,1.107,115726.73215976
2026-02-26 21:00:00,1.108,1.12,1.108,1.117,96465.61438079
2026-02-26 22:00:00,1.117,1.128,1.115,1.126,77860.50850263
2026-02-26 23:00:00,1.127,1.135,1.122,1.127,110425.67208618
2026-02-27 00:00:00,1.127,1.131,1.126,1.129,99435.96984852
2026-02-27 01:00:00,1.129,1.129,1.109,1.123,206656.62680297
2026-02-27 02:00:00,1.123,1.128,1.118,1.122,196303.86850374
2026-02-27 03:00:00,1.121,1.129,1.118,1.129,72085.60060111
2026-02-27 04:00:00,1.129,1.144,1.129,1.136,173546.47263858
2026-02-27 05:00:00,1.138,1.143,1.137,1.14,107396.48387742
2026-02-27 06:00:00,1.14,1.147,1.136,1.142,100069.66744776
2026-02-27 07:00:00,1.142,1.143,1.133,1.141,99650.93924572
2026-02-27 08:00:00,1.142,1.144,1.127,1.137,756721.3062123
2026-02-27 09:00:00,1.138,1.143,1.132,1.137,168546.47651458
2026-02-27 10:00:00,1.137,1.144,1.12,1.126,453817.76882875
2026-02-27 11:00:00,1.126,1.144,1.12,1.123,449746.30799683
2026-02-27 12:00:00,1.122,1.122,1.106,1.112,386403.57871997
2026-02-27 13:00:00,1.113,1.12,1.099,1.112,448066.75480585
2026-02-27 14:00:00,1.112,1.115,1.1,1.101,263525.37039603
2026-02-27 15:00:00,1.101,1.111,1.1,1.107,272191.61448427
2026-02-27 16:00:00,1.107,1.112,1.095,1.096,158884.783116
2026-02-27 17:00:00,1.096,1.105,1.088,1.105,204599.04592721
2026-02-27 18:00:00,1.104,1.106,1.095,1.095,54872.93384299
2026-02-27 19:00:00,1.095,1.096,1.083,1.087,70512.4485695
2026-02-27 20:00:00,1.086,1.093,1.086,1.089,53812.55505941
2026-02-27 21:00:00,1.089,1.091,1.078,1.082,42120.86245385
2026-02-27 22:00:00,1.082,1.09,1.073,1.085,121673.6070809
2026-02-27 23:00:00,1.085,1.095,1.085,1.094,50386.04459315
2026-02-28 00:00:00,1.093,1.097,1.088,1.096,104005.98534329
2026-02-28 01:00:00,1.096,1.096,1.08,1.081,66351.02223287
2026-02-28 02:00:00,1.081,1.091,1.081,1.09,95252.10083548
2026-02-28 03:00:00,1.09,1.092,1.085,1.085,37248.47380808
2026-02-28 04:00:00,1.085,1.085,1.076,1.082,52001.15945147
2026-02-28 05:00:00,1.082,1.083,1.072,1.074,46639.53654572
2026-02-28 06:00:00,1.074,1.074,1.031,1.033,386424.72494613
2026-02-28 07:00:00,1.033,1.07,1.028,1.057,235850.57344051
2026-02-28 08:00:00,1.056,1.056,1.047,1.049,106375.94812644
2026-02-28 09:00:00,1.05,1.057,1.039,1.042,126974.68231155
2026-02-28 10:00:00,1.041,1.068,1.039,1.063,316432.9760499
2026-02-28 11:00:00,1.062,1.071,1.045,1.045,465166.48856189
2026-02-28 12:00:00,1.045,1.067,1.044,1.055,102078.40758694
2026-02-28 13:00:00,1.055,1.073,1.045,1.072,164838.20892082
2026-02-28 14:00:00,1.073,1.077,1.059,1.063,156441.82402725
2026-02-28 15:00:00,1.064,1.07,1.056,1.067,85845.63051047
2026-02-28 16:00:00,1.066,1.074,1.066,1.074,56349.87029148
2026-02-28 17:00:00,1.075,1.08,1.064,1.079,67379.26573777
2026-02-28 18:00:00,1.077,1.111,1.068,1.109,429230.06727362
2026-02-28 19:00:00,1.109,1.136,1.084,1.126,330732.88967455
2026-02-28 20:00:00,1.126,1.157,1.124,1.148,252871.78109296
2026-02-28 21:00:00,1.148,1.169,1.136,1.153,283151.79053945
2026-02-28 22:00:00,1.156,1.174,1.155,1.164,149748.09400993
2026-02-28 23:00:00,1.164,1.174,1.151,1.174,111459.32049054
2026-03-01 00:00:00,1.172,1.182,1.141,1.142,150431.81466392
2026-03-01 01:00:00,1.142,1.175,1.129,1.166,365209.89824496
2026-03-01 02:00:00,1.169,1.197,1.168,1.177,317692.48825209
2026-03-01 03:00:00,1.177,1.177,1.146,1.151,91890.94412788
2026-03-01 04:00:00,1.152,1.155,1.139,1.15,129191.80971406
2026-03-01 05:00:00,1.151,1.171,1.151,1.171,39193.32075903
2026-03-01 06:00:00,1.171,1.188,1.157,1.184,169028.87173889
2026-03-01 07:00:00,1.185,1.205,1.178,1.203,180115.22472622
2026-03-01 08:00:00,1.203,1.212,1.171,1.173,303525.57435744
2026-03-01 09:00:00,1.172,1.184,1.162,1.163,188346.35102497
2026-03-01 10:00:00,1.164,1.165,1.149,1.151,133014.15480457
2026-03-01 11:00:00,1.151,1.155,1.147,1.15,49573.68920376
2026-03-01 12:00:00,1.149,1.156,1.138,1.141,50778.87835477
2026-03-01 13:00:00,1.141,1.172,1.138,1.168,92760.76915263
2026-03-01 14:00:00,1.168,1.184,1.154,1.154,137117.40945523
2026-03-01 15:00:00,1.154,1.163,1.151,1.153,81050.5330524
2026-03-01 16:00:00,1.153,1.161,1.135,1.143,89279.66148177
2026-03-01 17:00:00,1.145,1.147,1.132,1.14,79850.02408671
2026-03-01 18:00:00,1.14,1.157,1.14,1.143,70763.96465107
2026-03-01 19:00:00,1.144,1.144,1.128,1.13,88749.06109598
2026-03-01 20:00:00,1.131,1.131,1.113,1.116,118588.70479396
2026-03-01 21:00:00,1.116,1.137,1.116,1.132,44000.2210473
2026-03-01 22:00:00,1.131,1.149,1.127,1.132,183840.48642581
2026-03-01 23:00:00,1.131,1.158,1.131,1.15,134567.74311962
2026-03-02 00:00:00,1.15,1.176,1.141,1.17,124486.56447458
2026-03-02 01:00:00,1.171,1.194,1.161,1.173,301615.22866302
2026-03-02 02:00:00,1.173,1.182,1.159,1.18,113537.89875389
2026-03-02 03:00:00,1.181,1.201,1.169,1.194,293155.45216116
2026-03-02 04:00:00,1.195,1.223,1.181,1.191,516719.36260867
2026-03-02 05:00:00,1.192,1.222,1.174,1.199,830296.36633947
2026-03-02 06:00:00,1.199,1.226,1.191,1.22,704306.79299476
2026-03-02 07:00:00,1.22,1.221,1.185,1.204,480873.02079109
2026-03-02 08:00:00,1.204,1.215,1.17,1.191,584570.88590668
2026-03-02 09:00:00,1.19,1.197,1.179,1.183,227948.7082405
2026-03-02 10:00:00,1.183,1.188,1.178,1.187,192480.45827356
2026-03-02 11:00:00,1.187,1.208,1.186,1.201,300827.23188203
2026-03-02 12:00:00,1.202,1.221,1.201,1.219,374774.05866182
2026-03-02 13:00:00,1.219,1.239,1.214,1.222,414599.88314997
2026-03-02 14:00:00,1.223,1.304,1.216,1.301,598246.83416124
2026-03-02 15:00:00,1.3,1.324,1.273,1.308,932910.96116189
2026-03-02 16:00:00,1.308,1.341,1.279,1.321,884475.93563597
2026-03-02 17:00:00,1.321,1.337,1.298,1.313,428894.04574877
2026-03-02 18:00:00,1.313,1.338,1.303,1.325,246947.05848015
2026-03-02 19:00:00,1.325,1.332,1.307,1.328,189437.00301101
2026-03-02 20:00:00,1.33,1.344,1.311,1.325,238173.27476025
2026-03-02 21:00:00,1.327,1.388,1.314,1.373,580035.92420464
2026-03-02 22:00:00,1.372,1.416,1.371,1.374,599395.79220806
2026-03-02 23:00:00,1.374,1.38,1.338,1.361,484469.4342922
2026-03-03 00:00:00,1.36,1.38,1.347,1.372,397226.42177553
2026-03-03 01:00:00,1.371,1.406,1.366,1.399,433019.81019384
2026-03-03 02:00:00,1.399,1.409,1.375,1.381,318990.26371969
2026-03-03 03:00:00,1.38,1.425,1.376,1.421,475482.92895352
2026-03-03 04:00:00,1.422,1.431,1.394,1.413,344753.63284312
2026-03-03 05:00:00,1.412,1.456,1.362,1.367,616866.269594
2026-03-03 06:00:00,1.366,1.376,1.345,1.359,408037.04336002
2026-03-03 07:00:00,1.359,1.359,1.335,1.344,229490.62627791
2026-03-03 08:00:00,1.343,1.364,1.335,1.358,413066.5064331
2026-03-03 09:00:00,1.359,1.412,1.343,1.344,616611.30767246
2026-03-03 10:00:00,1.345,1.351,1.327,1.338,202710.10429564
2026-03-03 11:00:00,1.337,1.354,1.32,1.332,158241.41109558
2026-03-03 12:00:00,1.332,1.372,1.331,1.348,140926.46270831
2026-03-03 13:00:00,1.347,1.354,1.338,1.342,66163.42191822
2026-03-03 14:00:00,1.342,1.368,1.319,1.327,286347.59688346
2026-03-03 15:00:00,1.327,1.399,1.325,1.393,553465.60579297
2026-03-03 16:00:00,1.392,1.403,1.351,1.374,481974.1566149
2026-03-03 17:00:00,1.373,1.398,1.367,1.389,141514.71652938
2026-03-03 18:00:00,1.39,1.412,1.384,1.387,224972.89128346
2026-03-03 19:00:00,1.388,1.391,1.359,1.367,113107.47725402
2026-03-03 20:00:00,1.366,1.374,1.362,1.37,66124.2882815
2026-03-03 21:00:00,1.371,1.372,1.341,1.347,56048.25423577
2026-03-03 22:00:00,1.346,1.36,1.344,1.349,90237.50263192
2026-03-03 23:00:00,1.349,1.361,1.347,1.357,40336.38580561
2026-03-04 00:00:00,1.358,1.381,1.348,1.364,149275.5154729
2026-03-04 01:00:00,1.364,1.391,1.363,1.382,126196.65858523
2026-03-04 02:00:00,1.383,1.407,1.374,1.401,115236.23371193
2026-03-04 03:00:00,1.402,1.415,1.378,1.396,228191.63005139
2026-03-04 04:00:00,1.395,1.397,1.365,1.381,160700.06998941
2026-03-04 05:00:00,1.381,1.384,1.368,1.376,54825.09682416
2026-03-04 06:00:00,1.377,1.38,1.352,1.358,112298.42492474
2026-03-04 07:00:00,1.36,1.367,1.338,1.367,237516.68734162
2026-03-04 08:00:00,1.367,1.412,1.358,1.398,318103.41050773
2026-03-04 09:00:00,1.399,1.411,1.384,1.392,299245.77792734
2026-03-04 10:00:00,1.391,1.393,1.352,1.356,275384.01579159
2026-03-04 11:00:00,1.357,1.36,1.336,1.338,170190.18229113
2026-03-04 12:00:00,1.338,1.346,1.327,1.334,154486.70611665
2026-03-04 13:00:00,1.333,1.342,1.329,1.34,126508.33034179
2026-03-04 14:00:00,1.34,1.375,1.338,1.339,386397.81705953
2026-03-04 15:00:00,1.34,1.36,1.328,1.359,361693.18648688
2026-03-04 16:00:00,1.358,1.358,1.33,1.345,172769.24708583
2026-03-04 17:00:00,1.345,1.35,1.319,1.323,210983.29886914
2026-03-04 18:00:00,1.322,1.325,1.304,1.313,294425.30961522
2026-03-04 19:00:00,1.314,1.332,1.307,1.326,231193.75028801
2026-03-04 20:00:00,1.327,1.33,1.307,1.312,111157.53035721
2026-03-04 21:00:00,1.313,1.32,1.308,1.317,107516.38115221
2026-03-04 22:00:00,1.317,1.325,1.307,1.312,95845.03051175
2026-03-04 23:00:00,1.312,1.318,1.303,1.313,124664.6401576
2026-03-05 00:00:00,1.313,1.313,1.274,1.278,276763.25221398
2026-03-05 01:00:00,1.278,1.28,1.246,1.247,334549.15794036
2026-03-05 02:00:00,1.247,1.275,1.247,1.269,234830.27280113
2026-03-05 03:00:00,1.27,1.282,1.265,1.281,88929.91736918
2026-03-05 04:00:00,1.28,1.292,1.269,1.288,150475.11312918
2026-03-05 05:00:00,1.287,1.295,1.276,1.284,190108.49899964
2026-03-05 06:00:00,1.284,1.295,1.279,1.291,85978.41113777
2026-03-05 07:00:00,1.29,1.297,1.283,1.296,128425.48061944
2026-03-05 08:00:00,1.296,1.336,1.284,1.315,316259.08701421
2026-03-05 09:00:00,1.315,1.325,1.292,1.297,129699.31403324
2026-03-05 10:00:00,1.296,1.309,1.291,1.304,223883.60181193
2026-03-05 11:00:00,1.304,1.305,1.28,1.292,204075.16642635
2026-03-05 12:00:00,1.291,1.301,1.285,1.296,226923.80376277
2026-03-05 13:00:00,1.296,1.296,1.284,1.286,142868.59073897
2026-03-05 14:00:00,1.287,1.304,1.284,1.3,86232.64567855
2026-03-05 15:00:00,1.3,1.3,1.265,1.27,349991.34600681
2026-03-05 16:00:00,1.27,1.285,1.255,1.279,295095.60609976
2026-03-05 17:00:00,1.278,1.285,1.25,1.255,191056.00088169
2026-03-05 18:00:00,1.255,1.266,1.254,1.266,99353.18822543
2026-03-05 19:00:00,1.265,1.283,1.261,1.263,58635.96444351
2026-03-05 20:00:00,1.263,1.282,1.26,1.276,70202.67197001
2026-03-05 21:00:00,1.276,1.289,1.27,1.279,135930.8277355
2026-03-05 22:00:00,1.278,1.287,1.278,1.278,77211.27702893
2026-03-05 23:00:00,1.277,1.284,1.271,1.272,57728.13920193
2026-03-06 00:00:00,1.272,1.277,1.268,1.27,73113.36591474
2026-03-06 01:00:00,1.271,1.299,1.261,1.289,391746.08291037
2026-03-06 02:00:00,1.29,1.292,1.266,1.282,257728.47484229
2026-03-06 03:00:00,1.281,1.285,1.275,1.283,32537.92885635
2026-03-06 04:00:00,1.283,1.283,1.266,1.275,133723.39550553
2026-03-06 05:00:00,1.274,1.278,1.267,1.269,39535.47904498
2026-03-06 06:00:00,1.268,1.271,1.257,1.266,75933.28959911
2026-03-06 07:00:00,1.266,1.273,1.261,1.271,46730.75467127
2026-03-06 08:00:00,1.269,1.269,1.264,1.269,26442.82313796
2026-03-06 09:00:00,1.271,1.272,1.258,1.261,38939.91855615
2026-03-06 10:00:00,1.263,1.266,1.256,1.258,26199.015843
2026-03-06 11:00:00,1.259,1.262,1.246,1.253,123477.12929057
2026-03-06 12:00:00,1.252,1.261,1.248,1.254,78643.16257917
2026-03-06 13:00:00,1.254,1.271,1.235,1.241,410277.09609655
2026-03-06 14:00:00,1.243,1.255,1.229,1.243,287397.33211612
2026-03-06 15:00:00,1.243,1.248,1.226,1.229,107221.74936826
2026-03-06 16:00:00,1.23,1.239,1.227,1.236,68319.38268246
2026-03-06 17:00:00,1.235,1.237,1.215,1.218,136173.41645479
2026-03-06 18:00:00,1.219,1.245,1.219,1.237,126657.88585178
2026-03-06 19:00:00,1.237,1.242,1.228,1.232,50787.31218481
2026-03-06 20:00:00,1.232,1.238,1.231,1.238,55325.24280305
2026-03-06 21:00:00,1.239,1.242,1.232,1.235,33193.65186162
2026-03-06 22:00:00,1.236,1.244,1.235,1.239,26450.92565922
2026-03-06 23:00:00,1.239,1.239,1.225,1.226,22723.59902329
2026-03-07 00:00:00,1.226,1.247,1.226,1.242,70710.75400429
2026-03-07 01:00:00,1.241,1.245,1.226,1.238,45071.35087351
2026-03-07 02:00:00,1.239,1.241,1.236,1.239,18965.88243193
2026-03-07 03:00:00,1.24,1.244,1.232,1.235,70607.81464625
2026-03-07 04:00:00,1.234,1.235,1.225,1.229,34032.58908165
2026-03-07 05:00:00,1.231,1.231,1.219,1.222,23005.86253933
2026-03-07 06:00:00,1.22,1.221,1.21,1.213,85364.24047649
2026-03-07 07:00:00,1.213,1.215,1.21,1.215,38575.28154616
2026-03-07 08:00:00,1.215,1.222,1.215,1.219,49943.6283748
2026-03-07 09:00:00,1.219,1.221,1.215,1.219,22438.3431267
2026-03-07 10:00:00,1.219,1.221,1.216,1.219,28033.50236659
2026-03-07 11:00:00,1.22,1.229,1.219,1.221,74927.09348428
2026-03-07 12:00:00,1.222,1.228,1.22,1.225,83654.75744091
2026-03-07 13:00:00,1.226,1.234,1.226,1.229,87402.98247941
2026-03-07 14:00:00,1.229,1.231,1.216,1.229,160931.32271028
2026-03-07 15:00:00,1.229,1.239,1.219,1.222,136938.29705721
2026-03-07 16:00:00,1.221,1.226,1.22,1.226,53219.07755898
2026-03-07 17:00:00,1.227,1.233,1.227,1.231,44004.78502094
2026-03-07 18:00:00,1.231,1.231,1.217,1.218,112574.9633636
2026-03-07 19:00:00,1.218,1.218,1.203,1.209,173140.23977398
2026-03-07 20:00:00,1.21,1.217,1.208,1.217,77509.0988787
2026-03-07 21:00:00,1.216,1.22,1.212,1.215,43817.3446068
2026-03-07 22:00:00,1.216,1.217,1.209,1.21,63047.54546479
2026-03-07 23:00:00,1.211,1.216,1.21,1.214,55955.2772928
2026-03-08 00:00:00,1.215,1.219,1.212,1.213,99151.08203616
2026-03-08 01:00:00,1.212,1.215,1.209,1.213,72244.57094183
2026-03-08 02:00:00,1.213,1.213,1.201,1.202,98392.30630213
2026-03-08 03:00:00,1.202,1.217,1.202,1.216,95061.32793487
2026-03-08 04:00:00,1.215,1.218,1.202,1.205,100055.77261043
2026-03-08 05:00:00,1.206,1.215,1.204,1.211,72373.7807441
2026-03-08 06:00:00,1.211,1.211,1.194,1.202,134922.80967693
2026-03-08 07:00:00,1.201,1.21,1.201,1.202,51461.65617997
2026-03-08 08:00:00,1.202,1.217,1.198,1.213,109803.83035603
2026-03-08 09:00:00,1.214,1.236,1.214,1.231,161677.87575405
2026-03-08 10:00:00,1.23,1.256,1.227,1.253,275567.50016968
2026-03-08 11:00:00,1.253,1.253,1.233,1.245,259849.67634811
2026-03-08 12:00:00,1.244,1.256,1.226,1.245,352630.33531834
2026-03-08 13:00:00,1.246,1.246,1.222,1.238,243493.62627442
2026-03-08 14:00:00,1.237,1.245,1.226,1.229,167844.95036578
2026-03-08 15:00:00,1.229,1.229,1.211,1.215,129879.28168759
2026-03-08 16:00:00,1.215,1.215,1.205,1.211,131437.77504658
2026-03-08 17:00:00,1.213,1.224,1.212,1.224,82496.91188049
2026-03-08 18:00:00,1.225,1.226,1.214,1.219,112959.54769617
2026-03-08 19:00:00,1.219,1.24,1.218,1.231,104521.42955251
2026-03-08 20:00:00,1.232,1.239,1.227,1.231,108698.68883225
2026-03-08 21:00:00,1.23,1.23,1.216,1.222,81638.93016345
2026-03-08 22:00:00,1.222,1.222,1.189,1.218,335463.74440487
2026-03-08 23:00:00,1.219,1.224,1.208,1.212,85512.76883254
2026-03-09 00:00:00,1.212,1.23,1.205,1.222,88651.87133895
2026-03-09 01:00:00,1.222,1.233,1.214,1.226,131033.75027446
2026-03-09 02:00:00,1.225,1.238,1.214,1.236,82983.22372462
2026-03-09 03:00:00,1.236,1.268,1.235,1.241,228656.30048337
2026-03-09 04:00:00,1.24,1.25,1.232,1.233,126421.88472867
2026-03-09 05:00:00,1.234,1.257,1.228,1.25,177026.32854671
2026-03-09 06:00:00,1.251,1.251,1.228,1.228,143106.26432129
2026-03-09 07:00:00,1.228,1.248,1.218,1.241,148688.10650458
2026-03-09 08:00:00,1.242,1.246,1.238,1.24,146818.54690005
2026-03-09 09:00:00,1.24,1.258,1.234,1.249,107540.424594
2026-03-09 10:00:00,1.248,1.25,1.236,1.236,114892.59333915
2026-03-09 11:00:00,1.235,1.235,1.22,1.231,80146.04676345
2026-03-09 12:00:00,1.231,1.246,1.227,1.245,170328.90418095
2026-03-09 13:00:00,1.245,1.266,1.24,1.264,183263.21825296
2026-03-09 14:00:00,1.263,1.268,1.25,1.262,264587.93799593
2026-03-09 15:00:00,1.262,1.265,1.246,1.254,121821.38352172
2026-03-09 16:00:00,1.254,1.257,1.235,1.238,175763.31830461
2026-03-09 17:00:00,1.239,1.248,1.239,1.246,155562.47165313
2026-03-09 18:00:00,1.246,1.261,1.242,1.255,163103.60459613
2026-03-09 19:00:00,1.255,1.281,1.25,1.253,168717.19822934
2026-03-09 20:00:00,1.254,1.257,1.244,1.25,90273.44412969
2026-03-09 21:00:00,1.249,1.254,1.245,1.249,82226.45212723
2026-03-09 22:00:00,1.248,1.248,1.22,1.228,204850.22711468
2026-03-09 23:00:00,1.228,1.234,1.223,1.234,70560.62431401
2026-03-10 00:00:00,1.235,1.247,1.225,1.241,79286.61804493
2026-03-10 01:00:00,1.239,1.245,1.23,1.241,49857.96259493
2026-03-10 02:00:00,1.241,1.263,1.236,1.255,94668.83865837
2026-03-10 03:00:00,1.255,1.263,1.244,1.244,104838.43490025
2026-03-10 04:00:00,1.245,1.274,1.245,1.264,102673.25827279
2026-03-10 05:00:00,1.263,1.269,1.262,1.263,59784.34948076
2026-03-10 06:00:00,1.263,1.278,1.257,1.272,98245.72774281
2026-03-10 07:00:00,1.273,1.288,1.273,1.281,88811.97834315
2026-03-10 08:00:00,1.282,1.298,1.281,1.294,142946.75005437
2026-03-10 09:00:00,1.295,1.318,1.295,1.313,207465.85643703
2026-03-10 10:00:00,1.314,1.315,1.299,1.302,213943.14959214
2026-03-10 11:00:00,1.301,1.309,1.3,1.307,102731.05639754
2026-03-10 12:00:00,1.307,1.31,1.3,1.304,72928.61002412
2026-03-10 13:00:00,1.304,1.313,1.293,1.304,135312.35003952
2026-03-10 14:00:00,1.304,1.334,1.282,1.327,317027.63439144
2026-03-10 15:00:00,1.329,1.331,1.3,1.306,262716.70846874
2026-03-10 16:00:00,1.305,1.317,1.294,1.313,269244.3273324
2026-03-10 17:00:00,1.312,1.319,1.3,1.303,128982.76113856
2026-03-10 18:00:00,1.302,1.307,1.278,1.287,308473.0904924
2026-03-10 19:00:00,1.287,1.291,1.277,1.28,106490.88061783
2026-03-10 20:00:00,1.279,1.294,1.279,1.289,83055.27528423
2026-03-10 21:00:00,1.288,1.289,1.27,1.276,142739.70856312
2026-03-10 22:00:00,1.28,1.282,1.268,1.28,91721.94472692
2026-03-10 23:00:00,1.28,1.285,1.28,1.284,30820.19933397
2026-03-11 00:00:00,1.284,1.295,1.283,1.292,81234.24294378
2026-03-11 01:00:00,1.292,1.304,1.278,1.282,171754.08044092
2026-03-11 02:00:00,1.283,1.288,1.272,1.288,96629.48663316
2026-03-11 03:00:00,1.289,1.297,1.283,1.283,237689.88011656
2026-03-11 04:00:00,1.283,1.286,1.277,1.283,58748.75062714
2026-03-11 05:00:00,1.284,1.286,1.268,1.275,110187.63533413
2026-03-11 06:00:00,1.274,1.29,1.274,1.289,90875.55665255
2026-03-11 07:00:00,1.289,1.292,1.277,1.277,73419.4631804
2026-03-11 08:00:00,1.276,1.278,1.271,1.277,79786.30507183
2026-03-11 09:00:00,1.276,1.278,1.27,1.27,46108.23356228
2026-03-11 10:00:00,1.273,1.289,1.273,1.279,85050.66058967
2026-03-11 11:00:00,1.279,1.288,1.276,1.286,72346.99515158
2026-03-11 12:00:00,1.287,1.308,1.284,1.297,223751.9908729
2026-03-11 13:00:00,1.296,1.322,1.295,1.304,257172.58654845
2026-03-11 14:00:00,1.304,1.317,1.302,1.308,114024.90643403
2026-03-11 15:00:00,1.308,1.308,1.287,1.296,149865.94726107
2026-03-11 16:00:00,1.296,1.3,1.288,1.298,125407.74756543
2026-03-11 17:00:00,1.299,1.306,1.285,1.292,98439.2498998
2026-03-11 18:00:00,1.294,1.3,1.291,1.295,75349.52164619
2026-03-11 19:00:00,1.295,1.298,1.29,1.296,39192.00541626
2026-03-11 20:00:00,1.295,1.297,1.289,1.294,58058.09320019
2026-03-11 21:00:00,1.294,1.302,1.293,1.301,80788.91216418
2026-03-11 22:00:00,1.302,1.305,1.294,1.3,60158.23554832
2026-03-11 23:00:00,1.301,1.304,1.295,1.298,41904.25873644
2026-03-12 00:00:00,1.299,1.307,1.294,1.303,86658.31803362
2026-03-12 01:00:00,1.303,1.303,1.289,1.294,36006.71126929
2026-03-12 02:00:00,1.295,1.298,1.284,1.285,89259.46583307
2026-03-12 03:00:00,1.285,1.295,1.284,1.287,44057.61759187
2026-03-12 04:00:00,1.286,1.294,1.285,1.289,34737.0535455
2026-03-12 05:00:00,1.289,1.29,1.279,1.29,43514.38441685
2026-03-12 06:00:00,1.29,1.31,1.289,1.306,59149.90508989
2026-03-12 07:00:00,1.307,1.326,1.3,1.324,173549.09559796
2026-03-12 08:00:00,1.324,1.331,1.314,1.316,126298.29366072
2026-03-12 09:00:00,1.317,1.339,1.312,1.332,116379.00517157
2026-03-12 10:00:00,1.332,1.338,1.326,1.334,49639.7337977
2026-03-12 11:00:00,1.333,1.342,1.32,1.323,85121.0430789
2026-03-12 12:00:00,1.324,1.324,1.315,1.32,51544.22873767
2026-03-12 13:00:00,1.32,1.329,1.307,1.32,89578.9796149
2026-03-12 14:00:00,1.321,1.327,1.304,1.318,200522.78581278
2026-03-12 15:00:00,1.319,1.334,1.316,1.322,65550.78827137
2026-03-12 16:00:00,1.321,1.325,1.314,1.32,32283.33784591
2026-03-12 17:00:00,1.322,1.347,1.322,1.339,134752.24456288
2026-03-12 18:00:00,1.34,1.351,1.33,1.333,78279.60181052
2026-03-12 19:00:00,1.333,1.353,1.331,1.34,34712.04824004
2026-03-12 20:00:00,1.339,1.34,1.324,1.334,43263.38091363
2026-03-12 21:00:00,1.334,1.358,1.333,1.354,62673.97912725
2026-03-12 22:00:00,1.354,1.364,1.354,1.361,50275.57567348
2026-03-12 23:00:00,1.362,1.372,1.349,1.368,96624.91991294
2026-03-13 00:00:00,1.368,1.404,1.364,1.384,343366.64413778
2026-03-13 01:00:00,1.386,1.424,1.386,1.413,164686.80673839
2026-03-13 02:00:00,1.413,1.42,1.375,1.388,152375.93091973
2026-03-13 03:00:00,1.389,1.391,1.378,1.388,72980.75270296
2026-03-13 04:00:00,1.386,1.388,1.368,1.37,110617.63751453
2026-03-13 05:00:00,1.37,1.385,1.367,1.376,77620.72058788
2026-03-13 06:00:00,1.376,1.378,1.356,1.357,48636.69698814
2026-03-13 07:00:00,1.357,1.358,1.344,1.345,70320.18595223
2026-03-13 08:00:00,1.346,1.352,1.322,1.33,392867.52369063
2026-03-13 09:00:00,1.33,1.345,1.328,1.337,75615.9920739
2026-03-13 10:00:00,1.337,1.357,1.337,1.347,146395.63275246
2026-03-13 11:00:00,1.349,1.352,1.341,1.351,68899.57967612
2026-03-13 12:00:00,1.351,1.358,1.348,1.353,52995.88877444
2026-03-13 13:00:00,1.353,1.367,1.348,1.357,130517.57028545
2026-03-13 14:00:00,1.357,1.367,1.349,1.349,169853.46425594
2026-03-13 15:00:00,1.349,1.362,1.342,1.354,118725.65914696
2026-03-13 16:00:00,1.354,1.371,1.35,1.368,76145.4820932
2026-03-13 17:00:00,1.368,1.376,1.345,1.347,70334.60240212
2026-03-13 18:00:00,1.347,1.352,1.34,1.346,42708.77904628
2026-03-13 19:00:00,1.345,1.351,1.343,1.344,28177.23509381
2026-03-13 20:00:00,1.345,1.349,1.341,1.347,26786.97673706
2026-03-13 21:00:00,1.348,1.357,1.34,1.342,62621.41393508
2026-03-13 22:00:00,1.341,1.341,1.327,1.331,101028.818826
2026-03-13 23:00:00,1.332,1.341,1.332,1.334,129605.17818737
2026-03-14 00:00:00,1.334,1.335,1.311,1.319,219309.33348909
2026-03-14 01:00:00,1.319,1.339,1.319,1.334,128722.48354825
2026-03-14 02:00:00,1.335,1.335,1.324,1.331,57651.48434223
2026-03-14 03:00:00,1.33,1.34,1.33,1.333,68992.62004906
2026-03-14 04:00:00,1.333,1.335,1.324,1.325,81139.72187607
2026-03-14 05:00:00,1.326,1.327,1.313,1.318,66171.90035113
2026-03-14 06:00:00,1.316,1.319,1.312,1.317,50012.94651797
2026-03-14 07:00:00,1.316,1.319,1.314,1.318,29021.9308248
2026-03-14 08:00:00,1.317,1.319,1.313,1.314,38915.4415994
2026-03-14 09:00:00,1.314,1.318,1.307,1.31,52539.67481941
2026-03-14 10:00:00,1.31,1.312,1.304,1.307,81163.60870743
2026-03-14 11:00:00,1.306,1.309,1.304,1.305,29157.48071155
2026-03-14 12:00:00,1.305,1.312,1.305,1.312,38126.73913407
2026-03-14 13:00:00,1.312,1.312,1.301,1.306,94054.22542392
2026-03-14 14:00:00,1.307,1.313,1.306,1.308,72687.01024837
2026-03-14 15:00:00,1.308,1.311,1.305,1.311,17812.89962945
2026-03-14 16:00:00,1.31,1.317,1.308,1.313,39352.19827667
2026-03-14 17:00:00,1.313,1.313,1.306,1.307,65206.89163049
2026-03-14 18:00:00,1.306,1.308,1.303,1.307,38284.25959723
2026-03-14 19:00:00,1.307,1.308,1.305,1.305,27333.28431452
2026-03-14 20:00:00,1.305,1.308,1.304,1.307,21333.0498073
2026-03-14 21:00:00,1.306,1.312,1.303,1.31,77579.49239951
2026-03-14 22:00:00,1.31,1.316,1.309,1.315,26963.53298876
2026-03-14 23:00:00,1.315,1.327,1.314,1.326,78594.95705048
2026-03-15 00:00:00,1.326,1.327,1.318,1.32,71383.30980944
2026-03-15 01:00:00,1.321,1.348,1.318,1.346,133890.70511813
2026-03-15 02:00:00,1.347,1.363,1.342,1.361,163078.54804062
2026-03-15 03:00:00,1.362,1.378,1.355,1.356,135608.81102173
2026-03-15 04:00:00,1.356,1.365,1.34,1.344,108137.17286417
2026-03-15 05:00:00,1.344,1.354,1.341,1.345,76153.92885384
2026-03-15 06:00:00,1.346,1.346,1.331,1.336,87395.68407089
2026-03-15 07:00:00,1.337,1.343,1.331,1.337,79278.44348846
2026-03-15 08:00:00,1.338,1.347,1.337,1.347,72127.69188818
2026-03-15 09:00:00,1.347,1.358,1.344,1.349,73777.43579226
2026-03-15 10:00:00,1.348,1.354,1.344,1.351,35956.29139527
2026-03-15 11:00:00,1.351,1.355,1.347,1.351,74913.82791512
2026-03-15 12:00:00,1.352,1.365,1.345,1.355,87456.97701395
2026-03-15 13:00:00,1.356,1.356,1.34,1.348,149636.2329202
2026-03-15 14:00:00,1.348,1.35,1.325,1.337,155327.47847893
2026-03-15 15:00:00,1.337,1.339,1.333,1.336,47012.48876421
2026-03-15 16:00:00,1.338,1.345,1.334,1.335,57170.90803832
2026-03-15 17:00:00,1.335,1.352,1.335,1.347,111147.78868498
2026-03-15 18:00:00,1.348,1.349,1.333,1.335,68871.14739706
2026-03-15 19:00:00,1.336,1.343,1.336,1.342,25175.27792677
2026-03-15 20:00:00,1.341,1.349,1.338,1.344,42256.1578933
2026-03-15 21:00:00,1.345,1.362,1.343,1.357,144062.24748334
2026-03-15 22:00:00,1.357,1.361,1.342,1.354,153373.42218574
2026-03-15 23:00:00,1.355,1.357,1.34,1.35,134651.59977748
2026-03-16 00:00:00,1.351,1.356,1.34,1.355,100180.54970836
2026-03-16 01:00:00,1.355,1.369,1.353,1.366,49217.63290301
2026-03-16 02:00:00,1.366,1.375,1.356,1.372,171781.41874191
2026-03-16 03:00:00,1.371,1.406,1.367,1.389,447963.89277041
2026-03-16 04:00:00,1.391,1.409,1.388,1.402,132667.02351429
2026-03-16 05:00:00,1.403,1.418,1.399,1.415,148868.28936977
2026-03-16 06:00:00,1.414,1.416,1.393,1.403,156277.25558211
2026-03-16 07:00:00,1.403,1.409,1.393,1.393,162458.15493798
2026-03-16 08:00:00,1.394,1.406,1.371,1.374,163739.60361438
2026-03-16 09:00:00,1.375,1.383,1.373,1.379,54292.50841068
2026-03-16 10:00:00,1.378,1.386,1.374,1.386,77816.43871365
2026-03-16 11:00:00,1.387,1.395,1.383,1.393,120032.23466755
2026-03-16 12:00:00,1.392,1.402,1.389,1.398,121147.44787454
2026-03-16 13:00:00,1.399,1.438,1.396,1.43,288748.91730575
2026-03-16 14:00:00,1.431,1.438,1.398,1.415,305569.39389955
2026-03-16 15:00:00,1.416,1.418,1.4,1.415,142470.05930409
2026-03-16 16:00:00,1.414,1.449,1.414,1.438,171983.44463058
2026-03-16 17:00:00,1.44,1.447,1.434,1.438,79586.31616486
2026-03-16 18:00:00,1.437,1.448,1.431,1.434,122472.71082665
2026-03-16 19:00:00,1.435,1.446,1.431,1.446,73911.96490684
2026-03-16 20:00:00,1.445,1.465,1.441,1.464,124060.93188034
2026-03-16 21:00:00,1.465,1.49,1.463,1.476,110696.48470156
2026-03-16 22:00:00,1.476,1.509,1.476,1.508,152510.13042771
2026-03-16 23:00:00,1.508,1.511,1.488,1.491,281280.08252293
2026-03-17 00:00:00,1.491,1.509,1.484,1.493,164269.79491652
2026-03-17 01:00:00,1.492,1.492,1.467,1.475,148641.87730509
2026-03-17 02:00:00,1.475,1.477,1.458,1.459,185353.83615762
2026-03-17 03:00:00,1.458,1.46,1.45,1.457,140856.45086569
2026-03-17 04:00:00,1.457,1.458,1.436,1.441,169531.62014377
2026-03-17 05:00:00,1.442,1.447,1.425,1.433,106894.54695637
2026-03-17 06:00:00,1.434,1.454,1.428,1.449,55742.67414541
2026-03-17 07:00:00,1.449,1.467,1.449,1.463,82420.72821342
2026-03-17 08:00:00,1.461,1.475,1.459,1.465,91541.13890008
2026-03-17 09:00:00,1.465,1.47,1.449,1.453,165750.12744057
2026-03-17 10:00:00,1.453,1.456,1.447,1.454,79268.98922408
2026-03-17 11:00:00,1.454,1.459,1.44,1.446,111811.26104179
2026-03-17 12:00:00,1.444,1.452,1.439,1.444,124199.24928539
2026-03-17 13:00:00,1.445,1.449,1.432,1.439,88235.97042812
2026-03-17 14:00:00,1.439,1.456,1.434,1.454,68124.75013292
2026-03-17 15:00:00,1.455,1.462,1.446,1.461,91507.26504269
2026-03-17 16:00:00,1.46,1.464,1.455,1.462,65567.42881044
2026-03-17 17:00:00,1.463,1.465,1.459,1.465,43991.34242727
2026-03-17 18:00:00,1.464,1.464,1.457,1.459,42774.01582117
2026-03-17 19:00:00,1.459,1.459,1.453,1.453,28240.72534829
2026-03-17 20:00:00,1.454,1.461,1.452,1.459,49957.14821463
2026-03-17 21:00:00,1.458,1.467,1.458,1.459,60181.51347614
2026-03-17 22:00:00,1.459,1.463,1.452,1.459,35438.66469572
2026-03-17 23:00:00,1.459,1.461,1.451,1.452,39288.66659049
2026-03-18 00:00:00,1.452,1.46,1.449,1.459,63452.13933998
2026-03-18 01:00:00,1.459,1.461,1.451,1.451,35719.01296457
2026-03-18 02:00:00,1.45,1.469,1.449,1.459,76984.40524602
2026-03-18 03:00:00,1.46,1.467,1.457,1.458,67231.93770735
2026-03-18 04:00:00,1.458,1.459,1.447,1.455,28654.13575593
2026-03-18 05:00:00,1.456,1.468,1.447,1.45,72073.59735133
2026-03-18 06:00:00,1.45,1.453,1.439,1.44,131305.41475214
2026-03-18 07:00:00,1.439,1.441,1.431,1.439,88655.38650539
2026-03-18 08:00:00,1.439,1.446,1.437,1.441,35340.76652502
2026-03-18 09:00:00,1.441,1.459,1.438,1.458,101813.07547133
2026-03-18 10:00:00,1.457,1.459,1.449,1.458,59348.56226781
2026-03-18 11:00:00,1.458,1.459,1.424,1.434,197836.7568812
2026-03-18 12:00:00,1.433,1.437,1.407,1.414,208839.71631936
2026-03-18 13:00:00,1.414,1.421,1.403,1.409,117840.9395153
2026-03-18 14:00:00,1.408,1.41,1.384,1.386,168845.18088188
2026-03-18 15:00:00,1.386,1.395,1.379,1.386,127280.36311025
2026-03-18 16:00:00,1.385,1.39,1.374,1.379,112668.43901409
2026-03-18 17:00:00,1.379,1.399,1.374,1.391,74487.04886963
2026-03-18 18:00:00,1.392,1.405,1.38,1.383,84290.08205957
2026-03-18 19:00:00,1.385,1.395,1.384,1.391,81303.8687457
2026-03-18 20:00:00,1.391,1.401,1.381,1.4,46444.23737218
2026-03-18 21:00:00,1.399,1.404,1.393,1.393,75686.73775707
2026-03-18 22:00:00,1.394,1.394,1.383,1.386,71978.08188333
2026-03-18 23:00:00,1.387,1.388,1.381,1.386,26808.75767346
2026-03-19 00:00:00,1.387,1.389,1.378,1.378,32697.71972271
2026-03-19 01:00:00,1.378,1.382,1.37,1.379,49610.14937863
2026-03-19 02:00:00,1.379,1.385,1.375,1.381,25858.37255212
2026-03-19 03:00:00,1.381,1.397,1.379,1.386,54498.48952921
2026-03-19 04:00:00,1.384,1.386,1.375,1.376,36222.79256753
2026-03-19 05:00:00,1.375,1.378,1.357,1.365,173525.67444299
2026-03-19 06:00:00,1.366,1.374,1.363,1.363,56883.75661617
2026-03-19 07:00:00,1.364,1.365,1.344,1.354,131752.13755247
2026-03-19 08:00:00,1.354,1.355,1.347,1.348,49333.23277829
2026-03-19 09:00:00,1.348,1.363,1.348,1.363,70938.57652461
2026-03-19 10:00:00,1.362,1.362,1.355,1.356,32495.12050453
2026-03-19 11:00:00,1.357,1.358,1.354,1.355,21201.03101677
2026-03-19 12:00:00,1.355,1.356,1.337,1.337,106601.32922524
2026-03-19 13:00:00,1.336,1.341,1.326,1.338,229076.20743608
2026-03-19 14:00:00,1.338,1.342,1.326,1.34,115727.86754862
2026-03-19 15:00:00,1.338,1.341,1.323,1.336,115308.31342294
2026-03-19 16:00:00,1.335,1.335,1.324,1.327,63144.24572597
2026-03-19 17:00:00,1.326,1.337,1.323,1.334,70380.55462967
2026-03-19 18:00:00,1.335,1.337,1.329,1.334,32676.64504639
2026-03-19 19:00:00,1.334,1.35,1.333,1.344,69423.70894851
2026-03-19 20:00:00,1.344,1.346,1.336,1.336,80071.83876787
2026-03-19 21:00:00,1.337,1.34,1.33,1.333,46263.64688081
2026-03-19 22:00:00,1.332,1.332,1.323,1.329,70890.93773761
2026-03-19 23:00:00,1.33,1.341,1.329,1.334,44254.49160121
2026-03-20 00:00:00,1.335,1.346,1.334,1.346,66817.06282435
2026-03-20 01:00:00,1.346,1.36,1.343,1.357,72895.26946132
2026-03-20 02:00:00,1.355,1.357,1.348,1.353,52508.57448356
2026-03-20 03:00:00,1.353,1.353,1.346,1.346,53866.83723556
2026-03-20 04:00:00,1.346,1.356,1.345,1.354,27393.0395911
2026-03-20 05:00:00,1.355,1.365,1.353,1.36,91677.77913702
2026-03-20 06:00:00,1.359,1.362,1.354,1.355,83195.97387119
2026-03-20 07:00:00,1.354,1.357,1.338,1.351,142668.95499513
2026-03-20 08:00:00,1.352,1.36,1.347,1.347,71818.15813532
2026-03-20 09:00:00,1.346,1.349,1.336,1.344,60145.54641581
2026-03-20 10:00:00,1.344,1.345,1.336,1.343,27059.27853894
2026-03-20 11:00:00,1.343,1.349,1.328,1.335,94368.80376658
2026-03-20 12:00:00,1.335,1.342,1.332,1.333,115506.95134089
2026-03-20 13:00:00,1.334,1.342,1.331,1.331,72380.09715878
2026-03-20 14:00:00,1.333,1.345,1.325,1.325,94490.93490104
2026-03-20 15:00:00,1.326,1.332,1.316,1.331,142518.83675718
2026-03-20 16:00:00,1.333,1.338,1.327,1.333,69583.78162605
2026-03-20 17:00:00,1.333,1.338,1.327,1.338,46394.16855455
2026-03-20 18:00:00,1.338,1.339,1.313,1.315,95821.97637921
2026-03-20 19:00:00,1.316,1.323,1.309,1.322,79410.97120865
2026-03-20 20:00:00,1.323,1.324,1.312,1.321,42942.36444834
2026-03-20 21:00:00,1.32,1.331,1.316,1.327,121440.34752739
2026-03-20 22:00:00,1.328,1.336,1.323,1.324,50276.93093859
2026-03-20 23:00:00,1.323,1.323,1.315,1.315,29771.67322483
2026-03-21 00:00:00,1.316,1.32,1.313,1.317,76151.41312835
2026-03-21 01:00:00,1.317,1.32,1.312,1.312,24037.87808581
2026-03-21 02:00:00,1.313,1.322,1.313,1.32,96537.77236
2026-03-21 03:00:00,1.32,1.32,1.313,1.314,118821.03690501
2026-03-21 04:00:00,1.314,1.318,1.313,1.315,85507.92139977
2026-03-21 05:00:00,1.315,1.319,1.313,1.316,36802.77269522
2026-03-21 06:00:00,1.315,1.321,1.314,1.319,33537.60248977
2026-03-21 07:00:00,1.319,1.32,1.316,1.317,74252.9674229
2026-03-21 08:00:00,1.316,1.32,1.316,1.32,39898.30999059
2026-03-21 09:00:00,1.32,1.322,1.313,1.314,29291.33914427
2026-03-21 10:00:00,1.313,1.314,1.311,1.314,30496.25336552
2026-03-21 11:00:00,1.314,1.315,1.311,1.313,13531.05171271
2026-03-21 12:00:00,1.314,1.314,1.305,1.307,33318.58671859
2026-03-21 13:00:00,1.306,1.312,1.306,1.311,24117.13936814
2026-03-21 14:00:00,1.312,1.321,1.312,1.315,46482.87781679
2026-03-21 15:00:00,1.315,1.33,1.315,1.33,39073.91940917
2026-03-21 16:00:00,1.33,1.332,1.321,1.321,40014.6426223
2026-03-21 17:00:00,1.321,1.327,1.318,1.325,21141.5277416
2026-03-21 18:00:00,1.324,1.328,1.323,1.324,16259.99620808
2026-03-21 19:00:00,1.324,1.324,1.319,1.321,16575.40307803
2026-03-21 20:00:00,1.32,1.324,1.32,1.324,24178.73234622
2026-03-21 21:00:00,1.322,1.327,1.321,1.321,21766.37162697
2026-03-21 22:00:00,1.321,1.321,1.315,1.316,21505.84357196
2026-03-21 23:00:00,1.315,1.315,1.272,1.281,327366.41585696
2026-03-22 00:00:00,1.283,1.299,1.261,1.292,158821.45079564
2026-03-22 01:00:00,1.293,1.298,1.285,1.291,55695.58530181
2026-03-22 02:00:00,1.292,1.304,1.29,1.298,74239.04059101
2026-03-22 03:00:00,1.296,1.306,1.295,1.296,57374.17797736
2026-03-22 04:00:00,1.297,1.304,1.296,1.301,25824.70094739
2026-03-22 05:00:00,1.301,1.305,1.297,1.302,36367.49410178
2026-03-22 06:00:00,1.303,1.303,1.293,1.299,42226.27155092
2026-03-22 07:00:00,1.298,1.302,1.292,1.292,11504.23964797
2026-03-22 08:00:00,1.291,1.297,1.286,1.296,81391.31702472
2026-03-22 09:00:00,1.295,1.3,1.292,1.297,17324.23636821
2026-03-22 10:00:00,1.296,1.296,1.286,1.286,17058.17285251
2026-03-22 11:00:00,1.285,1.285,1.277,1.277,103642.85493613
2026-03-22 12:00:00,1.277,1.288,1.277,1.28,52294.68001128
2026-03-22 13:00:00,1.28,1.284,1.278,1.279,19868.32532051
2026-03-22 14:00:00,1.28,1.283,1.274,1.283,51966.54049552
2026-03-22 15:00:00,1.283,1.296,1.283,1.286,71136.94380756
2026-03-22 16:00:00,1.287,1.289,1.285,1.288,20836.94493311
2026-03-22 17:00:00,1.288,1.294,1.286,1.29,20818.94960933
2026-03-22 18:00:00,1.289,1.289,1.275,1.28,40369.01731292
2026-03-22 19:00:00,1.281,1.281,1.272,1.277,37843.40451964
2026-03-22 20:00:00,1.278,1.284,1.276,1.277,41937.34316411
2026-03-22 21:00:00,1.278,1.284,1.265,1.28,107512.47069394
2026-03-22 22:00:00,1.28,1.285,1.271,1.282,60442.79776889
2026-03-22 23:00:00,1.282,1.285,1.273,1.273,29896.90305839
2026-03-23 00:00:00,1.274,1.281,1.266,1.279,71957.90329644
2026-03-23 01:00:00,1.279,1.283,1.275,1.279,50054.80327418
2026-03-23 02:00:00,1.279,1.289,1.279,1.283,27014.25956959
2026-03-23 03:00:00,1.284,1.291,1.283,1.283,23282.54543058
2026-03-23 04:00:00,1.283,1.292,1.283,1.291,15537.78580553
2026-03-23 05:00:00,1.292,1.293,1.28,1.285,28282.21355915
2026-03-23 06:00:00,1.284,1.284,1.263,1.266,37592.81410944
2026-03-23 07:00:00,1.266,1.272,1.256,1.265,96837.75751593
2026-03-23 08:00:00,1.265,1.27,1.259,1.261,35298.8077133
2026-03-23 09:00:00,1.261,1.264,1.253,1.263,35375.62946253
2026-03-23 10:00:00,1.264,1.27,1.259,1.263,62393.78178126
2026-03-23 11:00:00,1.264,1.333,1.264,1.302,680047.62480293
2026-03-23 12:00:00,1.305,1.313,1.292,1.31,134717.93221598
2026-03-23 13:00:00,1.311,1.314,1.295,1.31,93909.18048295
2026-03-23 14:00:00,1.312,1.32,1.307,1.319,92426.55871471
2026-03-23 15:00:00,1.318,1.328,1.291,1.293,181639.47933975
2026-03-23 16:00:00,1.294,1.305,1.291,1.305,120939.34447253
2026-03-23 17:00:00,1.306,1.309,1.294,1.305,204901.81433409
2026-03-23 18:00:00,1.305,1.318,1.3,1.318,150929.56791018
2026-03-23 19:00:00,1.318,1.32,1.305,1.305,40007.01637243
2026-03-23 20:00:00,1.305,1.324,1.303,1.321,81685.4621049
2026-03-23 21:00:00,1.323,1.327,1.318,1.325,45629.55735319
2026-03-23 22:00:00,1.325,1.326,1.31,1.312,42548.46590797
2026-03-23 23:00:00,1.312,1.319,1.304,1.312,86863.84442366
2026-03-24 00:00:00,1.311,1.317,1.302,1.31,197496.5406591
2026-03-24 01:00:00,1.311,1.314,1.298,1.303,131287.26428743
2026-03-24 02:00:00,1.301,1.312,1.297,1.297,58199.61571271
2026-03-24 03:00:00,1.297,1.311,1.296,1.308,95968.88561546
2026-03-24 04:00:00,1.309,1.31,1.303,1.305,63570.05954237
2026-03-24 05:00:00,1.304,1.312,1.298,1.307,109242.18568126
2026-03-24 06:00:00,1.306,1.312,1.3,1.309,65609.48105118
2026-03-24 07:00:00,1.309,1.321,1.306,1.32,127432.25841927
2026-03-24 08:00:00,1.319,1.328,1.318,1.322,72504.35111417
2026-03-24 09:00:00,1.321,1.328,1.317,1.328,90696.94506336
2026-03-24 10:00:00,1.328,1.329,1.311,1.313,64903.44521567
2026-03-24 11:00:00,1.312,1.312,1.297,1.3,104732.17500127
2026-03-24 12:00:00,1.3,1.302,1.295,1.297,61704.69660383
2026-03-24 13:00:00,1.297,1.303,1.291,1.292,70805.99124874
2026-03-24 14:00:00,1.293,1.297,1.282,1.292,87548.60921955
2026-03-24 15:00:00,1.293,1.293,1.283,1.283,42236.69805849
2026-03-24 16:00:00,1.282,1.291,1.282,1.291,27293.99261744
2026-03-24 17:00:00,1.292,1.292,1.275,1.281,70915.98322295
2026-03-24 18:00:00,1.279,1.294,1.279,1.289,36625.82713252
2026-03-24 19:00:00,1.29,1.298,1.288,1.293,47265.0594068
2026-03-24 20:00:00,1.294,1.303,1.293,1.301,62366.03378364
2026-03-24 21:00:00,1.301,1.303,1.29,1.294,66468.19908714
2026-03-24 22:00:00,1.297,1.298,1.285,1.29,31780.36985664
2026-03-24 23:00:00,1.29,1.294,1.286,1.291,16477.66425997
2026-03-25 00:00:00,1.293,1.301,1.288,1.298,67489.12122343
2026-03-25 01:00:00,1.298,1.3,1.291,1.296,32637.19668648
2026-03-25 02:00:00,1.296,1.302,1.294,1.295,49123.42727449
2026-03-25 03:00:00,1.293,1.296,1.287,1.293,21397.68133741
2026-03-25 04:00:00,1.293,1.295,1.29,1.295,48074.87278975
2026-03-25 05:00:00,1.295,1.306,1.283,1.283,203911.27864009
2026-03-25 06:00:00,1.283,1.283,1.266,1.278,100331.41567217
2026-03-25 07:00:00,1.278,1.283,1.272,1.276,20733.24161825
2026-03-25 08:00:00,1.277,1.302,1.277,1.299,91449.44418736
2026-03-25 09:00:00,1.298,1.298,1.283,1.292,53467.621571
2026-03-25 10:00:00,1.292,1.303,1.292,1.301,70324.07659947
2026-03-25 11:00:00,1.302,1.307,1.298,1.307,64461.37852691
2026-03-25 12:00:00,1.308,1.311,1.297,1.302,85835.45829018
2026-03-25 13:00:00,1.303,1.307,1.294,1.294,61711.59020756
2026-03-25 14:00:00,1.295,1.307,1.292,1.299,109762.61904356
2026-03-25 15:00:00,1.3,1.302,1.28,1.283,162213.2212011
2026-03-25 16:00:00,1.283,1.299,1.278,1.291,122027.05884501
2026-03-25 17:00:00,1.292,1.295,1.273,1.279,50823.44934653
2026-03-25 18:00:00,1.28,1.284,1.275,1.276,57160.17096716
2026-03-25 19:00:00,1.276,1.282,1.274,1.279,16314.56683652
2026-03-25 20:00:00,1.28,1.284,1.271,1.276,44843.47849113
2026-03-25 21:00:00,1.273,1.278,1.269,1.277,77963.04372859
2026-03-25 22:00:00,1.278,1.286,1.275,1.282,61200.33805752
2026-03-25 23:00:00,1.282,1.284,1.275,1.279,23619.54609781
2026-03-26 00:00:00,1.279,1.28,1.27,1.274,69622.86033457
2026-03-26 01:00:00,1.274,1.276,1.271,1.271,86160.62208442
2026-03-26 02:00:00,1.27,1.27,1.255,1.263,113856.65959412
2026-03-26 03:00:00,1.262,1.263,1.254,1.256,76356.81359827
2026-03-26 04:00:00,1.255,1.256,1.247,1.249,73194.58478352
2026-03-26 05:00:00,1.249,1.249,1.234,1.236,81105.25559968
2026-03-26 06:00:00,1.236,1.239,1.23,1.232,48514.21619833
2026-03-26 07:00:00,1.232,1.235,1.231,1.235,42256.07526596
2026-03-26 08:00:00,1.234,1.236,1.228,1.232,20869.11767228
2026-03-26 09:00:00,1.232,1.234,1.218,1.222,56071.52053309
2026-03-26 10:00:00,1.221,1.225,1.22,1.221,34121.71706141
2026-03-26 11:00:00,1.221,1.227,1.22,1.225,71999.46738879
2026-03-26 12:00:00,1.225,1.23,1.223,1.224,30441.01584306
2026-03-26 13:00:00,1.224,1.239,1.221,1.235,97228.28779826
2026-03-26 14:00:00,1.236,1.238,1.232,1.235,68153.80693144
2026-03-26 15:00:00,1.235,1.235,1.219,1.219,85602.08334767
2026-03-26 16:00:00,1.22,1.225,1.212,1.213,63915.74920682
2026-03-26 17:00:00,1.213,1.22,1.207,1.21,28533.74739891
2026-03-26 18:00:00,1.211,1.213,1.207,1.212,46522.521022
2026-03-26 19:00:00,1.211,1.212,1.204,1.208,23249.03901846
2026-03-26 20:00:00,1.207,1.232,1.205,1.222,84532.39387732
2026-03-26 21:00:00,1.221,1.233,1.221,1.225,17208.14474636
2026-03-26 22:00:00,1.224,1.225,1.219,1.225,15338.99711816
2026-03-26 23:00:00,1.226,1.228,1.219,1.223,17992.98368033
2026-03-27 00:00:00,1.224,1.234,1.224,1.23,33850.30730726
2026-03-27 01:00:00,1.23,1.24,1.227,1.239,40824.43112824
2026-03-27 02:00:00,1.239,1.239,1.235,1.235,14772.12386553
2026-03-27 03:00:00,1.236,1.236,1.229,1.229,11897.96086558
2026-03-27 04:00:00,1.23,1.23,1.222,1.227,99846.25610523
2026-03-27 05:00:00,1.227,1.23,1.223,1.229,263623.71689977
2026-03-27 06:00:00,1.229,1.233,1.227,1.233,58432.85120127
2026-03-27 07:00:00,1.232,1.239,1.232,1.236,47887.19809657
2026-03-27 08:00:00,1.237,1.239,1.222,1.231,74383.22650316
2026-03-27 09:00:00,1.229,1.229,1.213,1.215,88927.14588009
2026-03-27 10:00:00,1.215,1.215,1.19,1.192,216760.43037981
2026-03-27 11:00:00,1.192,1.196,1.184,1.188,237492.26056743
2026-03-27 12:00:00,1.187,1.187,1.177,1.182,114032.86717073
2026-03-27 13:00:00,1.182,1.189,1.179,1.182,176666.89023922
2026-03-27 14:00:00,1.182,1.186,1.176,1.186,156293.48047037
2026-03-27 15:00:00,1.187,1.192,1.18,1.181,82747.41934017
2026-03-27 16:00:00,1.182,1.184,1.176,1.177,71444.68355138
2026-03-27 17:00:00,1.178,1.19,1.177,1.184,47848.40217603
2026-03-27 18:00:00,1.183,1.187,1.178,1.18,23451.05527582
2026-03-27 19:00:00,1.179,1.183,1.177,1.181,12895.1507423
2026-03-27 20:00:00,1.18,1.181,1.169,1.176,61786.59562952
2026-03-27 21:00:00,1.176,1.184,1.176,1.177,64538.3908895
2026-03-27 22:00:00,1.177,1.178,1.172,1.177,29913.32860933
2026-03-27 23:00:00,1.177,1.182,1.174,1.18,23841.70960739
2026-03-28 00:00:00,1.181,1.181,1.176,1.176,18798.62639038
2026-03-28 01:00:00,1.176,1.176,1.165,1.172,33263.04383486
2026-03-28 02:00:00,1.172,1.176,1.163,1.165,54136.66609998
2026-03-28 03:00:00,1.166,1.167,1.164,1.165,22811.44383677
2026-03-28 04:00:00,1.166,1.168,1.163,1.167,27742.41758523
2026-03-28 05:00:00,1.168,1.173,1.164,1.173,22391.65072768
2026-03-28 06:00:00,1.172,1.177,1.17,1.173,23280.66329573
2026-03-28 07:00:00,1.173,1.177,1.172,1.176,9267.78892695
2026-03-28 08:00:00,1.177,1.178,1.173,1.173,27093.88589689
2026-03-28 09:00:00,1.173,1.173,1.162,1.163,24390.08292645
2026-03-28 10:00:00,1.162,1.168,1.162,1.165,32534.57333583
2026-03-28 11:00:00,1.165,1.171,1.165,1.171,33198.84863596
2026-03-28 12:00:00,1.17,1.171,1.164,1.164,32756.49669853
2026-03-28 13:00:00,1.163,1.187,1.163,1.179,109357.16112072
2026-03-28 14:00:00,1.18,1.183,1.174,1.178,111839.25219445
2026-03-28 15:00:00,1.178,1.188,1.176,1.184,77728.45198899
2026-03-28 16:00:00,1.185,1.189,1.182,1.187,84723.48970547
2026-03-28 17:00:00,1.186,1.188,1.18,1.187,28723.50794389
2026-03-28 18:00:00,1.187,1.19,1.184,1.188,30325.24967483
2026-03-28 19:00:00,1.188,1.188,1.184,1.188,12075.57720969
2026-03-28 20:00:00,1.19,1.191,1.188,1.188,8320.70621259
2026-03-28 21:00:00,1.188,1.19,1.18,1.181,120783.07240324
2026-03-28 22:00:00,1.181,1.181,1.176,1.181,152137.47949293
2026-03-28 23:00:00,1.18,1.18,1.166,1.173,161955.89279774
2026-03-29 00:00:00,1.174,1.175,1.161,1.165,203280.11838857
2026-03-29 01:00:00,1.165,1.174,1.164,1.168,133606.15117764
2026-03-29 02:00:00,1.168,1.172,1.167,1.169,118020.43557067
2026-03-29 03:00:00,1.17,1.177,1.17,1.171,82332.00316136
2026-03-29 04:00:00,1.171,1.173,1.169,1.17,52622.93282507
2026-03-29 05:00:00,1.171,1.172,1.167,1.171,141071.00831641
2026-03-29 06:00:00,1.172,1.173,1.17,1.171,63518.27869374
2026-03-29 07:00:00,1.17,1.17,1.163,1.163,46488.99836364
2026-03-29 08:00:00,1.163,1.168,1.161,1.164,132956.77998433
2026-03-29 09:00:00,1.163,1.166,1.162,1.163,63328.62030874
2026-03-29 10:00:00,1.162,1.163,1.155,1.159,35542.83233681
2026-03-29 11:00:00,1.159,1.167,1.159,1.165,62750.11875678
2026-03-29 12:00:00,1.164,1.165,1.156,1.16,40161.72582704
2026-03-29 13:00:00,1.16,1.162,1.151,1.159,75732.65979458
2026-03-29 14:00:00,1.158,1.165,1.157,1.159,63518.08596351
2026-03-29 15:00:00,1.16,1.162,1.155,1.16,37791.83750177
2026-03-29 16:00:00,1.159,1.161,1.152,1.152,11287.84127677
2026-03-29 17:00:00,1.153,1.158,1.149,1.156,60449.11454966
2026-03-29 18:00:00,1.156,1.159,1.151,1.157,24694.76769138
2026-03-29 19:00:00,1.157,1.159,1.156,1.157,26362.92193058
2026-03-29 20:00:00,1.159,1.172,1.159,1.169,35328.34405346
2026-03-29 21:00:00,1.169,1.175,1.168,1.175,53557.98337971
2026-03-29 22:00:00,1.174,1.174,1.13,1.158,134507.25692614
2026-03-29 23:00:00,1.159,1.168,1.157,1.164,47052.87362922
2026-03-30 00:00:00,1.165,1.189,1.164,1.171,39165.0350124
2026-03-30 01:00:00,1.171,1.177,1.17,1.176,20863.42920813
2026-03-30 02:00:00,1.176,1.198,1.176,1.187,36156.62794
2026-03-30 03:00:00,1.188,1.191,1.185,1.19,29121.19823408
2026-03-30 04:00:00,1.191,1.204,1.187,1.202,124398.57530507
2026-03-30 05:00:00,1.202,1.207,1.195,1.2,69526.55529672
2026-03-30 06:00:00,1.2,1.202,1.195,1.196,31320.29733674
2026-03-30 07:00:00,1.196,1.206,1.19,1.204,53562.24557699
2026-03-30 08:00:00,1.204,1.225,1.204,1.219,120230.6682105
2026-03-30 09:00:00,1.22,1.22,1.201,1.202,43795.86196363
2026-03-30 10:00:00,1.202,1.202,1.196,1.199,27545.5638941
2026-03-30 11:00:00,1.199,1.212,1.199,1.201,78979.78569236
2026-03-30 12:00:00,1.201,1.208,1.201,1.205,46221.15974594
2026-03-30 13:00:00,1.206,1.208,1.193,1.194,63678.15341363
2026-03-30 14:00:00,1.194,1.194,1.179,1.187,48076.49848389
2026-03-30 15:00:00,1.188,1.188,1.177,1.181,33683.15400275
2026-03-30 16:00:00,1.181,1.181,1.171,1.172,35011.33555346
2026-03-30 17:00:00,1.173,1.175,1.158,1.166,90283.04027075
2026-03-30 18:00:00,1.167,1.169,1.154,1.159,145725.60724116
2026-03-30 19:00:00,1.161,1.161,1.149,1.155,69127.17933967
2026-03-30 20:00:00,1.154,1.158,1.149,1.158,64518.81692181
2026-03-30 21:00:00,1.156,1.173,1.156,1.168,25705.10211085
2026-03-30 22:00:00,1.168,1.169,1.164,1.165,13575.66585658
2026-03-30 23:00:00,1.163,1.163,1.156,1.162,39227.45630632
2026-03-31 00:00:00,1.162,1.172,1.161,1.172,53934.92131699
2026-03-31 01:00:00,1.172,1.203,1.171,1.191,104364.95666769
2026-03-31 02:00:00,1.19,1.191,1.182,1.185,146099.08516157
2026-03-31 03:00:00,1.184,1.184,1.177,1.18,91162.76680272
2026-03-31 04:00:00,1.18,1.183,1.177,1.177,56429.50574612
2026-03-31 05:00:00,1.176,1.18,1.174,1.178,53131.12617568
2026-03-31 06:00:00,1.178,1.188,1.176,1.186,189855.62548999
2026-03-31 07:00:00,1.186,1.188,1.18,1.186,101077.4995847
2026-03-31 08:00:00,1.187,1.187,1.176,1.176,65473.43148436
2026-03-31 09:00:00,1.177,1.179,1.162,1.166,106480.43035718
2026-03-31 10:00:00,1.167,1.173,1.166,1.166,56486.28132084
2026-03-31 11:00:00,1.165,1.176,1.164,1.175,152441.82129407
2026-03-31 12:00:00,1.176,1.184,1.173,1.173,109564.65610518
2026-03-31 13:00:00,1.173,1.194,1.173,1.19,151621.22658066
2026-03-31 14:00:00,1.191,1.199,1.174,1.176,77288.08304083
2026-03-31 15:00:00,1.177,1.192,1.174,1.174,30644.65292005
2026-03-31 16:00:00,1.173,1.198,1.173,1.195,40461.98103549
2026-03-31 17:00:00,1.196,1.203,1.183,1.184,74696.84561046
2026-03-31 18:00:00,1.185,1.191,1.181,1.189,79056.87576749
2026-03-31 19:00:00,1.19,1.191,1.181,1.187,91414.14897713
2026-03-31 20:00:00,1.187,1.189,1.184,1.186,48488.55410805
2026-03-31 21:00:00,1.185,1.189,1.178,1.183,33562.38912518
2026-03-31 22:00:00,1.184,1.184,1.177,1.18,18653.59666102
2026-03-31 23:00:00,1.18,1.189,1.179,1.189,21284.94570363
2026-04-01 00:00:00,1.19,1.191,1.184,1.19,31224.07270234
2026-04-01 01:00:00,1.19,1.192,1.182,1.182,62804.5829591
2026-04-01 02:00:00,1.183,1.185,1.179,1.182,21498.14195821
2026-04-01 03:00:00,1.182,1.195,1.182,1.193,93015.40743257
2026-04-01 04:00:00,1.193,1.198,1.189,1.194,59466.61260616
2026-04-01 05:00:00,1.195,1.21,1.192,1.207,51550.61065608
2026-04-01 06:00:00,1.207,1.225,1.207,1.221,97242.56492953
2026-04-01 07:00:00,1.222,1.227,1.213,1.217,128338.28935594
2026-04-01 08:00:00,1.218,1.222,1.21,1.214,89587.13904451
2026-04-01 09:00:00,1.213,1.214,1.206,1.209,42914.63137639
2026-04-01 10:00:00,1.211,1.211,1.201,1.204,72641.45528514
2026-04-01 11:00:00,1.204,1.212,1.203,1.211,54802.95881361
2026-04-01 12:00:00,1.212,1.229,1.21,1.218,89046.17619795
2026-04-01 13:00:00,1.218,1.218,1.202,1.208,81231.79052453
2026-04-01 14:00:00,1.208,1.215,1.206,1.214,48350.13641682
2026-04-01 15:00:00,1.215,1.216,1.202,1.207,43483.21444786
2026-04-01 16:00:00,1.206,1.209,1.199,1.206,35204.98934386
2026-04-01 17:00:00,1.206,1.215,1.202,1.206,47620.15930983
2026-04-01 18:00:00,1.206,1.206,1.198,1.199,32979.67615234
2026-04-01 19:00:00,1.2,1.206,1.199,1.202,16954.56965116
2026-04-01 20:00:00,1.201,1.201,1.196,1.197,24168.30652318
2026-04-01 21:00:00,1.198,1.205,1.198,1.201,59738.64859534
2026-04-01 22:00:00,1.2,1.202,1.191,1.193,156576.54503745
2026-04-01 23:00:00,1.193,1.194,1.185,1.191,186419.38471849
2026-04-02 00:00:00,1.192,1.207,1.19,1.202,157213.73862939
2026-04-02 01:00:00,1.202,1.202,1.163,1.171,268077.56568586
2026-04-02 02:00:00,1.171,1.171,1.159,1.166,47979.53905933
2026-04-02 03:00:00,1.165,1.167,1.154,1.156,50092.24499624
2026-04-02 04:00:00,1.157,1.161,1.153,1.154,114917.8514818
2026-04-02 05:00:00,1.154,1.155,1.146,1.155,77697.49157125
2026-04-02 06:00:00,1.154,1.161,1.154,1.156,38124.37079878
2026-04-02 07:00:00,1.156,1.167,1.155,1.166,48479.64815384
2026-04-02 08:00:00,1.165,1.166,1.153,1.155,684161.83612683
2026-04-02 09:00:00,1.155,1.157,1.153,1.156,84840.40767927
2026-04-02 10:00:00,1.155,1.157,1.15,1.152,36609.56915175
2026-04-02 11:00:00,1.152,1.155,1.147,1.152,15631.42741836
2026-04-02 12:00:00,1.153,1.157,1.15,1.152,56283.02893001
2026-04-02 13:00:00,1.151,1.151,1.137,1.148,87799.39613378
2026-04-02 14:00:00,1.148,1.169,1.147,1.165,113007.39815817
2026-04-02 15:00:00,1.164,1.164,1.152,1.157,90159.74449212
2026-04-02 16:00:00,1.156,1.165,1.151,1.158,57978.66374975
2026-04-02 17:00:00,1.158,1.166,1.151,1.151,21079.96370258
2026-04-02 18:00:00,1.152,1.156,1.149,1.154,15432.33491052
2026-04-02 19:00:00,1.155,1.158,1.152,1.158,27715.95671267
2026-04-02 20:00:00,1.158,1.163,1.154,1.16,55177.12900089
2026-04-02 21:00:00,1.16,1.16,1.153,1.159,64004.7763244
2026-04-02 22:00:00,1.158,1.161,1.157,1.161,47665.61056337
2026-04-02 23:00:00,1.16,1.162,1.159,1.162,40672.87305267
2026-04-03 00:00:00,1.163,1.165,1.159,1.16,28237.98000424
2026-04-03 01:00:00,1.161,1.167,1.159,1.162,28072.27750182
2026-04-03 02:00:00,1.162,1.169,1.16,1.168,45018.47867138
2026-04-03 03:00:00,1.169,1.179,1.167,1.176,33772.50490887
2026-04-03 04:00:00,1.177,1.182,1.175,1.181,41301.2345992
2026-04-03 05:00:00,1.182,1.188,1.176,1.186,39987.01153565
2026-04-03 06:00:00,1.185,1.205,1.184,1.199,171020.10288438
2026-04-03 07:00:00,1.197,1.21,1.196,1.205,108704.11107395
2026-04-03 08:00:00,1.205,1.222,1.205,1.213,89945.68546422
2026-04-03 09:00:00,1.212,1.223,1.209,1.22,93502.251454
2026-04-03 10:00:00,1.22,1.226,1.216,1.222,59778.63878752
2026-04-03 11:00:00,1.223,1.228,1.219,1.224,74595.90600072
2026-04-03 12:00:00,1.224,1.23,1.212,1.217,112781.39466734
2026-04-03 13:00:00,1.217,1.217,1.21,1.214,65067.46048204
2026-04-03 14:00:00,1.214,1.217,1.209,1.213,24547.67111686
2026-04-03 15:00:00,1.213,1.214,1.203,1.205,48759.89153499
2026-04-03 16:00:00,1.204,1.212,1.204,1.212,53079.35430484
2026-04-03 17:00:00,1.212,1.213,1.203,1.205,55480.88120531
2026-04-03 18:00:00,1.205,1.207,1.2,1.202,10411.50901482
2026-04-03 19:00:00,1.201,1.208,1.197,1.207,137118.0039824
2026-04-03 20:00:00,1.208,1.216,1.206,1.216,319025.516346
2026-04-03 21:00:00,1.216,1.221,1.21,1.21,324891.58606545
2026-04-03 22:00:00,1.211,1.211,1.204,1.207,17617.33304384
2026-04-03 23:00:00,1.206,1.21,1.205,1.209,22730.11998583
2026-04-04 00:00:00,1.209,1.213,1.209,1.211,11644.26740378
2026-04-04 01:00:00,1.21,1.212,1.207,1.211,16391.99323088
2026-04-04 02:00:00,1.21,1.214,1.21,1.212,22272.53278769
2026-04-04 03:00:00,1.213,1.224,1.213,1.222,208806.89103275
2026-04-04 04:00:00,1.222,1.227,1.219,1.225,43665.44550148
2026-04-04 05:00:00,1.226,1.228,1.219,1.219,89518.02425367
2026-04-04 06:00:00,1.219,1.225,1.219,1.225,17100.64408694
2026-04-04 07:00:00,1.225,1.233,1.225,1.232,57278.42427868
2026-04-04 08:00:00,1.231,1.234,1.224,1.224,72991.17871253
2026-04-04 09:00:00,1.225,1.229,1.224,1.227,10637.92194799
2026-04-04 10:00:00,1.228,1.235,1.225,1.233,28009.70416721
2026-04-04 11:00:00,1.233,1.237,1.232,1.232,47448.76279562
2026-04-04 12:00:00,1.231,1.249,1.231,1.248,98693.68234198
2026-04-04 13:00:00,1.248,1.259,1.243,1.243,131040.43148681
2026-04-04 14:00:00,1.243,1.25,1.241,1.249,85453.89863152
2026-04-04 15:00:00,1.249,1.267,1.248,1.264,169846.59016678
2026-04-04 16:00:00,1.265,1.274,1.255,1.256,98504.78256618
2026-04-04 17:00:00,1.256,1.283,1.253,1.278,131039.94861438
2026-04-04 18:00:00,1.279,1.283,1.274,1.279,31413.87638751
2026-04-04 19:00:00,1.278,1.287,1.268,1.269,122305.74859638
2026-04-04 20:00:00,1.271,1.271,1.263,1.264,49831.72357282
2026-04-04 21:00:00,1.262,1.272,1.261,1.262,50682.75060145
2026-04-04 22:00:00,1.262,1.262,1.254,1.255,22491.95390662
2026-04-04 23:00:00,1.255,1.257,1.253,1.255,13934.0841767
2026-04-05 00:00:00,1.256,1.26,1.253,1.258,56341.90565916
2026-04-05 01:00:00,1.258,1.265,1.256,1.259,25809.37874042
2026-04-05 02:00:00,1.259,1.259,1.253,1.258,161021.66925791
2026-04-05 03:00:00,1.259,1.262,1.257,1.261,27645.64942506
2026-04-05 04:00:00,1.26,1.269,1.257,1.264,50444.45877149
2026-04-05 05:00:00,1.263,1.267,1.251,1.252,46825.82760862
2026-04-05 06:00:00,1.25,1.25,1.24,1.246,116358.2909485
2026-04-05 07:00:00,1.247,1.247,1.238,1.24,32674.42905357
2026-04-05 08:00:00,1.24,1.245,1.239,1.243,50558.20798303
2026-04-05 09:00:00,1.244,1.249,1.243,1.249,17671.36387863
2026-04-05 10:00:00,1.248,1.25,1.242,1.243,24472.67338056
2026-04-05 11:00:00,1.242,1.247,1.242,1.247,26591.00275005
2026-04-05 12:00:00,1.247,1.249,1.234,1.243,32777.97623628
2026-04-05 13:00:00,1.244,1.248,1.238,1.247,55271.0992575
2026-04-05 14:00:00,1.248,1.251,1.244,1.246,23460.05041037
2026-04-05 15:00:00,1.245,1.263,1.242,1.248,55652.43726421
2026-04-05 16:00:00,1.248,1.251,1.244,1.245,6123.33921615
2026-04-05 17:00:00,1.244,1.247,1.24,1.24,21623.74011446
2026-04-05 18:00:00,1.24,1.242,1.231,1.233,92225.36220096
2026-04-05 19:00:00,1.233,1.237,1.228,1.233,8201.90071796
2026-04-05 20:00:00,1.233,1.236,1.232,1.233,23257.59641
2026-04-05 21:00:00,1.232,1.232,1.224,1.229,47776.29947464
2026-04-05 22:00:00,1.228,1.243,1.226,1.242,226690.75403753
2026-04-05 23:00:00,1.243,1.252,1.238,1.247,64991.80522432
2026-04-06 00:00:00,1.248,1.263,1.248,1.26,188964.39776311
2026-04-06 01:00:00,1.26,1.263,1.255,1.26,122428.2863796
2026-04-06 02:00:00,1.261,1.276,1.261,1.269,64443.07572382
2026-04-06 03:00:00,1.27,1.276,1.268,1.274,41700.77445595
2026-04-06 04:00:00,1.274,1.28,1.268,1.275,86273.82299254
2026-04-06 05:00:00,1.276,1.278,1.273,1.275,26520.00574536
2026-04-06 06:00:00,1.273,1.277,1.268,1.276,58872.03096847
2026-04-06 07:00:00,1.273,1.273,1.263,1.267,24492.19629861
2026-04-06 08:00:00,1.269,1.28,1.269,1.277,131464.20583653
2026-04-06 09:00:00,1.277,1.287,1.276,1.28,395867.27326502
2026-04-06 10:00:00,1.281,1.296,1.281,1.294,209345.4495432
2026-04-06 11:00:00,1.295,1.301,1.292,1.296,247878.52788019
2026-04-06 12:00:00,1.296,1.301,1.293,1.293,53228.66146057
2026-04-06 13:00:00,1.294,1.294,1.284,1.285,337440.24178701
2026-04-06 14:00:00,1.284,1.288,1.272,1.282,107777.3299182
2026-04-06 15:00:00,1.281,1.284,1.276,1.28,495871.04275957
2026-04-06 16:00:00,1.279,1.286,1.277,1.282,430617.90364023
2026-04-06 17:00:00,1.281,1.281,1.269,1.276,139864.24920909
2026-04-06 18:00:00,1.275,1.277,1.272,1.274,80834.16799617
2026-04-06 19:00:00,1.274,1.276,1.268,1.274,18003.86483702
2026-04-06 20:00:00,1.274,1.279,1.271,1.279,50181.28911028
2026-04-06 21:00:00,1.279,1.279,1.255,1.257,95539.80883346
2026-04-06 22:00:00,1.256,1.262,1.247,1.247,61286.09613108
2026-04-06 23:00:00,1.247,1.253,1.238,1.249,126130.99519805
2026-04-07 00:00:00,1.249,1.25,1.238,1.242,52730.19122389
2026-04-07 01:00:00,1.241,1.243,1.233,1.237,34334.93812164
2026-04-07 02:00:00,1.235,1.238,1.23,1.235,71101.76556323
2026-04-07 03:00:00,1.235,1.241,1.235,1.24,28924.56854001
2026-04-07 04:00:00,1.24,1.242,1.234,1.24,30438.9507846
2026-04-07 05:00:00,1.24,1.24,1.228,1.231,40698.10180451
2026-04-07 06:00:00,1.229,1.237,1.227,1.235,42785.49260322
2026-04-07 07:00:00,1.235,1.242,1.235,1.237,34506.53963555
2026-04-07 08:00:00,1.237,1.247,1.237,1.246,70387.82728076
2026-04-07 09:00:00,1.247,1.255,1.247,1.249,51688.34859916
2026-04-07 10:00:00,1.25,1.256,1.236,1.239,77286.7255961
2026-04-07 11:00:00,1.238,1.24,1.234,1.236,36478.3611178
2026-04-07 12:00:00,1.236,1.245,1.227,1.242,106719.22253973
2026-04-07 13:00:00,1.243,1.249,1.236,1.236,62190.0558054
2026-04-07 14:00:00,1.236,1.237,1.229,1.229,48114.69263298
2026-04-07 15:00:00,1.228,1.239,1.221,1.239,108086.93730424
2026-04-07 16:00:00,1.239,1.247,1.236,1.238,131306.46081731
2026-04-07 17:00:00,1.239,1.249,1.234,1.245,67325.63741036
2026-04-07 18:00:00,1.246,1.251,1.244,1.246,36790.92880321
2026-04-07 19:00:00,1.246,1.265,1.242,1.261,74814.31947158
2026-04-07 20:00:00,1.262,1.272,1.262,1.267,44453.42100691
2026-04-07 21:00:00,1.267,1.314,1.267,1.304,216747.87401172
2026-04-07 22:00:00,1.309,1.332,1.298,1.332,201930.67465549
2026-04-07 23:00:00,1.333,1.341,1.309,1.309,165753.2135095
2026-04-08 00:00:00,1.311,1.313,1.29,1.29,82939.85657441
2026-04-08 01:00:00,1.291,1.299,1.286,1.295,57248.85323072
2026-04-08 02:00:00,1.296,1.302,1.291,1.296,59005.28264717
2026-04-08 03:00:00,1.296,1.3,1.293,1.298,33818.1660931
2026-04-08 04:00:00,1.299,1.31,1.298,1.305,131179.38133866
2026-04-08 05:00:00,1.305,1.329,1.305,1.322,165057.07753222
2026-04-08 06:00:00,1.322,1.341,1.321,1.336,134941.49188563
2026-04-08 07:00:00,1.336,1.352,1.332,1.35,306064.90026484
2026-04-08 08:00:00,1.351,1.367,1.34,1.366,241326.32518282
2026-04-08 09:00:00,1.366,1.379,1.363,1.37,137285.62929795
2026-04-08 10:00:00,1.37,1.379,1.36,1.36,127551.41558834
2026-04-08 11:00:00,1.359,1.365,1.349,1.359,122012.77800672
2026-04-08 12:00:00,1.36,1.379,1.36,1.378,123548.28273702
2026-04-08 13:00:00,1.376,1.391,1.369,1.377,244018.46508648
2026-04-08 14:00:00,1.377,1.381,1.352,1.356,194800.86922249
2026-04-08 15:00:00,1.355,1.356,1.345,1.351,56768.63431851
2026-04-08 16:00:00,1.35,1.357,1.341,1.354,37841.44889931
2026-04-08 17:00:00,1.354,1.367,1.353,1.363,91830.26971289
2026-04-08 18:00:00,1.363,1.364,1.339,1.34,74675.06218086
2026-04-08 19:00:00,1.34,1.345,1.339,1.345,25608.23621995
2026-04-08 20:00:00,1.346,1.353,1.34,1.344,48532.23889626
2026-04-08 21:00:00,1.344,1.353,1.342,1.352,67261.98254747
2026-04-08 22:00:00,1.352,1.352,1.333,1.334,51606.42763574
2026-04-08 23:00:00,1.333,1.341,1.327,1.33,44239.61946538
2026-04-09 00:00:00,1.33,1.335,1.326,1.331,35096.5970365
2026-04-09 01:00:00,1.331,1.335,1.318,1.328,68876.80118653
2026-04-09 02:00:00,1.329,1.337,1.325,1.33,43145.03758683
2026-04-09 03:00:00,1.329,1.342,1.325,1.331,129795.11484967
2026-04-09 04:00:00,1.331,1.344,1.328,1.338,110670.36424509
2026-04-09 05:00:00,1.338,1.352,1.335,1.336,113690.85459787
2026-04-09 06:00:00,1.337,1.346,1.337,1.346,34179.54356903
2026-04-09 07:00:00,1.346,1.355,1.346,1.35,46530.31735695
2026-04-09 08:00:00,1.349,1.35,1.343,1.346,53985.73628623
2026-04-09 09:00:00,1.344,1.344,1.327,1.334,87530.47171852
2026-04-09 10:00:00,1.334,1.334,1.329,1.33,48405.24566011
2026-04-09 11:00:00,1.329,1.332,1.328,1.33,38008.66905006
2026-04-09 12:00:00,1.33,1.342,1.329,1.341,40349.53622572
2026-04-09 13:00:00,1.342,1.345,1.324,1.327,170611.82039391
2026-04-09 14:00:00,1.328,1.352,1.324,1.347,74052.74084148
2026-04-09 15:00:00,1.348,1.392,1.342,1.381,306175.24503158
2026-04-09 16:00:00,1.38,1.392,1.357,1.361,208314.15464726
2026-04-09 17:00:00,1.362,1.368,1.352,1.36,100868.39316528
2026-04-09 18:00:00,1.36,1.366,1.349,1.362,203689.10283655
2026-04-09 19:00:00,1.362,1.37,1.359,1.362,62393.64737518
2026-04-09 20:00:00,1.362,1.369,1.36,1.367,46802.89145477
2026-04-09 21:00:00,1.367,1.372,1.352,1.358,74699.52639938
2026-04-09 22:00:00,1.358,1.387,1.358,1.371,144217.46571149
2026-04-09 23:00:00,1.37,1.372,1.358,1.367,74413.66000463
2026-04-10 00:00:00,1.367,1.371,1.355,1.367,89523.68807248
2026-04-10 01:00:00,1.367,1.378,1.359,1.363,85180.14448092
2026-04-10 02:00:00,1.364,1.37,1.361,1.361,18315.03108071
2026-04-10 03:00:00,1.36,1.362,1.353,1.358,67397.31092614
2026-04-10 04:00:00,1.358,1.375,1.357,1.373,55320.33450682
2026-04-10 05:00:00,1.373,1.377,1.366,1.367,35097.58764073
2026-04-10 06:00:00,1.366,1.376,1.348,1.354,119638.79704593
2026-04-10 07:00:00,1.355,1.359,1.351,1.356,71428.54087322
2026-04-10 08:00:00,1.356,1.36,1.345,1.356,58299.49626084
2026-04-10 09:00:00,1.357,1.385,1.357,1.377,132701.99634475
2026-04-10 10:00:00,1.376,1.379,1.368,1.369,30914.52331851
2026-04-10 11:00:00,1.368,1.37,1.36,1.365,43444.78413962
2026-04-10 12:00:00,1.364,1.369,1.354,1.362,124297.33741422
2026-04-10 13:00:00,1.363,1.373,1.362,1.368,64935.34878173
2026-04-10 14:00:00,1.368,1.387,1.365,1.386,92465.8659375
2026-04-10 15:00:00,1.387,1.394,1.37,1.376,153325.86994695
2026-04-10 16:00:00,1.377,1.38,1.368,1.373,55108.54797527
2026-04-10 17:00:00,1.373,1.373,1.36,1.366,62814.67245468
2026-04-10 18:00:00,1.367,1.375,1.365,1.375,13769.84843662
2026-04-10 19:00:00,1.376,1.379,1.371,1.379,64166.82231739
2026-04-10 20:00:00,1.378,1.379,1.354,1.364,52673.46076231
2026-04-10 21:00:00,1.365,1.365,1.346,1.357,27634.95386929
2026-04-10 22:00:00,1.358,1.36,1.354,1.36,26424.45935033
2026-04-10 23:00:00,1.36,1.362,1.356,1.361,22592.18515097
2026-04-11 00:00:00,1.361,1.364,1.355,1.357,35837.93760909
2026-04-11 01:00:00,1.356,1.358,1.339,1.351,37011.13325998
2026-04-11 02:00:00,1.351,1.355,1.349,1.352,24813.1274765
2026-04-11 03:00:00,1.353,1.362,1.348,1.353,29123.8046322
2026-04-11 04:00:00,1.354,1.354,1.345,1.349,70975.15401059
2026-04-11 05:00:00,1.348,1.35,1.34,1.341,11311.45978747
2026-04-11 06:00:00,1.341,1.341,1.33,1.336,91532.74114265
2026-04-11 07:00:00,1.335,1.341,1.333,1.341,21654.51669704
2026-04-11 08:00:00,1.341,1.351,1.34,1.346,37917.7849481
2026-04-11 09:00:00,1.345,1.348,1.342,1.347,34232.76589041
2026-04-11 10:00:00,1.347,1.347,1.342,1.347,10334.44823636
2026-04-11 11:00:00,1.347,1.353,1.346,1.352,16833.61608504
2026-04-11 12:00:00,1.352,1.36,1.349,1.354,28066.12165404
2026-04-11 13:00:00,1.353,1.359,1.349,1.358,21881.728978
2026-04-11 14:00:00,1.357,1.36,1.35,1.351,33722.43695081
2026-04-11 15:00:00,1.352,1.369,1.352,1.368,58713.22603724
2026-04-11 16:00:00,1.368,1.397,1.367,1.385,265832.57323708
2026-04-11 17:00:00,1.384,1.418,1.382,1.407,136999.14903322
2026-04-11 18:00:00,1.407,1.424,1.402,1.402,97203.78062073
2026-04-11 19:00:00,1.404,1.417,1.402,1.409,79407.35016267
2026-04-11 20:00:00,1.409,1.409,1.394,1.403,69040.16459498
2026-04-11 21:00:00,1.402,1.416,1.396,1.406,78677.93050664
2026-04-11 22:00:00,1.407,1.424,1.401,1.406,47010.28353811
2026-04-11 23:00:00,1.406,1.408,1.394,1.403,65565.895299
2026-04-12 00:00:00,1.403,1.406,1.388,1.393,41515.42211103
2026-04-12 01:00:00,1.393,1.394,1.344,1.348,137371.39370013
2026-04-12 02:00:00,1.347,1.351,1.336,1.351,116728.27288414
2026-04-12 03:00:00,1.351,1.353,1.344,1.345,89865.82752979
2026-04-12 04:00:00,1.344,1.345,1.335,1.339,71967.71257242
2026-04-12 05:00:00,1.339,1.343,1.338,1.34,12780.14046762
2026-04-12 06:00:00,1.341,1.344,1.332,1.335,12572.97871668
2026-04-12 07:00:00,1.335,1.341,1.333,1.336,16648.63723302
2026-04-12 08:00:00,1.335,1.342,1.334,1.336,27806.09788624
2026-04-12 09:00:00,1.335,1.337,1.327,1.329,75608.65898062
2026-04-12 10:00:00,1.33,1.33,1.323,1.325,23295.43625377
2026-04-12 11:00:00,1.326,1.333,1.325,1.331,9325.28153311
2026-04-12 12:00:00,1.331,1.342,1.33,1.333,17233.76189893
2026-04-12 13:00:00,1.332,1.343,1.331,1.332,21974.75376237
2026-04-12 14:00:00,1.332,1.352,1.332,1.338,41843.20978285
2026-04-12 15:00:00,1.34,1.341,1.333,1.336,8580.1535761
2026-04-12 16:00:00,1.335,1.349,1.334,1.346,16982.87674773
2026-04-12 17:00:00,1.347,1.359,1.346,1.356,90776.95185806
2026-04-12 18:00:00,1.358,1.367,1.354,1.355,37590.51735753
2026-04-12 19:00:00,1.355,1.357,1.352,1.356,7326.36668304
2026-04-12 20:00:00,1.356,1.368,1.354,1.362,58705.67430024
2026-04-12 21:00:00,1.362,1.368,1.356,1.363,49835.19497656
2026-04-12 22:00:00,1.362,1.363,1.345,1.349,124684.49503866
2026-04-12 23:00:00,1.348,1.353,1.342,1.346,30507.8337052
2026-04-13 00:00:00,1.347,1.374,1.345,1.362,82128.94956238
2026-04-13 01:00:00,1.363,1.388,1.363,1.385,80241.76342773
2026-04-13 02:00:00,1.385,1.387,1.355,1.361,54050.09682278
2026-04-13 03:00:00,1.361,1.371,1.354,1.367,59977.93970314
2026-04-13 04:00:00,1.367,1.373,1.355,1.356,42911.42686887
2026-04-13 05:00:00,1.356,1.365,1.349,1.365,32831.99431962
2026-04-13 06:00:00,1.366,1.392,1.365,1.389,87521.40871183
2026-04-13 07:00:00,1.39,1.397,1.374,1.387,68801.80192949
2026-04-13 08:00:00,1.387,1.394,1.376,1.377,66121.94781214
2026-04-13 09:00:00,1.376,1.396,1.375,1.391,46413.88391084
2026-04-13 10:00:00,1.39,1.39,1.371,1.371,26047.03443612
2026-04-13 11:00:00,1.372,1.38,1.37,1.38,42679.14073168
2026-04-13 12:00:00,1.38,1.384,1.364,1.379,147447.31796681
2026-04-13 13:00:00,1.379,1.411,1.374,1.399,137965.53159301
2026-04-13 14:00:00,1.399,1.404,1.387,1.396,41884.62516172
2026-04-13 15:00:00,1.396,1.396,1.368,1.376,89911.90209496
2026-04-13 16:00:00,1.377,1.393,1.374,1.39,75718.48604278
2026-04-13 17:00:00,1.39,1.411,1.387,1.396,77575.81831429
2026-04-13 18:00:00,1.395,1.403,1.392,1.4,28333.13352343
2026-04-13 19:00:00,1.4,1.413,1.398,1.408,31407.7957658
2026-04-13 20:00:00,1.407,1.407,1.386,1.39,19585.50919828
2026-04-13 21:00:00,1.39,1.401,1.387,1.399,24100.79456775
2026-04-13 22:00:00,1.398,1.416,1.396,1.406,83977.23593751
2026-04-13 23:00:00,1.407,1.421,1.397,1.42,99951.78816451
2026-04-14 00:00:00,1.419,1.423,1.404,1.412,133259.74924621
2026-04-14 01:00:00,1.413,1.423,1.406,1.413,95817.07260462
2026-04-14 02:00:00,1.414,1.417,1.41,1.414,36439.39698843
2026-04-14 03:00:00,1.413,1.413,1.405,1.409,24228.87893251
2026-04-14 04:00:00,1.409,1.415,1.406,1.407,29406.49191625
2026-04-14 05:00:00,1.408,1.408,1.4,1.407,79552.5497016
2026-04-14 06:00:00,1.407,1.428,1.406,1.426,69223.32287362
2026-04-14 07:00:00,1.425,1.435,1.419,1.433,100612.29171525
2026-04-14 08:00:00,1.434,1.439,1.423,1.428,120344.12187124
2026-04-14 09:00:00,1.427,1.428,1.411,1.416,128131.79378545
2026-04-14 10:00:00,1.416,1.424,1.405,1.409,112154.83790517
2026-04-14 11:00:00,1.408,1.409,1.401,1.405,62776.23812309
2026-04-14 12:00:00,1.405,1.415,1.405,1.408,46121.48690212
2026-04-14 13:00:00,1.408,1.412,1.395,1.397,176629.05064409
2026-04-14 14:00:00,1.397,1.398,1.37,1.385,336381.5396839
2026-04-14 15:00:00,1.385,1.396,1.376,1.385,142279.39890731
2026-04-14 16:00:00,1.384,1.389,1.366,1.369,67392.30650996
2026-04-14 17:00:00,1.369,1.372,1.363,1.371,41340.74888885
2026-04-14 18:00:00,1.371,1.375,1.357,1.363,115775.58039636
2026-04-14 19:00:00,1.362,1.369,1.361,1.369,19920.37184598
2026-04-14 20:00:00,1.37,1.374,1.363,1.364,40007.66147293
2026-04-14 21:00:00,1.364,1.369,1.361,1.364,50090.16175505
2026-04-14 22:00:00,1.363,1.364,1.355,1.36,26987.98341877
2026-04-14 23:00:00,1.359,1.361,1.352,1.36,37327.83817947
2026-04-15 00:00:00,1.361,1.368,1.359,1.364,45357.31595665
2026-04-15 01:00:00,1.363,1.37,1.361,1.369,52831.31680093
2026-04-15 02:00:00,1.37,1.371,1.361,1.364,23492.74763983
2026-04-15 03:00:00,1.365,1.368,1.361,1.367,18331.92349095
2026-04-15 04:00:00,1.367,1.372,1.363,1.371,101414.65872132
2026-04-15 05:00:00,1.372,1.373,1.352,1.355,38806.71935486
2026-04-15 06:00:00,1.356,1.356,1.348,1.349,40206.52067944
2026-04-15 07:00:00,1.349,1.351,1.343,1.345,78733.24940601
2026-04-15 08:00:00,1.344,1.354,1.344,1.35,38430.39204496
2026-04-15 09:00:00,1.35,1.351,1.344,1.35,53577.13786905
2026-04-15 10:00:00,1.351,1.369,1.351,1.365,87171.61074783
2026-04-15 11:00:00,1.368,1.386,1.364,1.383,146393.4497243
2026-04-15 12:00:00,1.382,1.402,1.38,1.394,275451.90003611
2026-04-15 13:00:00,1.394,1.399,1.383,1.385,60004.97387087
2026-04-15 14:00:00,1.384,1.399,1.381,1.399,75057.82217697
2026-04-15 15:00:00,1.399,1.401,1.388,1.399,86403.03609174
2026-04-15 16:00:00,1.4,1.405,1.392,1.401,53460.94527693
2026-04-15 17:00:00,1.401,1.409,1.399,1.406,60788.1745004
2026-04-15 18:00:00,1.406,1.411,1.397,1.407,52712.4231615
2026-04-15 19:00:00,1.407,1.417,1.402,1.413,119175.17746152
2026-04-15 20:00:00,1.413,1.413,1.404,1.413,30110.46703884
2026-04-15 21:00:00,1.413,1.416,1.404,1.413,36133.30011662
2026-04-15 22:00:00,1.412,1.422,1.411,1.415,27944.59708175
2026-04-15 23:00:00,1.415,1.415,1.402,1.409,34307.68848341
2026-04-16 00:00:00,1.411,1.412,1.403,1.406,32983.34922108
2026-04-16 01:00:00,1.407,1.412,1.401,1.409,17076.40278824
2026-04-16 02:00:00,1.41,1.42,1.408,1.417,55656.78922554
2026-04-16 03:00:00,1.417,1.432,1.417,1.43,128285.1635897
2026-04-16 04:00:00,1.429,1.436,1.425,1.428,36723.402059
2026-04-16 05:00:00,1.428,1.442,1.422,1.435,165944.82644843
2026-04-16 06:00:00,1.436,1.438,1.429,1.438,54639.10876855
2026-04-16 07:00:00,1.438,1.443,1.429,1.433,96253.20675858
2026-04-16 08:00:00,1.432,1.434,1.413,1.42,108175.03913606
2026-04-16 09:00:00,1.419,1.431,1.403,1.407,313279.19184133
2026-04-16 10:00:00,1.406,1.411,1.399,1.405,157483.943997
2026-04-16 11:00:00,1.405,1.408,1.402,1.405,72033.75010444
2026-04-16 12:00:00,1.404,1.408,1.393,1.397,145362.0502091
2026-04-16 13:00:00,1.396,1.407,1.368,1.382,207679.20964518
2026-04-16 14:00:00,1.381,1.387,1.368,1.382,204434.4263372
2026-04-16 15:00:00,1.382,1.416,1.382,1.415,193464.57207163
2026-04-16 16:00:00,1.415,1.424,1.389,1.391,237734.94471393
2026-04-16 17:00:00,1.39,1.403,1.384,1.399,42371.21212814
2026-04-16 18:00:00,1.4,1.422,1.398,1.42,104594.50692884
2026-04-16 19:00:00,1.421,1.434,1.415,1.432,43778.85305791
2026-04-16 20:00:00,1.433,1.436,1.422,1.427,52722.84019003
2026-04-16 21:00:00,1.428,1.431,1.418,1.43,80798.2782338
2026-04-16 22:00:00,1.43,1.435,1.425,1.434,54330.49233869
2026-04-16 23:00:00,1.433,1.441,1.429,1.432,30223.28566116
2026-04-17 00:00:00,1.433,1.434,1.425,1.433,43405.87273625
2026-04-17 01:00:00,1.432,1.434,1.418,1.423,51859.77332498
2026-04-17 02:00:00,1.42,1.422,1.405,1.412,51202.52207753
2026-04-17 03:00:00,1.412,1.413,1.405,1.409,34280.79215849
2026-04-17 04:00:00,1.41,1.415,1.396,1.403,130504.32368447
2026-04-17 05:00:00,1.404,1.404,1.395,1.397,40415.63408
2026-04-17 06:00:00,1.397,1.427,1.396,1.418,144153.74878493
2026-04-17 07:00:00,1.418,1.425,1.415,1.425,66770.728409
2026-04-17 08:00:00,1.426,1.431,1.417,1.426,53838.41136021
2026-04-17 09:00:00,1.425,1.431,1.416,1.425,100282.8536098
2026-04-17 10:00:00,1.426,1.432,1.37,1.386,642941.57417382
2026-04-17 11:00:00,1.386,1.402,1.385,1.396,199218.81597046
2026-04-17 12:00:00,1.395,1.407,1.389,1.406,101802.08786828
2026-04-17 13:00:00,1.405,1.43,1.398,1.428,311969.46682737
2026-04-17 14:00:00,1.428,1.442,1.422,1.429,218621.99530806
2026-04-17 15:00:00,1.428,1.428,1.408,1.412,167959.67728057
2026-04-17 16:00:00,1.412,1.429,1.41,1.428,119873.311352
2026-04-17 17:00:00,1.429,1.43,1.414,1.425,123726.27434751
2026-04-17 18:00:00,1.426,1.432,1.413,1.423,113623.81611262
2026-04-17 19:00:00,1.423,1.432,1.416,1.424,130529.45011466
2026-04-17 20:00:00,1.425,1.426,1.414,1.422,95439.9675791
2026-04-17 21:00:00,1.422,1.429,1.419,1.421,62624.82107141
2026-04-17 22:00:00,1.42,1.422,1.416,1.419,35195.15626693
2026-04-17 23:00:00,1.418,1.421,1.404,1.407,62484.68116775
2026-04-18 00:00:00,1.407,1.41,1.391,1.4,160749.45024716
2026-04-18 01:00:00,1.4,1.408,1.394,1.399,95289.13530767
2026-04-18 02:00:00,1.398,1.403,1.394,1.401,41007.66855105
2026-04-18 03:00:00,1.4,1.404,1.397,1.397,79722.30842516
2026-04-18 04:00:00,1.399,1.407,1.398,1.406,32073.03585943
2026-04-18 05:00:00,1.406,1.409,1.401,1.405,28091.90162058
2026-04-18 06:00:00,1.405,1.421,1.403,1.418,68417.46442536
2026-04-18 07:00:00,1.417,1.421,1.415,1.417,25648.44827327
2026-04-18 08:00:00,1.419,1.422,1.397,1.409,267180.40411548
2026-04-18 09:00:00,1.409,1.416,1.399,1.412,354854.99134859
2026-04-18 10:00:00,1.412,1.412,1.393,1.397,246973.21248884
2026-04-18 11:00:00,1.397,1.397,1.386,1.39,78777.86911366
2026-04-18 12:00:00,1.39,1.394,1.379,1.385,47942.00450526
2026-04-18 13:00:00,1.383,1.384,1.37,1.382,69372.36733977
2026-04-18 14:00:00,1.381,1.39,1.379,1.382,27656.17139276
2026-04-18 15:00:00,1.383,1.387,1.376,1.376,20196.90452423
2026-04-18 16:00:00,1.375,1.384,1.37,1.374,64790.98126141
2026-04-18 17:00:00,1.373,1.374,1.357,1.357,46682.7663202
2026-04-18 18:00:00,1.358,1.362,1.351,1.353,87310.88118793
2026-04-18 19:00:00,1.354,1.361,1.354,1.359,42499.16910032
2026-04-18 20:00:00,1.358,1.36,1.354,1.355,15655.83616211
2026-04-18 21:00:00,1.354,1.357,1.349,1.356,62887.78388465
2026-04-18 22:00:00,1.355,1.355,1.346,1.347,19343.91677326
2026-04-18 23:00:00,1.346,1.35,1.343,1.344,48838.555282
2026-04-19 00:00:00,1.344,1.347,1.331,1.342,63282.22012268
2026-04-19 01:00:00,1.343,1.346,1.335,1.339,23723.75757733
2026-04-19 02:00:00,1.338,1.341,1.331,1.338,58432.95992374
2026-04-19 03:00:00,1.336,1.349,1.335,1.343,43711.15868535
2026-04-19 04:00:00,1.343,1.357,1.342,1.353,77941.48564933
2026-04-19 05:00:00,1.352,1.356,1.337,1.338,56083.39184973
2026-04-19 06:00:00,1.337,1.344,1.329,1.337,100824.24778384
2026-04-19 07:00:00,1.338,1.338,1.325,1.336,186968.90875058
2026-04-19 08:00:00,1.335,1.337,1.331,1.335,118867.36766099
2026-04-19 09:00:00,1.336,1.339,1.333,1.334,23776.97678536
2026-04-19 10:00:00,1.333,1.343,1.331,1.342,46434.86496774
2026-04-19 11:00:00,1.342,1.36,1.342,1.36,93956.40325939
2026-04-19 12:00:00,1.36,1.366,1.351,1.364,76327.25146746
2026-04-19 13:00:00,1.362,1.385,1.362,1.377,120143.14664819
2026-04-19 14:00:00,1.378,1.388,1.37,1.376,163369.94659047
2026-04-19 15:00:00,1.377,1.377,1.36,1.365,39905.38701109
2026-04-19 16:00:00,1.368,1.368,1.36,1.362,42863.66328282
2026-04-19 17:00:00,1.36,1.361,1.348,1.35,36075.38353065
2026-04-19 18:00:00,1.35,1.356,1.346,1.353,57253.66664079
2026-04-19 19:00:00,1.354,1.364,1.354,1.36,67819.62788057
2026-04-19 20:00:00,1.359,1.359,1.342,1.348,26189.76158686
2026-04-19 21:00:00,1.346,1.356,1.345,1.349,50115.46869841
2026-04-19 22:00:00,1.347,1.347,1.322,1.332,128151.28464163
2026-04-19 23:00:00,1.329,1.331,1.324,1.326,25087.22744347
2026-04-20 00:00:00,1.327,1.347,1.326,1.344,37630.40195551
2026-04-20 01:00:00,1.344,1.357,1.344,1.348,37762.10880486
2026-04-20 02:00:00,1.349,1.353,1.344,1.349,36771.13440026
2026-04-20 03:00:00,1.35,1.36,1.348,1.359,10321.27542862
2026-04-20 04:00:00,1.359,1.362,1.348,1.351,34738.67778639
2026-04-20 05:00:00,1.351,1.351,1.339,1.349,30969.95317301
2026-04-20 06:00:00,1.348,1.354,1.339,1.35,36613.37263919
2026-04-20 07:00:00,1.35,1.365,1.34,1.349,57974.66374013
2026-04-20 08:00:00,1.349,1.352,1.34,1.343,70725.37741264
2026-04-20 09:00:00,1.341,1.355,1.341,1.351,25083.53981668
2026-04-20 10:00:00,1.352,1.359,1.352,1.353,54090.95178269
2026-04-20 11:00:00,1.354,1.356,1.348,1.35,68285.19001302
2026-04-20 12:00:00,1.35,1.364,1.346,1.359,77698.41323769
2026-04-20 13:00:00,1.359,1.364,1.349,1.358,69565.00709944
2026-04-20 14:00:00,1.358,1.364,1.341,1.343,64327.53117522
2026-04-20 15:00:00,1.345,1.355,1.335,1.352,31482.40690973
2026-04-20 16:00:00,1.353,1.353,1.345,1.348,24777.2831866
2026-04-20 17:00:00,1.349,1.362,1.349,1.362,44250.31014427
2026-04-20 18:00:00,1.361,1.37,1.361,1.365,57470.51200416
2026-04-20 19:00:00,1.364,1.365,1.357,1.359,29277.91315214
2026-04-20 20:00:00,1.359,1.368,1.354,1.365,27349.83604822
2026-04-20 21:00:00,1.365,1.371,1.361,1.37,51255.38918966
2026-04-20 22:00:00,1.371,1.373,1.364,1.364,39777.91974469
2026-04-20 23:00:00,1.364,1.364,1.359,1.363,12703.74633861
2026-04-21 00:00:00,1.363,1.371,1.363,1.367,20268.55467991
2026-04-21 01:00:00,1.366,1.371,1.359,1.359,29757.83462337
2026-04-21 02:00:00,1.359,1.36,1.353,1.356,27630.71533787
2026-04-21 03:00:00,1.356,1.358,1.349,1.355,45888.18184835
2026-04-21 04:00:00,1.355,1.362,1.353,1.361,31566.97738849
2026-04-21 05:00:00,1.362,1.37,1.361,1.366,28551.91646097
2026-04-21 06:00:00,1.367,1.376,1.363,1.371,35116.27768423
2026-04-21 07:00:00,1.371,1.382,1.368,1.38,45201.66940825
2026-04-21 08:00:00,1.38,1.387,1.376,1.378,26955.62416402
2026-04-21 09:00:00,1.377,1.389,1.375,1.388,23403.83947577
2026-04-21 10:00:00,1.389,1.397,1.385,1.392,57617.31876682
2026-04-21 11:00:00,1.391,1.398,1.385,1.393,51069.95426999
2026-04-21 12:00:00,1.394,1.396,1.367,1.37,272535.68347858
2026-04-21 13:00:00,1.371,1.373,1.366,1.368,60899.54463265
2026-04-21 14:00:00,1.369,1.381,1.364,1.368,61809.18917733
2026-04-21 15:00:00,1.37,1.379,1.366,1.376,76427.04637787
2026-04-21 16:00:00,1.376,1.381,1.37,1.371,74051.16639378
2026-04-21 17:00:00,1.372,1.375,1.356,1.368,73826.56015675
2026-04-21 18:00:00,1.368,1.37,1.356,1.365,71571.38738293
2026-04-21 19:00:00,1.365,1.37,1.351,1.356,58606.99860804
2026-04-21 20:00:00,1.356,1.374,1.355,1.372,104780.53734799
2026-04-21 21:00:00,1.371,1.374,1.367,1.372,23391.77046773
2026-04-21 22:00:00,1.37,1.375,1.367,1.37,16486.9929035
2026-04-21 23:00:00,1.37,1.388,1.37,1.385,67392.04075166
2026-04-22 00:00:00,1.387,1.388,1.381,1.381,30557.63243774
2026-04-22 01:00:00,1.382,1.387,1.377,1.385,34397.64252786
2026-04-22 02:00:00,1.384,1.402,1.384,1.402,87454.04219158
2026-04-22 03:00:00,1.402,1.405,1.397,1.405,55392.46395477
2026-04-22 04:00:00,1.405,1.41,1.4,1.408,86782.65825816
2026-04-22 05:00:00,1.409,1.415,1.406,1.409,159961.72263233
2026-04-22 06:00:00,1.407,1.409,1.403,1.407,34303.52904052
2026-04-22 07:00:00,1.406,1.414,1.404,1.414,69815.08664775
2026-04-22 08:00:00,1.415,1.418,1.413,1.416,65634.20549271
2026-04-22 09:00:00,1.414,1.422,1.413,1.419,39869.53796221
2026-04-22 10:00:00,1.419,1.425,1.418,1.423,52665.06935055
2026-04-22 11:00:00,1.423,1.426,1.418,1.425,53310.60880175
2026-04-22 12:00:00,1.426,1.427,1.413,1.414,56925.69062442
2026-04-22 13:00:00,1.414,1.423,1.41,1.42,87370.72166692
2026-04-22 14:00:00,1.42,1.426,1.417,1.425,67248.19502678
2026-04-22 15:00:00,1.424,1.432,1.421,1.424,48554.16153657
2026-04-22 16:00:00,1.423,1.423,1.412,1.418,30720.28604965
2026-04-22 17:00:00,1.418,1.423,1.413,1.42,44265.93430002
2026-04-22 18:00:00,1.421,1.423,1.417,1.418,40874.12768531
2026-04-22 19:00:00,1.417,1.419,1.404,1.416,61016.33324864
2026-04-22 20:00:00,1.415,1.417,1.408,1.409,42623.49017058
2026-04-22 21:00:00,1.411,1.416,1.407,1.414,42221.20742478
2026-04-22 22:00:00,1.413,1.415,1.408,1.41,21613.46254955
2026-04-22 23:00:00,1.409,1.409,1.4,1.402,34177.85908118
2026-04-23 00:00:00,1.403,1.408,1.395,1.405,144580.79170986
2026-04-23 01:00:00,1.405,1.405,1.397,1.4,47771.15908841
2026-04-23 02:00:00,1.4,1.4,1.387,1.393,53976.79680825
2026-04-23 03:00:00,1.392,1.395,1.376,1.38,111722.35903936
2026-04-23 04:00:00,1.381,1.385,1.377,1.383,29935.55776194
2026-04-23 05:00:00,1.384,1.387,1.38,1.387,24566.41700897
2026-04-23 06:00:00,1.388,1.393,1.388,1.39,36067.56941232
2026-04-23 07:00:00,1.391,1.392,1.384,1.384,4665.18198422
2026-04-23 08:00:00,1.385,1.388,1.382,1.386,12814.2804814
2026-04-23 09:00:00,1.385,1.385,1.373,1.378,18371.66520518
2026-04-23 10:00:00,1.378,1.38,1.371,1.372,49033.20845379
2026-04-23 11:00:00,1.372,1.391,1.372,1.39,14728.90099981
2026-04-23 12:00:00,1.39,1.396,1.383,1.387,68523.17412921
2026-04-23 13:00:00,1.388,1.391,1.386,1.389,38111.51108245
2026-04-23 14:00:00,1.388,1.403,1.387,1.4,48961.40704051
2026-04-23 15:00:00,1.4,1.411,1.399,1.409,87316.13540678
2026-04-23 16:00:00,1.41,1.415,1.404,1.406,77688.35314661
2026-04-23 17:00:00,1.406,1.406,1.378,1.391,157381.11495691
2026-04-23 18:00:00,1.39,1.396,1.386,1.387,42562.81363321
2026-04-23 19:00:00,1.387,1.396,1.387,1.392,58426.98792823
2026-04-23 20:00:00,1.393,1.403,1.393,1.397,46501.74176051
2026-04-23 21:00:00,1.397,1.406,1.396,1.397,62225.7442019
2026-04-23 22:00:00,1.397,1.408,1.397,1.406,24816.64337151
2026-04-23 23:00:00,1.406,1.407,1.402,1.406,38307.84658442
2026-04-24 00:00:00,1.406,1.411,1.404,1.408,37943.16630272
2026-04-24 01:00:00,1.408,1.413,1.402,1.41,26368.78093403
2026-04-24 02:00:00,1.411,1.411,1.401,1.405,10423.97445727
2026-04-24 03:00:00,1.405,1.406,1.396,1.406,42025.11955865
2026-04-24 04:00:00,1.407,1.409,1.405,1.405,32539.69056203
2026-04-24 05:00:00,1.405,1.412,1.402,1.411,31787.6118168
2026-04-24 06:00:00,1.412,1.416,1.409,1.414,27770.5708514
2026-04-24 07:00:00,1.414,1.414,1.407,1.41,17946.45057193
2026-04-24 08:00:00,1.41,1.415,1.407,1.414,18385.04085429
2026-04-24 09:00:00,1.415,1.415,1.406,1.41,44289.93621936
2026-04-24 10:00:00,1.41,1.416,1.404,1.415,27891.45886158
2026-04-24 11:00:00,1.416,1.425,1.416,1.42,61822.54146239
2026-04-24 12:00:00,1.421,1.423,1.411,1.412,29724.01998663
2026-04-24 13:00:00,1.413,1.421,1.412,1.416,40825.05168583
2026-04-24 14:00:00,1.416,1.417,1.409,1.413,34293.2749948
2026-04-24 15:00:00,1.413,1.428,1.406,1.426,75430.67213223
2026-04-24 16:00:00,1.428,1.434,1.414,1.418,182573.70962499
2026-04-24 17:00:00,1.418,1.421,1.41,1.414,54241.99991621
2026-04-24 18:00:00,1.415,1.418,1.41,1.411,28822.82481147
2026-04-24 19:00:00,1.412,1.414,1.41,1.413,7709.58777396
2026-04-24 20:00:00,1.413,1.417,1.409,1.416,14710.10230311
2026-04-24 21:00:00,1.415,1.419,1.409,1.409,29351.54493522
2026-04-24 22:00:00,1.408,1.408,1.4,1.403,22911.439628
2026-04-24 23:00:00,1.404,1.408,1.402,1.407,16426.89583352
2026-04-25 00:00:00,1.407,1.41,1.402,1.409,15992.33683982
2026-04-25 01:00:00,1.409,1.41,1.403,1.407,16544.15924743
2026-04-25 02:00:00,1.406,1.411,1.404,1.409,26003.01586631
2026-04-25 03:00:00,1.409,1.417,1.409,1.415,46709.99299665
2026-04-25 04:00:00,1.416,1.418,1.413,1.415,20416.00227599
2026-04-25 05:00:00,1.415,1.415,1.411,1.414,19595.84080484
2026-04-25 06:00:00,1.415,1.421,1.414,1.415,38760.3643257
2026-04-25 07:00:00,1.414,1.417,1.412,1.416,27439.5049979
2026-04-25 08:00:00,1.415,1.416,1.412,1.413,24163.88529256
2026-04-25 09:00:00,1.414,1.418,1.411,1.414,23621.76012316
2026-04-25 10:00:00,1.414,1.415,1.412,1.414,19667.20122801
2026-04-25 11:00:00,1.414,1.414,1.402,1.404,46666.72342404
2026-04-25 12:00:00,1.404,1.406,1.4,1.403,53951.96575132
2026-04-25 13:00:00,1.404,1.408,1.404,1.404,31056.53475632
2026-04-25 14:00:00,1.405,1.406,1.402,1.402,11823.26239736
2026-04-25 15:00:00,1.402,1.406,1.4,1.402,26198.24380642
2026-04-25 16:00:00,1.402,1.405,1.394,1.398,37539.41442191
2026-04-25 17:00:00,1.398,1.399,1.389,1.391,40026.27179956
2026-04-25 18:00:00,1.392,1.396,1.391,1.393,25150.45809857
2026-04-25 19:00:00,1.392,1.394,1.389,1.391,13935.12712436
2026-04-25 20:00:00,1.392,1.4,1.392,1.4,20373.64079007
2026-04-25 21:00:00,1.4,1.403,1.395,1.396,64212.69616682
2026-04-25 22:00:00,1.395,1.402,1.395,1.4,15387.71452691
2026-04-25 23:00:00,1.4,1.404,1.4,1.403,13481.96039041
2026-04-26 00:00:00,1.402,1.402,1.395,1.395,20635.83109289
2026-04-26 01:00:00,1.395,1.395,1.391,1.391,25009.15949871
2026-04-26 02:00:00,1.392,1.395,1.392,1.394,16897.31429388
2026-04-26 03:00:00,1.393,1.395,1.388,1.394,46904.84050372
2026-04-26 04:00:00,1.395,1.401,1.394,1.399,21562.9413199
2026-04-26 05:00:00,1.4,1.409,1.398,1.404,21012.11036433
2026-04-26 06:00:00,1.406,1.409,1.404,1.407,48132.62046627
2026-04-26 07:00:00,1.406,1.411,1.405,1.409,50140.27091125
2026-04-26 08:00:00,1.408,1.41,1.406,1.408,35189.18366178
2026-04-26 09:00:00,1.407,1.413,1.406,1.411,31595.55325504
2026-04-26 10:00:00,1.41,1.411,1.404,1.405,86633.3991922
2026-04-26 11:00:00,1.405,1.409,1.404,1.405,15158.89401274
2026-04-26 12:00:00,1.404,1.405,1.393,1.394,56985.35398024
2026-04-26 13:00:00,1.394,1.397,1.388,1.389,86569.09080953
2026-04-26 14:00:00,1.39,1.397,1.388,1.393,19351.25052614
2026-04-26 15:00:00,1.393,1.395,1.385,1.39,30950.49812314
2026-04-26 16:00:00,1.39,1.393,1.388,1.389,44459.37589734
2026-04-26 17:00:00,1.39,1.39,1.384,1.388,17046.39599822
2026-04-26 18:00:00,1.387,1.392,1.384,1.39,19053.72532103
2026-04-26 19:00:00,1.391,1.398,1.389,1.392,22578.66024085
2026-04-26 20:00:00,1.391,1.394,1.388,1.388,16227.44701286
2026-04-26 21:00:00,1.388,1.397,1.379,1.396,120317.52492822
2026-04-26 22:00:00,1.397,1.4,1.388,1.394,18274.50195744
2026-04-26 23:00:00,1.393,1.398,1.392,1.394,20930.97073238
2026-04-27 00:00:00,1.395,1.406,1.392,1.406,57384.3708643
2026-04-27 01:00:00,1.407,1.413,1.399,1.411,67347.88769835
2026-04-27 02:00:00,1.412,1.412,1.402,1.409,63411.37233949
2026-04-27 03:00:00,1.408,1.412,1.405,1.405,19907.08736155
2026-04-27 04:00:00,1.405,1.405,1.394,1.398,125428.52969821
2026-04-27 05:00:00,1.399,1.399,1.373,1.376,99000.41907564
2026-04-27 06:00:00,1.375,1.382,1.369,1.373,37352.35699999
2026-04-27 07:00:00,1.372,1.374,1.368,1.371,49095.80781239
2026-04-27 08:00:00,1.37,1.373,1.368,1.372,41496.4094698
2026-04-27 09:00:00,1.372,1.382,1.372,1.376,64972.67399162
2026-04-27 10:00:00,1.377,1.382,1.376,1.376,56360.75470655
2026-04-27 11:00:00,1.376,1.38,1.373,1.379,16787.54687409
2026-04-27 12:00:00,1.38,1.38,1.366,1.369,87698.31460265
2026-04-27 13:00:00,1.369,1.373,1.365,1.37,46115.31512275
2026-04-27 14:00:00,1.37,1.378,1.369,1.37,127150.5018517
2026-04-27 15:00:00,1.371,1.371,1.347,1.348,142402.71883379
2026-04-27 16:00:00,1.347,1.354,1.344,1.352,46106.07208787
2026-04-27 17:00:00,1.353,1.358,1.352,1.353,24626.03440067
2026-04-27 18:00:00,1.352,1.356,1.351,1.356,15376.38546211
2026-04-27 19:00:00,1.353,1.353,1.34,1.346,26123.73901019
2026-04-27 20:00:00,1.346,1.351,1.346,1.351,17276.98060799
2026-04-27 21:00:00,1.349,1.359,1.349,1.356,42773.90741941
2026-04-27 22:00:00,1.354,1.359,1.354,1.359,28924.06930797
2026-04-27 23:00:00,1.359,1.366,1.357,1.364,14245.26583478
2026-04-28 00:00:00,1.364,1.364,1.358,1.361,12063.75869268
2026-04-28 01:00:00,1.36,1.363,1.357,1.36,54784.67273204
2026-04-28 02:00:00,1.36,1.361,1.353,1.357,36186.70483524
2026-04-28 03:00:00,1.357,1.36,1.355,1.36,34283.57219924
2026-04-28 04:00:00,1.36,1.366,1.357,1.36,35283.53311473
2026-04-28 05:00:00,1.36,1.366,1.36,1.36,35570.31196182
2026-04-28 06:00:00,1.36,1.363,1.352,1.354,80463.95288601
2026-04-28 07:00:00,1.352,1.353,1.346,1.352,24756.5744293
2026-04-28 08:00:00,1.351,1.354,1.348,1.349,23351.51304032
2026-04-28 09:00:00,1.349,1.351,1.347,1.351,29529.0005618
2026-04-28 10:00:00,1.351,1.352,1.349,1.351,3760.7952309
2026-04-28 11:00:00,1.351,1.351,1.343,1.345,43969.29492026
2026-04-28 12:00:00,1.347,1.352,1.345,1.352,28659.59102595
2026-04-28 13:00:00,1.351,1.36,1.346,1.356,42262.73529908
2026-04-28 14:00:00,1.355,1.355,1.343,1.354,58474.54866212
2026-04-28 15:00:00,1.355,1.358,1.329,1.333,129496.61240315
2026-04-28 16:00:00,1.332,1.34,1.332,1.338,60847.00824881
2026-04-28 17:00:00,1.338,1.345,1.334,1.34,7998.51848126
2026-04-28 18:00:00,1.34,1.35,1.34,1.35,33767.49262079
2026-04-28 19:00:00,1.348,1.354,1.348,1.35,11067.26855311
2026-04-28 20:00:00,1.351,1.353,1.347,1.348,15261.86056233
2026-04-28 21:00:00,1.348,1.351,1.348,1.351,42528.26296423
2026-04-28 22:00:00,1.349,1.351,1.345,1.345,11207.22578573
2026-04-28 23:00:00,1.345,1.348,1.344,1.348,7122.53367466
2026-04-29 00:00:00,1.347,1.352,1.347,1.352,5533.94749528
2026-04-29 01:00:00,1.351,1.354,1.345,1.351,41220.80853186
2026-04-29 02:00:00,1.351,1.353,1.349,1.352,25436.77421891
2026-04-29 03:00:00,1.353,1.365,1.353,1.364,14672.85347848
2026-04-29 04:00:00,1.365,1.373,1.363,1.372,23544.3940721
2026-04-29 05:00:00,1.371,1.373,1.368,1.37,17156.73064699
2026-04-29 06:00:00,1.371,1.372,1.361,1.364,20818.79528412
2026-04-29 07:00:00,1.364,1.365,1.362,1.362,11042.40719766
2026-04-29 08:00:00,1.362,1.362,1.356,1.357,8798.03158606
2026-04-29 09:00:00,1.357,1.371,1.357,1.37,37437.31111085
2026-04-29 10:00:00,1.37,1.373,1.359,1.362,35743.62224954
2026-04-29 11:00:00,1.361,1.361,1.354,1.357,15509.00161804
2026-04-29 12:00:00,1.356,1.356,1.346,1.352,76956.15705688
2026-04-29 13:00:00,1.352,1.354,1.34,1.345,66397.6347313
2026-04-29 14:00:00,1.345,1.35,1.34,1.343,44734.29312117
2026-04-29 15:00:00,1.342,1.342,1.316,1.319,108788.24148485
2026-04-29 16:00:00,1.319,1.326,1.317,1.32,46693.39760296
2026-04-29 17:00:00,1.321,1.327,1.319,1.327,24273.34731169
2026-04-29 18:00:00,1.328,1.328,1.291,1.315,250866.28415922
2026-04-29 19:00:00,1.316,1.317,1.308,1.312,27811.57739178
2026-04-29 20:00:00,1.313,1.323,1.312,1.321,24136.84956544
2026-04-29 21:00:00,1.32,1.326,1.318,1.323,22861.56799738
2026-04-29 22:00:00,1.322,1.327,1.322,1.323,32463.52915624
2026-04-29 23:00:00,1.323,1.328,1.321,1.328,24878.68771477
2026-04-30 00:00:00,1.328,1.339,1.327,1.338,23312.97165251
2026-04-30 01:00:00,1.337,1.342,1.335,1.34,17869.5357843
2026-04-30 02:00:00,1.339,1.341,1.321,1.326,35573.6789418
2026-04-30 03:00:00,1.325,1.331,1.323,1.329,36071.93076548
2026-04-30 04:00:00,1.329,1.329,1.318,1.319,68027.16924125
2026-04-30 05:00:00,1.319,1.323,1.316,1.321,33646.55068339
2026-04-30 06:00:00,1.321,1.324,1.32,1.322,29004.42636431
2026-04-30 07:00:00,1.322,1.329,1.322,1.329,22596.57533065
2026-04-30 08:00:00,1.329,1.331,1.323,1.323,37258.6430704
2026-04-30 09:00:00,1.324,1.331,1.323,1.327,25078.7711128
2026-04-30 10:00:00,1.326,1.328,1.322,1.322,33938.03409847
2026-04-30 11:00:00,1.322,1.325,1.319,1.324,101334.23096168
2026-04-30 12:00:00,1.325,1.33,1.321,1.321,64794.10002228
2026-04-30 13:00:00,1.321,1.325,1.318,1.319,20471.85973142
2026-04-30 14:00:00,1.319,1.322,1.311,1.311,36779.57035379
2026-04-30 15:00:00,1.311,1.315,1.307,1.312,17675.16074601
2026-04-30 16:00:00,1.312,1.314,1.31,1.31,16446.49010241
2026-04-30 17:00:00,1.31,1.311,1.306,1.309,25586.86284337
2026-04-30 18:00:00,1.307,1.31,1.303,1.303,27976.56396366
2026-04-30 19:00:00,1.303,1.308,1.302,1.303,18451.85078672
2026-04-30 20:00:00,1.303,1.304,1.301,1.301,24080.80231547
2026-04-30 21:00:00,1.302,1.305,1.3,1.301,26731.84664074
2026-04-30 22:00:00,1.301,1.304,1.293,1.294,50293.80791254
2026-04-30 23:00:00,1.294,1.298,1.291,1.297,22455.85547761
2026-05-01 00:00:00,1.298,1.302,1.297,1.299,23874.14901993
2026-05-01 01:00:00,1.299,1.301,1.293,1.299,43191.22945682
2026-05-01 02:00:00,1.298,1.302,1.295,1.3,37105.14228107
2026-05-01 03:00:00,1.3,1.319,1.3,1.31,37806.91643711
2026-05-01 04:00:00,1.31,1.313,1.304,1.306,22684.44270812
2026-05-01 05:00:00,1.304,1.308,1.301,1.301,17587.80062448
2026-05-01 06:00:00,1.3,1.302,1.296,1.299,13260.19614391
2026-05-01 07:00:00,1.297,1.298,1.296,1.298,6398.31586405
2026-05-01 08:00:00,1.298,1.301,1.297,1.301,18715.152382
2026-05-01 09:00:00,1.301,1.302,1.297,1.298,8521.99904939
2026-05-01 10:00:00,1.299,1.3,1.294,1.3,15785.68106546
2026-05-01 11:00:00,1.299,1.302,1.294,1.298,26881.50019765
2026-05-01 12:00:00,1.298,1.311,1.297,1.304,58552.72686262
2026-05-01 13:00:00,1.304,1.313,1.299,1.31,60984.42314109
2026-05-01 14:00:00,1.311,1.313,1.298,1.303,46467.82083735
2026-05-01 15:00:00,1.302,1.304,1.288,1.294,75265.08615518
2026-05-01 16:00:00,1.295,1.297,1.286,1.29,33124.30915599
2026-05-01 17:00:00,1.29,1.29,1.285,1.289,42370.07563623
2026-05-01 18:00:00,1.289,1.293,1.285,1.293,61681.89575604
2026-05-01 19:00:00,1.293,1.296,1.29,1.292,35806.17105515
2026-05-01 20:00:00,1.293,1.293,1.287,1.288,61814.54727098
2026-05-01 21:00:00,1.289,1.29,1.285,1.288,56350.44397592
2026-05-01 22:00:00,1.288,1.29,1.284,1.287,44063.27035841
2026-05-01 23:00:00,1.287,1.288,1.278,1.288,70653.68787525
2026-05-02 00:00:00,1.289,1.293,1.285,1.292,17162.33341786
2026-05-02 01:00:00,1.291,1.299,1.29,1.296,53701.07848996
2026-05-02 02:00:00,1.296,1.298,1.295,1.296,18535.47701269
2026-05-02 03:00:00,1.296,1.3,1.292,1.298,33662.57463467
2026-05-02 04:00:00,1.298,1.298,1.291,1.292,23817.71390846
2026-05-02 05:00:00,1.292,1.295,1.286,1.288,31088.41716664
2026-05-02 06:00:00,1.288,1.293,1.288,1.293,24008.01710654
2026-05-02 07:00:00,1.293,1.293,1.288,1.288,5608.78865068
2026-05-02 08:00:00,1.288,1.295,1.286,1.293,43157.32159792
2026-05-02 09:00:00,1.293,1.295,1.29,1.292,24176.66242174
2026-05-02 10:00:00,1.291,1.292,1.29,1.29,7205.77055895
2026-05-02 11:00:00,1.289,1.29,1.278,1.281,105314.5735718
2026-05-02 12:00:00,1.281,1.284,1.28,1.28,78889.78046707
2026-05-02 13:00:00,1.281,1.283,1.278,1.281,21428.26520279
2026-05-02 14:00:00,1.281,1.284,1.281,1.284,16054.84397073
2026-05-02 15:00:00,1.284,1.289,1.281,1.287,59597.04598865
2026-05-02 16:00:00,1.288,1.291,1.287,1.291,22321.81489562
2026-05-02 17:00:00,1.292,1.292,1.288,1.291,8522.50597698
2026-05-02 18:00:00,1.291,1.299,1.288,1.298,17944.17519596
2026-05-02 19:00:00,1.297,1.3,1.291,1.291,42020.31892037
2026-05-02 20:00:00,1.291,1.296,1.29,1.293,11938.90085341
2026-05-02 21:00:00,1.293,1.303,1.291,1.299,42652.19423997
2026-05-02 22:00:00,1.299,1.303,1.298,1.3,16886.93993032
2026-05-02 23:00:00,1.299,1.3,1.294,1.3,26283.64538001
2026-05-03 00:00:00,1.301,1.303,1.294,1.3,25461.84779807
2026-05-03 01:00:00,1.298,1.298,1.29,1.29,21188.8824441
2026-05-03 02:00:00,1.29,1.291,1.28,1.284,51378.47239658
2026-05-03 03:00:00,1.284,1.286,1.277,1.282,44814.0440528
2026-05-03 04:00:00,1.282,1.286,1.279,1.283,90505.09831129
2026-05-03 05:00:00,1.283,1.284,1.273,1.277,52243.09850375
2026-05-03 06:00:00,1.276,1.283,1.275,1.278,34620.43704425
2026-05-03 07:00:00,1.279,1.285,1.279,1.28,41969.90767932
2026-05-03 08:00:00,1.28,1.282,1.275,1.275,26743.6629087
2026-05-03 09:00:00,1.275,1.277,1.271,1.276,76544.62546141
2026-05-03 10:00:00,1.276,1.278,1.273,1.273,14213.05089003
2026-05-03 11:00:00,1.272,1.282,1.267,1.277,65803.64709822
2026-05-03 12:00:00,1.277,1.284,1.276,1.279,339993.35944488
2026-05-03 13:00:00,1.28,1.28,1.271,1.271,202881.56723987
2026-05-03 14:00:00,1.272,1.274,1.269,1.273,56026.77960112
2026-05-03 15:00:00,1.273,1.278,1.272,1.274,19150.15792198
2026-05-03 16:00:00,1.274,1.276,1.272,1.274,32623.16393513
2026-05-03 17:00:00,1.274,1.274,1.27,1.271,16367.48070087
2026-05-03 18:00:00,1.272,1.278,1.272,1.276,20946.33759854
2026-05-03 19:00:00,1.276,1.279,1.275,1.277,8654.27054489
2026-05-03 20:00:00,1.278,1.286,1.278,1.28,16394.9772958
2026-05-03 21:00:00,1.281,1.287,1.27,1.274,44320.2424569
2026-05-03 22:00:00,1.274,1.284,1.274,1.279,69313.05468188
2026-05-03 23:00:00,1.279,1.281,1.273,1.275,25232.54167137
2026-05-04 00:00:00,1.276,1.276,1.263,1.273,27928.73863568
2026-05-04 01:00:00,1.273,1.285,1.263,1.284,97089.18908319
2026-05-04 02:00:00,1.285,1.3,1.282,1.298,122597.39381757
2026-05-04 03:00:00,1.298,1.301,1.29,1.298,74146.75108177
2026-05-04 04:00:00,1.298,1.312,1.297,1.306,114594.86581595
2026-05-04 05:00:00,1.306,1.306,1.294,1.297,83302.86269053
2026-05-04 06:00:00,1.298,1.298,1.281,1.29,61896.85453812
2026-05-04 07:00:00,1.289,1.291,1.282,1.283,57789.88394811
2026-05-04 08:00:00,1.283,1.284,1.274,1.274,78124.8107283
2026-05-04 09:00:00,1.274,1.285,1.273,1.284,65685.13957303
2026-05-04 10:00:00,1.284,1.284,1.245,1.255,194230.58670956
2026-05-04 11:00:00,1.254,1.257,1.248,1.254,113991.65855015
2026-05-04 12:00:00,1.253,1.26,1.251,1.254,567294.55794297
2026-05-04 13:00:00,1.254,1.258,1.25,1.252,96380.67949524
2026-05-04 14:00:00,1.252,1.282,1.248,1.281,150474.79852594
2026-05-04 15:00:00,1.281,1.282,1.262,1.269,168126.39801613
2026-05-04 16:00:00,1.27,1.274,1.261,1.265,86628.17851899
2026-05-04 17:00:00,1.265,1.282,1.265,1.278,87657.35493074
2026-05-04 18:00:00,1.278,1.282,1.275,1.28,39243.35412003
2026-05-04 19:00:00,1.281,1.281,1.272,1.276,50471.71859518
2026-05-04 20:00:00,1.275,1.275,1.268,1.27,40734.31346076
2026-05-04 21:00:00,1.271,1.285,1.271,1.281,46307.59490506
2026-05-04 22:00:00,1.281,1.287,1.257,1.261,303202.78542248
2026-05-04 23:00:00,1.258,1.265,1.258,1.262,6880.98579077
2026-05-05 00:00:00,1.263,1.267,1.259,1.262,32970.53311696
2026-05-05 01:00:00,1.262,1.27,1.258,1.26,62918.58782587
2026-05-05 02:00:00,1.26,1.269,1.258,1.266,43804.41169697
2026-05-05 03:00:00,1.267,1.275,1.264,1.27,65488.51228251
2026-05-05 04:00:00,1.27,1.279,1.27,1.274,54762.26213176
2026-05-05 05:00:00,1.273,1.278,1.271,1.277,28126.12435479
2026-05-05 06:00:00,1.276,1.279,1.271,1.277,42073.99678121
2026-05-05 07:00:00,1.277,1.28,1.273,1.273,36359.05451702
2026-05-05 08:00:00,1.274,1.279,1.27,1.274,52888.25915374
2026-05-05 09:00:00,1.273,1.275,1.271,1.274,38936.11272905
2026-05-05 10:00:00,1.274,1.281,1.271,1.278,50121.13591128
2026-05-05 11:00:00,1.278,1.28,1.271,1.279,38839.04699782
2026-05-05 12:00:00,1.279,1.291,1.277,1.288,67916.87281782
2026-05-05 13:00:00,1.289,1.295,1.287,1.287,70518.70889597
2026-05-05 14:00:00,1.286,1.292,1.275,1.28,136001.5643452
2026-05-05 15:00:00,1.281,1.284,1.273,1.273,58252.75753656
2026-05-05 16:00:00,1.274,1.28,1.266,1.27,77007.9446888
2026-05-05 17:00:00,1.27,1.271,1.265,1.268,69220.4785192
2026-05-05 18:00:00,1.269,1.276,1.269,1.274,34827.12895711
2026-05-05 19:00:00,1.274,1.29,1.274,1.29,41641.29974043
2026-05-05 20:00:00,1.291,1.308,1.289,1.306,94653.749348
2026-05-05 21:00:00,1.307,1.318,1.304,1.309,96653.81601052
2026-05-05 22:00:00,1.31,1.314,1.294,1.302,169724.15517948
2026-05-05 23:00:00,1.303,1.304,1.288,1.297,78341.55173794
2026-05-06 00:00:00,1.296,1.299,1.289,1.294,62611.24707614
2026-05-06 01:00:00,1.295,1.317,1.292,1.312,67837.59407113
2026-05-06 02:00:00,1.311,1.311,1.296,1.307,102875.71495526
2026-05-06 03:00:00,1.308,1.322,1.306,1.318,55796.31552553
2026-05-06 04:00:00,1.319,1.322,1.309,1.311,67216.89453683
2026-05-06 05:00:00,1.312,1.325,1.309,1.323,124143.0711554
2026-05-06 06:00:00,1.323,1.325,1.311,1.322,132786.4236498
2026-05-06 07:00:00,1.321,1.359,1.32,1.356,235882.67290885
2026-05-06 08:00:00,1.359,1.43,1.359,1.426,368723.46468412
2026-05-06 09:00:00,1.427,1.433,1.402,1.41,271641.74380328
2026-05-06 10:00:00,1.41,1.455,1.406,1.443,407373.1475955
2026-05-06 11:00:00,1.445,1.482,1.444,1.481,393979.51405544
2026-05-06 12:00:00,1.482,1.501,1.47,1.499,271641.08830707
2026-05-06 13:00:00,1.498,1.498,1.453,1.464,334533.737507
2026-05-06 14:00:00,1.464,1.477,1.431,1.471,320689.74710263
2026-05-06 15:00:00,1.469,1.517,1.452,1.509,260918.07608944
2026-05-06 16:00:00,1.51,1.523,1.492,1.519,214590.44003557
2026-05-06 17:00:00,1.52,1.527,1.499,1.508,150159.73587865
2026-05-06 18:00:00,1.508,1.517,1.496,1.498,112098.84031441
2026-05-06 19:00:00,1.498,1.51,1.495,1.504,151757.54248815
2026-05-06 20:00:00,1.506,1.523,1.498,1.516,151157.03679206
2026-05-06 21:00:00,1.517,1.547,1.505,1.526,199505.76327193
2026-05-06 22:00:00,1.527,1.527,1.486,1.488,220735.59337692
2026-05-06 23:00:00,1.488,1.497,1.478,1.489,133761.04418794
2026-05-07 00:00:00,1.488,1.503,1.477,1.492,162651.80088956
2026-05-07 01:00:00,1.492,1.492,1.464,1.47,133219.22070868
2026-05-07 02:00:00,1.47,1.488,1.464,1.485,197047.56215468
2026-05-07 03:00:00,1.486,1.498,1.478,1.487,237029.55363965
2026-05-07 04:00:00,1.488,1.498,1.481,1.49,105101.92765321
2026-05-07 05:00:00,1.488,1.513,1.488,1.502,110338.28760349
2026-05-07 06:00:00,1.503,1.528,1.486,1.527,101578.72431008
2026-05-07 07:00:00,1.527,1.527,1.495,1.505,252669.70694791
2026-05-07 08:00:00,1.505,1.505,1.475,1.476,102429.0181406
2026-05-07 09:00:00,1.477,1.482,1.466,1.474,70752.75502454
2026-05-07 10:00:00,1.476,1.481,1.466,1.476,45415.77224762
2026-05-07 11:00:00,1.475,1.48,1.472,1.474,35399.44841583
2026-05-07 12:00:00,1.474,1.497,1.474,1.497,56602.60398504
2026-05-07 13:00:00,1.496,1.505,1.488,1.497,122798.44810553
2026-05-07 14:00:00,1.497,1.5,1.473,1.478,95078.45112514
2026-05-07 15:00:00,1.479,1.49,1.467,1.482,202356.29466953
2026-05-07 16:00:00,1.483,1.486,1.47,1.478,185602.63337137
2026-05-07 17:00:00,1.478,1.49,1.475,1.487,79396.55161848
2026-05-07 18:00:00,1.487,1.493,1.461,1.469,91439.97624811
2026-05-07 19:00:00,1.471,1.471,1.455,1.459,71615.45877375
2026-05-07 20:00:00,1.46,1.472,1.457,1.457,187697.38282349
2026-05-07 21:00:00,1.456,1.472,1.454,1.459,97825.94751112
2026-05-07 22:00:00,1.458,1.467,1.452,1.461,101469.50468793
2026-05-07 23:00:00,1.46,1.471,1.46,1.471,51819.86293534
2026-05-08 00:00:00,1.471,1.477,1.466,1.472,70256.8529886
2026-05-08 01:00:00,1.473,1.477,1.465,1.469,43343.85692532
2026-05-08 02:00:00,1.469,1.481,1.456,1.479,134371.52474555
2026-05-08 03:00:00,1.478,1.488,1.465,1.483,133654.64690287
2026-05-08 04:00:00,1.482,1.493,1.48,1.48,106499.27797646
2026-05-08 05:00:00,1.481,1.495,1.48,1.486,50896.71339737
2026-05-08 06:00:00,1.485,1.491,1.48,1.491,120654.51163416
2026-05-08 07:00:00,1.492,1.539,1.484,1.534,380101.93203829
2026-05-08 08:00:00,1.535,1.548,1.512,1.546,262047.21501491
2026-05-08 09:00:00,1.546,1.573,1.535,1.559,496824.24899627
2026-05-08 10:00:00,1.559,1.581,1.549,1.557,463108.62302549
2026-05-08 11:00:00,1.557,1.57,1.546,1.552,109839.56345803
2026-05-08 12:00:00,1.551,1.564,1.539,1.545,180915.96262912
2026-05-08 13:00:00,1.544,1.545,1.523,1.539,108762.11802096
2026-05-08 14:00:00,1.539,1.576,1.537,1.575,190088.85641227
2026-05-08 15:00:00,1.574,1.59,1.563,1.582,245840.58965652
2026-05-08 16:00:00,1.582,1.582,1.562,1.569,192556.47261103
2026-05-08 17:00:00,1.57,1.576,1.537,1.546,229779.43699534
2026-05-08 18:00:00,1.545,1.568,1.545,1.567,85711.93904411
2026-05-08 19:00:00,1.567,1.575,1.564,1.572,87898.32516236
2026-05-08 20:00:00,1.57,1.586,1.57,1.577,69381.38873193
2026-05-08 21:00:00,1.577,1.606,1.573,1.575,294183.10693865
2026-05-08 22:00:00,1.574,1.593,1.568,1.593,160789.45231275
2026-05-08 23:00:00,1.592,1.599,1.582,1.598,37708.27804459
2026-05-09 00:00:00,1.598,1.613,1.585,1.593,96027.15156771
2026-05-09 01:00:00,1.594,1.617,1.579,1.606,93575.84768972
2026-05-09 02:00:00,1.605,1.618,1.589,1.593,56939.94833421
2026-05-09 03:00:00,1.593,1.607,1.584,1.6,66872.37902425
2026-05-09 04:00:00,1.601,1.603,1.574,1.574,49521.35384718
2026-05-09 05:00:00,1.574,1.596,1.571,1.593,32663.31680316
2026-05-09 06:00:00,1.595,1.605,1.575,1.579,95692.66855096
2026-05-09 07:00:00,1.579,1.58,1.568,1.575,75805.30596123
2026-05-09 08:00:00,1.574,1.591,1.572,1.585,45549.15562707
2026-05-09 09:00:00,1.584,1.588,1.565,1.57,43831.30312701
2026-05-09 10:00:00,1.57,1.583,1.565,1.581,58965.58273685
2026-05-09 11:00:00,1.581,1.59,1.581,1.588,21846.75873569
2026-05-09 12:00:00,1.588,1.592,1.573,1.574,19855.54050619
2026-05-09 13:00:00,1.574,1.578,1.559,1.566,89557.94614876
2026-05-09 14:00:00,1.566,1.566,1.555,1.558,38356.43187892
2026-05-09 15:00:00,1.558,1.561,1.551,1.556,38223.30046937
2026-05-09 16:00:00,1.557,1.561,1.551,1.555,34331.72758155
2026-05-09 17:00:00,1.555,1.569,1.553,1.566,31776.63941814
2026-05-09 18:00:00,1.564,1.577,1.558,1.559,28954.05742629
2026-05-09 19:00:00,1.559,1.562,1.552,1.561,18367.04341567
2026-05-09 20:00:00,1.563,1.563,1.557,1.557,3308.02091257
2026-05-09 21:00:00,1.558,1.566,1.557,1.564,98676.89338208
2026-05-09 22:00:00,1.564,1.573,1.562,1.565,54924.30026365
2026-05-09 23:00:00,1.566,1.57,1.564,1.569,14715.12628576
2026-05-10 00:00:00,1.568,1.568,1.551,1.555,48925.82006996
2026-05-10 01:00:00,1.555,1.556,1.547,1.549,53756.04202481
2026-05-10 02:00:00,1.55,1.56,1.547,1.554,29062.51758221
2026-05-10 03:00:00,1.555,1.565,1.555,1.556,28537.18742033
2026-05-10 04:00:00,1.556,1.559,1.553,1.555,25661.37955889
2026-05-10 05:00:00,1.554,1.557,1.549,1.555,13596.72068169
2026-05-10 06:00:00,1.554,1.56,1.552,1.555,39293.79295168
2026-05-10 07:00:00,1.555,1.573,1.555,1.564,70743.11612976
2026-05-10 08:00:00,1.564,1.581,1.564,1.578,70261.219323
2026-05-10 09:00:00,1.579,1.58,1.567,1.568,32136.06321882
2026-05-10 10:00:00,1.568,1.574,1.565,1.569,29247.22841106
2026-05-10 11:00:00,1.569,1.573,1.564,1.564,36210.8194238
2026-05-10 12:00:00,1.564,1.574,1.562,1.571,109372.10959722
2026-05-10 13:00:00,1.572,1.584,1.567,1.582,51038.63397729
2026-05-10 14:00:00,1.582,1.584,1.569,1.57,50861.0550753
2026-05-10 15:00:00,1.571,1.58,1.57,1.58,43750.33985345
2026-05-10 16:00:00,1.581,1.587,1.577,1.586,50520.95446241
2026-05-10 17:00:00,1.586,1.6,1.58,1.598,101435.22162818
2026-05-10 18:00:00,1.598,1.606,1.591,1.606,49781.94605825
2026-05-10 19:00:00,1.605,1.626,1.599,1.623,157099.14231897
2026-05-10 20:00:00,1.622,1.632,1.537,1.549,353173.70421123
2026-05-10 21:00:00,1.549,1.561,1.538,1.546,106312.61259784
2026-05-10 22:00:00,1.545,1.588,1.541,1.583,54484.93146476
2026-05-10 23:00:00,1.584,1.584,1.562,1.565,47355.85891563
2026-05-11 00:00:00,1.564,1.57,1.547,1.553,62148.66528716
2026-05-11 01:00:00,1.554,1.557,1.544,1.551,25122.10215464
2026-05-11 02:00:00,1.55,1.551,1.526,1.533,264610.56881965
2026-05-11 03:00:00,1.534,1.534,1.522,1.528,63452.65406409
2026-05-11 04:00:00,1.529,1.531,1.519,1.53,73130.94253859
2026-05-11 05:00:00,1.53,1.544,1.53,1.543,65366.44088597
2026-05-11 06:00:00,1.543,1.548,1.539,1.541,30102.20273684
2026-05-11 07:00:00,1.54,1.563,1.536,1.562,102577.16269762
2026-05-11 08:00:00,1.563,1.563,1.546,1.55,40649.48812867
2026-05-11 09:00:00,1.55,1.559,1.546,1.555,68272.70980831
2026-05-11 10:00:00,1.555,1.576,1.555,1.562,63457.73722109
2026-05-11 11:00:00,1.562,1.562,1.541,1.545,35838.70357111
2026-05-11 12:00:00,1.546,1.552,1.538,1.54,41463.53861975
2026-05-11 13:00:00,1.54,1.542,1.52,1.524,68895.80400998
2026-05-11 14:00:00,1.525,1.541,1.512,1.515,242572.52572621
2026-05-11 15:00:00,1.516,1.528,1.512,1.523,68010.86064644
2026-05-11 16:00:00,1.522,1.531,1.519,1.523,44019.02227701
2026-05-11 17:00:00,1.524,1.534,1.519,1.532,32448.0472489
2026-05-11 18:00:00,1.531,1.543,1.528,1.543,70740.62455996
2026-05-11 19:00:00,1.544,1.553,1.54,1.552,32495.16789037
2026-05-11 20:00:00,1.553,1.56,1.546,1.556,188178.94630421
2026-05-11 21:00:00,1.556,1.559,1.547,1.548,137673.87058944
2026-05-11 22:00:00,1.547,1.555,1.547,1.551,29580.49980766
2026-05-11 23:00:00,1.551,1.551,1.537,1.548,22256.95951644
2026-05-12 00:00:00,1.548,1.548,1.535,1.539,36568.39460762
2026-05-12 01:00:00,1.54,1.542,1.505,1.513,66878.15007639
2026-05-12 02:00:00,1.514,1.528,1.514,1.528,64647.73656295
2026-05-12 03:00:00,1.529,1.529,1.521,1.522,19090.52974866
2026-05-12 04:00:00,1.52,1.545,1.52,1.535,48373.2791161
2026-05-12 05:00:00,1.536,1.547,1.536,1.541,32874.83169163
2026-05-12 06:00:00,1.54,1.557,1.54,1.554,36416.82037478
2026-05-12 07:00:00,1.554,1.586,1.541,1.58,133466.23164892
2026-05-12 08:00:00,1.581,1.581,1.536,1.567,150269.83682926
2026-05-12 09:00:00,1.566,1.593,1.566,1.585,154412.50579945
2026-05-12 10:00:00,1.586,1.606,1.557,1.576,127276.20187219
2026-05-12 11:00:00,1.575,1.576,1.541,1.553,110308.14189337
2026-05-12 12:00:00,1.553,1.568,1.528,1.555,134643.39796964
2026-05-12 13:00:00,1.555,1.562,1.529,1.53,63509.03897123
2026-05-12 14:00:00,1.53,1.552,1.515,1.546,78617.35450573
2026-05-12 15:00:00,1.545,1.577,1.541,1.551,173010.81937041
2026-05-12 16:00:00,1.55,1.563,1.527,1.536,101280.64928405
2026-05-12 17:00:00,1.536,1.593,1.536,1.582,83258.97215135
2026-05-12 18:00:00,1.583,1.632,1.571,1.62,405006.38034814
2026-05-12 19:00:00,1.62,1.64,1.58,1.602,943047.20933854
2026-05-12 20:00:00,1.603,1.635,1.601,1.633,111662.36478488
2026-05-12 21:00:00,1.633,1.649,1.609,1.61,557143.83149063
2026-05-12 22:00:00,1.61,1.624,1.601,1.616,78603.05815437
2026-05-12 23:00:00,1.617,1.623,1.594,1.609,94623.91902818
2026-05-13 00:00:00,1.609,1.634,1.601,1.626,141083.43388429
2026-05-13 01:00:00,1.627,1.685,1.627,1.668,327267.22525941
2026-05-13 02:00:00,1.667,1.682,1.651,1.677,103144.76853886
2026-05-13 03:00:00,1.676,1.691,1.659,1.687,148962.5080154
2026-05-13 04:00:00,1.687,1.687,1.652,1.657,115911.9152698
2026-05-13 05:00:00,1.657,1.661,1.635,1.639,117450.92476777
2026-05-13 06:00:00,1.639,1.65,1.62,1.631,97780.93672973
2026-05-13 07:00:00,1.631,1.647,1.609,1.619,172147.28890462
2026-05-13 08:00:00,1.619,1.633,1.605,1.622,103057.13483042
2026-05-13 09:00:00,1.621,1.624,1.593,1.624,243980.40676442
2026-05-13 10:00:00,1.623,1.629,1.613,1.616,65703.3077613
2026-05-13 11:00:00,1.614,1.634,1.584,1.594,142666.96032096
2026-05-13 12:00:00,1.594,1.596,1.565,1.591,161909.1819758
2026-05-13 13:00:00,1.59,1.599,1.575,1.582,93519.51414207
2026-05-13 14:00:00,1.581,1.599,1.576,1.583,166982.0382429
2026-05-13 15:00:00,1.583,1.587,1.551,1.554,145219.03386708
2026-05-13 16:00:00,1.554,1.587,1.554,1.585,188344.99453204
2026-05-13 17:00:00,1.586,1.61,1.582,1.582,123162.00353605
2026-05-13 18:00:00,1.582,1.614,1.581,1.602,65332.77436909
2026-05-13 19:00:00,1.605,1.606,1.581,1.587,52622.43286851
2026-05-13 20:00:00,1.588,1.596,1.583,1.583,43851.11358354
2026-05-13 21:00:00,1.583,1.583,1.558,1.567,79464.1407599
2026-05-13 22:00:00,1.568,1.577,1.562,1.576,45869.57391041
2026-05-13 23:00:00,1.577,1.581,1.571,1.575,28591.44343482
2026-05-14 00:00:00,1.575,1.593,1.574,1.59,87779.74170967
2026-05-14 01:00:00,1.587,1.609,1.587,1.608,64578.27934048
2026-05-14 02:00:00,1.607,1.62,1.562,1.563,146140.91760556
2026-05-14 03:00:00,1.564,1.567,1.537,1.552,78719.73462935
2026-05-14 04:00:00,1.553,1.557,1.548,1.554,60590.87700286
2026-05-14 05:00:00,1.554,1.569,1.553,1.561,40575.86102858
2026-05-14 06:00:00,1.561,1.584,1.558,1.576,49728.60909156
2026-05-14 07:00:00,1.577,1.581,1.565,1.575,68894.47340753
2026-05-14 08:00:00,1.576,1.592,1.569,1.582,46812.50323739
2026-05-14 09:00:00,1.582,1.588,1.554,1.56,130599.09970761
2026-05-14 10:00:00,1.559,1.576,1.552,1.564,85367.2632096
2026-05-14 11:00:00,1.564,1.568,1.555,1.562,44386.97451109
2026-05-14 12:00:00,1.561,1.574,1.554,1.57,37745.40216326
2026-05-14 13:00:00,1.571,1.576,1.563,1.568,23553.76743118
2026-05-14 14:00:00,1.568,1.605,1.565,1.602,90931.14438865
2026-05-14 15:00:00,1.601,1.618,1.597,1.615,157379.02054126
2026-05-14 16:00:00,1.617,1.635,1.595,1.616,143794.52377456
2026-05-14 17:00:00,1.614,1.617,1.588,1.601,52086.76736255
2026-05-14 18:00:00,1.6,1.601,1.587,1.596,38365.06196099
2026-05-14 19:00:00,1.597,1.602,1.581,1.581,52057.09194422
2026-05-14 20:00:00,1.582,1.587,1.565,1.579,86574.59496062
2026-05-14 21:00:00,1.579,1.591,1.576,1.581,27629.18158574
2026-05-14 22:00:00,1.583,1.592,1.581,1.587,31875.0492635
2026-05-14 23:00:00,1.587,1.589,1.569,1.573,32559.79558314
2026-05-15 00:00:00,1.573,1.58,1.567,1.576,39239.69663045
2026-05-15 01:00:00,1.575,1.578,1.557,1.564,42163.8284071
2026-05-15 02:00:00,1.563,1.57,1.553,1.567,45169.17298737
2026-05-15 03:00:00,1.567,1.576,1.567,1.575,47653.26097829
2026-05-15 04:00:00,1.575,1.58,1.568,1.568,25321.67381727
2026-05-15 05:00:00,1.568,1.57,1.539,1.546,91531.79539133
2026-05-15 06:00:00,1.545,1.567,1.545,1.563,47580.24250914
2026-05-15 07:00:00,1.563,1.593,1.562,1.579,75407.0297875
2026-05-15 08:00:00,1.579,1.584,1.545,1.55,50007.87225858
2026-05-15 09:00:00,1.551,1.554,1.536,1.545,42635.28316432
2026-05-15 10:00:00,1.546,1.56,1.54,1.559,50714.7722129
2026-05-15 11:00:00,1.558,1.561,1.55,1.554,27432.75757976
2026-05-15 12:00:00,1.554,1.559,1.54,1.544,61251.36058634
2026-05-15 13:00:00,1.543,1.543,1.51,1.523,311085.26508015
2026-05-15 14:00:00,1.524,1.538,1.518,1.531,92694.18701873
2026-05-15 15:00:00,1.531,1.538,1.521,1.525,34285.19810346
2026-05-15 16:00:00,1.526,1.562,1.524,1.559,147762.36654423
2026-05-15 17:00:00,1.559,1.577,1.559,1.575,130601.01830025
2026-05-15 18:00:00,1.576,1.578,1.556,1.561,72631.26958743
2026-05-15 19:00:00,1.562,1.562,1.546,1.546,23305.19263329
2026-05-15 20:00:00,1.546,1.547,1.535,1.538,35574.7551393
2026-05-15 21:00:00,1.538,1.541,1.532,1.535,65986.22675427
2026-05-15 22:00:00,1.535,1.545,1.533,1.541,24647.32761288
2026-05-15 23:00:00,1.539,1.547,1.539,1.545,8528.04534746
2026-05-16 00:00:00,1.545,1.547,1.538,1.538,12878.60192616
2026-05-16 01:00:00,1.54,1.549,1.537,1.542,15414.96594986
2026-05-16 02:00:00,1.541,1.548,1.537,1.543,19411.75794671
2026-05-16 03:00:00,1.544,1.554,1.542,1.553,16496.59975731
2026-05-16 04:00:00,1.554,1.555,1.525,1.527,116203.68094414
2026-05-16 05:00:00,1.528,1.534,1.522,1.524,30678.56625918
2026-05-16 06:00:00,1.524,1.524,1.506,1.509,34984.47816604
2026-05-16 07:00:00,1.509,1.509,1.487,1.502,82274.12857695
2026-05-16 08:00:00,1.504,1.516,1.497,1.498,47609.69553933
2026-05-16 09:00:00,1.497,1.509,1.48,1.507,105985.39670849
2026-05-16 10:00:00,1.508,1.513,1.491,1.494,94740.38726152
2026-05-16 11:00:00,1.497,1.507,1.49,1.496,51881.30267601
2026-05-16 12:00:00,1.497,1.502,1.494,1.494,21305.07767862
2026-05-16 13:00:00,1.494,1.494,1.48,1.487,50036.39276944
2026-05-16 14:00:00,1.488,1.495,1.482,1.491,18068.34495123
2026-05-16 15:00:00,1.491,1.496,1.49,1.493,63326.03727193
2026-05-16 16:00:00,1.491,1.5,1.49,1.493,34046.00052236
2026-05-16 17:00:00,1.493,1.505,1.493,1.501,40297.48078764
2026-05-16 18:00:00,1.501,1.505,1.498,1.499,16452.8532016
2026-05-16 19:00:00,1.5,1.502,1.496,1.502,9709.28468211
2026-05-16 20:00:00,1.502,1.502,1.493,1.496,4021.97097796
2026-05-16 21:00:00,1.496,1.498,1.493,1.494,13102.68699094
2026-05-16 22:00:00,1.495,1.496,1.49,1.495,9361.39658329
2026-05-16 23:00:00,1.494,1.5,1.494,1.497,8524.63276781
2026-05-17 00:00:00,1.498,1.501,1.487,1.488,10373.28756805
2026-05-17 01:00:00,1.49,1.491,1.477,1.482,35145.58724976
2026-05-17 02:00:00,1.483,1.49,1.483,1.487,36247.97038752
2026-05-17 03:00:00,1.489,1.51,1.489,1.504,36974.70722911
2026-05-17 04:00:00,1.504,1.525,1.504,1.524,58160.90010118
2026-05-17 05:00:00,1.524,1.535,1.516,1.523,39730.14109638
2026-05-17 06:00:00,1.523,1.53,1.52,1.53,61548.25727676
2026-05-17 07:00:00,1.531,1.537,1.528,1.533,8887.68507739
2026-05-17 08:00:00,1.533,1.536,1.524,1.536,65026.11175544
2026-05-17 09:00:00,1.536,1.552,1.533,1.55,98013.44569928
2026-05-17 10:00:00,1.55,1.559,1.547,1.554,80554.47323968
2026-05-17 11:00:00,1.554,1.555,1.543,1.553,34192.72759094
2026-05-17 12:00:00,1.553,1.558,1.55,1.552,19762.48632374
2026-05-17 13:00:00,1.551,1.551,1.535,1.54,28332.39158252
2026-05-17 14:00:00,1.54,1.541,1.521,1.529,30757.49128793
2026-05-17 15:00:00,1.529,1.533,1.522,1.525,21845.86559105
2026-05-17 16:00:00,1.527,1.533,1.517,1.517,32433.88370982
2026-05-17 17:00:00,1.517,1.522,1.514,1.519,24629.87961747
2026-05-17 18:00:00,1.52,1.524,1.514,1.524,13339.44687545
2026-05-17 19:00:00,1.525,1.532,1.52,1.527,21114.86627784
2026-05-17 20:00:00,1.528,1.535,1.521,1.535,16026.40581832
2026-05-17 21:00:00,1.535,1.548,1.531,1.533,26176.56614397
2026-05-17 22:00:00,1.53,1.533,1.506,1.516,24745.94326063
2026-05-17 23:00:00,1.517,1.517,1.467,1.509,163396.97541497
2026-05-18 00:00:00,1.508,1.514,1.492,1.51,54960.32125963
2026-05-18 01:00:00,1.511,1.517,1.493,1.501,33565.40747687
2026-05-18 02:00:00,1.502,1.521,1.501,1.51,31354.9996859
2026-05-18 03:00:00,1.511,1.516,1.498,1.501,13354.1560855
2026-05-18 04:00:00,1.504,1.514,1.498,1.514,45563.74189029
2026-05-18 05:00:00,1.515,1.515,1.502,1.502,27876.3551777
2026-05-18 06:00:00,1.503,1.504,1.487,1.498,140076.44188358
2026-05-18 07:00:00,1.499,1.5,1.482,1.484,44769.37362621
2026-05-18 08:00:00,1.485,1.49,1.483,1.489,13505.01345563
2026-05-18 09:00:00,1.488,1.493,1.482,1.483,28712.46992843
2026-05-18 10:00:00,1.483,1.516,1.479,1.51,146439.15604826
2026-05-18 11:00:00,1.511,1.53,1.502,1.523,134438.54959892
2026-05-18 12:00:00,1.521,1.534,1.516,1.521,40328.91726727
2026-05-18 13:00:00,1.52,1.52,1.5,1.516,51815.73986332
2026-05-18 14:00:00,1.515,1.519,1.488,1.493,75010.98267636
2026-05-18 15:00:00,1.494,1.52,1.487,1.515,36988.29269029
2026-05-18 16:00:00,1.514,1.529,1.511,1.526,30812.94265476
2026-05-18 17:00:00,1.525,1.557,1.521,1.545,71929.59522879
2026-05-18 18:00:00,1.546,1.548,1.521,1.522,66814.01542631
2026-05-18 19:00:00,1.522,1.588,1.522,1.576,241845.70714101
2026-05-18 20:00:00,1.577,1.592,1.577,1.587,396380.61338252
2026-05-18 21:00:00,1.588,1.614,1.587,1.6,238344.42568359
2026-05-18 22:00:00,1.601,1.619,1.601,1.617,119802.62479227
2026-05-18 23:00:00,1.617,1.629,1.612,1.628,153191.91299163
2026-05-19 00:00:00,1.628,1.643,1.618,1.632,234111.07906971
2026-05-19 01:00:00,1.632,1.639,1.614,1.616,282820.77554801
2026-05-19 02:00:00,1.615,1.628,1.603,1.607,94402.27980882
2026-05-19 03:00:00,1.607,1.622,1.604,1.61,42602.83105978
2026-05-19 04:00:00,1.611,1.621,1.595,1.604,62826.18044685
2026-05-19 05:00:00,1.605,1.615,1.594,1.601,45137.12099492
2026-05-19 06:00:00,1.598,1.644,1.598,1.644,86507.10356811
2026-05-19 07:00:00,1.643,1.668,1.638,1.655,175818.4553501
2026-05-19 08:00:00,1.655,1.659,1.637,1.641,54234.58945659
2026-05-19 09:00:00,1.642,1.647,1.626,1.636,36446.80887955
2026-05-19 10:00:00,1.637,1.637,1.606,1.609,60529.31853214
2026-05-19 11:00:00,1.608,1.612,1.582,1.597,127999.36947513
2026-05-19 12:00:00,1.598,1.62,1.595,1.614,111713.32580797
2026-05-19 13:00:00,1.615,1.635,1.612,1.621,47455.59429876
2026-05-19 14:00:00,1.619,1.629,1.602,1.613,108728.26058875
2026-05-19 15:00:00,1.613,1.624,1.609,1.623,41539.63444157
2026-05-19 16:00:00,1.624,1.664,1.62,1.661,121755.48769763
2026-05-19 17:00:00,1.661,1.682,1.649,1.678,184763.67885264
2026-05-19 18:00:00,1.678,1.688,1.643,1.643,202153.05957218
2026-05-19 19:00:00,1.644,1.654,1.625,1.627,123607.33217229
2026-05-19 20:00:00,1.628,1.634,1.626,1.634,22550.99679757
2026-05-19 21:00:00,1.633,1.633,1.614,1.616,128745.87648908
2026-05-19 22:00:00,1.617,1.624,1.611,1.612,82815.23331615
2026-05-19 23:00:00,1.612,1.614,1.598,1.602,171732.07916594
2026-05-20 00:00:00,1.604,1.606,1.593,1.601,131778.47424502
2026-05-20 01:00:00,1.602,1.602,1.586,1.589,82507.51990714
2026-05-20 02:00:00,1.59,1.591,1.583,1.584,62842.44902477
2026-05-20 03:00:00,1.582,1.599,1.581,1.595,39212.36676705
2026-05-20 04:00:00,1.595,1.601,1.594,1.598,23844.36245894
2026-05-20 05:00:00,1.599,1.673,1.597,1.662,225167.71774315
2026-05-20 06:00:00,1.663,1.671,1.647,1.657,185168.28264828
2026-05-20 07:00:00,1.657,1.665,1.645,1.65,149680.78426311
2026-05-20 08:00:00,1.65,1.659,1.646,1.656,80616.14372924
2026-05-20 09:00:00,1.656,1.658,1.638,1.646,84737.84261632
2026-05-20 10:00:00,1.647,1.656,1.635,1.653,50682.4277833
2026-05-20 11:00:00,1.653,1.654,1.636,1.64,71969.66868137
2026-05-20 12:00:00,1.641,1.653,1.629,1.646,85350.42688098
2026-05-20 13:00:00,1.647,1.671,1.639,1.654,268256.09520072
2026-05-20 14:00:00,1.655,1.694,1.652,1.691,154145.79322815
2026-05-20 15:00:00,1.691,1.712,1.68,1.688,161034.32096793
2026-05-20 16:00:00,1.688,1.689,1.665,1.684,86356.66079782
2026-05-20 17:00:00,1.684,1.696,1.671,1.693,78503.01035778
2026-05-20 18:00:00,1.694,1.702,1.66,1.671,76091.45022969
2026-05-20 19:00:00,1.671,1.702,1.663,1.689,58025.00152104
2026-05-20 20:00:00,1.688,1.698,1.675,1.695,29671.89351626
2026-05-20 21:00:00,1.695,1.729,1.691,1.721,106521.74199087
2026-05-20 22:00:00,1.72,1.721,1.682,1.693,993661.09474907
2026-05-20 23:00:00,1.692,1.705,1.684,1.703,103786.69768376
2026-05-21 00:00:00,1.703,1.727,1.695,1.72,559006.69387678
2026-05-21 01:00:00,1.72,1.749,1.708,1.713,454286.43781056
2026-05-21 02:00:00,1.714,1.739,1.703,1.73,108341.10079168
2026-05-21 03:00:00,1.728,1.758,1.727,1.738,109959.37332012
2026-05-21 04:00:00,1.738,1.782,1.731,1.777,209581.13771054
2026-05-21 05:00:00,1.777,1.783,1.738,1.747,150469.20716872
2026-05-21 06:00:00,1.746,1.746,1.702,1.711,91399.00862155
2026-05-21 07:00:00,1.709,1.732,1.707,1.725,93554.89729937
2026-05-21 08:00:00,1.725,1.777,1.723,1.77,156963.17911306
2026-05-21 09:00:00,1.77,1.786,1.747,1.754,111205.75489811
2026-05-21 10:00:00,1.755,1.775,1.735,1.739,140663.15102963
2026-05-21 11:00:00,1.74,1.749,1.732,1.739,97184.34852965
2026-05-21 12:00:00,1.741,1.771,1.738,1.752,81099.79657802
2026-05-21 13:00:00,1.752,1.757,1.725,1.743,103546.17826253
2026-05-21 14:00:00,1.744,1.758,1.72,1.754,368287.27814543
2026-05-21 15:00:00,1.755,1.831,1.75,1.808,479537.9923477
2026-05-21 16:00:00,1.807,1.822,1.765,1.781,227680.58392894
2026-05-21 17:00:00,1.782,1.87,1.782,1.857,397037.02931104
2026-05-21 18:00:00,1.857,1.866,1.823,1.837,182191.04713507
2026-05-21 19:00:00,1.84,1.932,1.837,1.923,269651.64255282
2026-05-21 20:00:00,1.924,1.956,1.913,1.948,274154.03642377
2026-05-21 21:00:00,1.949,1.964,1.923,1.927,199893.86148147
2026-05-21 22:00:00,1.928,1.961,1.917,1.933,179320.61584494
2026-05-21 23:00:00,1.932,1.954,1.92,1.927,108327.98638291
2026-05-22 00:00:00,1.927,1.99,1.918,1.981,471246.20315327
2026-05-22 01:00:00,1.98,2.05,1.973,2.021,561164.35479927
2026-05-22 02:00:00,2.022,2.116,2.019,2.064,672218.07549662
2026-05-22 03:00:00,2.064,2.134,2.064,2.121,449429.11097544
2026-05-22 04:00:00,2.12,2.18,2.104,2.176,677544.30174067
2026-05-22 05:00:00,2.175,2.214,2.153,2.197,592514.59498702
2026-05-22 06:00:00,2.197,2.215,2.146,2.202,472771.10724642
2026-05-22 07:00:00,2.202,2.255,2.166,2.242,545298.12605752
2026-05-22 08:00:00,2.242,2.287,2.228,2.266,523601.11400153
2026-05-22 09:00:00,2.266,2.306,2.242,2.251,503175.72865313
2026-05-22 10:00:00,2.251,2.275,2.198,2.263,741216.61120761
2026-05-22 11:00:00,2.263,2.279,2.203,2.231,503588.0030667
2026-05-22 12:00:00,2.231,2.318,2.209,2.317,511069.57163183
2026-05-22 13:00:00,2.316,2.336,2.278,2.283,498379.23890853
2026-05-22 14:00:00,2.282,2.294,2.228,2.244,426662.3549551
2026-05-22 15:00:00,2.241,2.253,2.186,2.2,577742.99235676
2026-05-22 16:00:00,2.199,2.241,2.158,2.175,434852.21185541
2026-05-22 17:00:00,2.175,2.204,2.155,2.184,254950.56597253
2026-05-22 18:00:00,2.185,2.196,2.134,2.167,315650.67954902
2026-05-22 19:00:00,2.166,2.172,2.098,2.116,267159.46995222
2026-05-22 20:00:00,2.116,2.137,2.055,2.111,312455.59535197
2026-05-22 21:00:00,2.11,2.13,2.076,2.076,248204.9290656
2026-05-22 22:00:00,2.078,2.103,2.053,2.083,184740.97625099
2026-05-22 23:00:00,2.084,2.114,2.078,2.102,186852.15706629
2026-05-23 00:00:00,2.102,2.121,2.067,2.108,315413.657256
2026-05-23 01:00:00,2.109,2.136,2.072,2.085,227971.90230945
2026-05-23 02:00:00,2.085,2.123,2.079,2.094,241897.77570302
2026-05-23 03:00:00,2.095,2.116,2.075,2.113,137135.06554814
2026-05-23 04:00:00,2.114,2.116,2.06,2.066,126687.08314175
2026-05-23 05:00:00,2.064,2.086,2.057,2.081,98739.29507471
2026-05-23 06:00:00,2.079,2.086,2.042,2.06,137931.55513046
2026-05-23 07:00:00,2.06,2.075,2.019,2.028,335219.44320918
2026-05-23 08:00:00,2.029,2.089,2.012,2.069,269765.0834971
2026-05-23 09:00:00,2.068,2.096,2.058,2.073,150298.52987087
2026-05-23 10:00:00,2.072,2.093,2.067,2.075,63742.963188
2026-05-23 11:00:00,2.075,2.101,2.067,2.08,73586.54186369
2026-05-23 12:00:00,2.081,2.108,2.037,2.102,127528.69198689
2026-05-23 13:00:00,2.103,2.13,2.081,2.104,168021.05677682
2026-05-23 14:00:00,2.104,2.191,2.104,2.187,400777.10759264
2026-05-23 15:00:00,2.186,2.274,2.168,2.26,558566.87014734
2026-05-23 16:00:00,2.259,2.413,2.241,2.404,889524.34513248
2026-05-23 17:00:00,2.403,2.446,2.327,2.352,890425.73037668
2026-05-23 18:00:00,2.351,2.472,2.319,2.391,474971.06388338
2026-05-23 19:00:00,2.391,2.445,2.367,2.389,218856.96682438
2026-05-23 20:00:00,2.389,2.431,2.367,2.405,396304.1133944
2026-05-23 21:00:00,2.405,2.456,2.381,2.413,348370.58643618
2026-05-23 22:00:00,2.415,2.427,2.341,2.419,277091.41460098
2026-05-23 23:00:00,2.418,2.475,2.41,2.452,458956.65313965
2026-05-24 00:00:00,2.453,2.464,2.388,2.4,305215.92282953
2026-05-24 01:00:00,2.401,2.402,2.362,2.39,146709.12810373
2026-05-24 02:00:00,2.391,2.42,2.36,2.408,272105.48496219
2026-05-24 03:00:00,2.407,2.437,2.376,2.389,655498.43481414
2026-05-24 04:00:00,2.39,2.417,2.351,2.393,195002.1956368
2026-05-24 05:00:00,2.394,2.397,2.335,2.351,144780.63436485
2026-05-24 06:00:00,2.352,2.398,2.331,2.397,130723.90075134
2026-05-24 07:00:00,2.397,2.435,2.364,2.39,198232.58133051
2026-05-24 08:00:00,2.389,2.395,2.368,2.381,113126.64802419
2026-05-24 09:00:00,2.38,2.397,2.359,2.361,100389.96414709
2026-05-24 10:00:00,2.362,2.373,2.337,2.358,89045.0992685
2026-05-24 11:00:00,2.359,2.404,2.345,2.398,164679.62361607
2026-05-24 12:00:00,2.399,2.4,2.357,2.385,100546.9929623
2026-05-24 13:00:00,2.385,2.424,2.383,2.403,178162.4967788
2026-05-24 14:00:00,2.403,2.508,2.369,2.494,656881.46869565
2026-05-24 15:00:00,2.493,2.506,2.398,2.439,471238.43634755
2026-05-24 16:00:00,2.438,2.446,2.392,2.426,184164.1879937
2026-05-24 17:00:00,2.425,2.472,2.399,2.436,172429.06603219
2026-05-24 18:00:00,2.435,2.471,2.412,2.441,169516.45511133
2026-05-24 19:00:00,2.442,2.457,2.395,2.423,136609.14957429
2026-05-24 20:00:00,2.427,2.467,2.418,2.45,132514.47086834
2026-05-24 21:00:00,2.453,2.506,2.369,2.394,346557.04586901
2026-05-24 22:00:00,2.395,2.447,2.39,2.408,174622.93835453
2026-05-24 23:00:00,2.408,2.43,2.385,2.395,100695.49150395
2026-05-25 00:00:00,2.396,2.426,2.377,2.382,119418.76336521
2026-05-25 01:00:00,2.383,2.401,2.354,2.362,173794.39462315
2026-05-25 02:00:00,2.363,2.417,2.333,2.363,302167.90929206
2026-05-25 03:00:00,2.364,2.369,2.338,2.349,63311.15448403
2026-05-25 04:00:00,2.348,2.393,2.341,2.387,98309.08991979
2026-05-25 05:00:00,2.385,2.406,2.359,2.368,143556.43659784
2026-05-25 06:00:00,2.37,2.415,2.368,2.374,194125.80724445
2026-05-25 07:00:00,2.375,2.395,2.36,2.383,112395.36305817
2026-05-25 08:00:00,2.384,2.418,2.367,2.414,164244.28854088
2026-05-25 09:00:00,2.415,2.435,2.379,2.42,321024.16721751
2026-05-25 10:00:00,2.419,2.467,2.417,2.459,314525.06511972
2026-05-25 11:00:00,2.46,2.474,2.424,2.441,300237.8138912
2026-05-25 12:00:00,2.441,2.578,2.429,2.481,1224520.12341979
2026-05-25 13:00:00,2.48,2.632,2.479,2.617,1105685.42598252
2026-05-25 14:00:00,2.617,2.688,2.617,2.675,1011656.70597913
2026-05-25 15:00:00,2.674,2.719,2.629,2.712,527019.02103874
2026-05-25 16:00:00,2.713,2.822,2.669,2.783,1045722.83778891
2026-05-25 17:00:00,2.784,2.811,2.707,2.738,1074336.4574812
2026-05-25 18:00:00,2.738,2.77,2.706,2.721,513228.84953622
2026-05-25 19:00:00,2.72,2.777,2.706,2.757,587370.20719377
2026-05-25 20:00:00,2.757,2.789,2.72,2.755,447313.04385876
2026-05-25 21:00:00,2.754,2.793,2.751,2.791,543211.02551566
2026-05-25 22:00:00,2.79,2.798,2.729,2.767,410452.42458678
2026-05-25 23:00:00,2.766,2.808,2.75,2.772,372410.33325824
2026-05-26 00:00:00,2.774,2.776,2.71,2.723,468870.50674838
2026-05-26 01:00:00,2.721,2.73,2.669,2.685,570547.11884666
2026-05-26 02:00:00,2.687,2.762,2.667,2.731,397220.30926056
2026-05-26 03:00:00,2.731,2.758,2.702,2.724,263887.46883569
2026-05-26 04:00:00,2.725,2.801,2.725,2.786,262256.84937018
2026-05-26 05:00:00,2.785,2.796,2.741,2.748,358598.20916687
2026-05-26 06:00:00,2.746,2.781,2.717,2.736,431113.58429327
2026-05-26 07:00:00,2.735,2.739,2.705,2.719,171456.62548082
2026-05-26 08:00:00,2.719,2.755,2.679,2.737,350901.15138871
2026-05-26 09:00:00,2.736,2.769,2.697,2.715,243312.93991948
2026-05-26 10:00:00,2.715,2.905,2.708,2.895,567730.65391373
2026-05-26 11:00:00,2.895,2.978,2.852,2.852,1070038.20528419
2026-05-26 12:00:00,2.852,2.866,2.753,2.782,1157328.32798396
2026-05-26 13:00:00,2.779,2.885,2.736,2.824,1217880.67810124
2026-05-26 14:00:00,2.825,2.913,2.817,2.834,662739.785503
2026-05-26 15:00:00,2.834,2.844,2.745,2.764,461767.07572535
2026-05-26 16:00:00,2.763,2.763,2.706,2.736,287666.05311868
2026-05-26 17:00:00,2.739,2.743,2.674,2.694,312238.50479303
2026-05-26 18:00:00,2.693,2.698,2.589,2.623,505211.29892789
2026-05-26 19:00:00,2.624,2.66,2.594,2.652,252638.17043477
2026-05-26 20:00:00,2.652,2.675,2.623,2.653,186340.7238229
2026-05-26 21:00:00,2.653,2.659,2.597,2.61,198057.92424266
2026-05-26 22:00:00,2.61,2.644,2.596,2.637,211507.25431929
2026-05-26 23:00:00,2.637,2.646,2.527,2.552,406198.03304935
2026-05-27 00:00:00,2.552,2.602,2.53,2.573,406038.62459443
2026-05-27 01:00:00,2.572,2.572,2.518,2.526,183853.26939938
2026-05-27 02:00:00,2.526,2.529,2.462,2.51,370436.00312568
2026-05-27 03:00:00,2.51,2.526,2.48,2.49,209766.36400611
2026-05-27 04:00:00,2.49,2.518,2.469,2.512,158513.396171
2026-05-27 05:00:00,2.513,2.549,2.508,2.532,272219.29106788
2026-05-27 06:00:00,2.534,2.548,2.518,2.542,171574.85711206
2026-05-27 07:00:00,2.541,2.542,2.492,2.522,178935.05917912
2026-05-27 08:00:00,2.521,2.579,2.509,2.523,364759.20017888
2026-05-27 09:00:00,2.524,2.533,2.475,2.476,175978.82952964
2026-05-27 10:00:00,2.477,2.497,2.457,2.496,238608.02117372
2026-05-27 11:00:00,2.494,2.548,2.492,2.522,175676.64510094
2026-05-27 12:00:00,2.523,2.554,2.5,2.521,198901.15924199
2026-05-27 13:00:00,2.522,2.569,2.499,2.54,330522.7674727
2026-05-27 14:00:00,2.541,2.563,2.51,2.544,312630.04992446
2026-05-27 15:00:00,2.544,2.623,2.524,2.579,396150.38490158
2026-05-27 16:00:00,2.579,2.581,2.525,2.564,188178.42414966
2026-05-27 17:00:00,2.564,2.575,2.511,2.531,446317.2865315
2026-05-27 18:00:00,2.532,2.622,2.525,2.621,293739.79708966
2026-05-27 19:00:00,2.62,2.736,2.615,2.672,1022554.86981975
2026-05-27 20:00:00,2.671,2.672,2.587,2.618,805305.11308719
2026-05-27 21:00:00,2.618,2.631,2.51,2.567,602671.82828106
2026-05-27 22:00:00,2.569,2.587,2.524,2.53,206423.10994111
2026-05-27 23:00:00,2.529,2.54,2.473,2.489,331672.71353797
2026-05-28 00:00:00,2.49,2.507,2.442,2.453,216071.24832651
2026-05-28 01:00:00,2.453,2.463,2.419,2.449,214739.66503974
2026-05-28 02:00:00,2.449,2.451,2.382,2.416,207054.16122005
2026-05-28 03:00:00,2.417,2.431,2.368,2.385,238546.54206883
2026-05-28 04:00:00,2.387,2.437,2.377,2.417,448702.3556623
2026-05-28 05:00:00,2.42,2.424,2.381,2.42,123316.68515631
2026-05-28 06:00:00,2.418,2.419,2.365,2.375,407756.385242
2026-05-28 07:00:00,2.375,2.421,2.368,2.416,308705.85242508
2026-05-28 08:00:00,2.416,2.419,2.382,2.387,100391.27671406
2026-05-28 09:00:00,2.388,2.424,2.378,2.42,104478.07880864
2026-05-28 10:00:00,2.419,2.427,2.376,2.378,168669.09501641
2026-05-28 11:00:00,2.378,2.392,2.368,2.387,73423.99402201
2026-05-28 12:00:00,2.388,2.39,2.332,2.348,271169.45338218
2026-05-28 13:00:00,2.349,2.358,2.305,2.316,547231.9885787
2026-05-28 14:00:00,2.315,2.364,2.269,2.297,457247.33327988
2026-05-28 15:00:00,2.298,2.338,2.292,2.302,218314.34669532
2026-05-28 16:00:00,2.3,2.359,2.292,2.349,205337.94290899
2026-05-28 17:00:00,2.35,2.364,2.333,2.357,168517.53981687
2026-05-28 18:00:00,2.357,2.425,2.355,2.417,214268.56378056
2026-05-28 19:00:00,2.416,2.435,2.39,2.39,128865.56106996
2026-05-28 20:00:00,2.391,2.452,2.357,2.424,208095.41895148
2026-05-28 21:00:00,2.424,2.474,2.415,2.45,238003.80470747
2026-05-28 22:00:00,2.449,2.468,2.418,2.436,262228.71902049
2026-05-28 23:00:00,2.437,2.452,2.416,2.421,68084.37253787
2026-05-29 00:00:00,2.422,2.531,2.419,2.513,905305.16830863
2026-05-29 01:00:00,2.512,2.558,2.49,2.551,949109.45182457
2026-05-29 02:00:00,2.551,2.561,2.468,2.478,456544.37348377
2026-05-29 03:00:00,2.479,2.527,2.446,2.457,292276.47795352
2026-05-29 04:00:00,2.458,2.495,2.445,2.489,108674.19513332
2026-05-29 05:00:00,2.488,2.518,2.466,2.497,77289.04445368
2026-05-29 06:00:00,2.496,2.517,2.476,2.508,124867.65744504
2026-05-29 07:00:00,2.507,2.574,2.474,2.498,414495.77383136
2026-05-29 08:00:00,2.499,2.515,2.479,2.488,272394.44082959
2026-05-29 09:00:00,2.487,2.551,2.483,2.502,565861.16555904
2026-05-29 10:00:00,2.502,2.526,2.483,2.504,572474.85583003
2026-05-29 11:00:00,2.502,2.518,2.476,2.486,346760.83474255
2026-05-29 12:00:00,2.488,2.488,2.408,2.433,501715.45604443
2026-05-29 13:00:00,2.432,2.469,2.407,2.457,241302.11275706
2026-05-29 14:00:00,2.458,2.479,2.416,2.446,334368.42420977
2026-05-29 15:00:00,2.444,2.602,2.444,2.552,1236908.68463892
2026-05-29 16:00:00,2.552,2.63,2.535,2.592,1044688.030894
2026-05-29 17:00:00,2.591,2.631,2.572,2.586,538542.81116623
2026-05-29 18:00:00,2.586,2.611,2.549,2.554,537797.53299791
2026-05-29 19:00:00,2.555,2.578,2.518,2.539,256631.05256865
2026-05-29 20:00:00,2.539,2.562,2.487,2.501,325637.69371498
2026-05-29 21:00:00,2.502,2.51,2.361,2.363,362428.79381388
2026-05-29 22:00:00,2.364,2.413,2.364,2.407,176648.46058512
2026-05-29 23:00:00,2.406,2.418,2.372,2.379,100714.18250582
2026-05-30 00:00:00,2.38,2.402,2.358,2.362,123136.65001299
2026-05-30 01:00:00,2.362,2.394,2.355,2.38,220052.55186226
2026-05-30 02:00:00,2.381,2.401,2.365,2.394,89690.77513742
2026-05-30 03:00:00,2.394,2.394,2.354,2.356,138552.37087622
2026-05-30 04:00:00,2.356,2.364,2.247,2.31,913451.72522599
2026-05-30 05:00:00,2.31,2.365,2.308,2.359,274084.86949257
2026-05-30 06:00:00,2.359,2.388,2.352,2.386,89563.95154686
2026-05-30 07:00:00,2.385,2.401,2.375,2.399,69427.45146737
2026-05-30 08:00:00,2.398,2.408,2.385,2.401,132450.15581713
2026-05-30 09:00:00,2.4,2.438,2.4,2.417,130766.43821626
2026-05-30 10:00:00,2.418,2.443,2.397,2.401,147416.56097598
2026-05-30 11:00:00,2.4,2.423,2.386,2.415,202013.42092917
2026-05-30 12:00:00,2.415,2.432,2.396,2.403,102999.47583289
2026-05-30 13:00:00,2.404,2.414,2.385,2.403,309061.04566612
2026-05-30 14:00:00,2.403,2.414,2.385,2.403,360185.32421522
2026-05-30 15:00:00,2.403,2.407,2.328,2.341,382526.93406913
2026-05-30 16:00:00,2.342,2.361,2.337,2.348,91852.99581779
2026-05-30 17:00:00,2.347,2.356,2.276,2.31,484834.7062254
2026-05-30 18:00:00,2.311,2.331,2.303,2.327,90876.19788828
2026-05-30 19:00:00,2.33,2.34,2.29,2.304,134661.85187609
2026-05-30 20:00:00,2.305,2.326,2.305,2.313,152950.91343134
2026-05-30 21:00:00,2.314,2.318,2.296,2.296,48957.30299586
2026-05-30 22:00:00,2.297,2.3,2.245,2.269,262825.81333401
2026-05-30 23:00:00,2.269,2.284,2.227,2.251,216953.32683836
2026-05-31 00:00:00,2.251,2.263,2.232,2.247,170417.37181886
2026-05-31 01:00:00,2.247,2.268,2.241,2.248,126127.14784678
2026-05-31 02:00:00,2.248,2.276,2.245,2.26,111016.53938983
2026-05-31 03:00:00,2.259,2.287,2.253,2.278,145416.59802886
2026-05-31 04:00:00,2.277,2.33,2.271,2.329,373309.82268527
2026-05-31 05:00:00,2.328,2.338,2.307,2.317,249957.79069034
2026-05-31 06:00:00,2.316,2.337,2.31,2.323,169905.91301008
2026-05-31 07:00:00,2.322,2.347,2.291,2.303,295114.76449765
2026-05-31 08:00:00,2.304,2.315,2.262,2.279,261886.84296681
2026-05-31 09:00:00,2.279,2.289,2.254,2.262,200201.53728041
2026-05-31 10:00:00,2.261,2.272,2.24,2.266,174406.33131716
2026-05-31 11:00:00,2.266,2.278,2.262,2.273,63461.89135787
2026-05-31 12:00:00,2.274,2.331,2.269,2.317,116564.78631111
2026-05-31 13:00:00,2.318,2.336,2.313,2.323,98649.02727984
2026-05-31 14:00:00,2.322,2.329,2.277,2.289,301155.76255949
2026-05-31 15:00:00,2.289,2.353,2.285,2.315,325938.1152143
2026-05-31 16:00:00,2.317,2.32,2.249,2.254,309462.56680599
2026-05-31 17:00:00,2.255,2.278,2.246,2.272,74207.53003926
2026-05-31 18:00:00,2.274,2.275,2.225,2.235,75700.49336693
2026-05-31 19:00:00,2.236,2.253,2.216,2.246,100144.48110329
2026-05-31 20:00:00,2.247,2.261,2.24,2.256,74600.61221493
2026-05-31 21:00:00,2.257,2.341,2.255,2.32,328007.50629919
2026-05-31 22:00:00,2.321,2.354,2.289,2.346,190401.57724258
2026-05-31 23:00:00,2.347,2.359,2.291,2.321,82165.83760773
2026-06-01 00:00:00,2.322,2.366,2.304,2.309,196904.11726275
2026-06-01 01:00:00,2.309,2.316,2.261,2.266,195055.83500514
2026-06-01 02:00:00,2.265,2.381,2.263,2.366,254733.47152891
2026-06-01 03:00:00,2.366,2.419,2.366,2.38,582776.68298351
2026-06-01 04:00:00,2.379,2.397,2.319,2.344,230652.1344674
2026-06-01 05:00:00,2.342,2.362,2.316,2.349,110956.78916633
2026-06-01 06:00:00,2.351,2.357,2.29,2.323,277214.85061324
2026-06-01 07:00:00,2.321,2.349,2.297,2.307,79422.90420748
2026-06-01 08:00:00,2.307,2.346,2.302,2.314,120125.0911409
2026-06-01 09:00:00,2.313,2.334,2.286,2.332,108387.41572691
2026-06-01 10:00:00,2.333,2.357,2.315,2.334,135211.40869206
2026-06-01 11:00:00,2.334,2.37,2.304,2.32,145143.27284222
2026-06-01 12:00:00,2.32,2.406,2.297,2.364,374869.33857829
2026-06-01 13:00:00,2.365,2.399,2.333,2.378,343199.3267205
2026-06-01 14:00:00,2.379,2.414,2.35,2.392,704336.49011754
2026-06-01 15:00:00,2.391,2.449,2.367,2.409,962572.66469316
2026-06-01 16:00:00,2.408,2.465,2.38,2.451,900712.48607685
2026-06-01 17:00:00,2.451,2.557,2.451,2.535,2690378.60038324
2026-06-01 18:00:00,2.535,2.583,2.495,2.58,2871019.63436955
2026-06-01 19:00:00,2.581,2.654,2.573,2.617,2896762.22188923
2026-06-01 20:00:00,2.616,2.701,2.571,2.69,1785909.33334834
2026-06-01 21:00:00,2.691,2.696,2.614,2.627,1814537.47776347
2026-06-01 22:00:00,2.627,2.711,2.61,2.694,889433.40916079
2026-06-01 23:00:00,2.695,2.695,2.609,2.64,418065.8461413
2026-06-02 00:00:00,2.64,2.655,2.576,2.592,305660.99888899
2026-06-02 01:00:00,2.593,2.683,2.58,2.59,369660.39618991
2026-06-02 02:00:00,2.59,2.669,2.563,2.665,215746.05468812
2026-06-02 03:00:00,2.667,2.754,2.644,2.732,389231.57984073
2026-06-02 04:00:00,2.734,2.76,2.651,2.654,242095.28397014
2026-06-02 05:00:00,2.654,2.655,2.577,2.599,228650.76378906
2026-06-02 06:00:00,2.599,2.625,2.568,2.604,153788.32064033
2026-06-02 07:00:00,2.607,2.636,2.573,2.602,145967.07104191
2026-06-02 08:00:00,2.602,2.667,2.592,2.655,276382.31221202
2026-06-02 09:00:00,2.656,2.666,2.602,2.628,268609.04252969
2026-06-02 10:00:00,2.628,2.696,2.619,2.683,343919.92666723
2026-06-02 11:00:00,2.68,2.717,2.67,2.672,265354.40769771
2026-06-02 12:00:00,2.672,2.735,2.668,2.703,209661.55510212
2026-06-02 13:00:00,2.703,2.735,2.657,2.688,289259.14204378
2026-06-02 14:00:00,2.687,2.723,2.598,2.62,528587.84490464
2026-06-02 15:00:00,2.618,2.624,2.461,2.485,985437.0021848
2026-06-02 16:00:00,2.485,2.561,2.456,2.527,370121.67977841
2026-06-02 17:00:00,2.528,2.648,2.528,2.639,223263.67354291
2026-06-02 18:00:00,2.639,2.657,2.549,2.573,268213.42874793
2026-06-02 19:00:00,2.573,2.648,2.493,2.63,280842.79146718
2026-06-02 20:00:00,2.63,2.733,2.581,2.715,403744.07805931
2026-06-02 21:00:00,2.716,2.777,2.641,2.671,438895.148243
2026-06-02 22:00:00,2.669,2.699,2.594,2.626,394832.08810932
2026-06-02 23:00:00,2.627,2.635,2.538,2.627,289941.90853201
2026-06-03 00:00:00,2.628,2.77,2.627,2.727,345744.21666159
2026-06-03 01:00:00,2.725,2.741,2.673,2.727,183867.69388458
2026-06-03 02:00:00,2.726,2.729,2.678,2.717,188475.3944394
2026-06-03 03:00:00,2.717,2.76,2.634,2.683,495084.58275268
2026-06-03 04:00:00,2.682,2.831,2.68,2.823,446962.76024976
2026-06-03 05:00:00,2.823,2.896,2.808,2.865,309053.11158984
2026-06-03 06:00:00,2.864,2.879,2.79,2.811,243952.47561725
2026-06-03 07:00:00,2.812,2.869,2.797,2.859,222291.42091573
2026-06-03 08:00:00,2.858,2.913,2.82,2.871,320142.14611686
2026-06-03 09:00:00,2.87,2.883,2.824,2.831,241818.18213663
2026-06-03 10:00:00,2.832,2.977,2.819,2.959,470420.14382086
2026-06-03 11:00:00,2.958,2.974,2.845,2.949,565648.59907344
2026-06-03 12:00:00,2.949,2.997,2.902,2.977,403766.99878534
2026-06-03 13:00:00,2.977,3.066,2.937,3.054,647344.01719802
2026-06-03 14:00:00,3.053,3.082,2.966,3.011,490574.70713817
2026-06-03 15:00:00,3.012,3.086,2.91,2.938,796277.89170576
2026-06-03 16:00:00,2.944,2.953,2.777,2.854,735059.65436904
2026-06-03 17:00:00,2.855,2.86,2.773,2.803,318833.90817345
2026-06-03 18:00:00,2.803,2.879,2.777,2.879,246722.42216729
2026-06-03 19:00:00,2.878,2.924,2.836,2.853,288440.07555849
2026-06-03 20:00:00,2.85,2.877,2.776,2.8,158917.02333539
2026-06-03 21:00:00,2.8,2.931,2.8,2.916,176964.36187324
2026-06-03 22:00:00,2.914,2.938,2.826,2.833,164321.24324961
2026-06-03 23:00:00,2.831,2.859,2.795,2.816,190432.28205486
2026-06-04 00:00:00,2.816,2.854,2.767,2.79,191637.03956551
2026-06-04 01:00:00,2.791,2.809,2.681,2.699,575663.8473551
2026-06-04 02:00:00,2.698,2.804,2.632,2.709,787850.6702381
2026-06-04 03:00:00,2.71,2.834,2.698,2.73,359036.34620669
2026-06-04 04:00:00,2.73,2.756,2.616,2.631,321037.94457447
2026-06-04 05:00:00,2.632,2.636,2.503,2.537,636032.27012283
2026-06-04 06:00:00,2.538,2.576,2.459,2.465,458849.46687162
2026-06-04 07:00:00,2.466,2.475,2.38,2.403,731031.8416906
2026-06-04 08:00:00,2.405,2.414,2.303,2.331,622803.64361145
2026-06-04 09:00:00,2.332,2.367,2.295,2.349,929800.41198793
2026-06-04 10:00:00,2.347,2.415,2.332,2.412,626255.20940355
2026-06-04 11:00:00,2.412,2.449,2.347,2.449,596276.13685556
2026-06-04 12:00:00,2.449,2.491,2.391,2.428,595218.07310876
2026-06-04 13:00:00,2.429,2.431,2.342,2.371,596462.93992566
2026-06-04 14:00:00,2.372,2.405,2.35,2.369,655670.72531161
2026-06-04 15:00:00,2.368,2.444,2.357,2.392,594531.87780204
2026-06-04 16:00:00,2.392,2.485,2.383,2.431,627359.10899655
2026-06-04 17:00:00,2.43,2.463,2.376,2.391,577326.52947578
2026-06-04 18:00:00,2.392,2.41,2.358,2.38,361282.34997082
2026-06-04 19:00:00,2.381,2.389,2.327,2.347,284105.72799295
2026-06-04 20:00:00,2.346,2.349,2.293,2.301,344293.91205024
2026-06-04 21:00:00,2.299,2.312,2.212,2.238,594685.66509484
2026-06-04 22:00:00,2.238,2.273,2.181,2.22,512321.223377
2026-06-04 23:00:00,2.22,2.243,2.174,2.2,414607.07160706
2026-06-05 00:00:00,2.2,2.284,2.196,2.242,609380.78770476
2026-06-05 01:00:00,2.24,2.302,2.217,2.249,247853.23429348
2026-06-05 02:00:00,2.249,2.249,2.117,2.125,440053.61873889
2026-06-05 03:00:00,2.124,2.164,2.092,2.127,494918.34383672
2026-06-05 04:00:00,2.128,2.206,2.113,2.2,402491.67705933
2026-06-05 05:00:00,2.2,2.235,2.16,2.179,324782.87293973
2026-06-05 06:00:00,2.18,2.192,2.063,2.087,614980.68651731
2026-06-05 07:00:00,2.087,2.102,1.989,2.1,848575.43671224
2026-06-05 08:00:00,2.102,2.116,2.014,2.077,268848.57747748
2026-06-05 09:00:00,2.08,2.105,2.039,2.085,219797.204938
2026-06-05 10:00:00,2.084,2.089,2.02,2.04,235969.52609586
2026-06-05 11:00:00,2.039,2.065,1.998,2.019,230904.38049666
2026-06-05 12:00:00,2.018,2.055,1.999,2.039,250183.06966898
2026-06-05 13:00:00,2.039,2.083,2.0,2.0,270254.37053689
2026-06-05 14:00:00,2.0,2.065,1.979,1.988,668126.80448968
2026-06-05 15:00:00,1.987,1.991,1.906,1.92,531853.81475146
2026-06-05 16:00:00,1.919,1.988,1.841,1.979,708018.20663599
2026-06-05 17:00:00,1.978,2.004,1.924,1.978,267437.50968345
2026-06-05 18:00:00,1.978,1.983,1.891,1.895,251975.63201101
2026-06-05 19:00:00,1.895,1.988,1.854,1.975,457770.75115825
2026-06-05 20:00:00,1.975,2.032,1.937,2.016,284516.05877125
2026-06-05 21:00:00,2.015,2.046,1.992,1.995,282231.27677797
2026-06-05 22:00:00,1.994,2.012,1.964,1.984,179430.44777601
2026-06-05 23:00:00,1.985,2.001,1.937,1.968,196157.40832557
2026-06-06 00:00:00,1.969,1.992,1.96,1.983,163894.22775905
2026-06-06 01:00:00,1.986,2.006,1.956,1.99,109493.49040541
2026-06-06 02:00:00,1.989,1.993,1.962,1.968,106762.79068141
2026-06-06 03:00:00,1.969,1.979,1.941,1.947,122583.81780138
2026-06-06 04:00:00,1.946,1.948,1.829,1.866,366228.42497722
2026-06-06 05:00:00,1.869,1.957,1.85,1.938,304179.86071773
2026-06-06 06:00:00,1.937,1.974,1.93,1.931,181742.68537331
2026-06-06 07:00:00,1.932,1.955,1.922,1.936,116647.77798472
2026-06-06 08:00:00,1.937,1.947,1.917,1.936,83501.50531158
2026-06-06 09:00:00,1.938,1.951,1.889,1.906,115984.52067294
2026-06-06 10:00:00,1.906,1.906,1.857,1.876,300371.28463952
2026-06-06 11:00:00,1.874,1.929,1.874,1.918,276640.21208298
2026-06-06 12:00:00,1.917,1.922,1.889,1.906,179597.14835117
2026-06-06 13:00:00,1.904,1.915,1.87,1.876,152735.37297885
2026-06-06 14:00:00,1.874,1.893,1.844,1.851,344453.86382012
2026-06-06 15:00:00,1.851,1.897,1.827,1.887,355524.36165916
2026-06-06 16:00:00,1.887,1.916,1.854,1.892,227788.0735769
2026-06-06 17:00:00,1.892,1.898,1.852,1.86,138917.97478796
2026-06-06 18:00:00,1.858,1.901,1.849,1.868,124276.67106768
2026-06-06 19:00:00,1.868,1.882,1.857,1.859,89058.48855785
2026-06-06 20:00:00,1.86,1.879,1.855,1.872,83230.05967441
2026-06-06 21:00:00,1.872,1.893,1.868,1.877,124615.49180677
2026-06-06 22:00:00,1.877,1.885,1.847,1.852,139800.5657751
2026-06-06 23:00:00,1.851,1.873,1.848,1.858,94229.83316382
2026-06-07 00:00:00,1.859,1.886,1.852,1.877,161512.99126861
2026-06-07 01:00:00,1.878,1.96,1.872,1.944,411418.17311238
2026-06-07 02:00:00,1.944,1.955,1.878,1.893,555182.18114092
2026-06-07 03:00:00,1.893,1.893,1.817,1.85,677426.14366598
2026-06-07 04:00:00,1.85,1.885,1.839,1.877,281281.26306119
2026-06-07 05:00:00,1.877,1.904,1.866,1.902,231804.02366947
2026-06-07 06:00:00,1.901,1.944,1.888,1.933,345790.70879983
2026-06-07 07:00:00,1.932,1.95,1.904,1.91,166096.87429463
2026-06-07 08:00:00,1.91,1.94,1.9,1.932,201754.794774
2026-06-07 09:00:00,1.932,1.96,1.904,1.912,311623.9589505
2026-06-07 10:00:00,1.911,1.916,1.882,1.893,147403.98676599
2026-06-07 11:00:00,1.895,1.938,1.885,1.919,119136.34385781
2026-06-07 12:00:00,1.919,1.931,1.857,1.885,213450.83200661
2026-06-07 13:00:00,1.884,1.921,1.882,1.908,144831.75144347
2026-06-07 14:00:00,1.909,1.991,1.909,1.985,298195.85590163
2026-06-07 15:00:00,1.985,2.061,1.97,2.024,794741.5811957
2026-06-07 16:00:00,2.024,2.101,2.002,2.038,672570.85311459
2026-06-07 17:00:00,2.037,2.078,2.012,2.037,312575.94708439
2026-06-07 18:00:00,2.038,2.062,2.021,2.022,146528.23872528
2026-06-07 19:00:00,2.023,2.023,1.953,1.967,363138.79212265
2026-06-07 20:00:00,1.966,2.018,1.956,2.007,241082.90721342
2026-06-07 21:00:00,2.008,2.014,1.973,1.989,146322.47333726
2026-06-07 22:00:00,1.99,2.101,1.989,2.033,311628.79830441
2026-06-07 23:00:00,2.032,2.06,2.019,2.06,117627.0596528
2026-06-08 00:00:00,2.059,2.094,2.023,2.086,175230.75524482
2026-06-08 01:00:00,2.086,2.088,2.015,2.042,307356.37507624
2026-06-08 02:00:00,2.043,2.109,2.035,2.08,268510.80925471
2026-06-08 03:00:00,2.08,2.11,2.058,2.075,290604.24263808
2026-06-08 04:00:00,2.076,2.081,2.035,2.041,152313.46496475
2026-06-08 05:00:00,2.041,2.075,2.019,2.075,179078.63619846
2026-06-08 06:00:00,2.075,2.162,2.073,2.158,400327.34167098
2026-06-08 07:00:00,2.159,2.198,2.131,2.143,520924.45391209
2026-06-08 08:00:00,2.142,2.158,2.115,2.129,316896.28857686
2026-06-08 09:00:00,2.128,2.181,2.128,2.181,422586.9483659
2026-06-08 10:00:00,2.18,2.184,2.115,2.116,310402.47198665
2026-06-08 11:00:00,2.116,2.162,2.102,2.123,880481.63982181
2026-06-08 12:00:00,2.123,2.198,2.094,2.192,987042.39189075
2026-06-08 13:00:00,2.194,2.197,2.134,2.151,464599.53529078
2026-06-08 14:00:00,2.15,2.169,2.121,2.169,591488.04957888
2026-06-08 15:00:00,2.17,2.232,2.154,2.213,632987.9858679
2026-06-08 16:00:00,2.212,2.265,2.204,2.204,559559.23765287
2026-06-08 17:00:00,2.203,2.224,2.169,2.194,244765.32762564
2026-06-08 18:00:00,2.195,2.205,2.172,2.198,131288.07409154
2026-06-08 19:00:00,2.198,2.22,2.176,2.19,142082.10286994
2026-06-08 20:00:00,2.19,2.205,2.134,2.198,172688.69999304
2026-06-08 21:00:00,2.198,2.206,2.144,2.149,277671.47797794
2026-06-08 22:00:00,2.151,2.156,2.125,2.134,167253.18730159
2026-06-08 23:00:00,2.134,2.143,2.119,2.13,121756.58341004
2026-06-09 00:00:00,2.129,2.138,2.051,2.08,441202.05217083
2026-06-09 01:00:00,2.079,2.092,2.062,2.085,174190.33379974
2026-06-09 02:00:00,2.084,2.094,2.047,2.065,134109.86618427
2026-06-09 03:00:00,2.065,2.075,2.045,2.051,92696.54630121
2026-06-09 04:00:00,2.05,2.102,2.047,2.095,372231.25217924
2026-06-09 05:00:00,2.094,2.191,2.088,2.18,206134.35590286
2026-06-09 06:00:00,2.18,2.186,2.153,2.171,195186.32739418
2026-06-09 07:00:00,2.171,2.203,2.167,2.182,123061.89666914
2026-06-09 08:00:00,2.182,2.201,2.144,2.17,127354.59296928
2026-06-09 09:00:00,2.17,2.184,2.129,2.137,206923.6928747
2026-06-09 10:00:00,2.138,2.182,2.132,2.182,92160.13241106
2026-06-09 11:00:00,2.181,2.182,2.142,2.16,86653.02395578
2026-06-09 12:00:00,2.159,2.182,2.153,2.166,88813.12373121
2026-06-09 13:00:00,2.166,2.19,2.134,2.177,142786.401382
2026-06-09 14:00:00,2.176,2.177,2.074,2.112,553424.69606711
2026-06-09 15:00:00,2.112,2.142,2.049,2.078,504480.58987174
2026-06-09 16:00:00,2.077,2.113,2.032,2.076,383133.37919766
2026-06-09 17:00:00,2.078,2.134,2.073,2.118,179544.7871432
2026-06-09 18:00:00,2.122,2.168,2.099,2.163,127798.16821215
2026-06-09 19:00:00,2.161,2.22,2.151,2.22,171500.61014757
2026-06-09 20:00:00,2.219,2.251,2.189,2.233,172800.4554849
2026-06-09 21:00:00,2.234,2.261,2.171,2.187,360278.38224548
2026-06-09 22:00:00,2.186,2.201,2.154,2.155,139078.98032509
2026-06-09 23:00:00,2.156,2.182,2.144,2.152,79797.90882481
2026-06-10 00:00:00,2.153,2.173,2.114,2.143,361630.96125295
2026-06-10 01:00:00,2.14,2.204,2.128,2.179,328563.59653824
2026-06-10 02:00:00,2.178,2.188,2.128,2.142,235624.69329842
2026-06-10 03:00:00,2.141,2.177,2.129,2.134,141593.91875976
2026-06-10 04:00:00,2.135,2.15,2.095,2.098,244172.27917646
2026-06-10 05:00:00,2.099,2.106,2.045,2.046,271369.51295277
2026-06-10 06:00:00,2.046,2.084,1.999,2.064,407372.3954988
2026-06-10 07:00:00,2.064,2.101,2.051,2.082,297685.84373208
2026-06-10 08:00:00,2.083,2.1,2.058,2.076,343250.50248745
2026-06-10 09:00:00,2.081,2.099,2.057,2.082,107199.81515996
2026-06-10 10:00:00,2.082,2.083,2.053,2.069,92514.00910536
2026-06-10 11:00:00,2.069,2.073,2.031,2.04,165148.84350451
2026-06-10 12:00:00,2.04,2.132,2.027,2.118,237485.98404546
2026-06-10 13:00:00,2.118,2.175,2.086,2.136,197129.925935
2026-06-10 14:00:00,2.136,2.142,2.092,2.108,136505.79184157
2026-06-10 15:00:00,2.109,2.132,2.066,2.094,937936.56622554
2026-06-10 16:00:00,2.095,2.112,2.041,2.05,230514.89362377
2026-06-10 17:00:00,2.052,2.08,2.027,2.065,118067.90294295
2026-06-10 18:00:00,2.064,2.066,2.007,2.033,114919.65411621
2026-06-10 19:00:00,2.033,2.043,2.01,2.01,95343.34458425
2026-06-10 20:00:00,2.01,2.025,1.973,1.98,145877.71116484
2026-06-10 21:00:00,1.979,1.987,1.931,1.965,219775.36848146
2026-06-10 22:00:00,1.965,1.985,1.942,1.961,78425.92785227
2026-06-10 23:00:00,1.96,1.983,1.948,1.97,151616.08755038
2026-06-11 00:00:00,1.97,2.006,1.968,1.973,116211.43814652
2026-06-11 01:00:00,1.973,2.012,1.973,2.011,78138.65315606
2026-06-11 02:00:00,2.011,2.012,1.943,1.967,762973.31376854
2026-06-11 03:00:00,1.966,2.048,1.952,2.027,772026.56951957
2026-06-11 04:00:00,2.028,2.065,2.008,2.056,242411.74763254
2026-06-11 05:00:00,2.055,2.078,2.038,2.041,294964.03692711
2026-06-11 06:00:00,2.042,2.082,2.042,2.046,163668.82238347
2026-06-11 07:00:00,2.046,2.053,2.019,2.039,149999.98414432
2026-06-11 08:00:00,2.039,2.064,2.03,2.032,145410.45831532
2026-06-11 09:00:00,2.033,2.033,1.987,1.997,114282.85871534
2026-06-11 10:00:00,1.997,2.046,1.992,2.02,301815.74318245
2026-06-11 11:00:00,2.019,2.078,2.011,2.064,299310.10876973
2026-06-11 12:00:00,2.063,2.069,2.007,2.014,160924.38478122
2026-06-11 13:00:00,2.013,2.041,2.005,2.019,163763.75967324
2026-06-11 14:00:00,2.018,2.029,1.996,1.997,114338.00233508
2026-06-11 15:00:00,1.997,2.043,1.984,2.011,99993.96046571
2026-06-11 16:00:00,2.012,2.029,1.981,1.984,128596.25904168
2026-06-11 17:00:00,1.982,2.077,1.958,2.071,500960.33711818
2026-06-11 18:00:00,2.07,2.081,2.033,2.037,302623.66496079
2026-06-11 19:00:00,2.038,2.072,2.023,2.04,107614.29722945
2026-06-11 20:00:00,2.041,2.053,2.015,2.043,103937.61858235
2026-06-11 21:00:00,2.046,2.119,2.046,2.095,254901.52653464
2026-06-11 22:00:00,2.094,2.094,2.055,2.063,112067.24030434
2026-06-11 23:00:00,2.063,2.082,2.046,2.066,76892.17496384
2026-06-12 00:00:00,2.066,2.076,2.051,2.058,68054.02028041
2026-06-12 01:00:00,2.058,2.064,2.033,2.063,55874.57589505
2026-06-12 02:00:00,2.064,2.11,2.064,2.097,198961.74142457
2026-06-12 03:00:00,2.096,2.103,2.075,2.082,294114.25080989
2026-06-12 04:00:00,2.083,2.101,2.076,2.098,116831.16752112
2026-06-12 05:00:00,2.096,2.099,2.045,2.045,77991.3425897
2026-06-12 06:00:00,2.044,2.071,2.017,2.049,537310.33017071
2026-06-12 07:00:00,2.05,2.132,2.05,2.088,389428.87412719
2026-06-12 08:00:00,2.087,2.146,2.085,2.146,117417.6130906
2026-06-12 09:00:00,2.145,2.145,2.11,2.123,149210.55028765
2026-06-12 10:00:00,2.123,2.155,2.078,2.101,187227.08620426
2026-06-12 11:00:00,2.099,2.113,2.085,2.093,171405.15150311
2026-06-12 12:00:00,2.091,2.12,2.088,2.101,105659.69528406
2026-06-12 13:00:00,2.101,2.104,2.049,2.063,131034.42213505
2026-06-12 14:00:00,2.063,2.092,2.05,2.083,137996.91980513
2026-06-12 15:00:00,2.083,2.126,2.035,2.038,634632.99788482
2026-06-12 16:00:00,2.038,2.056,2.019,2.055,176213.15762227
2026-06-12 17:00:00,2.055,2.071,2.053,2.057,118630.72747342
2026-06-12 18:00:00,2.057,2.06,2.022,2.022,51794.96223568
2026-06-12 19:00:00,2.023,2.041,2.006,2.007,54013.5596287
2026-06-12 20:00:00,2.007,2.021,1.976,1.997,183917.91018359
2026-06-12 21:00:00,1.998,2.015,1.982,1.995,110651.35618736
2026-06-12 22:00:00,1.994,2.01,1.994,2.006,31759.61477813
2026-06-12 23:00:00,2.006,2.013,1.995,2.011,40115.91814592
2026-06-13 00:00:00,2.01,2.011,1.997,2.006,41437.96757732
2026-06-13 01:00:00,2.007,2.021,2.001,2.015,77206.16037068
2026-06-13 02:00:00,2.014,2.022,2.007,2.021,69379.72510878
2026-06-13 03:00:00,2.021,2.034,2.01,2.013,75513.93328244
2026-06-13 04:00:00,2.013,2.018,1.996,1.998,63611.95963596
2026-06-13 05:00:00,1.999,2.004,1.99,2.002,112228.89689902
2026-06-13 06:00:00,2.002,2.031,1.99,2.027,77856.51309911
2026-06-13 07:00:00,2.028,2.056,2.006,2.026,178655.72531644
2026-06-13 08:00:00,2.026,2.046,2.016,2.024,146418.13891007
2026-06-13 09:00:00,2.024,2.034,2.013,2.027,94353.70271459
2026-06-13 10:00:00,2.028,2.037,2.015,2.024,92614.84766262
2026-06-13 11:00:00,2.025,2.047,2.019,2.043,127327.73156605
2026-06-13 12:00:00,2.042,2.064,2.038,2.053,198147.83062705
2026-06-13 13:00:00,2.055,2.075,2.045,2.056,279678.98138257
2026-06-13 14:00:00,2.057,2.074,2.052,2.072,146446.47099375
2026-06-13 15:00:00,2.073,2.183,2.07,2.178,663792.75695587
2026-06-13 16:00:00,2.179,2.187,2.09,2.151,492088.74558641
2026-06-13 17:00:00,2.15,2.153,2.106,2.117,272768.52097885
2026-06-13 18:00:00,2.118,2.13,2.103,2.12,248556.06379758
2026-06-13 19:00:00,2.12,2.132,2.099,2.103,112998.66249201
2026-06-13 20:00:00,2.103,2.109,2.089,2.1,98902.36358801
2026-06-13 21:00:00,2.1,2.141,2.084,2.131,134682.40830874
2026-06-13 22:00:00,2.131,2.136,2.113,2.114,91254.2353888
2026-06-13 23:00:00,2.113,2.136,2.11,2.128,113841.83218202
2026-06-14 00:00:00,2.127,2.13,2.111,2.115,118809.39889268
2026-06-14 01:00:00,2.115,2.173,2.109,2.159,190040.3972476
2026-06-14 02:00:00,2.158,2.171,2.129,2.134,157449.78200351
2026-06-14 03:00:00,2.133,2.147,2.121,2.141,127081.23935885
2026-06-14 04:00:00,2.14,2.143,2.108,2.118,74775.35409031
2026-06-14 05:00:00,2.117,2.123,2.098,2.118,111881.71316883
2026-06-14 06:00:00,2.117,2.142,2.097,2.106,83204.64290054
2026-06-14 07:00:00,2.107,2.111,2.089,2.101,96069.14242924
2026-06-14 08:00:00,2.103,2.128,2.1,2.111,38494.83471681
2026-06-14 09:00:00,2.111,2.122,2.086,2.12,50175.51146677
2026-06-14 10:00:00,2.119,2.133,2.102,2.103,54976.42607703
2026-06-14 11:00:00,2.103,2.119,2.093,2.11,56230.89639194
2026-06-14 12:00:00,2.11,2.114,2.082,2.09,42435.29920555
2026-06-14 13:00:00,2.091,2.112,2.079,2.1,82455.90869663
2026-06-14 14:00:00,2.1,2.101,2.063,2.073,66410.64740157
2026-06-14 15:00:00,2.073,2.086,2.066,2.07,62392.59110403
2026-06-14 16:00:00,2.068,2.092,2.067,2.074,60991.88052645
2026-06-14 17:00:00,2.073,2.099,2.073,2.087,72763.64892407
2026-06-14 18:00:00,2.088,2.103,2.083,2.096,34662.65643165
2026-06-14 19:00:00,2.095,2.112,2.091,2.103,28288.09949144
2026-06-14 20:00:00,2.103,2.13,2.102,2.113,90879.37871734
2026-06-14 21:00:00,2.114,2.211,2.101,2.189,196271.44210269
2026-06-14 22:00:00,2.19,2.234,2.169,2.213,197545.14527152
2026-06-14 23:00:00,2.214,2.236,2.205,2.217,109443.11002494
2026-06-15 00:00:00,2.217,2.259,2.209,2.25,148634.53745177
2026-06-15 01:00:00,2.249,2.254,2.224,2.244,91908.69751387
2026-06-15 02:00:00,2.245,2.281,2.236,2.279,123553.73230205
2026-06-15 03:00:00,2.279,2.319,2.258,2.317,500067.91742364
2026-06-15 04:00:00,2.318,2.383,2.316,2.362,459839.83809114
2026-06-15 05:00:00,2.363,2.385,2.338,2.366,284379.4215147
2026-06-15 06:00:00,2.366,2.402,2.356,2.38,502763.50247227
2026-06-15 07:00:00,2.382,2.411,2.37,2.375,208255.00854644
2026-06-15 08:00:00,2.375,2.417,2.365,2.371,207091.57189676
2026-06-15 09:00:00,2.37,2.396,2.35,2.391,482502.73252105
2026-06-15 10:00:00,2.392,2.451,2.379,2.42,651208.77036091
2026-06-15 11:00:00,2.421,2.5,2.417,2.495,722274.44850825
2026-06-15 12:00:00,2.495,2.504,2.443,2.48,640521.43490075
2026-06-15 13:00:00,2.48,2.503,2.462,2.47,472927.50725441
2026-06-15 14:00:00,2.471,2.538,2.46,2.534,267068.69918033
2026-06-15 15:00:00,2.532,2.544,2.467,2.489,432895.32755163
2026-06-15 16:00:00,2.49,2.5,2.472,2.482,471408.48543972
2026-06-15 17:00:00,2.481,2.51,2.471,2.491,167314.60539567
2026-06-15 18:00:00,2.491,2.511,2.473,2.502,95741.26454567
2026-06-15 19:00:00,2.502,2.531,2.462,2.468,205553.98080352
2026-06-15 20:00:00,2.469,2.491,2.461,2.475,70397.10491218
2026-06-15 21:00:00,2.474,2.475,2.428,2.446,121113.99440677
2026-06-15 22:00:00,2.446,2.467,2.394,2.399,134282.59931814
2026-06-15 23:00:00,2.4,2.404,2.367,2.393,116547.18271709
2026-06-16 00:00:00,2.393,2.418,2.386,2.409,120703.11753988
2026-06-16 01:00:00,2.409,2.428,2.398,2.401,61737.2174296
2026-06-16 02:00:00,2.401,2.401,2.341,2.382,168994.48527935
2026-06-16 03:00:00,2.382,2.402,2.37,2.398,96271.28294541
2026-06-16 04:00:00,2.399,2.417,2.368,2.387,171771.35526989
2026-06-16 05:00:00,2.388,2.438,2.388,2.429,122072.14205695
2026-06-16 06:00:00,2.43,2.447,2.425,2.43,325586.31788847
2026-06-16 07:00:00,2.43,2.464,2.412,2.452,237761.09179105
2026-06-16 08:00:00,2.452,2.503,2.449,2.495,612467.86316474
2026-06-16 09:00:00,2.496,2.523,2.479,2.505,513486.81736411
2026-06-16 10:00:00,2.505,2.561,2.469,2.47,401956.09133243
2026-06-16 11:00:00,2.47,2.49,2.426,2.44,289007.68505176
2026-06-16 12:00:00,2.441,2.456,2.42,2.45,220918.66010447
2026-06-16 13:00:00,2.45,2.453,2.375,2.383,180531.13914516
2026-06-16 14:00:00,2.383,2.399,2.31,2.324,351091.92140973
2026-06-16 15:00:00,2.324,2.346,2.311,2.339,175701.38886271
2026-06-16 16:00:00,2.338,2.348,2.315,2.319,126575.89574044
2026-06-16 17:00:00,2.32,2.343,2.319,2.336,70182.6210057
2026-06-16 18:00:00,2.336,2.36,2.325,2.332,113926.58490363
2026-06-16 19:00:00,2.331,2.331,2.283,2.302,231668.73407735
2026-06-16 20:00:00,2.302,2.386,2.299,2.37,149554.8929577
2026-06-16 21:00:00,2.369,2.374,2.33,2.337,69729.73755556
2026-06-16 22:00:00,2.337,2.347,2.319,2.327,76010.69390886
2026-06-16 23:00:00,2.327,2.33,2.307,2.309,37903.69033902
2026-06-17 00:00:00,2.309,2.327,2.304,2.31,96028.48193755
2026-06-17 01:00:00,2.311,2.352,2.307,2.349,106314.16779469
2026-06-17 02:00:00,2.35,2.36,2.332,2.348,99909.36289586
2026-06-17 03:00:00,2.349,2.349,2.313,2.315,79311.65255549
2026-06-17 04:00:00,2.317,2.348,2.315,2.335,67951.49422917
2026-06-17 05:00:00,2.336,2.345,2.311,2.332,83060.89419749
2026-06-17 06:00:00,2.333,2.339,2.306,2.317,64026.40338311
2026-06-17 07:00:00,2.318,2.32,2.272,2.316,192934.03996135
2026-06-17 08:00:00,2.317,2.32,2.272,2.282,148542.41992006
2026-06-17 09:00:00,2.281,2.291,2.269,2.285,135396.25752147
2026-06-17 10:00:00,2.286,2.289,2.27,2.273,57927.64514765
2026-06-17 11:00:00,2.274,2.295,2.259,2.286,115552.32792569
2026-06-17 12:00:00,2.287,2.324,2.275,2.319,111899.68033384
2026-06-17 13:00:00,2.318,2.328,2.3,2.309,155270.56413156
2026-06-17 14:00:00,2.306,2.323,2.288,2.305,107468.97996676
2026-06-17 15:00:00,2.305,2.385,2.294,2.382,327374.65935918
2026-06-17 16:00:00,2.382,2.389,2.338,2.34,388302.27700756
2026-06-17 17:00:00,2.341,2.358,2.318,2.347,99953.36099301
2026-06-17 18:00:00,2.346,2.346,2.275,2.311,320541.36938593
2026-06-17 19:00:00,2.312,2.327,2.232,2.237,603206.9449834
2026-06-17 20:00:00,2.237,2.265,2.23,2.265,160467.680517
2026-06-17 21:00:00,2.264,2.276,2.219,2.226,294131.64866844
2026-06-17 22:00:00,2.225,2.247,2.205,2.227,375254.01865034
2026-06-17 23:00:00,2.227,2.241,2.174,2.183,484955.5468756
2026-06-18 00:00:00,2.183,2.206,2.177,2.196,176521.27393256
2026-06-18 01:00:00,2.196,2.234,2.196,2.227,261764.81405266
2026-06-18 02:00:00,2.228,2.247,2.226,2.238,331100.8549777
2026-06-18 03:00:00,2.238,2.239,2.202,2.207,207281.43435324
2026-06-18 04:00:00,2.208,2.208,2.166,2.17,177464.03093062
2026-06-18 05:00:00,2.169,2.171,2.15,2.166,158757.73857526
2026-06-18 06:00:00,2.166,2.206,2.158,2.204,123579.86028816
2026-06-18 07:00:00,2.203,2.222,2.194,2.217,98629.06512269
2026-06-18 08:00:00,2.216,2.237,2.21,2.217,67329.11896022
2026-06-18 09:00:00,2.217,2.238,2.209,2.236,66164.99857387
2026-06-18 10:00:00,2.237,2.238,2.213,2.222,46240.51937524
2026-06-18 11:00:00,2.221,2.23,2.188,2.204,65377.62572173
2026-06-18 12:00:00,2.205,2.27,2.2,2.263,97903.6894855
2026-06-18 13:00:00,2.262,2.301,2.239,2.272,189035.14362915
2026-06-18 14:00:00,2.271,2.292,2.244,2.27,236253.42865231
2026-06-18 15:00:00,2.27,2.28,2.168,2.18,207850.03450949
2026-06-18 16:00:00,2.179,2.229,2.177,2.224,224139.81970902
2026-06-18 17:00:00,2.225,2.231,2.13,2.173,594533.66996508
2026-06-18 18:00:00,2.174,2.192,2.163,2.176,392083.61338728
2026-06-18 19:00:00,2.176,2.212,2.164,2.198,142246.52655468
2026-06-18 20:00:00,2.201,2.235,2.2,2.213,150790.17443754
2026-06-18 21:00:00,2.214,2.218,2.19,2.199,72165.99474284
2026-06-18 22:00:00,2.198,2.22,2.194,2.216,73566.28158715
2026-06-18 23:00:00,2.215,2.24,2.184,2.238,76065.0571219
2026-06-19 00:00:00,2.237,2.256,2.226,2.24,74412.41376587
2026-06-19 01:00:00,2.241,2.249,2.21,2.225,49130.45213163
2026-06-19 02:00:00,2.225,2.235,2.19,2.209,126318.86108832
2026-06-19 03:00:00,2.21,2.216,2.104,2.135,354004.00330153
2026-06-19 04:00:00,2.135,2.152,2.096,2.104,138578.0720768
2026-06-19 05:00:00,2.105,2.14,2.103,2.133,106848.77559817
2026-06-19 06:00:00,2.132,2.155,2.125,2.152,52675.82880643
2026-06-19 07:00:00,2.151,2.152,2.109,2.12,215577.17926044
2026-06-19 08:00:00,2.121,2.15,2.117,2.137,88588.37165076
2026-06-19 09:00:00,2.138,2.141,2.111,2.115,79438.14891724
2026-06-19 10:00:00,2.116,2.12,2.099,2.112,96015.00581864
2026-06-19 11:00:00,2.113,2.121,2.1,2.101,35517.82139304
2026-06-19 12:00:00,2.102,2.137,2.085,2.131,191373.1772303
2026-06-19 13:00:00,2.133,2.179,2.122,2.163,289717.05038735
2026-06-19 14:00:00,2.162,2.176,2.147,2.152,119611.59363292
2026-06-19 15:00:00,2.153,2.169,2.147,2.165,75918.87949946
2026-06-19 16:00:00,2.165,2.182,2.132,2.14,115241.64672038
2026-06-19 17:00:00,2.141,2.163,2.136,2.159,78319.19152597
2026-06-19 18:00:00,2.157,2.161,2.138,2.144,30583.92636601
2026-06-19 19:00:00,2.144,2.147,2.119,2.122,86155.4940961
2026-06-19 20:00:00,2.123,2.151,2.122,2.149,47976.71719869
2026-06-19 21:00:00,2.148,2.157,2.125,2.131,27703.38469306
2026-06-19 22:00:00,2.131,2.16,2.13,2.159,23888.46538894
2026-06-19 23:00:00,2.159,2.191,2.155,2.188,87827.39437205
2026-06-20 00:00:00,2.186,2.191,2.156,2.157,82670.4368354
2026-06-20 01:00:00,2.157,2.179,2.152,2.168,34867.68804221
2026-06-20 02:00:00,2.169,2.176,2.154,2.168,29041.21363908
2026-06-20 03:00:00,2.168,2.174,2.158,2.159,28267.57281972
2026-06-20 04:00:00,2.161,2.177,2.157,2.175,84956.2063782
2026-06-20 05:00:00,2.177,2.191,2.168,2.178,38540.4721322
2026-06-20 06:00:00,2.178,2.181,2.156,2.16,29073.76768429
2026-06-20 07:00:00,2.161,2.162,2.139,2.14,55096.43387035
2026-06-20 08:00:00,2.14,2.148,2.134,2.144,107840.41864692
2026-06-20 09:00:00,2.142,2.155,2.137,2.153,170311.58964587
2026-06-20 10:00:00,2.153,2.16,2.134,2.142,59824.37685142
2026-06-20 11:00:00,2.143,2.144,2.123,2.134,67364.09924687
2026-06-20 12:00:00,2.134,2.151,2.133,2.145,77834.01495752
2026-06-20 13:00:00,2.144,2.157,2.124,2.138,53764.56527143
2026-06-20 14:00:00,2.134,2.164,2.099,2.151,222163.81988432
2026-06-20 15:00:00,2.152,2.179,2.144,2.164,78986.75111846
2026-06-20 16:00:00,2.163,2.197,2.152,2.194,137491.82478586
2026-06-20 17:00:00,2.195,2.195,2.137,2.149,70471.80567274
2026-06-20 18:00:00,2.148,2.155,2.135,2.138,18461.50382098
2026-06-20 19:00:00,2.137,2.157,2.136,2.154,49355.46782082
2026-06-20 20:00:00,2.155,2.165,2.147,2.16,89847.79500874
2026-06-20 21:00:00,2.162,2.178,2.158,2.166,107265.981805
2026-06-20 22:00:00,2.165,2.204,2.159,2.195,154735.40417193
2026-06-20 23:00:00,2.193,2.199,2.186,2.193,61084.51112029
2026-06-21 00:00:00,2.194,2.226,2.188,2.211,70892.83092109
2026-06-21 01:00:00,2.21,2.212,2.192,2.194,40326.88355231
2026-06-21 02:00:00,2.193,2.196,2.17,2.178,57987.79845092
2026-06-21 03:00:00,2.177,2.211,2.168,2.207,79626.4673525
2026-06-21 04:00:00,2.208,2.224,2.198,2.201,41538.77466466
2026-06-21 05:00:00,2.2,2.212,2.188,2.211,24897.65619718
2026-06-21 06:00:00,2.212,2.234,2.211,2.232,51229.14603288
2026-06-21 07:00:00,2.23,2.25,2.21,2.218,73931.23298231
2026-06-21 08:00:00,2.219,2.262,2.201,2.257,171941.03308491
2026-06-21 09:00:00,2.259,2.278,2.238,2.273,176779.96022891
2026-06-21 10:00:00,2.271,2.272,2.253,2.262,79916.62890737
2026-06-21 11:00:00,2.262,2.271,2.231,2.235,98259.68039956
2026-06-21 12:00:00,2.235,2.236,2.16,2.18,156626.42190121
2026-06-21 13:00:00,2.18,2.193,2.174,2.185,33782.22662392
2026-06-21 14:00:00,2.186,2.19,2.171,2.185,41404.74452045
2026-06-21 15:00:00,2.185,2.211,2.182,2.204,43735.89715195
2026-06-21 16:00:00,2.205,2.206,2.145,2.166,60266.45080189
2026-06-21 17:00:00,2.166,2.178,2.151,2.157,41784.68857755
2026-06-21 18:00:00,2.157,2.188,2.148,2.186,64493.03085199
2026-06-21 19:00:00,2.185,2.199,2.18,2.181,16847.54552696
2026-06-21 20:00:00,2.182,2.183,2.118,2.12,139412.07318005
2026-06-21 21:00:00,2.12,2.134,2.102,2.122,83744.30868421
2026-06-21 22:00:00,2.123,2.136,2.097,2.116,126849.26211159
2026-06-21 23:00:00,2.116,2.116,2.09,2.101,55973.85499696
2026-06-22 00:00:00,2.103,2.135,2.096,2.133,56113.44865197
2026-06-22 01:00:00,2.134,2.185,2.129,2.168,125140.08748458
2026-06-22 02:00:00,2.168,2.182,2.161,2.164,57418.58134091
2026-06-22 03:00:00,2.164,2.173,2.139,2.141,62480.16469266
2026-06-22 04:00:00,2.141,2.148,2.13,2.145,33832.53662918
2026-06-22 05:00:00,2.145,2.166,2.142,2.153,29228.02821155
2026-06-22 06:00:00,2.155,2.161,2.14,2.15,30349.99775887
2026-06-22 07:00:00,2.15,2.199,2.149,2.171,97199.49497838
2026-06-22 08:00:00,2.171,2.172,2.147,2.16,86468.98684155
2026-06-22 09:00:00,2.16,2.16,2.142,2.143,35637.00514072
2026-06-22 10:00:00,2.143,2.15,2.135,2.137,35599.61713544
2026-06-22 11:00:00,2.139,2.173,2.134,2.166,53068.62169341
2026-06-22 12:00:00,2.166,2.185,2.159,2.179,101501.27964119
2026-06-22 13:00:00,2.18,2.189,2.167,2.186,109220.89205796
2026-06-22 14:00:00,2.186,2.19,2.118,2.132,133283.72351513
2026-06-22 15:00:00,2.133,2.146,2.114,2.121,103597.31711346
2026-06-22 16:00:00,2.12,2.132,2.111,2.129,39755.84114771
2026-06-22 17:00:00,2.129,2.131,2.115,2.127,26130.94856033
2026-06-22 18:00:00,2.128,2.139,2.106,2.109,23514.27598153
2026-06-22 19:00:00,2.11,2.125,2.103,2.111,31899.06007974
2026-06-22 20:00:00,2.112,2.148,2.095,2.141,221135.9973711
2026-06-22 21:00:00,2.141,2.144,2.105,2.112,69938.09475204
2026-06-22 22:00:00,2.112,2.122,2.057,2.07,144391.62418832
2026-06-22 23:00:00,2.068,2.079,2.06,2.069,35011.75266927
2026-06-23 00:00:00,2.068,2.07,2.047,2.058,137219.70958996
2026-06-23 01:00:00,2.06,2.064,2.02,2.041,249426.0542149
2026-06-23 02:00:00,2.041,2.049,2.032,2.043,93275.68882677
2026-06-23 03:00:00,2.042,2.068,2.035,2.062,177646.48666266
2026-06-23 04:00:00,2.063,2.069,2.024,2.025,232004.26460932
2026-06-23 05:00:00,2.025,2.038,2.023,2.029,45486.29819715
2026-06-23 06:00:00,2.025,2.035,2.004,2.024,254049.40609474
2026-06-23 07:00:00,2.023,2.034,2.014,2.018,129160.32555012
2026-06-23 08:00:00,2.017,2.022,1.963,1.982,134827.82150302
2026-06-23 09:00:00,1.981,1.995,1.981,1.99,81834.07721541
2026-06-23 10:00:00,1.991,2.002,1.978,1.986,21841.44803742
2026-06-23 11:00:00,1.987,2.014,1.987,2.01,40193.33860298
2026-06-23 12:00:00,2.011,2.012,1.993,2.003,30437.98487962
2026-06-23 13:00:00,2.005,2.007,1.982,1.995,31840.24249062
2026-06-23 14:00:00,1.998,2.009,1.988,1.988,70699.7615711
2026-06-23 15:00:00,1.988,1.993,1.97,1.979,117945.36699042
2026-06-23 16:00:00,1.98,2.006,1.971,1.976,85202.18342568
2026-06-23 17:00:00,1.975,1.977,1.966,1.971,46873.38556171
2026-06-23 18:00:00,1.971,1.98,1.964,1.977,39475.00146029
2026-06-23 19:00:00,1.979,1.99,1.977,1.981,14875.9751949
2026-06-23 20:00:00,1.981,1.996,1.981,1.995,22853.85308252
2026-06-23 21:00:00,1.996,2.0,1.989,1.99,14431.38035761
2026-06-23 22:00:00,1.989,2.002,1.98,1.982,49005.72397598
2026-06-23 23:00:00,1.982,1.984,1.97,1.984,72971.09776243
2026-06-24 00:00:00,1.982,1.998,1.982,1.992,49031.6960824
2026-06-24 01:00:00,1.992,2.004,1.979,1.994,54336.03133237
2026-06-24 02:00:00,1.994,1.995,1.968,1.97,60402.8634373
2026-06-24 03:00:00,1.97,1.975,1.957,1.969,65864.96671688
2026-06-24 04:00:00,1.97,1.973,1.95,1.968,58152.4842839
2026-06-24 05:00:00,1.968,1.99,1.966,1.986,103129.34084324
2026-06-24 06:00:00,1.986,1.986,1.975,1.977,84881.17037448
2026-06-24 07:00:00,1.978,1.978,1.951,1.956,58209.01863625
2026-06-24 08:00:00,1.956,1.963,1.952,1.958,35639.76992628
2026-06-24 09:00:00,1.957,1.958,1.947,1.954,18369.38606746
2026-06-24 10:00:00,1.954,1.963,1.951,1.953,59814.56103875
2026-06-24 11:00:00,1.952,1.984,1.939,1.974,38485.94856316
2026-06-24 12:00:00,1.974,1.98,1.961,1.962,45323.71133033
2026-06-24 13:00:00,1.964,1.965,1.915,1.939,159210.85259642
2026-06-24 14:00:00,1.939,1.95,1.928,1.939,104572.46924614
2026-06-24 15:00:00,1.937,1.937,1.896,1.914,126108.11423196
2026-06-24 16:00:00,1.914,1.931,1.87,1.886,236037.27844234
2026-06-24 17:00:00,1.887,1.898,1.862,1.87,143974.64856843
2026-06-24 18:00:00,1.87,1.922,1.859,1.902,113786.18955708
2026-06-24 19:00:00,1.904,1.907,1.886,1.907,55328.97827803
2026-06-24 20:00:00,1.906,1.954,1.902,1.948,260703.70595117
2026-06-24 21:00:00,1.949,1.969,1.938,1.968,50527.47163899
2026-06-24 22:00:00,1.969,1.98,1.951,1.955,82812.38509784
2026-06-24 23:00:00,1.956,1.967,1.954,1.965,16270.6763411
2026-06-25 00:00:00,1.967,1.973,1.956,1.96,63671.70309953
2026-06-25 01:00:00,1.96,1.964,1.95,1.95,12658.90158146
2026-06-25 02:00:00,1.949,1.951,1.941,1.942,9942.77163413
2026-06-25 03:00:00,1.942,1.946,1.935,1.943,81230.44222384
2026-06-25 04:00:00,1.943,1.951,1.928,1.951,36870.01607126
2026-06-25 05:00:00,1.952,1.971,1.95,1.969,38276.87165689
2026-06-25 06:00:00,1.971,1.978,1.967,1.975,226290.07509335
2026-06-25 07:00:00,1.975,1.976,1.959,1.971,337150.54238696
2026-06-25 08:00:00,1.972,1.973,1.953,1.956,393275.4782179
2026-06-25 09:00:00,1.956,1.957,1.94,1.952,373032.68713408
2026-06-25 10:00:00,1.951,1.954,1.934,1.935,362950.32714205
2026-06-25 11:00:00,1.935,1.947,1.903,1.905,240745.14299408
2026-06-25 12:00:00,1.906,1.935,1.895,1.917,144649.26189046
2026-06-25 13:00:00,1.918,1.951,1.806,1.812,619748.88468748
2026-06-25 14:00:00,1.813,1.897,1.813,1.861,527027.15939151
2026-06-25 15:00:00,1.86,1.87,1.837,1.867,167282.71693197
2026-06-25 16:00:00,1.865,1.89,1.837,1.837,94067.30691026
2026-06-25 17:00:00,1.837,1.874,1.828,1.866,124358.37179188
2026-06-25 18:00:00,1.867,1.877,1.845,1.855,110108.02495074
2026-06-25 19:00:00,1.855,1.856,1.822,1.833,160317.29099892
2026-06-25 20:00:00,1.833,1.839,1.809,1.811,408727.92880476
2026-06-25 21:00:00,1.812,1.842,1.804,1.834,167089.24121775
2026-06-25 22:00:00,1.834,1.836,1.776,1.802,316131.01406101
2026-06-25 23:00:00,1.801,1.859,1.801,1.833,185171.80136869
2026-06-26 00:00:00,1.834,1.842,1.809,1.813,73915.31483483
2026-06-26 01:00:00,1.813,1.817,1.803,1.808,76827.61431146
2026-06-26 02:00:00,1.809,1.809,1.758,1.763,262891.64938559
2026-06-26 03:00:00,1.765,1.834,1.759,1.825,258558.47756429
2026-06-26 04:00:00,1.824,1.826,1.803,1.803,80390.90073634
2026-06-26 05:00:00,1.805,1.82,1.798,1.812,46790.60023145
2026-06-26 06:00:00,1.813,1.864,1.803,1.853,180991.39341249
2026-06-26 07:00:00,1.853,1.863,1.836,1.85,145436.96875587
2026-06-26 08:00:00,1.85,1.851,1.815,1.82,50391.77299559
2026-06-26 09:00:00,1.817,1.822,1.804,1.804,63841.20266812
2026-06-26 10:00:00,1.804,1.81,1.795,1.798,28231.48886749
2026-06-26 11:00:00,1.797,1.82,1.781,1.788,439804.27861637
2026-06-26 12:00:00,1.789,1.805,1.774,1.78,113186.55776896
2026-06-26 13:00:00,1.781,1.807,1.752,1.806,188646.25003683
2026-06-26 14:00:00,1.805,1.809,1.779,1.789,222130.33374143
2026-06-26 15:00:00,1.788,1.818,1.782,1.804,112148.33082387
2026-06-26 16:00:00,1.803,1.827,1.788,1.803,355432.07310966
2026-06-26 17:00:00,1.803,1.825,1.801,1.811,159075.94840953
2026-06-26 18:00:00,1.81,1.825,1.795,1.8,106167.86657927
2026-06-26 19:00:00,1.8,1.839,1.793,1.805,225405.89999435
2026-06-26 20:00:00,1.805,1.829,1.8,1.811,179868.11544956
2026-06-26 21:00:00,1.811,1.811,1.786,1.795,319251.95553531
2026-06-26 22:00:00,1.794,1.797,1.78,1.794,48091.75325563
2026-06-26 23:00:00,1.795,1.818,1.794,1.803,107179.47181657
2026-06-27 00:00:00,1.804,1.812,1.79,1.805,63786.95355602
2026-06-27 01:00:00,1.806,1.808,1.794,1.797,62984.93553082
2026-06-27 02:00:00,1.797,1.837,1.795,1.826,124030.660791
2026-06-27 03:00:00,1.824,1.825,1.806,1.809,85819.34011706
2026-06-27 04:00:00,1.81,1.82,1.803,1.803,75051.92798268
2026-06-27 05:00:00,1.804,1.811,1.799,1.811,100368.81194345
2026-06-27 06:00:00,1.812,1.814,1.796,1.803,80476.0500604
2026-06-27 07:00:00,1.804,1.815,1.803,1.812,81713.06916451
2026-06-27 08:00:00,1.811,1.811,1.794,1.799,35371.86319405
2026-06-27 09:00:00,1.798,1.805,1.792,1.802,50934.19341255
2026-06-27 10:00:00,1.803,1.809,1.798,1.808,40688.86408006
2026-06-27 11:00:00,1.807,1.823,1.801,1.822,41952.42115544
2026-06-27 12:00:00,1.821,1.823,1.811,1.818,24455.74775743
2026-06-27 13:00:00,1.819,1.85,1.816,1.849,167933.13734884
2026-06-27 14:00:00,1.849,1.88,1.841,1.88,303683.83381517
2026-06-27 15:00:00,1.881,1.903,1.871,1.894,102195.83180818
2026-06-27 16:00:00,1.894,1.924,1.886,1.923,149482.20791513
2026-06-27 17:00:00,1.924,1.929,1.88,1.909,193607.05909472
2026-06-27 18:00:00,1.91,1.91,1.867,1.88,163817.14343527
2026-06-27 19:00:00,1.879,1.885,1.835,1.861,121634.19635135
2026-06-27 20:00:00,1.861,1.894,1.859,1.89,53005.80721217
2026-06-27 21:00:00,1.891,1.913,1.865,1.874,105475.23718544
2026-06-27 22:00:00,1.873,1.881,1.856,1.864,86474.75114086
2026-06-27 23:00:00,1.864,1.882,1.858,1.869,50555.22524293
2026-06-28 00:00:00,1.869,1.941,1.868,1.904,214066.53345417
2026-06-28 01:00:00,1.903,1.907,1.886,1.898,137982.01110081
2026-06-28 02:00:00,1.898,1.914,1.89,1.908,70324.07618695
2026-06-28 03:00:00,1.909,1.92,1.895,1.91,93515.46527928
2026-06-28 04:00:00,1.909,1.909,1.885,1.885,61917.89370607
2026-06-28 05:00:00,1.886,1.887,1.868,1.885,79439.19814501
2026-06-28 06:00:00,1.886,1.887,1.838,1.852,280109.79109296
2026-06-28 07:00:00,1.853,1.876,1.853,1.874,44689.30417619
2026-06-28 08:00:00,1.873,1.892,1.866,1.879,81865.80301462
2026-06-28 09:00:00,1.88,1.891,1.873,1.873,41093.91700462
2026-06-28 10:00:00,1.874,1.883,1.848,1.858,146739.04326616
2026-06-28 11:00:00,1.859,1.876,1.857,1.87,24535.64225906
2026-06-28 12:00:00,1.87,1.875,1.855,1.864,35468.8069597
2026-06-28 13:00:00,1.863,1.874,1.849,1.861,206862.90562469
2026-06-28 14:00:00,1.862,1.884,1.858,1.875,42560.00807649
2026-06-28 15:00:00,1.875,1.884,1.859,1.866,83546.63197389
2026-06-28 16:00:00,1.865,1.871,1.849,1.854,54243.26548154
2026-06-28 17:00:00,1.853,1.858,1.817,1.822,206625.35661106
2026-06-28 18:00:00,1.822,1.836,1.817,1.834,51460.108289
2026-06-28 19:00:00,1.834,1.835,1.813,1.826,35368.11056383
2026-06-28 20:00:00,1.826,1.848,1.826,1.845,24042.08644157
2026-06-28 21:00:00,1.845,1.845,1.805,1.814,59550.77063232
2026-06-28 22:00:00,1.815,1.846,1.807,1.814,62031.03948949
2026-06-28 23:00:00,1.813,1.854,1.811,1.832,86372.54246416
2026-06-29 00:00:00,1.83,1.842,1.805,1.839,87687.784697
2026-06-29 01:00:00,1.84,1.852,1.818,1.843,82559.96839728
2026-06-29 02:00:00,1.842,1.861,1.819,1.856,41357.03894711
2026-06-29 03:00:00,1.857,1.881,1.857,1.866,106901.3884315
2026-06-29 04:00:00,1.866,1.866,1.841,1.844,48552.07757694
2026-06-29 05:00:00,1.844,1.855,1.822,1.855,44958.9699551
2026-06-29 06:00:00,1.856,1.871,1.853,1.862,36948.46161982
2026-06-29 07:00:00,1.861,1.876,1.854,1.867,40457.05564752
2026-06-29 08:00:00,1.867,1.874,1.833,1.841,123575.04648045
2026-06-29 09:00:00,1.84,1.85,1.836,1.849,73679.16746488
2026-06-29 10:00:00,1.851,1.865,1.85,1.854,60125.79780844
2026-06-29 11:00:00,1.855,1.856,1.831,1.841,90421.68169533
2026-06-29 12:00:00,1.842,1.876,1.828,1.848,150902.2555912
2026-06-29 13:00:00,1.848,1.869,1.828,1.848,150892.96009039
2026-06-29 14:00:00,1.848,1.849,1.815,1.847,133403.54695784
2026-06-29 15:00:00,1.847,1.85,1.818,1.847,72439.81535353
2026-06-29 16:00:00,1.847,1.863,1.84,1.856,71843.30265601
2026-06-29 17:00:00,1.855,1.915,1.855,1.901,249276.74441445
2026-06-29 18:00:00,1.902,1.914,1.887,1.892,99583.92689268
2026-06-29 19:00:00,1.892,1.909,1.882,1.895,64363.25497454
2026-06-29 20:00:00,1.895,1.899,1.866,1.868,140508.87964597
2026-06-29 21:00:00,1.868,1.888,1.858,1.86,80942.89388164
2026-06-29 22:00:00,1.859,1.874,1.855,1.856,26865.25147535
2026-06-29 23:00:00,1.855,1.869,1.855,1.865,24864.78385756
2026-06-30 00:00:00,1.864,1.867,1.832,1.836,76814.3493192
2026-06-30 01:00:00,1.836,1.842,1.829,1.839,94491.35816822
2026-06-30 02:00:00,1.839,1.843,1.829,1.839,56949.30547073
2026-06-30 03:00:00,1.84,1.855,1.84,1.852,22091.15866068
2026-06-30 04:00:00,1.851,1.864,1.842,1.862,67947.10385297
2026-06-30 05:00:00,1.861,1.875,1.86,1.873,64883.85139581
2026-06-30 06:00:00,1.875,1.875,1.858,1.859,96880.11011166
2026-06-30 07:00:00,1.858,1.865,1.848,1.857,65824.18595114
2026-06-30 08:00:00,1.858,1.858,1.837,1.848,118412.75040677
2026-06-30 09:00:00,1.847,1.848,1.833,1.844,52170.54989119
2026-06-30 10:00:00,1.845,1.863,1.837,1.86,116701.27322162
2026-06-30 11:00:00,1.859,1.86,1.835,1.847,105006.99489027
2026-06-30 12:00:00,1.846,1.846,1.775,1.776,720967.08816813
2026-06-30 13:00:00,1.776,1.801,1.76,1.794,638053.863358
2026-06-30 14:00:00,1.794,1.814,1.784,1.786,177572.45941317
2026-06-30 15:00:00,1.786,1.799,1.778,1.789,97733.7143005
2026-06-30 16:00:00,1.787,1.806,1.776,1.801,152238.59225922
2026-06-30 17:00:00,1.8,1.808,1.795,1.797,64902.03176253
2026-06-30 18:00:00,1.799,1.812,1.796,1.806,36615.69024146
2026-06-30 19:00:00,1.804,1.81,1.797,1.798,98735.51284567
2026-06-30 20:00:00,1.797,1.801,1.787,1.79,41592.56389491
2026-06-30 21:00:00,1.79,1.794,1.779,1.792,36820.09162814
2026-06-30 22:00:00,1.793,1.801,1.784,1.787,31393.35589944
2026-06-30 23:00:00,1.787,1.789,1.781,1.783,59893.06036595
2026-07-01 00:00:00,1.783,1.788,1.776,1.777,53559.94296896
2026-07-01 01:00:00,1.777,1.79,1.725,1.775,344557.61976348
2026-07-01 02:00:00,1.775,1.813,1.766,1.813,125962.75668589
2026-07-01 03:00:00,1.814,1.844,1.803,1.842,108988.08690314
2026-07-01 04:00:00,1.842,1.855,1.837,1.843,93137.93165135
2026-07-01 05:00:00,1.842,1.846,1.827,1.829,89157.90089053
2026-07-01 06:00:00,1.828,1.828,1.797,1.804,42465.56364078
2026-07-01 07:00:00,1.807,1.808,1.788,1.795,38040.21376958
2026-07-01 08:00:00,1.795,1.798,1.776,1.796,132548.41350143
2026-07-01 09:00:00,1.796,1.798,1.788,1.795,75303.31281143
2026-07-01 10:00:00,1.796,1.796,1.778,1.781,34665.58344864
2026-07-01 11:00:00,1.782,1.802,1.78,1.79,23232.92059821
2026-07-01 12:00:00,1.791,1.798,1.777,1.786,23262.89170382
2026-07-01 13:00:00,1.786,1.817,1.769,1.817,77430.55922045
2026-07-01 14:00:00,1.816,1.846,1.805,1.843,104804.81842898
2026-07-01 15:00:00,1.847,1.865,1.836,1.842,169765.24872326
2026-07-01 16:00:00,1.842,1.847,1.824,1.825,46305.61018014
2026-07-01 17:00:00,1.826,1.839,1.816,1.837,34094.44404345
2026-07-01 18:00:00,1.836,1.85,1.821,1.837,174025.97175002
2026-07-01 19:00:00,1.838,1.846,1.826,1.829,62048.88852659
2026-07-01 20:00:00,1.829,1.839,1.821,1.836,29228.16991093
2026-07-01 21:00:00,1.837,1.877,1.837,1.871,102464.8842103
2026-07-01 22:00:00,1.874,1.877,1.842,1.847,110860.40671515
2026-07-01 23:00:00,1.846,1.846,1.804,1.807,160913.6303707
2026-07-02 00:00:00,1.807,1.828,1.803,1.825,107485.74685113
2026-07-02 01:00:00,1.826,1.91,1.825,1.886,437228.85173223
2026-07-02 02:00:00,1.887,1.897,1.881,1.889,144052.09040184
2026-07-02 03:00:00,1.89,1.929,1.873,1.923,370171.24833928
2026-07-02 04:00:00,1.924,1.927,1.91,1.922,141546.66780272
2026-07-02 05:00:00,1.922,1.925,1.902,1.903,61906.24476082
2026-07-02 06:00:00,1.904,1.924,1.894,1.91,61396.07197032
2026-07-02 07:00:00,1.909,1.919,1.905,1.917,74031.01793984
2026-07-02 08:00:00,1.917,1.942,1.916,1.932,114379.1988685
2026-07-02 09:00:00,1.931,1.95,1.912,1.945,140297.69303202
2026-07-02 10:00:00,1.945,1.954,1.935,1.938,69552.90075143
2026-07-02 11:00:00,1.937,1.952,1.932,1.945,79843.27040606
2026-07-02 12:00:00,1.944,1.957,1.932,1.934,133549.67594411
2026-07-02 13:00:00,1.934,1.952,1.929,1.943,106853.0071672
2026-07-02 14:00:00,1.943,1.953,1.905,1.913,200488.48419812
2026-07-02 15:00:00,1.913,1.918,1.9,1.914,106401.49438395
2026-07-02 16:00:00,1.915,1.935,1.906,1.924,227518.24835993
2026-07-02 17:00:00,1.924,1.948,1.921,1.942,92179.13117623
2026-07-02 18:00:00,1.942,1.95,1.939,1.947,67035.12888794
2026-07-02 19:00:00,1.947,1.95,1.935,1.94,65515.04590477
2026-07-02 20:00:00,1.941,1.943,1.926,1.933,216958.83027605
2026-07-02 21:00:00,1.934,1.935,1.917,1.928,82523.02713381
2026-07-02 22:00:00,1.928,1.937,1.922,1.931,45722.23764597
2026-07-02 23:00:00,1.93,1.948,1.923,1.943,98004.41495642
2026-07-03 00:00:00,1.944,1.948,1.92,1.927,47523.30600156
2026-07-03 01:00:00,1.926,1.966,1.925,1.957,139714.41036654
2026-07-03 02:00:00,1.957,1.965,1.942,1.958,149356.6702061
2026-07-03 03:00:00,1.957,1.963,1.942,1.961,45700.04144886
2026-07-03 04:00:00,1.959,1.962,1.942,1.942,27778.26259678
2026-07-03 05:00:00,1.942,1.962,1.935,1.949,18319.95051421
2026-07-03 06:00:00,1.949,1.967,1.947,1.955,110525.53948143
2026-07-03 07:00:00,1.956,1.966,1.95,1.956,55786.22740918
2026-07-03 08:00:00,1.957,1.974,1.95,1.958,76553.73522533
2026-07-03 09:00:00,1.956,1.973,1.955,1.971,77105.77774089
2026-07-03 10:00:00,1.97,2.005,1.969,1.994,247498.24655692
2026-07-03 11:00:00,1.994,2.02,1.992,2.015,149205.46707195
2026-07-03 12:00:00,2.015,2.047,2.015,2.04,153202.46446339
2026-07-03 13:00:00,2.041,2.094,2.041,2.093,307683.59844947
2026-07-03 14:00:00,2.093,2.114,2.066,2.079,465123.45478773
2026-07-03 15:00:00,2.079,2.085,2.03,2.034,320996.09277856
2026-07-03 16:00:00,2.034,2.042,2.017,2.024,230399.7793092
2026-07-03 17:00:00,2.024,2.031,2.01,2.02,184312.55514852
2026-07-03 18:00:00,2.021,2.021,2.009,2.01,153611.80194296
2026-07-03 19:00:00,2.01,2.022,1.996,2.009,190859.98331158
2026-07-03 20:00:00,2.01,2.043,2.001,2.031,196894.19634556
2026-07-03 21:00:00,2.033,2.061,2.03,2.057,272229.76375472
2026-07-03 22:00:00,2.058,2.059,2.031,2.041,133357.13659045
2026-07-03 23:00:00,2.042,2.046,2.03,2.044,74479.82503686
2026-07-04 00:00:00,2.045,2.057,2.037,2.055,50649.42023588
2026-07-04 01:00:00,2.055,2.055,2.01,2.02,55556.9554025
2026-07-04 02:00:00,2.02,2.026,2.004,2.01,37740.18314526
2026-07-04 03:00:00,2.01,2.02,2.005,2.009,61481.30552671
2026-07-04 04:00:00,2.009,2.017,1.989,2.012,47272.48150642
2026-07-04 05:00:00,2.009,2.009,1.991,1.999,35912.6012725
2026-07-04 06:00:00,2.0,2.011,1.992,1.995,71956.56674
2026-07-04 07:00:00,1.993,1.994,1.968,1.98,85308.9975604
2026-07-04 08:00:00,1.979,1.983,1.973,1.974,49103.66050345
2026-07-04 09:00:00,1.976,1.981,1.959,1.966,48982.23938225
2026-07-04 10:00:00,1.963,1.97,1.959,1.966,38763.74759251
2026-07-04 11:00:00,1.965,1.981,1.96,1.969,91530.46260089
2026-07-04 12:00:00,1.967,1.981,1.967,1.979,110411.78673214
2026-07-04 13:00:00,1.979,1.99,1.966,1.974,104254.35416785
2026-07-04 14:00:00,1.974,2.033,1.973,2.025,172761.6962021
2026-07-04 15:00:00,2.025,2.047,2.013,2.038,113201.35387035
2026-07-04 16:00:00,2.038,2.04,2.015,2.019,111849.35760261
2026-07-04 17:00:00,2.019,2.04,2.009,2.031,61617.60181571
2026-07-04 18:00:00,2.031,2.034,1.999,2.004,49381.2437974
2026-07-04 19:00:00,2.003,2.013,1.993,2.004,38908.56484667
2026-07-04 20:00:00,2.004,2.014,1.986,1.995,88663.59172816
2026-07-04 21:00:00,1.996,2.009,1.994,2.002,36787.66400019
2026-07-04 22:00:00,2.002,2.006,1.99,2.005,31234.58915967
2026-07-04 23:00:00,2.006,2.007,1.98,1.999,51971.24834044
2026-07-05 00:00:00,1.998,2.0,1.981,1.987,39520.29968507
2026-07-05 01:00:00,1.988,1.995,1.971,1.983,54765.97671665
2026-07-05 02:00:00,1.982,1.985,1.961,1.972,126205.42358689
2026-07-05 03:00:00,1.972,1.988,1.963,1.968,63233.02623888
2026-07-05 04:00:00,1.966,1.977,1.963,1.972,74145.37481716
2026-07-05 05:00:00,1.971,1.972,1.946,1.957,59821.39232
2026-07-05 06:00:00,1.956,1.96,1.947,1.953,43015.4183482
2026-07-05 07:00:00,1.952,1.961,1.939,1.96,58729.35460422
2026-07-05 08:00:00,1.959,1.965,1.952,1.956,26633.70221587
2026-07-05 09:00:00,1.953,1.958,1.927,1.932,74867.80640691
2026-07-05 10:00:00,1.93,1.947,1.923,1.946,25389.15512127
2026-07-05 11:00:00,1.947,1.955,1.937,1.947,31917.14463355
2026-07-05 12:00:00,1.946,1.973,1.94,1.966,34945.04325059
2026-07-05 13:00:00,1.965,1.983,1.964,1.979,16016.28802631
2026-07-05 14:00:00,1.981,1.981,1.968,1.979,24600.62099348
2026-07-05 15:00:00,1.979,1.995,1.973,1.98,40913.94312192
2026-07-05 16:00:00,1.981,1.982,1.966,1.973,25869.51170231
2026-07-05 17:00:00,1.975,1.987,1.971,1.975,31266.35780456
2026-07-05 18:00:00,1.974,1.996,1.973,1.987,55803.04336072
2026-07-05 19:00:00,1.986,2.007,1.985,2.0,26116.0614501
2026-07-05 20:00:00,2.001,2.012,1.999,2.01,44355.53158955
2026-07-05 21:00:00,2.009,2.042,2.002,2.027,46349.76910727
2026-07-05 22:00:00,2.028,2.06,2.018,2.029,171146.828529
2026-07-05 23:00:00,2.029,2.035,2.009,2.017,79075.11810497
2026-07-06 00:00:00,2.016,2.031,1.988,2.022,141272.40584561
2026-07-06 01:00:00,2.021,2.039,1.999,2.006,101223.48232648
2026-07-06 02:00:00,2.005,2.023,1.996,2.007,76252.05962332
2026-07-06 03:00:00,2.008,2.009,1.977,1.997,59109.1257448
2026-07-06 04:00:00,1.997,1.998,1.982,1.989,32896.36042455
2026-07-06 05:00:00,1.99,1.994,1.969,1.982,126280.60242356
2026-07-06 06:00:00,1.983,1.986,1.973,1.982,28604.17024377
2026-07-06 07:00:00,1.983,1.998,1.977,1.991,20228.51740069
2026-07-06 08:00:00,1.991,2.001,1.972,1.983,33121.64801008
2026-07-06 09:00:00,1.982,1.987,1.971,1.978,52285.06175465
2026-07-06 10:00:00,1.977,2.02,1.976,2.02,71827.97705203
2026-07-06 11:00:00,2.021,2.037,1.995,1.996,108693.10420751
2026-07-06 12:00:00,1.995,2.014,1.962,1.975,217126.32796119
2026-07-06 13:00:00,1.974,2.005,1.954,2.0,254350.28271011
2026-07-06 14:00:00,2.001,2.036,1.996,2.007,197854.5754481
2026-07-06 15:00:00,2.008,2.096,2.005,2.077,294355.79173253
2026-07-06 16:00:00,2.079,2.108,2.048,2.065,242649.12996586
2026-07-06 17:00:00,2.064,2.086,2.054,2.071,42630.61067766
2026-07-06 18:00:00,2.071,2.08,2.061,2.071,48485.54047902
2026-07-06 19:00:00,2.072,2.088,2.069,2.071,31546.09508487
2026-07-06 20:00:00,2.071,2.073,2.062,2.067,11910.53281542
2026-07-06 21:00:00,2.064,2.098,2.061,2.082,57744.45428325
2026-07-06 22:00:00,2.083,2.085,2.069,2.073,34601.65123699
2026-07-06 23:00:00,2.073,2.078,2.049,2.053,74152.72278422
2026-07-07 00:00:00,2.053,2.081,2.051,2.078,69307.75580789
2026-07-07 01:00:00,2.077,2.077,2.047,2.067,59608.47877424
2026-07-07 02:00:00,2.066,2.071,2.035,2.035,47976.05375816
2026-07-07 03:00:00,2.036,2.04,2.018,2.022,111881.80055445
2026-07-07 04:00:00,2.02,2.024,2.0,2.011,92311.39804827
2026-07-07 05:00:00,2.011,2.012,1.985,2.005,61328.83677994
2026-07-07 06:00:00,2.006,2.024,1.998,2.023,35704.44805138
2026-07-07 07:00:00,2.021,2.04,2.019,2.021,104195.78611337
2026-07-07 08:00:00,2.026,2.035,2.009,2.02,142582.27713872
2026-07-07 09:00:00,2.019,2.028,2.006,2.009,53649.85545392
2026-07-07 10:00:00,2.009,2.026,2.009,2.013,48091.87869551
2026-07-07 11:00:00,2.01,2.03,2.001,2.03,44994.57608855
2026-07-07 12:00:00,2.031,2.037,2.012,2.014,65669.29981199
2026-07-07 13:00:00,2.012,2.032,2.002,2.003,110889.68697409
2026-07-07 14:00:00,2.004,2.033,1.981,2.033,159879.25737591
2026-07-07 15:00:00,2.031,2.068,2.024,2.064,266072.56544318
2026-07-07 16:00:00,2.067,2.072,2.046,2.054,107069.35493764
2026-07-07 17:00:00,2.054,2.078,2.05,2.078,45939.03239266
2026-07-07 18:00:00,2.076,2.076,2.017,2.018,66993.10547374
2026-07-07 19:00:00,2.019,2.024,1.997,2.019,65891.18580681
2026-07-07 20:00:00,2.02,2.025,1.996,2.002,41503.58430081
2026-07-07 21:00:00,2.005,2.012,1.983,1.988,119394.61499245
2026-07-07 22:00:00,1.985,1.996,1.968,1.991,80978.44921197
2026-07-07 23:00:00,1.988,1.995,1.973,1.974,55763.8575937
2026-07-08 00:00:00,1.978,1.993,1.974,1.991,154548.7549809
2026-07-08 01:00:00,1.991,1.991,1.92,1.921,304975.05603314
2026-07-08 02:00:00,1.921,1.925,1.888,1.923,338882.67367651
2026-07-08 03:00:00,1.923,1.936,1.916,1.929,134812.60143892
2026-07-08 04:00:00,1.928,1.937,1.917,1.926,32205.49564769
2026-07-08 05:00:00,1.925,1.929,1.917,1.923,52988.11055631
2026-07-08 06:00:00,1.921,1.921,1.895,1.909,46890.57566482
2026-07-08 07:00:00,1.909,1.914,1.896,1.906,189543.64711407
2026-07-08 08:00:00,1.905,1.919,1.877,1.878,305237.45251978
2026-07-08 09:00:00,1.879,1.881,1.862,1.866,106552.88312306
2026-07-08 10:00:00,1.867,1.884,1.863,1.874,191641.2795184
2026-07-08 11:00:00,1.874,1.892,1.869,1.882,115553.48171805
2026-07-08 12:00:00,1.883,1.888,1.87,1.871,66724.7496105
2026-07-08 13:00:00,1.87,1.884,1.854,1.878,90875.25605442
2026-07-08 14:00:00,1.877,1.883,1.862,1.871,84517.37589664
2026-07-08 15:00:00,1.872,1.874,1.842,1.856,142872.41753784
2026-07-08 16:00:00,1.856,1.88,1.855,1.878,68141.56449333
2026-07-08 17:00:00,1.877,1.889,1.872,1.874,81596.93464921
2026-07-08 18:00:00,1.874,1.887,1.871,1.882,63881.28138429
2026-07-08 19:00:00,1.883,1.886,1.876,1.882,19480.93294621
2026-07-08 20:00:00,1.883,1.883,1.864,1.865,84828.91074472
2026-07-08 21:00:00,1.865,1.88,1.86,1.878,36484.76996451
2026-07-08 22:00:00,1.877,1.901,1.876,1.891,67565.25607809
2026-07-08 23:00:00,1.892,1.895,1.887,1.892,9881.69488255
2026-07-09 00:00:00,1.893,1.895,1.887,1.892,16957.58380112
2026-07-09 01:00:00,1.893,1.92,1.882,1.885,45686.81770777
2026-07-09 02:00:00,1.886,1.905,1.875,1.88,43554.35272183
2026-07-09 03:00:00,1.881,1.9,1.878,1.899,36607.52238024
2026-07-09 04:00:00,1.901,1.932,1.895,1.931,42805.06019593
2026-07-09 05:00:00,1.931,1.933,1.908,1.931,165746.47623479
2026-07-09 06:00:00,1.93,1.94,1.924,1.929,108203.64022548
2026-07-09 07:00:00,1.929,1.935,1.911,1.916,59315.47946396
2026-07-09 08:00:00,1.918,1.931,1.915,1.919,42155.22398078
2026-07-09 09:00:00,1.918,1.918,1.904,1.914,37389.63672087
2026-07-09 10:00:00,1.914,1.917,1.894,1.901,37351.38232064
2026-07-09 11:00:00,1.902,1.905,1.893,1.901,54887.48608394
2026-07-09 12:00:00,1.901,1.937,1.898,1.916,158472.21538943
2026-07-09 13:00:00,1.916,1.943,1.913,1.938,56195.42795518
2026-07-09 14:00:00,1.94,1.948,1.919,1.924,28401.31600396
2026-07-09 15:00:00,1.926,1.934,1.911,1.915,41130.09121857
2026-07-09 16:00:00,1.914,1.921,1.905,1.907,70409.14824132
2026-07-09 17:00:00,1.908,1.932,1.906,1.932,80745.72991615
2026-07-09 18:00:00,1.932,1.943,1.927,1.93,95018.90614814
2026-07-09 19:00:00,1.927,1.929,1.919,1.92,73934.19391656
2026-07-09 20:00:00,1.921,1.929,1.917,1.924,35515.45771581
2026-07-09 21:00:00,1.925,1.93,1.922,1.925,7262.90393511
2026-07-09 22:00:00,1.926,1.929,1.922,1.924,12629.78969075
2026-07-09 23:00:00,1.923,1.929,1.913,1.92,23878.28688579
2026-07-10 00:00:00,1.92,1.922,1.904,1.92,79978.31270285
2026-07-10 01:00:00,1.92,1.967,1.91,1.949,155088.68205497
2026-07-10 02:00:00,1.95,1.955,1.941,1.952,45327.96965952
2026-07-10 03:00:00,1.952,1.954,1.942,1.942,48602.54959158
2026-07-10 04:00:00,1.943,1.945,1.936,1.94,12580.78953463
2026-07-10 05:00:00,1.941,1.946,1.938,1.942,6338.81752046
2026-07-10 06:00:00,1.941,1.945,1.929,1.929,13262.46360752
2026-07-10 07:00:00,1.932,1.939,1.926,1.931,18922.80564295
2026-07-10 08:00:00,1.933,1.953,1.933,1.946,41895.44210731
2026-07-10 09:00:00,1.943,1.954,1.931,1.946,56928.88627109
2026-07-10 10:00:00,1.948,1.952,1.939,1.947,49819.58995866
2026-07-10 11:00:00,1.947,1.949,1.933,1.935,44517.96346074
2026-07-10 12:00:00,1.936,1.939,1.92,1.921,87409.86970805
2026-07-10 13:00:00,1.92,1.933,1.914,1.921,56604.71938244
2026-07-10 14:00:00,1.921,1.923,1.877,1.892,129787.87421874
2026-07-10 15:00:00,1.891,1.9,1.889,1.899,153579.32999134
2026-07-10 16:00:00,1.899,1.908,1.89,1.901,36679.29561007
2026-07-10 17:00:00,1.901,1.905,1.896,1.899,16166.85412729
2026-07-10 18:00:00,1.899,1.908,1.857,1.863,158284.998527
2026-07-10 19:00:00,1.862,1.881,1.862,1.876,63218.66173266
2026-07-10 20:00:00,1.876,1.877,1.866,1.872,53373.8437357
2026-07-10 21:00:00,1.873,1.887,1.873,1.883,30162.26122782
2026-07-10 22:00:00,1.884,1.898,1.884,1.897,43662.85544989
2026-07-10 23:00:00,1.898,1.898,1.891,1.893,23859.16268308
2026-07-11 00:00:00,1.893,1.901,1.887,1.896,13931.54829876
2026-07-11 01:00:00,1.895,1.906,1.895,1.899,18511.23967186
2026-07-11 02:00:00,1.9,1.913,1.897,1.912,58055.90846558
2026-07-11 03:00:00,1.913,1.919,1.907,1.912,23544.5465694
2026-07-11 04:00:00,1.911,1.911,1.898,1.899,24439.94169255
2026-07-11 05:00:00,1.898,1.914,1.896,1.906,157532.21544068
2026-07-11 06:00:00,1.904,1.913,1.886,1.888,67760.04150782
2026-07-11 07:00:00,1.887,1.888,1.878,1.881,53079.43535098
2026-07-11 08:00:00,1.882,1.89,1.876,1.889,69395.86088285
2026-07-11 09:00:00,1.89,1.899,1.886,1.891,97861.48633123
2026-07-11 10:00:00,1.891,1.9,1.888,1.891,63722.42731596
2026-07-11 11:00:00,1.891,1.903,1.89,1.902,25716.01033792
2026-07-11 12:00:00,1.903,1.907,1.895,1.902,59291.11846048
2026-07-11 13:00:00,1.902,1.912,1.898,1.906,38475.48753696
2026-07-11 14:00:00,1.907,1.922,1.907,1.912,34143.71693139
2026-07-11 15:00:00,1.913,1.922,1.89,1.904,80543.73544688
2026-07-11 16:00:00,1.905,1.905,1.892,1.901,44364.65322608
2026-07-11 17:00:00,1.902,1.91,1.898,1.903,27873.32442014
2026-07-11 18:00:00,1.903,1.911,1.895,1.897,27649.5830242
2026-07-11 19:00:00,1.898,1.906,1.896,1.902,11216.17204242
2026-07-11 20:00:00,1.902,1.91,1.902,1.905,47411.5126302
2026-07-11 21:00:00,1.906,1.918,1.906,1.91,56574.92804679
2026-07-11 22:00:00,1.911,1.915,1.895,1.897,60141.53803053
2026-07-11 23:00:00,1.897,1.902,1.864,1.868,136711.6402713
2026-07-12 00:00:00,1.867,1.879,1.857,1.869,77547.46680494
2026-07-12 01:00:00,1.869,1.89,1.869,1.89,38174.84567367
2026-07-12 02:00:00,1.888,1.888,1.877,1.884,24175.71571614
2026-07-12 03:00:00,1.883,1.889,1.876,1.889,46329.75693628
2026-07-12 04:00:00,1.889,1.894,1.886,1.887,36600.06322396
2026-07-12 05:00:00,1.888,1.894,1.881,1.889,56875.24410988
2026-07-12 06:00:00,1.887,1.888,1.86,1.874,53284.62277095
2026-07-12 07:00:00,1.873,1.885,1.872,1.875,42003.29458017
2026-07-12 08:00:00,1.876,1.891,1.876,1.884,34589.28629926
2026-07-12 09:00:00,1.885,1.893,1.87,1.892,27268.35223594
2026-07-12 10:00:00,1.893,1.893,1.878,1.878,34936.00190124
2026-07-12 11:00:00,1.879,1.896,1.874,1.89,47586.04124282
2026-07-12 12:00:00,1.89,1.901,1.885,1.886,38943.01040332
2026-07-12 13:00:00,1.887,1.895,1.881,1.881,31389.13950048
2026-07-12 14:00:00,1.881,1.9,1.88,1.899,42105.00495042
2026-07-12 15:00:00,1.899,1.91,1.896,1.899,167051.73542533
2026-07-12 16:00:00,1.9,1.911,1.893,1.902,42820.99663812
2026-07-12 17:00:00,1.901,1.91,1.893,1.897,42165.04606655
2026-07-12 18:00:00,1.897,1.912,1.894,1.91,20352.34532543
2026-07-12 19:00:00,1.909,1.937,1.908,1.933,135127.97645541
2026-07-12 20:00:00,1.934,1.938,1.911,1.916,77186.59722926
2026-07-12 21:00:00,1.917,1.922,1.906,1.906,54225.87939631
2026-07-12 22:00:00,1.905,1.905,1.888,1.899,30725.26514023
2026-07-12 23:00:00,1.897,1.899,1.884,1.889,40605.17743847
2026-07-13 00:00:00,1.889,1.933,1.884,1.912,60380.89358607
2026-07-13 01:00:00,1.913,1.914,1.877,1.88,140944.42241418
2026-07-13 02:00:00,1.879,1.901,1.875,1.893,72224.74457597
2026-07-13 03:00:00,1.892,1.895,1.86,1.867,187767.22964585
2026-07-13 04:00:00,1.866,1.875,1.863,1.865,98111.81496831
2026-07-13 05:00:00,1.864,1.898,1.857,1.894,67199.85687104
2026-07-13 06:00:00,1.896,1.902,1.887,1.896,38785.3469294
2026-07-13 07:00:00,1.896,1.923,1.89,1.911,65629.20598557
2026-07-13 08:00:00,1.912,1.931,1.912,1.925,107265.8204512
2026-07-13 09:00:00,1.924,1.929,1.91,1.915,106441.87586052
2026-07-13 10:00:00,1.915,1.929,1.908,1.922,177075.60717809
2026-07-13 11:00:00,1.923,1.927,1.913,1.915,85097.39843335
2026-07-13 12:00:00,1.916,1.918,1.895,1.899,72832.44727739
2026-07-13 13:00:00,1.898,1.916,1.89,1.913,57672.0205455
2026-07-13 14:00:00,1.912,1.977,1.907,1.967,323622.23084463
2026-07-13 15:00:00,1.968,1.97,1.936,1.937,108976.26193153
2026-07-13 16:00:00,1.939,1.963,1.922,1.949,81952.91053895
2026-07-13 17:00:00,1.949,1.957,1.918,1.919,59193.59972594
2026-07-13 18:00:00,1.92,1.936,1.895,1.896,51241.86025102
2026-07-13 19:00:00,1.896,1.921,1.888,1.917,83928.93824264
2026-07-13 20:00:00,1.915,1.92,1.897,1.9,48271.71853943
2026-07-13 21:00:00,1.9,1.912,1.879,1.881,248571.04008943
2026-07-13 22:00:00,1.881,1.9,1.878,1.892,57234.56589902
2026-07-13 23:00:00,1.891,1.922,1.887,1.922,46687.01041914
2026-07-14 00:00:00,1.923,1.948,1.915,1.947,124656.67573081
2026-07-14 01:00:00,1.947,1.965,1.936,1.964,106780.87179224
2026-07-14 02:00:00,1.965,1.97,1.945,1.958,87861.41459823
2026-07-14 03:00:00,1.959,1.964,1.938,1.959,43157.47354769
2026-07-14 04:00:00,1.963,1.975,1.954,1.969,110452.91827745
2026-07-14 05:00:00,1.968,2.003,1.965,1.994,123052.79242404
2026-07-14 06:00:00,1.993,2.011,1.99,2.001,276201.64944422
2026-07-14 07:00:00,2.0,2.013,1.988,1.993,198111.65597242
2026-07-14 08:00:00,1.994,2.009,1.985,1.989,143655.51224248
2026-07-14 09:00:00,1.989,1.99,1.974,1.987,138942.08747337
2026-07-14 10:00:00,1.987,1.997,1.973,1.974,69872.00525108
2026-07-14 11:00:00,1.974,1.993,1.968,1.989,71691.04455114
2026-07-14 12:00:00,1.989,2.04,1.977,2.031,394228.12821112
2026-07-14 13:00:00,2.031,2.033,2.018,2.029,111337.74292222
2026-07-14 14:00:00,2.026,2.046,2.021,2.042,134424.29584938
2026-07-14 15:00:00,2.043,2.065,2.038,2.047,491498.93170611
2026-07-14 16:00:00,2.045,2.045,2.028,2.038,78032.51448563
2026-07-14 17:00:00,2.036,2.047,2.02,2.041,61943.18279886
2026-07-14 18:00:00,2.041,2.047,2.023,2.029,97587.60971735
2026-07-14 19:00:00,2.03,2.031,2.019,2.023,58322.57252231
2026-07-14 20:00:00,2.024,2.03,2.018,2.021,124322.9362081
2026-07-14 21:00:00,2.021,2.026,2.016,2.017,93440.36209634
2026-07-14 22:00:00,2.017,2.026,2.011,2.012,80708.56968134
2026-07-14 23:00:00,2.013,2.015,2.001,2.013,209179.95635433
2026-07-15 00:00:00,2.014,2.016,2.002,2.008,64306.53968113
2026-07-15 01:00:00,2.008,2.019,2.001,2.014,135246.49543371
2026-07-15 02:00:00,2.015,2.028,2.01,2.022,63455.47230787
2026-07-15 03:00:00,2.02,2.024,2.009,2.021,40276.90530488
2026-07-15 04:00:00,2.021,2.026,2.009,2.023,15729.49869529
2026-07-15 05:00:00,2.023,2.03,2.01,2.03,50763.16304759
2026-07-15 06:00:00,2.029,2.042,2.024,2.026,52358.09645712
2026-07-15 07:00:00,2.024,2.024,2.003,2.007,20012.66971874
2026-07-15 08:00:00,2.008,2.029,2.0,2.022,60898.82647744
2026-07-15 09:00:00,2.024,2.042,2.022,2.034,59968.33913444
2026-07-15 10:00:00,2.035,2.062,2.035,2.052,89125.70273217
2026-07-15 11:00:00,2.053,2.092,2.05,2.079,143814.84744156
2026-07-15 12:00:00,2.08,2.099,2.067,2.09,212588.80364518
2026-07-15 13:00:00,2.09,2.107,2.071,2.085,204411.84670448
2026-07-15 14:00:00,2.085,2.09,2.063,2.079,139121.07518914
2026-07-15 15:00:00,2.079,2.08,2.064,2.077,57811.03898057
2026-07-15 16:00:00,2.078,2.081,2.047,2.065,95837.62967394
2026-07-15 17:00:00,2.064,2.078,2.064,2.073,36284.47622914
2026-07-15 18:00:00,2.073,2.075,2.036,2.038,67557.0088519
2026-07-15 19:00:00,2.04,2.045,2.034,2.037,41972.69645928
2026-07-15 20:00:00,2.037,2.059,2.036,2.055,32424.07210511
2026-07-15 21:00:00,2.056,2.067,2.056,2.063,13464.53461546
2026-07-15 22:00:00,2.061,2.086,2.059,2.068,90433.24741077
2026-07-15 23:00:00,2.068,2.078,2.061,2.068,48189.50967546
2026-07-16 00:00:00,2.068,2.082,2.059,2.065,69191.72565017
2026-07-16 01:00:00,2.066,2.07,2.051,2.066,37027.0003452
2026-07-16 02:00:00,2.065,2.068,2.056,2.068,22186.72982975
2026-07-16 03:00:00,2.068,2.072,2.058,2.064,15668.84017282
2026-07-16 04:00:00,2.065,2.065,2.052,2.054,22130.3490361
2026-07-16 05:00:00,2.054,2.06,2.049,2.056,45102.02681236
2026-07-16 06:00:00,2.055,2.061,2.045,2.055,52777.79002833
2026-07-16 07:00:00,2.055,2.058,2.043,2.051,75426.19922813
2026-07-16 08:00:00,2.051,2.053,2.022,2.028,125008.66238897
2026-07-16 09:00:00,2.029,2.031,2.009,2.012,105648.14779623
2026-07-16 10:00:00,2.011,2.032,2.009,2.032,24358.62577377
2026-07-16 11:00:00,2.032,2.035,2.025,2.031,38749.29288968
2026-07-16 12:00:00,2.031,2.043,2.021,2.028,50863.77487232
2026-07-16 13:00:00,2.027,2.085,2.027,2.074,128842.13569964
2026-07-16 14:00:00,2.073,2.08,2.063,2.076,96722.36729805
2026-07-16 15:00:00,2.075,2.084,2.055,2.066,85422.29717858
2026-07-16 16:00:00,2.068,2.069,2.053,2.065,61693.45026331
2026-07-16 17:00:00,2.065,2.082,2.044,2.049,113767.91883957
2026-07-16 18:00:00,2.048,2.048,2.026,2.028,81032.04844008
2026-07-16 19:00:00,2.029,2.033,2.018,2.028,34971.09593279
2026-07-16 20:00:00,2.028,2.035,2.02,2.032,20898.90958745
2026-07-16 21:00:00,2.03,2.047,2.03,2.035,30901.95778611
2026-07-16 22:00:00,2.036,2.045,1.989,1.991,154118.89813022
2026-07-16 23:00:00,1.991,1.991,1.959,1.965,206851.57297295
2026-07-17 00:00:00,1.965,1.985,1.958,1.984,73657.90991214
2026-07-17 01:00:00,1.985,1.992,1.969,1.971,43521.3510738
2026-07-17 02:00:00,1.972,1.98,1.964,1.973,42464.78861021
2026-07-17 03:00:00,1.973,2.007,1.971,1.992,94251.00324639
2026-07-17 04:00:00,1.989,1.998,1.981,1.993,23631.49677305
2026-07-17 05:00:00,1.991,1.993,1.96,1.964,73598.15190014
2026-07-17 06:00:00,1.964,1.964,1.94,1.946,208618.3800984
2026-07-17 07:00:00,1.945,1.948,1.934,1.94,50450.684168
2026-07-17 08:00:00,1.94,1.942,1.88,1.899,361559.65646206
2026-07-17 09:00:00,1.898,1.92,1.898,1.907,210646.02210361
2026-07-17 10:00:00,1.908,1.918,1.907,1.917,28243.33774261
2026-07-17 11:00:00,1.917,1.929,1.916,1.916,41850.37995274
2026-07-17 12:00:00,1.916,1.925,1.909,1.91,95491.62576163
2026-07-17 13:00:00,1.909,1.938,1.897,1.937,156356.27504651
2026-07-17 14:00:00,1.937,1.949,1.909,1.918,74992.87920841
2026-07-17 15:00:00,1.917,1.921,1.894,1.921,137517.20033551
2026-07-17 16:00:00,1.92,1.932,1.912,1.925,65924.48992812
2026-07-17 17:00:00,1.925,1.942,1.92,1.922,59551.53438358
2026-07-17 18:00:00,1.922,1.934,1.914,1.928,74021.20805892
2026-07-17 19:00:00,1.928,1.933,1.914,1.926,20980.54973395
2026-07-17 20:00:00,1.925,1.926,1.918,1.921,12742.95715529
2026-07-17 21:00:00,1.921,1.937,1.917,1.92,30662.6209939
2026-07-17 22:00:00,1.921,1.923,1.915,1.92,18568.77383834
2026-07-17 23:00:00,1.92,1.929,1.916,1.928,10669.59913031
2026-07-18 00:00:00,1.928,1.933,1.923,1.924,16844.93668734
2026-07-18 01:00:00,1.924,1.935,1.922,1.933,33765.14721062
2026-07-18 02:00:00,1.931,1.938,1.928,1.934,22605.05373128
2026-07-18 03:00:00,1.935,1.944,1.93,1.936,67376.43894518
2026-07-18 04:00:00,1.936,1.938,1.922,1.928,26472.05676014
2026-07-18 05:00:00,1.93,1.931,1.917,1.919,26952.82188452
2026-07-18 06:00:00,1.919,1.919,1.914,1.915,17269.27590584
2026-07-18 07:00:00,1.915,1.915,1.905,1.908,26968.36697883
2026-07-18 08:00:00,1.909,1.928,1.906,1.912,41457.81348725
2026-07-18 09:00:00,1.912,1.912,1.897,1.902,34970.3395646
2026-07-18 10:00:00,1.902,1.906,1.895,1.897,99981.01529814
2026-07-18 11:00:00,1.897,1.908,1.896,1.907,59970.68165516
2026-07-18 12:00:00,1.905,1.921,1.905,1.915,116787.03875938
2026-07-18 13:00:00,1.913,1.914,1.904,1.91,25054.3265478
2026-07-18 14:00:00,1.91,1.92,1.908,1.919,54769.18494762
2026-07-18 15:00:00,1.918,1.932,1.912,1.918,54683.95460917
2026-07-18 16:00:00,1.916,1.926,1.913,1.923,40398.93183682
2026-07-18 17:00:00,1.922,1.931,1.916,1.93,16926.12660426
2026-07-18 18:00:00,1.93,1.947,1.93,1.933,31611.05081062
2026-07-18 19:00:00,1.936,1.939,1.932,1.934,11749.04149447
2026-07-18 20:00:00,1.936,1.939,1.931,1.934,13300.82430318
2026-07-18 21:00:00,1.933,1.941,1.926,1.926,25224.98031667
2026-07-18 22:00:00,1.927,1.936,1.926,1.931,30676.65223382
2026-07-18 23:00:00,1.931,1.936,1.929,1.932,21576.16699861
2026-07-19 00:00:00,1.932,1.937,1.926,1.929,33152.4355626
2026-07-19 01:00:00,1.927,1.927,1.916,1.919,15178.83885064
2026-07-19 02:00:00,1.919,1.933,1.919,1.925,29221.66510497
2026-07-19 03:00:00,1.927,1.927,1.917,1.919,19050.20827472
2026-07-19 04:00:00,1.919,1.924,1.916,1.923,6657.38793901
2026-07-19 05:00:00,1.923,1.928,1.923,1.927,7199.57583068
2026-07-19 06:00:00,1.927,1.937,1.925,1.937,11628.01878963
2026-07-19 07:00:00,1.938,1.941,1.932,1.936,29286.66552606
2026-07-19 08:00:00,1.936,1.947,1.933,1.939,50827.33514979
2026-07-19 09:00:00,1.94,1.94,1.925,1.932,19487.91246844
2026-07-19 10:00:00,1.933,1.935,1.926,1.926,34450.71277876
2026-07-19 11:00:00,1.926,1.929,1.919,1.922,18994.48657689
2026-07-19 12:00:00,1.922,1.926,1.912,1.924,34883.13917596
2026-07-19 13:00:00,1.924,1.926,1.919,1.923,15777.58084893
2026-07-19 14:00:00,1.924,1.935,1.918,1.931,38778.65015559
2026-07-19 15:00:00,1.93,1.931,1.913,1.92,135530.09611531
2026-07-19 16:00:00,1.919,1.922,1.903,1.909,417265.70675721
2026-07-19 17:00:00,1.909,1.919,1.896,1.911,77120.22563249
2026-07-19 18:00:00,1.91,1.915,1.901,1.915,34518.46332221
2026-07-19 19:00:00,1.916,1.919,1.912,1.918,42781.78596075
2026-07-19 20:00:00,1.919,1.921,1.915,1.917,16024.60408791
2026-07-19 21:00:00,1.918,1.918,1.904,1.906,26034.9485405
2026-07-19 22:00:00,1.906,1.931,1.903,1.917,46147.17202638
2026-07-19 23:00:00,1.917,1.92,1.908,1.917,17675.28287126
2026-07-20 00:00:00,1.917,1.94,1.913,1.917,66848.42905911
2026-07-20 01:00:00,1.917,1.939,1.903,1.908,74693.62240468
2026-07-20 02:00:00,1.909,1.929,1.909,1.929,23946.0846133
2026-07-20 03:00:00,1.93,1.931,1.918,1.925,32419.26392665
2026-07-20 04:00:00,1.926,1.926,1.914,1.916,18926.40368202
2026-07-20 05:00:00,1.916,1.917,1.903,1.906,28050.59440267
2026-07-20 06:00:00,1.906,1.912,1.899,1.906,27912.61505902
2026-07-20 07:00:00,1.907,1.929,1.906,1.926,37891.79724856
2026-07-20 08:00:00,1.927,1.936,1.919,1.924,120915.75542538
2026-07-20 09:00:00,1.924,1.938,1.921,1.936,75041.85199502
2026-07-20 10:00:00,1.936,1.952,1.935,1.945,41683.58095525
2026-07-20 11:00:00,1.945,1.966,1.933,1.958,91613.01936476
2026-07-20 12:00:00,1.96,1.988,1.945,1.973,225964.75951371
2026-07-20 13:00:00,1.974,1.986,1.955,1.964,152967.9342653
2026-07-20 14:00:00,1.964,1.982,1.954,1.97,79197.04475631
2026-07-20 15:00:00,1.971,1.987,1.962,1.981,116498.49562001
2026-07-20 16:00:00,1.982,1.99,1.973,1.985,111202.12951468
2026-07-20 17:00:00,1.984,1.985,1.969,1.976,42074.01867244
2026-07-20 18:00:00,1.977,1.986,1.969,1.97,49590.92850915
2026-07-20 19:00:00,1.969,1.972,1.958,1.969,68332.64234059
2026-07-20 20:00:00,1.97,1.982,1.969,1.975,21975.43080911
2026-07-20 21:00:00,1.975,1.981,1.967,1.968,40330.66471123
2026-07-20 22:00:00,1.967,1.971,1.957,1.961,17316.73540206
2026-07-20 23:00:00,1.962,1.983,1.961,1.98,21203.80694655
2026-07-21 00:00:00,1.979,2.006,1.973,1.997,161652.35403758
2026-07-21 01:00:00,1.997,2.001,1.985,1.992,34460.43420016
2026-07-21 02:00:00,1.993,2.014,1.983,2.004,73131.77671956
2026-07-21 03:00:00,2.005,2.028,2.004,2.025,135641.02017939
2026-07-21 04:00:00,2.026,2.041,2.026,2.038,76570.07253154
2026-07-21 05:00:00,2.037,2.047,2.027,2.042,49326.66626527
2026-07-21 06:00:00,2.043,2.064,2.036,2.037,180229.64536027
2026-07-21 07:00:00,2.036,2.038,2.016,2.018,135906.82358418
2026-07-21 08:00:00,2.018,2.021,1.998,2.003,202131.47199897
2026-07-21 09:00:00,2.003,2.021,1.996,2.005,212562.3570486
2026-07-21 10:00:00,2.005,2.01,1.989,1.993,216929.83258772
2026-07-21 11:00:00,1.993,2.001,1.989,1.998,222413.53855056
2026-07-21 12:00:00,1.999,2.001,1.974,1.985,233678.34171795
2026-07-21 13:00:00,1.985,1.994,1.977,1.988,247308.2539009
2026-07-21 14:00:00,1.988,1.989,1.963,1.971,354482.97392475
2026-07-21 15:00:00,1.97,1.97,1.947,1.955,195773.70055025
2026-07-21 16:00:00,1.953,1.957,1.929,1.938,409812.69645256
2026-07-21 17:00:00,1.938,1.94,1.92,1.937,279571.41117296
2026-07-21 18:00:00,1.937,1.943,1.931,1.932,215916.9847541
2026-07-21 19:00:00,1.933,1.945,1.917,1.934,452648.38891665
2026-07-21 20:00:00,1.934,1.938,1.929,1.935,82920.61490395
2026-07-21 21:00:00,1.935,1.936,1.926,1.928,146772.12378085
2026-07-21 22:00:00,1.928,1.937,1.923,1.936,74585.04015255
2026-07-21 23:00:00,1.937,1.938,1.929,1.936,54374.29338733
2026-07-22 00:00:00,1.935,1.953,1.932,1.951,213270.70420847
2026-07-22 01:00:00,1.951,1.951,1.937,1.944,129516.69238881
2026-07-22 02:00:00,1.945,1.949,1.929,1.931,92733.54994286
2026-07-22 03:00:00,1.931,1.932,1.908,1.913,127565.93538255
2026-07-22 04:00:00,1.913,1.924,1.907,1.922,60103.46595376
2026-07-22 05:00:00,1.922,1.922,1.905,1.908,236703.92507967
2026-07-22 06:00:00,1.908,1.911,1.897,1.903,84843.72832762
2026-07-22 07:00:00,1.903,1.905,1.867,1.881,265960.12631281
2026-07-22 08:00:00,1.88,1.887,1.868,1.883,425357.98705316
2026-07-22 09:00:00,1.882,1.886,1.873,1.88,60883.07892658
2026-07-22 10:00:00,1.88,1.894,1.879,1.89,111434.89407591
2026-07-22 11:00:00,1.89,1.893,1.881,1.888,58280.29357053
2026-07-22 12:00:00,1.889,1.889,1.876,1.885,93412.22448006
2026-07-22 13:00:00,1.885,1.89,1.871,1.889,103122.00150841
2026-07-22 14:00:00,1.888,1.895,1.875,1.888,283838.37775239
2026-07-22 15:00:00,1.889,1.901,1.888,1.889,74745.3312577
2026-07-22 16:00:00,1.889,1.899,1.88,1.889,68635.30683489
2026-07-22 17:00:00,1.89,1.893,1.878,1.878,113643.14394518
2026-07-22 18:00:00,1.879,1.883,1.851,1.866,304589.68720981
2026-07-22 19:00:00,1.865,1.866,1.852,1.86,113010.53760089
2026-07-22 20:00:00,1.859,1.872,1.853,1.872,92617.68299969
2026-07-22 21:00:00,1.871,1.872,1.864,1.868,48185.24825622
2026-07-22 22:00:00,1.868,1.869,1.858,1.866,60872.32632028
2026-07-22 23:00:00,1.866,1.869,1.854,1.869,77009.38613811
2026-07-23 00:00:00,1.869,1.874,1.863,1.872,68499.86385779
2026-07-23 01:00:00,1.872,1.88,1.871,1.875,32302.39704026
2026-07-23 02:00:00,1.875,1.875,1.861,1.871,55592.53403173
2026-07-23 03:00:00,1.872,1.872,1.865,1.866,74640.63988674
2026-07-23 04:00:00,1.865,1.873,1.862,1.864,20065.85765934
2026-07-23 05:00:00,1.862,1.873,1.853,1.871,44250.83831079
2026-07-23 06:00:00,1.871,1.877,1.867,1.875,17676.10834512
2026-07-23 07:00:00,1.875,1.875,1.858,1.863,30468.11160177
2026-07-23 08:00:00,1.863,1.87,1.86,1.868,15444.2385756
2026-07-23 09:00:00,1.866,1.877,1.865,1.871,42029.75389633
2026-07-23 10:00:00,1.871,1.904,1.868,1.886,99180.54587522
2026-07-23 11:00:00,1.886,1.896,1.881,1.889,53023.14080138
2026-07-23 12:00:00,1.888,1.899,1.869,1.878,290816.54565431
2026-07-23 13:00:00,1.878,1.893,1.873,1.88,170884.44468098
2026-07-23 14:00:00,1.882,1.896,1.877,1.883,118527.57670287
2026-07-23 15:00:00,1.883,1.883,1.869,1.881,58630.53763878
2026-07-23 16:00:00,1.88,1.884,1.87,1.88,47162.30262922
2026-07-23 17:00:00,1.879,1.894,1.872,1.875,104323.17843856
2026-07-23 18:00:00,1.876,1.886,1.874,1.882,16709.79757292
2026-07-23 19:00:00,1.883,1.889,1.869,1.878,81489.76389854
2026-07-23 20:00:00,1.878,1.891,1.878,1.887,18558.38833901
2026-07-23 21:00:00,1.887,1.895,1.883,1.89,56678.85010594
2026-07-23 22:00:00,1.891,1.893,1.878,1.887,38239.0916749
2026-07-23 23:00:00,1.887,1.889,1.881,1.884,28514.47437468
2026-07-24 00:00:00,1.884,1.893,1.878,1.893,51342.44275836
2026-07-24 01:00:00,1.894,1.905,1.891,1.892,36395.06252491
2026-07-24 02:00:00,1.893,1.9,1.876,1.876,39570.51873704
2026-07-24 03:00:00,1.877,1.903,1.876,1.903,41854.71173826
2026-07-24 04:00:00,1.904,1.907,1.891,1.896,41740.05155526
2026-07-24 05:00:00,1.897,1.905,1.893,1.902,55193.66279102
2026-07-24 06:00:00,1.901,1.913,1.897,1.908,82439.56610907
2026-07-24 07:00:00,1.908,1.917,1.893,1.901,52480.23083861
2026-07-24 08:00:00,1.902,1.913,1.892,1.911,46797.34359199
2026-07-24 09:00:00,1.911,1.916,1.895,1.896,23651.36463136
2026-07-24 10:00:00,1.895,1.896,1.882,1.887,17763.42081078
2026-07-24 11:00:00,1.887,1.889,1.878,1.886,27917.43814912
2026-07-24 12:00:00,1.886,1.886,1.856,1.861,117210.33232636
2026-07-24 13:00:00,1.862,1.863,1.827,1.846,299378.01452722
2026-07-24 14:00:00,1.847,1.851,1.789,1.809,578519.4217676
2026-07-24 15:00:00,1.808,1.828,1.795,1.822,178160.09879867
2026-07-24 16:00:00,1.821,1.823,1.806,1.809,175162.85208917
2026-07-24 17:00:00,1.808,1.822,1.8,1.819,121411.21836417
2026-07-24 18:00:00,1.818,1.82,1.81,1.813,138602.75415026
2026-07-24 19:00:00,1.812,1.816,1.806,1.81,68270.85542428
2026-07-24 20:00:00,1.81,1.819,1.81,1.814,38326.79028156
2026-07-24 21:00:00,1.814,1.816,1.801,1.806,61693.41868896
2026-07-24 22:00:00,1.806,1.821,1.805,1.81,77555.91168086
2026-07-24 23:00:00,1.811,1.812,1.806,1.807,38255.18555984
2026-07-25 00:00:00,1.806,1.811,1.798,1.805,91872.96308223
2026-07-25 01:00:00,1.806,1.81,1.795,1.796,33513.51182231
2026-07-25 02:00:00,1.796,1.802,1.789,1.801,162897.56409971
2026-07-25 03:00:00,1.801,1.814,1.801,1.814,59429.06434024
2026-07-25 04:00:00,1.815,1.816,1.802,1.802,59011.26815057
2026-07-25 05:00:00,1.803,1.811,1.797,1.798,52486.03165555
2026-07-25 06:00:00,1.8,1.8,1.79,1.797,65578.27105001
2026-07-25 07:00:00,1.797,1.798,1.778,1.784,154907.97825093
2026-07-25 08:00:00,1.783,1.79,1.78,1.784,69551.27305769
2026-07-25 09:00:00,1.785,1.793,1.781,1.79,28738.17003613
2026-07-25 10:00:00,1.791,1.794,1.786,1.787,35046.10903344
2026-07-25 11:00:00,1.787,1.791,1.786,1.79,34885.11980959
2026-07-25 12:00:00,1.79,1.797,1.787,1.796,18371.8241193
2026-07-25 13:00:00,1.797,1.8,1.789,1.791,39001.4342825
2026-07-25 14:00:00,1.792,1.799,1.786,1.798,16530.75446971
2026-07-25 15:00:00,1.798,1.802,1.797,1.798,29187.44945283
2026-07-25 16:00:00,1.798,1.8,1.788,1.79,28108.27617978
2026-07-25 17:00:00,1.79,1.8,1.79,1.798,30368.4850399
2026-07-25 18:00:00,1.799,1.803,1.798,1.801,12925.96607857
2026-07-25 19:00:00,1.801,1.802,1.796,1.797,15963.68066418
2026-07-25 20:00:00,1.797,1.801,1.793,1.794,39287.5366188
2026-07-25 21:00:00,1.794,1.801,1.79,1.801,27560.47654374
2026-07-25 22:00:00,1.801,1.803,1.798,1.8,20505.38520928
2026-07-25 23:00:00,1.799,1.799,1.792,1.793,7009.49948912
2026-07-26 00:00:00,1.792,1.796,1.789,1.793,16683.6072992
2026-07-26 01:00:00,1.793,1.796,1.791,1.794,5580.41541375
2026-07-26 02:00:00,1.792,1.798,1.786,1.797,30083.63060776
2026-07-26 03:00:00,1.797,1.798,1.793,1.798,30426.88070662
2026-07-26 04:00:00,1.799,1.805,1.794,1.799,73764.04880208
2026-07-26 05:00:00,1.798,1.798,1.788,1.796,51408.90974867
2026-07-26 06:00:00,1.796,1.798,1.789,1.797,41385.25247187
2026-07-26 07:00:00,1.797,1.814,1.796,1.804,240087.78314258
2026-07-26 08:00:00,1.802,1.803,1.799,1.802,37822.52764438
2026-07-26 09:00:00,1.802,1.809,1.801,1.802,65448.18823739
2026-07-26 10:00:00,1.802,1.804,1.798,1.799,14980.32531173
2026-07-26 11:00:00,1.8,1.804,1.797,1.797,24194.5761516
2026-07-26 12:00:00,1.796,1.8,1.79,1.791,28187.65186215
2026-07-26 13:00:00,1.79,1.795,1.788,1.788,46302.18436411
2026-07-26 14:00:00,1.79,1.803,1.788,1.796,62024.66339931
2026-07-26 15:00:00,1.796,1.804,1.795,1.803,44646.89515161
2026-07-26 16:00:00,1.804,1.806,1.797,1.8,27124.45571285
2026-07-26 17:00:00,1.8,1.801,1.791,1.792,30875.64996935
2026-07-26 18:00:00,1.793,1.794,1.789,1.793,13309.7045484
2026-07-26 19:00:00,1.793,1.795,1.789,1.795,12598.30403976
2026-07-26 20:00:00,1.796,1.796,1.791,1.793,15872.2505879
2026-07-26 21:00:00,1.794,1.803,1.793,1.798,31334.95289275
2026-07-26 22:00:00,1.798,1.827,1.798,1.826,132490.49950338
2026-07-26 23:00:00,1.827,1.842,1.821,1.838,107467.77444438
2026-07-27 00:00:00,1.839,1.846,1.829,1.841,57904.82898574
2026-07-27 01:00:00,1.842,1.849,1.821,1.837,125460.63791418
2026-07-27 02:00:00,1.838,1.853,1.832,1.852,47868.19325207
2026-07-27 03:00:00,1.853,1.859,1.842,1.858,176243.37634336
2026-07-27 04:00:00,1.859,1.859,1.841,1.845,43858.56491708
2026-07-27 05:00:00,1.846,1.856,1.843,1.855,81567.48698982
2026-07-27 06:00:00,1.856,1.86,1.852,1.855,78086.65730691
2026-07-27 07:00:00,1.854,1.854,1.838,1.84,78100.45646342
2026-07-27 08:00:00,1.841,1.851,1.837,1.839,72303.35929883
2026-07-27 09:00:00,1.838,1.849,1.835,1.845,58802.39464142
2026-07-27 10:00:00,1.846,1.849,1.841,1.843,33009.32052136
2026-07-27 11:00:00,1.843,1.843,1.826,1.827,52089.91324732
2026-07-27 12:00:00,1.827,1.834,1.815,1.834,140419.74187535
2026-07-27 13:00:00,1.834,1.835,1.81,1.818,107397.37464429
2026-07-27 14:00:00,1.819,1.821,1.773,1.783,264838.69817539
2026-07-27 15:00:00,1.781,1.792,1.772,1.773,112160.27874455
2026-07-27 16:00:00,1.774,1.786,1.761,1.777,153367.17597525
2026-07-27 17:00:00,1.779,1.781,1.767,1.771,34743.75218107
2026-07-27 18:00:00,1.77,1.775,1.729,1.739,541707.25975444
2026-07-27 19:00:00,1.74,1.746,1.727,1.743,222312.97781373
2026-07-27 20:00:00,1.743,1.749,1.735,1.741,135575.48979342
2026-07-27 21:00:00,1.741,1.747,1.728,1.737,60200.71220113
2026-07-27 22:00:00,1.737,1.737,1.696,1.703,336406.41201946
2026-07-27 23:00:00,1.702,1.713,1.68,1.69,330299.99471063
2026-07-28 00:00:00,1.69,1.698,1.682,1.692,267217.25622116
2026-07-28 01:00:00,1.692,1.694,1.666,1.672,347342.59598165
2026-07-28 02:00:00,1.671,1.682,1.669,1.678,40260.58821299
2026-07-28 03:00:00,1.678,1.686,1.672,1.683,264182.87109008
2026-07-28 04:00:00,1.682,1.682,1.676,1.677,42316.74857524
2026-07-28 05:00:00,1.677,1.681,1.656,1.658,179487.09985839
2026-07-28 06:00:00,1.659,1.676,1.656,1.676,129624.99553369
2026-07-28 07:00:00,1.676,1.679,1.669,1.677,66869.05351641
2026-07-28 08:00:00,1.677,1.684,1.675,1.68,42084.7250735
2026-07-28 09:00:00,1.68,1.684,1.676,1.678,38248.68742907
2026-07-28 10:00:00,1.677,1.678,1.671,1.677,39887.85275572
2026-07-28 11:00:00,1.676,1.681,1.657,1.661,195924.61989912
2026-07-28 12:00:00,1.661,1.67,1.648,1.664,150500.97077649
2026-07-28 13:00:00,1.664,1.664,1.62,1.631,663659.97384725
2026-07-28 14:00:00,1.631,1.651,1.63,1.646,110937.8554181
2026-07-28 15:00:00,1.648,1.678,1.637,1.666,393974.87221227
2026-07-28 16:00:00,1.665,1.666,1.652,1.659,181373.51836919
2026-07-28 17:00:00,1.658,1.658,1.637,1.643,65849.9039835
2026-07-28 18:00:00,1.644,1.648,1.635,1.638,51251.33117807
2026-07-28 19:00:00,1.638,1.648,1.638,1.642,29016.68187089
2026-07-28 20:00:00,1.644,1.652,1.641,1.651,93134.14151918
2026-07-28 21:00:00,1.652,1.662,1.649,1.654,41543.60583243
2026-07-28 22:00:00,1.655,1.66,1.642,1.643,34148.41495591
2026-07-28 23:00:00,1.644,1.654,1.641,1.653,35321.82706859
2026-07-29 00:00:00,1.654,1.667,1.652,1.661,36028.50407035
2026-07-29 01:00:00,1.662,1.662,1.627,1.631,118999.72231527
2026-07-29 02:00:00,1.631,1.643,1.627,1.632,66541.45565202
2026-07-29 03:00:00,1.63,1.634,1.606,1.608,179858.27467751
2026-07-29 04:00:00,1.608,1.624,1.589,1.624,196233.24304202
2026-07-29 05:00:00,1.624,1.627,1.611,1.611,56318.69086255
2026-07-29 06:00:00,1.611,1.621,1.605,1.616,52919.92679605
2026-07-29 07:00:00,1.613,1.614,1.594,1.608,142338.08567654
2026-07-29 08:00:00,1.608,1.608,1.575,1.593,314124.00142245
2026-07-29 09:00:00,1.593,1.607,1.591,1.596,115467.31342359
2026-07-29 10:00:00,1.596,1.598,1.577,1.578,85038.66919824
2026-07-29 11:00:00,1.578,1.592,1.572,1.59,94602.30400041
2026-07-29 12:00:00,1.591,1.591,1.582,1.584,49229.94459468
2026-07-29 13:00:00,1.585,1.596,1.576,1.593,226152.04149139
2026-07-29 14:00:00,1.594,1.598,1.581,1.583,132499.63332646
2026-07-29 15:00:00,1.582,1.586,1.573,1.579,58307.20998364
2026-07-29 16:00:00,1.581,1.592,1.577,1.588,30534.11098834
2026-07-29 17:00:00,1.588,1.604,1.587,1.604,136711.86317808
2026-07-29 18:00:00,1.604,1.64,1.6,1.632,494541.95771246
2026-07-29 19:00:00,1.633,1.64,1.598,1.599,244503.44145924
2026-07-29 20:00:00,1.599,1.602,1.579,1.582,192243.40677845
2026-07-29 21:00:00,1.581,1.595,1.573,1.594,65137.02139394
2026-07-29 22:00:00,1.595,1.61,1.594,1.608,64867.85366417
2026-07-29 23:00:00,1.608,1.626,1.606,1.622,63844.98101371
2026-07-30 00:00:00,1.623,1.625,1.606,1.609,49946.55625144
2026-07-30 01:00:00,1.613,1.621,1.61,1.618,40167.92414466
2026-07-30 02:00:00,1.619,1.628,1.617,1.625,50946.53575237
2026-07-30 03:00:00,1.624,1.634,1.624,1.629,49393.48084849
2026-07-30 04:00:00,1.629,1.634,1.621,1.621,35841.5001973
2026-07-30 05:00:00,1.621,1.639,1.619,1.636,30438.71556932
2026-07-30 06:00:00,1.637,1.642,1.63,1.632,227645.47340495
2026-07-30 07:00:00,1.632,1.64,1.626,1.628,74650.67655945
2026-07-30 08:00:00,1.628,1.631,1.623,1.628,81664.94266273
2026-07-30 09:00:00,1.628,1.663,1.627,1.662,194257.05520943
2026-07-30 10:00:00,1.662,1.673,1.653,1.656,205345.03785996
2026-07-30 11:00:00,1.658,1.66,1.65,1.658,82470.78162753
2026-07-30 12:00:00,1.659,1.661,1.645,1.647,91297.41751453
2026-07-30 13:00:00,1.647,1.666,1.647,1.657,165256.72727163
2026-07-30 14:00:00,1.656,1.662,1.649,1.65,89829.41725136
2026-07-30 15:00:00,1.649,1.667,1.646,1.666,34304.27468032
2026-07-30 16:00:00,1.667,1.684,1.658,1.675,104345.1510497
2026-07-30 17:00:00,1.675,1.676,1.665,1.673,121012.24894625
2026-07-30 18:00:00,1.674,1.686,1.67,1.678,232209.40617351
2026-07-30 19:00:00,1.678,1.694,1.678,1.69,146070.23732174
2026-07-30 20:00:00,1.691,1.699,1.688,1.688,122598.10729576
2026-07-30 21:00:00,1.688,1.693,1.685,1.688,42352.20969663
2026-07-30 22:00:00,1.687,1.693,1.679,1.684,45756.03864977
2026-07-30 23:00:00,1.684,1.685,1.674,1.678,68638.39558084
2026-07-31 00:00:00,1.678,1.685,1.667,1.669,161271.17475249
2026-07-31 01:00:00,1.67,1.684,1.67,1.67,38979.0338582
2026-07-31 02:00:00,1.669,1.672,1.636,1.644,390019.66315452
2026-07-31 03:00:00,1.644,1.653,1.637,1.651,40730.43662244
2026-07-31 04:00:00,1.65,1.654,1.642,1.642,34726.91310518
2026-07-31 05:00:00,1.642,1.658,1.641,1.658,27247.3511118
2026-07-31 06:00:00,1.656,1.668,1.653,1.658,70024.06881429
2026-07-31 07:00:00,1.657,1.658,1.644,1.658,81262.39654787
2026-07-31 08:00:00,1.657,1.658,1.646,1.65,31434.83325778
2026-07-31 09:00:00,1.65,1.652,1.64,1.64,36998.75372636
2026-07-31 10:00:00,1.641,1.65,1.636,1.645,21302.40153998
2026-07-31 11:00:00,1.646,1.65,1.642,1.644,23352.3184057
2026-07-31 12:00:00,1.643,1.664,1.637,1.664,67238.58479923
2026-07-31 13:00:00,1.664,1.674,1.657,1.668,106596.90891437
2026-07-31 14:00:00,1.669,1.692,1.649,1.663,314486.18360758
2026-07-31 15:00:00,1.662,1.681,1.648,1.666,520445.66570527
2026-07-31 16:00:00,1.667,1.694,1.662,1.693,103542.89001675
2026-07-31 17:00:00,1.692,1.709,1.685,1.703,146538.57000794
2026-07-31 18:00:00,1.704,1.71,1.691,1.702,118586.18533608
2026-07-31 19:00:00,1.702,1.706,1.688,1.69,57536.31631833
2026-07-31 20:00:00,1.691,1.691,1.669,1.675,112377.90417684
2026-07-31 21:00:00,1.674,1.68,1.661,1.664,136417.45979835
2026-07-31 22:00:00,1.662,1.668,1.658,1.658,53928.84544971
2026-07-31 23:00:00,1.658,1.67,1.658,1.666,119752.46012285
2026-08-01 00:00:00,1.666,1.67,1.66,1.661,86061.88575284
2026-08-01 01:00:00,1.662,1.684,1.662,1.683,76472.28611938
2026-08-01 02:00:00,1.684,1.684,1.674,1.674,94332.28843076
2026-08-01 03:00:00,1.674,1.676,1.665,1.674,49460.96316819
2026-08-01 04:00:00,1.675,1.679,1.67,1.676,72612.62886707
2026-08-01 05:00:00,1.677,1.68,1.667,1.672,46296.50977984
2026-08-01 06:00:00,1.672,1.673,1.663,1.667,59163.71675943
2026-08-01 07:00:00,1.667,1.669,1.661,1.664,27552.40127455
2026-08-01 08:00:00,1.664,1.667,1.652,1.657,71962.71800687
2026-08-01 09:00:00,1.657,1.658,1.645,1.649,61251.04104651
2026-08-01 10:00:00,1.65,1.658,1.645,1.658,30675.75590049
2026-08-01 11:00:00,1.657,1.663,1.655,1.663,14236.81893592
2026-08-01 12:00:00,1.663,1.672,1.662,1.671,42247.94795075
2026-08-01 13:00:00,1.672,1.676,1.666,1.67,48000.89032169
2026-08-01 14:00:00,1.671,1.681,1.666,1.673,107407.10891552
2026-08-01 15:00:00,1.672,1.674,1.654,1.669,158652.99932518
2026-08-01 16:00:00,1.67,1.686,1.67,1.68,97083.86945725
2026-08-01 17:00:00,1.683,1.683,1.653,1.66,83748.99563848
2026-08-01 18:00:00,1.659,1.67,1.648,1.661,73154.91037033
2026-08-01 19:00:00,1.66,1.668,1.656,1.659,46451.80789081
2026-08-01 20:00:00,1.658,1.666,1.655,1.661,34974.74803466
2026-08-01 21:00:00,1.66,1.674,1.66,1.674,45941.91979717
2026-08-01 22:00:00,1.675,1.678,1.671,1.672,26591.22201171
2026-08-01 23:00:00,1.672,1.68,1.669,1.675,47976.78501638
2026-08-02 00:00:00,1.676,1.696,1.673,1.696,174514.37848287
2026-08-02 01:00:00,1.694,1.708,1.687,1.705,439863.71743879
2026-08-02 02:00:00,1.704,1.712,1.7,1.703,217618.16838561
2026-08-02 03:00:00,1.703,1.711,1.7,1.709,77904.69854807
2026-08-02 04:00:00,1.71,1.722,1.71,1.713,86918.60191536
2026-08-02 05:00:00,1.713,1.734,1.706,1.718,142771.66027331
2026-08-02 06:00:00,1.719,1.727,1.716,1.727,82168.63801595
2026-08-02 07:00:00,1.726,1.729,1.716,1.717,61426.97035659
2026-08-02 08:00:00,1.718,1.721,1.713,1.713,25280.13217244
2026-08-02 09:00:00,1.713,1.723,1.708,1.722,38777.3729496
2026-08-02 10:00:00,1.722,1.722,1.709,1.712,17607.74951264
2026-08-02 11:00:00,1.712,1.712,1.693,1.699,89579.61603892
2026-08-02 12:00:00,1.7,1.703,1.698,1.7,30245.93489639
2026-08-02 13:00:00,1.7,1.704,1.698,1.698,36437.98026443
2026-08-02 14:00:00,1.697,1.702,1.693,1.696,68313.19098509
2026-08-02 15:00:00,1.697,1.703,1.695,1.695,10330.71099848
2026-08-02 16:00:00,1.695,1.703,1.692,1.698,26928.56163195
2026-08-02 17:00:00,1.698,1.703,1.692,1.701,65314.8451517
2026-08-02 18:00:00,1.702,1.72,1.702,1.71,231256.41698537
2026-08-02 19:00:00,1.71,1.71,1.695,1.708,148701.21616188
2026-08-02 20:00:00,1.709,1.709,1.703,1.705,10127.95755951
2026-08-02 21:00:00,1.706,1.715,1.706,1.712,22674.82597853
2026-08-02 22:00:00,1.713,1.723,1.713,1.719,44792.97914009
2026-08-02 23:00:00,1.72,1.725,1.716,1.716,47535.93872413
2026-08-03 00:00:00,1.716,1.72,1.711,1.714,55287.89879782
2026-08-03 01:00:00,1.715,1.715,1.698,1.702,34606.39434917
2026-08-03 02:00:00,1.7,1.707,1.698,1.702,23298.0200083
2026-08-03 03:00:00,1.701,1.705,1.693,1.703,52942.04735984
2026-08-03 04:00:00,1.702,1.719,1.702,1.711,56172.87732392
2026-08-03 05:00:00,1.71,1.715,1.709,1.715,46084.9722729
2026-08-03 06:00:00,1.716,1.716,1.707,1.711,59457.87053401
2026-08-03 07:00:00,1.711,1.713,1.704,1.709,47102.30192879
2026-08-03 08:00:00,1.709,1.723,1.706,1.722,62784.44241189
2026-08-03 09:00:00,1.723,1.727,1.715,1.725,67438.60052915
2026-08-03 10:00:00,1.726,1.729,1.72,1.724,43881.19022284
2026-08-03 11:00:00,1.724,1.724,1.71,1.71,27794.41238283
2026-08-03 12:00:00,1.711,1.713,1.703,1.703,26901.29766031
2026-08-03 13:00:00,1.703,1.735,1.701,1.735,63214.61324084
2026-08-03 14:00:00,1.733,1.751,1.73,1.745,311748.49199795
2026-08-03 15:00:00,1.745,1.751,1.74,1.748,84618.63963223
2026-08-03 16:00:00,1.749,1.751,1.739,1.751,73858.61930932
2026-08-03 17:00:00,1.752,1.754,1.739,1.744,85458.32855259
2026-08-03 18:00:00,1.745,1.751,1.745,1.748,42780.47690201
2026-08-03 19:00:00,1.748,1.749,1.741,1.742,25460.55986761
2026-08-03 20:00:00,1.743,1.749,1.74,1.745,27681.137278
2026-08-03 21:00:00,1.746,1.751,1.743,1.75,36553.96096609
2026-08-03 22:00:00,1.749,1.749,1.729,1.734,46806.09374193
2026-08-03 23:00:00,1.732,1.736,1.729,1.736,18016.7846118
2026-08-04 00:00:00,1.736,1.744,1.731,1.733,50035.48749821
2026-08-04 01:00:00,1.734,1.76,1.734,1.757,39246.92960636
2026-08-04 02:00:00,1.759,1.768,1.755,1.76,30758.45461204
2026-08-04 03:00:00,1.759,1.77,1.751,1.762,137883.17385884
2026-08-04 04:00:00,1.762,1.77,1.758,1.758,110019.91354846
2026-08-04 05:00:00,1.759,1.767,1.755,1.767,78534.84158289
2026-08-04 06:00:00,1.766,1.766,1.748,1.751,135108.88147596
2026-08-04 07:00:00,1.751,1.752,1.742,1.751,118525.62126673
2026-08-04 08:00:00,1.751,1.753,1.745,1.746,80383.53593283
2026-08-04 09:00:00,1.746,1.747,1.734,1.736,77915.83841967
2026-08-04 10:00:00,1.736,1.749,1.734,1.746,87727.63158594
2026-08-04 11:00:00,1.745,1.746,1.739,1.744,53516.14459596
2026-08-04 12:00:00,1.744,1.744,1.729,1.732,197689.1956473
2026-08-04 13:00:00,1.732,1.743,1.731,1.733,295383.7139987
2026-08-04 14:00:00,1.733,1.74,1.722,1.736,219027.5104655
2026-08-04 15:00:00,1.736,1.737,1.719,1.735,170176.20353486
2026-08-04 16:00:00,1.735,1.735,1.723,1.724,91936.14448551
2026-08-04 17:00:00,1.724,1.733,1.724,1.728,163878.42847964
2026-08-04 18:00:00,1.728,1.748,1.728,1.742,222814.10579018
2026-08-04 19:00:00,1.743,1.748,1.739,1.742,154042.91882542
2026-08-04 20:00:00,1.742,1.745,1.734,1.743,144984.34792335
2026-08-04 21:00:00,1.742,1.744,1.73,1.733,194624.74926485
2026-08-04 22:00:00,1.733,1.74,1.73,1.736,146905.85455415
2026-08-04 23:00:00,1.737,1.739,1.729,1.73,61092.05715194
2026-08-05 00:00:00,1.73,1.731,1.722,1.722,178260.99770988
2026-08-05 01:00:00,1.723,1.73,1.72,1.728,82132.4647435
2026-08-05 02:00:00,1.729,1.734,1.727,1.73,164034.95275098
2026-08-05 03:00:00,1.729,1.731,1.693,1.701,499227.23926869
2026-08-05 04:00:00,1.702,1.703,1.694,1.7,24755.35885185
2026-08-05 05:00:00,1.7,1.725,1.7,1.725,45061.24825487
2026-08-05 06:00:00,1.724,1.729,1.721,1.727,83707.48485748
2026-08-05 07:00:00,1.728,1.728,1.721,1.727,36535.47668877
2026-08-05 08:00:00,1.727,1.728,1.714,1.714,31636.26526816
2026-08-05 09:00:00,1.715,1.716,1.711,1.713,26732.06046855
2026-08-05 10:00:00,1.713,1.716,1.701,1.702,40719.57203283
2026-08-05 11:00:00,1.702,1.703,1.695,1.698,95703.44306744
2026-08-05 12:00:00,1.698,1.709,1.697,1.7,48885.63066927
2026-08-05 13:00:00,1.701,1.702,1.681,1.696,126652.80200839
2026-08-05 14:00:00,1.696,1.7,1.69,1.697,75367.75696671
2026-08-05 15:00:00,1.696,1.699,1.687,1.694,57956.37353641
2026-08-05 16:00:00,1.693,1.709,1.69,1.708,54544.85535313
2026-08-05 17:00:00,1.71,1.722,1.71,1.719,55704.99629504
2026-08-05 18:00:00,1.718,1.718,1.704,1.71,35476.14713526
2026-08-05 19:00:00,1.71,1.714,1.705,1.705,26557.00557532
2026-08-05 20:00:00,1.705,1.712,1.701,1.704,47752.94500212
2026-08-05 21:00:00,1.704,1.704,1.692,1.695,25830.61394016
2026-08-05 22:00:00,1.694,1.699,1.693,1.695,31587.290018
2026-08-05 23:00:00,1.693,1.7,1.692,1.699,23538.88447227
2026-08-06 00:00:00,1.7,1.715,1.697,1.71,57009.24763643
2026-08-06 01:00:00,1.71,1.716,1.701,1.714,113363.43250083
2026-08-06 02:00:00,1.714,1.717,1.695,1.704,53373.03782691
2026-08-06 03:00:00,1.704,1.719,1.7,1.717,341702.38198567
2026-08-06 04:00:00,1.718,1.732,1.716,1.73,107915.3766597
2026-08-06 05:00:00,1.729,1.731,1.721,1.726,85862.71603397
2026-08-06 06:00:00,1.726,1.728,1.715,1.721,78030.88225535
2026-08-06 07:00:00,1.721,1.721,1.713,1.713,28941.2859311
2026-08-06 08:00:00,1.713,1.714,1.703,1.711,103858.43689888
2026-08-06 09:00:00,1.71,1.71,1.673,1.686,315484.17950309
2026-08-06 10:00:00,1.686,1.695,1.682,1.684,63700.243662
2026-08-06 11:00:00,1.684,1.694,1.676,1.691,66032.89443836
2026-08-06 12:00:00,1.69,1.701,1.684,1.696,120565.74796361
2026-08-06 13:00:00,1.695,1.704,1.689,1.7,34863.38185602
2026-08-06 14:00:00,1.699,1.699,1.672,1.685,191597.28231922
2026-08-06 15:00:00,1.685,1.691,1.674,1.676,95885.89880529
2026-08-06 16:00:00,1.674,1.676,1.662,1.67,89897.74906099
2026-08-06 17:00:00,1.671,1.677,1.656,1.667,153045.83747509
2026-08-06 18:00:00,1.665,1.678,1.652,1.658,315243.91359189
2026-08-06 19:00:00,1.659,1.667,1.657,1.658,94983.25951388
2026-08-06 20:00:00,1.659,1.661,1.653,1.654,49193.73597311
2026-08-06 21:00:00,1.655,1.663,1.655,1.663,24559.71063832
2026-08-06 22:00:00,1.663,1.667,1.66,1.663,34267.36921518
2026-08-06 23:00:00,1.662,1.666,1.654,1.658,51592.86129093
2026-08-07 00:00:00,1.657,1.664,1.655,1.663,16574.82460449
2026-08-07 01:00:00,1.664,1.669,1.657,1.662,30061.1810716
2026-08-07 02:00:00,1.662,1.669,1.65,1.652,124748.33461832
2026-08-07 03:00:00,1.653,1.655,1.643,1.643,80751.51604021
2026-08-07 04:00:00,1.643,1.643,1.63,1.642,142807.39367082
2026-08-07 05:00:00,1.642,1.645,1.622,1.631,116453.43448452
2026-08-07 06:00:00,1.631,1.644,1.631,1.64,107592.19277658
2026-08-07 07:00:00,1.64,1.649,1.636,1.644,61208.42922214
2026-08-07 08:00:00,1.645,1.657,1.645,1.648,46179.51488324
2026-08-07 09:00:00,1.649,1.659,1.642,1.651,184444.15723464
2026-08-07 10:00:00,1.652,1.668,1.649,1.658,214798.09582064
2026-08-07 11:00:00,1.658,1.663,1.648,1.649,65582.743108
2026-08-07 12:00:00,1.649,1.656,1.637,1.644,180913.25774752
2026-08-07 13:00:00,1.643,1.646,1.638,1.639,52639.03332006
2026-08-07 14:00:00,1.639,1.643,1.628,1.628,123344.38415375
2026-08-07 15:00:00,1.628,1.629,1.612,1.614,157405.93131138
2026-08-07 16:00:00,1.613,1.619,1.601,1.604,120632.81473197
2026-08-07 17:00:00,1.603,1.604,1.595,1.604,142743.05637452
2026-08-07 18:00:00,1.602,1.604,1.589,1.59,92694.6868796
2026-08-07 19:00:00,1.589,1.6,1.589,1.59,56441.51425002
2026-08-07 20:00:00,1.591,1.598,1.578,1.593,211795.50724607
2026-08-07 21:00:00,1.593,1.597,1.591,1.591,66013.98548237
2026-08-07 22:00:00,1.591,1.595,1.588,1.593,23749.45365389
2026-08-07 23:00:00,1.594,1.595,1.587,1.591,49299.72981678
2026-08-08 00:00:00,1.591,1.593,1.585,1.593,29197.1071051
2026-08-08 01:00:00,1.593,1.603,1.593,1.601,41091.7406087
2026-08-08 02:00:00,1.601,1.602,1.591,1.591,15856.70601806
2026-08-08 03:00:00,1.592,1.61,1.592,1.609,32572.4476383
2026-08-08 04:00:00,1.611,1.613,1.603,1.606,70375.86461759
2026-08-08 05:00:00,1.606,1.606,1.593,1.594,30346.91745916
2026-08-08 06:00:00,1.595,1.598,1.592,1.593,27657.00896473
2026-08-08 07:00:00,1.594,1.594,1.584,1.59,24793.17086992
2026-08-08 08:00:00,1.591,1.601,1.591,1.6,30097.3449814
2026-08-08 09:00:00,1.599,1.608,1.599,1.603,84920.87060541
2026-08-08 10:00:00,1.603,1.615,1.603,1.614,42683.30613409
2026-08-08 11:00:00,1.614,1.617,1.61,1.614,112217.24707469
2026-08-08 12:00:00,1.614,1.614,1.606,1.614,35589.37112533
2026-08-08 13:00:00,1.614,1.618,1.605,1.605,28055.36870037
2026-08-08 14:00:00,1.605,1.622,1.603,1.621,76115.33161854
2026-08-08 15:00:00,1.622,1.635,1.621,1.626,91869.66647451
2026-08-08 16:00:00,1.627,1.632,1.62,1.631,87737.44699212
2026-08-08 17:00:00,1.63,1.631,1.62,1.628,134181.02059936
2026-08-08 18:00:00,1.629,1.637,1.627,1.633,60292.82357222
2026-08-08 19:00:00,1.634,1.634,1.62,1.628,42801.01286477
2026-08-08 20:00:00,1.629,1.635,1.629,1.631,32218.81403215
2026-08-08 21:00:00,1.632,1.633,1.622,1.622,26147.53635365
2026-08-08 22:00:00,1.622,1.624,1.616,1.618,58247.49478441
2026-08-08 23:00:00,1.618,1.618,1.609,1.612,24155.76236418
2026-08-09 00:00:00,1.611,1.625,1.611,1.625,111039.13783879
2026-08-09 01:00:00,1.624,1.628,1.609,1.617,74117.98340489
2026-08-09 02:00:00,1.616,1.628,1.613,1.613,37641.76375007
2026-08-09 03:00:00,1.614,1.62,1.609,1.617,29281.88052294
2026-08-09 04:00:00,1.617,1.631,1.616,1.623,51297.6499032
2026-08-09 05:00:00,1.623,1.624,1.606,1.614,33094.98436253
2026-08-09 06:00:00,1.613,1.629,1.613,1.625,61683.3318284
2026-08-09 07:00:00,1.625,1.629,1.616,1.625,49096.47460194
2026-08-09 08:00:00,1.626,1.629,1.615,1.618,33032.19963092
2026-08-09 09:00:00,1.617,1.623,1.614,1.623,26254.06087908
2026-08-09 10:00:00,1.622,1.623,1.609,1.611,42128.01887276
2026-08-09 11:00:00,1.611,1.616,1.609,1.612,56642.33256479
2026-08-09 12:00:00,1.612,1.619,1.611,1.617,86014.12424349
2026-08-09 13:00:00,1.617,1.628,1.616,1.625,64886.76651174
2026-08-09 14:00:00,1.626,1.629,1.621,1.623,27265.53753485
2026-08-09 15:00:00,1.625,1.636,1.623,1.636,46087.06774933
2026-08-09 16:00:00,1.637,1.638,1.623,1.63,56175.4723942
2026-08-09 17:00:00,1.631,1.647,1.63,1.639,104192.21655162
2026-08-09 18:00:00,1.639,1.648,1.638,1.639,29059.1246019
2026-08-09 19:00:00,1.639,1.639,1.632,1.634,30377.46646805
2026-08-09 20:00:00,1.634,1.635,1.628,1.631,19216.0635235
2026-08-09 21:00:00,1.631,1.647,1.627,1.64,66072.67689466
2026-08-09 22:00:00,1.639,1.646,1.615,1.62,88783.66744067
2026-08-09 23:00:00,1.617,1.62,1.595,1.6,194730.29262715
2026-08-10 00:00:00,1.598,1.62,1.596,1.616,60177.62660725
2026-08-10 01:00:00,1.615,1.624,1.605,1.617,79349.51833655
2026-08-10 02:00:00,1.618,1.624,1.602,1.624,88261.56078082
2026-08-10 03:00:00,1.625,1.628,1.61,1.611,37955.22817212
2026-08-10 04:00:00,1.612,1.628,1.61,1.625,117174.46545779
2026-08-10 05:00:00,1.625,1.656,1.625,1.649,170874.02587458
2026-08-10 06:00:00,1.65,1.66,1.645,1.656,189059.69389457
2026-08-10 07:00:00,1.656,1.663,1.652,1.653,121889.12499458
2026-08-10 08:00:00,1.653,1.667,1.65,1.659,206805.69067561
2026-08-10 09:00:00,1.658,1.661,1.648,1.649,132245.16936703
2026-08-10 10:00:00,1.649,1.656,1.643,1.655,52892.03464289
2026-08-10 11:00:00,1.654,1.661,1.653,1.657,106328.89491992
2026-08-10 12:00:00,1.657,1.664,1.649,1.649,114319.2303058
2026-08-10 13:00:00,1.649,1.664,1.649,1.654,143217.0217746
2026-08-10 14:00:00,1.653,1.658,1.645,1.647,87629.56104926
2026-08-10 15:00:00,1.647,1.649,1.618,1.619,171697.6081963
2026-08-10 16:00:00,1.618,1.627,1.603,1.604,205724.01913347
2026-08-10 17:00:00,1.605,1.622,1.597,1.609,71160.69906152
2026-08-10 18:00:00,1.609,1.611,1.597,1.601,60963.15263319
2026-08-10 19:00:00,1.601,1.618,1.601,1.605,55971.60453527
2026-08-10 20:00:00,1.605,1.611,1.603,1.608,93809.80326397
2026-08-10 21:00:00,1.607,1.608,1.599,1.599,37356.00125385
2026-08-10 22:00:00,1.599,1.608,1.59,1.594,94713.11861205
2026-08-10 23:00:00,1.594,1.606,1.592,1.6,119766.75488008
2026-08-11 00:00:00,1.6,1.613,1.597,1.611,153049.15241534
2026-08-11 01:00:00,1.61,1.613,1.601,1.61,55798.41144611
2026-08-11 02:00:00,1.609,1.612,1.603,1.608,18005.65835956
2026-08-11 03:00:00,1.608,1.609,1.596,1.601,71348.0314318
2026-08-11 04:00:00,1.601,1.604,1.595,1.597,66891.89276467
2026-08-11 05:00:00,1.597,1.61,1.595,1.606,170604.90384086
2026-08-11 06:00:00,1.606,1.617,1.599,1.603,178987.54823858
2026-08-11 07:00:00,1.603,1.605,1.598,1.6,34133.1096665
2026-08-11 08:00:00,1.601,1.607,1.598,1.605,84800.28616562
2026-08-11 09:00:00,1.605,1.613,1.6,1.604,124299.67005223
2026-08-11 10:00:00,1.604,1.606,1.59,1.593,63604.45386577
2026-08-11 11:00:00,1.593,1.6,1.592,1.593,61406.95941004
2026-08-11 12:00:00,1.593,1.596,1.582,1.582,99372.25473163
2026-08-11 13:00:00,1.582,1.597,1.582,1.586,73841.19455573
2026-08-11 14:00:00,1.585,1.591,1.538,1.543,471141.28332126
2026-08-11 15:00:00,1.543,1.555,1.538,1.552,180201.08381703
2026-08-11 16:00:00,1.552,1.559,1.547,1.548,110458.88926563
2026-08-11 17:00:00,1.549,1.563,1.547,1.559,77951.54018003
2026-08-11 18:00:00,1.559,1.569,1.555,1.564,149662.98752912
2026-08-11 19:00:00,1.564,1.575,1.559,1.575,114322.95139978
2026-08-11 20:00:00,1.575,1.584,1.575,1.584,62064.13379359
2026-08-11 21:00:00,1.584,1.595,1.583,1.593,50532.29866726
2026-08-11 22:00:00,1.594,1.605,1.592,1.6,154819.61960651
2026-08-11 23:00:00,1.601,1.622,1.599,1.621,189576.80189592
2026-08-12 00:00:00,1.623,1.632,1.615,1.625,236397.73128759
2026-08-12 01:00:00,1.625,1.657,1.625,1.641,279218.49077411
2026-08-12 02:00:00,1.642,1.665,1.64,1.657,196552.05890682
2026-08-12 03:00:00,1.657,1.668,1.649,1.662,152391.77428725
2026-08-12 04:00:00,1.663,1.67,1.647,1.66,113680.0943575
2026-08-12 05:00:00,1.66,1.683,1.656,1.678,185805.54487312
2026-08-12 06:00:00,1.678,1.678,1.642,1.644,240307.24493689
2026-08-12 07:00:00,1.643,1.652,1.637,1.649,149234.81733202
2026-08-12 08:00:00,1.648,1.652,1.638,1.641,149188.49219025
2026-08-12 09:00:00,1.641,1.666,1.633,1.656,177905.6147767
2026-08-12 10:00:00,1.657,1.66,1.651,1.652,67956.10556912
2026-08-12 11:00:00,1.653,1.654,1.641,1.649,58396.72540306
2026-08-12 12:00:00,1.65,1.661,1.643,1.657,212494.31398315
2026-08-12 13:00:00,1.656,1.658,1.639,1.639,140532.53839565
2026-08-12 14:00:00,1.641,1.643,1.611,1.619,440475.03844036
2026-08-12 15:00:00,1.618,1.641,1.618,1.629,116865.40154023
2026-08-12 16:00:00,1.628,1.639,1.628,1.639,98761.72539907
2026-08-12 17:00:00,1.64,1.656,1.639,1.65,57588.66521289
2026-08-12 18:00:00,1.651,1.656,1.644,1.647,229661.71863409
2026-08-12 19:00:00,1.647,1.648,1.633,1.635,47668.10063413
2026-08-12 20:00:00,1.634,1.647,1.63,1.632,65741.50413723
2026-08-12 21:00:00,1.633,1.634,1.614,1.619,48562.29316478
2026-08-12 22:00:00,1.617,1.627,1.614,1.627,59177.78020079
2026-08-12 23:00:00,1.627,1.646,1.625,1.644,82406.80480101
2026-08-13 00:00:00,1.644,1.653,1.641,1.644,67687.73161835
2026-08-13 01:00:00,1.643,1.648,1.64,1.645,34889.92151697
2026-08-13 02:00:00,1.645,1.645,1.635,1.645,29618.78666071
2026-08-13 03:00:00,1.644,1.66,1.644,1.655,39978.23565678
2026-08-13 04:00:00,1.656,1.668,1.655,1.667,53128.26035631
2026-08-13 05:00:00,1.667,1.674,1.663,1.667,64553.09997812
2026-08-13 06:00:00,1.667,1.675,1.664,1.675,98253.28117967
2026-08-13 07:00:00,1.675,1.681,1.666,1.679,59024.56935946
2026-08-13 08:00:00,1.679,1.682,1.664,1.668,60910.59052961
2026-08-13 09:00:00,1.668,1.67,1.655,1.665,65457.43616004
2026-08-13 10:00:00,1.666,1.667,1.656,1.665,104111.68406076
2026-08-13 11:00:00,1.664,1.666,1.648,1.65,51368.94878355
2026-08-13 12:00:00,1.649,1.66,1.649,1.659,63513.283699
2026-08-13 13:00:00,1.659,1.661,1.65,1.658,40025.79093065
2026-08-13 14:00:00,1.659,1.672,1.653,1.656,135293.54448176
2026-08-13 15:00:00,1.656,1.659,1.641,1.641,115084.94403999
2026-08-13 16:00:00,1.642,1.645,1.627,1.638,151873.34796043
2026-08-13 17:00:00,1.637,1.639,1.63,1.634,29241.43283519
2026-08-13 18:00:00,1.634,1.641,1.631,1.636,21738.34981455
2026-08-13 19:00:00,1.637,1.641,1.624,1.626,111816.00570727
2026-08-13 20:00:00,1.626,1.631,1.625,1.629,43048.35273113
2026-08-13 21:00:00,1.629,1.63,1.621,1.626,35203.972431
2026-08-13 22:00:00,1.626,1.639,1.626,1.638,69324.1327285
2026-08-13 23:00:00,1.638,1.644,1.637,1.641,51192.68195169
2026-08-14 00:00:00,1.64,1.642,1.619,1.622,67764.25780989
2026-08-14 01:00:00,1.622,1.63,1.615,1.621,103437.33558362
2026-08-14 02:00:00,1.621,1.623,1.613,1.613,37833.46798836
2026-08-14 03:00:00,1.613,1.617,1.607,1.609,44274.4610431
2026-08-14 04:00:00,1.608,1.614,1.604,1.608,28540.65974243
2026-08-14 05:00:00,1.609,1.622,1.609,1.621,28717.72900807
2026-08-14 06:00:00,1.621,1.621,1.611,1.612,52440.49201731
2026-08-14 07:00:00,1.612,1.613,1.601,1.603,48879.79799836
2026-08-14 08:00:00,1.603,1.609,1.599,1.608,52749.8210315
2026-08-14 09:00:00,1.607,1.611,1.601,1.605,43560.25287161
2026-08-14 10:00:00,1.604,1.608,1.602,1.603,28151.19820086
2026-08-14 11:00:00,1.603,1.609,1.601,1.601,19152.76397704
2026-08-14 12:00:00,1.601,1.602,1.589,1.594,96026.13393386
2026-08-14 13:00:00,1.594,1.598,1.587,1.591,111172.25109185
2026-08-14 14:00:00,1.591,1.591,1.584,1.585,57906.39537801
2026-08-14 15:00:00,1.585,1.596,1.583,1.592,69708.65528211
2026-08-14 16:00:00,1.593,1.604,1.592,1.601,123594.97688641
2026-08-14 17:00:00,1.602,1.609,1.595,1.595,67251.16525231
2026-08-14 18:00:00,1.594,1.603,1.594,1.597,92366.81165357
2026-08-14 19:00:00,1.596,1.61,1.59,1.609,67830.33796702
2026-08-14 20:00:00,1.609,1.632,1.609,1.625,85953.58189952
2026-08-14 21:00:00,1.626,1.63,1.61,1.614,43987.1807855
2026-08-14 22:00:00,1.614,1.626,1.613,1.622,30165.63507291
2026-08-14 23:00:00,1.623,1.641,1.622,1.64,62662.48254993
2026-08-15 00:00:00,1.642,1.652,1.642,1.647,88099.6226529
2026-08-15 01:00:00,1.648,1.654,1.639,1.639,29920.00393498
2026-08-15 02:00:00,1.639,1.664,1.638,1.663,113833.41082586
2026-08-15 03:00:00,1.664,1.669,1.645,1.646,78743.60760466
2026-08-15 04:00:00,1.647,1.65,1.639,1.641,70860.87824758
2026-08-15 05:00:00,1.641,1.643,1.632,1.642,84591.42922181
2026-08-15 06:00:00,1.641,1.645,1.636,1.642,49574.92440876
2026-08-15 07:00:00,1.642,1.642,1.633,1.636,25109.21980476
2026-08-15 08:00:00,1.636,1.64,1.628,1.63,73417.7245603
2026-08-15 09:00:00,1.631,1.637,1.631,1.636,45042.69095381
2026-08-15 10:00:00,1.637,1.645,1.635,1.645,45369.11506208
2026-08-15 11:00:00,1.644,1.645,1.637,1.637,35072.98297289
2026-08-15 12:00:00,1.637,1.639,1.635,1.638,37178.68342023
2026-08-15 13:00:00,1.637,1.639,1.632,1.633,17807.55556784
2026-08-15 14:00:00,1.634,1.641,1.631,1.637,24293.34091181
2026-08-15 15:00:00,1.637,1.642,1.635,1.636,48450.87085932
2026-08-15 16:00:00,1.636,1.648,1.636,1.643,65354.83808411
2026-08-15 17:00:00,1.643,1.645,1.636,1.636,43372.35404765
2026-08-15 18:00:00,1.637,1.638,1.634,1.635,17807.68134515
2026-08-15 19:00:00,1.635,1.641,1.635,1.64,12881.80625402
2026-08-15 20:00:00,1.641,1.642,1.636,1.637,29404.38189802
2026-08-15 21:00:00,1.636,1.641,1.636,1.636,24688.57780234
2026-08-15 22:00:00,1.637,1.639,1.636,1.636,21386.26493768
2026-08-15 23:00:00,1.635,1.636,1.617,1.619,88090.09188139
2026-08-16 00:00:00,1.619,1.619,1.612,1.614,32782.24984841
2026-08-16 01:00:00,1.614,1.617,1.607,1.61,31662.5420589
2026-08-16 02:00:00,1.609,1.617,1.607,1.612,61437.76880195
2026-08-16 03:00:00,1.612,1.616,1.611,1.612,17554.42094399
2026-08-16 04:00:00,1.612,1.616,1.612,1.613,17569.09506387
2026-08-16 05:00:00,1.612,1.618,1.61,1.611,36935.05506815
2026-08-16 06:00:00,1.611,1.614,1.607,1.609,14078.69868806
2026-08-16 07:00:00,1.609,1.614,1.606,1.614,19641.71164604
2026-08-16 08:00:00,1.614,1.619,1.611,1.618,44740.68422091
2026-08-16 09:00:00,1.619,1.62,1.615,1.617,43637.86576506
2026-08-16 10:00:00,1.617,1.62,1.615,1.618,13254.23858091
2026-08-16 11:00:00,1.618,1.627,1.618,1.626,28166.85793905
2026-08-16 12:00:00,1.627,1.629,1.623,1.627,19057.91951925
2026-08-16 13:00:00,1.627,1.628,1.623,1.624,10112.51647922
2026-08-16 14:00:00,1.624,1.625,1.619,1.62,35982.69646289
2026-08-16 15:00:00,1.62,1.627,1.62,1.625,29460.77979447
2026-08-16 16:00:00,1.624,1.627,1.623,1.624,19617.07201672
2026-08-16 17:00:00,1.624,1.624,1.61,1.611,20541.85115014
2026-08-16 18:00:00,1.61,1.611,1.606,1.608,21421.97120893
2026-08-16 19:00:00,1.607,1.613,1.607,1.611,15186.86028756
2026-08-16 20:00:00,1.611,1.613,1.601,1.605,28970.10033369
2026-08-16 21:00:00,1.604,1.607,1.583,1.587,144787.57332551
2026-08-16 22:00:00,1.586,1.597,1.585,1.595,62967.62842727
2026-08-16 23:00:00,1.595,1.603,1.595,1.603,17511.47926907
2026-08-17 00:00:00,1.602,1.607,1.6,1.605,22911.06319292
2026-08-17 01:00:00,1.606,1.618,1.605,1.611,39640.04920975
2026-08-17 02:00:00,1.611,1.62,1.608,1.617,60077.86805448
2026-08-17 03:00:00,1.617,1.624,1.614,1.623,29383.87318195
2026-08-17 04:00:00,1.624,1.637,1.621,1.637,88362.90948585
2026-08-17 05:00:00,1.638,1.647,1.636,1.636,108886.40882938
2026-08-17 06:00:00,1.635,1.656,1.632,1.646,174086.14309716
2026-08-17 07:00:00,1.646,1.649,1.636,1.644,119753.64267846
2026-08-17 08:00:00,1.645,1.648,1.628,1.633,117783.9670343
2026-08-17 09:00:00,1.632,1.638,1.629,1.637,39667.36797736
2026-08-17 10:00:00,1.637,1.645,1.631,1.645,60408.52382202
2026-08-17 11:00:00,1.645,1.649,1.638,1.642,31242.54448784
2026-08-17 12:00:00,1.641,1.649,1.639,1.645,52248.66712429
2026-08-17 13:00:00,1.645,1.651,1.642,1.651,63333.65936357
2026-08-17 14:00:00,1.651,1.652,1.627,1.642,116859.70264566
2026-08-17 15:00:00,1.641,1.644,1.63,1.641,85992.63395848
2026-08-17 16:00:00,1.642,1.642,1.63,1.633,41631.37193895
2026-08-17 17:00:00,1.633,1.633,1.61,1.611,84318.53365098
2026-08-17 18:00:00,1.611,1.618,1.605,1.615,51100.93287729
2026-08-17 19:00:00,1.615,1.621,1.613,1.618,67189.77788928
2026-08-17 20:00:00,1.617,1.628,1.613,1.625,26373.48531989
2026-08-17 21:00:00,1.626,1.642,1.625,1.641,58136.78076961
2026-08-17 22:00:00,1.641,1.642,1.629,1.631,70956.08091068
2026-08-17 23:00:00,1.631,1.642,1.631,1.637,32843.3709135
2026-08-18 00:00:00,1.637,1.647,1.637,1.644,62709.18434134
2026-08-18 01:00:00,1.645,1.649,1.631,1.634,56141.86925583
2026-08-18 02:00:00,1.635,1.64,1.622,1.626,70668.75006512
2026-08-18 03:00:00,1.626,1.637,1.621,1.635,60710.69179486
2026-08-18 04:00:00,1.634,1.648,1.634,1.647,63105.64678672
2026-08-18 05:00:00,1.646,1.649,1.642,1.648,41415.11391473
2026-08-18 06:00:00,1.647,1.666,1.64,1.651,164461.30134553
2026-08-18 07:00:00,1.652,1.656,1.629,1.631,84374.7255808
2026-08-18 08:00:00,1.631,1.631,1.611,1.617,84222.99368909
2026-08-18 09:00:00,1.615,1.622,1.612,1.613,54467.99129744
2026-08-18 10:00:00,1.613,1.619,1.613,1.617,33791.41864153
2026-08-18 11:00:00,1.617,1.627,1.616,1.625,23088.24549956
2026-08-18 12:00:00,1.626,1.629,1.617,1.618,37320.49769366
2026-08-18 13:00:00,1.616,1.619,1.609,1.617,129607.70833802
2026-08-18 14:00:00,1.617,1.642,1.614,1.629,72586.01130464
2026-08-18 15:00:00,1.629,1.647,1.626,1.635,69849.92497882
2026-08-18 16:00:00,1.634,1.635,1.613,1.616,71629.70887516
2026-08-18 17:00:00,1.615,1.616,1.597,1.612,255074.33042395
2026-08-18 18:00:00,1.611,1.617,1.611,1.615,50110.89840734
2026-08-18 19:00:00,1.615,1.616,1.609,1.61,27227.94964307
2026-08-18 20:00:00,1.61,1.61,1.597,1.599,75441.81290162
2026-08-18 21:00:00,1.599,1.601,1.586,1.593,111042.28719197
2026-08-18 22:00:00,1.593,1.598,1.588,1.59,106818.26212574
2026-08-18 23:00:00,1.591,1.594,1.587,1.589,48554.45675012
2026-08-19 00:00:00,1.589,1.589,1.564,1.576,216740.80035379
2026-08-19 01:00:00,1.576,1.589,1.573,1.587,108426.18885433
2026-08-19 02:00:00,1.586,1.595,1.58,1.59,105612.87672428
2026-08-19 03:00:00,1.59,1.601,1.589,1.6,30660.59741898
2026-08-19 04:00:00,1.6,1.601,1.588,1.589,43736.95352389
2026-08-19 05:00:00,1.589,1.604,1.589,1.602,186161.94779778
2026-08-19 06:00:00,1.602,1.624,1.599,1.62,117451.04925235
2026-08-19 07:00:00,1.621,1.622,1.611,1.612,146660.93875884
2026-08-19 08:00:00,1.613,1.62,1.607,1.61,128027.11622185
2026-08-19 09:00:00,1.611,1.611,1.602,1.603,41362.97119494
2026-08-19 10:00:00,1.604,1.613,1.6,1.611,112039.99471069
2026-08-19 11:00:00,1.613,1.628,1.613,1.62,94686.87496701
2026-08-19 12:00:00,1.619,1.629,1.615,1.623,69113.4158292
2026-08-19 13:00:00,1.623,1.625,1.614,1.62,99187.41056558
2026-08-19 14:00:00,1.621,1.641,1.621,1.639,136011.44772291
2026-08-19 15:00:00,1.64,1.698,1.636,1.66,677542.98646928
2026-08-19 16:00:00,1.661,1.695,1.659,1.681,185213.89794574
2026-08-19 17:00:00,1.681,1.705,1.674,1.702,249810.52220848
2026-08-19 18:00:00,1.703,1.712,1.693,1.694,134025.51353258
2026-08-19 19:00:00,1.694,1.703,1.691,1.701,137013.96413174
2026-08-19 20:00:00,1.702,1.732,1.699,1.722,157841.0246908
2026-08-19 21:00:00,1.723,1.774,1.72,1.769,559127.68357208
2026-08-19 22:00:00,1.77,1.773,1.72,1.734,466220.53660843
2026-08-19 23:00:00,1.733,1.743,1.726,1.731,108454.50877448
2026-08-20 00:00:00,1.732,1.751,1.732,1.742,155140.9598689
2026-08-20 01:00:00,1.743,1.755,1.73,1.751,125669.21684475
2026-08-20 02:00:00,1.75,1.755,1.737,1.741,131511.34434363
2026-08-20 03:00:00,1.74,1.74,1.712,1.717,101813.14073778
2026-08-20 04:00:00,1.718,1.726,1.717,1.723,57884.53288422
2026-08-20 05:00:00,1.723,1.733,1.723,1.727,54181.24874555
2026-08-20 06:00:00,1.728,1.741,1.722,1.741,57269.40946859
2026-08-20 07:00:00,1.74,1.746,1.73,1.74,101724.27281113
2026-08-20 08:00:00,1.741,1.765,1.738,1.76,194188.15705478
2026-08-20 09:00:00,1.761,1.769,1.751,1.753,124069.67376065
2026-08-20 10:00:00,1.754,1.769,1.753,1.757,69671.38924968
2026-08-20 11:00:00,1.754,1.762,1.736,1.748,115497.5019305
2026-08-20 12:00:00,1.749,1.749,1.715,1.73,200354.45555003
2026-08-20 13:00:00,1.728,1.744,1.717,1.723,186973.27835384
2026-08-20 14:00:00,1.724,1.731,1.704,1.712,141353.66314059
2026-08-20 15:00:00,1.71,1.741,1.71,1.737,175578.04808708
2026-08-20 16:00:00,1.737,1.763,1.725,1.759,286397.63453533
2026-08-20 17:00:00,1.757,1.771,1.753,1.763,170814.89701733
2026-08-20 18:00:00,1.763,1.766,1.72,1.722,123057.9105846
2026-08-20 19:00:00,1.721,1.727,1.714,1.726,83582.26455609
2026-08-20 20:00:00,1.725,1.74,1.721,1.739,89485.15920692
2026-08-20 21:00:00,1.739,1.75,1.736,1.75,95063.42264056
2026-08-20 22:00:00,1.749,1.779,1.749,1.774,239909.18546198
2026-08-20 23:00:00,1.775,1.782,1.763,1.767,163270.79296035
2026-08-21 00:00:00,1.767,1.782,1.763,1.771,111052.192904
2026-08-21 01:00:00,1.77,1.786,1.76,1.776,220141.75727039
2026-08-21 02:00:00,1.776,1.8,1.77,1.79,294375.79049338
2026-08-21 03:00:00,1.788,1.818,1.772,1.804,253214.24914937
2026-08-21 04:00:00,1.805,1.824,1.794,1.821,421231.17919743
2026-08-21 05:00:00,1.818,1.851,1.804,1.84,350388.88431167
2026-08-21 06:00:00,1.838,1.852,1.816,1.847,432718.98028049
2026-08-21 07:00:00,1.847,1.926,1.843,1.919,489371.60035179
2026-08-21 08:00:00,1.919,1.949,1.906,1.945,700683.68669775
2026-08-21 09:00:00,1.946,1.947,1.866,1.9,622929.20817699
2026-08-21 10:00:00,1.901,1.909,1.879,1.905,221429.10355243
2026-08-21 11:00:00,1.907,1.908,1.875,1.886,437377.14136901
2026-08-21 12:00:00,1.887,1.898,1.876,1.895,186383.52466174
2026-08-21 13:00:00,1.894,1.899,1.853,1.894,232464.0128679
2026-08-21 14:00:00,1.894,1.91,1.881,1.904,357670.71616613
2026-08-21 15:00:00,1.905,1.93,1.896,1.899,206420.24949737
2026-08-21 16:00:00,1.899,1.912,1.879,1.904,161574.48660665
2026-08-21 17:00:00,1.904,1.91,1.88,1.897,130808.47992569
2026-08-21 18:00:00,1.898,1.908,1.874,1.886,82845.14767198
2026-08-21 19:00:00,1.886,1.888,1.864,1.872,114013.04465067
2026-08-21 20:00:00,1.872,1.926,1.866,1.922,107802.51086206
2026-08-21 21:00:00,1.922,1.971,1.919,1.963,506046.32974652
2026-08-21 22:00:00,1.963,1.988,1.955,1.986,418551.2408182
2026-08-21 23:00:00,1.986,1.986,1.952,1.967,267771.08304819
2026-08-22 00:00:00,1.966,1.993,1.95,1.99,318336.99155341
2026-08-22 01:00:00,1.992,2.025,1.971,2.013,380052.50589787
2026-08-22 02:00:00,2.013,2.09,1.997,2.081,782018.28514039
2026-08-22 03:00:00,2.079,2.121,2.075,2.098,598066.02019436
2026-08-22 04:00:00,2.099,2.147,2.088,2.128,350043.43162753
2026-08-22 05:00:00,2.129,2.135,1.661,1.966,3360516.83940772
2026-08-22 06:00:00,1.966,1.992,1.91,1.988,714795.42095895
2026-08-22 07:00:00,1.988,2.007,1.973,1.994,672567.57751978
2026-08-22 08:00:00,1.995,1.997,1.922,1.954,638025.33135166
2026-08-22 09:00:00,1.955,1.957,1.919,1.925,534190.90999995
2026-08-22 10:00:00,1.927,1.927,1.861,1.887,831143.15456327
2026-08-22 11:00:00,1.888,1.905,1.871,1.897,220287.07297265
2026-08-22 12:00:00,1.898,1.923,1.872,1.904,342038.77236658
2026-08-22 13:00:00,1.903,1.912,1.891,1.912,206781.97971134
2026-08-22 14:00:00,1.912,1.912,1.873,1.884,326176.72363418
2026-08-22 15:00:00,1.885,1.896,1.863,1.868,228055.66813413
2026-08-22 16:00:00,1.867,1.911,1.856,1.896,596619.14866992
2026-08-22 17:00:00,1.897,1.924,1.89,1.916,388085.64575671
2026-08-22 18:00:00,1.915,1.945,1.913,1.937,229446.09262107
2026-08-22 19:00:00,1.937,1.974,1.933,1.947,292828.45693387
2026-08-22 20:00:00,1.947,1.966,1.93,1.952,187334.85562271
2026-08-22 21:00:00,1.95,1.952,1.881,1.884,251214.52621836
2026-08-22 22:00:00,1.886,1.922,1.87,1.906,171456.83721254
2026-08-22 23:00:00,1.906,1.906,1.865,1.878,518097.25927105
2026-08-23 00:00:00,1.878,1.926,1.875,1.921,181617.62310052
2026-08-23 01:00:00,1.92,1.92,1.884,1.89,138356.57167563
2026-08-23 02:00:00,1.889,1.89,1.862,1.871,161600.67316762
2026-08-23 03:00:00,1.87,1.872,1.822,1.838,387203.03660003
2026-08-23 04:00:00,1.84,1.846,1.81,1.816,203554.43169764
2026-08-23 05:00:00,1.815,1.847,1.803,1.813,300645.33921361
2026-08-23 06:00:00,1.813,1.843,1.81,1.835,108025.15836328
2026-08-23 07:00:00,1.835,1.864,1.834,1.852,109180.63438991
2026-08-23 08:00:00,1.851,1.882,1.845,1.88,179228.506443
2026-08-23 09:00:00,1.879,1.904,1.877,1.902,164575.95186557
2026-08-23 10:00:00,1.902,1.958,1.901,1.945,461220.24096035
2026-08-23 11:00:00,1.946,1.966,1.939,1.959,270399.65404383
2026-08-23 12:00:00,1.958,1.959,1.936,1.942,113025.68069139
2026-08-23 13:00:00,1.942,1.998,1.937,1.981,241303.40533829
2026-08-23 14:00:00,1.98,1.993,1.905,1.946,535876.60237099
2026-08-23 15:00:00,1.947,1.965,1.931,1.95,331857.26490852
2026-08-23 16:00:00,1.953,1.966,1.941,1.964,66740.13830449
2026-08-23 17:00:00,1.965,1.986,1.948,1.965,176762.98706594
2026-08-23 18:00:00,1.965,1.973,1.95,1.965,133475.07597686
2026-08-23 19:00:00,1.965,1.982,1.954,1.963,143501.19439843
2026-08-23 20:00:00,1.962,2.004,1.946,2.0,206589.7809088
2026-08-23 21:00:00,2.002,2.041,1.996,2.003,163718.62407228
2026-08-23 22:00:00,2.005,2.035,1.986,2.024,291667.97093482
2026-08-23 23:00:00,2.023,2.027,2.002,2.014,221287.34885317
2026-08-24 00:00:00,2.015,2.075,2.003,2.044,707969.00722111
2026-08-24 01:00:00,2.044,2.065,1.95,1.975,989150.11032001
2026-08-24 02:00:00,1.974,2.029,1.962,2.026,432645.89041341
2026-08-24 03:00:00,2.026,2.026,1.971,1.976,204000.78046942
2026-08-24 04:00:00,1.977,2.049,1.977,2.005,476270.68537463
2026-08-24 05:00:00,2.003,2.037,1.98,1.997,392633.64065764
2026-08-24 06:00:00,1.998,2.005,1.963,1.975,145021.90129175
2026-08-24 07:00:00,1.975,2.017,1.97,2.007,253629.49858055
2026-08-24 08:00:00,2.008,2.01,1.935,1.969,391314.87552474
2026-08-24 09:00:00,1.968,1.989,1.965,1.98,216370.36797873
2026-08-24 10:00:00,1.98,1.998,1.946,1.95,288619.72589892
2026-08-24 11:00:00,1.949,1.997,1.934,1.992,212659.41540429
2026-08-24 12:00:00,1.986,2.019,1.96,2.016,352977.30762605
2026-08-24 13:00:00,2.017,2.018,1.94,1.96,479632.23028684
2026-08-24 14:00:00,1.96,2.011,1.958,1.981,191938.24347077
2026-08-24 15:00:00,1.982,2.043,1.981,1.991,640781.61835164
2026-08-24 16:00:00,1.993,2.03,1.978,1.984,242615.37027341
2026-08-24 17:00:00,1.985,1.989,1.937,1.962,105099.64251745
2026-08-24 18:00:00,1.963,1.978,1.948,1.951,121869.31319088
2026-08-24 19:00:00,1.952,1.958,1.927,1.929,185358.30306278
2026-08-24 20:00:00,1.932,1.954,1.93,1.95,78366.15510916
2026-08-24 21:00:00,1.952,1.96,1.945,1.954,54072.52549685
2026-08-24 22:00:00,1.953,1.959,1.94,1.94,112597.83445046
2026-08-24 23:00:00,1.944,1.955,1.929,1.955,94243.65578252
2026-08-25 00:00:00,1.954,1.98,1.935,1.971,321759.0839589
2026-08-25 01:00:00,1.971,1.977,1.943,1.955,176792.71872717
2026-08-25 02:00:00,1.955,2.009,1.951,1.987,426491.37488104
2026-08-25 03:00:00,1.986,2.007,1.968,1.969,159585.56616704
2026-08-25 04:00:00,1.969,1.996,1.968,1.99,195806.47550592
2026-08-25 05:00:00,1.99,2.009,1.988,1.993,120083.24497682
2026-08-25 06:00:00,1.994,1.994,1.93,1.939,246936.8903987
2026-08-25 07:00:00,1.938,1.958,1.904,1.93,299187.06060903
2026-08-25 08:00:00,1.931,1.945,1.928,1.933,182297.9875873
2026-08-25 09:00:00,1.934,1.945,1.909,1.918,135116.61393963
2026-08-25 10:00:00,1.917,1.925,1.902,1.919,145181.72278524
2026-08-25 11:00:00,1.918,1.93,1.909,1.919,157173.1123565
2026-08-25 12:00:00,1.919,1.938,1.903,1.931,155439.44908923
2026-08-25 13:00:00,1.932,1.936,1.881,1.909,352137.05216116
2026-08-25 14:00:00,1.908,1.934,1.904,1.919,145507.01159608
2026-08-25 15:00:00,1.92,1.92,1.9,1.916,65085.9743804
2026-08-25 16:00:00,1.916,1.916,1.893,1.899,92214.9179811
2026-08-25 17:00:00,1.899,1.902,1.878,1.899,120293.02113863
2026-08-25 18:00:00,1.899,1.906,1.88,1.884,90197.44545723
2026-08-25 19:00:00,1.885,1.886,1.863,1.865,82882.78537106
2026-08-25 20:00:00,1.866,1.878,1.843,1.853,99817.81947905
2026-08-25 21:00:00,1.852,1.876,1.831,1.873,130820.2460219
2026-08-25 22:00:00,1.874,1.889,1.874,1.885,79506.00845947
2026-08-25 23:00:00,1.885,1.889,1.858,1.861,49033.35469836
2026-08-26 00:00:00,1.861,1.884,1.855,1.876,90137.879014
2026-08-26 01:00:00,1.877,1.898,1.877,1.891,99664.31073809
2026-08-26 02:00:00,1.891,1.904,1.883,1.899,75088.88988375
2026-08-26 03:00:00,1.897,1.901,1.877,1.879,47491.91347761
2026-08-26 04:00:00,1.878,1.883,1.867,1.867,44571.20793114
2026-08-26 05:00:00,1.867,1.876,1.858,1.873,75719.01976111
2026-08-26 06:00:00,1.872,1.88,1.862,1.867,39222.80277361
2026-08-26 07:00:00,1.867,1.875,1.855,1.857,39695.41795373
2026-08-26 08:00:00,1.856,1.87,1.849,1.854,66768.79651421
2026-08-26 09:00:00,1.855,1.859,1.839,1.85,70820.91873008
2026-08-26 10:00:00,1.85,1.875,1.842,1.868,102111.23617743
2026-08-26 11:00:00,1.869,1.87,1.844,1.85,92683.62473678
2026-08-26 12:00:00,1.85,1.867,1.839,1.85,177295.15461495
2026-08-26 13:00:00,1.85,1.853,1.827,1.837,117634.2848058
2026-08-26 14:00:00,1.836,1.85,1.805,1.819,378703.47644293
2026-08-26 15:00:00,1.819,1.836,1.809,1.826,197121.76984338
2026-08-26 16:00:00,1.826,1.835,1.812,1.822,135783.33380609
2026-08-26 17:00:00,1.823,1.842,1.822,1.834,62590.30581449
2026-08-26 18:00:00,1.834,1.839,1.821,1.832,137185.90266426
2026-08-26 19:00:00,1.832,1.844,1.828,1.837,123890.65416664
2026-08-26 20:00:00,1.836,1.841,1.818,1.84,99431.13884068
2026-08-26 21:00:00,1.841,1.879,1.839,1.87,195095.71412707
2026-08-26 22:00:00,1.868,1.888,1.868,1.878,152202.40759612
2026-08-26 23:00:00,1.875,1.909,1.875,1.902,207216.49703788
2026-08-27 00:00:00,1.9,1.901,1.875,1.879,83923.11375476
2026-08-27 01:00:00,1.878,1.891,1.869,1.882,41785.45172536
2026-08-27 02:00:00,1.881,1.885,1.863,1.864,37568.1532016
2026-08-27 03:00:00,1.863,1.873,1.858,1.861,36211.43260648
2026-08-27 04:00:00,1.861,1.873,1.851,1.855,36968.853024
2026-08-27 05:00:00,1.854,1.868,1.844,1.863,32202.53944686
2026-08-27 06:00:00,1.859,1.876,1.849,1.875,70082.82725917
2026-08-27 07:00:00,1.874,1.885,1.867,1.885,69404.06406125
2026-08-27 08:00:00,1.885,1.947,1.88,1.935,329833.33361776
2026-08-27 09:00:00,1.933,1.947,1.917,1.925,230862.50139716
2026-08-27 10:00:00,1.924,1.937,1.884,1.9,201333.56365437
2026-08-27 11:00:00,1.901,1.913,1.883,1.895,83153.99051156
2026-08-27 12:00:00,1.894,1.902,1.887,1.897,71271.64685717
2026-08-27 13:00:00,1.898,1.92,1.893,1.92,90117.140461
2026-08-27 14:00:00,1.919,1.932,1.913,1.921,163094.2811346
2026-08-27 15:00:00,1.922,1.937,1.913,1.918,111238.33742288
2026-08-27 16:00:00,1.918,1.943,1.906,1.923,115565.31081281
2026-08-27 17:00:00,1.923,1.944,1.919,1.923,103916.48337399
2026-08-27 18:00:00,1.923,1.933,1.898,1.932,137189.02822048
2026-08-27 19:00:00,1.932,1.935,1.913,1.915,62342.62357127
2026-08-27 20:00:00,1.914,1.938,1.907,1.933,115029.68407238
2026-08-27 21:00:00,1.934,1.937,1.917,1.936,62514.74014571
2026-08-27 22:00:00,1.936,1.961,1.934,1.951,120024.40631343
2026-08-27 23:00:00,1.95,1.95,1.925,1.926,58771.89274596
2026-08-28 00:00:00,1.927,1.946,1.913,1.938,87716.32238631
2026-08-28 01:00:00,1.937,1.969,1.93,1.933,88471.33321412
2026-08-28 02:00:00,1.932,1.934,1.872,1.878,192524.710955
2026-08-28 03:00:00,1.879,1.894,1.869,1.886,101113.99188085
2026-08-28 04:00:00,1.885,1.895,1.873,1.882,68241.09439591
2026-08-28 05:00:00,1.879,1.885,1.865,1.88,108599.93495509
2026-08-28 06:00:00,1.88,1.89,1.88,1.882,66581.14094055
2026-08-28 07:00:00,1.882,1.882,1.868,1.871,146130.64213759
2026-08-28 08:00:00,1.871,1.874,1.854,1.86,173598.69320266
2026-08-28 09:00:00,1.858,1.867,1.853,1.856,59108.12383607
2026-08-28 10:00:00,1.856,1.871,1.847,1.866,80993.27243447
2026-08-28 11:00:00,1.866,1.876,1.864,1.871,103983.53579278
2026-08-28 12:00:00,1.871,1.883,1.861,1.865,59358.43422147
2026-08-28 13:00:00,1.864,1.866,1.852,1.859,106632.68672202
2026-08-28 14:00:00,1.857,1.881,1.833,1.871,308615.93089954
2026-08-28 15:00:00,1.873,1.879,1.834,1.835,104440.42144899
2026-08-28 16:00:00,1.836,1.84,1.8,1.829,334366.27613603
2026-08-28 17:00:00,1.829,1.833,1.81,1.818,160796.06320231
2026-08-28 18:00:00,1.816,1.82,1.8,1.812,83371.76667918
2026-08-28 19:00:00,1.812,1.828,1.81,1.816,106652.46592908
2026-08-28 20:00:00,1.816,1.827,1.813,1.817,30597.5818394
2026-08-28 21:00:00,1.818,1.819,1.8,1.802,56514.8931122
2026-08-28 22:00:00,1.803,1.822,1.801,1.819,41893.62667967
2026-08-28 23:00:00,1.818,1.825,1.817,1.824,62852.5869227
2026-08-29 00:00:00,1.824,1.831,1.813,1.814,60312.12746008
2026-08-29 01:00:00,1.814,1.816,1.808,1.815,55929.29862247
2026-08-29 02:00:00,1.815,1.817,1.8,1.808,33515.44064976
2026-08-29 03:00:00,1.807,1.812,1.802,1.803,25238.90520357
2026-08-29 04:00:00,1.804,1.815,1.803,1.814,59799.99561239
2026-08-29 05:00:00,1.812,1.817,1.811,1.815,37300.93878727
2026-08-29 06:00:00,1.816,1.816,1.788,1.799,126405.00050166
2026-08-29 07:00:00,1.799,1.8,1.79,1.792,35560.09973965
2026-08-29 08:00:00,1.791,1.791,1.778,1.784,124559.0368085
2026-08-29 09:00:00,1.784,1.796,1.782,1.795,54653.05981167
2026-08-29 10:00:00,1.794,1.803,1.791,1.793,42975.22653898
2026-08-29 11:00:00,1.793,1.8,1.792,1.797,55509.22131349
2026-08-29 12:00:00,1.797,1.807,1.796,1.8,24251.91576862
2026-08-29 13:00:00,1.8,1.813,1.797,1.81,30280.6890511
2026-08-29 14:00:00,1.811,1.846,1.811,1.841,155270.14182456
2026-08-29 15:00:00,1.842,1.853,1.832,1.839,153305.98444219
2026-08-29 16:00:00,1.84,1.851,1.833,1.844,137916.576706
2026-08-29 17:00:00,1.844,1.849,1.834,1.849,73803.47534476
2026-08-29 18:00:00,1.849,1.864,1.841,1.85,123559.856
2026-08-29 19:00:00,1.852,1.867,1.85,1.858,162294.50119079
2026-08-29 20:00:00,1.858,1.885,1.858,1.861,159558.08225596
2026-08-29 21:00:00,1.862,1.876,1.858,1.874,94574.1486988
2026-08-29 22:00:00,1.868,1.872,1.861,1.868,54118.41486524
2026-08-29 23:00:00,1.869,1.87,1.861,1.868,72269.82768322
2026-08-30 00:00:00,1.868,1.876,1.855,1.856,70455.85973103
2026-08-30 01:00:00,1.856,1.857,1.848,1.849,33885.0823895
2026-08-30 02:00:00,1.85,1.865,1.848,1.858,42786.33711837
2026-08-30 03:00:00,1.858,1.887,1.858,1.874,119326.07658745
2026-08-30 04:00:00,1.874,1.889,1.862,1.878,96324.47135303
2026-08-30 05:00:00,1.877,1.894,1.877,1.883,116992.60404007
2026-08-30 06:00:00,1.883,1.899,1.877,1.899,89335.52560162
2026-08-30 07:00:00,1.898,1.898,1.88,1.884,142790.63388657
2026-08-30 08:00:00,1.885,1.898,1.879,1.889,72801.38683705
2026-08-30 09:00:00,1.888,1.891,1.867,1.876,98646.16903451
2026-08-30 10:00:00,1.876,1.884,1.868,1.881,37005.77357348
2026-08-30 11:00:00,1.882,1.886,1.874,1.881,28820.57136593
2026-08-30 12:00:00,1.881,1.897,1.875,1.882,87756.206991
2026-08-30 13:00:00,1.882,1.885,1.871,1.879,36923.19411747
2026-08-30 14:00:00,1.878,1.884,1.872,1.877,55590.16891134
2026-08-30 15:00:00,1.877,1.885,1.868,1.87,52738.65318603
2026-08-30 16:00:00,1.872,1.895,1.87,1.893,87104.08903596
2026-08-30 17:00:00,1.892,1.904,1.876,1.899,157749.75723763
2026-08-30 18:00:00,1.899,1.931,1.888,1.917,176114.8201886
2026-08-30 19:00:00,1.918,1.921,1.891,1.895,112055.32685435
2026-08-30 20:00:00,1.896,1.905,1.871,1.883,261299.42698319
2026-08-30 21:00:00,1.882,1.915,1.858,1.915,203397.4574146
2026-08-30 22:00:00,1.916,1.92,1.863,1.874,98029.50876823
2026-08-30 23:00:00,1.873,1.875,1.79,1.82,544242.40934473
2026-08-31 00:00:00,1.818,1.877,1.812,1.869,189011.98832056
2026-08-31 01:00:00,1.87,1.874,1.836,1.838,127770.53584411
2026-08-31 02:00:00,1.837,1.859,1.818,1.819,200380.5308276
2026-08-31 03:00:00,1.82,1.828,1.807,1.824,126732.06684913
2026-08-31 04:00:00,1.825,1.828,1.813,1.826,80053.26079631
2026-08-31 05:00:00,1.825,1.849,1.825,1.843,59498.99431075
2026-08-31 06:00:00,1.841,1.851,1.839,1.844,58772.91146697
2026-08-31 07:00:00,1.843,1.85,1.841,1.845,66691.13257801
2026-08-31 08:00:00,1.843,1.852,1.832,1.846,61693.49392572
2026-08-31 09:00:00,1.846,1.855,1.841,1.844,32080.02734643
2026-08-31 10:00:00,1.845,1.876,1.842,1.87,63580.73900397
2026-08-31 11:00:00,1.869,1.877,1.852,1.855,55374.19689611
2026-08-31 12:00:00,1.857,1.879,1.837,1.843,105905.06155397
2026-08-31 13:00:00,1.843,1.867,1.834,1.837,114039.4244605
2026-08-31 14:00:00,1.837,1.89,1.833,1.886,134439.52190028
2026-08-31 15:00:00,1.889,1.895,1.856,1.857,260080.2667686
2026-08-31 16:00:00,1.857,1.865,1.848,1.854,80291.41342265
2026-08-31 17:00:00,1.855,1.872,1.852,1.866,82622.17192104
2026-08-31 18:00:00,1.866,1.889,1.86,1.871,131539.01545558
2026-08-31 19:00:00,1.871,1.881,1.863,1.872,52576.52346133
2026-08-31 20:00:00,1.87,1.887,1.87,1.878,91123.12494234
2026-08-31 21:00:00,1.881,1.902,1.87,1.902,60669.08059316
2026-08-31 22:00:00,1.903,1.914,1.88,1.913,112658.47712278
2026-08-31 23:00:00,1.914,1.933,1.895,1.922,178706.83303311
2026-09-01 00:00:00,1.921,1.953,1.92,1.953,211461.13946014
2026-09-01 01:00:00,1.953,1.957,1.926,1.94,269467.6811336
2026-09-01 02:00:00,1.939,1.963,1.917,1.961,209773.81489149
2026-09-01 03:00:00,1.961,1.987,1.947,1.977,216737.48211709
2026-09-01 04:00:00,1.978,1.994,1.96,1.962,181282.76555734
2026-09-01 05:00:00,1.961,1.991,1.959,1.982,167803.57803653
2026-09-01 06:00:00,1.983,1.983,1.952,1.956,158853.88176946
2026-09-01 07:00:00,1.956,1.966,1.936,1.94,160031.69006555
2026-09-01 08:00:00,1.94,1.94,1.921,1.93,125111.46908161
2026-09-01 09:00:00,1.932,1.933,1.91,1.92,81469.82382287
2026-09-01 10:00:00,1.92,1.943,1.915,1.939,91723.21045106
2026-09-01 11:00:00,1.938,1.989,1.93,1.98,183807.36643953
2026-09-01 12:00:00,1.979,2.001,1.961,1.969,292748.55809642
2026-09-01 13:00:00,1.969,2.016,1.951,2.014,343502.94768523
2026-09-01 14:00:00,2.015,2.046,2.009,2.026,425864.83022616
2026-09-01 15:00:00,2.025,2.033,2.005,2.017,251010.48635492
2026-09-01 16:00:00,2.018,2.021,1.944,1.966,254845.65123895
2026-09-01 17:00:00,1.966,1.967,1.94,1.95,206152.1415317
2026-09-01 18:00:00,1.95,1.954,1.886,1.92,387636.18292776
2026-09-01 19:00:00,1.919,1.929,1.899,1.901,120869.57097003
2026-09-01 20:00:00,1.902,1.907,1.888,1.906,101611.10117248
2026-09-01 21:00:00,1.906,1.916,1.882,1.891,174791.9552766
2026-09-01 22:00:00,1.891,1.895,1.879,1.888,109417.47552134
2026-09-01 23:00:00,1.888,1.899,1.878,1.887,122808.3818719
2026-09-02 00:00:00,1.887,1.897,1.861,1.864,158273.21536617
2026-09-02 01:00:00,1.862,1.863,1.83,1.842,186384.39014695
2026-09-02 02:00:00,1.841,1.869,1.831,1.869,164764.34393427
2026-09-02 03:00:00,1.868,1.888,1.865,1.874,108201.77415351
2026-09-02 04:00:00,1.874,1.879,1.86,1.875,110993.37807643
2026-09-02 05:00:00,1.875,1.888,1.868,1.882,102754.22116761
2026-09-02 06:00:00,1.882,1.884,1.852,1.869,121698.03993551
2026-09-02 07:00:00,1.869,1.875,1.858,1.859,98181.25793119
2026-09-02 08:00:00,1.86,1.866,1.839,1.85,108897.19849972
2026-09-02 09:00:00,1.849,1.858,1.834,1.839,88340.42974147
2026-09-02 10:00:00,1.839,1.85,1.828,1.848,121127.70361957
2026-09-02 11:00:00,1.847,1.863,1.841,1.859,150744.92179623
2026-09-02 12:00:00,1.858,1.865,1.838,1.838,97670.61629819
2026-09-02 13:00:00,1.839,1.875,1.839,1.861,74559.31836766
2026-09-02 14:00:00,1.862,1.87,1.844,1.844,75860.82322941
2026-09-02 15:00:00,1.843,1.857,1.832,1.852,119036.08704979
2026-09-02 16:00:00,1.852,1.865,1.845,1.847,60122.67597809
2026-09-02 17:00:00,1.849,1.857,1.837,1.855,80119.22879628
2026-09-02 18:00:00,1.851,1.863,1.847,1.862,95182.04330707
2026-09-02 19:00:00,1.859,1.864,1.845,1.861,50874.59497251
2026-09-02 20:00:00,1.86,1.879,1.857,1.875,158514.78692868
2026-09-02 21:00:00,1.875,1.881,1.867,1.874,116137.67389958
2026-09-02 22:00:00,1.874,1.879,1.856,1.879,91206.0286047
2026-09-02 23:00:00,1.877,1.889,1.873,1.889,97674.83359875
2026-09-03 00:00:00,1.886,1.889,1.861,1.863,49152.03713598
2026-09-03 01:00:00,1.863,1.885,1.849,1.864,101104.0966129
2026-09-03 02:00:00,1.863,1.909,1.862,1.903,200893.45835041
2026-09-03 03:00:00,1.902,1.915,1.895,1.901,132175.36471191
2026-09-03 04:00:00,1.903,1.908,1.877,1.905,162023.43633525
2026-09-03 05:00:00,1.905,1.906,1.871,1.899,85299.61327161
2026-09-03 06:00:00,1.901,1.908,1.894,1.898,51808.15738176
2026-09-03 07:00:00,1.898,1.91,1.885,1.892,93980.05840749
2026-09-03 08:00:00,1.892,1.907,1.871,1.879,361544.16204699
2026-09-03 09:00:00,1.878,1.9,1.867,1.868,141209.93837406
2026-09-03 10:00:00,1.868,1.888,1.866,1.888,89342.60580439
2026-09-03 11:00:00,1.888,1.903,1.885,1.901,164506.79747297
2026-09-03 12:00:00,1.901,1.921,1.899,1.918,155787.14306576
2026-09-03 13:00:00,1.916,1.925,1.904,1.911,185525.08768472
2026-09-03 14:00:00,1.91,1.954,1.901,1.948,436186.82183538
2026-09-03 15:00:00,1.947,1.993,1.939,1.988,436934.75613534
2026-09-03 16:00:00,1.988,1.991,1.96,1.984,299574.61292685
2026-09-03 17:00:00,1.985,2.006,1.981,1.997,242100.10083488
2026-09-03 18:00:00,1.996,2.021,1.991,2.002,184420.22511007
2026-09-03 19:00:00,2.0,2.005,1.97,1.981,147527.01009639
2026-09-03 20:00:00,1.981,1.987,1.97,1.976,53041.09350143
2026-09-03 21:00:00,1.976,1.994,1.972,1.976,72034.18738504
2026-09-03 22:00:00,1.977,1.979,1.943,1.959,129024.19975694
2026-09-03 23:00:00,1.958,1.962,1.951,1.954,124241.92230703
2026-09-04 00:00:00,1.956,1.959,1.943,1.943,185881.9389246
2026-09-04 01:00:00,1.944,1.949,1.93,1.941,89962.0819438
2026-09-04 02:00:00,1.941,1.956,1.934,1.956,62116.04185624
2026-09-04 03:00:00,1.955,1.96,1.941,1.956,98248.3049145
2026-09-04 04:00:00,1.954,1.964,1.946,1.948,58271.68373353
2026-09-04 05:00:00,1.947,1.947,1.916,1.927,208324.12600574
2026-09-04 06:00:00,1.927,1.96,1.92,1.959,322030.34597715
2026-09-04 07:00:00,1.959,1.99,1.955,1.959,347263.20678213
2026-09-04 08:00:00,1.96,1.982,1.954,1.981,142608.29361237
2026-09-04 09:00:00,1.981,2.031,1.976,2.021,367058.44717975
2026-09-04 10:00:00,2.021,2.037,1.993,2.003,267330.64890556
2026-09-04 11:00:00,2.003,2.031,2.0,2.023,201807.39631349
2026-09-04 12:00:00,2.023,2.029,1.926,1.944,767852.47897472
2026-09-04 13:00:00,1.944,1.991,1.937,1.976,274636.13089688
2026-09-04 14:00:00,1.976,1.98,1.907,1.922,323534.77450373
2026-09-04 15:00:00,1.922,1.946,1.915,1.945,159827.49847527
2026-09-04 16:00:00,1.943,1.99,1.941,1.975,183245.9645818
2026-09-04 17:00:00,1.975,2.012,1.967,1.977,297107.40844077
2026-09-04 18:00:00,1.976,2.038,1.976,2.023,287046.72065441
2026-09-04 19:00:00,2.025,2.188,2.014,2.167,1092436.3879519
2026-09-04 20:00:00,2.166,2.173,2.101,2.107,507160.80785774
2026-09-04 21:00:00,2.108,2.135,2.086,2.093,334398.81703336
2026-09-04 22:00:00,2.093,2.144,2.093,2.128,246066.01416066
2026-09-04 23:00:00,2.13,2.198,2.126,2.173,515850.5090012
2026-09-05 00:00:00,2.172,2.249,2.169,2.222,585646.8334719
2026-09-05 01:00:00,2.224,2.273,2.21,2.213,423454.98716439
2026-09-05 02:00:00,2.213,2.224,2.174,2.215,469798.64454967
2026-09-05 03:00:00,2.215,2.251,2.215,2.226,328427.65704073
2026-09-05 04:00:00,2.224,2.238,2.214,2.223,176048.73429653
2026-09-05 05:00:00,2.223,2.241,2.184,2.234,329445.04140777
2026-09-05 06:00:00,2.234,2.289,2.207,2.273,654668.4406831
2026-09-05 07:00:00,2.274,2.285,2.224,2.226,373999.72768825
2026-09-05 08:00:00,2.226,2.233,2.208,2.225,180864.32260431
2026-09-05 09:00:00,2.223,2.236,2.207,2.234,152714.08322795
2026-09-05 10:00:00,2.234,2.267,2.225,2.261,278756.75100972
2026-09-05 11:00:00,2.263,2.286,2.236,2.283,392960.87287541
2026-09-05 12:00:00,2.281,2.29,2.22,2.231,685251.43689092
2026-09-05 13:00:00,2.232,2.237,2.195,2.199,266739.1342209
2026-09-05 14:00:00,2.2,2.207,2.188,2.193,166819.56216313
2026-09-05 15:00:00,2.193,2.201,2.157,2.177,335919.06242657
2026-09-05 16:00:00,2.177,2.215,2.175,2.207,206019.10087405
2026-09-05 17:00:00,2.207,2.258,2.203,2.254,217240.05243766
2026-09-05 18:00:00,2.254,2.274,2.217,2.227,451450.96297223
2026-09-05 19:00:00,2.226,2.241,2.187,2.19,200703.78278159
2026-09-05 20:00:00,2.188,2.2,2.166,2.168,143787.36798795
2026-09-05 21:00:00,2.169,2.185,2.163,2.182,124275.69609064
2026-09-05 22:00:00,2.182,2.196,2.178,2.187,168726.82333169
2026-09-05 23:00:00,2.185,2.202,2.179,2.194,131693.97267099
2026-09-06 00:00:00,2.192,2.202,2.173,2.175,198756.80296955
2026-09-06 01:00:00,2.177,2.218,2.176,2.209,223791.93017263
2026-09-06 02:00:00,2.21,2.239,2.199,2.229,185258.59446417
2026-09-06 03:00:00,2.228,2.23,2.203,2.218,104016.20935364
2026-09-06 04:00:00,2.218,2.226,2.179,2.217,348503.76466869
2026-09-06 05:00:00,2.219,2.239,2.192,2.215,273367.22872889
2026-09-06 06:00:00,2.214,2.272,2.205,2.263,432047.60141617
2026-09-06 07:00:00,2.263,2.312,2.231,2.304,664306.59332257
2026-09-06 08:00:00,2.303,2.371,2.268,2.322,1030213.04225788
2026-09-06 09:00:00,2.325,2.403,2.325,2.383,543100.8079666
2026-09-06 10:00:00,2.382,2.413,2.356,2.402,427775.61259982
2026-09-06 11:00:00,2.401,2.414,2.378,2.393,287583.67124064
2026-09-06 12:00:00,2.392,2.4,2.334,2.351,494379.48449518
2026-09-06 13:00:00,2.35,2.473,2.342,2.469,872367.93058334
2026-09-06 14:00:00,2.469,2.487,2.371,2.403,849475.72169629
2026-09-06 15:00:00,2.404,2.407,2.339,2.388,447633.42281506
2026-09-06 16:00:00,2.389,2.45,2.385,2.428,302377.06896647
2026-09-06 17:00:00,2.427,2.428,2.367,2.378,214397.87483229
2026-09-06 18:00:00,2.376,2.431,2.371,2.429,248307.38282684
2026-09-06 19:00:00,2.429,2.446,2.4,2.422,364547.73742724
2026-09-06 20:00:00,2.421,2.44,2.399,2.413,276668.34863973
2026-09-06 21:00:00,2.412,2.496,2.411,2.493,302232.30412398
2026-09-06 22:00:00,2.491,2.498,2.42,2.444,351799.65735817
2026-09-06 23:00:00,2.445,2.484,2.432,2.439,281356.61241165
2026-09-07 00:00:00,2.439,2.445,2.404,2.413,242037.98264918
2026-09-07 01:00:00,2.411,2.413,2.347,2.359,294148.46669921
2026-09-07 02:00:00,2.36,2.418,2.359,2.4,235884.65758967
2026-09-07 03:00:00,2.401,2.432,2.393,2.402,266015.38750878
2026-09-07 04:00:00,2.403,2.435,2.385,2.434,261730.55886231
2026-09-07 05:00:00,2.434,2.447,2.392,2.393,289482.89849431
2026-09-07 06:00:00,2.393,2.434,2.388,2.428,217609.00334451
2026-09-07 07:00:00,2.427,2.429,2.293,2.303,677847.22013341
2026-09-07 08:00:00,2.302,2.355,2.302,2.345,331608.64387767
2026-09-07 09:00:00,2.344,2.361,2.333,2.336,137416.863367
2026-09-07 10:00:00,2.335,2.363,2.335,2.349,148273.47485199
2026-09-07 11:00:00,2.351,2.364,2.344,2.348,141217.3861201
2026-09-07 12:00:00,2.348,2.384,2.332,2.377,147258.13199875
2026-09-07 13:00:00,2.377,2.407,2.363,2.389,217467.52203672
2026-09-07 14:00:00,2.388,2.391,2.343,2.361,172071.78852979
2026-09-07 15:00:00,2.362,2.367,2.285,2.295,198927.0006745
2026-09-07 16:00:00,2.296,2.322,2.289,2.308,193603.38838087
2026-09-07 17:00:00,2.313,2.34,2.306,2.32,150392.49151708
2026-09-07 18:00:00,2.32,2.325,2.295,2.306,77736.39726786
2026-09-07 19:00:00,2.306,2.325,2.3,2.322,61406.84445266
2026-09-07 20:00:00,2.321,2.334,2.304,2.322,100028.81287925
2026-09-07 21:00:00,2.322,2.334,2.304,2.313,51493.66614195
2026-09-07 22:00:00,2.309,2.317,2.27,2.295,116216.61003947
2026-09-07 23:00:00,2.292,2.317,2.289,2.307,113419.57525094
2026-09-08 00:00:00,2.308,2.383,2.3,2.368,208172.73183713
2026-09-08 01:00:00,2.367,2.368,2.316,2.34,371848.33949196
2026-09-08 02:00:00,2.338,2.352,2.299,2.301,207066.02150227
2026-09-08 03:00:00,2.3,2.315,2.277,2.28,261573.33756959
2026-09-08 04:00:00,2.28,2.283,2.249,2.275,248259.92572028
2026-09-08 05:00:00,2.274,2.297,2.271,2.286,169395.60863124
2026-09-08 06:00:00,2.286,2.292,2.262,2.277,113967.90513843
2026-09-08 07:00:00,2.277,2.334,2.273,2.32,201708.78017164
2026-09-08 08:00:00,2.319,2.33,2.293,2.309,176738.01445303
2026-09-08 09:00:00,2.308,2.353,2.306,2.338,210480.58324487
2026-09-08 10:00:00,2.336,2.339,2.309,2.309,147514.54537543
2026-09-08 11:00:00,2.31,2.315,2.271,2.281,223690.56871699
2026-09-08 12:00:00,2.282,2.299,2.273,2.295,139269.64537165
2026-09-08 13:00:00,2.293,2.31,2.244,2.296,389958.32248809
2026-09-08 14:00:00,2.297,2.359,2.289,2.358,401150.03884232
2026-09-08 15:00:00,2.36,2.441,2.345,2.415,995060.28107878
2026-09-08 16:00:00,2.414,2.42,2.368,2.386,241030.14951622
2026-09-08 17:00:00,2.387,2.389,2.34,2.347,121199.24250301
2026-09-08 18:00:00,2.347,2.378,2.329,2.344,183021.33821099
2026-09-08 19:00:00,2.345,2.366,2.317,2.328,196378.62925703
2026-09-08 20:00:00,2.329,2.351,2.301,2.312,262276.0539916
2026-09-08 21:00:00,2.31,2.333,2.283,2.297,144439.24892935
2026-09-08 22:00:00,2.296,2.323,2.293,2.312,97140.87973758
2026-09-08 23:00:00,2.31,2.323,2.298,2.319,124904.08499321
2026-09-09 00:00:00,2.321,2.364,2.321,2.339,213616.06377518
2026-09-09 01:00:00,2.34,2.349,2.314,2.329,102335.71917119
2026-09-09 02:00:00,2.33,2.33,2.281,2.284,94850.21417229
2026-09-09 03:00:00,2.285,2.288,2.258,2.274,152761.76393431
2026-09-09 04:00:00,2.275,2.345,2.275,2.338,200834.82478489
2026-09-09 05:00:00,2.338,2.37,2.315,2.33,282840.3099343
2026-09-09 06:00:00,2.329,2.401,2.322,2.395,386823.99139929
2026-09-09 07:00:00,2.394,2.473,2.384,2.436,451435.06048958
2026-09-09 08:00:00,2.437,2.491,2.422,2.47,225236.26774954
2026-09-09 09:00:00,2.472,2.479,2.424,2.43,323680.44535235
2026-09-09 10:00:00,2.43,2.555,2.428,2.545,615060.63023163
2026-09-09 11:00:00,2.544,2.61,2.498,2.595,427039.69089629
2026-09-09 12:00:00,2.593,2.634,2.591,2.602,513754.96309995
2026-09-09 13:00:00,2.602,2.619,2.567,2.577,333148.44015882
2026-09-09 14:00:00,2.575,2.645,2.564,2.617,514816.8166401
2026-09-09 15:00:00,2.617,2.64,2.528,2.591,619169.9904729
2026-09-09 16:00:00,2.591,2.623,2.574,2.6,432667.82037104
2026-09-09 17:00:00,2.598,2.65,2.598,2.621,284160.71394575
2026-09-09 18:00:00,2.623,2.631,2.582,2.588,191244.33822694
2026-09-09 19:00:00,2.588,2.59,2.499,2.512,294172.66660504
2026-09-09 20:00:00,2.512,2.52,2.484,2.506,183387.84504867
2026-09-09 21:00:00,2.506,2.511,2.443,2.452,168623.10250872
2026-09-09 22:00:00,2.454,2.481,2.426,2.445,212394.36988346
2026-09-09 23:00:00,2.444,2.492,2.444,2.485,117628.79271864
2026-09-10 00:00:00,2.484,2.499,2.451,2.457,181952.63521854
2026-09-10 01:00:00,2.455,2.494,2.426,2.454,226267.65480058
2026-09-10 02:00:00,2.452,2.49,2.428,2.49,172421.51016025
2026-09-10 03:00:00,2.491,2.545,2.49,2.537,425822.23459359
2026-09-10 04:00:00,2.537,2.552,2.509,2.521,145956.38399094
2026-09-10 05:00:00,2.52,2.527,2.481,2.496,165705.58599683
2026-09-10 06:00:00,2.497,2.504,2.449,2.491,276384.93615576
2026-09-10 07:00:00,2.492,2.492,2.393,2.423,349053.78642036
2026-09-10 08:00:00,2.421,2.442,2.413,2.414,99885.0355587
2026-09-10 09:00:00,2.414,2.426,2.38,2.402,134444.38615241
2026-09-10 10:00:00,2.402,2.425,2.399,2.404,118768.60275138
2026-09-10 11:00:00,2.403,2.438,2.397,2.41,183412.12099811
2026-09-10 12:00:00,2.408,2.43,2.357,2.403,359192.86789416
2026-09-10 13:00:00,2.402,2.442,2.378,2.434,400152.84928801
2026-09-10 14:00:00,2.434,2.451,2.393,2.42,222022.48166352
2026-09-10 15:00:00,2.419,2.478,2.402,2.473,294988.83986863
2026-09-10 16:00:00,2.472,2.482,2.418,2.481,211949.7288635
2026-09-10 17:00:00,2.478,2.52,2.47,2.494,214692.63141455
2026-09-10 18:00:00,2.496,2.53,2.479,2.517,137621.0293776
2026-09-10 19:00:00,2.512,2.516,2.461,2.471,144046.4839909
2026-09-10 20:00:00,2.473,2.537,2.472,2.513,178532.01383173
2026-09-10 21:00:00,2.512,2.543,2.502,2.511,137115.05085315
2026-09-10 22:00:00,2.513,2.543,2.476,2.482,115498.540994
2026-09-10 23:00:00,2.482,2.496,2.429,2.443,164553.5264075
2026-09-11 00:00:00,2.445,2.506,2.444,2.502,216527.48359995
2026-09-11 01:00:00,2.501,2.526,2.414,2.418,270609.67862719
2026-09-11 02:00:00,2.418,2.427,2.383,2.386,143296.74147642
2026-09-11 03:00:00,2.388,2.423,2.379,2.42,193389.54495994
2026-09-11 04:00:00,2.421,2.468,2.411,2.457,140004.75563014
2026-09-11 05:00:00,2.458,2.471,2.442,2.471,210436.73039478
2026-09-11 06:00:00,2.469,2.5,2.464,2.479,219816.95657012
2026-09-11 07:00:00,2.479,2.522,2.446,2.455,216564.49600244
2026-09-11 08:00:00,2.454,2.502,2.426,2.474,244181.29280784
2026-09-11 09:00:00,2.472,2.474,2.431,2.469,176085.54679656
2026-09-11 10:00:00,2.467,2.505,2.457,2.486,78251.0005312
