timestamp,open,high,low,close,volume
2025-09-11 11:00:00,0.7824,0.7842,0.7766,0.7774,210980.808
2025-09-11 12:00:00,0.7777,0.7925,0.766,0.7792,1589271.2331
2025-09-11 13:00:00,0.7793,0.7827,0.7692,0.7823,343753.1714
2025-09-11 14:00:00,0.7823,0.7826,0.7675,0.7739,465888.109
2025-09-11 15:00:00,0.7738,0.7767,0.7693,0.7699,155164.2437
2025-09-11 16:00:00,0.7701,0.7772,0.7694,0.7726,208037.4632
2025-09-11 17:00:00,0.7724,0.7799,0.7713,0.7781,354982.0929
2025-09-11 18:00:00,0.7783,0.7795,0.7754,0.7777,104770.5975
2025-09-11 19:00:00,0.7776,0.7825,0.7756,0.7807,125516.6783
2025-09-11 20:00:00,0.7811,0.7838,0.7786,0.7812,97381.2207
2025-09-11 21:00:00,0.7811,0.7849,0.7804,0.7837,105956.0552
2025-09-11 22:00:00,0.7842,0.7894,0.7837,0.788,236917.9636
2025-09-11 23:00:00,0.788,0.7917,0.788,0.79,119829.1718
2025-09-12 00:00:00,0.7901,0.7997,0.7874,0.7948,567956.477
2025-09-12 01:00:00,0.7948,0.7979,0.7864,0.7867,575717.1659
2025-09-12 02:00:00,0.7866,0.7907,0.7844,0.7852,259130.568
2025-09-12 03:00:00,0.7853,0.7858,0.7781,0.7817,275344.4566
2025-09-12 04:00:00,0.7813,0.7834,0.7785,0.7808,291829.6286
2025-09-12 05:00:00,0.7806,0.7895,0.7792,0.7895,381175.8493
2025-09-12 06:00:00,0.7894,0.7905,0.7821,0.7833,330869.089
2025-09-12 07:00:00,0.7832,0.7888,0.7808,0.7821,668469.4887
2025-09-12 08:00:00,0.7823,0.783,0.7763,0.7799,350042.9662
2025-09-12 09:00:00,0.7798,0.7802,0.7725,0.7747,423711.7491
2025-09-12 10:00:00,0.7745,0.7763,0.7708,0.7756,271572.7726
2025-09-12 11:00:00,0.7753,0.7788,0.7713,0.7718,169001.5362
2025-09-12 12:00:00,0.7719,0.777,0.768,0.7756,257431.042
2025-09-12 13:00:00,0.7758,0.7796,0.7741,0.7791,169398.1684
2025-09-12 14:00:00,0.7791,0.7853,0.7766,0.7813,318658.8373
2025-09-12 15:00:00,0.7812,0.7816,0.7725,0.777,1155967.5454
2025-09-12 16:00:00,0.7771,0.7906,0.7771,0.7902,805758.5466
2025-09-12 17:00:00,0.7902,0.8022,0.7884,0.7982,769803.5047
2025-09-12 18:00:00,0.7983,0.8088,0.797,0.805,563547.1469
2025-09-12 19:00:00,0.8051,0.8052,0.7998,0.8037,216660.8269
2025-09-12 20:00:00,0.8036,0.8043,0.7973,0.8022,216358.5381
2025-09-12 21:00:00,0.8024,0.8024,0.796,0.7983,187588.2712
2025-09-12 22:00:00,0.7987,0.8083,0.7987,0.8031,416434.6805
2025-09-12 23:00:00,0.803,0.8042,0.7998,0.8011,204224.9315
2025-09-13 00:00:00,0.8013,0.8031,0.7966,0.8029,283570.1307
2025-09-13 01:00:00,0.8029,0.8088,0.7985,0.7989,429107.1236
2025-09-13 02:00:00,0.7988,0.8054,0.7952,0.8049,314727.2827
2025-09-13 03:00:00,0.8049,0.8089,0.8033,0.8063,268429.9776
2025-09-13 04:00:00,0.8064,0.8086,0.8042,0.8042,225779.8604
2025-09-13 05:00:00,0.8043,0.8086,0.8021,0.8086,170479.732
2025-09-13 06:00:00,0.8087,0.8153,0.8086,0.8133,422538.7474
2025-09-13 07:00:00,0.8133,0.8136,0.8082,0.8084,167685.9801
2025-09-13 08:00:00,0.8086,0.8177,0.8083,0.8177,560619.322
2025-09-13 09:00:00,0.8175,0.827,0.8146,0.8262,1311331.5281
2025-09-13 10:00:00,0.8262,0.834,0.8235,0.8261,912665.7035
2025-09-13 11:00:00,0.8262,0.8323,0.8206,0.8316,215122.6202
2025-09-13 12:00:00,0.8318,0.8338,0.8263,0.8321,273139.5329
2025-09-13 13:00:00,0.8321,0.8358,0.8095,0.8205,872893.5694
2025-09-13 14:00:00,0.8204,0.8266,0.8128,0.8239,627348.0396
2025-09-13 15:00:00,0.824,0.8325,0.8184,0.8231,1158713.6851
2025-09-13 16:00:00,0.8233,0.8273,0.8128,0.816,490193.1437
2025-09-13 17:00:00,0.8161,0.8197,0.8063,0.8193,325489.027
2025-09-13 18:00:00,0.8192,0.8199,0.8137,0.8195,307657.8326
2025-09-13 19:00:00,0.8196,0.8208,0.8142,0.8192,190354.2828
2025-09-13 20:00:00,0.8191,0.8265,0.8185,0.8239,152288.4668
2025-09-13 21:00:00,0.8237,0.8266,0.8233,0.8238,66536.3712
2025-09-13 22:00:00,0.8243,0.8259,0.821,0.8226,99541.9698
2025-09-13 23:00:00,0.8226,0.824,0.8193,0.8203,123563.0822
2025-09-14 00:00:00,0.8202,0.8221,0.8097,0.8125,161403.6047
2025-09-14 01:00:00,0.8123,0.8133,0.8029,0.8133,341775.9621
2025-09-14 02:00:00,0.8132,0.8188,0.8113,0.8175,93429.256
2025-09-14 03:00:00,0.8173,0.8181,0.8032,0.8045,189516.1154
2025-09-14 04:00:00,0.8041,0.8081,0.797,0.8062,512791.7395
2025-09-14 05:00:00,0.8062,0.8142,0.8057,0.8136,107271.8589
2025-09-14 06:00:00,0.8137,0.8156,0.8045,0.8081,89869.4106
2025-09-14 07:00:00,0.808,0.809,0.8013,0.8043,192007.0004
2025-09-14 08:00:00,0.8039,0.8067,0.8001,0.8035,233775.0419
2025-09-14 09:00:00,0.8034,0.8087,0.8017,0.8061,219738.5784
2025-09-14 10:00:00,0.8059,0.8065,0.8026,0.8043,130456.8811
2025-09-14 11:00:00,0.8044,0.8051,0.7873,0.7894,704123.8302
2025-09-14 12:00:00,0.7896,0.7955,0.7824,0.7857,495173.9515
2025-09-14 13:00:00,0.7859,0.7879,0.7765,0.7797,556058.8699
2025-09-14 14:00:00,0.7797,0.7853,0.7704,0.7747,785211.8621
2025-09-14 15:00:00,0.7746,0.7781,0.7687,0.7758,565488.5281
2025-09-14 16:00:00,0.7753,0.784,0.7743,0.7804,256466.0265
2025-09-14 17:00:00,0.7802,0.7894,0.7796,0.7877,289534.7525
2025-09-14 18:00:00,0.7875,0.7877,0.782,0.784,86704.372
2025-09-14 19:00:00,0.7838,0.7885,0.7815,0.7848,148999.0919
2025-09-14 20:00:00,0.7849,0.7898,0.7846,0.7881,53607.6849
2025-09-14 21:00:00,0.7883,0.7917,0.7837,0.7895,189959.0491
2025-09-14 22:00:00,0.79,0.7965,0.7868,0.7944,267930.6308
2025-09-14 23:00:00,0.7941,0.7942,0.7836,0.7855,116242.8672
2025-09-15 00:00:00,0.7854,0.7917,0.7842,0.7843,158782.914
2025-09-15 01:00:00,0.7844,0.7897,0.7759,0.7874,244667.0706
2025-09-15 02:00:00,0.7872,0.7926,0.7858,0.786,159953.9814
2025-09-15 03:00:00,0.7866,0.8006,0.786,0.799,277616.3697
2025-09-15 04:00:00,0.799,0.8057,0.797,0.7973,308912.0884
2025-09-15 05:00:00,0.7975,0.8076,0.7967,0.8035,292873.4316
2025-09-15 06:00:00,0.8036,0.8038,0.7809,0.785,449084.5266
2025-09-15 07:00:00,0.7848,0.7922,0.7722,0.7735,743908.0917
2025-09-15 08:00:00,0.7734,0.7734,0.7461,0.7469,2507422.9624
2025-09-15 09:00:00,0.7474,0.7577,0.7462,0.755,602741.0318
2025-09-15 10:00:00,0.7549,0.755,0.7467,0.7527,557047.179
2025-09-15 11:00:00,0.7528,0.7545,0.7467,0.7502,235772.4677
2025-09-15 12:00:00,0.7499,0.7531,0.7442,0.7455,260841.136
2025-09-15 13:00:00,0.7451,0.7531,0.7433,0.7475,428612.7216
2025-09-15 14:00:00,0.748,0.7523,0.7411,0.7416,577479.0029
2025-09-15 15:00:00,0.7417,0.7449,0.7339,0.7396,507083.2798
2025-09-15 16:00:00,0.7392,0.7409,0.7321,0.7342,194166.6926
2025-09-15 17:00:00,0.7335,0.7406,0.7313,0.7405,224194.9159
2025-09-15 18:00:00,0.7402,0.741,0.7356,0.7397,178822.7526
2025-09-15 19:00:00,0.7395,0.7437,0.7363,0.7404,335958.1758
2025-09-15 20:00:00,0.7405,0.7443,0.7392,0.7437,99230.6633
2025-09-15 21:00:00,0.744,0.745,0.7413,0.7441,60143.0842
2025-09-15 22:00:00,0.7445,0.7456,0.74,0.7423,72866.0647
2025-09-15 23:00:00,0.7423,0.7455,0.7408,0.7434,88230.4432
2025-09-16 00:00:00,0.7436,0.7436,0.7396,0.7424,91976.7076
2025-09-16 01:00:00,0.7426,0.7471,0.7392,0.7392,141053.6558
2025-09-16 02:00:00,0.7395,0.7429,0.7392,0.7395,72407.2344
2025-09-16 03:00:00,0.7396,0.743,0.7384,0.7399,43516.7849
2025-09-16 04:00:00,0.7403,0.7408,0.7322,0.7408,241320.125
2025-09-16 05:00:00,0.7408,0.7489,0.7394,0.7488,249681.6453
2025-09-16 06:00:00,0.749,0.7516,0.7426,0.7456,164892.4568
2025-09-16 07:00:00,0.7458,0.7575,0.7458,0.7522,312616.0749
2025-09-16 08:00:00,0.7524,0.7624,0.7517,0.7608,499289.2282
2025-09-16 09:00:00,0.7608,0.7614,0.7557,0.7611,246221.4074
2025-09-16 10:00:00,0.7606,0.7622,0.7541,0.7543,145161.0167
2025-09-16 11:00:00,0.7545,0.758,0.7517,0.7562,173812.7803
2025-09-16 12:00:00,0.7564,0.7596,0.7552,0.7566,157313.6116
2025-09-16 13:00:00,0.7571,0.7655,0.7486,0.7574,698037.6348
2025-09-16 14:00:00,0.7578,0.7587,0.7457,0.7571,555585.0119
2025-09-16 15:00:00,0.7571,0.7676,0.7538,0.7673,450095.8364
2025-09-16 16:00:00,0.7674,0.768,0.7601,0.7633,397081.964
2025-09-16 17:00:00,0.7633,0.7762,0.7633,0.7705,869114.2601
2025-09-16 18:00:00,0.7705,0.7757,0.7702,0.7742,267228.6017
2025-09-16 19:00:00,0.7743,0.7785,0.7724,0.7773,242781.1697
2025-09-16 20:00:00,0.7774,0.7795,0.7745,0.7771,147374.1815
2025-09-16 21:00:00,0.7773,0.7806,0.7758,0.7805,172375.902
2025-09-16 22:00:00,0.7807,0.7874,0.7799,0.7851,370943.4534
2025-09-16 23:00:00,0.7851,0.7853,0.7779,0.779,408382.5469
2025-09-17 00:00:00,0.779,0.7826,0.7769,0.7777,214352.5791
2025-09-17 01:00:00,0.7779,0.7794,0.774,0.7774,228009.994
2025-09-17 02:00:00,0.7775,0.787,0.7752,0.7819,375910.635
2025-09-17 03:00:00,0.7827,0.7857,0.7761,0.7772,253296.2449
2025-09-17 04:00:00,0.7773,0.781,0.7686,0.7723,443536.181
2025-09-17 05:00:00,0.7721,0.7792,0.7702,0.7791,216829.2888
2025-09-17 06:00:00,0.7789,0.7836,0.7752,0.7833,202398.3282
2025-09-17 07:00:00,0.7833,0.7833,0.7765,0.7778,237867.9166
2025-09-17 08:00:00,0.7779,0.778,0.7707,0.7745,194669.7861
2025-09-17 09:00:00,0.7743,0.7753,0.7659,0.7659,160918.7448
2025-09-17 10:00:00,0.7659,0.7684,0.7619,0.7639,390376.4955
2025-09-17 11:00:00,0.7637,0.7704,0.7637,0.7671,183464.4839
2025-09-17 12:00:00,0.7672,0.7706,0.763,0.7679,336493.6578
2025-09-17 13:00:00,0.7676,0.7694,0.7629,0.7662,89324.4987
2025-09-17 14:00:00,0.7663,0.7684,0.7618,0.7638,86395.74
2025-09-17 15:00:00,0.764,0.7655,0.761,0.7627,237969.3225
2025-09-17 16:00:00,0.7625,0.7685,0.7569,0.7676,705202.975
2025-09-17 17:00:00,0.7676,0.7786,0.7628,0.7641,526998.5836
2025-09-17 18:00:00,0.7629,0.7813,0.7593,0.7677,1431350.512
2025-09-17 19:00:00,0.7678,0.7944,0.7674,0.7932,820981.4878
2025-09-17 20:00:00,0.7934,0.8048,0.791,0.793,754223.9676
2025-09-17 21:00:00,0.7932,0.816,0.7855,0.8102,753509.1661
2025-09-17 22:00:00,0.8105,0.817,0.8105,0.815,466469.7986
2025-09-17 23:00:00,0.8148,0.8196,0.8103,0.8122,430213.5392
2025-09-18 00:00:00,0.8124,0.8272,0.8099,0.8126,1351321.1619
2025-09-18 01:00:00,0.8126,0.8188,0.8111,0.8144,283986.5537
2025-09-18 02:00:00,0.8144,0.8149,0.808,0.8141,474938.6582
2025-09-18 03:00:00,0.8146,0.8246,0.8118,0.8194,605580.3902
2025-09-18 04:00:00,0.8198,0.8266,0.8164,0.8236,468873.4957
2025-09-18 05:00:00,0.8235,0.8241,0.8172,0.8183,444258.971
2025-09-18 06:00:00,0.8185,0.8197,0.8052,0.8103,1410827.2821
2025-09-18 07:00:00,0.8104,0.8176,0.8104,0.8117,347735.1581
2025-09-18 08:00:00,0.8117,0.8166,0.8094,0.8132,205953.2477
2025-09-18 09:00:00,0.813,0.8145,0.8104,0.8133,156008.2196
2025-09-18 10:00:00,0.8133,0.8143,0.8057,0.8093,356916.9535
2025-09-18 11:00:00,0.8091,0.8157,0.8084,0.8153,219242.8779
2025-09-18 12:00:00,0.8156,0.819,0.8128,0.8157,211393.8537
2025-09-18 13:00:00,0.8156,0.8199,0.8119,0.8193,373528.6288
2025-09-18 14:00:00,0.8198,0.8305,0.817,0.8192,812828.8569
2025-09-18 15:00:00,0.8192,0.8257,0.8179,0.8219,315234.1112
2025-09-18 16:00:00,0.8223,0.8294,0.8219,0.8257,279174.1834
2025-09-18 17:00:00,0.826,0.8341,0.8245,0.8333,583064.2812
2025-09-18 18:00:00,0.8333,0.8382,0.8296,0.8369,276240.8145
2025-09-18 19:00:00,0.8368,0.8373,0.8257,0.8309,146333.5393
2025-09-18 20:00:00,0.8309,0.8344,0.8302,0.833,149475.3919
2025-09-18 21:00:00,0.8331,0.8383,0.8301,0.8365,101389.1534
2025-09-18 22:00:00,0.8361,0.8396,0.8327,0.8331,134401.7995
2025-09-18 23:00:00,0.8332,0.8338,0.8262,0.8315,249405.6351
2025-09-19 00:00:00,0.8316,0.8505,0.8316,0.8493,1484198.6846
2025-09-19 01:00:00,0.8495,0.8561,0.8442,0.8467,644333.0645
2025-09-19 02:00:00,0.8465,0.8554,0.8425,0.8457,485045.1272
2025-09-19 03:00:00,0.8459,0.8503,0.834,0.8345,591445.6826
2025-09-19 04:00:00,0.8344,0.8365,0.8207,0.8359,714192.8451
2025-09-19 05:00:00,0.836,0.837,0.8264,0.8321,252405.0965
2025-09-19 06:00:00,0.8321,0.834,0.8238,0.8245,290772.1686
2025-09-19 07:00:00,0.8244,0.8341,0.8212,0.8316,365796.2075
2025-09-19 08:00:00,0.8316,0.8363,0.8255,0.8269,317220.714
2025-09-19 09:00:00,0.8271,0.8352,0.8211,0.8247,324183.9265
2025-09-19 10:00:00,0.8242,0.8251,0.8151,0.8199,917624.6687
2025-09-19 11:00:00,0.8198,0.8198,0.8061,0.8106,873274.6045
2025-09-19 12:00:00,0.8106,0.8163,0.8091,0.8102,299013.4722
2025-09-19 13:00:00,0.8101,0.8166,0.8088,0.8128,345711.982
2025-09-19 14:00:00,0.8127,0.8153,0.8014,0.806,880280.0739
2025-09-19 15:00:00,0.8059,0.8067,0.7915,0.8027,1219881.4885
2025-09-19 16:00:00,0.8025,0.8087,0.8016,0.8058,299121.3379
2025-09-19 17:00:00,0.806,0.8063,0.7961,0.7972,326480.4228
2025-09-19 18:00:00,0.7972,0.799,0.7917,0.7955,171246.796
2025-09-19 19:00:00,0.7957,0.8005,0.7944,0.7947,133138.5391
2025-09-19 20:00:00,0.7946,0.7999,0.7941,0.7944,58322.1313
2025-09-19 21:00:00,0.7945,0.7989,0.7922,0.7984,128865.0416
2025-09-19 22:00:00,0.7983,0.7994,0.7964,0.7969,166148.0653
2025-09-19 23:00:00,0.7965,0.7968,0.7844,0.7918,324721.4704
2025-09-20 00:00:00,0.7917,0.7984,0.7887,0.7984,390462.6136
2025-09-20 01:00:00,0.7983,0.7983,0.7907,0.7931,183820.0889
2025-09-20 02:00:00,0.7929,0.7948,0.7859,0.794,227012.9873
2025-09-20 03:00:00,0.794,0.7971,0.7916,0.7959,191815.6662
2025-09-20 04:00:00,0.7957,0.8042,0.7943,0.7998,192428.8686
2025-09-20 05:00:00,0.8,0.8043,0.7998,0.8034,166973.3339
2025-09-20 06:00:00,0.8033,0.8103,0.8016,0.8064,396605.8928
2025-09-20 07:00:00,0.8062,0.8095,0.8037,0.8077,174284.2211
2025-09-20 08:00:00,0.8072,0.808,0.7991,0.7995,464660.4615
2025-09-20 09:00:00,0.7994,0.8016,0.7955,0.7965,269458.7518
2025-09-20 10:00:00,0.7966,0.8023,0.7951,0.7956,356560.5012
2025-09-20 11:00:00,0.7953,0.8012,0.7946,0.8012,164445.5089
2025-09-20 12:00:00,0.8012,0.8034,0.799,0.8034,225659.5941
2025-09-20 13:00:00,0.8034,0.8053,0.7998,0.8036,187546.921
2025-09-20 14:00:00,0.8037,0.8181,0.7995,0.8163,253380.2922
2025-09-20 15:00:00,0.8166,0.8266,0.8154,0.8176,655566.7551
2025-09-20 16:00:00,0.8178,0.8218,0.8138,0.8194,330967.6605
2025-09-20 17:00:00,0.8196,0.8208,0.8122,0.8149,298568.5169
2025-09-20 18:00:00,0.8149,0.8153,0.8057,0.8063,214323.0746
2025-09-20 19:00:00,0.8062,0.8089,0.8033,0.8049,284092.6886
2025-09-20 20:00:00,0.8047,0.8111,0.8039,0.8095,151322.5859
2025-09-20 21:00:00,0.8095,0.8153,0.8087,0.8121,131298.2947
2025-09-20 22:00:00,0.8119,0.8146,0.8095,0.8136,104764.9566
2025-09-20 23:00:00,0.8134,0.8137,0.8071,0.8088,86151.1336
2025-09-21 00:00:00,0.8088,0.8163,0.8079,0.813,302247.4972
2025-09-21 01:00:00,0.8131,0.8161,0.8079,0.8089,313000.3581
2025-09-21 02:00:00,0.8088,0.8151,0.8057,0.8145,176828.8797
2025-09-21 03:00:00,0.8145,0.8158,0.8117,0.8149,109273.867
2025-09-21 04:00:00,0.8154,0.8156,0.8047,0.8062,347118.473
2025-09-21 05:00:00,0.8063,0.8139,0.8057,0.8139,193616.2217
2025-09-21 06:00:00,0.814,0.8187,0.8139,0.8148,253313.5521
2025-09-21 07:00:00,0.8146,0.8198,0.8121,0.8128,181163.1162
2025-09-21 08:00:00,0.8129,0.8142,0.8036,0.8043,311538.4505
2025-09-21 09:00:00,0.8042,0.8052,0.787,0.7951,638659.4864
2025-09-21 10:00:00,0.7949,0.7986,0.7916,0.7916,155885.3882
2025-09-21 11:00:00,0.7915,0.7983,0.7908,0.7952,119817.8788
2025-09-21 12:00:00,0.7954,0.8023,0.7949,0.7968,256256.2277
2025-09-21 13:00:00,0.7968,0.7997,0.7951,0.7977,168351.1812
2025-09-21 14:00:00,0.7975,0.7991,0.7893,0.7893,542588.6628
2025-09-21 15:00:00,0.7892,0.7921,0.7867,0.788,553252.8787
2025-09-21 16:00:00,0.7879,0.7896,0.7782,0.7813,525820.4457
2025-09-21 17:00:00,0.7814,0.7872,0.7766,0.7866,162468.7558
2025-09-21 18:00:00,0.7866,0.789,0.7843,0.7889,120663.0715
2025-09-21 19:00:00,0.7891,0.7891,0.7817,0.7856,92459.7736
2025-09-21 20:00:00,0.7852,0.7854,0.7801,0.7807,113475.9455
2025-09-21 21:00:00,0.7808,0.7839,0.7794,0.7815,51458.7678
2025-09-21 22:00:00,0.7813,0.7853,0.7767,0.7848,166856.9555
2025-09-21 23:00:00,0.7845,0.7845,0.7782,0.7786,109899.6184
2025-09-22 00:00:00,0.7786,0.7815,0.7528,0.7555,1215423.2186
2025-09-22 01:00:00,0.7553,0.7613,0.7497,0.7542,602930.2692
2025-09-22 02:00:00,0.7542,0.7571,0.7346,0.7405,1162689.1305
2025-09-22 03:00:00,0.7406,0.7485,0.7402,0.7464,539798.3139
2025-09-22 04:00:00,0.7467,0.7508,0.7436,0.7475,317796.5552
2025-09-22 05:00:00,0.7474,0.7486,0.7323,0.7329,507430.6888
2025-09-22 06:00:00,0.7326,0.7329,0.6808,0.7165,6476580.9092
2025-09-22 07:00:00,0.7166,0.7185,0.7089,0.7095,664570.5185
2025-09-22 08:00:00,0.7097,0.7123,0.7025,0.7082,409010.7513
2025-09-22 09:00:00,0.7083,0.7084,0.6996,0.7004,442060.6184
2025-09-22 10:00:00,0.7007,0.7117,0.6996,0.7117,489724.0683
2025-09-22 11:00:00,0.7114,0.7122,0.7032,0.7048,284590.8471
2025-09-22 12:00:00,0.7051,0.7083,0.7018,0.7051,214488.1588
2025-09-22 13:00:00,0.705,0.7084,0.7008,0.708,492321.6525
2025-09-22 14:00:00,0.7083,0.7094,0.696,0.6988,1259832.4505
2025-09-22 15:00:00,0.6987,0.7005,0.6929,0.6938,814955.703
2025-09-22 16:00:00,0.6938,0.6977,0.6914,0.6939,506994.3208
2025-09-22 17:00:00,0.6943,0.7002,0.6908,0.698,531700.5606
2025-09-22 18:00:00,0.6981,0.6998,0.6944,0.6945,148346.3432
2025-09-22 19:00:00,0.6946,0.6961,0.6869,0.6885,405891.7984
2025-09-22 20:00:00,0.6885,0.6979,0.688,0.6968,166132.0699
2025-09-22 21:00:00,0.697,0.7009,0.6941,0.6999,160373.9683
2025-09-22 22:00:00,0.7001,0.7012,0.6976,0.7008,276435.1289
2025-09-22 23:00:00,0.7008,0.7038,0.6997,0.7037,213293.4816
2025-09-23 00:00:00,0.7032,0.7066,0.6987,0.6988,154506.254
2025-09-23 01:00:00,0.699,0.7018,0.6945,0.6945,302830.1082
2025-09-23 02:00:00,0.6951,0.6985,0.689,0.6893,305839.2554
2025-09-23 03:00:00,0.6892,0.705,0.6837,0.7024,703180.2432
2025-09-23 04:00:00,0.7026,0.7054,0.6954,0.6987,282895.3048
2025-09-23 05:00:00,0.6987,0.7022,0.6946,0.6991,211259.4121
2025-09-23 06:00:00,0.6991,0.7125,0.6987,0.7116,254838.8251
2025-09-23 07:00:00,0.7116,0.7131,0.7074,0.7074,197857.8116
2025-09-23 08:00:00,0.7078,0.7103,0.7056,0.7057,349292.4819
2025-09-23 09:00:00,0.7056,0.7091,0.6996,0.7007,233540.0067
2025-09-23 10:00:00,0.7007,0.7058,0.6994,0.7045,99830.5819
2025-09-23 11:00:00,0.7041,0.7044,0.7,0.7029,173250.6359
2025-09-23 12:00:00,0.7028,0.7062,0.6998,0.7025,197540.6874
2025-09-23 13:00:00,0.7021,0.7058,0.6997,0.7021,202578.0501
2025-09-23 14:00:00,0.7019,0.7083,0.6992,0.7002,352933.6332
2025-09-23 15:00:00,0.7002,0.7068,0.6959,0.7007,557651.7469
2025-09-23 16:00:00,0.7007,0.7078,0.6975,0.7049,451978.2967
2025-09-23 17:00:00,0.705,0.7052,0.692,0.6938,357721.4186
2025-09-23 18:00:00,0.6934,0.6959,0.6889,0.6906,231352.6701
2025-09-23 19:00:00,0.6908,0.6958,0.6865,0.6883,179951.7172
2025-09-23 20:00:00,0.6883,0.6931,0.6868,0.6931,130493.812
2025-09-23 21:00:00,0.6931,0.6944,0.6893,0.6928,130740.2013
2025-09-23 22:00:00,0.6928,0.6928,0.6868,0.6877,100887.1892
2025-09-23 23:00:00,0.6876,0.688,0.68,0.6825,203036.0654
2025-09-24 00:00:00,0.6828,0.692,0.6822,0.6887,221844.615
2025-09-24 01:00:00,0.6888,0.6986,0.6872,0.6983,237221.2909
2025-09-24 02:00:00,0.698,0.6987,0.6933,0.6958,205103.1364
2025-09-24 03:00:00,0.6961,0.6972,0.6821,0.6847,402129.5193
2025-09-24 04:00:00,0.6845,0.6958,0.673,0.6902,1018597.6824
2025-09-24 05:00:00,0.6902,0.7048,0.6896,0.7039,504566.1357
2025-09-24 06:00:00,0.7039,0.7048,0.6998,0.7034,320020.4445
2025-09-24 07:00:00,0.7035,0.7039,0.698,0.7022,191003.2658
2025-09-24 08:00:00,0.702,0.7031,0.6987,0.7004,181234.8781
2025-09-24 09:00:00,0.7003,0.7045,0.6991,0.7033,217537.1189
2025-09-24 10:00:00,0.7032,0.7056,0.7006,0.7053,566862.5141
2025-09-24 11:00:00,0.705,0.7084,0.704,0.7061,335559.158
2025-09-24 12:00:00,0.7062,0.708,0.7041,0.7061,195215.7879
2025-09-24 13:00:00,0.7062,0.7104,0.7002,0.7003,259089.9339
2025-09-24 14:00:00,0.7003,0.7099,0.7003,0.7057,305540.6901
2025-09-24 15:00:00,0.7058,0.7067,0.694,0.6951,673660.1392
2025-09-24 16:00:00,0.6953,0.6975,0.6923,0.6953,346554.9211
2025-09-24 17:00:00,0.6953,0.6988,0.6932,0.6941,313090.9532
2025-09-24 18:00:00,0.6941,0.6941,0.6896,0.6913,148914.505
2025-09-24 19:00:00,0.6918,0.6923,0.687,0.6897,155029.5315
2025-09-24 20:00:00,0.6898,0.6909,0.6851,0.6885,111747.3312
2025-09-24 21:00:00,0.6883,0.6884,0.68,0.6812,324903.5189
2025-09-24 22:00:00,0.6814,0.6853,0.6802,0.681,243090.3777
2025-09-24 23:00:00,0.6808,0.6836,0.68,0.6822,315301.0292
2025-09-25 00:00:00,0.6821,0.6835,0.6756,0.6764,288024.6829
2025-09-25 01:00:00,0.6763,0.6792,0.6743,0.6774,365699.474
2025-09-25 02:00:00,0.6775,0.6859,0.6719,0.683,483036.5664
2025-09-25 03:00:00,0.683,0.683,0.6713,0.6787,406306.4894
2025-09-25 04:00:00,0.6783,0.6802,0.6623,0.6686,1024892.8431
2025-09-25 05:00:00,0.6683,0.6773,0.6652,0.6733,297714.9576
2025-09-25 06:00:00,0.6738,0.6745,0.666,0.6664,270061.7979
2025-09-25 07:00:00,0.6666,0.6715,0.6658,0.6674,456875.637
2025-09-25 08:00:00,0.6677,0.6734,0.6671,0.671,385050.2879
2025-09-25 09:00:00,0.671,0.6768,0.6687,0.6691,542741.7883
2025-09-25 10:00:00,0.6691,0.6761,0.6689,0.671,211038.126
2025-09-25 11:00:00,0.671,0.6732,0.6652,0.668,358310.7063
2025-09-25 12:00:00,0.6681,0.6733,0.6556,0.6684,1381658.2636
2025-09-25 13:00:00,0.6687,0.6741,0.6618,0.6679,473399.9837
2025-09-25 14:00:00,0.6681,0.6788,0.6681,0.6699,428884.9283
2025-09-25 15:00:00,0.6697,0.6711,0.6656,0.6694,202378.2856
2025-09-25 16:00:00,0.6693,0.6698,0.6529,0.6549,924282.4095
2025-09-25 17:00:00,0.6544,0.6549,0.6336,0.6379,1907735.5234
2025-09-25 18:00:00,0.6373,0.6563,0.6339,0.6562,786450.7521
2025-09-25 19:00:00,0.6556,0.6599,0.6514,0.6522,321616.5674
2025-09-25 20:00:00,0.6524,0.6531,0.6434,0.6449,145379.5151
2025-09-25 21:00:00,0.6444,0.6511,0.6403,0.6471,243987.7686
2025-09-25 22:00:00,0.6466,0.6503,0.6403,0.6432,137733.2885
2025-09-25 23:00:00,0.6433,0.6467,0.6344,0.6412,377097.4076
2025-09-26 00:00:00,0.6413,0.6524,0.6398,0.651,431293.7607
2025-09-26 01:00:00,0.6514,0.6536,0.6478,0.6504,275868.0792
2025-09-26 02:00:00,0.6504,0.6536,0.6464,0.6488,276477.4253
2025-09-26 03:00:00,0.6486,0.6525,0.6468,0.6518,172960.8324
2025-09-26 04:00:00,0.6522,0.6544,0.6486,0.6492,163568.0229
2025-09-26 05:00:00,0.6496,0.6546,0.6474,0.6483,124172.8814
2025-09-26 06:00:00,0.6486,0.6526,0.6443,0.6466,333599.4935
2025-09-26 07:00:00,0.6467,0.6516,0.6447,0.6508,199537.5849
2025-09-26 08:00:00,0.651,0.6546,0.6505,0.6516,239796.1429
2025-09-26 09:00:00,0.652,0.6534,0.6432,0.6467,366504.277
2025-09-26 10:00:00,0.6466,0.647,0.6394,0.6424,400410.3127
2025-09-26 11:00:00,0.642,0.6458,0.6377,0.6436,324612.8069
2025-09-26 12:00:00,0.6434,0.6537,0.636,0.6489,678673.5999
2025-09-26 13:00:00,0.6487,0.6573,0.6443,0.6556,401730.2412
2025-09-26 14:00:00,0.6553,0.6566,0.648,0.6501,396289.6707
2025-09-26 15:00:00,0.6506,0.6566,0.6504,0.6543,234885.2673
2025-09-26 16:00:00,0.6539,0.6626,0.6538,0.6611,257219.7841
2025-09-26 17:00:00,0.6609,0.6664,0.6586,0.6655,955612.2107
2025-09-26 18:00:00,0.6656,0.6686,0.6638,0.6662,262819.0598
2025-09-26 19:00:00,0.6661,0.6665,0.6601,0.6635,200080.5421
2025-09-26 20:00:00,0.6633,0.6657,0.6616,0.6641,122907.7378
2025-09-26 21:00:00,0.6636,0.6693,0.6632,0.6689,184992.9172
2025-09-26 22:00:00,0.6691,0.673,0.6689,0.6692,138207.4088
2025-09-26 23:00:00,0.6693,0.6701,0.6671,0.6699,127774.5475
2025-09-27 00:00:00,0.6697,0.67,0.6672,0.6695,102591.927
2025-09-27 01:00:00,0.6697,0.6697,0.6659,0.6677,165532.4622
2025-09-27 02:00:00,0.6677,0.6695,0.6663,0.667,53297.8507
2025-09-27 03:00:00,0.667,0.6694,0.6657,0.6659,108542.3118
2025-09-27 04:00:00,0.6657,0.6683,0.6655,0.6672,59084.4434
2025-09-27 05:00:00,0.6674,0.6716,0.6649,0.6714,94824.1196
2025-09-27 06:00:00,0.671,0.6729,0.6703,0.6721,319742.7682
2025-09-27 07:00:00,0.6723,0.674,0.6688,0.6691,163668.7443
2025-09-27 08:00:00,0.6689,0.6692,0.6632,0.6637,243146.7352
2025-09-27 09:00:00,0.6634,0.6711,0.6601,0.6709,260829.5102
2025-09-27 10:00:00,0.6707,0.6759,0.6688,0.6749,352196.4159
2025-09-27 11:00:00,0.6746,0.6767,0.6733,0.6756,122073.8403
2025-09-27 12:00:00,0.6757,0.676,0.669,0.6735,694276.234
2025-09-27 13:00:00,0.6735,0.6735,0.6695,0.6699,217144.3939
2025-09-27 14:00:00,0.6698,0.6714,0.6686,0.6692,122089.1429
2025-09-27 15:00:00,0.6692,0.6737,0.6655,0.6734,281100.966
2025-09-27 16:00:00,0.6734,0.6734,0.6683,0.6689,289830.5335
2025-09-27 17:00:00,0.6687,0.6689,0.6642,0.6689,194881.5053
2025-09-27 18:00:00,0.6686,0.6693,0.6651,0.6683,108701.2537
2025-09-27 19:00:00,0.668,0.6706,0.6668,0.6696,165161.8429
2025-09-27 20:00:00,0.6698,0.672,0.6693,0.6697,78722.4156
2025-09-27 21:00:00,0.6698,0.6741,0.6693,0.6737,83570.3472
2025-09-27 22:00:00,0.6735,0.6807,0.6735,0.6759,321752.0512
2025-09-27 23:00:00,0.6761,0.677,0.6725,0.6727,210662.5717
2025-09-28 00:00:00,0.673,0.6735,0.6677,0.6683,216224.504
2025-09-28 01:00:00,0.6683,0.6686,0.6631,0.6652,235971.4559
2025-09-28 02:00:00,0.6653,0.6678,0.6643,0.6666,111992.1892
2025-09-28 03:00:00,0.6665,0.668,0.6648,0.6678,149633.5505
2025-09-28 04:00:00,0.6675,0.6677,0.6643,0.6656,149516.4271
2025-09-28 05:00:00,0.6657,0.6666,0.6629,0.6635,89179.3068
2025-09-28 06:00:00,0.6633,0.6642,0.6587,0.6606,232526.0653
2025-09-28 07:00:00,0.6605,0.6624,0.6583,0.6585,228691.255
2025-09-28 08:00:00,0.6584,0.6596,0.6552,0.657,348990.9237
2025-09-28 09:00:00,0.6568,0.6596,0.6547,0.6579,142387.4486
2025-09-28 10:00:00,0.6578,0.6605,0.6549,0.6592,141718.2874
2025-09-28 11:00:00,0.6593,0.6598,0.6546,0.6567,171820.1456
2025-09-28 12:00:00,0.6566,0.6566,0.6522,0.655,90483.9571
2025-09-28 13:00:00,0.6552,0.6662,0.6544,0.6656,232485.1424
2025-09-28 14:00:00,0.6657,0.6673,0.664,0.665,104510.2035
2025-09-28 15:00:00,0.665,0.6662,0.6629,0.664,96460.5821
2025-09-28 16:00:00,0.6641,0.6699,0.6633,0.6655,97335.2521
2025-09-28 17:00:00,0.6661,0.6722,0.6648,0.6707,175527.6328
2025-09-28 18:00:00,0.6703,0.6719,0.6693,0.6718,62282.184
2025-09-28 19:00:00,0.6721,0.673,0.668,0.6709,49356.9396
2025-09-28 20:00:00,0.671,0.6766,0.6703,0.6731,111245.1137
2025-09-28 21:00:00,0.6735,0.6756,0.6719,0.6729,73669.2723
2025-09-28 22:00:00,0.6736,0.6853,0.6736,0.6839,304949.8558
2025-09-28 23:00:00,0.6843,0.6855,0.6809,0.6833,156652.9793
2025-09-29 00:00:00,0.6828,0.683,0.6793,0.6795,122760.7047
2025-09-29 01:00:00,0.6798,0.6802,0.6773,0.6773,89522.6266
2025-09-29 02:00:00,0.6774,0.6819,0.6763,0.6795,57236.6895
2025-09-29 03:00:00,0.6794,0.6816,0.6777,0.6802,79906.1883
2025-09-29 04:00:00,0.6805,0.6807,0.676,0.6764,80821.6076
2025-09-29 05:00:00,0.6765,0.6766,0.6723,0.675,90633.2354
2025-09-29 06:00:00,0.675,0.675,0.6706,0.6706,232936.2325
2025-09-29 07:00:00,0.6707,0.6756,0.6691,0.6738,139398.6096
2025-09-29 08:00:00,0.6741,0.6797,0.6725,0.6775,263355.2348
2025-09-29 09:00:00,0.6776,0.6799,0.674,0.6755,126854.4683
2025-09-29 10:00:00,0.6754,0.6777,0.67,0.6702,113388.3319
2025-09-29 11:00:00,0.6699,0.671,0.666,0.67,133439.0402
2025-09-29 12:00:00,0.6697,0.6722,0.6617,0.6629,144238.9614
2025-09-29 13:00:00,0.6626,0.6769,0.6598,0.6745,231763.7315
2025-09-29 14:00:00,0.6748,0.6859,0.674,0.6826,328495.955
2025-09-29 15:00:00,0.6826,0.6848,0.6724,0.6731,141065.4985
2025-09-29 16:00:00,0.6733,0.6765,0.6662,0.6665,84875.565
2025-09-29 17:00:00,0.6662,0.6695,0.6626,0.6685,120278.8594
2025-09-29 18:00:00,0.6684,0.6685,0.6637,0.6659,72655.2703
2025-09-29 19:00:00,0.6661,0.6752,0.6652,0.6747,75187.7955
2025-09-29 20:00:00,0.6745,0.6828,0.6744,0.6821,152430.0078
2025-09-29 21:00:00,0.6823,0.6842,0.6799,0.6806,36250.888
2025-09-29 22:00:00,0.681,0.6812,0.6757,0.6772,44940.4309
2025-09-29 23:00:00,0.6771,0.6778,0.6735,0.674,85866.6874
2025-09-30 00:00:00,0.6742,0.6757,0.6658,0.6664,292179.2539
2025-09-30 01:00:00,0.6662,0.6721,0.6618,0.666,123178.2216
2025-09-30 02:00:00,0.6658,0.6682,0.6628,0.6628,85267.245
2025-09-30 03:00:00,0.6629,0.6678,0.6618,0.6642,99870.1548
2025-09-30 04:00:00,0.6638,0.6681,0.6637,0.6661,72398.944
2025-09-30 05:00:00,0.666,0.6703,0.6645,0.669,102382.5316
2025-09-30 06:00:00,0.6688,0.6704,0.6657,0.666,122827.7436
2025-09-30 07:00:00,0.6656,0.6675,0.6607,0.6631,107294.8634
2025-09-30 08:00:00,0.6632,0.6647,0.6607,0.6607,84677.6619
2025-09-30 09:00:00,0.6608,0.6647,0.6587,0.6599,313201.3649
2025-09-30 10:00:00,0.66,0.6651,0.6591,0.6633,102880.862
2025-09-30 11:00:00,0.6637,0.6668,0.6603,0.6664,79880.169
2025-09-30 12:00:00,0.6662,0.6668,0.662,0.6623,132457.7043
2025-09-30 13:00:00,0.6621,0.667,0.66,0.663,171467.9051
2025-09-30 14:00:00,0.6631,0.6654,0.6599,0.6632,97804.183
2025-09-30 15:00:00,0.6629,0.6629,0.6507,0.6567,459848.6613
2025-09-30 16:00:00,0.6564,0.6576,0.6521,0.6554,204382.6534
2025-09-30 17:00:00,0.6553,0.6592,0.654,0.6544,272196.9047
2025-09-30 18:00:00,0.6543,0.659,0.6526,0.6583,163201.6443
2025-09-30 19:00:00,0.6585,0.6721,0.658,0.6713,181441.1727
2025-09-30 20:00:00,0.6715,0.6771,0.67,0.6758,151509.8224
2025-09-30 21:00:00,0.676,0.6778,0.6714,0.6714,142475.6675
2025-09-30 22:00:00,0.6714,0.6757,0.6668,0.6676,159221.5934
2025-09-30 23:00:00,0.6675,0.671,0.6654,0.6708,76508.7493
2025-10-01 00:00:00,0.671,0.6728,0.6637,0.6683,297542.1779
2025-10-01 01:00:00,0.6682,0.6725,0.6664,0.6725,94880.6417
2025-10-01 02:00:00,0.6725,0.6735,0.6692,0.6692,74639.012
2025-10-01 03:00:00,0.6695,0.6705,0.6628,0.664,152196.0427
2025-10-01 04:00:00,0.6634,0.671,0.663,0.667,147721.4862
2025-10-01 05:00:00,0.6672,0.6747,0.6671,0.6714,226226.0896
2025-10-01 06:00:00,0.6713,0.6713,0.6652,0.6661,344327.6649
2025-10-01 07:00:00,0.6657,0.67,0.6646,0.6669,160862.287
2025-10-01 08:00:00,0.6667,0.6948,0.6665,0.6928,843697.4401
2025-10-01 09:00:00,0.6928,0.6959,0.691,0.694,540691.8259
2025-10-01 10:00:00,0.6942,0.6946,0.6873,0.6883,396416.3877
2025-10-01 11:00:00,0.6881,0.6903,0.6867,0.6883,118936.8226
2025-10-01 12:00:00,0.6886,0.6908,0.6849,0.6855,181011.166
2025-10-01 13:00:00,0.6853,0.6921,0.6852,0.6886,170325.6513
2025-10-01 14:00:00,0.6888,0.6944,0.6871,0.6917,240608.0123
2025-10-01 15:00:00,0.6913,0.6975,0.6895,0.6964,215609.3765
2025-10-01 16:00:00,0.6966,0.6998,0.6941,0.6961,351709.0154
2025-10-01 17:00:00,0.6963,0.6981,0.6936,0.6942,157844.2195
2025-10-01 18:00:00,0.6946,0.7033,0.6946,0.7018,261231.5361
2025-10-01 19:00:00,0.7016,0.7058,0.701,0.705,145645.1562
2025-10-01 20:00:00,0.7053,0.7055,0.702,0.7022,155579.4843
2025-10-01 21:00:00,0.7024,0.7026,0.6972,0.6986,131727.3525
2025-10-01 22:00:00,0.6992,0.7021,0.6986,0.7013,316392.4516
2025-10-01 23:00:00,0.701,0.7058,0.7003,0.7048,420361.899
2025-10-02 00:00:00,0.7049,0.7072,0.7029,0.7029,328768.6801
2025-10-02 01:00:00,0.7031,0.7143,0.7014,0.7142,565768.2202
2025-10-02 02:00:00,0.7142,0.7169,0.7096,0.7141,250245.8308
2025-10-02 03:00:00,0.7141,0.7173,0.7133,0.7147,194649.3348
2025-10-02 04:00:00,0.7146,0.7213,0.7138,0.7213,348575.9998
2025-10-02 05:00:00,0.7213,0.7232,0.7174,0.7187,596780.8147
2025-10-02 06:00:00,0.7191,0.7259,0.7173,0.7223,705284.1899
2025-10-02 07:00:00,0.7223,0.7234,0.7156,0.7159,138530.7204
2025-10-02 08:00:00,0.7159,0.7202,0.7153,0.7193,171466.9365
2025-10-02 09:00:00,0.7192,0.7192,0.7158,0.7168,181661.3149
2025-10-02 10:00:00,0.7168,0.7196,0.7126,0.7189,198473.5396
2025-10-02 11:00:00,0.7187,0.7306,0.7171,0.7274,350895.8889
2025-10-02 12:00:00,0.7273,0.7391,0.7161,0.7189,1355351.7598
2025-10-02 13:00:00,0.7188,0.7212,0.7105,0.7187,623662.7331
2025-10-02 14:00:00,0.7192,0.7201,0.714,0.7163,457254.1625
2025-10-02 15:00:00,0.7165,0.7254,0.7081,0.7241,224230.7491
2025-10-02 16:00:00,0.7244,0.731,0.7223,0.7266,559639.0784
2025-10-02 17:00:00,0.7262,0.7382,0.7239,0.7359,278767.986
2025-10-02 18:00:00,0.7361,0.7436,0.7361,0.7412,385370.5204
2025-10-02 19:00:00,0.7414,0.7488,0.7404,0.7464,416069.8208
2025-10-02 20:00:00,0.7466,0.7502,0.7444,0.75,397546.3995
2025-10-02 21:00:00,0.7501,0.7546,0.7475,0.7497,165680.827
2025-10-02 22:00:00,0.7493,0.7533,0.7466,0.7492,180087.0016
2025-10-02 23:00:00,0.7494,0.7521,0.7467,0.7505,175306.5155
2025-10-03 00:00:00,0.751,0.751,0.7403,0.7421,256889.6614
2025-10-03 01:00:00,0.742,0.7455,0.7361,0.7364,392388.5027
2025-10-03 02:00:00,0.7361,0.7429,0.7351,0.7413,305089.6598
2025-10-03 03:00:00,0.7414,0.7492,0.7364,0.7375,212447.8698
2025-10-03 04:00:00,0.7374,0.7456,0.737,0.7422,103943.3225
2025-10-03 05:00:00,0.7422,0.7427,0.7348,0.7374,123545.623
2025-10-03 06:00:00,0.7374,0.7382,0.7294,0.7338,150376.1768
2025-10-03 07:00:00,0.7334,0.7341,0.7289,0.732,258854.0527
2025-10-03 08:00:00,0.732,0.7322,0.7266,0.7317,359857.4401
2025-10-03 09:00:00,0.7318,0.7353,0.729,0.7345,112254.3174
2025-10-03 10:00:00,0.7346,0.735,0.731,0.7315,117451.7906
2025-10-03 11:00:00,0.7314,0.7321,0.7274,0.7286,126045.1695
2025-10-03 12:00:00,0.7285,0.7314,0.727,0.7293,82912.1483
2025-10-03 13:00:00,0.7291,0.7351,0.7235,0.7321,327610.8429
2025-10-03 14:00:00,0.7318,0.7363,0.7254,0.733,302263.7837
2025-10-03 15:00:00,0.733,0.7488,0.7299,0.7467,285854.2372
2025-10-03 16:00:00,0.7467,0.7602,0.7464,0.7486,655726.2273
2025-10-03 17:00:00,0.7482,0.7488,0.7323,0.7356,1299534.2656
2025-10-03 18:00:00,0.7358,0.7473,0.7315,0.7473,218856.71
2025-10-03 19:00:00,0.7474,0.7531,0.7439,0.7503,236041.5694
2025-10-03 20:00:00,0.7502,0.7516,0.7476,0.751,108201.0108
2025-10-03 21:00:00,0.7514,0.7546,0.7468,0.7488,124727.7175
2025-10-03 22:00:00,0.7489,0.75,0.7461,0.7464,152238.3075
2025-10-03 23:00:00,0.7465,0.7466,0.7428,0.7442,148196.5577
2025-10-04 00:00:00,0.7445,0.749,0.7411,0.7459,143800.5396
2025-10-04 01:00:00,0.7459,0.7462,0.7379,0.7412,212345.1302
2025-10-04 02:00:00,0.7408,0.743,0.735,0.7363,203903.2623
2025-10-04 03:00:00,0.7361,0.7368,0.7305,0.7321,170491.5715
2025-10-04 04:00:00,0.7317,0.7333,0.7285,0.7316,150940.4516
2025-10-04 05:00:00,0.7317,0.7388,0.7314,0.738,188499.7274
2025-10-04 06:00:00,0.7376,0.7418,0.736,0.7413,148862.841
2025-10-04 07:00:00,0.7414,0.7414,0.7323,0.7333,160718.572
2025-10-04 08:00:00,0.7334,0.7341,0.7253,0.7276,145248.7397
2025-10-04 09:00:00,0.7274,0.7298,0.7228,0.7233,228515.829
2025-10-04 10:00:00,0.7231,0.7267,0.7175,0.7191,153658.4739
2025-10-04 11:00:00,0.7188,0.7221,0.7182,0.7199,110797.2284
2025-10-04 12:00:00,0.7201,0.7253,0.7198,0.7225,129406.2062
2025-10-04 13:00:00,0.7223,0.7333,0.7223,0.7285,152609.929
2025-10-04 14:00:00,0.7287,0.7317,0.7204,0.7204,92876.3324
2025-10-04 15:00:00,0.7203,0.7226,0.7133,0.7165,219620.9366
2025-10-04 16:00:00,0.7163,0.7233,0.7147,0.7229,302327.925
2025-10-04 17:00:00,0.7226,0.726,0.7199,0.7226,181652.4199
2025-10-04 18:00:00,0.7231,0.7231,0.7198,0.7206,76262.2346
2025-10-04 19:00:00,0.7209,0.7237,0.7206,0.7237,74634.2795
2025-10-04 20:00:00,0.7238,0.7258,0.7221,0.7221,64312.811
2025-10-04 21:00:00,0.7222,0.7254,0.722,0.7232,35436.6571
2025-10-04 22:00:00,0.7231,0.7272,0.7223,0.7255,59774.9785
2025-10-04 23:00:00,0.7258,0.7261,0.7235,0.7248,74399.8124
2025-10-05 00:00:00,0.7249,0.7307,0.7207,0.7209,141385.687
2025-10-05 01:00:00,0.7209,0.7254,0.7208,0.7247,100783.8321
2025-10-05 02:00:00,0.7248,0.7379,0.7228,0.7376,341631.4745
2025-10-05 03:00:00,0.738,0.742,0.7346,0.7353,527069.1613
2025-10-05 04:00:00,0.7354,0.7487,0.7347,0.7446,692794.7475
2025-10-05 05:00:00,0.7449,0.749,0.7432,0.7448,506410.9487
2025-10-05 06:00:00,0.745,0.7464,0.739,0.7406,270054.5207
2025-10-05 07:00:00,0.7408,0.7535,0.7407,0.7535,240066.841
2025-10-05 08:00:00,0.7536,0.7572,0.7476,0.7497,418503.1034
2025-10-05 09:00:00,0.75,0.7507,0.7403,0.7417,447140.3943
2025-10-05 10:00:00,0.7416,0.7419,0.7351,0.7367,294232.4742
2025-10-05 11:00:00,0.7369,0.7388,0.7325,0.7386,126531.74
2025-10-05 12:00:00,0.7384,0.739,0.7328,0.7333,147425.9622
2025-10-05 13:00:00,0.7333,0.7377,0.7332,0.736,163262.0237
2025-10-05 14:00:00,0.7361,0.7412,0.7307,0.7343,165168.921
2025-10-05 15:00:00,0.7341,0.7388,0.7332,0.7366,158273.0272
2025-10-05 16:00:00,0.7366,0.7381,0.7281,0.7348,302057.0744
2025-10-05 17:00:00,0.7349,0.7365,0.7237,0.7248,228531.2029
2025-10-05 18:00:00,0.7248,0.7272,0.7215,0.7238,227376.2655
2025-10-05 19:00:00,0.7238,0.7238,0.7136,0.7144,533491.9777
2025-10-05 20:00:00,0.7145,0.7199,0.7126,0.7171,182929.6415
2025-10-05 21:00:00,0.7169,0.7195,0.7154,0.7193,101816.4414
2025-10-05 22:00:00,0.7195,0.7216,0.7166,0.7202,113157.8303
2025-10-05 23:00:00,0.72,0.7219,0.7185,0.7185,93279.2633
2025-10-06 00:00:00,0.7187,0.7261,0.7139,0.7164,339344.4826
2025-10-06 01:00:00,0.7167,0.7294,0.714,0.7255,405136.9597
2025-10-06 02:00:00,0.7253,0.7329,0.7207,0.7288,243642.7165
2025-10-06 03:00:00,0.7287,0.732,0.7269,0.7295,73177.2623
2025-10-06 04:00:00,0.7293,0.73,0.7219,0.722,73843.4403
2025-10-06 05:00:00,0.722,0.727,0.7198,0.7269,218399.7385
2025-10-06 06:00:00,0.7269,0.7388,0.7264,0.7352,383334.0443
2025-10-06 07:00:00,0.7352,0.7371,0.7269,0.7283,293532.7343
2025-10-06 08:00:00,0.7295,0.7352,0.7285,0.7343,213626.5731
2025-10-06 09:00:00,0.734,0.7387,0.7332,0.7371,302359.6679
2025-10-06 10:00:00,0.7369,0.7378,0.7325,0.7363,183618.7445
2025-10-06 11:00:00,0.7363,0.7435,0.7339,0.7393,243637.8711
2025-10-06 12:00:00,0.7399,0.749,0.7397,0.7477,427678.1771
2025-10-06 13:00:00,0.7479,0.763,0.7462,0.762,1135185.2177
2025-10-06 14:00:00,0.7622,0.7629,0.7525,0.754,682696.8125
2025-10-06 15:00:00,0.755,0.7633,0.7538,0.7591,487178.5412
2025-10-06 16:00:00,0.7595,0.7629,0.7545,0.7591,340168.0948
2025-10-06 17:00:00,0.7592,0.7654,0.7564,0.7611,1015609.2456
2025-10-06 18:00:00,0.7612,0.7635,0.7575,0.7621,1061555.8587
2025-10-06 19:00:00,0.7617,0.7639,0.7597,0.7634,226808.2602
2025-10-06 20:00:00,0.7634,0.7665,0.7606,0.7616,232786.3202
2025-10-06 21:00:00,0.7617,0.7627,0.7561,0.7594,155673.5948
2025-10-06 22:00:00,0.7601,0.763,0.7591,0.7613,178986.9476
2025-10-06 23:00:00,0.7617,0.7628,0.7567,0.7581,184570.8992
2025-10-07 00:00:00,0.7582,0.7623,0.7571,0.7617,229121.8091
2025-10-07 01:00:00,0.7613,0.7631,0.7534,0.7546,262321.1566
2025-10-07 02:00:00,0.7549,0.7567,0.7509,0.752,200156.7421
2025-10-07 03:00:00,0.7522,0.7531,0.7473,0.7484,207181.349
2025-10-07 04:00:00,0.748,0.755,0.7429,0.7537,258596.6679
2025-10-07 05:00:00,0.7535,0.7535,0.749,0.7495,268651.0481
2025-10-07 06:00:00,0.7496,0.7507,0.7386,0.74,295176.7656
2025-10-07 07:00:00,0.74,0.7432,0.7364,0.7385,163699.5434
2025-10-07 08:00:00,0.7383,0.7383,0.7293,0.7357,527870.0348
2025-10-07 09:00:00,0.7355,0.7409,0.7355,0.7375,339077.6085
2025-10-07 10:00:00,0.7369,0.7415,0.7355,0.7386,140723.707
2025-10-07 11:00:00,0.7382,0.7451,0.738,0.7438,97934.9163
2025-10-07 12:00:00,0.7437,0.746,0.7372,0.746,187450.3722
2025-10-07 13:00:00,0.7462,0.7468,0.7293,0.7365,613354.8905
2025-10-07 14:00:00,0.7359,0.7368,0.719,0.7191,803449.7491
2025-10-07 15:00:00,0.7191,0.7213,0.7071,0.7094,1436804.7943
2025-10-07 16:00:00,0.7095,0.7182,0.7026,0.7145,625549.2164
2025-10-07 17:00:00,0.7145,0.7177,0.7082,0.7093,295304.0584
2025-10-07 18:00:00,0.7091,0.7131,0.7082,0.7092,229097.5245
2025-10-07 19:00:00,0.709,0.713,0.7058,0.7106,422162.0725
2025-10-07 20:00:00,0.7108,0.7219,0.7098,0.7183,169371.5112
2025-10-07 21:00:00,0.7182,0.7227,0.7155,0.7177,170629.998
2025-10-07 22:00:00,0.7172,0.7204,0.7157,0.7167,85332.8156
2025-10-07 23:00:00,0.7165,0.7169,0.7089,0.7118,244927.4812
2025-10-08 00:00:00,0.7119,0.7183,0.7101,0.7161,163732.0023
2025-10-08 01:00:00,0.7162,0.7239,0.7157,0.7212,242768.2083
2025-10-08 02:00:00,0.721,0.7211,0.7155,0.7167,190413.5785
2025-10-08 03:00:00,0.7165,0.7166,0.7008,0.7068,388789.201
2025-10-08 04:00:00,0.7063,0.7126,0.7017,0.7112,231627.5261
2025-10-08 05:00:00,0.7111,0.7111,0.7033,0.7065,254410.1259
2025-10-08 06:00:00,0.7064,0.7087,0.7037,0.7077,126373.2011
2025-10-08 07:00:00,0.7079,0.7123,0.7061,0.7122,114834.2572
2025-10-08 08:00:00,0.7124,0.7206,0.7111,0.7183,177409.9414
2025-10-08 09:00:00,0.7183,0.7203,0.714,0.7171,272966.801
2025-10-08 10:00:00,0.7173,0.7209,0.7166,0.718,113797.5989
2025-10-08 11:00:00,0.7181,0.7203,0.7128,0.714,136675.2254
2025-10-08 12:00:00,0.7143,0.716,0.7115,0.7126,93786.0174
2025-10-08 13:00:00,0.7128,0.7159,0.7095,0.7155,209055.1309
2025-10-08 14:00:00,0.716,0.7257,0.7106,0.7126,301469.5177
2025-10-08 15:00:00,0.7125,0.7199,0.7123,0.7163,138978.2103
2025-10-08 16:00:00,0.7168,0.729,0.7148,0.7287,193697.579
2025-10-08 17:00:00,0.7289,0.745,0.7273,0.743,378266.7781
2025-10-08 18:00:00,0.7426,0.744,0.7328,0.7359,554192.9463
2025-10-08 19:00:00,0.7359,0.7371,0.7316,0.7346,497832.5544
2025-10-08 20:00:00,0.7347,0.7361,0.7282,0.7286,104528.2985
2025-10-08 21:00:00,0.7286,0.7335,0.7284,0.7314,119395.6983
2025-10-08 22:00:00,0.7316,0.7359,0.7316,0.7325,47832.8222
2025-10-08 23:00:00,0.7323,0.7331,0.7297,0.731,121461.799
2025-10-09 00:00:00,0.7312,0.733,0.7267,0.7267,179436.0123
2025-10-09 01:00:00,0.7267,0.7273,0.7207,0.7247,287824.2543
2025-10-09 02:00:00,0.7246,0.7248,0.7073,0.7092,597296.6571
2025-10-09 03:00:00,0.7093,0.7201,0.7092,0.7183,223725.3907
2025-10-09 04:00:00,0.7181,0.7223,0.7165,0.7203,82782.7561
2025-10-09 05:00:00,0.7201,0.7215,0.7154,0.7167,84740.5096
2025-10-09 06:00:00,0.7165,0.7168,0.7093,0.7106,207256.4293
2025-10-09 07:00:00,0.7104,0.7117,0.7054,0.7066,145105.025
2025-10-09 08:00:00,0.7063,0.7077,0.6912,0.6925,840234.78
2025-10-09 09:00:00,0.6925,0.6996,0.6921,0.6974,414768.7019
2025-10-09 10:00:00,0.6973,0.7,0.6948,0.698,192105.3468
2025-10-09 11:00:00,0.6981,0.7022,0.6981,0.7002,110327.2793
2025-10-09 12:00:00,0.7,0.7084,0.6995,0.7068,183962.0476
2025-10-09 13:00:00,0.7067,0.7077,0.6935,0.6939,431573.7735
2025-10-09 14:00:00,0.694,0.6978,0.6854,0.6918,492654.6898
2025-10-09 15:00:00,0.6922,0.697,0.6883,0.6907,265645.3555
2025-10-09 16:00:00,0.6903,0.6941,0.6833,0.6858,195906.7028
2025-10-09 17:00:00,0.6852,0.6993,0.685,0.6989,190300.3161
2025-10-09 18:00:00,0.6988,0.6998,0.694,0.694,81166.0761
2025-10-09 19:00:00,0.6939,0.6993,0.6936,0.698,80326.9964
2025-10-09 20:00:00,0.6982,0.7014,0.6959,0.697,68284.8835
2025-10-09 21:00:00,0.6972,0.7007,0.6961,0.7003,67951.1252
2025-10-09 22:00:00,0.7007,0.7096,0.6999,0.7072,218963.1643
2025-10-09 23:00:00,0.7074,0.7089,0.704,0.7068,347019.956
2025-10-10 00:00:00,0.707,0.7118,0.7063,0.7105,487365.9672
2025-10-10 01:00:00,0.7103,0.7135,0.7081,0.71,126563.8733
2025-10-10 02:00:00,0.7102,0.7122,0.7066,0.7085,127158.4611
2025-10-10 03:00:00,0.709,0.7292,0.7047,0.7198,523575.9583
2025-10-10 04:00:00,0.7197,0.7242,0.7165,0.7191,346888.1619
2025-10-10 05:00:00,0.7192,0.7284,0.7153,0.7263,144754.9711
2025-10-10 06:00:00,0.7263,0.7292,0.7173,0.7201,387621.3069
2025-10-10 07:00:00,0.7201,0.7216,0.7138,0.714,188040.6014
2025-10-10 08:00:00,0.7142,0.7211,0.7132,0.7204,144736.0526
2025-10-10 09:00:00,0.7202,0.726,0.7169,0.718,143237.6621
2025-10-10 10:00:00,0.7176,0.7259,0.7175,0.725,131615.288
2025-10-10 11:00:00,0.7252,0.7273,0.7211,0.7238,189512.4526
2025-10-10 12:00:00,0.724,0.7282,0.7226,0.7263,680583.3049
2025-10-10 13:00:00,0.7263,0.7342,0.7247,0.7273,767804.6487
2025-10-10 14:00:00,0.7275,0.7293,0.7089,0.7117,619523.5028
2025-10-10 15:00:00,0.7118,0.7129,0.6773,0.6876,2571042.6804
2025-10-10 16:00:00,0.6877,0.6955,0.6856,0.6872,472981.467
2025-10-10 17:00:00,0.6872,0.6884,0.6777,0.68,333079.6208
2025-10-10 18:00:00,0.6801,0.6823,0.6752,0.6763,236234.9577
2025-10-10 19:00:00,0.6764,0.6784,0.6596,0.6653,916147.5117
2025-10-10 20:00:00,0.6655,0.6707,0.6074,0.6198,4199226.6589
2025-10-10 21:00:00,0.6194,0.6252,0.2247,0.444,24827974.903
2025-10-10 22:00:00,0.444,0.4743,0.4,0.4731,12490205.1973
2025-10-10 23:00:00,0.4731,0.5171,0.4663,0.4948,5559720.3525
2025-10-11 00:00:00,0.4947,0.5086,0.4839,0.4991,2735850.9435
2025-10-11 01:00:00,0.4991,0.4997,0.4714,0.4767,1941203.7937
2025-10-11 02:00:00,0.4763,0.5061,0.4763,0.4992,1521785.6491
2025-10-11 03:00:00,0.4995,0.5001,0.4769,0.4836,1999162.5799
2025-10-11 04:00:00,0.4834,0.4922,0.4811,0.4906,2575850.3463
2025-10-11 05:00:00,0.4906,0.4924,0.4744,0.4791,3155582.2111
2025-10-11 06:00:00,0.4793,0.4888,0.4777,0.4804,2005689.2011
2025-10-11 07:00:00,0.4806,0.4892,0.4756,0.4832,1840802.5973
2025-10-11 08:00:00,0.4829,0.4988,0.4781,0.4977,1746985.863
2025-10-11 09:00:00,0.4978,0.5059,0.4903,0.4916,2342341.9446
2025-10-11 10:00:00,0.4917,0.5008,0.4912,0.4944,1581656.228
2025-10-11 11:00:00,0.4943,0.4949,0.4861,0.4922,994083.7269
2025-10-11 12:00:00,0.4917,0.4935,0.4783,0.48,802931.4726
2025-10-11 13:00:00,0.48,0.4827,0.469,0.4807,1372937.6496
2025-10-11 14:00:00,0.4805,0.4816,0.4752,0.4805,964716.8351
2025-10-11 15:00:00,0.4805,0.4889,0.4805,0.4845,1536219.2145
2025-10-11 16:00:00,0.4848,0.4877,0.4788,0.4815,871823.5358
2025-10-11 17:00:00,0.4816,0.4856,0.4806,0.4845,453374.4541
2025-10-11 18:00:00,0.4846,0.4848,0.4794,0.4797,443590.8514
2025-10-11 19:00:00,0.4797,0.4798,0.4536,0.459,1735497.8215
2025-10-11 20:00:00,0.4588,0.4598,0.4461,0.4493,1452370.6311
2025-10-11 21:00:00,0.4493,0.4557,0.4382,0.4532,1182224.6212
2025-10-11 22:00:00,0.4535,0.46,0.4535,0.4574,378112.8685
2025-10-11 23:00:00,0.4571,0.4579,0.4546,0.4562,277442.1412
2025-10-12 00:00:00,0.4562,0.46,0.4497,0.4509,586265.1746
2025-10-12 01:00:00,0.4509,0.4566,0.4473,0.448,282145.1089
2025-10-12 02:00:00,0.4481,0.4552,0.445,0.4486,1018169.1129
2025-10-12 03:00:00,0.4482,0.4613,0.4475,0.4564,1041882.0656
2025-10-12 04:00:00,0.4565,0.4637,0.4544,0.46,878654.1523
2025-10-12 05:00:00,0.4601,0.4616,0.4582,0.4592,357251.3389
2025-10-12 06:00:00,0.4594,0.4668,0.459,0.4654,645469.5774
2025-10-12 07:00:00,0.4655,0.4666,0.4607,0.4629,414756.3465
2025-10-12 08:00:00,0.4628,0.4649,0.457,0.4576,663653.701
2025-10-12 09:00:00,0.4575,0.4606,0.4525,0.4603,454321.3116
2025-10-12 10:00:00,0.4605,0.4628,0.4566,0.4573,472272.4187
2025-10-12 11:00:00,0.4574,0.4612,0.4563,0.4572,559157.1012
2025-10-12 12:00:00,0.4569,0.4623,0.4562,0.4589,605035.487
2025-10-12 13:00:00,0.4592,0.4622,0.4498,0.452,791157.1202
2025-10-12 14:00:00,0.4518,0.4773,0.4506,0.4696,2186396.2325
2025-10-12 15:00:00,0.4693,0.4879,0.4688,0.4826,1901574.731
2025-10-12 16:00:00,0.4827,0.4934,0.4796,0.486,1581565.3581
2025-10-12 17:00:00,0.486,0.4929,0.4848,0.4902,1050915.1439
2025-10-12 18:00:00,0.49,0.4938,0.4828,0.4854,970739.573
2025-10-12 19:00:00,0.4855,0.4962,0.4852,0.496,331030.6449
2025-10-12 20:00:00,0.4958,0.4998,0.4921,0.4935,639421.3301
2025-10-12 21:00:00,0.4934,0.4971,0.4834,0.4905,759766.9445
2025-10-12 22:00:00,0.4907,0.4949,0.4862,0.4886,468573.9259
2025-10-12 23:00:00,0.4885,0.4886,0.4822,0.4873,663722.6442
2025-10-13 00:00:00,0.4872,0.4917,0.4782,0.4814,628336.6942
2025-10-13 01:00:00,0.4809,0.4861,0.478,0.486,386311.2571
2025-10-13 02:00:00,0.4858,0.4879,0.4796,0.483,469268.7897
2025-10-13 03:00:00,0.4829,0.4857,0.4782,0.4792,387194.9778
2025-10-13 04:00:00,0.4794,0.481,0.475,0.4805,290120.5069
2025-10-13 05:00:00,0.4805,0.4812,0.477,0.477,402012.2494
2025-10-13 06:00:00,0.477,0.486,0.4742,0.485,569932.0522
2025-10-13 07:00:00,0.4853,0.4946,0.4833,0.4865,979432.5445
2025-10-13 08:00:00,0.4869,0.4975,0.4856,0.4945,784938.2399
2025-10-13 09:00:00,0.4943,0.4966,0.4873,0.4966,1667034.7507
2025-10-13 10:00:00,0.4965,0.4988,0.4926,0.4953,548702.4179
2025-10-13 11:00:00,0.4954,0.4954,0.4713,0.4806,2421859.8179
2025-10-13 12:00:00,0.4808,0.4912,0.4761,0.482,829006.9455
2025-10-13 13:00:00,0.4818,0.4954,0.477,0.4879,1948063.6463
2025-10-13 14:00:00,0.4874,0.4899,0.4702,0.4718,1379065.9366
2025-10-13 15:00:00,0.4715,0.4834,0.4712,0.479,867380.5042
2025-10-13 16:00:00,0.479,0.4815,0.4719,0.4754,1190424.2134
2025-10-13 17:00:00,0.4756,0.4882,0.4744,0.4879,702819.1698
2025-10-13 18:00:00,0.4875,0.4988,0.4809,0.4928,2910547.6465
2025-10-13 19:00:00,0.4929,0.5044,0.4925,0.5036,700476.9397
2025-10-13 20:00:00,0.5034,0.5109,0.5006,0.5101,421372.4832
2025-10-13 21:00:00,0.5102,0.5116,0.5051,0.5055,643173.3221
2025-10-13 22:00:00,0.5056,0.5091,0.5041,0.5077,412848.7154
2025-10-13 23:00:00,0.5071,0.5098,0.5019,0.5023,511780.9141
2025-10-14 00:00:00,0.5023,0.5059,0.4994,0.5016,657900.6324
2025-10-14 01:00:00,0.5009,0.5031,0.4964,0.502,1112290.1369
2025-10-14 02:00:00,0.502,0.502,0.4914,0.4931,1583221.6624
2025-10-14 03:00:00,0.493,0.4931,0.4856,0.4862,931408.8116
2025-10-14 04:00:00,0.4861,0.488,0.4739,0.4764,1361591.2035
2025-10-14 05:00:00,0.4764,0.4815,0.4693,0.4727,800142.241
2025-10-14 06:00:00,0.4731,0.4771,0.4501,0.4604,2881186.2851
2025-10-14 07:00:00,0.4606,0.4629,0.4554,0.4588,1368987.5303
2025-10-14 08:00:00,0.4588,0.4771,0.4549,0.474,1783247.4245
2025-10-14 09:00:00,0.4743,0.4792,0.4682,0.4704,1297429.6904
2025-10-14 10:00:00,0.4698,0.4698,0.4526,0.4592,1802966.855
2025-10-14 11:00:00,0.4589,0.4624,0.4577,0.459,953857.1443
2025-10-14 12:00:00,0.4595,0.4599,0.4535,0.4539,647038.9768
2025-10-14 13:00:00,0.4541,0.4628,0.4492,0.4583,1160885.4398
2025-10-14 14:00:00,0.4577,0.4676,0.4557,0.4612,710728.1043
2025-10-14 15:00:00,0.4615,0.4771,0.459,0.4762,746175.0481
2025-10-14 16:00:00,0.4763,0.4851,0.4713,0.4762,1364304.4897
2025-10-14 17:00:00,0.4757,0.4855,0.469,0.4805,1290464.8217
2025-10-14 18:00:00,0.4807,0.4886,0.4805,0.4843,515234.5273
2025-10-14 19:00:00,0.4843,0.487,0.4722,0.479,819599.527
2025-10-14 20:00:00,0.4793,0.4843,0.4767,0.483,371457.2938
2025-10-14 21:00:00,0.4831,0.4847,0.4787,0.4846,353448.5625
2025-10-14 22:00:00,0.4849,0.4878,0.481,0.4829,204657.5693
2025-10-14 23:00:00,0.4827,0.4862,0.4827,0.4853,118943.743
2025-10-15 00:00:00,0.4853,0.4857,0.4797,0.4843,228670.644
2025-10-15 01:00:00,0.4844,0.4845,0.4783,0.4825,261348.4559
2025-10-15 02:00:00,0.4828,0.4881,0.4817,0.4839,353135.6791
2025-10-15 03:00:00,0.4841,0.4852,0.4761,0.4793,801290.8653
2025-10-15 04:00:00,0.4791,0.4853,0.477,0.4842,325390.6438
2025-10-15 05:00:00,0.4843,0.4869,0.4808,0.4822,227246.6705
2025-10-15 06:00:00,0.4822,0.4852,0.4768,0.4842,523946.4188
2025-10-15 07:00:00,0.4842,0.4876,0.4828,0.4873,551096.9222
2025-10-15 08:00:00,0.487,0.494,0.485,0.4854,1056865.9947
2025-10-15 09:00:00,0.4854,0.4855,0.4786,0.4797,546870.9469
2025-10-15 10:00:00,0.4795,0.4819,0.4768,0.4788,467025.8773
2025-10-15 11:00:00,0.4786,0.4799,0.4723,0.4754,557892.7035
2025-10-15 12:00:00,0.4752,0.4762,0.4679,0.4713,477026.2047
2025-10-15 13:00:00,0.4711,0.4745,0.4595,0.4704,1016889.8138
2025-10-15 14:00:00,0.4706,0.4771,0.4642,0.4677,468452.5928
2025-10-15 15:00:00,0.4665,0.4708,0.46,0.4642,569488.6222
2025-10-15 16:00:00,0.464,0.4652,0.4611,0.4626,357215.7663
2025-10-15 17:00:00,0.4621,0.464,0.4575,0.4636,664631.2436
2025-10-15 18:00:00,0.4638,0.4644,0.4605,0.4637,210004.6319
2025-10-15 19:00:00,0.463,0.4631,0.4559,0.4582,382652.8356
2025-10-15 20:00:00,0.4584,0.4602,0.4487,0.455,445165.3752
2025-10-15 21:00:00,0.4549,0.4594,0.4508,0.4533,225571.3067
2025-10-15 22:00:00,0.4537,0.458,0.4521,0.4531,396445.9991
2025-10-15 23:00:00,0.4532,0.4575,0.4526,0.4562,377689.1947
2025-10-16 00:00:00,0.456,0.4575,0.4535,0.4543,300890.065
2025-10-16 01:00:00,0.4543,0.4612,0.4543,0.4606,189353.6315
2025-10-16 02:00:00,0.4611,0.4629,0.4573,0.4609,286865.5876
2025-10-16 03:00:00,0.4609,0.4614,0.4565,0.4565,143039.0918
2025-10-16 04:00:00,0.4567,0.4618,0.4558,0.4574,362560.965
2025-10-16 05:00:00,0.4573,0.461,0.4544,0.4575,232771.9732
2025-10-16 06:00:00,0.4573,0.4635,0.4571,0.4625,156734.6655
2025-10-16 07:00:00,0.4625,0.4626,0.4567,0.4577,126934.7425
2025-10-16 08:00:00,0.4583,0.4585,0.4523,0.454,226213.9196
2025-10-16 09:00:00,0.4538,0.4605,0.4368,0.4573,1813233.5208
2025-10-16 10:00:00,0.457,0.4642,0.4569,0.4594,358619.0655
2025-10-16 11:00:00,0.4593,0.4616,0.4563,0.4608,554201.3111
2025-10-16 12:00:00,0.4611,0.465,0.4602,0.4608,372708.9571
2025-10-16 13:00:00,0.4606,0.464,0.457,0.4585,494497.382
2025-10-16 14:00:00,0.4583,0.4608,0.4489,0.4529,1121773.562
2025-10-16 15:00:00,0.4536,0.4543,0.4346,0.4371,1378701.5025
2025-10-16 16:00:00,0.4369,0.4496,0.4297,0.4491,2089196.3837
2025-10-16 17:00:00,0.4486,0.4489,0.4403,0.441,719388.7829
2025-10-16 18:00:00,0.4413,0.4415,0.4353,0.4391,565991.5249
2025-10-16 19:00:00,0.4396,0.4397,0.4263,0.4301,1053418.8139
2025-10-16 20:00:00,0.4301,0.4318,0.4207,0.4245,845287.1572
2025-10-16 21:00:00,0.4244,0.4303,0.4226,0.4303,336216.4362
2025-10-16 22:00:00,0.4303,0.4307,0.423,0.4234,328880.0974
2025-10-16 23:00:00,0.4234,0.4287,0.4225,0.4278,296739.3305
2025-10-17 00:00:00,0.4279,0.4292,0.4257,0.4288,347919.0689
2025-10-17 01:00:00,0.4291,0.4332,0.4266,0.4287,324029.9964
2025-10-17 02:00:00,0.4286,0.4299,0.4244,0.4285,278953.934
2025-10-17 03:00:00,0.4286,0.4323,0.4283,0.4323,234712.098
2025-10-17 04:00:00,0.4324,0.4346,0.4311,0.4311,167419.2816
2025-10-17 05:00:00,0.4314,0.4325,0.427,0.4277,236099.2036
2025-10-17 06:00:00,0.4282,0.4296,0.4114,0.4139,1977590.8674
2025-10-17 07:00:00,0.4139,0.4148,0.3995,0.4023,2069509.2442
2025-10-17 08:00:00,0.4022,0.4053,0.3945,0.3992,1497401.2729
2025-10-17 09:00:00,0.3995,0.4128,0.3985,0.4059,1009159.2194
2025-10-17 10:00:00,0.4058,0.4078,0.3981,0.405,713739.1366
2025-10-17 11:00:00,0.4055,0.4193,0.4039,0.4171,2031725.715
2025-10-17 12:00:00,0.4171,0.4213,0.4156,0.416,351517.5191
2025-10-17 13:00:00,0.4159,0.4223,0.4125,0.4195,744340.4775
2025-10-17 14:00:00,0.4198,0.4213,0.4104,0.4153,856434.7724
2025-10-17 15:00:00,0.415,0.422,0.4134,0.422,379373.7254
2025-10-17 16:00:00,0.4218,0.4285,0.4181,0.4191,824032.6976
2025-10-17 17:00:00,0.4192,0.4232,0.4179,0.4218,365061.1982
2025-10-17 18:00:00,0.4221,0.4257,0.42,0.4207,937311.9747
2025-10-17 19:00:00,0.4208,0.4223,0.4169,0.4191,215410.3257
2025-10-17 20:00:00,0.4191,0.4238,0.418,0.4224,279828.9233
2025-10-17 21:00:00,0.4224,0.4278,0.4224,0.4246,3330740.884
2025-10-17 22:00:00,0.4248,0.4255,0.4209,0.4223,309745.14
2025-10-17 23:00:00,0.4223,0.4223,0.4188,0.4194,202580.8787
2025-10-18 00:00:00,0.4195,0.4219,0.418,0.42,168514.7186
2025-10-18 01:00:00,0.4204,0.4253,0.4204,0.4252,347517.2853
2025-10-18 02:00:00,0.425,0.4268,0.4216,0.4224,286884.2111
2025-10-18 03:00:00,0.4226,0.4252,0.4225,0.4241,180368.089
2025-10-18 04:00:00,0.4239,0.424,0.4193,0.4193,204024.824
2025-10-18 05:00:00,0.4195,0.423,0.4184,0.423,158600.407
2025-10-18 06:00:00,0.423,0.4248,0.42,0.4233,101411.9378
2025-10-18 07:00:00,0.4233,0.4304,0.4216,0.4225,443497.3553
2025-10-18 08:00:00,0.4224,0.4252,0.4214,0.4216,172398.7472
2025-10-18 09:00:00,0.4218,0.4265,0.4212,0.4257,235158.8645
2025-10-18 10:00:00,0.4258,0.4274,0.4241,0.4273,204724.2747
2025-10-18 11:00:00,0.4275,0.4291,0.4265,0.4283,157779.3519
2025-10-18 12:00:00,0.4284,0.4298,0.4266,0.4269,137443.3593
2025-10-18 13:00:00,0.4267,0.4268,0.4221,0.4224,168363.9941
2025-10-18 14:00:00,0.4228,0.4253,0.4197,0.4241,206163.3021
2025-10-18 15:00:00,0.4242,0.4253,0.4206,0.4222,227788.5029
2025-10-18 16:00:00,0.4224,0.4228,0.4183,0.4212,147285.0613
2025-10-18 17:00:00,0.421,0.4265,0.4196,0.4265,346597.2642
2025-10-18 18:00:00,0.4261,0.4269,0.4242,0.4249,191509.0561
2025-10-18 19:00:00,0.4247,0.4261,0.4241,0.4258,64894.2103
2025-10-18 20:00:00,0.4261,0.429,0.4258,0.4261,128004.1372
2025-10-18 21:00:00,0.426,0.428,0.4237,0.4276,57915.5476
2025-10-18 22:00:00,0.4278,0.4298,0.4268,0.4283,70931.7204
2025-10-18 23:00:00,0.428,0.4284,0.4267,0.4278,31649.7272
2025-10-19 00:00:00,0.4278,0.4284,0.4243,0.4258,91805.7794
2025-10-19 01:00:00,0.4254,0.4277,0.4242,0.427,143402.2451
2025-10-19 02:00:00,0.4271,0.4279,0.4252,0.4257,33796.1077
2025-10-19 03:00:00,0.4256,0.4323,0.4254,0.4314,136136.0245
2025-10-19 04:00:00,0.4315,0.4323,0.4273,0.4276,59534.8656
2025-10-19 05:00:00,0.4277,0.4301,0.4261,0.427,56494.326
2025-10-19 06:00:00,0.4268,0.4272,0.4242,0.4259,116215.9919
2025-10-19 07:00:00,0.4258,0.4287,0.4256,0.4274,135329.109
2025-10-19 08:00:00,0.4275,0.4334,0.4228,0.4241,825897.8928
2025-10-19 09:00:00,0.4238,0.4338,0.4209,0.4302,719078.4548
2025-10-19 10:00:00,0.4306,0.4376,0.4285,0.4358,651843.6376
2025-10-19 11:00:00,0.4361,0.4407,0.4338,0.4346,824743.0802
2025-10-19 12:00:00,0.4349,0.4356,0.4314,0.4329,219681.4595
2025-10-19 13:00:00,0.4329,0.4416,0.4316,0.4394,342435.1029
2025-10-19 14:00:00,0.4399,0.443,0.4371,0.4412,505564.1908
2025-10-19 15:00:00,0.4411,0.4416,0.4373,0.4393,462737.3159
2025-10-19 16:00:00,0.4394,0.4415,0.437,0.4403,369022.4073
2025-10-19 17:00:00,0.4404,0.4451,0.4388,0.4396,1028394.6586
2025-10-19 18:00:00,0.4397,0.4418,0.439,0.4412,350182.1402
2025-10-19 19:00:00,0.4412,0.4417,0.4385,0.4417,117502.6868
2025-10-19 20:00:00,0.4418,0.4442,0.4412,0.4438,179360.8345
2025-10-19 21:00:00,0.4443,0.4444,0.4399,0.4422,215785.8059
2025-10-19 22:00:00,0.4425,0.4439,0.4421,0.4432,134996.2794
2025-10-19 23:00:00,0.4432,0.4432,0.4379,0.4387,246033.5256
2025-10-20 00:00:00,0.4385,0.4387,0.4306,0.437,478085.7105
2025-10-20 01:00:00,0.4371,0.4386,0.4348,0.4359,139162.0581
2025-10-20 02:00:00,0.4355,0.439,0.433,0.4383,233414.1826
2025-10-20 03:00:00,0.4382,0.4513,0.4374,0.449,359590.0334
2025-10-20 04:00:00,0.4493,0.4512,0.4478,0.4498,786084.2839
2025-10-20 05:00:00,0.4498,0.4517,0.448,0.4502,149878.4161
2025-10-20 06:00:00,0.4502,0.4565,0.4499,0.4549,448450.7731
2025-10-20 07:00:00,0.4542,0.4542,0.4476,0.4492,921031.7576
2025-10-20 08:00:00,0.4489,0.4517,0.4458,0.4487,409010.8626
2025-10-20 09:00:00,0.4481,0.4507,0.4479,0.45,357062.2535
2025-10-20 10:00:00,0.4502,0.4534,0.4481,0.4501,438847.4996
2025-10-20 11:00:00,0.45,0.4508,0.4485,0.4501,190810.5549
2025-10-20 12:00:00,0.45,0.4515,0.4489,0.4494,297312.9314
2025-10-20 13:00:00,0.4508,0.4564,0.4494,0.4559,177184.6084
2025-10-20 14:00:00,0.456,0.4581,0.4525,0.4559,1066896.7948
2025-10-20 15:00:00,0.456,0.4567,0.4492,0.4492,829822.1156
2025-10-20 16:00:00,0.449,0.4494,0.4394,0.4458,1030982.2543
2025-10-20 17:00:00,0.4457,0.4485,0.4418,0.4447,397532.097
2025-10-20 18:00:00,0.4453,0.4467,0.4433,0.4466,134046.2442
2025-10-20 19:00:00,0.4465,0.4522,0.4453,0.4507,255610.3707
2025-10-20 20:00:00,0.4505,0.4524,0.4491,0.4519,178275.3861
2025-10-20 21:00:00,0.4517,0.4527,0.4485,0.4496,220346.9413
2025-10-20 22:00:00,0.4496,0.4506,0.4483,0.4494,63267.8932
2025-10-20 23:00:00,0.4493,0.45,0.447,0.4477,140153.706
2025-10-21 00:00:00,0.4474,0.4481,0.4459,0.4464,473357.5915
2025-10-21 01:00:00,0.4464,0.4464,0.4412,0.4426,293575.0219
2025-10-21 02:00:00,0.4426,0.4426,0.4378,0.439,454947.9114
2025-10-21 03:00:00,0.4387,0.4396,0.4359,0.4368,142908.2913
2025-10-21 04:00:00,0.4366,0.4372,0.4268,0.4275,464050.4582
2025-10-21 05:00:00,0.4278,0.4308,0.4262,0.4282,186700.3495
2025-10-21 06:00:00,0.4282,0.4322,0.4273,0.4315,277488.8755
2025-10-21 07:00:00,0.4311,0.434,0.4296,0.4338,268597.7508
2025-10-21 08:00:00,0.4337,0.4337,0.4272,0.4302,325930.9501
2025-10-21 09:00:00,0.4302,0.432,0.4288,0.4307,111274.3743
2025-10-21 10:00:00,0.4305,0.4385,0.4305,0.4366,186311.9018
2025-10-21 11:00:00,0.4365,0.4372,0.4343,0.4359,152755.4734
2025-10-21 12:00:00,0.4357,0.4423,0.4344,0.4384,251280.5649
2025-10-21 13:00:00,0.4391,0.4426,0.436,0.4387,276492.1803
2025-10-21 14:00:00,0.4392,0.4596,0.439,0.459,1574928.8132
2025-10-21 15:00:00,0.4592,0.467,0.4565,0.4625,4288688.2152
2025-10-21 16:00:00,0.4627,0.467,0.4554,0.4567,1617916.476
2025-10-21 17:00:00,0.457,0.4631,0.4531,0.4614,1068755.8489
2025-10-21 18:00:00,0.4615,0.4632,0.458,0.4596,820812.9463
2025-10-21 19:00:00,0.4599,0.4606,0.4575,0.4575,364359.0153
2025-10-21 20:00:00,0.4577,0.4583,0.4505,0.4526,592593.8557
2025-10-21 21:00:00,0.4519,0.4535,0.4436,0.4503,421031.1806
2025-10-21 22:00:00,0.4502,0.4505,0.4396,0.4406,535682.6649
2025-10-21 23:00:00,0.4403,0.4412,0.432,0.4336,287888.1558
2025-10-22 00:00:00,0.4334,0.4362,0.4295,0.432,380746.2758
2025-10-22 01:00:00,0.432,0.4357,0.4315,0.4337,1223091.7758
2025-10-22 02:00:00,0.4338,0.4358,0.433,0.4334,373647.6189
2025-10-22 03:00:00,0.4334,0.4356,0.4309,0.4355,281719.5461
2025-10-22 04:00:00,0.4354,0.4387,0.4352,0.437,506606.3665
2025-10-22 05:00:00,0.4367,0.4368,0.428,0.4325,475371.4469
2025-10-22 06:00:00,0.4322,0.4327,0.4302,0.4302,119458.5389
2025-10-22 07:00:00,0.4302,0.4343,0.4286,0.4335,334306.4695
2025-10-22 08:00:00,0.4336,0.4336,0.4301,0.4311,317288.2886
2025-10-22 09:00:00,0.431,0.4322,0.428,0.4295,300192.294
2025-10-22 10:00:00,0.4297,0.4316,0.4277,0.4278,132460.6595
2025-10-22 11:00:00,0.4286,0.436,0.4223,0.4322,821915.5264
2025-10-22 12:00:00,0.4319,0.4351,0.4304,0.4312,233190.3672
2025-10-22 13:00:00,0.4313,0.4371,0.4292,0.4367,458065.7437
2025-10-22 14:00:00,0.4365,0.4372,0.4271,0.4353,887903.9239
2025-10-22 15:00:00,0.4347,0.4373,0.4279,0.433,264157.0739
2025-10-22 16:00:00,0.4327,0.4344,0.4277,0.4307,745274.9296
2025-10-22 17:00:00,0.4307,0.4321,0.4233,0.4252,372557.0199
2025-10-22 18:00:00,0.4251,0.427,0.4217,0.4236,194845.5702
2025-10-22 19:00:00,0.4237,0.4285,0.4189,0.4234,748090.6443
2025-10-22 20:00:00,0.4233,0.4251,0.4182,0.4186,329059.1365
2025-10-22 21:00:00,0.4186,0.4188,0.405,0.4118,1563792.8651
2025-10-22 22:00:00,0.4115,0.415,0.4099,0.4119,359041.9549
2025-10-22 23:00:00,0.4121,0.4205,0.4121,0.4194,354867.4281
2025-10-23 00:00:00,0.4195,0.4214,0.4183,0.4198,166246.9474
2025-10-23 01:00:00,0.4202,0.4233,0.4199,0.42,160906.5548
2025-10-23 02:00:00,0.4202,0.4217,0.4198,0.4203,103264.9936
2025-10-23 03:00:00,0.4207,0.4235,0.4203,0.4212,144559.6231
2025-10-23 04:00:00,0.4215,0.4245,0.4207,0.4224,94548.444
2025-10-23 05:00:00,0.4227,0.4237,0.4219,0.4236,67722.8664
2025-10-23 06:00:00,0.4234,0.4303,0.4234,0.4298,344227.6884
2025-10-23 07:00:00,0.43,0.43,0.4268,0.4282,111430.657
2025-10-23 08:00:00,0.4284,0.4316,0.4284,0.4301,315947.2607
2025-10-23 09:00:00,0.4304,0.4322,0.43,0.4321,103655.6667
2025-10-23 10:00:00,0.4323,0.4342,0.4308,0.4308,333269.1802
2025-10-23 11:00:00,0.4306,0.4313,0.4274,0.4282,234833.4202
2025-10-23 12:00:00,0.4282,0.4291,0.4238,0.4291,375438.8354
2025-10-23 13:00:00,0.4289,0.4335,0.4268,0.4315,376753.7449
2025-10-23 14:00:00,0.4316,0.4318,0.426,0.4296,258275.0702
2025-10-23 15:00:00,0.4294,0.4349,0.4285,0.4327,178542.1925
2025-10-23 16:00:00,0.4329,0.4378,0.4316,0.4373,235415.2547
2025-10-23 17:00:00,0.4375,0.4402,0.4335,0.4392,285375.0061
2025-10-23 18:00:00,0.4394,0.4394,0.4342,0.4349,131726.7376
2025-10-23 19:00:00,0.4351,0.4355,0.4326,0.4347,202628.4909
2025-10-23 20:00:00,0.4344,0.4347,0.4278,0.4299,378001.6302
2025-10-23 21:00:00,0.4294,0.4313,0.429,0.4297,62993.4664
2025-10-23 22:00:00,0.4301,0.4332,0.4301,0.4327,86214.7568
2025-10-23 23:00:00,0.4326,0.4338,0.4316,0.4338,50926.1732
2025-10-24 00:00:00,0.4339,0.4358,0.4328,0.4349,125526.4447
2025-10-24 01:00:00,0.4348,0.4352,0.4324,0.434,97872.313
2025-10-24 02:00:00,0.4341,0.4341,0.4317,0.4336,71845.7114
2025-10-24 03:00:00,0.433,0.433,0.431,0.4321,89219.368
2025-10-24 04:00:00,0.4321,0.4417,0.4312,0.4408,476176.9928
2025-10-24 05:00:00,0.4407,0.4434,0.4397,0.4427,177568.6253
2025-10-24 06:00:00,0.4425,0.4443,0.4411,0.4441,244352.1581
2025-10-24 07:00:00,0.4442,0.4444,0.4386,0.4404,236987.0181
2025-10-24 08:00:00,0.4405,0.4452,0.4386,0.444,141874.9398
2025-10-24 09:00:00,0.444,0.444,0.4412,0.4417,123080.5851
2025-10-24 10:00:00,0.4417,0.4419,0.4388,0.4398,108523.1754
2025-10-24 11:00:00,0.439,0.4415,0.4362,0.4415,188311.709
2025-10-24 12:00:00,0.4416,0.4533,0.4416,0.4456,785324.8935
2025-10-24 13:00:00,0.4454,0.4465,0.439,0.4433,290633.8915
2025-10-24 14:00:00,0.4432,0.4432,0.435,0.4386,229765.7736
2025-10-24 15:00:00,0.4385,0.4411,0.4354,0.4367,172006.9128
2025-10-24 16:00:00,0.437,0.4377,0.4335,0.436,151348.0736
2025-10-24 17:00:00,0.4361,0.4394,0.4358,0.437,159761.9538
2025-10-24 18:00:00,0.437,0.4415,0.4364,0.4413,109523.0216
2025-10-24 19:00:00,0.4415,0.4458,0.4415,0.4452,117242.3057
2025-10-24 20:00:00,0.4449,0.4479,0.4444,0.4471,88675.6679
2025-10-24 21:00:00,0.4474,0.4494,0.4468,0.449,143892.0221
2025-10-24 22:00:00,0.4495,0.45,0.4479,0.4486,199144.0254
2025-10-24 23:00:00,0.4484,0.449,0.447,0.4485,147534.2234
2025-10-25 00:00:00,0.4482,0.4486,0.4459,0.4461,124298.2502
2025-10-25 01:00:00,0.4469,0.4474,0.4447,0.4458,116532.6621
2025-10-25 02:00:00,0.446,0.4473,0.445,0.4454,74135.8124
2025-10-25 03:00:00,0.4456,0.4456,0.4431,0.4432,60601.992
2025-10-25 04:00:00,0.4432,0.4452,0.4431,0.4443,76688.6927
2025-10-25 05:00:00,0.4439,0.4439,0.4416,0.4423,61022.2218
2025-10-25 06:00:00,0.4427,0.4431,0.4408,0.4409,90841.0817
2025-10-25 07:00:00,0.4409,0.4438,0.4402,0.4407,132264.2878
2025-10-25 08:00:00,0.4406,0.4421,0.4403,0.4421,130721.7249
2025-10-25 09:00:00,0.442,0.4423,0.4402,0.4405,131183.7055
2025-10-25 10:00:00,0.4408,0.4417,0.4385,0.4408,75536.8218
2025-10-25 11:00:00,0.4407,0.4434,0.44,0.4434,53502.8151
2025-10-25 12:00:00,0.4431,0.4463,0.4431,0.445,84272.8409
2025-10-25 13:00:00,0.4452,0.4455,0.4436,0.4446,79975.7228
2025-10-25 14:00:00,0.4448,0.4473,0.444,0.447,88126.271
2025-10-25 15:00:00,0.447,0.4472,0.4455,0.4467,184608.8726
2025-10-25 16:00:00,0.4467,0.4475,0.4453,0.4461,344408.8541
2025-10-25 17:00:00,0.446,0.4484,0.4458,0.4469,46515.7788
2025-10-25 18:00:00,0.4468,0.4506,0.4465,0.45,152848.2488
2025-10-25 19:00:00,0.4496,0.4506,0.449,0.4506,116373.5369
2025-10-25 20:00:00,0.4507,0.4511,0.4485,0.4496,61978.5321
2025-10-25 21:00:00,0.4493,0.4494,0.4474,0.4485,119007.5115
2025-10-25 22:00:00,0.4482,0.4496,0.4469,0.4487,56915.4151
2025-10-25 23:00:00,0.4486,0.4489,0.4468,0.4468,70005.4229
2025-10-26 00:00:00,0.4471,0.4479,0.445,0.4463,82175.5225
2025-10-26 01:00:00,0.4465,0.4466,0.4419,0.4436,221677.0612
2025-10-26 02:00:00,0.4429,0.4434,0.4408,0.4414,118542.3957
2025-10-26 03:00:00,0.4414,0.4424,0.4397,0.4411,220141.674
2025-10-26 04:00:00,0.4412,0.4432,0.4409,0.4431,85154.6727
2025-10-26 05:00:00,0.443,0.4462,0.442,0.4458,126883.2525
2025-10-26 06:00:00,0.4458,0.4459,0.4445,0.4455,101657.1664
2025-10-26 07:00:00,0.4454,0.4473,0.4444,0.4463,118370.4393
2025-10-26 08:00:00,0.4466,0.4499,0.4466,0.4497,206006.92
2025-10-26 09:00:00,0.45,0.4561,0.4483,0.4544,411965.7911
2025-10-26 10:00:00,0.4545,0.4546,0.4512,0.4521,217515.9256
2025-10-26 11:00:00,0.4523,0.4607,0.451,0.4589,488323.3723
2025-10-26 12:00:00,0.4594,0.4615,0.4578,0.4604,330982.7371
2025-10-26 13:00:00,0.4604,0.4641,0.4588,0.4631,447518.7995
2025-10-26 14:00:00,0.463,0.4637,0.4599,0.4614,645999.2238
2025-10-26 15:00:00,0.4611,0.4632,0.4592,0.4631,828178.8625
2025-10-26 16:00:00,0.4632,0.4634,0.4596,0.4601,762847.0456
2025-10-26 17:00:00,0.4603,0.4612,0.4593,0.4604,259739.9237
2025-10-26 18:00:00,0.4602,0.462,0.4602,0.4611,59619.2309
2025-10-26 19:00:00,0.4612,0.4619,0.4603,0.4613,229825.8487
2025-10-26 20:00:00,0.4614,0.4616,0.4572,0.4578,180940.4076
2025-10-26 21:00:00,0.4578,0.4624,0.4568,0.4615,203961.047
2025-10-26 22:00:00,0.4623,0.4716,0.4623,0.4672,866761.0028
2025-10-26 23:00:00,0.4671,0.4682,0.4645,0.4648,198795.6369
2025-10-27 00:00:00,0.4651,0.4688,0.4637,0.4672,216207.6525
2025-10-27 01:00:00,0.4667,0.4705,0.4659,0.47,163667.2019
2025-10-27 02:00:00,0.4696,0.4715,0.4675,0.4701,471672.7163
2025-10-27 03:00:00,0.4694,0.4709,0.4675,0.4691,111039.7596
2025-10-27 04:00:00,0.4691,0.4713,0.4679,0.4711,99929.7275
2025-10-27 05:00:00,0.4707,0.4762,0.4706,0.4734,310097.5586
2025-10-27 06:00:00,0.4735,0.4735,0.4701,0.4714,119325.4304
2025-10-27 07:00:00,0.4714,0.4723,0.4646,0.4676,574446.6926
2025-10-27 08:00:00,0.4673,0.4692,0.4623,0.4639,451258.7326
2025-10-27 09:00:00,0.4635,0.4637,0.459,0.4605,349886.6413
2025-10-27 10:00:00,0.4603,0.4613,0.459,0.4595,213715.7852
2025-10-27 11:00:00,0.4596,0.4611,0.4562,0.4607,190334.384
2025-10-27 12:00:00,0.4606,0.4609,0.4557,0.4559,300286.4279
2025-10-27 13:00:00,0.4559,0.4594,0.4521,0.4579,421400.7124
2025-10-27 14:00:00,0.4581,0.4586,0.4535,0.4555,239253.3534
2025-10-27 15:00:00,0.4555,0.4597,0.4555,0.4569,258459.0574
2025-10-27 16:00:00,0.4574,0.4655,0.4572,0.465,309883.4149
2025-10-27 17:00:00,0.465,0.4686,0.4635,0.4664,303873.7544
2025-10-27 18:00:00,0.4664,0.4681,0.4638,0.4638,177467.5826
2025-10-27 19:00:00,0.4642,0.4642,0.4591,0.4594,184004.2367
2025-10-27 20:00:00,0.4599,0.4599,0.4551,0.4559,373515.9873
2025-10-27 21:00:00,0.4557,0.4579,0.4535,0.4552,165711.4687
2025-10-27 22:00:00,0.4551,0.4571,0.4509,0.4519,234742.4246
2025-10-27 23:00:00,0.452,0.4531,0.4483,0.4522,134385.1276
2025-10-28 00:00:00,0.4521,0.4542,0.4499,0.4518,180641.3446
2025-10-28 01:00:00,0.4522,0.4553,0.4522,0.4539,108653.6899
2025-10-28 02:00:00,0.4541,0.4551,0.4484,0.452,213758.8762
2025-10-28 03:00:00,0.4515,0.4529,0.4487,0.451,154741.9961
2025-10-28 04:00:00,0.4506,0.4567,0.45,0.4551,332505.0455
2025-10-28 05:00:00,0.4552,0.456,0.4478,0.4485,216690.5044
2025-10-28 06:00:00,0.4489,0.4596,0.4486,0.4595,148346.0835
2025-10-28 07:00:00,0.4596,0.4615,0.4538,0.4544,172051.6667
2025-10-28 08:00:00,0.4551,0.4583,0.4544,0.4569,115033.5922
2025-10-28 09:00:00,0.4567,0.4577,0.4537,0.4555,86623.5965
2025-10-28 10:00:00,0.4556,0.4558,0.4529,0.4538,80812.0459
2025-10-28 11:00:00,0.454,0.4557,0.4519,0.4523,111399.4962
2025-10-28 12:00:00,0.4523,0.4579,0.452,0.4572,84711.2696
2025-10-28 13:00:00,0.4573,0.4621,0.4573,0.4606,242029.9714
2025-10-28 14:00:00,0.4605,0.4623,0.4453,0.4551,604345.131
2025-10-28 15:00:00,0.4549,0.4574,0.4505,0.4521,163432.6288
2025-10-28 16:00:00,0.4519,0.4572,0.4507,0.4556,188116.298
2025-10-28 17:00:00,0.456,0.4564,0.4526,0.4537,109125.2597
2025-10-28 18:00:00,0.4535,0.4546,0.4491,0.4507,83336.762
2025-10-28 19:00:00,0.4509,0.4512,0.44,0.4422,485328.2289
2025-10-28 20:00:00,0.4419,0.442,0.4302,0.433,702656.2366
2025-10-28 21:00:00,0.4329,0.4348,0.4267,0.4318,675361.1914
2025-10-28 22:00:00,0.4314,0.4378,0.4305,0.4369,222610.8521
2025-10-28 23:00:00,0.437,0.437,0.4342,0.4355,123917.2633
2025-10-29 00:00:00,0.4354,0.4375,0.4342,0.4354,115723.2435
2025-10-29 01:00:00,0.4351,0.4389,0.434,0.437,96748.211
2025-10-29 02:00:00,0.4368,0.437,0.4358,0.4364,54034.531
2025-10-29 03:00:00,0.4363,0.4363,0.4342,0.435,130843.6644
2025-10-29 04:00:00,0.4347,0.4369,0.4347,0.4353,33422.8132
2025-10-29 05:00:00,0.4352,0.4379,0.4347,0.4367,210711.1065
2025-10-29 06:00:00,0.4363,0.4373,0.4353,0.4366,55765.6329
2025-10-29 07:00:00,0.4364,0.4391,0.4354,0.4377,74921.6158
2025-10-29 08:00:00,0.4375,0.438,0.4349,0.4356,56597.458
2025-10-29 09:00:00,0.4357,0.4384,0.4346,0.4379,38926.98
2025-10-29 10:00:00,0.4377,0.4453,0.4375,0.4442,306621.6498
2025-10-29 11:00:00,0.4444,0.448,0.444,0.4456,309258.4193
2025-10-29 12:00:00,0.4457,0.4486,0.4455,0.4471,96502.9036
2025-10-29 13:00:00,0.4475,0.45,0.4463,0.4475,221981.28
2025-10-29 14:00:00,0.4475,0.448,0.4437,0.4464,203689.6611
2025-10-29 15:00:00,0.4465,0.4473,0.4369,0.4401,258672.2963
2025-10-29 16:00:00,0.4395,0.4434,0.4369,0.4391,210438.357
2025-10-29 17:00:00,0.4394,0.4511,0.4384,0.4511,112757.7902
2025-10-29 18:00:00,0.4508,0.4523,0.4256,0.4429,2612604.7124
2025-10-29 19:00:00,0.4427,0.4504,0.4422,0.4482,313377.8315
2025-10-29 20:00:00,0.4486,0.456,0.4456,0.4515,306855.0407
2025-10-29 21:00:00,0.4518,0.4534,0.4487,0.4508,213349.0175
2025-10-29 22:00:00,0.4512,0.4515,0.4483,0.4483,63125.3392
2025-10-29 23:00:00,0.4485,0.4488,0.4383,0.4405,296246.1906
2025-10-30 00:00:00,0.4403,0.4454,0.4374,0.4449,149265.0439
2025-10-30 01:00:00,0.4443,0.4443,0.4399,0.4418,107819.9216
2025-10-30 02:00:00,0.4418,0.4476,0.4415,0.4455,137575.202
2025-10-30 03:00:00,0.4455,0.4455,0.441,0.4424,62827.7642
2025-10-30 04:00:00,0.4418,0.4419,0.423,0.4284,549634.3049
2025-10-30 05:00:00,0.4285,0.4357,0.4255,0.4349,441175.5696
2025-10-30 06:00:00,0.4347,0.4353,0.4305,0.4326,144206.7618
2025-10-30 07:00:00,0.4327,0.4392,0.4317,0.4378,202118.199
2025-10-30 08:00:00,0.4376,0.4376,0.4311,0.4313,160393.6046
2025-10-30 09:00:00,0.4314,0.4321,0.4281,0.4289,115848.2831
2025-10-30 10:00:00,0.4287,0.4301,0.4251,0.4266,169485.5
2025-10-30 11:00:00,0.427,0.428,0.4244,0.4245,115299.8641
2025-10-30 12:00:00,0.4245,0.4249,0.4132,0.4169,887554.3465
2025-10-30 13:00:00,0.417,0.4183,0.4074,0.4077,1044675.2275
2025-10-30 14:00:00,0.4075,0.4118,0.4069,0.4087,527545.96
2025-10-30 15:00:00,0.4084,0.4095,0.3998,0.4009,823253.1379
2025-10-30 16:00:00,0.4012,0.4043,0.3982,0.3996,889973.1693
2025-10-30 17:00:00,0.3994,0.3994,0.3892,0.3955,1163594.567
2025-10-30 18:00:00,0.3958,0.3963,0.3906,0.391,687986.6316
2025-10-30 19:00:00,0.391,0.3933,0.3864,0.3884,2225575.6379
2025-10-30 20:00:00,0.3886,0.394,0.387,0.3932,770078.0604
2025-10-30 21:00:00,0.3931,0.3948,0.3912,0.3935,223503.3448
2025-10-30 22:00:00,0.3934,0.3955,0.3927,0.3953,96594.0618
2025-10-30 23:00:00,0.3954,0.4008,0.3939,0.4004,602320.326
2025-10-31 00:00:00,0.4003,0.405,0.399,0.404,594053.7567
2025-10-31 01:00:00,0.4039,0.4083,0.4039,0.4078,329119.0779
2025-10-31 02:00:00,0.4079,0.4083,0.4029,0.4043,583624.0796
2025-10-31 03:00:00,0.4043,0.4048,0.4001,0.4021,655360.1917
2025-10-31 04:00:00,0.4019,0.405,0.4013,0.4045,615371.9031
2025-10-31 05:00:00,0.4042,0.4042,0.4007,0.401,169180.4982
2025-10-31 06:00:00,0.4012,0.4016,0.3982,0.3989,190618.4665
2025-10-31 07:00:00,0.3992,0.4009,0.3985,0.3989,197690.0222
2025-10-31 08:00:00,0.3987,0.4,0.3966,0.3993,314473.6308
2025-10-31 09:00:00,0.3992,0.4008,0.3977,0.3996,186772.0827
2025-10-31 10:00:00,0.3994,0.4018,0.3986,0.4006,106581.286
2025-10-31 11:00:00,0.4006,0.4064,0.3993,0.4063,188632.3139
2025-10-31 12:00:00,0.406,0.4077,0.4024,0.4025,375167.2743
2025-10-31 13:00:00,0.4023,0.4046,0.3983,0.4031,298414.0198
2025-10-31 14:00:00,0.4028,0.4048,0.3985,0.404,1786265.954
2025-10-31 15:00:00,0.4039,0.4064,0.4023,0.4047,231710.159
2025-10-31 16:00:00,0.4044,0.4049,0.3919,0.3927,511169.5053
2025-10-31 17:00:00,0.3923,0.3938,0.3876,0.3906,310558.615
2025-10-31 18:00:00,0.3909,0.397,0.3895,0.3948,380821.0554
2025-10-31 19:00:00,0.3943,0.4044,0.3918,0.4029,410331.1964
2025-10-31 20:00:00,0.4029,0.4035,0.3966,0.3972,263907.3198
2025-10-31 21:00:00,0.3972,0.3978,0.3953,0.3961,140832.3777
2025-10-31 22:00:00,0.3964,0.3993,0.3962,0.3983,57229.0825
2025-10-31 23:00:00,0.3983,0.3998,0.3977,0.3992,125056.5562
2025-11-01 00:00:00,0.3993,0.4015,0.3978,0.4013,107791.3815
2025-11-01 01:00:00,0.4013,0.4024,0.3981,0.3981,87388.3977
2025-11-01 02:00:00,0.3982,0.4015,0.396,0.4012,183600.4165
2025-11-01 03:00:00,0.4013,0.4031,0.4009,0.4022,129589.4465
2025-11-01 04:00:00,0.4021,0.4027,0.3995,0.3998,209535.7538
2025-11-01 05:00:00,0.3997,0.4,0.3978,0.398,92108.0981
2025-11-01 06:00:00,0.3981,0.4,0.3972,0.3999,128650.1194
2025-11-01 07:00:00,0.4,0.4073,0.3997,0.4059,306632.3973
2025-11-01 08:00:00,0.406,0.4083,0.404,0.408,307720.1507
2025-11-01 09:00:00,0.4077,0.4091,0.4042,0.4048,307594.3069
2025-11-01 10:00:00,0.405,0.4077,0.4039,0.4063,197783.9622
2025-11-01 11:00:00,0.4067,0.4104,0.4067,0.41,331646.1358
2025-11-01 12:00:00,0.41,0.4126,0.4095,0.4122,281199.4635
2025-11-01 13:00:00,0.4125,0.4138,0.4067,0.4101,956083.5112
2025-11-01 14:00:00,0.4101,0.411,0.4048,0.4075,281722.4516
2025-11-01 15:00:00,0.4071,0.4115,0.4066,0.4104,276187.8133
2025-11-01 16:00:00,0.4105,0.4147,0.4092,0.4131,252277.2894
2025-11-01 17:00:00,0.413,0.4154,0.4116,0.4148,198136.705
2025-11-01 18:00:00,0.4145,0.4163,0.4138,0.4155,320092.6652
2025-11-01 19:00:00,0.4153,0.4157,0.4132,0.4147,80748.2475
2025-11-01 20:00:00,0.415,0.4183,0.4145,0.4164,229261.9934
2025-11-01 21:00:00,0.4164,0.418,0.4122,0.4122,233364.1151
2025-11-01 22:00:00,0.4124,0.4157,0.4122,0.4157,440920.9276
2025-11-01 23:00:00,0.4155,0.4175,0.4147,0.417,114622.5883
2025-11-02 00:00:00,0.4172,0.4174,0.4133,0.4136,76693.6283
2025-11-02 01:00:00,0.4133,0.415,0.4122,0.4136,87436.3354
2025-11-02 02:00:00,0.4133,0.4157,0.4128,0.4137,86462.5491
2025-11-02 03:00:00,0.4135,0.4142,0.411,0.4118,72280.9035
2025-11-02 04:00:00,0.4115,0.4196,0.4111,0.4195,411908.1928
2025-11-02 05:00:00,0.4194,0.4222,0.4173,0.4219,514741.6549
2025-11-02 06:00:00,0.4217,0.4255,0.4204,0.425,508079.1545
2025-11-02 07:00:00,0.4251,0.4268,0.4242,0.4264,346392.0189
2025-11-02 08:00:00,0.4264,0.4273,0.4227,0.4248,326229.1806
2025-11-02 09:00:00,0.4248,0.4282,0.4224,0.423,309402.7096
2025-11-02 10:00:00,0.4235,0.4248,0.4204,0.4224,656147.0646
2025-11-02 11:00:00,0.4225,0.4291,0.4213,0.429,495334.597
2025-11-02 12:00:00,0.4292,0.4305,0.4251,0.4256,619015.3716
2025-11-02 13:00:00,0.4257,0.4259,0.4211,0.4221,358483.1237
2025-11-02 14:00:00,0.4225,0.4232,0.4111,0.4127,1445765.8559
2025-11-02 15:00:00,0.4125,0.4163,0.4088,0.412,609248.5363
2025-11-02 16:00:00,0.4119,0.4149,0.4059,0.4149,432838.8922
2025-11-02 17:00:00,0.415,0.4153,0.4101,0.4129,339438.7175
2025-11-02 18:00:00,0.4125,0.4125,0.4098,0.41,84548.0802
2025-11-02 19:00:00,0.4101,0.4107,0.4057,0.4092,221036.7791
2025-11-02 20:00:00,0.4093,0.4114,0.4075,0.4112,69741.965
2025-11-02 21:00:00,0.4116,0.4139,0.4108,0.4116,276690.853
2025-11-02 22:00:00,0.4117,0.413,0.4094,0.4111,55848.9207
2025-11-02 23:00:00,0.4113,0.4219,0.4113,0.4205,590135.8273
2025-11-03 00:00:00,0.4206,0.4217,0.4122,0.4122,487079.3515
2025-11-03 01:00:00,0.4121,0.413,0.406,0.4072,662949.9905
2025-11-03 02:00:00,0.407,0.4076,0.3996,0.4029,469579.5674
2025-11-03 03:00:00,0.4029,0.4031,0.3861,0.3876,1045749.4699
2025-11-03 04:00:00,0.3876,0.3878,0.3824,0.3868,795078.0202
2025-11-03 05:00:00,0.3868,0.3911,0.3821,0.3828,778675.1311
2025-11-03 06:00:00,0.3825,0.3837,0.3759,0.3818,1071371.458
2025-11-03 07:00:00,0.3816,0.3883,0.3794,0.3846,649139.2528
2025-11-03 08:00:00,0.3845,0.3848,0.3784,0.3833,534161.1599
2025-11-03 09:00:00,0.3833,0.3876,0.3797,0.38,489680.2279
2025-11-03 10:00:00,0.3804,0.3827,0.3759,0.3774,477291.5486
2025-11-03 11:00:00,0.3776,0.3825,0.3776,0.3804,522958.0601
2025-11-03 12:00:00,0.3808,0.3838,0.3799,0.3801,304072.4531
2025-11-03 13:00:00,0.38,0.385,0.378,0.3824,447787.6714
2025-11-03 14:00:00,0.3826,0.3876,0.3823,0.3866,510495.6762
2025-11-03 15:00:00,0.3866,0.3872,0.3434,0.354,7200554.3901
2025-11-03 16:00:00,0.3542,0.3633,0.3515,0.3603,1211308.799
2025-11-03 17:00:00,0.3601,0.3681,0.3593,0.368,1312957.3865
2025-11-03 18:00:00,0.3677,0.3683,0.3574,0.3582,490144.8038
2025-11-03 19:00:00,0.3582,0.3604,0.3546,0.3548,359563.4878
2025-11-03 20:00:00,0.3552,0.3557,0.3433,0.3463,809995.1217
2025-11-03 21:00:00,0.346,0.352,0.3437,0.3508,575202.0678
2025-11-03 22:00:00,0.3507,0.3525,0.3447,0.349,654267.4546
2025-11-03 23:00:00,0.3488,0.3548,0.346,0.3523,921638.3372
2025-11-04 00:00:00,0.3526,0.3577,0.3482,0.3562,1348696.6313
2025-11-04 01:00:00,0.3564,0.3614,0.3548,0.3573,693555.9478
2025-11-04 02:00:00,0.3571,0.3601,0.3559,0.3583,596282.5592
2025-11-04 03:00:00,0.3583,0.364,0.3569,0.3636,382329.4154
2025-11-04 04:00:00,0.3638,0.3675,0.3627,0.3632,583773.2501
2025-11-04 05:00:00,0.363,0.3644,0.3433,0.3438,1243134.9601
2025-11-04 06:00:00,0.3436,0.3593,0.3431,0.3519,712388.653
2025-11-04 07:00:00,0.3515,0.352,0.3437,0.347,729879.2986
2025-11-04 08:00:00,0.3469,0.3579,0.3453,0.3541,567094.8793
2025-11-04 09:00:00,0.3543,0.3573,0.3517,0.3573,379765.6427
2025-11-04 10:00:00,0.3573,0.3609,0.3569,0.3603,432352.9809
2025-11-04 11:00:00,0.3604,0.3683,0.3596,0.3624,1040021.4486
2025-11-04 12:00:00,0.3622,0.3623,0.3569,0.3589,409057.1455
2025-11-04 13:00:00,0.3591,0.3608,0.3549,0.3574,894121.9865
2025-11-04 14:00:00,0.3571,0.3686,0.3535,0.3654,1584188.1612
2025-11-04 15:00:00,0.3657,0.3671,0.3557,0.3573,1567695.6004
2025-11-04 16:00:00,0.3577,0.3604,0.3494,0.3502,1020884.6813
2025-11-04 17:00:00,0.3501,0.3501,0.337,0.3452,1613054.8093
2025-11-04 18:00:00,0.3451,0.3452,0.3289,0.3403,2139893.0561
2025-11-04 19:00:00,0.34,0.3436,0.3347,0.3353,311119.5076
2025-11-04 20:00:00,0.3354,0.3393,0.3187,0.3349,1717831.719
2025-11-04 21:00:00,0.3351,0.3364,0.318,0.3361,1552052.1177
2025-11-04 22:00:00,0.3366,0.3481,0.3345,0.3466,1043154.9475
2025-11-04 23:00:00,0.3464,0.35,0.3454,0.3454,762514.6547
2025-11-05 00:00:00,0.3454,0.3472,0.3398,0.3426,666354.0966
2025-11-05 01:00:00,0.3427,0.3427,0.3282,0.3405,753592.26
2025-11-05 02:00:00,0.341,0.3537,0.341,0.3535,982869.3465
2025-11-05 03:00:00,0.3536,0.3551,0.3507,0.3533,459828.7117
2025-11-05 04:00:00,0.3532,0.3548,0.3505,0.3525,469481.1047
2025-11-05 05:00:00,0.3529,0.3552,0.3513,0.3517,140791.9484
2025-11-05 06:00:00,0.3517,0.3532,0.3487,0.3532,304545.3357
2025-11-05 07:00:00,0.353,0.353,0.3491,0.3524,259827.975
2025-11-05 08:00:00,0.3522,0.3522,0.3459,0.3486,309510.6636
2025-11-05 09:00:00,0.3482,0.3533,0.3474,0.3528,277300.8805
2025-11-05 10:00:00,0.3526,0.3532,0.3487,0.349,436265.551
2025-11-05 11:00:00,0.349,0.3576,0.349,0.3567,505917.6036
2025-11-05 12:00:00,0.3566,0.3598,0.3549,0.3574,620250.4629
2025-11-05 13:00:00,0.3569,0.362,0.3546,0.359,667964.9914
2025-11-05 14:00:00,0.3588,0.3617,0.3545,0.3591,863167.8728
2025-11-05 15:00:00,0.3591,0.3638,0.3577,0.3637,785927.9851
2025-11-05 16:00:00,0.3638,0.368,0.3596,0.3674,959383.3197
2025-11-05 17:00:00,0.3672,0.3702,0.3657,0.3702,561935.7558
2025-11-05 18:00:00,0.3702,0.3739,0.3687,0.3727,551315.0869
2025-11-05 19:00:00,0.3727,0.3767,0.3717,0.3743,460761.5518
2025-11-05 20:00:00,0.3743,0.3774,0.3707,0.3721,506589.445
2025-11-05 21:00:00,0.3719,0.3725,0.3693,0.3709,471453.4685
2025-11-05 22:00:00,0.3707,0.375,0.37,0.3748,206945.1202
2025-11-05 23:00:00,0.375,0.3755,0.3721,0.3724,161742.7833
2025-11-06 00:00:00,0.3728,0.3728,0.3671,0.3694,252466.1555
2025-11-06 01:00:00,0.369,0.369,0.3637,0.3678,454381.6448
2025-11-06 02:00:00,0.3676,0.3716,0.3641,0.3688,366866.6901
2025-11-06 03:00:00,0.3689,0.3701,0.3672,0.3673,204463.2797
2025-11-06 04:00:00,0.3673,0.37,0.367,0.368,178552.9337
2025-11-06 05:00:00,0.3679,0.3679,0.3614,0.3618,201295.3761
2025-11-06 06:00:00,0.362,0.3644,0.3616,0.3617,164704.746
2025-11-06 07:00:00,0.3621,0.364,0.3598,0.3607,302768.3482
2025-11-06 08:00:00,0.3605,0.3626,0.3595,0.3612,200210.543
2025-11-06 09:00:00,0.3616,0.3634,0.3602,0.3604,167785.7644
2025-11-06 10:00:00,0.3608,0.3637,0.358,0.3626,186099.6639
2025-11-06 11:00:00,0.3626,0.3629,0.3603,0.3613,116082.1734
2025-11-06 12:00:00,0.3613,0.3624,0.3572,0.3572,498485.9503
2025-11-06 13:00:00,0.3571,0.369,0.3571,0.3651,1001910.9103
2025-11-06 14:00:00,0.3657,0.3671,0.3579,0.3595,720618.7997
2025-11-06 15:00:00,0.3597,0.3647,0.3536,0.3555,677251.3203
2025-11-06 16:00:00,0.3559,0.3578,0.3493,0.3544,559437.562
2025-11-06 17:00:00,0.355,0.3616,0.3533,0.3608,538349.4643
2025-11-06 18:00:00,0.3608,0.366,0.3568,0.3633,701451.7023
2025-11-06 19:00:00,0.363,0.3653,0.3613,0.3641,324557.4991
2025-11-06 20:00:00,0.3642,0.3667,0.3596,0.3615,561464.9943
2025-11-06 21:00:00,0.3615,0.3658,0.3608,0.3643,506793.347
2025-11-06 22:00:00,0.3642,0.3648,0.3603,0.3643,410361.6225
2025-11-06 23:00:00,0.3642,0.3649,0.3602,0.3648,559760.2443
2025-11-07 00:00:00,0.3648,0.3705,0.3644,0.3691,776617.9313
2025-11-07 01:00:00,0.369,0.373,0.3647,0.3709,846967.5279
2025-11-07 02:00:00,0.3711,0.3764,0.3688,0.3762,526745.1502
2025-11-07 03:00:00,0.3762,0.3804,0.3745,0.3757,312112.2912
2025-11-07 04:00:00,0.3763,0.3778,0.3694,0.3726,574292.7413
2025-11-07 05:00:00,0.3729,0.3803,0.3726,0.38,635948.1205
2025-11-07 06:00:00,0.38,0.386,0.3788,0.3801,563504.1084
2025-11-07 07:00:00,0.3806,0.3871,0.3781,0.387,459643.3366
2025-11-07 08:00:00,0.3872,0.3883,0.3838,0.3869,453950.7306
2025-11-07 09:00:00,0.3869,0.39,0.3788,0.3851,898006.6024
2025-11-07 10:00:00,0.3853,0.3885,0.381,0.3834,662830.8448
2025-11-07 11:00:00,0.3834,0.3838,0.3758,0.3811,743565.4475
2025-11-07 12:00:00,0.3817,0.383,0.3691,0.3724,590549.3647
2025-11-07 13:00:00,0.3724,0.3813,0.3708,0.3796,510475.2689
2025-11-07 14:00:00,0.3794,0.3932,0.3735,0.3916,779894.9425
2025-11-07 15:00:00,0.3917,0.4013,0.3876,0.4001,1185463.34
2025-11-07 16:00:00,0.4,0.4201,0.3993,0.4166,2103437.4951
2025-11-07 17:00:00,0.4169,0.4305,0.4127,0.43,1606219.4521
2025-11-07 18:00:00,0.4301,0.4372,0.4274,0.4291,1720646.0011
2025-11-07 19:00:00,0.429,0.4319,0.4259,0.4286,901285.5263
2025-11-07 20:00:00,0.4285,0.4364,0.4282,0.4356,494219.294
2025-11-07 21:00:00,0.4359,0.4382,0.4312,0.4325,2467410.7723
2025-11-07 22:00:00,0.4325,0.4332,0.4282,0.4307,396965.7416
2025-11-07 23:00:00,0.4309,0.431,0.4224,0.4235,473420.1881
2025-11-08 00:00:00,0.4236,0.4299,0.4173,0.4173,793968.1755
2025-11-08 01:00:00,0.418,0.4288,0.4172,0.4284,265584.8203
2025-11-08 02:00:00,0.4285,0.4369,0.4284,0.4315,486372.6059
2025-11-08 03:00:00,0.4314,0.4368,0.4278,0.4281,434029.729
2025-11-08 04:00:00,0.4282,0.4358,0.4282,0.4304,1599683.7193
2025-11-08 05:00:00,0.4305,0.4312,0.4215,0.4218,554126.069
2025-11-08 06:00:00,0.4219,0.4247,0.4173,0.423,355990.1262
2025-11-08 07:00:00,0.4227,0.4268,0.4189,0.4258,396157.2628
2025-11-08 08:00:00,0.4257,0.4332,0.422,0.4299,185306.4229
2025-11-08 09:00:00,0.4298,0.4298,0.4208,0.4226,275665.8344
2025-11-08 10:00:00,0.4225,0.4298,0.4221,0.4293,297757.4446
2025-11-08 11:00:00,0.4289,0.434,0.4277,0.4306,364216.6339
2025-11-08 12:00:00,0.4304,0.435,0.4286,0.4317,711444.6863
2025-11-08 13:00:00,0.4318,0.4318,0.4215,0.4215,817868.0682
2025-11-08 14:00:00,0.4219,0.4235,0.4162,0.4208,571093.4711
2025-11-08 15:00:00,0.4209,0.4212,0.4119,0.4137,387812.8027
2025-11-08 16:00:00,0.4138,0.4177,0.4105,0.4164,390170.497
2025-11-08 17:00:00,0.4165,0.42,0.4138,0.4177,143036.8751
2025-11-08 18:00:00,0.4177,0.4211,0.4159,0.4191,41608.7251
2025-11-08 19:00:00,0.4189,0.4203,0.4144,0.4185,80103.8552
2025-11-08 20:00:00,0.4185,0.42,0.4155,0.4181,68038.3341
2025-11-08 21:00:00,0.4184,0.4212,0.4172,0.4204,63821.6082
2025-11-08 22:00:00,0.4204,0.4241,0.4202,0.4224,243754.1162
2025-11-08 23:00:00,0.422,0.4238,0.421,0.4233,108254.4035
2025-11-09 00:00:00,0.4234,0.4237,0.4171,0.4182,227781.5708
2025-11-09 01:00:00,0.418,0.4226,0.417,0.4198,95808.4142
2025-11-09 02:00:00,0.4196,0.42,0.4063,0.4075,442877.8187
2025-11-09 03:00:00,0.4075,0.4086,0.4028,0.4052,295762.228
2025-11-09 04:00:00,0.4052,0.4097,0.4044,0.4059,137024.5802
2025-11-09 05:00:00,0.4059,0.4083,0.4044,0.4077,61043.3452
2025-11-09 06:00:00,0.4073,0.4117,0.406,0.4073,183884.9376
2025-11-09 07:00:00,0.4074,0.4156,0.4074,0.4144,239462.0802
2025-11-09 08:00:00,0.4145,0.4145,0.4089,0.4102,82799.2548
2025-11-09 09:00:00,0.4105,0.4151,0.407,0.4075,349792.5145
2025-11-09 10:00:00,0.4074,0.4119,0.4043,0.4118,174841.8752
2025-11-09 11:00:00,0.412,0.419,0.412,0.4156,375942.2428
2025-11-09 12:00:00,0.4158,0.4195,0.415,0.4168,243834.3449
2025-11-09 13:00:00,0.4168,0.4201,0.4158,0.4173,168971.7032
2025-11-09 14:00:00,0.417,0.429,0.4151,0.4226,946680.0559
2025-11-09 15:00:00,0.4231,0.4296,0.423,0.4247,383397.0677
2025-11-09 16:00:00,0.4246,0.4298,0.4206,0.4281,1073896.2632
2025-11-09 17:00:00,0.4284,0.4296,0.4249,0.4275,466692.6958
2025-11-09 18:00:00,0.4274,0.4333,0.4238,0.4323,487925.6802
2025-11-09 19:00:00,0.4323,0.4349,0.4304,0.4348,449140.6883
2025-11-09 20:00:00,0.4348,0.4348,0.4297,0.4309,319845.8884
2025-11-09 21:00:00,0.4312,0.4325,0.4294,0.4303,150469.4642
2025-11-09 22:00:00,0.4305,0.4317,0.4262,0.4297,286607.5497
2025-11-09 23:00:00,0.4301,0.4347,0.4265,0.4285,439785.9368
2025-11-10 00:00:00,0.4288,0.4366,0.4247,0.4338,313585.0662
2025-11-10 01:00:00,0.4338,0.4354,0.43,0.4321,434000.6639
2025-11-10 02:00:00,0.4319,0.4346,0.4297,0.4323,278666.0228
2025-11-10 03:00:00,0.4322,0.4371,0.4322,0.4351,352290.0438
2025-11-10 04:00:00,0.4353,0.4361,0.4308,0.4349,111166.2964
2025-11-10 05:00:00,0.4351,0.4412,0.4338,0.4377,434357.5897
2025-11-10 06:00:00,0.4377,0.4395,0.4329,0.4365,281379.3395
2025-11-10 07:00:00,0.4367,0.439,0.4335,0.4354,195345.8399
2025-11-10 08:00:00,0.4356,0.4364,0.4291,0.4318,400527.2569
2025-11-10 09:00:00,0.4317,0.4425,0.4308,0.441,492408.8371
2025-11-10 10:00:00,0.4411,0.4426,0.4318,0.4342,329468.5497
2025-11-10 11:00:00,0.4344,0.4416,0.434,0.4385,316601.7286
2025-11-10 12:00:00,0.4387,0.4392,0.4346,0.4368,426548.5499
2025-11-10 13:00:00,0.4364,0.4426,0.4358,0.44,467860.5339
2025-11-10 14:00:00,0.4398,0.4398,0.4266,0.4303,662178.9063
2025-11-10 15:00:00,0.4303,0.4377,0.4296,0.4326,691287.2455
2025-11-10 16:00:00,0.4327,0.4347,0.4253,0.427,586932.8349
2025-11-10 17:00:00,0.4267,0.4345,0.4261,0.4338,289009.0676
2025-11-10 18:00:00,0.4338,0.4351,0.431,0.431,354809.1565
2025-11-10 19:00:00,0.4314,0.4428,0.43,0.4385,457783.2227
2025-11-10 20:00:00,0.4384,0.4452,0.4382,0.4405,466373.4266
2025-11-10 21:00:00,0.4406,0.441,0.4349,0.4398,537546.5339
2025-11-10 22:00:00,0.44,0.4536,0.4348,0.4515,804139.0793
2025-11-10 23:00:00,0.4517,0.4519,0.4418,0.4447,578974.8262
2025-11-11 00:00:00,0.4446,0.4471,0.4353,0.4399,503801.8596
2025-11-11 01:00:00,0.4402,0.454,0.439,0.4405,1176854.316
2025-11-11 02:00:00,0.4404,0.4519,0.4368,0.4485,903306.1744
2025-11-11 03:00:00,0.4483,0.4508,0.4457,0.4473,757315.3319
2025-11-11 04:00:00,0.447,0.4482,0.4391,0.4397,841147.5429
2025-11-11 05:00:00,0.4399,0.4399,0.4316,0.4317,539863.5873
2025-11-11 06:00:00,0.432,0.4343,0.4296,0.4328,558364.1576
2025-11-11 07:00:00,0.4326,0.433,0.4244,0.4245,548472.4616
2025-11-11 08:00:00,0.4245,0.4276,0.4221,0.4254,520263.84
2025-11-11 09:00:00,0.4254,0.4298,0.4235,0.4243,490189.9387
2025-11-11 10:00:00,0.424,0.4274,0.4236,0.426,357693.0514
2025-11-11 11:00:00,0.4261,0.4294,0.4231,0.4257,125921.9711
2025-11-11 12:00:00,0.4257,0.4283,0.4214,0.4232,489955.4442
2025-11-11 13:00:00,0.4235,0.4285,0.4229,0.423,308313.5336
2025-11-11 14:00:00,0.4231,0.43,0.4205,0.4297,665886.2406
2025-11-11 15:00:00,0.4297,0.4297,0.4209,0.4229,295686.5995
2025-11-11 16:00:00,0.4227,0.4258,0.4208,0.4226,389875.8151
2025-11-11 17:00:00,0.4227,0.4263,0.419,0.4195,516153.0275
2025-11-11 18:00:00,0.4196,0.4214,0.4161,0.4176,666462.2179
2025-11-11 19:00:00,0.4175,0.4178,0.4132,0.4139,401820.6981
2025-11-11 20:00:00,0.4139,0.4149,0.4078,0.4086,522234.032
2025-11-11 21:00:00,0.4088,0.4119,0.4065,0.408,431270.9919
2025-11-11 22:00:00,0.4079,0.4126,0.4053,0.4119,253794.0648
2025-11-11 23:00:00,0.4116,0.4117,0.405,0.4064,261276.1593
2025-11-12 00:00:00,0.4066,0.4091,0.4033,0.4044,325142.2806
2025-11-12 01:00:00,0.4046,0.4113,0.4044,0.4104,337157.0498
2025-11-12 02:00:00,0.4106,0.4128,0.4073,0.4113,317037.9491
2025-11-12 03:00:00,0.4111,0.4141,0.4107,0.4131,71750.0994
2025-11-12 04:00:00,0.4133,0.4137,0.4102,0.4115,67758.557
2025-11-12 05:00:00,0.412,0.4142,0.4106,0.4123,113306.9841
2025-11-12 06:00:00,0.4124,0.4164,0.412,0.4151,274756.0202
2025-11-12 07:00:00,0.4147,0.4185,0.4118,0.4124,330772.5803
2025-11-12 08:00:00,0.4124,0.4245,0.4124,0.4212,260296.3754
2025-11-12 09:00:00,0.4216,0.4246,0.4208,0.4243,435259.5744
2025-11-12 10:00:00,0.4246,0.431,0.4246,0.4297,513817.2569
2025-11-12 11:00:00,0.4299,0.4312,0.4264,0.4277,807641.9309
2025-11-12 12:00:00,0.4278,0.4301,0.4256,0.4264,281757.7473
2025-11-12 13:00:00,0.4264,0.4337,0.4254,0.433,514589.4734
2025-11-12 14:00:00,0.4332,0.4333,0.4162,0.4219,955480.5422
2025-11-12 15:00:00,0.4216,0.4253,0.4078,0.4093,948419.3194
2025-11-12 16:00:00,0.4091,0.4102,0.3968,0.3983,1107712.9957
2025-11-12 17:00:00,0.3988,0.4045,0.394,0.4014,542463.3838
2025-11-12 18:00:00,0.4012,0.4034,0.3964,0.3973,319643.1026
2025-11-12 19:00:00,0.3972,0.399,0.3925,0.3968,471056.376
2025-11-12 20:00:00,0.3965,0.4048,0.3953,0.4024,174674.0677
2025-11-12 21:00:00,0.4028,0.4045,0.4008,0.4017,147837.4429
2025-11-12 22:00:00,0.4015,0.4032,0.3994,0.4032,119556.6396
2025-11-12 23:00:00,0.403,0.403,0.3977,0.3997,278274.8521
2025-11-13 00:00:00,0.3997,0.4037,0.3988,0.4014,197169.1876
2025-11-13 01:00:00,0.4015,0.4085,0.4015,0.406,275031.5141
2025-11-13 02:00:00,0.4062,0.4069,0.4028,0.4042,95731.5281
2025-11-13 03:00:00,0.4044,0.4131,0.3967,0.4084,666174.808
2025-11-13 04:00:00,0.4083,0.4115,0.4054,0.4093,368641.6851
2025-11-13 05:00:00,0.4092,0.4166,0.4067,0.4154,425155.9876
2025-11-13 06:00:00,0.4157,0.418,0.4143,0.416,482767.9078
2025-11-13 07:00:00,0.4164,0.4185,0.4141,0.4149,386821.8529
2025-11-13 08:00:00,0.4149,0.419,0.4139,0.4165,345821.8185
2025-11-13 09:00:00,0.4168,0.4169,0.41,0.4106,457571.342
2025-11-13 10:00:00,0.411,0.4174,0.411,0.4136,216519.6939
2025-11-13 11:00:00,0.4137,0.4164,0.4127,0.4138,133350.9878
2025-11-13 12:00:00,0.4139,0.4182,0.4129,0.4182,268386.6778
2025-11-13 13:00:00,0.4183,0.4217,0.4156,0.417,574858.3921
2025-11-13 14:00:00,0.4176,0.4279,0.4116,0.4245,861692.1705
2025-11-13 15:00:00,0.424,0.4298,0.4152,0.4205,1168385.4179
2025-11-13 16:00:00,0.4203,0.4206,0.404,0.4048,1322329.2319
2025-11-13 17:00:00,0.4048,0.4067,0.3904,0.3913,1584416.7305
2025-11-13 18:00:00,0.3916,0.3926,0.3837,0.3876,1388534.1118
2025-11-13 19:00:00,0.3878,0.3902,0.3772,0.3792,918788.5454
2025-11-13 20:00:00,0.3781,0.3822,0.3753,0.3786,721620.427
2025-11-13 21:00:00,0.3785,0.3813,0.3742,0.3774,1021177.5596
2025-11-13 22:00:00,0.3773,0.3889,0.3764,0.3883,1815137.1457
2025-11-13 23:00:00,0.3883,0.3948,0.3858,0.3903,756566.3505
2025-11-14 00:00:00,0.3905,0.3943,0.3865,0.3893,630401.5561
2025-11-14 01:00:00,0.3886,0.3907,0.3862,0.3867,467526.2693
2025-11-14 02:00:00,0.3871,0.3929,0.3868,0.3876,647474.9627
2025-11-14 03:00:00,0.3878,0.3883,0.3823,0.3845,540802.0053
2025-11-14 04:00:00,0.3842,0.3842,0.3664,0.374,1448649.872
2025-11-14 05:00:00,0.3744,0.3848,0.3741,0.3834,800126.3597
2025-11-14 06:00:00,0.3833,0.3915,0.3775,0.3915,571414.5273
2025-11-14 07:00:00,0.391,0.3926,0.3866,0.388,822331.6819
2025-11-14 08:00:00,0.3878,0.3889,0.3825,0.3842,317312.1866
2025-11-14 09:00:00,0.384,0.3848,0.3776,0.3779,503229.6817
2025-11-14 10:00:00,0.3783,0.3832,0.3783,0.3813,425624.7773
2025-11-14 11:00:00,0.381,0.3815,0.376,0.3794,309238.2156
2025-11-14 12:00:00,0.3795,0.3821,0.3702,0.381,954764.4903
2025-11-14 13:00:00,0.3811,0.384,0.3745,0.3798,646540.3561
2025-11-14 14:00:00,0.3801,0.3917,0.3766,0.3889,683820.6935
2025-11-14 15:00:00,0.3885,0.3949,0.3833,0.3902,558825.4922
2025-11-14 16:00:00,0.3901,0.3946,0.3873,0.3931,754120.3292
2025-11-14 17:00:00,0.3928,0.394,0.3839,0.3857,618741.1005
2025-11-14 18:00:00,0.3854,0.3909,0.3838,0.3857,435937.6235
2025-11-14 19:00:00,0.3856,0.3933,0.3846,0.3925,492846.006
2025-11-14 20:00:00,0.3926,0.3939,0.3805,0.3835,372102.9121
2025-11-14 21:00:00,0.3819,0.389,0.3813,0.3858,529089.4888
2025-11-14 22:00:00,0.3858,0.3888,0.3813,0.3832,288940.2292
2025-11-14 23:00:00,0.3831,0.3831,0.3702,0.3787,992531.6005
2025-11-15 00:00:00,0.3788,0.3844,0.3784,0.3844,345167.5637
2025-11-15 01:00:00,0.3845,0.3895,0.3815,0.3885,458412.0411
2025-11-15 02:00:00,0.3885,0.3922,0.3875,0.3922,319616.3932
2025-11-15 03:00:00,0.3919,0.3956,0.3909,0.3937,573519.7346
2025-11-15 04:00:00,0.3939,0.3974,0.3936,0.3946,228579.4256
2025-11-15 05:00:00,0.3946,0.3974,0.3922,0.3969,394492.0835
2025-11-15 06:00:00,0.397,0.4028,0.3962,0.3992,330903.7861
2025-11-15 07:00:00,0.399,0.399,0.3929,0.3934,186175.1219
2025-11-15 08:00:00,0.3934,0.3935,0.385,0.3867,523877.4043
2025-11-15 09:00:00,0.3865,0.3908,0.3857,0.3859,285816.9759
2025-11-15 10:00:00,0.3864,0.3905,0.3851,0.3904,282866.9654
2025-11-15 11:00:00,0.3902,0.391,0.3867,0.3897,224212.7775
2025-11-15 12:00:00,0.3896,0.3944,0.3887,0.3937,108262.6295
2025-11-15 13:00:00,0.3934,0.3981,0.393,0.3946,249475.7281
2025-11-15 14:00:00,0.3944,0.3944,0.391,0.3929,217385.3751
2025-11-15 15:00:00,0.3927,0.3946,0.3904,0.3908,270567.783
2025-11-15 16:00:00,0.3906,0.3915,0.3876,0.391,125475.9803
2025-11-15 17:00:00,0.3915,0.3962,0.3906,0.3961,275385.5396
2025-11-15 18:00:00,0.3963,0.3978,0.394,0.3946,172367.694
2025-11-15 19:00:00,0.3948,0.3959,0.3932,0.3939,98715.8531
2025-11-15 20:00:00,0.394,0.3953,0.391,0.3914,182408.9452
2025-11-15 21:00:00,0.3917,0.3951,0.3884,0.3892,126883.2597
2025-11-15 22:00:00,0.3888,0.3923,0.3882,0.3918,127897.1687
2025-11-15 23:00:00,0.3921,0.3925,0.3896,0.3896,64327.954
2025-11-16 00:00:00,0.3897,0.3904,0.3846,0.3879,221344.0833
2025-11-16 01:00:00,0.3878,0.3898,0.3826,0.3882,261915.1191
2025-11-16 02:00:00,0.3874,0.3956,0.3866,0.3956,242377.5544
2025-11-16 03:00:00,0.3955,0.3986,0.3948,0.3966,209051.5584
2025-11-16 04:00:00,0.3965,0.3968,0.392,0.3945,84134.6617
2025-11-16 05:00:00,0.3946,0.3985,0.3941,0.3958,168585.6176
2025-11-16 06:00:00,0.3959,0.3977,0.3948,0.3951,119476.8257
2025-11-16 07:00:00,0.395,0.399,0.3944,0.399,152488.5697
2025-11-16 08:00:00,0.399,0.3991,0.3946,0.3954,89797.7098
2025-11-16 09:00:00,0.3954,0.4003,0.3939,0.4,477357.9362
2025-11-16 10:00:00,0.3999,0.3999,0.3967,0.3968,167725.5922
2025-11-16 11:00:00,0.3969,0.3971,0.3868,0.3878,543113.7389
2025-11-16 12:00:00,0.3877,0.3908,0.386,0.389,318530.8475
2025-11-16 13:00:00,0.3887,0.3898,0.3827,0.3845,400351.554
2025-11-16 14:00:00,0.3846,0.3889,0.3831,0.3878,214814.7715
2025-11-16 15:00:00,0.3871,0.3875,0.3776,0.3776,512173.615
2025-11-16 16:00:00,0.3783,0.3824,0.3705,0.3718,627227.7881
2025-11-16 17:00:00,0.3718,0.3737,0.3661,0.3719,1227994.1556
2025-11-16 18:00:00,0.3717,0.3808,0.3701,0.3723,708238.4208
2025-11-16 19:00:00,0.3723,0.3802,0.3723,0.3746,358097.3859
2025-11-16 20:00:00,0.3748,0.3789,0.3738,0.3738,114267.9036
2025-11-16 21:00:00,0.3737,0.3741,0.3694,0.3733,383158.6565
2025-11-16 22:00:00,0.3734,0.3806,0.37,0.3793,344841.1841
2025-11-16 23:00:00,0.3797,0.3862,0.3709,0.3828,982380.1
2025-11-17 00:00:00,0.3828,0.3905,0.379,0.3884,464502.1712
2025-11-17 01:00:00,0.3887,0.3889,0.3842,0.3845,218644.742
2025-11-17 02:00:00,0.3851,0.3884,0.3839,0.3864,293688.975
2025-11-17 03:00:00,0.3871,0.3907,0.3869,0.3888,462997.6883
2025-11-17 04:00:00,0.3888,0.392,0.3875,0.3896,413338.6816
2025-11-17 05:00:00,0.39,0.3904,0.3862,0.387,154386.4151
2025-11-17 06:00:00,0.3873,0.3899,0.3854,0.3897,204988.1817
2025-11-17 07:00:00,0.39,0.3928,0.389,0.392,229956.7612
2025-11-17 08:00:00,0.3917,0.3926,0.3896,0.3898,246209.7348
2025-11-17 09:00:00,0.3899,0.3925,0.3877,0.3888,513104.0868
2025-11-17 10:00:00,0.3887,0.3911,0.3883,0.3894,185942.8493
2025-11-17 11:00:00,0.39,0.3939,0.3895,0.391,280238.0333
2025-11-17 12:00:00,0.3906,0.391,0.387,0.3879,137722.8312
2025-11-17 13:00:00,0.388,0.3881,0.3748,0.3784,678744.1437
2025-11-17 14:00:00,0.3787,0.3947,0.3763,0.3851,1033683.2851
2025-11-17 15:00:00,0.3856,0.3875,0.3781,0.3793,1179679.4887
2025-11-17 16:00:00,0.3797,0.3833,0.3716,0.3831,779264.4202
2025-11-17 17:00:00,0.3834,0.3835,0.3697,0.3707,500499.5152
2025-11-17 18:00:00,0.37,0.374,0.3625,0.3652,1080984.5244
2025-11-17 19:00:00,0.3648,0.367,0.3578,0.3598,1298637.9407
2025-11-17 20:00:00,0.3595,0.3624,0.3562,0.3603,1105355.9869
2025-11-17 21:00:00,0.3604,0.3637,0.3566,0.3596,922652.2965
2025-11-17 22:00:00,0.3595,0.3646,0.3582,0.3626,843659.0853
2025-11-17 23:00:00,0.3627,0.3659,0.3612,0.3658,297215.8286
2025-11-18 00:00:00,0.3655,0.3709,0.3598,0.3699,854188.4933
2025-11-18 01:00:00,0.3699,0.3725,0.3682,0.3706,381512.4331
2025-11-18 02:00:00,0.3701,0.3766,0.3643,0.3708,972572.2092
2025-11-18 03:00:00,0.3708,0.3798,0.3659,0.3795,1182876.2596
2025-11-18 04:00:00,0.3796,0.3811,0.3718,0.3805,1008162.4054
2025-11-18 05:00:00,0.3803,0.3859,0.3765,0.3783,627745.599
2025-11-18 06:00:00,0.3779,0.3788,0.3709,0.3711,538784.9848
2025-11-18 07:00:00,0.3708,0.3742,0.3693,0.3725,293432.3078
2025-11-18 08:00:00,0.3733,0.3762,0.3703,0.3744,402897.0283
2025-11-18 09:00:00,0.3747,0.376,0.3712,0.3758,301857.4332
2025-11-18 10:00:00,0.3761,0.3783,0.3751,0.3781,673491.642
2025-11-18 11:00:00,0.3777,0.3786,0.3738,0.3746,187852.6409
2025-11-18 12:00:00,0.3751,0.3778,0.3719,0.3774,300019.2895
2025-11-18 13:00:00,0.3771,0.3773,0.3732,0.3758,211548.393
2025-11-18 14:00:00,0.3766,0.3812,0.3728,0.3734,570591.0655
2025-11-18 15:00:00,0.3732,0.3845,0.3713,0.3811,759353.1326
2025-11-18 16:00:00,0.3811,0.3899,0.3796,0.3856,970851.6032
2025-11-18 17:00:00,0.3857,0.386,0.3811,0.3823,384218.2751
2025-11-18 18:00:00,0.3827,0.3859,0.3825,0.3836,424874.3022
2025-11-18 19:00:00,0.3835,0.3852,0.3816,0.3827,196772.2171
2025-11-18 20:00:00,0.383,0.3839,0.3812,0.382,209843.6475
2025-11-18 21:00:00,0.3818,0.3822,0.3774,0.3774,349448.0849
2025-11-18 22:00:00,0.3779,0.3845,0.3779,0.3823,343682.898
2025-11-18 23:00:00,0.3823,0.3823,0.3794,0.3812,66946.8664
2025-11-19 00:00:00,0.3806,0.381,0.3764,0.3801,329257.9185
2025-11-19 01:00:00,0.3799,0.3831,0.3784,0.3822,234696.0066
2025-11-19 02:00:00,0.3822,0.3852,0.3814,0.3819,207947.6964
2025-11-19 03:00:00,0.3816,0.3827,0.3767,0.3774,277472.3473
2025-11-19 04:00:00,0.3771,0.3785,0.3745,0.3753,480072.6503
2025-11-19 05:00:00,0.3752,0.376,0.3673,0.3705,373190.2911
2025-11-19 06:00:00,0.3695,0.374,0.3693,0.3735,150893.6851
2025-11-19 07:00:00,0.3736,0.3787,0.3735,0.3786,155748.3322
2025-11-19 08:00:00,0.3785,0.3807,0.3768,0.3787,264185.0216
2025-11-19 09:00:00,0.3789,0.3827,0.3763,0.3815,373720.569
2025-11-19 10:00:00,0.3822,0.385,0.3801,0.3806,633227.8666
2025-11-19 11:00:00,0.3801,0.3822,0.3796,0.3813,385748.5478
2025-11-19 12:00:00,0.3812,0.3833,0.3809,0.3825,270745.6496
2025-11-19 13:00:00,0.3825,0.3829,0.3771,0.3771,485148.1427
2025-11-19 14:00:00,0.3771,0.378,0.3723,0.3769,325516.524
2025-11-19 15:00:00,0.3769,0.3827,0.3687,0.369,852504.3133
2025-11-19 16:00:00,0.369,0.3728,0.363,0.3637,493485.9283
2025-11-19 17:00:00,0.364,0.3657,0.357,0.3627,670397.7527
2025-11-19 18:00:00,0.3625,0.3645,0.3553,0.3588,475543.8189
2025-11-19 19:00:00,0.3591,0.36,0.3557,0.3582,225903.2136
2025-11-19 20:00:00,0.3584,0.3679,0.3575,0.3672,470113.2459
2025-11-19 21:00:00,0.3673,0.3768,0.366,0.375,1045499.3316
2025-11-19 22:00:00,0.3751,0.3751,0.3705,0.3725,107686.0079
2025-11-19 23:00:00,0.3725,0.3772,0.3723,0.3753,347348.4394
2025-11-20 00:00:00,0.3752,0.3766,0.3733,0.3733,163086.0554
2025-11-20 01:00:00,0.3735,0.376,0.3729,0.3751,157745.7562
2025-11-20 02:00:00,0.3755,0.3776,0.3747,0.3766,276614.5278
2025-11-20 03:00:00,0.3767,0.378,0.3759,0.376,134476.2921
2025-11-20 04:00:00,0.376,0.3824,0.376,0.3824,236784.6562
2025-11-20 05:00:00,0.3822,0.3838,0.3805,0.3813,324122.9247
2025-11-20 06:00:00,0.3814,0.3843,0.3805,0.3837,219978.0299
2025-11-20 07:00:00,0.3838,0.3873,0.3827,0.3871,509343.8361
2025-11-20 08:00:00,0.387,0.3881,0.3847,0.3856,422569.2691
2025-11-20 09:00:00,0.3857,0.3876,0.3841,0.3854,250777.6566
2025-11-20 10:00:00,0.385,0.3852,0.3823,0.384,183259.9239
2025-11-20 11:00:00,0.3839,0.3864,0.3823,0.3859,449499.3772
2025-11-20 12:00:00,0.386,0.3953,0.3855,0.3948,532510.5656
2025-11-20 13:00:00,0.3952,0.3974,0.3896,0.3905,816700.7804
2025-11-20 14:00:00,0.3906,0.3979,0.3867,0.3951,929059.4805
2025-11-20 15:00:00,0.395,0.395,0.3882,0.3892,979000.8674
2025-11-20 16:00:00,0.3889,0.3896,0.366,0.3682,2006966.061
2025-11-20 17:00:00,0.3678,0.3702,0.3575,0.3597,1027190.7741
2025-11-20 18:00:00,0.3592,0.363,0.355,0.3566,821554.6983
2025-11-20 19:00:00,0.3555,0.3649,0.3524,0.3642,377978.9759
2025-11-20 20:00:00,0.3639,0.3644,0.359,0.3599,449896.3452
2025-11-20 21:00:00,0.3598,0.37,0.3597,0.3667,763026.1344
2025-11-20 22:00:00,0.3674,0.376,0.3672,0.3716,331609.8086
2025-11-20 23:00:00,0.3713,0.3719,0.3598,0.3607,232575.1196
2025-11-21 00:00:00,0.3608,0.3661,0.3602,0.3659,286352.5896
2025-11-21 01:00:00,0.3659,0.3685,0.3631,0.3661,291180.1183
2025-11-21 02:00:00,0.366,0.3664,0.3532,0.3549,700904.5432
2025-11-21 03:00:00,0.3542,0.3632,0.3541,0.3612,502008.0057
2025-11-21 04:00:00,0.361,0.3614,0.3526,0.3586,264050.2843
2025-11-21 05:00:00,0.3585,0.3596,0.352,0.3527,312996.2198
2025-11-21 06:00:00,0.3529,0.3547,0.3511,0.353,489641.4854
2025-11-21 07:00:00,0.3526,0.3534,0.3161,0.3336,6943483.7358
2025-11-21 08:00:00,0.3337,0.3388,0.3317,0.3339,698444.5239
2025-11-21 09:00:00,0.334,0.3357,0.327,0.3277,773155.4323
2025-11-21 10:00:00,0.3278,0.3331,0.3256,0.3272,720116.6452
2025-11-21 11:00:00,0.3271,0.3299,0.3198,0.3212,633102.4055
2025-11-21 12:00:00,0.3214,0.3282,0.3115,0.3237,1889811.1504
2025-11-21 13:00:00,0.3238,0.3264,0.3208,0.322,1006890.0566
2025-11-21 14:00:00,0.322,0.3286,0.3189,0.3244,2843410.4386
2025-11-21 15:00:00,0.3245,0.3253,0.3119,0.3129,2103874.6891
2025-11-21 16:00:00,0.313,0.3187,0.3065,0.3181,2506857.6986
2025-11-21 17:00:00,0.3186,0.3247,0.3174,0.3195,1169611.3231
2025-11-21 18:00:00,0.3199,0.3205,0.3106,0.3184,1222014.943
2025-11-21 19:00:00,0.318,0.3192,0.3115,0.3123,744381.6311
2025-11-21 20:00:00,0.3122,0.3123,0.3037,0.3053,1076299.3813
2025-11-21 21:00:00,0.3054,0.3109,0.3023,0.3084,741302.7273
2025-11-21 22:00:00,0.3085,0.3097,0.2962,0.2975,1607901.0086
2025-11-21 23:00:00,0.2975,0.3086,0.2926,0.3082,1591491.8419
2025-11-22 00:00:00,0.3082,0.3093,0.3022,0.3042,1106318.1603
2025-11-22 01:00:00,0.3048,0.3092,0.3048,0.3086,609163.1382
2025-11-22 02:00:00,0.3086,0.309,0.3039,0.3064,390559.8524
2025-11-22 03:00:00,0.3062,0.3067,0.3021,0.3029,270879.4069
2025-11-22 04:00:00,0.3029,0.3031,0.2914,0.2959,1116443.3996
2025-11-22 05:00:00,0.2958,0.2961,0.2877,0.2914,1528176.8594
2025-11-22 06:00:00,0.2916,0.3014,0.2888,0.3006,870870.3503
2025-11-22 07:00:00,0.3005,0.3035,0.299,0.3032,622835.1222
2025-11-22 08:00:00,0.3031,0.3034,0.2965,0.2968,613836.8284
2025-11-22 09:00:00,0.2972,0.3037,0.2972,0.3016,569242.1342
2025-11-22 10:00:00,0.3017,0.3037,0.2978,0.2997,554245.5671
2025-11-22 11:00:00,0.2999,0.3025,0.299,0.2999,510503.5609
2025-11-22 12:00:00,0.2996,0.2996,0.296,0.2978,379497.4551
2025-11-22 13:00:00,0.297,0.2988,0.2947,0.2982,336581.652
2025-11-22 14:00:00,0.2983,0.3039,0.2981,0.3027,532752.1937
2025-11-22 15:00:00,0.3028,0.3043,0.2961,0.2973,1744999.2632
2025-11-22 16:00:00,0.2974,0.3018,0.297,0.2998,2088727.4665
2025-11-22 17:00:00,0.2999,0.3007,0.2982,0.2998,3608164.4365
2025-11-22 18:00:00,0.2998,0.3011,0.2977,0.2999,1153209.3293
2025-11-22 19:00:00,0.2998,0.3013,0.298,0.2994,179537.2697
2025-11-22 20:00:00,0.2991,0.3025,0.2972,0.2983,287341.4952
2025-11-22 21:00:00,0.2984,0.3013,0.2983,0.3009,96626.9816
2025-11-22 22:00:00,0.3011,0.3071,0.2989,0.3056,320051.9625
2025-11-22 23:00:00,0.3054,0.3056,0.3015,0.3023,240318.1098
2025-11-23 00:00:00,0.3029,0.3047,0.3011,0.3024,242682.3468
2025-11-23 01:00:00,0.3028,0.3085,0.3026,0.3066,258443.9365
2025-11-23 02:00:00,0.3067,0.3082,0.3054,0.3065,518633.9839
2025-11-23 03:00:00,0.3064,0.3066,0.3032,0.3043,365017.815
2025-11-23 04:00:00,0.305,0.3084,0.3043,0.3068,463792.9267
2025-11-23 05:00:00,0.3068,0.3079,0.3059,0.3074,192664.7133
2025-11-23 06:00:00,0.307,0.3075,0.3031,0.3037,240560.9909
2025-11-23 07:00:00,0.3039,0.3039,0.3002,0.3032,393537.5055
2025-11-23 08:00:00,0.3032,0.3038,0.3023,0.3036,166277.0613
2025-11-23 09:00:00,0.3031,0.3053,0.3027,0.3041,284735.3932
2025-11-23 10:00:00,0.3041,0.3057,0.3029,0.3053,295721.7007
2025-11-23 11:00:00,0.3052,0.3073,0.3033,0.3068,223666.6975
2025-11-23 12:00:00,0.3067,0.3088,0.3056,0.3056,267144.1251
2025-11-23 13:00:00,0.3061,0.3077,0.3055,0.3076,225183.3992
2025-11-23 14:00:00,0.3078,0.3093,0.3033,0.3036,343531.1939
2025-11-23 15:00:00,0.3037,0.3085,0.3031,0.3075,164603.0601
2025-11-23 16:00:00,0.3074,0.3086,0.3044,0.3045,183727.4753
2025-11-23 17:00:00,0.3044,0.3047,0.3018,0.3027,152787.8959
2025-11-23 18:00:00,0.3026,0.3059,0.3024,0.3043,162623.3155
2025-11-23 19:00:00,0.3044,0.308,0.3044,0.3063,175706.9946
2025-11-23 20:00:00,0.3062,0.3075,0.3058,0.3062,146163.9604
2025-11-23 21:00:00,0.306,0.3079,0.3047,0.3072,245912.4754
2025-11-23 22:00:00,0.3074,0.3075,0.3046,0.3064,319106.547
2025-11-23 23:00:00,0.3067,0.307,0.3008,0.3012,195747.7921
2025-11-24 00:00:00,0.3012,0.3038,0.2984,0.3013,280662.6629
2025-11-24 01:00:00,0.3011,0.303,0.2995,0.3028,433484.0171
2025-11-24 02:00:00,0.3022,0.3107,0.3018,0.3078,646955.8999
2025-11-24 03:00:00,0.3086,0.3124,0.3073,0.3096,345032.8198
2025-11-24 04:00:00,0.3096,0.3112,0.3036,0.3057,357132.2533
2025-11-24 05:00:00,0.3056,0.314,0.3053,0.3108,498654.2106
2025-11-24 06:00:00,0.3108,0.3108,0.3067,0.3082,509060.2115
2025-11-24 07:00:00,0.3073,0.3091,0.3065,0.3072,250995.9864
2025-11-24 08:00:00,0.3069,0.3092,0.3063,0.3086,284775.2711
2025-11-24 09:00:00,0.3085,0.3085,0.3016,0.3027,415242.1085
2025-11-24 10:00:00,0.3024,0.3048,0.3023,0.3042,175216.2301
2025-11-24 11:00:00,0.3044,0.3064,0.303,0.3063,152018.0096
2025-11-24 12:00:00,0.3062,0.3064,0.3029,0.3036,236730.9088
2025-11-24 13:00:00,0.3037,0.3083,0.3036,0.3057,320642.5978
2025-11-24 14:00:00,0.3054,0.3104,0.3022,0.3085,646672.9157
2025-11-24 15:00:00,0.3086,0.3134,0.3066,0.3115,718990.5226
2025-11-24 16:00:00,0.3117,0.3161,0.3117,0.3146,524096.1293
2025-11-24 17:00:00,0.3146,0.324,0.3141,0.3234,700153.3325
2025-11-24 18:00:00,0.3241,0.325,0.3215,0.3219,554811.8504
2025-11-24 19:00:00,0.3223,0.3241,0.3208,0.3209,376662.2638
2025-11-24 20:00:00,0.3208,0.3249,0.3206,0.3237,412274.0478
2025-11-24 21:00:00,0.3236,0.3244,0.3209,0.3217,225816.8751
2025-11-24 22:00:00,0.3218,0.3238,0.3199,0.321,328262.7209
2025-11-24 23:00:00,0.3211,0.3213,0.3183,0.3186,343434.8785
2025-11-25 00:00:00,0.3186,0.3194,0.3174,0.3188,330793.5609
2025-11-25 01:00:00,0.3189,0.3207,0.3172,0.3172,322544.6411
2025-11-25 02:00:00,0.3176,0.3188,0.3155,0.3186,425574.8925
2025-11-25 03:00:00,0.3186,0.3195,0.3164,0.3175,445888.4917
2025-11-25 04:00:00,0.3174,0.3191,0.3158,0.3171,287700.4373
2025-11-25 05:00:00,0.3165,0.3171,0.3154,0.3162,160633.3149
2025-11-25 06:00:00,0.3159,0.316,0.3133,0.3147,209023.324
2025-11-25 07:00:00,0.3147,0.3157,0.3132,0.3133,302487.7373
2025-11-25 08:00:00,0.3142,0.3169,0.3135,0.3146,198539.5096
2025-11-25 09:00:00,0.3149,0.3169,0.3134,0.3169,127212.3013
2025-11-25 10:00:00,0.3167,0.3178,0.3152,0.3178,68664.76
2025-11-25 11:00:00,0.3173,0.3176,0.3153,0.3158,183224.802
2025-11-25 12:00:00,0.3166,0.3208,0.3163,0.3201,210850.7782
2025-11-25 13:00:00,0.3198,0.3203,0.3151,0.3158,302834.7871
2025-11-25 14:00:00,0.3163,0.3181,0.3099,0.3135,589956.1854
2025-11-25 15:00:00,0.3132,0.3167,0.3103,0.3155,470984.7956
2025-11-25 16:00:00,0.3155,0.3199,0.3149,0.3182,247223.7481
2025-11-25 17:00:00,0.3183,0.322,0.3162,0.3202,511320.2616
2025-11-25 18:00:00,0.3206,0.3227,0.3195,0.3199,247275.3158
2025-11-25 19:00:00,0.3197,0.3205,0.3137,0.3191,256459.0719
2025-11-25 20:00:00,0.3189,0.3221,0.3186,0.321,253970.5117
2025-11-25 21:00:00,0.3209,0.3219,0.3201,0.3204,142515.8533
2025-11-25 22:00:00,0.3196,0.3255,0.3165,0.3246,233295.7633
2025-11-25 23:00:00,0.3246,0.3275,0.3234,0.3249,557829.7297
2025-11-26 00:00:00,0.325,0.326,0.324,0.3245,165338.5526
2025-11-26 01:00:00,0.3244,0.3266,0.3228,0.3234,273219.7812
2025-11-26 02:00:00,0.3235,0.3236,0.3208,0.321,644913.7721
2025-11-26 03:00:00,0.3207,0.322,0.3177,0.318,442603.9245
2025-11-26 04:00:00,0.318,0.3188,0.3173,0.3176,114165.5996
2025-11-26 05:00:00,0.3174,0.322,0.3174,0.321,310081.2145
2025-11-26 06:00:00,0.3209,0.3228,0.3198,0.3225,164887.6769
2025-11-26 07:00:00,0.3221,0.3227,0.3213,0.3218,119266.593
2025-11-26 08:00:00,0.3216,0.3218,0.3167,0.3176,828601.8838
2025-11-26 09:00:00,0.3176,0.3185,0.3158,0.3161,308498.7856
2025-11-26 10:00:00,0.3162,0.3175,0.315,0.3162,201176.8855
2025-11-26 11:00:00,0.316,0.317,0.3153,0.3162,101232.6372
2025-11-26 12:00:00,0.3161,0.3163,0.3131,0.3147,175509.4802
2025-11-26 13:00:00,0.3145,0.3166,0.3139,0.3165,163769.4508
2025-11-26 14:00:00,0.3164,0.3168,0.3113,0.3116,364768.7132
2025-11-26 15:00:00,0.3115,0.3141,0.3104,0.3121,128895.8803
2025-11-26 16:00:00,0.3122,0.3157,0.3108,0.3142,193385.3236
2025-11-26 17:00:00,0.3142,0.3252,0.3136,0.3252,295975.0058
2025-11-26 18:00:00,0.325,0.3286,0.3235,0.3266,726769.1949
2025-11-26 19:00:00,0.3266,0.3266,0.3228,0.3238,279842.0921
2025-11-26 20:00:00,0.3239,0.3242,0.3218,0.3233,254994.0549
2025-11-26 21:00:00,0.3234,0.3278,0.3225,0.3254,346510.1098
2025-11-26 22:00:00,0.3255,0.3268,0.3248,0.3259,223603.9291
2025-11-26 23:00:00,0.326,0.3268,0.3243,0.3252,402990.223
2025-11-27 00:00:00,0.3254,0.326,0.3233,0.3248,355172.335
2025-11-27 01:00:00,0.3247,0.3285,0.3239,0.3279,431357.8339
2025-11-27 02:00:00,0.3278,0.3301,0.3258,0.3259,386966.9546
2025-11-27 03:00:00,0.3263,0.3272,0.3242,0.3248,226787.5914
2025-11-27 04:00:00,0.3249,0.3276,0.3247,0.3273,232562.2724
2025-11-27 05:00:00,0.3273,0.3285,0.3248,0.3254,356816.4288
2025-11-27 06:00:00,0.3256,0.3282,0.3255,0.328,273729.9406
2025-11-27 07:00:00,0.3276,0.3295,0.3268,0.329,158551.6081
2025-11-27 08:00:00,0.3288,0.3305,0.3273,0.3302,141456.2864
2025-11-27 09:00:00,0.3301,0.3339,0.3288,0.3316,376527.5267
2025-11-27 10:00:00,0.3315,0.3336,0.3304,0.3326,164102.0825
2025-11-27 11:00:00,0.3326,0.3333,0.3315,0.3331,217994.877
2025-11-27 12:00:00,0.3333,0.3343,0.3298,0.3305,187921.3405
2025-11-27 13:00:00,0.3308,0.3358,0.3305,0.3342,362201.7344
2025-11-27 14:00:00,0.3347,0.3373,0.3331,0.3369,236622.381
2025-11-27 15:00:00,0.3367,0.3423,0.3351,0.3422,427815.3749
2025-11-27 16:00:00,0.3424,0.3432,0.3402,0.3427,672616.5332
2025-11-27 17:00:00,0.3425,0.3426,0.3388,0.3398,241628.6285
2025-11-27 18:00:00,0.3396,0.3397,0.3378,0.3384,203721.8872
2025-11-27 19:00:00,0.3384,0.3394,0.3367,0.3369,138097.628
2025-11-27 20:00:00,0.3372,0.3398,0.3372,0.3395,352524.6976
2025-11-27 21:00:00,0.3395,0.3407,0.3386,0.3388,134318.8094
2025-11-27 22:00:00,0.3385,0.3395,0.3342,0.3349,144138.0596
2025-11-27 23:00:00,0.3347,0.3351,0.3326,0.334,86649.5314
2025-11-28 00:00:00,0.334,0.3349,0.3332,0.334,95620.3247
2025-11-28 01:00:00,0.3339,0.3346,0.3318,0.3321,198084.5741
2025-11-28 02:00:00,0.3322,0.3324,0.3286,0.3303,356494.2741
2025-11-28 03:00:00,0.3301,0.331,0.3291,0.3298,103730.2218
2025-11-28 04:00:00,0.33,0.3327,0.3298,0.3308,86679.1167
2025-11-28 05:00:00,0.33,0.3308,0.3278,0.3295,384306.1366
2025-11-28 06:00:00,0.329,0.3296,0.3272,0.3283,146632.7801
2025-11-28 07:00:00,0.3282,0.3301,0.3281,0.3295,162684.8695
2025-11-28 08:00:00,0.3298,0.3407,0.3298,0.34,521346.2276
2025-11-28 09:00:00,0.3402,0.3406,0.3362,0.3364,306198.0549
2025-11-28 10:00:00,0.3366,0.3366,0.3346,0.3349,215441.1035
2025-11-28 11:00:00,0.3348,0.3348,0.3297,0.3312,370626.9696
2025-11-28 12:00:00,0.3309,0.3328,0.3309,0.3312,127777.7682
2025-11-28 13:00:00,0.3311,0.3362,0.3298,0.3338,231243.4518
2025-11-28 14:00:00,0.3338,0.3365,0.3316,0.3344,338448.3909
2025-11-28 15:00:00,0.3345,0.339,0.3337,0.3362,263361.733
2025-11-28 16:00:00,0.3371,0.3371,0.3289,0.3305,523104.8347
2025-11-28 17:00:00,0.3304,0.3311,0.3266,0.3282,248727.659
2025-11-28 18:00:00,0.3282,0.3295,0.3261,0.329,185477.3898
2025-11-28 19:00:00,0.3292,0.3327,0.3288,0.3326,155342.6842
2025-11-28 20:00:00,0.332,0.3336,0.3304,0.3333,156819.2151
2025-11-28 21:00:00,0.3336,0.3337,0.3309,0.3313,267480.5402
2025-11-28 22:00:00,0.3307,0.3339,0.3298,0.3335,303689.4721
2025-11-28 23:00:00,0.334,0.3347,0.3309,0.3311,120628.1068
2025-11-29 00:00:00,0.3316,0.3323,0.3303,0.3318,167116.1966
2025-11-29 01:00:00,0.3325,0.3344,0.3321,0.334,76141.3887
2025-11-29 02:00:00,0.3339,0.3345,0.3323,0.3337,110929.9332
2025-11-29 03:00:00,0.3338,0.3354,0.332,0.3332,107174.2284
2025-11-29 04:00:00,0.3329,0.3356,0.3322,0.3355,97854.6656
2025-11-29 05:00:00,0.3351,0.3351,0.3317,0.3317,80896.4865
2025-11-29 06:00:00,0.3317,0.3325,0.3271,0.3285,480918.0958
2025-11-29 07:00:00,0.3282,0.331,0.3282,0.3306,114527.4434
2025-11-29 08:00:00,0.3295,0.3304,0.3275,0.3275,67747.1491
2025-11-29 09:00:00,0.328,0.3286,0.3273,0.3275,45956.0921
2025-11-29 10:00:00,0.3277,0.3297,0.3262,0.3289,229431.7567
2025-11-29 11:00:00,0.3289,0.3326,0.3289,0.3324,143360.2178
2025-11-29 12:00:00,0.3327,0.3329,0.33,0.33,61470.6881
2025-11-29 13:00:00,0.3297,0.3304,0.3286,0.3297,36460.0317
2025-11-29 14:00:00,0.3295,0.3296,0.3265,0.3266,102493.0748
2025-11-29 15:00:00,0.3269,0.3295,0.3265,0.3278,176260.395
2025-11-29 16:00:00,0.3278,0.3287,0.3265,0.3268,135084.5057
2025-11-29 17:00:00,0.3268,0.3268,0.3229,0.3238,268000.4943
2025-11-29 18:00:00,0.3235,0.326,0.3223,0.3256,223550.8859
2025-11-29 19:00:00,0.3255,0.3266,0.3248,0.3254,96224.8662
2025-11-29 20:00:00,0.3254,0.3285,0.3246,0.3285,55954.3821
2025-11-29 21:00:00,0.3286,0.3289,0.3268,0.3286,147012.4234
2025-11-29 22:00:00,0.3284,0.3284,0.3266,0.3267,54585.4455
2025-11-29 23:00:00,0.3266,0.3278,0.3257,0.3268,59146.2998
2025-11-30 00:00:00,0.3267,0.3281,0.3267,0.3278,71988.2015
2025-11-30 01:00:00,0.3278,0.3304,0.3276,0.3281,72619.3889
2025-11-30 02:00:00,0.3281,0.3291,0.3265,0.3265,104297.2576
2025-11-30 03:00:00,0.3264,0.3282,0.3239,0.3279,182189.4512
2025-11-30 04:00:00,0.3282,0.3287,0.3259,0.3265,66347.2343
2025-11-30 05:00:00,0.3264,0.3264,0.3239,0.3249,101484.2849
2025-11-30 06:00:00,0.3248,0.3281,0.3241,0.3267,253802.6024
2025-11-30 07:00:00,0.3266,0.3278,0.3257,0.3274,67495.2352
2025-11-30 08:00:00,0.3276,0.3293,0.3265,0.3276,295446.8342
2025-11-30 09:00:00,0.3277,0.3284,0.3259,0.3267,80261.8868
2025-11-30 10:00:00,0.3262,0.3266,0.3247,0.3252,64179.8776
2025-11-30 11:00:00,0.3249,0.3259,0.3229,0.3232,122905.2809
2025-11-30 12:00:00,0.3234,0.3243,0.3198,0.3233,329028.0052
2025-11-30 13:00:00,0.3234,0.3279,0.3234,0.326,414956.0195
2025-11-30 14:00:00,0.3264,0.3265,0.3217,0.3225,119753.4976
2025-11-30 15:00:00,0.3224,0.3224,0.3182,0.3211,358721.1472
2025-11-30 16:00:00,0.3211,0.325,0.3211,0.3247,151763.3928
2025-11-30 17:00:00,0.3243,0.3261,0.323,0.3261,107233.4064
2025-11-30 18:00:00,0.3258,0.3264,0.3242,0.3264,92273.8458
2025-11-30 19:00:00,0.3264,0.3265,0.3246,0.325,308668.2936
2025-11-30 20:00:00,0.3251,0.3271,0.3239,0.3243,172123.8886
2025-11-30 21:00:00,0.3251,0.3253,0.3233,0.324,425947.966
2025-11-30 22:00:00,0.3247,0.3269,0.3229,0.3253,160319.2194
2025-11-30 23:00:00,0.325,0.3251,0.3183,0.3183,182363.2129
2025-12-01 00:00:00,0.3188,0.3194,0.2955,0.2961,1945023.505
2025-12-01 01:00:00,0.296,0.301,0.295,0.2964,418230.6927
2025-12-01 02:00:00,0.2965,0.2995,0.2959,0.2967,351246.3472
2025-12-01 03:00:00,0.2963,0.297,0.2914,0.2917,972441.9419
2025-12-01 04:00:00,0.2913,0.2934,0.2899,0.2925,1323952.1495
2025-12-01 05:00:00,0.2924,0.2958,0.2921,0.2939,505008.2549
2025-12-01 06:00:00,0.294,0.2948,0.2926,0.2936,139364.8619
2025-12-01 07:00:00,0.2931,0.2943,0.2918,0.294,205986.4012
2025-12-01 08:00:00,0.294,0.2957,0.2933,0.2948,138442.5444
2025-12-01 09:00:00,0.2947,0.2966,0.2925,0.2929,192488.0519
2025-12-01 10:00:00,0.2929,0.2933,0.2918,0.2919,62748.2194
2025-12-01 11:00:00,0.292,0.292,0.2877,0.288,291072.6896
2025-12-01 12:00:00,0.2882,0.2904,0.2847,0.29,817155.1004
2025-12-01 13:00:00,0.2901,0.2936,0.2882,0.2894,343433.3009
2025-12-01 14:00:00,0.2892,0.2925,0.2877,0.2885,198128.7321
2025-12-01 15:00:00,0.2887,0.289,0.2795,0.2841,1983169.7702
2025-12-01 16:00:00,0.284,0.2848,0.2806,0.2808,529666.7884
2025-12-01 17:00:00,0.2808,0.2821,0.2777,0.2777,295540.8083
2025-12-01 18:00:00,0.2779,0.2823,0.2779,0.2814,313479.3038
2025-12-01 19:00:00,0.2818,0.2821,0.2798,0.2812,449521.0666
2025-12-01 20:00:00,0.2814,0.2855,0.2814,0.2834,377425.303
2025-12-01 21:00:00,0.2836,0.288,0.283,0.2866,260172.41
2025-12-01 22:00:00,0.2866,0.2885,0.286,0.287,212373.5017
2025-12-01 23:00:00,0.2874,0.2888,0.2867,0.287,103330.5199
2025-12-02 00:00:00,0.2872,0.2877,0.2856,0.2856,97240.3436
2025-12-02 01:00:00,0.2856,0.2898,0.285,0.2855,186989.0075
2025-12-02 02:00:00,0.2852,0.2874,0.2841,0.286,407517.8364
2025-12-02 03:00:00,0.2861,0.2892,0.285,0.2887,166891.4296
2025-12-02 04:00:00,0.2893,0.2903,0.2889,0.2893,122456.8593
2025-12-02 05:00:00,0.2895,0.29,0.2878,0.2878,74041.9233
2025-12-02 06:00:00,0.2879,0.289,0.2862,0.2887,197256.0811
2025-12-02 07:00:00,0.2888,0.2892,0.2878,0.288,66610.6465
2025-12-02 08:00:00,0.2882,0.2882,0.2839,0.2846,242775.879
2025-12-02 09:00:00,0.2849,0.2873,0.2849,0.2862,92019.7314
2025-12-02 10:00:00,0.2859,0.2897,0.2859,0.2885,152302.199
2025-12-02 11:00:00,0.2884,0.2915,0.2877,0.2912,358413.7195
2025-12-02 12:00:00,0.2912,0.2923,0.29,0.2919,183876.1087
2025-12-02 13:00:00,0.2924,0.2954,0.2914,0.2945,327277.4593
2025-12-02 14:00:00,0.2946,0.3026,0.294,0.3023,633687.8279
2025-12-02 15:00:00,0.3027,0.3206,0.3025,0.3193,1337456.2117
2025-12-02 16:00:00,0.3202,0.3224,0.3146,0.3189,738412.7078
2025-12-02 17:00:00,0.319,0.3216,0.3181,0.3193,336025.4395
2025-12-02 18:00:00,0.3192,0.3202,0.3168,0.3173,251467.0076
2025-12-02 19:00:00,0.3179,0.3197,0.3169,0.317,142213.0638
2025-12-02 20:00:00,0.317,0.317,0.312,0.3142,268157.1235
2025-12-02 21:00:00,0.3142,0.3162,0.3142,0.315,129888.0061
2025-12-02 22:00:00,0.315,0.3191,0.315,0.3191,177227.6538
2025-12-02 23:00:00,0.3191,0.3194,0.3161,0.3165,117822.7428
2025-12-03 00:00:00,0.3171,0.3187,0.3155,0.3164,225230.0728
2025-12-03 01:00:00,0.3165,0.3179,0.3155,0.3168,289952.2001
2025-12-03 02:00:00,0.3165,0.3194,0.3165,0.3179,289876.7609
2025-12-03 03:00:00,0.3178,0.3199,0.3167,0.3167,325296.386
2025-12-03 04:00:00,0.3167,0.3217,0.3162,0.3203,749287.8382
2025-12-03 05:00:00,0.3207,0.3218,0.3198,0.3208,293480.8303
2025-12-03 06:00:00,0.3209,0.3262,0.3204,0.3219,863952.5507
2025-12-03 07:00:00,0.3218,0.3222,0.3189,0.3194,286927.8809
2025-12-03 08:00:00,0.3195,0.3228,0.3195,0.3221,234611.8309
2025-12-03 09:00:00,0.3224,0.3234,0.3205,0.3227,218411.0436
2025-12-03 10:00:00,0.3225,0.3242,0.3201,0.3204,175047.5645
2025-12-03 11:00:00,0.3203,0.3219,0.3197,0.3216,122387.6674
2025-12-03 12:00:00,0.3217,0.3226,0.3187,0.3192,711714.6356
2025-12-03 13:00:00,0.3196,0.3217,0.3192,0.3198,517710.9151
2025-12-03 14:00:00,0.32,0.3246,0.3113,0.3186,1442107.42
2025-12-03 15:00:00,0.3182,0.3213,0.3174,0.321,948693.6947
2025-12-03 16:00:00,0.3211,0.323,0.3185,0.3212,272016.2907
2025-12-03 17:00:00,0.3213,0.3255,0.3213,0.3253,218919.017
2025-12-03 18:00:00,0.3254,0.3275,0.3228,0.324,289529.5607
2025-12-03 19:00:00,0.324,0.3246,0.3221,0.3242,136814.197
2025-12-03 20:00:00,0.324,0.3265,0.3223,0.3241,110777.3711
2025-12-03 21:00:00,0.3239,0.3284,0.3235,0.3281,153447.889
2025-12-03 22:00:00,0.328,0.3311,0.3257,0.3303,330760.6109
2025-12-03 23:00:00,0.3311,0.3329,0.3268,0.3274,470563.5958
2025-12-04 00:00:00,0.3274,0.3284,0.3252,0.3274,190457.5055
2025-12-04 01:00:00,0.3267,0.3307,0.3258,0.326,172754.3591
2025-12-04 02:00:00,0.3262,0.3282,0.3258,0.3272,126840.0685
2025-12-04 03:00:00,0.327,0.3282,0.325,0.3256,102054.647
2025-12-04 04:00:00,0.3258,0.3263,0.3238,0.3247,56790.4215
2025-12-04 05:00:00,0.325,0.3256,0.3236,0.3252,173795.6978
2025-12-04 06:00:00,0.3257,0.3285,0.3251,0.3281,146546.0292
2025-12-04 07:00:00,0.3276,0.3284,0.3253,0.3282,162927.8438
2025-12-04 08:00:00,0.3273,0.328,0.3257,0.3263,26854.1833
2025-12-04 09:00:00,0.327,0.3299,0.3268,0.3278,86340.5979
2025-12-04 10:00:00,0.3285,0.3288,0.3258,0.3259,92042.9814
2025-12-04 11:00:00,0.3257,0.3262,0.3243,0.3256,138287.8632
2025-12-04 12:00:00,0.3257,0.326,0.3234,0.3243,163375.6185
2025-12-04 13:00:00,0.3245,0.3259,0.3223,0.3232,275990.3291
2025-12-04 14:00:00,0.3231,0.3255,0.3213,0.3222,231908.4492
2025-12-04 15:00:00,0.3224,0.3302,0.3224,0.3289,247535.1421
2025-12-04 16:00:00,0.3289,0.33,0.325,0.3259,410141.3475
2025-12-04 17:00:00,0.3258,0.326,0.3226,0.3257,274687.7817
2025-12-04 18:00:00,0.3259,0.3281,0.3246,0.3252,363634.3266
2025-12-04 19:00:00,0.3256,0.3256,0.3156,0.3217,758950.9992
2025-12-04 20:00:00,0.3218,0.324,0.3203,0.3226,117497.5203
2025-12-04 21:00:00,0.3226,0.3232,0.3191,0.3191,41409.2485
2025-12-04 22:00:00,0.3191,0.3224,0.3191,0.3218,152654.2408
2025-12-04 23:00:00,0.3216,0.3216,0.3187,0.3189,53422.8261
2025-12-05 00:00:00,0.3192,0.3218,0.3189,0.3205,105782.063
2025-12-05 01:00:00,0.3202,0.3226,0.3201,0.3208,73550.449
2025-12-05 02:00:00,0.3206,0.3241,0.3202,0.3222,88693.4148
2025-12-05 03:00:00,0.3221,0.3229,0.3201,0.3206,91349.8567
2025-12-05 04:00:00,0.3212,0.3216,0.3174,0.3194,202213.5057
2025-12-05 05:00:00,0.3191,0.3204,0.3187,0.3193,86215.8984
2025-12-05 06:00:00,0.3197,0.3233,0.3197,0.3231,153610.8436
2025-12-05 07:00:00,0.3231,0.3257,0.3229,0.3255,55737.9786
2025-12-05 08:00:00,0.3252,0.326,0.3236,0.3241,163363.0283
2025-12-05 09:00:00,0.324,0.324,0.3155,0.3167,421419.9736
2025-12-05 10:00:00,0.3164,0.3201,0.3159,0.3189,190644.0668
2025-12-05 11:00:00,0.3191,0.3194,0.3153,0.3169,474431.8786
2025-12-05 12:00:00,0.3168,0.3191,0.3158,0.3189,161882.1319
2025-12-05 13:00:00,0.3185,0.3203,0.3133,0.314,320763.3342
2025-12-05 14:00:00,0.3138,0.3153,0.3104,0.3113,563349.2837
2025-12-05 15:00:00,0.3114,0.319,0.311,0.3125,631864.1802
2025-12-05 16:00:00,0.3125,0.3128,0.2979,0.3005,1305144.0793
2025-12-05 17:00:00,0.3005,0.3018,0.2969,0.3,436519.053
2025-12-05 18:00:00,0.3,0.3022,0.2941,0.2951,670756.9624
2025-12-05 19:00:00,0.2947,0.3004,0.293,0.2991,359354.2721
2025-12-05 20:00:00,0.2988,0.3006,0.2972,0.2979,199252.906
2025-12-05 21:00:00,0.2979,0.3,0.2978,0.299,177297.2753
2025-12-05 22:00:00,0.2992,0.302,0.2985,0.3015,88434.0619
2025-12-05 23:00:00,0.3012,0.3016,0.299,0.3007,122485.7097
2025-12-06 00:00:00,0.3007,0.3025,0.2993,0.3022,124399.8776
2025-12-06 01:00:00,0.3019,0.3036,0.3009,0.3009,43671.6139
2025-12-06 02:00:00,0.3009,0.3023,0.3,0.3016,98773.1288
2025-12-06 03:00:00,0.3019,0.3041,0.3018,0.3041,84420.5232
2025-12-06 04:00:00,0.3041,0.3042,0.301,0.3013,43551.3768
2025-12-06 05:00:00,0.3014,0.3017,0.3,0.3003,78421.3362
2025-12-06 06:00:00,0.3003,0.3026,0.3,0.3021,103678.7583
2025-12-06 07:00:00,0.3023,0.3043,0.3014,0.3038,60522.4231
2025-12-06 08:00:00,0.3037,0.3041,0.3002,0.3004,177554.0833
2025-12-06 09:00:00,0.3008,0.3052,0.3008,0.3047,130987.7256
2025-12-06 10:00:00,0.3042,0.3042,0.3017,0.302,141821.5086
2025-12-06 11:00:00,0.3017,0.3046,0.3013,0.3044,42683.7105
2025-12-06 12:00:00,0.3047,0.3077,0.3044,0.3072,208510.6332
2025-12-06 13:00:00,0.3064,0.3074,0.3059,0.3061,49414.1847
2025-12-06 14:00:00,0.3059,0.3109,0.3054,0.3092,220765.1665
2025-12-06 15:00:00,0.3093,0.3093,0.3056,0.3064,157086.0874
2025-12-06 16:00:00,0.3065,0.3126,0.3065,0.3116,105674.5049
2025-12-06 17:00:00,0.3116,0.3163,0.3113,0.3162,294953.555
2025-12-06 18:00:00,0.3164,0.3182,0.3156,0.3162,181674.6355
2025-12-06 19:00:00,0.3162,0.3168,0.3116,0.314,236035.4978
2025-12-06 20:00:00,0.3141,0.3153,0.3132,0.3152,76237.35
2025-12-06 21:00:00,0.3149,0.3184,0.3141,0.3148,314966.6459
2025-12-06 22:00:00,0.3141,0.3154,0.3126,0.313,136354.5969
2025-12-06 23:00:00,0.3133,0.3145,0.3121,0.3145,135215.9156
2025-12-07 00:00:00,0.3147,0.3192,0.3141,0.319,947560.1401
2025-12-07 01:00:00,0.3185,0.3186,0.316,0.316,206520.9533
2025-12-07 02:00:00,0.3161,0.3182,0.3158,0.3165,62842.7014
2025-12-07 03:00:00,0.3164,0.3173,0.316,0.3173,76799.5842
2025-12-07 04:00:00,0.3173,0.3175,0.315,0.315,103952.9866
2025-12-07 05:00:00,0.3154,0.3201,0.3154,0.3182,310711.9004
2025-12-07 06:00:00,0.3181,0.3216,0.318,0.3203,458509.9817
2025-12-07 07:00:00,0.3204,0.3204,0.3155,0.3161,334664.422
2025-12-07 08:00:00,0.3161,0.3163,0.3132,0.3137,322168.0022
2025-12-07 09:00:00,0.3136,0.3145,0.3113,0.3114,224530.3438
2025-12-07 10:00:00,0.3114,0.3127,0.3104,0.3106,125866.1024
2025-12-07 11:00:00,0.311,0.3118,0.3096,0.3102,158556.2202
2025-12-07 12:00:00,0.3099,0.3118,0.3094,0.311,79192.3655
2025-12-07 13:00:00,0.3113,0.3114,0.307,0.3081,467626.1779
2025-12-07 14:00:00,0.3077,0.3083,0.2976,0.298,1216372.6773
2025-12-07 15:00:00,0.2979,0.3089,0.2978,0.3074,533701.3345
2025-12-07 16:00:00,0.3073,0.3075,0.3027,0.3059,203069.8973
2025-12-07 17:00:00,0.306,0.3157,0.3039,0.3125,1075188.5233
2025-12-07 18:00:00,0.3125,0.316,0.3125,0.3136,258143.024
2025-12-07 19:00:00,0.3139,0.3146,0.3114,0.3142,133455.8961
2025-12-07 20:00:00,0.3147,0.317,0.3138,0.317,53457.8184
2025-12-07 21:00:00,0.3169,0.3178,0.306,0.3081,272523.5745
2025-12-07 22:00:00,0.3076,0.308,0.2997,0.3038,665391.2578
2025-12-07 23:00:00,0.3036,0.3058,0.3023,0.3051,279146.3044
2025-12-08 00:00:00,0.305,0.308,0.3033,0.3052,214336.4974
2025-12-08 01:00:00,0.3048,0.3143,0.3048,0.3097,420190.0613
2025-12-08 02:00:00,0.3094,0.3135,0.3089,0.3133,103652.2575
2025-12-08 03:00:00,0.3134,0.3155,0.3128,0.3139,214169.097
2025-12-08 04:00:00,0.3143,0.3186,0.3143,0.3161,146573.729
2025-12-08 05:00:00,0.3161,0.3164,0.3142,0.3153,84044.2146
2025-12-08 06:00:00,0.3155,0.3205,0.3151,0.3193,698114.4184
2025-12-08 07:00:00,0.3192,0.3234,0.3188,0.3213,417126.3319
2025-12-08 08:00:00,0.3215,0.3246,0.3213,0.3244,175497.5236
2025-12-08 09:00:00,0.3244,0.3291,0.3242,0.3258,429592.325
2025-12-08 10:00:00,0.3264,0.3268,0.3238,0.3242,208769.712
2025-12-08 11:00:00,0.3242,0.3244,0.3205,0.3214,312621.75
2025-12-08 12:00:00,0.3218,0.3222,0.3192,0.3218,161622.8035
2025-12-08 13:00:00,0.3218,0.3241,0.3208,0.3211,248147.58
2025-12-08 14:00:00,0.3208,0.3267,0.3193,0.3237,1627658.6657
2025-12-08 15:00:00,0.3237,0.3256,0.3182,0.3216,460473.4387
2025-12-08 16:00:00,0.3212,0.3261,0.3188,0.3216,239991.3155
2025-12-08 17:00:00,0.3215,0.3241,0.3188,0.3219,371988.4403
2025-12-08 18:00:00,0.3223,0.3227,0.3159,0.3171,301518.9821
2025-12-08 19:00:00,0.3174,0.3194,0.3171,0.3177,166938.582
2025-12-08 20:00:00,0.318,0.3216,0.318,0.3205,43458.5293
2025-12-08 21:00:00,0.3206,0.3225,0.3194,0.3219,110934.7659
2025-12-08 22:00:00,0.3219,0.3219,0.3186,0.3197,100244.6717
2025-12-08 23:00:00,0.3199,0.32,0.3166,0.3184,113147.586
2025-12-09 00:00:00,0.3184,0.3197,0.3162,0.3172,87778.8514
2025-12-09 01:00:00,0.3173,0.3174,0.3145,0.3158,148021.514
2025-12-09 02:00:00,0.3158,0.3181,0.3156,0.3156,182389.4495
2025-12-09 03:00:00,0.3156,0.3197,0.3141,0.3191,282939.9202
2025-12-09 04:00:00,0.3186,0.3187,0.3137,0.3151,161969.942
2025-12-09 05:00:00,0.3151,0.318,0.3139,0.3167,47672.486
2025-12-09 06:00:00,0.3166,0.3171,0.3138,0.3157,64028.93
2025-12-09 07:00:00,0.316,0.3193,0.3155,0.318,149589.6015
2025-12-09 08:00:00,0.3181,0.3181,0.3153,0.316,202441.4662
2025-12-09 09:00:00,0.3159,0.3159,0.3132,0.3141,126836.6093
2025-12-09 10:00:00,0.314,0.3156,0.3128,0.315,87230.9995
2025-12-09 11:00:00,0.3152,0.3161,0.3144,0.3156,45876.6825
2025-12-09 12:00:00,0.3156,0.3199,0.3152,0.3193,212564.2864
2025-12-09 13:00:00,0.3193,0.3205,0.3176,0.319,114078.9741
2025-12-09 14:00:00,0.3192,0.3207,0.3173,0.319,166961.0935
2025-12-09 15:00:00,0.3193,0.3327,0.3192,0.3313,659218.4477
2025-12-09 16:00:00,0.3325,0.3467,0.3325,0.3455,1099984.6246
2025-12-09 17:00:00,0.3456,0.3487,0.3441,0.3473,825443.9841
2025-12-09 18:00:00,0.3474,0.349,0.3437,0.3455,731986.6695
2025-12-09 19:00:00,0.3453,0.3453,0.3423,0.3448,217383.1982
2025-12-09 20:00:00,0.3445,0.3446,0.3378,0.3402,287000.4959
2025-12-09 21:00:00,0.3402,0.341,0.3327,0.3355,547259.4906
2025-12-09 22:00:00,0.3361,0.3409,0.3355,0.3396,391628.9659
2025-12-09 23:00:00,0.3392,0.341,0.338,0.3389,421101.5747
2025-12-10 00:00:00,0.339,0.3404,0.3357,0.3358,417770.6101
2025-12-10 01:00:00,0.3357,0.3363,0.3325,0.3336,257781.2303
2025-12-10 02:00:00,0.3329,0.3352,0.3317,0.3351,234216.6031
2025-12-10 03:00:00,0.3354,0.3366,0.3345,0.3345,110538.1648
2025-12-10 04:00:00,0.3344,0.3355,0.3335,0.334,155544.9036
2025-12-10 05:00:00,0.334,0.3368,0.3339,0.3354,105440.694
2025-12-10 06:00:00,0.3353,0.3363,0.3343,0.3346,204899.6801
2025-12-10 07:00:00,0.3343,0.3343,0.332,0.3327,91444.0582
2025-12-10 08:00:00,0.3332,0.3334,0.3304,0.3305,231703.2465
2025-12-10 09:00:00,0.3304,0.3332,0.3291,0.3329,178330.0289
2025-12-10 10:00:00,0.3327,0.3358,0.3279,0.3289,188974.3008
2025-12-10 11:00:00,0.3284,0.3298,0.3277,0.3294,137584.9202
2025-12-10 12:00:00,0.3293,0.3304,0.3282,0.33,386391.3475
2025-12-10 13:00:00,0.3299,0.331,0.3291,0.3307,145010.3659
2025-12-10 14:00:00,0.3306,0.3313,0.3287,0.3306,317686.2363
2025-12-10 15:00:00,0.3303,0.3354,0.3293,0.3303,544309.1367
2025-12-10 16:00:00,0.3303,0.335,0.3294,0.3326,158282.8101
2025-12-10 17:00:00,0.3325,0.336,0.3314,0.3318,90683.0098
2025-12-10 18:00:00,0.3315,0.3386,0.3306,0.3335,213876.7739
2025-12-10 19:00:00,0.3339,0.3415,0.3302,0.3372,1067835.317
2025-12-10 20:00:00,0.3379,0.3453,0.3313,0.3328,1106994.1345
2025-12-10 21:00:00,0.3327,0.3344,0.3261,0.3269,277973.5804
2025-12-10 22:00:00,0.3267,0.3293,0.3224,0.3283,273268.402
2025-12-10 23:00:00,0.3279,0.3282,0.3231,0.3234,155402.7377
2025-12-11 00:00:00,0.3231,0.3241,0.3147,0.3165,1124480.9238
2025-12-11 01:00:00,0.3164,0.3164,0.3111,0.3112,976355.4315
2025-12-11 02:00:00,0.3112,0.3112,0.3073,0.3089,1396724.6706
2025-12-11 03:00:00,0.3085,0.3086,0.3047,0.3058,317420.5139
2025-12-11 04:00:00,0.3058,0.3108,0.3043,0.3103,518222.6523
2025-12-11 05:00:00,0.3101,0.3113,0.3093,0.3107,102757.84
2025-12-11 06:00:00,0.3106,0.3115,0.3087,0.3102,210962.3455
2025-12-11 07:00:00,0.3101,0.3101,0.3085,0.3085,75611.1115
2025-12-11 08:00:00,0.3085,0.3085,0.306,0.3069,174490.3638
2025-12-11 09:00:00,0.3066,0.3078,0.3054,0.3058,139777.0596
2025-12-11 10:00:00,0.3059,0.3067,0.3049,0.3061,98482.7596
2025-12-11 11:00:00,0.306,0.3076,0.3054,0.3072,232779.6442
2025-12-11 12:00:00,0.307,0.3071,0.3028,0.3041,3731754.2003
2025-12-11 13:00:00,0.3041,0.3056,0.3036,0.305,432494.4002
2025-12-11 14:00:00,0.3051,0.3063,0.3011,0.3028,677955.0874
2025-12-11 15:00:00,0.3025,0.307,0.3013,0.3027,386564.3542
2025-12-11 16:00:00,0.3025,0.3037,0.3002,0.3017,310683.7315
2025-12-11 17:00:00,0.302,0.3059,0.3012,0.3049,185872.3453
2025-12-11 18:00:00,0.3046,0.3106,0.3045,0.3078,337377.8452
2025-12-11 19:00:00,0.3081,0.3125,0.3073,0.3083,266500.0619
2025-12-11 20:00:00,0.3085,0.3137,0.3085,0.3134,265521.3268
2025-12-11 21:00:00,0.3134,0.3219,0.3126,0.3192,633434.8647
2025-12-11 22:00:00,0.3205,0.3207,0.3133,0.3154,671589.4683
2025-12-11 23:00:00,0.3152,0.3155,0.3125,0.3141,254733.4529
2025-12-12 00:00:00,0.3142,0.3167,0.3087,0.3097,791298.0184
2025-12-12 01:00:00,0.3102,0.3143,0.31,0.312,176965.4776
2025-12-12 02:00:00,0.3122,0.3152,0.3115,0.3133,506974.7383
2025-12-12 03:00:00,0.3132,0.3137,0.3107,0.3112,99558.0217
2025-12-12 04:00:00,0.3112,0.3119,0.3108,0.3114,308473.6033
2025-12-12 05:00:00,0.3119,0.3163,0.3114,0.3163,173986.3956
2025-12-12 06:00:00,0.3165,0.32,0.316,0.3166,348104.1183
2025-12-12 07:00:00,0.3166,0.3167,0.3147,0.3147,389155.2679
2025-12-12 08:00:00,0.3149,0.3159,0.3132,0.3154,512095.1138
2025-12-12 09:00:00,0.3156,0.3178,0.3144,0.3176,273106.7671
2025-12-12 10:00:00,0.3172,0.3193,0.3172,0.3175,161754.5057
2025-12-12 11:00:00,0.3173,0.3185,0.3159,0.3184,113437.7731
2025-12-12 12:00:00,0.3186,0.3211,0.3178,0.3204,101420.6701
2025-12-12 13:00:00,0.3204,0.3218,0.3192,0.3205,223341.9017
2025-12-12 14:00:00,0.3205,0.3222,0.3178,0.3185,372481.7879
2025-12-12 15:00:00,0.3184,0.3184,0.2991,0.3008,1488566.3257
2025-12-12 16:00:00,0.3008,0.3017,0.2942,0.2968,2656212.3849
2025-12-12 17:00:00,0.2967,0.3016,0.2965,0.2989,393896.8052
2025-12-12 18:00:00,0.299,0.3041,0.2989,0.3009,282129.9052
2025-12-12 19:00:00,0.3011,0.3013,0.2987,0.301,572438.7357
2025-12-12 20:00:00,0.3011,0.3026,0.301,0.3023,368148.1329
2025-12-12 21:00:00,0.302,0.3053,0.3018,0.3041,248002.7084
2025-12-12 22:00:00,0.3041,0.308,0.3038,0.3077,139992.8149
2025-12-12 23:00:00,0.3076,0.3086,0.3064,0.3075,101876.1669
2025-12-13 00:00:00,0.3078,0.3085,0.3072,0.3074,128965.8087
2025-12-13 01:00:00,0.3076,0.308,0.3063,0.3072,81071.1884
2025-12-13 02:00:00,0.3074,0.3091,0.3074,0.3088,162666.1991
2025-12-13 03:00:00,0.3088,0.3122,0.3081,0.3106,162941.6151
2025-12-13 04:00:00,0.3108,0.3118,0.3101,0.3116,87640.6816
2025-12-13 05:00:00,0.3115,0.3118,0.3089,0.309,109375.146
2025-12-13 06:00:00,0.309,0.309,0.308,0.3083,155621.6337
2025-12-13 07:00:00,0.3092,0.3121,0.3092,0.3116,130837.1722
2025-12-13 08:00:00,0.3116,0.3139,0.3115,0.313,140719.5467
2025-12-13 09:00:00,0.3132,0.314,0.3125,0.3126,92709.2097
2025-12-13 10:00:00,0.3126,0.3157,0.3124,0.315,195652.7954
2025-12-13 11:00:00,0.315,0.3153,0.3134,0.3147,185614.5911
2025-12-13 12:00:00,0.3148,0.3167,0.3147,0.3166,149453.2526
2025-12-13 13:00:00,0.3167,0.3169,0.3122,0.3125,433799.1059
2025-12-13 14:00:00,0.3126,0.3134,0.311,0.3126,234134.1974
2025-12-13 15:00:00,0.3125,0.3162,0.3125,0.3155,378957.5867
2025-12-13 16:00:00,0.3157,0.3179,0.3155,0.3168,161314.2827
2025-12-13 17:00:00,0.3168,0.3171,0.3151,0.3156,88019.6719
2025-12-13 18:00:00,0.3154,0.3169,0.3153,0.3155,77871.9841
2025-12-13 19:00:00,0.3159,0.3165,0.3144,0.3144,111006.7009
2025-12-13 20:00:00,0.3147,0.3151,0.3142,0.3145,58745.9468
2025-12-13 21:00:00,0.3146,0.3151,0.3125,0.3151,138200.2214
2025-12-13 22:00:00,0.3151,0.3162,0.3143,0.3152,203574.8532
2025-12-13 23:00:00,0.3151,0.3168,0.3149,0.3153,79445.3278
2025-12-14 00:00:00,0.3154,0.3157,0.314,0.3153,138339.5856
2025-12-14 01:00:00,0.3151,0.3159,0.3141,0.3145,23612.8753
2025-12-14 02:00:00,0.3147,0.3158,0.3147,0.3153,39689.7852
2025-12-14 03:00:00,0.3153,0.3153,0.3131,0.3136,63307.4312
2025-12-14 04:00:00,0.3134,0.3135,0.3104,0.3109,493356.2042
2025-12-14 05:00:00,0.3109,0.3112,0.3095,0.3105,146317.88
2025-12-14 06:00:00,0.3107,0.3107,0.3077,0.3087,152642.6459
2025-12-14 07:00:00,0.3085,0.3098,0.3078,0.3086,63875.7992
2025-12-14 08:00:00,0.3088,0.3104,0.3071,0.3071,155814.0894
2025-12-14 09:00:00,0.307,0.3083,0.307,0.3078,146257.1743
2025-12-14 10:00:00,0.3075,0.3084,0.3057,0.3073,182710.967
2025-12-14 11:00:00,0.307,0.3073,0.3022,0.3056,380474.9083
2025-12-14 12:00:00,0.3058,0.3088,0.3043,0.3073,489919.0149
2025-12-14 13:00:00,0.3071,0.3071,0.3055,0.3071,307398.7558
2025-12-14 14:00:00,0.3076,0.3082,0.3029,0.304,229396.896
2025-12-14 15:00:00,0.3042,0.3054,0.3029,0.3038,281520.5189
2025-12-14 16:00:00,0.3036,0.306,0.3026,0.3037,173819.5863
2025-12-14 17:00:00,0.3036,0.3042,0.2996,0.3005,229606.316
2025-12-14 18:00:00,0.3004,0.3025,0.3,0.3024,167722.9309
2025-12-14 19:00:00,0.3022,0.3023,0.2998,0.3003,103242.1666
2025-12-14 20:00:00,0.3005,0.3036,0.299,0.3018,412204.427
2025-12-14 21:00:00,0.3017,0.3028,0.2992,0.2998,81208.769
2025-12-14 22:00:00,0.3005,0.3019,0.2984,0.3009,183589.8878
2025-12-14 23:00:00,0.3013,0.303,0.2964,0.3007,353661.5389
2025-12-15 00:00:00,0.3009,0.3038,0.2998,0.3036,161331.5237
2025-12-15 01:00:00,0.3038,0.3087,0.3029,0.3075,198258.09
2025-12-15 02:00:00,0.3081,0.313,0.3077,0.308,328479.6695
2025-12-15 03:00:00,0.3086,0.3089,0.3072,0.3086,33865.0355
2025-12-15 04:00:00,0.3087,0.3104,0.3086,0.31,81914.9848
2025-12-15 05:00:00,0.31,0.3139,0.3093,0.3138,492086.9313
2025-12-15 06:00:00,0.3139,0.3147,0.3113,0.3124,306117.9505
2025-12-15 07:00:00,0.3129,0.3136,0.3084,0.3097,518647.4511
2025-12-15 08:00:00,0.3099,0.311,0.3086,0.3093,339362.1588
2025-12-15 09:00:00,0.3093,0.3107,0.3092,0.3103,208519.2589
2025-12-15 10:00:00,0.3102,0.3127,0.3101,0.3107,208836.7504
2025-12-15 11:00:00,0.3107,0.3115,0.3087,0.3099,264065.6745
2025-12-15 12:00:00,0.3098,0.317,0.3093,0.3135,735963.5078
2025-12-15 13:00:00,0.3136,0.3138,0.3079,0.3096,328232.967
2025-12-15 14:00:00,0.3096,0.3138,0.3013,0.3045,900536.2631
2025-12-15 15:00:00,0.3036,0.3049,0.2911,0.2923,734080.6457
2025-12-15 16:00:00,0.292,0.2932,0.2867,0.2885,826583.901
2025-12-15 17:00:00,0.2882,0.2885,0.2846,0.2853,266612.0652
2025-12-15 18:00:00,0.2852,0.2873,0.2814,0.2869,749958.4178
2025-12-15 19:00:00,0.287,0.2908,0.2868,0.2877,221905.1089
2025-12-15 20:00:00,0.2877,0.2877,0.2837,0.2853,244332.5881
2025-12-15 21:00:00,0.2855,0.2897,0.2847,0.2889,159307.5974
2025-12-15 22:00:00,0.2891,0.291,0.2881,0.2908,209261.6959
2025-12-15 23:00:00,0.2911,0.2934,0.2911,0.2931,208760.8088
2025-12-16 00:00:00,0.2931,0.2936,0.2887,0.2888,141285.5973
2025-12-16 01:00:00,0.2887,0.2904,0.2869,0.2875,211320.0671
2025-12-16 02:00:00,0.2874,0.2906,0.2865,0.2889,113855.2316
2025-12-16 03:00:00,0.2894,0.2898,0.2866,0.2893,58372.3485
2025-12-16 04:00:00,0.2896,0.29,0.2831,0.2872,175299.2532
2025-12-16 05:00:00,0.2866,0.288,0.2862,0.2869,131125.1912
2025-12-16 06:00:00,0.2867,0.289,0.2867,0.289,59315.4803
2025-12-16 07:00:00,0.2888,0.2893,0.2834,0.2847,141587.6768
2025-12-16 08:00:00,0.2845,0.2873,0.2845,0.2861,86727.2535
2025-12-16 09:00:00,0.2857,0.2867,0.2853,0.2859,41378.5649
2025-12-16 10:00:00,0.2859,0.2937,0.2859,0.2922,152209.8058
2025-12-16 11:00:00,0.292,0.2965,0.2915,0.2962,358231.7442
2025-12-16 12:00:00,0.2961,0.2967,0.2934,0.2943,118214.9749
2025-12-16 13:00:00,0.2938,0.2977,0.2897,0.2903,600317.8573
2025-12-16 14:00:00,0.2905,0.296,0.2878,0.2931,389091.8655
2025-12-16 15:00:00,0.2935,0.2976,0.2901,0.2964,433756.0357
2025-12-16 16:00:00,0.2965,0.2971,0.2934,0.2954,266085.6635
2025-12-16 17:00:00,0.2957,0.2979,0.2931,0.2933,216912.1815
2025-12-16 18:00:00,0.2932,0.2969,0.2925,0.295,199556.2023
2025-12-16 19:00:00,0.2949,0.2952,0.2912,0.2938,142285.5196
2025-12-16 20:00:00,0.2939,0.2949,0.2929,0.2942,176717.8869
2025-12-16 21:00:00,0.294,0.2951,0.2932,0.2941,83621.5515
2025-12-16 22:00:00,0.2944,0.2944,0.2926,0.2932,112454.5854
2025-12-16 23:00:00,0.293,0.2935,0.2922,0.2935,44967.788
2025-12-17 00:00:00,0.2933,0.2933,0.2916,0.292,120827.4369
2025-12-17 01:00:00,0.2925,0.2958,0.2925,0.2932,87376.3035
2025-12-17 02:00:00,0.2931,0.2946,0.2906,0.2942,589989.2615
2025-12-17 03:00:00,0.2941,0.2952,0.2916,0.292,104552.3744
2025-12-17 04:00:00,0.2922,0.2926,0.2901,0.2907,140981.2259
2025-12-17 05:00:00,0.2901,0.2918,0.2888,0.2907,148610.8578
2025-12-17 06:00:00,0.2904,0.2921,0.2904,0.2906,80551.1971
2025-12-17 07:00:00,0.2906,0.2918,0.2896,0.2898,116826.5831
2025-12-17 08:00:00,0.2897,0.2897,0.2871,0.2883,193665.9742
2025-12-17 09:00:00,0.2879,0.2884,0.2866,0.2876,77649.7436
2025-12-17 10:00:00,0.2874,0.2879,0.2864,0.2872,139965.7771
2025-12-17 11:00:00,0.2871,0.29,0.2871,0.2896,100987.5886
2025-12-17 12:00:00,0.2895,0.2905,0.2883,0.2895,247244.8127
2025-12-17 13:00:00,0.2894,0.2935,0.2883,0.2928,222557.4094
2025-12-17 14:00:00,0.2936,0.2999,0.287,0.2996,1296705.0099
2025-12-17 15:00:00,0.3,0.3062,0.2868,0.2875,2998698.8482
2025-12-17 16:00:00,0.2875,0.2899,0.2763,0.2803,2364619.1007
2025-12-17 17:00:00,0.2802,0.2814,0.2746,0.2756,852151.1108
2025-12-17 18:00:00,0.276,0.2791,0.2728,0.2733,1124926.225
2025-12-17 19:00:00,0.2734,0.2764,0.2716,0.276,304375.7406
2025-12-17 20:00:00,0.276,0.2788,0.2748,0.2756,241479.1567
2025-12-17 21:00:00,0.2755,0.2764,0.2719,0.2724,164531.0156
2025-12-17 22:00:00,0.2724,0.274,0.269,0.2734,781400.2617
2025-12-17 23:00:00,0.2736,0.2736,0.2717,0.2734,127400.4583
2025-12-18 00:00:00,0.2736,0.2739,0.2724,0.2738,89775.7442
2025-12-18 01:00:00,0.2733,0.2734,0.2701,0.2714,361029.6616
2025-12-18 02:00:00,0.2715,0.2749,0.2707,0.2729,201673.2827
2025-12-18 03:00:00,0.2728,0.2728,0.2692,0.2702,145285.3094
2025-12-18 04:00:00,0.2704,0.2717,0.27,0.2707,305517.9406
2025-12-18 05:00:00,0.2706,0.2708,0.2666,0.2676,407212.9058
2025-12-18 06:00:00,0.2674,0.2693,0.267,0.2691,195398.858
2025-12-18 07:00:00,0.2693,0.2711,0.2689,0.2704,161384.2783
2025-12-18 08:00:00,0.2704,0.275,0.2704,0.2729,556995.7829
2025-12-18 09:00:00,0.2729,0.2739,0.2723,0.2728,119651.514
2025-12-18 10:00:00,0.2723,0.2753,0.2723,0.2751,249145.1212
2025-12-18 11:00:00,0.275,0.275,0.2733,0.2743,265553.5174
2025-12-18 12:00:00,0.2743,0.2758,0.2735,0.2753,173859.4204
2025-12-18 13:00:00,0.2755,0.2849,0.2755,0.2846,1369406.0863
2025-12-18 14:00:00,0.285,0.2872,0.2786,0.2805,855630.2105
2025-12-18 15:00:00,0.2813,0.2859,0.2787,0.2825,1080046.2943
2025-12-18 16:00:00,0.2827,0.2827,0.2787,0.2807,372345.2562
2025-12-18 17:00:00,0.2813,0.2813,0.2617,0.267,1526154.5017
2025-12-18 18:00:00,0.2667,0.2702,0.2613,0.2622,680126.7936
2025-12-18 19:00:00,0.2625,0.2639,0.255,0.2559,855501.4011
2025-12-18 20:00:00,0.2558,0.2597,0.2556,0.2568,451809.6937
2025-12-18 21:00:00,0.257,0.2638,0.257,0.2638,617286.3801
2025-12-18 22:00:00,0.2639,0.2651,0.2629,0.2635,263044.1931
2025-12-18 23:00:00,0.2633,0.2633,0.2598,0.2599,170029.9336
2025-12-19 00:00:00,0.2599,0.2611,0.2575,0.2587,294651.1133
2025-12-19 01:00:00,0.2586,0.2586,0.2561,0.2573,398190.3641
2025-12-19 02:00:00,0.2573,0.2593,0.2566,0.2584,408708.9412
2025-12-19 03:00:00,0.258,0.2688,0.258,0.2649,1210294.0542
2025-12-19 04:00:00,0.2651,0.2672,0.2646,0.2656,430507.7334
2025-12-19 05:00:00,0.2655,0.2655,0.2635,0.2639,785035.2653
2025-12-19 06:00:00,0.2642,0.2655,0.2634,0.2649,221524.2989
2025-12-19 07:00:00,0.2658,0.2713,0.2658,0.2682,1027553.6153
2025-12-19 08:00:00,0.2683,0.2697,0.2677,0.2691,338775.1187
2025-12-19 09:00:00,0.2693,0.27,0.266,0.267,235407.6834
2025-12-19 10:00:00,0.2672,0.2682,0.2668,0.2673,303071.1816
2025-12-19 11:00:00,0.267,0.2688,0.2661,0.2678,143470.836
2025-12-19 12:00:00,0.268,0.2691,0.2671,0.2684,552537.4421
2025-12-19 13:00:00,0.2684,0.2705,0.2684,0.2701,574833.4562
2025-12-19 14:00:00,0.2702,0.2767,0.2694,0.2745,600866.2475
2025-12-19 15:00:00,0.2741,0.28,0.272,0.2743,1103441.2528
2025-12-19 16:00:00,0.2743,0.2818,0.2739,0.2767,349363.7343
2025-12-19 17:00:00,0.2769,0.2798,0.2718,0.2718,534104.2552
2025-12-19 18:00:00,0.2721,0.2778,0.2719,0.2769,276434.2016
2025-12-19 19:00:00,0.2772,0.284,0.2772,0.2824,363764.1951
2025-12-19 20:00:00,0.2823,0.2842,0.2807,0.2816,396773.0843
2025-12-19 21:00:00,0.2815,0.2815,0.2798,0.2802,517307.9473
2025-12-19 22:00:00,0.2806,0.2828,0.2805,0.282,248478.7202
2025-12-19 23:00:00,0.2816,0.2816,0.2796,0.2796,124831.7432
2025-12-20 00:00:00,0.2798,0.2802,0.2789,0.2794,112632.9417
2025-12-20 01:00:00,0.2794,0.2805,0.2779,0.2782,103609.889
2025-12-20 02:00:00,0.278,0.279,0.278,0.2784,110932.9635
2025-12-20 03:00:00,0.2784,0.2799,0.2775,0.2785,157396.2183
2025-12-20 04:00:00,0.2786,0.2786,0.2762,0.2765,275451.8445
2025-12-20 05:00:00,0.2761,0.2774,0.2756,0.2763,391130.6644
2025-12-20 06:00:00,0.2761,0.2772,0.2761,0.2772,55439.3331
2025-12-20 07:00:00,0.2775,0.281,0.2774,0.2809,196685.6513
2025-12-20 08:00:00,0.2809,0.2845,0.2809,0.2823,510786.6204
2025-12-20 09:00:00,0.2823,0.2831,0.2817,0.2821,84496.1398
2025-12-20 10:00:00,0.2824,0.2826,0.2793,0.2795,373605.975
2025-12-20 11:00:00,0.2796,0.2822,0.2793,0.2822,140205.5301
2025-12-20 12:00:00,0.2823,0.2826,0.2803,0.2814,154097.6885
2025-12-20 13:00:00,0.2814,0.2824,0.2785,0.2805,1580267.0282
2025-12-20 14:00:00,0.2803,0.2811,0.2783,0.2807,171669.8595
2025-12-20 15:00:00,0.2808,0.2808,0.2789,0.2796,170006.3021
2025-12-20 16:00:00,0.2796,0.28,0.2789,0.2797,33659.2065
2025-12-20 17:00:00,0.28,0.282,0.28,0.2802,116307.9492
2025-12-20 18:00:00,0.2803,0.2805,0.2795,0.2799,116827.0035
2025-12-20 19:00:00,0.28,0.2802,0.2789,0.2791,44234.2465
2025-12-20 20:00:00,0.2791,0.2796,0.2789,0.2794,64851.6607
2025-12-20 21:00:00,0.2796,0.2803,0.279,0.2791,91162.3675
2025-12-20 22:00:00,0.2792,0.2804,0.2783,0.2799,180827.919
2025-12-20 23:00:00,0.2799,0.2801,0.2781,0.2787,99689.9399
2025-12-21 00:00:00,0.2786,0.2792,0.2769,0.2773,136846.7676
2025-12-21 01:00:00,0.2771,0.2773,0.2748,0.2756,428047.6371
2025-12-21 02:00:00,0.2753,0.2761,0.2738,0.2742,150914.4047
2025-12-21 03:00:00,0.2744,0.2763,0.2742,0.2761,144248.2797
2025-12-21 04:00:00,0.2761,0.2765,0.2755,0.2761,301010.4607
2025-12-21 05:00:00,0.276,0.2777,0.2759,0.2767,120985.2657
2025-12-21 06:00:00,0.2766,0.277,0.2759,0.2764,104480.0214
2025-12-21 07:00:00,0.2767,0.2767,0.2762,0.2763,3780.909
2025-12-21 08:00:00,0.2763,0.278,0.2756,0.277,44813.6031
2025-12-21 09:00:00,0.2775,0.2783,0.2758,0.277,161485.3191
2025-12-21 10:00:00,0.2774,0.2776,0.2749,0.2755,108512.7573
2025-12-21 11:00:00,0.2756,0.276,0.2747,0.2748,93663.2965
2025-12-21 12:00:00,0.2748,0.276,0.2722,0.273,106576.6774
2025-12-21 13:00:00,0.2725,0.2725,0.2638,0.2641,464249.7027
2025-12-21 14:00:00,0.2642,0.2668,0.2642,0.2656,144290.3134
2025-12-21 15:00:00,0.2654,0.2675,0.2647,0.2668,262332.2509
2025-12-21 16:00:00,0.2668,0.2696,0.2659,0.2694,268700.2257
2025-12-21 17:00:00,0.2696,0.2713,0.2687,0.2687,235121.5455
2025-12-21 18:00:00,0.269,0.2696,0.2669,0.2696,156657.4921
2025-12-21 19:00:00,0.2696,0.2714,0.2689,0.2709,121717.7374
2025-12-21 20:00:00,0.271,0.271,0.2691,0.2698,40172.6342
2025-12-21 21:00:00,0.2699,0.2708,0.268,0.2685,49942.795
2025-12-21 22:00:00,0.2685,0.2724,0.2682,0.2724,105844.5315
2025-12-21 23:00:00,0.2725,0.2741,0.2712,0.2722,115285.1597
2025-12-22 00:00:00,0.2724,0.2796,0.2724,0.2747,754042.6642
2025-12-22 01:00:00,0.2743,0.2777,0.2738,0.2739,152513.8592
2025-12-22 02:00:00,0.274,0.274,0.2693,0.2727,248414.7008
2025-12-22 03:00:00,0.2725,0.2755,0.2716,0.2742,54380.9038
2025-12-22 04:00:00,0.2744,0.2757,0.2736,0.2745,513544.9399
2025-12-22 05:00:00,0.2748,0.2751,0.2732,0.2738,302709.0394
2025-12-22 06:00:00,0.2736,0.2756,0.2736,0.2746,65943.6233
2025-12-22 07:00:00,0.2745,0.2768,0.2745,0.2761,67766.811
2025-12-22 08:00:00,0.276,0.2799,0.2754,0.276,226715.3574
2025-12-22 09:00:00,0.2762,0.2766,0.2748,0.2762,49971.3385
2025-12-22 10:00:00,0.2761,0.2773,0.2757,0.2761,51553.1445
2025-12-22 11:00:00,0.2759,0.277,0.2748,0.2764,108544.2712
2025-12-22 12:00:00,0.2764,0.279,0.2755,0.2769,285391.88
2025-12-22 13:00:00,0.2769,0.2772,0.2752,0.2765,119266.0169
2025-12-22 14:00:00,0.2766,0.2795,0.2753,0.2775,277190.7841
2025-12-22 15:00:00,0.2781,0.2793,0.2741,0.2774,414671.2765
2025-12-22 16:00:00,0.2773,0.2783,0.2757,0.2768,141650.7519
2025-12-22 17:00:00,0.2769,0.2772,0.2752,0.2761,91324.8805
2025-12-22 18:00:00,0.2763,0.277,0.2744,0.2751,127438.5933
2025-12-22 19:00:00,0.2751,0.2751,0.2698,0.2703,247519.1665
2025-12-22 20:00:00,0.27,0.2717,0.2683,0.2688,492181.1655
2025-12-22 21:00:00,0.2689,0.2717,0.2689,0.2702,69003.4082
2025-12-22 22:00:00,0.2698,0.2727,0.2693,0.2726,109909.2583
2025-12-22 23:00:00,0.2723,0.2727,0.2713,0.2718,22644.0924
2025-12-23 00:00:00,0.2719,0.2747,0.2715,0.2735,64468.3915
2025-12-23 01:00:00,0.2734,0.2734,0.2711,0.2715,46566.3978
2025-12-23 02:00:00,0.2716,0.2734,0.2698,0.2702,274049.5351
2025-12-23 03:00:00,0.2701,0.271,0.2684,0.2704,76962.5492
2025-12-23 04:00:00,0.2699,0.2707,0.2692,0.2693,41103.0942
2025-12-23 05:00:00,0.2694,0.2702,0.2675,0.2697,259269.3762
2025-12-23 06:00:00,0.2694,0.2698,0.2667,0.2675,279012.948
2025-12-23 07:00:00,0.2674,0.2681,0.2668,0.268,75783.6415
2025-12-23 08:00:00,0.2675,0.2688,0.266,0.2662,192938.1183
2025-12-23 09:00:00,0.2662,0.2678,0.2658,0.2678,156811.8361
2025-12-23 10:00:00,0.2679,0.2693,0.2679,0.2686,115642.3426
2025-12-23 11:00:00,0.2689,0.2703,0.2688,0.2689,26394.3381
2025-12-23 12:00:00,0.2687,0.2687,0.2662,0.2679,54013.6396
2025-12-23 13:00:00,0.2674,0.2685,0.2646,0.2663,356991.8867
2025-12-23 14:00:00,0.266,0.2671,0.2613,0.2638,495165.6584
2025-12-23 15:00:00,0.2638,0.266,0.2628,0.2655,129878.9534
2025-12-23 16:00:00,0.2656,0.2701,0.2649,0.2694,335118.9703
2025-12-23 17:00:00,0.2696,0.2709,0.2658,0.2658,263184.409
2025-12-23 18:00:00,0.2659,0.2724,0.2659,0.2711,215895.6046
2025-12-23 19:00:00,0.2713,0.2717,0.2695,0.2698,137099.652
2025-12-23 20:00:00,0.2702,0.2748,0.2696,0.2722,160406.3506
2025-12-23 21:00:00,0.2723,0.2725,0.2704,0.2704,115900.9704
2025-12-23 22:00:00,0.2704,0.2709,0.2686,0.2698,85321.7217
2025-12-23 23:00:00,0.2696,0.2711,0.2688,0.2704,84960.9668
2025-12-24 00:00:00,0.2706,0.2718,0.2702,0.2713,30647.7078
2025-12-24 01:00:00,0.2714,0.2723,0.2687,0.2696,47664.8847
2025-12-24 02:00:00,0.2695,0.2695,0.2657,0.2664,106722.1921
2025-12-24 03:00:00,0.2663,0.2682,0.2648,0.2681,30717.6498
2025-12-24 04:00:00,0.2682,0.2694,0.2657,0.2659,153646.5947
2025-12-24 05:00:00,0.266,0.2664,0.2633,0.2653,255046.9843
2025-12-24 06:00:00,0.2651,0.2654,0.2624,0.263,784001.0577
2025-12-24 07:00:00,0.263,0.2642,0.262,0.2621,222595.2065
2025-12-24 08:00:00,0.2621,0.2629,0.2611,0.262,110176.3278
2025-12-24 09:00:00,0.2619,0.2631,0.2619,0.2623,169600.4728
2025-12-24 10:00:00,0.2623,0.2632,0.262,0.262,65995.5666
2025-12-24 11:00:00,0.2626,0.2635,0.2623,0.2627,86874.5167
2025-12-24 12:00:00,0.2628,0.2654,0.2627,0.2651,125741.1418
2025-12-24 13:00:00,0.2649,0.2649,0.2627,0.2635,249561.8624
2025-12-24 14:00:00,0.2641,0.2657,0.2598,0.2629,576424.3465
2025-12-24 15:00:00,0.2635,0.2675,0.262,0.2661,206128.2425
2025-12-24 16:00:00,0.2661,0.2673,0.2634,0.2645,321171.6448
2025-12-24 17:00:00,0.2651,0.2653,0.262,0.2621,107822.5585
2025-12-24 18:00:00,0.2621,0.2629,0.2615,0.2618,51548.9905
2025-12-24 19:00:00,0.2618,0.2636,0.2614,0.2631,185917.9564
2025-12-24 20:00:00,0.2634,0.2644,0.263,0.2631,47773.874
2025-12-24 21:00:00,0.2633,0.264,0.2628,0.2637,56301.0228
2025-12-24 22:00:00,0.2635,0.2663,0.2635,0.2655,159447.3222
2025-12-24 23:00:00,0.2654,0.2654,0.2633,0.2636,132589.9627
2025-12-25 00:00:00,0.2636,0.2639,0.261,0.2613,265742.5886
2025-12-25 01:00:00,0.2614,0.2632,0.2614,0.2627,55723.1924
2025-12-25 02:00:00,0.2627,0.2655,0.262,0.2655,89503.7864
2025-12-25 03:00:00,0.2655,0.2655,0.264,0.2651,36435.8389
2025-12-25 04:00:00,0.2653,0.2669,0.2646,0.2662,242576.8598
2025-12-25 05:00:00,0.2665,0.2665,0.2643,0.2645,67476.7602
2025-12-25 06:00:00,0.2642,0.2655,0.2639,0.2652,73707.7009
2025-12-25 07:00:00,0.2651,0.2656,0.2636,0.2655,245317.7041
2025-12-25 08:00:00,0.2656,0.2675,0.2633,0.264,338957.6219
2025-12-25 09:00:00,0.2639,0.264,0.2625,0.2627,44732.0414
2025-12-25 10:00:00,0.2627,0.2627,0.2589,0.2598,164364.3509
2025-12-25 11:00:00,0.2596,0.2609,0.2596,0.2606,23861.0756
2025-12-25 12:00:00,0.2604,0.2627,0.2602,0.2627,130837.2508
2025-12-25 13:00:00,0.2626,0.2637,0.2614,0.2627,72571.0732
2025-12-25 14:00:00,0.2627,0.2628,0.2596,0.2604,236590.4912
2025-12-25 15:00:00,0.2605,0.2633,0.2598,0.2619,414201.2551
2025-12-25 16:00:00,0.2622,0.2639,0.2597,0.2601,308440.5619
2025-12-25 17:00:00,0.2602,0.2602,0.2569,0.2589,380200.0597
2025-12-25 18:00:00,0.2587,0.2621,0.2587,0.2616,121314.0865
2025-12-25 19:00:00,0.2617,0.2628,0.2609,0.2628,69384.7661
2025-12-25 20:00:00,0.2629,0.2635,0.2617,0.263,103311.7277
2025-12-25 21:00:00,0.2631,0.2636,0.2626,0.2629,72023.8614
2025-12-25 22:00:00,0.2634,0.2635,0.2545,0.257,882280.2812
2025-12-25 23:00:00,0.2568,0.2575,0.251,0.2521,627247.0226
2025-12-26 00:00:00,0.2522,0.2539,0.2513,0.2538,318377.4273
2025-12-26 01:00:00,0.2536,0.2555,0.2534,0.2555,194233.4174
2025-12-26 02:00:00,0.2549,0.2676,0.2549,0.2657,776123.5038
2025-12-26 03:00:00,0.2658,0.2666,0.2636,0.2647,109920.0447
2025-12-26 04:00:00,0.2646,0.2668,0.2624,0.2662,87229.2954
2025-12-26 05:00:00,0.2663,0.2663,0.2647,0.2661,312867.9636
2025-12-26 06:00:00,0.2659,0.2686,0.2648,0.2672,472421.8819
2025-12-26 07:00:00,0.2671,0.2675,0.2634,0.264,183477.1982
2025-12-26 08:00:00,0.2638,0.2683,0.2638,0.2664,261350.9399
2025-12-26 09:00:00,0.2667,0.2673,0.2651,0.267,231271.5599
2025-12-26 10:00:00,0.2671,0.2672,0.2665,0.267,83961.275
2025-12-26 11:00:00,0.2667,0.2674,0.2664,0.2673,113774.2529
2025-12-26 12:00:00,0.2676,0.27,0.2675,0.2698,282397.7692
2025-12-26 13:00:00,0.27,0.2733,0.2689,0.2691,321459.5581
2025-12-26 14:00:00,0.2692,0.2694,0.2635,0.264,298804.7049
2025-12-26 15:00:00,0.2636,0.2648,0.2613,0.2635,275392.1716
2025-12-26 16:00:00,0.2638,0.264,0.2594,0.2594,358204.9965
2025-12-26 17:00:00,0.2596,0.2641,0.2593,0.2632,394850.8163
2025-12-26 18:00:00,0.2631,0.266,0.263,0.2654,88455.4339
2025-12-26 19:00:00,0.2655,0.2681,0.2653,0.2674,70879.7824
2025-12-26 20:00:00,0.2676,0.2691,0.2668,0.2679,85139.5365
2025-12-26 21:00:00,0.268,0.2684,0.2666,0.2666,59737.508
2025-12-26 22:00:00,0.2668,0.2676,0.2663,0.2668,117460.3192
2025-12-26 23:00:00,0.2673,0.268,0.2668,0.268,136636.4326
2025-12-27 00:00:00,0.2679,0.27,0.2678,0.269,98476.5865
2025-12-27 01:00:00,0.2693,0.2713,0.2685,0.2712,91256.1396
2025-12-27 02:00:00,0.2712,0.2725,0.27,0.2724,49745.4978
2025-12-27 03:00:00,0.2725,0.2726,0.2709,0.2719,49557.5645
2025-12-27 04:00:00,0.2723,0.2723,0.2706,0.2708,37374.1335
2025-12-27 05:00:00,0.2709,0.2712,0.2701,0.2705,43452.9639
2025-12-27 06:00:00,0.2701,0.2706,0.2696,0.2701,21713.4045
2025-12-27 07:00:00,0.27,0.2717,0.27,0.2707,27740.3438
2025-12-27 08:00:00,0.2707,0.2714,0.2704,0.2705,118558.5283
2025-12-27 09:00:00,0.2705,0.2719,0.2699,0.2701,237949.3379
2025-12-27 10:00:00,0.27,0.271,0.2684,0.2708,497082.301
2025-12-27 11:00:00,0.2709,0.2745,0.2706,0.2744,802327.7286
2025-12-27 12:00:00,0.2745,0.2753,0.2728,0.2731,571688.9464
2025-12-27 13:00:00,0.2735,0.2735,0.2712,0.2716,323924.7559
2025-12-27 14:00:00,0.2716,0.2739,0.2716,0.2737,268561.479
2025-12-27 15:00:00,0.2737,0.2745,0.2733,0.2739,397842.6668
2025-12-27 16:00:00,0.2741,0.276,0.2741,0.2753,668265.675
2025-12-27 17:00:00,0.2754,0.276,0.2735,0.2742,439012.9043
2025-12-27 18:00:00,0.2742,0.2747,0.2731,0.2744,190437.8668
2025-12-27 19:00:00,0.2743,0.2743,0.2731,0.2732,29500.4264
2025-12-27 20:00:00,0.2733,0.274,0.2728,0.2729,38512.7647
2025-12-27 21:00:00,0.2729,0.2767,0.2729,0.2764,25914.6423
2025-12-27 22:00:00,0.2764,0.2797,0.2747,0.2761,275469.8138
2025-12-27 23:00:00,0.276,0.2803,0.2758,0.2784,334321.836
2025-12-28 00:00:00,0.2786,0.2795,0.277,0.2772,79481.07
2025-12-28 01:00:00,0.2773,0.278,0.2756,0.276,66997.9039
2025-12-28 02:00:00,0.2759,0.2774,0.2759,0.2769,41047.6145
2025-12-28 03:00:00,0.2766,0.2772,0.2758,0.2771,102642.6721
2025-12-28 04:00:00,0.2769,0.2781,0.2767,0.277,32828.0801
2025-12-28 05:00:00,0.2768,0.2779,0.2764,0.2768,112057.7662
2025-12-28 06:00:00,0.2768,0.2785,0.2768,0.2777,136264.7305
2025-12-28 07:00:00,0.2776,0.2785,0.2771,0.2775,104001.0013
2025-12-28 08:00:00,0.2775,0.2788,0.2771,0.2775,33831.4421
2025-12-28 09:00:00,0.2771,0.2773,0.276,0.2763,98286.7822
2025-12-28 10:00:00,0.2766,0.2779,0.2766,0.2769,66198.4709
2025-12-28 11:00:00,0.2769,0.2776,0.275,0.2755,111914.7868
2025-12-28 12:00:00,0.2756,0.2757,0.274,0.2743,104097.3431
2025-12-28 13:00:00,0.2745,0.2757,0.2745,0.275,463229.3961
2025-12-28 14:00:00,0.2755,0.2777,0.2755,0.2768,264581.4
2025-12-28 15:00:00,0.2769,0.2777,0.2754,0.2757,95803.6846
2025-12-28 16:00:00,0.2756,0.2762,0.2745,0.2755,280470.2319
2025-12-28 17:00:00,0.2755,0.2767,0.2752,0.2755,21401.0448
2025-12-28 18:00:00,0.2756,0.2756,0.2712,0.2714,499474.7926
2025-12-28 19:00:00,0.2714,0.2728,0.27,0.271,307758.3029
2025-12-28 20:00:00,0.2708,0.2716,0.2697,0.2707,91832.14
2025-12-28 21:00:00,0.2706,0.2711,0.2696,0.2711,29028.2004
2025-12-28 22:00:00,0.2712,0.2739,0.2707,0.2733,285572.6252
2025-12-28 23:00:00,0.2737,0.2741,0.2716,0.2738,76325.2496
2025-12-29 00:00:00,0.274,0.2787,0.2736,0.2763,389903.4844
2025-12-29 01:00:00,0.2763,0.2786,0.2732,0.2776,467890.632
2025-12-29 02:00:00,0.278,0.281,0.2772,0.2778,886075.6448
2025-12-29 03:00:00,0.2778,0.2837,0.2778,0.2827,640535.7625
2025-12-29 04:00:00,0.2828,0.2839,0.2813,0.2822,191033.414
2025-12-29 05:00:00,0.2823,0.2838,0.2809,0.282,350589.8483
2025-12-29 06:00:00,0.2819,0.2827,0.2807,0.2812,158491.6598
2025-12-29 07:00:00,0.2812,0.2821,0.2787,0.2817,228014.661
2025-12-29 08:00:00,0.2818,0.2825,0.2803,0.2807,173875.7644
2025-12-29 09:00:00,0.2808,0.2809,0.2739,0.2761,554840.0888
2025-12-29 10:00:00,0.2761,0.2786,0.2757,0.2779,85413.1473
2025-12-29 11:00:00,0.2777,0.2786,0.2758,0.2759,251100.8059
2025-12-29 12:00:00,0.2759,0.2761,0.2695,0.2733,615469.5772
2025-12-29 13:00:00,0.2732,0.2736,0.2709,0.2717,87563.3255
2025-12-29 14:00:00,0.2716,0.276,0.2698,0.2716,458912.1297
2025-12-29 15:00:00,0.2722,0.275,0.2718,0.2733,374500.4812
2025-12-29 16:00:00,0.2731,0.2738,0.2714,0.2719,121182.2506
2025-12-29 17:00:00,0.2718,0.2742,0.2705,0.2739,145132.6604
2025-12-29 18:00:00,0.2739,0.2748,0.2714,0.2719,118648.5685
2025-12-29 19:00:00,0.2718,0.2742,0.2708,0.271,217793.6283
2025-12-29 20:00:00,0.271,0.272,0.2692,0.2701,94168.8089
2025-12-29 21:00:00,0.27,0.2719,0.2699,0.2708,119390.2488
2025-12-29 22:00:00,0.2707,0.2712,0.27,0.2703,100043.4256
2025-12-29 23:00:00,0.2703,0.2703,0.2682,0.2692,81047.1971
2025-12-30 00:00:00,0.2692,0.2709,0.2678,0.2696,82531.611
2025-12-30 01:00:00,0.2695,0.2709,0.2687,0.2702,105920.3581
2025-12-30 02:00:00,0.2697,0.2702,0.2675,0.2683,74343.9979
2025-12-30 03:00:00,0.2683,0.2691,0.2663,0.2686,182400.0086
2025-12-30 04:00:00,0.2683,0.2698,0.2675,0.269,37889.5495
2025-12-30 05:00:00,0.2688,0.2688,0.2664,0.2677,53166.6239
2025-12-30 06:00:00,0.2675,0.2703,0.2675,0.2691,34777.0979
2025-12-30 07:00:00,0.269,0.2701,0.2682,0.2687,39231.3643
2025-12-30 08:00:00,0.2688,0.2757,0.2688,0.2729,450912.4502
2025-12-30 09:00:00,0.2731,0.2754,0.2724,0.2745,150696.6324
2025-12-30 10:00:00,0.2747,0.275,0.2723,0.2732,797491.4136
2025-12-30 11:00:00,0.2733,0.2744,0.2728,0.2744,143767.9101
2025-12-30 12:00:00,0.2745,0.2747,0.2731,0.2734,152210.4541
2025-12-30 13:00:00,0.2733,0.2752,0.2731,0.2742,312754.0811
2025-12-30 14:00:00,0.274,0.2755,0.2699,0.2738,945208.1842
2025-12-30 15:00:00,0.2738,0.2752,0.2711,0.2747,238956.4093
2025-12-30 16:00:00,0.275,0.2764,0.2716,0.2724,274287.9939
2025-12-30 17:00:00,0.2725,0.273,0.2695,0.2713,235321.3304
2025-12-30 18:00:00,0.2709,0.2718,0.2701,0.2711,45358.1105
2025-12-30 19:00:00,0.271,0.2731,0.2692,0.2727,199510.5564
2025-12-30 20:00:00,0.2727,0.2728,0.2705,0.2706,77156.8157
2025-12-30 21:00:00,0.2705,0.2717,0.2698,0.2704,191317.0531
2025-12-30 22:00:00,0.2704,0.2712,0.2698,0.2709,106761.9604
2025-12-30 23:00:00,0.2705,0.2724,0.2705,0.272,307403.4373
2025-12-31 00:00:00,0.2718,0.2718,0.2691,0.2697,102861.457
2025-12-31 01:00:00,0.2692,0.2728,0.2691,0.2715,215175.3809
2025-12-31 02:00:00,0.2711,0.272,0.27,0.2706,61401.4857
2025-12-31 03:00:00,0.2708,0.2714,0.2692,0.2698,67464.0121
2025-12-31 04:00:00,0.2699,0.2704,0.2692,0.2694,53526.4385
2025-12-31 05:00:00,0.2695,0.2703,0.2694,0.2698,42526.4694
2025-12-31 06:00:00,0.2694,0.2712,0.2693,0.2704,180142.065
2025-12-31 07:00:00,0.2703,0.2708,0.2693,0.2705,50786.455
2025-12-31 08:00:00,0.2705,0.2715,0.2682,0.2686,131932.3007
2025-12-31 09:00:00,0.2685,0.27,0.2685,0.2698,63052.414
2025-12-31 10:00:00,0.2698,0.2698,0.2676,0.2679,184306.9014
2025-12-31 11:00:00,0.2682,0.2708,0.268,0.2707,260513.8464
2025-12-31 12:00:00,0.2706,0.2707,0.269,0.2691,290126.2425
2025-12-31 13:00:00,0.269,0.2713,0.2688,0.2709,201915.9915
2025-12-31 14:00:00,0.271,0.2731,0.269,0.2711,401708.7384
2025-12-31 15:00:00,0.2708,0.2714,0.2671,0.268,210544.2572
2025-12-31 16:00:00,0.2681,0.269,0.2602,0.2628,656392.8056
2025-12-31 17:00:00,0.2623,0.2632,0.2607,0.2616,178393.6616
2025-12-31 18:00:00,0.2615,0.2632,0.26,0.2619,134082.3324
2025-12-31 19:00:00,0.2619,0.266,0.2619,0.2652,127579.9891
2025-12-31 20:00:00,0.2644,0.268,0.2624,0.2671,225775.0614
2025-12-31 21:00:00,0.2674,0.2693,0.2669,0.2688,42282.5966
2025-12-31 22:00:00,0.2688,0.2698,0.2681,0.2691,109897.1943
2025-12-31 23:00:00,0.2685,0.2691,0.2678,0.2678,82362.6328
2026-01-01 00:00:00,0.2681,0.2712,0.268,0.2683,412302.5803
2026-01-01 01:00:00,0.2684,0.2699,0.2669,0.2671,235371.4735
2026-01-01 02:00:00,0.2671,0.2678,0.2661,0.2665,31622.2437
2026-01-01 03:00:00,0.2665,0.2674,0.2661,0.2663,16255.9549
2026-01-01 04:00:00,0.266,0.266,0.2644,0.2657,45101.8086
2026-01-01 05:00:00,0.2658,0.2701,0.2658,0.2701,204244.002
2026-01-01 06:00:00,0.27,0.2705,0.2692,0.2693,86900.0208
2026-01-01 07:00:00,0.2694,0.2704,0.2692,0.2702,86058.8601
2026-01-01 08:00:00,0.2699,0.2719,0.2695,0.2715,135782.0087
2026-01-01 09:00:00,0.2719,0.274,0.2719,0.2736,109786.7515
2026-01-01 10:00:00,0.2736,0.2748,0.2728,0.2743,183306.8387
2026-01-01 11:00:00,0.2743,0.2756,0.2733,0.2742,247999.0023
2026-01-01 12:00:00,0.2745,0.2747,0.2721,0.2744,462695.2994
2026-01-01 13:00:00,0.2742,0.2777,0.2742,0.2771,160640.682
2026-01-01 14:00:00,0.2774,0.2798,0.2764,0.2784,235809.2205
2026-01-01 15:00:00,0.2786,0.2839,0.2781,0.282,438299.5692
2026-01-01 16:00:00,0.2824,0.2839,0.2812,0.2831,356066.8215
2026-01-01 17:00:00,0.2838,0.2883,0.2834,0.2862,823454.7667
2026-01-01 18:00:00,0.2866,0.2874,0.2857,0.2874,248837.2094
2026-01-01 19:00:00,0.2873,0.2926,0.2872,0.2925,364587.166
2026-01-01 20:00:00,0.2926,0.2937,0.2892,0.2904,503966.7223
2026-01-01 21:00:00,0.2905,0.2912,0.2892,0.2911,122571.9532
2026-01-01 22:00:00,0.2911,0.2964,0.2911,0.2961,205690.0761
2026-01-01 23:00:00,0.2965,0.2981,0.296,0.2969,178433.5605
2026-01-02 00:00:00,0.297,0.2981,0.2958,0.2972,188104.2956
2026-01-02 01:00:00,0.2972,0.2992,0.2962,0.2976,207074.694
2026-01-02 02:00:00,0.2976,0.2983,0.2964,0.2981,304948.4726
2026-01-02 03:00:00,0.2981,0.3019,0.2972,0.2996,311275.3687
2026-01-02 04:00:00,0.2997,0.3001,0.2965,0.2986,80796.5592
2026-01-02 05:00:00,0.2988,0.299,0.297,0.2987,88331.1399
2026-01-02 06:00:00,0.2988,0.2993,0.2971,0.2971,96530.6788
2026-01-02 07:00:00,0.2971,0.2972,0.2944,0.2945,172771.0707
2026-01-02 08:00:00,0.2945,0.2965,0.2943,0.2955,137358.6906
2026-01-02 09:00:00,0.2956,0.3004,0.2944,0.2981,241654.5412
2026-01-02 10:00:00,0.2983,0.2991,0.297,0.2984,197528.5911
2026-01-02 11:00:00,0.2983,0.2983,0.2952,0.2964,295269.2887
2026-01-02 12:00:00,0.2963,0.3015,0.2956,0.3012,155706.7075
2026-01-02 13:00:00,0.301,0.3026,0.2992,0.2993,247634.0061
2026-01-02 14:00:00,0.2995,0.3029,0.2955,0.2991,722327.9927
2026-01-02 15:00:00,0.2996,0.3013,0.2964,0.2985,190138.2214
2026-01-02 16:00:00,0.2989,0.3048,0.298,0.3035,539208.1028
2026-01-02 17:00:00,0.3037,0.3051,0.2998,0.3008,370039.7009
2026-01-02 18:00:00,0.3003,0.3022,0.2995,0.3009,373749.2927
2026-01-02 19:00:00,0.3011,0.3042,0.3006,0.3041,195770.3454
2026-01-02 20:00:00,0.3041,0.305,0.3022,0.3034,275309.1662
2026-01-02 21:00:00,0.3036,0.3054,0.3026,0.3044,79992.5879
2026-01-02 22:00:00,0.3041,0.3068,0.3037,0.3049,215582.6229
2026-01-02 23:00:00,0.305,0.3062,0.3047,0.3062,110347.13
2026-01-03 00:00:00,0.3062,0.3066,0.3042,0.3042,192307.4805
2026-01-03 01:00:00,0.3043,0.3057,0.3034,0.3057,75590.9616
2026-01-03 02:00:00,0.3058,0.3086,0.3045,0.3072,252172.0813
2026-01-03 03:00:00,0.3072,0.3084,0.3048,0.3083,236339.3837
2026-01-03 04:00:00,0.3081,0.3081,0.3061,0.3067,123545.6461
2026-01-03 05:00:00,0.3072,0.3086,0.3064,0.3084,185744.252
2026-01-03 06:00:00,0.3085,0.3098,0.3047,0.3055,126456.1455
2026-01-03 07:00:00,0.3055,0.3058,0.3008,0.3022,358440.7128
2026-01-03 08:00:00,0.302,0.3065,0.3009,0.3063,347996.4536
2026-01-03 09:00:00,0.3066,0.3073,0.3027,0.3027,1549257.1786
2026-01-03 10:00:00,0.3027,0.3031,0.3021,0.3021,169892.9437
2026-01-03 11:00:00,0.3023,0.3033,0.3017,0.3033,72163.785
2026-01-03 12:00:00,0.3032,0.3062,0.3024,0.3051,150736.2279
2026-01-03 13:00:00,0.3051,0.3071,0.3049,0.307,91442.1042
2026-01-03 14:00:00,0.3069,0.3085,0.3063,0.3073,152348.77
2026-01-03 15:00:00,0.3074,0.3075,0.3058,0.3058,218596.6843
2026-01-03 16:00:00,0.3063,0.3114,0.3062,0.3102,490896.6266
2026-01-03 17:00:00,0.3105,0.3109,0.3088,0.3096,138616.1461
2026-01-03 18:00:00,0.3095,0.3103,0.308,0.3099,61189.8895
2026-01-03 19:00:00,0.3097,0.31,0.3089,0.3097,54933.6831
2026-01-03 20:00:00,0.3098,0.3101,0.3074,0.3086,98599.2358
2026-01-03 21:00:00,0.3085,0.3102,0.3077,0.3092,50288.5773
2026-01-03 22:00:00,0.309,0.3121,0.3082,0.3116,139987.6846
2026-01-03 23:00:00,0.3117,0.3117,0.3098,0.3104,201407.5205
2026-01-04 00:00:00,0.3104,0.3142,0.3096,0.3123,347292.2716
2026-01-04 01:00:00,0.3122,0.3127,0.3103,0.3123,111663.3732
2026-01-04 02:00:00,0.3123,0.3145,0.3121,0.3131,171600.0761
2026-01-04 03:00:00,0.313,0.3159,0.313,0.3149,151200.6734
2026-01-04 04:00:00,0.3144,0.3162,0.3126,0.313,154488.6477
2026-01-04 05:00:00,0.313,0.316,0.3127,0.316,174409.9547
2026-01-04 06:00:00,0.3162,0.3167,0.3125,0.3133,231307.7025
2026-01-04 07:00:00,0.3132,0.3157,0.3122,0.3146,278492.327
2026-01-04 08:00:00,0.3146,0.3154,0.312,0.3146,266928.6338
2026-01-04 09:00:00,0.3147,0.3177,0.3136,0.3162,263647.9418
2026-01-04 10:00:00,0.3161,0.317,0.3139,0.3147,259797.275
2026-01-04 11:00:00,0.3143,0.3169,0.3135,0.3165,104526.7626
2026-01-04 12:00:00,0.3166,0.3198,0.3163,0.3169,324188.8048
2026-01-04 13:00:00,0.3167,0.3195,0.3154,0.3195,218624.391
2026-01-04 14:00:00,0.3195,0.3203,0.3178,0.3202,229043.3312
2026-01-04 15:00:00,0.3202,0.3219,0.3186,0.3205,321911.028
2026-01-04 16:00:00,0.3202,0.3251,0.3197,0.3246,322598.6561
2026-01-04 17:00:00,0.3243,0.3246,0.3221,0.3235,368894.4457
2026-01-04 18:00:00,0.3234,0.324,0.3198,0.3214,359728.3514
2026-01-04 19:00:00,0.3211,0.3214,0.3154,0.3184,734575.9192
2026-01-04 20:00:00,0.3183,0.3188,0.3173,0.3174,219196.9587
2026-01-04 21:00:00,0.3172,0.3204,0.3164,0.3185,221371.7137
2026-01-04 22:00:00,0.3184,0.3202,0.3174,0.3185,121849.688
2026-01-04 23:00:00,0.3187,0.321,0.3182,0.3194,154130.1576
2026-01-05 00:00:00,0.3195,0.3219,0.3171,0.3204,230351.5874
2026-01-05 01:00:00,0.3204,0.3236,0.3198,0.3218,331944.0605
2026-01-05 02:00:00,0.3221,0.3233,0.3188,0.3219,157356.9385
2026-01-05 03:00:00,0.3218,0.3221,0.3192,0.32,96156.056
2026-01-05 04:00:00,0.3203,0.3209,0.3137,0.3167,532863.8696
2026-01-05 05:00:00,0.3161,0.3186,0.3153,0.3162,106096.6475
2026-01-05 06:00:00,0.3162,0.3166,0.3135,0.3164,157054.4239
2026-01-05 07:00:00,0.3161,0.32,0.3155,0.3189,72173.4245
2026-01-05 08:00:00,0.3189,0.3195,0.3154,0.3158,106906.2457
2026-01-05 09:00:00,0.3155,0.3155,0.3125,0.3138,157742.1239
2026-01-05 10:00:00,0.3145,0.316,0.3122,0.3142,69176.5656
2026-01-05 11:00:00,0.314,0.3152,0.3132,0.3151,66497.2587
2026-01-05 12:00:00,0.3151,0.3175,0.3138,0.3164,65345.956
2026-01-05 13:00:00,0.3166,0.3167,0.3135,0.3153,101973.0238
2026-01-05 14:00:00,0.3155,0.3204,0.3144,0.3191,324555.3444
2026-01-05 15:00:00,0.3193,0.3241,0.3165,0.3236,365608.0299
2026-01-05 16:00:00,0.3235,0.3245,0.3219,0.3226,330844.1808
2026-01-05 17:00:00,0.3224,0.3266,0.318,0.3252,332787.8165
2026-01-05 18:00:00,0.3254,0.3299,0.3242,0.3292,481647.3351
2026-01-05 19:00:00,0.3287,0.3287,0.3253,0.326,280160.9665
2026-01-05 20:00:00,0.3262,0.3318,0.3259,0.328,280595.7339
2026-01-05 21:00:00,0.3275,0.3291,0.3274,0.3283,235163.0718
2026-01-05 22:00:00,0.3281,0.334,0.3278,0.3327,318047.5667
2026-01-05 23:00:00,0.3327,0.3327,0.3289,0.3297,150252.2235
2026-01-06 00:00:00,0.3295,0.3307,0.3254,0.3295,428221.2032
2026-01-06 01:00:00,0.3296,0.3328,0.3275,0.3277,180370.746
2026-01-06 02:00:00,0.3276,0.3296,0.327,0.3278,280644.7815
2026-01-06 03:00:00,0.3276,0.3323,0.3274,0.3305,111179.8554
2026-01-06 04:00:00,0.3305,0.3318,0.3294,0.3305,74577.4729
2026-01-06 05:00:00,0.3304,0.331,0.328,0.3286,120511.6339
2026-01-06 06:00:00,0.3284,0.3311,0.3266,0.3288,325981.534
2026-01-06 07:00:00,0.3288,0.329,0.3247,0.3261,273385.625
2026-01-06 08:00:00,0.3262,0.3288,0.326,0.3265,116943.0718
2026-01-06 09:00:00,0.3261,0.3294,0.3259,0.3288,155416.1168
2026-01-06 10:00:00,0.3287,0.3299,0.3281,0.3289,82475.0061
2026-01-06 11:00:00,0.329,0.3323,0.329,0.3315,239742.8541
2026-01-06 12:00:00,0.3315,0.3349,0.331,0.3348,1127890.7909
2026-01-06 13:00:00,0.3346,0.3361,0.3335,0.3338,355893.1354
2026-01-06 14:00:00,0.3337,0.3407,0.3307,0.3326,883179.5184
2026-01-06 15:00:00,0.3324,0.3351,0.3264,0.3285,554506.787
2026-01-06 16:00:00,0.3286,0.3291,0.3196,0.3228,936111.813
2026-01-06 17:00:00,0.3223,0.324,0.3144,0.315,548307.7265
2026-01-06 18:00:00,0.3145,0.3204,0.3138,0.3195,208730.1845
2026-01-06 19:00:00,0.3195,0.3208,0.3188,0.3188,111771.1874
2026-01-06 20:00:00,0.3195,0.3254,0.3195,0.3249,117982.7005
2026-01-06 21:00:00,0.3251,0.3332,0.3236,0.3314,426761.1224
2026-01-06 22:00:00,0.3319,0.3323,0.328,0.3293,160971.2276
2026-01-06 23:00:00,0.3291,0.3321,0.3289,0.3315,107879.3671
2026-01-07 00:00:00,0.3315,0.3319,0.3247,0.3247,266305.2329
2026-01-07 01:00:00,0.326,0.3264,0.3227,0.3231,149772.1958
2026-01-07 02:00:00,0.3232,0.3256,0.3223,0.325,55939.2677
2026-01-07 03:00:00,0.3251,0.3262,0.3232,0.3239,49754.763
2026-01-07 04:00:00,0.3239,0.3251,0.3232,0.3236,67753.8546
2026-01-07 05:00:00,0.3236,0.3263,0.3236,0.3245,72125.3919
2026-01-07 06:00:00,0.3244,0.325,0.3233,0.3235,165054.1853
2026-01-07 07:00:00,0.3239,0.3302,0.3238,0.3302,121705.912
2026-01-07 08:00:00,0.3301,0.3327,0.3291,0.3312,110263.9708
2026-01-07 09:00:00,0.331,0.3315,0.3243,0.3249,471791.5445
2026-01-07 10:00:00,0.3246,0.3262,0.3238,0.3255,131918.5645
2026-01-07 11:00:00,0.3248,0.3264,0.3243,0.3257,125556.6175
2026-01-07 12:00:00,0.3255,0.3255,0.3214,0.3215,203051.1563
2026-01-07 13:00:00,0.3215,0.3233,0.3199,0.3201,259569.3783
2026-01-07 14:00:00,0.3202,0.3204,0.3138,0.3195,593664.0201
2026-01-07 15:00:00,0.3199,0.3199,0.3127,0.3153,599295.58
2026-01-07 16:00:00,0.3153,0.318,0.3145,0.3169,157172.6214
2026-01-07 17:00:00,0.317,0.3196,0.3161,0.3174,156091.2965
2026-01-07 18:00:00,0.3174,0.32,0.3165,0.3183,209135.1141
2026-01-07 19:00:00,0.3184,0.3193,0.3149,0.3186,194706.6778
2026-01-07 20:00:00,0.3189,0.319,0.3154,0.3162,126296.6729
2026-01-07 21:00:00,0.3163,0.3177,0.3157,0.3158,67149.7472
2026-01-07 22:00:00,0.3156,0.3184,0.3147,0.3157,250486.799
2026-01-07 23:00:00,0.3157,0.3189,0.3138,0.317,381533.9707
2026-01-08 00:00:00,0.317,0.3183,0.3161,0.3178,229085.3968
2026-01-08 01:00:00,0.3178,0.3189,0.3169,0.318,429548.8069
2026-01-08 02:00:00,0.3179,0.3186,0.3152,0.316,111346.322
2026-01-08 03:00:00,0.3163,0.3178,0.3122,0.3137,123870.7326
2026-01-08 04:00:00,0.3137,0.3168,0.3127,0.316,146472.2405
2026-01-08 05:00:00,0.316,0.3186,0.3155,0.3155,393452.6676
2026-01-08 06:00:00,0.3163,0.3163,0.3094,0.3095,320496.2338
2026-01-08 07:00:00,0.31,0.3149,0.3078,0.3147,292541.2238
2026-01-08 08:00:00,0.3147,0.3164,0.3123,0.3126,155913.0755
2026-01-08 09:00:00,0.3127,0.314,0.3093,0.3093,225262.7673
2026-01-08 10:00:00,0.3095,0.3131,0.307,0.3124,387495.9676
2026-01-08 11:00:00,0.3124,0.3127,0.3078,0.3093,240846.299
2026-01-08 12:00:00,0.3092,0.3092,0.305,0.3064,204256.0816
2026-01-08 13:00:00,0.3064,0.3075,0.3052,0.3063,109094.1869
2026-01-08 14:00:00,0.3062,0.3205,0.304,0.3138,1798436.9326
2026-01-08 15:00:00,0.3138,0.3197,0.3103,0.319,4915590.7566
2026-01-08 16:00:00,0.3193,0.3198,0.3136,0.3174,725762.8258
2026-01-08 17:00:00,0.3175,0.3199,0.3157,0.3181,217900.087
2026-01-08 18:00:00,0.3178,0.3178,0.3144,0.3149,114357.7682
2026-01-08 19:00:00,0.3154,0.3168,0.3138,0.3145,53696.8244
2026-01-08 20:00:00,0.3142,0.3142,0.3113,0.3137,201401.2122
2026-01-08 21:00:00,0.3136,0.3167,0.3136,0.3164,196921.2144
2026-01-08 22:00:00,0.3165,0.3187,0.3148,0.3167,334736.8736
2026-01-08 23:00:00,0.3168,0.3174,0.3143,0.3144,89812.3209
2026-01-09 00:00:00,0.3145,0.3155,0.3142,0.3153,122919.8734
2026-01-09 01:00:00,0.3154,0.3179,0.3117,0.3134,345937.6661
2026-01-09 02:00:00,0.3135,0.3156,0.3131,0.3134,212391.8804
2026-01-09 03:00:00,0.3137,0.318,0.3134,0.3179,121081.7283
2026-01-09 04:00:00,0.3181,0.3185,0.3162,0.3166,55825.2812
2026-01-09 05:00:00,0.3167,0.3174,0.3148,0.3152,34130.3305
2026-01-09 06:00:00,0.3152,0.317,0.3147,0.3167,133927.8002
2026-01-09 07:00:00,0.3165,0.317,0.3152,0.3159,77674.1
2026-01-09 08:00:00,0.316,0.3164,0.3105,0.3125,226600.5735
2026-01-09 09:00:00,0.3127,0.317,0.3127,0.3147,358507.3621
2026-01-09 10:00:00,0.3148,0.3159,0.3136,0.3155,45701.4474
2026-01-09 11:00:00,0.3155,0.3169,0.3146,0.3146,87449.6366
2026-01-09 12:00:00,0.3147,0.3149,0.3122,0.3125,96259.7453
2026-01-09 13:00:00,0.3127,0.3174,0.3127,0.316,253330.9906
2026-01-09 14:00:00,0.3159,0.3159,0.3096,0.3113,316129.6992
2026-01-09 15:00:00,0.3111,0.3215,0.3087,0.3178,814099.842
2026-01-09 16:00:00,0.318,0.3242,0.318,0.3217,320797.9669
2026-01-09 17:00:00,0.3219,0.322,0.3165,0.3204,132384.2712
2026-01-09 18:00:00,0.3202,0.3203,0.3132,0.3169,192661.142
2026-01-09 19:00:00,0.3167,0.3167,0.3116,0.3134,209830.249
2026-01-09 20:00:00,0.313,0.3166,0.313,0.3144,88816.8412
2026-01-09 21:00:00,0.3146,0.3169,0.313,0.316,48262.4615
2026-01-09 22:00:00,0.3158,0.3176,0.3152,0.3169,85231.3616
2026-01-09 23:00:00,0.3168,0.3169,0.3147,0.3151,61860.0793
2026-01-10 00:00:00,0.3152,0.3153,0.3132,0.3139,31219.2717
2026-01-10 01:00:00,0.3145,0.3159,0.3144,0.3153,84379.4949
2026-01-10 02:00:00,0.3151,0.3152,0.3128,0.3135,48696.7325
2026-01-10 03:00:00,0.3133,0.3144,0.312,0.3142,69466.9448
2026-01-10 04:00:00,0.3141,0.3142,0.3121,0.3134,163757.8399
2026-01-10 05:00:00,0.3135,0.3139,0.3129,0.3133,146972.5494
2026-01-10 06:00:00,0.3133,0.3145,0.3114,0.3144,83039.692
2026-01-10 07:00:00,0.3143,0.3179,0.3143,0.3177,109097.5182
2026-01-10 08:00:00,0.3173,0.3194,0.3173,0.3192,188858.7124
2026-01-10 09:00:00,0.3193,0.3213,0.3192,0.32,177806.5453
2026-01-10 10:00:00,0.3199,0.3224,0.3194,0.322,84760.4457
2026-01-10 11:00:00,0.3221,0.3226,0.3208,0.3226,52326.8129
2026-01-10 12:00:00,0.3226,0.3282,0.3225,0.3273,370541.4128
2026-01-10 13:00:00,0.3273,0.3276,0.3231,0.3234,157476.1009
2026-01-10 14:00:00,0.3236,0.3237,0.3201,0.3235,550498.6881
2026-01-10 15:00:00,0.3237,0.325,0.3213,0.3222,284184.6991
2026-01-10 16:00:00,0.322,0.322,0.3197,0.3204,101855.5992
2026-01-10 17:00:00,0.3204,0.3218,0.3192,0.3192,192012.4272
2026-01-10 18:00:00,0.3194,0.3208,0.3181,0.3205,105416.9435
2026-01-10 19:00:00,0.3208,0.324,0.3201,0.3229,142761.9324
2026-01-10 20:00:00,0.3231,0.324,0.3219,0.3222,76303.413
2026-01-10 21:00:00,0.3222,0.3225,0.3194,0.3194,87635.6392
2026-01-10 22:00:00,0.3196,0.3199,0.3162,0.3163,281287.9154
2026-01-10 23:00:00,0.3163,0.3186,0.3162,0.3179,71846.3483
2026-01-11 00:00:00,0.3184,0.319,0.3168,0.3188,160397.9256
2026-01-11 01:00:00,0.3187,0.3195,0.3177,0.3194,30279.3756
2026-01-11 02:00:00,0.3196,0.32,0.3178,0.3178,20875.3034
2026-01-11 03:00:00,0.3178,0.3192,0.3177,0.3188,66071.2101
2026-01-11 04:00:00,0.3186,0.3208,0.3172,0.3204,41406.331
2026-01-11 05:00:00,0.3206,0.3211,0.3194,0.3197,155746.9137
2026-01-11 06:00:00,0.3197,0.3198,0.3174,0.3195,65609.383
2026-01-11 07:00:00,0.32,0.3213,0.3193,0.3213,199278.7973
2026-01-11 08:00:00,0.3212,0.3217,0.3197,0.3202,264944.2153
2026-01-11 09:00:00,0.3201,0.3212,0.3197,0.3212,49838.8417
2026-01-11 10:00:00,0.3209,0.3214,0.3201,0.3203,23267.1268
2026-01-11 11:00:00,0.3201,0.3212,0.3201,0.3211,11401.6233
2026-01-11 12:00:00,0.3211,0.3238,0.3211,0.3227,144046.0472
2026-01-11 13:00:00,0.3228,0.3229,0.3203,0.3203,109008.6674
2026-01-11 14:00:00,0.3203,0.3235,0.3203,0.3229,101399.9482
2026-01-11 15:00:00,0.323,0.323,0.3171,0.3185,270496.1312
2026-01-11 16:00:00,0.3186,0.3238,0.3186,0.321,235445.7817
2026-01-11 17:00:00,0.3212,0.3228,0.3191,0.3228,134701.3839
2026-01-11 18:00:00,0.3229,0.323,0.3191,0.3209,515291.5324
2026-01-11 19:00:00,0.3207,0.3213,0.318,0.3186,197067.9116
2026-01-11 20:00:00,0.3184,0.3184,0.3139,0.3152,737804.3487
2026-01-11 21:00:00,0.315,0.317,0.3131,0.3166,175362.6638
2026-01-11 22:00:00,0.3154,0.3155,0.3125,0.3132,186362.3066
2026-01-11 23:00:00,0.313,0.3161,0.3102,0.3159,182282.3265
2026-01-12 00:00:00,0.3159,0.3177,0.3112,0.3167,471718.2067
2026-01-12 01:00:00,0.3168,0.3201,0.3162,0.3192,433404.3928
2026-01-12 02:00:00,0.3195,0.3271,0.3194,0.3267,322244.5266
2026-01-12 03:00:00,0.327,0.3328,0.3258,0.3259,651119.6269
2026-01-12 04:00:00,0.3261,0.3283,0.3243,0.3275,226368.9608
2026-01-12 05:00:00,0.3277,0.3285,0.3252,0.3257,129322.6327
2026-01-12 06:00:00,0.3257,0.326,0.322,0.3223,128866.8662
2026-01-12 07:00:00,0.3225,0.3249,0.3178,0.3187,209295.2816
2026-01-12 08:00:00,0.3185,0.3204,0.312,0.3146,553235.8972
2026-01-12 09:00:00,0.3147,0.316,0.314,0.3148,205353.6782
2026-01-12 10:00:00,0.3151,0.3164,0.3139,0.3139,88667.3412
2026-01-12 11:00:00,0.3139,0.3156,0.3133,0.3145,257144.4339
2026-01-12 12:00:00,0.3142,0.3145,0.3122,0.3128,245000.9262
2026-01-12 13:00:00,0.3127,0.3133,0.3084,0.3091,314937.5586
2026-01-12 14:00:00,0.3089,0.314,0.3062,0.3117,345184.1175
2026-01-12 15:00:00,0.3115,0.316,0.3104,0.3153,250384.0557
2026-01-12 16:00:00,0.315,0.32,0.3145,0.3181,231562.5991
2026-01-12 17:00:00,0.3183,0.3188,0.3115,0.3135,168836.1192
2026-01-12 18:00:00,0.3131,0.3153,0.3115,0.3128,90169.0199
2026-01-12 19:00:00,0.3125,0.3142,0.3112,0.3138,51175.6905
2026-01-12 20:00:00,0.3138,0.3161,0.3113,0.3117,126491.4299
2026-01-12 21:00:00,0.3117,0.3117,0.3067,0.3082,230932.9137
2026-01-12 22:00:00,0.3082,0.3108,0.3082,0.3096,120331.6655
2026-01-12 23:00:00,0.3097,0.3097,0.3079,0.309,23970.7278
2026-01-13 00:00:00,0.3087,0.3107,0.3086,0.3106,101537.3543
2026-01-13 01:00:00,0.3107,0.3122,0.3095,0.3106,44553.6387
2026-01-13 02:00:00,0.311,0.3141,0.311,0.311,171428.1198
2026-01-13 03:00:00,0.3109,0.314,0.3096,0.3129,140928.5911
2026-01-13 04:00:00,0.313,0.3156,0.313,0.3154,87528.4495
2026-01-13 05:00:00,0.3154,0.3202,0.3154,0.3178,247139.8126
2026-01-13 06:00:00,0.3179,0.3208,0.3177,0.3207,205968.5436
2026-01-13 07:00:00,0.3208,0.3208,0.3175,0.3179,185566.708
2026-01-13 08:00:00,0.318,0.3205,0.317,0.3195,167895.6004
2026-01-13 09:00:00,0.3197,0.3219,0.3194,0.3202,205749.9458
2026-01-13 10:00:00,0.3203,0.3231,0.3203,0.3231,164306.5407
2026-01-13 11:00:00,0.323,0.327,0.322,0.3249,694915.7436
2026-01-13 12:00:00,0.3251,0.3311,0.3251,0.3289,752095.2234
2026-01-13 13:00:00,0.329,0.3347,0.3274,0.3337,1608508.7543
2026-01-13 14:00:00,0.3337,0.3429,0.3328,0.3363,1204312.5622
2026-01-13 15:00:00,0.3364,0.3446,0.3336,0.3441,899109.8176
2026-01-13 16:00:00,0.3443,0.3573,0.3438,0.3547,2296363.8781
2026-01-13 17:00:00,0.3548,0.3632,0.3485,0.3598,1890171.2773
2026-01-13 18:00:00,0.3598,0.3653,0.3563,0.3571,1445028.2056
2026-01-13 19:00:00,0.3563,0.357,0.3529,0.3554,707099.8654
2026-01-13 20:00:00,0.3559,0.3575,0.3516,0.3545,911982.7477
2026-01-13 21:00:00,0.3544,0.3632,0.3541,0.363,761317.7437
2026-01-13 22:00:00,0.3633,0.3764,0.3621,0.3708,1856985.9715
2026-01-13 23:00:00,0.3708,0.3719,0.3652,0.3668,570270.7209
2026-01-14 00:00:00,0.3669,0.3705,0.3643,0.3671,582434.2873
2026-01-14 01:00:00,0.3669,0.3684,0.3636,0.3648,386829.9078
2026-01-14 02:00:00,0.3645,0.3649,0.3597,0.3601,298972.4087
2026-01-14 03:00:00,0.3601,0.3625,0.3598,0.3625,366793.8048
2026-01-14 04:00:00,0.3623,0.3628,0.36,0.3603,378867.8881
2026-01-14 05:00:00,0.3602,0.3611,0.3575,0.3603,433695.9719
2026-01-14 06:00:00,0.3602,0.3625,0.357,0.3623,285866.5348
2026-01-14 07:00:00,0.3622,0.3629,0.3595,0.3605,370748.9702
2026-01-14 08:00:00,0.3606,0.3626,0.3603,0.3619,188830.2254
2026-01-14 09:00:00,0.3619,0.3635,0.361,0.3619,158641.2732
2026-01-14 10:00:00,0.3621,0.3649,0.3596,0.3617,295614.9356
2026-01-14 11:00:00,0.3616,0.3639,0.3603,0.3618,385922.694
2026-01-14 12:00:00,0.362,0.3636,0.3614,0.3623,197001.0354
2026-01-14 13:00:00,0.362,0.3636,0.355,0.356,603093.9878
2026-01-14 14:00:00,0.3558,0.3612,0.3552,0.3584,1258279.677
2026-01-14 15:00:00,0.3583,0.3613,0.3566,0.359,908884.442
2026-01-14 16:00:00,0.359,0.3622,0.3568,0.3585,1054144.9174
2026-01-14 17:00:00,0.3585,0.3599,0.354,0.356,391524.8112
2026-01-14 18:00:00,0.3559,0.3576,0.3499,0.3526,239585.2646
2026-01-14 19:00:00,0.3526,0.3584,0.3516,0.3545,343863.9385
2026-01-14 20:00:00,0.3548,0.357,0.3529,0.3548,158088.3393
2026-01-14 21:00:00,0.3546,0.3555,0.3523,0.3536,118077.1821
2026-01-14 22:00:00,0.3537,0.3537,0.3506,0.3515,186770.8889
2026-01-14 23:00:00,0.3515,0.3533,0.3505,0.3514,81948.2888
2026-01-15 00:00:00,0.3515,0.3545,0.3502,0.3545,198556.1428
2026-01-15 01:00:00,0.3547,0.3556,0.353,0.3536,307141.3036
2026-01-15 02:00:00,0.3535,0.3542,0.35,0.3507,164815.4424
2026-01-15 03:00:00,0.3509,0.3522,0.344,0.3477,737140.4907
2026-01-15 04:00:00,0.3475,0.35,0.3469,0.3496,281888.39
2026-01-15 05:00:00,0.3497,0.3506,0.3478,0.3485,127607.688
2026-01-15 06:00:00,0.3483,0.3518,0.3479,0.3484,151599.8784
2026-01-15 07:00:00,0.3484,0.3559,0.3484,0.3539,258028.0923
2026-01-15 08:00:00,0.3539,0.3548,0.3517,0.3529,123432.3294
2026-01-15 09:00:00,0.3524,0.3568,0.3509,0.3563,408346.3622
2026-01-15 10:00:00,0.3558,0.3579,0.3545,0.3552,274727.393
2026-01-15 11:00:00,0.3554,0.3563,0.3536,0.3558,356117.6792
2026-01-15 12:00:00,0.3557,0.365,0.3538,0.3573,1437278.2313
2026-01-15 13:00:00,0.3571,0.3583,0.3542,0.3554,319154.2914
2026-01-15 14:00:00,0.3551,0.356,0.3469,0.3492,553171.403
2026-01-15 15:00:00,0.3492,0.3515,0.3398,0.3445,641180.3374
2026-01-15 16:00:00,0.3442,0.348,0.3407,0.3465,460425.1379
2026-01-15 17:00:00,0.3463,0.3485,0.342,0.3435,433450.8993
2026-01-15 18:00:00,0.3434,0.3446,0.3384,0.3396,795333.0572
2026-01-15 19:00:00,0.3396,0.34,0.3365,0.3395,473708.5261
2026-01-15 20:00:00,0.3393,0.3418,0.3361,0.3369,170792.1013
2026-01-15 21:00:00,0.3369,0.3401,0.3366,0.3388,79471.6374
2026-01-15 22:00:00,0.3388,0.3423,0.3387,0.3395,181305.7476
2026-01-15 23:00:00,0.3396,0.3419,0.339,0.3411,91047.9679
2026-01-16 00:00:00,0.3411,0.3426,0.341,0.3412,146919.5552
2026-01-16 01:00:00,0.341,0.3436,0.3402,0.3415,71864.7019
2026-01-16 02:00:00,0.3414,0.3446,0.3376,0.3444,375230.6225
2026-01-16 03:00:00,0.3442,0.3444,0.3403,0.3411,268246.4833
2026-01-16 04:00:00,0.3412,0.3412,0.3367,0.3375,215167.4534
2026-01-16 05:00:00,0.3375,0.3415,0.3375,0.3403,101100.702
2026-01-16 06:00:00,0.34,0.3415,0.3391,0.3414,69960.0738
2026-01-16 07:00:00,0.3412,0.342,0.3397,0.3401,26444.2597
2026-01-16 08:00:00,0.3401,0.3422,0.3401,0.3409,71284.5584
2026-01-16 09:00:00,0.3408,0.342,0.3401,0.3414,24580.6093
2026-01-16 10:00:00,0.3415,0.3415,0.3394,0.3398,37485.1879
2026-01-16 11:00:00,0.3397,0.3411,0.3381,0.3395,218054.2525
2026-01-16 12:00:00,0.3396,0.3396,0.3372,0.3379,111292.4525
2026-01-16 13:00:00,0.338,0.338,0.3346,0.3357,172860.2311
2026-01-16 14:00:00,0.3355,0.3379,0.3348,0.3356,132994.7673
2026-01-16 15:00:00,0.3355,0.3373,0.3255,0.3283,618416.5554
2026-01-16 16:00:00,0.3277,0.3323,0.3265,0.3294,331337.568
2026-01-16 17:00:00,0.3294,0.331,0.326,0.3307,134890.0417
2026-01-16 18:00:00,0.3309,0.3323,0.3305,0.3307,101490.4422
2026-01-16 19:00:00,0.3306,0.3334,0.3287,0.3331,112849.3952
2026-01-16 20:00:00,0.3331,0.3396,0.3307,0.3383,107952.9512
2026-01-16 21:00:00,0.3384,0.3393,0.3369,0.3385,231742.2837
2026-01-16 22:00:00,0.3385,0.3399,0.3379,0.339,91134.5065
2026-01-16 23:00:00,0.3396,0.34,0.3382,0.34,89940.9403
2026-01-17 00:00:00,0.3401,0.3424,0.3388,0.3419,91090.2079
2026-01-17 01:00:00,0.3415,0.344,0.3412,0.3429,75763.3598
2026-01-17 02:00:00,0.3432,0.3438,0.3397,0.3408,361874.7355
2026-01-17 03:00:00,0.3409,0.3431,0.3401,0.3417,249799.2056
2026-01-17 04:00:00,0.3417,0.3438,0.3399,0.343,141078.4829
2026-01-17 05:00:00,0.3432,0.3458,0.3431,0.3439,234761.9924
2026-01-17 06:00:00,0.3439,0.3451,0.3429,0.3435,92446.2557
2026-01-17 07:00:00,0.3434,0.348,0.3425,0.3473,197292.1682
2026-01-17 08:00:00,0.3473,0.3528,0.3473,0.3502,394925.6753
2026-01-17 09:00:00,0.351,0.3512,0.3476,0.3478,267284.4566
2026-01-17 10:00:00,0.3479,0.3524,0.3474,0.3503,155967.8038
2026-01-17 11:00:00,0.3502,0.3517,0.3474,0.3483,491842.9326
2026-01-17 12:00:00,0.348,0.3544,0.3477,0.3525,645060.4821
2026-01-17 13:00:00,0.3525,0.3527,0.3497,0.3507,379073.4175
2026-01-17 14:00:00,0.3508,0.3556,0.3495,0.3547,476832.7687
2026-01-17 15:00:00,0.3545,0.3553,0.3503,0.3536,313184.2074
2026-01-17 16:00:00,0.3536,0.3547,0.3487,0.3499,496002.0929
2026-01-17 17:00:00,0.3501,0.3517,0.3479,0.3492,100596.5625
2026-01-17 18:00:00,0.3492,0.3503,0.3483,0.3496,43823.8241
2026-01-17 19:00:00,0.3495,0.3506,0.3482,0.3497,83353.3731
2026-01-17 20:00:00,0.3498,0.3502,0.3482,0.3487,176600.1894
2026-01-17 21:00:00,0.3487,0.3487,0.3469,0.3483,32539.5362
2026-01-17 22:00:00,0.3482,0.3486,0.345,0.3466,147788.6487
2026-01-17 23:00:00,0.3463,0.3471,0.3456,0.347,84040.6584
2026-01-18 00:00:00,0.3469,0.3503,0.3462,0.3464,100129.2613
2026-01-18 01:00:00,0.3465,0.3474,0.3427,0.3432,203192.9481
2026-01-18 02:00:00,0.3436,0.3452,0.3416,0.3429,212949.176
2026-01-18 03:00:00,0.3429,0.3445,0.3422,0.3423,55011.01
2026-01-18 04:00:00,0.3422,0.3422,0.3403,0.3414,39005.0841
2026-01-18 05:00:00,0.3411,0.347,0.3401,0.346,457856.9351
2026-01-18 06:00:00,0.3459,0.3461,0.3417,0.3417,165983.2377
2026-01-18 07:00:00,0.3416,0.3416,0.3366,0.3395,422359.6105
2026-01-18 08:00:00,0.3394,0.3397,0.3383,0.3393,67336.5224
2026-01-18 09:00:00,0.3388,0.3412,0.3386,0.3409,228856.5993
2026-01-18 10:00:00,0.3407,0.341,0.3396,0.3409,63794.9512
2026-01-18 11:00:00,0.3409,0.342,0.3404,0.3409,101404.2266
2026-01-18 12:00:00,0.3404,0.3416,0.339,0.3395,189199.6213
2026-01-18 13:00:00,0.3393,0.3401,0.3376,0.3391,290472.6969
2026-01-18 14:00:00,0.3391,0.3416,0.3364,0.3368,195736.4838
2026-01-18 15:00:00,0.3372,0.342,0.3357,0.342,166665.5119
2026-01-18 16:00:00,0.3419,0.3438,0.3404,0.3415,140186.5232
2026-01-18 17:00:00,0.3417,0.3422,0.339,0.3414,388204.6519
2026-01-18 18:00:00,0.3414,0.3457,0.3405,0.3443,133405.8449
2026-01-18 19:00:00,0.3447,0.3451,0.3405,0.3412,50509.7951
2026-01-18 20:00:00,0.341,0.3451,0.3398,0.3433,52917.3828
2026-01-18 21:00:00,0.3437,0.3444,0.343,0.3436,45160.513
2026-01-18 22:00:00,0.3437,0.3456,0.343,0.3449,144887.0049
2026-01-18 23:00:00,0.3447,0.3447,0.323,0.3236,1576299.0642
2026-01-19 00:00:00,0.3235,0.3236,0.2925,0.3044,8729012.5865
2026-01-19 01:00:00,0.3042,0.3076,0.3034,0.3069,810908.4052
2026-01-19 02:00:00,0.3071,0.3108,0.3065,0.31,441136.7585
2026-01-19 03:00:00,0.31,0.3138,0.3089,0.3128,448597.1859
2026-01-19 04:00:00,0.3125,0.3127,0.3093,0.3093,248203.1997
2026-01-19 05:00:00,0.3095,0.3114,0.3076,0.3111,862922.1653
2026-01-19 06:00:00,0.311,0.3122,0.3091,0.3094,119635.5545
2026-01-19 07:00:00,0.3097,0.3124,0.3089,0.3105,124298.0823
2026-01-19 08:00:00,0.3106,0.3129,0.3092,0.3121,278273.6221
2026-01-19 09:00:00,0.312,0.3138,0.3109,0.3124,182577.0552
2026-01-19 10:00:00,0.3121,0.3125,0.3095,0.31,171438.5369
2026-01-19 11:00:00,0.3105,0.3118,0.3086,0.309,194937.7638
2026-01-19 12:00:00,0.3097,0.3097,0.3073,0.3077,360091.2539
2026-01-19 13:00:00,0.3083,0.3093,0.307,0.3082,251062.822
2026-01-19 14:00:00,0.3085,0.3125,0.3082,0.3116,458401.1211
2026-01-19 15:00:00,0.312,0.312,0.309,0.31,236278.1088
2026-01-19 16:00:00,0.3091,0.3158,0.3088,0.3157,203365.0509
2026-01-19 17:00:00,0.3156,0.3179,0.3143,0.3158,295977.6688
2026-01-19 18:00:00,0.3161,0.3163,0.3139,0.3162,158712.0181
2026-01-19 19:00:00,0.3163,0.3241,0.3163,0.3222,269935.5875
2026-01-19 20:00:00,0.3226,0.3229,0.3198,0.3204,158167.3981
2026-01-19 21:00:00,0.3203,0.3213,0.3174,0.3187,157490.1503
2026-01-19 22:00:00,0.3187,0.3192,0.3148,0.3148,306431.743
2026-01-19 23:00:00,0.3151,0.3212,0.3148,0.3196,422979.4744
2026-01-20 00:00:00,0.3199,0.3205,0.3174,0.3179,127854.0218
2026-01-20 01:00:00,0.3173,0.3211,0.3156,0.3188,195512.8989
2026-01-20 02:00:00,0.3187,0.3232,0.3174,0.3228,357415.2745
2026-01-20 03:00:00,0.323,0.3236,0.3176,0.3202,249133.7645
2026-01-20 04:00:00,0.3198,0.3206,0.318,0.3185,402048.603
2026-01-20 05:00:00,0.3187,0.3205,0.3161,0.3174,391869.3638
2026-01-20 06:00:00,0.3174,0.3174,0.312,0.3135,462879.5621
2026-01-20 07:00:00,0.3138,0.3156,0.3103,0.3103,587113.8815
2026-01-20 08:00:00,0.3102,0.3114,0.3067,0.3096,1087815.0961
2026-01-20 09:00:00,0.3096,0.3123,0.3075,0.3115,502210.2474
2026-01-20 10:00:00,0.3113,0.3188,0.3108,0.312,1408094.5043
2026-01-20 11:00:00,0.3121,0.3128,0.3078,0.3082,450756.7771
2026-01-20 12:00:00,0.3084,0.3126,0.308,0.3107,458909.2074
2026-01-20 13:00:00,0.3106,0.3107,0.3057,0.3063,520764.8453
2026-01-20 14:00:00,0.3063,0.3104,0.3049,0.3063,724505.5938
2026-01-20 15:00:00,0.3064,0.3066,0.3014,0.303,417370.2352
2026-01-20 16:00:00,0.3041,0.3058,0.2991,0.3003,420627.9763
2026-01-20 17:00:00,0.3002,0.3036,0.2976,0.2994,388523.2178
2026-01-20 18:00:00,0.2996,0.3005,0.2973,0.2984,363333.2791
2026-01-20 19:00:00,0.2991,0.301,0.2982,0.3002,222266.5265
2026-01-20 20:00:00,0.3002,0.3058,0.2993,0.3058,444944.4648
2026-01-20 21:00:00,0.306,0.3069,0.3028,0.3032,81710.8886
2026-01-20 22:00:00,0.3031,0.3039,0.2966,0.3012,534626.9853
2026-01-20 23:00:00,0.3012,0.3012,0.2989,0.2999,258528.3607
2026-01-21 00:00:00,0.3,0.3053,0.3,0.3053,144775.5844
2026-01-21 01:00:00,0.3053,0.3084,0.3051,0.3076,317213.8396
2026-01-21 02:00:00,0.3075,0.3142,0.3073,0.3123,468104.0209
2026-01-21 03:00:00,0.3125,0.3146,0.3108,0.3126,382866.9643
2026-01-21 04:00:00,0.3126,0.3142,0.3114,0.3128,115256.6576
2026-01-21 05:00:00,0.3125,0.3126,0.3097,0.3106,254865.0459
2026-01-21 06:00:00,0.3108,0.3133,0.3087,0.3109,1005662.5377
2026-01-21 07:00:00,0.3109,0.3129,0.3097,0.3111,363219.4031
2026-01-21 08:00:00,0.311,0.3127,0.3071,0.3103,493525.4799
2026-01-21 09:00:00,0.31,0.3102,0.3084,0.3098,216135.4535
2026-01-21 10:00:00,0.3099,0.3131,0.3097,0.3112,220280.2093
2026-01-21 11:00:00,0.311,0.313,0.3071,0.3076,305185.6969
2026-01-21 12:00:00,0.3077,0.3084,0.3023,0.3069,752912.1
2026-01-21 13:00:00,0.3068,0.308,0.3036,0.3045,174716.8235
2026-01-21 14:00:00,0.3044,0.3158,0.3043,0.3146,842762.9187
2026-01-21 15:00:00,0.3147,0.3164,0.3098,0.3141,535052.4292
2026-01-21 16:00:00,0.3141,0.3145,0.2985,0.2992,785411.8002
2026-01-21 17:00:00,0.2994,0.3035,0.2947,0.2991,833850.4693
2026-01-21 18:00:00,0.2993,0.3039,0.2979,0.3026,633148.4936
2026-01-21 19:00:00,0.3028,0.3161,0.3003,0.3148,1268851.9558
2026-01-21 20:00:00,0.3149,0.3154,0.3089,0.314,708493.5644
2026-01-21 21:00:00,0.3141,0.3171,0.3133,0.3158,351710.1028
2026-01-21 22:00:00,0.3159,0.3175,0.3119,0.3125,262168.1907
2026-01-21 23:00:00,0.3122,0.3138,0.307,0.3088,609356.7745
2026-01-22 00:00:00,0.3089,0.3132,0.3089,0.3116,327391.1481
2026-01-22 01:00:00,0.3117,0.3182,0.3116,0.318,347593.5226
2026-01-22 02:00:00,0.3178,0.3211,0.3164,0.3206,348432.6828
2026-01-22 03:00:00,0.3204,0.3222,0.3182,0.3191,268669.8169
2026-01-22 04:00:00,0.319,0.3225,0.3184,0.322,459639.8306
2026-01-22 05:00:00,0.3219,0.3264,0.3195,0.3205,1279201.1497
2026-01-22 06:00:00,0.3203,0.3203,0.3157,0.3174,238103.3876
2026-01-22 07:00:00,0.3174,0.3175,0.3148,0.3152,147927.6116
2026-01-22 08:00:00,0.3154,0.3183,0.3137,0.3178,195020.4426
2026-01-22 09:00:00,0.3179,0.3202,0.3169,0.3174,597301.1613
2026-01-22 10:00:00,0.3174,0.3175,0.315,0.3155,292132.2695
2026-01-22 11:00:00,0.3154,0.3154,0.3112,0.3112,546359.4443
2026-01-22 12:00:00,0.3112,0.3123,0.3094,0.3104,304468.3415
2026-01-22 13:00:00,0.3105,0.3141,0.3087,0.3103,275735.3754
2026-01-22 14:00:00,0.3103,0.3113,0.3056,0.3065,653122.6062
2026-01-22 15:00:00,0.3062,0.3085,0.3028,0.3057,513072.7606
2026-01-22 16:00:00,0.3058,0.3111,0.3046,0.3104,269966.5464
2026-01-22 17:00:00,0.3105,0.3114,0.3069,0.3109,266666.5857
2026-01-22 18:00:00,0.3105,0.3105,0.3068,0.3068,173438.7253
2026-01-22 19:00:00,0.307,0.3092,0.3064,0.3077,147507.3891
2026-01-22 20:00:00,0.3077,0.3085,0.3045,0.3061,137787.0562
2026-01-22 21:00:00,0.3059,0.3081,0.3059,0.3078,181285.1679
2026-01-22 22:00:00,0.3079,0.3092,0.3061,0.3071,224164.8608
2026-01-22 23:00:00,0.3069,0.3079,0.3047,0.3073,148647.2928
2026-01-23 00:00:00,0.3073,0.3094,0.3062,0.3083,204988.1664
2026-01-23 01:00:00,0.3084,0.3132,0.3083,0.3129,167872.7986
2026-01-23 02:00:00,0.3129,0.3132,0.3115,0.3117,261828.3527
2026-01-23 03:00:00,0.3117,0.3168,0.3108,0.3145,217223.8304
2026-01-23 04:00:00,0.3145,0.3194,0.3141,0.318,294544.2864
2026-01-23 05:00:00,0.3176,0.3181,0.3135,0.3156,256100.8105
2026-01-23 06:00:00,0.3157,0.3162,0.3105,0.3111,396371.9376
2026-01-23 07:00:00,0.3116,0.3126,0.3106,0.3115,121909.9023
2026-01-23 08:00:00,0.3113,0.3122,0.3069,0.3082,207285.6163
2026-01-23 09:00:00,0.3081,0.3095,0.3069,0.3085,79117.6085
2026-01-23 10:00:00,0.3085,0.31,0.3068,0.3078,236703.6474
2026-01-23 11:00:00,0.3076,0.3091,0.3073,0.3085,128221.4909
2026-01-23 12:00:00,0.3091,0.3091,0.3068,0.3081,116641.9723
2026-01-23 13:00:00,0.3078,0.3094,0.3075,0.3077,110914.5762
2026-01-23 14:00:00,0.3077,0.308,0.2996,0.3018,266038.5825
2026-01-23 15:00:00,0.3021,0.3091,0.3002,0.3085,388331.2106
2026-01-23 16:00:00,0.3088,0.3143,0.3055,0.311,350301.34
2026-01-23 17:00:00,0.311,0.3178,0.3082,0.3133,412717.0197
2026-01-23 18:00:00,0.3133,0.3157,0.3119,0.3124,135866.9653
2026-01-23 19:00:00,0.312,0.3121,0.3046,0.3064,229310.5023
2026-01-23 20:00:00,0.306,0.3064,0.3013,0.3022,155759.2907
2026-01-23 21:00:00,0.3021,0.3048,0.302,0.3031,138129.6016
2026-01-23 22:00:00,0.303,0.3062,0.303,0.306,104182.5127
2026-01-23 23:00:00,0.3057,0.3058,0.3038,0.3044,78352.7608
2026-01-24 00:00:00,0.3045,0.306,0.3033,0.3033,129272.9869
2026-01-24 01:00:00,0.3032,0.3042,0.3024,0.3036,88546.8591
2026-01-24 02:00:00,0.3043,0.3053,0.3038,0.3045,55046.36
2026-01-24 03:00:00,0.3046,0.3071,0.3042,0.3057,206099.1629
2026-01-24 04:00:00,0.3061,0.3063,0.3048,0.3055,97576.3856
2026-01-24 05:00:00,0.3052,0.3052,0.3032,0.3047,103948.4492
2026-01-24 06:00:00,0.305,0.3056,0.3048,0.3049,73217.4786
2026-01-24 07:00:00,0.3049,0.3059,0.3043,0.3044,150436.4549
2026-01-24 08:00:00,0.3042,0.3059,0.3036,0.3058,69259.8881
2026-01-24 09:00:00,0.3057,0.3057,0.304,0.3042,237866.7256
2026-01-24 10:00:00,0.3043,0.3049,0.3038,0.3045,161140.9703
2026-01-24 11:00:00,0.3048,0.3048,0.3039,0.3047,34044.3451
2026-01-24 12:00:00,0.3046,0.3057,0.3046,0.3049,113070.8488
2026-01-24 13:00:00,0.305,0.305,0.3019,0.3019,58413.6079
2026-01-24 14:00:00,0.3019,0.3049,0.301,0.3036,117004.6854
2026-01-24 15:00:00,0.3037,0.3044,0.3009,0.3013,148981.1095
2026-01-24 16:00:00,0.3011,0.3024,0.2994,0.3017,673290.1725
2026-01-24 17:00:00,0.3018,0.3029,0.3013,0.3029,69840.1537
2026-01-24 18:00:00,0.303,0.3036,0.3022,0.3023,60246.0244
2026-01-24 19:00:00,0.3023,0.3023,0.3009,0.3017,53239.3522
2026-01-24 20:00:00,0.3017,0.3035,0.3017,0.3033,11403.6985
2026-01-24 21:00:00,0.3032,0.3048,0.3023,0.3043,86328.4188
2026-01-24 22:00:00,0.304,0.3052,0.3035,0.3046,104894.8886
2026-01-24 23:00:00,0.3048,0.3052,0.3035,0.304,68130.6575
2026-01-25 00:00:00,0.3038,0.306,0.3037,0.3058,174616.0877
2026-01-25 01:00:00,0.306,0.3066,0.3029,0.3035,370652.2902
2026-01-25 02:00:00,0.3036,0.3048,0.3022,0.303,47697.9134
2026-01-25 03:00:00,0.303,0.3035,0.2993,0.3,165786.9053
2026-01-25 04:00:00,0.3,0.3019,0.2991,0.2999,82147.1862
2026-01-25 05:00:00,0.2998,0.3008,0.2989,0.3008,41263.8248
2026-01-25 06:00:00,0.3007,0.3023,0.2994,0.3,147589.1838
2026-01-25 07:00:00,0.3001,0.3012,0.2982,0.3008,78160.1532
2026-01-25 08:00:00,0.3006,0.3008,0.2976,0.299,112712.6239
2026-01-25 09:00:00,0.2988,0.3041,0.2983,0.3025,188391.1222
2026-01-25 10:00:00,0.3029,0.3058,0.302,0.3043,232507.5084
2026-01-25 11:00:00,0.3038,0.3039,0.3013,0.3022,331054.7146
2026-01-25 12:00:00,0.3021,0.3021,0.2986,0.3011,294798.6186
2026-01-25 13:00:00,0.3014,0.3037,0.3,0.3022,73046.8016
2026-01-25 14:00:00,0.3022,0.3022,0.2971,0.2993,282546.2313
2026-01-25 15:00:00,0.2992,0.3007,0.2981,0.2988,75399.7827
2026-01-25 16:00:00,0.2986,0.2986,0.2884,0.2913,1345804.4263
2026-01-25 17:00:00,0.2913,0.2919,0.2891,0.2897,197366.9236
2026-01-25 18:00:00,0.2897,0.2905,0.2847,0.2866,486880.0274
2026-01-25 19:00:00,0.2866,0.2881,0.2788,0.2808,631153.9794
2026-01-25 20:00:00,0.2809,0.284,0.2807,0.2834,459738.7157
2026-01-25 21:00:00,0.2833,0.2864,0.2833,0.2852,102142.0774
2026-01-25 22:00:00,0.2854,0.2854,0.282,0.2838,316198.0914
2026-01-25 23:00:00,0.2833,0.2872,0.2825,0.2865,202948.2757
2026-01-26 00:00:00,0.2865,0.2894,0.2858,0.2887,221410.7978
2026-01-26 01:00:00,0.289,0.295,0.2887,0.2935,233977.1855
2026-01-26 02:00:00,0.2937,0.2937,0.2907,0.2909,77334.4956
2026-01-26 03:00:00,0.2923,0.2931,0.2885,0.2892,204695.9706
2026-01-26 04:00:00,0.2893,0.2933,0.2893,0.2919,117270.8878
2026-01-26 05:00:00,0.2921,0.2928,0.2916,0.2921,186271.0661
2026-01-26 06:00:00,0.2917,0.2965,0.291,0.2964,87449.8135
2026-01-26 07:00:00,0.2964,0.2976,0.2947,0.2959,290873.353
2026-01-26 08:00:00,0.2956,0.299,0.2955,0.2959,262213.7622
2026-01-26 09:00:00,0.2959,0.2959,0.293,0.2932,356413.5108
2026-01-26 10:00:00,0.2933,0.2951,0.2933,0.2951,136968.6393
2026-01-26 11:00:00,0.2952,0.2955,0.2944,0.2951,166388.6242
2026-01-26 12:00:00,0.2952,0.2962,0.2947,0.2957,264899.0809
2026-01-26 13:00:00,0.296,0.2987,0.296,0.2976,335526.1482
2026-01-26 14:00:00,0.2975,0.3004,0.2942,0.2989,559648.5211
2026-01-26 15:00:00,0.2989,0.3019,0.2949,0.2965,668695.2987
2026-01-26 16:00:00,0.2969,0.2984,0.2949,0.2966,223895.4783
2026-01-26 17:00:00,0.2964,0.2973,0.293,0.2962,490458.0918
2026-01-26 18:00:00,0.2958,0.2994,0.2947,0.297,654418.1571
2026-01-26 19:00:00,0.2973,0.298,0.2958,0.2963,147597.9169
2026-01-26 20:00:00,0.2964,0.2971,0.295,0.2952,251706.1715
2026-01-26 21:00:00,0.2952,0.3007,0.2948,0.2995,216044.7379
2026-01-26 22:00:00,0.2998,0.3008,0.2987,0.2994,174734.8176
2026-01-26 23:00:00,0.2988,0.2991,0.2977,0.2977,73045.9861
2026-01-27 00:00:00,0.2976,0.2982,0.2966,0.2982,31431.0916
2026-01-27 01:00:00,0.2976,0.3003,0.2967,0.2994,157780.3935
2026-01-27 02:00:00,0.2997,0.3003,0.298,0.2989,127452.3966
2026-01-27 03:00:00,0.2988,0.2991,0.2964,0.2967,88563.5732
2026-01-27 04:00:00,0.2968,0.2985,0.296,0.2972,72555.2523
2026-01-27 05:00:00,0.2971,0.2972,0.2956,0.2959,12523.6022
2026-01-27 06:00:00,0.296,0.2966,0.2945,0.2946,51691.917
2026-01-27 07:00:00,0.2947,0.2965,0.2947,0.2956,392499.4738
2026-01-27 08:00:00,0.2957,0.2962,0.2944,0.2952,279633.2453
2026-01-27 09:00:00,0.2952,0.2955,0.294,0.2942,144083.4965
2026-01-27 10:00:00,0.2947,0.2955,0.294,0.2949,72622.1301
2026-01-27 11:00:00,0.295,0.2971,0.2946,0.2963,155681.8521
2026-01-27 12:00:00,0.2963,0.2964,0.2944,0.2955,118532.6087
2026-01-27 13:00:00,0.2957,0.2963,0.2943,0.2945,183200.293
2026-01-27 14:00:00,0.2942,0.2977,0.2927,0.2937,215791.5866
2026-01-27 15:00:00,0.2936,0.2971,0.2926,0.2968,175837.8772
2026-01-27 16:00:00,0.2968,0.3022,0.2964,0.3003,645616.2291
2026-01-27 17:00:00,0.3004,0.3005,0.292,0.293,450470.7835
2026-01-27 18:00:00,0.2928,0.2989,0.2928,0.2974,408768.5129
2026-01-27 19:00:00,0.2973,0.2992,0.2961,0.2981,298953.3916
2026-01-27 20:00:00,0.2981,0.3045,0.2981,0.3034,402590.6717
2026-01-27 21:00:00,0.3034,0.3034,0.2993,0.2995,103041.4217
2026-01-27 22:00:00,0.2996,0.3036,0.2996,0.302,240145.1064
2026-01-27 23:00:00,0.302,0.3027,0.3006,0.3019,137441.4426
2026-01-28 00:00:00,0.3021,0.3038,0.3004,0.3036,140517.9116
2026-01-28 01:00:00,0.3035,0.3036,0.3009,0.3023,97355.7536
2026-01-28 02:00:00,0.3023,0.303,0.3012,0.3028,35888.1617
2026-01-28 03:00:00,0.3027,0.3028,0.3015,0.3019,116561.1314
2026-01-28 04:00:00,0.3017,0.3021,0.2999,0.3007,56920.3476
2026-01-28 05:00:00,0.3008,0.3021,0.2996,0.302,65337.3506
2026-01-28 06:00:00,0.3021,0.3033,0.3004,0.3017,72599.9644
2026-01-28 07:00:00,0.3014,0.3014,0.2987,0.3003,702368.173
2026-01-28 08:00:00,0.3004,0.3006,0.2986,0.2987,147654.8878
2026-01-28 09:00:00,0.2989,0.3016,0.2979,0.301,192226.4528
2026-01-28 10:00:00,0.3012,0.3019,0.2997,0.2999,57809.7703
2026-01-28 11:00:00,0.2999,0.3035,0.299,0.3035,165167.1814
2026-01-28 12:00:00,0.3034,0.3036,0.3003,0.3013,507442.482
2026-01-28 13:00:00,0.3014,0.3025,0.3004,0.3007,124787.9896
2026-01-28 14:00:00,0.3006,0.3008,0.2977,0.299,97486.7957
2026-01-28 15:00:00,0.2991,0.3,0.2959,0.2964,84804.7999
2026-01-28 16:00:00,0.2966,0.2976,0.2946,0.2956,51355.6829
2026-01-28 17:00:00,0.2958,0.2999,0.2938,0.2982,149219.9384
2026-01-28 18:00:00,0.298,0.298,0.2948,0.2962,156219.7607
2026-01-28 19:00:00,0.2964,0.2998,0.2951,0.2989,1427886.08
2026-01-28 20:00:00,0.2982,0.3021,0.2976,0.2987,187772.5059
2026-01-28 21:00:00,0.2988,0.3026,0.2962,0.3006,210191.6607
2026-01-28 22:00:00,0.3006,0.3039,0.2996,0.3036,241903.8374
2026-01-28 23:00:00,0.3038,0.3048,0.3011,0.3014,402893.385
2026-01-29 00:00:00,0.3015,0.3026,0.2964,0.2982,317633.9288
2026-01-29 01:00:00,0.2983,0.2994,0.2944,0.295,125168.2154
2026-01-29 02:00:00,0.2946,0.2957,0.2873,0.2889,1081000.3599
2026-01-29 03:00:00,0.2889,0.2909,0.2874,0.2877,377624.5894
2026-01-29 04:00:00,0.2879,0.2886,0.2859,0.288,232696.0758
2026-01-29 05:00:00,0.2879,0.2888,0.287,0.2873,145646.79
2026-01-29 06:00:00,0.2872,0.2896,0.2872,0.2893,187406.7986
2026-01-29 07:00:00,0.2893,0.2905,0.2877,0.2879,81680.4183
2026-01-29 08:00:00,0.2879,0.2885,0.2859,0.2865,602988.4791
2026-01-29 09:00:00,0.2863,0.2877,0.2863,0.2868,486667.9873
2026-01-29 10:00:00,0.2867,0.2871,0.2847,0.2858,698283.4041
2026-01-29 11:00:00,0.2857,0.2864,0.2841,0.2844,645784.4285
2026-01-29 12:00:00,0.2841,0.2855,0.2828,0.2841,193268.8938
2026-01-29 13:00:00,0.2841,0.286,0.2841,0.2855,121858.129
2026-01-29 14:00:00,0.2858,0.2859,0.2777,0.2781,592967.4678
2026-01-29 15:00:00,0.2781,0.2782,0.2655,0.2681,1735701.6285
2026-01-29 16:00:00,0.2681,0.2731,0.2653,0.273,861452.8224
2026-01-29 17:00:00,0.273,0.2759,0.2671,0.2673,461047.6725
2026-01-29 18:00:00,0.2674,0.2685,0.261,0.2614,1161383.136
2026-01-29 19:00:00,0.2613,0.2654,0.2606,0.264,559731.3226
2026-01-29 20:00:00,0.2641,0.2701,0.2634,0.2696,390053.6144
2026-01-29 21:00:00,0.2698,0.2719,0.2698,0.2709,564499.6864
2026-01-29 22:00:00,0.2709,0.2718,0.2698,0.2699,306574.4937
2026-01-29 23:00:00,0.2699,0.27,0.2686,0.2697,335878.4475
2026-01-30 00:00:00,0.27,0.2722,0.2696,0.2714,274232.6332
2026-01-30 01:00:00,0.2713,0.2732,0.2597,0.2677,3282779.5383
2026-01-30 02:00:00,0.2677,0.2677,0.2604,0.2638,765320.6864
2026-01-30 03:00:00,0.2639,0.2656,0.2621,0.2629,169437.3046
2026-01-30 04:00:00,0.2628,0.2677,0.2628,0.2659,432926.5637
2026-01-30 05:00:00,0.2659,0.2664,0.2641,0.2643,164324.7463
2026-01-30 06:00:00,0.2643,0.2645,0.2589,0.2608,599832.4872
2026-01-30 07:00:00,0.2609,0.2663,0.2609,0.265,261337.861
2026-01-30 08:00:00,0.265,0.2654,0.2622,0.2635,109492.4635
2026-01-30 09:00:00,0.264,0.2653,0.2628,0.2648,169795.4001
2026-01-30 10:00:00,0.2646,0.2661,0.264,0.265,147928.9963
2026-01-30 11:00:00,0.2649,0.2697,0.2642,0.2685,243912.8559
2026-01-30 12:00:00,0.2687,0.2687,0.2662,0.2668,119864.5172
2026-01-30 13:00:00,0.267,0.2673,0.2628,0.2638,429808.4607
2026-01-30 14:00:00,0.2643,0.267,0.2624,0.2635,358412.483
2026-01-30 15:00:00,0.2641,0.2666,0.2612,0.2647,436062.8827
2026-01-30 16:00:00,0.2646,0.2677,0.2625,0.2656,368211.0087
2026-01-30 17:00:00,0.2655,0.2677,0.264,0.2654,262702.0096
2026-01-30 18:00:00,0.2654,0.2703,0.2578,0.269,732312.814
2026-01-30 19:00:00,0.2693,0.2708,0.2671,0.2678,379667.9905
2026-01-30 20:00:00,0.2677,0.2677,0.2619,0.2631,706847.3194
2026-01-30 21:00:00,0.2631,0.2657,0.2625,0.2644,475650.5191
2026-01-30 22:00:00,0.2642,0.2647,0.2616,0.2632,226173.6446
2026-01-30 23:00:00,0.2632,0.2632,0.2608,0.2628,140980.0381
2026-01-31 00:00:00,0.2627,0.2633,0.2614,0.262,116387.9438
2026-01-31 01:00:00,0.2619,0.2631,0.2617,0.2625,72556.9118
2026-01-31 02:00:00,0.2617,0.2639,0.2614,0.2631,79710.779
2026-01-31 03:00:00,0.2631,0.2632,0.2616,0.2619,48778.4071
2026-01-31 04:00:00,0.2619,0.2624,0.2593,0.2597,251130.4824
2026-01-31 05:00:00,0.2598,0.2607,0.2584,0.2603,245682.1004
2026-01-31 06:00:00,0.2605,0.2605,0.2572,0.259,221160.4828
2026-01-31 07:00:00,0.2588,0.2588,0.2549,0.2575,332136.8088
2026-01-31 08:00:00,0.2577,0.2579,0.2509,0.2545,1297798.7801
2026-01-31 09:00:00,0.2544,0.2563,0.2536,0.254,193050.6779
2026-01-31 10:00:00,0.254,0.2558,0.253,0.2545,271563.8955
2026-01-31 11:00:00,0.2545,0.2545,0.2523,0.2527,151930.6336
2026-01-31 12:00:00,0.2527,0.2532,0.2514,0.2518,282232.213
2026-01-31 13:00:00,0.2519,0.2519,0.2493,0.251,535052.1759
2026-01-31 14:00:00,0.251,0.2519,0.235,0.2399,3802932.19
2026-01-31 15:00:00,0.2398,0.2434,0.2385,0.2387,593114.9847
2026-01-31 16:00:00,0.2389,0.2428,0.2363,0.2374,1603696.0331
2026-01-31 17:00:00,0.2374,0.2386,0.2223,0.2261,7901542.6578
2026-01-31 18:00:00,0.2261,0.2275,0.2096,0.2238,5193758.7559
2026-01-31 19:00:00,0.2238,0.2292,0.2233,0.2252,643491.1886
2026-01-31 20:00:00,0.2256,0.2281,0.2235,0.2269,345704.1927
2026-01-31 21:00:00,0.2268,0.2307,0.2261,0.23,661919.5632
2026-01-31 22:00:00,0.2301,0.2305,0.2278,0.2294,275394.3394
2026-01-31 23:00:00,0.2293,0.2357,0.2291,0.2345,303159.2156
2026-02-01 00:00:00,0.2345,0.2372,0.2342,0.2363,417839.4108
2026-02-01 01:00:00,0.2363,0.2368,0.2331,0.2367,587202.2609
2026-02-01 02:00:00,0.2368,0.239,0.2362,0.238,210291.1353
2026-02-01 03:00:00,0.238,0.2384,0.2369,0.2381,250626.9432
2026-02-01 04:00:00,0.2382,0.2391,0.2374,0.2379,971573.123
2026-02-01 05:00:00,0.238,0.2392,0.2368,0.2374,263863.5341
2026-02-01 06:00:00,0.2375,0.2401,0.2375,0.2386,300268.0251
2026-02-01 07:00:00,0.2386,0.2407,0.2373,0.2393,234766.2974
2026-02-01 08:00:00,0.2394,0.2408,0.2383,0.2391,139875.6844
2026-02-01 09:00:00,0.2392,0.2399,0.2372,0.2394,1365998.1398
2026-02-01 10:00:00,0.2395,0.2403,0.2345,0.2348,498975.0494
2026-02-01 11:00:00,0.235,0.237,0.2342,0.2358,375026.6565
2026-02-01 12:00:00,0.2359,0.2359,0.233,0.2335,296348.5906
2026-02-01 13:00:00,0.2342,0.2358,0.2321,0.233,179592.6649
2026-02-01 14:00:00,0.2329,0.2352,0.2286,0.2329,909239.7253
2026-02-01 15:00:00,0.2328,0.2328,0.224,0.2272,683188.9639
2026-02-01 16:00:00,0.2271,0.2301,0.225,0.2279,526432.3977
2026-02-01 17:00:00,0.2277,0.2289,0.2258,0.2284,216287.8676
2026-02-01 18:00:00,0.2285,0.2338,0.2285,0.2305,437839.4604
2026-02-01 19:00:00,0.2303,0.2311,0.2273,0.2284,240910.186
2026-02-01 20:00:00,0.2286,0.2318,0.2263,0.2291,162463.1186
2026-02-01 21:00:00,0.2292,0.2292,0.2259,0.2271,239155.3304
2026-02-01 22:00:00,0.2275,0.2315,0.2271,0.2299,253871.5987
2026-02-01 23:00:00,0.2295,0.232,0.2219,0.2276,834463.7288
2026-02-02 00:00:00,0.2276,0.2337,0.2257,0.2314,291328.5
2026-02-02 01:00:00,0.2314,0.2352,0.2279,0.2322,279269.2015
2026-02-02 02:00:00,0.2322,0.2335,0.2295,0.23,657761.3499
2026-02-02 03:00:00,0.23,0.2303,0.2202,0.2298,1126862.7816
2026-02-02 04:00:00,0.2298,0.2329,0.2256,0.2284,481744.9651
2026-02-02 05:00:00,0.2281,0.2282,0.2219,0.2246,544849.556
2026-02-02 06:00:00,0.2243,0.231,0.2204,0.2269,1177628.9891
2026-02-02 07:00:00,0.227,0.2285,0.2255,0.2255,349860.6447
2026-02-02 08:00:00,0.2257,0.2286,0.2257,0.228,258189.1664
2026-02-02 09:00:00,0.228,0.2315,0.2264,0.2296,779672.8079
2026-02-02 10:00:00,0.2297,0.2307,0.2286,0.2294,324869.6289
2026-02-02 11:00:00,0.2295,0.2308,0.2288,0.2293,1556043.4083
2026-02-02 12:00:00,0.2295,0.2311,0.2289,0.2307,362607.8168
2026-02-02 13:00:00,0.2303,0.2321,0.2297,0.2313,420191.7414
2026-02-02 14:00:00,0.2313,0.2344,0.229,0.232,915927.677
2026-02-02 15:00:00,0.232,0.2373,0.2317,0.2351,478450.5426
2026-02-02 16:00:00,0.2351,0.2356,0.2326,0.2326,252968.386
2026-02-02 17:00:00,0.2326,0.2342,0.2295,0.2302,715336.5469
2026-02-02 18:00:00,0.2301,0.2314,0.2291,0.2308,157899.0998
2026-02-02 19:00:00,0.2307,0.2307,0.229,0.229,131551.5906
2026-02-02 20:00:00,0.229,0.2304,0.2283,0.2297,181256.7611
2026-02-02 21:00:00,0.2297,0.2316,0.2296,0.2311,189942.1169
2026-02-02 22:00:00,0.2311,0.232,0.2307,0.2315,71641.9766
2026-02-02 23:00:00,0.2314,0.2314,0.2296,0.2301,166700.9418
2026-02-03 00:00:00,0.2304,0.2305,0.2279,0.2297,138948.3478
2026-02-03 01:00:00,0.2296,0.2299,0.2277,0.2296,81819.2082
2026-02-03 02:00:00,0.2296,0.2297,0.2254,0.2254,263423.9506
2026-02-03 03:00:00,0.2254,0.2303,0.2245,0.2299,357658.4145
2026-02-03 04:00:00,0.2299,0.2317,0.2285,0.231,142550.5275
2026-02-03 05:00:00,0.2308,0.2308,0.228,0.2283,67366.4506
2026-02-03 06:00:00,0.2282,0.2299,0.2266,0.2297,263653.063
2026-02-03 07:00:00,0.2296,0.2313,0.2294,0.2297,142630.1002
2026-02-03 08:00:00,0.2298,0.2313,0.2293,0.2296,162841.0888
2026-02-03 09:00:00,0.2297,0.2302,0.2255,0.2277,570277.3556
2026-02-03 10:00:00,0.2278,0.229,0.2274,0.2281,122377.3605
2026-02-03 11:00:00,0.2281,0.229,0.2276,0.2281,269246.5339
2026-02-03 12:00:00,0.2281,0.23,0.2275,0.2296,135874.6748
2026-02-03 13:00:00,0.2295,0.2298,0.2284,0.2293,204535.1102
2026-02-03 14:00:00,0.2292,0.2299,0.2245,0.2248,555501.7853
2026-02-03 15:00:00,0.2245,0.2295,0.2223,0.224,1517687.5248
2026-02-03 16:00:00,0.224,0.224,0.215,0.2164,1996888.6826
2026-02-03 17:00:00,0.2166,0.2173,0.2107,0.2108,865483.5147
2026-02-03 18:00:00,0.2109,0.212,0.2066,0.2071,1573446.7822
2026-02-03 19:00:00,0.207,0.2173,0.207,0.2148,1464779.3167
2026-02-03 20:00:00,0.2147,0.2238,0.2106,0.2214,2127182.0533
2026-02-03 21:00:00,0.2215,0.2241,0.2178,0.2184,854455.8475
2026-02-03 22:00:00,0.2185,0.2186,0.2142,0.2147,698968.8846
2026-02-03 23:00:00,0.2145,0.2154,0.2113,0.213,415621.7139
2026-02-04 00:00:00,0.213,0.216,0.2121,0.2156,137453.0512
2026-02-04 01:00:00,0.2157,0.2203,0.2157,0.2194,295749.656
2026-02-04 02:00:00,0.2194,0.2198,0.2175,0.2191,256763.4013
2026-02-04 03:00:00,0.2187,0.2234,0.2187,0.2222,439582.9309
2026-02-04 04:00:00,0.2222,0.2237,0.2218,0.2227,383237.2596
2026-02-04 05:00:00,0.2227,0.2232,0.2206,0.2214,232610.3688
2026-02-04 06:00:00,0.2215,0.2239,0.2214,0.2222,443672.1305
2026-02-04 07:00:00,0.2221,0.2234,0.2209,0.2226,329579.2329
2026-02-04 08:00:00,0.2226,0.2256,0.222,0.2253,267835.7528
2026-02-04 09:00:00,0.2251,0.2254,0.2227,0.2237,266621.6033
2026-02-04 10:00:00,0.2237,0.2271,0.2237,0.2262,384721.5237
2026-02-04 11:00:00,0.226,0.2285,0.224,0.2275,424672.1467
2026-02-04 12:00:00,0.2278,0.2302,0.2253,0.2263,380614.7516
2026-02-04 13:00:00,0.2264,0.2273,0.2212,0.2212,404139.8491
2026-02-04 14:00:00,0.2213,0.2233,0.2176,0.2188,1041517.1694
2026-02-04 15:00:00,0.2187,0.2228,0.2159,0.2199,941113.9748
2026-02-04 16:00:00,0.2198,0.2225,0.2163,0.2192,1057293.6701
2026-02-04 17:00:00,0.219,0.2208,0.2163,0.2201,776735.4306
2026-02-04 18:00:00,0.22,0.224,0.2152,0.2204,1028079.8231
2026-02-04 19:00:00,0.2205,0.2245,0.2188,0.2243,764838.2434
2026-02-04 20:00:00,0.2243,0.2247,0.2216,0.2222,270038.1969
2026-02-04 21:00:00,0.2221,0.2228,0.2164,0.2184,405337.1282
2026-02-04 22:00:00,0.2183,0.2216,0.2139,0.216,745217.0682
2026-02-04 23:00:00,0.2158,0.2212,0.2157,0.2191,915808.9358
2026-02-05 00:00:00,0.2193,0.2205,0.2177,0.2188,301983.8184
2026-02-05 01:00:00,0.2188,0.2223,0.217,0.2186,784793.2699
2026-02-05 02:00:00,0.2186,0.2205,0.2159,0.2161,584888.5776
2026-02-05 03:00:00,0.2162,0.2182,0.2151,0.2155,416039.815
2026-02-05 04:00:00,0.2155,0.2172,0.2143,0.215,549125.5753
2026-02-05 05:00:00,0.215,0.218,0.2121,0.2152,1263796.5525
2026-02-05 06:00:00,0.2153,0.2154,0.2111,0.2121,1258187.131
2026-02-05 07:00:00,0.2121,0.2154,0.2112,0.2115,423050.193
2026-02-05 08:00:00,0.2116,0.215,0.2116,0.2136,196409.5812
2026-02-05 09:00:00,0.2133,0.2155,0.2125,0.2129,368512.9182
2026-02-05 10:00:00,0.213,0.2137,0.2077,0.2088,782659.1539
2026-02-05 11:00:00,0.2088,0.2097,0.2035,0.2069,1041936.653
2026-02-05 12:00:00,0.207,0.2085,0.205,0.2076,1152515.9126
2026-02-05 13:00:00,0.2077,0.2093,0.2056,0.2062,426353.4805
2026-02-05 14:00:00,0.2063,0.2108,0.2056,0.206,794806.0293
2026-02-05 15:00:00,0.206,0.2068,0.1901,0.1947,4497469.3039
2026-02-05 16:00:00,0.1948,0.2005,0.1929,0.1977,2245571.3328
2026-02-05 17:00:00,0.1979,0.2009,0.191,0.1924,2022381.8508
2026-02-05 18:00:00,0.1926,0.1943,0.1898,0.1937,1188231.2133
2026-02-05 19:00:00,0.1937,0.1939,0.1897,0.1907,574549.4652
2026-02-05 20:00:00,0.1908,0.1924,0.1804,0.1847,4231105.6009
2026-02-05 21:00:00,0.1844,0.1901,0.1829,0.1837,2911360.1687
2026-02-05 22:00:00,0.1836,0.1879,0.18,0.1839,3859033.0665
2026-02-05 23:00:00,0.184,0.1884,0.1811,0.1819,876358.7904
2026-02-06 00:00:00,0.1821,0.1832,0.1576,0.175,14764444.1018
2026-02-06 01:00:00,0.1749,0.1817,0.1743,0.1816,2165198.6321
2026-02-06 02:00:00,0.1816,0.1834,0.1745,0.1754,1176934.3979
2026-02-06 03:00:00,0.1755,0.1768,0.1734,0.1747,659129.0838
2026-02-06 04:00:00,0.1747,0.1769,0.1729,0.1762,798217.8048
2026-02-06 05:00:00,0.1761,0.1804,0.1758,0.1793,764038.1974
2026-02-06 06:00:00,0.1793,0.1806,0.1731,0.1734,824880.3004
2026-02-06 07:00:00,0.1735,0.175,0.1707,0.1735,803876.3978
2026-02-06 08:00:00,0.1735,0.1744,0.1701,0.1712,464158.5947
2026-02-06 09:00:00,0.1713,0.1788,0.1707,0.1785,869535.8684
2026-02-06 10:00:00,0.1785,0.1821,0.1774,0.1821,323535.6709
2026-02-06 11:00:00,0.182,0.1841,0.1813,0.1832,461059.8078
2026-02-06 12:00:00,0.1831,0.1847,0.1821,0.1839,547331.0662
2026-02-06 13:00:00,0.1839,0.1869,0.1831,0.1861,895820.5219
2026-02-06 14:00:00,0.1861,0.1925,0.1853,0.1905,1476588.0798
2026-02-06 15:00:00,0.1907,0.1909,0.1878,0.1901,1488887.8907
2026-02-06 16:00:00,0.19,0.1959,0.189,0.1947,1618236.6069
2026-02-06 17:00:00,0.1947,0.2007,0.1941,0.1987,1431047.9694
2026-02-06 18:00:00,0.1986,0.1987,0.1923,0.1933,788588.3265
2026-02-06 19:00:00,0.1936,0.1949,0.1919,0.1945,523240.0102
2026-02-06 20:00:00,0.1944,0.1958,0.1918,0.1931,996054.8189
2026-02-06 21:00:00,0.1931,0.1955,0.1919,0.1955,295424.4366
2026-02-06 22:00:00,0.1955,0.1982,0.1953,0.1972,438827.4234
2026-02-06 23:00:00,0.1971,0.1983,0.195,0.1973,414293.4127
2026-02-07 00:00:00,0.1972,0.1972,0.1921,0.1937,590584.848
2026-02-07 01:00:00,0.1936,0.1957,0.1927,0.1954,313450.8819
2026-02-07 02:00:00,0.1949,0.1963,0.1947,0.1957,224924.3298
2026-02-07 03:00:00,0.1956,0.1979,0.1954,0.1973,390563.7386
2026-02-07 04:00:00,0.1973,0.1989,0.1958,0.1961,474539.5871
2026-02-07 05:00:00,0.196,0.1965,0.1949,0.1956,260340.013
2026-02-07 06:00:00,0.1955,0.1966,0.1918,0.1918,330100.0066
2026-02-07 07:00:00,0.1919,0.1927,0.1867,0.1894,1378360.7911
2026-02-07 08:00:00,0.1893,0.1909,0.1884,0.1906,392912.6647
2026-02-07 09:00:00,0.1905,0.1913,0.1895,0.1897,183919.165
2026-02-07 10:00:00,0.1897,0.1903,0.1888,0.19,87269.6298
2026-02-07 11:00:00,0.19,0.1907,0.1897,0.1904,302697.1032
2026-02-07 12:00:00,0.1903,0.1986,0.1902,0.1967,705993.7808
2026-02-07 13:00:00,0.1968,0.1977,0.1946,0.1959,505050.8316
2026-02-07 14:00:00,0.196,0.196,0.1922,0.1925,229718.5397
2026-02-07 15:00:00,0.1926,0.1974,0.192,0.1968,290512.3617
2026-02-07 16:00:00,0.1969,0.203,0.1962,0.1969,5712361.8573
2026-02-07 17:00:00,0.1971,0.1975,0.1953,0.1963,267170.0759
2026-02-07 18:00:00,0.1963,0.1997,0.1961,0.1986,240306.03
2026-02-07 19:00:00,0.1987,0.1987,0.1966,0.1969,161477.2876
2026-02-07 20:00:00,0.197,0.1979,0.1965,0.1974,173177.5054
2026-02-07 21:00:00,0.1974,0.1985,0.1966,0.1974,808941.5833
2026-02-07 22:00:00,0.1974,0.198,0.1968,0.197,123419.1346
2026-02-07 23:00:00,0.197,0.197,0.1957,0.1966,51488.8102
2026-02-08 00:00:00,0.1964,0.1964,0.195,0.1958,46297.4941
2026-02-08 01:00:00,0.1959,0.1966,0.1951,0.1955,123805.4485
2026-02-08 02:00:00,0.1955,0.1963,0.1941,0.1946,113652.9895
2026-02-08 03:00:00,0.1947,0.195,0.1935,0.1936,60517.4269
2026-02-08 04:00:00,0.1938,0.1944,0.193,0.1941,125707.5741
2026-02-08 05:00:00,0.1938,0.1947,0.1931,0.1934,51022.8984
2026-02-08 06:00:00,0.1933,0.1938,0.1928,0.193,138785.9778
2026-02-08 07:00:00,0.1931,0.1932,0.1916,0.1931,84108.1362
2026-02-08 08:00:00,0.1929,0.1963,0.1926,0.1958,666287.0647
2026-02-08 09:00:00,0.1956,0.1961,0.193,0.1934,261916.9156
2026-02-08 10:00:00,0.1933,0.1944,0.1919,0.1927,54050.3395
2026-02-08 11:00:00,0.1928,0.1964,0.1927,0.196,108058.3083
2026-02-08 12:00:00,0.1959,0.196,0.194,0.1952,168035.684
2026-02-08 13:00:00,0.1951,0.1954,0.1938,0.1949,409593.3255
2026-02-08 14:00:00,0.195,0.1956,0.1942,0.1952,245340.6501
2026-02-08 15:00:00,0.1952,0.1957,0.1924,0.1929,706765.0172
2026-02-08 16:00:00,0.1931,0.1932,0.1865,0.1875,1087896.653
2026-02-08 17:00:00,0.1876,0.1903,0.1875,0.1902,258425.7293
2026-02-08 18:00:00,0.1902,0.1934,0.1901,0.1921,237930.1119
2026-02-08 19:00:00,0.1919,0.1928,0.1916,0.1925,123420.0011
2026-02-08 20:00:00,0.1925,0.1925,0.1896,0.1898,189999.9555
2026-02-08 21:00:00,0.1899,0.1907,0.1883,0.1896,363948.8306
2026-02-08 22:00:00,0.1896,0.191,0.1895,0.1908,261586.8037
2026-02-08 23:00:00,0.1907,0.1951,0.1887,0.1902,361232.9206
2026-02-09 00:00:00,0.1903,0.1911,0.1885,0.19,284026.9963
2026-02-09 01:00:00,0.19,0.1923,0.1888,0.1902,381972.1991
2026-02-09 02:00:00,0.1902,0.192,0.1894,0.1907,186661.2753
2026-02-09 03:00:00,0.1906,0.1935,0.1906,0.1932,175923.9992
2026-02-09 04:00:00,0.1932,0.1932,0.1916,0.192,104195.6693
2026-02-09 05:00:00,0.1918,0.1929,0.1914,0.1922,119748.6846
2026-02-09 06:00:00,0.192,0.192,0.1894,0.1902,260527.0114
2026-02-09 07:00:00,0.1901,0.1905,0.1887,0.1888,166693.5649
2026-02-09 08:00:00,0.1887,0.1892,0.1859,0.1867,403455.3295
2026-02-09 09:00:00,0.1866,0.1869,0.1849,0.1853,96925.5134
2026-02-09 10:00:00,0.1854,0.1855,0.1815,0.1823,545217.7954
2026-02-09 11:00:00,0.1825,0.184,0.1825,0.1837,172553.4839
2026-02-09 12:00:00,0.1838,0.185,0.1837,0.1845,174647.6821
2026-02-09 13:00:00,0.1846,0.185,0.1823,0.1823,136051.5551
2026-02-09 14:00:00,0.1824,0.1865,0.1818,0.186,956004.018
2026-02-09 15:00:00,0.186,0.1878,0.1843,0.1876,460855.3333
2026-02-09 16:00:00,0.1876,0.1909,0.1857,0.189,1121593.5587
2026-02-09 17:00:00,0.189,0.1928,0.188,0.1918,495284.1793
2026-02-09 18:00:00,0.1919,0.1922,0.1887,0.1897,418800.2626
2026-02-09 19:00:00,0.1899,0.1912,0.189,0.1909,323274.2746
2026-02-09 20:00:00,0.1908,0.1915,0.1889,0.1894,250516.5062
2026-02-09 21:00:00,0.1895,0.1903,0.1872,0.1897,262658.4641
2026-02-09 22:00:00,0.1897,0.191,0.1895,0.1899,111431.5062
2026-02-09 23:00:00,0.1902,0.1902,0.1888,0.1891,36181.3205
2026-02-10 00:00:00,0.1894,0.1894,0.188,0.1886,39917.6694
2026-02-10 01:00:00,0.1884,0.1898,0.1884,0.1893,27072.1073
2026-02-10 02:00:00,0.1894,0.1895,0.1879,0.1883,98468.96
2026-02-10 03:00:00,0.1884,0.1884,0.1843,0.1861,222269.4985
2026-02-10 04:00:00,0.186,0.1875,0.1859,0.1873,116148.3023
2026-02-10 05:00:00,0.1872,0.1872,0.1843,0.1849,231290.1063
2026-02-10 06:00:00,0.1848,0.185,0.1813,0.1819,336820.7097
2026-02-10 07:00:00,0.1819,0.1836,0.1819,0.1829,221902.3298
2026-02-10 08:00:00,0.1829,0.1841,0.1826,0.1836,140542.3186
2026-02-10 09:00:00,0.1835,0.1846,0.1834,0.1839,189183.3302
2026-02-10 10:00:00,0.1839,0.1842,0.1826,0.1828,126036.9724
2026-02-10 11:00:00,0.1828,0.1831,0.1816,0.1819,242578.8535
2026-02-10 12:00:00,0.1818,0.1826,0.1807,0.1809,256651.1786
2026-02-10 13:00:00,0.1808,0.1824,0.1805,0.1824,556629.2295
2026-02-10 14:00:00,0.1826,0.1848,0.1815,0.1831,817236.2872
2026-02-10 15:00:00,0.1829,0.1857,0.1821,0.1844,330783.9161
2026-02-10 16:00:00,0.1844,0.1853,0.1829,0.1837,147279.2854
2026-02-10 17:00:00,0.1837,0.1847,0.1827,0.184,197331.3971
2026-02-10 18:00:00,0.184,0.1844,0.1804,0.1813,365950.6491
2026-02-10 19:00:00,0.1812,0.1828,0.1805,0.1821,205106.1161
2026-02-10 20:00:00,0.182,0.1827,0.1813,0.1821,207934.4972
2026-02-10 21:00:00,0.1821,0.1827,0.1811,0.1819,167134.9041
2026-02-10 22:00:00,0.182,0.1833,0.1817,0.1822,239907.276
2026-02-10 23:00:00,0.1822,0.1833,0.1821,0.1829,105284.1232
2026-02-11 00:00:00,0.1829,0.184,0.1829,0.1839,117002.5548
2026-02-11 01:00:00,0.1837,0.1845,0.1835,0.1843,272102.1895
2026-02-11 02:00:00,0.1843,0.1856,0.1843,0.1843,244255.3559
2026-02-11 03:00:00,0.1842,0.185,0.1821,0.1834,205119.0454
2026-02-11 04:00:00,0.1832,0.1835,0.1797,0.1805,196399.3798
2026-02-11 05:00:00,0.1806,0.1813,0.1788,0.1792,94045.8377
2026-02-11 06:00:00,0.1792,0.1795,0.1764,0.1767,307053.4682
2026-02-11 07:00:00,0.1767,0.1784,0.1762,0.1773,447497.1561
2026-02-11 08:00:00,0.1773,0.1773,0.176,0.1768,456447.523
2026-02-11 09:00:00,0.1769,0.1771,0.1757,0.1759,139188.3614
2026-02-11 10:00:00,0.176,0.1761,0.1746,0.1754,354620.549
2026-02-11 11:00:00,0.1753,0.1772,0.1753,0.1768,85773.8342
2026-02-11 12:00:00,0.1769,0.1777,0.1764,0.177,202435.1565
2026-02-11 13:00:00,0.177,0.1797,0.1763,0.1796,728076.1683
2026-02-11 14:00:00,0.1798,0.1865,0.1756,0.1758,1118076.2315
2026-02-11 15:00:00,0.1758,0.1769,0.1731,0.1753,556007.1274
2026-02-11 16:00:00,0.1754,0.1786,0.1741,0.1745,659338.9636
2026-02-11 17:00:00,0.1743,0.178,0.1737,0.1763,461307.8482
2026-02-11 18:00:00,0.1764,0.1792,0.1749,0.1781,353715.5001
2026-02-11 19:00:00,0.1784,0.1792,0.1767,0.1772,457502.1491
2026-02-11 20:00:00,0.1771,0.1793,0.1761,0.1788,346141.4663
2026-02-11 21:00:00,0.1789,0.1818,0.1787,0.1807,352054.2104
2026-02-11 22:00:00,0.1806,0.1812,0.1785,0.1789,549453.1839
2026-02-11 23:00:00,0.1785,0.1793,0.1767,0.1778,337209.6665
2026-02-12 00:00:00,0.1783,0.1803,0.1781,0.1793,268752.781
2026-02-12 01:00:00,0.1793,0.1807,0.1793,0.1797,139079.7136
2026-02-12 02:00:00,0.1796,0.1813,0.1792,0.1801,128194.2701
2026-02-12 03:00:00,0.1801,0.1812,0.18,0.1809,173199.7122
2026-02-12 04:00:00,0.1809,0.182,0.1801,0.1811,157653.4984
2026-02-12 05:00:00,0.1812,0.1826,0.18,0.1824,386678.0466
2026-02-12 06:00:00,0.1825,0.1841,0.1823,0.1833,65716.0143
2026-02-12 07:00:00,0.1834,0.1846,0.1824,0.1845,117689.4624
2026-02-12 08:00:00,0.1845,0.1847,0.1822,0.1831,253547.0455
2026-02-12 09:00:00,0.183,0.1844,0.1826,0.1837,508861.4482
2026-02-12 10:00:00,0.1837,0.1846,0.1828,0.1846,493530.2714
2026-02-12 11:00:00,0.1846,0.1861,0.1836,0.1845,404182.8215
2026-02-12 12:00:00,0.1845,0.1846,0.1817,0.182,640522.9506
2026-02-12 13:00:00,0.1819,0.1821,0.1796,0.182,438494.3306
2026-02-12 14:00:00,0.182,0.182,0.18,0.1811,443929.6626
2026-02-12 15:00:00,0.1811,0.1832,0.1792,0.1792,536963.8639
2026-02-12 16:00:00,0.1794,0.1801,0.1757,0.1769,697522.6786
2026-02-12 17:00:00,0.1769,0.1795,0.1763,0.177,405448.6011
2026-02-12 18:00:00,0.1771,0.1791,0.1769,0.1787,510815.7964
2026-02-12 19:00:00,0.1787,0.1835,0.1781,0.1804,299855.4945
2026-02-12 20:00:00,0.1805,0.181,0.1782,0.1787,222866.129
2026-02-12 21:00:00,0.1788,0.1801,0.1788,0.1798,233161.286
2026-02-12 22:00:00,0.1797,0.1825,0.1793,0.1823,178910.6559
2026-02-12 23:00:00,0.1823,0.1835,0.1822,0.1828,167026.9319
2026-02-13 00:00:00,0.1826,0.1837,0.1808,0.1817,199049.3494
2026-02-13 01:00:00,0.1815,0.1821,0.181,0.1812,106302.6709
2026-02-13 02:00:00,0.1814,0.182,0.181,0.1817,377864.8604
2026-02-13 03:00:00,0.1815,0.1818,0.1803,0.1807,112751.1099
2026-02-13 04:00:00,0.1807,0.1807,0.1795,0.1801,70921.6346
2026-02-13 05:00:00,0.1802,0.1805,0.1793,0.1795,139185.6974
2026-02-13 06:00:00,0.1795,0.1808,0.1786,0.1808,326238.8202
2026-02-13 07:00:00,0.1808,0.1816,0.1804,0.1805,157432.1854
2026-02-13 08:00:00,0.1807,0.1831,0.1807,0.1825,249111.922
2026-02-13 09:00:00,0.1825,0.1825,0.1817,0.1818,131986.0774
2026-02-13 10:00:00,0.1819,0.1829,0.1818,0.1823,273855.9079
2026-02-13 11:00:00,0.1822,0.1823,0.1811,0.1818,358534.2599
2026-02-13 12:00:00,0.1818,0.1818,0.1808,0.1814,73052.2634
2026-02-13 13:00:00,0.1816,0.1843,0.1811,0.1826,547216.6539
2026-02-13 14:00:00,0.1825,0.1854,0.1817,0.1835,1069507.9051
2026-02-13 15:00:00,0.1836,0.1897,0.1836,0.1859,750711.8369
2026-02-13 16:00:00,0.1862,0.1897,0.1857,0.1888,729105.015
2026-02-13 17:00:00,0.1889,0.1908,0.1877,0.1893,677358.0787
2026-02-13 18:00:00,0.1891,0.1902,0.1883,0.1896,237873.58
2026-02-13 19:00:00,0.1895,0.1905,0.1891,0.1898,86849.6283
2026-02-13 20:00:00,0.1898,0.1905,0.1895,0.1902,300306.9881
2026-02-13 21:00:00,0.1902,0.1917,0.1902,0.1913,156173.5693
2026-02-13 22:00:00,0.1913,0.1918,0.1896,0.1898,240174.5953
2026-02-13 23:00:00,0.19,0.1903,0.1892,0.1893,144632.9203
2026-02-14 00:00:00,0.1893,0.1912,0.1893,0.1907,149472.0336
2026-02-14 01:00:00,0.1906,0.1909,0.1901,0.1904,136577.9799
2026-02-14 02:00:00,0.1904,0.191,0.1901,0.1907,149939.4995
2026-02-14 03:00:00,0.1907,0.1924,0.1907,0.1917,93494.1478
2026-02-14 04:00:00,0.1917,0.1917,0.1909,0.1916,30122.5364
2026-02-14 05:00:00,0.1912,0.192,0.1907,0.1907,93874.5023
2026-02-14 06:00:00,0.1907,0.1909,0.1898,0.1902,116135.795
2026-02-14 07:00:00,0.1904,0.1919,0.1904,0.1912,137928.9059
2026-02-14 08:00:00,0.1912,0.1937,0.1912,0.1936,287479.0719
2026-02-14 09:00:00,0.1936,0.1938,0.1928,0.193,103669.575
2026-02-14 10:00:00,0.1929,0.1929,0.1918,0.1922,64909.7535
2026-02-14 11:00:00,0.1923,0.1945,0.1921,0.1942,143144.8482
2026-02-14 12:00:00,0.1942,0.1953,0.1932,0.1933,275547.107
2026-02-14 13:00:00,0.1933,0.1937,0.1922,0.1933,257603.2119
2026-02-14 14:00:00,0.1934,0.1963,0.1932,0.1959,200237.7732
2026-02-14 15:00:00,0.1958,0.1963,0.1944,0.1962,307630.5279
2026-02-14 16:00:00,0.1963,0.1983,0.1947,0.1979,220031.0348
2026-02-14 17:00:00,0.198,0.1989,0.1963,0.1964,158205.8927
2026-02-14 18:00:00,0.1963,0.1982,0.1963,0.1979,122461.4508
2026-02-14 19:00:00,0.1979,0.2002,0.197,0.1999,358839.0518
2026-02-14 20:00:00,0.2,0.2007,0.1976,0.1988,291104.2238
2026-02-14 21:00:00,0.1988,0.2,0.1974,0.1983,488996.8832
2026-02-14 22:00:00,0.1982,0.2004,0.1982,0.1989,204438.7392
2026-02-14 23:00:00,0.1989,0.1992,0.1971,0.1972,174727.1975
2026-02-15 00:00:00,0.1973,0.1977,0.1955,0.1962,166887.7716
2026-02-15 01:00:00,0.1962,0.1973,0.1952,0.1965,242841.4613
2026-02-15 02:00:00,0.1964,0.1972,0.1943,0.1954,312089.1662
2026-02-15 03:00:00,0.1954,0.196,0.1925,0.1958,562101.6508
2026-02-15 04:00:00,0.1957,0.1984,0.1955,0.1959,304445.5189
2026-02-15 05:00:00,0.1961,0.1976,0.1957,0.1972,86359.5696
2026-02-15 06:00:00,0.1969,0.1974,0.1958,0.1963,108637.6643
2026-02-15 07:00:00,0.1964,0.1984,0.1963,0.1975,95794.8624
2026-02-15 08:00:00,0.1976,0.1981,0.1931,0.1944,230825.7287
2026-02-15 09:00:00,0.1943,0.1956,0.194,0.1952,90656.5929
2026-02-15 10:00:00,0.195,0.195,0.193,0.1943,187784.6911
2026-02-15 11:00:00,0.1944,0.1946,0.194,0.1943,85993.6341
2026-02-15 12:00:00,0.1943,0.1944,0.1883,0.1883,366522.1182
2026-02-15 13:00:00,0.1885,0.1903,0.1866,0.1875,544135.0807
2026-02-15 14:00:00,0.1875,0.1897,0.1875,0.1893,257407.4502
2026-02-15 15:00:00,0.1894,0.1898,0.1888,0.1894,59381.3328
2026-02-15 16:00:00,0.1891,0.19,0.1881,0.1897,213611.5437
2026-02-15 17:00:00,0.1897,0.19,0.1856,0.1872,423355.0487
2026-02-15 18:00:00,0.1871,0.1882,0.1858,0.1863,200618.603
2026-02-15 19:00:00,0.1862,0.1874,0.185,0.1866,183088.3491
2026-02-15 20:00:00,0.1862,0.1884,0.1859,0.188,121865.8337
2026-02-15 21:00:00,0.1879,0.189,0.1878,0.188,52959.1936
2026-02-15 22:00:00,0.1879,0.1889,0.1876,0.1887,51852.2244
2026-02-15 23:00:00,0.1886,0.1895,0.1868,0.1894,119626.2757
2026-02-16 00:00:00,0.1894,0.1905,0.1888,0.1891,53488.3497
2026-02-16 01:00:00,0.1892,0.19,0.188,0.1888,58410.7569
2026-02-16 02:00:00,0.1885,0.189,0.1874,0.1877,15479.0831
2026-02-16 03:00:00,0.1878,0.1886,0.1876,0.1884,35739.9493
2026-02-16 04:00:00,0.1884,0.1899,0.1883,0.1898,23680.9566
2026-02-16 05:00:00,0.1899,0.1904,0.1865,0.1872,430694.8194
2026-02-16 06:00:00,0.1872,0.189,0.1871,0.1885,60935.5757
2026-02-16 07:00:00,0.1883,0.1887,0.1874,0.1879,47999.004
2026-02-16 08:00:00,0.1878,0.189,0.1878,0.1885,41851.2244
2026-02-16 09:00:00,0.1888,0.1898,0.1887,0.1894,60329.3477
2026-02-16 10:00:00,0.1895,0.1897,0.1883,0.1884,53143.316
2026-02-16 11:00:00,0.1885,0.1887,0.1856,0.1882,149557.5292
2026-02-16 12:00:00,0.1882,0.1915,0.1875,0.1912,158787.7545
2026-02-16 13:00:00,0.1913,0.1922,0.1875,0.188,374112.3673
2026-02-16 14:00:00,0.1879,0.1899,0.1864,0.1889,607625.4035
2026-02-16 15:00:00,0.1889,0.19,0.1844,0.1854,571511.2142
2026-02-16 16:00:00,0.1853,0.1873,0.185,0.1865,475123.3866
2026-02-16 17:00:00,0.1865,0.1876,0.1856,0.1867,141981.0007
2026-02-16 18:00:00,0.1868,0.188,0.1868,0.1868,99607.5573
2026-02-16 19:00:00,0.1869,0.1883,0.1864,0.1879,37795.6148
2026-02-16 20:00:00,0.1878,0.1898,0.1873,0.1894,105894.1579
2026-02-16 21:00:00,0.1893,0.1912,0.1888,0.1911,43209.8818
2026-02-16 22:00:00,0.1911,0.1915,0.19,0.1905,171174.7147
2026-02-16 23:00:00,0.1901,0.1908,0.1899,0.1902,58984.4813
2026-02-17 00:00:00,0.1904,0.1906,0.1891,0.1892,32271.7759
2026-02-17 01:00:00,0.1893,0.1898,0.1885,0.1886,59912.9587
2026-02-17 02:00:00,0.1885,0.1904,0.1874,0.1901,76879.6243
2026-02-17 03:00:00,0.1899,0.1899,0.1887,0.189,96294.7298
2026-02-17 04:00:00,0.189,0.19,0.1884,0.1889,35981.1906
2026-02-17 05:00:00,0.189,0.189,0.1866,0.1878,70600.7879
2026-02-17 06:00:00,0.1879,0.1889,0.1879,0.1886,41557.2072
2026-02-17 07:00:00,0.1885,0.1892,0.1882,0.1885,60204.2822
2026-02-17 08:00:00,0.1885,0.1894,0.1875,0.1876,158261.3712
2026-02-17 09:00:00,0.1875,0.1879,0.1869,0.1877,115176.6908
2026-02-17 10:00:00,0.1876,0.188,0.1856,0.1865,1880698.5766
2026-02-17 11:00:00,0.1865,0.1881,0.1865,0.1875,116511.6795
2026-02-17 12:00:00,0.1874,0.1888,0.1873,0.1874,41174.5405
2026-02-17 13:00:00,0.1875,0.1894,0.1868,0.1885,193360.7101
2026-02-17 14:00:00,0.1884,0.1894,0.1842,0.1848,406273.7448
2026-02-17 15:00:00,0.1847,0.1869,0.1839,0.1868,204573.5501
2026-02-17 16:00:00,0.1869,0.1899,0.1866,0.1873,352503.5109
2026-02-17 17:00:00,0.1873,0.1875,0.1846,0.1858,144594.3539
2026-02-17 18:00:00,0.1858,0.1902,0.1855,0.189,208512.1968
2026-02-17 19:00:00,0.1889,0.1891,0.1871,0.1876,73712.8798
2026-02-17 20:00:00,0.1874,0.1877,0.1861,0.1868,75749.4947
2026-02-17 21:00:00,0.1868,0.1875,0.1865,0.1872,82626.4412
2026-02-17 22:00:00,0.1872,0.1874,0.1864,0.1868,124935.0196
2026-02-17 23:00:00,0.1867,0.1872,0.1865,0.1869,176317.5306
2026-02-18 00:00:00,0.1871,0.1873,0.1862,0.1863,75069.2167
2026-02-18 01:00:00,0.1865,0.1865,0.1854,0.1862,63403.0999
2026-02-18 02:00:00,0.1863,0.1875,0.1863,0.1873,54547.8251
2026-02-18 03:00:00,0.1873,0.1881,0.1871,0.188,52219.3135
2026-02-18 04:00:00,0.188,0.188,0.1874,0.1876,16246.694
2026-02-18 05:00:00,0.1876,0.1882,0.1874,0.188,271662.0823
2026-02-18 06:00:00,0.1881,0.1885,0.1878,0.1879,60945.3715
2026-02-18 07:00:00,0.1879,0.1896,0.1879,0.1888,243059.6731
2026-02-18 08:00:00,0.189,0.1896,0.1881,0.1883,76992.7298
2026-02-18 09:00:00,0.1884,0.1888,0.188,0.1885,23641.6548
2026-02-18 10:00:00,0.1885,0.189,0.1875,0.1876,38024.1015
2026-02-18 11:00:00,0.1875,0.1877,0.1855,0.1866,86304.3061
2026-02-18 12:00:00,0.1866,0.187,0.1852,0.1858,55226.2907
2026-02-18 13:00:00,0.1859,0.1861,0.1833,0.1843,509017.6363
2026-02-18 14:00:00,0.1843,0.1851,0.183,0.1849,302056.8086
2026-02-18 15:00:00,0.1849,0.1889,0.1849,0.1866,217675.7149
2026-02-18 16:00:00,0.1868,0.1868,0.1839,0.1843,124927.542
2026-02-18 17:00:00,0.1843,0.1859,0.1745,0.1786,8550652.2885
2026-02-18 18:00:00,0.1786,0.179,0.1745,0.175,1467759.1742
2026-02-18 19:00:00,0.1749,0.1759,0.172,0.1732,961363.0014
2026-02-18 20:00:00,0.1731,0.1744,0.1712,0.1715,1034538.6465
2026-02-18 21:00:00,0.1717,0.1717,0.1671,0.1673,802744.048
2026-02-18 22:00:00,0.1673,0.1684,0.1654,0.1671,1376757.3021
2026-02-18 23:00:00,0.1672,0.1676,0.165,0.1653,924888.1886
2026-02-19 00:00:00,0.1655,0.1664,0.1629,0.1638,1673440.2908
2026-02-19 01:00:00,0.1638,0.1654,0.1628,0.1646,1188038.4053
2026-02-19 02:00:00,0.1646,0.165,0.1596,0.1596,1457125.7784
2026-02-19 03:00:00,0.1596,0.1608,0.1585,0.1602,1677769.2594
2026-02-19 04:00:00,0.1602,0.1602,0.1547,0.1549,3171536.2224
2026-02-19 05:00:00,0.1548,0.1562,0.1515,0.1532,4596959.848
2026-02-19 06:00:00,0.1532,0.1533,0.1494,0.1506,3529607.962
2026-02-19 07:00:00,0.1507,0.1509,0.1461,0.1465,5463568.1558
2026-02-19 08:00:00,0.1465,0.1468,0.1401,0.142,7990929.5176
2026-02-19 09:00:00,0.1419,0.1469,0.1405,0.1439,5592786.6708
2026-02-19 10:00:00,0.1438,0.1451,0.1416,0.142,5169386.2602
2026-02-19 11:00:00,0.142,0.1438,0.1406,0.1419,4610592.4626
2026-02-19 12:00:00,0.1418,0.1447,0.1414,0.1427,4628525.8156
2026-02-19 13:00:00,0.1428,0.1429,0.1377,0.1402,6284040.1175
2026-02-19 14:00:00,0.14,0.1413,0.1365,0.1384,4424188.1484
2026-02-19 15:00:00,0.1384,0.1411,0.1378,0.1396,3344415.1761
2026-02-19 16:00:00,0.1397,0.1407,0.1376,0.1381,2477641.4939
2026-02-19 17:00:00,0.138,0.1389,0.1343,0.1363,4191500.5956
2026-02-19 18:00:00,0.1362,0.1392,0.1358,0.1378,1654707.504
2026-02-19 19:00:00,0.1378,0.1389,0.1371,0.1387,690494.9878
2026-02-19 20:00:00,0.1386,0.1404,0.1375,0.1379,912353.1844
2026-02-19 21:00:00,0.138,0.1399,0.1379,0.1384,1164203.341
2026-02-19 22:00:00,0.1384,0.1389,0.1369,0.1385,1223055.449
2026-02-19 23:00:00,0.1385,0.1397,0.1384,0.1397,1119838.9107
2026-02-20 00:00:00,0.1396,0.1399,0.1356,0.137,3268047.4922
2026-02-20 01:00:00,0.1371,0.1384,0.1364,0.1378,2286468.0074
2026-02-20 02:00:00,0.1379,0.1401,0.1284,0.1312,5436556.768
2026-02-20 03:00:00,0.1312,0.1322,0.1275,0.1294,5919919.3458
2026-02-20 04:00:00,0.1296,0.1312,0.1276,0.1299,2810745.6978
2026-02-20 05:00:00,0.1299,0.1327,0.1287,0.132,2254595.2772
2026-02-20 06:00:00,0.132,0.1334,0.131,0.1334,1545566.1548
2026-02-20 07:00:00,0.1334,0.134,0.1297,0.1301,1463012.1498
2026-02-20 08:00:00,0.1301,0.1303,0.1285,0.1291,1672490.6243
2026-02-20 09:00:00,0.1291,0.1314,0.128,0.131,2043350.891
2026-02-20 10:00:00,0.131,0.1322,0.1289,0.1295,2081663.8188
2026-02-20 11:00:00,0.1294,0.1304,0.1261,0.1278,2908595.9247
2026-02-20 12:00:00,0.1277,0.1277,0.1251,0.127,2500494.842
2026-02-20 13:00:00,0.127,0.1272,0.1247,0.1272,3682183.4795
2026-02-20 14:00:00,0.1271,0.1293,0.1268,0.1285,3403718.5669
2026-02-20 15:00:00,0.1286,0.1346,0.1285,0.133,6110219.325
2026-02-20 16:00:00,0.133,0.1338,0.1297,0.1307,5440491.8469
2026-02-20 17:00:00,0.1306,0.1306,0.1269,0.1298,3697188.0379
2026-02-20 18:00:00,0.1297,0.1299,0.1276,0.1282,3549728.1828
2026-02-20 19:00:00,0.1282,0.1289,0.1274,0.1286,1390865.5797
2026-02-20 20:00:00,0.1286,0.1291,0.1267,0.1277,1758255.9037
2026-02-20 21:00:00,0.1278,0.1281,0.1272,0.1275,530692.3949
2026-02-20 22:00:00,0.1275,0.128,0.1269,0.1274,1561753.0497
2026-02-20 23:00:00,0.1273,0.1289,0.1269,0.1284,970946.6341
2026-02-21 00:00:00,0.1286,0.1291,0.1274,0.1279,1932611.2801
2026-02-21 01:00:00,0.1279,0.1306,0.1277,0.1297,2295980.336
2026-02-21 02:00:00,0.1297,0.133,0.1293,0.1312,3293976.7401
2026-02-21 03:00:00,0.1313,0.1318,0.1296,0.1311,2108393.4616
2026-02-21 04:00:00,0.1312,0.1322,0.1304,0.1312,1375119.7753
2026-02-21 05:00:00,0.1311,0.1336,0.1311,0.1315,1590423.094
2026-02-21 06:00:00,0.1315,0.1324,0.1294,0.1303,2939692.9674
2026-02-21 07:00:00,0.1303,0.1321,0.1299,0.1317,1545288.3047
2026-02-21 08:00:00,0.1317,0.133,0.1312,0.1328,911741.2847
2026-02-21 09:00:00,0.1327,0.1355,0.1327,0.1331,3381288.4401
2026-02-21 10:00:00,0.1332,0.1356,0.1328,0.1332,1814460.4565
2026-02-21 11:00:00,0.1331,0.1334,0.131,0.1316,1375622.2921
2026-02-21 12:00:00,0.1316,0.1322,0.1302,0.1307,2070082.4415
2026-02-21 13:00:00,0.1307,0.131,0.1297,0.1309,953099.5422
2026-02-21 14:00:00,0.1309,0.1314,0.1287,0.1294,2171105.5492
2026-02-21 15:00:00,0.1295,0.1303,0.1289,0.13,1517379.2722
2026-02-21 16:00:00,0.1301,0.1302,0.1278,0.1282,2021473.855
2026-02-21 17:00:00,0.1283,0.1288,0.1268,0.1283,1868064.0172
2026-02-21 18:00:00,0.1283,0.1298,0.1283,0.1296,557411.9357
2026-02-21 19:00:00,0.1296,0.1297,0.1283,0.1286,808412.2458
2026-02-21 20:00:00,0.1285,0.1286,0.1275,0.1278,234810.8071
2026-02-21 21:00:00,0.1279,0.1295,0.1277,0.1294,758071.6459
2026-02-21 22:00:00,0.1293,0.1297,0.1277,0.1285,750389.0796
2026-02-21 23:00:00,0.1285,0.1293,0.1281,0.1286,643464.6558
2026-02-22 00:00:00,0.1284,0.1284,0.1234,0.1262,4964453.8067
2026-02-22 01:00:00,0.1261,0.1267,0.1257,0.1262,1302089.7598
2026-02-22 02:00:00,0.1262,0.1269,0.1247,0.1254,1681153.5984
2026-02-22 03:00:00,0.1255,0.1259,0.1249,0.1251,1186795.5569
2026-02-22 04:00:00,0.125,0.1258,0.1249,0.1251,615039.2296
2026-02-22 05:00:00,0.1251,0.1256,0.1244,0.1256,656242.2818
2026-02-22 06:00:00,0.1255,0.126,0.1252,0.1256,636529.9932
2026-02-22 07:00:00,0.1256,0.1264,0.1248,0.125,1156585.3443
2026-02-22 08:00:00,0.1249,0.1257,0.1236,0.1245,1224799.4646
2026-02-22 09:00:00,0.1246,0.1257,0.1245,0.1251,503359.72
2026-02-22 10:00:00,0.1252,0.1256,0.1247,0.125,460918.9169
2026-02-22 11:00:00,0.125,0.1253,0.1239,0.1243,2009620.1183
2026-02-22 12:00:00,0.1242,0.1243,0.1217,0.1219,2580515.1415
2026-02-22 13:00:00,0.1219,0.1226,0.121,0.1222,3350585.1294
2026-02-22 14:00:00,0.1222,0.1235,0.1219,0.122,910855.0531
2026-02-22 15:00:00,0.1219,0.1238,0.1214,0.1236,1199221.0516
2026-02-22 16:00:00,0.1236,0.1252,0.1229,0.1251,2004067.1545
2026-02-22 17:00:00,0.125,0.1256,0.1233,0.125,1716277.0823
2026-02-22 18:00:00,0.1249,0.1249,0.1232,0.1237,368654.9489
2026-02-22 19:00:00,0.1237,0.1239,0.1224,0.1229,716911.9908
2026-02-22 20:00:00,0.123,0.123,0.1213,0.1217,442669.6155
2026-02-22 21:00:00,0.1218,0.1224,0.1205,0.1219,1256246.352
2026-02-22 22:00:00,0.1218,0.1225,0.1215,0.122,540224.1686
2026-02-22 23:00:00,0.1219,0.1228,0.1218,0.1224,767265.1277
2026-02-23 00:00:00,0.1223,0.1231,0.1207,0.1208,1396994.5396
2026-02-23 01:00:00,0.1207,0.1208,0.1144,0.1154,10803131.8678
2026-02-23 02:00:00,0.1153,0.1164,0.1152,0.1157,2412948.169
2026-02-23 03:00:00,0.1157,0.1164,0.1149,0.1156,1882062.4892
2026-02-23 04:00:00,0.1156,0.1167,0.115,0.1165,1322537.8168
2026-02-23 05:00:00,0.1165,0.1178,0.1163,0.1176,1393584.5961
2026-02-23 06:00:00,0.1175,0.1221,0.1175,0.1218,3139633.1837
2026-02-23 07:00:00,0.1218,0.1219,0.1206,0.1213,1446198.3238
2026-02-23 08:00:00,0.1211,0.1237,0.1207,0.1227,2004628.46
2026-02-23 09:00:00,0.1228,0.1264,0.1226,0.1256,2124025.399
2026-02-23 10:00:00,0.1256,0.1259,0.1236,0.1241,1516425.3903
2026-02-23 11:00:00,0.124,0.1246,0.1235,0.1246,1244212.8567
2026-02-23 12:00:00,0.1246,0.126,0.124,0.1251,1110401.2986
2026-02-23 13:00:00,0.1251,0.1253,0.1227,0.123,954885.689
2026-02-23 14:00:00,0.1229,0.1235,0.1219,0.1229,1536672.979
2026-02-23 15:00:00,0.1228,0.1229,0.1211,0.1212,990795.3941
2026-02-23 16:00:00,0.1212,0.1225,0.1206,0.1211,1668956.7591
2026-02-23 17:00:00,0.1212,0.1212,0.1182,0.1195,1245004.4243
2026-02-23 18:00:00,0.1194,0.1197,0.1175,0.1177,708504.1286
2026-02-23 19:00:00,0.1177,0.118,0.1169,0.1171,408166.2121
2026-02-23 20:00:00,0.1171,0.1186,0.1167,0.1184,826260.5016
2026-02-23 21:00:00,0.1184,0.1206,0.1184,0.1204,796548.9344
2026-02-23 22:00:00,0.1204,0.1216,0.1204,0.121,572631.0802
2026-02-23 23:00:00,0.121,0.122,0.121,0.122,567905.0789
2026-02-24 00:00:00,0.122,0.1225,0.1204,0.122,1230662.2923
2026-02-24 01:00:00,0.122,0.122,0.1189,0.1204,2269001.6793
2026-02-24 02:00:00,0.1204,0.1205,0.119,0.119,787054.9858
2026-02-24 03:00:00,0.119,0.1191,0.1181,0.1185,797407.1212
2026-02-24 04:00:00,0.1185,0.1188,0.1173,0.1177,1050909.7923
2026-02-24 05:00:00,0.1178,0.1183,0.1163,0.1171,680960.4454
2026-02-24 06:00:00,0.1171,0.1173,0.1156,0.1158,599454.8403
2026-02-24 07:00:00,0.1159,0.1173,0.1159,0.1169,631720.266
2026-02-24 08:00:00,0.1168,0.1168,0.1151,0.1162,2000224.6319
2026-02-24 09:00:00,0.1161,0.1167,0.1154,0.1162,971628.2508
2026-02-24 10:00:00,0.1162,0.1174,0.1161,0.117,851924.018
2026-02-24 11:00:00,0.117,0.1176,0.1168,0.1176,505726.4507
2026-02-24 12:00:00,0.1176,0.1177,0.1165,0.1169,712686.2621
2026-02-24 13:00:00,0.117,0.117,0.1148,0.1157,2082220.2231
2026-02-24 14:00:00,0.1157,0.1172,0.1142,0.1167,2517514.0692
2026-02-24 15:00:00,0.1166,0.1183,0.1159,0.118,3426418.0716
2026-02-24 16:00:00,0.1179,0.1187,0.1165,0.1187,2772711.7251
2026-02-24 17:00:00,0.1187,0.119,0.1176,0.1176,1701025.5473
2026-02-24 18:00:00,0.1176,0.118,0.1161,0.1167,1481692.7773
2026-02-24 19:00:00,0.1167,0.118,0.1166,0.1172,1083316.505
2026-02-24 20:00:00,0.1172,0.118,0.1167,0.1174,807849.1683
2026-02-24 21:00:00,0.1175,0.1178,0.1162,0.1176,765674.8668
2026-02-24 22:00:00,0.1176,0.1188,0.1175,0.118,513574.9687
2026-02-24 23:00:00,0.118,0.119,0.1177,0.1178,438662.8216
2026-02-25 00:00:00,0.1176,0.1185,0.1175,0.1179,1069286.4883
2026-02-25 01:00:00,0.1178,0.1229,0.1177,0.1208,3892046.5927
2026-02-25 02:00:00,0.1209,0.122,0.1196,0.1199,1524817.9431
2026-02-25 03:00:00,0.1199,0.1199,0.1178,0.1178,1065242.7773
2026-02-25 04:00:00,0.1179,0.1181,0.1167,0.1176,1603975.7398
2026-02-25 05:00:00,0.1177,0.1184,0.1164,0.1176,1431906.9491
2026-02-25 06:00:00,0.1177,0.1199,0.1177,0.1189,1017926.1847
2026-02-25 07:00:00,0.1188,0.119,0.1175,0.1182,882373.7305
2026-02-25 08:00:00,0.1182,0.1184,0.1167,0.118,1471332.9864
2026-02-25 09:00:00,0.1179,0.1186,0.1175,0.1181,786819.0144
2026-02-25 10:00:00,0.1182,0.1191,0.1181,0.1189,1342399.4776
2026-02-25 11:00:00,0.1188,0.1197,0.118,0.1192,916843.3677
2026-02-25 12:00:00,0.1193,0.1205,0.1188,0.1202,1577686.7142
2026-02-25 13:00:00,0.1202,0.1214,0.1193,0.1203,2246854.0057
2026-02-25 14:00:00,0.1203,0.1229,0.1203,0.1224,1359574.7915
2026-02-25 15:00:00,0.1224,0.1248,0.1218,0.1234,3216574.54
2026-02-25 16:00:00,0.1234,0.1263,0.1234,0.1258,3297186.4871
2026-02-25 17:00:00,0.1259,0.127,0.1255,0.1264,2638452.652
2026-02-25 18:00:00,0.1265,0.1276,0.1249,0.1272,1186443.8022
2026-02-25 19:00:00,0.1271,0.1295,0.1257,0.1288,3830055.3013
2026-02-25 20:00:00,0.1289,0.1307,0.1276,0.1299,2284990.0925
2026-02-25 21:00:00,0.1299,0.1338,0.1292,0.131,8790241.598
2026-02-25 22:00:00,0.1311,0.1318,0.1264,0.1276,3939526.4619
2026-02-25 23:00:00,0.1275,0.1283,0.1228,0.1242,2558110.0129
2026-02-26 00:00:00,0.1241,0.1247,0.1225,0.1245,1671902.5726
2026-02-26 01:00:00,0.1245,0.1259,0.1242,0.1243,1006678.0851
2026-02-26 02:00:00,0.1242,0.1257,0.1229,0.1253,1222811.89
2026-02-26 03:00:00,0.1252,0.1264,0.1242,0.1259,1642650.6286
2026-02-26 04:00:00,0.1259,0.1268,0.125,0.1256,1351419.5817
2026-02-26 05:00:00,0.1255,0.1255,0.1231,0.1241,822702.7193
2026-02-26 06:00:00,0.124,0.125,0.1227,0.1232,536541.8409
2026-02-26 07:00:00,0.1231,0.124,0.1226,0.1239,414677.5431
2026-02-26 08:00:00,0.1239,0.1242,0.1232,0.1232,1065087.9662
2026-02-26 09:00:00,0.1232,0.1252,0.1231,0.1239,850321.3552
2026-02-26 10:00:00,0.1239,0.1241,0.1213,0.1216,1314444.86
2026-02-26 11:00:00,0.1216,0.1222,0.1211,0.1215,903557.2105
2026-02-26 12:00:00,0.1214,0.123,0.1212,0.1228,628803.2319
2026-02-26 13:00:00,0.1228,0.1235,0.1221,0.1223,579993.9233
2026-02-26 14:00:00,0.1223,0.1232,0.1215,0.1229,1295740.4154
2026-02-26 15:00:00,0.1229,0.1229,0.1206,0.1219,2255180.2437
2026-02-26 16:00:00,0.1217,0.122,0.1171,0.1174,4086220.2449
2026-02-26 17:00:00,0.1175,0.1185,0.1163,0.1164,2377133.4162
2026-02-26 18:00:00,0.1163,0.1178,0.1153,0.1177,3000207.184
2026-02-26 19:00:00,0.1177,0.1199,0.1176,0.1195,1977341.4526
2026-02-26 20:00:00,0.1194,0.1201,0.1186,0.1189,656519.3524
2026-02-26 21:00:00,0.1189,0.1192,0.1181,0.1188,601693.6797
2026-02-26 22:00:00,0.1188,0.1194,0.1187,0.1191,444602.9769
2026-02-26 23:00:00,0.1192,0.1199,0.119,0.1194,444242.2329
2026-02-27 00:00:00,0.1196,0.1196,0.1183,0.1192,364333.7221
2026-02-27 01:00:00,0.1192,0.1195,0.1186,0.1194,310977.6187
2026-02-27 02:00:00,0.1194,0.1208,0.1194,0.1204,629082.191
2026-02-27 03:00:00,0.1204,0.1204,0.119,0.12,449728.0913
2026-02-27 04:00:00,0.12,0.1231,0.12,0.1223,952019.2354
2026-02-27 05:00:00,0.1222,0.1228,0.1217,0.1221,505707.9568
2026-02-27 06:00:00,0.1221,0.1238,0.1219,0.1235,837545.2491
2026-02-27 07:00:00,0.1234,0.1252,0.1225,0.1246,1454274.2016
2026-02-27 08:00:00,0.1248,0.1269,0.1248,0.1267,1369649.041
2026-02-27 09:00:00,0.1268,0.1286,0.1265,0.1271,2126709.9421
2026-02-27 10:00:00,0.127,0.1278,0.124,0.1241,2841376.0171
2026-02-27 11:00:00,0.124,0.1245,0.1218,0.1229,1297243.9316
2026-02-27 12:00:00,0.1228,0.1235,0.1221,0.1227,837378.9338
2026-02-27 13:00:00,0.1227,0.1234,0.1208,0.1227,2339957.5378
2026-02-27 14:00:00,0.1226,0.1232,0.1211,0.1216,682716.6879
2026-02-27 15:00:00,0.1215,0.1228,0.1211,0.1215,777804.4259
2026-02-27 16:00:00,0.1214,0.1217,0.1196,0.12,513596.9497
2026-02-27 17:00:00,0.12,0.1219,0.1192,0.1219,240940.5346
2026-02-27 18:00:00,0.1217,0.1221,0.1205,0.1207,368539.0018
2026-02-27 19:00:00,0.1206,0.1207,0.1183,0.1191,338815.9527
2026-02-27 20:00:00,0.1191,0.1198,0.119,0.1191,127841.515
2026-02-27 21:00:00,0.1192,0.1195,0.1176,0.1182,362556.1282
2026-02-27 22:00:00,0.1183,0.1185,0.1159,0.1183,479709.0131
2026-02-27 23:00:00,0.1183,0.1199,0.1183,0.1198,229654.1557
2026-02-28 00:00:00,0.1197,0.1203,0.1191,0.1202,148503.0638
2026-02-28 01:00:00,0.1203,0.1203,0.1194,0.1196,276771.5713
2026-02-28 02:00:00,0.1196,0.1206,0.1194,0.1201,222486.3444
2026-02-28 03:00:00,0.12,0.1203,0.1181,0.1184,397498.9761
2026-02-28 04:00:00,0.1183,0.1187,0.1175,0.1185,254964.5897
2026-02-28 05:00:00,0.1185,0.1187,0.1174,0.1177,1108811.3997
2026-02-28 06:00:00,0.1177,0.1177,0.1104,0.1107,4759757.8568
2026-02-28 07:00:00,0.1106,0.1142,0.11,0.1123,2135750.5184
2026-02-28 08:00:00,0.1122,0.1122,0.1106,0.1107,307176.2378
2026-02-28 09:00:00,0.1107,0.1116,0.1097,0.11,560472.1918
2026-02-28 10:00:00,0.11,0.1112,0.1091,0.1106,604027.9885
2026-02-28 11:00:00,0.1105,0.1112,0.1099,0.11,578850.4804
2026-02-28 12:00:00,0.11,0.1111,0.11,0.1106,421913.1884
2026-02-28 13:00:00,0.1107,0.1139,0.1097,0.1136,736060.9933
2026-02-28 14:00:00,0.1138,0.1148,0.1127,0.1133,681080.6845
2026-02-28 15:00:00,0.1133,0.1141,0.1119,0.1136,427605.5477
2026-02-28 16:00:00,0.1136,0.1136,0.1122,0.1133,290518.109
2026-02-28 17:00:00,0.1132,0.114,0.1123,0.1138,599988.8628
2026-02-28 18:00:00,0.1137,0.1173,0.1136,0.1164,398064.8532
2026-02-28 19:00:00,0.1165,0.12,0.1155,0.1184,567365.3235
2026-02-28 20:00:00,0.1185,0.121,0.1182,0.1209,454503.3558
2026-02-28 21:00:00,0.121,0.1211,0.119,0.12,897747.185
2026-02-28 22:00:00,0.1201,0.1227,0.1201,0.1213,788184.9009
2026-02-28 23:00:00,0.1215,0.1226,0.121,0.1226,697226.7206
2026-03-01 00:00:00,0.1226,0.1231,0.1207,0.121,847720.0732
2026-03-01 01:00:00,0.1209,0.1256,0.1199,0.124,1327242.5833
2026-03-01 02:00:00,0.1242,0.1268,0.1242,0.1252,2110703.8877
2026-03-01 03:00:00,0.1249,0.1254,0.1237,0.1241,618818.7982
2026-03-01 04:00:00,0.1241,0.1247,0.1228,0.1237,549190.5793
2026-03-01 05:00:00,0.1239,0.1253,0.1238,0.1251,203549.8481
2026-03-01 06:00:00,0.125,0.1251,0.1235,0.1238,806044.4469
2026-03-01 07:00:00,0.1238,0.1254,0.1231,0.1254,240309.4729
2026-03-01 08:00:00,0.1254,0.1263,0.1227,0.1229,508177.4616
2026-03-01 09:00:00,0.1229,0.124,0.1224,0.1224,430024.4992
2026-03-01 10:00:00,0.1226,0.124,0.1221,0.1233,398614.7273
2026-03-01 11:00:00,0.1233,0.1235,0.1226,0.1231,185384.3219
2026-03-01 12:00:00,0.1232,0.1236,0.1218,0.1218,290772.1347
2026-03-01 13:00:00,0.1218,0.1247,0.1208,0.124,1126397.6241
2026-03-01 14:00:00,0.1241,0.1251,0.1223,0.1228,516687.6937
2026-03-01 15:00:00,0.1228,0.1239,0.1227,0.1228,750411.1026
2026-03-01 16:00:00,0.123,0.1242,0.1208,0.1217,599712.6086
2026-03-01 17:00:00,0.1218,0.1218,0.1198,0.1211,1248599.1677
2026-03-01 18:00:00,0.1212,0.1234,0.1211,0.1221,606091.1592
2026-03-01 19:00:00,0.1221,0.1222,0.1207,0.1208,494987.3062
2026-03-01 20:00:00,0.1209,0.121,0.1185,0.119,662709.2959
2026-03-01 21:00:00,0.119,0.1208,0.119,0.1203,833602.9668
2026-03-01 22:00:00,0.1202,0.1232,0.12,0.1211,2834381.2208
2026-03-01 23:00:00,0.1209,0.123,0.1209,0.1216,385003.023
2026-03-02 00:00:00,0.1217,0.1236,0.1216,0.1234,183823.8376
2026-03-02 01:00:00,0.1234,0.1252,0.1229,0.1236,697606.0556
2026-03-02 02:00:00,0.1237,0.1241,0.1222,0.1223,402996.0637
2026-03-02 03:00:00,0.1224,0.1244,0.1217,0.1238,567708.4027
2026-03-02 04:00:00,0.1239,0.1244,0.1233,0.1234,308653.8375
2026-03-02 05:00:00,0.1235,0.1235,0.1222,0.1222,407196.1456
2026-03-02 06:00:00,0.1222,0.1222,0.1204,0.1212,215390.8365
2026-03-02 07:00:00,0.1212,0.1212,0.1198,0.1205,277084.8601
2026-03-02 08:00:00,0.1204,0.121,0.1188,0.1208,1401732.4428
2026-03-02 09:00:00,0.1208,0.1232,0.1207,0.1221,514727.3127
2026-03-02 10:00:00,0.122,0.1225,0.1215,0.1221,231264.261
2026-03-02 11:00:00,0.1222,0.1233,0.1222,0.1229,525869.9554
2026-03-02 12:00:00,0.1229,0.1231,0.1219,0.1223,523028.624
2026-03-02 13:00:00,0.1223,0.1234,0.1217,0.1221,541277.9425
2026-03-02 14:00:00,0.1221,0.1273,0.1218,0.1272,1511261.2273
2026-03-02 15:00:00,0.1273,0.1301,0.1265,0.1287,3482446.5788
2026-03-02 16:00:00,0.1287,0.13,0.127,0.1286,2331048.0561
2026-03-02 17:00:00,0.1286,0.1286,0.1256,0.1273,853395.3725
2026-03-02 18:00:00,0.1274,0.1276,0.1263,0.1268,318332.8534
2026-03-02 19:00:00,0.1268,0.1274,0.1251,0.127,581715.4097
2026-03-02 20:00:00,0.127,0.1276,0.1256,0.1263,295830.1761
2026-03-02 21:00:00,0.1263,0.1266,0.1254,0.1262,127496.6225
2026-03-02 22:00:00,0.1263,0.1275,0.1263,0.1266,275862.9377
2026-03-02 23:00:00,0.1267,0.1267,0.124,0.1246,347073.0223
2026-03-03 00:00:00,0.1245,0.1251,0.1237,0.1251,418120.4279
2026-03-03 01:00:00,0.125,0.1264,0.1246,0.1254,472023.2182
2026-03-03 02:00:00,0.1255,0.126,0.1243,0.1254,425230.3932
2026-03-03 03:00:00,0.1254,0.1271,0.125,0.1269,466147.0197
2026-03-03 04:00:00,0.127,0.1274,0.1258,0.1264,308630.9315
2026-03-03 05:00:00,0.1263,0.1283,0.1254,0.1258,912968.6341
2026-03-03 06:00:00,0.1257,0.1261,0.125,0.1255,228019.1082
2026-03-03 07:00:00,0.1254,0.126,0.1249,0.1253,235187.6242
2026-03-03 08:00:00,0.1253,0.1259,0.1234,0.1237,701459.3183
2026-03-03 09:00:00,0.1236,0.1251,0.1226,0.1226,1014494.952
2026-03-03 10:00:00,0.1225,0.1226,0.1218,0.1223,633743.783
2026-03-03 11:00:00,0.1223,0.1228,0.1218,0.1226,315300.6143
2026-03-03 12:00:00,0.1225,0.1252,0.1225,0.124,655281.2187
2026-03-03 13:00:00,0.1241,0.1242,0.1227,0.1232,437678.9102
2026-03-03 14:00:00,0.1232,0.1249,0.1223,0.1234,405016.3822
2026-03-03 15:00:00,0.1234,0.1249,0.1219,0.1248,999400.4433
2026-03-03 16:00:00,0.1247,0.1278,0.1237,0.1259,640022.3076
2026-03-03 17:00:00,0.1259,0.1271,0.1244,0.127,390531.8115
2026-03-03 18:00:00,0.127,0.1288,0.1264,0.1272,374935.0794
2026-03-03 19:00:00,0.1272,0.1275,0.126,0.1268,181777.2821
2026-03-03 20:00:00,0.1269,0.127,0.1254,0.1259,147012.2242
2026-03-03 21:00:00,0.1259,0.126,0.1248,0.1257,212000.8782
2026-03-03 22:00:00,0.1256,0.1269,0.1255,0.1264,292390.3041
2026-03-03 23:00:00,0.1263,0.1272,0.1259,0.1265,447564.0691
2026-03-04 00:00:00,0.1265,0.1273,0.1253,0.1264,287372.6788
2026-03-04 01:00:00,0.1264,0.1285,0.1264,0.1272,784168.4387
2026-03-04 02:00:00,0.1274,0.128,0.1267,0.1277,99848.5996
2026-03-04 03:00:00,0.1277,0.1283,0.1257,0.1269,354154.3831
2026-03-04 04:00:00,0.127,0.1273,0.1257,0.127,196799.4369
2026-03-04 05:00:00,0.1269,0.1287,0.1266,0.1276,594774.9359
2026-03-04 06:00:00,0.1276,0.128,0.126,0.1275,517276.6669
2026-03-04 07:00:00,0.1275,0.1279,0.1264,0.1277,274835.1935
2026-03-04 08:00:00,0.1276,0.1305,0.1269,0.1301,1758203.2152
2026-03-04 09:00:00,0.13,0.1314,0.1288,0.1305,1046456.0129
2026-03-04 10:00:00,0.1306,0.1311,0.1288,0.1298,617521.8532
2026-03-04 11:00:00,0.1299,0.1303,0.1278,0.1289,450188.2102
2026-03-04 12:00:00,0.1288,0.1291,0.1276,0.1287,223704.2942
2026-03-04 13:00:00,0.1288,0.1297,0.1284,0.1287,313523.9932
2026-03-04 14:00:00,0.1287,0.1309,0.1279,0.1285,1324501.7929
2026-03-04 15:00:00,0.1285,0.1321,0.1284,0.132,925988.5755
2026-03-04 16:00:00,0.132,0.1323,0.1295,0.1297,1077096.2991
2026-03-04 17:00:00,0.1297,0.13,0.1283,0.1297,632260.7952
2026-03-04 18:00:00,0.1296,0.1303,0.129,0.13,156728.2837
2026-03-04 19:00:00,0.13,0.131,0.1296,0.1307,362711.2351
2026-03-04 20:00:00,0.1307,0.1307,0.1294,0.1295,193355.0682
2026-03-04 21:00:00,0.1297,0.1302,0.129,0.1299,251958.267
2026-03-04 22:00:00,0.1298,0.1303,0.1286,0.1289,317036.6772
2026-03-04 23:00:00,0.1288,0.1289,0.127,0.1286,1182701.2876
2026-03-05 00:00:00,0.1286,0.1287,0.1277,0.1283,123573.4543
2026-03-05 01:00:00,0.1282,0.1291,0.1271,0.1273,198406.7143
2026-03-05 02:00:00,0.1274,0.1286,0.1274,0.1283,417592.855
2026-03-05 03:00:00,0.1283,0.1289,0.1276,0.1281,217997.2386
2026-03-05 04:00:00,0.1281,0.1291,0.1278,0.1287,466942.1045
2026-03-05 05:00:00,0.1288,0.1291,0.1272,0.1276,425646.9309
2026-03-05 06:00:00,0.1276,0.1285,0.1268,0.1284,165030.6742
2026-03-05 07:00:00,0.1284,0.1287,0.127,0.1276,107358.5145
2026-03-05 08:00:00,0.1276,0.1285,0.1267,0.1284,603564.2961
2026-03-05 09:00:00,0.1283,0.1298,0.1283,0.1292,219278.2493
2026-03-05 10:00:00,0.1291,0.1305,0.1289,0.13,851807.9133
2026-03-05 11:00:00,0.1299,0.1301,0.1273,0.1274,550670.5698
2026-03-05 12:00:00,0.1274,0.1285,0.127,0.1284,478745.1232
2026-03-05 13:00:00,0.1284,0.1284,0.1266,0.128,822260.1107
2026-03-05 14:00:00,0.1281,0.13,0.1278,0.1297,572904.2511
2026-03-05 15:00:00,0.1297,0.1299,0.1267,0.1271,350425.9569
2026-03-05 16:00:00,0.1271,0.1272,0.1238,0.1252,805118.0009
2026-03-05 17:00:00,0.1252,0.1257,0.1233,0.1235,837360.5126
2026-03-05 18:00:00,0.1235,0.1252,0.1233,0.1252,159324.4118
2026-03-05 19:00:00,0.125,0.1267,0.125,0.1254,141359.4383
2026-03-05 20:00:00,0.1256,0.1274,0.1251,0.1269,91719.9654
2026-03-05 21:00:00,0.1268,0.1271,0.1253,0.1258,74559.4107
2026-03-05 22:00:00,0.1258,0.1259,0.1251,0.1254,139777.5547
2026-03-05 23:00:00,0.1256,0.1259,0.1251,0.1252,62389.3783
2026-03-06 00:00:00,0.1253,0.1258,0.1253,0.1254,78683.115
2026-03-06 01:00:00,0.1254,0.127,0.1251,0.1268,139386.2293
2026-03-06 02:00:00,0.1268,0.1273,0.1266,0.127,103191.8367
2026-03-06 03:00:00,0.1271,0.1279,0.1268,0.1278,74178.3768
2026-03-06 04:00:00,0.1278,0.1279,0.1258,0.1263,143678.7507
2026-03-06 05:00:00,0.1263,0.1268,0.1254,0.1262,111694.3361
2026-03-06 06:00:00,0.1261,0.127,0.1261,0.1267,117925.8297
2026-03-06 07:00:00,0.1266,0.1276,0.1263,0.1273,420658.4631
2026-03-06 08:00:00,0.1273,0.1274,0.1267,0.127,471181.2171
2026-03-06 09:00:00,0.1271,0.1271,0.1251,0.126,256113.8044
2026-03-06 10:00:00,0.126,0.1271,0.1259,0.1266,146222.5894
2026-03-06 11:00:00,0.1262,0.1265,0.1246,0.125,205981.8201
2026-03-06 12:00:00,0.1249,0.1251,0.1237,0.1244,121104.2129
2026-03-06 13:00:00,0.1246,0.1253,0.1226,0.1226,1533303.0554
2026-03-06 14:00:00,0.1226,0.1234,0.1196,0.1206,2786461.0759
2026-03-06 15:00:00,0.1205,0.1214,0.1193,0.1198,755638.775
2026-03-06 16:00:00,0.1196,0.1197,0.1183,0.1188,948165.0582
2026-03-06 17:00:00,0.1188,0.1194,0.1167,0.1178,683944.7026
2026-03-06 18:00:00,0.1177,0.1195,0.1177,0.1193,299144.4354
2026-03-06 19:00:00,0.1194,0.1202,0.1193,0.1199,96123.7107
2026-03-06 20:00:00,0.1199,0.1205,0.1194,0.1204,339989.3818
2026-03-06 21:00:00,0.1205,0.1208,0.1199,0.1208,98771.1776
2026-03-06 22:00:00,0.1207,0.1211,0.1207,0.1211,280626.6023
2026-03-06 23:00:00,0.121,0.121,0.1203,0.1205,100628.3808
2026-03-07 00:00:00,0.1205,0.1212,0.1205,0.1209,19527.5804
2026-03-07 01:00:00,0.1206,0.1206,0.1197,0.12,148360.4858
2026-03-07 02:00:00,0.12,0.1203,0.1193,0.1201,57570.1527
2026-03-07 03:00:00,0.1199,0.1208,0.1196,0.12,172722.2956
2026-03-07 04:00:00,0.1201,0.121,0.1195,0.1204,85984.8134
2026-03-07 05:00:00,0.1205,0.1206,0.1202,0.1202,44081.0952
2026-03-07 06:00:00,0.1201,0.1203,0.1188,0.1191,346640.607
2026-03-07 07:00:00,0.119,0.1196,0.1185,0.1196,91721.4578
2026-03-07 08:00:00,0.1194,0.1202,0.1193,0.1193,358889.8362
2026-03-07 09:00:00,0.1192,0.12,0.119,0.12,76236.6405
2026-03-07 10:00:00,0.1198,0.12,0.1196,0.1197,28604.605
2026-03-07 11:00:00,0.1198,0.1205,0.1195,0.1196,392320.4992
2026-03-07 12:00:00,0.1198,0.1199,0.1187,0.1189,311079.3326
2026-03-07 13:00:00,0.1189,0.1195,0.1187,0.119,302508.0795
2026-03-07 14:00:00,0.1188,0.1188,0.1176,0.1182,294304.5411
2026-03-07 15:00:00,0.1181,0.1182,0.1167,0.1174,394617.1388
2026-03-07 16:00:00,0.1172,0.1177,0.1171,0.1174,122720.9995
2026-03-07 17:00:00,0.1176,0.1186,0.1176,0.1181,110227.7639
2026-03-07 18:00:00,0.1182,0.1182,0.1168,0.1172,370576.326
2026-03-07 19:00:00,0.1172,0.1172,0.116,0.1163,413419.9742
2026-03-07 20:00:00,0.1164,0.1169,0.1164,0.1168,40964.3147
2026-03-07 21:00:00,0.1168,0.117,0.1164,0.1166,49291.3501
2026-03-07 22:00:00,0.1166,0.1168,0.1151,0.1159,353110.4071
2026-03-07 23:00:00,0.116,0.1164,0.1159,0.1164,86880.2239
2026-03-08 00:00:00,0.1165,0.1165,0.1156,0.1157,152335.8278
2026-03-08 01:00:00,0.1156,0.116,0.1153,0.1157,121513.2104
2026-03-08 02:00:00,0.1156,0.1156,0.1139,0.1143,518931.1823
2026-03-08 03:00:00,0.1143,0.115,0.1141,0.1146,183425.8278
2026-03-08 04:00:00,0.1146,0.1148,0.1133,0.1138,312346.5667
2026-03-08 05:00:00,0.1138,0.115,0.1138,0.1144,93806.5189
2026-03-08 06:00:00,0.1143,0.1144,0.1136,0.1142,168643.5669
2026-03-08 07:00:00,0.1141,0.1152,0.1141,0.1149,112238.6908
2026-03-08 08:00:00,0.1148,0.115,0.114,0.1148,61621.1686
2026-03-08 09:00:00,0.1146,0.1154,0.1146,0.1152,383740.0785
2026-03-08 10:00:00,0.1151,0.1165,0.1151,0.1162,127962.7331
2026-03-08 11:00:00,0.1162,0.1162,0.1148,0.1157,222542.3138
2026-03-08 12:00:00,0.1157,0.1169,0.1143,0.1162,267684.4644
2026-03-08 13:00:00,0.1163,0.1164,0.1144,0.1155,866013.8627
2026-03-08 14:00:00,0.1154,0.1159,0.1149,0.1153,127500.1555
2026-03-08 15:00:00,0.1153,0.1153,0.1142,0.1148,153001.1099
2026-03-08 16:00:00,0.1147,0.1151,0.1139,0.1143,525112.4864
2026-03-08 17:00:00,0.1143,0.1155,0.1143,0.1151,83348.721
2026-03-08 18:00:00,0.1153,0.1156,0.1148,0.1155,56021.7623
2026-03-08 19:00:00,0.1155,0.1176,0.1155,0.1172,282825.1169
2026-03-08 20:00:00,0.1172,0.1175,0.1164,0.1165,374726.7172
2026-03-08 21:00:00,0.1166,0.1168,0.1155,0.1166,350271.9764
2026-03-08 22:00:00,0.1164,0.1166,0.1136,0.116,970921.8573
2026-03-08 23:00:00,0.1161,0.1166,0.1151,0.1154,285561.0724
2026-03-09 00:00:00,0.1154,0.1172,0.1151,0.1158,382044.5609
2026-03-09 01:00:00,0.1158,0.1168,0.115,0.1158,323582.224
2026-03-09 02:00:00,0.1156,0.1171,0.1153,0.1167,177469.778
2026-03-09 03:00:00,0.1165,0.1183,0.1161,0.1165,643464.1247
2026-03-09 04:00:00,0.1167,0.1175,0.1165,0.1171,175674.4733
2026-03-09 05:00:00,0.1171,0.1202,0.117,0.1196,415339.0746
2026-03-09 06:00:00,0.1196,0.1197,0.1181,0.1181,198855.9253
2026-03-09 07:00:00,0.118,0.119,0.1168,0.1187,200346.7457
2026-03-09 08:00:00,0.1187,0.1187,0.118,0.1181,88994.3538
2026-03-09 09:00:00,0.1181,0.1193,0.1177,0.1184,474286.3709
2026-03-09 10:00:00,0.1184,0.1185,0.1175,0.1176,98478.426
2026-03-09 11:00:00,0.1176,0.118,0.1168,0.1177,121574.1247
2026-03-09 12:00:00,0.1178,0.119,0.1178,0.1185,610927.2218
2026-03-09 13:00:00,0.1184,0.1207,0.1184,0.1197,366463.0825
2026-03-09 14:00:00,0.1196,0.1208,0.1189,0.1197,683661.5089
2026-03-09 15:00:00,0.1198,0.12,0.118,0.1192,347689.6589
2026-03-09 16:00:00,0.1191,0.1202,0.1187,0.1189,437632.9775
2026-03-09 17:00:00,0.1189,0.1199,0.1188,0.1196,148778.6273
2026-03-09 18:00:00,0.1195,0.1202,0.1191,0.1193,455396.2749
2026-03-09 19:00:00,0.1195,0.1227,0.119,0.1205,379321.2252
2026-03-09 20:00:00,0.1205,0.1209,0.1192,0.12,362503.8963
2026-03-09 21:00:00,0.1198,0.1208,0.1196,0.1202,381284.1532
2026-03-09 22:00:00,0.1201,0.1201,0.1182,0.1184,193916.2141
2026-03-09 23:00:00,0.1184,0.1187,0.1181,0.1184,80246.877
2026-03-10 00:00:00,0.1184,0.1202,0.1183,0.1194,262349.6913
2026-03-10 01:00:00,0.1193,0.1198,0.1187,0.1195,220076.9214
2026-03-10 02:00:00,0.1194,0.122,0.1192,0.1212,781783.4678
2026-03-10 03:00:00,0.1212,0.1213,0.1194,0.1197,236668.9659
2026-03-10 04:00:00,0.1196,0.1212,0.1196,0.1209,182306.2452
2026-03-10 05:00:00,0.1208,0.1211,0.1194,0.1197,142837.6833
2026-03-10 06:00:00,0.1197,0.1203,0.1193,0.1202,167798.6087
2026-03-10 07:00:00,0.1201,0.1216,0.1199,0.1211,344018.8786
2026-03-10 08:00:00,0.1212,0.1224,0.1207,0.1212,461584.1756
2026-03-10 09:00:00,0.1213,0.1225,0.1213,0.1222,169639.2417
2026-03-10 10:00:00,0.1222,0.1222,0.1209,0.1214,200484.2486
2026-03-10 11:00:00,0.1211,0.1215,0.1206,0.1215,217456.5652
2026-03-10 12:00:00,0.1214,0.1218,0.121,0.1216,111008.1937
2026-03-10 13:00:00,0.1216,0.1223,0.1204,0.1212,664045.5693
2026-03-10 14:00:00,0.1211,0.1232,0.1197,0.1232,950941.1768
2026-03-10 15:00:00,0.1233,0.1235,0.1217,0.1225,190470.7968
2026-03-10 16:00:00,0.1226,0.1228,0.1215,0.1222,353311.3325
2026-03-10 17:00:00,0.1222,0.1224,0.1204,0.1213,232232.5889
2026-03-10 18:00:00,0.1213,0.1214,0.1189,0.1195,708648.59
2026-03-10 19:00:00,0.1194,0.1197,0.1184,0.1188,136214.3526
2026-03-10 20:00:00,0.1188,0.1197,0.1188,0.1195,73103.6301
2026-03-10 21:00:00,0.1195,0.1197,0.1181,0.1183,199214.5807
2026-03-10 22:00:00,0.1183,0.1187,0.1177,0.1185,134227.2633
2026-03-10 23:00:00,0.1186,0.1191,0.1186,0.1187,102232.418
2026-03-11 00:00:00,0.1187,0.1191,0.1183,0.1191,114289.486
2026-03-11 01:00:00,0.1189,0.1192,0.1187,0.1191,114622.5757
2026-03-11 02:00:00,0.1191,0.1191,0.1181,0.1187,68528.745
2026-03-11 03:00:00,0.1189,0.1192,0.1187,0.1187,57512.2392
2026-03-11 04:00:00,0.1187,0.1192,0.1183,0.119,115705.2739
2026-03-11 05:00:00,0.119,0.119,0.1169,0.1175,211086.0064
2026-03-11 06:00:00,0.1176,0.1192,0.1175,0.119,162298.0067
2026-03-11 07:00:00,0.1188,0.1194,0.1184,0.1186,111113.2166
2026-03-11 08:00:00,0.1186,0.1192,0.1186,0.1188,349575.1275
2026-03-11 09:00:00,0.1188,0.1197,0.1187,0.1188,160147.1286
2026-03-11 10:00:00,0.1189,0.1204,0.1187,0.1199,157701.6906
2026-03-11 11:00:00,0.1198,0.1203,0.1193,0.1194,144047.9323
2026-03-11 12:00:00,0.1194,0.1221,0.1191,0.1205,922620.7798
2026-03-11 13:00:00,0.1205,0.1226,0.1201,0.121,376244.6438
2026-03-11 14:00:00,0.1211,0.1223,0.1209,0.1209,320040.2151
2026-03-11 15:00:00,0.121,0.121,0.1191,0.1203,608883.1648
2026-03-11 16:00:00,0.1204,0.1209,0.1201,0.1207,315039.4619
2026-03-11 17:00:00,0.1208,0.1217,0.1195,0.1204,178617.381
2026-03-11 18:00:00,0.1205,0.1209,0.1202,0.1207,146861.2639
2026-03-11 19:00:00,0.1208,0.121,0.1202,0.1205,84826.4323
2026-03-11 20:00:00,0.1206,0.1208,0.1202,0.1206,245736.6729
2026-03-11 21:00:00,0.1206,0.1214,0.1206,0.1211,67171.4663
2026-03-11 22:00:00,0.1211,0.1216,0.1203,0.1209,167993.5284
2026-03-11 23:00:00,0.1209,0.1211,0.12,0.1203,142751.9742
2026-03-12 00:00:00,0.1205,0.1207,0.12,0.1206,69108.1488
2026-03-12 01:00:00,0.1206,0.1206,0.1197,0.1199,138975.2501
2026-03-12 02:00:00,0.1198,0.1202,0.1191,0.1192,244837.4458
2026-03-12 03:00:00,0.1192,0.1196,0.1188,0.119,228090.0615
2026-03-12 04:00:00,0.119,0.1195,0.1188,0.1189,68540.2401
2026-03-12 05:00:00,0.1189,0.1192,0.118,0.1185,175875.9602
2026-03-12 06:00:00,0.1186,0.119,0.1184,0.1189,66234.301
2026-03-12 07:00:00,0.1188,0.1191,0.1185,0.1189,175363.3508
2026-03-12 08:00:00,0.1189,0.119,0.1183,0.1185,129860.8984
2026-03-12 09:00:00,0.1185,0.1197,0.118,0.1192,202555.3578
2026-03-12 10:00:00,0.1192,0.1205,0.119,0.1197,199853.0119
2026-03-12 11:00:00,0.1197,0.1197,0.1179,0.1183,330972.5408
2026-03-12 12:00:00,0.1184,0.1184,0.1176,0.1181,323394.2715
2026-03-12 13:00:00,0.1182,0.1188,0.1169,0.1177,675584.0365
2026-03-12 14:00:00,0.1177,0.1182,0.1158,0.117,733893.2596
2026-03-12 15:00:00,0.1171,0.1181,0.1166,0.1175,565184.3405
2026-03-12 16:00:00,0.1174,0.1186,0.1172,0.118,217440.1438
2026-03-12 17:00:00,0.118,0.118,0.1168,0.1172,101117.0573
2026-03-12 18:00:00,0.1171,0.1175,0.1166,0.1173,314329.2263
2026-03-12 19:00:00,0.1174,0.1192,0.1174,0.1191,346392.577
2026-03-12 20:00:00,0.119,0.1192,0.1177,0.1178,63462.5753
2026-03-12 21:00:00,0.1178,0.1197,0.1177,0.1196,176567.3038
2026-03-12 22:00:00,0.1196,0.1204,0.1193,0.1198,414453.2958
2026-03-12 23:00:00,0.1198,0.121,0.1193,0.1199,624880.6674
2026-03-13 00:00:00,0.1203,0.1228,0.1198,0.1213,544246.8738
2026-03-13 01:00:00,0.1217,0.1227,0.1212,0.1225,415787.4926
2026-03-13 02:00:00,0.1227,0.1232,0.1222,0.123,550801.0278
2026-03-13 03:00:00,0.123,0.1243,0.1226,0.1242,777665.7981
2026-03-13 04:00:00,0.1242,0.1248,0.1232,0.1242,351794.4075
2026-03-13 05:00:00,0.1242,0.1253,0.1236,0.1243,475143.1462
2026-03-13 06:00:00,0.1244,0.1247,0.1231,0.124,469173.5094
2026-03-13 07:00:00,0.1239,0.1243,0.1234,0.124,249702.396
2026-03-13 08:00:00,0.1237,0.1249,0.1234,0.1245,548492.9482
2026-03-13 09:00:00,0.1245,0.1253,0.1245,0.1248,260670.7658
2026-03-13 10:00:00,0.1248,0.1258,0.1247,0.1258,309443.2875
2026-03-13 11:00:00,0.1258,0.126,0.1246,0.1253,288068.4897
2026-03-13 12:00:00,0.1253,0.1262,0.1251,0.1256,204820.2596
2026-03-13 13:00:00,0.1258,0.1276,0.1252,0.1265,1559067.5081
2026-03-13 14:00:00,0.1266,0.1273,0.1252,0.1259,695920.0428
2026-03-13 15:00:00,0.1259,0.1272,0.1254,0.1259,613503.3731
2026-03-13 16:00:00,0.1259,0.1264,0.1242,0.1262,390244.877
2026-03-13 17:00:00,0.1261,0.1264,0.1235,0.1241,432321.3863
2026-03-13 18:00:00,0.1241,0.1249,0.1234,0.1242,748305.4989
2026-03-13 19:00:00,0.1242,0.1246,0.124,0.1242,70526.078
2026-03-13 20:00:00,0.1243,0.1246,0.1239,0.1244,56206.5157
2026-03-13 21:00:00,0.1246,0.1252,0.1239,0.1242,285623.3368
2026-03-13 22:00:00,0.1241,0.1241,0.1224,0.1229,183634.78
2026-03-13 23:00:00,0.1232,0.124,0.1231,0.1237,210610.2208
2026-03-14 00:00:00,0.1236,0.1236,0.1224,0.1227,120889.334
2026-03-14 01:00:00,0.1225,0.1238,0.1222,0.1238,230523.095
2026-03-14 02:00:00,0.1237,0.1247,0.1231,0.1244,90382.9797
2026-03-14 03:00:00,0.1244,0.1254,0.1242,0.1252,322392.1027
2026-03-14 04:00:00,0.1253,0.1267,0.1241,0.1246,1103532.2988
2026-03-14 05:00:00,0.1245,0.1245,0.1231,0.1236,173297.6819
2026-03-14 06:00:00,0.1235,0.1235,0.1217,0.1227,740980.2668
2026-03-14 07:00:00,0.1227,0.1231,0.1223,0.1227,90683.4922
2026-03-14 08:00:00,0.1227,0.1228,0.1222,0.1222,243453.1974
2026-03-14 09:00:00,0.1224,0.1229,0.1222,0.1223,148448.477
2026-03-14 10:00:00,0.1222,0.1228,0.1221,0.1227,447711.1547
2026-03-14 11:00:00,0.1227,0.1238,0.1226,0.1237,178072.5916
2026-03-14 12:00:00,0.1236,0.1239,0.1225,0.1229,180962.6855
2026-03-14 13:00:00,0.1229,0.1238,0.1228,0.1238,124993.2614
2026-03-14 14:00:00,0.1237,0.1242,0.1229,0.1232,277087.281
2026-03-14 15:00:00,0.1232,0.1234,0.1222,0.1227,207121.4974
2026-03-14 16:00:00,0.1226,0.1234,0.1225,0.1234,56022.7227
2026-03-14 17:00:00,0.1234,0.1235,0.1227,0.123,54686.3535
2026-03-14 18:00:00,0.123,0.1233,0.1227,0.1229,54963.6646
2026-03-14 19:00:00,0.1229,0.1229,0.1225,0.1225,32902.7863
2026-03-14 20:00:00,0.1225,0.1228,0.1222,0.1226,42328.6724
2026-03-14 21:00:00,0.1226,0.1232,0.1224,0.1232,324796.5096
2026-03-14 22:00:00,0.1231,0.1234,0.1228,0.1228,189334.7466
2026-03-14 23:00:00,0.1229,0.1239,0.1229,0.1238,544122.5352
2026-03-15 00:00:00,0.1238,0.1239,0.1231,0.1235,309878.4316
2026-03-15 01:00:00,0.1236,0.1248,0.1233,0.1247,132921.4256
2026-03-15 02:00:00,0.1249,0.1274,0.1248,0.1271,401355.7686
2026-03-15 03:00:00,0.1271,0.1275,0.1256,0.1262,335987.3329
2026-03-15 04:00:00,0.1263,0.1273,0.126,0.1265,512163.4746
2026-03-15 05:00:00,0.1266,0.127,0.1261,0.1265,656414.3459
2026-03-15 06:00:00,0.1265,0.1271,0.1258,0.127,422411.5802
2026-03-15 07:00:00,0.127,0.1276,0.1264,0.1268,607400.1246
2026-03-15 08:00:00,0.1269,0.1272,0.126,0.1263,511602.0826
2026-03-15 09:00:00,0.1264,0.1267,0.1259,0.1261,200971.002
2026-03-15 10:00:00,0.126,0.1278,0.1259,0.1275,644182.2803
2026-03-15 11:00:00,0.1275,0.1275,0.1265,0.1269,254742.0803
2026-03-15 12:00:00,0.1269,0.1283,0.1268,0.127,1027857.8316
2026-03-15 13:00:00,0.1271,0.1271,0.1249,0.1259,390835.4884
2026-03-15 14:00:00,0.126,0.1262,0.1253,0.1259,308868.1731
2026-03-15 15:00:00,0.1258,0.1259,0.1253,0.1253,78968.6389
2026-03-15 16:00:00,0.1255,0.1264,0.1253,0.1256,130083.2009
2026-03-15 17:00:00,0.1257,0.1279,0.1257,0.1273,146648.4872
2026-03-15 18:00:00,0.1275,0.1278,0.1266,0.1269,177682.8794
2026-03-15 19:00:00,0.1269,0.1278,0.1269,0.1276,356591.1406
2026-03-15 20:00:00,0.1275,0.1289,0.1273,0.1281,237607.8287
2026-03-15 21:00:00,0.1281,0.129,0.1279,0.1285,559201.6568
2026-03-15 22:00:00,0.1285,0.1292,0.1275,0.1284,604423.6368
2026-03-15 23:00:00,0.1285,0.1288,0.1273,0.1283,271850.0101
2026-03-16 00:00:00,0.1284,0.1288,0.1272,0.128,728014.015
2026-03-16 01:00:00,0.1281,0.1284,0.1274,0.1282,227167.0311
2026-03-16 02:00:00,0.1282,0.1284,0.1277,0.1283,66193.1395
2026-03-16 03:00:00,0.1282,0.1308,0.128,0.1292,903989.1551
2026-03-16 04:00:00,0.1293,0.1304,0.129,0.1299,696170.9269
2026-03-16 05:00:00,0.1299,0.1307,0.1292,0.1304,1001306.9764
2026-03-16 06:00:00,0.1304,0.1315,0.1292,0.1308,863093.7483
2026-03-16 07:00:00,0.1309,0.1325,0.1307,0.1312,1021184.9089
2026-03-16 08:00:00,0.1313,0.1327,0.1308,0.131,1532941.9802
2026-03-16 09:00:00,0.1312,0.1318,0.131,0.1312,742374.049
2026-03-16 10:00:00,0.1311,0.1312,0.1304,0.131,550946.9478
2026-03-16 11:00:00,0.131,0.1315,0.1303,0.1308,223965.8532
2026-03-16 12:00:00,0.1309,0.1316,0.1306,0.1314,318722.0649
2026-03-16 13:00:00,0.1314,0.1324,0.1309,0.1314,507015.8154
2026-03-16 14:00:00,0.1314,0.132,0.1295,0.1312,648575.7837
2026-03-16 15:00:00,0.1312,0.1312,0.1297,0.13,721199.7967
2026-03-16 16:00:00,0.13,0.1326,0.13,0.1321,683584.7712
2026-03-16 17:00:00,0.1323,0.1338,0.1322,0.1332,540695.6862
2026-03-16 18:00:00,0.1333,0.1344,0.1328,0.1332,996230.8084
2026-03-16 19:00:00,0.1331,0.135,0.1328,0.1345,344036.5968
2026-03-16 20:00:00,0.1346,0.1361,0.1341,0.1359,352225.4227
2026-03-16 21:00:00,0.1359,0.1386,0.1357,0.1382,981628.4631
2026-03-16 22:00:00,0.1381,0.1396,0.1378,0.1384,679695.4246
2026-03-16 23:00:00,0.1383,0.1388,0.1366,0.1375,935853.42
2026-03-17 00:00:00,0.1376,0.1379,0.1362,0.1374,1150613.1995
2026-03-17 01:00:00,0.1376,0.1377,0.1363,0.1368,731014.5163
2026-03-17 02:00:00,0.1368,0.1373,0.1362,0.1362,448799.4172
2026-03-17 03:00:00,0.1364,0.1365,0.1342,0.1355,1010506.0348
2026-03-17 04:00:00,0.1355,0.1358,0.1336,0.1345,834085.9782
2026-03-17 05:00:00,0.1344,0.1345,0.1337,0.1341,294017.2004
2026-03-17 06:00:00,0.1342,0.1348,0.1335,0.1342,281752.7344
2026-03-17 07:00:00,0.1342,0.1361,0.1342,0.1353,641713.9401
2026-03-17 08:00:00,0.1353,0.1359,0.135,0.135,740880.8471
2026-03-17 09:00:00,0.1351,0.1357,0.1346,0.1354,296695.9906
2026-03-17 10:00:00,0.1354,0.1357,0.1348,0.1356,338420.6068
2026-03-17 11:00:00,0.1356,0.1364,0.135,0.135,341453.1856
2026-03-17 12:00:00,0.135,0.135,0.1335,0.134,261808.1352
2026-03-17 13:00:00,0.134,0.1348,0.1332,0.1341,906283.4073
2026-03-17 14:00:00,0.134,0.1352,0.1336,0.1347,559927.6667
2026-03-17 15:00:00,0.1348,0.1355,0.1335,0.1349,358764.2445
2026-03-17 16:00:00,0.1348,0.1358,0.1346,0.1348,216736.9867
2026-03-17 17:00:00,0.1349,0.1357,0.1347,0.1356,335016.5448
2026-03-17 18:00:00,0.1356,0.1359,0.1353,0.1355,112616.7412
2026-03-17 19:00:00,0.1358,0.1358,0.135,0.135,20618.1264
2026-03-17 20:00:00,0.1351,0.1366,0.135,0.1364,274377.1885
2026-03-17 21:00:00,0.1365,0.1387,0.1365,0.1368,688958.6128
2026-03-17 22:00:00,0.1367,0.1375,0.136,0.1368,86637.1498
2026-03-17 23:00:00,0.1367,0.1367,0.1358,0.1361,372483.3812
2026-03-18 00:00:00,0.1362,0.1367,0.1352,0.1361,281308.5621
2026-03-18 01:00:00,0.1361,0.1365,0.1356,0.1356,237000.5427
2026-03-18 02:00:00,0.1355,0.1363,0.1355,0.1358,97744.4962
2026-03-18 03:00:00,0.1359,0.1365,0.1358,0.1358,269240.2634
2026-03-18 04:00:00,0.1358,0.1358,0.1345,0.135,398313.8478
2026-03-18 05:00:00,0.1351,0.1364,0.1349,0.1352,638084.9044
2026-03-18 06:00:00,0.1353,0.1357,0.1349,0.135,307632.5193
2026-03-18 07:00:00,0.1349,0.1352,0.1343,0.135,248458.124
2026-03-18 08:00:00,0.1352,0.1356,0.135,0.1355,81180.5903
2026-03-18 09:00:00,0.1355,0.1361,0.1353,0.1355,140750.7658
2026-03-18 10:00:00,0.1356,0.1357,0.1349,0.1355,74783.5337
2026-03-18 11:00:00,0.1356,0.1358,0.1312,0.1319,1200607.0148
2026-03-18 12:00:00,0.132,0.132,0.1294,0.1299,1095304.9969
2026-03-18 13:00:00,0.1299,0.1311,0.129,0.13,582839.5545
2026-03-18 14:00:00,0.13,0.1301,0.1265,0.1266,602277.015
2026-03-18 15:00:00,0.1267,0.1271,0.1255,0.1267,783117.9571
2026-03-18 16:00:00,0.1266,0.1267,0.1248,0.1257,326411.7265
2026-03-18 17:00:00,0.1258,0.1272,0.1252,0.1269,197831.8509
2026-03-18 18:00:00,0.127,0.1283,0.1261,0.1265,285726.1603
2026-03-18 19:00:00,0.1265,0.1274,0.1261,0.1261,396649.2668
2026-03-18 20:00:00,0.1261,0.1268,0.1248,0.1268,206737.9801
2026-03-18 21:00:00,0.1267,0.1276,0.1267,0.1274,172652.8104
2026-03-18 22:00:00,0.1274,0.1274,0.1263,0.1264,62300.3799
2026-03-18 23:00:00,0.1265,0.1265,0.1257,0.1264,230111.7018
2026-03-19 00:00:00,0.1264,0.1268,0.1256,0.1256,83492.7457
2026-03-19 01:00:00,0.1256,0.1256,0.125,0.1252,98180.5669
2026-03-19 02:00:00,0.1251,0.1259,0.1249,0.1255,276576.214
2026-03-19 03:00:00,0.1255,0.1275,0.1253,0.1261,162514.4216
2026-03-19 04:00:00,0.126,0.1261,0.125,0.125,272866.5491
2026-03-19 05:00:00,0.125,0.1253,0.1239,0.1244,301067.1637
2026-03-19 06:00:00,0.1244,0.1245,0.1233,0.1239,288235.8195
2026-03-19 07:00:00,0.1239,0.1239,0.1214,0.1219,671363.1562
2026-03-19 08:00:00,0.1217,0.1229,0.1215,0.1222,126308.4143
2026-03-19 09:00:00,0.1223,0.1235,0.122,0.1233,331341.7247
2026-03-19 10:00:00,0.1233,0.1233,0.122,0.1221,171034.9966
2026-03-19 11:00:00,0.1221,0.1225,0.1219,0.1223,140679.2953
2026-03-19 12:00:00,0.1223,0.1223,0.1207,0.1209,399466.7371
2026-03-19 13:00:00,0.1209,0.1217,0.1198,0.121,824487.0349
2026-03-19 14:00:00,0.1211,0.1215,0.1198,0.1204,212514.2481
2026-03-19 15:00:00,0.1203,0.1206,0.1187,0.1202,280471.7251
2026-03-19 16:00:00,0.12,0.12,0.1195,0.1199,63454.2502
2026-03-19 17:00:00,0.1198,0.1208,0.1192,0.1208,160418.632
2026-03-19 18:00:00,0.1208,0.1209,0.1199,0.1205,115378.1389
2026-03-19 19:00:00,0.1205,0.1218,0.1205,0.1206,98934.413
2026-03-19 20:00:00,0.1204,0.121,0.1203,0.1205,124667.1815
2026-03-19 21:00:00,0.1205,0.1214,0.1205,0.1213,180694.596
2026-03-19 22:00:00,0.121,0.1212,0.1204,0.1212,135117.9509
2026-03-19 23:00:00,0.1213,0.1219,0.1212,0.1215,306659.4976
2026-03-20 00:00:00,0.1216,0.1222,0.1215,0.122,75686.4006
2026-03-20 01:00:00,0.1221,0.1233,0.1221,0.123,156938.4677
2026-03-20 02:00:00,0.123,0.1235,0.1224,0.1235,230190.3505
2026-03-20 03:00:00,0.1234,0.1236,0.1228,0.1228,176262.8677
2026-03-20 04:00:00,0.1228,0.1236,0.1227,0.1235,253511.8955
2026-03-20 05:00:00,0.1235,0.1246,0.1235,0.1244,246352.873
2026-03-20 06:00:00,0.1244,0.1246,0.1237,0.1242,234668.3807
2026-03-20 07:00:00,0.124,0.1245,0.1233,0.124,181052.3394
2026-03-20 08:00:00,0.1241,0.1247,0.1238,0.1243,319751.9316
2026-03-20 09:00:00,0.1242,0.1255,0.1233,0.1248,454209.0973
2026-03-20 10:00:00,0.125,0.1251,0.1244,0.1249,214575.6391
2026-03-20 11:00:00,0.125,0.1261,0.1245,0.1248,376191.499
2026-03-20 12:00:00,0.1249,0.1261,0.1247,0.1247,383782.9312
2026-03-20 13:00:00,0.1249,0.1252,0.1237,0.1239,499110.3025
2026-03-20 14:00:00,0.1237,0.1246,0.123,0.123,481804.7647
2026-03-20 15:00:00,0.1231,0.1236,0.1223,0.1232,268087.9997
2026-03-20 16:00:00,0.1233,0.1236,0.1227,0.1234,330125.5853
2026-03-20 17:00:00,0.1234,0.1245,0.1232,0.1244,1051929.6573
2026-03-20 18:00:00,0.1244,0.1249,0.1227,0.1231,117915.4823
2026-03-20 19:00:00,0.1232,0.1235,0.1224,0.1235,85398.2924
2026-03-20 20:00:00,0.1235,0.1236,0.1224,0.1232,53948.7956
2026-03-20 21:00:00,0.1231,0.125,0.1229,0.1244,195724.3768
2026-03-20 22:00:00,0.1245,0.1254,0.1242,0.1244,334532.091
2026-03-20 23:00:00,0.1242,0.1242,0.1236,0.1237,45400.3289
2026-03-21 00:00:00,0.124,0.124,0.1236,0.1238,52419.0864
2026-03-21 01:00:00,0.1238,0.124,0.1233,0.1233,32404.8242
2026-03-21 02:00:00,0.1232,0.1241,0.1232,0.1237,80902.2408
2026-03-21 03:00:00,0.1236,0.1236,0.1228,0.1229,57635.9142
2026-03-21 04:00:00,0.1231,0.1232,0.1227,0.1228,58788.7647
2026-03-21 05:00:00,0.1228,0.1233,0.1228,0.1229,57058.1777
2026-03-21 06:00:00,0.1228,0.1234,0.1227,0.1231,61437.5546
2026-03-21 07:00:00,0.1231,0.1231,0.1224,0.1224,76797.0242
2026-03-21 08:00:00,0.1225,0.1231,0.1223,0.123,57232.5207
2026-03-21 09:00:00,0.123,0.1236,0.1226,0.1226,109005.1166
2026-03-21 10:00:00,0.1226,0.1226,0.1216,0.1217,644121.8746
2026-03-21 11:00:00,0.1216,0.122,0.1214,0.1218,504417.6839
2026-03-21 12:00:00,0.1218,0.122,0.1215,0.1217,515955.564
2026-03-21 13:00:00,0.1218,0.1219,0.1217,0.1219,27535.5012
2026-03-21 14:00:00,0.122,0.1227,0.122,0.1221,76445.592
2026-03-21 15:00:00,0.1223,0.1242,0.1223,0.1241,137018.5985
2026-03-21 16:00:00,0.1242,0.1242,0.1228,0.1229,99812.5767
2026-03-21 17:00:00,0.1228,0.1228,0.1225,0.1228,35287.4367
2026-03-21 18:00:00,0.1227,0.1227,0.1223,0.1224,54414.7353
2026-03-21 19:00:00,0.1223,0.1224,0.1221,0.1222,76695.8527
2026-03-21 20:00:00,0.1222,0.123,0.1222,0.1228,62276.224
2026-03-21 21:00:00,0.1229,0.1229,0.122,0.1223,80607.3493
2026-03-21 22:00:00,0.122,0.1221,0.1216,0.1216,21375.3884
2026-03-21 23:00:00,0.1217,0.1217,0.1168,0.1176,1265279.9829
2026-03-22 00:00:00,0.1176,0.1186,0.1154,0.1181,1263999.8831
2026-03-22 01:00:00,0.1182,0.1189,0.1178,0.1188,264734.6602
2026-03-22 02:00:00,0.1187,0.1197,0.1185,0.1192,147170.1323
2026-03-22 03:00:00,0.1191,0.12,0.1187,0.119,106608.0232
2026-03-22 04:00:00,0.119,0.1199,0.1189,0.1195,146988.5564
2026-03-22 05:00:00,0.1194,0.1195,0.1189,0.119,89081.1462
2026-03-22 06:00:00,0.1189,0.119,0.1185,0.1188,354293.1137
2026-03-22 07:00:00,0.1188,0.1191,0.117,0.1171,228208.6193
2026-03-22 08:00:00,0.117,0.1173,0.1161,0.1173,767230.055
2026-03-22 09:00:00,0.1172,0.1175,0.1168,0.1171,505827.322
2026-03-22 10:00:00,0.1169,0.117,0.116,0.1161,199417.2754
2026-03-22 11:00:00,0.116,0.1161,0.1154,0.1157,477237.0624
2026-03-22 12:00:00,0.1157,0.1167,0.1156,0.1159,237036.9071
2026-03-22 13:00:00,0.1159,0.1165,0.1156,0.1161,157592.1529
2026-03-22 14:00:00,0.116,0.1164,0.1155,0.1155,139670.7346
2026-03-22 15:00:00,0.1156,0.1163,0.1156,0.1163,88057.545
2026-03-22 16:00:00,0.1162,0.1164,0.1159,0.1161,62497.3116
2026-03-22 17:00:00,0.116,0.116,0.1154,0.1154,146421.0331
2026-03-22 18:00:00,0.1153,0.1155,0.1142,0.1149,83062.4624
2026-03-22 19:00:00,0.1149,0.1149,0.1138,0.1147,72013.8196
2026-03-22 20:00:00,0.1148,0.115,0.1141,0.1141,57489.6202
2026-03-22 21:00:00,0.1144,0.1146,0.1127,0.1141,882793.9386
2026-03-22 22:00:00,0.1139,0.1152,0.1132,0.1149,249893.3096
2026-03-22 23:00:00,0.115,0.1154,0.1145,0.1146,191126.215
2026-03-23 00:00:00,0.1149,0.1153,0.1141,0.115,954296.624
2026-03-23 01:00:00,0.115,0.1158,0.1146,0.1152,460096.3191
2026-03-23 02:00:00,0.1153,0.1164,0.1152,0.1159,250025.8843
2026-03-23 03:00:00,0.1161,0.1166,0.1155,0.1155,202670.9317
2026-03-23 04:00:00,0.1155,0.1166,0.1155,0.1166,128530.6829
2026-03-23 05:00:00,0.1167,0.1169,0.1159,0.1164,110758.046
2026-03-23 06:00:00,0.1164,0.1164,0.114,0.1146,601074.376
2026-03-23 07:00:00,0.1144,0.1144,0.1131,0.114,236647.4608
2026-03-23 08:00:00,0.1139,0.114,0.113,0.1132,88585.816
2026-03-23 09:00:00,0.1131,0.1138,0.1124,0.1138,316735.283
2026-03-23 10:00:00,0.1137,0.1144,0.1135,0.1139,57535.7023
2026-03-23 11:00:00,0.114,0.1197,0.1138,0.1167,3049452.2276
2026-03-23 12:00:00,0.1168,0.1172,0.1162,0.1169,779669.7074
2026-03-23 13:00:00,0.1171,0.1175,0.1162,0.1174,312464.0744
2026-03-23 14:00:00,0.1175,0.118,0.1157,0.1166,465679.2757
2026-03-23 15:00:00,0.1165,0.1172,0.1151,0.1152,518280.5766
2026-03-23 16:00:00,0.1152,0.1157,0.1137,0.1146,368902.7832
2026-03-23 17:00:00,0.1146,0.1149,0.1134,0.1146,217593.6575
2026-03-23 18:00:00,0.1145,0.1156,0.114,0.1156,179221.6145
2026-03-23 19:00:00,0.1156,0.1159,0.1142,0.1142,179190.0774
2026-03-23 20:00:00,0.1143,0.1151,0.1136,0.1151,239367.7084
2026-03-23 21:00:00,0.115,0.1151,0.114,0.1145,1171222.6892
2026-03-23 22:00:00,0.1145,0.1145,0.1135,0.1136,364428.8934
2026-03-23 23:00:00,0.1135,0.1136,0.1119,0.1134,770060.0492
2026-03-24 00:00:00,0.1135,0.1141,0.1121,0.1135,667284.2047
2026-03-24 01:00:00,0.1134,0.1134,0.1108,0.1119,554607.5743
2026-03-24 02:00:00,0.1118,0.1128,0.1116,0.1123,285456.8927
2026-03-24 03:00:00,0.1123,0.1131,0.1122,0.1129,130638.9203
2026-03-24 04:00:00,0.113,0.1131,0.1119,0.1124,96868.1478
2026-03-24 05:00:00,0.1123,0.1137,0.1121,0.1135,188547.8853
2026-03-24 06:00:00,0.1135,0.114,0.1127,0.1139,306839.9794
2026-03-24 07:00:00,0.1138,0.1147,0.1133,0.1146,514275.1636
2026-03-24 08:00:00,0.1148,0.1163,0.1146,0.1152,469148.1844
2026-03-24 09:00:00,0.1153,0.1172,0.1151,0.1168,1770304.9055
2026-03-24 10:00:00,0.1169,0.1169,0.1143,0.115,630424.5715
2026-03-24 11:00:00,0.1149,0.1158,0.1141,0.1153,226912.044
2026-03-24 12:00:00,0.1153,0.1153,0.1141,0.1145,268916.989
2026-03-24 13:00:00,0.1145,0.1152,0.1135,0.1138,500113.7548
2026-03-24 14:00:00,0.114,0.1141,0.1115,0.1116,401272.2683
2026-03-24 15:00:00,0.112,0.1126,0.1115,0.1115,454792.5372
2026-03-24 16:00:00,0.1116,0.1121,0.111,0.1112,288627.7076
2026-03-24 17:00:00,0.1112,0.1113,0.1095,0.11,639898.6046
2026-03-24 18:00:00,0.11,0.1114,0.11,0.111,163719.0737
2026-03-24 19:00:00,0.1113,0.1124,0.1113,0.1116,215647.6233
2026-03-24 20:00:00,0.1116,0.1143,0.1114,0.1135,867397.2848
2026-03-24 21:00:00,0.1137,0.1137,0.1123,0.113,146454.9195
2026-03-24 22:00:00,0.1131,0.1138,0.1129,0.1133,140876.8263
2026-03-24 23:00:00,0.1133,0.1147,0.1133,0.1137,194482.8639
2026-03-25 00:00:00,0.1137,0.1141,0.1127,0.1135,239240.926
2026-03-25 01:00:00,0.1136,0.1151,0.1133,0.1141,529019.6177
2026-03-25 02:00:00,0.1141,0.1146,0.1137,0.1141,284170.5363
2026-03-25 03:00:00,0.1143,0.1149,0.1133,0.1144,159299.2519
2026-03-25 04:00:00,0.1145,0.1145,0.1137,0.1143,83863.6534
2026-03-25 05:00:00,0.1142,0.1145,0.1134,0.1135,361773.8571
2026-03-25 06:00:00,0.1135,0.1135,0.1125,0.1127,520441.75
2026-03-25 07:00:00,0.1128,0.1139,0.1127,0.113,159435.4799
2026-03-25 08:00:00,0.1131,0.114,0.113,0.1132,310096.8515
2026-03-25 09:00:00,0.1132,0.114,0.1127,0.114,690547.8181
2026-03-25 10:00:00,0.1138,0.1148,0.1135,0.1148,222675.7282
2026-03-25 11:00:00,0.1147,0.1153,0.1144,0.1148,467720.135
2026-03-25 12:00:00,0.115,0.1158,0.114,0.1146,278067.0409
2026-03-25 13:00:00,0.1146,0.1148,0.1137,0.1137,292602.3326
2026-03-25 14:00:00,0.1137,0.1147,0.1134,0.1146,163701.1565
2026-03-25 15:00:00,0.1145,0.115,0.1133,0.1139,500617.0522
2026-03-25 16:00:00,0.1136,0.1147,0.113,0.1137,316900.9214
2026-03-25 17:00:00,0.1137,0.1142,0.1134,0.1136,183433.1369
2026-03-25 18:00:00,0.1136,0.1141,0.1134,0.1135,18813.9977
2026-03-25 19:00:00,0.1136,0.114,0.1133,0.1134,63750.434
2026-03-25 20:00:00,0.1135,0.1135,0.1123,0.1128,276617.5959
2026-03-25 21:00:00,0.1129,0.1131,0.1127,0.1128,202528.4055
2026-03-25 22:00:00,0.1129,0.1142,0.1127,0.1135,78584.7839
2026-03-25 23:00:00,0.1135,0.1135,0.1131,0.1135,30817.965
2026-03-26 00:00:00,0.1135,0.1138,0.1131,0.1132,185467.7837
2026-03-26 01:00:00,0.1134,0.114,0.1134,0.1135,297743.4653
2026-03-26 02:00:00,0.1135,0.1135,0.1122,0.1127,161836.5676
2026-03-26 03:00:00,0.1128,0.1129,0.1115,0.112,513354.2481
2026-03-26 04:00:00,0.112,0.112,0.1115,0.1116,243007.1505
2026-03-26 05:00:00,0.1117,0.1118,0.1103,0.1104,310157.4976
2026-03-26 06:00:00,0.1103,0.1107,0.1097,0.1102,361052.631
2026-03-26 07:00:00,0.1102,0.1107,0.1099,0.1107,154117.46
2026-03-26 08:00:00,0.1105,0.1107,0.1086,0.1091,956573.3502
2026-03-26 09:00:00,0.109,0.1096,0.1079,0.1085,1795303.8926
2026-03-26 10:00:00,0.1084,0.1087,0.1079,0.1083,313021.8409
2026-03-26 11:00:00,0.1084,0.1087,0.1081,0.1084,211049.2367
2026-03-26 12:00:00,0.1083,0.1087,0.108,0.1081,380524.6042
2026-03-26 13:00:00,0.1081,0.1097,0.1081,0.1091,298973.9195
2026-03-26 14:00:00,0.1092,0.1095,0.1087,0.109,118134.1178
2026-03-26 15:00:00,0.109,0.109,0.1076,0.1086,985087.5921
2026-03-26 16:00:00,0.1087,0.1097,0.1086,0.1097,639597.3228
2026-03-26 17:00:00,0.1097,0.1123,0.1097,0.1115,1498751.7301
2026-03-26 18:00:00,0.1115,0.112,0.107,0.1076,3188592.7821
2026-03-26 19:00:00,0.1075,0.1077,0.1062,0.1066,806673.9311
2026-03-26 20:00:00,0.1066,0.1089,0.1056,0.1082,930537.0714
2026-03-26 21:00:00,0.1083,0.1097,0.1082,0.1096,410533.136
2026-03-26 22:00:00,0.1096,0.1101,0.109,0.1093,296356.8266
2026-03-26 23:00:00,0.1093,0.1094,0.1087,0.1088,193659.0626
2026-03-27 00:00:00,0.1087,0.1095,0.1085,0.1088,497858.1525
2026-03-27 01:00:00,0.1088,0.1097,0.1088,0.1093,138931.1732
2026-03-27 02:00:00,0.1094,0.1094,0.1089,0.1092,42666.4553
2026-03-27 03:00:00,0.1094,0.1096,0.1088,0.1094,191143.1982
2026-03-27 04:00:00,0.1094,0.1098,0.1086,0.1093,167863.4624
2026-03-27 05:00:00,0.1093,0.1097,0.1089,0.109,164551.4843
2026-03-27 06:00:00,0.1092,0.1092,0.1085,0.1091,324779.082
2026-03-27 07:00:00,0.1091,0.1104,0.109,0.11,343448.4634
2026-03-27 08:00:00,0.11,0.1104,0.1083,0.1091,373943.6033
2026-03-27 09:00:00,0.109,0.109,0.1073,0.1081,490849.091
2026-03-27 10:00:00,0.108,0.108,0.1046,0.105,1066707.1008
2026-03-27 11:00:00,0.1051,0.1059,0.1046,0.1055,309309.3878
2026-03-27 12:00:00,0.1056,0.1056,0.1047,0.1055,568906.4878
2026-03-27 13:00:00,0.1056,0.1057,0.1043,0.1048,232771.408
2026-03-27 14:00:00,0.1048,0.1056,0.1035,0.1045,366590.487
2026-03-27 15:00:00,0.1045,0.1051,0.1035,0.104,592898.6509
2026-03-27 16:00:00,0.104,0.104,0.1027,0.1033,977148.4115
2026-03-27 17:00:00,0.1034,0.1044,0.1029,0.103,512695.3502
2026-03-27 18:00:00,0.103,0.1035,0.1024,0.1034,156706.9013
2026-03-27 19:00:00,0.1033,0.1047,0.1029,0.1044,183837.2571
2026-03-27 20:00:00,0.1045,0.1047,0.1035,0.104,142927.5323
2026-03-27 21:00:00,0.104,0.1044,0.1035,0.1035,380957.4102
2026-03-27 22:00:00,0.1036,0.104,0.1036,0.1038,78148.0949
2026-03-27 23:00:00,0.1037,0.1042,0.1037,0.1042,284696.3998
2026-03-28 00:00:00,0.1042,0.1043,0.1038,0.1039,65485.6229
2026-03-28 01:00:00,0.1038,0.1038,0.102,0.103,385808.3074
2026-03-28 02:00:00,0.103,0.1036,0.1026,0.1031,202993.5409
2026-03-28 03:00:00,0.1032,0.1035,0.1031,0.1034,180957.6255
2026-03-28 04:00:00,0.1034,0.1035,0.103,0.1032,69893.0689
2026-03-28 05:00:00,0.1033,0.1034,0.1029,0.1033,44570.4636
2026-03-28 06:00:00,0.1033,0.1036,0.1031,0.1035,320778.8152
2026-03-28 07:00:00,0.1036,0.1044,0.1035,0.1044,345689.0066
2026-03-28 08:00:00,0.1044,0.1051,0.1044,0.1047,139675.1638
2026-03-28 09:00:00,0.1048,0.105,0.104,0.1043,52087.3666
2026-03-28 10:00:00,0.1042,0.1049,0.1042,0.1044,182264.069
2026-03-28 11:00:00,0.1045,0.105,0.1044,0.1047,18349.6654
2026-03-28 12:00:00,0.1048,0.1048,0.1038,0.1041,146723.6881
2026-03-28 13:00:00,0.1041,0.1063,0.1041,0.1055,394114.4227
2026-03-28 14:00:00,0.1056,0.1056,0.1045,0.1048,133638.9866
2026-03-28 15:00:00,0.1048,0.1056,0.1045,0.1045,235797.7036
2026-03-28 16:00:00,0.1046,0.1057,0.1045,0.1053,565109.2222
2026-03-28 17:00:00,0.1054,0.1055,0.1048,0.1053,396600.3505
2026-03-28 18:00:00,0.1052,0.1052,0.1049,0.105,162576.8475
2026-03-28 19:00:00,0.105,0.1051,0.1045,0.1045,50041.2974
2026-03-28 20:00:00,0.1047,0.1049,0.1044,0.1047,283267.3916
2026-03-28 21:00:00,0.1047,0.1047,0.1035,0.1038,482152.9721
2026-03-28 22:00:00,0.1037,0.104,0.1036,0.104,176694.4917
2026-03-28 23:00:00,0.1039,0.104,0.1021,0.1025,590355.2557
2026-03-29 00:00:00,0.1025,0.1026,0.1017,0.1024,235492.037
2026-03-29 01:00:00,0.1024,0.1032,0.1024,0.1027,468876.9373
2026-03-29 02:00:00,0.1027,0.1031,0.1027,0.103,227102.2117
2026-03-29 03:00:00,0.1032,0.1044,0.1028,0.1032,842591.1482
2026-03-29 04:00:00,0.1032,0.1034,0.1028,0.103,102658.0589
2026-03-29 05:00:00,0.1029,0.1029,0.1023,0.1026,300277.8104
2026-03-29 06:00:00,0.1025,0.1027,0.1023,0.1025,127626.7727
2026-03-29 07:00:00,0.1024,0.1026,0.1022,0.1023,205543.6902
2026-03-29 08:00:00,0.1022,0.1026,0.1022,0.1024,73571.1337
2026-03-29 09:00:00,0.1024,0.1028,0.1024,0.1026,334820.5286
2026-03-29 10:00:00,0.1025,0.1025,0.1013,0.102,143484.4863
2026-03-29 11:00:00,0.102,0.1027,0.1019,0.1025,86717.9515
2026-03-29 12:00:00,0.1025,0.1025,0.101,0.1016,314858.4692
2026-03-29 13:00:00,0.1015,0.1016,0.1005,0.1011,491657.9215
2026-03-29 14:00:00,0.1011,0.1019,0.101,0.1013,240086.2831
2026-03-29 15:00:00,0.1014,0.1017,0.1011,0.1015,146746.0084
2026-03-29 16:00:00,0.1015,0.1022,0.1015,0.1016,124325.515
2026-03-29 17:00:00,0.1017,0.102,0.1012,0.102,129644.4317
2026-03-29 18:00:00,0.102,0.1024,0.1017,0.1021,127202.1153
2026-03-29 19:00:00,0.1021,0.1022,0.1018,0.1019,77181.8473
2026-03-29 20:00:00,0.1019,0.1029,0.1019,0.1029,121786.0494
2026-03-29 21:00:00,0.103,0.1037,0.1028,0.1036,430253.5108
2026-03-29 22:00:00,0.1035,0.1035,0.0984,0.1016,1742766.1053
2026-03-29 23:00:00,0.1015,0.1024,0.1014,0.1019,307590.2221
2026-03-30 00:00:00,0.1022,0.1045,0.1019,0.1034,232868.0907
2026-03-30 01:00:00,0.1035,0.105,0.1035,0.1049,87568.007
2026-03-30 02:00:00,0.1049,0.1064,0.1045,0.1055,223757.974
2026-03-30 03:00:00,0.1054,0.1059,0.105,0.1057,144382.4278
2026-03-30 04:00:00,0.1058,0.1079,0.1058,0.1077,648417.2741
2026-03-30 05:00:00,0.1077,0.108,0.1068,0.1071,345206.0838
2026-03-30 06:00:00,0.1071,0.1081,0.1071,0.1079,217998.3846
2026-03-30 07:00:00,0.1079,0.1091,0.1079,0.1086,786023.5128
2026-03-30 08:00:00,0.1087,0.1088,0.108,0.1084,461605.4498
2026-03-30 09:00:00,0.1085,0.1085,0.1067,0.1067,243766.7643
2026-03-30 10:00:00,0.1068,0.1076,0.1066,0.1075,418911.2722
2026-03-30 11:00:00,0.1075,0.1087,0.1073,0.1081,875472.253
2026-03-30 12:00:00,0.1081,0.1102,0.108,0.1091,1547403.3887
2026-03-30 13:00:00,0.1092,0.1097,0.1073,0.1074,522982.1494
2026-03-30 14:00:00,0.1075,0.1079,0.1068,0.1077,149174.1265
2026-03-30 15:00:00,0.1077,0.1077,0.1066,0.1073,284077.9109
2026-03-30 16:00:00,0.1073,0.1076,0.1068,0.1074,576546.1917
2026-03-30 17:00:00,0.1076,0.1079,0.1061,0.1066,243664.6482
2026-03-30 18:00:00,0.1067,0.1069,0.106,0.1063,145705.1251
2026-03-30 19:00:00,0.1064,0.1065,0.1056,0.1065,158080.225
2026-03-30 20:00:00,0.1066,0.1069,0.1062,0.1065,37099.2358
2026-03-30 21:00:00,0.1064,0.1072,0.1064,0.1069,108296.8787
2026-03-30 22:00:00,0.1069,0.1071,0.1064,0.1065,17744.8744
2026-03-30 23:00:00,0.1065,0.1065,0.1054,0.1059,151958.4061
2026-03-31 00:00:00,0.1059,0.1067,0.1057,0.1063,227647.3813
2026-03-31 01:00:00,0.1064,0.1085,0.1063,0.108,602219.3565
2026-03-31 02:00:00,0.108,0.1085,0.1078,0.1081,47434.5622
2026-03-31 03:00:00,0.1081,0.1083,0.1076,0.1082,149749.4774
2026-03-31 04:00:00,0.1085,0.1085,0.1077,0.1081,262985.8054
2026-03-31 05:00:00,0.1081,0.1084,0.1079,0.1083,240731.3975
2026-03-31 06:00:00,0.1083,0.109,0.108,0.1089,538723.103
2026-03-31 07:00:00,0.1089,0.1091,0.1078,0.109,501421.4417
2026-03-31 08:00:00,0.1092,0.1092,0.1074,0.1075,516515.2812
2026-03-31 09:00:00,0.1076,0.1078,0.1067,0.1073,713108.5537
2026-03-31 10:00:00,0.1074,0.108,0.1072,0.1076,169263.4801
2026-03-31 11:00:00,0.1076,0.1098,0.1072,0.1097,665793.4459
2026-03-31 12:00:00,0.1098,0.1103,0.1091,0.1096,868676.0179
2026-03-31 13:00:00,0.1097,0.1118,0.1097,0.111,1242936.9853
2026-03-31 14:00:00,0.1111,0.1123,0.1091,0.1094,576121.1427
2026-03-31 15:00:00,0.1095,0.1113,0.1092,0.1094,230138.3895
2026-03-31 16:00:00,0.1095,0.1108,0.1086,0.1108,840204.9853
2026-03-31 17:00:00,0.1108,0.1119,0.1101,0.1104,127784.012
2026-03-31 18:00:00,0.1105,0.1107,0.1099,0.1106,216455.6429
2026-03-31 19:00:00,0.1107,0.1109,0.1096,0.1103,332753.6453
2026-03-31 20:00:00,0.1104,0.1108,0.1102,0.1106,521972.7061
2026-03-31 21:00:00,0.1106,0.1112,0.11,0.1107,74029.3258
2026-03-31 22:00:00,0.1107,0.1109,0.1099,0.1104,509461.4365
2026-03-31 23:00:00,0.1104,0.1108,0.1103,0.1108,83403.3379
2026-04-01 00:00:00,0.1107,0.1107,0.1095,0.1101,122061.9892
2026-04-01 01:00:00,0.1101,0.1103,0.1085,0.1091,709780.0577
2026-04-01 02:00:00,0.1092,0.1094,0.109,0.1092,115813.3444
2026-04-01 03:00:00,0.1094,0.1108,0.1094,0.1103,143371.5391
2026-04-01 04:00:00,0.1104,0.1113,0.1102,0.1108,244471.4064
2026-04-01 05:00:00,0.1109,0.1123,0.1106,0.1118,301399.3608
2026-04-01 06:00:00,0.1119,0.1124,0.1115,0.1122,157221.2803
2026-04-01 07:00:00,0.1122,0.1129,0.1116,0.1127,442181.0215
2026-04-01 08:00:00,0.1128,0.1134,0.1121,0.1123,301249.7577
2026-04-01 09:00:00,0.1122,0.1125,0.1113,0.1121,2554766.1327
2026-04-01 10:00:00,0.1122,0.1124,0.1107,0.1112,639410.0985
2026-04-01 11:00:00,0.1113,0.1116,0.1108,0.1114,189427.1515
2026-04-01 12:00:00,0.1115,0.1136,0.1113,0.1123,894522.0884
2026-04-01 13:00:00,0.1122,0.1123,0.1106,0.111,310482.0664
2026-04-01 14:00:00,0.1109,0.1119,0.1109,0.1114,296149.3859
2026-04-01 15:00:00,0.1115,0.112,0.1111,0.112,251124.4737
2026-04-01 16:00:00,0.112,0.1121,0.1115,0.1117,328512.3574
2026-04-01 17:00:00,0.1117,0.1126,0.1111,0.1111,171615.345
2026-04-01 18:00:00,0.1111,0.1114,0.1105,0.1106,98081.385
2026-04-01 19:00:00,0.1107,0.1113,0.1106,0.111,25518.865
2026-04-01 20:00:00,0.111,0.111,0.1102,0.1109,499931.4187
2026-04-01 21:00:00,0.1109,0.112,0.1109,0.1116,509647.2072
2026-04-01 22:00:00,0.1115,0.1115,0.1096,0.11,315935.414
2026-04-01 23:00:00,0.11,0.1101,0.1097,0.1101,60662.2767
2026-04-02 00:00:00,0.1102,0.1111,0.1101,0.1108,160129.8451
2026-04-02 01:00:00,0.1109,0.1113,0.1076,0.1084,1388061.5433
2026-04-02 02:00:00,0.1083,0.1084,0.1064,0.1073,296612.5753
2026-04-02 03:00:00,0.1071,0.1075,0.1064,0.1068,262266.3663
2026-04-02 04:00:00,0.1067,0.1069,0.1062,0.1063,163305.7113
2026-04-02 05:00:00,0.1063,0.1077,0.1061,0.1075,295800.0013
2026-04-02 06:00:00,0.1076,0.1083,0.1071,0.1074,109746.5443
2026-04-02 07:00:00,0.1074,0.1077,0.1072,0.1075,137583.9247
2026-04-02 08:00:00,0.1074,0.1075,0.1065,0.1065,157218.4663
2026-04-02 09:00:00,0.1067,0.1067,0.1063,0.1065,146098.0907
2026-04-02 10:00:00,0.1065,0.1067,0.1062,0.1065,83149.3549
2026-04-02 11:00:00,0.1065,0.1071,0.1062,0.1069,37969.5618
2026-04-02 12:00:00,0.1068,0.1068,0.1053,0.1055,660572.3463
2026-04-02 13:00:00,0.1056,0.1057,0.1046,0.1053,331612.2455
2026-04-02 14:00:00,0.1053,0.1073,0.105,0.1073,580840.4271
2026-04-02 15:00:00,0.1071,0.1071,0.1059,0.1066,1048591.3859
2026-04-02 16:00:00,0.1066,0.1072,0.1059,0.1067,218402.0094
2026-04-02 17:00:00,0.1066,0.1079,0.1061,0.1062,100134.1345
2026-04-02 18:00:00,0.1063,0.1072,0.1063,0.107,138631.5944
2026-04-02 19:00:00,0.1069,0.1069,0.1062,0.1064,86460.3992
2026-04-02 20:00:00,0.1063,0.1071,0.1058,0.1066,131410.7815
2026-04-02 21:00:00,0.1066,0.1066,0.1059,0.1064,82873.4018
2026-04-02 22:00:00,0.1064,0.1066,0.1059,0.1062,47020.0038
2026-04-02 23:00:00,0.1061,0.1065,0.1061,0.1064,51771.4065
2026-04-03 00:00:00,0.1064,0.1065,0.1061,0.1064,42387.8577
2026-04-03 01:00:00,0.1065,0.1069,0.1063,0.1068,110002.5666
2026-04-03 02:00:00,0.1069,0.1076,0.1066,0.1072,280703.6621
2026-04-03 03:00:00,0.1073,0.1081,0.1069,0.1076,559935.1436
2026-04-03 04:00:00,0.1077,0.1085,0.1075,0.1083,197986.7617
2026-04-03 05:00:00,0.1084,0.1094,0.1081,0.1092,196809.8625
2026-04-03 06:00:00,0.1091,0.1102,0.109,0.1095,310960.5108
2026-04-03 07:00:00,0.1095,0.1098,0.1089,0.1092,111863.213
2026-04-03 08:00:00,0.1092,0.1103,0.1092,0.1102,314615.7371
2026-04-03 09:00:00,0.1101,0.1112,0.1095,0.1109,1040566.7111
2026-04-03 10:00:00,0.1109,0.1111,0.1097,0.1099,193037.5612
2026-04-03 11:00:00,0.1101,0.1108,0.11,0.1108,379688.6356
2026-04-03 12:00:00,0.1108,0.1119,0.1098,0.1105,1117156.6781
2026-04-03 13:00:00,0.1105,0.1106,0.1095,0.11,129486.5126
2026-04-03 14:00:00,0.11,0.1107,0.1096,0.1107,43143.5138
2026-04-03 15:00:00,0.1105,0.1108,0.1098,0.1099,77598.7823
2026-04-03 16:00:00,0.1099,0.1105,0.1099,0.1103,140930.3713
2026-04-03 17:00:00,0.1104,0.1113,0.1099,0.1102,706170.5083
2026-04-03 18:00:00,0.1101,0.1107,0.11,0.1101,60089.5043
2026-04-03 19:00:00,0.1102,0.1105,0.1098,0.1105,90675.1168
2026-04-03 20:00:00,0.1105,0.1109,0.1103,0.1104,28020.7064
2026-04-03 21:00:00,0.1105,0.111,0.1105,0.1108,204066.5945
2026-04-03 22:00:00,0.1109,0.111,0.1102,0.1103,100385.9962
2026-04-03 23:00:00,0.1103,0.1103,0.1098,0.1101,132111.7689
2026-04-04 00:00:00,0.1101,0.1102,0.1095,0.1096,87500.0546
2026-04-04 01:00:00,0.1097,0.1101,0.1096,0.11,131596.7805
2026-04-04 02:00:00,0.11,0.1104,0.1098,0.1101,303175.4778
2026-04-04 03:00:00,0.1101,0.1108,0.1098,0.1104,383240.5518
2026-04-04 04:00:00,0.1102,0.1102,0.1098,0.11,47320.4188
2026-04-04 05:00:00,0.11,0.1104,0.1098,0.1099,212660.531
2026-04-04 06:00:00,0.1097,0.1105,0.1095,0.1103,136486.654
2026-04-04 07:00:00,0.1103,0.111,0.1103,0.1105,364335.6477
2026-04-04 08:00:00,0.1105,0.1105,0.11,0.1102,220687.0491
2026-04-04 09:00:00,0.1103,0.1105,0.1096,0.1097,268747.8894
2026-04-04 10:00:00,0.1097,0.1097,0.1088,0.1095,1226879.5291
2026-04-04 11:00:00,0.1096,0.11,0.1094,0.1099,101375.4405
2026-04-04 12:00:00,0.1098,0.1099,0.1095,0.1097,78190.8308
2026-04-04 13:00:00,0.1097,0.1097,0.1087,0.1088,340166.8428
2026-04-04 14:00:00,0.1088,0.1096,0.1085,0.1095,231439.9576
2026-04-04 15:00:00,0.1095,0.1102,0.1093,0.1094,761804.4807
2026-04-04 16:00:00,0.1095,0.1098,0.1092,0.1092,48441.5429
2026-04-04 17:00:00,0.1093,0.1107,0.1093,0.1103,158126.4945
2026-04-04 18:00:00,0.1103,0.1105,0.1101,0.1103,69303.6819
2026-04-04 19:00:00,0.1103,0.1115,0.1101,0.1105,182344.9959
2026-04-04 20:00:00,0.1105,0.1105,0.1099,0.1103,52145.6649
2026-04-04 21:00:00,0.1102,0.1108,0.1102,0.1102,120235.2432
2026-04-04 22:00:00,0.1103,0.1108,0.1103,0.1105,69728.7161
2026-04-04 23:00:00,0.1105,0.1106,0.1103,0.1106,50997.8225
2026-04-05 00:00:00,0.1106,0.1108,0.1099,0.1101,97589.5947
2026-04-05 01:00:00,0.1104,0.1104,0.1097,0.1098,30931.1891
2026-04-05 02:00:00,0.1098,0.1098,0.1094,0.1095,21719.4096
2026-04-05 03:00:00,0.1095,0.1095,0.109,0.1093,525630.187
2026-04-05 04:00:00,0.1092,0.1092,0.1089,0.1089,79613.7958
2026-04-05 05:00:00,0.109,0.109,0.1078,0.1079,97609.8902
2026-04-05 06:00:00,0.108,0.108,0.1071,0.1075,155507.751
2026-04-05 07:00:00,0.1075,0.1076,0.1069,0.1071,60354.3611
2026-04-05 08:00:00,0.1071,0.1074,0.1071,0.1074,25704.6039
2026-04-05 09:00:00,0.1075,0.1078,0.1074,0.1077,136048.3233
2026-04-05 10:00:00,0.1077,0.1078,0.1071,0.1071,71158.7682
2026-04-05 11:00:00,0.107,0.1074,0.1069,0.1073,29838.6063
2026-04-05 12:00:00,0.1072,0.1072,0.1062,0.1066,73016.9568
2026-04-05 13:00:00,0.1067,0.1069,0.1059,0.1068,129491.7493
2026-04-05 14:00:00,0.1068,0.107,0.1064,0.1067,130202.8651
2026-04-05 15:00:00,0.1066,0.1081,0.1062,0.107,836190.7634
2026-04-05 16:00:00,0.107,0.1073,0.1065,0.1065,167445.72
2026-04-05 17:00:00,0.1065,0.1072,0.1062,0.1071,44541.7999
2026-04-05 18:00:00,0.107,0.1071,0.1067,0.1068,83451.2652
2026-04-05 19:00:00,0.1069,0.1073,0.1064,0.1069,32202.5773
2026-04-05 20:00:00,0.1069,0.1072,0.1068,0.1071,88135.9897
2026-04-05 21:00:00,0.1071,0.1072,0.1066,0.1069,124650.242
2026-04-05 22:00:00,0.1068,0.1089,0.1066,0.1089,617898.8807
2026-04-05 23:00:00,0.109,0.1103,0.1087,0.1103,245795.1826
2026-04-06 00:00:00,0.1104,0.1119,0.1104,0.111,700086.986
2026-04-06 01:00:00,0.1109,0.111,0.1102,0.1105,266566.9455
2026-04-06 02:00:00,0.1107,0.1124,0.1106,0.112,1101689.6153
2026-04-06 03:00:00,0.1121,0.1121,0.111,0.1116,103295.3207
2026-04-06 04:00:00,0.1117,0.1126,0.1115,0.1121,568112.9336
2026-04-06 05:00:00,0.1122,0.1125,0.1118,0.112,104607.7399
2026-04-06 06:00:00,0.1121,0.1122,0.111,0.1118,465142.1703
2026-04-06 07:00:00,0.1118,0.1122,0.1114,0.1121,49996.5519
2026-04-06 08:00:00,0.1122,0.113,0.112,0.1121,166297.5937
2026-04-06 09:00:00,0.1121,0.1136,0.1121,0.1132,308938.7155
2026-04-06 10:00:00,0.1133,0.1144,0.1133,0.1143,208254.7604
2026-04-06 11:00:00,0.1142,0.1148,0.114,0.1147,129845.8023
2026-04-06 12:00:00,0.1148,0.1151,0.1136,0.1142,429424.5456
2026-04-06 13:00:00,0.1141,0.1141,0.113,0.1132,122090.4472
2026-04-06 14:00:00,0.1132,0.1136,0.1121,0.1131,365340.7503
2026-04-06 15:00:00,0.113,0.1138,0.1129,0.1136,122752.6605
2026-04-06 16:00:00,0.1136,0.1137,0.1129,0.1132,118336.4585
2026-04-06 17:00:00,0.1133,0.1135,0.1125,0.1129,124596.7007
2026-04-06 18:00:00,0.1129,0.1131,0.1124,0.1127,542989.5366
2026-04-06 19:00:00,0.1127,0.1127,0.1121,0.1123,145847.7108
2026-04-06 20:00:00,0.1122,0.1126,0.1122,0.1122,162079.6575
2026-04-06 21:00:00,0.1121,0.1124,0.1114,0.1116,257993.8334
2026-04-06 22:00:00,0.1117,0.1118,0.1099,0.11,75868.5149
2026-04-06 23:00:00,0.1099,0.11,0.1088,0.1098,481472.0348
2026-04-07 00:00:00,0.1098,0.1102,0.1094,0.1096,49484.2175
2026-04-07 01:00:00,0.1094,0.11,0.1091,0.1092,67212.3356
2026-04-07 02:00:00,0.1092,0.1094,0.1081,0.1092,773317.2361
2026-04-07 03:00:00,0.1093,0.1097,0.1093,0.1095,81656.9016
2026-04-07 04:00:00,0.1095,0.1102,0.1093,0.1101,52084.7041
2026-04-07 05:00:00,0.1099,0.1099,0.1091,0.1096,99544.2661
2026-04-07 06:00:00,0.1097,0.1097,0.109,0.1094,271502.2294
2026-04-07 07:00:00,0.1093,0.1102,0.1092,0.1099,100055.0883
2026-04-07 08:00:00,0.1098,0.1106,0.1096,0.1099,57710.0758
2026-04-07 09:00:00,0.1099,0.1104,0.1099,0.1103,154729.4475
2026-04-07 10:00:00,0.1103,0.1103,0.1089,0.1091,563045.8679
2026-04-07 11:00:00,0.1092,0.1093,0.1085,0.1091,378567.4235
2026-04-07 12:00:00,0.1091,0.1092,0.1075,0.1085,1086642.7305
2026-04-07 13:00:00,0.1086,0.1091,0.1084,0.1084,128251.7071
2026-04-07 14:00:00,0.1085,0.1091,0.1079,0.1081,473572.2478
2026-04-07 15:00:00,0.108,0.1091,0.1078,0.1084,350624.7801
2026-04-07 16:00:00,0.1084,0.1089,0.1082,0.1084,35785.8883
2026-04-07 17:00:00,0.1084,0.11,0.1083,0.1093,62024.5493
2026-04-07 18:00:00,0.1094,0.11,0.1091,0.1093,123938.6872
2026-04-07 19:00:00,0.1094,0.1117,0.1093,0.1116,234578.8342
2026-04-07 20:00:00,0.1117,0.1123,0.1113,0.1114,764326.5778
2026-04-07 21:00:00,0.1115,0.1154,0.1115,0.1154,736405.6421
2026-04-07 22:00:00,0.1155,0.118,0.1145,0.1178,1128975.3922
2026-04-07 23:00:00,0.1181,0.1199,0.1172,0.1187,1738067.8727
2026-04-08 00:00:00,0.1188,0.1191,0.1179,0.1185,506139.6126
2026-04-08 01:00:00,0.1186,0.1206,0.1184,0.1198,381311.4747
2026-04-08 02:00:00,0.1199,0.1208,0.1194,0.1197,446102.993
2026-04-08 03:00:00,0.1196,0.1201,0.119,0.1196,312075.7259
2026-04-08 04:00:00,0.1196,0.121,0.1194,0.1196,727716.7168
2026-04-08 05:00:00,0.1196,0.1207,0.1196,0.1198,277957.8682
2026-04-08 06:00:00,0.1199,0.1201,0.1191,0.1198,56125.2977
2026-04-08 07:00:00,0.1198,0.1201,0.1192,0.1199,213366.8171
2026-04-08 08:00:00,0.1199,0.12,0.1188,0.1189,1013489.0117
2026-04-08 09:00:00,0.1189,0.119,0.1182,0.1183,163432.2002
2026-04-08 10:00:00,0.1183,0.1185,0.118,0.118,174663.2468
2026-04-08 11:00:00,0.1179,0.1182,0.1176,0.118,89211.6179
2026-04-08 12:00:00,0.1181,0.1181,0.1173,0.1176,88664.0921
2026-04-08 13:00:00,0.1176,0.1184,0.1176,0.118,209443.8656
2026-04-08 14:00:00,0.1181,0.1182,0.1153,0.1157,235315.5188
2026-04-08 15:00:00,0.1157,0.1165,0.1154,0.1163,195185.5325
2026-04-08 16:00:00,0.1165,0.1168,0.1161,0.1168,43792.4079
2026-04-08 17:00:00,0.1168,0.1179,0.1165,0.1167,548272.334
2026-04-08 18:00:00,0.1166,0.1166,0.1149,0.1149,354707.963
2026-04-08 19:00:00,0.1149,0.1157,0.1149,0.1157,24365.3573
2026-04-08 20:00:00,0.1158,0.1161,0.1153,0.1155,42545.0049
2026-04-08 21:00:00,0.1155,0.1169,0.1154,0.1165,250705.3269
2026-04-08 22:00:00,0.1166,0.1169,0.1154,0.1154,20462.7841
2026-04-08 23:00:00,0.1153,0.1155,0.1143,0.115,106426.7238
2026-04-09 00:00:00,0.1149,0.1149,0.1132,0.114,200305.4532
2026-04-09 01:00:00,0.1139,0.1139,0.1126,0.1133,235155.2681
2026-04-09 02:00:00,0.1133,0.114,0.113,0.1137,76114.5306
2026-04-09 03:00:00,0.1137,0.1139,0.1132,0.1134,88170.0765
2026-04-09 04:00:00,0.1134,0.1141,0.1132,0.1136,285385.1736
2026-04-09 05:00:00,0.1136,0.1147,0.1132,0.1135,612194.5933
2026-04-09 06:00:00,0.1135,0.1141,0.1135,0.1138,194993.4474
2026-04-09 07:00:00,0.114,0.1143,0.1135,0.1135,195504.4526
2026-04-09 08:00:00,0.1135,0.1138,0.1134,0.1136,81364.0178
2026-04-09 09:00:00,0.1135,0.1135,0.1125,0.1132,268598.5318
2026-04-09 10:00:00,0.1132,0.1132,0.1126,0.1126,131014.943
2026-04-09 11:00:00,0.1125,0.1127,0.1122,0.1124,355927.1054
2026-04-09 12:00:00,0.1123,0.1129,0.1122,0.1127,36665.4105
2026-04-09 13:00:00,0.1127,0.1127,0.1112,0.1117,259833.9119
2026-04-09 14:00:00,0.1116,0.1124,0.111,0.1122,95359.4797
2026-04-09 15:00:00,0.1123,0.1147,0.1118,0.1142,369000.6277
2026-04-09 16:00:00,0.1143,0.1148,0.1134,0.1137,399661.4057
2026-04-09 17:00:00,0.1137,0.1142,0.1128,0.1135,137347.7782
2026-04-09 18:00:00,0.1135,0.1136,0.1126,0.1136,91191.2272
2026-04-09 19:00:00,0.1135,0.1145,0.1133,0.1141,76218.1396
2026-04-09 20:00:00,0.1142,0.1151,0.1142,0.1145,78610.053
2026-04-09 21:00:00,0.1145,0.1151,0.1143,0.1147,167053.4995
2026-04-09 22:00:00,0.1147,0.1169,0.1147,0.1151,1151564.8361
2026-04-09 23:00:00,0.115,0.115,0.1134,0.1141,207078.7146
2026-04-10 00:00:00,0.1142,0.1145,0.1134,0.1141,170651.1331
2026-04-10 01:00:00,0.1142,0.1153,0.1136,0.1141,315082.2039
2026-04-10 02:00:00,0.1142,0.115,0.1142,0.1143,86104.47
2026-04-10 03:00:00,0.1145,0.1146,0.1139,0.114,46039.2468
2026-04-10 04:00:00,0.114,0.116,0.114,0.1157,464572.0314
2026-04-10 05:00:00,0.1158,0.1161,0.1151,0.1161,101862.439
2026-04-10 06:00:00,0.1161,0.1163,0.1147,0.1149,200803.165
2026-04-10 07:00:00,0.1151,0.1155,0.1144,0.1145,114914.4738
2026-04-10 08:00:00,0.1145,0.1151,0.1139,0.1142,170122.1159
2026-04-10 09:00:00,0.1143,0.1156,0.1143,0.1149,102147.8536
2026-04-10 10:00:00,0.1149,0.115,0.1143,0.1143,27093.4164
2026-04-10 11:00:00,0.1142,0.1149,0.1141,0.1141,60831.6433
2026-04-10 12:00:00,0.1142,0.1156,0.1142,0.1146,153677.2163
2026-04-10 13:00:00,0.1148,0.115,0.1139,0.1145,87414.0102
2026-04-10 14:00:00,0.1144,0.1155,0.1134,0.1155,276391.7744
2026-04-10 15:00:00,0.1156,0.116,0.1145,0.1145,90289.5888
2026-04-10 16:00:00,0.1149,0.1156,0.1149,0.1152,95502.5476
2026-04-10 17:00:00,0.1151,0.1151,0.1143,0.1146,28901.875
2026-04-10 18:00:00,0.1148,0.1158,0.1147,0.1157,72114.4293
2026-04-10 19:00:00,0.1155,0.1162,0.1155,0.116,250356.98
2026-04-10 20:00:00,0.116,0.1162,0.1152,0.1156,229940.6896
2026-04-10 21:00:00,0.1156,0.1157,0.1145,0.1153,137080.949
2026-04-10 22:00:00,0.1153,0.1158,0.115,0.1152,107192.77
2026-04-10 23:00:00,0.1154,0.1154,0.1147,0.1152,73006.9428
2026-04-11 00:00:00,0.1151,0.1151,0.1121,0.1125,652867.153
2026-04-11 01:00:00,0.1125,0.113,0.112,0.1128,218221.7671
2026-04-11 02:00:00,0.1128,0.1135,0.1127,0.1135,176819.5787
2026-04-11 03:00:00,0.1135,0.1142,0.1134,0.1135,82625.1788
2026-04-11 04:00:00,0.1136,0.114,0.1133,0.1135,99749.4736
2026-04-11 05:00:00,0.1134,0.1136,0.1125,0.1131,68880.9574
2026-04-11 06:00:00,0.1129,0.1129,0.1125,0.1127,79314.8315
2026-04-11 07:00:00,0.1128,0.1128,0.112,0.1123,144163.5232
2026-04-11 08:00:00,0.1122,0.1125,0.112,0.1123,135167.053
2026-04-11 09:00:00,0.1122,0.1128,0.1119,0.1128,241510.8453
2026-04-11 10:00:00,0.1127,0.1128,0.1121,0.1125,88293.4798
2026-04-11 11:00:00,0.1125,0.1129,0.1124,0.1125,39563.207
2026-04-11 12:00:00,0.1124,0.1124,0.1109,0.1113,157848.6467
2026-04-11 13:00:00,0.1113,0.1113,0.1102,0.1108,141473.5861
2026-04-11 14:00:00,0.1107,0.1115,0.1107,0.1109,76865.1426
2026-04-11 15:00:00,0.111,0.1119,0.111,0.1118,90834.6667
2026-04-11 16:00:00,0.1118,0.1136,0.1116,0.1133,382910.1822
2026-04-11 17:00:00,0.1131,0.1141,0.1129,0.1134,146362.0645
2026-04-11 18:00:00,0.1133,0.1156,0.1132,0.1149,106694.6777
2026-04-11 19:00:00,0.115,0.1162,0.1145,0.1162,295971.192
2026-04-11 20:00:00,0.1163,0.1164,0.1151,0.1158,167770.2025
2026-04-11 21:00:00,0.1158,0.1163,0.115,0.1159,241580.3221
2026-04-11 22:00:00,0.1158,0.1163,0.1148,0.1152,85615.9907
2026-04-11 23:00:00,0.1151,0.1152,0.114,0.1145,77897.5353
2026-04-12 00:00:00,0.1146,0.1147,0.1139,0.1143,79853.2303
2026-04-12 01:00:00,0.1144,0.1146,0.1094,0.1099,694403.4489
2026-04-12 02:00:00,0.1098,0.1101,0.109,0.1099,573242.5571
2026-04-12 03:00:00,0.1098,0.1101,0.1092,0.1092,68297.5047
2026-04-12 04:00:00,0.1091,0.1092,0.1086,0.1089,111597.0069
2026-04-12 05:00:00,0.1088,0.1094,0.1086,0.1093,159662.2048
2026-04-12 06:00:00,0.1093,0.1094,0.1086,0.1086,233383.6693
2026-04-12 07:00:00,0.1086,0.1086,0.108,0.1082,199543.5998
2026-04-12 08:00:00,0.1081,0.1086,0.108,0.1082,126173.1269
2026-04-12 09:00:00,0.1082,0.1084,0.1078,0.1082,79070.3697
2026-04-12 10:00:00,0.1082,0.1088,0.1078,0.1079,104582.8303
2026-04-12 11:00:00,0.1079,0.109,0.1074,0.1085,65577.471
2026-04-12 12:00:00,0.1084,0.1093,0.108,0.1084,51435.9197
2026-04-12 13:00:00,0.1084,0.1087,0.1076,0.1077,127672.6846
2026-04-12 14:00:00,0.1076,0.1083,0.1074,0.1078,179332.8951
2026-04-12 15:00:00,0.1077,0.1078,0.107,0.1076,166767.6733
2026-04-12 16:00:00,0.1075,0.1079,0.1074,0.1077,141931.8994
2026-04-12 17:00:00,0.1079,0.1095,0.1078,0.1094,77149.4677
2026-04-12 18:00:00,0.1095,0.1096,0.1089,0.1091,92248.4427
2026-04-12 19:00:00,0.1088,0.1096,0.1088,0.1089,18217.074
2026-04-12 20:00:00,0.1091,0.1097,0.1084,0.1094,47205.0303
2026-04-12 21:00:00,0.1094,0.1094,0.1079,0.1081,84943.7229
2026-04-12 22:00:00,0.1082,0.1082,0.1066,0.1072,164165.7402
2026-04-12 23:00:00,0.1071,0.1072,0.1067,0.1069,111049.5542
2026-04-13 00:00:00,0.107,0.1082,0.1069,0.1076,218310.6421
2026-04-13 01:00:00,0.1077,0.1078,0.107,0.1076,69045.1169
2026-04-13 02:00:00,0.1074,0.1074,0.1061,0.1064,100418.4359
2026-04-13 03:00:00,0.1062,0.1067,0.1062,0.1066,69948.8153
2026-04-13 04:00:00,0.1067,0.1069,0.1062,0.1064,57262.9287
2026-04-13 05:00:00,0.1063,0.1063,0.1057,0.1062,146216.6441
2026-04-13 06:00:00,0.1062,0.108,0.1062,0.1073,62016.4555
2026-04-13 07:00:00,0.1071,0.1071,0.106,0.1061,168977.3833
2026-04-13 08:00:00,0.1061,0.1065,0.1055,0.1062,202017.5931
2026-04-13 09:00:00,0.1061,0.107,0.1061,0.1066,89322.643
2026-04-13 10:00:00,0.1066,0.1072,0.1065,0.1066,61386.4555
2026-04-13 11:00:00,0.1067,0.1074,0.1067,0.107,148269.0765
2026-04-13 12:00:00,0.1069,0.1086,0.1065,0.108,84334.3641
2026-04-13 13:00:00,0.1081,0.1091,0.1072,0.1087,221028.7443
2026-04-13 14:00:00,0.1088,0.1097,0.1083,0.1097,298712.545
2026-04-13 15:00:00,0.1096,0.1096,0.1081,0.1088,233894.8697
2026-04-13 16:00:00,0.1089,0.1097,0.1085,0.1095,140302.0256
2026-04-13 17:00:00,0.1095,0.1101,0.1084,0.1085,207924.734
2026-04-13 18:00:00,0.1085,0.1095,0.1082,0.1094,113689.7616
2026-04-13 19:00:00,0.1095,0.1125,0.1094,0.1121,223774.1622
2026-04-13 20:00:00,0.1121,0.1121,0.1106,0.1108,497682.8968
2026-04-13 21:00:00,0.1108,0.1122,0.1104,0.1122,134929.5718
2026-04-13 22:00:00,0.1121,0.1166,0.1121,0.1163,414609.3413
2026-04-13 23:00:00,0.1163,0.1167,0.1153,0.1162,860210.5128
2026-04-14 00:00:00,0.1163,0.117,0.1153,0.1155,555007.6415
2026-04-14 01:00:00,0.1155,0.1156,0.1141,0.1144,310366.8754
2026-04-14 02:00:00,0.1142,0.1148,0.114,0.1144,186113.459
2026-04-14 03:00:00,0.1143,0.1153,0.1141,0.1143,44750.7396
2026-04-14 04:00:00,0.1144,0.1149,0.1141,0.1145,87032.3937
2026-04-14 05:00:00,0.1145,0.1149,0.1133,0.1136,290302.973
2026-04-14 06:00:00,0.1137,0.114,0.1135,0.1138,115809.6955
2026-04-14 07:00:00,0.1137,0.1139,0.113,0.1136,97840.5602
2026-04-14 08:00:00,0.1136,0.1141,0.1132,0.1136,209579.929
2026-04-14 09:00:00,0.1135,0.1141,0.1132,0.1139,69487.0337
2026-04-14 10:00:00,0.1139,0.1141,0.1132,0.1135,154803.4374
2026-04-14 11:00:00,0.1134,0.1134,0.1127,0.113,363475.7783
2026-04-14 12:00:00,0.113,0.1132,0.1128,0.1132,49982.9453
2026-04-14 13:00:00,0.1132,0.1145,0.1131,0.1145,148502.6778
2026-04-14 14:00:00,0.1145,0.1167,0.1138,0.1147,2406482.1917
2026-04-14 15:00:00,0.1147,0.1153,0.1129,0.1133,557476.442
2026-04-14 16:00:00,0.1133,0.1147,0.113,0.1138,504404.6191
2026-04-14 17:00:00,0.1138,0.1142,0.1122,0.113,190954.5885
2026-04-14 18:00:00,0.1131,0.1135,0.1103,0.1107,470355.2248
2026-04-14 19:00:00,0.1107,0.1113,0.1102,0.1111,231119.4202
2026-04-14 20:00:00,0.1112,0.1113,0.1104,0.1104,188513.1878
2026-04-14 21:00:00,0.1104,0.1112,0.1103,0.1111,669143.5922
2026-04-14 22:00:00,0.1112,0.1117,0.1107,0.1108,78725.6176
2026-04-14 23:00:00,0.1109,0.1114,0.1106,0.1112,96056.6395
2026-04-15 00:00:00,0.1113,0.1125,0.1113,0.1117,222988.3291
2026-04-15 01:00:00,0.1117,0.113,0.1115,0.1123,182321.5948
2026-04-15 02:00:00,0.1125,0.1127,0.1118,0.1127,178771.4678
2026-04-15 03:00:00,0.1126,0.1126,0.1121,0.1122,180301.412
2026-04-15 04:00:00,0.1122,0.1131,0.1122,0.113,289606.8411
2026-04-15 05:00:00,0.113,0.1133,0.1118,0.1122,64291.3627
2026-04-15 06:00:00,0.1121,0.1125,0.1115,0.1121,207509.9598
2026-04-15 07:00:00,0.112,0.1126,0.1117,0.1119,144323.9715
2026-04-15 08:00:00,0.1119,0.1135,0.1118,0.1129,95348.4317
2026-04-15 09:00:00,0.113,0.1135,0.1127,0.1135,98388.4629
2026-04-15 10:00:00,0.1135,0.1147,0.1133,0.114,537123.9621
2026-04-15 11:00:00,0.1141,0.116,0.114,0.1154,513136.0291
2026-04-15 12:00:00,0.1152,0.1163,0.1145,0.1161,510151.4251
2026-04-15 13:00:00,0.1161,0.117,0.1155,0.1158,483087.1861
2026-04-15 14:00:00,0.1156,0.1176,0.1155,0.1176,184579.9212
2026-04-15 15:00:00,0.1176,0.1178,0.1156,0.1167,1187479.1939
2026-04-15 16:00:00,0.1168,0.1202,0.1168,0.1194,915659.3473
2026-04-15 17:00:00,0.1194,0.1209,0.1192,0.1202,870743.4613
2026-04-15 18:00:00,0.1201,0.121,0.1193,0.1209,599409.5482
2026-04-15 19:00:00,0.1208,0.1224,0.1204,0.1216,301012.8155
2026-04-15 20:00:00,0.1214,0.1216,0.1204,0.1208,353897.8555
2026-04-15 21:00:00,0.1209,0.1214,0.1199,0.1213,187822.8896
2026-04-15 22:00:00,0.1211,0.1214,0.1197,0.1197,235235.5431
2026-04-15 23:00:00,0.1197,0.12,0.119,0.1198,201519.0821
2026-04-16 00:00:00,0.12,0.1201,0.1186,0.1197,254249.3658
2026-04-16 01:00:00,0.1198,0.1201,0.119,0.1201,119549.3893
2026-04-16 02:00:00,0.1202,0.1213,0.1199,0.1208,345646.0642
2026-04-16 03:00:00,0.1207,0.1215,0.1203,0.1211,335454.8737
2026-04-16 04:00:00,0.1211,0.1224,0.1208,0.1223,397308.7602
2026-04-16 05:00:00,0.1222,0.1232,0.1212,0.1226,633401.2418
2026-04-16 06:00:00,0.1227,0.1229,0.1217,0.1222,359204.6153
2026-04-16 07:00:00,0.1223,0.1237,0.1222,0.1226,714578.8514
2026-04-16 08:00:00,0.1227,0.1232,0.122,0.1222,262272.2957
2026-04-16 09:00:00,0.1221,0.1231,0.1213,0.1213,196576.3132
2026-04-16 10:00:00,0.1214,0.1224,0.121,0.1216,526212.6322
2026-04-16 11:00:00,0.1216,0.1232,0.1215,0.1232,620162.1226
2026-04-16 12:00:00,0.1233,0.1261,0.1231,0.1259,850213.0278
2026-04-16 13:00:00,0.126,0.1291,0.1251,0.1268,1512476.1593
2026-04-16 14:00:00,0.1269,0.1269,0.1227,0.1256,951314.1587
2026-04-16 15:00:00,0.1255,0.1311,0.1252,0.1305,1404900.3018
2026-04-16 16:00:00,0.1305,0.1316,0.1251,0.1263,1459289.7226
2026-04-16 17:00:00,0.1262,0.1291,0.1258,0.1284,774101.4614
2026-04-16 18:00:00,0.1284,0.1305,0.1281,0.1304,274146.9376
2026-04-16 19:00:00,0.1305,0.1327,0.1303,0.1325,828921.8796
2026-04-16 20:00:00,0.1325,0.1331,0.131,0.1311,406357.9223
2026-04-16 21:00:00,0.1312,0.1321,0.1296,0.1314,454874.5533
2026-04-16 22:00:00,0.1316,0.1326,0.131,0.1317,303306.2762
2026-04-16 23:00:00,0.1316,0.1328,0.1312,0.1324,437652.8332
2026-04-17 00:00:00,0.1323,0.1339,0.1314,0.1337,1216500.7129
2026-04-17 01:00:00,0.1336,0.1343,0.1313,0.1318,551204.7637
2026-04-17 02:00:00,0.1317,0.1323,0.1304,0.1315,477843.1828
2026-04-17 03:00:00,0.1314,0.1318,0.1307,0.1309,315295.5771
2026-04-17 04:00:00,0.131,0.1315,0.1301,0.1303,196438.9307
2026-04-17 05:00:00,0.1301,0.1302,0.1284,0.1286,368556.0591
2026-04-17 06:00:00,0.1285,0.13,0.1285,0.1296,280566.94
2026-04-17 07:00:00,0.1297,0.131,0.1292,0.1309,486429.4217
2026-04-17 08:00:00,0.131,0.132,0.1305,0.1315,345027.3535
2026-04-17 09:00:00,0.1314,0.1318,0.1303,0.1315,348797.4221
2026-04-17 10:00:00,0.1313,0.1317,0.1294,0.1302,274817.3746
2026-04-17 11:00:00,0.1303,0.1325,0.1302,0.1313,668023.9567
2026-04-17 12:00:00,0.1315,0.1327,0.1308,0.1323,955768.9314
2026-04-17 13:00:00,0.1324,0.1354,0.1316,0.1353,1347802.2675
2026-04-17 14:00:00,0.1352,0.1374,0.1344,0.1348,1631123.3458
2026-04-17 15:00:00,0.1348,0.1348,0.1325,0.1334,1022756.992
2026-04-17 16:00:00,0.1335,0.1346,0.1327,0.134,1009868.3114
2026-04-17 17:00:00,0.1341,0.1348,0.1329,0.1331,717367.4201
2026-04-17 18:00:00,0.1332,0.1338,0.1323,0.1334,164505.3793
2026-04-17 19:00:00,0.1334,0.1348,0.1329,0.1346,136758.5912
2026-04-17 20:00:00,0.1346,0.1351,0.1337,0.1341,165161.0111
2026-04-17 21:00:00,0.1341,0.1354,0.1337,0.134,408619.6502
2026-04-17 22:00:00,0.1338,0.1347,0.1337,0.1346,140708.0689
2026-04-17 23:00:00,0.1346,0.1349,0.1332,0.1343,316915.5582
2026-04-18 00:00:00,0.1344,0.1351,0.1326,0.1337,685586.2625
2026-04-18 01:00:00,0.1338,0.135,0.1318,0.1319,236873.9332
2026-04-18 02:00:00,0.1319,0.133,0.1314,0.1329,271317.6523
2026-04-18 03:00:00,0.1327,0.1327,0.1315,0.1319,228407.484
2026-04-18 04:00:00,0.1318,0.1324,0.1313,0.1316,380511.2914
2026-04-18 05:00:00,0.1315,0.1331,0.1315,0.1331,202486.8381
2026-04-18 06:00:00,0.1332,0.1345,0.1325,0.1338,139320.5169
2026-04-18 07:00:00,0.1337,0.1344,0.1334,0.1339,197867.7639
2026-04-18 08:00:00,0.1339,0.1343,0.1308,0.1317,957173.349
2026-04-18 09:00:00,0.1316,0.1323,0.1301,0.1308,983605.0406
2026-04-18 10:00:00,0.1307,0.1309,0.1289,0.1292,499959.2926
2026-04-18 11:00:00,0.1292,0.1292,0.1277,0.1289,92902.5843
2026-04-18 12:00:00,0.1286,0.129,0.1278,0.129,500822.5068
2026-04-18 13:00:00,0.1291,0.1292,0.1271,0.1285,624255.957
2026-04-18 14:00:00,0.1284,0.1289,0.1276,0.1287,72604.152
2026-04-18 15:00:00,0.1285,0.1289,0.1279,0.1282,32342.3983
2026-04-18 16:00:00,0.1282,0.129,0.1275,0.1277,297427.1552
2026-04-18 17:00:00,0.1277,0.1283,0.1271,0.1282,56353.881
2026-04-18 18:00:00,0.128,0.128,0.1262,0.1263,199166.1004
2026-04-18 19:00:00,0.1263,0.1271,0.1262,0.1266,208857.7609
2026-04-18 20:00:00,0.1264,0.1267,0.1258,0.1265,242369.9911
2026-04-18 21:00:00,0.1264,0.127,0.1261,0.1267,467982.4416
2026-04-18 22:00:00,0.1268,0.1269,0.1262,0.1267,124922.1256
2026-04-18 23:00:00,0.1266,0.1269,0.1258,0.1259,119662.2741
2026-04-19 00:00:00,0.126,0.126,0.1242,0.125,386150.344
2026-04-19 01:00:00,0.1253,0.1258,0.1233,0.1243,123946.7565
2026-04-19 02:00:00,0.1242,0.1242,0.1224,0.1234,235802.1406
2026-04-19 03:00:00,0.1234,0.1244,0.1228,0.1236,507880.3797
2026-04-19 04:00:00,0.1236,0.1244,0.123,0.1238,194682.2059
2026-04-19 05:00:00,0.1237,0.1246,0.1232,0.1232,115879.4624
2026-04-19 06:00:00,0.1233,0.1238,0.1227,0.1237,131755.4918
2026-04-19 07:00:00,0.1237,0.1239,0.1227,0.1236,203684.1611
2026-04-19 08:00:00,0.1235,0.1238,0.123,0.1235,73908.0297
2026-04-19 09:00:00,0.1236,0.1242,0.1231,0.1232,130390.5459
2026-04-19 10:00:00,0.1231,0.1238,0.123,0.1235,121474.9696
2026-04-19 11:00:00,0.1234,0.125,0.1234,0.1246,86132.2557
2026-04-19 12:00:00,0.1245,0.1257,0.1245,0.1254,86209.0955
2026-04-19 13:00:00,0.1254,0.127,0.1254,0.1258,629432.4074
2026-04-19 14:00:00,0.1258,0.1267,0.1252,0.126,625142.5335
2026-04-19 15:00:00,0.126,0.126,0.1236,0.125,132115.3225
2026-04-19 16:00:00,0.1251,0.1251,0.1241,0.1243,103448.8511
2026-04-19 17:00:00,0.1243,0.1243,0.1219,0.1221,218305.8502
2026-04-19 18:00:00,0.122,0.1225,0.1217,0.122,302002.9645
2026-04-19 19:00:00,0.1221,0.1239,0.1221,0.123,86192.4341
2026-04-19 20:00:00,0.1232,0.1232,0.1224,0.1229,87990.6128
2026-04-19 21:00:00,0.1227,0.1234,0.1224,0.1225,191071.6837
2026-04-19 22:00:00,0.1224,0.1224,0.1203,0.121,379067.9269
2026-04-19 23:00:00,0.1209,0.1209,0.12,0.1204,306165.1929
2026-04-20 00:00:00,0.1205,0.1219,0.1203,0.1215,260559.6148
2026-04-20 01:00:00,0.1215,0.1225,0.1214,0.1221,603410.1168
2026-04-20 02:00:00,0.1221,0.1223,0.1213,0.1218,246545.956
2026-04-20 03:00:00,0.1219,0.1228,0.1215,0.1224,299722.3632
2026-04-20 04:00:00,0.1224,0.1227,0.1218,0.1223,90852.3392
2026-04-20 05:00:00,0.1222,0.1222,0.1204,0.1209,145701.2854
2026-04-20 06:00:00,0.1209,0.1225,0.1207,0.1218,109450.5587
2026-04-20 07:00:00,0.1219,0.1244,0.1217,0.1228,251075.8882
2026-04-20 08:00:00,0.1229,0.1232,0.1217,0.1217,214009.96
2026-04-20 09:00:00,0.1216,0.1232,0.1214,0.1226,118524.7566
2026-04-20 10:00:00,0.1227,0.124,0.1226,0.1229,288038.3393
2026-04-20 11:00:00,0.1229,0.1233,0.1225,0.1228,68315.4727
2026-04-20 12:00:00,0.1227,0.1236,0.1223,0.1236,130097.7946
2026-04-20 13:00:00,0.1236,0.124,0.1228,0.1237,111577.4398
2026-04-20 14:00:00,0.1239,0.1246,0.1223,0.1227,158813.2215
2026-04-20 15:00:00,0.1227,0.124,0.1218,0.1232,322716.9
2026-04-20 16:00:00,0.1233,0.124,0.1229,0.1232,169253.5943
2026-04-20 17:00:00,0.1233,0.1246,0.1231,0.1245,66442.0395
2026-04-20 18:00:00,0.1245,0.1257,0.1245,0.1252,132570.0167
2026-04-20 19:00:00,0.1253,0.1253,0.1244,0.1248,56963.0961
2026-04-20 20:00:00,0.1248,0.1257,0.1243,0.1256,188876.787
2026-04-20 21:00:00,0.1256,0.1261,0.1249,0.1257,240754.6688
2026-04-20 22:00:00,0.1257,0.1257,0.1245,0.1245,279134.279
2026-04-20 23:00:00,0.1245,0.1245,0.1238,0.124,67704.5316
2026-04-21 00:00:00,0.124,0.1245,0.1237,0.1241,118387.4533
2026-04-21 01:00:00,0.124,0.1244,0.1236,0.1236,31478.203
2026-04-21 02:00:00,0.1236,0.1236,0.1229,0.1229,106686.0035
2026-04-21 03:00:00,0.1229,0.1232,0.1224,0.1229,153268.4092
2026-04-21 04:00:00,0.1229,0.1232,0.1224,0.1232,150698.2546
2026-04-21 05:00:00,0.1233,0.1242,0.1233,0.1239,124649.8876
2026-04-21 06:00:00,0.1239,0.1242,0.1231,0.1237,96622.0181
2026-04-21 07:00:00,0.1234,0.1241,0.1231,0.1232,105373.1005
2026-04-21 08:00:00,0.1232,0.1242,0.1231,0.1232,156176.344
2026-04-21 09:00:00,0.1232,0.1239,0.1228,0.1237,28551.9886
2026-04-21 10:00:00,0.1237,0.1247,0.1236,0.1244,167088.6049
2026-04-21 11:00:00,0.1244,0.1259,0.1234,0.1239,839212.0177
2026-04-21 12:00:00,0.124,0.1243,0.1222,0.1229,824708.4136
2026-04-21 13:00:00,0.1229,0.123,0.1217,0.1228,172427.3315
2026-04-21 14:00:00,0.1229,0.1238,0.122,0.123,249596.0906
2026-04-21 15:00:00,0.1232,0.1241,0.1228,0.124,161485.6715
2026-04-21 16:00:00,0.124,0.1245,0.1227,0.1227,50362.4024
2026-04-21 17:00:00,0.1228,0.1229,0.1208,0.1216,369797.2223
2026-04-21 18:00:00,0.1216,0.1218,0.121,0.1217,149360.8409
2026-04-21 19:00:00,0.1218,0.1227,0.1199,0.1205,129599.6341
2026-04-21 20:00:00,0.1205,0.1225,0.1204,0.1219,496946.3914
2026-04-21 21:00:00,0.1219,0.1222,0.1213,0.1219,212619.6117
2026-04-21 22:00:00,0.1218,0.122,0.1211,0.1218,600578.9294
2026-04-21 23:00:00,0.1219,0.1235,0.1219,0.1232,57288.056
2026-04-22 00:00:00,0.1232,0.1235,0.1229,0.1231,66893.165
2026-04-22 01:00:00,0.1231,0.1233,0.1223,0.1227,97217.6881
2026-04-22 02:00:00,0.1226,0.1256,0.1224,0.1255,303784.8082
2026-04-22 03:00:00,0.1255,0.1258,0.1249,0.1257,412946.3503
2026-04-22 04:00:00,0.1258,0.1271,0.1255,0.1269,271189.5445
2026-04-22 05:00:00,0.1269,0.1288,0.1265,0.1277,442142.8186
2026-04-22 06:00:00,0.1276,0.1278,0.127,0.1278,298588.6338
2026-04-22 07:00:00,0.1277,0.1278,0.1266,0.1269,134100.2424
2026-04-22 08:00:00,0.127,0.1277,0.1268,0.1274,214160.9712
2026-04-22 09:00:00,0.1273,0.128,0.1265,0.1267,41070.3543
2026-04-22 10:00:00,0.1268,0.1274,0.1264,0.1274,268490.8492
2026-04-22 11:00:00,0.1275,0.1278,0.1267,0.1274,39490.2797
2026-04-22 12:00:00,0.1274,0.1274,0.126,0.1262,53718.3925
2026-04-22 13:00:00,0.1263,0.1269,0.1258,0.126,226448.1194
2026-04-22 14:00:00,0.1259,0.1269,0.1259,0.1267,276893.7906
2026-04-22 15:00:00,0.1266,0.1271,0.1262,0.1262,121471.4357
2026-04-22 16:00:00,0.1261,0.1268,0.1259,0.1265,328773.5794
2026-04-22 17:00:00,0.1265,0.1275,0.126,0.1273,166907.806
2026-04-22 18:00:00,0.1274,0.1281,0.1271,0.1271,244354.7486
2026-04-22 19:00:00,0.127,0.1271,0.1246,0.1257,514821.121
2026-04-22 20:00:00,0.1258,0.1258,0.1248,0.1248,128578.2687
2026-04-22 21:00:00,0.1249,0.1254,0.1244,0.1248,397120.0854
2026-04-22 22:00:00,0.1248,0.1248,0.1227,0.1228,297761.4038
2026-04-22 23:00:00,0.1228,0.1229,0.1209,0.1209,593727.4285
2026-04-23 00:00:00,0.1211,0.1213,0.119,0.1207,567544.9943
2026-04-23 01:00:00,0.1207,0.1208,0.1198,0.1203,202698.8619
2026-04-23 02:00:00,0.1203,0.1203,0.118,0.1186,429237.1626
2026-04-23 03:00:00,0.1186,0.119,0.1176,0.1182,282221.8379
2026-04-23 04:00:00,0.1182,0.1189,0.1178,0.1185,486132.1833
2026-04-23 05:00:00,0.1186,0.1189,0.1178,0.1187,264312.4322
2026-04-23 06:00:00,0.1187,0.1195,0.1187,0.1191,284772.215
2026-04-23 07:00:00,0.1193,0.1194,0.1184,0.1187,196627.0912
2026-04-23 08:00:00,0.1187,0.1192,0.1184,0.1191,376075.0634
2026-04-23 09:00:00,0.1191,0.1192,0.1184,0.1189,1161799.3229
2026-04-23 10:00:00,0.1189,0.1192,0.1181,0.1183,384653.6708
2026-04-23 11:00:00,0.1184,0.1195,0.1182,0.119,188778.4982
2026-04-23 12:00:00,0.119,0.1199,0.1189,0.1193,355358.3789
2026-04-23 13:00:00,0.1195,0.1207,0.1194,0.1204,198165.3364
2026-04-23 14:00:00,0.1203,0.1215,0.12,0.1214,258565.0179
2026-04-23 15:00:00,0.1215,0.1228,0.1207,0.1224,378348.5557
2026-04-23 16:00:00,0.1224,0.1226,0.1207,0.1208,329790.6676
2026-04-23 17:00:00,0.1209,0.121,0.1176,0.1187,406290.5426
2026-04-23 18:00:00,0.1186,0.1195,0.1184,0.1187,130688.2893
2026-04-23 19:00:00,0.1187,0.1198,0.1184,0.119,409437.7224
2026-04-23 20:00:00,0.1189,0.1205,0.1189,0.12,193470.3507
2026-04-23 21:00:00,0.1201,0.122,0.1199,0.1213,202067.1803
2026-04-23 22:00:00,0.1212,0.1217,0.1211,0.1211,81152.4461
2026-04-23 23:00:00,0.1211,0.1219,0.1208,0.1215,61905.3523
2026-04-24 00:00:00,0.1216,0.1226,0.1216,0.1223,155900.8949
2026-04-24 01:00:00,0.1224,0.1224,0.121,0.1218,338291.0999
2026-04-24 02:00:00,0.1219,0.1219,0.1206,0.121,263118.5128
2026-04-24 03:00:00,0.1212,0.1212,0.1198,0.1205,383455.4529
2026-04-24 04:00:00,0.1206,0.1206,0.1199,0.1201,53103.2856
2026-04-24 05:00:00,0.1201,0.1216,0.1198,0.121,444778.1484
2026-04-24 06:00:00,0.121,0.1214,0.1206,0.121,85822.7247
2026-04-24 07:00:00,0.121,0.1216,0.1206,0.121,131716.5204
2026-04-24 08:00:00,0.1212,0.1221,0.1208,0.1215,207546.8874
2026-04-24 09:00:00,0.1216,0.1216,0.1207,0.1211,97996.3777
2026-04-24 10:00:00,0.121,0.1227,0.1209,0.1223,304045.0577
2026-04-24 11:00:00,0.1223,0.1233,0.1223,0.123,209600.2898
2026-04-24 12:00:00,0.123,0.1233,0.1224,0.1224,346299.9248
2026-04-24 13:00:00,0.1226,0.123,0.1217,0.122,270099.3167
2026-04-24 14:00:00,0.122,0.1225,0.1215,0.122,183859.9223
2026-04-24 15:00:00,0.122,0.1241,0.1211,0.124,199650.1388
2026-04-24 16:00:00,0.1241,0.1241,0.1229,0.1232,909087.585
2026-04-24 17:00:00,0.1233,0.1237,0.123,0.1231,200776.0992
2026-04-24 18:00:00,0.1232,0.124,0.1228,0.1237,150635.5468
2026-04-24 19:00:00,0.1236,0.1253,0.1234,0.125,263543.4444
2026-04-24 20:00:00,0.1252,0.1263,0.124,0.1257,484885.4747
2026-04-24 21:00:00,0.1259,0.1266,0.1251,0.126,328609.2374
2026-04-24 22:00:00,0.126,0.1262,0.1244,0.1247,181879.017
2026-04-24 23:00:00,0.1248,0.1259,0.1241,0.1251,1190562.9392
2026-04-25 00:00:00,0.1251,0.1259,0.1243,0.1257,224700.7528
2026-04-25 01:00:00,0.1259,0.1272,0.1253,0.1268,1084609.6351
2026-04-25 02:00:00,0.1271,0.1276,0.126,0.1271,235314.5948
2026-04-25 03:00:00,0.1272,0.1288,0.1272,0.1282,628049.2299
2026-04-25 04:00:00,0.1282,0.1293,0.1279,0.129,423565.7836
2026-04-25 05:00:00,0.129,0.13,0.1274,0.1294,807929.839
2026-04-25 06:00:00,0.1295,0.1302,0.1286,0.1288,251503.3145
2026-04-25 07:00:00,0.1288,0.1293,0.1281,0.1286,453670.275
2026-04-25 08:00:00,0.1285,0.1326,0.1281,0.1323,1456761.8603
2026-04-25 09:00:00,0.1324,0.1333,0.13,0.1322,2181093.7533
2026-04-25 10:00:00,0.1323,0.133,0.1306,0.1308,886478.0459
2026-04-25 11:00:00,0.1308,0.131,0.128,0.1286,785335.1936
2026-04-25 12:00:00,0.1284,0.1285,0.1274,0.1278,580318.9246
2026-04-25 13:00:00,0.1278,0.1283,0.1267,0.1269,285457.2969
2026-04-25 14:00:00,0.1269,0.127,0.1258,0.1262,287509.7286
2026-04-25 15:00:00,0.1262,0.1267,0.125,0.1255,757714.7861
2026-04-25 16:00:00,0.1255,0.126,0.1242,0.1246,394674.4343
2026-04-25 17:00:00,0.1246,0.1248,0.1239,0.124,236485.825
2026-04-25 18:00:00,0.124,0.1251,0.124,0.1244,136271.7501
2026-04-25 19:00:00,0.1244,0.1245,0.1239,0.1241,75959.7944
2026-04-25 20:00:00,0.1241,0.1243,0.1236,0.1243,259250.9243
2026-04-25 21:00:00,0.1244,0.1249,0.1243,0.1248,381387.9164
2026-04-25 22:00:00,0.1249,0.1255,0.1247,0.1249,195145.5253
2026-04-25 23:00:00,0.125,0.1253,0.1248,0.125,88839.851
2026-04-26 00:00:00,0.125,0.1251,0.1241,0.1243,151714.3719
2026-04-26 01:00:00,0.1244,0.1244,0.1236,0.1238,276552.4181
2026-04-26 02:00:00,0.1238,0.1248,0.1238,0.1241,184978.1612
2026-04-26 03:00:00,0.1242,0.1243,0.1232,0.1238,960230.5334
2026-04-26 04:00:00,0.1238,0.1252,0.1236,0.1244,1492379.202
2026-04-26 05:00:00,0.1245,0.1262,0.1243,0.1256,401273.1014
2026-04-26 06:00:00,0.1256,0.1267,0.1256,0.1261,336306.9376
2026-04-26 07:00:00,0.1262,0.1267,0.1259,0.1261,129857.026
2026-04-26 08:00:00,0.1261,0.1261,0.1254,0.1258,245729.6115
2026-04-26 09:00:00,0.1259,0.1263,0.1256,0.126,234444.897
2026-04-26 10:00:00,0.1259,0.1269,0.1257,0.1268,231189.1879
2026-04-26 11:00:00,0.1268,0.1273,0.1262,0.1266,181343.0798
2026-04-26 12:00:00,0.1267,0.1268,0.1251,0.1255,198685.1555
2026-04-26 13:00:00,0.1256,0.1258,0.1247,0.1251,349163.8943
2026-04-26 14:00:00,0.1251,0.1267,0.1249,0.1262,327958.1117
2026-04-26 15:00:00,0.1261,0.1268,0.1256,0.1266,169641.9798
2026-04-26 16:00:00,0.1266,0.1267,0.126,0.1262,187624.5094
2026-04-26 17:00:00,0.1262,0.1268,0.1257,0.1267,17604.2821
2026-04-26 18:00:00,0.1267,0.127,0.1263,0.1268,45284.7261
2026-04-26 19:00:00,0.1269,0.1276,0.1266,0.1267,63749.7924
2026-04-26 20:00:00,0.1268,0.127,0.1265,0.1265,121431.0805
2026-04-26 21:00:00,0.1265,0.1267,0.1248,0.1263,183664.8094
2026-04-26 22:00:00,0.1263,0.1267,0.1254,0.1258,98522.9593
2026-04-26 23:00:00,0.1258,0.1264,0.1254,0.1258,80214.2008
2026-04-27 00:00:00,0.1258,0.1267,0.1252,0.1266,229253.683
2026-04-27 01:00:00,0.1266,0.1275,0.1263,0.1273,231886.9579
2026-04-27 02:00:00,0.1276,0.128,0.1266,0.1279,447315.576
2026-04-27 03:00:00,0.1278,0.129,0.1277,0.1284,204712.5876
2026-04-27 04:00:00,0.1283,0.1284,0.1274,0.1276,108227.0802
2026-04-27 05:00:00,0.1277,0.1277,0.1235,0.1245,2292675.8541
2026-04-27 06:00:00,0.1244,0.1244,0.1221,0.1227,788964.5631
2026-04-27 07:00:00,0.1228,0.1229,0.1218,0.1221,312877.7395
2026-04-27 08:00:00,0.122,0.1224,0.1217,0.1223,142206.755
2026-04-27 09:00:00,0.1225,0.123,0.1223,0.1226,237015.3546
2026-04-27 10:00:00,0.1225,0.1226,0.1219,0.1219,244921.1208
2026-04-27 11:00:00,0.1219,0.1221,0.1214,0.1219,199991.1942
2026-04-27 12:00:00,0.1222,0.1223,0.1214,0.1218,430825.3435
2026-04-27 13:00:00,0.1219,0.122,0.1206,0.1214,329166.7357
2026-04-27 14:00:00,0.1214,0.123,0.1214,0.1223,249636.7432
2026-04-27 15:00:00,0.1225,0.1225,0.119,0.1199,1286008.0816
2026-04-27 16:00:00,0.1197,0.1204,0.1193,0.1203,215528.673
2026-04-27 17:00:00,0.1204,0.1214,0.1204,0.1208,201152.8465
2026-04-27 18:00:00,0.1207,0.1211,0.1206,0.1209,54049.6811
2026-04-27 19:00:00,0.1209,0.1209,0.1198,0.1208,15595.0111
2026-04-27 20:00:00,0.1209,0.1213,0.1208,0.121,27801.6841
2026-04-27 21:00:00,0.1209,0.1218,0.1209,0.1214,245121.2186
2026-04-27 22:00:00,0.1214,0.1222,0.1213,0.1219,91451.7081
2026-04-27 23:00:00,0.1219,0.1226,0.1219,0.1225,61177.9862
2026-04-28 00:00:00,0.1225,0.1227,0.1221,0.1224,56373.1886
2026-04-28 01:00:00,0.1224,0.1226,0.122,0.122,49986.1779
2026-04-28 02:00:00,0.1221,0.1227,0.1217,0.1217,22964.9032
2026-04-28 03:00:00,0.1219,0.1223,0.1215,0.1223,108587.5235
2026-04-28 04:00:00,0.1223,0.1229,0.1221,0.1227,199816.0741
2026-04-28 05:00:00,0.1227,0.1231,0.1224,0.1225,101585.898
2026-04-28 06:00:00,0.1226,0.1232,0.1217,0.1221,249589.9935
2026-04-28 07:00:00,0.1221,0.1221,0.1212,0.1218,219264.0571
2026-04-28 08:00:00,0.1218,0.1224,0.1215,0.1218,114288.8766
2026-04-28 09:00:00,0.1219,0.1219,0.1209,0.1211,358744.6532
2026-04-28 10:00:00,0.1212,0.1218,0.1209,0.1214,229280.95
2026-04-28 11:00:00,0.1214,0.1214,0.1202,0.1206,84588.0815
2026-04-28 12:00:00,0.1206,0.1212,0.1202,0.1209,70367.7112
2026-04-28 13:00:00,0.1209,0.122,0.1202,0.1214,119471.5738
2026-04-28 14:00:00,0.1214,0.1214,0.1202,0.121,466897.4596
2026-04-28 15:00:00,0.121,0.1216,0.121,0.1215,35046.1669
2026-04-28 16:00:00,0.1214,0.1221,0.1207,0.1209,311942.5008
2026-04-28 17:00:00,0.1208,0.1215,0.1205,0.1209,74399.4421
2026-04-28 18:00:00,0.1209,0.1216,0.1209,0.1216,117090.2567
2026-04-28 19:00:00,0.1215,0.122,0.1213,0.1217,26593.3504
2026-04-28 20:00:00,0.122,0.122,0.1213,0.1215,34324.286
2026-04-28 21:00:00,0.1214,0.1218,0.121,0.1213,319301.9377
2026-04-28 22:00:00,0.1214,0.1217,0.1212,0.1213,24969.5354
2026-04-28 23:00:00,0.1212,0.1213,0.1209,0.1211,19898.5921
2026-04-29 00:00:00,0.1212,0.1214,0.1211,0.1213,16975.8493
2026-04-29 01:00:00,0.1213,0.1214,0.1204,0.1207,175673.0129
2026-04-29 02:00:00,0.1208,0.1212,0.1203,0.1208,91413.7337
2026-04-29 03:00:00,0.1209,0.1229,0.1209,0.1226,219168.7334
2026-04-29 04:00:00,0.1226,0.1238,0.1225,0.1236,306283.0228
2026-04-29 05:00:00,0.1237,0.1242,0.1234,0.1241,116762.6998
2026-04-29 06:00:00,0.1241,0.1245,0.1233,0.1237,273004.4928
2026-04-29 07:00:00,0.1237,0.124,0.123,0.1236,782326.3227
2026-04-29 08:00:00,0.1236,0.1237,0.123,0.1233,132050.0085
2026-04-29 09:00:00,0.1232,0.1251,0.1229,0.1251,119444.4737
2026-04-29 10:00:00,0.1252,0.126,0.1245,0.1249,374253.1724
2026-04-29 11:00:00,0.1247,0.125,0.1237,0.1238,338823.3483
2026-04-29 12:00:00,0.1239,0.1239,0.1217,0.1224,479442.8753
2026-04-29 13:00:00,0.1223,0.1225,0.1209,0.1213,227966.4894
2026-04-29 14:00:00,0.1215,0.1218,0.1206,0.1209,144351.8707
2026-04-29 15:00:00,0.1208,0.121,0.1182,0.1184,587982.3724
2026-04-29 16:00:00,0.1184,0.119,0.1182,0.1187,209298.6724
2026-04-29 17:00:00,0.1188,0.1201,0.1188,0.1201,31813.4995
2026-04-29 18:00:00,0.1201,0.1202,0.1155,0.1176,715790.2204
2026-04-29 19:00:00,0.1176,0.1181,0.1171,0.1176,93338.6783
2026-04-29 20:00:00,0.1177,0.1192,0.1176,0.119,81346.6813
2026-04-29 21:00:00,0.1189,0.1203,0.1187,0.1195,120074.8168
2026-04-29 22:00:00,0.1195,0.1201,0.1195,0.1197,63600.1519
2026-04-29 23:00:00,0.1197,0.1199,0.1193,0.1197,28620.2568
2026-04-30 00:00:00,0.1198,0.1214,0.1197,0.1213,63106.5727
2026-04-30 01:00:00,0.1213,0.1218,0.1208,0.1216,71121.7851
2026-04-30 02:00:00,0.1216,0.1219,0.1193,0.1198,274753.3315
2026-04-30 03:00:00,0.1198,0.1206,0.1196,0.1206,49545.7704
2026-04-30 04:00:00,0.1205,0.1205,0.1191,0.1191,180700.1753
2026-04-30 05:00:00,0.1191,0.12,0.1187,0.1194,117125.6036
2026-04-30 06:00:00,0.1195,0.1202,0.1192,0.1199,115658.0462
2026-04-30 07:00:00,0.1199,0.1207,0.1197,0.1206,138926.3528
2026-04-30 08:00:00,0.1206,0.1211,0.1204,0.1205,496669.5902
2026-04-30 09:00:00,0.1206,0.1219,0.1203,0.1215,539394.2873
2026-04-30 10:00:00,0.1214,0.1218,0.1209,0.1215,535406.8238
2026-04-30 11:00:00,0.1216,0.1224,0.1211,0.122,351208.7459
2026-04-30 12:00:00,0.122,0.1227,0.1216,0.1217,155178.0662
2026-04-30 13:00:00,0.1217,0.122,0.1209,0.121,77908.3195
2026-04-30 14:00:00,0.121,0.1214,0.1201,0.1202,148739.3592
2026-04-30 15:00:00,0.1202,0.1214,0.12,0.1213,135179.4905
2026-04-30 16:00:00,0.1213,0.1215,0.1204,0.1204,93620.4322
2026-04-30 17:00:00,0.1206,0.1208,0.1202,0.1206,76730.8681
2026-04-30 18:00:00,0.1205,0.121,0.1203,0.1208,132711.6069
2026-04-30 19:00:00,0.1207,0.1215,0.1207,0.1212,55286.6344
2026-04-30 20:00:00,0.121,0.1211,0.1206,0.1206,39399.4684
2026-04-30 21:00:00,0.1206,0.1208,0.1198,0.1201,94282.489
2026-04-30 22:00:00,0.1201,0.1202,0.1194,0.1195,38328.9403
2026-04-30 23:00:00,0.1197,0.1203,0.1195,0.1203,30699.4649
2026-05-01 00:00:00,0.1204,0.121,0.1203,0.1204,33498.8653
2026-05-01 01:00:00,0.1206,0.1217,0.1205,0.1217,307162.8148
2026-05-01 02:00:00,0.1217,0.1218,0.1208,0.1212,77297.565
2026-05-01 03:00:00,0.121,0.1228,0.1209,0.1221,157086.0581
2026-05-01 04:00:00,0.1221,0.1229,0.122,0.1223,62640.1543
2026-05-01 05:00:00,0.1222,0.1225,0.1219,0.122,36838.0325
2026-05-01 06:00:00,0.1221,0.1222,0.1206,0.1208,287725.5797
2026-05-01 07:00:00,0.1208,0.1215,0.1204,0.1212,86838.0257
2026-05-01 08:00:00,0.1212,0.1215,0.121,0.1213,112758.021
2026-05-01 09:00:00,0.1213,0.1215,0.1205,0.1205,112117.4071
2026-05-01 10:00:00,0.1208,0.1208,0.1197,0.1207,156141.479
2026-05-01 11:00:00,0.1208,0.1212,0.1204,0.1207,71491.9354
2026-05-01 12:00:00,0.1207,0.1215,0.1206,0.1213,119675.8141
2026-05-01 13:00:00,0.1213,0.1229,0.1213,0.1227,97815.5465
2026-05-01 14:00:00,0.1227,0.1228,0.1216,0.1224,117862.3993
2026-05-01 15:00:00,0.1223,0.1229,0.1215,0.1223,140622.1027
2026-05-01 16:00:00,0.1224,0.1227,0.1216,0.1221,177457.3801
2026-05-01 17:00:00,0.122,0.1227,0.1218,0.1226,296718.781
2026-05-01 18:00:00,0.1226,0.1231,0.1222,0.1227,197596.7444
2026-05-01 19:00:00,0.1227,0.1233,0.1224,0.1225,233047.7305
2026-05-01 20:00:00,0.1225,0.1227,0.121,0.1215,284244.9567
2026-05-01 21:00:00,0.1215,0.1219,0.1213,0.1218,143371.1742
2026-05-01 22:00:00,0.1218,0.1225,0.1212,0.1213,149552.3296
2026-05-01 23:00:00,0.1213,0.1213,0.1204,0.121,164728.1876
2026-05-02 00:00:00,0.121,0.1214,0.1206,0.1212,205762.4597
2026-05-02 01:00:00,0.1212,0.1214,0.121,0.1212,57371.8816
2026-05-02 02:00:00,0.1212,0.1213,0.1204,0.1204,99807.6874
2026-05-02 03:00:00,0.1204,0.1207,0.12,0.1205,32614.2729
2026-05-02 04:00:00,0.1206,0.1206,0.1198,0.12,77910.9761
2026-05-02 05:00:00,0.12,0.1201,0.1192,0.1197,118183.1232
2026-05-02 06:00:00,0.1197,0.1203,0.1197,0.1203,63290.2309
2026-05-02 07:00:00,0.1202,0.1204,0.1201,0.1202,51620.4307
2026-05-02 08:00:00,0.1201,0.1205,0.1199,0.1204,36639.0741
2026-05-02 09:00:00,0.1205,0.1213,0.1205,0.121,128831.1762
2026-05-02 10:00:00,0.121,0.1214,0.1209,0.1214,63640.3001
2026-05-02 11:00:00,0.121,0.121,0.1204,0.1206,29723.49
2026-05-02 12:00:00,0.1207,0.1213,0.1205,0.1208,132691.0852
2026-05-02 13:00:00,0.1208,0.1218,0.1208,0.1217,105638.4039
2026-05-02 14:00:00,0.1217,0.1226,0.1217,0.1226,125917.8151
2026-05-02 15:00:00,0.1227,0.1233,0.1225,0.1233,99925.3412
2026-05-02 16:00:00,0.1234,0.124,0.1232,0.124,335478.1136
2026-05-02 17:00:00,0.1241,0.1247,0.1237,0.1239,211942.723
2026-05-02 18:00:00,0.1239,0.1255,0.1229,0.1252,80948.8246
2026-05-02 19:00:00,0.1251,0.1261,0.1251,0.1259,311735.9495
2026-05-02 20:00:00,0.126,0.127,0.1258,0.1264,356520.3976
2026-05-02 21:00:00,0.1264,0.1267,0.1252,0.126,217016.1645
2026-05-02 22:00:00,0.1259,0.1265,0.1256,0.1262,115776.1314
2026-05-02 23:00:00,0.1261,0.1261,0.1252,0.1254,199091.2552
2026-05-03 00:00:00,0.1256,0.1257,0.1243,0.1247,147372.7674
2026-05-03 01:00:00,0.1246,0.1246,0.123,0.1232,162173.9537
2026-05-03 02:00:00,0.1233,0.1234,0.1221,0.1226,213666.9043
2026-05-03 03:00:00,0.1224,0.1228,0.122,0.1224,107952.1387
2026-05-03 04:00:00,0.1224,0.1226,0.122,0.1224,24802.5145
2026-05-03 05:00:00,0.1224,0.1229,0.122,0.1224,93329.6672
2026-05-03 06:00:00,0.1223,0.1224,0.1216,0.122,77185.0476
2026-05-03 07:00:00,0.1219,0.1226,0.1219,0.1223,45937.4022
2026-05-03 08:00:00,0.1223,0.1225,0.1218,0.1218,177452.8083
2026-05-03 09:00:00,0.1217,0.1224,0.1216,0.122,125164.1822
2026-05-03 10:00:00,0.1221,0.1226,0.1217,0.1217,73983.2059
2026-05-03 11:00:00,0.1216,0.1228,0.1212,0.1221,214911.6818
2026-05-03 12:00:00,0.1221,0.1229,0.1221,0.1223,140132.3843
2026-05-03 13:00:00,0.1224,0.1224,0.1212,0.1215,134700.0523
2026-05-03 14:00:00,0.1216,0.1221,0.1214,0.122,46175.5495
2026-05-03 15:00:00,0.1221,0.1226,0.122,0.122,103614.0253
2026-05-03 16:00:00,0.1221,0.1225,0.1217,0.1223,357847.1269
2026-05-03 17:00:00,0.1221,0.1229,0.1217,0.1225,89576.3609
2026-05-03 18:00:00,0.1226,0.1227,0.1222,0.1223,26878.7938
2026-05-03 19:00:00,0.1224,0.1234,0.1224,0.1233,31088.3956
2026-05-03 20:00:00,0.1231,0.1242,0.1231,0.1237,160746.6362
2026-05-03 21:00:00,0.1237,0.124,0.1223,0.1227,81553.1626
2026-05-03 22:00:00,0.1228,0.1248,0.1228,0.1244,290856.6679
2026-05-03 23:00:00,0.1245,0.1247,0.1229,0.1229,201516.0852
2026-05-04 00:00:00,0.1229,0.1229,0.1212,0.1225,549661.2009
2026-05-04 01:00:00,0.1225,0.1249,0.1218,0.1249,887880.4001
2026-05-04 02:00:00,0.125,0.1273,0.125,0.127,458599.0165
2026-05-04 03:00:00,0.1269,0.1271,0.1258,0.1269,147109.2725
2026-05-04 04:00:00,0.1269,0.1277,0.1267,0.1271,302258.9502
2026-05-04 05:00:00,0.1271,0.1276,0.1264,0.1269,133794.3658
2026-05-04 06:00:00,0.127,0.127,0.1244,0.1256,161838.1184
2026-05-04 07:00:00,0.1256,0.126,0.125,0.1252,52463.3933
2026-05-04 08:00:00,0.1252,0.1255,0.1247,0.1249,304270.3569
2026-05-04 09:00:00,0.1248,0.1258,0.1244,0.1255,101495.8888
2026-05-04 10:00:00,0.1255,0.1255,0.1206,0.1214,1161750.4116
2026-05-04 11:00:00,0.1214,0.1217,0.1208,0.1214,178673.2416
2026-05-04 12:00:00,0.1213,0.1221,0.1213,0.1213,99506.0131
2026-05-04 13:00:00,0.1213,0.1222,0.1205,0.1216,461172.6201
2026-05-04 14:00:00,0.1217,0.1254,0.1212,0.1248,819554.1581
2026-05-04 15:00:00,0.1247,0.1249,0.122,0.1227,594332.0609
2026-05-04 16:00:00,0.1228,0.1236,0.1217,0.1231,678200.3757
2026-05-04 17:00:00,0.1231,0.1256,0.1231,0.1252,230122.6466
2026-05-04 18:00:00,0.1253,0.1257,0.1244,0.1253,114105.8107
2026-05-04 19:00:00,0.1254,0.1258,0.1244,0.1248,275349.525
2026-05-04 20:00:00,0.1249,0.1249,0.1232,0.1233,291676.1156
2026-05-04 21:00:00,0.1233,0.126,0.1233,0.1258,372450.8341
2026-05-04 22:00:00,0.1257,0.1261,0.1236,0.1244,395437.1883
2026-05-04 23:00:00,0.1243,0.1246,0.1236,0.1241,161219.3559
2026-05-05 00:00:00,0.1242,0.1258,0.1235,0.1256,1178615.8146
2026-05-05 01:00:00,0.1252,0.1272,0.1252,0.1266,300231.7382
2026-05-05 02:00:00,0.1267,0.1286,0.1264,0.1268,416454.7899
2026-05-05 03:00:00,0.1269,0.1278,0.1264,0.1274,150604.3725
2026-05-05 04:00:00,0.1273,0.1281,0.1271,0.1273,293557.9148
2026-05-05 05:00:00,0.1273,0.1279,0.1269,0.1274,137060.4128
2026-05-05 06:00:00,0.1275,0.1275,0.1262,0.1269,962385.317
2026-05-05 07:00:00,0.127,0.1278,0.1266,0.1272,168288.9861
2026-05-05 08:00:00,0.1272,0.1283,0.1271,0.1283,608883.3366
2026-05-05 09:00:00,0.1283,0.1294,0.128,0.129,245358.4227
2026-05-05 10:00:00,0.1292,0.1302,0.1286,0.1298,211702.5994
2026-05-05 11:00:00,0.1299,0.1302,0.1283,0.1296,148648.3312
2026-05-05 12:00:00,0.1299,0.1306,0.1296,0.1296,133294.114
2026-05-05 13:00:00,0.1297,0.1297,0.1278,0.1283,451229.5899
2026-05-05 14:00:00,0.1282,0.129,0.127,0.1278,445093.3313
2026-05-05 15:00:00,0.1277,0.128,0.1272,0.1273,114965.7024
2026-05-05 16:00:00,0.1274,0.1279,0.1265,0.127,420498.3736
2026-05-05 17:00:00,0.1271,0.1274,0.1265,0.1273,88715.2236
2026-05-05 18:00:00,0.1273,0.1277,0.1271,0.1273,67253.3991
2026-05-05 19:00:00,0.1274,0.1282,0.1273,0.1278,142550.1929
2026-05-05 20:00:00,0.1279,0.1302,0.1279,0.1302,354158.5342
2026-05-05 21:00:00,0.1302,0.1309,0.1291,0.1292,248651.9163
2026-05-05 22:00:00,0.1292,0.1295,0.1277,0.1284,576785.2945
2026-05-05 23:00:00,0.1283,0.1287,0.1276,0.1285,108128.8018
2026-05-06 00:00:00,0.1285,0.1296,0.1279,0.1293,137679.1063
2026-05-06 01:00:00,0.1293,0.1319,0.1288,0.1315,329984.3349
2026-05-06 02:00:00,0.1315,0.1316,0.1298,0.1315,134352.1359
2026-05-06 03:00:00,0.1315,0.1329,0.1309,0.1325,323029.9844
2026-05-06 04:00:00,0.1325,0.1329,0.1315,0.1317,401249.2955
2026-05-06 05:00:00,0.1316,0.1324,0.1308,0.1322,283441.4367
2026-05-06 06:00:00,0.1323,0.1325,0.1312,0.1322,136507.4357
2026-05-06 07:00:00,0.1322,0.1334,0.132,0.1325,320165.6438
2026-05-06 08:00:00,0.1324,0.1355,0.1323,0.135,589668.8531
2026-05-06 09:00:00,0.135,0.1363,0.1348,0.1361,593186.5364
2026-05-06 10:00:00,0.1361,0.1362,0.1354,0.1358,341879.3045
2026-05-06 11:00:00,0.1356,0.1365,0.1354,0.1362,379948.3645
2026-05-06 12:00:00,0.1363,0.1375,0.1361,0.1371,297029.5041
2026-05-06 13:00:00,0.1372,0.1372,0.1339,0.1347,597942.7562
2026-05-06 14:00:00,0.1344,0.1353,0.1323,0.1348,563972.8408
2026-05-06 15:00:00,0.1348,0.1368,0.1348,0.1363,1039933.3451
2026-05-06 16:00:00,0.1362,0.1385,0.1356,0.1383,411861.8178
2026-05-06 17:00:00,0.1384,0.1388,0.1357,0.1364,1126486.7319
2026-05-06 18:00:00,0.1365,0.1371,0.1359,0.1366,280750.6639
2026-05-06 19:00:00,0.1366,0.1391,0.1366,0.1386,202093.5005
2026-05-06 20:00:00,0.1387,0.1419,0.1386,0.1408,744361.5753
2026-05-06 21:00:00,0.1408,0.1488,0.1407,0.1476,2032290.0436
2026-05-06 22:00:00,0.1476,0.1476,0.1412,0.143,1293287.8173
2026-05-06 23:00:00,0.1431,0.1433,0.1402,0.1424,739609.9163
2026-05-07 00:00:00,0.1424,0.143,0.1409,0.1422,1336544.9569
2026-05-07 01:00:00,0.1422,0.1442,0.1387,0.139,2929526.5593
2026-05-07 02:00:00,0.139,0.1395,0.1376,0.1391,946861.1568
2026-05-07 03:00:00,0.139,0.1407,0.1388,0.1388,1480624.1316
2026-05-07 04:00:00,0.1389,0.1446,0.1387,0.1445,835873.5144
2026-05-07 05:00:00,0.1444,0.1507,0.1444,0.1497,2473514.96
2026-05-07 06:00:00,0.1496,0.1496,0.1445,0.149,2063495.1545
2026-05-07 07:00:00,0.1491,0.1493,0.1444,0.1449,362967.9365
2026-05-07 08:00:00,0.1449,0.1458,0.1438,0.1451,458745.1074
2026-05-07 09:00:00,0.1451,0.1463,0.1441,0.1445,312196.7876
2026-05-07 10:00:00,0.1446,0.1468,0.1442,0.1461,235177.4296
2026-05-07 11:00:00,0.1462,0.1478,0.1456,0.1456,1120146.6771
2026-05-07 12:00:00,0.1455,0.1491,0.1451,0.1478,769945.971
2026-05-07 13:00:00,0.1476,0.1492,0.1447,0.1453,1049427.1699
2026-05-07 14:00:00,0.1454,0.1464,0.1426,0.1441,568038.726
2026-05-07 15:00:00,0.1441,0.1461,0.1433,0.1443,544162.5248
2026-05-07 16:00:00,0.1444,0.1475,0.1442,0.1453,1095915.0672
2026-05-07 17:00:00,0.1455,0.1474,0.1439,0.1453,453451.9998
2026-05-07 18:00:00,0.1454,0.1472,0.1448,0.1452,164881.7562
2026-05-07 19:00:00,0.1453,0.1474,0.1441,0.1469,329859.9275
2026-05-07 20:00:00,0.147,0.1487,0.1469,0.1473,420897.0473
2026-05-07 21:00:00,0.1472,0.1498,0.1455,0.1474,699952.5949
2026-05-07 22:00:00,0.1473,0.1474,0.1452,0.1463,272818.0995
2026-05-07 23:00:00,0.1463,0.1483,0.1463,0.1479,117833.6115
2026-05-08 00:00:00,0.1481,0.1494,0.1469,0.1479,285714.35
2026-05-08 01:00:00,0.1479,0.1489,0.1469,0.1483,208976.7257
2026-05-08 02:00:00,0.1484,0.15,0.1464,0.1495,658864.7049
2026-05-08 03:00:00,0.1495,0.1514,0.1474,0.1488,607357.4273
2026-05-08 04:00:00,0.1488,0.1512,0.148,0.149,1081580.8309
2026-05-08 05:00:00,0.149,0.1497,0.1471,0.1471,269772.5515
2026-05-08 06:00:00,0.147,0.1498,0.1459,0.1497,723949.9239
2026-05-08 07:00:00,0.1496,0.1509,0.1484,0.1506,483270.0721
2026-05-08 08:00:00,0.1504,0.1509,0.1481,0.1489,349393.8725
2026-05-08 09:00:00,0.1489,0.1511,0.1479,0.15,1880127.9876
2026-05-08 10:00:00,0.15,0.1515,0.1494,0.1497,907774.3906
2026-05-08 11:00:00,0.1497,0.1528,0.1494,0.152,311775.6415
2026-05-08 12:00:00,0.1519,0.1525,0.15,0.1509,945829.6878
2026-05-08 13:00:00,0.1509,0.1517,0.1487,0.1494,326212.189
2026-05-08 14:00:00,0.1494,0.1521,0.149,0.1507,295598.4144
2026-05-08 15:00:00,0.1507,0.1525,0.1494,0.1523,731338.3658
2026-05-08 16:00:00,0.1524,0.1548,0.1517,0.1536,1667336.5847
2026-05-08 17:00:00,0.1535,0.1609,0.1535,0.1596,1332723.1785
2026-05-08 18:00:00,0.1596,0.1651,0.1596,0.161,3153375.6346
2026-05-08 19:00:00,0.161,0.1637,0.1595,0.1618,1079306.0499
2026-05-08 20:00:00,0.1618,0.1691,0.1613,0.1684,1865154.9941
2026-05-08 21:00:00,0.1685,0.1773,0.1676,0.1752,3284778.7957
2026-05-08 22:00:00,0.1751,0.1817,0.1725,0.1747,8640225.5384
2026-05-08 23:00:00,0.1747,0.1756,0.1708,0.1718,1437435.5338
2026-05-09 00:00:00,0.1717,0.1725,0.1673,0.1683,1673926.1132
2026-05-09 01:00:00,0.1682,0.1697,0.1664,0.1686,1020535.3519
2026-05-09 02:00:00,0.1686,0.1711,0.1684,0.1695,675856.3099
2026-05-09 03:00:00,0.1694,0.1703,0.1671,0.1693,633309.9257
2026-05-09 04:00:00,0.1693,0.1697,0.166,0.1672,431765.8631
2026-05-09 05:00:00,0.1671,0.1696,0.1664,0.1686,361053.5652
2026-05-09 06:00:00,0.1685,0.1714,0.1684,0.1697,492470.2466
2026-05-09 07:00:00,0.1697,0.1707,0.1645,0.1647,3311351.3916
2026-05-09 08:00:00,0.1648,0.1667,0.164,0.1662,607617.3108
2026-05-09 09:00:00,0.1662,0.1662,0.164,0.1657,787951.6793
2026-05-09 10:00:00,0.1658,0.166,0.1626,0.1633,438941.9122
2026-05-09 11:00:00,0.1632,0.1659,0.1631,0.1652,325285.8308
2026-05-09 12:00:00,0.1653,0.1678,0.1652,0.1665,650808.7039
2026-05-09 13:00:00,0.1663,0.167,0.1636,0.1647,643345.6309
2026-05-09 14:00:00,0.1648,0.1666,0.1644,0.1659,171532.804
2026-05-09 15:00:00,0.1661,0.1681,0.1656,0.1662,1020887.9758
2026-05-09 16:00:00,0.1662,0.1664,0.1647,0.1657,314066.7842
2026-05-09 17:00:00,0.1657,0.1665,0.1643,0.1646,205540.9367
2026-05-09 18:00:00,0.1646,0.1656,0.1643,0.1645,90093.4699
2026-05-09 19:00:00,0.1645,0.1649,0.1639,0.1646,150753.0643
2026-05-09 20:00:00,0.1647,0.1654,0.1646,0.1653,63051.3687
2026-05-09 21:00:00,0.1653,0.1661,0.1645,0.1655,296177.4017
2026-05-09 22:00:00,0.1656,0.1657,0.1651,0.1652,46993.1555
2026-05-09 23:00:00,0.1652,0.1653,0.1632,0.1633,305698.4431
2026-05-10 00:00:00,0.1632,0.1636,0.1616,0.1622,610268.9233
2026-05-10 01:00:00,0.1623,0.1623,0.1608,0.1614,364231.6768
2026-05-10 02:00:00,0.1615,0.1637,0.1609,0.1628,160124.1466
2026-05-10 03:00:00,0.1628,0.1631,0.1621,0.1623,106232.0394
2026-05-10 04:00:00,0.1623,0.1632,0.1618,0.1624,116656.8387
2026-05-10 05:00:00,0.1623,0.1627,0.1614,0.1625,115417.2373
2026-05-10 06:00:00,0.1624,0.1626,0.161,0.1611,155001.4174
2026-05-10 07:00:00,0.1611,0.162,0.1606,0.1608,195914.7895
2026-05-10 08:00:00,0.1607,0.1624,0.1606,0.1618,150356.8272
2026-05-10 09:00:00,0.1618,0.1629,0.1617,0.1617,153370.4515
2026-05-10 10:00:00,0.1618,0.164,0.161,0.1633,389265.1832
2026-05-10 11:00:00,0.1634,0.1645,0.1623,0.1623,304827.8653
2026-05-10 12:00:00,0.1622,0.1624,0.1614,0.1622,171273.3314
2026-05-10 13:00:00,0.1623,0.1645,0.1623,0.1635,372598.5922
2026-05-10 14:00:00,0.1634,0.1635,0.162,0.1622,164731.7663
2026-05-10 15:00:00,0.1622,0.1632,0.1615,0.163,668095.4175
2026-05-10 16:00:00,0.1631,0.1648,0.1628,0.1646,324313.3191
2026-05-10 17:00:00,0.1646,0.1657,0.1634,0.1657,743730.6548
2026-05-10 18:00:00,0.1658,0.1662,0.1644,0.1656,310923.4061
2026-05-10 19:00:00,0.1657,0.1657,0.1644,0.1649,185588.291
2026-05-10 20:00:00,0.1649,0.1661,0.1572,0.1599,903285.7403
2026-05-10 21:00:00,0.16,0.1623,0.159,0.1616,281760.4134
2026-05-10 22:00:00,0.1615,0.164,0.1613,0.1639,253981.9514
2026-05-10 23:00:00,0.1639,0.1641,0.1631,0.1632,119517.924
2026-05-11 00:00:00,0.1633,0.1637,0.1605,0.1618,148491.2196
2026-05-11 01:00:00,0.1618,0.1629,0.1614,0.1625,56724.5764
2026-05-11 02:00:00,0.1625,0.1625,0.1603,0.1609,213307.592
2026-05-11 03:00:00,0.1611,0.1611,0.1585,0.1594,253455.2619
2026-05-11 04:00:00,0.1593,0.1605,0.1588,0.1603,66331.0842
2026-05-11 05:00:00,0.1603,0.1611,0.1599,0.16,69063.6745
2026-05-11 06:00:00,0.1598,0.1604,0.1592,0.1595,248397.982
2026-05-11 07:00:00,0.1594,0.1596,0.1587,0.1595,76096.4166
2026-05-11 08:00:00,0.1596,0.1596,0.1584,0.159,352066.5738
2026-05-11 09:00:00,0.1591,0.1601,0.159,0.1598,79903.6541
2026-05-11 10:00:00,0.1598,0.161,0.1583,0.1586,921409.4765
2026-05-11 11:00:00,0.1585,0.1591,0.1575,0.1587,239619.3753
2026-05-11 12:00:00,0.1587,0.159,0.1578,0.1579,121814.4246
2026-05-11 13:00:00,0.1579,0.159,0.1571,0.1576,92789.9479
2026-05-11 14:00:00,0.1577,0.1587,0.1561,0.1569,753151.4108
2026-05-11 15:00:00,0.1571,0.1582,0.1565,0.1578,168148.1572
2026-05-11 16:00:00,0.1578,0.1584,0.1566,0.157,94550.5384
2026-05-11 17:00:00,0.1569,0.1579,0.1565,0.1575,58311.4665
2026-05-11 18:00:00,0.1573,0.1577,0.157,0.1572,137507.2179
2026-05-11 19:00:00,0.1574,0.1584,0.1573,0.1581,137064.228
2026-05-11 20:00:00,0.1582,0.1589,0.1573,0.158,126350.0598
2026-05-11 21:00:00,0.158,0.1582,0.1574,0.1574,130845.245
2026-05-11 22:00:00,0.1573,0.1578,0.1572,0.1572,82556.1092
2026-05-11 23:00:00,0.1572,0.1572,0.1562,0.157,124803.4239
2026-05-12 00:00:00,0.1568,0.1579,0.1564,0.1579,42752.6521
2026-05-12 01:00:00,0.1575,0.1576,0.1547,0.1552,378088.7601
2026-05-12 02:00:00,0.1552,0.1558,0.1547,0.1557,92929.0211
2026-05-12 03:00:00,0.1558,0.1559,0.155,0.1552,47432.6598
2026-05-12 04:00:00,0.1551,0.1561,0.155,0.1556,95676.0649
2026-05-12 05:00:00,0.1554,0.1565,0.1554,0.1563,24934.8232
2026-05-12 06:00:00,0.1562,0.1567,0.1561,0.1565,45213.0592
2026-05-12 07:00:00,0.1563,0.1567,0.1552,0.1565,155930.5275
2026-05-12 08:00:00,0.1563,0.1565,0.1555,0.1557,120497.4293
2026-05-12 09:00:00,0.1557,0.1562,0.1547,0.1558,45986.7122
2026-05-12 10:00:00,0.1558,0.156,0.1539,0.1547,335862.0039
2026-05-12 11:00:00,0.1547,0.1548,0.1535,0.1541,187948.8574
2026-05-12 12:00:00,0.1542,0.1544,0.1521,0.1536,433578.5281
2026-05-12 13:00:00,0.1537,0.1541,0.1519,0.1522,449460.3614
2026-05-12 14:00:00,0.1521,0.1532,0.1503,0.1509,997506.5381
2026-05-12 15:00:00,0.1512,0.1516,0.15,0.1504,328435.7996
2026-05-12 16:00:00,0.1503,0.1512,0.1489,0.1495,216865.1254
2026-05-12 17:00:00,0.1495,0.1523,0.1495,0.1518,100541.5199
2026-05-12 18:00:00,0.1519,0.1528,0.1516,0.1519,135847.4076
2026-05-12 19:00:00,0.152,0.1531,0.152,0.1525,379925.8226
2026-05-12 20:00:00,0.1525,0.1529,0.1521,0.1525,50080.436
2026-05-12 21:00:00,0.1526,0.1531,0.1525,0.1528,75856.4723
2026-05-12 22:00:00,0.153,0.1531,0.1523,0.1523,23479.4558
2026-05-12 23:00:00,0.1523,0.1525,0.1516,0.1521,136123.2992
2026-05-13 00:00:00,0.1522,0.153,0.1518,0.1524,230369.8255
2026-05-13 01:00:00,0.1523,0.1545,0.1523,0.1534,240263.8887
2026-05-13 02:00:00,0.1534,0.1547,0.1531,0.1547,163487.3762
2026-05-13 03:00:00,0.1548,0.1553,0.1542,0.1549,355233.3816
2026-05-13 04:00:00,0.155,0.1554,0.1543,0.1544,100946.834
2026-05-13 05:00:00,0.1545,0.1548,0.1537,0.1544,338064.8577
2026-05-13 06:00:00,0.1543,0.1549,0.1537,0.1544,270387.2721
2026-05-13 07:00:00,0.1544,0.1554,0.1543,0.1551,282148.0256
2026-05-13 08:00:00,0.1553,0.1554,0.1547,0.1553,43165.5919
2026-05-13 09:00:00,0.1552,0.1579,0.1551,0.1572,457707.338
2026-05-13 10:00:00,0.1573,0.1576,0.1537,0.1542,2115901.14
2026-05-13 11:00:00,0.1542,0.1546,0.1526,0.1529,420969.197
2026-05-13 12:00:00,0.1529,0.1532,0.1478,0.1494,3240239.3792
2026-05-13 13:00:00,0.1495,0.1504,0.1473,0.148,1299935.2556
2026-05-13 14:00:00,0.1479,0.1485,0.1467,0.1477,434325.2017
2026-05-13 15:00:00,0.1476,0.1478,0.1445,0.1446,1648827.1375
2026-05-13 16:00:00,0.1446,0.1469,0.1446,0.1463,889575.979
2026-05-13 17:00:00,0.1464,0.1472,0.146,0.1463,644330.7346
2026-05-13 18:00:00,0.1464,0.148,0.1464,0.1474,1500428.7589
2026-05-13 19:00:00,0.1476,0.1476,0.1462,0.1463,290193.0039
2026-05-13 20:00:00,0.1464,0.1468,0.1459,0.1467,286099.2232
2026-05-13 21:00:00,0.1468,0.1468,0.1454,0.1455,303728.1868
2026-05-13 22:00:00,0.1455,0.146,0.1448,0.1457,242499.8843
2026-05-13 23:00:00,0.1457,0.1462,0.1456,0.1461,79684.1583
2026-05-14 00:00:00,0.1461,0.1467,0.146,0.146,100290.8449
2026-05-14 01:00:00,0.1459,0.1465,0.1458,0.1463,46090.4181
2026-05-14 02:00:00,0.1463,0.1467,0.1456,0.1458,147638.403
2026-05-14 03:00:00,0.1458,0.146,0.1439,0.1441,223335.9502
2026-05-14 04:00:00,0.1442,0.1455,0.1439,0.1454,229877.3803
2026-05-14 05:00:00,0.1454,0.147,0.1452,0.1465,486097.9365
2026-05-14 06:00:00,0.1465,0.1474,0.1462,0.1467,71227.7515
2026-05-14 07:00:00,0.1464,0.1465,0.1458,0.1458,64628.0279
2026-05-14 08:00:00,0.1459,0.1466,0.1455,0.1461,58654.8374
2026-05-14 09:00:00,0.1462,0.1464,0.1455,0.1458,256941.7301
2026-05-14 10:00:00,0.1458,0.146,0.144,0.1448,1190579.5658
2026-05-14 11:00:00,0.1448,0.1449,0.1434,0.1435,478952.3882
2026-05-14 12:00:00,0.1434,0.1446,0.1433,0.1443,271912.5781
2026-05-14 13:00:00,0.1442,0.145,0.1439,0.144,501254.0216
2026-05-14 14:00:00,0.144,0.1471,0.1436,0.147,396361.5632
2026-05-14 15:00:00,0.147,0.1479,0.1464,0.1476,368518.5629
2026-05-14 16:00:00,0.1477,0.1484,0.1454,0.1472,418828.5976
2026-05-14 17:00:00,0.1471,0.1472,0.1452,0.1459,615845.67
2026-05-14 18:00:00,0.1457,0.1476,0.1452,0.1472,166505.407
2026-05-14 19:00:00,0.1473,0.1477,0.1464,0.1468,85032.8096
2026-05-14 20:00:00,0.1467,0.1469,0.1449,0.1459,400287.8922
2026-05-14 21:00:00,0.1461,0.1471,0.1454,0.1464,209529.1024
2026-05-14 22:00:00,0.1464,0.1467,0.1462,0.1463,56701.1838
2026-05-14 23:00:00,0.1461,0.1461,0.1447,0.1449,147313.5865
2026-05-15 00:00:00,0.1449,0.146,0.1447,0.1456,115194.7034
2026-05-15 01:00:00,0.1456,0.1457,0.1436,0.1441,373464.7511
2026-05-15 02:00:00,0.144,0.1447,0.143,0.1446,255911.4561
2026-05-15 03:00:00,0.1445,0.1446,0.1433,0.1434,210482.4068
2026-05-15 04:00:00,0.1432,0.1434,0.1418,0.1419,331601.5937
2026-05-15 05:00:00,0.1421,0.1424,0.1395,0.1397,435645.9805
2026-05-15 06:00:00,0.1397,0.1411,0.1397,0.1409,153676.7421
2026-05-15 07:00:00,0.1409,0.1422,0.1407,0.1416,101082.4345
2026-05-15 08:00:00,0.1415,0.1417,0.1408,0.1412,111625.794
2026-05-15 09:00:00,0.141,0.1413,0.1408,0.1412,63953.3829
2026-05-15 10:00:00,0.1412,0.1425,0.141,0.1421,168168.1413
2026-05-15 11:00:00,0.1421,0.1424,0.1417,0.1417,81316.626
2026-05-15 12:00:00,0.1416,0.1416,0.1403,0.1404,98808.8103
2026-05-15 13:00:00,0.1404,0.1404,0.135,0.1354,2076105.0428
2026-05-15 14:00:00,0.1352,0.1368,0.1345,0.1359,561142.0435
2026-05-15 15:00:00,0.1359,0.136,0.1348,0.1355,575924.9559
2026-05-15 16:00:00,0.1354,0.1374,0.1352,0.1373,467709.8579
2026-05-15 17:00:00,0.1373,0.1382,0.1373,0.1381,157185.2741
2026-05-15 18:00:00,0.1383,0.1385,0.1375,0.1378,151363.0978
2026-05-15 19:00:00,0.138,0.1381,0.1373,0.1376,44231.809
2026-05-15 20:00:00,0.1375,0.1375,0.1369,0.1371,60902.5479
2026-05-15 21:00:00,0.1372,0.1374,0.1367,0.1368,103859.6757
2026-05-15 22:00:00,0.1369,0.1373,0.1367,0.137,77202.3909
2026-05-15 23:00:00,0.137,0.137,0.1362,0.1367,50635.4233
2026-05-16 00:00:00,0.1367,0.1374,0.1364,0.1371,95261.8438
2026-05-16 01:00:00,0.1372,0.1378,0.137,0.1377,110111.429
2026-05-16 02:00:00,0.1377,0.1381,0.1374,0.1376,24100.6689
2026-05-16 03:00:00,0.1377,0.138,0.137,0.1373,29011.7446
2026-05-16 04:00:00,0.1372,0.1372,0.1355,0.136,265906.6378
2026-05-16 05:00:00,0.1359,0.1362,0.1353,0.1355,93685.0948
2026-05-16 06:00:00,0.1356,0.1356,0.1332,0.1343,606088.3483
2026-05-16 07:00:00,0.1342,0.1342,0.1316,0.1328,919177.0662
2026-05-16 08:00:00,0.1329,0.1336,0.1329,0.1329,90690.1074
2026-05-16 09:00:00,0.1327,0.1331,0.131,0.1322,680619.5103
2026-05-16 10:00:00,0.132,0.1322,0.131,0.1319,262050.4079
2026-05-16 11:00:00,0.132,0.1329,0.132,0.1325,23526.6414
2026-05-16 12:00:00,0.1324,0.1331,0.1323,0.1328,29381.2552
2026-05-16 13:00:00,0.1327,0.1335,0.1326,0.133,330958.5076
2026-05-16 14:00:00,0.1332,0.1343,0.1328,0.1336,85161.4199
2026-05-16 15:00:00,0.1336,0.1347,0.1336,0.1343,108697.2752
2026-05-16 16:00:00,0.1341,0.1355,0.1341,0.1344,396577.6782
2026-05-16 17:00:00,0.1345,0.1355,0.1345,0.1351,61693.8972
2026-05-16 18:00:00,0.135,0.1351,0.1341,0.1342,97950.6849
2026-05-16 19:00:00,0.1342,0.1342,0.1337,0.1338,19769.0324
2026-05-16 20:00:00,0.1339,0.1339,0.1332,0.1334,50855.3843
2026-05-16 21:00:00,0.1334,0.1336,0.1332,0.1332,372651.1795
2026-05-16 22:00:00,0.1334,0.1334,0.1331,0.1331,14549.6354
2026-05-16 23:00:00,0.1331,0.1334,0.133,0.1333,32135.7443
2026-05-17 00:00:00,0.1331,0.1334,0.1321,0.1323,50996.5499
2026-05-17 01:00:00,0.1324,0.1329,0.1318,0.1321,77919.8944
2026-05-17 02:00:00,0.1321,0.1327,0.132,0.1323,50331.4193
2026-05-17 03:00:00,0.1324,0.1331,0.1324,0.133,54310.7219
2026-05-17 04:00:00,0.133,0.1338,0.1329,0.1333,55094.7837
2026-05-17 05:00:00,0.1334,0.134,0.1331,0.1331,84348.8112
2026-05-17 06:00:00,0.1332,0.1334,0.133,0.133,32690.9501
2026-05-17 07:00:00,0.1333,0.1338,0.1328,0.1334,84539.0486
2026-05-17 08:00:00,0.1335,0.1335,0.133,0.1332,20830.55
2026-05-17 09:00:00,0.1331,0.1341,0.1331,0.1339,13797.7548
2026-05-17 10:00:00,0.134,0.1344,0.1332,0.1333,47721.0335
2026-05-17 11:00:00,0.1333,0.1333,0.1324,0.1324,92777.1795
2026-05-17 12:00:00,0.1325,0.1327,0.132,0.1321,48985.3708
2026-05-17 13:00:00,0.1322,0.1322,0.1314,0.1319,107399.6543
2026-05-17 14:00:00,0.1319,0.1319,0.1305,0.1314,310183.0688
2026-05-17 15:00:00,0.1314,0.1317,0.1312,0.1316,66155.246
2026-05-17 16:00:00,0.1316,0.1319,0.1308,0.1311,195642.8478
2026-05-17 17:00:00,0.1311,0.1312,0.1307,0.1311,117895.4397
2026-05-17 18:00:00,0.1312,0.1316,0.1306,0.1312,29426.0667
2026-05-17 19:00:00,0.1315,0.1315,0.1312,0.1314,13539.4298
2026-05-17 20:00:00,0.1314,0.1315,0.1307,0.1309,25718.3908
2026-05-17 21:00:00,0.1309,0.1316,0.1307,0.1312,20189.7506
2026-05-17 22:00:00,0.1312,0.1312,0.1296,0.1303,497356.9321
2026-05-17 23:00:00,0.1304,0.1304,0.123,0.1283,2380420.5012
2026-05-18 00:00:00,0.1283,0.1283,0.1266,0.1282,128773.449
2026-05-18 01:00:00,0.1281,0.1284,0.1269,0.1279,138272.9954
2026-05-18 02:00:00,0.1277,0.129,0.1277,0.1284,645047.1431
2026-05-18 03:00:00,0.1286,0.1292,0.1283,0.1283,233364.3885
2026-05-18 04:00:00,0.1284,0.1288,0.1281,0.1288,25998.6219
2026-05-18 05:00:00,0.1285,0.1286,0.1274,0.1275,89779.8609
2026-05-18 06:00:00,0.1275,0.1279,0.1267,0.1271,211960.9193
2026-05-18 07:00:00,0.1272,0.1274,0.1262,0.1266,135722.544
2026-05-18 08:00:00,0.1267,0.127,0.1263,0.127,136619.3574
2026-05-18 09:00:00,0.1271,0.1271,0.1263,0.1266,22218.789
2026-05-18 10:00:00,0.1266,0.1266,0.1259,0.1264,60503.2633
2026-05-18 11:00:00,0.1264,0.1285,0.1263,0.1277,123714.9754
2026-05-18 12:00:00,0.1277,0.1287,0.1277,0.1282,87102.1053
2026-05-18 13:00:00,0.1283,0.1283,0.1265,0.1276,216586.2631
2026-05-18 14:00:00,0.1274,0.1276,0.1253,0.1255,330427.0577
2026-05-18 15:00:00,0.1256,0.1256,0.1239,0.1252,509492.5629
2026-05-18 16:00:00,0.1252,0.126,0.1251,0.126,110888.4454
2026-05-18 17:00:00,0.1258,0.1266,0.1256,0.1262,108162.6973
2026-05-18 18:00:00,0.1263,0.1263,0.1249,0.125,288787.5548
2026-05-18 19:00:00,0.125,0.128,0.125,0.1276,238027.247
2026-05-18 20:00:00,0.1277,0.1285,0.1274,0.1278,183283.5947
2026-05-18 21:00:00,0.1279,0.1295,0.1275,0.1294,134447.8216
2026-05-18 22:00:00,0.1294,0.1295,0.1286,0.1292,70654.5027
2026-05-18 23:00:00,0.1293,0.1299,0.1289,0.1295,178290.4922
2026-05-19 00:00:00,0.1296,0.1302,0.1293,0.1296,179977.7706
2026-05-19 01:00:00,0.1294,0.1295,0.1281,0.1282,175344.1498
2026-05-19 02:00:00,0.1281,0.1287,0.1273,0.1279,206320.808
2026-05-19 03:00:00,0.128,0.1289,0.1277,0.1285,66565.174
2026-05-19 04:00:00,0.1285,0.1292,0.1282,0.1289,82877.4616
2026-05-19 05:00:00,0.1289,0.129,0.1281,0.1286,101251.6209
2026-05-19 06:00:00,0.1286,0.1292,0.1286,0.1289,146318.6688
2026-05-19 07:00:00,0.1289,0.1299,0.1288,0.1297,86964.0038
2026-05-19 08:00:00,0.1297,0.1301,0.1287,0.1298,229557.7629
2026-05-19 09:00:00,0.1298,0.13,0.1282,0.1289,210915.4996
2026-05-19 10:00:00,0.1289,0.129,0.1279,0.1284,294817.3665
2026-05-19 11:00:00,0.1284,0.1287,0.127,0.1273,362992.6427
2026-05-19 12:00:00,0.1274,0.1281,0.127,0.1278,154820.8952
2026-05-19 13:00:00,0.1279,0.1282,0.1271,0.1277,254422.379
2026-05-19 14:00:00,0.1276,0.1279,0.1262,0.1269,337039.6583
2026-05-19 15:00:00,0.1269,0.1271,0.1259,0.1268,237464.6944
2026-05-19 16:00:00,0.1269,0.1281,0.1266,0.1281,115817.0991
2026-05-19 17:00:00,0.1281,0.1281,0.1273,0.1278,33572.3613
2026-05-19 18:00:00,0.1279,0.1281,0.1271,0.1272,35429.2441
2026-05-19 19:00:00,0.1272,0.1276,0.1266,0.1267,6676.9252
2026-05-19 20:00:00,0.1268,0.1274,0.1267,0.1273,9649.0935
2026-05-19 21:00:00,0.1274,0.1275,0.127,0.127,62621.4678
2026-05-19 22:00:00,0.127,0.127,0.1257,0.126,28553.9182
2026-05-19 23:00:00,0.1258,0.1265,0.1258,0.126,208515.8446
2026-05-20 00:00:00,0.1261,0.1263,0.1254,0.1259,189045.4299
2026-05-20 01:00:00,0.126,0.1262,0.1251,0.1261,31508.7585
2026-05-20 02:00:00,0.1262,0.1262,0.1254,0.1255,53414.99
2026-05-20 03:00:00,0.1255,0.1261,0.1253,0.1255,35101.4629
2026-05-20 04:00:00,0.1257,0.1262,0.1255,0.1262,119023.1774
2026-05-20 05:00:00,0.1262,0.1277,0.1262,0.1276,125857.38
2026-05-20 06:00:00,0.1276,0.1281,0.1273,0.1279,121639.9747
2026-05-20 07:00:00,0.1278,0.1281,0.1274,0.1275,46898.8431
2026-05-20 08:00:00,0.1277,0.1283,0.1275,0.1275,49608.8534
2026-05-20 09:00:00,0.1275,0.1276,0.127,0.127,53954.2319
2026-05-20 10:00:00,0.1271,0.1277,0.127,0.1271,49505.5692
2026-05-20 11:00:00,0.1271,0.1274,0.1264,0.1265,95287.3484
2026-05-20 12:00:00,0.1266,0.1273,0.1262,0.1269,153133.7307
2026-05-20 13:00:00,0.127,0.127,0.1243,0.1256,308822.3056
2026-05-20 14:00:00,0.1256,0.1282,0.1255,0.1281,488925.5865
2026-05-20 15:00:00,0.1279,0.1298,0.1277,0.1292,414286.5789
2026-05-20 16:00:00,0.1293,0.1298,0.1284,0.1295,210276.5584
2026-05-20 17:00:00,0.1295,0.1305,0.1292,0.1293,200540.6374
2026-05-20 18:00:00,0.1292,0.1296,0.1284,0.1286,378486.0234
2026-05-20 19:00:00,0.1286,0.1293,0.128,0.1292,133373.7125
2026-05-20 20:00:00,0.1291,0.13,0.1288,0.1299,184558.1424
2026-05-20 21:00:00,0.1298,0.1302,0.1291,0.1291,41937.6125
2026-05-20 22:00:00,0.129,0.129,0.1274,0.1286,351722.6437
2026-05-20 23:00:00,0.1287,0.129,0.1282,0.129,51757.0275
2026-05-21 00:00:00,0.129,0.1299,0.1288,0.1298,89748.4815
2026-05-21 01:00:00,0.1299,0.1306,0.1296,0.1302,125986.5485
2026-05-21 02:00:00,0.1302,0.1312,0.13,0.1306,546456.5271
2026-05-21 03:00:00,0.1306,0.1314,0.1306,0.1313,207363.1558
2026-05-21 04:00:00,0.1314,0.1316,0.1305,0.1311,215084.6827
2026-05-21 05:00:00,0.1311,0.1311,0.1289,0.1294,170868.4836
2026-05-21 06:00:00,0.1295,0.1298,0.1291,0.1295,127735.2641
2026-05-21 07:00:00,0.1296,0.1304,0.1292,0.1302,130477.402
2026-05-21 08:00:00,0.1302,0.1308,0.1301,0.1302,75264.7497
2026-05-21 09:00:00,0.1303,0.1307,0.1295,0.1297,183099.6273
2026-05-21 10:00:00,0.1295,0.1298,0.1278,0.1283,176949.944
2026-05-21 11:00:00,0.1283,0.1287,0.128,0.1281,72125.0493
2026-05-21 12:00:00,0.1282,0.129,0.128,0.1289,102240.7693
2026-05-21 13:00:00,0.1288,0.1298,0.1282,0.1297,107794.9125
2026-05-21 14:00:00,0.1298,0.1299,0.1285,0.129,357996.0369
2026-05-21 15:00:00,0.129,0.1302,0.1286,0.1295,121593.5098
2026-05-21 16:00:00,0.1296,0.13,0.1288,0.1293,66862.4204
2026-05-21 17:00:00,0.1295,0.1326,0.1293,0.1322,423549.9271
2026-05-21 18:00:00,0.1322,0.133,0.1303,0.1313,345886.4676
2026-05-21 19:00:00,0.1314,0.1328,0.1313,0.1326,108804.9066
2026-05-21 20:00:00,0.1326,0.1335,0.1326,0.133,100528.4524
2026-05-21 21:00:00,0.1332,0.1336,0.1322,0.1323,104649.6283
2026-05-21 22:00:00,0.1323,0.1327,0.132,0.1322,61542.6957
2026-05-21 23:00:00,0.1321,0.1325,0.1316,0.1324,249290.6323
2026-05-22 00:00:00,0.1324,0.1325,0.1311,0.1311,170803.4123
2026-05-22 01:00:00,0.1311,0.1321,0.131,0.132,197528.7734
2026-05-22 02:00:00,0.1321,0.133,0.1321,0.1325,78040.8744
2026-05-22 03:00:00,0.1327,0.1338,0.1326,0.1338,240881.6433
2026-05-22 04:00:00,0.1339,0.1346,0.133,0.1335,63711.5968
2026-05-22 05:00:00,0.1336,0.1347,0.1334,0.134,58365.1305
2026-05-22 06:00:00,0.1338,0.1338,0.1328,0.1329,116959.7452
2026-05-22 07:00:00,0.133,0.1343,0.1324,0.1336,73636.1849
2026-05-22 08:00:00,0.1336,0.135,0.1335,0.1339,165933.9546
2026-05-22 09:00:00,0.1339,0.135,0.1338,0.1342,91692.5728
2026-05-22 10:00:00,0.134,0.1343,0.1332,0.1338,78715.5815
2026-05-22 11:00:00,0.1339,0.1352,0.1336,0.1348,130341.6793
2026-05-22 12:00:00,0.1349,0.1365,0.1348,0.1365,203641.941
2026-05-22 13:00:00,0.1366,0.1368,0.1351,0.136,480050.3889
2026-05-22 14:00:00,0.136,0.136,0.1331,0.1337,362648.0714
2026-05-22 15:00:00,0.1336,0.1347,0.1328,0.1343,157008.2952
2026-05-22 16:00:00,0.1342,0.1347,0.1331,0.134,103179.0005
2026-05-22 17:00:00,0.1339,0.1346,0.1331,0.1333,166998.031
2026-05-22 18:00:00,0.1333,0.1333,0.129,0.1308,895931.3087
2026-05-22 19:00:00,0.1307,0.1309,0.1275,0.1287,580864.8654
2026-05-22 20:00:00,0.1287,0.1294,0.1284,0.1293,200215.3551
2026-05-22 21:00:00,0.1293,0.1298,0.129,0.1293,47624.9783
2026-05-22 22:00:00,0.1293,0.1294,0.1283,0.1287,199023.3396
2026-05-22 23:00:00,0.1287,0.1291,0.1258,0.1269,593720.73
2026-05-23 00:00:00,0.1269,0.1271,0.1256,0.127,234779.2897
2026-05-23 01:00:00,0.127,0.1276,0.1267,0.1276,217369.5751
2026-05-23 02:00:00,0.1278,0.1279,0.1273,0.1279,89682.2707
2026-05-23 03:00:00,0.1279,0.1284,0.1277,0.128,84536.0532
2026-05-23 04:00:00,0.1279,0.1279,0.127,0.127,76330.0561
2026-05-23 05:00:00,0.1269,0.127,0.1262,0.1266,32062.7204
2026-05-23 06:00:00,0.1265,0.1267,0.1261,0.1262,69685.0557
2026-05-23 07:00:00,0.1263,0.1264,0.1211,0.1228,1131532.1535
2026-05-23 08:00:00,0.1227,0.123,0.1215,0.1228,571594.8339
2026-05-23 09:00:00,0.1228,0.1231,0.1223,0.1224,193806.0017
2026-05-23 10:00:00,0.1223,0.123,0.1222,0.1222,261721.686
2026-05-23 11:00:00,0.1223,0.1228,0.122,0.1222,157095.36
2026-05-23 12:00:00,0.1222,0.1227,0.1215,0.1225,299132.9275
2026-05-23 13:00:00,0.1223,0.1236,0.1223,0.1234,191486.7983
2026-05-23 14:00:00,0.1234,0.1255,0.123,0.1252,289076.8408
2026-05-23 15:00:00,0.1253,0.1263,0.1251,0.1262,198792.9587
2026-05-23 16:00:00,0.1261,0.1271,0.1256,0.1271,55234.6267
2026-05-23 17:00:00,0.1272,0.1283,0.1268,0.1273,133711.7741
2026-05-23 18:00:00,0.1274,0.1312,0.1273,0.1305,369615.3444
2026-05-23 19:00:00,0.1304,0.1306,0.1295,0.1297,194563.3272
2026-05-23 20:00:00,0.1297,0.1339,0.1292,0.1339,350388.6205
2026-05-23 21:00:00,0.1338,0.134,0.1304,0.1309,194935.8579
2026-05-23 22:00:00,0.131,0.1314,0.1295,0.1302,164605.6794
2026-05-23 23:00:00,0.13,0.1305,0.1298,0.1303,95284.6099
2026-05-24 00:00:00,0.1304,0.1306,0.1296,0.1299,151059.3278
2026-05-24 01:00:00,0.13,0.1303,0.1297,0.1298,46884.7434
2026-05-24 02:00:00,0.1298,0.1298,0.1285,0.1291,503503.7912
2026-05-24 03:00:00,0.1291,0.1295,0.1283,0.1286,70181.3185
2026-05-24 04:00:00,0.1287,0.1288,0.1282,0.1283,181806.0046
2026-05-24 05:00:00,0.1281,0.1282,0.1272,0.1277,153229.7636
2026-05-24 06:00:00,0.1278,0.1288,0.1274,0.1286,57586.1529
2026-05-24 07:00:00,0.1286,0.1289,0.1283,0.1284,76372.4876
2026-05-24 08:00:00,0.1286,0.1289,0.1282,0.1285,195221.1071
2026-05-24 09:00:00,0.1284,0.1295,0.1282,0.1291,601509.8836
2026-05-24 10:00:00,0.1291,0.1294,0.128,0.1282,129121.4841
2026-05-24 11:00:00,0.1283,0.1283,0.1278,0.128,56392.7428
2026-05-24 12:00:00,0.128,0.128,0.1269,0.1276,84824.9344
2026-05-24 13:00:00,0.1276,0.1277,0.126,0.1261,234625.1652
2026-05-24 14:00:00,0.1264,0.1265,0.1244,0.1263,300391.1121
2026-05-24 15:00:00,0.1262,0.1264,0.1259,0.1262,47540.9391
2026-05-24 16:00:00,0.1261,0.1269,0.1261,0.1269,159503.0238
2026-05-24 17:00:00,0.1267,0.127,0.1265,0.1268,18867.4993
2026-05-24 18:00:00,0.1268,0.1271,0.1264,0.1265,48061.8102
2026-05-24 19:00:00,0.1266,0.1268,0.1263,0.1265,21734.9206
2026-05-24 20:00:00,0.1264,0.1265,0.1254,0.1255,64819.1565
2026-05-24 21:00:00,0.1256,0.1256,0.1228,0.1233,282904.4086
2026-05-24 22:00:00,0.1235,0.1255,0.1234,0.1248,130010.5129
2026-05-24 23:00:00,0.125,0.1258,0.125,0.1256,63526.2668
2026-05-25 00:00:00,0.1257,0.1263,0.1256,0.1261,184144.9765
2026-05-25 01:00:00,0.126,0.1261,0.1248,0.1248,120653.1114
2026-05-25 02:00:00,0.1249,0.1261,0.1249,0.1253,289081.4765
2026-05-25 03:00:00,0.1253,0.1254,0.1248,0.125,43939.1672
2026-05-25 04:00:00,0.125,0.1268,0.1249,0.1265,127827.3932
2026-05-25 05:00:00,0.1265,0.1275,0.1265,0.1273,76658.1086
2026-05-25 06:00:00,0.1272,0.1277,0.1266,0.1273,151469.6794
2026-05-25 07:00:00,0.1275,0.1278,0.1269,0.1273,100610.9969
2026-05-25 08:00:00,0.1273,0.1285,0.1273,0.1284,154676.9203
2026-05-25 09:00:00,0.1283,0.1284,0.1279,0.1279,38734.6235
2026-05-25 10:00:00,0.1278,0.1293,0.1278,0.129,176273.7901
2026-05-25 11:00:00,0.1289,0.1295,0.1285,0.1286,61617.0826
2026-05-25 12:00:00,0.1287,0.1298,0.1284,0.1296,326117.8956
2026-05-25 13:00:00,0.1296,0.1307,0.1293,0.1305,74915.0924
2026-05-25 14:00:00,0.1306,0.1313,0.1303,0.1306,196552.3803
2026-05-25 15:00:00,0.1308,0.1315,0.13,0.1305,419896.5599
2026-05-25 16:00:00,0.1306,0.1323,0.1305,0.1321,84286.9215
2026-05-25 17:00:00,0.1322,0.1322,0.1312,0.1314,71884.3696
2026-05-25 18:00:00,0.1316,0.1322,0.1312,0.1312,108186.0575
2026-05-25 19:00:00,0.1313,0.1313,0.1303,0.131,627030.3598
2026-05-25 20:00:00,0.131,0.1317,0.1302,0.1307,70153.001
2026-05-25 21:00:00,0.1307,0.131,0.1304,0.131,99599.5102
2026-05-25 22:00:00,0.1309,0.131,0.1287,0.1291,349379.4841
2026-05-25 23:00:00,0.1288,0.1302,0.1288,0.1297,64158.8948
2026-05-26 00:00:00,0.1297,0.1298,0.1278,0.1289,297785.0458
2026-05-26 01:00:00,0.1288,0.1289,0.1272,0.1283,309965.3868
2026-05-26 02:00:00,0.1283,0.1284,0.1275,0.1279,273993.8733
2026-05-26 03:00:00,0.1279,0.128,0.1273,0.128,214071.2137
2026-05-26 04:00:00,0.1281,0.1289,0.1275,0.1287,90573.3278
2026-05-26 05:00:00,0.1287,0.1308,0.1285,0.1301,147981.9358
2026-05-26 06:00:00,0.1302,0.1308,0.129,0.1303,56384.0186
2026-05-26 07:00:00,0.1303,0.1306,0.1288,0.1298,73425.0243
2026-05-26 08:00:00,0.1299,0.1311,0.1298,0.1309,102175.047
2026-05-26 09:00:00,0.1309,0.1318,0.1305,0.1313,410682.4164
2026-05-26 10:00:00,0.1315,0.1344,0.131,0.1338,215288.0015
2026-05-26 11:00:00,0.1337,0.1338,0.1329,0.1332,298367.4246
2026-05-26 12:00:00,0.1332,0.1336,0.1324,0.133,215774.0418
2026-05-26 13:00:00,0.1329,0.1332,0.1311,0.1328,262699.8236
2026-05-26 14:00:00,0.1329,0.1344,0.1319,0.1329,253355.5837
2026-05-26 15:00:00,0.1328,0.1329,0.1305,0.1317,177809.9293
2026-05-26 16:00:00,0.1316,0.1316,0.1299,0.1308,122302.2531
2026-05-26 17:00:00,0.1307,0.1312,0.1274,0.1287,474234.9109
2026-05-26 18:00:00,0.1286,0.1296,0.1283,0.1284,95504.1496
2026-05-26 19:00:00,0.1285,0.1293,0.128,0.1292,40190.9806
2026-05-26 20:00:00,0.1292,0.1294,0.1287,0.1293,35796.8419
2026-05-26 21:00:00,0.1293,0.1294,0.128,0.1282,67674.2136
2026-05-26 22:00:00,0.1283,0.1286,0.1276,0.1279,118793.3295
2026-05-26 23:00:00,0.1281,0.1286,0.1278,0.1278,39474.7605
2026-05-27 00:00:00,0.1279,0.129,0.1279,0.1287,81668.6537
2026-05-27 01:00:00,0.129,0.1291,0.1281,0.1282,317042.722
2026-05-27 02:00:00,0.1283,0.1284,0.1268,0.1277,122033.3907
2026-05-27 03:00:00,0.1277,0.1287,0.1271,0.1272,74298.813
2026-05-27 04:00:00,0.127,0.1272,0.1251,0.1269,257094.4811
2026-05-27 05:00:00,0.1269,0.1278,0.1267,0.1278,44254.5445
2026-05-27 06:00:00,0.1278,0.1286,0.1276,0.1285,110686.193
2026-05-27 07:00:00,0.1285,0.1285,0.1278,0.1283,110346.1311
2026-05-27 08:00:00,0.1283,0.129,0.1274,0.1275,429585.5159
2026-05-27 09:00:00,0.1275,0.1275,0.1264,0.1265,157730.403
2026-05-27 10:00:00,0.1266,0.1271,0.1262,0.1269,117118.0237
2026-05-27 11:00:00,0.1268,0.1277,0.1268,0.1268,71645.9256
2026-05-27 12:00:00,0.1268,0.1288,0.1263,0.1281,187560.3337
2026-05-27 13:00:00,0.1281,0.1283,0.1255,0.1268,183633.9475
2026-05-27 14:00:00,0.1268,0.1277,0.1257,0.1274,270452.9844
2026-05-27 15:00:00,0.1273,0.1303,0.1273,0.1297,286245.2551
2026-05-27 16:00:00,0.1298,0.1304,0.1282,0.1291,79811.3262
2026-05-27 17:00:00,0.1291,0.1291,0.1264,0.1268,72928.4987
2026-05-27 18:00:00,0.1268,0.1282,0.126,0.1281,63525.5632
2026-05-27 19:00:00,0.1282,0.129,0.1279,0.1283,67279.72
2026-05-27 20:00:00,0.1283,0.1286,0.1277,0.1286,86586.7012
2026-05-27 21:00:00,0.1286,0.1286,0.1227,0.124,996532.6993
2026-05-27 22:00:00,0.1238,0.1248,0.1235,0.1236,162614.8695
2026-05-27 23:00:00,0.1236,0.1242,0.1231,0.1237,95406.4148
2026-05-28 00:00:00,0.1237,0.1241,0.1229,0.1233,508819.4922
2026-05-28 01:00:00,0.1233,0.1234,0.1213,0.1225,567359.0124
2026-05-28 02:00:00,0.1226,0.1231,0.122,0.1222,88852.0106
2026-05-28 03:00:00,0.1221,0.1222,0.1185,0.1199,2065051.8745
2026-05-28 04:00:00,0.1198,0.1198,0.1159,0.1178,1612488.3855
2026-05-28 05:00:00,0.1179,0.118,0.1158,0.1167,485982.8707
2026-05-28 06:00:00,0.1166,0.1176,0.116,0.1171,200406.6951
2026-05-28 07:00:00,0.1171,0.1183,0.1168,0.1177,221625.1835
2026-05-28 08:00:00,0.1181,0.1181,0.1172,0.1173,77056.4758
2026-05-28 09:00:00,0.1174,0.1182,0.1174,0.1182,95425.8542
2026-05-28 10:00:00,0.1183,0.1185,0.1167,0.117,200289.2854
2026-05-28 11:00:00,0.1167,0.1172,0.1162,0.1167,642781.3235
2026-05-28 12:00:00,0.1168,0.1171,0.1156,0.1171,299264.7267
2026-05-28 13:00:00,0.1172,0.1174,0.1161,0.1168,260580.0439
2026-05-28 14:00:00,0.1167,0.1172,0.1144,0.1159,1059998.2875
2026-05-28 15:00:00,0.1159,0.1161,0.1138,0.1152,307214.0556
2026-05-28 16:00:00,0.1152,0.1177,0.1143,0.1172,281095.902
2026-05-28 17:00:00,0.1172,0.1196,0.1169,0.1194,334217.5432
2026-05-28 18:00:00,0.1195,0.1211,0.1195,0.1207,383628.8827
2026-05-28 19:00:00,0.1207,0.1207,0.1195,0.1195,130062.0762
2026-05-28 20:00:00,0.1197,0.1204,0.1182,0.1198,432413.9032
2026-05-28 21:00:00,0.1199,0.1204,0.1194,0.1197,67391.4817
2026-05-28 22:00:00,0.1196,0.12,0.1178,0.1183,297954.4445
2026-05-28 23:00:00,0.1184,0.1192,0.1183,0.1185,179274.5963
2026-05-29 00:00:00,0.1186,0.1196,0.1186,0.1189,408312.4807
2026-05-29 01:00:00,0.1191,0.1195,0.1183,0.1191,126120.6585
2026-05-29 02:00:00,0.1188,0.1192,0.1169,0.1174,366774.2997
2026-05-29 03:00:00,0.1175,0.1183,0.1174,0.1175,106763.7161
2026-05-29 04:00:00,0.1175,0.1181,0.1166,0.1181,80318.2688
2026-05-29 05:00:00,0.1182,0.1191,0.1181,0.1188,640628.8169
2026-05-29 06:00:00,0.1187,0.1195,0.1184,0.119,139613.622
2026-05-29 07:00:00,0.119,0.1195,0.1175,0.1182,108301.4387
2026-05-29 08:00:00,0.1182,0.1188,0.1179,0.118,97383.5063
2026-05-29 09:00:00,0.1181,0.119,0.1179,0.119,18636.369
2026-05-29 10:00:00,0.1189,0.1189,0.1179,0.1184,307212.377
2026-05-29 11:00:00,0.1182,0.1186,0.1168,0.1173,226422.8511
2026-05-29 12:00:00,0.1173,0.1175,0.116,0.1164,372489.3655
2026-05-29 13:00:00,0.1164,0.1164,0.1152,0.1156,381916.8767
2026-05-29 14:00:00,0.1156,0.1169,0.1136,0.1166,945634.2277
2026-05-29 15:00:00,0.1165,0.1213,0.1162,0.1201,1612554.3838
2026-05-29 16:00:00,0.1202,0.1214,0.1195,0.1212,286185.2957
2026-05-29 17:00:00,0.1212,0.1221,0.1204,0.1206,270800.8714
2026-05-29 18:00:00,0.1206,0.1209,0.1186,0.119,319420.2432
2026-05-29 19:00:00,0.1191,0.1195,0.1178,0.1193,92776.2963
2026-05-29 20:00:00,0.1193,0.1197,0.1189,0.1192,56656.7365
2026-05-29 21:00:00,0.1193,0.1197,0.1179,0.1179,168763.2166
2026-05-29 22:00:00,0.1179,0.1187,0.1178,0.1185,87427.9711
2026-05-29 23:00:00,0.1185,0.1189,0.1182,0.1187,194554.997
2026-05-30 00:00:00,0.1188,0.1201,0.1186,0.12,21810.2055
2026-05-30 01:00:00,0.1201,0.1215,0.1197,0.1215,481331.0123
2026-05-30 02:00:00,0.1216,0.123,0.1216,0.123,99103.0615
2026-05-30 03:00:00,0.1231,0.1233,0.1216,0.1221,134172.1447
2026-05-30 04:00:00,0.1221,0.1224,0.1194,0.1208,456355.7599
2026-05-30 05:00:00,0.1208,0.1217,0.1204,0.1215,288173.8918
2026-05-30 06:00:00,0.1214,0.1219,0.1209,0.1209,55521.901
2026-05-30 07:00:00,0.121,0.1215,0.1206,0.1211,54015.9651
2026-05-30 08:00:00,0.1211,0.1211,0.1204,0.1206,248301.4852
2026-05-30 09:00:00,0.1206,0.1215,0.1205,0.121,72865.9146
2026-05-30 10:00:00,0.121,0.1214,0.1208,0.1208,26833.6185
2026-05-30 11:00:00,0.1209,0.1211,0.1204,0.1208,51085.1948
2026-05-30 12:00:00,0.1207,0.1211,0.1206,0.1211,31184.2563
2026-05-30 13:00:00,0.1209,0.1213,0.1199,0.1207,123594.6759
2026-05-30 14:00:00,0.1208,0.1217,0.1207,0.1213,255119.5325
2026-05-30 15:00:00,0.1214,0.1219,0.1205,0.1213,276136.5796
2026-05-30 16:00:00,0.1213,0.122,0.1211,0.1215,188315.2384
2026-05-30 17:00:00,0.1215,0.1215,0.1205,0.1215,29644.9276
2026-05-30 18:00:00,0.1215,0.1219,0.1213,0.1218,43598.9658
2026-05-30 19:00:00,0.1218,0.1219,0.1211,0.1215,13133.3842
2026-05-30 20:00:00,0.1216,0.1217,0.1214,0.1217,12411.0557
2026-05-30 21:00:00,0.1217,0.1223,0.1216,0.1218,97601.3491
2026-05-30 22:00:00,0.1216,0.1216,0.12,0.1203,16382.0739
2026-05-30 23:00:00,0.1203,0.1207,0.12,0.1206,132568.6158
2026-05-31 00:00:00,0.1207,0.121,0.1202,0.1208,17341.7862
2026-05-31 01:00:00,0.121,0.1213,0.1207,0.1209,114138.4579
2026-05-31 02:00:00,0.121,0.1218,0.1206,0.1213,49173.9211
2026-05-31 03:00:00,0.1213,0.1217,0.121,0.1213,58513.4321
2026-05-31 04:00:00,0.1214,0.1218,0.1212,0.1218,97950.691
2026-05-31 05:00:00,0.1217,0.1217,0.1207,0.1209,172964.0831
2026-05-31 06:00:00,0.1209,0.1209,0.1203,0.1204,137416.6019
2026-05-31 07:00:00,0.1203,0.1204,0.1188,0.1192,183734.7563
2026-05-31 08:00:00,0.1192,0.1196,0.1188,0.1193,100578.1148
2026-05-31 09:00:00,0.1192,0.12,0.1188,0.119,106494.8018
2026-05-31 10:00:00,0.119,0.1192,0.1183,0.1192,323521.8507
2026-05-31 11:00:00,0.1193,0.1195,0.1191,0.1193,57663.8951
2026-05-31 12:00:00,0.1191,0.1199,0.119,0.1193,8471.7597
2026-05-31 13:00:00,0.1195,0.12,0.1192,0.1193,93013.5005
2026-05-31 14:00:00,0.1192,0.1193,0.1165,0.117,586155.724
2026-05-31 15:00:00,0.1169,0.1182,0.1169,0.1173,292864.3047
2026-05-31 16:00:00,0.1173,0.1176,0.116,0.1163,464149.6503
2026-05-31 17:00:00,0.1163,0.1164,0.1155,0.1161,706587.5068
2026-05-31 18:00:00,0.116,0.1161,0.1152,0.1159,300505.7324
2026-05-31 19:00:00,0.1159,0.1161,0.1148,0.1155,171931.1477
2026-05-31 20:00:00,0.1156,0.1163,0.1154,0.1161,310167.8093
2026-05-31 21:00:00,0.1162,0.1184,0.116,0.1182,266146.1708
2026-05-31 22:00:00,0.1182,0.1188,0.1178,0.1187,128611.9937
2026-05-31 23:00:00,0.1187,0.1194,0.1175,0.1186,143556.6637
2026-06-01 00:00:00,0.1187,0.1196,0.1185,0.119,252435.1449
2026-06-01 01:00:00,0.1189,0.119,0.1169,0.1169,225102.3819
2026-06-01 02:00:00,0.1167,0.1198,0.1165,0.1196,283875.0715
2026-06-01 03:00:00,0.1196,0.1211,0.1196,0.1205,658035.5715
2026-06-01 04:00:00,0.1205,0.121,0.1183,0.1191,278938.1103
2026-06-01 05:00:00,0.119,0.119,0.1177,0.118,82080.5431
2026-06-01 06:00:00,0.1179,0.118,0.1159,0.1166,270107.7691
2026-06-01 07:00:00,0.1166,0.117,0.1153,0.1156,362689.5244
2026-06-01 08:00:00,0.1156,0.1161,0.1151,0.1159,174787.0466
2026-06-01 09:00:00,0.1159,0.1168,0.1157,0.1164,116774.6944
2026-06-01 10:00:00,0.1164,0.1166,0.1156,0.1163,84342.2861
2026-06-01 11:00:00,0.1165,0.117,0.1161,0.1163,61239.3262
2026-06-01 12:00:00,0.1165,0.1171,0.1154,0.1167,134009.9652
2026-06-01 13:00:00,0.1167,0.1169,0.1142,0.1153,598154.339
2026-06-01 14:00:00,0.1154,0.1159,0.1148,0.1158,352203.5582
2026-06-01 15:00:00,0.1158,0.117,0.1151,0.1165,561903.7877
2026-06-01 16:00:00,0.1166,0.1195,0.1159,0.1193,274409.0393
2026-06-01 17:00:00,0.1193,0.1234,0.1192,0.1229,439745.2083
2026-06-01 18:00:00,0.1229,0.1245,0.1218,0.1231,759571.7803
2026-06-01 19:00:00,0.1231,0.125,0.1221,0.1248,411069.832
2026-06-01 20:00:00,0.1249,0.1249,0.123,0.1237,162807.6673
2026-06-01 21:00:00,0.1238,0.1239,0.1219,0.1228,250758.783
2026-06-01 22:00:00,0.1227,0.1234,0.1215,0.1233,187516.1868
2026-06-01 23:00:00,0.1234,0.1244,0.1229,0.1244,362520.7097
2026-06-02 00:00:00,0.1244,0.1252,0.123,0.123,336430.2365
2026-06-02 01:00:00,0.123,0.1233,0.1205,0.1206,383353.9321
2026-06-02 02:00:00,0.1206,0.1214,0.1189,0.1214,652421.5115
2026-06-02 03:00:00,0.1214,0.1239,0.121,0.1239,385452.4674
2026-06-02 04:00:00,0.1238,0.1246,0.1225,0.1226,353849.9208
2026-06-02 05:00:00,0.1225,0.1227,0.1216,0.1219,615331.9539
2026-06-02 06:00:00,0.1219,0.1228,0.1211,0.1226,404572.377
2026-06-02 07:00:00,0.1226,0.1242,0.1209,0.1237,836258.3533
2026-06-02 08:00:00,0.1237,0.1239,0.1222,0.1227,193645.5982
2026-06-02 09:00:00,0.1228,0.123,0.1214,0.1216,295885.6896
2026-06-02 10:00:00,0.1217,0.1255,0.1216,0.1254,203354.6742
2026-06-02 11:00:00,0.1253,0.1254,0.1234,0.124,215263.6077
2026-06-02 12:00:00,0.1239,0.1249,0.1231,0.1249,273189.5576
2026-06-02 13:00:00,0.1248,0.1265,0.1242,0.1248,513805.6457
2026-06-02 14:00:00,0.1249,0.125,0.1171,0.1192,1463892.7826
2026-06-02 15:00:00,0.1192,0.1193,0.1153,0.1169,1593145.2232
2026-06-02 16:00:00,0.1168,0.1209,0.1162,0.1191,1007379.6009
2026-06-02 17:00:00,0.1192,0.1231,0.1191,0.122,552245.3394
2026-06-02 18:00:00,0.1221,0.1232,0.1186,0.1192,472401.8709
2026-06-02 19:00:00,0.1193,0.1197,0.1156,0.1187,454195.8213
2026-06-02 20:00:00,0.1186,0.1201,0.117,0.1196,387487.089
2026-06-02 21:00:00,0.1196,0.1212,0.1185,0.1189,383873.3317
2026-06-02 22:00:00,0.119,0.119,0.1154,0.1159,845487.0891
2026-06-02 23:00:00,0.1161,0.1168,0.1131,0.1157,781179.5198
2026-06-03 00:00:00,0.1157,0.1179,0.1155,0.1169,511121.3945
2026-06-03 01:00:00,0.1168,0.1186,0.116,0.1186,480744.2673
2026-06-03 02:00:00,0.1185,0.1189,0.1175,0.1189,233475.2207
2026-06-03 03:00:00,0.1189,0.1192,0.1144,0.1151,1075147.9353
2026-06-03 04:00:00,0.1152,0.1206,0.1152,0.1205,267578.9565
2026-06-03 05:00:00,0.1206,0.1237,0.1205,0.1236,572220.9309
2026-06-03 06:00:00,0.1237,0.1246,0.1226,0.1235,496608.2805
2026-06-03 07:00:00,0.1235,0.1268,0.1232,0.1266,689766.7175
2026-06-03 08:00:00,0.1266,0.1286,0.1262,0.1271,1200003.8344
2026-06-03 09:00:00,0.127,0.1279,0.1249,0.1268,1065929.7282
2026-06-03 10:00:00,0.1269,0.1327,0.1267,0.1322,1027777.6052
2026-06-03 11:00:00,0.1321,0.1332,0.1276,0.1289,2232617.4977
2026-06-03 12:00:00,0.129,0.1291,0.1265,0.128,1130996.8506
2026-06-03 13:00:00,0.128,0.1287,0.1264,0.1283,465281.4302
2026-06-03 14:00:00,0.1284,0.1293,0.127,0.1291,357456.7278
2026-06-03 15:00:00,0.1292,0.1292,0.1253,0.1254,375603.6901
2026-06-03 16:00:00,0.1255,0.1257,0.122,0.1237,447379.7589
2026-06-03 17:00:00,0.1237,0.1257,0.1217,0.125,260619.7438
2026-06-03 18:00:00,0.125,0.1256,0.123,0.1247,140538.7949
2026-06-03 19:00:00,0.1249,0.125,0.1226,0.1229,166366.2607
2026-06-03 20:00:00,0.1228,0.1239,0.1197,0.1206,174794.555
2026-06-03 21:00:00,0.1205,0.1255,0.1203,0.1253,331285.887
2026-06-03 22:00:00,0.1252,0.1261,0.1238,0.1245,109561.8515
2026-06-03 23:00:00,0.1245,0.1246,0.1226,0.1228,178610.4698
2026-06-04 00:00:00,0.1227,0.1244,0.12,0.121,495761.7052
2026-06-04 01:00:00,0.1211,0.122,0.1141,0.1144,1588133.474
2026-06-04 02:00:00,0.1144,0.1147,0.1073,0.1131,4578448.3897
2026-06-04 03:00:00,0.1131,0.1162,0.1131,0.1153,727309.0612
2026-06-04 04:00:00,0.1154,0.116,0.1125,0.1126,751308.8847
2026-06-04 05:00:00,0.1124,0.1124,0.1095,0.1111,791324.3071
2026-06-04 06:00:00,0.1111,0.1124,0.1105,0.1108,577163.6109
2026-06-04 07:00:00,0.1109,0.111,0.1076,0.1077,1690967.1225
2026-06-04 08:00:00,0.1079,0.1088,0.1057,0.1073,1756847.9065
2026-06-04 09:00:00,0.1072,0.1072,0.1044,0.106,1128851.5137
2026-06-04 10:00:00,0.1061,0.1067,0.1043,0.105,1618817.9297
2026-06-04 11:00:00,0.1051,0.107,0.1043,0.107,720346.2578
2026-06-04 12:00:00,0.1071,0.1105,0.1055,0.1103,1092578.7269
2026-06-04 13:00:00,0.1102,0.1131,0.1086,0.1117,1337065.6469
2026-06-04 14:00:00,0.1118,0.1128,0.1107,0.1116,984694.7826
2026-06-04 15:00:00,0.1116,0.1152,0.1116,0.1151,591413.749
2026-06-04 16:00:00,0.1151,0.1166,0.1138,0.1157,858261.5032
2026-06-04 17:00:00,0.1157,0.1172,0.1131,0.1137,745862.5245
2026-06-04 18:00:00,0.1138,0.118,0.1126,0.118,588566.096
2026-06-04 19:00:00,0.1179,0.1192,0.1163,0.1174,515295.1462
2026-06-04 20:00:00,0.1174,0.1174,0.1138,0.1147,281879.5241
2026-06-04 21:00:00,0.1144,0.1149,0.11,0.1102,675371.51
2026-06-04 22:00:00,0.1101,0.1114,0.1096,0.1111,256495.2893
2026-06-04 23:00:00,0.1109,0.1123,0.1101,0.1122,247740.8333
2026-06-05 00:00:00,0.112,0.1128,0.1102,0.1102,285850.9903
2026-06-05 01:00:00,0.1102,0.1121,0.1088,0.1118,857573.7639
2026-06-05 02:00:00,0.1118,0.1119,0.108,0.1082,286656.9962
2026-06-05 03:00:00,0.1082,0.1092,0.1072,0.1074,842993.1281
2026-06-05 04:00:00,0.1075,0.1099,0.1071,0.1091,642108.1786
2026-06-05 05:00:00,0.1093,0.1103,0.1062,0.1064,434323.3972
2026-06-05 06:00:00,0.1065,0.1065,0.1,0.1037,1548105.6119
2026-06-05 07:00:00,0.1038,0.1073,0.1015,0.1068,1782996.3541
2026-06-05 08:00:00,0.1067,0.1068,0.1039,0.1048,981713.6139
2026-06-05 09:00:00,0.1049,0.1073,0.1047,0.1066,1007751.5417
2026-06-05 10:00:00,0.1067,0.1069,0.1044,0.1048,538706.5142
2026-06-05 11:00:00,0.1049,0.1049,0.1026,0.1028,714919.0399
2026-06-05 12:00:00,0.1028,0.1033,0.1011,0.1023,410418.519
2026-06-05 13:00:00,0.1023,0.1045,0.1,0.1,912592.9987
2026-06-05 14:00:00,0.1001,0.1037,0.0993,0.1023,1074483.2122
2026-06-05 15:00:00,0.1021,0.1024,0.0987,0.0996,1321745.583
2026-06-05 16:00:00,0.0995,0.1002,0.0958,0.0998,3091740.3975
2026-06-05 17:00:00,0.0999,0.1001,0.0974,0.0979,1217064.4602
2026-06-05 18:00:00,0.098,0.0984,0.0926,0.0929,1908472.4795
2026-06-05 19:00:00,0.0928,0.0967,0.0915,0.0959,1855008.2836
2026-06-05 20:00:00,0.0959,0.0996,0.095,0.0995,1118433.6471
2026-06-05 21:00:00,0.0995,0.1006,0.0992,0.0994,754933.1886
2026-06-05 22:00:00,0.0993,0.0995,0.0976,0.099,1127395.2292
2026-06-05 23:00:00,0.099,0.0994,0.0961,0.0979,632427.2941
2026-06-06 00:00:00,0.0979,0.1,0.0979,0.0996,424328.2467
2026-06-06 01:00:00,0.0996,0.0999,0.0978,0.0981,149015.376
2026-06-06 02:00:00,0.098,0.0983,0.097,0.097,127642.7525
2026-06-06 03:00:00,0.0969,0.0969,0.0951,0.0955,576712.6515
2026-06-06 04:00:00,0.0954,0.0959,0.0903,0.0911,1366054.463
2026-06-06 05:00:00,0.0911,0.0955,0.0898,0.0954,1126941.7705
2026-06-06 06:00:00,0.0954,0.0964,0.0951,0.0952,648749.6438
2026-06-06 07:00:00,0.0952,0.0969,0.0951,0.0958,581863.9694
2026-06-06 08:00:00,0.0958,0.0975,0.0954,0.0974,358544.4796
2026-06-06 09:00:00,0.0974,0.0988,0.0959,0.0961,335773.5781
2026-06-06 10:00:00,0.0961,0.0961,0.0937,0.0952,394323.4246
2026-06-06 11:00:00,0.0952,0.097,0.0949,0.0965,402763.4197
2026-06-06 12:00:00,0.0967,0.0972,0.0953,0.0966,222175.874
2026-06-06 13:00:00,0.0965,0.0976,0.0961,0.0964,150822.4542
2026-06-06 14:00:00,0.0963,0.0976,0.0961,0.0961,214860.0625
2026-06-06 15:00:00,0.0962,0.0962,0.0943,0.0948,627771.1789
2026-06-06 16:00:00,0.0947,0.0955,0.0938,0.0948,470322.3558
2026-06-06 17:00:00,0.0948,0.0949,0.0933,0.0936,406677.3651
2026-06-06 18:00:00,0.0937,0.095,0.0935,0.0942,264476.7915
2026-06-06 19:00:00,0.0942,0.0948,0.0931,0.0931,133183.6473
2026-06-06 20:00:00,0.093,0.0934,0.0926,0.0933,154800.6842
2026-06-06 21:00:00,0.0934,0.0941,0.0931,0.0931,398312.2022
2026-06-06 22:00:00,0.0931,0.0935,0.0924,0.0926,533579.1908
2026-06-06 23:00:00,0.0926,0.094,0.0925,0.0938,204597.8041
2026-06-07 00:00:00,0.0938,0.0945,0.0934,0.0935,309174.9765
2026-06-07 01:00:00,0.0934,0.0965,0.0934,0.0963,426598.4288
2026-06-07 02:00:00,0.0962,0.0963,0.0944,0.0948,202749.4942
2026-06-07 03:00:00,0.0948,0.0953,0.0942,0.0948,155470.4853
2026-06-07 04:00:00,0.0948,0.0949,0.094,0.0947,191998.0226
2026-06-07 05:00:00,0.0947,0.0955,0.0942,0.0948,517141.2185
2026-06-07 06:00:00,0.0946,0.0963,0.0938,0.0954,949624.0329
2026-06-07 07:00:00,0.0954,0.0961,0.0952,0.0955,504088.664
2026-06-07 08:00:00,0.0955,0.0973,0.0945,0.0973,435310.8753
2026-06-07 09:00:00,0.0973,0.0977,0.0963,0.0967,436529.3507
2026-06-07 10:00:00,0.0967,0.0968,0.0955,0.0957,347637.1253
2026-06-07 11:00:00,0.0957,0.0971,0.0954,0.0963,144380.1117
2026-06-07 12:00:00,0.0962,0.0962,0.0928,0.0943,874053.3335
2026-06-07 13:00:00,0.0942,0.095,0.094,0.0946,215182.7239
2026-06-07 14:00:00,0.0946,0.0968,0.0944,0.0962,744899.5148
2026-06-07 15:00:00,0.0963,0.0965,0.0953,0.0958,415183.1525
2026-06-07 16:00:00,0.0959,0.0959,0.0948,0.0954,364562.2261
2026-06-07 17:00:00,0.0954,0.0961,0.0949,0.0952,686393.6222
2026-06-07 18:00:00,0.0953,0.0959,0.094,0.0942,426514.5116
2026-06-07 19:00:00,0.0942,0.0942,0.0918,0.0924,865465.3697
2026-06-07 20:00:00,0.0925,0.0946,0.0922,0.0942,374159.9914
2026-06-07 21:00:00,0.0944,0.0948,0.0934,0.0941,200220.8787
2026-06-07 22:00:00,0.0941,0.1008,0.0941,0.097,1072325.0097
2026-06-07 23:00:00,0.097,0.0975,0.0967,0.0975,171634.8075
2026-06-08 00:00:00,0.0975,0.0981,0.0965,0.0974,220889.3119
2026-06-08 01:00:00,0.0974,0.0974,0.095,0.0959,487602.132
2026-06-08 02:00:00,0.096,0.0964,0.0957,0.0961,115938.6182
2026-06-08 03:00:00,0.0962,0.097,0.0959,0.0968,302589.9429
2026-06-08 04:00:00,0.0968,0.0969,0.0953,0.0954,85765.2859
2026-06-08 05:00:00,0.0954,0.0957,0.0947,0.0955,266453.8052
2026-06-08 06:00:00,0.0955,0.0968,0.0955,0.0963,166424.2118
2026-06-08 07:00:00,0.0964,0.0972,0.0956,0.097,196696.9909
2026-06-08 08:00:00,0.097,0.0973,0.096,0.0964,374370.7404
2026-06-08 09:00:00,0.0964,0.0978,0.0961,0.0978,284254.2148
2026-06-08 10:00:00,0.0978,0.0981,0.0969,0.0978,232790.3258
2026-06-08 11:00:00,0.0978,0.0993,0.0974,0.0988,236906.2142
2026-06-08 12:00:00,0.0988,0.1003,0.0976,0.1001,503453.1735
2026-06-08 13:00:00,0.1001,0.1003,0.0985,0.0987,1207705.9345
2026-06-08 14:00:00,0.0986,0.0988,0.0976,0.0984,291845.824
2026-06-08 15:00:00,0.0985,0.0993,0.0976,0.0977,212453.4519
2026-06-08 16:00:00,0.0977,0.0989,0.0974,0.0976,221447.7093
2026-06-08 17:00:00,0.0976,0.0983,0.0968,0.0983,332600.7876
2026-06-08 18:00:00,0.0984,0.0987,0.0975,0.0977,319124.7125
2026-06-08 19:00:00,0.0977,0.0982,0.0974,0.0977,166745.7591
2026-06-08 20:00:00,0.0977,0.0977,0.0964,0.0974,187603.6847
2026-06-08 21:00:00,0.0975,0.0987,0.0974,0.0974,154435.0787
2026-06-08 22:00:00,0.0973,0.0975,0.0963,0.0967,194012.0314
2026-06-08 23:00:00,0.0966,0.097,0.0956,0.096,186602.6002
2026-06-09 00:00:00,0.0961,0.0961,0.0933,0.0935,550877.2864
2026-06-09 01:00:00,0.0935,0.0944,0.0933,0.0941,281349.5727
2026-06-09 02:00:00,0.0941,0.0944,0.0927,0.0934,748405.0903
2026-06-09 03:00:00,0.0935,0.094,0.0929,0.0939,90483.1467
2026-06-09 04:00:00,0.0939,0.0958,0.0937,0.0955,251057.5964
2026-06-09 05:00:00,0.0954,0.0965,0.0954,0.0959,189701.2587
2026-06-09 06:00:00,0.0959,0.0965,0.0956,0.0958,221152.1361
2026-06-09 07:00:00,0.096,0.0966,0.0957,0.0964,257108.654
2026-06-09 08:00:00,0.0964,0.0965,0.0955,0.0958,115912.0431
2026-06-09 09:00:00,0.096,0.0961,0.0947,0.0949,176896.9662
2026-06-09 10:00:00,0.095,0.0951,0.0944,0.095,189562.9261
2026-06-09 11:00:00,0.095,0.0958,0.0945,0.0956,157573.9254
2026-06-09 12:00:00,0.0956,0.0963,0.0956,0.0962,395453.2332
2026-06-09 13:00:00,0.0962,0.0967,0.0952,0.0962,225154.935
2026-06-09 14:00:00,0.0961,0.0963,0.0931,0.0947,389183.7848
2026-06-09 15:00:00,0.0947,0.0952,0.093,0.0932,449488.3623
2026-06-09 16:00:00,0.0932,0.0937,0.0914,0.0931,721532.022
2026-06-09 17:00:00,0.0931,0.095,0.093,0.0946,166947.9259
2026-06-09 18:00:00,0.0947,0.0957,0.0944,0.0955,301651.6441
2026-06-09 19:00:00,0.0953,0.0962,0.0952,0.0959,290983.0475
2026-06-09 20:00:00,0.096,0.0972,0.096,0.0971,299191.2457
2026-06-09 21:00:00,0.0972,0.0975,0.0958,0.0959,235110.5492
2026-06-09 22:00:00,0.096,0.0971,0.0958,0.096,111100.5573
2026-06-09 23:00:00,0.0959,0.0971,0.0957,0.0967,131791.1555
2026-06-10 00:00:00,0.0969,0.0977,0.0963,0.0975,108486.9272
2026-06-10 01:00:00,0.0976,0.0978,0.0962,0.0971,109971.3523
2026-06-10 02:00:00,0.097,0.0973,0.0954,0.0958,298263.9972
2026-06-10 03:00:00,0.0956,0.0969,0.0956,0.0964,167240.361
2026-06-10 04:00:00,0.0965,0.0968,0.0952,0.0956,222527.6554
2026-06-10 05:00:00,0.0957,0.0957,0.0947,0.0948,313652.3911
2026-06-10 06:00:00,0.0948,0.0957,0.0946,0.0952,124580.0471
2026-06-10 07:00:00,0.0952,0.0967,0.0952,0.0964,180621.5845
2026-06-10 08:00:00,0.0963,0.0963,0.0947,0.0947,188536.3761
2026-06-10 09:00:00,0.0947,0.0954,0.0937,0.0953,300558.1033
2026-06-10 10:00:00,0.0951,0.0952,0.0941,0.0949,81657.5641
2026-06-10 11:00:00,0.0949,0.095,0.093,0.0937,289246.7428
2026-06-10 12:00:00,0.0937,0.0966,0.0933,0.0959,581540.9423
2026-06-10 13:00:00,0.0958,0.0978,0.0957,0.096,761686.4511
2026-06-10 14:00:00,0.0961,0.0963,0.0949,0.0956,391568.7449
2026-06-10 15:00:00,0.0955,0.0964,0.0944,0.0953,203200.3968
2026-06-10 16:00:00,0.0955,0.096,0.093,0.0939,1077289.3645
2026-06-10 17:00:00,0.0939,0.0953,0.0928,0.0937,1000514.4608
2026-06-10 18:00:00,0.0937,0.0938,0.0925,0.0932,240151.4761
2026-06-10 19:00:00,0.0932,0.0933,0.0914,0.0917,222433.9766
2026-06-10 20:00:00,0.0917,0.092,0.0905,0.0909,276348.7139
2026-06-10 21:00:00,0.0908,0.0912,0.0894,0.0899,349438.905
2026-06-10 22:00:00,0.09,0.0902,0.0886,0.0896,224518.7926
2026-06-10 23:00:00,0.0896,0.0913,0.0891,0.0911,331163.0305
2026-06-11 00:00:00,0.0909,0.0922,0.0909,0.0917,241969.0052
2026-06-11 01:00:00,0.0917,0.0928,0.0917,0.0926,266147.634
2026-06-11 02:00:00,0.0926,0.0926,0.0913,0.0916,415997.6056
2026-06-11 03:00:00,0.0916,0.0936,0.0912,0.0932,441972.0168
2026-06-11 04:00:00,0.0933,0.0946,0.0928,0.0941,389723.6455
2026-06-11 05:00:00,0.0943,0.0945,0.0935,0.0936,73798.5665
2026-06-11 06:00:00,0.0936,0.094,0.093,0.0931,160409.6398
2026-06-11 07:00:00,0.093,0.0934,0.0927,0.0931,131212.6573
2026-06-11 08:00:00,0.0931,0.0945,0.0931,0.0939,164881.6568
2026-06-11 09:00:00,0.0939,0.0941,0.0929,0.0932,162184.5732
2026-06-11 10:00:00,0.0932,0.0943,0.093,0.0938,943084.0203
2026-06-11 11:00:00,0.0938,0.0953,0.0936,0.0948,159350.1539
2026-06-11 12:00:00,0.0948,0.0948,0.0925,0.0938,503826.1404
2026-06-11 13:00:00,0.0936,0.0949,0.0934,0.094,373890.0143
2026-06-11 14:00:00,0.094,0.0947,0.0935,0.094,161512.5647
2026-06-11 15:00:00,0.0939,0.0941,0.0931,0.0936,368590.0265
2026-06-11 16:00:00,0.0936,0.0943,0.093,0.0931,151000.4267
2026-06-11 17:00:00,0.093,0.0965,0.0925,0.0962,782233.7364
2026-06-11 18:00:00,0.0962,0.0971,0.0953,0.0957,175953.8565
2026-06-11 19:00:00,0.0956,0.0966,0.0952,0.0957,183136.2587
2026-06-11 20:00:00,0.0957,0.0959,0.0946,0.0952,204984.0452
2026-06-11 21:00:00,0.0953,0.0964,0.0953,0.0955,214180.8122
2026-06-11 22:00:00,0.0955,0.0957,0.0947,0.0949,81685.769
2026-06-11 23:00:00,0.0948,0.0955,0.0945,0.0954,76029.4023
2026-06-12 00:00:00,0.0956,0.0963,0.0953,0.0959,255545.1548
2026-06-12 01:00:00,0.0959,0.0959,0.0949,0.0956,74288.4604
2026-06-12 02:00:00,0.0957,0.0965,0.0956,0.09608,63837.9648
2026-06-12 03:00:00,0.09617,0.09673,0.09604,0.09665,276998.0146
2026-06-12 04:00:00,0.0967,0.09756,0.09645,0.09728,125859.2343
2026-06-12 05:00:00,0.09729,0.09747,0.0962,0.09633,245443.4877
2026-06-12 06:00:00,0.09624,0.09639,0.09495,0.0952,244528.8464
2026-06-12 07:00:00,0.09515,0.09615,0.09515,0.09594,178465.3007
2026-06-12 08:00:00,0.09594,0.0979,0.09593,0.0978,584549.1873
2026-06-12 09:00:00,0.09781,0.0996,0.09759,0.09866,402946.0321
2026-06-12 10:00:00,0.09868,0.10079,0.09848,0.09917,897751.1924
2026-06-12 11:00:00,0.09917,0.10086,0.09903,0.09984,767707.0275
2026-06-12 12:00:00,0.09983,0.10097,0.0985,0.0992,743581.8441
2026-06-12 13:00:00,0.0992,0.09954,0.0966,0.09852,860011.3597
2026-06-12 14:00:00,0.09855,0.10074,0.09806,0.10042,461448.108
2026-06-12 15:00:00,0.10042,0.10098,0.09863,0.09869,667815.8828
2026-06-12 16:00:00,0.09869,0.1012,0.09844,0.101,589591.875
2026-06-12 17:00:00,0.10098,0.10198,0.10002,0.10036,1027591.4906
2026-06-12 18:00:00,0.10037,0.10084,0.09927,0.09998,203183.052
2026-06-12 19:00:00,0.09998,0.10133,0.09996,0.10055,237684.4065
2026-06-12 20:00:00,0.10058,0.10105,0.09984,0.10032,260478.6505
2026-06-12 21:00:00,0.10037,0.10103,0.09917,0.09949,172288.8926
2026-06-12 22:00:00,0.09947,0.1002,0.09932,0.09957,98100.2123
2026-06-12 23:00:00,0.09954,0.09989,0.09893,0.09982,94408.2419
2026-06-13 00:00:00,0.09982,0.09998,0.09945,0.09963,126427.2505
2026-06-13 01:00:00,0.09957,0.10117,0.09957,0.10074,185445.9293
2026-06-13 02:00:00,0.10077,0.10087,0.10008,0.10079,125427.3576
2026-06-13 03:00:00,0.10077,0.10111,0.1,0.10073,107583.067
2026-06-13 04:00:00,0.10066,0.10195,0.09991,0.10114,251950.4408
2026-06-13 05:00:00,0.10115,0.10239,0.10109,0.10239,209631.3415
2026-06-13 06:00:00,0.10235,0.10608,0.10213,0.10406,2237749.1285
2026-06-13 07:00:00,0.10399,0.10736,0.10337,0.10585,1501809.8376
2026-06-13 08:00:00,0.10583,0.10999,0.10574,0.10693,2979643.9808
2026-06-13 09:00:00,0.10699,0.10916,0.1059,0.10818,1790963.4683
2026-06-13 10:00:00,0.10828,0.10966,0.10649,0.10713,2151918.1758
2026-06-13 11:00:00,0.10714,0.10996,0.10672,0.10774,2025752.7951
2026-06-13 12:00:00,0.10773,0.10981,0.10685,0.10842,1911666.8724
2026-06-13 13:00:00,0.10842,0.11041,0.10801,0.11018,1685787.7201
2026-06-13 14:00:00,0.11028,0.1127,0.107,0.10795,2807930.4955
2026-06-13 15:00:00,0.10796,0.10925,0.10702,0.10778,1415474.0305
2026-06-13 16:00:00,0.10773,0.10826,0.10603,0.10801,898399.7052
2026-06-13 17:00:00,0.10797,0.11026,0.10715,0.10894,838709.3255
2026-06-13 18:00:00,0.10886,0.10949,0.10784,0.10851,309134.3175
2026-06-13 19:00:00,0.10853,0.1091,0.10757,0.10816,268601.0134
2026-06-13 20:00:00,0.10822,0.1088,0.10764,0.1079,178895.4326
2026-06-13 21:00:00,0.10786,0.10865,0.10724,0.10814,239323.4512
2026-06-13 22:00:00,0.10813,0.10864,0.10727,0.10727,151490.7669
2026-06-13 23:00:00,0.10726,0.10784,0.10695,0.10696,226993.5128
2026-06-14 00:00:00,0.10705,0.10721,0.10593,0.10612,796149.751
2026-06-14 01:00:00,0.10614,0.10707,0.10552,0.10663,446302.1046
2026-06-14 02:00:00,0.10662,0.10745,0.10609,0.10619,397501.1184
2026-06-14 03:00:00,0.10615,0.10747,0.10583,0.10614,2425174.6406
2026-06-14 04:00:00,0.10611,0.10615,0.10471,0.10513,622402.6919
2026-06-14 05:00:00,0.10514,0.10599,0.10441,0.10565,304653.6982
2026-06-14 06:00:00,0.10565,0.107,0.10542,0.10567,932095.7553
2026-06-14 07:00:00,0.10572,0.10614,0.10533,0.1061,374283.028
2026-06-14 08:00:00,0.10605,0.10695,0.10565,0.10626,141103.9029
2026-06-14 09:00:00,0.10624,0.10686,0.10564,0.10686,234476.3691
2026-06-14 10:00:00,0.10683,0.1082,0.10627,0.10714,767486.2597
2026-06-14 11:00:00,0.10716,0.10737,0.10656,0.10697,400958.8066
2026-06-14 12:00:00,0.10699,0.10711,0.10567,0.10587,504446.1015
2026-06-14 13:00:00,0.10588,0.10721,0.10581,0.10684,466651.0689
2026-06-14 14:00:00,0.10686,0.10699,0.10457,0.10618,550305.7971
2026-06-14 15:00:00,0.10619,0.10669,0.10571,0.10588,165841.0579
2026-06-14 16:00:00,0.10586,0.10666,0.10579,0.10614,70074.0412
2026-06-14 17:00:00,0.10608,0.1065,0.10536,0.10566,316605.1317
2026-06-14 18:00:00,0.10566,0.10608,0.10546,0.10593,159368.4199
2026-06-14 19:00:00,0.10586,0.10647,0.10565,0.10565,85114.6036
2026-06-14 20:00:00,0.10571,0.10659,0.10534,0.10579,211632.6067
2026-06-14 21:00:00,0.1058,0.10962,0.10574,0.10866,1020967.5318
2026-06-14 22:00:00,0.10858,0.10894,0.10775,0.10817,278292.7822
2026-06-14 23:00:00,0.10818,0.10893,0.10784,0.10851,186584.7376
2026-06-15 00:00:00,0.10853,0.10914,0.10733,0.10886,606882.9022
2026-06-15 01:00:00,0.10886,0.11148,0.10826,0.11014,931516.3162
2026-06-15 02:00:00,0.11016,0.11085,0.10905,0.11054,589402.4815
2026-06-15 03:00:00,0.11057,0.11145,0.11015,0.11083,228826.9791
2026-06-15 04:00:00,0.1108,0.11135,0.11037,0.11056,267154.1388
2026-06-15 05:00:00,0.11055,0.11152,0.10986,0.11073,402658.8762
2026-06-15 06:00:00,0.11075,0.11128,0.11002,0.11007,329725.8973
2026-06-15 07:00:00,0.11007,0.11064,0.1098,0.10987,567177.657
2026-06-15 08:00:00,0.10997,0.11078,0.1096,0.10994,358414.7756
2026-06-15 09:00:00,0.10992,0.1104,0.10956,0.11011,470011.0072
2026-06-15 10:00:00,0.11012,0.1108,0.10956,0.11017,388833.2492
2026-06-15 11:00:00,0.1102,0.11167,0.11007,0.11083,598766.252
2026-06-15 12:00:00,0.11084,0.11214,0.11047,0.11161,1526261.2474
2026-06-15 13:00:00,0.11163,0.11228,0.111,0.11141,846172.2524
2026-06-15 14:00:00,0.11143,0.11197,0.11072,0.11148,245307.4259
2026-06-15 15:00:00,0.11146,0.11172,0.11019,0.11114,761952.7847
2026-06-15 16:00:00,0.11114,0.11138,0.11047,0.11074,491239.8849
2026-06-15 17:00:00,0.11072,0.11152,0.1102,0.11135,478671.43
2026-06-15 18:00:00,0.11136,0.11165,0.11084,0.11089,218160.2464
2026-06-15 19:00:00,0.11086,0.11106,0.10884,0.10999,798731.0714
2026-06-15 20:00:00,0.10998,0.11027,0.10933,0.10948,219877.0398
2026-06-15 21:00:00,0.10949,0.1097,0.10918,0.10969,91700.5709
2026-06-15 22:00:00,0.10958,0.1098,0.10754,0.10817,423431.4828
2026-06-15 23:00:00,0.10819,0.10874,0.10759,0.1086,227740.505
2026-06-16 00:00:00,0.10864,0.10917,0.10829,0.10846,468949.4388
2026-06-16 01:00:00,0.10848,0.1092,0.10847,0.10856,119718.3946
2026-06-16 02:00:00,0.10861,0.10872,0.10702,0.1078,721905.8001
2026-06-16 03:00:00,0.10779,0.10887,0.10756,0.10845,169830.3388
2026-06-16 04:00:00,0.10844,0.1085,0.10721,0.10745,98677.472
2026-06-16 05:00:00,0.10743,0.10797,0.10707,0.10728,165756.5889
2026-06-16 06:00:00,0.10726,0.10742,0.10669,0.10678,343937.2202
2026-06-16 07:00:00,0.10684,0.10759,0.10647,0.10692,792915.7807
2026-06-16 08:00:00,0.10691,0.10906,0.10674,0.10905,342443.4007
2026-06-16 09:00:00,0.10905,0.10906,0.10763,0.10785,417280.5285
2026-06-16 10:00:00,0.10786,0.10821,0.10734,0.10744,118926.5907
2026-06-16 11:00:00,0.10745,0.10869,0.10708,0.10869,483268.2931
2026-06-16 12:00:00,0.1087,0.11006,0.10834,0.10915,311077.7895
2026-06-16 13:00:00,0.10916,0.10934,0.10704,0.10745,477539.3382
2026-06-16 14:00:00,0.10746,0.1081,0.10506,0.10651,1920527.6149
2026-06-16 15:00:00,0.10653,0.10734,0.10628,0.10683,657970.0087
2026-06-16 16:00:00,0.1068,0.1071,0.10604,0.10633,458603.2545
2026-06-16 17:00:00,0.10635,0.10771,0.1063,0.10743,307227.5901
2026-06-16 18:00:00,0.10744,0.10859,0.10736,0.10808,366013.217
2026-06-16 19:00:00,0.10808,0.10833,0.10715,0.10805,420368.2571
2026-06-16 20:00:00,0.10803,0.11071,0.10776,0.1102,1914168.3798
2026-06-16 21:00:00,0.11021,0.11029,0.10897,0.10986,723041.3911
2026-06-16 22:00:00,0.10986,0.11038,0.10916,0.10966,255796.612
2026-06-16 23:00:00,0.10967,0.10985,0.10877,0.109,219158.0762
2026-06-17 00:00:00,0.109,0.10979,0.10898,0.10948,296638.6775
2026-06-17 01:00:00,0.10948,0.11145,0.10948,0.11137,1427735.8693
2026-06-17 02:00:00,0.11139,0.11225,0.11017,0.11054,723165.5751
2026-06-17 03:00:00,0.11056,0.11057,0.10937,0.10982,238871.85
2026-06-17 04:00:00,0.10985,0.11078,0.10947,0.10987,195860.119
2026-06-17 05:00:00,0.10987,0.1103,0.10891,0.10916,298227.5336
2026-06-17 06:00:00,0.10917,0.1104,0.10855,0.10859,748892.841
2026-06-17 07:00:00,0.10859,0.10935,0.10795,0.10856,652618.8764
2026-06-17 08:00:00,0.10857,0.10877,0.10707,0.10759,461168.5756
2026-06-17 09:00:00,0.10755,0.10816,0.10749,0.10804,88292.2478
2026-06-17 10:00:00,0.10805,0.10837,0.10728,0.10731,182355.1449
2026-06-17 11:00:00,0.10737,0.10785,0.10684,0.1073,162166.5371
2026-06-17 12:00:00,0.10728,0.10771,0.10651,0.10766,384110.3034
2026-06-17 13:00:00,0.10765,0.10792,0.10702,0.10706,202305.3194
2026-06-17 14:00:00,0.10704,0.10742,0.10512,0.10661,667077.5572
2026-06-17 15:00:00,0.10656,0.10935,0.10652,0.10927,388886.8388
2026-06-17 16:00:00,0.10927,0.11041,0.10926,0.10929,310348.3029
2026-06-17 17:00:00,0.10929,0.11066,0.10884,0.11066,155533.8673
2026-06-17 18:00:00,0.11064,0.11067,0.10681,0.10935,1144606.0566
2026-06-17 19:00:00,0.10935,0.10987,0.10533,0.10621,1334086.5825
2026-06-17 20:00:00,0.10615,0.10736,0.10567,0.10718,375860.1138
2026-06-17 21:00:00,0.10718,0.10741,0.10628,0.10672,383197.7436
2026-06-17 22:00:00,0.10676,0.1083,0.10532,0.10797,323387.6594
2026-06-17 23:00:00,0.10798,0.10975,0.10796,0.1088,282859.6167
2026-06-18 00:00:00,0.1088,0.10935,0.10836,0.10874,1588396.8589
2026-06-18 01:00:00,0.10875,0.10965,0.10836,0.10858,137758.3994
2026-06-18 02:00:00,0.10866,0.10947,0.10834,0.10886,314376.6753
2026-06-18 03:00:00,0.10884,0.10891,0.10685,0.10715,505004.4915
2026-06-18 04:00:00,0.10715,0.10722,0.10482,0.10482,587045.3306
2026-06-18 05:00:00,0.10486,0.10504,0.10373,0.1044,836335.8394
2026-06-18 06:00:00,0.10439,0.10515,0.10399,0.10491,356783.8182
2026-06-18 07:00:00,0.10492,0.10686,0.10466,0.10658,261131.4304
2026-06-18 08:00:00,0.10654,0.10768,0.10623,0.1075,295044.6466
2026-06-18 09:00:00,0.1075,0.11094,0.10726,0.10922,1477996.3397
2026-06-18 10:00:00,0.10925,0.10941,0.10814,0.1083,460872.2274
2026-06-18 11:00:00,0.10826,0.10869,0.10631,0.10653,567299.7495
2026-06-18 12:00:00,0.10656,0.10889,0.10635,0.10854,473081.4329
2026-06-18 13:00:00,0.10855,0.10943,0.10709,0.108,1075841.8963
2026-06-18 14:00:00,0.10802,0.11016,0.10762,0.10884,902256.1133
2026-06-18 15:00:00,0.10882,0.10885,0.1034,0.10402,3829788.9893
2026-06-18 16:00:00,0.10395,0.10545,0.10354,0.10506,1631658.8196
2026-06-18 17:00:00,0.10506,0.10535,0.10371,0.10515,577233.361
2026-06-18 18:00:00,0.10515,0.10741,0.10475,0.10719,422984.6704
2026-06-18 19:00:00,0.10719,0.10885,0.10647,0.10864,236860.7254
2026-06-18 20:00:00,0.10866,0.10973,0.10851,0.10854,486039.4078
2026-06-18 21:00:00,0.10857,0.10871,0.10731,0.10839,262952.3613
2026-06-18 22:00:00,0.10837,0.10906,0.10812,0.10871,114924.3452
2026-06-18 23:00:00,0.1087,0.10936,0.10826,0.10925,120089.3284
2026-06-19 00:00:00,0.10926,0.11056,0.10915,0.11015,448343.1323
2026-06-19 01:00:00,0.11014,0.11069,0.1049,0.10604,1305319.4709
2026-06-19 02:00:00,0.10602,0.10622,0.10482,0.10497,746208.7834
2026-06-19 03:00:00,0.10495,0.10517,0.10258,0.10277,1200353.8054
2026-06-19 04:00:00,0.10277,0.10281,0.1003,0.10065,750606.3526
2026-06-19 05:00:00,0.10075,0.10165,0.10055,0.10145,879053.3876
2026-06-19 06:00:00,0.10146,0.10214,0.10107,0.10206,356676.3086
2026-06-19 07:00:00,0.10204,0.10206,0.10093,0.10163,525466.043
2026-06-19 08:00:00,0.10164,0.10168,0.10024,0.10047,1232679.5357
2026-06-19 09:00:00,0.10047,0.10108,0.10032,0.10096,534000.9262
2026-06-19 10:00:00,0.10096,0.10116,0.10034,0.10065,206281.6236
2026-06-19 11:00:00,0.10064,0.1009,0.10026,0.10044,209557.3492
2026-06-19 12:00:00,0.10055,0.10297,0.10054,0.10286,340137.6547
2026-06-19 13:00:00,0.10286,0.10566,0.10267,0.10517,787384.7369
2026-06-19 14:00:00,0.10515,0.10518,0.10388,0.10405,238084.0285
2026-06-19 15:00:00,0.10405,0.10418,0.10325,0.10391,309995.2719
2026-06-19 16:00:00,0.1039,0.10435,0.10246,0.10263,246542.8846
2026-06-19 17:00:00,0.10267,0.10347,0.10223,0.10301,548530.7796
2026-06-19 18:00:00,0.10297,0.10314,0.10185,0.10245,110541.3207
2026-06-19 19:00:00,0.10246,0.10262,0.10137,0.10188,413387.1716
2026-06-19 20:00:00,0.10185,0.10206,0.1009,0.10166,486710.7154
2026-06-19 21:00:00,0.10166,0.10295,0.10156,0.10236,312429.8835
2026-06-19 22:00:00,0.10235,0.10315,0.10234,0.10294,89230.6241
2026-06-19 23:00:00,0.10292,0.10418,0.10254,0.10396,151265.8899
2026-06-20 00:00:00,0.10395,0.10546,0.10377,0.10415,511192.7667
2026-06-20 01:00:00,0.10405,0.10435,0.10325,0.1033,315446.6181
2026-06-20 02:00:00,0.10334,0.10356,0.10238,0.10252,135632.6981
2026-06-20 03:00:00,0.10256,0.10311,0.10236,0.10247,116231.9288
2026-06-20 04:00:00,0.10247,0.10339,0.10236,0.10307,392143.6154
2026-06-20 05:00:00,0.10309,0.10469,0.10301,0.1046,357619.8368
2026-06-20 06:00:00,0.10461,0.10587,0.10338,0.10421,2232959.3784
2026-06-20 07:00:00,0.10417,0.10446,0.10296,0.10318,248479.024
2026-06-20 08:00:00,0.10315,0.10332,0.10276,0.10298,184523.8427
2026-06-20 09:00:00,0.10307,0.10377,0.10279,0.10354,122917.3526
2026-06-20 10:00:00,0.10355,0.10382,0.10264,0.10332,119922.3989
2026-06-20 11:00:00,0.10336,0.10347,0.10226,0.10229,333444.7844
2026-06-20 12:00:00,0.10232,0.10234,0.10042,0.10151,860919.3118
2026-06-20 13:00:00,0.10147,0.10164,0.10063,0.10073,349370.567
2026-06-20 14:00:00,0.10065,0.10246,0.09934,0.10145,616247.9775
2026-06-20 15:00:00,0.10145,0.10238,0.10085,0.10157,472606.0907
2026-06-20 16:00:00,0.10165,0.10169,0.10058,0.10132,206854.9456
2026-06-20 17:00:00,0.10126,0.10126,0.09989,0.10074,349071.7773
2026-06-20 18:00:00,0.10076,0.10126,0.10073,0.10097,120020.144
2026-06-20 19:00:00,0.10099,0.10163,0.10091,0.10149,63485.9024
2026-06-20 20:00:00,0.10153,0.10193,0.10146,0.10188,75802.802
2026-06-20 21:00:00,0.10191,0.1029,0.10191,0.10265,203534.2818
2026-06-20 22:00:00,0.10268,0.10526,0.10226,0.10489,388167.963
2026-06-20 23:00:00,0.10489,0.10524,0.1035,0.10375,375060.7108
2026-06-21 00:00:00,0.10378,0.10406,0.10321,0.10349,181066.3908
2026-06-21 01:00:00,0.10349,0.10395,0.1031,0.10327,257226.011
2026-06-21 02:00:00,0.10325,0.10343,0.10302,0.1033,216701.538
2026-06-21 03:00:00,0.1033,0.10457,0.10301,0.10421,237021.0343
2026-06-21 04:00:00,0.10418,0.10443,0.1032,0.10324,142360.9927
2026-06-21 05:00:00,0.10323,0.10365,0.10288,0.10311,124001.5742
2026-06-21 06:00:00,0.10314,0.10361,0.10276,0.10335,210209.1612
2026-06-21 07:00:00,0.10338,0.10349,0.10304,0.10317,112420.1471
2026-06-21 08:00:00,0.10317,0.10332,0.10196,0.1026,180805.699
2026-06-21 09:00:00,0.10265,0.1031,0.10225,0.10298,333749.0001
2026-06-21 10:00:00,0.10298,0.10341,0.10266,0.10276,129177.7437
2026-06-21 11:00:00,0.10276,0.10376,0.10256,0.10276,154508.8691
2026-06-21 12:00:00,0.10276,0.10294,0.10222,0.10291,61690.6731
2026-06-21 13:00:00,0.10291,0.10406,0.10264,0.10358,213347.2404
2026-06-21 14:00:00,0.1036,0.10399,0.10286,0.10303,114771.4501
2026-06-21 15:00:00,0.10303,0.10373,0.10293,0.10322,40888.6809
2026-06-21 16:00:00,0.10325,0.10326,0.10155,0.10227,112444.4966
2026-06-21 17:00:00,0.10227,0.10227,0.10144,0.10158,58967.5337
2026-06-21 18:00:00,0.10155,0.10209,0.10093,0.10196,93129.369
2026-06-21 19:00:00,0.10199,0.10235,0.10195,0.10195,41596.6223
2026-06-21 20:00:00,0.10195,0.10201,0.10099,0.10122,117050.9982
2026-06-21 21:00:00,0.10123,0.10129,0.09946,0.10071,491737.5743
2026-06-21 22:00:00,0.1007,0.10116,0.10034,0.10086,155118.3464
2026-06-21 23:00:00,0.10086,0.10086,0.09933,0.09979,410395.136
2026-06-22 00:00:00,0.09976,0.10154,0.09975,0.10141,615815.8209
2026-06-22 01:00:00,0.10142,0.10305,0.10094,0.10221,337161.2558
2026-06-22 02:00:00,0.10222,0.10233,0.10133,0.10134,104031.4714
2026-06-22 03:00:00,0.10132,0.10155,0.1005,0.10065,111047.4447
2026-06-22 04:00:00,0.10065,0.10094,0.10024,0.10091,104658.0981
2026-06-22 05:00:00,0.10092,0.10157,0.10074,0.10136,75482.9358
2026-06-22 06:00:00,0.1014,0.10155,0.10112,0.1014,104703.7671
2026-06-22 07:00:00,0.10142,0.10312,0.10133,0.10312,270807.169
2026-06-22 08:00:00,0.10313,0.10343,0.10274,0.10318,195040.3097
2026-06-22 09:00:00,0.10318,0.10318,0.10202,0.10205,77952.536
2026-06-22 10:00:00,0.10204,0.10235,0.10184,0.10225,35604.3078
2026-06-22 11:00:00,0.10226,0.10357,0.10216,0.10327,238875.9946
2026-06-22 12:00:00,0.10328,0.10394,0.10295,0.10356,154456.9243
2026-06-22 13:00:00,0.10352,0.1046,0.10301,0.10437,379027.3996
2026-06-22 14:00:00,0.10437,0.10448,0.10261,0.10419,522748.0246
2026-06-22 15:00:00,0.1042,0.10475,0.10204,0.10247,604112.1215
2026-06-22 16:00:00,0.10248,0.10286,0.10175,0.1025,397639.9819
2026-06-22 17:00:00,0.10251,0.10284,0.10201,0.10274,98514.6532
2026-06-22 18:00:00,0.10274,0.1032,0.10194,0.10212,645363.3345
2026-06-22 19:00:00,0.10206,0.10206,0.1011,0.10158,222289.2386
2026-06-22 20:00:00,0.10155,0.10211,0.10129,0.10149,66434.0993
2026-06-22 21:00:00,0.10153,0.10156,0.10049,0.10087,96121.4951
2026-06-22 22:00:00,0.10087,0.10133,0.09959,0.10006,255494.3032
2026-06-22 23:00:00,0.10005,0.10078,0.0999,0.10075,139169.9765
2026-06-23 00:00:00,0.10072,0.10125,0.10005,0.10124,68151.0906
2026-06-23 01:00:00,0.10125,0.10167,0.10054,0.10147,133618.3627
2026-06-23 02:00:00,0.10148,0.1016,0.10085,0.10091,129021.0508
2026-06-23 03:00:00,0.1009,0.10112,0.10038,0.10112,143404.13
2026-06-23 04:00:00,0.10115,0.1014,0.10055,0.10064,103404.7002
2026-06-23 05:00:00,0.10064,0.10107,0.10024,0.10064,164928.5928
2026-06-23 06:00:00,0.10065,0.10068,0.09739,0.09858,832354.0914
2026-06-23 07:00:00,0.09854,0.09896,0.09823,0.09826,330501.3754
2026-06-23 08:00:00,0.09834,0.09848,0.09525,0.09646,1194169.2855
2026-06-23 09:00:00,0.09646,0.09719,0.09639,0.09687,316733.8665
2026-06-23 10:00:00,0.09687,0.09778,0.09661,0.09693,899614.8287
2026-06-23 11:00:00,0.09689,0.09818,0.09681,0.09809,192234.5561
2026-06-23 12:00:00,0.09809,0.09839,0.09781,0.0983,345576.6967
2026-06-23 13:00:00,0.09829,0.09985,0.09769,0.09977,1304314.0263
2026-06-23 14:00:00,0.0998,0.10096,0.09968,0.10025,783252.3818
2026-06-23 15:00:00,0.10019,0.10069,0.0992,0.10013,542385.1987
2026-06-23 16:00:00,0.10015,0.10079,0.09905,0.0993,267072.1081
2026-06-23 17:00:00,0.09929,0.09981,0.09852,0.09861,148818.407
2026-06-23 18:00:00,0.09862,0.09885,0.09799,0.09822,264277.6752
2026-06-23 19:00:00,0.0982,0.09866,0.09774,0.09811,223412.1728
2026-06-23 20:00:00,0.09809,0.09849,0.09806,0.09838,72686.3133
2026-06-23 21:00:00,0.09839,0.09944,0.09839,0.09929,48484.6117
2026-06-23 22:00:00,0.09929,0.10053,0.09904,0.10034,181874.9507
2026-06-23 23:00:00,0.10036,0.10157,0.09991,0.10135,191247.3281
2026-06-24 00:00:00,0.10135,0.10297,0.10129,0.10202,342052.5247
2026-06-24 01:00:00,0.10203,0.10256,0.10142,0.10158,448117.557
2026-06-24 02:00:00,0.10158,0.10189,0.10124,0.10128,227473.7581
2026-06-24 03:00:00,0.10128,0.10166,0.10075,0.10085,230882.62
2026-06-24 04:00:00,0.10085,0.10102,0.09954,0.10048,504252.3917
2026-06-24 05:00:00,0.10048,0.10324,0.10038,0.10158,1100879.6243
2026-06-24 06:00:00,0.10156,0.10164,0.101,0.10162,203601.9049
2026-06-24 07:00:00,0.10163,0.10194,0.1012,0.10135,89209.296
2026-06-24 08:00:00,0.10138,0.10236,0.10116,0.10204,140008.6581
2026-06-24 09:00:00,0.10204,0.10242,0.1016,0.10204,221724.6557
2026-06-24 10:00:00,0.10206,0.10246,0.10152,0.10214,196518.6876
2026-06-24 11:00:00,0.10216,0.10251,0.10046,0.10204,592716.8606
2026-06-24 12:00:00,0.10204,0.10244,0.10146,0.1017,238417.5735
2026-06-24 13:00:00,0.10172,0.10322,0.0981,0.09964,2217417.1377
2026-06-24 14:00:00,0.09963,0.10213,0.09932,0.10027,1452090.8173
2026-06-24 15:00:00,0.10027,0.10066,0.09815,0.09861,1174341.0803
2026-06-24 16:00:00,0.09862,0.10063,0.09573,0.09639,1998393.177
2026-06-24 17:00:00,0.09645,0.09777,0.09473,0.09534,1498424.1554
2026-06-24 18:00:00,0.09536,0.09878,0.09485,0.09872,791395.1201
2026-06-24 19:00:00,0.09868,0.10019,0.09834,0.09965,872264.3285
2026-06-24 20:00:00,0.09968,0.103,0.0994,0.10255,874268.4846
2026-06-24 21:00:00,0.10256,0.10353,0.10206,0.10353,533280.1018
2026-06-24 22:00:00,0.10356,0.10438,0.10318,0.1036,397331.8866
2026-06-24 23:00:00,0.10358,0.10653,0.10354,0.10449,1788046.962
2026-06-25 00:00:00,0.10454,0.10688,0.10438,0.10527,790447.1276
2026-06-25 01:00:00,0.10524,0.10639,0.10516,0.10585,494289.7119
2026-06-25 02:00:00,0.10579,0.10652,0.10497,0.10546,533938.6248
2026-06-25 03:00:00,0.10546,0.10592,0.10504,0.10582,214733.1746
2026-06-25 04:00:00,0.10584,0.10709,0.10511,0.10681,491100.3437
2026-06-25 05:00:00,0.10683,0.10882,0.10683,0.10777,601365.7142
2026-06-25 06:00:00,0.10775,0.10904,0.10775,0.10903,364925.1353
2026-06-25 07:00:00,0.10903,0.10944,0.10836,0.10866,468064.1065
2026-06-25 08:00:00,0.10866,0.10914,0.10798,0.1083,331206.359
2026-06-25 09:00:00,0.10832,0.10842,0.10682,0.10685,525145.1158
2026-06-25 10:00:00,0.10685,0.10691,0.10566,0.1057,639193.9038
2026-06-25 11:00:00,0.1057,0.10592,0.10491,0.10536,300923.1841
2026-06-25 12:00:00,0.10538,0.1064,0.10446,0.10557,652532.1407
2026-06-25 13:00:00,0.10558,0.10754,0.09768,0.09836,2125424.6761
2026-06-25 14:00:00,0.09836,0.10469,0.09836,0.10265,2362459.3234
2026-06-25 15:00:00,0.10265,0.10334,0.10105,0.10307,668596.6819
2026-06-25 16:00:00,0.10306,0.10547,0.10247,0.10271,1080238.5402
2026-06-25 17:00:00,0.10268,0.10361,0.10234,0.10295,374764.842
2026-06-25 18:00:00,0.10298,0.10419,0.10146,0.10162,1353024.001
2026-06-25 19:00:00,0.10166,0.10306,0.10027,0.10158,1174284.2471
2026-06-25 20:00:00,0.10158,0.10251,0.10128,0.10143,553639.8969
2026-06-25 21:00:00,0.10143,0.10574,0.10117,0.10557,823156.2693
2026-06-25 22:00:00,0.10557,0.10644,0.10517,0.10562,488301.2703
2026-06-25 23:00:00,0.10561,0.10648,0.10502,0.1056,590239.9008
2026-06-26 00:00:00,0.10556,0.10701,0.10556,0.10632,442285.3961
2026-06-26 01:00:00,0.10632,0.10698,0.10346,0.10378,507211.109
2026-06-26 02:00:00,0.10379,0.10422,0.10112,0.10191,894899.4631
2026-06-26 03:00:00,0.10194,0.10455,0.10121,0.10452,1894670.4187
2026-06-26 04:00:00,0.10453,0.10524,0.10291,0.10328,803565.5965
2026-06-26 05:00:00,0.10332,0.10486,0.10274,0.10393,442285.4886
2026-06-26 06:00:00,0.10393,0.10799,0.10341,0.10682,828500.0326
2026-06-26 07:00:00,0.10683,0.10847,0.10647,0.10793,653137.604
2026-06-26 08:00:00,0.10785,0.10805,0.10622,0.10654,530071.1986
2026-06-26 09:00:00,0.10655,0.1069,0.10425,0.10487,432944.4863
2026-06-26 10:00:00,0.10488,0.10513,0.10424,0.10436,191680.447
2026-06-26 11:00:00,0.10433,0.10472,0.1025,0.10261,304665.7669
2026-06-26 12:00:00,0.10264,0.10361,0.10145,0.1021,698741.6618
2026-06-26 13:00:00,0.10209,0.1058,0.10146,0.10547,742546.0482
2026-06-26 14:00:00,0.10546,0.1068,0.10479,0.10609,809168.5031
2026-06-26 15:00:00,0.10621,0.10685,0.10469,0.10581,622152.0921
2026-06-26 16:00:00,0.10586,0.10684,0.10505,0.10581,864111.0677
2026-06-26 17:00:00,0.10585,0.10624,0.10513,0.10563,380667.4375
2026-06-26 18:00:00,0.10561,0.10693,0.10542,0.10638,445507.1934
2026-06-26 19:00:00,0.10635,0.10792,0.10529,0.10543,579410.4052
2026-06-26 20:00:00,0.10543,0.10718,0.10522,0.10579,434866.9168
2026-06-26 21:00:00,0.10582,0.1065,0.10519,0.10556,442850.9812
2026-06-26 22:00:00,0.10556,0.1062,0.10523,0.106,324589.1247
2026-06-26 23:00:00,0.10602,0.10648,0.10566,0.10577,127186.3993
2026-06-27 00:00:00,0.10576,0.10607,0.10433,0.10451,408688.1377
2026-06-27 01:00:00,0.10451,0.10556,0.10415,0.10502,195910.4224
2026-06-27 02:00:00,0.10498,0.10591,0.10474,0.10576,223282.268
2026-06-27 03:00:00,0.10572,0.10612,0.10527,0.10558,223662.7064
2026-06-27 04:00:00,0.10553,0.10601,0.1048,0.10482,195841.8358
2026-06-27 05:00:00,0.10483,0.10508,0.10457,0.10482,102926.8216
2026-06-27 06:00:00,0.10482,0.10522,0.10434,0.10483,141093.0948
2026-06-27 07:00:00,0.10483,0.10552,0.1047,0.1054,131162.3335
2026-06-27 08:00:00,0.10542,0.10542,0.10472,0.10482,86152.5411
2026-06-27 09:00:00,0.10481,0.10498,0.10422,0.10459,165064.0482
2026-06-27 10:00:00,0.10461,0.10467,0.10367,0.10371,135480.2607
2026-06-27 11:00:00,0.10372,0.10394,0.10284,0.10384,220206.0369
2026-06-27 12:00:00,0.10384,0.10412,0.10343,0.10388,230719.4044
2026-06-27 13:00:00,0.10389,0.10389,0.10343,0.10346,158844.738
2026-06-27 14:00:00,0.10344,0.1038,0.10292,0.10301,390930.9766
2026-06-27 15:00:00,0.10304,0.10382,0.1026,0.10352,240943.744
2026-06-27 16:00:00,0.10354,0.10375,0.10303,0.10312,145413.2697
2026-06-27 17:00:00,0.10312,0.10312,0.10164,0.10166,503843.4092
2026-06-27 18:00:00,0.10166,0.10181,0.10125,0.10148,123345.0603
2026-06-27 19:00:00,0.10148,0.10148,0.09959,0.09999,441605.6571
2026-06-27 20:00:00,0.10003,0.1006,0.09973,0.1006,437531.2245
2026-06-27 21:00:00,0.10061,0.1008,0.10009,0.10046,305933.8659
2026-06-27 22:00:00,0.10045,0.10076,0.09995,0.10073,149761.8025
2026-06-27 23:00:00,0.10072,0.10104,0.10037,0.10087,231166.6818
2026-06-28 00:00:00,0.10086,0.10144,0.1005,0.10099,183879.5254
2026-06-28 01:00:00,0.10102,0.10202,0.10092,0.10179,58778.3529
2026-06-28 02:00:00,0.10178,0.10191,0.10121,0.10155,136370.569
2026-06-28 03:00:00,0.10153,0.10189,0.10135,0.10188,19048.4334
2026-06-28 04:00:00,0.1019,0.10214,0.10159,0.10159,53991.0056
2026-06-28 05:00:00,0.10165,0.10167,0.101,0.10145,64619.5039
2026-06-28 06:00:00,0.10145,0.10146,0.10074,0.10089,84155.8253
2026-06-28 07:00:00,0.10093,0.10156,0.10093,0.10131,66538.7042
2026-06-28 08:00:00,0.10125,0.10136,0.10052,0.10086,90156.3856
2026-06-28 09:00:00,0.10085,0.10087,0.09936,0.09944,246355.9763
2026-06-28 10:00:00,0.09946,0.1004,0.09944,0.09996,76807.5451
2026-06-28 11:00:00,0.09997,0.10062,0.09997,0.10059,48456.7554
2026-06-28 12:00:00,0.10062,0.10117,0.10036,0.10094,192764.6774
2026-06-28 13:00:00,0.10094,0.1011,0.10035,0.10035,62203.047
2026-06-28 14:00:00,0.10032,0.10168,0.10032,0.10167,158637.187
2026-06-28 15:00:00,0.10167,0.10237,0.10114,0.10162,167723.6848
2026-06-28 16:00:00,0.10159,0.10162,0.10001,0.10036,259794.571
2026-06-28 17:00:00,0.10035,0.10065,0.09981,0.10052,152090.206
2026-06-28 18:00:00,0.10051,0.10146,0.10035,0.10091,344679.9626
2026-06-28 19:00:00,0.10092,0.10092,0.09985,0.10039,163552.7979
2026-06-28 20:00:00,0.10039,0.10135,0.10033,0.10054,74259.22
2026-06-28 21:00:00,0.10053,0.10056,0.0988,0.09926,228423.4482
2026-06-28 22:00:00,0.09928,0.10059,0.09878,0.09937,235129.5557
2026-06-28 23:00:00,0.09934,0.10048,0.09906,0.10012,197871.8119
2026-06-29 00:00:00,0.10008,0.10026,0.09878,0.10016,337370.4284
2026-06-29 01:00:00,0.10015,0.10023,0.09929,0.09964,81843.4293
2026-06-29 02:00:00,0.09963,0.10096,0.09881,0.10078,382630.9631
2026-06-29 03:00:00,0.10078,0.10286,0.10078,0.10286,408066.937
2026-06-29 04:00:00,0.10282,0.1029,0.10155,0.10161,259325.2347
2026-06-29 05:00:00,0.10163,0.10171,0.10063,0.10136,153283.4539
2026-06-29 06:00:00,0.1014,0.10234,0.10129,0.10156,258591.789
2026-06-29 07:00:00,0.10153,0.10269,0.10121,0.10199,197853.3686
2026-06-29 08:00:00,0.10199,0.10222,0.10145,0.10157,132749.9192
2026-06-29 09:00:00,0.10159,0.10208,0.10142,0.10189,114524.5247
2026-06-29 10:00:00,0.10197,0.10264,0.10143,0.10152,155532.4122
2026-06-29 11:00:00,0.1015,0.10178,0.10078,0.10099,332836.5584
2026-06-29 12:00:00,0.10099,0.10297,0.10028,0.10082,342979.7441
2026-06-29 13:00:00,0.10076,0.10191,0.09979,0.10043,684595.8305
2026-06-29 14:00:00,0.10052,0.10092,0.09946,0.10085,373614.6131
2026-06-29 15:00:00,0.10085,0.10222,0.09986,0.10192,513287.5054
2026-06-29 16:00:00,0.10195,0.10288,0.1016,0.10243,531112.9805
2026-06-29 17:00:00,0.10245,0.10452,0.10245,0.10357,631989.5204
2026-06-29 18:00:00,0.10354,0.10371,0.10236,0.10244,251670.5408
2026-06-29 19:00:00,0.10242,0.10365,0.10204,0.10221,551197.6749
2026-06-29 20:00:00,0.10223,0.10227,0.1017,0.1017,172848.0272
2026-06-29 21:00:00,0.10171,0.10203,0.10134,0.10135,264762.4163
2026-06-29 22:00:00,0.10137,0.10148,0.10063,0.10065,155024.5026
2026-06-29 23:00:00,0.10066,0.10083,0.10018,0.10045,268622.7477
2026-06-30 00:00:00,0.10044,0.10046,0.09921,0.09974,383714.7497
2026-06-30 01:00:00,0.09977,0.09977,0.09904,0.09914,380763.5437
2026-06-30 02:00:00,0.09914,0.09915,0.0984,0.09887,199295.7356
2026-06-30 03:00:00,0.09888,0.09918,0.0985,0.0986,115303.1351
2026-06-30 04:00:00,0.09858,0.099,0.09836,0.09865,206439.1743
2026-06-30 05:00:00,0.09866,0.09905,0.09848,0.099,77011.0073
2026-06-30 06:00:00,0.09899,0.09992,0.09878,0.09928,405072.8899
2026-06-30 07:00:00,0.09927,0.0994,0.0985,0.09885,370184.6379
2026-06-30 08:00:00,0.09885,0.09885,0.09644,0.09689,619040.8313
2026-06-30 09:00:00,0.09688,0.09691,0.09646,0.09679,186128.5065
2026-06-30 10:00:00,0.0968,0.09706,0.09655,0.09657,260768.0402
2026-06-30 11:00:00,0.09656,0.09661,0.09585,0.09627,215775.58
2026-06-30 12:00:00,0.09626,0.09626,0.09523,0.09523,307270.6024
2026-06-30 13:00:00,0.09525,0.09702,0.09525,0.09678,535683.1042
2026-06-30 14:00:00,0.09678,0.09753,0.09492,0.09529,553169.1237
2026-06-30 15:00:00,0.09528,0.09577,0.09496,0.09506,272367.5056
2026-06-30 16:00:00,0.09505,0.09598,0.09427,0.09485,643428.1724
2026-06-30 17:00:00,0.09485,0.09526,0.0947,0.09517,226010.1245
2026-06-30 18:00:00,0.09517,0.09648,0.09512,0.09642,230078.6631
2026-06-30 19:00:00,0.09644,0.09707,0.09602,0.09695,131315.4729
2026-06-30 20:00:00,0.09693,0.09699,0.09564,0.09572,207471.1889
2026-06-30 21:00:00,0.09573,0.0959,0.09523,0.0959,152904.8836
2026-06-30 22:00:00,0.09587,0.09609,0.09542,0.09556,70734.2865
2026-06-30 23:00:00,0.09557,0.09657,0.09545,0.09657,241062.3968
2026-07-01 00:00:00,0.09657,0.09674,0.09592,0.09652,119411.1599
2026-07-01 01:00:00,0.09656,0.09703,0.09438,0.0962,520827.8787
2026-07-01 02:00:00,0.09617,0.09699,0.09595,0.09641,339416.8439
2026-07-01 03:00:00,0.09641,0.09681,0.09591,0.09623,313866.9354
2026-07-01 04:00:00,0.09618,0.09719,0.0957,0.09699,323959.7151
2026-07-01 05:00:00,0.09705,0.09705,0.09635,0.09654,145979.5226
2026-07-01 06:00:00,0.09644,0.09644,0.09377,0.09436,801192.8669
2026-07-01 07:00:00,0.09435,0.09437,0.09349,0.0937,544376.0811
2026-07-01 08:00:00,0.09368,0.09389,0.09295,0.09387,296231.6815
2026-07-01 09:00:00,0.09385,0.09456,0.09377,0.09437,186370.6198
2026-07-01 10:00:00,0.09438,0.09459,0.09367,0.09427,250631.4949
2026-07-01 11:00:00,0.09429,0.09507,0.09418,0.09487,152500.1188
2026-07-01 12:00:00,0.09489,0.09509,0.09409,0.09421,215555.7645
2026-07-01 13:00:00,0.09423,0.0964,0.09408,0.09639,631624.1729
2026-07-01 14:00:00,0.09635,0.09756,0.09538,0.0958,417460.0259
2026-07-01 15:00:00,0.0958,0.09728,0.0958,0.09619,600048.0684
2026-07-01 16:00:00,0.09625,0.09666,0.09503,0.09505,325002.7513
2026-07-01 17:00:00,0.09506,0.09515,0.09446,0.09504,197559.5238
2026-07-01 18:00:00,0.09505,0.09527,0.09365,0.09396,266473.2554
2026-07-01 19:00:00,0.09396,0.09504,0.09382,0.09473,2936921.2491
2026-07-01 20:00:00,0.09474,0.0956,0.09423,0.0956,193960.3067
2026-07-01 21:00:00,0.09561,0.09688,0.09554,0.09672,447028.4281
2026-07-01 22:00:00,0.09668,0.09724,0.09542,0.09546,863628.8068
2026-07-01 23:00:00,0.09545,0.09545,0.09453,0.09462,122163.4523
2026-07-02 00:00:00,0.09458,0.0952,0.09402,0.09513,186631.2568
2026-07-02 01:00:00,0.09515,0.09699,0.09514,0.09662,228180.6399
2026-07-02 02:00:00,0.09664,0.0971,0.09628,0.09675,121652.093
2026-07-02 03:00:00,0.09677,0.09736,0.09616,0.0972,583483.5357
2026-07-02 04:00:00,0.09726,0.09734,0.09646,0.09716,360832.7858
2026-07-02 05:00:00,0.09717,0.09729,0.0964,0.09661,126578.8784
2026-07-02 06:00:00,0.09662,0.0973,0.09622,0.09687,133504.0595
2026-07-02 07:00:00,0.09692,0.0978,0.09661,0.09753,351103.1771
2026-07-02 08:00:00,0.09755,0.09859,0.09706,0.09835,402353.1386
2026-07-02 09:00:00,0.09835,0.09906,0.09735,0.0988,444561.3503
2026-07-02 10:00:00,0.09876,0.09922,0.09857,0.09857,327644.4773
2026-07-02 11:00:00,0.09857,0.09916,0.09825,0.09897,426852.5918
2026-07-02 12:00:00,0.09894,0.10049,0.09881,0.09996,1046379.9634
2026-07-02 13:00:00,0.09996,0.1011,0.09955,0.10083,1075241.0024
2026-07-02 14:00:00,0.1009,0.10109,0.09885,0.09947,430877.9428
2026-07-02 15:00:00,0.09947,0.09957,0.09859,0.09886,234025.5988
2026-07-02 16:00:00,0.09885,0.09943,0.0983,0.09895,429206.9003
2026-07-02 17:00:00,0.09895,0.09956,0.09846,0.099,209964.8331
2026-07-02 18:00:00,0.09898,0.09946,0.09872,0.09877,299551.4943
2026-07-02 19:00:00,0.09878,0.09924,0.09843,0.09858,222183.2779
2026-07-02 20:00:00,0.09858,0.09869,0.09808,0.09855,125652.7432
2026-07-02 21:00:00,0.09856,0.09857,0.09782,0.09836,240960.7072
2026-07-02 22:00:00,0.09834,0.09834,0.09772,0.09807,131528.1232
2026-07-02 23:00:00,0.09806,0.09922,0.09794,0.09874,497939.9411
2026-07-03 00:00:00,0.09874,0.09941,0.09874,0.09909,154189.3416
2026-07-03 01:00:00,0.09909,0.10165,0.09906,0.10112,435937.7501
2026-07-03 02:00:00,0.10113,0.10179,0.10037,0.10108,380415.226
2026-07-03 03:00:00,0.10106,0.1012,0.10041,0.10115,416627.0715
2026-07-03 04:00:00,0.10118,0.10145,0.10016,0.10041,307873.9498
2026-07-03 05:00:00,0.10048,0.10138,0.10028,0.10082,201087.7154
2026-07-03 06:00:00,0.1008,0.10151,0.10077,0.10115,127999.5739
2026-07-03 07:00:00,0.10119,0.1016,0.10069,0.10117,253287.5657
2026-07-03 08:00:00,0.10116,0.10182,0.10095,0.10144,173345.311
2026-07-03 09:00:00,0.10148,0.10235,0.10146,0.10182,517020.3273
2026-07-03 10:00:00,0.10181,0.10348,0.10177,0.10337,423229.6398
2026-07-03 11:00:00,0.10337,0.10424,0.10293,0.10407,397491.0521
2026-07-03 12:00:00,0.10408,0.10563,0.10396,0.10438,543249.2794
2026-07-03 13:00:00,0.10437,0.10547,0.10428,0.1052,793562.9218
2026-07-03 14:00:00,0.10518,0.10559,0.10455,0.10538,1238373.4026
2026-07-03 15:00:00,0.10538,0.10612,0.10503,0.10514,479195.9884
2026-07-03 16:00:00,0.10518,0.10722,0.10474,0.10624,1273712.0356
2026-07-03 17:00:00,0.10625,0.1071,0.10612,0.10687,671505.2168
2026-07-03 18:00:00,0.10687,0.10698,0.10585,0.10644,459074.0387
2026-07-03 19:00:00,0.10644,0.108,0.10634,0.10768,504439.7729
2026-07-03 20:00:00,0.10764,0.1086,0.10754,0.10815,737148.2855
2026-07-03 21:00:00,0.10816,0.10853,0.10668,0.10719,426454.6854
2026-07-03 22:00:00,0.10718,0.10748,0.10646,0.10678,300086.6169
2026-07-03 23:00:00,0.10678,0.10749,0.10659,0.10706,205817.7734
2026-07-04 00:00:00,0.10705,0.10768,0.1067,0.10702,287431.3738
2026-07-04 01:00:00,0.10701,0.10701,0.106,0.10676,596060.8566
2026-07-04 02:00:00,0.10677,0.10753,0.10676,0.10707,214002.7603
2026-07-04 03:00:00,0.10706,0.10713,0.10649,0.10702,238703.9144
2026-07-04 04:00:00,0.107,0.1077,0.10696,0.10737,215035.4126
2026-07-04 05:00:00,0.10734,0.10991,0.10696,0.10778,1241119.5421
2026-07-04 06:00:00,0.10778,0.10897,0.10773,0.10781,391122.1156
2026-07-04 07:00:00,0.1078,0.10786,0.10656,0.10686,307407.4187
2026-07-04 08:00:00,0.10684,0.10778,0.1065,0.10755,136780.607
2026-07-04 09:00:00,0.10754,0.10758,0.10654,0.10666,213680.7012
2026-07-04 10:00:00,0.10666,0.10769,0.10646,0.10747,92414.4463
2026-07-04 11:00:00,0.10746,0.10852,0.10687,0.10809,254479.0873
2026-07-04 12:00:00,0.10804,0.10846,0.10766,0.10798,100667.8293
2026-07-04 13:00:00,0.10798,0.10803,0.10698,0.10758,78179.8596
2026-07-04 14:00:00,0.10756,0.10797,0.10727,0.10752,286027.8642
2026-07-04 15:00:00,0.10756,0.10869,0.10738,0.10848,476682.1854
2026-07-04 16:00:00,0.10846,0.1089,0.10827,0.10847,660257.5402
2026-07-04 17:00:00,0.10846,0.10976,0.10796,0.10943,175380.8248
2026-07-04 18:00:00,0.10944,0.10959,0.10842,0.10884,105300.3269
2026-07-04 19:00:00,0.10884,0.11146,0.10832,0.10956,584638.0383
2026-07-04 20:00:00,0.10958,0.10993,0.10849,0.10908,522310.722
2026-07-04 21:00:00,0.10909,0.10975,0.10854,0.10867,275284.0387
2026-07-04 22:00:00,0.10866,0.10901,0.10737,0.10794,683713.9442
2026-07-04 23:00:00,0.10796,0.10807,0.10713,0.10765,246468.6781
2026-07-05 00:00:00,0.10767,0.10773,0.1068,0.10737,355811.7533
2026-07-05 01:00:00,0.10738,0.10774,0.10681,0.10741,305001.0946
2026-07-05 02:00:00,0.1074,0.10787,0.10678,0.10732,189738.7872
2026-07-05 03:00:00,0.10728,0.10784,0.10685,0.10714,93074.6164
2026-07-05 04:00:00,0.10714,0.10788,0.10704,0.10726,75855.9558
2026-07-05 05:00:00,0.10726,0.10744,0.10635,0.10649,324107.3032
2026-07-05 06:00:00,0.10648,0.10676,0.10613,0.10655,251866.7871
2026-07-05 07:00:00,0.10655,0.10708,0.10638,0.10688,162852.6306
2026-07-05 08:00:00,0.10686,0.10688,0.10634,0.10635,162891.5373
2026-07-05 09:00:00,0.10635,0.10675,0.105,0.10548,433179.3759
2026-07-05 10:00:00,0.10544,0.10611,0.10486,0.10586,135189.4977
2026-07-05 11:00:00,0.10586,0.10598,0.10554,0.10575,46289.018
2026-07-05 12:00:00,0.10576,0.10688,0.10547,0.10664,499214.1932
2026-07-05 13:00:00,0.10665,0.10712,0.10637,0.10678,88076.4009
2026-07-05 14:00:00,0.10678,0.10678,0.10591,0.10603,72668.3607
2026-07-05 15:00:00,0.10604,0.10713,0.10592,0.10676,215047.2464
2026-07-05 16:00:00,0.10677,0.10789,0.10646,0.10779,203366.3352
2026-07-05 17:00:00,0.10778,0.10937,0.10776,0.10895,246041.9713
2026-07-05 18:00:00,0.10897,0.10961,0.10846,0.1089,189099.1987
2026-07-05 19:00:00,0.10891,0.10925,0.10786,0.10795,293430.3293
2026-07-05 20:00:00,0.10798,0.10858,0.10794,0.10837,180749.2614
2026-07-05 21:00:00,0.10837,0.10906,0.10769,0.10869,154429.7513
2026-07-05 22:00:00,0.10859,0.10928,0.10809,0.10866,334167.1419
2026-07-05 23:00:00,0.10866,0.10879,0.10827,0.10849,106915.4804
2026-07-06 00:00:00,0.10856,0.10896,0.10775,0.10854,178754.1195
2026-07-06 01:00:00,0.10853,0.10869,0.10787,0.10806,108766.0722
2026-07-06 02:00:00,0.10806,0.10856,0.10772,0.10835,103362.5768
2026-07-06 03:00:00,0.10839,0.1086,0.10718,0.10765,302949.9477
2026-07-06 04:00:00,0.10765,0.10796,0.10731,0.10732,79194.6707
2026-07-06 05:00:00,0.10732,0.10749,0.10615,0.1068,448102.0784
2026-07-06 06:00:00,0.1068,0.10758,0.10646,0.10732,161292.7337
2026-07-06 07:00:00,0.10732,0.10755,0.10685,0.10715,106215.8857
2026-07-06 08:00:00,0.10716,0.10784,0.10681,0.10706,105929.6829
2026-07-06 09:00:00,0.10707,0.10707,0.10585,0.10617,189046.6571
2026-07-06 10:00:00,0.10614,0.10668,0.10605,0.10649,171427.3767
2026-07-06 11:00:00,0.10649,0.10696,0.10555,0.10562,124236.9038
2026-07-06 12:00:00,0.10563,0.10566,0.10326,0.10464,841827.4045
2026-07-06 13:00:00,0.10464,0.10547,0.10354,0.10502,433094.1909
2026-07-06 14:00:00,0.10501,0.10643,0.10488,0.10566,214043.7415
2026-07-06 15:00:00,0.10568,0.10769,0.10559,0.10757,347268.3948
2026-07-06 16:00:00,0.10754,0.10822,0.107,0.10749,368849.402
2026-07-06 17:00:00,0.10746,0.10805,0.10691,0.10691,112618.5895
2026-07-06 18:00:00,0.1069,0.10787,0.10685,0.10741,224591.2869
2026-07-06 19:00:00,0.1074,0.10812,0.10727,0.10775,137632.0853
2026-07-06 20:00:00,0.10776,0.10781,0.10732,0.10735,93724.1145
2026-07-06 21:00:00,0.10736,0.10958,0.10736,0.10877,666554.6925
2026-07-06 22:00:00,0.10877,0.10889,0.1081,0.10816,88590.5181
2026-07-06 23:00:00,0.10813,0.10839,0.10719,0.10731,336195.8227
2026-07-07 00:00:00,0.10733,0.10788,0.1071,0.10736,284918.154
2026-07-07 01:00:00,0.10736,0.10736,0.10616,0.10652,403308.1643
2026-07-07 02:00:00,0.10653,0.10675,0.10579,0.10588,268311.0678
2026-07-07 03:00:00,0.10589,0.10603,0.10524,0.10544,311449.3581
2026-07-07 04:00:00,0.10544,0.10579,0.10492,0.10569,189329.3827
2026-07-07 05:00:00,0.10573,0.1064,0.10492,0.10611,109183.08
2026-07-07 06:00:00,0.1061,0.10622,0.10567,0.10584,235912.7145
2026-07-07 07:00:00,0.1058,0.10606,0.10467,0.10469,158771.8124
2026-07-07 08:00:00,0.10468,0.10507,0.1044,0.10454,135483.7247
2026-07-07 09:00:00,0.10452,0.10504,0.10444,0.10487,98592.8432
2026-07-07 10:00:00,0.10488,0.10534,0.10467,0.1049,39563.1392
2026-07-07 11:00:00,0.10478,0.10538,0.10451,0.10528,64377.8783
2026-07-07 12:00:00,0.10531,0.10607,0.10481,0.10482,183294.9264
2026-07-07 13:00:00,0.10482,0.10482,0.10348,0.10361,226390.6302
2026-07-07 14:00:00,0.10358,0.10428,0.10231,0.10418,466728.4947
2026-07-07 15:00:00,0.10418,0.10465,0.10395,0.1045,271435.8413
2026-07-07 16:00:00,0.1045,0.10485,0.10403,0.10443,234068.3168
2026-07-07 17:00:00,0.10443,0.10456,0.10395,0.10431,120930.7872
2026-07-07 18:00:00,0.10431,0.10431,0.10299,0.10306,221901.2605
2026-07-07 19:00:00,0.10315,0.1033,0.10227,0.10313,154460.6935
2026-07-07 20:00:00,0.10315,0.10336,0.10253,0.10276,36184.3142
2026-07-07 21:00:00,0.10276,0.10312,0.10178,0.10222,226256.4953
2026-07-07 22:00:00,0.10222,0.1023,0.10152,0.10217,98765.0151
2026-07-07 23:00:00,0.10216,0.10249,0.10193,0.10211,142867.1804
2026-07-08 00:00:00,0.10214,0.10311,0.10185,0.10307,150192.136
2026-07-08 01:00:00,0.10308,0.10318,0.10072,0.1011,509090.5835
2026-07-08 02:00:00,0.10109,0.10109,0.0985,0.09963,556405.3671
2026-07-08 03:00:00,0.09962,0.10048,0.09961,0.09976,162783.3872
2026-07-08 04:00:00,0.09976,0.1002,0.09949,0.09987,151952.3106
2026-07-08 05:00:00,0.09986,0.1002,0.09942,0.09966,195727.5775
2026-07-08 06:00:00,0.09967,0.09974,0.09854,0.09873,679718.2235
2026-07-08 07:00:00,0.09873,0.0993,0.09818,0.099,235081.7518
2026-07-08 08:00:00,0.09897,0.10007,0.0967,0.09747,1027018.3274
2026-07-08 09:00:00,0.09749,0.0976,0.09675,0.09697,218834.2875
2026-07-08 10:00:00,0.09697,0.09783,0.09666,0.09762,240697.7137
2026-07-08 11:00:00,0.09765,0.09925,0.09742,0.09889,996489.0867
2026-07-08 12:00:00,0.09888,0.09938,0.0985,0.09861,297232.4556
2026-07-08 13:00:00,0.09861,0.09866,0.09753,0.0984,527294.5045
2026-07-08 14:00:00,0.09839,0.09867,0.09716,0.09791,260826.4853
2026-07-08 15:00:00,0.09789,0.09794,0.09709,0.09784,165433.9474
2026-07-08 16:00:00,0.09784,0.09878,0.09763,0.09866,178402.9322
2026-07-08 17:00:00,0.09866,0.09916,0.09858,0.09877,161063.9728
2026-07-08 18:00:00,0.09877,0.09945,0.09875,0.09926,92412.6529
2026-07-08 19:00:00,0.09926,0.09954,0.09903,0.0995,80117.5558
2026-07-08 20:00:00,0.09951,0.09956,0.09882,0.0989,57062.6241
2026-07-08 21:00:00,0.09889,0.09899,0.09816,0.09863,113634.67
2026-07-08 22:00:00,0.09864,0.09938,0.09858,0.09893,160521.6059
2026-07-08 23:00:00,0.09893,0.10007,0.09856,0.0997,725925.4346
2026-07-09 00:00:00,0.0997,0.10055,0.09911,0.09945,445252.0547
2026-07-09 01:00:00,0.09944,0.10126,0.09917,0.10007,1014950.1757
2026-07-09 02:00:00,0.10008,0.10117,0.10002,0.10107,138682.1775
2026-07-09 03:00:00,0.10108,0.10127,0.10029,0.10088,198896.3416
2026-07-09 04:00:00,0.10095,0.10406,0.10057,0.1032,1328058.9419
2026-07-09 05:00:00,0.10316,0.10327,0.10064,0.10201,606838.9072
2026-07-09 06:00:00,0.10204,0.10508,0.10197,0.10508,455603.6875
2026-07-09 07:00:00,0.10504,0.10506,0.10321,0.10343,621997.2676
2026-07-09 08:00:00,0.10344,0.10546,0.10323,0.10535,312656.4184
2026-07-09 09:00:00,0.10535,0.10548,0.10436,0.10468,552257.1454
2026-07-09 10:00:00,0.1047,0.10506,0.10347,0.10388,126805.2077
2026-07-09 11:00:00,0.10388,0.10501,0.10326,0.10373,3668804.491
2026-07-09 12:00:00,0.10373,0.10389,0.10248,0.10254,475488.3852
2026-07-09 13:00:00,0.10254,0.10283,0.10176,0.10278,469954.5265
2026-07-09 14:00:00,0.10278,0.1032,0.10214,0.10296,423990.7439
2026-07-09 15:00:00,0.10297,0.10369,0.10258,0.10328,515398.5497
2026-07-09 16:00:00,0.10326,0.10388,0.10261,0.10289,161678.9166
2026-07-09 17:00:00,0.10288,0.10399,0.10278,0.10378,133339.3301
2026-07-09 18:00:00,0.10379,0.10455,0.10346,0.10348,219159.2218
2026-07-09 19:00:00,0.10346,0.10352,0.1025,0.1025,216214.413
2026-07-09 20:00:00,0.10253,0.10304,0.10223,0.10288,181875.6249
2026-07-09 21:00:00,0.10289,0.10294,0.10253,0.10282,45272.8675
2026-07-09 22:00:00,0.10281,0.10301,0.10242,0.10264,185322.4777
2026-07-09 23:00:00,0.10263,0.10297,0.10189,0.10206,93068.2172
2026-07-10 00:00:00,0.10206,0.10224,0.10143,0.10193,215054.5276
2026-07-10 01:00:00,0.10193,0.10451,0.10161,0.10407,445287.1667
2026-07-10 02:00:00,0.10408,0.1054,0.10385,0.10526,553668.6557
2026-07-10 03:00:00,0.10528,0.10645,0.10526,0.10559,304365.5721
2026-07-10 04:00:00,0.1056,0.10609,0.10509,0.10559,239657.9698
2026-07-10 05:00:00,0.10555,0.10672,0.105,0.10621,291864.1991
2026-07-10 06:00:00,0.10625,0.10639,0.10473,0.10505,305143.0786
2026-07-10 07:00:00,0.10507,0.10579,0.10474,0.10562,257574.797
2026-07-10 08:00:00,0.10558,0.10747,0.10558,0.1071,423938.3812
2026-07-10 09:00:00,0.10709,0.10826,0.10639,0.10801,680183.4356
2026-07-10 10:00:00,0.10808,0.10817,0.10705,0.10789,613014.512
2026-07-10 11:00:00,0.10793,0.10847,0.10761,0.10794,415930.8631
2026-07-10 12:00:00,0.10794,0.10813,0.1064,0.10642,492680.8173
2026-07-10 13:00:00,0.10643,0.10669,0.10564,0.10574,496515.685
2026-07-10 14:00:00,0.10578,0.10603,0.10361,0.1048,790231.1739
2026-07-10 15:00:00,0.10478,0.10498,0.10441,0.10498,137246.2499
2026-07-10 16:00:00,0.105,0.10519,0.10446,0.10507,172701.6455
2026-07-10 17:00:00,0.10504,0.10517,0.10422,0.10435,125367.0411
2026-07-10 18:00:00,0.10434,0.10464,0.10375,0.10401,110882.5784
2026-07-10 19:00:00,0.10402,0.1047,0.10395,0.10435,49857.5385
2026-07-10 20:00:00,0.10433,0.1044,0.10375,0.10377,76032.1224
2026-07-10 21:00:00,0.10378,0.1046,0.10378,0.10408,156977.7885
2026-07-10 22:00:00,0.10408,0.10435,0.10356,0.10402,153620.7275
2026-07-10 23:00:00,0.10401,0.10401,0.10283,0.10342,337804.9101
2026-07-11 00:00:00,0.10341,0.10418,0.10314,0.10389,244550.5854
2026-07-11 01:00:00,0.10385,0.10508,0.10364,0.10476,244891.7206
2026-07-11 02:00:00,0.10477,0.10503,0.10426,0.10485,122969.8481
2026-07-11 03:00:00,0.10484,0.10507,0.10439,0.10472,207445.3381
2026-07-11 04:00:00,0.10473,0.10476,0.10419,0.10419,127323.6524
2026-07-11 05:00:00,0.10418,0.10489,0.10405,0.10449,162618.0295
2026-07-11 06:00:00,0.10449,0.10481,0.10427,0.10434,118791.8523
2026-07-11 07:00:00,0.10432,0.10446,0.10389,0.10409,124405.5933
2026-07-11 08:00:00,0.10412,0.10455,0.1037,0.10454,187404.6984
2026-07-11 09:00:00,0.10454,0.10484,0.1042,0.10421,71590.5059
2026-07-11 10:00:00,0.10419,0.10438,0.10402,0.10438,55256.3612
2026-07-11 11:00:00,0.10438,0.1047,0.10426,0.10449,63526.7162
2026-07-11 12:00:00,0.10449,0.1047,0.10423,0.10446,64015.2239
2026-07-11 13:00:00,0.10445,0.10486,0.10434,0.10476,72975.8794
2026-07-11 14:00:00,0.10473,0.10617,0.10456,0.10532,352670.0247
2026-07-11 15:00:00,0.10536,0.10669,0.10508,0.10583,374538.4675
2026-07-11 16:00:00,0.10583,0.10675,0.1057,0.10618,292291.58
2026-07-11 17:00:00,0.10619,0.10641,0.10532,0.10544,139784.9478
2026-07-11 18:00:00,0.10542,0.10598,0.10537,0.10571,108144.0265
2026-07-11 19:00:00,0.10576,0.1059,0.10535,0.10554,64063.284
2026-07-11 20:00:00,0.10556,0.10727,0.10546,0.10627,373336.4498
2026-07-11 21:00:00,0.10625,0.10629,0.10565,0.10583,180458.0073
2026-07-11 22:00:00,0.10577,0.10577,0.10383,0.10406,427647.5814
2026-07-11 23:00:00,0.10402,0.10403,0.1015,0.10185,375126.6133
2026-07-12 00:00:00,0.10185,0.10211,0.10017,0.10096,537835.7151
2026-07-12 01:00:00,0.10097,0.10207,0.1008,0.10195,519175.7958
2026-07-12 02:00:00,0.10194,0.10225,0.10158,0.10194,346092.6909
2026-07-12 03:00:00,0.10194,0.10267,0.1017,0.10243,127277.6621
2026-07-12 04:00:00,0.10245,0.10269,0.10174,0.10236,654026.6719
2026-07-12 05:00:00,0.10236,0.10245,0.1017,0.1017,80002.6317
2026-07-12 06:00:00,0.10169,0.10171,0.10059,0.10121,479064.3321
2026-07-12 07:00:00,0.10121,0.10158,0.10113,0.10142,117028.8277
2026-07-12 08:00:00,0.10141,0.10229,0.10133,0.10181,197943.7532
2026-07-12 09:00:00,0.10178,0.10214,0.10133,0.10185,144664.9554
2026-07-12 10:00:00,0.10185,0.10196,0.10163,0.10178,131848.2874
2026-07-12 11:00:00,0.10182,0.10278,0.10159,0.10244,267168.433
2026-07-12 12:00:00,0.10243,0.10291,0.10223,0.10256,160733.6032
2026-07-12 13:00:00,0.10254,0.10278,0.10195,0.10198,68662.3535
2026-07-12 14:00:00,0.10195,0.10282,0.10159,0.10254,159062.0897
2026-07-12 15:00:00,0.10255,0.1036,0.10217,0.10227,741997.1363
2026-07-12 16:00:00,0.10228,0.10247,0.10179,0.10196,110698.6906
2026-07-12 17:00:00,0.10196,0.10232,0.10158,0.10185,121065.6578
2026-07-12 18:00:00,0.10185,0.10203,0.10159,0.10203,67010.0526
2026-07-12 19:00:00,0.10201,0.10248,0.102,0.10221,50636.5865
2026-07-12 20:00:00,0.10223,0.10238,0.10164,0.10174,242647.0053
2026-07-12 21:00:00,0.10174,0.10198,0.10096,0.10108,144798.4268
2026-07-12 22:00:00,0.10105,0.10105,0.09954,0.10017,238150.0343
2026-07-12 23:00:00,0.10017,0.10051,0.09986,0.10016,114846.3853
2026-07-13 00:00:00,0.10017,0.10208,0.09997,0.10074,388088.2344
2026-07-13 01:00:00,0.10073,0.10092,0.09993,0.10002,367825.6841
2026-07-13 02:00:00,0.09997,0.10133,0.09984,0.10031,440007.3562
2026-07-13 03:00:00,0.10031,0.10035,0.09828,0.09923,679254.6411
2026-07-13 04:00:00,0.09923,0.09955,0.09895,0.09909,120741.1266
2026-07-13 05:00:00,0.09915,0.10197,0.09871,0.10054,1036487.5232
2026-07-13 06:00:00,0.10057,0.10278,0.09948,0.10005,3701214.7875
2026-07-13 07:00:00,0.10005,0.10107,0.09961,0.09974,755495.9872
2026-07-13 08:00:00,0.09968,0.10016,0.09926,0.09973,255880.572
2026-07-13 09:00:00,0.09975,0.1001,0.09949,0.09953,207780.6284
2026-07-13 10:00:00,0.09955,0.10026,0.09945,0.09984,310784.1614
2026-07-13 11:00:00,0.09985,0.10005,0.09932,0.09944,169458.3854
2026-07-13 12:00:00,0.09936,0.09943,0.09856,0.09909,370221.3099
2026-07-13 13:00:00,0.09905,0.09944,0.09852,0.09887,232659.93
2026-07-13 14:00:00,0.09883,0.09999,0.09814,0.09995,310692.9132
2026-07-13 15:00:00,0.09996,0.09996,0.09894,0.09894,112410.4155
2026-07-13 16:00:00,0.09894,0.09926,0.09843,0.0987,158997.0745
2026-07-13 17:00:00,0.09873,0.09884,0.097,0.09731,301527.2527
2026-07-13 18:00:00,0.09732,0.09846,0.09723,0.09806,657402.9476
2026-07-13 19:00:00,0.09803,0.09876,0.09797,0.09869,138380.6613
2026-07-13 20:00:00,0.09874,0.09885,0.09805,0.09826,50842.3546
2026-07-13 21:00:00,0.09825,0.09838,0.0969,0.09764,601976.247
2026-07-13 22:00:00,0.09765,0.09797,0.09746,0.0975,132514.9558
2026-07-13 23:00:00,0.09748,0.09855,0.09735,0.09847,103062.5611
2026-07-14 00:00:00,0.09849,0.09936,0.09793,0.09915,201576.1173
2026-07-14 01:00:00,0.09914,0.09948,0.09896,0.0992,125241.6907
2026-07-14 02:00:00,0.09921,0.09929,0.09829,0.09862,160167.7218
2026-07-14 03:00:00,0.09864,0.0995,0.0982,0.0995,176379.9042
2026-07-14 04:00:00,0.09953,0.10004,0.09914,0.09952,101503.9556
2026-07-14 05:00:00,0.09955,0.10106,0.09947,0.1009,559814.8224
2026-07-14 06:00:00,0.10098,0.10104,0.10015,0.10036,187699.2305
2026-07-14 07:00:00,0.10034,0.1006,0.09999,0.10054,104726.4344
2026-07-14 08:00:00,0.10053,0.10053,0.10015,0.10032,71171.9736
2026-07-14 09:00:00,0.10032,0.10061,0.0996,0.0996,150945.8499
2026-07-14 10:00:00,0.0996,0.1004,0.09941,0.09964,236256.1899
2026-07-14 11:00:00,0.09964,0.09968,0.0991,0.0993,272992.3485
2026-07-14 12:00:00,0.0993,0.10096,0.09876,0.10088,572382.9242
2026-07-14 13:00:00,0.10089,0.10244,0.10065,0.10136,543611.1407
2026-07-14 14:00:00,0.10136,0.10217,0.10096,0.10188,391727.69
2026-07-14 15:00:00,0.10188,0.1028,0.10175,0.10222,1675136.0155
2026-07-14 16:00:00,0.10223,0.10235,0.10141,0.10156,233174.3152
2026-07-14 17:00:00,0.10155,0.10201,0.10093,0.1019,198953.9374
2026-07-14 18:00:00,0.10189,0.10229,0.10159,0.10194,144036.0027
2026-07-14 19:00:00,0.10192,0.10196,0.10117,0.1013,60096.3012
2026-07-14 20:00:00,0.10129,0.10149,0.10114,0.10141,86177.1157
2026-07-14 21:00:00,0.10141,0.10201,0.10103,0.10104,181329.0869
2026-07-14 22:00:00,0.10105,0.10149,0.10038,0.10101,396680.856
2026-07-14 23:00:00,0.10103,0.10176,0.10092,0.10158,144839.947
2026-07-15 00:00:00,0.10163,0.10201,0.10151,0.10184,127332.4175
2026-07-15 01:00:00,0.10184,0.1025,0.10171,0.10194,234510.6239
2026-07-15 02:00:00,0.10194,0.10195,0.10141,0.10154,233689.7662
2026-07-15 03:00:00,0.10154,0.10196,0.10145,0.10174,130529.7301
2026-07-15 04:00:00,0.10177,0.10186,0.10111,0.10136,71149.3937
2026-07-15 05:00:00,0.10137,0.10214,0.10112,0.10204,98444.5774
2026-07-15 06:00:00,0.10205,0.10298,0.10133,0.10135,575281.6442
2026-07-15 07:00:00,0.10133,0.10153,0.1006,0.10084,321935.5835
2026-07-15 08:00:00,0.10084,0.10136,0.10066,0.10128,58744.9366
2026-07-15 09:00:00,0.10124,0.10191,0.10122,0.10132,269424.0683
2026-07-15 10:00:00,0.10135,0.10206,0.10135,0.10196,130777.5464
2026-07-15 11:00:00,0.10195,0.10212,0.10169,0.1021,132170.5493
2026-07-15 12:00:00,0.10209,0.10369,0.1018,0.10365,417993.4021
2026-07-15 13:00:00,0.10357,0.10443,0.103,0.10365,692159.8839
2026-07-15 14:00:00,0.10365,0.10388,0.10264,0.10313,310035.92
2026-07-15 15:00:00,0.10312,0.1035,0.10271,0.10284,207373.8736
2026-07-15 16:00:00,0.10286,0.10294,0.10144,0.10238,358196.6692
2026-07-15 17:00:00,0.10242,0.10311,0.10233,0.10309,139001.6672
2026-07-15 18:00:00,0.10305,0.10468,0.10257,0.10262,289978.288
2026-07-15 19:00:00,0.10264,0.10292,0.10202,0.10215,116594.9372
2026-07-15 20:00:00,0.10216,0.103,0.10213,0.10233,162438.0192
2026-07-15 21:00:00,0.10234,0.10249,0.10181,0.10195,124161.7176
2026-07-15 22:00:00,0.10202,0.10347,0.10191,0.10245,415894.7146
2026-07-15 23:00:00,0.10247,0.10251,0.10213,0.10224,76287.7357
2026-07-16 00:00:00,0.10223,0.10257,0.10085,0.10109,499594.1914
2026-07-16 01:00:00,0.1011,0.10279,0.10076,0.10263,570931.2588
2026-07-16 02:00:00,0.10264,0.10278,0.10215,0.10272,98486.5389
2026-07-16 03:00:00,0.10271,0.10277,0.10202,0.10223,97536.1908
2026-07-16 04:00:00,0.10224,0.10244,0.10196,0.10219,78505.7409
2026-07-16 05:00:00,0.10224,0.10278,0.10223,0.10232,86030.2603
2026-07-16 06:00:00,0.10233,0.10303,0.10195,0.10248,263795.3973
2026-07-16 07:00:00,0.10245,0.10245,0.10094,0.10128,275429.7931
2026-07-16 08:00:00,0.10124,0.10138,0.1,0.10065,704970.6824
2026-07-16 09:00:00,0.10065,0.10069,0.09979,0.09991,187956.6123
2026-07-16 10:00:00,0.09993,0.10042,0.09984,0.10008,215370.1047
2026-07-16 11:00:00,0.10004,0.10026,0.09956,0.09992,246886.9165
2026-07-16 12:00:00,0.09993,0.10003,0.09943,0.09955,128442.4806
2026-07-16 13:00:00,0.09953,0.10085,0.09947,0.10058,297722.7587
2026-07-16 14:00:00,0.10056,0.10104,0.09983,0.10025,300440.5367
2026-07-16 15:00:00,0.10026,0.10087,0.09966,0.10037,90648.3994
2026-07-16 16:00:00,0.10036,0.10039,0.09986,0.1002,225601.4395
2026-07-16 17:00:00,0.1002,0.1002,0.09887,0.09945,377963.852
2026-07-16 18:00:00,0.09946,0.09988,0.09933,0.09954,76275.1601
2026-07-16 19:00:00,0.09955,0.09977,0.0991,0.09924,86221.402
2026-07-16 20:00:00,0.09922,0.10035,0.09908,0.09948,271310.0567
2026-07-16 21:00:00,0.09947,0.10023,0.09947,0.09973,60030.4206
2026-07-16 22:00:00,0.09974,0.10019,0.09857,0.09916,342150.4428
2026-07-16 23:00:00,0.09916,0.09916,0.09823,0.09868,502710.375
2026-07-17 00:00:00,0.09868,0.0992,0.09819,0.09903,333886.9095
2026-07-17 01:00:00,0.09908,0.09928,0.09748,0.09774,363368.663
2026-07-17 02:00:00,0.09773,0.0982,0.09728,0.09782,802416.7694
2026-07-17 03:00:00,0.09783,0.09877,0.09766,0.09803,365755.7939
2026-07-17 04:00:00,0.09805,0.09806,0.09746,0.09773,254967.773
2026-07-17 05:00:00,0.09774,0.09774,0.09641,0.09673,407101.9109
2026-07-17 06:00:00,0.09672,0.09725,0.09643,0.09719,219910.1374
2026-07-17 07:00:00,0.09714,0.09721,0.09623,0.09626,158863.8609
2026-07-17 08:00:00,0.09624,0.0964,0.09521,0.09616,642170.2904
2026-07-17 09:00:00,0.09614,0.09704,0.09613,0.09678,317443.8892
2026-07-17 10:00:00,0.09678,0.09771,0.09678,0.09753,165762.783
2026-07-17 11:00:00,0.09755,0.09789,0.09746,0.09764,203729.0454
2026-07-17 12:00:00,0.09764,0.09764,0.09654,0.09657,412781.5673
2026-07-17 13:00:00,0.09653,0.09653,0.09493,0.09619,1290104.1607
2026-07-17 14:00:00,0.09617,0.09686,0.09542,0.09568,584156.7407
2026-07-17 15:00:00,0.09571,0.09639,0.09509,0.09639,605161.9438
2026-07-17 16:00:00,0.09637,0.09685,0.09587,0.09661,826501.2795
2026-07-17 17:00:00,0.09661,0.09728,0.09628,0.09643,267205.6937
2026-07-17 18:00:00,0.09644,0.09718,0.09631,0.09707,202534.0698
2026-07-17 19:00:00,0.09704,0.09722,0.09627,0.09645,236251.7533
2026-07-17 20:00:00,0.09644,0.09652,0.09603,0.09624,199082.3111
2026-07-17 21:00:00,0.09623,0.09656,0.09564,0.09571,372048.1082
2026-07-17 22:00:00,0.09573,0.09586,0.0954,0.09573,293896.7727
2026-07-17 23:00:00,0.09572,0.09686,0.09543,0.09608,779050.3712
2026-07-18 00:00:00,0.09607,0.09709,0.09596,0.09635,931185.8692
2026-07-18 01:00:00,0.09634,0.09712,0.09623,0.09643,376953.198
2026-07-18 02:00:00,0.09644,0.09767,0.09629,0.09735,582043.9152
2026-07-18 03:00:00,0.09734,0.09785,0.09672,0.09697,983464.7836
2026-07-18 04:00:00,0.09696,0.09701,0.09629,0.09644,309183.7832
2026-07-18 05:00:00,0.09645,0.09651,0.09577,0.0959,359816.7621
2026-07-18 06:00:00,0.09592,0.09602,0.09566,0.09579,245782.5566
2026-07-18 07:00:00,0.0958,0.09608,0.09565,0.09606,332861.6247
2026-07-18 08:00:00,0.09607,0.09607,0.09528,0.0954,167478.2767
2026-07-18 09:00:00,0.09541,0.09543,0.09474,0.09535,378246.9195
2026-07-18 10:00:00,0.09536,0.09568,0.09513,0.09514,175521.7988
2026-07-18 11:00:00,0.09523,0.09527,0.09503,0.09504,173079.2455
2026-07-18 12:00:00,0.09504,0.09548,0.09479,0.09513,160033.4383
2026-07-18 13:00:00,0.09512,0.09514,0.09432,0.09472,362716.8218
2026-07-18 14:00:00,0.09473,0.09521,0.09452,0.09521,203403.7306
2026-07-18 15:00:00,0.09522,0.09545,0.09475,0.09476,356044.158
2026-07-18 16:00:00,0.09474,0.09508,0.09463,0.09486,223336.1245
2026-07-18 17:00:00,0.09486,0.09536,0.09466,0.09527,83897.5591
2026-07-18 18:00:00,0.09526,0.09588,0.09497,0.09536,130078.0862
2026-07-18 19:00:00,0.09536,0.09628,0.09522,0.09535,196223.443
2026-07-18 20:00:00,0.09536,0.09537,0.09508,0.09515,85151.0164
2026-07-18 21:00:00,0.09515,0.09545,0.09489,0.09517,91550.3166
2026-07-18 22:00:00,0.09517,0.09562,0.09508,0.09543,100468.7553
2026-07-18 23:00:00,0.09542,0.09547,0.09519,0.09539,38042.8194
2026-07-19 00:00:00,0.09544,0.09576,0.09539,0.09568,165860.0554
2026-07-19 01:00:00,0.09567,0.09569,0.09539,0.09541,76491.6812
2026-07-19 02:00:00,0.09544,0.09618,0.09536,0.09591,151377.4122
2026-07-19 03:00:00,0.09586,0.09594,0.09529,0.09544,92523.2146
2026-07-19 04:00:00,0.09546,0.09565,0.09524,0.0955,52706.0823
2026-07-19 05:00:00,0.09553,0.09582,0.09535,0.09535,60756.4188
2026-07-19 06:00:00,0.09535,0.09549,0.09525,0.09538,46227.2854
2026-07-19 07:00:00,0.09537,0.09539,0.09446,0.095,184650.3597
2026-07-19 08:00:00,0.09503,0.09514,0.09485,0.09506,130738.1617
2026-07-19 09:00:00,0.09508,0.09517,0.09446,0.09466,171989.4529
2026-07-19 10:00:00,0.09464,0.09504,0.09446,0.09473,72850.0579
2026-07-19 11:00:00,0.09473,0.09496,0.0944,0.09442,119973.8397
2026-07-19 12:00:00,0.09443,0.09446,0.09342,0.09412,905621.592
2026-07-19 13:00:00,0.09415,0.09449,0.09382,0.09435,372733.1377
2026-07-19 14:00:00,0.09435,0.09467,0.09388,0.09444,131182.7469
2026-07-19 15:00:00,0.09444,0.09461,0.094,0.09412,204111.8772
2026-07-19 16:00:00,0.09414,0.09424,0.09371,0.09374,159860.9388
2026-07-19 17:00:00,0.09375,0.09418,0.09299,0.09394,373848.8518
2026-07-19 18:00:00,0.09395,0.09413,0.09326,0.09406,217757.3077
2026-07-19 19:00:00,0.09407,0.09512,0.09388,0.09465,336930.1489
2026-07-19 20:00:00,0.09465,0.09481,0.09427,0.09453,283281.7573
2026-07-19 21:00:00,0.09455,0.0951,0.09409,0.09424,434269.8507
2026-07-19 22:00:00,0.09424,0.09519,0.09414,0.09508,117948.1043
2026-07-19 23:00:00,0.09514,0.09514,0.09464,0.09503,360192.1274
2026-07-20 00:00:00,0.09503,0.09586,0.09451,0.09463,174498.6768
2026-07-20 01:00:00,0.09465,0.09564,0.09393,0.09414,220591.1992
2026-07-20 02:00:00,0.09414,0.09525,0.09406,0.09501,154339.0258
2026-07-20 03:00:00,0.09501,0.09534,0.09455,0.09476,175376.1217
2026-07-20 04:00:00,0.09484,0.09486,0.09401,0.09407,222212.6035
2026-07-20 05:00:00,0.09405,0.09411,0.09268,0.09299,1262789.2334
2026-07-20 06:00:00,0.09299,0.0934,0.09264,0.09311,365504.3491
2026-07-20 07:00:00,0.09317,0.09376,0.09302,0.09356,136982.5852
2026-07-20 08:00:00,0.09356,0.0938,0.09272,0.09307,186625.6258
2026-07-20 09:00:00,0.09304,0.09338,0.09264,0.09326,148104.1039
2026-07-20 10:00:00,0.09325,0.09348,0.09291,0.09295,136562.985
2026-07-20 11:00:00,0.09297,0.09341,0.09255,0.0934,305583.0087
2026-07-20 12:00:00,0.0934,0.09346,0.09294,0.09312,152869.6015
2026-07-20 13:00:00,0.0931,0.09313,0.09143,0.09223,1591365.3565
2026-07-20 14:00:00,0.0922,0.09264,0.09194,0.09244,179996.2666
2026-07-20 15:00:00,0.09245,0.0942,0.0924,0.09385,494879.9765
2026-07-20 16:00:00,0.09387,0.09406,0.09314,0.09381,332182.1979
2026-07-20 17:00:00,0.09388,0.09402,0.0935,0.09375,204504.618
2026-07-20 18:00:00,0.09376,0.09435,0.09324,0.09332,285106.2416
2026-07-20 19:00:00,0.09332,0.09336,0.09248,0.09277,424206.9648
2026-07-20 20:00:00,0.09277,0.09294,0.09235,0.09291,156309.7665
2026-07-20 21:00:00,0.09289,0.09483,0.09263,0.0942,9696078.7808
2026-07-20 22:00:00,0.09421,0.09545,0.09365,0.09526,8611581.3643
2026-07-20 23:00:00,0.09527,0.09554,0.09392,0.09417,1763808.2594
2026-07-21 00:00:00,0.09416,0.09479,0.09383,0.09458,1085940.8591
2026-07-21 01:00:00,0.09458,0.09479,0.09354,0.09363,782518.6309
2026-07-21 02:00:00,0.09367,0.09403,0.09312,0.09397,745086.6873
2026-07-21 03:00:00,0.09397,0.09541,0.09397,0.09533,814605.9211
2026-07-21 04:00:00,0.09532,0.09571,0.09472,0.09503,592202.5071
2026-07-21 05:00:00,0.095,0.09717,0.09451,0.09672,5196520.7299
2026-07-21 06:00:00,0.09669,0.09729,0.09612,0.09728,2761324.1374
2026-07-21 07:00:00,0.09727,0.09736,0.0964,0.097,1765657.1332
2026-07-21 08:00:00,0.097,0.09729,0.09669,0.0969,792896.3811
2026-07-21 09:00:00,0.09692,0.09745,0.09667,0.09739,702771.9397
2026-07-21 10:00:00,0.09739,0.09761,0.09639,0.09654,599704.1621
2026-07-21 11:00:00,0.09656,0.09708,0.09633,0.09695,798687.3027
2026-07-21 12:00:00,0.09695,0.09772,0.09685,0.09713,618677.9838
2026-07-21 13:00:00,0.09715,0.09722,0.0965,0.09699,381502.2905
2026-07-21 14:00:00,0.09698,0.09788,0.0969,0.09706,785645.3175
2026-07-21 15:00:00,0.09707,0.09735,0.09664,0.09728,337404.5808
2026-07-21 16:00:00,0.09731,0.09753,0.09658,0.09747,523154.3926
2026-07-21 17:00:00,0.09746,0.09746,0.09633,0.09713,464268.2807
2026-07-21 18:00:00,0.09715,0.0975,0.09696,0.09734,319021.584
2026-07-21 19:00:00,0.09734,0.09845,0.09706,0.09795,500294.8983
2026-07-21 20:00:00,0.09796,0.09809,0.09743,0.09756,325892.792
2026-07-21 21:00:00,0.09756,0.09849,0.09755,0.09827,413409.4176
2026-07-21 22:00:00,0.09825,0.09834,0.09767,0.09795,386230.2222
2026-07-21 23:00:00,0.09795,0.09817,0.09749,0.09817,281441.9324
2026-07-22 00:00:00,0.09817,0.09887,0.098,0.09854,839500.1816
2026-07-22 01:00:00,0.09852,0.09868,0.09782,0.09849,305504.3138
2026-07-22 02:00:00,0.09853,0.09864,0.09757,0.09759,314307.0142
2026-07-22 03:00:00,0.09762,0.09782,0.09704,0.09726,353026.6606
2026-07-22 04:00:00,0.09723,0.09787,0.09696,0.09779,223326.1614
2026-07-22 05:00:00,0.09775,0.09775,0.09646,0.09673,296309.1197
2026-07-22 06:00:00,0.09676,0.09697,0.09588,0.09643,444096.419
2026-07-22 07:00:00,0.09643,0.09643,0.09587,0.0961,406200.6548
2026-07-22 08:00:00,0.09608,0.09647,0.09592,0.09608,879046.0333
2026-07-22 09:00:00,0.09612,0.09643,0.09599,0.09631,321750.2886
2026-07-22 10:00:00,0.09634,0.09714,0.09622,0.09706,331509.1003
2026-07-22 11:00:00,0.09704,0.09708,0.09644,0.09684,275695.8498
2026-07-22 12:00:00,0.09685,0.097,0.09593,0.09643,526514.2075
2026-07-22 13:00:00,0.09637,0.09729,0.09631,0.09713,621094.2223
2026-07-22 14:00:00,0.09709,0.09776,0.09676,0.09762,536987.9257
2026-07-22 15:00:00,0.09765,0.09829,0.09759,0.09797,392219.0126
2026-07-22 16:00:00,0.09797,0.09915,0.09787,0.09894,623419.0383
2026-07-22 17:00:00,0.09893,0.09906,0.09807,0.09823,595108.9407
2026-07-22 18:00:00,0.09817,0.09849,0.09771,0.09826,429529.9583
2026-07-22 19:00:00,0.09825,0.09833,0.09796,0.09818,221780.5433
2026-07-22 20:00:00,0.09817,0.09848,0.09795,0.09824,276749.9015
2026-07-22 21:00:00,0.09825,0.09846,0.09776,0.09802,87753.2135
2026-07-22 22:00:00,0.09802,0.09805,0.09735,0.09735,151501.3443
2026-07-22 23:00:00,0.09739,0.09739,0.09643,0.09688,219092.9018
2026-07-23 00:00:00,0.09687,0.09756,0.09679,0.09706,216774.0998
2026-07-23 01:00:00,0.09705,0.09719,0.09662,0.0969,191080.3367
2026-07-23 02:00:00,0.09689,0.09693,0.09641,0.09682,131912.7826
2026-07-23 03:00:00,0.09681,0.09684,0.09606,0.09622,185075.8724
2026-07-23 04:00:00,0.09623,0.09644,0.09593,0.09632,127810.166
2026-07-23 05:00:00,0.09631,0.09676,0.09612,0.09624,152248.6622
2026-07-23 06:00:00,0.09624,0.09657,0.09623,0.09653,117742.2404
2026-07-23 07:00:00,0.09647,0.09652,0.0956,0.09589,532011.292
2026-07-23 08:00:00,0.09591,0.09679,0.09581,0.09666,303081.4185
2026-07-23 09:00:00,0.09664,0.09687,0.09593,0.09603,154902.6229
2026-07-23 10:00:00,0.09604,0.09634,0.09594,0.09604,203164.4787
2026-07-23 11:00:00,0.09604,0.09605,0.09543,0.09548,246560.7443
2026-07-23 12:00:00,0.09544,0.0957,0.0947,0.09505,480346.6461
2026-07-23 13:00:00,0.09506,0.09519,0.09422,0.09425,523864.7049
2026-07-23 14:00:00,0.09424,0.09469,0.09392,0.094,332615.0759
2026-07-23 15:00:00,0.09402,0.09429,0.09318,0.094,1140847.0085
2026-07-23 16:00:00,0.09401,0.09438,0.09354,0.09412,441102.0728
2026-07-23 17:00:00,0.09408,0.09412,0.09272,0.09302,251842.5221
2026-07-23 18:00:00,0.09299,0.09342,0.0928,0.09332,195938.9571
2026-07-23 19:00:00,0.09334,0.09337,0.09262,0.09303,215506.5575
2026-07-23 20:00:00,0.09303,0.09392,0.09295,0.09331,162388.1369
2026-07-23 21:00:00,0.09332,0.0935,0.09234,0.09252,187565.7694
2026-07-23 22:00:00,0.09254,0.09296,0.09203,0.09286,256934.7564
2026-07-23 23:00:00,0.09287,0.09306,0.09246,0.09257,138540.2905
2026-07-24 00:00:00,0.09256,0.09277,0.09186,0.09269,487718.3148
2026-07-24 01:00:00,0.09274,0.09345,0.09264,0.09321,413149.1853
2026-07-24 02:00:00,0.09318,0.09425,0.09302,0.09361,564242.1217
2026-07-24 03:00:00,0.09362,0.09434,0.09342,0.09408,348539.0446
2026-07-24 04:00:00,0.09413,0.09445,0.09388,0.09407,237321.2502
2026-07-24 05:00:00,0.09406,0.09434,0.09386,0.09423,165218.9372
2026-07-24 06:00:00,0.09425,0.09465,0.09423,0.09435,191555.5569
2026-07-24 07:00:00,0.09444,0.0949,0.09386,0.09444,508591.8376
2026-07-24 08:00:00,0.09444,0.09476,0.09415,0.09416,276160.5932
2026-07-24 09:00:00,0.09417,0.09425,0.09365,0.09416,173476.243
2026-07-24 10:00:00,0.09418,0.09421,0.09336,0.09346,140108.8721
2026-07-24 11:00:00,0.09346,0.09351,0.09269,0.09301,429570.6543
2026-07-24 12:00:00,0.09294,0.09294,0.09225,0.09237,513994.5289
2026-07-24 13:00:00,0.09236,0.09243,0.09087,0.09186,1277347.8877
2026-07-24 14:00:00,0.09193,0.09217,0.09146,0.09215,346913.1767
2026-07-24 15:00:00,0.09215,0.09337,0.09177,0.09241,1059930.9958
2026-07-24 16:00:00,0.09241,0.09301,0.09206,0.09249,519986.3044
2026-07-24 17:00:00,0.09246,0.09306,0.09237,0.09298,202752.3748
2026-07-24 18:00:00,0.09297,0.09308,0.09211,0.09242,253766.6363
2026-07-24 19:00:00,0.09246,0.09247,0.09193,0.09228,393097.9462
2026-07-24 20:00:00,0.09228,0.09234,0.09195,0.09218,117514.9845
2026-07-24 21:00:00,0.0922,0.09274,0.09183,0.09206,220281.5805
2026-07-24 22:00:00,0.09203,0.09243,0.09203,0.09227,108363.8454
2026-07-24 23:00:00,0.09227,0.0929,0.09227,0.09249,552823.2387
2026-07-25 00:00:00,0.09249,0.09271,0.09216,0.09258,430446.695
2026-07-25 01:00:00,0.09257,0.09265,0.09202,0.09205,243430.8473
2026-07-25 02:00:00,0.09204,0.09227,0.09187,0.09193,225476.6765
2026-07-25 03:00:00,0.09195,0.09206,0.09163,0.09184,254039.1143
2026-07-25 04:00:00,0.09183,0.09206,0.09173,0.09199,109919.5369
2026-07-25 05:00:00,0.09203,0.09203,0.09151,0.09156,155619.8643
2026-07-25 06:00:00,0.09153,0.09169,0.09123,0.09169,392804.016
2026-07-25 07:00:00,0.09166,0.09168,0.09145,0.09155,126721.4602
2026-07-25 08:00:00,0.09154,0.09174,0.09125,0.09148,111769.8114
2026-07-25 09:00:00,0.09152,0.09189,0.09138,0.09171,94677.4083
2026-07-25 10:00:00,0.09173,0.09184,0.09159,0.09183,158054.988
2026-07-25 11:00:00,0.09185,0.0923,0.09171,0.09183,396649.5621
2026-07-25 12:00:00,0.09182,0.09253,0.0918,0.09239,435906.0592
2026-07-25 13:00:00,0.09236,0.09283,0.09229,0.09257,338810.1459
2026-07-25 14:00:00,0.09249,0.09327,0.09235,0.09295,213920.4077
2026-07-25 15:00:00,0.09294,0.09304,0.09264,0.0929,301607.7077
2026-07-25 16:00:00,0.09289,0.09321,0.09275,0.09305,233883.4154
2026-07-25 17:00:00,0.09306,0.09314,0.09256,0.09302,742585.5397
2026-07-25 18:00:00,0.09305,0.09336,0.09278,0.09282,377526.8016
2026-07-25 19:00:00,0.09282,0.09293,0.09254,0.09288,149565.1553
2026-07-25 20:00:00,0.09291,0.093,0.09247,0.09274,410077.1875
2026-07-25 21:00:00,0.09273,0.09334,0.09221,0.09292,435565.5765
2026-07-25 22:00:00,0.09296,0.09302,0.09248,0.09263,96730.3604
2026-07-25 23:00:00,0.09262,0.09262,0.09221,0.09233,255197.7958
2026-07-26 00:00:00,0.09233,0.09282,0.09223,0.09267,380131.1696
2026-07-26 01:00:00,0.09268,0.09278,0.09238,0.0925,85795.5789
2026-07-26 02:00:00,0.09251,0.09284,0.09205,0.09266,112659.099
2026-07-26 03:00:00,0.09267,0.09286,0.0924,0.09272,231608.9714
2026-07-26 04:00:00,0.09274,0.09336,0.09259,0.09283,216264.609
2026-07-26 05:00:00,0.09282,0.09303,0.09263,0.09281,342711.8898
2026-07-26 06:00:00,0.09277,0.09299,0.09234,0.09265,118303.5395
2026-07-26 07:00:00,0.09265,0.0929,0.09241,0.09254,178063.8549
2026-07-26 08:00:00,0.09256,0.09278,0.09244,0.09278,128899.6205
2026-07-26 09:00:00,0.0928,0.09309,0.09277,0.09277,159579.0814
2026-07-26 10:00:00,0.09276,0.09377,0.09268,0.09367,821220.5682
2026-07-26 11:00:00,0.09365,0.09374,0.09284,0.09297,320520.1153
2026-07-26 12:00:00,0.09297,0.09327,0.09288,0.09292,211277.7605
2026-07-26 13:00:00,0.09292,0.09304,0.09252,0.09301,272517.7606
2026-07-26 14:00:00,0.09296,0.09321,0.09266,0.09296,384786.6269
2026-07-26 15:00:00,0.09297,0.09385,0.09288,0.09365,107270.3989
2026-07-26 16:00:00,0.09366,0.09443,0.09356,0.09361,166007.4892
2026-07-26 17:00:00,0.09364,0.09365,0.09336,0.09343,277514.6806
2026-07-26 18:00:00,0.09342,0.09345,0.09319,0.09329,158710.4412
2026-07-26 19:00:00,0.09327,0.09343,0.0931,0.09329,396266.2684
2026-07-26 20:00:00,0.09334,0.09337,0.09306,0.09316,369465.3182
2026-07-26 21:00:00,0.09317,0.09394,0.09317,0.09353,129063.1078
2026-07-26 22:00:00,0.09358,0.09503,0.09358,0.09488,1146823.6747
2026-07-26 23:00:00,0.09488,0.09546,0.09477,0.09514,231702.408
2026-07-27 00:00:00,0.09512,0.09574,0.09477,0.09532,747751.2796
2026-07-27 01:00:00,0.09531,0.09576,0.09471,0.09575,431043.1493
2026-07-27 02:00:00,0.09576,0.09595,0.09546,0.09582,364109.2189
2026-07-27 03:00:00,0.09586,0.096,0.09522,0.09537,308512.9849
2026-07-27 04:00:00,0.09537,0.09585,0.0949,0.09494,205388.8201
2026-07-27 05:00:00,0.09489,0.09523,0.09486,0.09506,257634.1464
2026-07-27 06:00:00,0.09504,0.09562,0.09451,0.09465,504366.0872
2026-07-27 07:00:00,0.09463,0.09463,0.0942,0.09444,317930.6963
2026-07-27 08:00:00,0.09446,0.09456,0.09415,0.09444,416197.6062
2026-07-27 09:00:00,0.09436,0.095,0.09395,0.09468,1645149.9761
2026-07-27 10:00:00,0.09466,0.09504,0.09466,0.09491,225788.548
2026-07-27 11:00:00,0.0949,0.0949,0.09427,0.09465,809393.2324
2026-07-27 12:00:00,0.09466,0.09495,0.09396,0.09483,673974.5162
2026-07-27 13:00:00,0.09487,0.09526,0.09418,0.09452,559458.598
2026-07-27 14:00:00,0.09448,0.09475,0.09085,0.0917,2236135.8045
2026-07-27 15:00:00,0.09171,0.09176,0.09053,0.09111,794472.4405
2026-07-27 16:00:00,0.09109,0.09216,0.09075,0.09199,616893.8486
2026-07-27 17:00:00,0.09196,0.09213,0.0913,0.09142,254847.5996
2026-07-27 18:00:00,0.09144,0.09151,0.09055,0.09086,699086.0649
2026-07-27 19:00:00,0.09086,0.09158,0.09075,0.09143,248172.1537
2026-07-27 20:00:00,0.09144,0.09164,0.09112,0.09126,274265.5742
2026-07-27 21:00:00,0.09124,0.09124,0.09055,0.09061,243746.2044
2026-07-27 22:00:00,0.09061,0.09061,0.08646,0.08686,2756383.1317
2026-07-27 23:00:00,0.08686,0.08742,0.08594,0.08724,1004551.9817
2026-07-28 00:00:00,0.08727,0.08805,0.08714,0.08778,613055.0593
2026-07-28 01:00:00,0.08778,0.08793,0.08654,0.08705,542917.6269
2026-07-28 02:00:00,0.08704,0.08745,0.08694,0.08735,431211.2241
2026-07-28 03:00:00,0.08736,0.08773,0.08706,0.08773,306342.9235
2026-07-28 04:00:00,0.08774,0.08783,0.08694,0.0875,667481.1931
2026-07-28 05:00:00,0.08744,0.08791,0.08733,0.08752,490768.7739
2026-07-28 06:00:00,0.08752,0.08808,0.08734,0.08796,582637.5041
2026-07-28 07:00:00,0.08798,0.08802,0.08725,0.08747,207141.957
2026-07-28 08:00:00,0.08746,0.08771,0.08724,0.08734,313874.089
2026-07-28 09:00:00,0.08733,0.08858,0.08706,0.08806,2093875.136
2026-07-28 10:00:00,0.08805,0.08888,0.08797,0.08878,537882.9118
2026-07-28 11:00:00,0.08878,0.08892,0.08615,0.08643,2231172.8225
2026-07-28 12:00:00,0.08643,0.08749,0.08538,0.08737,1862977.4475
2026-07-28 13:00:00,0.08736,0.08753,0.08588,0.08672,505207.5926
2026-07-28 14:00:00,0.08673,0.08776,0.08634,0.08752,1347162.7689
2026-07-28 15:00:00,0.08755,0.08854,0.08717,0.08844,436791.6983
2026-07-28 16:00:00,0.08835,0.08936,0.08815,0.089,606327.0303
2026-07-28 17:00:00,0.08902,0.08963,0.08881,0.08931,820200.9639
2026-07-28 18:00:00,0.08932,0.08973,0.08891,0.08901,765194.0152
2026-07-28 19:00:00,0.08907,0.08945,0.08877,0.08941,237357.4229
2026-07-28 20:00:00,0.08946,0.08974,0.08933,0.08968,190850.437
2026-07-28 21:00:00,0.08975,0.09028,0.08955,0.08955,218527.1541
2026-07-28 22:00:00,0.08955,0.08962,0.08853,0.0886,285741.0241
2026-07-28 23:00:00,0.08864,0.08935,0.08854,0.08935,347954.5678
2026-07-29 00:00:00,0.08935,0.08992,0.08935,0.08955,552683.7342
2026-07-29 01:00:00,0.08956,0.08961,0.08846,0.08846,200638.0518
2026-07-29 02:00:00,0.08851,0.08923,0.0883,0.08907,309943.2472
2026-07-29 03:00:00,0.08907,0.08912,0.08742,0.08759,621526.3899
2026-07-29 04:00:00,0.08761,0.08818,0.08665,0.08792,577959.356
2026-07-29 05:00:00,0.08794,0.08838,0.08772,0.08776,588926.9177
2026-07-29 06:00:00,0.08776,0.08825,0.08752,0.08786,285752.2355
2026-07-29 07:00:00,0.08784,0.08804,0.08748,0.08798,264607.9765
2026-07-29 08:00:00,0.08799,0.08805,0.08714,0.08735,275566.0657
2026-07-29 09:00:00,0.08736,0.08808,0.08733,0.0878,207930.7553
2026-07-29 10:00:00,0.08779,0.08796,0.087,0.08716,500665.2298
2026-07-29 11:00:00,0.08715,0.08773,0.08715,0.0877,131014.2318
2026-07-29 12:00:00,0.08769,0.08769,0.08675,0.08682,303972.7729
2026-07-29 13:00:00,0.08682,0.08713,0.08644,0.08699,265515.6771
2026-07-29 14:00:00,0.087,0.08723,0.08631,0.08636,877896.2179
2026-07-29 15:00:00,0.08634,0.08682,0.08612,0.08664,187183.9713
2026-07-29 16:00:00,0.08665,0.08748,0.08622,0.08644,575025.424
2026-07-29 17:00:00,0.08645,0.08807,0.08641,0.08807,439902.3885
2026-07-29 18:00:00,0.08806,0.08894,0.08741,0.08871,624267.5842
2026-07-29 19:00:00,0.08877,0.08896,0.08681,0.08708,555199.0556
2026-07-29 20:00:00,0.08712,0.08765,0.08631,0.08664,456104.125
2026-07-29 21:00:00,0.08662,0.08765,0.08601,0.08765,295665.1438
2026-07-29 22:00:00,0.08766,0.08843,0.08766,0.08842,257903.9556
2026-07-29 23:00:00,0.08844,0.08954,0.08833,0.08923,416808.781
2026-07-30 00:00:00,0.08929,0.08944,0.08832,0.08865,538015.8359
2026-07-30 01:00:00,0.08866,0.09101,0.08866,0.09064,858687.8389
2026-07-30 02:00:00,0.09066,0.09106,0.09026,0.09048,492756.3499
2026-07-30 03:00:00,0.09045,0.0908,0.08997,0.09052,267992.5914
2026-07-30 04:00:00,0.09053,0.09074,0.09001,0.09007,341541.7814
2026-07-30 05:00:00,0.09006,0.09037,0.08986,0.09024,373935.1423
2026-07-30 06:00:00,0.09023,0.09049,0.08999,0.09012,282397.5147
2026-07-30 07:00:00,0.09014,0.09053,0.08959,0.0897,1017088.2438
2026-07-30 08:00:00,0.08971,0.08979,0.08781,0.08853,7189560.9733
2026-07-30 09:00:00,0.08852,0.08852,0.08693,0.08739,9621302.7525
2026-07-30 10:00:00,0.08739,0.08789,0.08712,0.08736,1232350.8795
2026-07-30 11:00:00,0.08736,0.08817,0.08716,0.08763,797385.4828
2026-07-30 12:00:00,0.08764,0.08802,0.08744,0.08751,326083.8687
2026-07-30 13:00:00,0.08756,0.08883,0.08725,0.08854,1585716.4945
2026-07-30 14:00:00,0.08847,0.0888,0.08816,0.08828,494558.6926
2026-07-30 15:00:00,0.08836,0.08886,0.08815,0.08874,359062.0251
2026-07-30 16:00:00,0.08874,0.08898,0.08768,0.08833,835060.5158
2026-07-30 17:00:00,0.08833,0.08896,0.08812,0.08865,624045.4004
2026-07-30 18:00:00,0.08864,0.08883,0.08853,0.08854,138399.0259
2026-07-30 19:00:00,0.08856,0.08923,0.08856,0.08913,195875.9139
2026-07-30 20:00:00,0.08914,0.08953,0.089,0.089,262621.3594
2026-07-30 21:00:00,0.08896,0.08934,0.0887,0.0888,390721.7796
2026-07-30 22:00:00,0.0888,0.08899,0.08853,0.0887,267266.1271
2026-07-30 23:00:00,0.08864,0.08875,0.08794,0.08799,426396.7874
2026-07-31 00:00:00,0.08799,0.08838,0.08761,0.08822,404038.3663
2026-07-31 01:00:00,0.08825,0.08901,0.08795,0.08801,214883.1289
2026-07-31 02:00:00,0.08798,0.08807,0.08739,0.08764,165953.7783
2026-07-31 03:00:00,0.08763,0.08808,0.08734,0.08787,231171.6839
2026-07-31 04:00:00,0.08778,0.08783,0.087,0.08706,308016.4307
2026-07-31 05:00:00,0.08705,0.08742,0.08705,0.08737,753125.8282
2026-07-31 06:00:00,0.08734,0.0881,0.08719,0.08754,625345.4491
2026-07-31 07:00:00,0.08751,0.08825,0.08687,0.08822,558572.4324
2026-07-31 08:00:00,0.08824,0.08835,0.08769,0.0879,256216.6352
2026-07-31 09:00:00,0.08796,0.08805,0.08563,0.0863,13321027.0535
2026-07-31 10:00:00,0.08629,0.08629,0.08541,0.08554,1641919.2751
2026-07-31 11:00:00,0.08555,0.0857,0.08474,0.08513,1450708.9569
2026-07-31 12:00:00,0.08498,0.08551,0.0845,0.08545,2005742.618
2026-07-31 13:00:00,0.08546,0.08613,0.08505,0.0852,991657.6752
2026-07-31 14:00:00,0.08521,0.08563,0.08408,0.0851,1252419.5646
2026-07-31 15:00:00,0.08512,0.08572,0.085,0.08519,761373.5132
2026-07-31 16:00:00,0.08523,0.08608,0.08515,0.08593,470312.0751
2026-07-31 17:00:00,0.08594,0.08715,0.08594,0.0869,521935.2628
2026-07-31 18:00:00,0.08696,0.08718,0.0863,0.08658,439229.3665
2026-07-31 19:00:00,0.08656,0.08673,0.08577,0.08587,233608.4779
2026-07-31 20:00:00,0.08592,0.08618,0.08566,0.08568,246655.1744
2026-07-31 21:00:00,0.08573,0.08586,0.08524,0.08529,132049.1925
2026-07-31 22:00:00,0.08532,0.08565,0.08522,0.08532,130934.6518
2026-07-31 23:00:00,0.08532,0.08566,0.08503,0.08519,537064.5269
2026-08-01 00:00:00,0.08523,0.0859,0.08516,0.08531,465626.3447
2026-08-01 01:00:00,0.08534,0.08584,0.08534,0.08563,345245.7576
2026-08-01 02:00:00,0.08565,0.08602,0.08552,0.08579,253917.6146
2026-08-01 03:00:00,0.08576,0.08576,0.08539,0.0856,272632.3506
2026-08-01 04:00:00,0.08565,0.08617,0.08564,0.08617,131112.1315
2026-08-01 05:00:00,0.08615,0.08617,0.08541,0.08566,281475.9628
2026-08-01 06:00:00,0.08566,0.08573,0.08535,0.08562,108811.9234
2026-08-01 07:00:00,0.08562,0.08583,0.08534,0.08535,240235.4034
2026-08-01 08:00:00,0.08536,0.08566,0.08495,0.08502,486346.2463
2026-08-01 09:00:00,0.085,0.08508,0.08486,0.08492,318219.4892
2026-08-01 10:00:00,0.08492,0.08513,0.0844,0.08512,623772.2609
2026-08-01 11:00:00,0.08512,0.08536,0.085,0.08533,328097.3386
2026-08-01 12:00:00,0.08536,0.0854,0.08517,0.08523,57313.2417
2026-08-01 13:00:00,0.08522,0.08552,0.0852,0.08535,134646.6612
2026-08-01 14:00:00,0.08536,0.08554,0.08525,0.08541,88755.9975
2026-08-01 15:00:00,0.08545,0.08547,0.0849,0.08492,319756.1934
2026-08-01 16:00:00,0.08489,0.08516,0.08472,0.08478,328305.2764
2026-08-01 17:00:00,0.08482,0.08496,0.08333,0.08373,1849731.4451
2026-08-01 18:00:00,0.08372,0.08372,0.08189,0.08284,2249372.5432
2026-08-01 19:00:00,0.08289,0.0833,0.08278,0.08297,600647.4088
2026-08-01 20:00:00,0.08296,0.08296,0.08242,0.08274,310030.9655
2026-08-01 21:00:00,0.08277,0.08335,0.08277,0.0833,524884.7211
2026-08-01 22:00:00,0.08332,0.08351,0.08292,0.08309,660846.5456
2026-08-01 23:00:00,0.08306,0.08314,0.08277,0.08306,277522.5399
2026-08-02 00:00:00,0.08304,0.08327,0.08289,0.08313,264844.99
2026-08-02 01:00:00,0.08315,0.08359,0.08315,0.08344,744104.7832
2026-08-02 02:00:00,0.08346,0.0845,0.08337,0.0845,472379.9255
2026-08-02 03:00:00,0.08452,0.08488,0.08424,0.08426,682592.3643
2026-08-02 04:00:00,0.08427,0.08484,0.08424,0.08476,246376.356
2026-08-02 05:00:00,0.08476,0.08524,0.08456,0.08507,883270.4258
2026-08-02 06:00:00,0.08506,0.08524,0.08477,0.08497,392250.8995
2026-08-02 07:00:00,0.08497,0.08577,0.08483,0.0857,386825.7717
2026-08-02 08:00:00,0.08573,0.08577,0.08497,0.08501,373121.9412
2026-08-02 09:00:00,0.08504,0.08574,0.08464,0.08534,970690.0955
2026-08-02 10:00:00,0.08533,0.08586,0.08533,0.08557,462187.2786
2026-08-02 11:00:00,0.08556,0.08588,0.08533,0.08548,835648.4166
2026-08-02 12:00:00,0.0855,0.08608,0.0855,0.08597,194717.9375
2026-08-02 13:00:00,0.08596,0.0861,0.0855,0.08571,159045.9207
2026-08-02 14:00:00,0.08574,0.0861,0.08555,0.08585,187279.5672
2026-08-02 15:00:00,0.08586,0.08605,0.08521,0.08526,329342.0468
2026-08-02 16:00:00,0.08525,0.08605,0.08515,0.08599,240701.5566
2026-08-02 17:00:00,0.08598,0.08687,0.08597,0.086,953612.5572
2026-08-02 18:00:00,0.08599,0.0865,0.08594,0.08613,136327.9575
2026-08-02 19:00:00,0.08608,0.08617,0.08575,0.08592,233696.3149
2026-08-02 20:00:00,0.08599,0.08601,0.08565,0.08579,209550.9114
2026-08-02 21:00:00,0.08576,0.08659,0.08573,0.08648,210711.3196
2026-08-02 22:00:00,0.08649,0.08795,0.08649,0.08664,1047590.4056
2026-08-02 23:00:00,0.08663,0.08716,0.08654,0.08658,635214.3778
2026-08-03 00:00:00,0.08662,0.087,0.08627,0.08654,627745.8054
2026-08-03 01:00:00,0.08652,0.08661,0.08582,0.0859,448708.9158
2026-08-03 02:00:00,0.08593,0.08603,0.08553,0.08573,234745.0802
2026-08-03 03:00:00,0.08567,0.08584,0.08525,0.08564,244413.8593
2026-08-03 04:00:00,0.08563,0.08629,0.08534,0.08541,394060.5608
2026-08-03 05:00:00,0.08543,0.08664,0.08543,0.08661,372594.7237
2026-08-03 06:00:00,0.08663,0.08675,0.08571,0.0858,365890.3053
2026-08-03 07:00:00,0.08582,0.08582,0.08536,0.0857,173994.0561
2026-08-03 08:00:00,0.08568,0.08602,0.08488,0.08596,625971.2625
2026-08-03 09:00:00,0.08596,0.08652,0.08587,0.08648,507122.7725
2026-08-03 10:00:00,0.08647,0.08661,0.08597,0.08609,233237.9531
2026-08-03 11:00:00,0.08608,0.08647,0.08593,0.08616,209109.2178
2026-08-03 12:00:00,0.08618,0.08665,0.08606,0.08647,579243.8559
2026-08-03 13:00:00,0.08647,0.08746,0.08605,0.08735,623673.9903
2026-08-03 14:00:00,0.08729,0.08773,0.08705,0.08743,547073.5764
2026-08-03 15:00:00,0.08743,0.08752,0.08704,0.08746,513825.2305
2026-08-03 16:00:00,0.08751,0.08804,0.08745,0.08786,381054.9592
2026-08-03 17:00:00,0.08785,0.08847,0.08715,0.08729,849749.2258
2026-08-03 18:00:00,0.08732,0.08755,0.08715,0.08731,364920.7358
2026-08-03 19:00:00,0.08733,0.08734,0.08706,0.08709,249022.2758
2026-08-03 20:00:00,0.08709,0.08746,0.08692,0.08735,177550.6947
2026-08-03 21:00:00,0.08735,0.08776,0.08726,0.08756,201091.0069
2026-08-03 22:00:00,0.08754,0.08754,0.087,0.08732,256024.6687
2026-08-03 23:00:00,0.08735,0.08829,0.08724,0.08826,363866.5214
2026-08-04 00:00:00,0.08825,0.08866,0.0878,0.08797,506069.842
2026-08-04 01:00:00,0.08804,0.08939,0.08797,0.08937,680590.3688
2026-08-04 02:00:00,0.08937,0.08963,0.08897,0.08919,740962.2883
2026-08-04 03:00:00,0.0892,0.08957,0.0888,0.08926,596553.0278
2026-08-04 04:00:00,0.08925,0.08983,0.08893,0.08943,1759795.0432
2026-08-04 05:00:00,0.08943,0.0896,0.08897,0.08945,1025464.7874
2026-08-04 06:00:00,0.08945,0.08965,0.08872,0.08873,1030993.6337
2026-08-04 07:00:00,0.08873,0.08892,0.08837,0.0889,789909.7169
2026-08-04 08:00:00,0.08886,0.08895,0.08838,0.08841,616643.8557
2026-08-04 09:00:00,0.08838,0.08867,0.08837,0.08862,196903.6345
2026-08-04 10:00:00,0.08858,0.08927,0.08851,0.08907,742755.1276
2026-08-04 11:00:00,0.08905,0.08924,0.08852,0.08882,779875.7166
2026-08-04 12:00:00,0.08879,0.08879,0.08799,0.08808,927947.4693
2026-08-04 13:00:00,0.08802,0.08824,0.08758,0.08773,2123697.0329
2026-08-04 14:00:00,0.08771,0.08848,0.08726,0.08794,2049883.488
2026-08-04 15:00:00,0.08803,0.08825,0.08739,0.0882,984244.3044
2026-08-04 16:00:00,0.08824,0.08874,0.08801,0.08806,1661883.7408
2026-08-04 17:00:00,0.08807,0.0884,0.08787,0.08803,365268.0622
2026-08-04 18:00:00,0.08805,0.0888,0.08805,0.08863,737561.7777
2026-08-04 19:00:00,0.08856,0.08893,0.08847,0.08861,1611127.2146
2026-08-04 20:00:00,0.08861,0.08916,0.08831,0.08892,2735690.7247
2026-08-04 21:00:00,0.08893,0.08898,0.08854,0.08859,195249.8481
2026-08-04 22:00:00,0.08861,0.08949,0.08853,0.08947,1240064.2905
2026-08-04 23:00:00,0.08948,0.08959,0.08888,0.08892,980702.0379
2026-08-05 00:00:00,0.08892,0.08924,0.08856,0.08865,1190921.2267
2026-08-05 01:00:00,0.08865,0.08915,0.08859,0.08893,679778.1025
2026-08-05 02:00:00,0.08893,0.0891,0.08864,0.08904,820866.1043
2026-08-05 03:00:00,0.08906,0.08915,0.08803,0.08821,1060462.8217
2026-08-05 04:00:00,0.08814,0.08826,0.08797,0.088,159791.1529
2026-08-05 05:00:00,0.088,0.08862,0.08798,0.08835,191501.44
2026-08-05 06:00:00,0.08835,0.08884,0.0882,0.08864,238765.9756
2026-08-05 07:00:00,0.08863,0.08884,0.08836,0.08867,371051.2258
2026-08-05 08:00:00,0.08865,0.08937,0.0885,0.08853,626129.4619
2026-08-05 09:00:00,0.08855,0.08884,0.08822,0.08826,330949.4048
2026-08-05 10:00:00,0.08824,0.08851,0.08803,0.08823,244304.4741
2026-08-05 11:00:00,0.08818,0.08845,0.08798,0.08802,1070472.2948
2026-08-05 12:00:00,0.08803,0.08899,0.08796,0.08833,327747.1013
2026-08-05 13:00:00,0.08834,0.08834,0.08651,0.08703,1204359.2521
2026-08-05 14:00:00,0.08702,0.08793,0.08684,0.08775,304402.4982
2026-08-05 15:00:00,0.08774,0.08825,0.08719,0.0872,786976.4405
2026-08-05 16:00:00,0.08719,0.08878,0.08712,0.08851,722659.2003
2026-08-05 17:00:00,0.08856,0.08937,0.08829,0.0891,595890.4337
2026-08-05 18:00:00,0.0891,0.08926,0.08821,0.08854,831365.5615
2026-08-05 19:00:00,0.08852,0.08864,0.0882,0.0882,260774.6686
2026-08-05 20:00:00,0.0882,0.08863,0.08809,0.08829,405921.5519
2026-08-05 21:00:00,0.08828,0.08829,0.08785,0.08791,289959.2315
2026-08-05 22:00:00,0.08784,0.08796,0.08764,0.08764,315337.9372
2026-08-05 23:00:00,0.08761,0.08809,0.08744,0.08791,677630.6671
2026-08-06 00:00:00,0.08794,0.08854,0.08794,0.08831,1031175.7372
2026-08-06 01:00:00,0.08832,0.08859,0.08755,0.08755,708201.0474
2026-08-06 02:00:00,0.08754,0.08773,0.08701,0.08735,1140082.8629
2026-08-06 03:00:00,0.08733,0.08741,0.08707,0.08733,659751.8642
2026-08-06 04:00:00,0.08732,0.08799,0.08723,0.0878,648128.3622
2026-08-06 05:00:00,0.08783,0.0885,0.08777,0.08786,666801.7263
2026-08-06 06:00:00,0.08785,0.08812,0.08754,0.08796,603128.1316
2026-08-06 07:00:00,0.08794,0.08817,0.08778,0.08784,288543.2429
2026-08-06 08:00:00,0.08784,0.08808,0.08765,0.08793,369835.4808
2026-08-06 09:00:00,0.08795,0.08795,0.08696,0.0872,489586.7638
2026-08-06 10:00:00,0.0872,0.0872,0.08662,0.08667,490106.9518
2026-08-06 11:00:00,0.08668,0.08709,0.08648,0.08704,191081.7687
2026-08-06 12:00:00,0.08704,0.08704,0.08649,0.08653,213522.2565
2026-08-06 13:00:00,0.08653,0.08689,0.0853,0.08682,922387.0907
2026-08-06 14:00:00,0.08682,0.08697,0.08625,0.08687,510597.8098
2026-08-06 15:00:00,0.08685,0.0877,0.08679,0.08742,415806.3109
2026-08-06 16:00:00,0.08736,0.08838,0.08723,0.08828,666214.4351
2026-08-06 17:00:00,0.08829,0.08865,0.08758,0.0877,658859.2855
2026-08-06 18:00:00,0.08772,0.08772,0.08676,0.08694,344216.4356
2026-08-06 19:00:00,0.08693,0.08701,0.08655,0.08655,147483.7393
2026-08-06 20:00:00,0.08655,0.08691,0.0865,0.08658,131320.8015
2026-08-06 21:00:00,0.08664,0.08712,0.08647,0.08694,133429.5075
2026-08-06 22:00:00,0.08694,0.08698,0.08612,0.08615,137423.6582
2026-08-06 23:00:00,0.08613,0.08631,0.0859,0.08623,215225.6646
2026-08-07 00:00:00,0.08624,0.08706,0.08618,0.08703,406639.6193
2026-08-07 01:00:00,0.08705,0.08777,0.08705,0.08766,520154.8525
2026-08-07 02:00:00,0.08766,0.08794,0.08721,0.08786,645215.1348
2026-08-07 03:00:00,0.08787,0.08826,0.08756,0.0876,614723.7992
2026-08-07 04:00:00,0.0876,0.08824,0.08723,0.08738,626877.1805
2026-08-07 05:00:00,0.08742,0.0889,0.08736,0.08859,718952.5148
2026-08-07 06:00:00,0.08866,0.08942,0.08842,0.08916,900120.0299
2026-08-07 07:00:00,0.08917,0.08931,0.08869,0.08931,483237.4895
2026-08-07 08:00:00,0.08931,0.08966,0.08878,0.08881,1123628.5136
2026-08-07 09:00:00,0.08882,0.08903,0.08838,0.08878,640772.0183
2026-08-07 10:00:00,0.08877,0.08882,0.08843,0.08865,307448.9969
2026-08-07 11:00:00,0.08865,0.08913,0.08857,0.08886,555118.0293
2026-08-07 12:00:00,0.08887,0.08954,0.08807,0.08831,972925.9415
2026-08-07 13:00:00,0.08833,0.08836,0.08782,0.08796,401358.1542
2026-08-07 14:00:00,0.08794,0.08802,0.08629,0.08653,1071409.6133
2026-08-07 15:00:00,0.08653,0.087,0.08603,0.08681,651206.2374
2026-08-07 16:00:00,0.08678,0.08714,0.08647,0.08647,436990.7587
2026-08-07 17:00:00,0.08646,0.08657,0.08545,0.08623,1324127.731
2026-08-07 18:00:00,0.08626,0.08642,0.08587,0.08603,304051.1135
2026-08-07 19:00:00,0.08604,0.08654,0.08596,0.08645,239508.2842
2026-08-07 20:00:00,0.08644,0.08654,0.08604,0.08632,291945.0836
2026-08-07 21:00:00,0.08637,0.08677,0.08625,0.08625,279717.0712
2026-08-07 22:00:00,0.08625,0.08635,0.08594,0.08615,171164.679
2026-08-07 23:00:00,0.08616,0.08624,0.08603,0.08606,108569.5113
2026-08-08 00:00:00,0.08602,0.08625,0.08589,0.08625,306667.4804
2026-08-08 01:00:00,0.08626,0.08688,0.08626,0.0866,228020.4481
2026-08-08 02:00:00,0.0866,0.08665,0.08625,0.0865,367121.4418
2026-08-08 03:00:00,0.0865,0.08758,0.0865,0.08755,440088.4815
2026-08-08 04:00:00,0.08757,0.08765,0.08725,0.08746,525224.7895
2026-08-08 05:00:00,0.08745,0.08766,0.08735,0.0874,495204.8
2026-08-08 06:00:00,0.08741,0.08753,0.08673,0.08684,689636.3501
2026-08-08 07:00:00,0.08685,0.08734,0.08666,0.08686,569080.0228
2026-08-08 08:00:00,0.08684,0.08715,0.08675,0.08709,488672.6069
2026-08-08 09:00:00,0.08711,0.08786,0.08711,0.08761,661531.9817
2026-08-08 10:00:00,0.0876,0.08923,0.0876,0.08895,910828.3082
2026-08-08 11:00:00,0.08896,0.08913,0.08854,0.08875,728282.137
2026-08-08 12:00:00,0.08875,0.08954,0.08864,0.08919,1263775.4166
2026-08-08 13:00:00,0.0892,0.08938,0.08837,0.08844,936106.3765
2026-08-08 14:00:00,0.08844,0.08906,0.08833,0.089,554480.0853
2026-08-08 15:00:00,0.089,0.08914,0.08863,0.089,390538.5861
2026-08-08 16:00:00,0.08895,0.08957,0.08879,0.08937,779543.9489
2026-08-08 17:00:00,0.08936,0.0894,0.08903,0.08916,382946.0815
2026-08-08 18:00:00,0.08917,0.0892,0.08875,0.08893,324989.0834
2026-08-08 19:00:00,0.08895,0.08912,0.08882,0.08893,194390.6699
2026-08-08 20:00:00,0.08893,0.08904,0.08868,0.08887,285196.5517
2026-08-08 21:00:00,0.08888,0.08915,0.08882,0.08893,205690.0755
2026-08-08 22:00:00,0.08892,0.08892,0.08817,0.08822,296422.7834
2026-08-08 23:00:00,0.08823,0.08892,0.08817,0.08872,326329.5681
2026-08-09 00:00:00,0.08876,0.08927,0.0887,0.08883,1037985.7695
2026-08-09 01:00:00,0.08883,0.08925,0.08841,0.08885,1359522.1724
2026-08-09 02:00:00,0.08882,0.08917,0.08872,0.08889,607899.1716
2026-08-09 03:00:00,0.08891,0.08908,0.08835,0.08874,580495.1954
2026-08-09 04:00:00,0.08872,0.08974,0.08866,0.08915,563583.8915
2026-08-09 05:00:00,0.08913,0.08925,0.08817,0.08851,620434.2717
2026-08-09 06:00:00,0.08853,0.08907,0.08845,0.08887,582796.6584
2026-08-09 07:00:00,0.08886,0.08893,0.08825,0.08829,547570.6215
2026-08-09 08:00:00,0.08829,0.08866,0.08823,0.08853,299033.2553
2026-08-09 09:00:00,0.08851,0.08851,0.08789,0.08818,407643.1364
2026-08-09 10:00:00,0.08815,0.08836,0.08804,0.08809,378629.156
2026-08-09 11:00:00,0.08807,0.08834,0.08794,0.08814,151507.0335
2026-08-09 12:00:00,0.08815,0.0886,0.08797,0.08816,347447.4104
2026-08-09 13:00:00,0.08814,0.08886,0.08813,0.08844,412492.517
2026-08-09 14:00:00,0.08842,0.08877,0.08827,0.08877,260696.8382
2026-08-09 15:00:00,0.08878,0.08942,0.08878,0.08931,674003.7239
2026-08-09 16:00:00,0.08933,0.08948,0.08906,0.08932,733206.1333
2026-08-09 17:00:00,0.08934,0.08956,0.08915,0.08925,457346.7042
2026-08-09 18:00:00,0.08925,0.08964,0.08913,0.0893,246774.6359
2026-08-09 19:00:00,0.08931,0.08978,0.08925,0.08974,360047.6901
2026-08-09 20:00:00,0.08973,0.08996,0.08934,0.08949,235589.6918
2026-08-09 21:00:00,0.08953,0.09043,0.08953,0.09012,350779.959
2026-08-09 22:00:00,0.09015,0.09076,0.08886,0.08906,963465.332
2026-08-09 23:00:00,0.08903,0.08917,0.08781,0.08806,1271186.4845
2026-08-10 00:00:00,0.08804,0.08919,0.08785,0.08867,871373.8062
2026-08-10 01:00:00,0.08867,0.08945,0.08836,0.08932,689189.6355
2026-08-10 02:00:00,0.08935,0.08999,0.0886,0.08951,1338355.7921
2026-08-10 03:00:00,0.0895,0.0896,0.08883,0.08926,687940.1599
2026-08-10 04:00:00,0.08926,0.0898,0.08909,0.08926,1044771.4123
2026-08-10 05:00:00,0.08927,0.09051,0.0892,0.09032,610360.0241
2026-08-10 06:00:00,0.09031,0.09154,0.09026,0.09131,1976911.3517
2026-08-10 07:00:00,0.09131,0.09189,0.09108,0.09124,1691229.8815
2026-08-10 08:00:00,0.09125,0.09151,0.09066,0.09121,1052711.5546
2026-08-10 09:00:00,0.09122,0.09136,0.09039,0.09044,887356.7357
2026-08-10 10:00:00,0.09045,0.09117,0.09031,0.09083,621154.0903
2026-08-10 11:00:00,0.09084,0.09117,0.09034,0.09094,501934.2051
2026-08-10 12:00:00,0.09095,0.09116,0.0904,0.09091,781734.7577
2026-08-10 13:00:00,0.09092,0.09142,0.09053,0.09092,1159683.5277
2026-08-10 14:00:00,0.09092,0.09132,0.09042,0.09052,882701.4171
2026-08-10 15:00:00,0.09054,0.09109,0.09004,0.09099,1013432.2392
2026-08-10 16:00:00,0.09099,0.0912,0.09052,0.09078,631972.405
2026-08-10 17:00:00,0.09083,0.0924,0.09065,0.09167,833736.9243
2026-08-10 18:00:00,0.09167,0.09297,0.09167,0.09262,692300.8233
2026-08-10 19:00:00,0.09262,0.09266,0.09171,0.09178,289323.3182
2026-08-10 20:00:00,0.09183,0.09193,0.09136,0.09142,141658.9293
2026-08-10 21:00:00,0.09141,0.09146,0.09054,0.09086,523411.7557
2026-08-10 22:00:00,0.09084,0.09142,0.09063,0.09117,288700.7079
2026-08-10 23:00:00,0.09116,0.09167,0.09099,0.09141,399141.2935
2026-08-11 00:00:00,0.0914,0.09166,0.09123,0.0913,467238.3182
2026-08-11 01:00:00,0.09128,0.09242,0.09105,0.09223,1054742.319
2026-08-11 02:00:00,0.09223,0.09273,0.09163,0.09167,473673.6209
2026-08-11 03:00:00,0.09168,0.09173,0.09109,0.09111,401277.3351
2026-08-11 04:00:00,0.09111,0.09112,0.09059,0.09087,691409.314
2026-08-11 05:00:00,0.09087,0.09104,0.09057,0.09085,514529.6816
2026-08-11 06:00:00,0.09084,0.09115,0.09051,0.09063,380147.4868
2026-08-11 07:00:00,0.09062,0.09066,0.09005,0.09013,475481.3333
2026-08-11 08:00:00,0.09013,0.09043,0.08988,0.09026,768547.0183
2026-08-11 09:00:00,0.09025,0.09074,0.09005,0.09063,490504.0371
2026-08-11 10:00:00,0.09064,0.09075,0.08992,0.09043,288116.0023
2026-08-11 11:00:00,0.09042,0.09136,0.0904,0.09122,898493.8115
2026-08-11 12:00:00,0.09122,0.09139,0.09082,0.09086,182257.0892
2026-08-11 13:00:00,0.09087,0.09132,0.09063,0.09096,320494.2569
2026-08-11 14:00:00,0.09095,0.09097,0.08885,0.08914,1031666.6929
2026-08-11 15:00:00,0.08912,0.08972,0.08815,0.08847,1647128.8049
2026-08-11 16:00:00,0.0885,0.08906,0.08793,0.08879,1163457.8541
2026-08-11 17:00:00,0.08881,0.08956,0.08881,0.08895,1002299.7168
2026-08-11 18:00:00,0.08894,0.08926,0.08852,0.08926,453720.4613
2026-08-11 19:00:00,0.08925,0.09033,0.08903,0.09031,723611.8842
2026-08-11 20:00:00,0.09032,0.09127,0.09026,0.09098,1184068.8933
2026-08-11 21:00:00,0.09097,0.09132,0.09073,0.09124,942719.7036
2026-08-11 22:00:00,0.09124,0.09148,0.09086,0.09109,358319.2888
2026-08-11 23:00:00,0.09107,0.09134,0.09082,0.09124,350880.121
2026-08-12 00:00:00,0.09119,0.09188,0.09118,0.09135,752941.8944
2026-08-12 01:00:00,0.09134,0.09176,0.09126,0.09133,314973.1124
2026-08-12 02:00:00,0.09135,0.09218,0.09115,0.09184,503702.7568
2026-08-12 03:00:00,0.09185,0.0919,0.09111,0.09112,296332.9892
2026-08-12 04:00:00,0.09111,0.09117,0.09065,0.09084,627440.4843
2026-08-12 05:00:00,0.09085,0.09213,0.09081,0.09091,836638.8466
2026-08-12 06:00:00,0.0909,0.0909,0.09006,0.09013,357458.0048
2026-08-12 07:00:00,0.09012,0.09023,0.08974,0.09014,654615.8958
2026-08-12 08:00:00,0.09013,0.09035,0.08992,0.08992,365080.8394
2026-08-12 09:00:00,0.08989,0.09054,0.08986,0.09027,394433.9711
2026-08-12 10:00:00,0.09025,0.09059,0.09,0.09011,344174.2355
2026-08-12 11:00:00,0.09015,0.09037,0.08996,0.09024,182207.4305
2026-08-12 12:00:00,0.09024,0.09101,0.0901,0.09048,721544.1383
2026-08-12 13:00:00,0.09046,0.09061,0.09009,0.09035,433939.4191
2026-08-12 14:00:00,0.09034,0.09034,0.08833,0.08856,1050356.8508
2026-08-12 15:00:00,0.08856,0.08945,0.08851,0.08922,319639.3022
2026-08-12 16:00:00,0.08922,0.0894,0.08893,0.08925,495081.9352
2026-08-12 17:00:00,0.08927,0.08962,0.08904,0.08956,497045.9924
2026-08-12 18:00:00,0.08956,0.0899,0.08944,0.08967,385896.5102
2026-08-12 19:00:00,0.08968,0.08972,0.089,0.08918,502044.322
2026-08-12 20:00:00,0.08919,0.08976,0.08909,0.08938,288688.8871
2026-08-12 21:00:00,0.08938,0.08952,0.08625,0.08673,2035288.161
2026-08-12 22:00:00,0.0867,0.08713,0.08539,0.08564,1647267.2473
2026-08-12 23:00:00,0.08563,0.08607,0.08533,0.08602,835711.4436
2026-08-13 00:00:00,0.08601,0.08615,0.0846,0.08475,1092303.7538
2026-08-13 01:00:00,0.0848,0.08527,0.08446,0.08494,1382722.8818
2026-08-13 02:00:00,0.08495,0.08534,0.0842,0.08534,916024.8815
2026-08-13 03:00:00,0.08532,0.08632,0.08516,0.08624,877541.0399
2026-08-13 04:00:00,0.08626,0.08648,0.08601,0.08632,617835.8613
2026-08-13 05:00:00,0.08633,0.08692,0.08612,0.08674,625556.2006
2026-08-13 06:00:00,0.08673,0.08709,0.08652,0.08704,546953.5333
2026-08-13 07:00:00,0.08703,0.08717,0.08665,0.08665,368060.405
2026-08-13 08:00:00,0.08666,0.08691,0.08638,0.08641,393862.0874
2026-08-13 09:00:00,0.08639,0.08703,0.08617,0.08698,502578.0047
2026-08-13 10:00:00,0.08698,0.08724,0.08667,0.08689,362385.7396
2026-08-13 11:00:00,0.08685,0.08692,0.086,0.08604,554165.1362
2026-08-13 12:00:00,0.08605,0.08654,0.08589,0.0863,731555.7534
2026-08-13 13:00:00,0.0863,0.08713,0.08585,0.08711,869759.3456
2026-08-13 14:00:00,0.08712,0.08817,0.08712,0.08782,993519.934
2026-08-13 15:00:00,0.08781,0.08786,0.0868,0.0868,625860.9093
2026-08-13 16:00:00,0.0868,0.08691,0.08534,0.08603,1194470.4018
2026-08-13 17:00:00,0.08602,0.08643,0.08579,0.08597,345738.8366
2026-08-13 18:00:00,0.08598,0.08627,0.08573,0.08614,399321.1542
2026-08-13 19:00:00,0.08617,0.08663,0.08617,0.08642,358652.4833
2026-08-13 20:00:00,0.08645,0.08648,0.08616,0.08635,561858.2963
2026-08-13 21:00:00,0.08634,0.08733,0.08634,0.08696,519194.8527
2026-08-13 22:00:00,0.08696,0.08777,0.08696,0.08775,398198.0033
2026-08-13 23:00:00,0.08774,0.08885,0.08765,0.08878,976555.7297
2026-08-14 00:00:00,0.08882,0.0897,0.08857,0.08914,1480139.8218
2026-08-14 01:00:00,0.08916,0.08932,0.08835,0.08851,1235660.9524
2026-08-14 02:00:00,0.08852,0.08854,0.08794,0.08796,565741.6781
2026-08-14 03:00:00,0.08795,0.08813,0.08749,0.0875,636609.9758
2026-08-14 04:00:00,0.08751,0.08816,0.08734,0.08753,903172.2334
2026-08-14 05:00:00,0.08751,0.08762,0.08714,0.08721,667199.0925
2026-08-14 06:00:00,0.08722,0.08722,0.08642,0.08674,740511.6779
2026-08-14 07:00:00,0.08673,0.08683,0.08608,0.08616,386866.4183
2026-08-14 08:00:00,0.08614,0.08634,0.08572,0.08624,622240.8583
2026-08-14 09:00:00,0.08627,0.08652,0.08565,0.08569,514075.2317
2026-08-14 10:00:00,0.08568,0.08598,0.08547,0.0855,310798.906
2026-08-14 11:00:00,0.08551,0.08571,0.08524,0.08526,439548.6779
2026-08-14 12:00:00,0.08525,0.0854,0.08485,0.08526,619983.5503
2026-08-14 13:00:00,0.08523,0.0856,0.08497,0.08548,469993.8573
2026-08-14 14:00:00,0.08549,0.08554,0.08484,0.08503,207915.3894
2026-08-14 15:00:00,0.08503,0.08587,0.08482,0.08576,298066.3354
2026-08-14 16:00:00,0.08578,0.08624,0.08555,0.08579,404597.6398
2026-08-14 17:00:00,0.08581,0.08617,0.08562,0.08566,265416.5338
2026-08-14 18:00:00,0.08572,0.08617,0.0856,0.08586,250929.2277
2026-08-14 19:00:00,0.08585,0.08649,0.08562,0.08628,249678.7743
2026-08-14 20:00:00,0.08624,0.08636,0.08588,0.08593,186901.2069
2026-08-14 21:00:00,0.08596,0.08604,0.08544,0.08564,200678.2502
2026-08-14 22:00:00,0.08564,0.08571,0.08496,0.08512,325943.8163
2026-08-14 23:00:00,0.08514,0.08643,0.08514,0.08643,175474.2476
2026-08-15 00:00:00,0.08646,0.08678,0.08628,0.08662,381747.159
2026-08-15 01:00:00,0.0866,0.08696,0.08635,0.08662,686407.9694
2026-08-15 02:00:00,0.08662,0.08745,0.08661,0.08724,545558.5886
2026-08-15 03:00:00,0.08721,0.08737,0.08688,0.0871,361653.686
2026-08-15 04:00:00,0.08713,0.08764,0.08713,0.08734,987165.6341
2026-08-15 05:00:00,0.08734,0.08772,0.08704,0.08746,456056.117
2026-08-15 06:00:00,0.0875,0.08756,0.08687,0.08698,358807.2027
2026-08-15 07:00:00,0.08696,0.08696,0.08635,0.08642,291045.2097
2026-08-15 08:00:00,0.0864,0.08661,0.0861,0.08616,378633.3301
2026-08-15 09:00:00,0.08615,0.08656,0.08604,0.08632,628845.257
2026-08-15 10:00:00,0.08636,0.08647,0.08605,0.08626,691857.7691
2026-08-15 11:00:00,0.08625,0.08663,0.08622,0.08628,337936.7736
2026-08-15 12:00:00,0.08629,0.08642,0.08605,0.08622,287989.9777
2026-08-15 13:00:00,0.08621,0.08624,0.0859,0.08596,275654.9762
2026-08-15 14:00:00,0.08597,0.0861,0.08578,0.08598,238174.9672
2026-08-15 15:00:00,0.08596,0.08617,0.08588,0.08605,224001.9262
2026-08-15 16:00:00,0.08604,0.08612,0.08586,0.08591,316669.6983
2026-08-15 17:00:00,0.08592,0.08596,0.08564,0.08579,309918.0449
2026-08-15 18:00:00,0.0858,0.0858,0.08528,0.08556,505312.5899
2026-08-15 19:00:00,0.08554,0.08566,0.08548,0.08564,132192.4082
2026-08-15 20:00:00,0.08563,0.08563,0.08534,0.08537,203454.3737
2026-08-15 21:00:00,0.08537,0.08571,0.08527,0.08557,204758.1079
2026-08-15 22:00:00,0.08557,0.08565,0.08535,0.08535,135039.1278
2026-08-15 23:00:00,0.08534,0.08535,0.08463,0.08491,638680.1718
2026-08-16 00:00:00,0.0849,0.08539,0.0848,0.08512,195785.5968
2026-08-16 01:00:00,0.08509,0.08519,0.08452,0.08481,326290.9492
2026-08-16 02:00:00,0.08479,0.08539,0.08461,0.08511,414294.8437
2026-08-16 03:00:00,0.08512,0.08534,0.08506,0.08508,222507.776
2026-08-16 04:00:00,0.08507,0.08512,0.0849,0.08491,155089.3491
2026-08-16 05:00:00,0.0849,0.08518,0.08474,0.08487,401857.5299
2026-08-16 06:00:00,0.08486,0.0849,0.08454,0.08472,398816.1629
2026-08-16 07:00:00,0.08471,0.08514,0.08463,0.08514,176760.5904
2026-08-16 08:00:00,0.08512,0.08533,0.085,0.08506,254396.6881
2026-08-16 09:00:00,0.08504,0.08516,0.08496,0.08506,165332.7671
2026-08-16 10:00:00,0.08505,0.08515,0.08467,0.08472,231574.1832
2026-08-16 11:00:00,0.08472,0.08515,0.08471,0.08499,266334.3731
2026-08-16 12:00:00,0.08501,0.08504,0.08471,0.08486,751135.7398
2026-08-16 13:00:00,0.08486,0.08511,0.08478,0.08489,249779.8169
2026-08-16 14:00:00,0.0849,0.08536,0.0847,0.08511,249277.3632
2026-08-16 15:00:00,0.08512,0.0857,0.08512,0.08554,366750.56
2026-08-16 16:00:00,0.08553,0.08569,0.08509,0.08523,248926.5115
2026-08-16 17:00:00,0.08526,0.08527,0.08479,0.0848,253499.0366
2026-08-16 18:00:00,0.08479,0.0848,0.08359,0.08409,768082.3496
2026-08-16 19:00:00,0.0841,0.08441,0.0841,0.08419,248865.6138
2026-08-16 20:00:00,0.08421,0.08439,0.08379,0.08383,264801.2782
2026-08-16 21:00:00,0.08381,0.08412,0.08178,0.08302,1725636.9703
2026-08-16 22:00:00,0.08292,0.08336,0.08273,0.08327,544038.7505
2026-08-16 23:00:00,0.08326,0.08358,0.0831,0.08343,387880.0655
2026-08-17 00:00:00,0.08344,0.08367,0.08303,0.08361,701922.7675
2026-08-17 01:00:00,0.08362,0.08436,0.08358,0.08391,441300.3933
2026-08-17 02:00:00,0.08392,0.08483,0.08368,0.08476,348165.5058
2026-08-17 03:00:00,0.08476,0.08483,0.08433,0.0845,706272.05
2026-08-17 04:00:00,0.08453,0.08517,0.08453,0.08499,334019.9529
2026-08-17 05:00:00,0.085,0.08501,0.08461,0.08485,441882.5913
2026-08-17 06:00:00,0.08484,0.08574,0.08467,0.08559,847438.2381
2026-08-17 07:00:00,0.08558,0.08559,0.08495,0.08498,409881.7965
2026-08-17 08:00:00,0.08499,0.08499,0.08418,0.08424,745547.3288
2026-08-17 09:00:00,0.08424,0.08441,0.0841,0.08421,304433.728
2026-08-17 10:00:00,0.08422,0.08449,0.08388,0.08434,392536.229
2026-08-17 11:00:00,0.08435,0.08449,0.08397,0.08402,184479.8534
2026-08-17 12:00:00,0.08402,0.08403,0.08361,0.08373,415950.3895
2026-08-17 13:00:00,0.08374,0.08435,0.08347,0.08389,387222.0023
2026-08-17 14:00:00,0.08387,0.08389,0.08334,0.08387,279421.0587
2026-08-17 15:00:00,0.08386,0.08416,0.0834,0.08399,577185.4725
2026-08-17 16:00:00,0.08402,0.08411,0.08371,0.08394,279200.711
2026-08-17 17:00:00,0.08392,0.08439,0.08369,0.0837,786528.8519
2026-08-17 18:00:00,0.0837,0.08417,0.08354,0.08393,729594.6671
2026-08-17 19:00:00,0.08391,0.08401,0.08364,0.08368,153694.1081
2026-08-17 20:00:00,0.08366,0.08406,0.08351,0.08385,136014.2626
2026-08-17 21:00:00,0.08387,0.08393,0.08364,0.08388,215693.0645
2026-08-17 22:00:00,0.08386,0.08399,0.08355,0.08362,609188.9278
2026-08-17 23:00:00,0.08362,0.08446,0.08356,0.08426,294635.2233
2026-08-18 00:00:00,0.08427,0.08447,0.08404,0.08444,211460.6703
2026-08-18 01:00:00,0.08444,0.08456,0.0832,0.08323,390994.2974
2026-08-18 02:00:00,0.08323,0.08331,0.08051,0.08119,2137466.1768
2026-08-18 03:00:00,0.08122,0.08153,0.0807,0.08142,1268942.0087
2026-08-18 04:00:00,0.08142,0.08197,0.08096,0.0819,1423534.4683
2026-08-18 05:00:00,0.08195,0.08235,0.0816,0.08169,1773944.5613
2026-08-18 06:00:00,0.08168,0.0824,0.08147,0.08216,1195314.3208
2026-08-18 07:00:00,0.08216,0.0828,0.08177,0.08279,1333654.3013
2026-08-18 08:00:00,0.08276,0.08296,0.08248,0.08289,491351.5162
2026-08-18 09:00:00,0.08289,0.08314,0.08276,0.08278,194604.8115
2026-08-18 10:00:00,0.08278,0.08278,0.08238,0.08244,195617.3483
2026-08-18 11:00:00,0.08244,0.08297,0.08239,0.08272,272837.3486
2026-08-18 12:00:00,0.08276,0.08283,0.08216,0.08217,345967.5394
2026-08-18 13:00:00,0.08217,0.08256,0.08187,0.08196,397271.9032
2026-08-18 14:00:00,0.08196,0.08341,0.08195,0.08219,340715.6048
2026-08-18 15:00:00,0.08218,0.08319,0.08217,0.08316,311077.0437
2026-08-18 16:00:00,0.08317,0.0832,0.08247,0.08253,238696.9965
2026-08-18 17:00:00,0.08252,0.08258,0.08233,0.08247,173011.5309
2026-08-18 18:00:00,0.08244,0.08261,0.08227,0.08245,200430.3477
2026-08-18 19:00:00,0.08244,0.08273,0.08211,0.08214,341799.7305
2026-08-18 20:00:00,0.08214,0.08237,0.08183,0.08188,154539.2938
2026-08-18 21:00:00,0.08186,0.08212,0.0816,0.08195,255762.6719
2026-08-18 22:00:00,0.08195,0.08247,0.08163,0.08179,625894.9062
2026-08-18 23:00:00,0.08179,0.08226,0.08179,0.08206,202623.8981
2026-08-19 00:00:00,0.08206,0.08209,0.08174,0.08175,321905.4408
2026-08-19 01:00:00,0.08174,0.08228,0.08171,0.08202,225782.5663
2026-08-19 02:00:00,0.08201,0.08206,0.08135,0.0815,802172.0839
2026-08-19 03:00:00,0.08148,0.08218,0.08113,0.0819,797742.4876
2026-08-19 04:00:00,0.08193,0.08193,0.08132,0.08135,383276.1126
2026-08-19 05:00:00,0.08134,0.08173,0.0813,0.08139,378209.0289
2026-08-19 06:00:00,0.08139,0.08193,0.08116,0.08193,731496.0606
2026-08-19 07:00:00,0.08189,0.08194,0.08156,0.08167,395852.2315
2026-08-19 08:00:00,0.08166,0.08226,0.08162,0.08202,307643.6852
2026-08-19 09:00:00,0.08205,0.08209,0.08166,0.08173,128866.367
2026-08-19 10:00:00,0.08176,0.08206,0.08167,0.08206,193083.6492
2026-08-19 11:00:00,0.08204,0.08236,0.08199,0.08225,249977.2601
2026-08-19 12:00:00,0.08228,0.08323,0.08227,0.08305,361123.6769
2026-08-19 13:00:00,0.08304,0.08333,0.08261,0.08268,495386.8502
2026-08-19 14:00:00,0.08269,0.08396,0.08268,0.08375,473128.6738
2026-08-19 15:00:00,0.08377,0.08712,0.08359,0.08488,2528923.7937
2026-08-19 16:00:00,0.08489,0.08624,0.08477,0.08567,1096423.3875
2026-08-19 17:00:00,0.08567,0.08578,0.08482,0.08534,638071.9824
2026-08-19 18:00:00,0.08534,0.08543,0.08474,0.08529,444490.4532
2026-08-19 19:00:00,0.08526,0.08657,0.08506,0.08639,778773.2633
2026-08-19 20:00:00,0.0864,0.089,0.0864,0.08888,855991.4461
2026-08-19 21:00:00,0.08888,0.09197,0.08874,0.09152,1829799.3549
2026-08-19 22:00:00,0.09156,0.09189,0.08985,0.09015,1371046.632
2026-08-19 23:00:00,0.09014,0.09047,0.08982,0.09002,577019.8639
2026-08-20 00:00:00,0.09006,0.09057,0.08935,0.08953,827028.9597
2026-08-20 01:00:00,0.08956,0.08996,0.08866,0.08959,961515.8124
2026-08-20 02:00:00,0.08961,0.08968,0.08862,0.08875,416589.3554
2026-08-20 03:00:00,0.08874,0.08874,0.088,0.08826,548316.4047
2026-08-20 04:00:00,0.08824,0.08868,0.08813,0.08863,486558.5977
2026-08-20 05:00:00,0.08863,0.08882,0.08843,0.0886,342371.8684
2026-08-20 06:00:00,0.08861,0.09005,0.08857,0.08985,381452.1923
2026-08-20 07:00:00,0.08985,0.09013,0.08935,0.08989,609094.481
2026-08-20 08:00:00,0.0899,0.09164,0.08983,0.09152,982559.4439
2026-08-20 09:00:00,0.09154,0.09166,0.09035,0.09058,1194260.6094
2026-08-20 10:00:00,0.09058,0.09154,0.09057,0.09142,422979.4844
2026-08-20 11:00:00,0.09145,0.09248,0.09101,0.09162,777131.1492
2026-08-20 12:00:00,0.09155,0.0918,0.09029,0.09127,954111.142
2026-08-20 13:00:00,0.0913,0.09199,0.09051,0.0918,634343.6971
2026-08-20 14:00:00,0.09187,0.09303,0.09176,0.09265,1260804.5065
2026-08-20 15:00:00,0.09264,0.09505,0.09254,0.0948,1855121.0159
2026-08-20 16:00:00,0.09481,0.09658,0.09439,0.09631,1934911.9085
2026-08-20 17:00:00,0.09634,0.09672,0.09558,0.09558,753702.7952
2026-08-20 18:00:00,0.09558,0.09576,0.09334,0.0935,1029440.7433
2026-08-20 19:00:00,0.09345,0.09387,0.09308,0.0933,374789.3001
2026-08-20 20:00:00,0.09337,0.09508,0.09328,0.09497,564021.3436
2026-08-20 21:00:00,0.09498,0.09568,0.09484,0.09565,547868.2234
2026-08-20 22:00:00,0.09563,0.0967,0.09533,0.09658,979012.0746
2026-08-20 23:00:00,0.09659,0.09829,0.09659,0.098,1171187.3674
2026-08-21 00:00:00,0.098,0.09892,0.09686,0.0971,2170700.6026
2026-08-21 01:00:00,0.09709,0.09814,0.09673,0.0978,830884.3425
2026-08-21 02:00:00,0.09781,0.09797,0.09675,0.09693,1474541.422
2026-08-21 03:00:00,0.09697,0.09734,0.09637,0.09698,978852.8802
2026-08-21 04:00:00,0.09698,0.09769,0.09651,0.09761,969333.5269
2026-08-21 05:00:00,0.09765,0.09844,0.09671,0.09796,1923466.4062
2026-08-21 06:00:00,0.09799,0.09893,0.09781,0.0982,1178227.2786
2026-08-21 07:00:00,0.0982,0.09931,0.09794,0.09877,1208335.0005
2026-08-21 08:00:00,0.09885,0.10166,0.09876,0.10155,1042723.9352
2026-08-21 09:00:00,0.10155,0.10178,0.09787,0.10089,2044778.5725
2026-08-21 10:00:00,0.10093,0.10174,0.10026,0.10092,1182957.1555
2026-08-21 11:00:00,0.10093,0.10233,0.10025,0.10119,1006213.6869
2026-08-21 12:00:00,0.10138,0.10307,0.10094,0.10155,1465960.6806
2026-08-21 13:00:00,0.10156,0.10276,0.10037,0.10261,1388104.0883
2026-08-21 14:00:00,0.10259,0.10462,0.10195,0.10395,2052202.5371
2026-08-21 15:00:00,0.10396,0.10537,0.10371,0.10472,1940051.196
2026-08-21 16:00:00,0.10474,0.10557,0.10376,0.10442,1413541.0766
2026-08-21 17:00:00,0.1044,0.10488,0.10332,0.10378,1165776.4052
2026-08-21 18:00:00,0.10377,0.10402,0.10155,0.10213,1806079.1759
2026-08-21 19:00:00,0.10211,0.10264,0.10018,0.10242,1485175.7376
2026-08-21 20:00:00,0.10243,0.10542,0.102,0.1054,1170142.0626
2026-08-21 21:00:00,0.10541,0.10725,0.10481,0.10677,1717821.2421
2026-08-21 22:00:00,0.10675,0.10836,0.10656,0.10807,977409.1224
2026-08-21 23:00:00,0.10808,0.10838,0.10675,0.10717,825556.9512
2026-08-22 00:00:00,0.10719,0.1089,0.10619,0.10887,1552989.9187
2026-08-22 01:00:00,0.10885,0.10921,0.10792,0.10839,879722.1883
2026-08-22 02:00:00,0.10852,0.11204,0.10835,0.11203,1610709.3297
2026-08-22 03:00:00,0.11204,0.11767,0.11168,0.11659,2871855.8327
2026-08-22 04:00:00,0.11664,0.12357,0.11664,0.12183,3231789.5067
2026-08-22 05:00:00,0.12193,0.12208,0.102,0.1122,8132463.3933
2026-08-22 06:00:00,0.1122,0.11322,0.11027,0.11236,1371257.6059
2026-08-22 07:00:00,0.11236,0.113,0.11075,0.11116,1169144.8867
2026-08-22 08:00:00,0.11119,0.1122,0.10918,0.11059,1099304.3577
2026-08-22 09:00:00,0.11062,0.11152,0.1077,0.10907,2251354.4069
2026-08-22 10:00:00,0.10908,0.10914,0.10522,0.10846,1952623.5583
2026-08-22 11:00:00,0.10847,0.10947,0.10785,0.10921,776357.2473
2026-08-22 12:00:00,0.10919,0.11097,0.10884,0.10913,958726.534
2026-08-22 13:00:00,0.10914,0.11007,0.10852,0.10915,743476.9103
2026-08-22 14:00:00,0.10915,0.10953,0.10761,0.10837,1142740.4201
2026-08-22 15:00:00,0.10837,0.10904,0.10778,0.10835,629920.7497
2026-08-22 16:00:00,0.10836,0.11134,0.10826,0.11069,1245846.489
2026-08-22 17:00:00,0.11069,0.11234,0.11025,0.11182,1189107.9026
2026-08-22 18:00:00,0.11184,0.11255,0.11034,0.11103,1095091.6049
2026-08-22 19:00:00,0.11103,0.11156,0.11039,0.11108,1288193.191
2026-08-22 20:00:00,0.11106,0.11143,0.11025,0.11048,373467.8052
2026-08-22 21:00:00,0.11044,0.11049,0.10722,0.10742,728507.168
2026-08-22 22:00:00,0.10739,0.11015,0.10663,0.10964,852902.5919
2026-08-22 23:00:00,0.10966,0.10999,0.10826,0.10902,590011.6536
2026-08-23 00:00:00,0.10896,0.11116,0.10836,0.11024,874065.0163
2026-08-23 01:00:00,0.11025,0.11026,0.10794,0.10896,1499752.6822
2026-08-23 02:00:00,0.10894,0.10904,0.10704,0.10753,1170327.836
2026-08-23 03:00:00,0.10753,0.10754,0.10539,0.10593,1088792.2073
2026-08-23 04:00:00,0.10594,0.10643,0.10437,0.10464,1223854.0104
2026-08-23 05:00:00,0.10464,0.10673,0.10375,0.10484,987844.0858
2026-08-23 06:00:00,0.10484,0.10676,0.10453,0.10584,548477.4123
2026-08-23 07:00:00,0.10578,0.1073,0.10571,0.10692,637646.2788
2026-08-23 08:00:00,0.10691,0.10839,0.10658,0.10796,541731.2771
2026-08-23 09:00:00,0.10799,0.1092,0.10786,0.10912,540087.5246
2026-08-23 10:00:00,0.10917,0.11076,0.109,0.11009,1079778.3777
2026-08-23 11:00:00,0.11007,0.11128,0.10989,0.11035,774964.6275
2026-08-23 12:00:00,0.11028,0.1117,0.10933,0.1114,801956.2785
2026-08-23 13:00:00,0.11148,0.11358,0.11134,0.11275,1142965.6132
2026-08-23 14:00:00,0.11274,0.11397,0.1094,0.11208,1362678.1299
2026-08-23 15:00:00,0.1121,0.11415,0.11153,0.11247,1467084.1777
2026-08-23 16:00:00,0.11251,0.11424,0.11217,0.11327,1641517.0522
2026-08-23 17:00:00,0.11321,0.11344,0.11202,0.11231,467007.8695
2026-08-23 18:00:00,0.11217,0.11298,0.11182,0.11291,377096.4991
2026-08-23 19:00:00,0.11292,0.11352,0.11227,0.11268,488723.8263
2026-08-23 20:00:00,0.11264,0.11346,0.11207,0.11301,409934.1828
2026-08-23 21:00:00,0.11301,0.11457,0.11297,0.11329,522380.4038
2026-08-23 22:00:00,0.11341,0.11386,0.11233,0.11306,269873.5577
2026-08-23 23:00:00,0.11301,0.11314,0.11167,0.1122,543809.4807
2026-08-24 00:00:00,0.11219,0.11222,0.11014,0.1116,1113086.762
2026-08-24 01:00:00,0.11161,0.11169,0.10859,0.10881,679830.9294
2026-08-24 02:00:00,0.10881,0.1108,0.10849,0.10987,328772.7706
2026-08-24 03:00:00,0.1099,0.11004,0.10864,0.10872,343999.0596
2026-08-24 04:00:00,0.10869,0.11051,0.10865,0.10969,366574.0899
2026-08-24 05:00:00,0.10965,0.11092,0.10909,0.10988,495716.6116
2026-08-24 06:00:00,0.10989,0.11026,0.10872,0.10948,505237.8774
2026-08-24 07:00:00,0.10949,0.11061,0.10866,0.10872,393200.6341
2026-08-24 08:00:00,0.10868,0.10901,0.10755,0.10828,511880.8944
2026-08-24 09:00:00,0.10819,0.10943,0.10818,0.10888,201150.641
2026-08-24 10:00:00,0.10877,0.10967,0.10795,0.10822,656125.2721
2026-08-24 11:00:00,0.10817,0.1104,0.1073,0.10979,554990.7729
2026-08-24 12:00:00,0.10977,0.11108,0.10849,0.11014,848450.6691
2026-08-24 13:00:00,0.1102,0.1105,0.10714,0.10796,734051.8175
2026-08-24 14:00:00,0.10789,0.10992,0.10779,0.10919,791401.8175
2026-08-24 15:00:00,0.10919,0.11074,0.10814,0.10857,738435.4061
2026-08-24 16:00:00,0.10884,0.10954,0.10807,0.10839,502973.3634
2026-08-24 17:00:00,0.10833,0.1086,0.1063,0.10743,805247.8333
2026-08-24 18:00:00,0.10749,0.10818,0.10709,0.10724,313771.7856
2026-08-24 19:00:00,0.10724,0.10754,0.10645,0.10718,224234.8766
2026-08-24 20:00:00,0.10719,0.10805,0.10658,0.10789,128893.8552
2026-08-24 21:00:00,0.10798,0.10836,0.10767,0.10799,204013.584
2026-08-24 22:00:00,0.10799,0.10805,0.10675,0.10686,243262.897
2026-08-24 23:00:00,0.10691,0.10782,0.10643,0.10777,279119.8529
2026-08-25 00:00:00,0.10774,0.10905,0.10726,0.10899,438982.9061
2026-08-25 01:00:00,0.10883,0.10915,0.10751,0.10779,324735.4061
2026-08-25 02:00:00,0.10779,0.10968,0.10709,0.10829,668899.0641
2026-08-25 03:00:00,0.10839,0.10908,0.10732,0.10753,476277.0472
2026-08-25 04:00:00,0.1076,0.10829,0.10714,0.10823,585498.7732
2026-08-25 05:00:00,0.10822,0.10917,0.10809,0.10819,386603.6561
2026-08-25 06:00:00,0.1081,0.10821,0.10639,0.10668,719897.2031
2026-08-25 07:00:00,0.10665,0.10711,0.10378,0.10447,1463234.7742
2026-08-25 08:00:00,0.10441,0.10565,0.10427,0.10496,839981.3499
2026-08-25 09:00:00,0.10494,0.1053,0.10374,0.10441,676214.663
2026-08-25 10:00:00,0.10441,0.10533,0.10396,0.10497,1287930.0178
2026-08-25 11:00:00,0.10495,0.10495,0.10353,0.10379,464226.5952
2026-08-25 12:00:00,0.10382,0.10502,0.103,0.10478,1412251.4918
2026-08-25 13:00:00,0.1047,0.10473,0.10186,0.10311,774287.2732
2026-08-25 14:00:00,0.10309,0.10409,0.10277,0.1035,819106.1229
2026-08-25 15:00:00,0.10349,0.10374,0.1026,0.10374,393117.0059
2026-08-25 16:00:00,0.1037,0.10391,0.10279,0.10296,408176.472
2026-08-25 17:00:00,0.10293,0.10293,0.10195,0.10269,617236.8258
2026-08-25 18:00:00,0.10271,0.10363,0.10249,0.10279,453277.2505
2026-08-25 19:00:00,0.10279,0.10306,0.10191,0.10241,377062.8519
2026-08-25 20:00:00,0.10231,0.10231,0.10053,0.10058,670782.3405
2026-08-25 21:00:00,0.10058,0.1011,0.09916,0.1011,929309.1208
2026-08-25 22:00:00,0.1011,0.1018,0.10109,0.1015,459589.8115
2026-08-25 23:00:00,0.10152,0.10175,0.10096,0.10156,522925.1333
2026-08-26 00:00:00,0.10148,0.10231,0.101,0.10208,586026.5883
2026-08-26 01:00:00,0.1021,0.10325,0.1021,0.10302,353827.6376
2026-08-26 02:00:00,0.10299,0.10393,0.10269,0.10357,332046.1476
2026-08-26 03:00:00,0.10349,0.10359,0.10248,0.10256,233660.8394
2026-08-26 04:00:00,0.10239,0.10272,0.10178,0.10179,316118.5673
2026-08-26 05:00:00,0.1018,0.10253,0.10135,0.10229,453784.7122
2026-08-26 06:00:00,0.10228,0.10241,0.10148,0.10189,505724.3491
2026-08-26 07:00:00,0.10185,0.10242,0.10168,0.102,625560.1536
2026-08-26 08:00:00,0.10198,0.10221,0.10112,0.10158,676949.4996
2026-08-26 09:00:00,0.10159,0.10214,0.10066,0.10129,704223.7472
2026-08-26 10:00:00,0.10126,0.10281,0.10098,0.10256,347211.8019
2026-08-26 11:00:00,0.10259,0.10337,0.10164,0.10208,304286.2921
2026-08-26 12:00:00,0.10221,0.10264,0.10099,0.10189,650484.7664
2026-08-26 13:00:00,0.10179,0.10199,0.10072,0.10129,700173.6533
2026-08-26 14:00:00,0.10109,0.10159,0.09968,0.09979,610080.3039
2026-08-26 15:00:00,0.09982,0.10053,0.09893,0.09988,755867.8624
2026-08-26 16:00:00,0.09987,0.1004,0.09818,0.09866,1643566.2281
2026-08-26 17:00:00,0.09866,0.09959,0.09831,0.09877,1070570.3472
2026-08-26 18:00:00,0.09877,0.09913,0.09858,0.09897,439485.6294
2026-08-26 19:00:00,0.09894,0.0992,0.09836,0.09843,220503.739
2026-08-26 20:00:00,0.09847,0.09849,0.09665,0.09775,945918.6982
2026-08-26 21:00:00,0.0978,0.0991,0.0978,0.09892,886173.3842
2026-08-26 22:00:00,0.09883,0.09921,0.09863,0.09878,602269.9073
2026-08-26 23:00:00,0.09858,0.09925,0.09816,0.09898,300609.5602
2026-08-27 00:00:00,0.09893,0.09893,0.09728,0.09739,405235.2313
2026-08-27 01:00:00,0.09736,0.09803,0.09689,0.0974,239875.3286
2026-08-27 02:00:00,0.09729,0.09778,0.09611,0.09639,808607.0135
2026-08-27 03:00:00,0.09638,0.09683,0.09587,0.0962,437210.3657
2026-08-27 04:00:00,0.09626,0.0969,0.0958,0.09614,557251.6427
2026-08-27 05:00:00,0.09617,0.09681,0.09523,0.09656,696719.024
2026-08-27 06:00:00,0.09653,0.09705,0.09612,0.09695,452653.4093
2026-08-27 07:00:00,0.09699,0.09701,0.0964,0.09688,418486.4506
2026-08-27 08:00:00,0.09689,0.09901,0.09673,0.09898,949222.3825
2026-08-27 09:00:00,0.09892,0.0998,0.09797,0.09811,1202486.0276
2026-08-27 10:00:00,0.09814,0.09866,0.09666,0.09758,947265.4856
2026-08-27 11:00:00,0.09759,0.09799,0.09663,0.09714,531738.6453
2026-08-27 12:00:00,0.09709,0.09748,0.09679,0.097,496236.5848
2026-08-27 13:00:00,0.09707,0.09781,0.09617,0.09778,687142.6716
2026-08-27 14:00:00,0.09777,0.09885,0.09723,0.09788,932187.2912
2026-08-27 15:00:00,0.09785,0.09876,0.09775,0.0978,518982.4854
2026-08-27 16:00:00,0.0978,0.09911,0.09725,0.0982,688413.1197
2026-08-27 17:00:00,0.09819,0.09885,0.09784,0.09822,568222.2348
2026-08-27 18:00:00,0.09824,0.09853,0.09631,0.09721,1308799.5923
2026-08-27 19:00:00,0.09722,0.09743,0.09595,0.09621,520606.3093
2026-08-27 20:00:00,0.09624,0.09682,0.09567,0.0962,569334.6609
2026-08-27 21:00:00,0.09623,0.09657,0.09568,0.09625,640933.4181
2026-08-27 22:00:00,0.09624,0.09888,0.09622,0.09836,1992351.4238
2026-08-27 23:00:00,0.09834,0.09843,0.09716,0.09719,782695.568
2026-08-28 00:00:00,0.09717,0.0975,0.09658,0.09716,808874.2468
2026-08-28 01:00:00,0.09716,0.09945,0.09707,0.0971,967537.7694
2026-08-28 02:00:00,0.09709,0.09709,0.09245,0.09336,2519559.8677
2026-08-28 03:00:00,0.09338,0.09377,0.09275,0.09275,695907.8133
2026-08-28 04:00:00,0.09273,0.09349,0.09224,0.0934,635657.1564
2026-08-28 05:00:00,0.09339,0.09364,0.09257,0.0933,870210.5879
2026-08-28 06:00:00,0.09333,0.09391,0.09333,0.09344,655864.8962
2026-08-28 07:00:00,0.0935,0.0935,0.09257,0.09284,641528.4778
2026-08-28 08:00:00,0.09288,0.09322,0.09213,0.09237,551954.5285
2026-08-28 09:00:00,0.09238,0.09298,0.09215,0.09253,535266.7475
2026-08-28 10:00:00,0.09256,0.09349,0.09177,0.09345,707032.8167
2026-08-28 11:00:00,0.09347,0.09365,0.09281,0.09298,537313.0582
2026-08-28 12:00:00,0.09288,0.09294,0.09176,0.09195,609480.3507
2026-08-28 13:00:00,0.09192,0.09306,0.09141,0.09254,1030481.7195
2026-08-28 14:00:00,0.09252,0.09347,0.0907,0.09299,2047064.5848
2026-08-28 15:00:00,0.09306,0.09356,0.09041,0.09064,1091618.6333
2026-08-28 16:00:00,0.09066,0.09112,0.08853,0.09042,2815253.901
2026-08-28 17:00:00,0.09036,0.0906,0.08979,0.09,939345.3958
2026-08-28 18:00:00,0.08994,0.09001,0.08876,0.08957,639827.7047
2026-08-28 19:00:00,0.08958,0.09022,0.08948,0.08981,621763.521
2026-08-28 20:00:00,0.0898,0.09014,0.08958,0.08985,451556.8884
2026-08-28 21:00:00,0.08986,0.09018,0.08919,0.08931,718497.2947
2026-08-28 22:00:00,0.0894,0.09011,0.08937,0.08997,363296.6454
2026-08-28 23:00:00,0.08994,0.09037,0.08985,0.09009,337070.0644
2026-08-29 00:00:00,0.09007,0.09014,0.0895,0.08952,270958.6047
2026-08-29 01:00:00,0.08951,0.08989,0.08931,0.08976,404992.8786
2026-08-29 02:00:00,0.08969,0.08979,0.08897,0.08916,353014.0437
2026-08-29 03:00:00,0.08919,0.08957,0.08911,0.08911,381024.0965
2026-08-29 04:00:00,0.08912,0.0898,0.08907,0.08955,655359.6696
2026-08-29 05:00:00,0.08951,0.09017,0.08949,0.09002,694321.1634
2026-08-29 06:00:00,0.09004,0.09008,0.08876,0.08903,686267.1089
2026-08-29 07:00:00,0.089,0.08928,0.08877,0.08907,387226.1526
2026-08-29 08:00:00,0.08901,0.08911,0.08767,0.08826,1391505.9415
2026-08-29 09:00:00,0.08829,0.08848,0.08799,0.088,502908.4384
2026-08-29 10:00:00,0.08798,0.08829,0.08754,0.08794,682388.8811
2026-08-29 11:00:00,0.08796,0.0882,0.0877,0.0877,424360.8764
2026-08-29 12:00:00,0.08776,0.08811,0.08738,0.0877,882671.9241
2026-08-29 13:00:00,0.08772,0.08815,0.0876,0.0881,455439.996
2026-08-29 14:00:00,0.08807,0.08948,0.08804,0.08933,1008459.9745
2026-08-29 15:00:00,0.08939,0.08939,0.0888,0.08914,573667.308
2026-08-29 16:00:00,0.08918,0.08936,0.08846,0.08882,764562.8089
2026-08-29 17:00:00,0.08884,0.08924,0.08848,0.08889,322851.4253
2026-08-29 18:00:00,0.08886,0.0898,0.08885,0.08939,733337.6732
2026-08-29 19:00:00,0.08934,0.08973,0.08919,0.08925,488489.1886
2026-08-29 20:00:00,0.08928,0.08957,0.08911,0.0893,234500.1242
2026-08-29 21:00:00,0.08922,0.0896,0.08906,0.08932,377068.9946
2026-08-29 22:00:00,0.0892,0.0892,0.08867,0.08906,430943.7955
2026-08-29 23:00:00,0.089,0.08912,0.0886,0.0887,329044.4228
2026-08-30 00:00:00,0.08871,0.08896,0.08847,0.08858,282008.6692
2026-08-30 01:00:00,0.08858,0.08859,0.08766,0.08795,701699.9272
2026-08-30 02:00:00,0.08794,0.08891,0.08788,0.08872,460394.682
2026-08-30 03:00:00,0.08877,0.08902,0.08867,0.0887,185133.2568
2026-08-30 04:00:00,0.0887,0.08908,0.08813,0.08861,697518.9408
2026-08-30 05:00:00,0.08861,0.08907,0.0886,0.08899,341452.1143
2026-08-30 06:00:00,0.08905,0.08951,0.08886,0.0895,299354.2774
2026-08-30 07:00:00,0.08946,0.0895,0.08891,0.08914,301180.1559
2026-08-30 08:00:00,0.08916,0.0895,0.08862,0.08892,410436.8221
2026-08-30 09:00:00,0.08899,0.08925,0.08863,0.08888,391850.8085
2026-08-30 10:00:00,0.08895,0.09021,0.08887,0.08999,609189.8652
2026-08-30 11:00:00,0.09006,0.09019,0.08927,0.08962,573397.3907
2026-08-30 12:00:00,0.08963,0.09008,0.08953,0.08989,414832.4706
2026-08-30 13:00:00,0.08992,0.09017,0.08972,0.08987,465800.9705
2026-08-30 14:00:00,0.08988,0.09,0.08935,0.08961,497102.1625
2026-08-30 15:00:00,0.08959,0.08985,0.08906,0.08962,428739.344
2026-08-30 16:00:00,0.08968,0.09048,0.08956,0.09001,982393.2917
2026-08-30 17:00:00,0.09004,0.09004,0.08888,0.08929,538840.3352
2026-08-30 18:00:00,0.08925,0.08996,0.08893,0.08987,483687.7534
2026-08-30 19:00:00,0.08985,0.08989,0.08824,0.08861,797432.5384
2026-08-30 20:00:00,0.08867,0.08959,0.08851,0.08907,825495.8442
2026-08-30 21:00:00,0.08905,0.08907,0.08651,0.08899,1808207.9396
2026-08-30 22:00:00,0.089,0.08936,0.08769,0.0888,1126467.9842
2026-08-30 23:00:00,0.08886,0.08894,0.08488,0.08649,2624717.0771
2026-08-31 00:00:00,0.08632,0.08821,0.08618,0.08767,875478.1381
2026-08-31 01:00:00,0.08766,0.08781,0.08646,0.08646,664513.1423
2026-08-31 02:00:00,0.08649,0.08776,0.08598,0.08621,1204626.4935
2026-08-31 03:00:00,0.08621,0.08711,0.0861,0.0869,439581.2468
2026-08-31 04:00:00,0.0869,0.0869,0.08636,0.08659,426374.9271
2026-08-31 05:00:00,0.08658,0.08761,0.08644,0.08741,521579.5084
2026-08-31 06:00:00,0.08733,0.08764,0.08716,0.08739,345159.3915
2026-08-31 07:00:00,0.08728,0.08771,0.08728,0.08764,373374.8387
2026-08-31 08:00:00,0.0876,0.08805,0.08729,0.08751,320688.0925
2026-08-31 09:00:00,0.08748,0.08784,0.08681,0.087,676863.0782
2026-08-31 10:00:00,0.08704,0.08726,0.0867,0.08709,415916.8237
2026-08-31 11:00:00,0.087,0.0872,0.08668,0.08702,618373.548
2026-08-31 12:00:00,0.08693,0.08736,0.08623,0.08688,1118674.3254
2026-08-31 13:00:00,0.08685,0.08742,0.08615,0.0864,433111.4347
2026-08-31 14:00:00,0.08641,0.08733,0.08612,0.0873,565913.8868
2026-08-31 15:00:00,0.08731,0.08731,0.0864,0.08641,150461.4031
2026-08-31 16:00:00,0.08642,0.08731,0.0862,0.087,320805.9542
2026-08-31 17:00:00,0.08701,0.08937,0.08677,0.08871,1086610.5306
2026-08-31 18:00:00,0.0887,0.0895,0.08817,0.08835,1542631.5508
2026-08-31 19:00:00,0.08834,0.089,0.08807,0.0889,557014.1595
2026-08-31 20:00:00,0.08891,0.09155,0.0888,0.09012,1256432.212
2026-08-31 21:00:00,0.09011,0.09238,0.08912,0.09135,2694272.2954
2026-08-31 22:00:00,0.09153,0.09213,0.09043,0.09198,3648733.7263
2026-08-31 23:00:00,0.09198,0.09397,0.09143,0.09361,4548113.9457
2026-09-01 00:00:00,0.09358,0.0981,0.09352,0.0974,7887228.0505
2026-09-01 01:00:00,0.09739,0.09822,0.09518,0.0958,5021020.393
2026-09-01 02:00:00,0.09579,0.09634,0.09353,0.0941,5664406.7111
2026-09-01 03:00:00,0.0942,0.09542,0.09374,0.09447,2324415.5073
2026-09-01 04:00:00,0.09435,0.09797,0.09428,0.09627,3800273.7846
2026-09-01 05:00:00,0.09633,0.09669,0.0956,0.09579,2411632.4434
2026-09-01 06:00:00,0.09579,0.09736,0.09563,0.09673,2565244.0282
2026-09-01 07:00:00,0.09679,0.09727,0.09594,0.09674,2272313.1347
2026-09-01 08:00:00,0.09677,0.09707,0.09421,0.09579,3922045.4479
2026-09-01 09:00:00,0.0958,0.09601,0.0944,0.09539,2771818.7792
2026-09-01 10:00:00,0.0954,0.09928,0.09481,0.09751,4395495.1217
2026-09-01 11:00:00,0.09749,0.0992,0.09641,0.09845,2813220.562
2026-09-01 12:00:00,0.09844,0.09891,0.09646,0.09721,3909875.059
2026-09-01 13:00:00,0.0971,0.09868,0.09597,0.09832,3816992.9125
2026-09-01 14:00:00,0.0984,0.10196,0.09834,0.1007,6041974.2719
2026-09-01 15:00:00,0.1006,0.10139,0.09827,0.10031,4425451.5233
2026-09-01 16:00:00,0.1003,0.10083,0.09762,0.09846,3543885.4603
2026-09-01 17:00:00,0.09853,0.09976,0.09722,0.09881,2733219.8769
2026-09-01 18:00:00,0.09881,0.09907,0.09468,0.09675,3555875.6231
2026-09-01 19:00:00,0.09672,0.09718,0.09587,0.0969,1139869.3637
2026-09-01 20:00:00,0.09691,0.09697,0.09417,0.0953,1421125.3882
2026-09-01 21:00:00,0.09521,0.09602,0.09433,0.09564,863718.8694
2026-09-01 22:00:00,0.09571,0.09581,0.09385,0.09427,1073638.5963
2026-09-01 23:00:00,0.09426,0.09543,0.09412,0.09522,849012.5285
2026-09-02 00:00:00,0.09523,0.09547,0.0943,0.09462,1023098.0472
2026-09-02 01:00:00,0.09452,0.09547,0.09244,0.0935,2053978.735
2026-09-02 02:00:00,0.0934,0.09535,0.09335,0.095,705306.0234
2026-09-02 03:00:00,0.09501,0.09722,0.09476,0.09603,1151381.1414
2026-09-02 04:00:00,0.096,0.09666,0.09539,0.09632,925711.7347
2026-09-02 05:00:00,0.09624,0.09715,0.09551,0.09613,1034263.1426
2026-09-02 06:00:00,0.09615,0.09633,0.09415,0.09512,1114620.3433
2026-09-02 07:00:00,0.09503,0.09573,0.09424,0.09457,789943.256
2026-09-02 08:00:00,0.09452,0.09669,0.09425,0.09512,605609.0246
2026-09-02 09:00:00,0.09502,0.09586,0.09422,0.09481,918621.4928
2026-09-02 10:00:00,0.0948,0.09491,0.09347,0.09452,811951.0762
2026-09-02 11:00:00,0.0945,0.09547,0.09334,0.09494,1090161.3328
2026-09-02 12:00:00,0.09483,0.09581,0.0945,0.09487,1432361.214
2026-09-02 13:00:00,0.09488,0.09746,0.09471,0.09712,1772577.2384
2026-09-02 14:00:00,0.09712,0.09882,0.09637,0.09648,2459307.9904
2026-09-02 15:00:00,0.09641,0.09733,0.09557,0.0972,2325226.9166
2026-09-02 16:00:00,0.09718,0.09889,0.09673,0.09785,2797289.1169
2026-09-02 17:00:00,0.09782,0.09813,0.09629,0.09737,1495408.6472
2026-09-02 18:00:00,0.0974,0.0999,0.09732,0.09888,2212249.6168
2026-09-02 19:00:00,0.09887,0.09967,0.09787,0.09829,1359467.0321
2026-09-02 20:00:00,0.09829,0.09992,0.09817,0.09918,916344.6555
2026-09-02 21:00:00,0.09924,0.09964,0.09843,0.09899,557772.4292
2026-09-02 22:00:00,0.09898,0.09906,0.09737,0.09818,572474.589
2026-09-02 23:00:00,0.0982,0.09981,0.09806,0.09917,1095519.4486
2026-09-03 00:00:00,0.0992,0.09938,0.0977,0.0977,589183.556
2026-09-03 01:00:00,0.09772,0.09961,0.09703,0.09787,992715.3453
2026-09-03 02:00:00,0.09789,0.10075,0.09778,0.09975,2010076.3199
2026-09-03 03:00:00,0.09973,0.09973,0.09779,0.09821,1112177.8445
2026-09-03 04:00:00,0.0982,0.09823,0.09689,0.09813,1250645.6894
2026-09-03 05:00:00,0.09821,0.09852,0.09688,0.09845,956951.7771
2026-09-03 06:00:00,0.0985,0.09933,0.09804,0.09862,1095068.9493
2026-09-03 07:00:00,0.0986,0.09948,0.09779,0.09837,659203.6196
2026-09-03 08:00:00,0.09836,0.09967,0.09829,0.09832,990375.8693
2026-09-03 09:00:00,0.0983,0.09911,0.09788,0.09831,461313.7182
2026-09-03 10:00:00,0.0983,0.101,0.09825,0.09931,1437144.7109
2026-09-03 11:00:00,0.09932,0.09973,0.09872,0.09882,581730.3006
2026-09-03 12:00:00,0.09893,0.09982,0.09876,0.09942,731935.0698
2026-09-03 13:00:00,0.09938,0.09958,0.09813,0.09818,1865624.19
2026-09-03 14:00:00,0.09817,0.10152,0.09804,0.10149,1570949.4071
2026-09-03 15:00:00,0.10147,0.10384,0.10015,0.10362,5936555.7842
2026-09-03 16:00:00,0.10364,0.10435,0.102,0.10374,1839364.9747
2026-09-03 17:00:00,0.10376,0.1046,0.10285,0.10322,645468.0192
2026-09-03 18:00:00,0.10326,0.10515,0.1032,0.10515,1023893.1738
2026-09-03 19:00:00,0.10514,0.10519,0.1031,0.10359,956054.8863
2026-09-03 20:00:00,0.1035,0.1035,0.10227,0.10295,302535.791
2026-09-03 21:00:00,0.10292,0.10446,0.1027,0.10273,252308.3057
2026-09-03 22:00:00,0.10268,0.10332,0.10153,0.10168,234232.5094
2026-09-03 23:00:00,0.10168,0.10184,0.10079,0.10123,527612.8038
2026-09-04 00:00:00,0.10121,0.10201,0.10052,0.10053,1300727.4287
2026-09-04 01:00:00,0.10057,0.10093,0.09938,0.10023,1030278.8136
2026-09-04 02:00:00,0.10023,0.10023,0.09957,0.10012,304457.9122
2026-09-04 03:00:00,0.10014,0.1004,0.09891,0.09959,1089473.4716
2026-09-04 04:00:00,0.09958,0.10056,0.09949,0.09983,553740.1617
2026-09-04 05:00:00,0.09979,0.1002,0.09829,0.09862,496424.2901
2026-09-04 06:00:00,0.09862,0.09898,0.09786,0.09876,1002775.4973
2026-09-04 07:00:00,0.09881,0.09938,0.0986,0.09886,769006.6671
2026-09-04 08:00:00,0.09894,0.09999,0.09856,0.0999,630020.2864
2026-09-04 09:00:00,0.0999,0.10062,0.09977,0.09999,436860.1522
2026-09-04 10:00:00,0.09993,0.10022,0.09918,0.09979,369651.5411
2026-09-04 11:00:00,0.09979,0.10011,0.09934,0.09939,658960.2642
2026-09-04 12:00:00,0.09938,0.0996,0.09488,0.09659,3593961.3143
2026-09-04 13:00:00,0.0965,0.09788,0.09618,0.09735,709488.6484
2026-09-04 14:00:00,0.09725,0.09734,0.09528,0.09567,1084846.1171
2026-09-04 15:00:00,0.09568,0.09694,0.09535,0.0966,636898.8763
2026-09-04 16:00:00,0.0966,0.09835,0.09654,0.09772,1276998.0663
2026-09-04 17:00:00,0.09772,0.09777,0.0966,0.09667,207788.2928
2026-09-04 18:00:00,0.0966,0.09743,0.0966,0.09729,148153.444
2026-09-04 19:00:00,0.09732,0.09962,0.09728,0.09858,764511.0933
2026-09-04 20:00:00,0.09853,0.09875,0.09794,0.09797,324738.6229
2026-09-04 21:00:00,0.098,0.0991,0.09763,0.0977,407312.3623
2026-09-04 22:00:00,0.09785,0.09791,0.09697,0.09701,301279.739
2026-09-04 23:00:00,0.09709,0.09819,0.09698,0.09819,208835.0571
2026-09-05 00:00:00,0.09816,0.09858,0.09793,0.09818,379557.8135
2026-09-05 01:00:00,0.09821,0.0995,0.0981,0.09901,703034.2395
2026-09-05 02:00:00,0.099,0.10008,0.09853,0.10003,679959.9963
2026-09-05 03:00:00,0.10002,0.1011,0.09992,0.10012,1007263.1414
2026-09-05 04:00:00,0.10014,0.10045,0.09954,0.10024,841430.7771
2026-09-05 05:00:00,0.10037,0.10061,0.09959,0.1006,392142.5389
2026-09-05 06:00:00,0.10059,0.10185,0.10053,0.10166,731664.0804
2026-09-05 07:00:00,0.10169,0.10204,0.10098,0.10118,632690.4026
2026-09-05 08:00:00,0.10119,0.10225,0.10002,0.10019,1239549.7625
2026-09-05 09:00:00,0.10022,0.10129,0.10017,0.10079,944781.9892
2026-09-05 10:00:00,0.10086,0.10194,0.10082,0.10148,742069.8626
2026-09-05 11:00:00,0.1015,0.1017,0.10094,0.1015,403610.6331
2026-09-05 12:00:00,0.10149,0.10156,0.10078,0.10121,1042775.015
2026-09-05 13:00:00,0.10123,0.10192,0.10008,0.10044,766432.2634
2026-09-05 14:00:00,0.10049,0.10084,0.10016,0.10068,206167.3056
2026-09-05 15:00:00,0.10059,0.10066,0.09983,0.10009,568859.6219
2026-09-05 16:00:00,0.10005,0.10048,0.09991,0.10027,534064.7231
2026-09-05 17:00:00,0.10019,0.10091,0.10017,0.10089,454552.8523
2026-09-05 18:00:00,0.1008,0.10167,0.10074,0.10149,447464.0581
2026-09-05 19:00:00,0.1015,0.10417,0.10147,0.10312,1849651.77
2026-09-05 20:00:00,0.10314,0.1066,0.10249,0.1038,3865944.5287
2026-09-05 21:00:00,0.10371,0.111,0.1034,0.11086,3462608.7686
2026-09-05 22:00:00,0.11077,0.11251,0.10885,0.11108,3918361.3574
2026-09-05 23:00:00,0.11111,0.11159,0.10741,0.10758,1713565.3581
2026-09-06 00:00:00,0.10781,0.11372,0.10771,0.11291,4009733.6966
2026-09-06 01:00:00,0.11292,0.11416,0.11087,0.11236,3637502.5039
2026-09-06 02:00:00,0.11235,0.11338,0.1086,0.10901,4641050.6568
2026-09-06 03:00:00,0.10901,0.11084,0.10851,0.11067,1753932.5277
2026-09-06 04:00:00,0.11072,0.11171,0.1082,0.10939,2867618.8406
2026-09-06 05:00:00,0.10945,0.11002,0.10866,0.1098,1350961.5256
2026-09-06 06:00:00,0.1097,0.10996,0.1084,0.10925,999203.7615
2026-09-06 07:00:00,0.10925,0.1116,0.10753,0.11071,2201098.291
2026-09-06 08:00:00,0.11077,0.11183,0.10977,0.11047,1838073.5438
2026-09-06 09:00:00,0.11049,0.11172,0.11037,0.1108,1690774.434
2026-09-06 10:00:00,0.1108,0.11142,0.10929,0.11036,1692836.4469
2026-09-06 11:00:00,0.11034,0.11064,0.10872,0.10937,1562256.2837
2026-09-06 12:00:00,0.10933,0.10954,0.10828,0.10883,1922108.6006
2026-09-06 13:00:00,0.1088,0.10989,0.10828,0.10966,1388755.6221
2026-09-06 14:00:00,0.10965,0.10992,0.10612,0.10805,1809147.3038
2026-09-06 15:00:00,0.10809,0.10932,0.10703,0.10877,1124036.8407
2026-09-06 16:00:00,0.10875,0.11102,0.10839,0.11003,1395671.7477
2026-09-06 17:00:00,0.11003,0.11008,0.1086,0.1088,737217.044
2026-09-06 18:00:00,0.10879,0.10919,0.10823,0.10839,707952.3958
2026-09-06 19:00:00,0.10834,0.10953,0.10822,0.10944,580238.5538
2026-09-06 20:00:00,0.10945,0.11016,0.10861,0.10933,631574.7067
2026-09-06 21:00:00,0.10936,0.11093,0.10936,0.1105,628128.0897
2026-09-06 22:00:00,0.1104,0.1104,0.10838,0.10927,635564.8075
2026-09-06 23:00:00,0.10921,0.11038,0.10918,0.11018,476540.6522
2026-09-07 00:00:00,0.11018,0.11275,0.11007,0.11109,1829616.8804
2026-09-07 01:00:00,0.11112,0.11134,0.10823,0.10883,1153514.931
2026-09-07 02:00:00,0.10882,0.11201,0.10783,0.11061,1961681.1794
2026-09-07 03:00:00,0.11064,0.11101,0.10875,0.10875,1100434.8822
2026-09-07 04:00:00,0.10866,0.10966,0.10848,0.10884,742924.9702
2026-09-07 05:00:00,0.10888,0.11047,0.10869,0.10873,872610.706
2026-09-07 06:00:00,0.10872,0.10989,0.10859,0.10926,908029.8885
2026-09-07 07:00:00,0.10929,0.11004,0.10724,0.10798,1099535.441
2026-09-07 08:00:00,0.10798,0.11009,0.10782,0.10901,840880.4605
2026-09-07 09:00:00,0.10905,0.11012,0.10873,0.10901,678633.0867
2026-09-07 10:00:00,0.10909,0.11091,0.10888,0.10989,874354.2293
2026-09-07 11:00:00,0.10992,0.11003,0.10909,0.10959,525250.6221
2026-09-07 12:00:00,0.10956,0.11203,0.10946,0.11171,661283.9102
2026-09-07 13:00:00,0.11169,0.11238,0.11034,0.11152,2491783.4177
2026-09-07 14:00:00,0.11159,0.11361,0.1105,0.11321,1583516.698
2026-09-07 15:00:00,0.11318,0.11318,0.10859,0.10931,2005388.4019
2026-09-07 16:00:00,0.10935,0.1116,0.10928,0.11108,1369961.4359
2026-09-07 17:00:00,0.11109,0.11238,0.11028,0.11039,463060.501
2026-09-07 18:00:00,0.1103,0.1108,0.10878,0.10964,375124.139
2026-09-07 19:00:00,0.10951,0.11099,0.10909,0.11034,359558.9044
2026-09-07 20:00:00,0.11041,0.1108,0.10969,0.11028,384788.7825
2026-09-07 21:00:00,0.11027,0.11095,0.10927,0.10943,283683.247
2026-09-07 22:00:00,0.10945,0.10989,0.10784,0.10936,1042588.4747
2026-09-07 23:00:00,0.10929,0.11104,0.10926,0.11045,597802.2024
2026-09-08 00:00:00,0.1104,0.11251,0.1098,0.11188,695076.1903
2026-09-08 01:00:00,0.11191,0.11243,0.11064,0.11171,1208502.6393
2026-09-08 02:00:00,0.11178,0.11266,0.10897,0.10907,1586211.9035
2026-09-08 03:00:00,0.10919,0.10972,0.10852,0.10941,680834.6971
2026-09-08 04:00:00,0.10934,0.10939,0.10832,0.10865,712054.1656
2026-09-08 05:00:00,0.10868,0.10975,0.10846,0.10933,698679.2547
2026-09-08 06:00:00,0.10919,0.10949,0.10816,0.10849,2465864.7687
2026-09-08 07:00:00,0.10856,0.10961,0.10828,0.10861,456672.4545
2026-09-08 08:00:00,0.1085,0.10952,0.10771,0.10885,659032.8486
2026-09-08 09:00:00,0.10891,0.11134,0.10866,0.11087,1266167.8524
2026-09-08 10:00:00,0.11087,0.11093,0.10943,0.10968,796063.4528
2026-09-08 11:00:00,0.10965,0.10972,0.10827,0.10859,665572.6509
2026-09-08 12:00:00,0.10855,0.10907,0.10804,0.1088,748916.4433
2026-09-08 13:00:00,0.10882,0.10886,0.10527,0.10665,1799018.9366
2026-09-08 14:00:00,0.10668,0.108,0.10666,0.10745,795109.6748
2026-09-08 15:00:00,0.1074,0.10876,0.10725,0.10851,2455558.512
2026-09-08 16:00:00,0.1085,0.10862,0.10718,0.10744,1153720.2337
2026-09-08 17:00:00,0.10744,0.10763,0.10565,0.10589,1273510.2649
2026-09-08 18:00:00,0.10587,0.10682,0.10468,0.10529,1376062.862
2026-09-08 19:00:00,0.10536,0.1058,0.10462,0.10503,812877.2589
2026-09-08 20:00:00,0.10506,0.10606,0.10471,0.1054,1008895.8113
2026-09-08 21:00:00,0.10539,0.10572,0.10472,0.10516,398936.4034
2026-09-08 22:00:00,0.10514,0.10594,0.10506,0.10586,431893.6227
2026-09-08 23:00:00,0.10589,0.10591,0.1052,0.1052,540096.3777
2026-09-09 00:00:00,0.10527,0.106,0.10499,0.10537,415428.353
2026-09-09 01:00:00,0.10545,0.10591,0.10472,0.10501,645455.5573
2026-09-09 02:00:00,0.10501,0.10515,0.10351,0.10383,1041154.3848
2026-09-09 03:00:00,0.10381,0.10387,0.10283,0.1031,866176.5314
2026-09-09 04:00:00,0.10308,0.10469,0.10308,0.10419,760770.8181
2026-09-09 05:00:00,0.1042,0.10422,0.10318,0.10371,776366.217
2026-09-09 06:00:00,0.10375,0.10555,0.10333,0.10537,1429318.2206
2026-09-09 07:00:00,0.10541,0.10584,0.10497,0.10532,1189504.708
2026-09-09 08:00:00,0.10532,0.10608,0.10512,0.10605,1624663.5752
2026-09-09 09:00:00,0.10605,0.10608,0.10307,0.10334,1560726.4279
2026-09-09 10:00:00,0.10339,0.104,0.10287,0.10358,910869.9679
2026-09-09 11:00:00,0.1036,0.10411,0.10245,0.10394,970708.0443
2026-09-09 12:00:00,0.10392,0.10479,0.1034,0.1045,583771.0799
2026-09-09 13:00:00,0.10447,0.1049,0.10299,0.10368,826448.8892
2026-09-09 14:00:00,0.10361,0.10428,0.10288,0.10311,839654.3584
2026-09-09 15:00:00,0.10311,0.10391,0.10031,0.1015,2582388.0256
2026-09-09 16:00:00,0.1015,0.10268,0.10093,0.1023,1277972.2275
2026-09-09 17:00:00,0.10228,0.1033,0.10228,0.10289,782090.1986
2026-09-09 18:00:00,0.10291,0.10374,0.10267,0.10291,444185.6729
2026-09-09 19:00:00,0.10298,0.10323,0.10042,0.1007,495863.1161
2026-09-09 20:00:00,0.10074,0.1015,0.09966,0.10145,703719.7845
2026-09-09 21:00:00,0.10142,0.10148,0.09976,0.10051,443296.9933
2026-09-09 22:00:00,0.10049,0.10062,0.09775,0.09839,1524545.8822
2026-09-09 23:00:00,0.09838,0.09975,0.09834,0.0995,673060.9628
2026-09-10 00:00:00,0.09945,0.09977,0.09765,0.09793,1674018.9267
2026-09-10 01:00:00,0.09793,0.09901,0.09691,0.09779,1878731.2634
2026-09-10 02:00:00,0.09779,0.09891,0.09749,0.09889,389883.9918
2026-09-10 03:00:00,0.09894,0.09924,0.09837,0.09862,839670.014
2026-09-10 04:00:00,0.09855,0.09925,0.09841,0.09872,474050.8592
2026-09-10 05:00:00,0.09875,0.0995,0.09812,0.0991,783202.6463
2026-09-10 06:00:00,0.09915,0.09917,0.0979,0.09879,487472.3378
2026-09-10 07:00:00,0.0988,0.0988,0.0975,0.09787,658297.2396
2026-09-10 08:00:00,0.09785,0.09826,0.0973,0.0974,942956.1143
2026-09-10 09:00:00,0.09741,0.09796,0.09688,0.09769,509282.5846
2026-09-10 10:00:00,0.09769,0.0983,0.0972,0.09789,725783.0764
2026-09-10 11:00:00,0.0976,0.09887,0.09748,0.09817,425651.0969
2026-09-10 12:00:00,0.09815,0.09877,0.09492,0.09646,1672428.712
2026-09-10 13:00:00,0.09651,0.09739,0.09564,0.0968,1492232.9411
2026-09-10 14:00:00,0.09674,0.09702,0.0957,0.09634,964402.3462
2026-09-10 15:00:00,0.09633,0.0966,0.09541,0.09639,1041212.1582
2026-09-10 16:00:00,0.09631,0.0964,0.09468,0.09631,1236148.4075
2026-09-10 17:00:00,0.09628,0.09675,0.09561,0.09631,950846.6806
2026-09-10 18:00:00,0.09622,0.0968,0.09551,0.09657,294626.5377
2026-09-10 19:00:00,0.09653,0.09653,0.09539,0.09552,436476.9641
2026-09-10 20:00:00,0.09551,0.09643,0.09546,0.0961,369693.9905
2026-09-10 21:00:00,0.0961,0.09649,0.09554,0.09571,307730.3556
2026-09-10 22:00:00,0.09575,0.09599,0.09489,0.09495,322618.0639
2026-09-10 23:00:00,0.095,0.09512,0.09358,0.09386,735110.3421
2026-09-11 00:00:00,0.09392,0.09516,0.09389,0.09514,369592.9038
2026-09-11 01:00:00,0.09509,0.09565,0.09466,0.0952,434877.5745
2026-09-11 02:00:00,0.0952,0.09561,0.09488,0.09545,279391.5183
2026-09-11 03:00:00,0.09546,0.09572,0.09502,0.09565,589729.4503
2026-09-11 04:00:00,0.09567,0.09649,0.09553,0.09605,360524.562
2026-09-11 05:00:00,0.09606,0.0963,0.09589,0.09608,361779.5558
2026-09-11 06:00:00,0.09607,0.09611,0.09501,0.09519,283143.6763
2026-09-11 07:00:00,0.0952,0.096,0.09518,0.09544,177838.0181
2026-09-11 08:00:00,0.09545,0.0962,0.09522,0.09588,283374.2809
2026-09-11 09:00:00,0.09586,0.0959,0.09455,0.09486,426290.3272
2026-09-11 10:00:00,0.09488,0.0953,0.09467,0.0949,61796.3288
