timestamp,open,high,low,close,volume
2025-09-11 11:00:00,0.34548,0.3478,0.34547,0.34714,2410200.360186
2025-09-11 12:00:00,0.34716,0.34809,0.3447,0.34594,3921932.758289
2025-09-11 13:00:00,0.34601,0.34608,0.34445,0.34565,1322001.855487
2025-09-11 14:00:00,0.34568,0.34575,0.3441,0.34524,972718.107769
2025-09-11 15:00:00,0.34527,0.34636,0.34477,0.34479,1071839.401665
2025-09-11 16:00:00,0.34478,0.34592,0.34478,0.34578,1109930.520763
2025-09-11 17:00:00,0.34577,0.34654,0.34499,0.34562,1366167.236745
2025-09-11 18:00:00,0.34557,0.34571,0.345,0.34501,574326.335379
2025-09-11 19:00:00,0.345,0.34577,0.34464,0.34573,381541.454877
2025-09-11 20:00:00,0.34561,0.34596,0.34538,0.34544,221486.17346
2025-09-11 21:00:00,0.3454,0.34564,0.3452,0.34521,249335.372718
2025-09-11 22:00:00,0.34521,0.34662,0.34494,0.34655,555281.552136
2025-09-11 23:00:00,0.34656,0.34713,0.34619,0.34624,661183.310131
2025-09-12 00:00:00,0.34622,0.34923,0.34613,0.34909,1665044.880547
2025-09-12 01:00:00,0.3491,0.34975,0.34796,0.34804,1607831.978285
2025-09-12 02:00:00,0.34807,0.3488,0.34774,0.34811,662039.283235
2025-09-12 03:00:00,0.34811,0.34926,0.34768,0.34879,967540.159932
2025-09-12 04:00:00,0.34875,0.34966,0.34835,0.34966,1017246.253294
2025-09-12 05:00:00,0.34966,0.3499,0.34789,0.3491,1408830.066131
2025-09-12 06:00:00,0.34913,0.34943,0.3487,0.34898,1035899.83495
2025-09-12 07:00:00,0.34898,0.34936,0.34828,0.34854,782741.019889
2025-09-12 08:00:00,0.34854,0.34886,0.34803,0.34849,1087251.688298
2025-09-12 09:00:00,0.34849,0.34869,0.34806,0.3483,2179865.101406
2025-09-12 10:00:00,0.3483,0.34847,0.34762,0.34845,614042.405891
2025-09-12 11:00:00,0.34842,0.34887,0.34803,0.34845,730488.645261
2025-09-12 12:00:00,0.34847,0.34887,0.34795,0.34877,656875.035448
2025-09-12 13:00:00,0.34878,0.34883,0.3473,0.34809,1273790.057478
2025-09-12 14:00:00,0.34808,0.34946,0.34782,0.34863,1074513.3588
2025-09-12 15:00:00,0.34862,0.34878,0.34797,0.3486,791184.35197
2025-09-12 16:00:00,0.34859,0.34976,0.34793,0.34976,1485672.026247
2025-09-12 17:00:00,0.34978,0.35039,0.34929,0.34982,1317989.077979
2025-09-12 18:00:00,0.34979,0.35013,0.34946,0.35013,743631.596886
2025-09-12 19:00:00,0.35011,0.35099,0.34972,0.35099,617319.446522
2025-09-12 20:00:00,0.351,0.3522,0.35019,0.35095,1418514.9743
2025-09-12 21:00:00,0.35096,0.35115,0.35033,0.35033,331473.194518
2025-09-12 22:00:00,0.3504,0.35275,0.3504,0.35188,656295.196566
2025-09-12 23:00:00,0.35188,0.35269,0.3515,0.35269,642625.424546
2025-09-13 00:00:00,0.35267,0.35267,0.35165,0.3522,441263.983395
2025-09-13 01:00:00,0.35221,0.35255,0.35174,0.35174,1007902.063475
2025-09-13 02:00:00,0.35177,0.35222,0.35142,0.3516,529482.990493
2025-09-13 03:00:00,0.3516,0.35343,0.35159,0.35343,870109.049596
2025-09-13 04:00:00,0.35342,0.35379,0.35314,0.35362,774900.111072
2025-09-13 05:00:00,0.35361,0.35486,0.35297,0.3545,1115410.795538
2025-09-13 06:00:00,0.35452,0.35482,0.35332,0.3534,841275.496958
2025-09-13 07:00:00,0.35341,0.35343,0.35171,0.35195,982818.326775
2025-09-13 08:00:00,0.35195,0.35366,0.35193,0.35312,832583.723215
2025-09-13 09:00:00,0.35312,0.35384,0.35286,0.35324,1042060.442422
2025-09-13 10:00:00,0.35323,0.35373,0.35266,0.35289,705840.056825
2025-09-13 11:00:00,0.35289,0.35315,0.35232,0.35278,624353.547876
2025-09-13 12:00:00,0.35278,0.35308,0.35253,0.35308,595856.197351
2025-09-13 13:00:00,0.35308,0.35335,0.35149,0.35181,1214948.263601
2025-09-13 14:00:00,0.35183,0.35186,0.35051,0.35086,1598155.5347
2025-09-13 15:00:00,0.35088,0.35125,0.34958,0.34997,1083429.509928
2025-09-13 16:00:00,0.34996,0.35012,0.34739,0.34842,2048578.653812
2025-09-13 17:00:00,0.34842,0.34942,0.34771,0.34914,831511.980198
2025-09-13 18:00:00,0.34921,0.34979,0.34852,0.34966,779699.570778
2025-09-13 19:00:00,0.34968,0.35012,0.34943,0.34951,511271.614501
2025-09-13 20:00:00,0.34954,0.35012,0.34939,0.34952,296878.658075
2025-09-13 21:00:00,0.34947,0.35,0.34922,0.34943,358176.030006
2025-09-13 22:00:00,0.34945,0.34987,0.34943,0.34972,253920.423686
2025-09-13 23:00:00,0.34972,0.34978,0.34935,0.34978,566116.290789
2025-09-14 00:00:00,0.34979,0.35026,0.34946,0.34988,623931.921098
2025-09-14 01:00:00,0.34986,0.3507,0.34934,0.35061,911733.593666
2025-09-14 02:00:00,0.35061,0.35126,0.3504,0.35078,691630.973595
2025-09-14 03:00:00,0.35078,0.35127,0.35029,0.35047,625420.637028
2025-09-14 04:00:00,0.35045,0.35103,0.34949,0.35083,696948.220904
2025-09-14 05:00:00,0.35083,0.35193,0.35082,0.35188,666284.025109
2025-09-14 06:00:00,0.35189,0.35198,0.35024,0.35076,546512.966149
2025-09-14 07:00:00,0.35076,0.35078,0.34981,0.35006,410952.196253
2025-09-14 08:00:00,0.35007,0.35036,0.34952,0.3497,502906.623806
2025-09-14 09:00:00,0.3497,0.35025,0.34937,0.3502,733183.032983
2025-09-14 10:00:00,0.35019,0.3507,0.35001,0.35053,394431.129242
2025-09-14 11:00:00,0.35055,0.35094,0.34838,0.34862,835645.40261
2025-09-14 12:00:00,0.34866,0.34934,0.34826,0.34882,724266.909618
2025-09-14 13:00:00,0.34881,0.34927,0.34797,0.3482,435998.65288
2025-09-14 14:00:00,0.34822,0.34913,0.34687,0.34757,1007723.46791
2025-09-14 15:00:00,0.34752,0.34761,0.3464,0.3472,616510.25843
2025-09-14 16:00:00,0.34718,0.34833,0.34706,0.34783,913416.021293
2025-09-14 17:00:00,0.34781,0.34848,0.34757,0.34828,330673.701826
2025-09-14 18:00:00,0.34828,0.34828,0.34765,0.34782,282271.012967
2025-09-14 19:00:00,0.34783,0.34837,0.34752,0.34815,319568.033651
2025-09-14 20:00:00,0.34817,0.34844,0.34775,0.34822,323203.982728
2025-09-14 21:00:00,0.34814,0.34945,0.34765,0.34916,548114.891298
2025-09-14 22:00:00,0.34921,0.34933,0.34855,0.34903,405089.072835
2025-09-14 23:00:00,0.34905,0.34918,0.34813,0.34848,289845.874946
2025-09-15 00:00:00,0.34848,0.34937,0.34835,0.34895,495055.91143
2025-09-15 01:00:00,0.34895,0.35048,0.34778,0.34947,1126860.717552
2025-09-15 02:00:00,0.34948,0.35029,0.34933,0.35011,463896.158137
2025-09-15 03:00:00,0.35011,0.35179,0.35011,0.35127,821462.403823
2025-09-15 04:00:00,0.35129,0.35166,0.35072,0.3509,747743.143146
2025-09-15 05:00:00,0.35091,0.35139,0.35091,0.35128,684732.490933
2025-09-15 06:00:00,0.3513,0.35146,0.3496,0.35021,555658.228227
2025-09-15 07:00:00,0.3502,0.35088,0.34839,0.34881,892649.670904
2025-09-15 08:00:00,0.34881,0.34953,0.34569,0.34574,3857201.217954
2025-09-15 09:00:00,0.34574,0.34708,0.34537,0.34658,1628227.419789
2025-09-15 10:00:00,0.34653,0.34653,0.34515,0.34534,2084214.598073
2025-09-15 11:00:00,0.34534,0.34593,0.34506,0.34557,938524.077504
2025-09-15 12:00:00,0.34552,0.34621,0.34451,0.34462,934774.598059
2025-09-15 13:00:00,0.34461,0.34509,0.34308,0.34388,1403017.278465
2025-09-15 14:00:00,0.34388,0.34444,0.34322,0.34381,923429.380328
2025-09-15 15:00:00,0.34381,0.34431,0.3429,0.34356,2590489.469617
2025-09-15 16:00:00,0.34351,0.34351,0.34206,0.34273,6895143.128103
2025-09-15 17:00:00,0.3427,0.34359,0.34219,0.34355,3981525.734217
2025-09-15 18:00:00,0.34355,0.3437,0.34287,0.34354,458378.256327
2025-09-15 19:00:00,0.34353,0.34404,0.34302,0.34355,620198.139658
2025-09-15 20:00:00,0.34357,0.34492,0.34355,0.34476,507028.376872
2025-09-15 21:00:00,0.34476,0.34512,0.34404,0.34496,1181579.104185
2025-09-15 22:00:00,0.34495,0.34557,0.34427,0.34431,1423624.579795
2025-09-15 23:00:00,0.34432,0.34507,0.344,0.34482,495313.539374
2025-09-16 00:00:00,0.34483,0.34483,0.34433,0.34472,299336.875841
2025-09-16 01:00:00,0.34472,0.34586,0.34472,0.34487,696939.318668
2025-09-16 02:00:00,0.34487,0.34561,0.34481,0.34508,296481.432059
2025-09-16 03:00:00,0.34509,0.346,0.34502,0.34589,553564.816286
2025-09-16 04:00:00,0.3459,0.34637,0.34508,0.3463,913083.198406
2025-09-16 05:00:00,0.34636,0.34724,0.34599,0.34675,795547.775421
2025-09-16 06:00:00,0.34679,0.34725,0.34516,0.34532,1054242.965986
2025-09-16 07:00:00,0.34532,0.3463,0.34514,0.34564,565859.960277
2025-09-16 08:00:00,0.34565,0.34622,0.34531,0.34551,868634.183618
2025-09-16 09:00:00,0.34551,0.34604,0.34529,0.34537,878038.692497
2025-09-16 10:00:00,0.34537,0.34617,0.34501,0.34551,903693.654634
2025-09-16 11:00:00,0.34551,0.34626,0.34547,0.3462,437714.727036
2025-09-16 12:00:00,0.34622,0.34641,0.34548,0.34581,880938.077153
2025-09-16 13:00:00,0.34585,0.34686,0.34421,0.34522,1524450.88633
2025-09-16 14:00:00,0.34518,0.34522,0.34287,0.34349,2035535.066165
2025-09-16 15:00:00,0.34347,0.34347,0.33965,0.34102,6760295.698665
2025-09-16 16:00:00,0.341,0.3419,0.34038,0.34128,1219406.296493
2025-09-16 17:00:00,0.34124,0.34311,0.34124,0.34215,1062404.121813
2025-09-16 18:00:00,0.34209,0.34285,0.34188,0.34211,704108.90438
2025-09-16 19:00:00,0.34211,0.34274,0.34187,0.3423,486363.551875
2025-09-16 20:00:00,0.3423,0.3423,0.34153,0.34223,365436.385519
2025-09-16 21:00:00,0.34221,0.3429,0.34221,0.34272,244890.689396
2025-09-16 22:00:00,0.34272,0.34317,0.34233,0.34283,319970.488318
2025-09-16 23:00:00,0.34283,0.34286,0.34185,0.34241,550948.182589
2025-09-17 00:00:00,0.34241,0.34295,0.34168,0.34279,1520682.969331
2025-09-17 01:00:00,0.34275,0.3431,0.34208,0.34226,632280.422837
2025-09-17 02:00:00,0.34226,0.34376,0.34202,0.34287,537191.083627
2025-09-17 03:00:00,0.3429,0.34311,0.34104,0.34127,1128034.799224
2025-09-17 04:00:00,0.34128,0.34134,0.33934,0.33978,1705457.279273
2025-09-17 05:00:00,0.33981,0.34079,0.33936,0.34068,2081082.422351
2025-09-17 06:00:00,0.34068,0.342,0.3401,0.34198,895030.547003
2025-09-17 07:00:00,0.34193,0.34277,0.34165,0.34203,548720.299044
2025-09-17 08:00:00,0.34202,0.34212,0.34102,0.34138,621327.858503
2025-09-17 09:00:00,0.34137,0.3426,0.34119,0.34165,1304603.947165
2025-09-17 10:00:00,0.34165,0.34181,0.34096,0.3415,536686.083843
2025-09-17 11:00:00,0.34151,0.34169,0.34078,0.34081,714654.72937
2025-09-17 12:00:00,0.34081,0.3415,0.34073,0.3412,531133.210807
2025-09-17 13:00:00,0.34118,0.3415,0.34041,0.34044,548089.801719
2025-09-17 14:00:00,0.34045,0.34093,0.33974,0.34001,969589.485814
2025-09-17 15:00:00,0.34002,0.34073,0.33985,0.34008,1191257.517758
2025-09-17 16:00:00,0.34008,0.34044,0.3393,0.3402,934635.832703
2025-09-17 17:00:00,0.34019,0.34186,0.34006,0.34023,819443.2158
2025-09-17 18:00:00,0.34021,0.34127,0.33861,0.3389,3344559.645026
2025-09-17 19:00:00,0.33892,0.3412,0.33887,0.34084,1052409.406782
2025-09-17 20:00:00,0.3409,0.34205,0.34013,0.34027,948126.045172
2025-09-17 21:00:00,0.34026,0.34137,0.33958,0.34115,1042703.542278
2025-09-17 22:00:00,0.34115,0.34433,0.34098,0.34372,1106759.99716
2025-09-17 23:00:00,0.34368,0.34487,0.34305,0.34318,853258.017312
2025-09-18 00:00:00,0.34319,0.34369,0.34254,0.34299,694200.33962
2025-09-18 01:00:00,0.34298,0.34447,0.34265,0.34353,1483104.577289
2025-09-18 02:00:00,0.34353,0.34425,0.34305,0.34422,765383.373178
2025-09-18 03:00:00,0.34425,0.34519,0.34415,0.3444,882090.346485
2025-09-18 04:00:00,0.34441,0.34474,0.34382,0.34426,668978.503973
2025-09-18 05:00:00,0.34426,0.34492,0.34412,0.3449,843448.473648
2025-09-18 06:00:00,0.34488,0.34523,0.34343,0.34363,1128914.326107
2025-09-18 07:00:00,0.34362,0.34437,0.34332,0.34428,422239.226364
2025-09-18 08:00:00,0.34428,0.34564,0.34384,0.34524,1113295.753363
2025-09-18 09:00:00,0.34523,0.34551,0.3448,0.34506,1162951.036332
2025-09-18 10:00:00,0.34506,0.34685,0.34449,0.34616,2500971.088598
2025-09-18 11:00:00,0.34616,0.34686,0.34563,0.34652,1215898.896588
2025-09-18 12:00:00,0.34652,0.34679,0.34581,0.34639,692824.146527
2025-09-18 13:00:00,0.34637,0.34829,0.34592,0.34717,3577961.612315
2025-09-18 14:00:00,0.34716,0.34864,0.34716,0.34785,1651950.010279
2025-09-18 15:00:00,0.34787,0.3482,0.34734,0.34754,797559.930663
2025-09-18 16:00:00,0.34759,0.35056,0.34745,0.35019,2516732.607925
2025-09-18 17:00:00,0.35017,0.35139,0.34967,0.35095,2454604.493522
2025-09-18 18:00:00,0.35096,0.35213,0.35073,0.35166,1167024.723059
2025-09-18 19:00:00,0.35166,0.35233,0.35019,0.3503,1056572.661039
2025-09-18 20:00:00,0.35033,0.35217,0.35033,0.35175,532189.168539
2025-09-18 21:00:00,0.35172,0.35188,0.35048,0.35058,601527.064424
2025-09-18 22:00:00,0.35059,0.3514,0.35013,0.35073,508777.272177
2025-09-18 23:00:00,0.35073,0.35073,0.3495,0.35055,431402.811409
2025-09-19 00:00:00,0.35057,0.35204,0.35057,0.35199,1274454.048132
2025-09-19 01:00:00,0.352,0.35274,0.3512,0.35183,1173683.110201
2025-09-19 02:00:00,0.35181,0.35218,0.35016,0.35018,574832.270337
2025-09-19 03:00:00,0.35018,0.35038,0.34773,0.34791,1181396.546782
2025-09-19 04:00:00,0.3479,0.3479,0.34661,0.34761,758721.467636
2025-09-19 05:00:00,0.34757,0.34813,0.34689,0.34765,743314.031934
2025-09-19 06:00:00,0.34763,0.34765,0.34604,0.34605,1142166.738221
2025-09-19 07:00:00,0.34605,0.34708,0.34578,0.34708,655771.80889
2025-09-19 08:00:00,0.34706,0.3475,0.34634,0.34671,555638.591963
2025-09-19 09:00:00,0.34672,0.34789,0.34626,0.34656,952930.400321
2025-09-19 10:00:00,0.34656,0.34824,0.34622,0.34655,2031008.446054
2025-09-19 11:00:00,0.34656,0.34662,0.34551,0.34627,625707.746647
2025-09-19 12:00:00,0.34627,0.3469,0.34606,0.34678,979022.655913
2025-09-19 13:00:00,0.34679,0.34826,0.34673,0.34707,2300548.989758
2025-09-19 14:00:00,0.34706,0.34847,0.34646,0.34676,1239941.699676
2025-09-19 15:00:00,0.34672,0.34685,0.34437,0.34491,1377177.520572
2025-09-19 16:00:00,0.34493,0.34594,0.34458,0.34541,1872614.436554
2025-09-19 17:00:00,0.34542,0.34551,0.34444,0.34447,369241.177045
2025-09-19 18:00:00,0.34455,0.34473,0.34404,0.34429,533700.178076
2025-09-19 19:00:00,0.34429,0.34515,0.34407,0.34408,627049.375719
2025-09-19 20:00:00,0.34408,0.34488,0.34403,0.3445,405354.175414
2025-09-19 21:00:00,0.34451,0.34459,0.34383,0.34453,315813.028473
2025-09-19 22:00:00,0.34453,0.34505,0.34406,0.34431,187762.620285
2025-09-19 23:00:00,0.3443,0.3443,0.34301,0.34374,447401.469743
2025-09-20 00:00:00,0.34376,0.34397,0.34338,0.34392,318421.863419
2025-09-20 01:00:00,0.34394,0.34425,0.34351,0.34391,1600014.467859
2025-09-20 02:00:00,0.34385,0.34481,0.34277,0.34469,898060.406741
2025-09-20 03:00:00,0.34472,0.34546,0.34443,0.34467,494274.180004
2025-09-20 04:00:00,0.34467,0.34641,0.34451,0.3464,927182.511284
2025-09-20 05:00:00,0.3464,0.34705,0.34587,0.34685,817452.509517
2025-09-20 06:00:00,0.34685,0.34739,0.34658,0.34731,568810.978814
2025-09-20 07:00:00,0.34732,0.3478,0.34692,0.34756,1355412.189751
2025-09-20 08:00:00,0.34758,0.34822,0.34656,0.34689,1631527.172959
2025-09-20 09:00:00,0.34689,0.34738,0.34568,0.3468,1289126.675488
2025-09-20 10:00:00,0.34681,0.34748,0.34637,0.34738,1092335.986263
2025-09-20 11:00:00,0.34738,0.34798,0.34689,0.34796,659108.230127
2025-09-20 12:00:00,0.34797,0.34807,0.34709,0.3472,427194.522838
2025-09-20 13:00:00,0.34719,0.3473,0.34636,0.3471,601139.557087
2025-09-20 14:00:00,0.34709,0.34762,0.34665,0.34753,386869.321347
2025-09-20 15:00:00,0.34755,0.34809,0.34715,0.34764,812990.277032
2025-09-20 16:00:00,0.34764,0.34828,0.34694,0.34791,853206.100083
2025-09-20 17:00:00,0.34786,0.34799,0.34707,0.34758,453355.549299
2025-09-20 18:00:00,0.34757,0.34782,0.347,0.34722,357969.512159
2025-09-20 19:00:00,0.34723,0.34778,0.34701,0.34723,241376.110466
2025-09-20 20:00:00,0.3472,0.34738,0.34691,0.34702,255512.043569
2025-09-20 21:00:00,0.34701,0.34746,0.34698,0.34733,297957.148094
2025-09-20 22:00:00,0.34732,0.34732,0.34652,0.34707,259185.9806
2025-09-20 23:00:00,0.34707,0.3471,0.34648,0.34671,167607.294276
2025-09-21 00:00:00,0.34666,0.34685,0.34617,0.34684,325434.484013
2025-09-21 01:00:00,0.34685,0.34685,0.346,0.34634,496045.82647
2025-09-21 02:00:00,0.34634,0.34672,0.34482,0.34566,895942.094483
2025-09-21 03:00:00,0.34566,0.3457,0.34491,0.34524,927352.834284
2025-09-21 04:00:00,0.34524,0.3455,0.34488,0.3455,1077636.202923
2025-09-21 05:00:00,0.3455,0.34617,0.34547,0.34617,432272.250567
2025-09-21 06:00:00,0.34617,0.3462,0.34549,0.34597,1543574.644397
2025-09-21 07:00:00,0.34598,0.34646,0.34557,0.3458,1528601.791075
2025-09-21 08:00:00,0.3458,0.34582,0.34423,0.34427,1617988.570331
2025-09-21 09:00:00,0.34426,0.34446,0.34284,0.34372,1741665.448776
2025-09-21 10:00:00,0.34371,0.34431,0.34341,0.34422,391569.238788
2025-09-21 11:00:00,0.34421,0.34477,0.3439,0.34398,349683.004177
2025-09-21 12:00:00,0.34398,0.3443,0.34229,0.34233,953062.621275
2025-09-21 13:00:00,0.34232,0.34432,0.34154,0.34432,2929252.396827
2025-09-21 14:00:00,0.34431,0.34451,0.34397,0.34407,528501.467908
2025-09-21 15:00:00,0.34404,0.34414,0.34342,0.3438,523309.468202
2025-09-21 16:00:00,0.34381,0.34418,0.34316,0.34334,671460.251137
2025-09-21 17:00:00,0.34335,0.34427,0.34303,0.34424,256507.972875
2025-09-21 18:00:00,0.34427,0.34472,0.34402,0.34464,388803.025426
2025-09-21 19:00:00,0.34464,0.34469,0.34394,0.34416,523081.696869
2025-09-21 20:00:00,0.34415,0.34437,0.34342,0.34413,333775.476489
2025-09-21 21:00:00,0.34413,0.34426,0.34364,0.34364,298967.333202
2025-09-21 22:00:00,0.34364,0.34379,0.34293,0.34349,277582.033695
2025-09-21 23:00:00,0.34349,0.34349,0.34242,0.34242,365678.002413
2025-09-22 00:00:00,0.34243,0.34311,0.33817,0.33863,2260814.407302
2025-09-22 01:00:00,0.33856,0.34021,0.33809,0.3391,1285140.750843
2025-09-22 02:00:00,0.3391,0.33948,0.3378,0.3389,1611514.432316
2025-09-22 03:00:00,0.33892,0.34035,0.33879,0.34013,961194.352541
2025-09-22 04:00:00,0.3401,0.34095,0.3397,0.33999,793855.391752
2025-09-22 05:00:00,0.33994,0.34031,0.33844,0.33851,813948.981148
2025-09-22 06:00:00,0.33863,0.33875,0.3338,0.33586,13024970.753005
2025-09-22 07:00:00,0.33587,0.33618,0.335,0.335,1218564.317363
2025-09-22 08:00:00,0.335,0.33533,0.3344,0.33457,967971.274548
2025-09-22 09:00:00,0.33457,0.33604,0.33394,0.33489,1647443.234112
2025-09-22 10:00:00,0.33495,0.33615,0.33476,0.33613,1223413.2942
2025-09-22 11:00:00,0.33613,0.34215,0.33581,0.34087,4135958.253185
2025-09-22 12:00:00,0.34093,0.34178,0.34028,0.34086,1046031.328149
2025-09-22 13:00:00,0.34088,0.34125,0.33899,0.33979,5087594.24894
2025-09-22 14:00:00,0.33983,0.34037,0.33957,0.33995,894418.740021
2025-09-22 15:00:00,0.33995,0.34219,0.33985,0.34203,1960896.476924
2025-09-22 16:00:00,0.34202,0.34251,0.34171,0.34197,1386707.926515
2025-09-22 17:00:00,0.34197,0.34261,0.34123,0.342,937548.908775
2025-09-22 18:00:00,0.342,0.34216,0.34091,0.34121,556586.748517
2025-09-22 19:00:00,0.34121,0.3416,0.34023,0.34044,530867.205273
2025-09-22 20:00:00,0.34048,0.34094,0.33955,0.3401,435208.620594
2025-09-22 21:00:00,0.3401,0.34062,0.33929,0.34056,635668.653595
2025-09-22 22:00:00,0.34056,0.34057,0.33894,0.3393,288010.41502
2025-09-22 23:00:00,0.33931,0.34008,0.33924,0.33999,109266.019384
2025-09-23 00:00:00,0.34,0.34042,0.33964,0.3399,399653.981262
2025-09-23 01:00:00,0.33992,0.34015,0.33904,0.33915,859947.681659
2025-09-23 02:00:00,0.33913,0.34009,0.33913,0.33926,428155.112075
2025-09-23 03:00:00,0.33929,0.34106,0.33886,0.34089,755389.918471
2025-09-23 04:00:00,0.34091,0.34142,0.33981,0.341,547957.676373
2025-09-23 05:00:00,0.34097,0.34104,0.34038,0.34055,213733.035365
2025-09-23 06:00:00,0.34055,0.34118,0.34014,0.34021,1032099.141875
2025-09-23 07:00:00,0.34021,0.34043,0.3399,0.34003,466444.087061
2025-09-23 08:00:00,0.34002,0.34062,0.3398,0.34062,590459.925098
2025-09-23 09:00:00,0.34063,0.34264,0.34058,0.34137,2332372.761167
2025-09-23 10:00:00,0.34137,0.34138,0.33903,0.33918,1588787.104569
2025-09-23 11:00:00,0.33919,0.33919,0.33555,0.33654,1577959.370309
2025-09-23 12:00:00,0.33648,0.33672,0.33559,0.33598,1006616.789026
2025-09-23 13:00:00,0.33596,0.33605,0.3346,0.33502,1990350.954725
2025-09-23 14:00:00,0.33502,0.33569,0.33469,0.33514,1216750.172169
2025-09-23 15:00:00,0.33514,0.33694,0.33435,0.33557,1549207.712948
2025-09-23 16:00:00,0.33558,0.33694,0.33492,0.33651,1025907.634136
2025-09-23 17:00:00,0.3365,0.3368,0.33572,0.33579,640812.973505
2025-09-23 18:00:00,0.3358,0.33616,0.33553,0.33586,269851.21652
2025-09-23 19:00:00,0.33588,0.33652,0.33574,0.33603,779777.307248
2025-09-23 20:00:00,0.33602,0.33679,0.33594,0.33672,429709.121192
2025-09-23 21:00:00,0.33673,0.33674,0.33615,0.33621,287699.784094
2025-09-23 22:00:00,0.33621,0.33711,0.33608,0.3366,317971.430879
2025-09-23 23:00:00,0.3366,0.33663,0.33575,0.33585,342639.546738
2025-09-24 00:00:00,0.33586,0.33703,0.33586,0.33629,319745.936571
2025-09-24 01:00:00,0.33628,0.33711,0.33628,0.33647,646769.842587
2025-09-24 02:00:00,0.33649,0.33768,0.33616,0.33711,839198.039765
2025-09-24 03:00:00,0.33711,0.33726,0.33547,0.33579,1239806.950217
2025-09-24 04:00:00,0.33575,0.3368,0.33452,0.3358,1776187.273889
2025-09-24 05:00:00,0.33579,0.33826,0.33579,0.33819,813300.828056
2025-09-24 06:00:00,0.33819,0.33879,0.33784,0.33817,501570.228287
2025-09-24 07:00:00,0.3381,0.33834,0.3375,0.33799,462698.432383
2025-09-24 08:00:00,0.33804,0.33838,0.33732,0.33751,720003.469034
2025-09-24 09:00:00,0.33752,0.33832,0.33739,0.33797,941513.206232
2025-09-24 10:00:00,0.33796,0.33818,0.33562,0.33642,828423.451578
2025-09-24 11:00:00,0.33643,0.33726,0.33594,0.33726,725392.303143
2025-09-24 12:00:00,0.33724,0.33807,0.33705,0.33801,526741.550023
2025-09-24 13:00:00,0.33803,0.33881,0.33767,0.33776,688940.325794
2025-09-24 14:00:00,0.33778,0.33897,0.33776,0.33862,735592.87514
2025-09-24 15:00:00,0.33862,0.33893,0.3377,0.33772,349787.993269
2025-09-24 16:00:00,0.33775,0.33901,0.33767,0.33897,660513.793531
2025-09-24 17:00:00,0.33896,0.33959,0.3384,0.33856,769141.358582
2025-09-24 18:00:00,0.33856,0.33911,0.33828,0.33889,406595.002994
2025-09-24 19:00:00,0.3389,0.33924,0.33862,0.33893,276410.774145
2025-09-24 20:00:00,0.33894,0.33963,0.33887,0.33946,466561.44082
2025-09-24 21:00:00,0.33943,0.33949,0.33814,0.33814,212050.591214
2025-09-24 22:00:00,0.33818,0.33876,0.33814,0.33825,249771.313322
2025-09-24 23:00:00,0.33824,0.33867,0.338,0.33821,463559.906477
2025-09-25 00:00:00,0.33822,0.33858,0.3374,0.33762,425009.973489
2025-09-25 01:00:00,0.33756,0.33806,0.33682,0.33726,644040.33455
2025-09-25 02:00:00,0.33726,0.33837,0.33678,0.33805,1020542.425464
2025-09-25 03:00:00,0.33804,0.33828,0.3351,0.33584,1048431.142237
2025-09-25 04:00:00,0.3358,0.33592,0.33346,0.33403,1341130.534537
2025-09-25 05:00:00,0.33405,0.33578,0.33369,0.33557,1562883.576291
2025-09-25 06:00:00,0.33553,0.33556,0.33447,0.33463,575481.693542
2025-09-25 07:00:00,0.33463,0.33575,0.33404,0.3348,517770.800502
2025-09-25 08:00:00,0.33477,0.33524,0.33386,0.33419,782066.366869
2025-09-25 09:00:00,0.33416,0.33527,0.33314,0.33328,918152.41404
2025-09-25 10:00:00,0.33326,0.33365,0.33143,0.33159,1852506.686626
2025-09-25 11:00:00,0.33155,0.33166,0.33084,0.33151,820372.225743
2025-09-25 12:00:00,0.33152,0.33217,0.33,0.33176,1257272.508423
2025-09-25 13:00:00,0.33173,0.33295,0.33103,0.33282,1945934.911532
2025-09-25 14:00:00,0.33282,0.33624,0.33282,0.33551,3524071.955618
2025-09-25 15:00:00,0.33551,0.33597,0.33439,0.33597,1870752.262989
2025-09-25 16:00:00,0.33595,0.336,0.33464,0.33496,1283152.062708
2025-09-25 17:00:00,0.33495,0.33508,0.33177,0.33196,936760.391958
2025-09-25 18:00:00,0.33191,0.33451,0.33149,0.33444,1023427.470718
2025-09-25 19:00:00,0.33444,0.33562,0.33418,0.33436,568070.135024
2025-09-25 20:00:00,0.33439,0.33475,0.33338,0.33354,396292.467248
2025-09-25 21:00:00,0.33354,0.33424,0.33273,0.33393,436378.18315
2025-09-25 22:00:00,0.33394,0.33433,0.33271,0.33309,819222.768013
2025-09-25 23:00:00,0.33309,0.33348,0.33126,0.33195,640410.60062
2025-09-26 00:00:00,0.33197,0.33488,0.33189,0.3348,1101432.671226
2025-09-26 01:00:00,0.33483,0.33533,0.33441,0.3351,1780830.020125
2025-09-26 02:00:00,0.33501,0.33522,0.33405,0.33479,526748.038942
2025-09-26 03:00:00,0.33483,0.33497,0.33368,0.33393,917178.094747
2025-09-26 04:00:00,0.33393,0.33411,0.33296,0.3336,513563.007566
2025-09-26 05:00:00,0.33359,0.33427,0.33304,0.33317,629784.505455
2025-09-26 06:00:00,0.33316,0.33374,0.33246,0.33257,432616.491605
2025-09-26 07:00:00,0.33261,0.33414,0.33236,0.33399,898763.130275
2025-09-26 08:00:00,0.334,0.33431,0.33356,0.33388,731531.716017
2025-09-26 09:00:00,0.33389,0.33481,0.33362,0.33403,1126167.34522
2025-09-26 10:00:00,0.33404,0.33407,0.33294,0.33325,827998.390339
2025-09-26 11:00:00,0.33323,0.33525,0.33289,0.33477,933079.681562
2025-09-26 12:00:00,0.33477,0.33667,0.33374,0.33597,1531336.867943
2025-09-26 13:00:00,0.33602,0.33605,0.33463,0.33561,1268898.555604
2025-09-26 14:00:00,0.33557,0.33617,0.33325,0.33345,1575997.902047
2025-09-26 15:00:00,0.33348,0.33565,0.3334,0.33547,901337.943431
2025-09-26 16:00:00,0.33551,0.33667,0.33505,0.33545,1402149.486262
2025-09-26 17:00:00,0.33543,0.33668,0.33536,0.3366,536575.506404
2025-09-26 18:00:00,0.33657,0.33775,0.33602,0.33686,1118051.086167
2025-09-26 19:00:00,0.33682,0.33692,0.33592,0.33642,450724.701871
2025-09-26 20:00:00,0.33643,0.33703,0.33617,0.33692,449145.727946
2025-09-26 21:00:00,0.3369,0.33794,0.33678,0.3375,605280.970195
2025-09-26 22:00:00,0.33752,0.33785,0.33737,0.33778,443419.102839
2025-09-26 23:00:00,0.33778,0.33876,0.33777,0.33841,685730.663742
2025-09-27 00:00:00,0.33842,0.33874,0.33772,0.33812,760461.002193
2025-09-27 01:00:00,0.3381,0.33842,0.33746,0.33814,537063.813195
2025-09-27 02:00:00,0.33815,0.33828,0.33794,0.33812,272896.099517
2025-09-27 03:00:00,0.33811,0.34009,0.338,0.33913,1649921.451893
2025-09-27 04:00:00,0.33914,0.3395,0.33906,0.33936,642532.321277
2025-09-27 05:00:00,0.33937,0.33937,0.3383,0.33856,537112.087766
2025-09-27 06:00:00,0.33852,0.33878,0.33816,0.33835,506370.530367
2025-09-27 07:00:00,0.33835,0.33856,0.33723,0.3375,863181.773951
2025-09-27 08:00:00,0.33751,0.33763,0.33589,0.33598,1422898.614873
2025-09-27 09:00:00,0.33596,0.33672,0.33556,0.33671,1001226.554686
2025-09-27 10:00:00,0.33672,0.33675,0.33596,0.33651,483353.04048
2025-09-27 11:00:00,0.33651,0.33706,0.33648,0.33656,383707.176976
2025-09-27 12:00:00,0.33655,0.33666,0.33597,0.33651,476864.279481
2025-09-27 13:00:00,0.33648,0.3376,0.33624,0.33742,757292.990883
2025-09-27 14:00:00,0.33744,0.33771,0.33684,0.33752,767886.553005
2025-09-27 15:00:00,0.33752,0.3386,0.33736,0.33776,1038050.942867
2025-09-27 16:00:00,0.33776,0.3378,0.33739,0.33758,897741.021689
2025-09-27 17:00:00,0.33756,0.33764,0.33735,0.33753,372731.32466
2025-09-27 18:00:00,0.33749,0.33777,0.33746,0.33758,295689.09777
2025-09-27 19:00:00,0.33758,0.33786,0.3374,0.33777,472222.042258
2025-09-27 20:00:00,0.33777,0.33793,0.33758,0.33792,168781.957052
2025-09-27 21:00:00,0.33793,0.33813,0.33696,0.33708,532909.522473
2025-09-27 22:00:00,0.33708,0.33714,0.33678,0.33689,206149.875911
2025-09-27 23:00:00,0.33691,0.33716,0.33652,0.33656,334877.503318
2025-09-28 00:00:00,0.33654,0.33671,0.33619,0.33646,406807.514493
2025-09-28 01:00:00,0.33646,0.33646,0.33566,0.33581,1389753.418617
2025-09-28 02:00:00,0.33581,0.33704,0.33581,0.33634,801534.334595
2025-09-28 03:00:00,0.33635,0.33667,0.33586,0.33663,368494.315138
2025-09-28 04:00:00,0.33661,0.33737,0.3361,0.33716,763468.761498
2025-09-28 05:00:00,0.33715,0.33727,0.33661,0.33663,559065.337558
2025-09-28 06:00:00,0.33663,0.33691,0.33596,0.33631,572553.326104
2025-09-28 07:00:00,0.33633,0.33677,0.33596,0.33671,622829.200275
2025-09-28 08:00:00,0.33672,0.33685,0.33645,0.3366,427548.208249
2025-09-28 09:00:00,0.3366,0.33688,0.33569,0.3359,808912.367515
2025-09-28 10:00:00,0.3359,0.33612,0.33553,0.33596,870027.785032
2025-09-28 11:00:00,0.33595,0.33619,0.33571,0.3361,373413.685425
2025-09-28 12:00:00,0.3361,0.33635,0.33569,0.33629,426261.789253
2025-09-28 13:00:00,0.33627,0.33664,0.33598,0.3366,605715.00677
2025-09-28 14:00:00,0.33661,0.33662,0.33606,0.33621,444927.845685
2025-09-28 15:00:00,0.33623,0.33659,0.33596,0.33616,610755.790828
2025-09-28 16:00:00,0.33617,0.33646,0.33551,0.33571,778720.863544
2025-09-28 17:00:00,0.33569,0.33597,0.33458,0.335,710270.070335
2025-09-28 18:00:00,0.335,0.335,0.3341,0.33472,482344.127201
2025-09-28 19:00:00,0.33472,0.33474,0.33417,0.33452,254049.54174
2025-09-28 20:00:00,0.33452,0.33463,0.334,0.33459,488924.186537
2025-09-28 21:00:00,0.33459,0.335,0.33412,0.33446,655111.456979
2025-09-28 22:00:00,0.33448,0.33604,0.33448,0.33523,909150.531477
2025-09-28 23:00:00,0.33527,0.33608,0.33508,0.33572,676779.365694
2025-09-29 00:00:00,0.33572,0.33587,0.33508,0.33534,750510.923548
2025-09-29 01:00:00,0.33534,0.33587,0.33512,0.33522,611859.241387
2025-09-29 02:00:00,0.33521,0.33583,0.33521,0.33574,737962.726564
2025-09-29 03:00:00,0.33575,0.33644,0.33565,0.33607,1073389.548932
2025-09-29 04:00:00,0.33609,0.33616,0.33501,0.33526,485790.634598
2025-09-29 05:00:00,0.33525,0.33551,0.33499,0.33531,401068.689021
2025-09-29 06:00:00,0.33531,0.33547,0.33491,0.33503,313877.460537
2025-09-29 07:00:00,0.33505,0.33522,0.33443,0.33451,664857.88804
2025-09-29 08:00:00,0.33452,0.33506,0.33403,0.33403,766730.059708
2025-09-29 09:00:00,0.33402,0.3342,0.33286,0.33301,950531.235903
2025-09-29 10:00:00,0.33301,0.33369,0.33236,0.3334,758282.61026
2025-09-29 11:00:00,0.33341,0.33381,0.333,0.33349,454983.011051
2025-09-29 12:00:00,0.33349,0.33349,0.33286,0.33319,824463.002763
2025-09-29 13:00:00,0.33319,0.33504,0.333,0.33448,1348795.121399
2025-09-29 14:00:00,0.33448,0.33579,0.33415,0.33553,801866.022506
2025-09-29 15:00:00,0.33554,0.33615,0.3351,0.33569,962840.9037
2025-09-29 16:00:00,0.33571,0.33631,0.33571,0.33586,764421.061495
2025-09-29 17:00:00,0.33586,0.33729,0.33555,0.33705,1285806.685811
2025-09-29 18:00:00,0.33705,0.3374,0.33645,0.33647,901302.462091
2025-09-29 19:00:00,0.33647,0.33674,0.33608,0.33609,706404.759531
2025-09-29 20:00:00,0.33607,0.33651,0.33592,0.3362,804166.174477
2025-09-29 21:00:00,0.33621,0.33676,0.33621,0.33655,595756.438717
2025-09-29 22:00:00,0.33649,0.33777,0.33633,0.33763,885470.121695
2025-09-29 23:00:00,0.33762,0.33774,0.33681,0.33682,507825.487364
2025-09-30 00:00:00,0.33689,0.33717,0.33657,0.33657,297236.093512
2025-09-30 01:00:00,0.3366,0.33715,0.33642,0.33688,653712.345942
2025-09-30 02:00:00,0.33688,0.33688,0.33621,0.33641,397413.577824
2025-09-30 03:00:00,0.33645,0.33796,0.33638,0.33718,771732.574821
2025-09-30 04:00:00,0.33717,0.33723,0.3365,0.33674,627714.539159
2025-09-30 05:00:00,0.33674,0.33679,0.33626,0.33652,430300.087227
2025-09-30 06:00:00,0.33651,0.33663,0.336,0.33622,421155.27517
2025-09-30 07:00:00,0.33622,0.33657,0.33603,0.33643,703114.377602
2025-09-30 08:00:00,0.33643,0.3372,0.33627,0.33658,541177.362715
2025-09-30 09:00:00,0.33659,0.33742,0.33649,0.33711,980178.991316
2025-09-30 10:00:00,0.33711,0.33713,0.33648,0.33669,590703.673158
2025-09-30 11:00:00,0.33669,0.33704,0.3365,0.33661,662301.325056
2025-09-30 12:00:00,0.33661,0.33692,0.33502,0.33533,703904.969996
2025-09-30 13:00:00,0.33534,0.33545,0.33316,0.33362,620334.974961
2025-09-30 14:00:00,0.3336,0.33405,0.33306,0.33382,610265.626854
2025-09-30 15:00:00,0.33382,0.33458,0.33267,0.33321,729770.980371
2025-09-30 16:00:00,0.33319,0.33373,0.33302,0.33354,1339444.736485
2025-09-30 17:00:00,0.33354,0.33361,0.3326,0.33304,468851.072747
2025-09-30 18:00:00,0.33301,0.33417,0.33279,0.33341,1734843.942674
2025-09-30 19:00:00,0.33341,0.3336,0.33263,0.33269,368897.455843
2025-09-30 20:00:00,0.33269,0.33274,0.33144,0.33263,1174260.779697
2025-09-30 21:00:00,0.33257,0.33313,0.33205,0.33205,446314.704723
2025-09-30 22:00:00,0.33205,0.33316,0.33195,0.33305,347059.587763
2025-09-30 23:00:00,0.33306,0.33428,0.33234,0.33356,500302.088536
2025-10-01 00:00:00,0.33361,0.33394,0.33307,0.33348,776495.094063
2025-10-01 01:00:00,0.33347,0.33355,0.3331,0.33333,777543.772334
2025-10-01 02:00:00,0.33332,0.33403,0.33305,0.33336,450191.189896
2025-10-01 03:00:00,0.33335,0.33465,0.33318,0.33381,435248.371443
2025-10-01 04:00:00,0.33382,0.33479,0.33382,0.33468,334387.710463
2025-10-01 05:00:00,0.33467,0.33504,0.33421,0.33444,298696.89762
2025-10-01 06:00:00,0.33443,0.33454,0.33377,0.33399,479099.729367
2025-10-01 07:00:00,0.33398,0.33463,0.33395,0.33442,336796.693001
2025-10-01 08:00:00,0.33435,0.33704,0.33418,0.33691,1888943.778908
2025-10-01 09:00:00,0.33696,0.33869,0.33688,0.33829,2058790.933735
2025-10-01 10:00:00,0.33828,0.33879,0.33763,0.3387,947451.077275
2025-10-01 11:00:00,0.33868,0.33958,0.33797,0.33812,1109587.521309
2025-10-01 12:00:00,0.33814,0.3395,0.33791,0.33807,1449947.35301
2025-10-01 13:00:00,0.33806,0.33938,0.33805,0.33862,827197.61275
2025-10-01 14:00:00,0.33866,0.34055,0.33848,0.33963,1582714.35692
2025-10-01 15:00:00,0.33963,0.34026,0.33949,0.33982,1180980.339016
2025-10-01 16:00:00,0.33985,0.34115,0.33958,0.34052,1410094.148105
2025-10-01 17:00:00,0.34051,0.34099,0.34012,0.34065,846504.260744
2025-10-01 18:00:00,0.34065,0.34139,0.3404,0.34126,1669201.873766
2025-10-01 19:00:00,0.34127,0.34236,0.34114,0.34206,1329848.879652
2025-10-01 20:00:00,0.34207,0.34216,0.34122,0.34139,292190.17973
2025-10-01 21:00:00,0.3414,0.34166,0.34112,0.34139,345430.638607
2025-10-01 22:00:00,0.34137,0.34172,0.34107,0.34149,457516.464852
2025-10-01 23:00:00,0.34149,0.34197,0.34133,0.34155,411630.502575
2025-10-02 00:00:00,0.34157,0.34219,0.3411,0.34129,515152.624375
2025-10-02 01:00:00,0.34129,0.34257,0.34102,0.34228,1023234.508049
2025-10-02 02:00:00,0.34229,0.34262,0.34161,0.34238,493351.113116
2025-10-02 03:00:00,0.34239,0.3425,0.34095,0.34123,813209.643534
2025-10-02 04:00:00,0.34123,0.34217,0.34073,0.3419,550339.793904
2025-10-02 05:00:00,0.34191,0.34199,0.34123,0.34174,488525.565441
2025-10-02 06:00:00,0.34174,0.34269,0.34148,0.34184,710884.271286
2025-10-02 07:00:00,0.34183,0.34194,0.34142,0.34169,560337.696072
2025-10-02 08:00:00,0.34174,0.34176,0.34107,0.34122,521601.107535
2025-10-02 09:00:00,0.34122,0.34155,0.34096,0.34136,652793.028497
2025-10-02 10:00:00,0.34136,0.34136,0.3408,0.34098,649399.53296
2025-10-02 11:00:00,0.34099,0.34167,0.34089,0.34144,800932.203242
2025-10-02 12:00:00,0.34144,0.3419,0.34117,0.34164,498733.360996
2025-10-02 13:00:00,0.34164,0.34206,0.34125,0.34185,662206.968513
2025-10-02 14:00:00,0.34187,0.3425,0.34109,0.34146,772472.495589
2025-10-02 15:00:00,0.34148,0.3423,0.34098,0.34212,612346.466848
2025-10-02 16:00:00,0.34211,0.34299,0.34192,0.34236,889559.068678
2025-10-02 17:00:00,0.34235,0.343,0.3423,0.34299,661452.144608
2025-10-02 18:00:00,0.343,0.3437,0.34283,0.34358,385533.85232
2025-10-02 19:00:00,0.34359,0.34405,0.34293,0.34317,409033.387847
2025-10-02 20:00:00,0.34317,0.34321,0.34226,0.34258,570498.482948
2025-10-02 21:00:00,0.34266,0.34307,0.34234,0.3426,271811.678968
2025-10-02 22:00:00,0.34262,0.34302,0.34255,0.34273,526989.340235
2025-10-02 23:00:00,0.34273,0.34311,0.34211,0.3426,440515.078955
2025-10-03 00:00:00,0.34263,0.34275,0.34218,0.34252,651897.877986
2025-10-03 01:00:00,0.34256,0.34286,0.34241,0.34264,496167.450366
2025-10-03 02:00:00,0.34263,0.34398,0.34259,0.34333,467556.331126
2025-10-03 03:00:00,0.34335,0.34446,0.34332,0.34362,412478.238512
2025-10-03 04:00:00,0.34363,0.34431,0.34339,0.34424,376787.052687
2025-10-03 05:00:00,0.34422,0.34438,0.34338,0.34358,338828.806536
2025-10-03 06:00:00,0.34361,0.34458,0.34339,0.34437,714449.965917
2025-10-03 07:00:00,0.34436,0.34459,0.34329,0.34393,563132.770898
2025-10-03 08:00:00,0.34393,0.34399,0.34153,0.34245,1515814.497412
2025-10-03 09:00:00,0.34245,0.34277,0.34183,0.34245,952297.47795
2025-10-03 10:00:00,0.34244,0.34362,0.34213,0.34356,561800.521341
2025-10-03 11:00:00,0.34356,0.34369,0.34287,0.34349,614024.647177
2025-10-03 12:00:00,0.34349,0.34379,0.34256,0.34264,652742.334728
2025-10-03 13:00:00,0.34265,0.34337,0.34224,0.34235,1173427.642568
2025-10-03 14:00:00,0.34231,0.3425,0.34174,0.34197,522744.093695
2025-10-03 15:00:00,0.34196,0.34387,0.34182,0.3437,1701537.074769
2025-10-03 16:00:00,0.3438,0.34594,0.34352,0.3449,2298277.252443
2025-10-03 17:00:00,0.34492,0.34495,0.34311,0.3435,1067127.658044
2025-10-03 18:00:00,0.34347,0.34415,0.34315,0.34363,566342.574231
2025-10-03 19:00:00,0.34363,0.34378,0.34206,0.34281,1432508.624183
2025-10-03 20:00:00,0.34281,0.34282,0.34097,0.34254,2479348.657882
2025-10-03 21:00:00,0.34254,0.34272,0.34206,0.34214,315788.373335
2025-10-03 22:00:00,0.34212,0.34214,0.34142,0.34184,468547.36166
2025-10-03 23:00:00,0.34183,0.34206,0.34107,0.34193,401822.947198
2025-10-04 00:00:00,0.34194,0.34233,0.34172,0.34233,304039.362914
2025-10-04 01:00:00,0.34233,0.34244,0.34205,0.34244,630257.333297
2025-10-04 02:00:00,0.34244,0.34251,0.3412,0.34211,715329.311369
2025-10-04 03:00:00,0.34211,0.34214,0.34134,0.34141,371705.545807
2025-10-04 04:00:00,0.34139,0.34139,0.3402,0.34043,534436.567438
2025-10-04 05:00:00,0.34047,0.34081,0.34007,0.34059,467689.185436
2025-10-04 06:00:00,0.34059,0.34107,0.34014,0.34053,524638.251223
2025-10-04 07:00:00,0.34053,0.34058,0.34006,0.34057,721620.300795
2025-10-04 08:00:00,0.34055,0.34057,0.33991,0.34,613365.118426
2025-10-04 09:00:00,0.33997,0.34094,0.33959,0.34069,2124622.888318
2025-10-04 10:00:00,0.34067,0.34133,0.33996,0.34027,1030249.577038
2025-10-04 11:00:00,0.34027,0.34074,0.34003,0.3407,608812.437063
2025-10-04 12:00:00,0.3407,0.34074,0.33998,0.34026,503260.27477
2025-10-04 13:00:00,0.34028,0.3408,0.34023,0.3404,551217.61931
2025-10-04 14:00:00,0.34041,0.34083,0.34003,0.34018,499855.556184
2025-10-04 15:00:00,0.34017,0.34053,0.3396,0.34039,940361.601759
2025-10-04 16:00:00,0.34039,0.3406,0.33973,0.33989,957195.000241
2025-10-04 17:00:00,0.33989,0.34006,0.33962,0.33987,302408.455347
2025-10-04 18:00:00,0.33985,0.34005,0.3396,0.33968,232693.710504
2025-10-04 19:00:00,0.33968,0.33996,0.33922,0.33996,261935.756582
2025-10-04 20:00:00,0.33996,0.34014,0.33965,0.34009,312341.249466
2025-10-04 21:00:00,0.34011,0.34121,0.34011,0.34093,501269.72745
2025-10-04 22:00:00,0.34095,0.34124,0.33996,0.34031,223401.410788
2025-10-04 23:00:00,0.34033,0.34053,0.33996,0.34044,246889.293336
2025-10-05 00:00:00,0.34046,0.34056,0.33969,0.34034,602068.297339
2025-10-05 01:00:00,0.34034,0.34111,0.34021,0.34093,1054120.81989
2025-10-05 02:00:00,0.34094,0.34228,0.34019,0.34169,1103797.844333
2025-10-05 03:00:00,0.34169,0.34202,0.34118,0.34124,720117.424429
2025-10-05 04:00:00,0.34125,0.34301,0.3412,0.34271,620866.589826
2025-10-05 05:00:00,0.34271,0.34294,0.34213,0.34216,1029957.382178
2025-10-05 06:00:00,0.34216,0.34244,0.3416,0.3418,696101.613154
2025-10-05 07:00:00,0.34179,0.3435,0.34178,0.34313,617336.22371
2025-10-05 08:00:00,0.34314,0.34451,0.34252,0.34313,1413744.273971
2025-10-05 09:00:00,0.34314,0.3433,0.34238,0.34287,1017715.788453
2025-10-05 10:00:00,0.34289,0.34301,0.34196,0.34228,501485.036018
2025-10-05 11:00:00,0.34228,0.34235,0.34195,0.34217,298378.604001
2025-10-05 12:00:00,0.34219,0.34238,0.34167,0.34189,871094.167421
2025-10-05 13:00:00,0.34194,0.34227,0.34171,0.34225,430405.781345
2025-10-05 14:00:00,0.34225,0.3428,0.34221,0.34278,480723.00015
2025-10-05 15:00:00,0.34278,0.34282,0.34216,0.34237,447345.1576
2025-10-05 16:00:00,0.34234,0.34248,0.34166,0.34201,1124341.242274
2025-10-05 17:00:00,0.342,0.34225,0.34081,0.34103,806270.318613
2025-10-05 18:00:00,0.341,0.34169,0.34067,0.34152,539611.262795
2025-10-05 19:00:00,0.34154,0.34154,0.34061,0.34071,291798.002527
2025-10-05 20:00:00,0.34072,0.34154,0.34064,0.34137,388724.060312
2025-10-05 21:00:00,0.34137,0.3419,0.34134,0.34183,442319.969062
2025-10-05 22:00:00,0.34186,0.34211,0.34056,0.34081,574875.75501
2025-10-05 23:00:00,0.34082,0.34152,0.34067,0.34146,475741.377349
2025-10-06 00:00:00,0.34145,0.34217,0.34062,0.34075,488719.959831
2025-10-06 01:00:00,0.34077,0.34134,0.34035,0.34079,527539.805883
2025-10-06 02:00:00,0.34077,0.34174,0.34037,0.34138,678609.693401
2025-10-06 03:00:00,0.34137,0.34161,0.34106,0.34152,340246.479904
2025-10-06 04:00:00,0.34154,0.34251,0.34126,0.34205,368353.273563
2025-10-06 05:00:00,0.34205,0.34235,0.34155,0.34216,532771.556059
2025-10-06 06:00:00,0.34217,0.34341,0.34217,0.34298,1383578.406075
2025-10-06 07:00:00,0.34302,0.34415,0.34278,0.34309,1381379.867625
2025-10-06 08:00:00,0.34309,0.3454,0.34309,0.34367,2866605.152816
2025-10-06 09:00:00,0.34369,0.34458,0.34343,0.34442,915459.906875
2025-10-06 10:00:00,0.34445,0.34454,0.34395,0.34437,500145.060901
2025-10-06 11:00:00,0.3444,0.3446,0.34317,0.34335,840886.835507
2025-10-06 12:00:00,0.34336,0.34379,0.34286,0.34377,904000.259097
2025-10-06 13:00:00,0.34375,0.34512,0.34318,0.34501,786030.910973
2025-10-06 14:00:00,0.3451,0.34643,0.34492,0.34531,1420849.522036
2025-10-06 15:00:00,0.34527,0.34663,0.34527,0.3455,1202494.341306
2025-10-06 16:00:00,0.34549,0.34609,0.34546,0.34604,798547.159773
2025-10-06 17:00:00,0.34603,0.34736,0.34567,0.34629,628992.615383
2025-10-06 18:00:00,0.34629,0.34667,0.3458,0.34655,436494.403815
2025-10-06 19:00:00,0.34653,0.34677,0.346,0.34615,527457.559562
2025-10-06 20:00:00,0.34613,0.34652,0.34594,0.3462,301535.417295
2025-10-06 21:00:00,0.34619,0.34646,0.3454,0.34644,766069.544359
2025-10-06 22:00:00,0.34641,0.34714,0.3461,0.34619,536674.21857
2025-10-06 23:00:00,0.34619,0.34643,0.34584,0.3462,476638.3934
2025-10-07 00:00:00,0.34627,0.34673,0.34588,0.34662,243203.975714
2025-10-07 01:00:00,0.34663,0.34717,0.34589,0.34696,896555.097873
2025-10-07 02:00:00,0.34697,0.34699,0.34617,0.34634,456980.866965
2025-10-07 03:00:00,0.34634,0.34646,0.34581,0.34606,286114.936283
2025-10-07 04:00:00,0.34605,0.34605,0.34508,0.34572,744414.596757
2025-10-07 05:00:00,0.34572,0.34578,0.34487,0.34559,470573.915933
2025-10-07 06:00:00,0.34558,0.34566,0.34431,0.34445,526081.413308
2025-10-07 07:00:00,0.34444,0.34501,0.34427,0.34486,953479.973758
2025-10-07 08:00:00,0.34485,0.34528,0.34381,0.34494,904109.211176
2025-10-07 09:00:00,0.34493,0.34572,0.34429,0.34437,1107287.950372
2025-10-07 10:00:00,0.34434,0.34484,0.34417,0.34447,512974.715743
2025-10-07 11:00:00,0.34448,0.34462,0.34412,0.34423,493180.096731
2025-10-07 12:00:00,0.34421,0.34533,0.34399,0.34529,623094.622637
2025-10-07 13:00:00,0.34532,0.34562,0.3436,0.34428,917835.400071
2025-10-07 14:00:00,0.34433,0.34463,0.34233,0.34238,1242929.672745
2025-10-07 15:00:00,0.34237,0.34275,0.33935,0.33987,2736422.847396
2025-10-07 16:00:00,0.33987,0.33987,0.33716,0.33828,2075592.727982
2025-10-07 17:00:00,0.33833,0.33889,0.33789,0.33801,570788.153168
2025-10-07 18:00:00,0.33802,0.33825,0.33752,0.33752,286250.863147
2025-10-07 19:00:00,0.33755,0.33837,0.3373,0.33768,833406.323444
2025-10-07 20:00:00,0.33772,0.33951,0.33747,0.33911,777140.547489
2025-10-07 21:00:00,0.33901,0.33926,0.33816,0.33847,301164.791853
2025-10-07 22:00:00,0.33846,0.33904,0.33823,0.3385,255373.003572
2025-10-07 23:00:00,0.33851,0.33851,0.33773,0.33776,604773.996628
2025-10-08 00:00:00,0.33775,0.33808,0.33652,0.33696,755093.409945
2025-10-08 01:00:00,0.33701,0.33746,0.33666,0.33727,680912.700216
2025-10-08 02:00:00,0.33727,0.3386,0.33717,0.33762,679701.68625
2025-10-08 03:00:00,0.33763,0.33763,0.33641,0.33663,638197.200423
2025-10-08 04:00:00,0.33663,0.33735,0.33618,0.33728,675766.2475
2025-10-08 05:00:00,0.33729,0.33729,0.33637,0.33693,817461.293186
2025-10-08 06:00:00,0.33693,0.33706,0.33649,0.33687,508976.941359
2025-10-08 07:00:00,0.33687,0.33737,0.33654,0.33732,493098.48219
2025-10-08 08:00:00,0.33732,0.33782,0.3367,0.33683,649341.0446
2025-10-08 09:00:00,0.33682,0.33708,0.33668,0.33702,1022676.103043
2025-10-08 10:00:00,0.33707,0.33749,0.33671,0.33734,669526.263065
2025-10-08 11:00:00,0.33736,0.33839,0.33717,0.33811,763204.777732
2025-10-08 12:00:00,0.3381,0.33829,0.33742,0.33785,917951.347699
2025-10-08 13:00:00,0.33785,0.33787,0.33669,0.33738,480064.787144
2025-10-08 14:00:00,0.33736,0.33824,0.33669,0.33685,1136659.403654
2025-10-08 15:00:00,0.33684,0.33712,0.33643,0.33668,735939.378336
2025-10-08 16:00:00,0.3367,0.33854,0.33662,0.33831,1125750.384678
2025-10-08 17:00:00,0.33831,0.33992,0.3379,0.33937,1394315.154846
2025-10-08 18:00:00,0.33938,0.34023,0.33912,0.33994,1112024.647428
2025-10-08 19:00:00,0.33994,0.34192,0.33968,0.34157,1791470.208196
2025-10-08 20:00:00,0.34159,0.34199,0.34107,0.34115,946021.426075
2025-10-08 21:00:00,0.34116,0.342,0.34116,0.34172,501748.077255
2025-10-08 22:00:00,0.34172,0.34267,0.34171,0.34176,780178.298817
2025-10-08 23:00:00,0.34176,0.3424,0.34144,0.3421,569018.636991
2025-10-09 00:00:00,0.34211,0.34239,0.34154,0.34167,545127.496373
2025-10-09 01:00:00,0.34167,0.34167,0.34015,0.34113,1164568.075732
2025-10-09 02:00:00,0.34114,0.34115,0.33859,0.33898,1181937.653722
2025-10-09 03:00:00,0.33898,0.34087,0.33896,0.34037,1280291.475196
2025-10-09 04:00:00,0.34035,0.34075,0.33979,0.33997,877202.988592
2025-10-09 05:00:00,0.33997,0.34015,0.3392,0.33971,552865.058301
2025-10-09 06:00:00,0.33973,0.33977,0.33856,0.33898,420636.274676
2025-10-09 07:00:00,0.33898,0.3391,0.33812,0.33876,535555.630959
2025-10-09 08:00:00,0.33873,0.3389,0.33618,0.33619,1257825.1682
2025-10-09 09:00:00,0.33618,0.33725,0.33611,0.3369,1120003.417677
2025-10-09 10:00:00,0.33689,0.33766,0.33641,0.3373,538414.249091
2025-10-09 11:00:00,0.3373,0.33795,0.33721,0.3377,726430.164634
2025-10-09 12:00:00,0.33772,0.33902,0.33751,0.33843,830223.62161
2025-10-09 13:00:00,0.33843,0.33848,0.3372,0.3372,933981.13536
2025-10-09 14:00:00,0.33723,0.33745,0.33526,0.33605,878155.993602
2025-10-09 15:00:00,0.3361,0.33712,0.33461,0.33541,1619392.74441
2025-10-09 16:00:00,0.33541,0.33608,0.3341,0.33425,1097490.203844
2025-10-09 17:00:00,0.33427,0.33631,0.33418,0.3363,627523.02964
2025-10-09 18:00:00,0.33631,0.33694,0.33567,0.33585,404557.03846
2025-10-09 19:00:00,0.33585,0.3369,0.33579,0.33663,374543.765314
2025-10-09 20:00:00,0.33662,0.33699,0.33612,0.33619,438019.232382
2025-10-09 21:00:00,0.33621,0.33643,0.3359,0.33611,249382.885511
2025-10-09 22:00:00,0.33609,0.33703,0.33589,0.33675,345313.207303
2025-10-09 23:00:00,0.33675,0.33699,0.33599,0.33699,319391.271775
2025-10-10 00:00:00,0.337,0.337,0.33627,0.33657,296390.647623
2025-10-10 01:00:00,0.3366,0.33701,0.33629,0.3364,844770.330724
2025-10-10 02:00:00,0.3364,0.33666,0.33608,0.33618,711803.741604
2025-10-10 03:00:00,0.33618,0.33726,0.33585,0.3365,853426.695601
2025-10-10 04:00:00,0.33644,0.3369,0.3361,0.3363,413545.744405
2025-10-10 05:00:00,0.3363,0.33636,0.3357,0.33626,502138.976523
2025-10-10 06:00:00,0.33626,0.33641,0.33574,0.33614,1065324.123536
2025-10-10 07:00:00,0.33612,0.33613,0.33481,0.33498,841106.198056
2025-10-10 08:00:00,0.33502,0.33574,0.33493,0.33568,724822.237153
2025-10-10 09:00:00,0.33568,0.33569,0.33373,0.3339,1340848.185676
2025-10-10 10:00:00,0.33391,0.33494,0.33377,0.33483,721202.951237
2025-10-10 11:00:00,0.33484,0.33564,0.33459,0.33555,500513.77681
2025-10-10 12:00:00,0.33553,0.33554,0.33493,0.33519,432026.286431
2025-10-10 13:00:00,0.3352,0.33621,0.33485,0.33536,1633419.803466
2025-10-10 14:00:00,0.33543,0.33578,0.333,0.33344,1363150.730849
2025-10-10 15:00:00,0.33341,0.33347,0.3276,0.33032,7008339.906149
2025-10-10 16:00:00,0.33033,0.33183,0.33026,0.33112,2043897.549011
2025-10-10 17:00:00,0.33103,0.33181,0.33057,0.33132,1340997.993543
2025-10-10 18:00:00,0.33131,0.33227,0.33109,0.3318,676239.133706
2025-10-10 19:00:00,0.33182,0.33228,0.33027,0.33061,1184868.832242
2025-10-10 20:00:00,0.33065,0.33094,0.325,0.32546,5854897.03679
2025-10-10 21:00:00,0.32547,0.32651,0.30195,0.32013,23462871.128007
2025-10-10 22:00:00,0.32001,0.32101,0.31401,0.3198,11007276.341445
2025-10-10 23:00:00,0.3198,0.32125,0.3175,0.32049,4285839.986164
2025-10-11 00:00:00,0.32042,0.32104,0.31856,0.3201,3446927.09733
2025-10-11 01:00:00,0.3201,0.32037,0.31756,0.318,2223391.605838
2025-10-11 02:00:00,0.31797,0.31898,0.31776,0.31871,1858106.889838
2025-10-11 03:00:00,0.31866,0.3187,0.31593,0.31637,2123899.878923
2025-10-11 04:00:00,0.31636,0.31713,0.31563,0.31713,1227763.433616
2025-10-11 05:00:00,0.31714,0.31789,0.31647,0.31728,849381.047969
2025-10-11 06:00:00,0.31727,0.31873,0.31657,0.31812,960088.834452
2025-10-11 07:00:00,0.31813,0.3185,0.31582,0.31651,1514062.115887
2025-10-11 08:00:00,0.3165,0.31869,0.31622,0.31859,1206518.872442
2025-10-11 09:00:00,0.3186,0.3194,0.31824,0.31933,1283929.146749
2025-10-11 10:00:00,0.31934,0.3199,0.31864,0.31939,798872.696624
2025-10-11 11:00:00,0.31938,0.31947,0.31841,0.31905,377808.113852
2025-10-11 12:00:00,0.31905,0.31944,0.31872,0.31929,723739.204705
2025-10-11 13:00:00,0.31926,0.31957,0.31839,0.31948,698703.989256
2025-10-11 14:00:00,0.31947,0.32012,0.31904,0.31941,1594016.850696
2025-10-11 15:00:00,0.31947,0.31985,0.31914,0.31965,532662.989196
2025-10-11 16:00:00,0.31966,0.32006,0.31941,0.31979,931352.383049
2025-10-11 17:00:00,0.3198,0.31994,0.31929,0.31968,611778.750626
2025-10-11 18:00:00,0.3197,0.31985,0.319,0.31901,739867.400452
2025-10-11 19:00:00,0.31901,0.31901,0.31636,0.31651,1069276.934933
2025-10-11 20:00:00,0.31657,0.3172,0.3129,0.31337,2024018.697792
2025-10-11 21:00:00,0.31335,0.31388,0.31149,0.31388,1285147.505118
2025-10-11 22:00:00,0.31391,0.31459,0.31358,0.31414,970750.387748
2025-10-11 23:00:00,0.31415,0.31463,0.31381,0.31441,745920.318737
2025-10-12 00:00:00,0.31444,0.31457,0.31072,0.31102,1427145.910622
2025-10-12 01:00:00,0.31102,0.31164,0.3108,0.31105,1243767.717053
2025-10-12 02:00:00,0.31108,0.31269,0.31093,0.31196,1528629.133828
2025-10-12 03:00:00,0.31195,0.3146,0.31192,0.31377,908155.301029
2025-10-12 04:00:00,0.31378,0.31558,0.31361,0.31511,874609.20143
2025-10-12 05:00:00,0.31511,0.31549,0.3148,0.31482,613914.61204
2025-10-12 06:00:00,0.31474,0.31588,0.31468,0.31569,590472.29591
2025-10-12 07:00:00,0.3156,0.31595,0.31501,0.31557,776820.919774
2025-10-12 08:00:00,0.31558,0.31564,0.31403,0.31449,1740045.060529
2025-10-12 09:00:00,0.3145,0.31494,0.31384,0.31477,1031342.204465
2025-10-12 10:00:00,0.3149,0.3153,0.31412,0.31429,894961.757232
2025-10-12 11:00:00,0.31429,0.31468,0.31418,0.3143,624906.320836
2025-10-12 12:00:00,0.31432,0.31634,0.31419,0.31594,1088655.355999
2025-10-12 13:00:00,0.3159,0.31605,0.31502,0.31526,767010.175252
2025-10-12 14:00:00,0.31534,0.32046,0.3153,0.31868,1967801.413199
2025-10-12 15:00:00,0.31876,0.32318,0.31857,0.3229,2730474.148854
2025-10-12 16:00:00,0.32288,0.32411,0.32236,0.32266,3002162.332448
2025-10-12 17:00:00,0.32274,0.32399,0.3226,0.32318,1265281.733964
2025-10-12 18:00:00,0.3232,0.32339,0.32212,0.32237,790312.822501
2025-10-12 19:00:00,0.32237,0.32261,0.32205,0.32242,340695.59638
2025-10-12 20:00:00,0.32242,0.32299,0.32202,0.3223,874065.380964
2025-10-12 21:00:00,0.32231,0.32255,0.32136,0.32246,702657.524384
2025-10-12 22:00:00,0.32249,0.32314,0.32191,0.32251,475655.469603
2025-10-12 23:00:00,0.3225,0.32294,0.32193,0.32285,599870.722159
2025-10-13 00:00:00,0.32281,0.32349,0.3222,0.32268,864951.068312
2025-10-13 01:00:00,0.32267,0.32379,0.32209,0.32379,809203.138206
2025-10-13 02:00:00,0.32379,0.32431,0.32328,0.32336,959806.173378
2025-10-13 03:00:00,0.32339,0.32434,0.32331,0.32373,1182188.221618
2025-10-13 04:00:00,0.32373,0.32378,0.32308,0.32327,765908.695939
2025-10-13 05:00:00,0.32324,0.32325,0.3223,0.32239,654086.734682
2025-10-13 06:00:00,0.32245,0.32325,0.32216,0.32283,763064.186449
2025-10-13 07:00:00,0.32285,0.32374,0.32263,0.32302,599257.404388
2025-10-13 08:00:00,0.32302,0.32348,0.32245,0.32264,764671.13824
2025-10-13 09:00:00,0.32262,0.32286,0.3211,0.32161,1865414.163633
2025-10-13 10:00:00,0.32161,0.32191,0.32071,0.32163,1367510.401378
2025-10-13 11:00:00,0.32162,0.32201,0.32,0.32053,1673511.823617
2025-10-13 12:00:00,0.32053,0.32152,0.3201,0.32079,693481.081246
2025-10-13 13:00:00,0.32079,0.32211,0.32036,0.32195,673015.101787
2025-10-13 14:00:00,0.32194,0.32231,0.31987,0.32012,1568101.239129
2025-10-13 15:00:00,0.32013,0.32126,0.32004,0.3208,794594.295886
2025-10-13 16:00:00,0.32084,0.32168,0.32033,0.32079,1162657.595436
2025-10-13 17:00:00,0.32078,0.32326,0.32065,0.32326,1206476.374996
2025-10-13 18:00:00,0.32324,0.3236,0.32237,0.3225,1218314.566574
2025-10-13 19:00:00,0.32247,0.32386,0.32244,0.32346,1415568.353929
2025-10-13 20:00:00,0.3235,0.324,0.32319,0.32398,610043.446146
2025-10-13 21:00:00,0.32398,0.32421,0.32347,0.32361,630070.614267
2025-10-13 22:00:00,0.32363,0.32388,0.3228,0.32332,465816.042622
2025-10-13 23:00:00,0.32333,0.32333,0.3224,0.32264,711025.296159
2025-10-14 00:00:00,0.32264,0.32316,0.32133,0.32253,709107.058726
2025-10-14 01:00:00,0.32254,0.32268,0.322,0.32224,687695.609964
2025-10-14 02:00:00,0.32224,0.32238,0.32141,0.32147,774796.406748
2025-10-14 03:00:00,0.3215,0.32154,0.32011,0.32051,1106750.986735
2025-10-14 04:00:00,0.32051,0.32053,0.31787,0.31899,1563496.593575
2025-10-14 05:00:00,0.31893,0.31958,0.31688,0.31705,1924525.735723
2025-10-14 06:00:00,0.31705,0.31747,0.31134,0.31291,5349521.962422
2025-10-14 07:00:00,0.31288,0.31362,0.31088,0.31178,2619133.612073
2025-10-14 08:00:00,0.31179,0.31227,0.31055,0.31191,2802049.389639
2025-10-14 09:00:00,0.31186,0.31244,0.311,0.31143,1713656.921051
2025-10-14 10:00:00,0.3114,0.3114,0.30745,0.30879,3632528.751307
2025-10-14 11:00:00,0.3088,0.31168,0.30877,0.31123,1010298.505523
2025-10-14 12:00:00,0.31123,0.31169,0.30973,0.31006,1535266.657602
2025-10-14 13:00:00,0.31004,0.311,0.30827,0.31043,1419632.291872
2025-10-14 14:00:00,0.31032,0.31332,0.31003,0.31162,2188467.102874
2025-10-14 15:00:00,0.3117,0.31401,0.31054,0.31401,3191809.980826
2025-10-14 16:00:00,0.31402,0.31776,0.31323,0.31583,2862799.098744
2025-10-14 17:00:00,0.31584,0.31835,0.31457,0.31635,1293355.148112
2025-10-14 18:00:00,0.31642,0.3176,0.31617,0.31657,576198.024204
2025-10-14 19:00:00,0.31665,0.31728,0.3134,0.31504,1272668.29557
2025-10-14 20:00:00,0.3151,0.31615,0.31501,0.3157,866021.881475
2025-10-14 21:00:00,0.31573,0.31685,0.31512,0.31667,643597.010235
2025-10-14 22:00:00,0.3167,0.31721,0.31607,0.31654,255067.366535
2025-10-14 23:00:00,0.31654,0.31761,0.31648,0.31678,526494.421361
2025-10-15 00:00:00,0.3168,0.31749,0.31618,0.31735,834649.729895
2025-10-15 01:00:00,0.31738,0.31757,0.31649,0.31728,486977.361106
2025-10-15 02:00:00,0.31727,0.31864,0.31726,0.31781,791007.660866
2025-10-15 03:00:00,0.31782,0.31797,0.31628,0.31673,919240.021965
2025-10-15 04:00:00,0.31672,0.3181,0.31632,0.31778,467029.174553
2025-10-15 05:00:00,0.31778,0.31845,0.31715,0.31752,544419.794402
2025-10-15 06:00:00,0.31752,0.31799,0.31658,0.31769,1028618.026233
2025-10-15 07:00:00,0.31773,0.31853,0.31704,0.31817,1446652.546897
2025-10-15 08:00:00,0.31815,0.321,0.31798,0.32016,2047029.335222
2025-10-15 09:00:00,0.32015,0.32096,0.31965,0.32073,1637688.024618
2025-10-15 10:00:00,0.32074,0.32153,0.31827,0.31852,2210471.178465
2025-10-15 11:00:00,0.31854,0.31893,0.31765,0.31796,3021012.752885
2025-10-15 12:00:00,0.31799,0.31839,0.31642,0.31733,761208.210096
2025-10-15 13:00:00,0.31734,0.3183,0.31563,0.31694,2289404.432636
2025-10-15 14:00:00,0.31695,0.31772,0.31395,0.31451,1584818.078258
2025-10-15 15:00:00,0.31454,0.31495,0.31151,0.31203,2333677.937296
2025-10-15 16:00:00,0.31204,0.31567,0.3114,0.31437,3141606.028019
2025-10-15 17:00:00,0.31438,0.31698,0.3136,0.31692,3107468.070311
2025-10-15 18:00:00,0.3169,0.31824,0.31614,0.31794,1244563.341591
2025-10-15 19:00:00,0.31796,0.31802,0.31674,0.31741,878923.082692
2025-10-15 20:00:00,0.31738,0.3185,0.31646,0.31771,1020926.768147
2025-10-15 21:00:00,0.31771,0.31895,0.31696,0.31827,767436.635423
2025-10-15 22:00:00,0.31829,0.31944,0.31829,0.31887,911841.980982
2025-10-15 23:00:00,0.31887,0.31996,0.31874,0.31931,400578.895378
2025-10-16 00:00:00,0.31935,0.32073,0.31908,0.31977,1784456.331141
2025-10-16 01:00:00,0.31978,0.32058,0.31967,0.32038,972900.475585
2025-10-16 02:00:00,0.32032,0.32109,0.31994,0.32089,1009475.215661
2025-10-16 03:00:00,0.32089,0.3224,0.32083,0.32144,2513687.625178
2025-10-16 04:00:00,0.32142,0.32193,0.32083,0.32089,1917576.3931
2025-10-16 05:00:00,0.3209,0.32113,0.32018,0.3204,616047.070296
2025-10-16 06:00:00,0.32041,0.32282,0.32041,0.32249,1027912.53935
2025-10-16 07:00:00,0.3225,0.32273,0.32151,0.32172,691007.792102
2025-10-16 08:00:00,0.32172,0.3219,0.32117,0.32164,520873.944791
2025-10-16 09:00:00,0.32168,0.32251,0.31957,0.32211,2413698.375154
2025-10-16 10:00:00,0.32213,0.32356,0.32213,0.32309,1841237.146587
2025-10-16 11:00:00,0.32308,0.32347,0.32263,0.32307,822660.862625
2025-10-16 12:00:00,0.32306,0.32366,0.3224,0.32243,609400.009354
2025-10-16 13:00:00,0.32243,0.32247,0.32106,0.32115,2985834.505259
2025-10-16 14:00:00,0.32113,0.32268,0.32037,0.32176,1010094.655873
2025-10-16 15:00:00,0.32176,0.32225,0.31764,0.31777,1271292.796774
2025-10-16 16:00:00,0.31774,0.3206,0.31694,0.3206,2167401.971361
2025-10-16 17:00:00,0.32062,0.32086,0.31942,0.31957,689269.950877
2025-10-16 18:00:00,0.31959,0.31959,0.31531,0.31728,1925855.122422
2025-10-16 19:00:00,0.31728,0.31785,0.31519,0.31527,1266441.088936
2025-10-16 20:00:00,0.31535,0.31593,0.3132,0.31409,910739.184857
2025-10-16 21:00:00,0.31415,0.31564,0.31355,0.31564,562886.407592
2025-10-16 22:00:00,0.31565,0.31591,0.31417,0.31425,632481.526724
2025-10-16 23:00:00,0.31417,0.3161,0.31399,0.31609,546506.965692
2025-10-17 00:00:00,0.31611,0.31709,0.31556,0.31687,621250.501735
2025-10-17 01:00:00,0.31688,0.31809,0.31618,0.31679,1144425.581025
2025-10-17 02:00:00,0.31673,0.31736,0.31568,0.31673,475532.49949
2025-10-17 03:00:00,0.31675,0.31735,0.31615,0.31664,416189.533453
2025-10-17 04:00:00,0.3167,0.31746,0.31666,0.31714,440879.53283
2025-10-17 05:00:00,0.31716,0.3178,0.31649,0.31674,462721.177519
2025-10-17 06:00:00,0.31677,0.31678,0.31175,0.31196,1724112.731918
2025-10-17 07:00:00,0.31196,0.31215,0.30766,0.30772,3662165.904126
2025-10-17 08:00:00,0.3077,0.30788,0.3055,0.30579,2716451.098148
2025-10-17 09:00:00,0.30579,0.30835,0.30568,0.30793,3068968.290191
2025-10-17 10:00:00,0.30788,0.3081,0.3064,0.30723,3207906.413493
2025-10-17 11:00:00,0.3073,0.31088,0.30723,0.31058,2902480.896241
2025-10-17 12:00:00,0.31062,0.31067,0.30836,0.30837,900351.906296
2025-10-17 13:00:00,0.30837,0.30871,0.30585,0.30777,1942383.852808
2025-10-17 14:00:00,0.30772,0.30819,0.30446,0.30587,1892861.446726
2025-10-17 15:00:00,0.30583,0.30904,0.30569,0.30904,1674448.740192
2025-10-17 16:00:00,0.30905,0.31056,0.30858,0.30896,1911832.232738
2025-10-17 17:00:00,0.30896,0.30954,0.30839,0.30918,500975.529188
2025-10-17 18:00:00,0.30918,0.31014,0.30851,0.30867,702987.329242
2025-10-17 19:00:00,0.30866,0.30953,0.30755,0.30797,547870.326554
2025-10-17 20:00:00,0.308,0.31009,0.3076,0.30955,934539.016522
2025-10-17 21:00:00,0.30953,0.31057,0.30946,0.30987,854796.531526
2025-10-17 22:00:00,0.30987,0.3102,0.309,0.30929,292155.793927
2025-10-17 23:00:00,0.30929,0.30929,0.30881,0.30895,184373.390855
2025-10-18 00:00:00,0.30895,0.31094,0.30863,0.3098,948243.790551
2025-10-18 01:00:00,0.30981,0.31183,0.30976,0.31166,1264596.558434
2025-10-18 02:00:00,0.31171,0.31214,0.3104,0.31083,890058.431219
2025-10-18 03:00:00,0.31083,0.3128,0.31076,0.3123,734645.097424
2025-10-18 04:00:00,0.31231,0.31242,0.31117,0.31122,491340.026212
2025-10-18 05:00:00,0.31122,0.31217,0.31119,0.31217,605701.286473
2025-10-18 06:00:00,0.31217,0.31302,0.31192,0.31223,773145.870516
2025-10-18 07:00:00,0.31225,0.31306,0.31143,0.31245,1263499.141796
2025-10-18 08:00:00,0.31243,0.31382,0.31241,0.3127,1194763.444724
2025-10-18 09:00:00,0.31271,0.31357,0.31204,0.3133,1522635.080207
2025-10-18 10:00:00,0.3133,0.31353,0.31252,0.31304,779275.047538
2025-10-18 11:00:00,0.313,0.31378,0.31289,0.31351,647380.138852
2025-10-18 12:00:00,0.31352,0.31427,0.31287,0.31329,735109.568008
2025-10-18 13:00:00,0.31329,0.31329,0.31259,0.31262,698585.472365
2025-10-18 14:00:00,0.31262,0.31371,0.31202,0.3136,616945.942911
2025-10-18 15:00:00,0.31363,0.31395,0.31258,0.3138,605103.145907
2025-10-18 16:00:00,0.3138,0.3139,0.3129,0.31372,719999.300357
2025-10-18 17:00:00,0.31371,0.31451,0.3134,0.31444,530634.430664
2025-10-18 18:00:00,0.31445,0.31455,0.3139,0.31436,461239.186131
2025-10-18 19:00:00,0.31436,0.31476,0.31398,0.31423,466922.693536
2025-10-18 20:00:00,0.31426,0.31438,0.31313,0.31317,386464.411656
2025-10-18 21:00:00,0.31312,0.31346,0.31249,0.31322,392215.029845
2025-10-18 22:00:00,0.31322,0.31342,0.31265,0.3128,236148.934893
2025-10-18 23:00:00,0.3128,0.31314,0.3126,0.31297,269041.000366
2025-10-19 00:00:00,0.31298,0.31331,0.3125,0.31261,417348.826967
2025-10-19 01:00:00,0.31262,0.31381,0.31228,0.31373,581780.611884
2025-10-19 02:00:00,0.31374,0.31538,0.31358,0.31521,814125.849894
2025-10-19 03:00:00,0.31526,0.31531,0.31369,0.31423,817226.570915
2025-10-19 04:00:00,0.31423,0.31507,0.31423,0.3146,593470.433768
2025-10-19 05:00:00,0.31466,0.31485,0.31401,0.31443,362773.960033
2025-10-19 06:00:00,0.31443,0.31454,0.31316,0.31343,389225.549227
2025-10-19 07:00:00,0.31343,0.31421,0.31332,0.31416,347902.512737
2025-10-19 08:00:00,0.31416,0.31551,0.31387,0.31453,727169.1593
2025-10-19 09:00:00,0.31451,0.3169,0.31412,0.31666,1340718.7779
2025-10-19 10:00:00,0.31671,0.31794,0.31653,0.31758,1713004.239144
2025-10-19 11:00:00,0.31761,0.31876,0.3176,0.3181,933536.278184
2025-10-19 12:00:00,0.31811,0.31862,0.31743,0.31833,805051.303649
2025-10-19 13:00:00,0.31834,0.31944,0.31792,0.31902,773472.131218
2025-10-19 14:00:00,0.31904,0.32024,0.3188,0.32007,1133866.730229
2025-10-19 15:00:00,0.3201,0.32011,0.31946,0.31991,427230.989333
2025-10-19 16:00:00,0.3199,0.32041,0.31803,0.31811,1109381.047837
2025-10-19 17:00:00,0.31811,0.31916,0.31795,0.31904,885475.711475
2025-10-19 18:00:00,0.31904,0.32064,0.31904,0.32047,1162966.13377
2025-10-19 19:00:00,0.32047,0.32081,0.32021,0.32027,426718.617698
2025-10-19 20:00:00,0.32027,0.32096,0.32019,0.32029,509059.062752
2025-10-19 21:00:00,0.32029,0.32048,0.31991,0.32045,325076.13402
2025-10-19 22:00:00,0.32047,0.32131,0.32004,0.32103,419256.926255
2025-10-19 23:00:00,0.32104,0.32104,0.32009,0.32059,710275.753804
2025-10-20 00:00:00,0.32057,0.3208,0.3178,0.32047,1856086.846225
2025-10-20 01:00:00,0.32047,0.32123,0.32006,0.32033,1651586.401262
2025-10-20 02:00:00,0.32034,0.32133,0.31917,0.32119,881360.340493
2025-10-20 03:00:00,0.3212,0.32156,0.32032,0.32095,1184147.821838
2025-10-20 04:00:00,0.32097,0.3219,0.32069,0.3219,1381619.664736
2025-10-20 05:00:00,0.32191,0.32323,0.32153,0.32292,1703896.669381
2025-10-20 06:00:00,0.32294,0.32345,0.32251,0.32278,996283.122613
2025-10-20 07:00:00,0.32278,0.3233,0.32236,0.32329,573706.340387
2025-10-20 08:00:00,0.32327,0.32432,0.32274,0.32348,1360042.565612
2025-10-20 09:00:00,0.32345,0.32442,0.32305,0.32391,1448061.770137
2025-10-20 10:00:00,0.32396,0.32421,0.32289,0.32333,750822.76538
2025-10-20 11:00:00,0.32336,0.3236,0.32283,0.32291,791360.489799
2025-10-20 12:00:00,0.323,0.323,0.32212,0.32258,526625.386223
2025-10-20 13:00:00,0.32258,0.32306,0.3225,0.32292,566453.007694
2025-10-20 14:00:00,0.32293,0.32343,0.32246,0.32277,783664.829082
2025-10-20 15:00:00,0.32282,0.32299,0.32193,0.32193,465238.550174
2025-10-20 16:00:00,0.32197,0.32235,0.32081,0.3214,1211328.115694
2025-10-20 17:00:00,0.3214,0.32178,0.32081,0.32115,347139.232952
2025-10-20 18:00:00,0.32115,0.32191,0.32103,0.32191,317326.801431
2025-10-20 19:00:00,0.32191,0.32251,0.32171,0.32232,528375.836998
2025-10-20 20:00:00,0.3223,0.3225,0.322,0.32227,300730.639896
2025-10-20 21:00:00,0.32227,0.32239,0.32171,0.32209,518616.544255
2025-10-20 22:00:00,0.3221,0.32282,0.32191,0.32249,446961.562807
2025-10-20 23:00:00,0.3225,0.32302,0.32239,0.32241,366123.385879
2025-10-21 00:00:00,0.32244,0.32261,0.32212,0.32223,347972.179441
2025-10-21 01:00:00,0.32223,0.32276,0.32197,0.32218,629178.302125
2025-10-21 02:00:00,0.32218,0.32221,0.32074,0.32083,1065156.990694
2025-10-21 03:00:00,0.32083,0.32137,0.32081,0.3209,480409.710415
2025-10-21 04:00:00,0.32089,0.32097,0.31762,0.31786,2168399.915342
2025-10-21 05:00:00,0.31785,0.31854,0.31729,0.31834,1411644.601501
2025-10-21 06:00:00,0.31834,0.3205,0.31826,0.31984,973718.94797
2025-10-21 07:00:00,0.31984,0.32096,0.31908,0.32036,817429.843703
2025-10-21 08:00:00,0.32037,0.32076,0.31997,0.3201,538169.6632
2025-10-21 09:00:00,0.3201,0.32079,0.31961,0.32067,1111053.238886
2025-10-21 10:00:00,0.3206,0.32171,0.32025,0.3213,731611.081599
2025-10-21 11:00:00,0.32143,0.32221,0.32113,0.32157,642351.545056
2025-10-21 12:00:00,0.32157,0.3227,0.32152,0.32208,704233.277787
2025-10-21 13:00:00,0.32209,0.32328,0.32165,0.32242,958533.258753
2025-10-21 14:00:00,0.32243,0.32466,0.3223,0.32466,1840847.416099
2025-10-21 15:00:00,0.32467,0.325,0.32392,0.325,1136777.833489
2025-10-21 16:00:00,0.325,0.32543,0.32396,0.32413,1305540.272194
2025-10-21 17:00:00,0.32416,0.32491,0.3235,0.32388,1169209.636382
2025-10-21 18:00:00,0.32389,0.32426,0.32325,0.32414,515278.385843
2025-10-21 19:00:00,0.32413,0.32502,0.32393,0.32469,613087.514171
2025-10-21 20:00:00,0.32468,0.32474,0.32323,0.32348,638768.88957
2025-10-21 21:00:00,0.32353,0.32421,0.32283,0.32388,764078.874692
2025-10-21 22:00:00,0.32389,0.32447,0.32234,0.32255,920891.656869
2025-10-21 23:00:00,0.32268,0.32334,0.3213,0.32169,605050.405745
2025-10-22 00:00:00,0.3217,0.3226,0.32119,0.32169,601713.564912
2025-10-22 01:00:00,0.32176,0.32302,0.32174,0.3228,680754.111403
2025-10-22 02:00:00,0.32285,0.32384,0.32278,0.32359,508260.801912
2025-10-22 03:00:00,0.32355,0.32355,0.32212,0.32263,1052613.584673
2025-10-22 04:00:00,0.32265,0.32359,0.3225,0.3233,609445.481574
2025-10-22 05:00:00,0.3233,0.32338,0.32199,0.32297,1013305.951333
2025-10-22 06:00:00,0.32287,0.32365,0.32271,0.32298,849312.750896
2025-10-22 07:00:00,0.32299,0.323,0.32197,0.32276,680265.830341
2025-10-22 08:00:00,0.32282,0.3252,0.3226,0.32387,1798134.980235
2025-10-22 09:00:00,0.32387,0.32453,0.32345,0.32388,1391092.726069
2025-10-22 10:00:00,0.32386,0.32439,0.31806,0.31848,4425485.096748
2025-10-22 11:00:00,0.3185,0.32035,0.31716,0.32035,2010493.055565
2025-10-22 12:00:00,0.32036,0.32122,0.31943,0.32003,1710447.159127
2025-10-22 13:00:00,0.32005,0.32177,0.31972,0.32156,1097751.543243
2025-10-22 14:00:00,0.32158,0.32201,0.31949,0.3217,1885350.448278
2025-10-22 15:00:00,0.32172,0.3226,0.32068,0.32177,876959.523979
2025-10-22 16:00:00,0.32175,0.32239,0.32102,0.32144,1298788.981569
2025-10-22 17:00:00,0.32146,0.32178,0.31982,0.32004,613985.362145
2025-10-22 18:00:00,0.32001,0.32075,0.31935,0.32071,649966.001213
2025-10-22 19:00:00,0.32073,0.32181,0.32041,0.32098,506878.326012
2025-10-22 20:00:00,0.32097,0.3212,0.32014,0.32033,439751.676415
2025-10-22 21:00:00,0.32033,0.32041,0.31815,0.31858,935544.553839
2025-10-22 22:00:00,0.31861,0.31984,0.31848,0.31935,370404.226708
2025-10-22 23:00:00,0.31936,0.32291,0.31929,0.32264,917671.512457
2025-10-23 00:00:00,0.32265,0.32279,0.32186,0.32193,665209.637054
2025-10-23 01:00:00,0.32193,0.32251,0.32189,0.32196,879151.317221
2025-10-23 02:00:00,0.32201,0.32244,0.32175,0.322,411775.007948
2025-10-23 03:00:00,0.322,0.3227,0.322,0.32221,565717.766513
2025-10-23 04:00:00,0.32222,0.32244,0.32178,0.32182,596698.249734
2025-10-23 05:00:00,0.32181,0.32345,0.32177,0.32278,690917.673968
2025-10-23 06:00:00,0.3228,0.32369,0.32252,0.32313,922966.45321
2025-10-23 07:00:00,0.32313,0.32317,0.32222,0.32289,736626.470653
2025-10-23 08:00:00,0.32289,0.32337,0.32225,0.32265,1232633.950517
2025-10-23 09:00:00,0.32265,0.32304,0.32231,0.32284,1233226.083595
2025-10-23 10:00:00,0.32285,0.32286,0.32145,0.32208,1105517.248506
2025-10-23 11:00:00,0.3221,0.32231,0.32149,0.32189,2158818.159649
2025-10-23 12:00:00,0.32188,0.32292,0.32136,0.32239,863950.079709
2025-10-23 13:00:00,0.32239,0.32249,0.32075,0.32086,930024.000844
2025-10-23 14:00:00,0.32085,0.32121,0.31998,0.32027,1469736.934623
2025-10-23 15:00:00,0.32029,0.32035,0.31552,0.31603,4560334.608932
2025-10-23 16:00:00,0.31607,0.31608,0.31314,0.31494,3489370.333996
2025-10-23 17:00:00,0.31497,0.31785,0.31431,0.31612,1973841.072104
2025-10-23 18:00:00,0.31621,0.31625,0.31524,0.31525,721183.111819
2025-10-23 19:00:00,0.31526,0.31613,0.31485,0.31613,713966.689446
2025-10-23 20:00:00,0.31615,0.31677,0.31562,0.31584,685161.625732
2025-10-23 21:00:00,0.31589,0.31649,0.31505,0.31507,291308.182849
2025-10-23 22:00:00,0.31509,0.31513,0.31374,0.31382,687731.158548
2025-10-23 23:00:00,0.31382,0.31419,0.31288,0.3139,1095090.823766
2025-10-24 00:00:00,0.3139,0.31391,0.31249,0.31311,1221702.821754
2025-10-24 01:00:00,0.31308,0.3144,0.31292,0.31369,949657.658936
2025-10-24 02:00:00,0.31367,0.31503,0.31201,0.3122,1539169.872897
2025-10-24 03:00:00,0.31219,0.3134,0.3113,0.31212,2189428.912329
2025-10-24 04:00:00,0.31211,0.31436,0.31197,0.31366,1155378.370104
2025-10-24 05:00:00,0.31377,0.31406,0.31305,0.31391,954064.379468
2025-10-24 06:00:00,0.314,0.314,0.31313,0.31359,949091.713431
2025-10-24 07:00:00,0.31361,0.31383,0.31278,0.31317,855078.829913
2025-10-24 08:00:00,0.31318,0.31334,0.31216,0.31258,1385728.441035
2025-10-24 09:00:00,0.31257,0.31295,0.31106,0.31114,2301048.57242
2025-10-24 10:00:00,0.31114,0.31137,0.3099,0.31045,2645849.146066
2025-10-24 11:00:00,0.31044,0.31244,0.31018,0.31145,937641.275305
2025-10-24 12:00:00,0.31145,0.31436,0.31117,0.31185,1876404.420049
2025-10-24 13:00:00,0.31187,0.31243,0.30903,0.31009,2706530.38423
2025-10-24 14:00:00,0.31009,0.31009,0.30769,0.30804,3146485.620988
2025-10-24 15:00:00,0.30796,0.30836,0.30701,0.3074,1192792.048536
2025-10-24 16:00:00,0.3074,0.3074,0.3038,0.30479,5581728.553012
2025-10-24 17:00:00,0.30477,0.30499,0.303,0.30328,2494580.7968
2025-10-24 18:00:00,0.30328,0.30476,0.30326,0.30372,1090243.408499
2025-10-24 19:00:00,0.30371,0.30553,0.30361,0.30482,1385660.91584
2025-10-24 20:00:00,0.30482,0.30547,0.30462,0.305,794513.553057
2025-10-24 21:00:00,0.30501,0.30593,0.30484,0.30587,625128.058939
2025-10-24 22:00:00,0.30585,0.30657,0.30432,0.30435,1079405.05242
2025-10-24 23:00:00,0.30434,0.3045,0.30326,0.30373,1236708.460834
2025-10-25 00:00:00,0.3038,0.30403,0.298,0.29844,4484256.010375
2025-10-25 01:00:00,0.29844,0.29975,0.2965,0.29833,5998433.37785
2025-10-25 02:00:00,0.29834,0.30071,0.29792,0.29829,2718214.020987
2025-10-25 03:00:00,0.29832,0.30008,0.29832,0.2997,1380890.051836
2025-10-25 04:00:00,0.29964,0.30046,0.29443,0.29534,4694665.01983
2025-10-25 05:00:00,0.29534,0.29597,0.29405,0.29545,2998814.992692
2025-10-25 06:00:00,0.29548,0.29628,0.29494,0.29533,1069611.27419
2025-10-25 07:00:00,0.29535,0.2988,0.295,0.29845,2478182.617733
2025-10-25 08:00:00,0.29845,0.29904,0.29775,0.29817,1163866.831348
2025-10-25 09:00:00,0.29822,0.29856,0.29716,0.29765,1247831.921125
2025-10-25 10:00:00,0.29764,0.29864,0.29746,0.29826,1187657.668823
2025-10-25 11:00:00,0.29824,0.29866,0.29776,0.29815,986724.128143
2025-10-25 12:00:00,0.29814,0.29966,0.29757,0.29859,1502217.925343
2025-10-25 13:00:00,0.2986,0.29901,0.29832,0.2985,661375.85647
2025-10-25 14:00:00,0.2985,0.29866,0.29726,0.29796,895560.383383
2025-10-25 15:00:00,0.29796,0.29843,0.29764,0.29802,708459.217365
2025-10-25 16:00:00,0.29806,0.29813,0.29728,0.29757,873592.818631
2025-10-25 17:00:00,0.29762,0.29816,0.29739,0.29812,513177.08874
2025-10-25 18:00:00,0.29812,0.29823,0.29738,0.29754,612908.753867
2025-10-25 19:00:00,0.29751,0.29904,0.29697,0.299,1261844.485399
2025-10-25 20:00:00,0.29899,0.29904,0.29753,0.29757,356095.28481
2025-10-25 21:00:00,0.2976,0.29875,0.2975,0.2985,1729780.225373
2025-10-25 22:00:00,0.29849,0.29872,0.29764,0.29812,719254.826032
2025-10-25 23:00:00,0.29812,0.29829,0.29684,0.29715,1158947.904363
2025-10-26 00:00:00,0.29712,0.29717,0.29592,0.29626,983335.826166
2025-10-26 01:00:00,0.29625,0.29792,0.29615,0.29717,1155128.563549
2025-10-26 02:00:00,0.29717,0.29745,0.29645,0.29716,724414.364026
2025-10-26 03:00:00,0.29717,0.29717,0.29623,0.29643,826738.512622
2025-10-26 04:00:00,0.29643,0.29674,0.29415,0.29482,2486327.958568
2025-10-26 05:00:00,0.2948,0.29491,0.29414,0.29467,1210563.640975
2025-10-26 06:00:00,0.29465,0.29563,0.29438,0.29535,527730.375627
2025-10-26 07:00:00,0.29536,0.29647,0.29521,0.29542,765785.627024
2025-10-26 08:00:00,0.29543,0.29625,0.29524,0.29615,518108.516515
2025-10-26 09:00:00,0.29615,0.29861,0.29575,0.2974,4272434.333704
2025-10-26 10:00:00,0.2974,0.29791,0.29649,0.29698,1365130.23759
2025-10-26 11:00:00,0.29699,0.29974,0.29667,0.29916,1772365.875864
2025-10-26 12:00:00,0.29916,0.30054,0.29913,0.30047,2041958.65864
2025-10-26 13:00:00,0.30047,0.30146,0.29985,0.30087,1540115.67049
2025-10-26 14:00:00,0.30095,0.30114,0.30003,0.30018,1586295.495561
2025-10-26 15:00:00,0.30019,0.3004,0.29986,0.30032,724275.53946
2025-10-26 16:00:00,0.30032,0.30032,0.29856,0.29866,1039618.97345
2025-10-26 17:00:00,0.29857,0.29975,0.29851,0.29939,665199.001743
2025-10-26 18:00:00,0.29938,0.30028,0.29904,0.29941,697942.743055
2025-10-26 19:00:00,0.2994,0.2994,0.29865,0.29881,483816.075337
2025-10-26 20:00:00,0.2988,0.29914,0.298,0.29899,562177.44682
2025-10-26 21:00:00,0.29899,0.29959,0.29832,0.29875,1352035.814476
2025-10-26 22:00:00,0.2988,0.3018,0.2988,0.30122,1525138.075946
2025-10-26 23:00:00,0.3012,0.30146,0.3002,0.30028,857281.463339
2025-10-27 00:00:00,0.30029,0.30153,0.30004,0.30056,1020921.071365
2025-10-27 01:00:00,0.30055,0.30152,0.30009,0.30086,1223841.974431
2025-10-27 02:00:00,0.30087,0.30159,0.30044,0.30063,1193869.43193
2025-10-27 03:00:00,0.30061,0.30209,0.30054,0.30179,1060673.112423
2025-10-27 04:00:00,0.30177,0.30193,0.3007,0.30078,1007483.233834
2025-10-27 05:00:00,0.3008,0.30235,0.3007,0.30138,977268.554947
2025-10-27 06:00:00,0.30142,0.30201,0.30073,0.30144,880286.109809
2025-10-27 07:00:00,0.30156,0.30176,0.30044,0.30133,812056.825277
2025-10-27 08:00:00,0.30136,0.30181,0.29974,0.30024,1168863.08777
2025-10-27 09:00:00,0.30022,0.30062,0.29948,0.3001,1896837.648162
2025-10-27 10:00:00,0.30012,0.30041,0.2996,0.2997,1044417.745302
2025-10-27 11:00:00,0.29971,0.30019,0.29898,0.30009,1028017.705374
2025-10-27 12:00:00,0.30009,0.30012,0.2988,0.29892,1503482.283831
2025-10-27 13:00:00,0.29892,0.29955,0.29733,0.29856,1567758.092124
2025-10-27 14:00:00,0.2986,0.29875,0.29767,0.29798,829208.904417
2025-10-27 15:00:00,0.29796,0.29886,0.29777,0.29883,559883.527413
2025-10-27 16:00:00,0.29885,0.30056,0.29876,0.29992,1233168.880939
2025-10-27 17:00:00,0.29991,0.30049,0.2997,0.30002,756087.188372
2025-10-27 18:00:00,0.30001,0.30069,0.29966,0.30025,1038471.20835
2025-10-27 19:00:00,0.30026,0.30036,0.2997,0.29976,852226.382433
2025-10-27 20:00:00,0.29976,0.29982,0.29908,0.29921,1274089.811388
2025-10-27 21:00:00,0.29914,0.29984,0.29839,0.29855,1292236.771882
2025-10-27 22:00:00,0.29856,0.29916,0.29822,0.29829,599657.999954
2025-10-27 23:00:00,0.29827,0.29846,0.29763,0.29823,748313.620906
2025-10-28 00:00:00,0.29823,0.29906,0.29807,0.2987,749401.848678
2025-10-28 01:00:00,0.29871,0.29965,0.29871,0.29909,906767.903233
2025-10-28 02:00:00,0.29915,0.29916,0.29774,0.29824,1231044.370215
2025-10-28 03:00:00,0.29824,0.2987,0.29764,0.29798,905539.464997
2025-10-28 04:00:00,0.29797,0.29939,0.29786,0.2991,615974.539314
2025-10-28 05:00:00,0.29904,0.29945,0.29659,0.29659,781757.905508
2025-10-28 06:00:00,0.29659,0.298,0.29504,0.29704,3523415.203223
2025-10-28 07:00:00,0.29703,0.29832,0.29641,0.29782,1491066.443673
2025-10-28 08:00:00,0.2978,0.2984,0.29714,0.2976,1276482.365959
2025-10-28 09:00:00,0.2976,0.29803,0.29709,0.29793,1016033.43344
2025-10-28 10:00:00,0.29794,0.29794,0.29729,0.29759,439626.162882
2025-10-28 11:00:00,0.29761,0.29767,0.29701,0.2973,561700.991096
2025-10-28 12:00:00,0.29736,0.29812,0.29713,0.29812,577232.975047
2025-10-28 13:00:00,0.29814,0.29968,0.29807,0.29952,1657955.660857
2025-10-28 14:00:00,0.29951,0.29982,0.29747,0.29925,1853689.241904
2025-10-28 15:00:00,0.29925,0.29977,0.29863,0.29896,760203.543117
2025-10-28 16:00:00,0.29895,0.29957,0.29867,0.29953,1130974.380353
2025-10-28 17:00:00,0.29955,0.29979,0.29931,0.29966,338173.570662
2025-10-28 18:00:00,0.29963,0.29986,0.29901,0.2994,375960.698924
2025-10-28 19:00:00,0.29942,0.2998,0.29688,0.29766,1105910.225632
2025-10-28 20:00:00,0.29761,0.2977,0.29445,0.29476,2510540.389501
2025-10-28 21:00:00,0.29475,0.29509,0.29302,0.29469,1427462.250215
2025-10-28 22:00:00,0.29469,0.29575,0.29447,0.29564,494410.192273
2025-10-28 23:00:00,0.29566,0.296,0.29504,0.29551,558769.79884
2025-10-29 00:00:00,0.2955,0.29585,0.29522,0.29551,486666.324822
2025-10-29 01:00:00,0.2955,0.29563,0.29446,0.29518,1558884.967535
2025-10-29 02:00:00,0.29509,0.29617,0.29498,0.2959,1576635.043626
2025-10-29 03:00:00,0.29592,0.29649,0.29552,0.29611,539092.116955
2025-10-29 04:00:00,0.29609,0.29692,0.29605,0.2964,1047382.165175
2025-10-29 05:00:00,0.29638,0.29721,0.29632,0.29719,592960.10707
2025-10-29 06:00:00,0.2972,0.29758,0.29697,0.29751,631886.566866
2025-10-29 07:00:00,0.29752,0.29836,0.29722,0.29826,591597.323246
2025-10-29 08:00:00,0.29827,0.2985,0.29739,0.29774,490156.25374
2025-10-29 09:00:00,0.29774,0.29798,0.29678,0.29709,1137538.06137
2025-10-29 10:00:00,0.29709,0.298,0.29684,0.29711,740996.51385
2025-10-29 11:00:00,0.29711,0.29729,0.29632,0.29689,1227013.604486
2025-10-29 12:00:00,0.29689,0.29747,0.29667,0.29747,539555.424266
2025-10-29 13:00:00,0.29745,0.29782,0.29665,0.29689,1094038.383432
2025-10-29 14:00:00,0.29689,0.297,0.29626,0.2965,1665129.349188
2025-10-29 15:00:00,0.2965,0.29686,0.29488,0.29535,1286545.202676
2025-10-29 16:00:00,0.29534,0.29609,0.29462,0.29538,2001664.429642
2025-10-29 17:00:00,0.29541,0.29637,0.29538,0.2959,471116.785056
2025-10-29 18:00:00,0.29598,0.29627,0.29037,0.29436,4140042.95744
2025-10-29 19:00:00,0.29433,0.29686,0.29428,0.29511,1298822.021987
2025-10-29 20:00:00,0.29517,0.29644,0.29498,0.29636,862072.37983
2025-10-29 21:00:00,0.29641,0.29752,0.29628,0.29684,997844.720605
2025-10-29 22:00:00,0.29682,0.29742,0.29663,0.29719,437326.60416
2025-10-29 23:00:00,0.29721,0.29729,0.29586,0.29598,1078722.257533
2025-10-30 00:00:00,0.29599,0.29668,0.29561,0.29654,990667.096659
2025-10-30 01:00:00,0.29652,0.29798,0.29606,0.29702,1575355.655334
2025-10-30 02:00:00,0.29708,0.29862,0.29706,0.29819,1450782.756772
2025-10-30 03:00:00,0.29821,0.29834,0.29733,0.29763,1290970.227292
2025-10-30 04:00:00,0.2976,0.29768,0.29361,0.29362,3751457.683044
2025-10-30 05:00:00,0.29362,0.29618,0.29344,0.29599,1412523.218475
2025-10-30 06:00:00,0.29595,0.29698,0.29524,0.29681,1714842.732011
2025-10-30 07:00:00,0.2968,0.298,0.29663,0.29738,2040594.289401
2025-10-30 08:00:00,0.29737,0.2975,0.29655,0.29696,1412559.700776
2025-10-30 09:00:00,0.29698,0.29742,0.29558,0.29619,1946722.886505
2025-10-30 10:00:00,0.29616,0.29701,0.29591,0.29636,2260756.382649
2025-10-30 11:00:00,0.29637,0.29653,0.29577,0.29583,1353963.724926
2025-10-30 12:00:00,0.29584,0.29595,0.29221,0.29247,2449348.441504
2025-10-30 13:00:00,0.29246,0.29322,0.28988,0.29064,3214974.732376
2025-10-30 14:00:00,0.29059,0.29236,0.29059,0.29226,948817.822631
2025-10-30 15:00:00,0.29222,0.29255,0.29109,0.29169,1355149.757014
2025-10-30 16:00:00,0.29168,0.29338,0.29157,0.29268,2052058.562548
2025-10-30 17:00:00,0.29266,0.29278,0.29002,0.29131,1779979.46757
2025-10-30 18:00:00,0.29134,0.29148,0.28984,0.29015,898223.217783
2025-10-30 19:00:00,0.29011,0.29069,0.28818,0.28832,1581119.294272
2025-10-30 20:00:00,0.28833,0.29107,0.28818,0.29103,1706019.712007
2025-10-30 21:00:00,0.29104,0.29185,0.29077,0.29185,731223.947296
2025-10-30 22:00:00,0.29186,0.29234,0.29129,0.29172,829251.875433
2025-10-30 23:00:00,0.29174,0.29273,0.2913,0.2926,895565.135159
2025-10-31 00:00:00,0.29255,0.2942,0.29229,0.29353,1117146.035346
2025-10-31 01:00:00,0.29357,0.29435,0.29355,0.29377,831586.112556
2025-10-31 02:00:00,0.29377,0.29394,0.29324,0.29372,1552022.153911
2025-10-31 03:00:00,0.29373,0.29401,0.29306,0.29348,430504.214924
2025-10-31 04:00:00,0.29347,0.29519,0.29346,0.29493,567939.987459
2025-10-31 05:00:00,0.29493,0.29517,0.29458,0.29502,369347.762514
2025-10-31 06:00:00,0.29504,0.2955,0.29445,0.29545,477988.604077
2025-10-31 07:00:00,0.29546,0.29567,0.29471,0.29499,586452.131502
2025-10-31 08:00:00,0.29501,0.29529,0.29462,0.29499,588941.854009
2025-10-31 09:00:00,0.295,0.29603,0.29495,0.29592,1636537.565482
2025-10-31 10:00:00,0.29591,0.29645,0.2955,0.29555,614639.942172
2025-10-31 11:00:00,0.29555,0.29594,0.29509,0.29581,554584.683863
2025-10-31 12:00:00,0.29581,0.29651,0.29527,0.29555,916003.301095
2025-10-31 13:00:00,0.29553,0.29617,0.29538,0.29576,888490.048027
2025-10-31 14:00:00,0.29574,0.29674,0.29545,0.29653,520297.738855
2025-10-31 15:00:00,0.29652,0.29654,0.29572,0.2962,435349.771012
2025-10-31 16:00:00,0.29616,0.2963,0.29382,0.29397,976379.650946
2025-10-31 17:00:00,0.29396,0.2949,0.29352,0.29473,581916.483627
2025-10-31 18:00:00,0.29476,0.29562,0.29418,0.29544,824659.182199
2025-10-31 19:00:00,0.29544,0.29717,0.29508,0.29639,788670.18586
2025-10-31 20:00:00,0.29637,0.29655,0.2958,0.29605,507482.474148
2025-10-31 21:00:00,0.29611,0.29672,0.29591,0.29625,432717.511522
2025-10-31 22:00:00,0.29626,0.29655,0.29617,0.29617,208082.57115
2025-10-31 23:00:00,0.29617,0.29651,0.29607,0.29625,224581.058668
2025-11-01 00:00:00,0.29627,0.29639,0.29589,0.29638,411007.936198
2025-11-01 01:00:00,0.29634,0.29644,0.29565,0.29587,587036.957153
2025-11-01 02:00:00,0.29584,0.29594,0.29524,0.2959,310840.188354
2025-11-01 03:00:00,0.29591,0.29614,0.29578,0.29581,237668.519659
2025-11-01 04:00:00,0.29581,0.29626,0.29572,0.29585,279281.377809
2025-11-01 05:00:00,0.29582,0.29586,0.29525,0.29529,422666.815559
2025-11-01 06:00:00,0.2953,0.2961,0.29483,0.2961,710321.311138
2025-11-01 07:00:00,0.29611,0.29653,0.29587,0.29626,1027068.812638
2025-11-01 08:00:00,0.29624,0.29747,0.29613,0.29679,753287.844602
2025-11-01 09:00:00,0.29683,0.29758,0.29652,0.29658,1226881.789525
2025-11-01 10:00:00,0.29657,0.29694,0.29648,0.29669,337802.690834
2025-11-01 11:00:00,0.29669,0.29708,0.2965,0.29708,377098.657633
2025-11-01 12:00:00,0.29707,0.29717,0.29672,0.29677,419276.971806
2025-11-01 13:00:00,0.29676,0.29702,0.29591,0.29623,620806.397821
2025-11-01 14:00:00,0.29623,0.29635,0.29557,0.29612,1689649.681025
2025-11-01 15:00:00,0.29614,0.29707,0.29586,0.29707,1094095.072538
2025-11-01 16:00:00,0.29707,0.29809,0.29685,0.29752,1753334.839377
2025-11-01 17:00:00,0.29754,0.29762,0.29712,0.29737,797168.925116
2025-11-01 18:00:00,0.29734,0.29782,0.29714,0.29766,383163.455313
2025-11-01 19:00:00,0.29769,0.29796,0.29718,0.29748,334555.791978
2025-11-01 20:00:00,0.29751,0.29771,0.29728,0.29749,298686.255867
2025-11-01 21:00:00,0.2975,0.29776,0.29709,0.29709,217754.283129
2025-11-01 22:00:00,0.29709,0.29773,0.29709,0.29754,667179.630037
2025-11-01 23:00:00,0.2976,0.29782,0.29735,0.29737,279653.275995
2025-11-02 00:00:00,0.2974,0.2974,0.29689,0.29709,232895.662555
2025-11-02 01:00:00,0.2971,0.2972,0.29599,0.29613,744414.033601
2025-11-02 02:00:00,0.2961,0.29656,0.29559,0.29567,434417.634962
2025-11-02 03:00:00,0.29566,0.29596,0.29553,0.29572,352158.783368
2025-11-02 04:00:00,0.29571,0.29682,0.29571,0.29673,502347.240685
2025-11-02 05:00:00,0.29673,0.29687,0.29641,0.29675,177477.427018
2025-11-02 06:00:00,0.29675,0.29675,0.29602,0.2963,496568.888597
2025-11-02 07:00:00,0.2963,0.29697,0.29608,0.29683,564234.789451
2025-11-02 08:00:00,0.29684,0.29687,0.29636,0.29669,296320.93549
2025-11-02 09:00:00,0.29672,0.29683,0.296,0.2961,869619.631269
2025-11-02 10:00:00,0.29611,0.29647,0.29502,0.29533,1479522.348704
2025-11-02 11:00:00,0.29531,0.29608,0.29529,0.29598,807658.335206
2025-11-02 12:00:00,0.29597,0.29604,0.29557,0.29565,405072.877826
2025-11-02 13:00:00,0.29565,0.29569,0.29512,0.29564,357041.048883
2025-11-02 14:00:00,0.2956,0.29591,0.29514,0.29535,545710.214338
2025-11-02 15:00:00,0.29535,0.29616,0.29525,0.29594,362463.114149
2025-11-02 16:00:00,0.29591,0.29613,0.29527,0.29613,680757.708448
2025-11-02 17:00:00,0.29611,0.29626,0.29579,0.29597,121959.585118
2025-11-02 18:00:00,0.29597,0.29634,0.29585,0.29627,242800.611979
2025-11-02 19:00:00,0.29628,0.29645,0.29558,0.2958,257576.652121
2025-11-02 20:00:00,0.29581,0.29638,0.29571,0.29638,353202.967932
2025-11-02 21:00:00,0.29638,0.29693,0.29636,0.29641,265393.272545
2025-11-02 22:00:00,0.29642,0.29689,0.29629,0.29685,194750.898816
2025-11-02 23:00:00,0.29687,0.29876,0.29687,0.2981,827552.069435
2025-11-03 00:00:00,0.2981,0.29847,0.29763,0.29789,779689.601589
2025-11-03 01:00:00,0.29784,0.29816,0.29685,0.29725,701393.4869
2025-11-03 02:00:00,0.29723,0.29726,0.2955,0.29624,762048.516705
2025-11-03 03:00:00,0.29624,0.29681,0.29243,0.29354,2295373.350471
2025-11-03 04:00:00,0.29358,0.2939,0.29256,0.29385,1854229.180236
2025-11-03 05:00:00,0.29388,0.29479,0.29355,0.294,763399.803448
2025-11-03 06:00:00,0.294,0.29488,0.29277,0.29347,1867458.685697
2025-11-03 07:00:00,0.29347,0.29448,0.29309,0.29397,1203393.925631
2025-11-03 08:00:00,0.294,0.29434,0.2933,0.29432,1321905.264155
2025-11-03 09:00:00,0.29433,0.29621,0.29423,0.29484,2070333.664762
2025-11-03 10:00:00,0.29484,0.29557,0.2928,0.29304,2013457.134402
2025-11-03 11:00:00,0.29304,0.29402,0.29284,0.29322,1892451.314407
2025-11-03 12:00:00,0.29323,0.29358,0.29164,0.29192,1676167.620219
2025-11-03 13:00:00,0.29192,0.29254,0.29017,0.29226,1708502.524202
2025-11-03 14:00:00,0.29232,0.29313,0.29184,0.29313,819731.278851
2025-11-03 15:00:00,0.29316,0.2933,0.2872,0.28776,6650710.474396
2025-11-03 16:00:00,0.28782,0.28853,0.28589,0.28625,3630021.64659
2025-11-03 17:00:00,0.28626,0.28734,0.28581,0.28633,2755820.128438
2025-11-03 18:00:00,0.28632,0.28633,0.28308,0.28381,2553105.571991
2025-11-03 19:00:00,0.2838,0.28485,0.2834,0.28423,897318.371996
2025-11-03 20:00:00,0.28423,0.28445,0.28054,0.28134,2456756.58015
2025-11-03 21:00:00,0.28129,0.28319,0.28113,0.28296,1307070.755336
2025-11-03 22:00:00,0.28303,0.28311,0.28166,0.28209,842899.339903
2025-11-03 23:00:00,0.2821,0.2821,0.28,0.2813,1215177.759705
2025-11-04 00:00:00,0.28129,0.28215,0.28048,0.28128,1185925.604018
2025-11-04 01:00:00,0.28128,0.2839,0.28077,0.28384,905131.508542
2025-11-04 02:00:00,0.28385,0.28388,0.28308,0.28356,827179.190956
2025-11-04 03:00:00,0.28362,0.28579,0.28342,0.28458,2232364.357858
2025-11-04 04:00:00,0.28462,0.28537,0.28413,0.28438,697197.669334
2025-11-04 05:00:00,0.28433,0.28492,0.27979,0.27996,4517197.418444
2025-11-04 06:00:00,0.2799,0.28232,0.27891,0.28179,3763124.507181
2025-11-04 07:00:00,0.28183,0.28183,0.27741,0.27848,3270171.09754
2025-11-04 08:00:00,0.27846,0.28044,0.27628,0.27966,3947057.785129
2025-11-04 09:00:00,0.27968,0.28076,0.27913,0.27987,3813458.914203
2025-11-04 10:00:00,0.27993,0.28103,0.27968,0.28049,961311.361842
2025-11-04 11:00:00,0.28049,0.28142,0.28038,0.28133,955430.650864
2025-11-04 12:00:00,0.28135,0.28237,0.2804,0.28073,1356427.885274
2025-11-04 13:00:00,0.28073,0.28152,0.28002,0.28078,2378232.548371
2025-11-04 14:00:00,0.28076,0.28331,0.2803,0.28312,1619191.643342
2025-11-04 15:00:00,0.28309,0.28467,0.28255,0.28306,1454031.017533
2025-11-04 16:00:00,0.28307,0.28366,0.28095,0.28116,2733890.255396
2025-11-04 17:00:00,0.28116,0.2822,0.27895,0.28129,1869689.391607
2025-11-04 18:00:00,0.28122,0.28135,0.27869,0.28056,1298459.325045
2025-11-04 19:00:00,0.2805,0.28176,0.28001,0.28009,842088.753549
2025-11-04 20:00:00,0.28014,0.28183,0.27689,0.28158,2770120.073617
2025-11-04 21:00:00,0.28158,0.28283,0.27936,0.28272,1862586.333925
2025-11-04 22:00:00,0.28278,0.28601,0.28246,0.28552,2234972.349599
2025-11-04 23:00:00,0.28553,0.286,0.28492,0.28551,750737.890754
2025-11-05 00:00:00,0.28552,0.2872,0.28372,0.28411,2501780.121997
2025-11-05 01:00:00,0.28414,0.28424,0.28056,0.28274,1968908.574967
2025-11-05 02:00:00,0.28298,0.28564,0.28295,0.28538,1535396.220559
2025-11-05 03:00:00,0.28548,0.28669,0.28541,0.28612,1873481.2011
2025-11-05 04:00:00,0.28608,0.28613,0.2852,0.2856,565977.215486
2025-11-05 05:00:00,0.28567,0.28594,0.28517,0.28548,487730.676684
2025-11-05 06:00:00,0.28547,0.28629,0.28528,0.28594,849912.865194
2025-11-05 07:00:00,0.28594,0.28654,0.28522,0.28597,730537.92408
2025-11-05 08:00:00,0.2859,0.28599,0.28483,0.2858,991465.946476
2025-11-05 09:00:00,0.28578,0.28692,0.28562,0.28647,1453786.050197
2025-11-05 10:00:00,0.28642,0.28647,0.28542,0.28557,1464719.380211
2025-11-05 11:00:00,0.28552,0.28725,0.28552,0.28716,867622.889775
2025-11-05 12:00:00,0.28716,0.28716,0.28635,0.28693,659727.867876
2025-11-05 13:00:00,0.28689,0.28762,0.28653,0.28742,1073097.226433
2025-11-05 14:00:00,0.28744,0.288,0.28652,0.28762,2168389.12303
2025-11-05 15:00:00,0.28754,0.28867,0.28693,0.28764,2689733.703402
2025-11-05 16:00:00,0.28762,0.28832,0.28679,0.28809,1992265.289206
2025-11-05 17:00:00,0.28807,0.28869,0.28784,0.28824,1250210.404697
2025-11-05 18:00:00,0.28824,0.28912,0.28799,0.28892,914426.31318
2025-11-05 19:00:00,0.28891,0.29049,0.28882,0.28935,1388184.66124
2025-11-05 20:00:00,0.28935,0.29003,0.28933,0.2896,637905.742755
2025-11-05 21:00:00,0.28963,0.28972,0.28919,0.28941,641366.866865
2025-11-05 22:00:00,0.28944,0.28969,0.28903,0.28905,600080.922633
2025-11-05 23:00:00,0.28905,0.28927,0.28889,0.2889,358554.245711
2025-11-06 00:00:00,0.28894,0.28917,0.28833,0.28865,738348.497963
2025-11-06 01:00:00,0.28867,0.28939,0.28784,0.28917,850464.624349
2025-11-06 02:00:00,0.2892,0.28953,0.28868,0.28911,530719.066327
2025-11-06 03:00:00,0.28912,0.28933,0.28875,0.289,794702.449564
2025-11-06 04:00:00,0.28904,0.28949,0.28881,0.28898,612102.090576
2025-11-06 05:00:00,0.28897,0.28899,0.28675,0.28696,1013022.417497
2025-11-06 06:00:00,0.28698,0.28769,0.28674,0.28683,442065.645072
2025-11-06 07:00:00,0.28683,0.28711,0.28619,0.2869,629047.05179
2025-11-06 08:00:00,0.28686,0.287,0.2861,0.28669,775550.408439
2025-11-06 09:00:00,0.28673,0.28763,0.28662,0.28699,1004174.752311
2025-11-06 10:00:00,0.287,0.28773,0.28674,0.28731,668756.662033
2025-11-06 11:00:00,0.28731,0.28736,0.28655,0.28695,1660040.113957
2025-11-06 12:00:00,0.28695,0.28706,0.286,0.28631,1085625.977597
2025-11-06 13:00:00,0.28625,0.28745,0.28584,0.28702,1627114.560277
2025-11-06 14:00:00,0.28702,0.28715,0.28279,0.28302,1978039.1702
2025-11-06 15:00:00,0.28294,0.2842,0.28203,0.28246,2889463.916211
2025-11-06 16:00:00,0.28246,0.28337,0.2819,0.28315,1631632.001323
2025-11-06 17:00:00,0.28326,0.28407,0.28298,0.2839,803860.330333
2025-11-06 18:00:00,0.28387,0.28463,0.28301,0.28424,671696.5345
2025-11-06 19:00:00,0.28422,0.28466,0.28383,0.28417,360845.989068
2025-11-06 20:00:00,0.2842,0.28429,0.2833,0.2841,466166.519573
2025-11-06 21:00:00,0.28411,0.2849,0.2839,0.28435,409527.721424
2025-11-06 22:00:00,0.28438,0.28438,0.28348,0.28407,852055.390283
2025-11-06 23:00:00,0.28404,0.28405,0.28321,0.28388,577135.741423
2025-11-07 00:00:00,0.28388,0.28463,0.28338,0.28449,761660.453085
2025-11-07 01:00:00,0.28454,0.2851,0.28344,0.28459,846188.23708
2025-11-07 02:00:00,0.28461,0.28549,0.28376,0.28495,767608.209726
2025-11-07 03:00:00,0.28495,0.28611,0.28492,0.28577,451111.207071
2025-11-07 04:00:00,0.28577,0.28653,0.28533,0.28652,401402.565833
2025-11-07 05:00:00,0.28652,0.28764,0.28652,0.28693,611097.553428
2025-11-07 06:00:00,0.28693,0.28705,0.28653,0.28664,309153.27117
2025-11-07 07:00:00,0.28664,0.28741,0.28621,0.28696,1207995.02372
2025-11-07 08:00:00,0.28696,0.28722,0.28605,0.28634,503121.942633
2025-11-07 09:00:00,0.28634,0.28697,0.28546,0.28633,884801.074986
2025-11-07 10:00:00,0.28631,0.2868,0.28485,0.28526,1988604.262916
2025-11-07 11:00:00,0.28525,0.2853,0.28318,0.28465,1583334.153691
2025-11-07 12:00:00,0.28465,0.28487,0.28355,0.28392,1030296.034957
2025-11-07 13:00:00,0.28404,0.28506,0.28371,0.28454,615807.892364
2025-11-07 14:00:00,0.28448,0.28678,0.28327,0.28621,1426429.818391
2025-11-07 15:00:00,0.28631,0.28685,0.28539,0.28664,631011.118769
2025-11-07 16:00:00,0.28664,0.28936,0.28661,0.28877,2465650.672217
2025-11-07 17:00:00,0.28889,0.29171,0.28866,0.29035,2151597.694694
2025-11-07 18:00:00,0.29035,0.29271,0.29029,0.29209,2155560.646418
2025-11-07 19:00:00,0.29208,0.29265,0.29156,0.29249,1424197.837144
2025-11-07 20:00:00,0.29249,0.29355,0.29201,0.29296,1263315.646467
2025-11-07 21:00:00,0.29297,0.29452,0.29272,0.29422,1509822.04619
2025-11-07 22:00:00,0.29424,0.2943,0.29321,0.29374,934213.119623
2025-11-07 23:00:00,0.29374,0.29375,0.29187,0.29229,768287.428426
2025-11-08 00:00:00,0.29227,0.29309,0.2915,0.2915,1066704.857715
2025-11-08 01:00:00,0.29149,0.29402,0.2914,0.2939,1120677.305087
2025-11-08 02:00:00,0.29396,0.29486,0.29285,0.29317,974975.808015
2025-11-08 03:00:00,0.29315,0.29368,0.29177,0.29184,624671.394125
2025-11-08 04:00:00,0.29189,0.29261,0.29172,0.29179,432724.31899
2025-11-08 05:00:00,0.29179,0.29208,0.29093,0.291,574261.950328
2025-11-08 06:00:00,0.29099,0.29183,0.29044,0.29153,478555.831492
2025-11-08 07:00:00,0.29156,0.29196,0.2907,0.29181,480242.195163
2025-11-08 08:00:00,0.29176,0.29253,0.29135,0.29216,1133686.305901
2025-11-08 09:00:00,0.29216,0.29292,0.29198,0.29236,723943.298975
2025-11-08 10:00:00,0.29242,0.2931,0.2918,0.29221,570668.776065
2025-11-08 11:00:00,0.29219,0.29279,0.2919,0.29223,695851.464475
2025-11-08 12:00:00,0.29219,0.29272,0.29176,0.29269,429124.494571
2025-11-08 13:00:00,0.29268,0.29279,0.29188,0.29209,557595.742874
2025-11-08 14:00:00,0.2921,0.29255,0.29185,0.29225,844858.170727
2025-11-08 15:00:00,0.29228,0.29229,0.29047,0.29093,724510.590235
2025-11-08 16:00:00,0.29093,0.29141,0.29033,0.29114,746011.5709
2025-11-08 17:00:00,0.29112,0.29182,0.29091,0.2917,300315.218374
2025-11-08 18:00:00,0.29172,0.29172,0.29092,0.29113,301199.340127
2025-11-08 19:00:00,0.29111,0.29119,0.28993,0.29067,375751.656442
2025-11-08 20:00:00,0.2907,0.29164,0.2907,0.29144,365738.802886
2025-11-08 21:00:00,0.29144,0.29187,0.29111,0.29175,948821.561895
2025-11-08 22:00:00,0.29174,0.29191,0.29158,0.29186,421884.737948
2025-11-08 23:00:00,0.29186,0.29213,0.29122,0.29168,611968.626741
2025-11-09 00:00:00,0.29168,0.29176,0.29085,0.29103,416165.323784
2025-11-09 01:00:00,0.29101,0.29133,0.29071,0.2913,431219.167527
2025-11-09 02:00:00,0.2913,0.2913,0.28923,0.28943,1146533.073905
2025-11-09 03:00:00,0.28933,0.28998,0.28886,0.28968,421814.845115
2025-11-09 04:00:00,0.28968,0.29018,0.28965,0.29012,320803.74211
2025-11-09 05:00:00,0.29013,0.29034,0.28969,0.2898,404568.449752
2025-11-09 06:00:00,0.2898,0.2901,0.28935,0.2897,500843.438997
2025-11-09 07:00:00,0.2897,0.29039,0.28968,0.29011,351857.06342
2025-11-09 08:00:00,0.29013,0.29019,0.28934,0.28962,693755.213152
2025-11-09 09:00:00,0.28962,0.2903,0.28888,0.28915,811527.510151
2025-11-09 10:00:00,0.28913,0.28986,0.28881,0.28984,376306.310312
2025-11-09 11:00:00,0.28985,0.28999,0.28955,0.28968,269905.305643
2025-11-09 12:00:00,0.2897,0.29042,0.28951,0.28966,535313.388742
2025-11-09 13:00:00,0.28968,0.29041,0.28942,0.29018,542296.714585
2025-11-09 14:00:00,0.29018,0.29202,0.28982,0.29088,1278884.846514
2025-11-09 15:00:00,0.2909,0.29203,0.29088,0.29167,697174.640551
2025-11-09 16:00:00,0.29162,0.29192,0.29109,0.29181,961738.63708
2025-11-09 17:00:00,0.2918,0.29217,0.29117,0.29187,777567.91873
2025-11-09 18:00:00,0.29188,0.29244,0.29124,0.29228,667174.927751
2025-11-09 19:00:00,0.29228,0.29254,0.29202,0.29247,675017.657824
2025-11-09 20:00:00,0.29243,0.29282,0.29166,0.29178,494402.141636
2025-11-09 21:00:00,0.2918,0.29196,0.29115,0.29126,376514.96435
2025-11-09 22:00:00,0.29128,0.29146,0.29073,0.29099,224117.933534
2025-11-09 23:00:00,0.29106,0.29144,0.29005,0.29064,438878.007488
2025-11-10 00:00:00,0.2907,0.29215,0.29012,0.29169,1150466.715344
2025-11-10 01:00:00,0.29172,0.29208,0.29117,0.29178,933666.119068
2025-11-10 02:00:00,0.29173,0.29237,0.29135,0.29202,437071.149645
2025-11-10 03:00:00,0.29206,0.29323,0.29204,0.29293,1484849.545124
2025-11-10 04:00:00,0.2929,0.29371,0.29238,0.29356,1077451.743836
2025-11-10 05:00:00,0.29356,0.29594,0.29336,0.29405,2359109.013057
2025-11-10 06:00:00,0.29404,0.29454,0.29339,0.29395,650272.34667
2025-11-10 07:00:00,0.29395,0.29441,0.29322,0.29385,762135.975349
2025-11-10 08:00:00,0.29384,0.29411,0.29319,0.29397,1156070.796104
2025-11-10 09:00:00,0.29399,0.29468,0.29387,0.2946,1510364.265898
2025-11-10 10:00:00,0.29462,0.29472,0.29398,0.29433,944571.458624
2025-11-10 11:00:00,0.29431,0.2946,0.29407,0.29428,683128.209676
2025-11-10 12:00:00,0.29428,0.2945,0.29389,0.2943,587330.165664
2025-11-10 13:00:00,0.2943,0.29528,0.2942,0.29507,884957.038539
2025-11-10 14:00:00,0.29502,0.29514,0.29313,0.29354,939358.407954
2025-11-10 15:00:00,0.29352,0.29517,0.29331,0.29393,2083120.81272
2025-11-10 16:00:00,0.29391,0.29472,0.29351,0.29401,1041029.560333
2025-11-10 17:00:00,0.29398,0.29509,0.29397,0.29496,530115.829776
2025-11-10 18:00:00,0.29496,0.29544,0.29447,0.29505,745794.837666
2025-11-10 19:00:00,0.29504,0.29624,0.29504,0.29524,1581596.844752
2025-11-10 20:00:00,0.29524,0.29592,0.29513,0.29587,653523.036287
2025-11-10 21:00:00,0.29585,0.29589,0.29465,0.29495,433025.648614
2025-11-10 22:00:00,0.29494,0.296,0.29458,0.29596,615496.695304
2025-11-10 23:00:00,0.29599,0.29667,0.29533,0.29651,562685.286769
2025-11-11 00:00:00,0.29656,0.29758,0.29628,0.29731,1941980.033927
2025-11-11 01:00:00,0.29731,0.29774,0.29675,0.29709,1229859.693927
2025-11-11 02:00:00,0.29717,0.29874,0.29676,0.29797,1054150.846842
2025-11-11 03:00:00,0.29795,0.29866,0.2979,0.29801,1207375.190283
2025-11-11 04:00:00,0.29802,0.29842,0.29729,0.29742,1561260.823479
2025-11-11 05:00:00,0.29742,0.2975,0.29624,0.29632,641516.413823
2025-11-11 06:00:00,0.29632,0.29748,0.29622,0.29712,991649.155796
2025-11-11 07:00:00,0.29713,0.29769,0.29673,0.29688,943835.536537
2025-11-11 08:00:00,0.2969,0.29827,0.29685,0.2974,710347.150434
2025-11-11 09:00:00,0.29742,0.29831,0.29724,0.29786,1274431.269119
2025-11-11 10:00:00,0.29788,0.29905,0.29736,0.29863,1118365.654566
2025-11-11 11:00:00,0.29868,0.29925,0.29847,0.29915,1101432.004442
2025-11-11 12:00:00,0.29919,0.29979,0.29788,0.29835,968752.227461
2025-11-11 13:00:00,0.29834,0.29974,0.29814,0.29889,1068998.016076
2025-11-11 14:00:00,0.29891,0.29973,0.2985,0.29941,1360543.144192
2025-11-11 15:00:00,0.29944,0.30094,0.29904,0.29954,4294024.161712
2025-11-11 16:00:00,0.29954,0.30112,0.29942,0.30064,2026300.093852
2025-11-11 17:00:00,0.30063,0.30134,0.29993,0.30058,930284.479596
2025-11-11 18:00:00,0.3006,0.301,0.2999,0.30017,1219510.468708
2025-11-11 19:00:00,0.30017,0.30017,0.29846,0.29856,905082.598053
2025-11-11 20:00:00,0.29854,0.29943,0.29762,0.29772,985873.753428
2025-11-11 21:00:00,0.29774,0.29841,0.29711,0.29742,409201.959992
2025-11-11 22:00:00,0.29736,0.29838,0.29702,0.29806,447232.640024
2025-11-11 23:00:00,0.29811,0.29819,0.29647,0.29682,939743.921278
2025-11-12 00:00:00,0.29671,0.2978,0.29608,0.29715,547678.53858
2025-11-12 01:00:00,0.29716,0.299,0.29697,0.29886,842682.917026
2025-11-12 02:00:00,0.29883,0.29972,0.29846,0.29871,433937.911119
2025-11-12 03:00:00,0.2987,0.29989,0.29855,0.29978,564647.775832
2025-11-12 04:00:00,0.29981,0.30009,0.29921,0.29967,406979.016043
2025-11-12 05:00:00,0.29967,0.30097,0.29941,0.3007,824931.158473
2025-11-12 06:00:00,0.30066,0.30091,0.29952,0.29952,411601.605242
2025-11-12 07:00:00,0.29951,0.29983,0.29811,0.29836,708549.731477
2025-11-12 08:00:00,0.29836,0.29898,0.29779,0.29798,549956.128153
2025-11-12 09:00:00,0.29798,0.29978,0.29791,0.29904,1492495.999207
2025-11-12 10:00:00,0.29904,0.29941,0.29849,0.29937,935467.463251
2025-11-12 11:00:00,0.29937,0.30023,0.29936,0.30006,698535.272946
2025-11-12 12:00:00,0.30008,0.301,0.29977,0.30077,842916.419025
2025-11-12 13:00:00,0.30081,0.30088,0.29988,0.29996,796281.105611
2025-11-12 14:00:00,0.29997,0.29998,0.29753,0.29803,1072148.453742
2025-11-12 15:00:00,0.29798,0.29908,0.29596,0.29629,1622476.445216
2025-11-12 16:00:00,0.29625,0.29658,0.29457,0.29535,2277597.671459
2025-11-12 17:00:00,0.29538,0.29687,0.29515,0.29663,606147.431996
2025-11-12 18:00:00,0.29669,0.29701,0.2959,0.29614,512980.926732
2025-11-12 19:00:00,0.29609,0.29619,0.29364,0.29434,1698716.985155
2025-11-12 20:00:00,0.29434,0.29535,0.29402,0.29514,753516.951257
2025-11-12 21:00:00,0.29521,0.29612,0.29432,0.29584,538329.202379
2025-11-12 22:00:00,0.29586,0.29594,0.29493,0.29525,436156.914549
2025-11-12 23:00:00,0.29525,0.2953,0.29439,0.29454,545120.587522
2025-11-13 00:00:00,0.29459,0.29536,0.29441,0.29461,544819.855178
2025-11-13 01:00:00,0.29455,0.2954,0.29454,0.29475,860609.291029
2025-11-13 02:00:00,0.29476,0.29507,0.29439,0.29475,670847.049123
2025-11-13 03:00:00,0.29475,0.29547,0.29337,0.29485,774096.782587
2025-11-13 04:00:00,0.29488,0.29608,0.29451,0.296,579616.442226
2025-11-13 05:00:00,0.29593,0.29709,0.29545,0.2968,519416.185727
2025-11-13 06:00:00,0.29682,0.29821,0.29675,0.29773,996249.580907
2025-11-13 07:00:00,0.29776,0.29941,0.29749,0.2991,2043080.581895
2025-11-13 08:00:00,0.2991,0.29996,0.29831,0.29891,998545.500631
2025-11-13 09:00:00,0.29889,0.29904,0.29759,0.2986,1012421.055574
2025-11-13 10:00:00,0.29861,0.29909,0.29818,0.2982,397487.18576
2025-11-13 11:00:00,0.29821,0.2986,0.29806,0.29853,411976.414214
2025-11-13 12:00:00,0.29855,0.29869,0.29798,0.29823,539284.518104
2025-11-13 13:00:00,0.29823,0.29839,0.29724,0.29749,608079.881651
2025-11-13 14:00:00,0.2976,0.29946,0.29642,0.29865,1081499.234049
2025-11-13 15:00:00,0.29868,0.29953,0.2965,0.29695,684914.267461
2025-11-13 16:00:00,0.29689,0.29808,0.29519,0.29564,1700431.656686
2025-11-13 17:00:00,0.29566,0.29643,0.29348,0.29367,2321663.17623
2025-11-13 18:00:00,0.29364,0.29405,0.29204,0.29328,2199979.900048
2025-11-13 19:00:00,0.29326,0.29377,0.29115,0.29158,1342781.101747
2025-11-13 20:00:00,0.29147,0.2922,0.29019,0.29166,2401097.746666
2025-11-13 21:00:00,0.29171,0.29255,0.29,0.29079,1416263.488381
2025-11-13 22:00:00,0.29079,0.29238,0.29042,0.29235,679615.780606
2025-11-13 23:00:00,0.29235,0.29382,0.29211,0.29315,625955.522498
2025-11-14 00:00:00,0.29321,0.29373,0.29208,0.29228,474231.176607
2025-11-14 01:00:00,0.29224,0.2924,0.29092,0.29117,580930.758956
2025-11-14 02:00:00,0.2912,0.29284,0.29112,0.29228,569587.713427
2025-11-14 03:00:00,0.29233,0.29242,0.29121,0.29158,378962.804603
2025-11-14 04:00:00,0.29158,0.29159,0.28803,0.28871,3158866.581205
2025-11-14 05:00:00,0.28871,0.29177,0.28871,0.29146,1754820.872393
2025-11-14 06:00:00,0.29144,0.29195,0.28963,0.29191,911612.483252
2025-11-14 07:00:00,0.29184,0.29353,0.29101,0.29338,1151933.073833
2025-11-14 08:00:00,0.29336,0.29422,0.29257,0.29347,1292104.18093
2025-11-14 09:00:00,0.29348,0.29382,0.29202,0.29208,1424840.273733
2025-11-14 10:00:00,0.29208,0.29412,0.29208,0.29385,1012220.486983
2025-11-14 11:00:00,0.2938,0.29386,0.29201,0.29244,3353692.270724
2025-11-14 12:00:00,0.29244,0.29246,0.2891,0.2914,2010127.981996
2025-11-14 13:00:00,0.29143,0.29242,0.28928,0.29111,1883582.645681
2025-11-14 14:00:00,0.29113,0.29674,0.29102,0.2955,3974798.765216
2025-11-14 15:00:00,0.29549,0.29666,0.2943,0.29605,1306322.730384
2025-11-14 16:00:00,0.29608,0.29866,0.29607,0.29762,2483147.471552
2025-11-14 17:00:00,0.2976,0.29805,0.29468,0.29486,1636029.139181
2025-11-14 18:00:00,0.2949,0.2964,0.29467,0.29515,658599.690888
2025-11-14 19:00:00,0.29517,0.29677,0.29489,0.29615,943551.489689
2025-11-14 20:00:00,0.29615,0.29623,0.29231,0.29303,1769663.510681
2025-11-14 21:00:00,0.29304,0.29481,0.29281,0.29442,476353.927364
2025-11-14 22:00:00,0.29447,0.29505,0.29357,0.294,655480.732005
2025-11-14 23:00:00,0.29407,0.29407,0.2917,0.29258,975342.691269
2025-11-15 00:00:00,0.29259,0.29419,0.2925,0.29394,584089.327654
2025-11-15 01:00:00,0.29394,0.29495,0.29365,0.29485,1131034.502918
2025-11-15 02:00:00,0.29488,0.29488,0.29372,0.29437,746363.901655
2025-11-15 03:00:00,0.29435,0.29441,0.29369,0.29427,539608.546883
2025-11-15 04:00:00,0.29425,0.29484,0.29411,0.29428,680168.757367
2025-11-15 05:00:00,0.29428,0.29469,0.29387,0.29462,379268.062316
2025-11-15 06:00:00,0.29463,0.29488,0.29384,0.29396,767543.055666
2025-11-15 07:00:00,0.29398,0.2949,0.29377,0.2943,673145.995654
2025-11-15 08:00:00,0.29433,0.29439,0.29206,0.29221,876331.717879
2025-11-15 09:00:00,0.29218,0.29302,0.2916,0.29224,1176854.687499
2025-11-15 10:00:00,0.29223,0.29223,0.29104,0.29202,619422.773994
2025-11-15 11:00:00,0.29204,0.29255,0.29135,0.29171,464825.834581
2025-11-15 12:00:00,0.29168,0.29333,0.29137,0.2933,809446.763682
2025-11-15 13:00:00,0.2933,0.29382,0.29281,0.29336,1282875.24518
2025-11-15 14:00:00,0.29341,0.29373,0.29283,0.29317,917717.079877
2025-11-15 15:00:00,0.29317,0.2932,0.29266,0.29298,265868.102779
2025-11-15 16:00:00,0.29289,0.29291,0.29209,0.29277,1098205.287518
2025-11-15 17:00:00,0.29276,0.29375,0.29217,0.29375,629905.016499
2025-11-15 18:00:00,0.29373,0.29485,0.29305,0.29327,1081214.601265
2025-11-15 19:00:00,0.29331,0.29375,0.29286,0.29297,327115.30146
2025-11-15 20:00:00,0.29296,0.29312,0.2923,0.29273,294689.237453
2025-11-15 21:00:00,0.29271,0.29406,0.29268,0.29352,445053.883292
2025-11-15 22:00:00,0.29355,0.29438,0.29346,0.29438,385979.784938
2025-11-15 23:00:00,0.29438,0.29494,0.29427,0.29489,516762.92301
2025-11-16 00:00:00,0.29491,0.29502,0.29386,0.29466,751275.843188
2025-11-16 01:00:00,0.2946,0.29469,0.29351,0.29386,899285.186093
2025-11-16 02:00:00,0.29384,0.29653,0.29365,0.29644,1123020.900711
2025-11-16 03:00:00,0.29645,0.29661,0.29578,0.29642,1333690.764721
2025-11-16 04:00:00,0.29642,0.29728,0.29606,0.29717,1541093.54198
2025-11-16 05:00:00,0.29716,0.29774,0.29642,0.29695,1841357.265042
2025-11-16 06:00:00,0.29696,0.29787,0.29692,0.29771,1388394.193121
2025-11-16 07:00:00,0.29771,0.2988,0.29744,0.29786,1452125.633457
2025-11-16 08:00:00,0.29786,0.29814,0.29687,0.29762,1308311.952267
2025-11-16 09:00:00,0.29762,0.29945,0.29755,0.29924,1730577.154281
2025-11-16 10:00:00,0.29929,0.29936,0.29818,0.29867,1162906.340025
2025-11-16 11:00:00,0.29868,0.29868,0.2958,0.2962,1747283.952357
2025-11-16 12:00:00,0.29624,0.29692,0.2959,0.29647,677959.452399
2025-11-16 13:00:00,0.29645,0.29655,0.29431,0.2945,910793.73845
2025-11-16 14:00:00,0.29449,0.29616,0.29436,0.29549,616268.241712
2025-11-16 15:00:00,0.29555,0.29557,0.29204,0.29222,3074017.421952
2025-11-16 16:00:00,0.29232,0.29309,0.29038,0.29069,2429341.100814
2025-11-16 17:00:00,0.2907,0.29135,0.28952,0.29124,2154223.380102
2025-11-16 18:00:00,0.29123,0.29256,0.28944,0.2896,2047035.326884
2025-11-16 19:00:00,0.28955,0.29208,0.28943,0.29175,790866.828812
2025-11-16 20:00:00,0.2918,0.29275,0.29159,0.2919,310248.415115
2025-11-16 21:00:00,0.29182,0.29196,0.29112,0.29185,634109.824542
2025-11-16 22:00:00,0.29187,0.2929,0.29093,0.29233,674220.7342
2025-11-16 23:00:00,0.29232,0.29316,0.29033,0.29235,857579.204537
2025-11-17 00:00:00,0.29233,0.2938,0.29128,0.29273,1121237.756225
2025-11-17 01:00:00,0.29273,0.29299,0.29199,0.29214,817607.885407
2025-11-17 02:00:00,0.29212,0.29338,0.29202,0.29269,1120614.714326
2025-11-17 03:00:00,0.29269,0.29388,0.2926,0.29299,748424.628777
2025-11-17 04:00:00,0.29305,0.29344,0.29262,0.29308,425417.350561
2025-11-17 05:00:00,0.2931,0.29315,0.2926,0.29289,347668.639149
2025-11-17 06:00:00,0.29289,0.29327,0.29244,0.29294,531320.849119
2025-11-17 07:00:00,0.29295,0.29347,0.29272,0.2929,720601.488397
2025-11-17 08:00:00,0.29292,0.29341,0.2926,0.29278,553039.917326
2025-11-17 09:00:00,0.29279,0.29347,0.29247,0.2931,1065853.325707
2025-11-17 10:00:00,0.29311,0.29391,0.29311,0.29341,786359.58604
2025-11-17 11:00:00,0.29345,0.29441,0.29335,0.29399,723518.829332
2025-11-17 12:00:00,0.29399,0.29469,0.29376,0.2942,747138.585861
2025-11-17 13:00:00,0.2942,0.29428,0.29079,0.29152,1738636.614437
2025-11-17 14:00:00,0.29151,0.29644,0.29073,0.295,2207977.5273
2025-11-17 15:00:00,0.29508,0.29588,0.29358,0.29392,1056072.789589
2025-11-17 16:00:00,0.29392,0.29565,0.29222,0.29546,2093650.612557
2025-11-17 17:00:00,0.29545,0.2959,0.29329,0.29413,1860373.085663
2025-11-17 18:00:00,0.29416,0.29428,0.29267,0.29308,950983.678195
2025-11-17 19:00:00,0.29308,0.2934,0.29031,0.29067,1420869.374607
2025-11-17 20:00:00,0.29068,0.29089,0.2888,0.29028,2533057.833386
2025-11-17 21:00:00,0.29022,0.29171,0.29013,0.29126,724970.88367
2025-11-17 22:00:00,0.29122,0.29216,0.29065,0.29196,578484.766656
2025-11-17 23:00:00,0.29196,0.29248,0.29111,0.29179,415655.474969
2025-11-18 00:00:00,0.29185,0.292,0.28963,0.29183,946367.955491
2025-11-18 01:00:00,0.29185,0.29285,0.29142,0.2919,1876973.52492
2025-11-18 02:00:00,0.29191,0.29305,0.29061,0.29074,1796960.594652
2025-11-18 03:00:00,0.2907,0.29199,0.28921,0.2914,2013204.768041
2025-11-18 04:00:00,0.29144,0.29164,0.28945,0.2914,986076.909802
2025-11-18 05:00:00,0.2914,0.2914,0.28957,0.28993,952833.308092
2025-11-18 06:00:00,0.28995,0.29043,0.28704,0.28743,1848374.79501
2025-11-18 07:00:00,0.28746,0.28828,0.28675,0.28792,1699921.982155
2025-11-18 08:00:00,0.28798,0.28899,0.28739,0.28835,954165.59375
2025-11-18 09:00:00,0.28834,0.28854,0.28732,0.28838,1074176.555309
2025-11-18 10:00:00,0.28834,0.29004,0.28791,0.28967,666581.008926
2025-11-18 11:00:00,0.28965,0.29025,0.28909,0.28951,804632.968631
2025-11-18 12:00:00,0.2895,0.29092,0.28884,0.29028,1063431.292604
2025-11-18 13:00:00,0.29029,0.29032,0.289,0.28999,718679.140805
2025-11-18 14:00:00,0.28992,0.2916,0.28924,0.28924,1779161.182651
2025-11-18 15:00:00,0.28921,0.2918,0.28843,0.29144,2033461.239473
2025-11-18 16:00:00,0.29138,0.29299,0.29112,0.29216,3139553.891881
2025-11-18 17:00:00,0.29214,0.29249,0.29132,0.29245,1190858.838018
2025-11-18 18:00:00,0.29248,0.293,0.29194,0.29258,838523.412454
2025-11-18 19:00:00,0.29258,0.29312,0.29219,0.29261,748122.975702
2025-11-18 20:00:00,0.2926,0.29276,0.29131,0.29143,531606.473364
2025-11-18 21:00:00,0.29146,0.29162,0.29047,0.2906,784856.106192
2025-11-18 22:00:00,0.29062,0.29183,0.29054,0.29166,610371.245098
2025-11-18 23:00:00,0.29169,0.29204,0.29012,0.2903,867231.989917
2025-11-19 00:00:00,0.29048,0.29061,0.28866,0.28963,1268324.044822
2025-11-19 01:00:00,0.28964,0.29017,0.2888,0.28935,976205.046119
2025-11-19 02:00:00,0.28936,0.28997,0.2887,0.28963,600952.527614
2025-11-19 03:00:00,0.2896,0.28994,0.28832,0.28843,1067707.721529
2025-11-19 04:00:00,0.28845,0.28861,0.28758,0.28827,1269990.774113
2025-11-19 05:00:00,0.28833,0.28856,0.28542,0.28589,3527798.119481
2025-11-19 06:00:00,0.28589,0.2868,0.28553,0.28657,954039.384854
2025-11-19 07:00:00,0.28645,0.2884,0.28622,0.28795,708574.085456
2025-11-19 08:00:00,0.28795,0.28855,0.28742,0.28785,647897.195059
2025-11-19 09:00:00,0.28786,0.28837,0.28749,0.28832,1344874.65348
2025-11-19 10:00:00,0.28831,0.28857,0.2875,0.28761,601026.455326
2025-11-19 11:00:00,0.28762,0.28835,0.28749,0.28811,615794.952771
2025-11-19 12:00:00,0.28811,0.28839,0.28791,0.28818,410016.571576
2025-11-19 13:00:00,0.28819,0.2895,0.28692,0.28722,1813064.51045
2025-11-19 14:00:00,0.28722,0.28734,0.2854,0.28668,2634079.17741
2025-11-19 15:00:00,0.28667,0.28827,0.28357,0.28377,3856606.673112
2025-11-19 16:00:00,0.28374,0.28483,0.28355,0.2843,3656750.409591
2025-11-19 17:00:00,0.28433,0.28491,0.28352,0.28467,2035087.860846
2025-11-19 18:00:00,0.28468,0.28525,0.28339,0.28417,1414405.999806
2025-11-19 19:00:00,0.28418,0.28445,0.28362,0.28407,577180.730924
2025-11-19 20:00:00,0.28406,0.28555,0.28379,0.28518,832503.171888
2025-11-19 21:00:00,0.28518,0.28655,0.2849,0.28648,1078390.374311
2025-11-19 22:00:00,0.28646,0.28678,0.28602,0.28674,521373.72907
2025-11-19 23:00:00,0.28672,0.28742,0.28643,0.28696,843571.527726
2025-11-20 00:00:00,0.28697,0.28798,0.28645,0.2875,930005.881488
2025-11-20 01:00:00,0.28752,0.28781,0.28711,0.28726,1337031.856775
2025-11-20 02:00:00,0.28724,0.28769,0.28691,0.28729,672223.504056
2025-11-20 03:00:00,0.28737,0.288,0.28726,0.28776,759172.124394
2025-11-20 04:00:00,0.2878,0.28801,0.28715,0.28801,572800.953786
2025-11-20 05:00:00,0.28796,0.28832,0.28753,0.28765,588499.898567
2025-11-20 06:00:00,0.28774,0.28819,0.28699,0.28727,436577.497366
2025-11-20 07:00:00,0.2873,0.28789,0.28714,0.2878,549191.429819
2025-11-20 08:00:00,0.28779,0.28814,0.28712,0.28728,590928.246684
2025-11-20 09:00:00,0.28727,0.28737,0.28614,0.28647,1241067.097309
2025-11-20 10:00:00,0.2865,0.2865,0.28582,0.28616,1181184.410004
2025-11-20 11:00:00,0.28615,0.28673,0.28587,0.28618,1083660.739619
2025-11-20 12:00:00,0.28619,0.28638,0.28533,0.28538,867356.592738
2025-11-20 13:00:00,0.28535,0.28551,0.28451,0.28474,1832266.433181
2025-11-20 14:00:00,0.28471,0.28471,0.28239,0.28353,2489709.69615
2025-11-20 15:00:00,0.28352,0.28352,0.28116,0.2813,2512050.44122
2025-11-20 16:00:00,0.28131,0.28143,0.27737,0.27854,8407137.194015
2025-11-20 17:00:00,0.27854,0.28092,0.27832,0.28049,2866632.851688
2025-11-20 18:00:00,0.28045,0.28045,0.27854,0.27893,1009582.005633
2025-11-20 19:00:00,0.27881,0.27922,0.27778,0.27823,1447986.217122
2025-11-20 20:00:00,0.27822,0.27904,0.27734,0.27806,1586821.724935
2025-11-20 21:00:00,0.27805,0.28037,0.27781,0.28004,975655.774711
2025-11-20 22:00:00,0.28001,0.28118,0.27998,0.28069,859758.094123
2025-11-20 23:00:00,0.28071,0.28139,0.27983,0.28054,1516006.480423
2025-11-21 00:00:00,0.28054,0.28231,0.28054,0.28118,1139179.287481
2025-11-21 01:00:00,0.28119,0.28199,0.28097,0.28129,766826.427365
2025-11-21 02:00:00,0.28129,0.28131,0.27888,0.2792,1197126.886464
2025-11-21 03:00:00,0.27916,0.2813,0.27903,0.28077,808096.554187
2025-11-21 04:00:00,0.28078,0.28165,0.2801,0.28149,774240.603483
2025-11-21 05:00:00,0.28149,0.28219,0.28098,0.28144,1200647.163877
2025-11-21 06:00:00,0.28143,0.28168,0.28085,0.28122,929275.294411
2025-11-21 07:00:00,0.28122,0.28164,0.2748,0.2756,6921247.573984
2025-11-21 08:00:00,0.27559,0.27899,0.27527,0.2775,2895168.798901
2025-11-21 09:00:00,0.27752,0.27834,0.27661,0.27671,2428628.278773
2025-11-21 10:00:00,0.27667,0.27696,0.27579,0.27641,1743632.767802
2025-11-21 11:00:00,0.27639,0.2775,0.27528,0.27543,1268757.28464
2025-11-21 12:00:00,0.27542,0.27667,0.27375,0.27622,3013376.643213
2025-11-21 13:00:00,0.27623,0.27758,0.2758,0.277,2075843.011087
2025-11-21 14:00:00,0.27703,0.27806,0.27676,0.27754,2870765.470798
2025-11-21 15:00:00,0.27751,0.27781,0.27566,0.27631,3408241.876236
2025-11-21 16:00:00,0.27627,0.27747,0.27492,0.27708,2996840.695338
2025-11-21 17:00:00,0.27708,0.27824,0.2769,0.2773,1454683.718231
2025-11-21 18:00:00,0.27731,0.27738,0.2754,0.2765,1032676.675706
2025-11-21 19:00:00,0.27652,0.27678,0.27582,0.276,460579.179132
2025-11-21 20:00:00,0.27596,0.27632,0.27499,0.27599,1148824.137825
2025-11-21 21:00:00,0.27594,0.27764,0.27564,0.27683,854908.372428
2025-11-21 22:00:00,0.27683,0.27701,0.27556,0.27558,447143.066931
2025-11-21 23:00:00,0.27558,0.27687,0.27513,0.27668,1118777.866576
2025-11-22 00:00:00,0.27668,0.27743,0.27649,0.27669,497248.567789
2025-11-22 01:00:00,0.27667,0.27721,0.27634,0.27713,563909.220474
2025-11-22 02:00:00,0.27715,0.27733,0.27621,0.27658,460775.590874
2025-11-22 03:00:00,0.27656,0.27697,0.27602,0.27612,433574.278232
2025-11-22 04:00:00,0.27614,0.27619,0.27492,0.27597,961713.486663
2025-11-22 05:00:00,0.27593,0.27626,0.27516,0.2758,541389.420967
2025-11-22 06:00:00,0.27583,0.27635,0.27526,0.27622,719181.586032
2025-11-22 07:00:00,0.27622,0.27666,0.27586,0.27642,1224626.643652
2025-11-22 08:00:00,0.27644,0.27644,0.27482,0.2749,1340941.85271
2025-11-22 09:00:00,0.27491,0.27544,0.27441,0.2748,1162660.578648
2025-11-22 10:00:00,0.27479,0.27521,0.27367,0.27395,738349.728522
2025-11-22 11:00:00,0.27394,0.27517,0.27375,0.27488,899972.95409
2025-11-22 12:00:00,0.27483,0.275,0.27388,0.27426,665235.447029
2025-11-22 13:00:00,0.27426,0.27468,0.27381,0.27434,654977.343344
2025-11-22 14:00:00,0.27431,0.27537,0.27431,0.27461,652755.36976
2025-11-22 15:00:00,0.27461,0.27476,0.27302,0.27355,1241439.369602
2025-11-22 16:00:00,0.27355,0.27444,0.27332,0.27393,918116.487716
2025-11-22 17:00:00,0.27394,0.27394,0.27344,0.27365,294822.585859
2025-11-22 18:00:00,0.27363,0.27365,0.27315,0.2734,349801.360068
2025-11-22 19:00:00,0.27341,0.27381,0.27322,0.27365,361458.234528
2025-11-22 20:00:00,0.27368,0.27411,0.27361,0.27403,353175.500804
2025-11-22 21:00:00,0.27399,0.27413,0.27371,0.2741,457913.815268
2025-11-22 22:00:00,0.27409,0.27508,0.2738,0.27488,578612.028256
2025-11-22 23:00:00,0.27491,0.27506,0.27421,0.27425,265308.461221
2025-11-23 00:00:00,0.27429,0.27502,0.27404,0.27419,523036.816915
2025-11-23 01:00:00,0.27416,0.27513,0.27405,0.27473,733536.142743
2025-11-23 02:00:00,0.27486,0.2756,0.27464,0.27474,574019.718188
2025-11-23 03:00:00,0.27471,0.27478,0.27429,0.27474,399757.43951
2025-11-23 04:00:00,0.27474,0.27559,0.27455,0.27528,1043277.375824
2025-11-23 05:00:00,0.27528,0.27565,0.27472,0.27512,1352798.364088
2025-11-23 06:00:00,0.27512,0.27531,0.27442,0.27451,808798.232913
2025-11-23 07:00:00,0.27451,0.27459,0.27385,0.27415,1225641.207009
2025-11-23 08:00:00,0.27416,0.27538,0.27415,0.2751,3101442.939871
2025-11-23 09:00:00,0.27512,0.27548,0.27505,0.27519,639920.478283
2025-11-23 10:00:00,0.2752,0.27526,0.27462,0.27462,581461.998027
2025-11-23 11:00:00,0.27463,0.27483,0.27433,0.27458,475967.97496
2025-11-23 12:00:00,0.27458,0.27568,0.27458,0.27537,1306075.466237
2025-11-23 13:00:00,0.27534,0.27557,0.27507,0.27544,455655.707454
2025-11-23 14:00:00,0.27544,0.27575,0.27477,0.27482,604988.253629
2025-11-23 15:00:00,0.27482,0.27561,0.27469,0.27546,465695.30726
2025-11-23 16:00:00,0.27547,0.27593,0.27475,0.27487,886881.019367
2025-11-23 17:00:00,0.27486,0.27558,0.27465,0.27527,383054.737693
2025-11-23 18:00:00,0.27526,0.2755,0.2751,0.2752,219691.724853
2025-11-23 19:00:00,0.2752,0.27573,0.27504,0.27533,421632.821549
2025-11-23 20:00:00,0.27534,0.27544,0.27506,0.27531,345212.568613
2025-11-23 21:00:00,0.27532,0.27558,0.27499,0.27545,269716.503179
2025-11-23 22:00:00,0.27547,0.27555,0.2751,0.27523,317421.66152
2025-11-23 23:00:00,0.27526,0.27535,0.27453,0.27508,667612.8282
2025-11-24 00:00:00,0.27507,0.27519,0.27444,0.27493,658785.055415
2025-11-24 01:00:00,0.27492,0.27596,0.27492,0.27585,1133599.143409
2025-11-24 02:00:00,0.27587,0.27712,0.27575,0.2764,1009964.148708
2025-11-24 03:00:00,0.27644,0.27761,0.27628,0.27739,837269.185675
2025-11-24 04:00:00,0.27739,0.27762,0.27607,0.27705,695160.156348
2025-11-24 05:00:00,0.27706,0.27762,0.27679,0.27735,1414027.62072
2025-11-24 06:00:00,0.27737,0.27738,0.27651,0.27727,926656.627617
2025-11-24 07:00:00,0.27726,0.2775,0.27701,0.27733,469965.536421
2025-11-24 08:00:00,0.27732,0.27732,0.2764,0.27691,551367.959308
2025-11-24 09:00:00,0.27691,0.27724,0.27606,0.27658,1045702.123968
2025-11-24 10:00:00,0.27661,0.27693,0.27641,0.27685,427860.10267
2025-11-24 11:00:00,0.27685,0.2772,0.27641,0.27652,639194.756396
2025-11-24 12:00:00,0.27652,0.27653,0.27596,0.27611,765491.500023
2025-11-24 13:00:00,0.27609,0.2773,0.27596,0.27705,737195.310061
2025-11-24 14:00:00,0.27702,0.27753,0.27526,0.27604,2653861.339088
2025-11-24 15:00:00,0.27607,0.27686,0.27594,0.27636,1143202.875348
2025-11-24 16:00:00,0.27641,0.27737,0.27638,0.27683,1213405.959311
2025-11-24 17:00:00,0.27682,0.27744,0.27633,0.277,2074188.064577
2025-11-24 18:00:00,0.2771,0.27726,0.27646,0.27671,933239.810346
2025-11-24 19:00:00,0.27672,0.27707,0.27624,0.27646,1257050.023045
2025-11-24 20:00:00,0.27647,0.27708,0.27636,0.2764,965200.427594
2025-11-24 21:00:00,0.27634,0.27636,0.27582,0.27592,743433.331242
2025-11-24 22:00:00,0.27591,0.27634,0.27533,0.27566,802747.1557
2025-11-24 23:00:00,0.2756,0.2756,0.27472,0.27479,1136706.482036
2025-11-25 00:00:00,0.27479,0.27489,0.2742,0.27425,1257323.755378
2025-11-25 01:00:00,0.27425,0.27452,0.27369,0.27376,1242152.032945
2025-11-25 02:00:00,0.27373,0.27374,0.27203,0.27265,4580896.839556
2025-11-25 03:00:00,0.27262,0.27313,0.27205,0.27228,1978048.18922
2025-11-25 04:00:00,0.27229,0.273,0.27201,0.27289,1243951.596582
2025-11-25 05:00:00,0.27288,0.2729,0.27243,0.2725,738878.267589
2025-11-25 06:00:00,0.2725,0.27297,0.27232,0.27283,520339.982562
2025-11-25 07:00:00,0.27284,0.27325,0.27255,0.27272,1289036.563152
2025-11-25 08:00:00,0.27269,0.27307,0.27232,0.27245,1086755.500783
2025-11-25 09:00:00,0.27253,0.27279,0.27215,0.27228,2314648.272774
2025-11-25 10:00:00,0.27227,0.27241,0.27183,0.27217,1418012.04365
2025-11-25 11:00:00,0.27216,0.27228,0.27183,0.27211,645282.137073
2025-11-25 12:00:00,0.27211,0.27284,0.2721,0.27238,924577.781921
2025-11-25 13:00:00,0.27238,0.27238,0.27142,0.27163,1212473.543588
2025-11-25 14:00:00,0.27162,0.27258,0.27091,0.2713,2497092.385646
2025-11-25 15:00:00,0.27123,0.27226,0.2708,0.27175,1333764.825424
2025-11-25 16:00:00,0.27177,0.27305,0.27163,0.27304,1147060.295172
2025-11-25 17:00:00,0.27304,0.27416,0.273,0.27338,1089696.911327
2025-11-25 18:00:00,0.27338,0.27372,0.27322,0.27348,295190.427668
2025-11-25 19:00:00,0.27349,0.27363,0.2729,0.2736,558742.562383
2025-11-25 20:00:00,0.27359,0.27407,0.27343,0.27391,451606.814567
2025-11-25 21:00:00,0.27391,0.27433,0.27384,0.27414,330917.559101
2025-11-25 22:00:00,0.27414,0.27488,0.27362,0.27485,780509.60633
2025-11-25 23:00:00,0.27485,0.27509,0.27428,0.2746,656231.147213
2025-11-26 00:00:00,0.2746,0.27505,0.27435,0.27502,331900.244784
2025-11-26 01:00:00,0.27502,0.27571,0.27497,0.27535,708741.855964
2025-11-26 02:00:00,0.27534,0.27543,0.27464,0.27465,328104.356975
2025-11-26 03:00:00,0.27463,0.27493,0.27421,0.27422,531539.444195
2025-11-26 04:00:00,0.27425,0.27447,0.27409,0.27446,378920.384867
2025-11-26 05:00:00,0.27444,0.27493,0.2744,0.27485,299661.898211
2025-11-26 06:00:00,0.27485,0.27485,0.27445,0.27459,319206.493655
2025-11-26 07:00:00,0.27457,0.27494,0.27451,0.27494,299452.824513
2025-11-26 08:00:00,0.27494,0.27511,0.27424,0.27424,612611.845919
2025-11-26 09:00:00,0.27423,0.27433,0.274,0.27425,963044.788369
2025-11-26 10:00:00,0.27428,0.275,0.27414,0.27498,610132.782681
2025-11-26 11:00:00,0.27498,0.2754,0.27498,0.2754,364958.819109
2025-11-26 12:00:00,0.27539,0.27546,0.27475,0.27475,674352.471069
2025-11-26 13:00:00,0.27478,0.27533,0.27448,0.27519,974888.70681
2025-11-26 14:00:00,0.27519,0.2756,0.27432,0.27438,883601.343863
2025-11-26 15:00:00,0.2744,0.27499,0.27433,0.27462,924872.342162
2025-11-26 16:00:00,0.27462,0.27506,0.2744,0.27454,974421.021512
2025-11-26 17:00:00,0.27456,0.27568,0.2745,0.27567,926147.17849
2025-11-26 18:00:00,0.27566,0.27681,0.27554,0.27677,1440132.411486
2025-11-26 19:00:00,0.27676,0.27716,0.27644,0.27695,816421.177128
2025-11-26 20:00:00,0.27695,0.27735,0.27663,0.27682,534763.959482
2025-11-26 21:00:00,0.27683,0.27687,0.27625,0.27647,542013.842336
2025-11-26 22:00:00,0.27647,0.27674,0.27635,0.27661,293131.862483
2025-11-26 23:00:00,0.27661,0.27672,0.27623,0.27654,511546.415056
2025-11-27 00:00:00,0.27654,0.27709,0.27614,0.27673,842846.152233
2025-11-27 01:00:00,0.27675,0.27712,0.27635,0.27686,819585.008396
2025-11-27 02:00:00,0.27681,0.27711,0.27645,0.2766,574180.705415
2025-11-27 03:00:00,0.2766,0.27695,0.2766,0.27681,486250.721124
2025-11-27 04:00:00,0.27679,0.2772,0.27665,0.27674,488175.879116
2025-11-27 05:00:00,0.27674,0.27677,0.27603,0.27615,672877.451831
2025-11-27 06:00:00,0.27615,0.27676,0.27614,0.27672,632212.00982
2025-11-27 07:00:00,0.27673,0.27685,0.27666,0.27681,266965.896213
2025-11-27 08:00:00,0.27682,0.27685,0.2764,0.27656,472460.29667
2025-11-27 09:00:00,0.27656,0.27694,0.27632,0.27671,1007355.904153
2025-11-27 10:00:00,0.27671,0.27738,0.27661,0.27738,770061.103518
2025-11-27 11:00:00,0.27738,0.27792,0.27737,0.27792,1319044.431215
2025-11-27 12:00:00,0.27792,0.27819,0.27733,0.27781,1666235.112035
2025-11-27 13:00:00,0.2778,0.27798,0.27735,0.27772,933586.588562
2025-11-27 14:00:00,0.27772,0.2781,0.27764,0.27803,644469.519365
2025-11-27 15:00:00,0.27804,0.27846,0.27783,0.27846,604985.627485
2025-11-27 16:00:00,0.27846,0.27964,0.27846,0.27932,2466350.074747
2025-11-27 17:00:00,0.27931,0.2799,0.2793,0.27979,682160.74872
2025-11-27 18:00:00,0.27977,0.2805,0.2793,0.27955,1031885.680316
2025-11-27 19:00:00,0.27955,0.27976,0.27939,0.27967,717033.835553
2025-11-27 20:00:00,0.27967,0.28037,0.27967,0.28027,604234.103363
2025-11-27 21:00:00,0.28027,0.28047,0.28013,0.28032,313688.761391
2025-11-27 22:00:00,0.28032,0.28046,0.27922,0.27992,521874.18117
2025-11-27 23:00:00,0.27992,0.28042,0.27984,0.28029,297778.358588
2025-11-28 00:00:00,0.28031,0.28058,0.2799,0.28013,1399236.567079
2025-11-28 01:00:00,0.28014,0.2803,0.27977,0.28001,566167.054287
2025-11-28 02:00:00,0.27996,0.28025,0.27982,0.28022,406971.428499
2025-11-28 03:00:00,0.28022,0.28029,0.28003,0.28017,486317.402806
2025-11-28 04:00:00,0.28017,0.28026,0.27984,0.28021,676422.233451
2025-11-28 05:00:00,0.28021,0.28219,0.28016,0.2817,1886047.579228
2025-11-28 06:00:00,0.2817,0.28188,0.28057,0.28106,1680846.838771
2025-11-28 07:00:00,0.28104,0.28111,0.2801,0.2801,971146.47448
2025-11-28 08:00:00,0.28014,0.28077,0.27973,0.28047,973721.965448
2025-11-28 09:00:00,0.28052,0.28084,0.28019,0.28063,890469.75296
2025-11-28 10:00:00,0.28062,0.281,0.28059,0.28096,430054.663507
2025-11-28 11:00:00,0.28099,0.28099,0.28014,0.28048,902556.476161
2025-11-28 12:00:00,0.28045,0.28066,0.28015,0.28029,413046.798539
2025-11-28 13:00:00,0.28029,0.28079,0.28002,0.28023,679152.591349
2025-11-28 14:00:00,0.28023,0.28055,0.27992,0.28042,1120990.351138
2025-11-28 15:00:00,0.28044,0.28047,0.27998,0.28034,483311.359022
2025-11-28 16:00:00,0.28035,0.28096,0.27994,0.2807,1017327.256526
2025-11-28 17:00:00,0.2807,0.28092,0.28048,0.28078,1214382.586292
2025-11-28 18:00:00,0.2808,0.2809,0.28026,0.28076,378923.236
2025-11-28 19:00:00,0.28076,0.28135,0.28066,0.28135,460342.253434
2025-11-28 20:00:00,0.28135,0.28195,0.28127,0.28193,438646.131629
2025-11-28 21:00:00,0.28193,0.28231,0.28123,0.28139,526839.337903
2025-11-28 22:00:00,0.28138,0.28169,0.28095,0.28108,667108.416653
2025-11-28 23:00:00,0.28108,0.28116,0.28067,0.28105,428005.529001
2025-11-29 00:00:00,0.28104,0.28121,0.28091,0.28118,551675.296251
2025-11-29 01:00:00,0.28118,0.28128,0.28084,0.28126,566087.495876
2025-11-29 02:00:00,0.28126,0.28126,0.28095,0.28104,315675.489076
2025-11-29 03:00:00,0.28105,0.28117,0.28086,0.28091,366613.185832
2025-11-29 04:00:00,0.28089,0.28157,0.28069,0.28146,420009.148427
2025-11-29 05:00:00,0.28148,0.28169,0.2814,0.28169,314391.375711
2025-11-29 06:00:00,0.28169,0.28171,0.28065,0.28087,748786.679688
2025-11-29 07:00:00,0.2809,0.28122,0.28079,0.28118,596150.343079
2025-11-29 08:00:00,0.28118,0.28126,0.2805,0.28057,640579.713065
2025-11-29 09:00:00,0.28058,0.28063,0.28027,0.28035,891924.914055
2025-11-29 10:00:00,0.28036,0.28097,0.28021,0.28096,452105.310111
2025-11-29 11:00:00,0.28096,0.28117,0.28092,0.28117,371038.561558
2025-11-29 12:00:00,0.28116,0.28125,0.28093,0.28125,682615.746288
2025-11-29 13:00:00,0.28124,0.28132,0.28098,0.28124,687499.628381
2025-11-29 14:00:00,0.28123,0.28157,0.28121,0.28157,636077.812573
2025-11-29 15:00:00,0.28157,0.2818,0.28123,0.2816,680578.692894
2025-11-29 16:00:00,0.2816,0.28177,0.28154,0.28169,646139.358164
2025-11-29 17:00:00,0.28168,0.2817,0.28077,0.28107,472736.916444
2025-11-29 18:00:00,0.28106,0.28109,0.28054,0.28103,606495.064625
2025-11-29 19:00:00,0.28102,0.28103,0.28069,0.28091,272312.116383
2025-11-29 20:00:00,0.2809,0.28137,0.28063,0.28137,275641.176779
2025-11-29 21:00:00,0.28137,0.28138,0.28089,0.28108,188062.569066
2025-11-29 22:00:00,0.28108,0.28119,0.28078,0.28106,516544.863154
2025-11-29 23:00:00,0.28107,0.2811,0.28071,0.28097,243697.004474
2025-11-30 00:00:00,0.28095,0.28101,0.28036,0.2804,224469.349837
2025-11-30 01:00:00,0.28037,0.2809,0.28027,0.28054,680169.552332
2025-11-30 02:00:00,0.28055,0.28056,0.28021,0.28022,423030.363102
2025-11-30 03:00:00,0.28022,0.28036,0.2797,0.2797,393251.864007
2025-11-30 04:00:00,0.27974,0.28002,0.27947,0.28002,317631.412384
2025-11-30 05:00:00,0.28,0.28001,0.27968,0.27995,291283.188936
2025-11-30 06:00:00,0.27995,0.28,0.27969,0.27974,807010.014086
2025-11-30 07:00:00,0.27975,0.2804,0.27974,0.28039,1062564.412996
2025-11-30 08:00:00,0.2804,0.28198,0.28031,0.28102,832448.328728
2025-11-30 09:00:00,0.28102,0.28108,0.28051,0.28077,1030644.105615
2025-11-30 10:00:00,0.28078,0.28081,0.2804,0.28056,400571.729556
2025-11-30 11:00:00,0.28057,0.28119,0.28056,0.28114,348451.692643
2025-11-30 12:00:00,0.28114,0.28132,0.28099,0.28114,668475.848536
2025-11-30 13:00:00,0.28113,0.282,0.28107,0.28194,879501.075717
2025-11-30 14:00:00,0.28194,0.28292,0.28165,0.28276,727389.883694
2025-11-30 15:00:00,0.28274,0.28291,0.2821,0.28234,573864.043646
2025-11-30 16:00:00,0.28235,0.28252,0.28205,0.28252,889024.663226
2025-11-30 17:00:00,0.28248,0.28276,0.28245,0.2827,500571.563992
2025-11-30 18:00:00,0.2827,0.28338,0.28185,0.28256,1242553.659529
2025-11-30 19:00:00,0.28256,0.28266,0.28213,0.28242,1076209.204819
2025-11-30 20:00:00,0.28243,0.28252,0.28213,0.2824,308225.504637
2025-11-30 21:00:00,0.2824,0.2824,0.28189,0.28222,375536.096371
2025-11-30 22:00:00,0.28223,0.28239,0.2819,0.28229,452438.730936
2025-11-30 23:00:00,0.28229,0.28229,0.28139,0.28139,577654.167531
2025-12-01 00:00:00,0.28139,0.28164,0.27732,0.27734,4632561.287401
2025-12-01 01:00:00,0.27734,0.27817,0.27724,0.27804,2174569.035242
2025-12-01 02:00:00,0.27804,0.27856,0.27717,0.2779,1326776.119068
2025-12-01 03:00:00,0.2779,0.27812,0.2769,0.27713,1742865.274885
2025-12-01 04:00:00,0.2771,0.27811,0.27628,0.27693,1810793.168298
2025-12-01 05:00:00,0.27692,0.2778,0.27692,0.27774,666577.561785
2025-12-01 06:00:00,0.27773,0.27879,0.27771,0.27852,815087.541799
2025-12-01 07:00:00,0.27852,0.27855,0.27608,0.2763,1243618.97179
2025-12-01 08:00:00,0.27631,0.27663,0.27583,0.2763,1005906.43377
2025-12-01 09:00:00,0.27629,0.27774,0.27628,0.27763,1851518.169075
2025-12-01 10:00:00,0.27764,0.27821,0.27723,0.27731,1068165.829844
2025-12-01 11:00:00,0.27731,0.27763,0.27718,0.27752,822039.36804
2025-12-01 12:00:00,0.27752,0.27808,0.27651,0.27709,4363633.751753
2025-12-01 13:00:00,0.27709,0.27814,0.27706,0.27737,1119305.476555
2025-12-01 14:00:00,0.27737,0.27865,0.27724,0.27856,845151.508238
2025-12-01 15:00:00,0.2786,0.27867,0.27663,0.2781,1272354.154345
2025-12-01 16:00:00,0.27813,0.27916,0.27797,0.27863,1473958.626766
2025-12-01 17:00:00,0.27863,0.27899,0.27775,0.27775,1008831.299331
2025-12-01 18:00:00,0.27772,0.27772,0.27604,0.2766,930335.536598
2025-12-01 19:00:00,0.2766,0.27667,0.27538,0.27587,555797.105704
2025-12-01 20:00:00,0.27583,0.27731,0.27583,0.2772,1061622.196985
2025-12-01 21:00:00,0.27728,0.27819,0.2772,0.27807,1666330.766056
2025-12-01 22:00:00,0.27807,0.27836,0.27781,0.27798,643565.301625
2025-12-01 23:00:00,0.27801,0.27826,0.27684,0.27687,507731.709537
2025-12-02 00:00:00,0.27684,0.27705,0.27657,0.27702,340978.039566
2025-12-02 01:00:00,0.27703,0.27813,0.27692,0.27737,685900.547426
2025-12-02 02:00:00,0.27738,0.27752,0.27717,0.2774,308744.701496
2025-12-02 03:00:00,0.27739,0.27744,0.277,0.27718,447882.453836
2025-12-02 04:00:00,0.27719,0.27728,0.27673,0.27677,517848.531391
2025-12-02 05:00:00,0.27677,0.2773,0.27664,0.27719,510341.981829
2025-12-02 06:00:00,0.27716,0.27745,0.27687,0.27734,725484.742572
2025-12-02 07:00:00,0.27733,0.27736,0.27665,0.2773,866049.374275
2025-12-02 08:00:00,0.27736,0.27817,0.27665,0.27666,1944465.077277
2025-12-02 09:00:00,0.27667,0.2773,0.27664,0.27722,883919.470902
2025-12-02 10:00:00,0.27722,0.27859,0.2771,0.2784,721892.106058
2025-12-02 11:00:00,0.2784,0.2784,0.2777,0.27771,745773.322773
2025-12-02 12:00:00,0.2777,0.27787,0.27749,0.27778,998593.362881
2025-12-02 13:00:00,0.27778,0.27831,0.27762,0.27819,839386.979361
2025-12-02 14:00:00,0.27819,0.28001,0.27819,0.2796,1919278.769512
2025-12-02 15:00:00,0.27963,0.28235,0.27963,0.28235,3644410.853056
2025-12-02 16:00:00,0.28235,0.28301,0.28184,0.2821,2459333.895097
2025-12-02 17:00:00,0.28208,0.28263,0.28192,0.28235,866213.718958
2025-12-02 18:00:00,0.28235,0.28317,0.28231,0.28286,765787.027484
2025-12-02 19:00:00,0.28288,0.28297,0.28179,0.28197,795207.375553
2025-12-02 20:00:00,0.28198,0.28219,0.28099,0.28179,505518.31551
2025-12-02 21:00:00,0.2818,0.28185,0.28128,0.28142,331533.129985
2025-12-02 22:00:00,0.28142,0.28154,0.28091,0.28112,509241.361805
2025-12-02 23:00:00,0.28114,0.28121,0.28079,0.28094,444489.395885
2025-12-03 00:00:00,0.28094,0.2811,0.28061,0.2811,659402.760957
2025-12-03 01:00:00,0.2811,0.28124,0.28064,0.28096,894286.89366
2025-12-03 02:00:00,0.28098,0.28155,0.2802,0.28039,963998.939137
2025-12-03 03:00:00,0.28038,0.28062,0.28001,0.28002,500405.814838
2025-12-03 04:00:00,0.28001,0.28039,0.27981,0.28021,670946.73669
2025-12-03 05:00:00,0.28021,0.28085,0.28012,0.28067,809769.469982
2025-12-03 06:00:00,0.2807,0.28108,0.27982,0.28015,793523.828285
2025-12-03 07:00:00,0.28014,0.28054,0.27928,0.28019,894789.788451
2025-12-03 08:00:00,0.28019,0.28036,0.27999,0.28012,894806.458366
2025-12-03 09:00:00,0.28013,0.2803,0.27949,0.2795,1037555.245645
2025-12-03 10:00:00,0.27951,0.27952,0.27884,0.27913,826907.485532
2025-12-03 11:00:00,0.27913,0.28043,0.27894,0.28031,1783166.798182
2025-12-03 12:00:00,0.28031,0.28057,0.27984,0.2801,490675.689795
2025-12-03 13:00:00,0.2801,0.28039,0.27988,0.27995,709816.152037
2025-12-03 14:00:00,0.27995,0.27995,0.27786,0.27871,1702020.774556
2025-12-03 15:00:00,0.27871,0.27947,0.27836,0.27933,1229063.191843
2025-12-03 16:00:00,0.27932,0.27941,0.27864,0.27869,765732.393157
2025-12-03 17:00:00,0.27869,0.27908,0.27868,0.27872,368780.920944
2025-12-03 18:00:00,0.27872,0.27915,0.27871,0.27888,709708.871417
2025-12-03 19:00:00,0.27889,0.27942,0.27876,0.27909,424067.133717
2025-12-03 20:00:00,0.27908,0.27982,0.27907,0.27969,273996.049513
2025-12-03 21:00:00,0.27968,0.28043,0.27961,0.28039,428048.78234
2025-12-03 22:00:00,0.28036,0.28083,0.27999,0.28069,503385.359824
2025-12-03 23:00:00,0.28069,0.28099,0.28037,0.28043,367463.850717
2025-12-04 00:00:00,0.28042,0.28055,0.27978,0.27998,298085.365774
2025-12-04 01:00:00,0.27999,0.28049,0.27965,0.2797,898193.429715
2025-12-04 02:00:00,0.27971,0.28016,0.27971,0.27995,429114.768797
2025-12-04 03:00:00,0.27995,0.28048,0.27968,0.27994,912668.024615
2025-12-04 04:00:00,0.27995,0.28047,0.27986,0.2801,973075.990228
2025-12-04 05:00:00,0.2801,0.28026,0.2797,0.27997,386242.3006
2025-12-04 06:00:00,0.27996,0.28,0.27944,0.27954,704572.253929
2025-12-04 07:00:00,0.27955,0.27996,0.27929,0.27989,474953.779242
2025-12-04 08:00:00,0.27989,0.2803,0.27975,0.2801,774191.264927
2025-12-04 09:00:00,0.28009,0.28079,0.28006,0.28035,912111.5525
2025-12-04 10:00:00,0.28035,0.2806,0.28033,0.28053,407409.018351
2025-12-04 11:00:00,0.28053,0.28096,0.28049,0.28089,550294.412181
2025-12-04 12:00:00,0.28089,0.28179,0.28088,0.28118,869683.104421
2025-12-04 13:00:00,0.2812,0.28249,0.2812,0.282,852046.744902
2025-12-04 14:00:00,0.282,0.28258,0.28157,0.28163,989309.286081
2025-12-04 15:00:00,0.28167,0.28286,0.28163,0.28282,1167301.876773
2025-12-04 16:00:00,0.28281,0.28373,0.2828,0.28363,1563552.756854
2025-12-04 17:00:00,0.28363,0.28399,0.28269,0.28328,1019691.033682
2025-12-04 18:00:00,0.28329,0.2835,0.28311,0.28323,731146.572345
2025-12-04 19:00:00,0.28324,0.28369,0.28147,0.28355,1019138.958017
2025-12-04 20:00:00,0.28354,0.28519,0.28352,0.28516,909506.361988
2025-12-04 21:00:00,0.28515,0.28576,0.28469,0.2849,1409166.350964
2025-12-04 22:00:00,0.2849,0.28549,0.28489,0.28548,427478.638596
2025-12-04 23:00:00,0.28548,0.28628,0.28548,0.28624,959894.217566
2025-12-05 00:00:00,0.28624,0.28706,0.28624,0.2864,1966678.053993
2025-12-05 01:00:00,0.2864,0.28685,0.2864,0.2866,899117.739258
2025-12-05 02:00:00,0.2866,0.2872,0.28605,0.28719,604472.395446
2025-12-05 03:00:00,0.28719,0.28801,0.28719,0.28775,610473.111458
2025-12-05 04:00:00,0.28775,0.28803,0.28646,0.28675,1003418.336127
2025-12-05 05:00:00,0.28676,0.28677,0.28571,0.28592,553546.570548
2025-12-05 06:00:00,0.28591,0.28668,0.28579,0.28662,310394.662993
2025-12-05 07:00:00,0.28661,0.28681,0.28641,0.28674,508487.010224
2025-12-05 08:00:00,0.28674,0.28697,0.28655,0.28666,955558.703505
2025-12-05 09:00:00,0.28666,0.2868,0.28435,0.28477,1209008.449894
2025-12-05 10:00:00,0.28477,0.28591,0.28473,0.28584,917406.812708
2025-12-05 11:00:00,0.28583,0.28596,0.28538,0.28557,820645.102401
2025-12-05 12:00:00,0.28557,0.28595,0.28545,0.28566,529467.172666
2025-12-05 13:00:00,0.28566,0.28566,0.28401,0.28433,795905.523936
2025-12-05 14:00:00,0.28434,0.28511,0.28407,0.28471,729576.525293
2025-12-05 15:00:00,0.28471,0.28693,0.28471,0.2864,1226147.145446
2025-12-05 16:00:00,0.28636,0.28653,0.284,0.28466,1197607.220991
2025-12-05 17:00:00,0.28465,0.28552,0.28453,0.28545,911654.591411
2025-12-05 18:00:00,0.28544,0.2862,0.2854,0.28587,682852.923524
2025-12-05 19:00:00,0.28587,0.28649,0.28552,0.2864,670226.262806
2025-12-05 20:00:00,0.2864,0.28648,0.28622,0.28637,362672.116617
2025-12-05 21:00:00,0.28638,0.28645,0.28534,0.28544,387200.804775
2025-12-05 22:00:00,0.28545,0.28592,0.28538,0.28568,389414.36448
2025-12-05 23:00:00,0.28567,0.28568,0.28525,0.28558,334681.997274
2025-12-06 00:00:00,0.28558,0.28607,0.28557,0.28607,247926.387753
2025-12-06 01:00:00,0.28607,0.28631,0.286,0.28603,540108.032722
2025-12-06 02:00:00,0.28601,0.28615,0.28574,0.28615,247290.495724
2025-12-06 03:00:00,0.28615,0.28652,0.28615,0.28652,419984.277381
2025-12-06 04:00:00,0.28652,0.28734,0.28652,0.28719,833209.203267
2025-12-06 05:00:00,0.28719,0.28765,0.2869,0.28762,827140.039078
2025-12-06 06:00:00,0.28762,0.28881,0.28746,0.2885,1353374.674501
2025-12-06 07:00:00,0.28849,0.28864,0.28829,0.28864,471169.274049
2025-12-06 08:00:00,0.28864,0.28871,0.2874,0.28793,815281.30677
2025-12-06 09:00:00,0.28793,0.28932,0.28792,0.28897,1274081.26052
2025-12-06 10:00:00,0.28898,0.28965,0.28879,0.2896,699876.830562
2025-12-06 11:00:00,0.2896,0.28999,0.28951,0.28965,693256.345398
2025-12-06 12:00:00,0.28966,0.2902,0.28966,0.28983,1122299.421923
2025-12-06 13:00:00,0.28985,0.29048,0.2894,0.28959,988287.912709
2025-12-06 14:00:00,0.2896,0.29,0.28958,0.28975,888451.792855
2025-12-06 15:00:00,0.28978,0.29029,0.28978,0.29022,478548.962754
2025-12-06 16:00:00,0.29023,0.29034,0.28721,0.2874,2195369.956555
2025-12-06 17:00:00,0.28739,0.28766,0.28649,0.2866,1422131.340684
2025-12-06 18:00:00,0.2866,0.28693,0.28648,0.28684,606752.560515
2025-12-06 19:00:00,0.28683,0.28724,0.28633,0.28716,632871.233208
2025-12-06 20:00:00,0.28715,0.28729,0.28707,0.28717,408969.876542
2025-12-06 21:00:00,0.28716,0.28758,0.28697,0.28753,471221.130881
2025-12-06 22:00:00,0.28754,0.28759,0.28731,0.28747,324484.322518
2025-12-06 23:00:00,0.28747,0.28779,0.28706,0.28707,513213.62115
2025-12-07 00:00:00,0.28705,0.28705,0.2866,0.28685,445199.674337
2025-12-07 01:00:00,0.28685,0.28727,0.28655,0.28725,510400.735625
2025-12-07 02:00:00,0.28725,0.28756,0.28697,0.28756,559307.813144
2025-12-07 03:00:00,0.28755,0.28755,0.2871,0.28723,504827.340017
2025-12-07 04:00:00,0.28724,0.28724,0.28673,0.28675,286668.457438
2025-12-07 05:00:00,0.28675,0.287,0.28594,0.2861,556137.062012
2025-12-07 06:00:00,0.28609,0.28609,0.28532,0.28539,541911.749955
2025-12-07 07:00:00,0.28538,0.28605,0.28458,0.28605,1382733.363171
2025-12-07 08:00:00,0.28605,0.28608,0.28531,0.28535,289741.316824
2025-12-07 09:00:00,0.28535,0.28565,0.28437,0.28442,1019696.64899
2025-12-07 10:00:00,0.28442,0.28468,0.28422,0.2845,541968.391479
2025-12-07 11:00:00,0.28447,0.28484,0.28445,0.28465,339915.773279
2025-12-07 12:00:00,0.28465,0.28517,0.28458,0.28485,360567.086155
2025-12-07 13:00:00,0.28485,0.28507,0.28465,0.285,725125.978251
2025-12-07 14:00:00,0.285,0.2854,0.28411,0.28418,1059135.402857
2025-12-07 15:00:00,0.28418,0.28505,0.2841,0.28481,691027.246491
2025-12-07 16:00:00,0.28482,0.28561,0.28446,0.28561,883911.819949
2025-12-07 17:00:00,0.28565,0.28672,0.28552,0.28663,939481.985908
2025-12-07 18:00:00,0.28663,0.28703,0.28641,0.28692,536036.519698
2025-12-07 19:00:00,0.28692,0.288,0.28689,0.2875,985872.221408
2025-12-07 20:00:00,0.28752,0.2877,0.28713,0.28731,379660.654892
2025-12-07 21:00:00,0.28731,0.28775,0.2864,0.28669,480332.023426
2025-12-07 22:00:00,0.28669,0.2867,0.28561,0.28628,506742.947863
2025-12-07 23:00:00,0.28626,0.28691,0.28615,0.28686,156566.928933
2025-12-08 00:00:00,0.28681,0.28735,0.28681,0.28732,422526.42945
2025-12-08 01:00:00,0.28733,0.28775,0.28726,0.28769,636834.967177
2025-12-08 02:00:00,0.28768,0.2881,0.28746,0.28772,532429.744384
2025-12-08 03:00:00,0.28772,0.28786,0.28702,0.28708,311665.811629
2025-12-08 04:00:00,0.28706,0.28727,0.28661,0.28703,547107.177121
2025-12-08 05:00:00,0.28704,0.28704,0.28649,0.28652,315981.06328
2025-12-08 06:00:00,0.28652,0.28715,0.28605,0.28695,582786.31766
2025-12-08 07:00:00,0.28695,0.28709,0.2867,0.28691,522261.528086
2025-12-08 08:00:00,0.28692,0.28825,0.28679,0.28706,1695474.183722
2025-12-08 09:00:00,0.28705,0.28738,0.28644,0.28655,1482695.205983
2025-12-08 10:00:00,0.28654,0.28675,0.28648,0.28658,302368.003392
2025-12-08 11:00:00,0.28657,0.28658,0.2861,0.28614,973609.197973
2025-12-08 12:00:00,0.28614,0.28616,0.28549,0.28557,644246.477056
2025-12-08 13:00:00,0.28554,0.2859,0.2854,0.28557,729805.707661
2025-12-08 14:00:00,0.28557,0.28562,0.2846,0.28466,1330554.403069
2025-12-08 15:00:00,0.28468,0.28481,0.2842,0.28421,2190067.104566
2025-12-08 16:00:00,0.28421,0.28421,0.28291,0.28311,2638635.99421
2025-12-08 17:00:00,0.28311,0.28392,0.28286,0.28381,1461363.095483
2025-12-08 18:00:00,0.28383,0.28396,0.2834,0.2835,436025.694637
2025-12-08 19:00:00,0.2835,0.28388,0.2834,0.28347,436282.651388
2025-12-08 20:00:00,0.28346,0.28347,0.28293,0.28298,354370.124376
2025-12-08 21:00:00,0.28298,0.2833,0.28284,0.28308,462907.709812
2025-12-08 22:00:00,0.28308,0.28308,0.28262,0.28265,409969.189723
2025-12-08 23:00:00,0.28266,0.28266,0.28112,0.28118,1712260.093917
2025-12-09 00:00:00,0.28118,0.28118,0.28003,0.28039,3349384.304575
2025-12-09 01:00:00,0.28039,0.28114,0.28039,0.28062,1000228.435778
2025-12-09 02:00:00,0.28065,0.281,0.28065,0.28084,344780.54082
2025-12-09 03:00:00,0.28084,0.28094,0.28024,0.28028,426190.595671
2025-12-09 04:00:00,0.28027,0.28167,0.28027,0.28113,1112253.467305
2025-12-09 05:00:00,0.28115,0.28123,0.28098,0.28112,810597.41086
2025-12-09 06:00:00,0.28112,0.28121,0.28046,0.28093,982308.940705
2025-12-09 07:00:00,0.28093,0.28134,0.28092,0.28121,378874.89103
2025-12-09 08:00:00,0.28121,0.2813,0.28095,0.28105,639442.128241
2025-12-09 09:00:00,0.28105,0.28109,0.28072,0.28085,899350.903713
2025-12-09 10:00:00,0.28084,0.28084,0.28056,0.28071,412045.762748
2025-12-09 11:00:00,0.28071,0.28082,0.28057,0.28062,759680.57283
2025-12-09 12:00:00,0.28062,0.28114,0.28055,0.28074,957013.599815
2025-12-09 13:00:00,0.28074,0.28113,0.2805,0.28079,610948.880266
2025-12-09 14:00:00,0.28079,0.2808,0.28022,0.28042,778553.827745
2025-12-09 15:00:00,0.28041,0.28103,0.27981,0.2802,1956800.909141
2025-12-09 16:00:00,0.28019,0.28255,0.28019,0.28199,2393584.661357
2025-12-09 17:00:00,0.282,0.28262,0.28177,0.28199,992383.763169
2025-12-09 18:00:00,0.28199,0.28207,0.28161,0.28178,596614.391555
2025-12-09 19:00:00,0.28178,0.2831,0.28159,0.28289,761154.009261
2025-12-09 20:00:00,0.28289,0.28331,0.28287,0.28328,626160.358793
2025-12-09 21:00:00,0.28327,0.28355,0.28209,0.28246,333051.984396
2025-12-09 22:00:00,0.28245,0.28326,0.28244,0.28269,707216.608645
2025-12-09 23:00:00,0.28268,0.28302,0.28212,0.28218,390673.60302
2025-12-10 00:00:00,0.28218,0.28287,0.28212,0.2823,586827.82969
2025-12-10 01:00:00,0.28228,0.28253,0.28227,0.28248,576441.1985
2025-12-10 02:00:00,0.28248,0.2825,0.28221,0.28234,428518.8311
2025-12-10 03:00:00,0.2824,0.28258,0.28206,0.28206,456731.414615
2025-12-10 04:00:00,0.28206,0.28206,0.28044,0.28044,1104443.76755
2025-12-10 05:00:00,0.28044,0.28075,0.27961,0.27961,1144790.883066
2025-12-10 06:00:00,0.27961,0.28011,0.27952,0.27987,453967.661357
2025-12-10 07:00:00,0.27987,0.28054,0.27975,0.28053,469350.674268
2025-12-10 08:00:00,0.28052,0.28052,0.27971,0.27972,522420.407034
2025-12-10 09:00:00,0.27972,0.27995,0.27961,0.27987,712856.400799
2025-12-10 10:00:00,0.27986,0.28012,0.27905,0.27931,817082.841213
2025-12-10 11:00:00,0.27931,0.27935,0.279,0.27905,505771.761083
2025-12-10 12:00:00,0.27905,0.27905,0.27854,0.27895,675679.260881
2025-12-10 13:00:00,0.27895,0.2791,0.278,0.27816,1060987.236312
2025-12-10 14:00:00,0.27816,0.27816,0.27686,0.27776,1577734.374642
2025-12-10 15:00:00,0.27776,0.27828,0.27767,0.27823,737942.220562
2025-12-10 16:00:00,0.27822,0.27823,0.27723,0.27743,1331577.658413
2025-12-10 17:00:00,0.27742,0.27742,0.27687,0.27709,750573.167025
2025-12-10 18:00:00,0.27709,0.27837,0.27693,0.27783,1063090.408458
2025-12-10 19:00:00,0.27782,0.27911,0.27734,0.27846,876231.168979
2025-12-10 20:00:00,0.27847,0.28027,0.27832,0.27996,1536549.241512
2025-12-10 21:00:00,0.27994,0.28062,0.27976,0.28046,660366.838561
2025-12-10 22:00:00,0.28047,0.28076,0.27965,0.27987,875058.101873
2025-12-10 23:00:00,0.27988,0.28022,0.27972,0.28008,279490.992607
2025-12-11 00:00:00,0.28007,0.28058,0.27946,0.27954,581013.579831
2025-12-11 01:00:00,0.27956,0.27971,0.27854,0.27866,817327.85813
2025-12-11 02:00:00,0.27865,0.27899,0.27828,0.27836,348670.846439
2025-12-11 03:00:00,0.27838,0.27875,0.27801,0.2784,830174.314304
2025-12-11 04:00:00,0.27841,0.27961,0.27841,0.27945,680873.743949
2025-12-11 05:00:00,0.27945,0.27973,0.27913,0.2796,266313.003814
2025-12-11 06:00:00,0.27963,0.27979,0.27919,0.27941,384493.617063
2025-12-11 07:00:00,0.27941,0.27941,0.2787,0.27894,531747.117348
2025-12-11 08:00:00,0.27894,0.27925,0.27872,0.27917,686351.102395
2025-12-11 09:00:00,0.27917,0.28061,0.27917,0.28057,789883.857721
2025-12-11 10:00:00,0.28057,0.2809,0.28046,0.28071,609870.347763
2025-12-11 11:00:00,0.28072,0.28083,0.27991,0.27995,1003880.578453
2025-12-11 12:00:00,0.27996,0.28054,0.27995,0.28054,677294.681758
2025-12-11 13:00:00,0.28054,0.28123,0.28042,0.28107,1020722.713024
2025-12-11 14:00:00,0.28108,0.28173,0.28081,0.28106,1254046.893046
2025-12-11 15:00:00,0.28105,0.28155,0.28061,0.28093,775125.237717
2025-12-11 16:00:00,0.28092,0.28193,0.2808,0.28093,1092499.030271
2025-12-11 17:00:00,0.28093,0.28112,0.28057,0.28064,474355.869729
2025-12-11 18:00:00,0.28062,0.28062,0.27949,0.27992,919136.182431
2025-12-11 19:00:00,0.27991,0.28022,0.27976,0.28013,798017.322914
2025-12-11 20:00:00,0.28013,0.28083,0.28013,0.28075,259835.626639
2025-12-11 21:00:00,0.28075,0.28131,0.28051,0.28093,552958.168182
2025-12-11 22:00:00,0.28094,0.28108,0.28036,0.28077,697520.139787
2025-12-11 23:00:00,0.28077,0.28082,0.28031,0.28046,218122.792287
2025-12-12 00:00:00,0.28046,0.28082,0.27964,0.27964,442944.013454
2025-12-12 01:00:00,0.27963,0.28045,0.27963,0.28039,379680.489562
2025-12-12 02:00:00,0.28039,0.2805,0.27992,0.28001,261466.98157
2025-12-12 03:00:00,0.28001,0.28025,0.27974,0.27996,290784.451839
2025-12-12 04:00:00,0.27996,0.27996,0.27958,0.27964,428712.573658
2025-12-12 05:00:00,0.27963,0.27984,0.27922,0.27945,633036.558805
2025-12-12 06:00:00,0.27944,0.27964,0.27929,0.27955,620993.701371
2025-12-12 07:00:00,0.27955,0.2798,0.27858,0.27871,866817.85948
2025-12-12 08:00:00,0.27873,0.27886,0.27765,0.27783,1224677.692702
2025-12-12 09:00:00,0.27783,0.27789,0.277,0.2775,890001.942727
2025-12-12 10:00:00,0.2775,0.27778,0.27713,0.27716,671365.09763
2025-12-12 11:00:00,0.27715,0.27776,0.27701,0.2776,704835.073215
2025-12-12 12:00:00,0.2776,0.2776,0.27708,0.27733,487085.338685
2025-12-12 13:00:00,0.27733,0.27759,0.27703,0.27733,813381.316181
2025-12-12 14:00:00,0.27734,0.27734,0.27686,0.27715,776803.349766
2025-12-12 15:00:00,0.27715,0.27715,0.27455,0.27489,2136605.568826
2025-12-12 16:00:00,0.27489,0.27548,0.27436,0.27524,2084891.411497
2025-12-12 17:00:00,0.27525,0.27537,0.27449,0.2745,1453265.892895
2025-12-12 18:00:00,0.27446,0.27489,0.27426,0.27473,849488.54772
2025-12-12 19:00:00,0.27474,0.2754,0.27473,0.27532,1007646.647442
2025-12-12 20:00:00,0.27532,0.27532,0.27478,0.27504,396484.293812
2025-12-12 21:00:00,0.27503,0.27504,0.27445,0.27453,477169.796741
2025-12-12 22:00:00,0.27453,0.27477,0.27399,0.27405,1583297.151777
2025-12-12 23:00:00,0.27404,0.27425,0.27356,0.27373,897933.422975
2025-12-13 00:00:00,0.27373,0.27421,0.27339,0.27403,2406337.674695
2025-12-13 01:00:00,0.27403,0.27439,0.27386,0.27405,593261.586417
2025-12-13 02:00:00,0.27406,0.27512,0.27389,0.27468,824069.800995
2025-12-13 03:00:00,0.27468,0.27485,0.27397,0.27404,500384.165531
2025-12-13 04:00:00,0.27404,0.2744,0.27387,0.27401,569466.296807
2025-12-13 05:00:00,0.27401,0.27427,0.27378,0.27407,638686.541974
2025-12-13 06:00:00,0.2741,0.2741,0.27365,0.27385,368217.788603
2025-12-13 07:00:00,0.27385,0.27385,0.27321,0.27325,728035.323877
2025-12-13 08:00:00,0.27325,0.27326,0.27274,0.27295,1446017.014319
2025-12-13 09:00:00,0.27297,0.27339,0.27293,0.27318,730736.02629
2025-12-13 10:00:00,0.27319,0.27321,0.27245,0.27245,799912.656103
2025-12-13 11:00:00,0.27246,0.27284,0.27224,0.27227,1083395.150714
2025-12-13 12:00:00,0.27228,0.27235,0.27187,0.27211,921884.56989
2025-12-13 13:00:00,0.27211,0.27238,0.27203,0.27215,444583.308445
2025-12-13 14:00:00,0.27215,0.27281,0.27202,0.27259,668094.23245
2025-12-13 15:00:00,0.27259,0.27266,0.27197,0.27203,1245491.638673
2025-12-13 16:00:00,0.27203,0.27225,0.27187,0.272,1007081.554248
2025-12-13 17:00:00,0.27201,0.27201,0.27161,0.2717,442309.499203
2025-12-13 18:00:00,0.27168,0.27171,0.27153,0.27157,326683.167799
2025-12-13 19:00:00,0.27157,0.27187,0.27157,0.27183,346314.442976
2025-12-13 20:00:00,0.27183,0.27185,0.27151,0.27163,388282.453795
2025-12-13 21:00:00,0.27162,0.27162,0.27099,0.27118,506970.968287
2025-12-13 22:00:00,0.27118,0.27133,0.27092,0.27092,534909.267975
2025-12-13 23:00:00,0.27092,0.27114,0.2708,0.27108,239185.832924
2025-12-14 00:00:00,0.27107,0.27235,0.27067,0.27207,705654.200024
2025-12-14 01:00:00,0.27207,0.27377,0.27207,0.2735,1082188.405287
2025-12-14 02:00:00,0.27349,0.27385,0.27329,0.2738,283482.780485
2025-12-14 03:00:00,0.27378,0.27417,0.27374,0.27402,441480.456048
2025-12-14 04:00:00,0.27401,0.27469,0.27373,0.27373,658603.017793
2025-12-14 05:00:00,0.27374,0.27413,0.2736,0.27384,294558.907969
2025-12-14 06:00:00,0.27386,0.27447,0.27385,0.27446,430437.858903
2025-12-14 07:00:00,0.27445,0.27477,0.274,0.27471,425997.221909
2025-12-14 08:00:00,0.27471,0.27483,0.27456,0.27471,311904.954006
2025-12-14 09:00:00,0.27471,0.27548,0.2746,0.27486,852771.282867
2025-12-14 10:00:00,0.27486,0.27571,0.27486,0.27554,688157.072836
2025-12-14 11:00:00,0.27554,0.27584,0.27414,0.27449,796326.752598
2025-12-14 12:00:00,0.27449,0.27566,0.27424,0.27545,582090.314175
2025-12-14 13:00:00,0.2755,0.27565,0.27521,0.27541,531876.886273
2025-12-14 14:00:00,0.2754,0.27598,0.27493,0.27512,650252.999663
2025-12-14 15:00:00,0.27518,0.27592,0.2751,0.27578,526071.505564
2025-12-14 16:00:00,0.27579,0.27668,0.27577,0.27668,989602.402719
2025-12-14 17:00:00,0.27667,0.27682,0.27594,0.27624,1026599.299609
2025-12-14 18:00:00,0.27624,0.27706,0.27624,0.27693,829991.031238
2025-12-14 19:00:00,0.27692,0.27744,0.27668,0.27687,559347.609252
2025-12-14 20:00:00,0.27687,0.27746,0.27653,0.27743,436114.343016
2025-12-14 21:00:00,0.27743,0.27744,0.27688,0.27709,514415.666426
2025-12-14 22:00:00,0.27709,0.27744,0.2766,0.27695,715017.722033
2025-12-14 23:00:00,0.27695,0.2773,0.27622,0.2773,451989.730601
2025-12-15 00:00:00,0.27732,0.27845,0.27732,0.27833,1490653.901618
2025-12-15 01:00:00,0.27833,0.27985,0.27833,0.27983,1142275.187894
2025-12-15 02:00:00,0.27983,0.28098,0.27983,0.28098,1730049.468493
2025-12-15 03:00:00,0.28097,0.28297,0.28075,0.28187,3740759.829359
2025-12-15 04:00:00,0.28186,0.28237,0.28036,0.28093,929235.290378
2025-12-15 05:00:00,0.28093,0.2811,0.28047,0.28108,678534.271602
2025-12-15 06:00:00,0.28108,0.28156,0.28093,0.28138,291820.860656
2025-12-15 07:00:00,0.2814,0.28164,0.28119,0.28127,416747.974682
2025-12-15 08:00:00,0.28129,0.28132,0.28016,0.2804,602970.085907
2025-12-15 09:00:00,0.2804,0.28148,0.28029,0.28133,757150.03096
2025-12-15 10:00:00,0.28133,0.282,0.28125,0.28183,647288.986885
2025-12-15 11:00:00,0.28184,0.28195,0.28149,0.28195,869496.867459
2025-12-15 12:00:00,0.28195,0.28215,0.28141,0.28214,665496.686239
2025-12-15 13:00:00,0.28215,0.28228,0.28145,0.28177,721267.243405
2025-12-15 14:00:00,0.28176,0.28235,0.28089,0.28114,1114744.29104
2025-12-15 15:00:00,0.28111,0.28111,0.27924,0.28057,1984878.343443
2025-12-15 16:00:00,0.28058,0.28121,0.27961,0.27979,1716674.259519
2025-12-15 17:00:00,0.27978,0.27997,0.2788,0.27881,2015872.092166
2025-12-15 18:00:00,0.27879,0.2794,0.27814,0.27829,1168854.237908
2025-12-15 19:00:00,0.2783,0.27891,0.27777,0.27885,717370.848597
2025-12-15 20:00:00,0.27884,0.27902,0.27773,0.27773,477478.496923
2025-12-15 21:00:00,0.27772,0.27853,0.2775,0.27848,454518.764805
2025-12-15 22:00:00,0.27846,0.27856,0.27821,0.27849,653652.61157
2025-12-15 23:00:00,0.27849,0.2789,0.27801,0.2783,373556.290837
2025-12-16 00:00:00,0.2783,0.27936,0.2783,0.27866,507211.894149
2025-12-16 01:00:00,0.27865,0.27896,0.27826,0.27847,604665.089642
2025-12-16 02:00:00,0.27848,0.27879,0.27802,0.27805,402952.784137
2025-12-16 03:00:00,0.27804,0.27814,0.27764,0.27808,364049.025024
2025-12-16 04:00:00,0.27808,0.27865,0.27806,0.27861,405395.666284
2025-12-16 05:00:00,0.2786,0.27919,0.2786,0.27917,389315.957796
2025-12-16 06:00:00,0.27917,0.27948,0.27912,0.27948,331998.670672
2025-12-16 07:00:00,0.27947,0.27948,0.27802,0.27854,637188.147638
2025-12-16 08:00:00,0.27853,0.27923,0.27843,0.27922,766654.253963
2025-12-16 09:00:00,0.2792,0.27976,0.27909,0.27951,1217108.102699
2025-12-16 10:00:00,0.27951,0.28009,0.27913,0.27954,787766.509922
2025-12-16 11:00:00,0.27954,0.28001,0.27915,0.27994,485410.262404
2025-12-16 12:00:00,0.27993,0.28029,0.2799,0.28015,648977.799023
2025-12-16 13:00:00,0.28015,0.28035,0.2793,0.27969,878382.449157
2025-12-16 14:00:00,0.27965,0.2809,0.2794,0.28051,707659.881304
2025-12-16 15:00:00,0.28052,0.28157,0.27994,0.2815,812025.605255
2025-12-16 16:00:00,0.2815,0.28212,0.28097,0.28109,1507016.223825
2025-12-16 17:00:00,0.28109,0.28133,0.28044,0.28061,2134036.459784
2025-12-16 18:00:00,0.28061,0.28097,0.28045,0.28056,467567.321404
2025-12-16 19:00:00,0.28056,0.28093,0.28004,0.28093,398021.57594
2025-12-16 20:00:00,0.28092,0.28094,0.28024,0.28024,356006.620848
2025-12-16 21:00:00,0.28025,0.28066,0.28015,0.28061,566586.488229
2025-12-16 22:00:00,0.28061,0.28062,0.28,0.28044,386655.45473
2025-12-16 23:00:00,0.28043,0.28068,0.28014,0.28021,386150.705756
2025-12-17 00:00:00,0.28018,0.28018,0.27944,0.27945,664066.331912
2025-12-17 01:00:00,0.27945,0.28048,0.27942,0.28046,379623.019061
2025-12-17 02:00:00,0.28046,0.28088,0.28011,0.28082,298561.114413
2025-12-17 03:00:00,0.28081,0.28083,0.28051,0.28052,244511.720344
2025-12-17 04:00:00,0.28055,0.2806,0.27942,0.27942,375237.890358
2025-12-17 05:00:00,0.27942,0.28035,0.27928,0.28022,492967.082729
2025-12-17 06:00:00,0.28022,0.28037,0.2797,0.28,489645.374713
2025-12-17 07:00:00,0.28,0.28047,0.27906,0.27929,725001.603665
2025-12-17 08:00:00,0.27928,0.27929,0.27886,0.27921,1026626.843523
2025-12-17 09:00:00,0.27921,0.27946,0.27899,0.27912,565073.771905
2025-12-17 10:00:00,0.27912,0.27946,0.27895,0.27916,679671.289513
2025-12-17 11:00:00,0.27916,0.27946,0.27912,0.27945,402654.936427
2025-12-17 12:00:00,0.27945,0.27969,0.27913,0.27966,692177.542136
2025-12-17 13:00:00,0.27966,0.28046,0.2796,0.28024,575982.810736
2025-12-17 14:00:00,0.28025,0.28147,0.27969,0.28117,928131.009322
2025-12-17 15:00:00,0.28117,0.28292,0.27976,0.27986,2541436.347155
2025-12-17 16:00:00,0.27984,0.28068,0.27841,0.27994,2729787.1095
2025-12-17 17:00:00,0.27994,0.28035,0.27932,0.27974,4192705.872594
2025-12-17 18:00:00,0.27981,0.27996,0.27904,0.27915,516096.023124
2025-12-17 19:00:00,0.27915,0.27956,0.279,0.27932,620467.677488
2025-12-17 20:00:00,0.27931,0.27944,0.27892,0.27927,506946.984748
2025-12-17 21:00:00,0.27929,0.27962,0.27888,0.27915,699687.84685
2025-12-17 22:00:00,0.27912,0.27983,0.27903,0.27949,513004.181511
2025-12-17 23:00:00,0.27949,0.27968,0.27901,0.27963,357126.6952
2025-12-18 00:00:00,0.27967,0.27967,0.27926,0.27942,433209.033058
2025-12-18 01:00:00,0.27942,0.27942,0.27903,0.27916,541039.609079
2025-12-18 02:00:00,0.27915,0.27943,0.27906,0.27922,302182.395463
2025-12-18 03:00:00,0.27922,0.27922,0.2786,0.2786,545507.384038
2025-12-18 04:00:00,0.27861,0.27889,0.27743,0.27744,583266.935367
2025-12-18 05:00:00,0.27742,0.2777,0.27712,0.27758,361165.439751
2025-12-18 06:00:00,0.27758,0.27767,0.27691,0.27711,401296.53293
2025-12-18 07:00:00,0.27711,0.27745,0.27702,0.27724,1785655.620767
2025-12-18 08:00:00,0.27724,0.27724,0.277,0.277,386774.594247
2025-12-18 09:00:00,0.27701,0.27761,0.277,0.27723,1036398.60589
2025-12-18 10:00:00,0.27723,0.27772,0.2772,0.27752,421951.715724
2025-12-18 11:00:00,0.27752,0.27854,0.27729,0.2785,488306.662916
2025-12-18 12:00:00,0.2785,0.27929,0.27844,0.27889,963617.040442
2025-12-18 13:00:00,0.27889,0.28,0.27862,0.27963,1133644.958829
2025-12-18 14:00:00,0.27962,0.28113,0.27962,0.28096,2348720.338821
2025-12-18 15:00:00,0.28095,0.28194,0.2806,0.2808,1718915.066184
2025-12-18 16:00:00,0.2808,0.28208,0.28079,0.28154,1385471.296258
2025-12-18 17:00:00,0.28156,0.28156,0.2789,0.28,867404.329081
2025-12-18 18:00:00,0.28,0.28064,0.27952,0.27996,674739.333835
2025-12-18 19:00:00,0.27998,0.28013,0.27872,0.2789,942410.842861
2025-12-18 20:00:00,0.27887,0.2794,0.27877,0.27914,572321.270965
2025-12-18 21:00:00,0.27914,0.27965,0.279,0.27921,434829.992897
2025-12-18 22:00:00,0.27921,0.27954,0.279,0.27922,647437.670762
2025-12-18 23:00:00,0.27923,0.27969,0.27921,0.2793,511650.578705
2025-12-19 00:00:00,0.27931,0.27948,0.2785,0.27873,498342.042891
2025-12-19 01:00:00,0.27874,0.27884,0.27826,0.27848,486618.571211
2025-12-19 02:00:00,0.27849,0.27855,0.27804,0.27816,398609.918114
2025-12-19 03:00:00,0.27817,0.27987,0.27809,0.27884,594652.96125
2025-12-19 04:00:00,0.27884,0.27941,0.27884,0.2794,360821.682497
2025-12-19 05:00:00,0.27939,0.27953,0.27832,0.2786,1056486.171155
2025-12-19 06:00:00,0.27859,0.27901,0.27843,0.27887,479590.903454
2025-12-19 07:00:00,0.27886,0.27984,0.27874,0.27967,632510.980275
2025-12-19 08:00:00,0.27971,0.27975,0.27914,0.27949,615857.401464
2025-12-19 09:00:00,0.27949,0.28019,0.27948,0.27966,737501.30619
2025-12-19 10:00:00,0.27967,0.27974,0.27944,0.27974,448502.718206
2025-12-19 11:00:00,0.27974,0.27974,0.27851,0.2786,568674.410956
2025-12-19 12:00:00,0.27863,0.2788,0.27834,0.27873,464749.543784
2025-12-19 13:00:00,0.27873,0.2788,0.2781,0.27825,620276.080652
2025-12-19 14:00:00,0.27825,0.27937,0.278,0.27863,699485.927272
2025-12-19 15:00:00,0.27866,0.28,0.27824,0.27879,736958.881896
2025-12-19 16:00:00,0.27878,0.27939,0.27826,0.27847,1479415.63267
2025-12-19 17:00:00,0.27847,0.27916,0.27824,0.27858,688719.166586
2025-12-19 18:00:00,0.27858,0.27921,0.27857,0.27919,377218.708443
2025-12-19 19:00:00,0.27919,0.27996,0.27914,0.27952,503222.444078
2025-12-19 20:00:00,0.27952,0.2802,0.27952,0.27996,406697.070567
2025-12-19 21:00:00,0.27997,0.28044,0.27995,0.28036,548798.842837
2025-12-19 22:00:00,0.28036,0.28066,0.28026,0.28058,424670.513935
2025-12-19 23:00:00,0.28056,0.28057,0.27992,0.28008,521106.54023
2025-12-20 00:00:00,0.28007,0.28047,0.27966,0.2804,568966.955634
2025-12-20 01:00:00,0.2804,0.28057,0.27987,0.27998,611944.710349
2025-12-20 02:00:00,0.27999,0.28029,0.27973,0.27978,517593.766982
2025-12-20 03:00:00,0.27979,0.2802,0.27977,0.27977,469258.953503
2025-12-20 04:00:00,0.27977,0.27978,0.27941,0.27944,354965.543678
2025-12-20 05:00:00,0.27944,0.27985,0.27921,0.27981,364047.906095
2025-12-20 06:00:00,0.27981,0.27995,0.279,0.27915,447205.921846
2025-12-20 07:00:00,0.27914,0.27937,0.27894,0.27908,420429.054558
2025-12-20 08:00:00,0.27908,0.27929,0.27883,0.2789,502987.114135
2025-12-20 09:00:00,0.27894,0.27915,0.27871,0.27872,761111.983512
2025-12-20 10:00:00,0.27871,0.27952,0.27862,0.27938,1011526.469819
2025-12-20 11:00:00,0.27938,0.27956,0.27913,0.27953,482241.283694
2025-12-20 12:00:00,0.27953,0.27966,0.27926,0.27932,344025.670473
2025-12-20 13:00:00,0.27932,0.27979,0.279,0.27977,672908.122748
2025-12-20 14:00:00,0.27976,0.28021,0.27972,0.28016,489697.35998
2025-12-20 15:00:00,0.28016,0.28016,0.27962,0.28004,586283.109803
2025-12-20 16:00:00,0.28004,0.28038,0.27999,0.28038,871911.366021
2025-12-20 17:00:00,0.28037,0.28046,0.27989,0.28036,476310.67439
2025-12-20 18:00:00,0.28036,0.2805,0.28002,0.28018,634620.356159
2025-12-20 19:00:00,0.28018,0.28031,0.28006,0.28012,348789.692591
2025-12-20 20:00:00,0.28013,0.28016,0.27974,0.28015,433156.233881
2025-12-20 21:00:00,0.28016,0.28046,0.28016,0.28045,479916.734252
2025-12-20 22:00:00,0.28047,0.28058,0.28001,0.28055,379411.584843
2025-12-20 23:00:00,0.28054,0.282,0.28054,0.28195,1221780.853124
2025-12-21 00:00:00,0.28198,0.28242,0.28125,0.28195,1304367.568824
2025-12-21 01:00:00,0.28197,0.28226,0.28185,0.28209,548506.568538
2025-12-21 02:00:00,0.28209,0.28262,0.28187,0.28247,510934.341727
2025-12-21 03:00:00,0.28247,0.28331,0.28247,0.28326,720235.154553
2025-12-21 04:00:00,0.28326,0.28355,0.28324,0.28351,752429.316026
2025-12-21 05:00:00,0.28352,0.28377,0.28251,0.28285,595334.03186
2025-12-21 06:00:00,0.28284,0.28309,0.28277,0.28305,355840.427396
2025-12-21 07:00:00,0.28306,0.28404,0.2827,0.28397,863297.554396
2025-12-21 08:00:00,0.28397,0.28434,0.28391,0.28427,1735992.254258
2025-12-21 09:00:00,0.28427,0.28479,0.28411,0.28475,1776912.907508
2025-12-21 10:00:00,0.28476,0.28567,0.28476,0.28561,1329612.843929
2025-12-21 11:00:00,0.28561,0.28616,0.28512,0.28583,1849731.139601
2025-12-21 12:00:00,0.28584,0.28589,0.2852,0.28553,1027682.380814
2025-12-21 13:00:00,0.28552,0.28619,0.28522,0.28607,1350552.251536
2025-12-21 14:00:00,0.28607,0.28639,0.28537,0.28591,1007554.7415
2025-12-21 15:00:00,0.2859,0.2868,0.2859,0.2868,794628.319114
2025-12-21 16:00:00,0.28679,0.28752,0.28679,0.28703,1381499.071787
2025-12-21 17:00:00,0.28704,0.28749,0.28698,0.28748,776418.340586
2025-12-21 18:00:00,0.28749,0.28788,0.28705,0.28784,930358.662612
2025-12-21 19:00:00,0.28785,0.28858,0.28784,0.28832,1277669.35285
2025-12-21 20:00:00,0.28832,0.28852,0.28753,0.28805,717085.10993
2025-12-21 21:00:00,0.28805,0.28861,0.28774,0.28861,865996.20256
2025-12-21 22:00:00,0.2886,0.28861,0.2879,0.28829,888691.172868
2025-12-21 23:00:00,0.28829,0.2887,0.288,0.28825,471969.460322
2025-12-22 00:00:00,0.28825,0.28848,0.2876,0.28772,853992.672202
2025-12-22 01:00:00,0.28772,0.28918,0.28765,0.28871,961994.520728
2025-12-22 02:00:00,0.28871,0.28873,0.28741,0.28848,868863.756178
2025-12-22 03:00:00,0.28848,0.28868,0.2881,0.28865,401279.084117
2025-12-22 04:00:00,0.28864,0.28864,0.28679,0.28699,1439989.673444
2025-12-22 05:00:00,0.28697,0.28752,0.28683,0.28743,420904.998605
2025-12-22 06:00:00,0.28743,0.28753,0.28715,0.2873,969781.654862
2025-12-22 07:00:00,0.2873,0.28792,0.28728,0.28786,1059145.561313
2025-12-22 08:00:00,0.28786,0.28789,0.28717,0.2877,1588819.500432
2025-12-22 09:00:00,0.2877,0.28817,0.28723,0.28723,1434957.749073
2025-12-22 10:00:00,0.28723,0.2874,0.2854,0.28561,1274822.229517
2025-12-22 11:00:00,0.28561,0.286,0.28549,0.28567,465319.807601
2025-12-22 12:00:00,0.28568,0.28586,0.28471,0.2848,1086474.426177
2025-12-22 13:00:00,0.2848,0.2848,0.2834,0.28348,846490.043509
2025-12-22 14:00:00,0.28348,0.28433,0.28333,0.2835,1128503.863952
2025-12-22 15:00:00,0.28351,0.28438,0.28329,0.2841,893312.545311
2025-12-22 16:00:00,0.28411,0.28464,0.28356,0.28441,1108190.362869
2025-12-22 17:00:00,0.28441,0.28528,0.28422,0.28492,595781.445791
2025-12-22 18:00:00,0.28492,0.28558,0.28429,0.28455,527688.744656
2025-12-22 19:00:00,0.28454,0.28492,0.2843,0.28453,629085.818001
2025-12-22 20:00:00,0.28452,0.28493,0.28427,0.28434,561796.906235
2025-12-22 21:00:00,0.28434,0.28463,0.28413,0.28432,453546.936378
2025-12-22 22:00:00,0.28433,0.28443,0.284,0.28443,356195.841581
2025-12-22 23:00:00,0.28443,0.2849,0.28415,0.28446,641491.025813
2025-12-23 00:00:00,0.28442,0.28462,0.28399,0.28403,348534.575866
2025-12-23 01:00:00,0.28401,0.28442,0.28363,0.2839,708923.528088
2025-12-23 02:00:00,0.28392,0.28426,0.28387,0.28423,593838.496814
2025-12-23 03:00:00,0.28423,0.28431,0.28399,0.28424,268195.131966
2025-12-23 04:00:00,0.28423,0.28447,0.28393,0.28435,323833.353769
2025-12-23 05:00:00,0.28433,0.28491,0.28422,0.28468,435276.938427
2025-12-23 06:00:00,0.28466,0.28486,0.28374,0.28377,594902.022653
2025-12-23 07:00:00,0.28376,0.284,0.28354,0.28394,394503.260781
2025-12-23 08:00:00,0.28394,0.2847,0.28363,0.28462,692486.817996
2025-12-23 09:00:00,0.28461,0.28462,0.28328,0.2838,1217091.791553
2025-12-23 10:00:00,0.2838,0.28417,0.28342,0.28412,695711.199191
2025-12-23 11:00:00,0.28412,0.2843,0.28393,0.28425,518271.07259
2025-12-23 12:00:00,0.28425,0.28431,0.2838,0.28419,1092746.658929
2025-12-23 13:00:00,0.28419,0.28437,0.28386,0.28429,1014143.167172
2025-12-23 14:00:00,0.28429,0.28434,0.28281,0.28311,807072.18698
2025-12-23 15:00:00,0.28313,0.28324,0.28239,0.28256,985200.294881
2025-12-23 16:00:00,0.28256,0.2836,0.28247,0.28337,1071586.717317
2025-12-23 17:00:00,0.28337,0.28356,0.28275,0.28275,346004.65702
2025-12-23 18:00:00,0.28277,0.2832,0.28264,0.28266,405298.078551
2025-12-23 19:00:00,0.28266,0.28294,0.28253,0.2829,268934.892609
2025-12-23 20:00:00,0.28287,0.28309,0.28234,0.28241,452863.562162
2025-12-23 21:00:00,0.2824,0.28331,0.28232,0.28325,421823.011616
2025-12-23 22:00:00,0.28325,0.28355,0.28305,0.28351,213702.868415
2025-12-23 23:00:00,0.28351,0.28364,0.28325,0.28351,391145.746114
2025-12-24 00:00:00,0.2835,0.28446,0.28349,0.2842,444000.309882
2025-12-24 01:00:00,0.2842,0.28454,0.28408,0.28441,507954.411989
2025-12-24 02:00:00,0.28441,0.28444,0.2834,0.28364,462192.256171
2025-12-24 03:00:00,0.28363,0.28376,0.28312,0.2834,550072.979592
2025-12-24 04:00:00,0.28339,0.2835,0.28317,0.28344,381608.841349
2025-12-24 05:00:00,0.28344,0.28365,0.28331,0.28363,198959.21574
2025-12-24 06:00:00,0.28363,0.28364,0.28186,0.28233,745471.626512
2025-12-24 07:00:00,0.28232,0.28288,0.2822,0.28239,477707.063145
2025-12-24 08:00:00,0.28238,0.28306,0.28238,0.28278,445568.699048
2025-12-24 09:00:00,0.28279,0.28369,0.28266,0.2835,858855.718369
2025-12-24 10:00:00,0.28349,0.2837,0.28303,0.28361,509539.538672
2025-12-24 11:00:00,0.28361,0.28367,0.283,0.28315,708847.034361
2025-12-24 12:00:00,0.28316,0.28368,0.28295,0.28353,889083.291708
2025-12-24 13:00:00,0.28352,0.28394,0.283,0.28353,1193427.283475
2025-12-24 14:00:00,0.28354,0.28356,0.28265,0.28274,597245.275106
2025-12-24 15:00:00,0.28273,0.28283,0.28117,0.2817,799093.734533
2025-12-24 16:00:00,0.28169,0.28196,0.28141,0.28169,1105341.09627
2025-12-24 17:00:00,0.28167,0.28239,0.28155,0.28207,549979.230411
2025-12-24 18:00:00,0.28207,0.28218,0.28106,0.28145,318681.25313
2025-12-24 19:00:00,0.28145,0.28165,0.28091,0.2812,585722.618367
2025-12-24 20:00:00,0.28118,0.28154,0.28103,0.2813,345132.52795
2025-12-24 21:00:00,0.2813,0.2813,0.28076,0.28082,2138593.200451
2025-12-24 22:00:00,0.28083,0.2811,0.2803,0.28032,3113804.757776
2025-12-24 23:00:00,0.28033,0.28061,0.27916,0.28029,1938831.002529
2025-12-25 00:00:00,0.2803,0.28076,0.28,0.28058,329111.88406
2025-12-25 01:00:00,0.28062,0.28105,0.28042,0.28073,907782.205346
2025-12-25 02:00:00,0.28073,0.28073,0.28014,0.28063,782282.145465
2025-12-25 03:00:00,0.28064,0.28066,0.28022,0.28023,362732.152527
2025-12-25 04:00:00,0.28022,0.28035,0.28006,0.28016,308032.89803
2025-12-25 05:00:00,0.28015,0.28053,0.2801,0.28022,446456.92731
2025-12-25 06:00:00,0.28023,0.2807,0.28021,0.28029,695916.450156
2025-12-25 07:00:00,0.28029,0.2807,0.28014,0.28059,756613.138028
2025-12-25 08:00:00,0.28057,0.28061,0.27943,0.27946,1115046.913747
2025-12-25 09:00:00,0.27946,0.27991,0.27867,0.27867,2008466.284683
2025-12-25 10:00:00,0.27866,0.27878,0.27824,0.27862,1080021.941798
2025-12-25 11:00:00,0.27862,0.27908,0.27854,0.27877,890211.952148
2025-12-25 12:00:00,0.27877,0.27912,0.2786,0.27912,559689.71509
2025-12-25 13:00:00,0.27912,0.27913,0.27863,0.27892,806017.821492
2025-12-25 14:00:00,0.27892,0.2792,0.27854,0.2787,616143.341541
2025-12-25 15:00:00,0.2787,0.27923,0.27772,0.27773,1011509.499911
2025-12-25 16:00:00,0.27773,0.27792,0.27673,0.27782,2060631.258816
2025-12-25 17:00:00,0.27786,0.27819,0.2777,0.27802,424010.664878
2025-12-25 18:00:00,0.27801,0.27853,0.2779,0.2785,434399.792072
2025-12-25 19:00:00,0.2785,0.27895,0.27844,0.27883,414500.68651
2025-12-25 20:00:00,0.27883,0.27896,0.27859,0.27881,256075.238609
2025-12-25 21:00:00,0.27881,0.27914,0.27868,0.27895,520814.944169
2025-12-25 22:00:00,0.27895,0.27926,0.2788,0.27906,551598.934103
2025-12-25 23:00:00,0.27906,0.27906,0.27825,0.27872,413520.855863
2025-12-26 00:00:00,0.2787,0.27952,0.27837,0.27891,414927.746731
2025-12-26 01:00:00,0.2789,0.27927,0.27872,0.27893,439756.491844
2025-12-26 02:00:00,0.27891,0.28018,0.2789,0.27976,496350.90144
2025-12-26 03:00:00,0.27976,0.28,0.27973,0.27987,399124.306495
2025-12-26 04:00:00,0.27988,0.28012,0.27959,0.27966,344967.278118
2025-12-26 05:00:00,0.27965,0.27997,0.27964,0.27987,248383.294847
2025-12-26 06:00:00,0.27987,0.28016,0.27982,0.28011,216104.963823
2025-12-26 07:00:00,0.28011,0.28032,0.27996,0.27998,384830.767111
2025-12-26 08:00:00,0.28,0.28012,0.27877,0.27934,911738.203292
2025-12-26 09:00:00,0.27933,0.27947,0.27907,0.27941,689647.996883
2025-12-26 10:00:00,0.2794,0.27944,0.27835,0.27859,515678.740441
2025-12-26 11:00:00,0.27859,0.27866,0.27832,0.27863,690674.959479
2025-12-26 12:00:00,0.27863,0.27907,0.27851,0.27889,422705.725975
2025-12-26 13:00:00,0.2789,0.27901,0.27841,0.27847,453988.127454
2025-12-26 14:00:00,0.27848,0.27866,0.27807,0.27834,642934.582177
2025-12-26 15:00:00,0.27833,0.27834,0.27755,0.27785,521567.088058
2025-12-26 16:00:00,0.27785,0.27813,0.27769,0.27775,702553.369032
2025-12-26 17:00:00,0.27775,0.2782,0.27766,0.2777,478653.791396
2025-12-26 18:00:00,0.27769,0.27808,0.27762,0.27786,487523.158616
2025-12-26 19:00:00,0.27786,0.27847,0.27786,0.27803,474355.775954
2025-12-26 20:00:00,0.27804,0.27897,0.27799,0.27883,378959.55939
2025-12-26 21:00:00,0.27883,0.27949,0.27876,0.27934,463419.566257
2025-12-26 22:00:00,0.27935,0.2796,0.27932,0.27957,256108.128387
2025-12-26 23:00:00,0.27957,0.27981,0.27946,0.27953,365125.85348
2025-12-27 00:00:00,0.27956,0.28042,0.27956,0.28018,285419.891281
2025-12-27 01:00:00,0.28022,0.28053,0.27961,0.27967,515222.626148
2025-12-27 02:00:00,0.27968,0.28023,0.27968,0.28022,193092.855244
2025-12-27 03:00:00,0.28022,0.28037,0.28005,0.28024,210975.280672
2025-12-27 04:00:00,0.28024,0.28026,0.27982,0.27983,174476.18735
2025-12-27 05:00:00,0.27983,0.27991,0.27921,0.27948,508886.255861
2025-12-27 06:00:00,0.27949,0.27991,0.27932,0.27953,828180.092021
2025-12-27 07:00:00,0.27953,0.27953,0.27927,0.2793,469930.252852
2025-12-27 08:00:00,0.2793,0.2794,0.27905,0.27915,440715.145247
2025-12-27 09:00:00,0.27914,0.27939,0.27878,0.27891,893007.996581
2025-12-27 10:00:00,0.27891,0.27942,0.27866,0.27934,479252.365008
2025-12-27 11:00:00,0.27934,0.2797,0.27907,0.27961,493700.201401
2025-12-27 12:00:00,0.27961,0.28056,0.27943,0.28026,1014234.031974
2025-12-27 13:00:00,0.28025,0.28061,0.28015,0.2805,705207.026582
2025-12-27 14:00:00,0.28054,0.28056,0.27966,0.27983,860101.782915
2025-12-27 15:00:00,0.27983,0.28048,0.27974,0.28046,550378.650465
2025-12-27 16:00:00,0.28046,0.28193,0.28043,0.28184,1346535.700767
2025-12-27 17:00:00,0.28185,0.28254,0.28181,0.28225,719242.037517
2025-12-27 18:00:00,0.28225,0.28282,0.28198,0.28228,632492.68864
2025-12-27 19:00:00,0.28228,0.28268,0.28228,0.28263,585776.412484
2025-12-27 20:00:00,0.28265,0.28386,0.28265,0.28381,1019994.648794
2025-12-27 21:00:00,0.28381,0.28403,0.28337,0.284,1015538.704716
2025-12-27 22:00:00,0.284,0.28445,0.284,0.28445,992921.976954
2025-12-27 23:00:00,0.28444,0.285,0.28433,0.2849,640154.156669
2025-12-28 00:00:00,0.2849,0.28549,0.28483,0.28501,1396148.746067
2025-12-28 01:00:00,0.28502,0.28534,0.28414,0.2844,576213.865932
2025-12-28 02:00:00,0.28441,0.28457,0.28377,0.28409,422920.479215
2025-12-28 03:00:00,0.28412,0.28413,0.28354,0.28383,789252.327499
2025-12-28 04:00:00,0.28384,0.28384,0.28327,0.28356,253554.428004
2025-12-28 05:00:00,0.28355,0.2839,0.28352,0.28381,236466.8744
2025-12-28 06:00:00,0.28381,0.28394,0.28352,0.28387,350961.677186
2025-12-28 07:00:00,0.28389,0.28398,0.28365,0.2838,516535.250522
2025-12-28 08:00:00,0.28382,0.2839,0.28352,0.28363,376891.072749
2025-12-28 09:00:00,0.28363,0.28376,0.28351,0.28364,479056.138863
2025-12-28 10:00:00,0.28364,0.28411,0.28359,0.2836,380088.630661
2025-12-28 11:00:00,0.2836,0.28383,0.28332,0.28344,420792.78416
2025-12-28 12:00:00,0.28344,0.28484,0.28336,0.28474,973949.945388
2025-12-28 13:00:00,0.28474,0.28474,0.2838,0.28389,728902.420027
2025-12-28 14:00:00,0.28388,0.28432,0.28388,0.28425,799938.172619
2025-12-28 15:00:00,0.28424,0.2846,0.28389,0.28394,827993.486756
2025-12-28 16:00:00,0.28394,0.28457,0.28393,0.28403,1072681.419994
2025-12-28 17:00:00,0.28404,0.28448,0.284,0.2843,572072.428345
2025-12-28 18:00:00,0.28436,0.28458,0.28388,0.28453,851215.302327
2025-12-28 19:00:00,0.28453,0.28498,0.28453,0.28481,707151.723581
2025-12-28 20:00:00,0.28481,0.28519,0.28461,0.28481,900762.305459
2025-12-28 21:00:00,0.2848,0.2852,0.28441,0.28519,1158079.622732
2025-12-28 22:00:00,0.2852,0.28554,0.28485,0.28553,723515.305436
2025-12-28 23:00:00,0.28553,0.28554,0.28503,0.28503,468052.980799
2025-12-29 00:00:00,0.28501,0.28521,0.28414,0.28484,858101.746386
2025-12-29 01:00:00,0.28487,0.28558,0.28483,0.28558,652170.410547
2025-12-29 02:00:00,0.28558,0.28589,0.28526,0.28589,607238.315347
2025-12-29 03:00:00,0.28588,0.2859,0.28519,0.28542,589626.803265
2025-12-29 04:00:00,0.28542,0.28548,0.28491,0.28532,839076.283104
2025-12-29 05:00:00,0.2853,0.28532,0.2842,0.2844,581733.490068
2025-12-29 06:00:00,0.2844,0.28501,0.28431,0.28475,782279.946162
2025-12-29 07:00:00,0.28475,0.28585,0.28439,0.28465,2791577.672978
2025-12-29 08:00:00,0.28464,0.28465,0.28281,0.28304,1028876.11687
2025-12-29 09:00:00,0.28304,0.28344,0.28228,0.28245,2017872.345797
2025-12-29 10:00:00,0.28246,0.28253,0.28191,0.28219,871940.569537
2025-12-29 11:00:00,0.28218,0.28244,0.28198,0.28219,710901.168098
2025-12-29 12:00:00,0.28219,0.28219,0.28154,0.28202,555337.417842
2025-12-29 13:00:00,0.28203,0.28209,0.28145,0.28159,729443.709937
2025-12-29 14:00:00,0.28158,0.28254,0.28147,0.28147,999372.745894
2025-12-29 15:00:00,0.28148,0.28248,0.28147,0.28236,810463.142514
2025-12-29 16:00:00,0.28236,0.28293,0.28185,0.28274,1062509.938668
2025-12-29 17:00:00,0.28274,0.28303,0.28258,0.283,930302.262943
2025-12-29 18:00:00,0.283,0.2833,0.28286,0.28313,868172.935659
2025-12-29 19:00:00,0.28313,0.28408,0.28312,0.28396,1471053.133386
2025-12-29 20:00:00,0.28396,0.28412,0.28354,0.28412,1537422.566768
2025-12-29 21:00:00,0.28412,0.28451,0.28399,0.2845,1576848.274645
2025-12-29 22:00:00,0.28449,0.28451,0.28351,0.28433,676255.814765
2025-12-29 23:00:00,0.28433,0.28516,0.28432,0.28508,990845.888118
2025-12-30 00:00:00,0.28508,0.28541,0.28447,0.28447,1197890.765199
2025-12-30 01:00:00,0.28447,0.28489,0.28429,0.28487,482680.44053
2025-12-30 02:00:00,0.28487,0.28503,0.28469,0.28501,721190.450317
2025-12-30 03:00:00,0.28501,0.2852,0.2848,0.28514,394695.284264
2025-12-30 04:00:00,0.28514,0.2855,0.28514,0.28546,601290.544462
2025-12-30 05:00:00,0.28546,0.28559,0.285,0.28548,553186.481764
2025-12-30 06:00:00,0.28547,0.2858,0.28547,0.28562,1133844.009506
2025-12-30 07:00:00,0.28561,0.28568,0.28468,0.28468,1281676.793342
2025-12-30 08:00:00,0.28469,0.28513,0.28463,0.28509,837503.267698
2025-12-30 09:00:00,0.28509,0.28561,0.28507,0.28555,999601.705037
2025-12-30 10:00:00,0.28554,0.28588,0.28526,0.2858,1120487.712888
2025-12-30 11:00:00,0.2858,0.28618,0.28545,0.28546,991875.927193
2025-12-30 12:00:00,0.28546,0.28564,0.28531,0.28551,527220.744444
2025-12-30 13:00:00,0.28551,0.28575,0.28536,0.28554,571299.565535
2025-12-30 14:00:00,0.28553,0.28588,0.28538,0.28574,734837.732622
2025-12-30 15:00:00,0.28574,0.28586,0.28501,0.28512,702757.999992
2025-12-30 16:00:00,0.28512,0.28556,0.28511,0.28549,1107907.211357
2025-12-30 17:00:00,0.28549,0.28563,0.28522,0.2855,688029.166617
2025-12-30 18:00:00,0.28551,0.28559,0.28527,0.28541,439611.256498
2025-12-30 19:00:00,0.2854,0.28575,0.28515,0.28572,829027.048347
2025-12-30 20:00:00,0.2857,0.28676,0.2857,0.28667,1065275.461891
2025-12-30 21:00:00,0.2867,0.28689,0.28646,0.28674,598506.591301
2025-12-30 22:00:00,0.28674,0.28674,0.28593,0.28647,423708.382537
2025-12-30 23:00:00,0.28646,0.28664,0.28625,0.28636,852366.157694
2025-12-31 00:00:00,0.28636,0.28662,0.2862,0.28659,493884.850968
2025-12-31 01:00:00,0.28659,0.28683,0.28634,0.28643,711375.384937
2025-12-31 02:00:00,0.28643,0.28646,0.2859,0.28599,337484.764245
2025-12-31 03:00:00,0.28598,0.28599,0.28543,0.2857,559204.991821
2025-12-31 04:00:00,0.2857,0.28589,0.28553,0.28568,329000.211432
2025-12-31 05:00:00,0.28568,0.28577,0.28559,0.28573,174443.692841
2025-12-31 06:00:00,0.28573,0.28573,0.28501,0.2851,440611.772044
2025-12-31 07:00:00,0.28508,0.28508,0.28413,0.28433,553798.419901
2025-12-31 08:00:00,0.28433,0.28433,0.28368,0.28399,865296.906296
2025-12-31 09:00:00,0.28399,0.28399,0.28313,0.28348,2802932.878781
2025-12-31 10:00:00,0.28348,0.28348,0.28298,0.28324,446311.979825
2025-12-31 11:00:00,0.28323,0.28369,0.28298,0.28369,1638088.513256
2025-12-31 12:00:00,0.28368,0.2838,0.28322,0.28348,1048015.335513
2025-12-31 13:00:00,0.28349,0.28362,0.28263,0.28277,739371.215471
2025-12-31 14:00:00,0.28277,0.28321,0.28224,0.2825,559951.956873
2025-12-31 15:00:00,0.28249,0.2834,0.28238,0.28332,503109.841831
2025-12-31 16:00:00,0.28332,0.28403,0.28305,0.28379,1270657.16811
2025-12-31 17:00:00,0.28379,0.28418,0.2829,0.28307,604029.910048
2025-12-31 18:00:00,0.28307,0.28335,0.28299,0.28306,400585.283123
2025-12-31 19:00:00,0.28307,0.28356,0.28307,0.28329,529792.511795
2025-12-31 20:00:00,0.28326,0.28358,0.2831,0.28346,491109.297476
2025-12-31 21:00:00,0.28349,0.28382,0.28326,0.28373,515827.401212
2025-12-31 22:00:00,0.28373,0.28438,0.28373,0.28425,766182.53011
2025-12-31 23:00:00,0.28425,0.28492,0.28418,0.28457,579990.952069
2026-01-01 00:00:00,0.28457,0.28473,0.28387,0.2839,392523.769299
2026-01-01 01:00:00,0.2839,0.28434,0.28388,0.28432,494267.264096
2026-01-01 02:00:00,0.28433,0.28433,0.284,0.28406,238498.374295
2026-01-01 03:00:00,0.28406,0.28428,0.28369,0.28369,1135225.951445
2026-01-01 04:00:00,0.28369,0.28394,0.28359,0.28392,298985.088536
2026-01-01 05:00:00,0.28393,0.28419,0.28368,0.28418,287287.308567
2026-01-01 06:00:00,0.28419,0.28488,0.28411,0.28488,368500.664336
2026-01-01 07:00:00,0.28488,0.28563,0.28474,0.28479,1211606.612466
2026-01-01 08:00:00,0.2848,0.28544,0.2848,0.28516,369578.287612
2026-01-01 09:00:00,0.28516,0.2855,0.28475,0.28501,808584.398012
2026-01-01 10:00:00,0.28503,0.28553,0.28495,0.2852,552405.77465
2026-01-01 11:00:00,0.2852,0.2857,0.28399,0.28459,1240645.918791
2026-01-01 12:00:00,0.28459,0.28477,0.28431,0.28446,579923.605955
2026-01-01 13:00:00,0.28446,0.28473,0.28431,0.28454,1179296.294783
2026-01-01 14:00:00,0.28456,0.28458,0.2839,0.28405,532550.471798
2026-01-01 15:00:00,0.28404,0.28477,0.28393,0.28468,661507.040324
2026-01-01 16:00:00,0.28468,0.285,0.28465,0.28492,939322.488239
2026-01-01 17:00:00,0.28489,0.28537,0.2848,0.28513,1158294.440681
2026-01-01 18:00:00,0.28512,0.28551,0.28512,0.28546,449036.756732
2026-01-01 19:00:00,0.28546,0.28546,0.28505,0.28537,695527.225456
2026-01-01 20:00:00,0.28536,0.2854,0.28483,0.28501,562345.257989
2026-01-01 21:00:00,0.28501,0.28563,0.28501,0.2856,876751.112782
2026-01-01 22:00:00,0.2856,0.28635,0.2856,0.28623,1163711.77789
2026-01-01 23:00:00,0.28623,0.28712,0.28602,0.28707,1497097.149421
2026-01-02 00:00:00,0.2871,0.28735,0.28616,0.28617,469231.602093
2026-01-02 01:00:00,0.28622,0.28655,0.28604,0.28638,460791.072343
2026-01-02 02:00:00,0.28638,0.2864,0.28604,0.28629,274804.210238
2026-01-02 03:00:00,0.28628,0.28647,0.28612,0.28612,275903.660524
2026-01-02 04:00:00,0.28615,0.28615,0.28554,0.28561,272639.320807
2026-01-02 05:00:00,0.28564,0.28584,0.28549,0.28578,508369.57701
2026-01-02 06:00:00,0.28579,0.2859,0.28565,0.28575,1162395.013269
2026-01-02 07:00:00,0.28575,0.28628,0.28554,0.28579,777682.670917
2026-01-02 08:00:00,0.28579,0.28587,0.28511,0.28526,646831.886581
2026-01-02 09:00:00,0.28526,0.2853,0.28437,0.2848,1052866.576388
2026-01-02 10:00:00,0.28481,0.28527,0.28453,0.2847,2253204.088989
2026-01-02 11:00:00,0.2847,0.28517,0.2847,0.28511,689895.345558
2026-01-02 12:00:00,0.28513,0.28522,0.28491,0.28503,628222.415599
2026-01-02 13:00:00,0.28503,0.28552,0.28471,0.28523,755823.271755
2026-01-02 14:00:00,0.28523,0.28597,0.28512,0.28587,1372041.147579
2026-01-02 15:00:00,0.28587,0.28649,0.28528,0.28583,846585.561608
2026-01-02 16:00:00,0.28584,0.28666,0.28562,0.28664,1149077.551479
2026-01-02 17:00:00,0.28663,0.28735,0.28656,0.28696,846343.466998
2026-01-02 18:00:00,0.28696,0.28731,0.28657,0.28671,736022.918884
2026-01-02 19:00:00,0.28674,0.28709,0.28656,0.28678,419513.716536
2026-01-02 20:00:00,0.28677,0.28724,0.28673,0.28716,329514.084042
2026-01-02 21:00:00,0.28715,0.28811,0.28715,0.2879,415587.89484
2026-01-02 22:00:00,0.28791,0.28825,0.28763,0.28793,571994.928796
2026-01-02 23:00:00,0.28793,0.28895,0.28793,0.28895,677445.94224
2026-01-03 00:00:00,0.28894,0.29074,0.28873,0.28906,1913641.895315
2026-01-03 01:00:00,0.28905,0.28922,0.28869,0.28907,493874.086794
2026-01-03 02:00:00,0.28907,0.28935,0.28907,0.2892,298013.028991
2026-01-03 03:00:00,0.2892,0.28927,0.28871,0.28887,255347.666478
2026-01-03 04:00:00,0.28887,0.28898,0.28796,0.2884,459529.83827
2026-01-03 05:00:00,0.28838,0.28859,0.28775,0.28859,296979.628835
2026-01-03 06:00:00,0.28854,0.28914,0.28849,0.28899,315646.441097
2026-01-03 07:00:00,0.289,0.28909,0.28803,0.28824,323717.826173
2026-01-03 08:00:00,0.28825,0.28879,0.28825,0.28858,489125.190361
2026-01-03 09:00:00,0.28859,0.28876,0.28813,0.28814,603080.010953
2026-01-03 10:00:00,0.28817,0.28865,0.28814,0.2886,375842.987926
2026-01-03 11:00:00,0.2886,0.28883,0.28835,0.28865,406458.093951
2026-01-03 12:00:00,0.28865,0.28905,0.28853,0.28905,520212.857052
2026-01-03 13:00:00,0.28905,0.291,0.28904,0.29065,1803233.826062
2026-01-03 14:00:00,0.29065,0.29134,0.29046,0.29134,896604.03639
2026-01-03 15:00:00,0.29134,0.29159,0.29068,0.29146,874031.732816
2026-01-03 16:00:00,0.29146,0.29233,0.29146,0.2923,1412313.344054
2026-01-03 17:00:00,0.2923,0.29288,0.29204,0.29284,406020.033291
2026-01-03 18:00:00,0.29283,0.29344,0.29272,0.29338,771805.402044
2026-01-03 19:00:00,0.2934,0.29374,0.29318,0.29374,414304.123418
2026-01-03 20:00:00,0.29375,0.29408,0.29354,0.29401,601506.975084
2026-01-03 21:00:00,0.29401,0.2945,0.294,0.2945,499270.537744
2026-01-03 22:00:00,0.2945,0.2951,0.29427,0.2951,752154.563074
2026-01-03 23:00:00,0.2951,0.29593,0.2951,0.29573,1031330.511119
2026-01-04 00:00:00,0.29573,0.29596,0.29482,0.29541,1157602.782422
2026-01-04 01:00:00,0.29541,0.29561,0.29518,0.2956,758579.460318
2026-01-04 02:00:00,0.29563,0.29563,0.29512,0.29544,688768.32098
2026-01-04 03:00:00,0.29543,0.29566,0.29496,0.29496,546628.768907
2026-01-04 04:00:00,0.29496,0.29497,0.29437,0.29445,424514.135255
2026-01-04 05:00:00,0.29445,0.29483,0.294,0.29406,735007.998358
2026-01-04 06:00:00,0.29406,0.29406,0.29367,0.29396,662102.352728
2026-01-04 07:00:00,0.29396,0.29442,0.29383,0.29441,784411.80508
2026-01-04 08:00:00,0.29441,0.29479,0.2936,0.29401,2223304.54294
2026-01-04 09:00:00,0.29402,0.29446,0.2938,0.29381,949992.799999
2026-01-04 10:00:00,0.29381,0.2939,0.29337,0.29352,727034.651408
2026-01-04 11:00:00,0.29352,0.29406,0.2934,0.29378,728715.175721
2026-01-04 12:00:00,0.29379,0.29421,0.29375,0.29421,589369.107514
2026-01-04 13:00:00,0.29421,0.29468,0.29376,0.29442,1138968.441517
2026-01-04 14:00:00,0.29442,0.2947,0.29359,0.29469,895544.997942
2026-01-04 15:00:00,0.2947,0.29487,0.29453,0.29465,396451.231563
2026-01-04 16:00:00,0.29465,0.29495,0.29397,0.29432,1319842.499979
2026-01-04 17:00:00,0.29432,0.29487,0.29429,0.2948,761472.495149
2026-01-04 18:00:00,0.2948,0.29489,0.29407,0.29462,872495.286323
2026-01-04 19:00:00,0.29462,0.29462,0.2939,0.29434,546673.843426
2026-01-04 20:00:00,0.29434,0.29439,0.29361,0.29364,361396.42695
2026-01-04 21:00:00,0.29368,0.29396,0.29351,0.29374,465484.973618
2026-01-04 22:00:00,0.29377,0.29401,0.2935,0.29396,796823.127438
2026-01-04 23:00:00,0.29397,0.29413,0.29368,0.29398,441362.687744
2026-01-05 00:00:00,0.29398,0.29448,0.2937,0.29441,325832.045373
2026-01-05 01:00:00,0.29441,0.29499,0.29419,0.29446,706052.493562
2026-01-05 02:00:00,0.29447,0.29471,0.29406,0.29432,471456.423798
2026-01-05 03:00:00,0.29433,0.29492,0.29428,0.2948,332102.001859
2026-01-05 04:00:00,0.2948,0.29505,0.29436,0.29505,446315.225243
2026-01-05 05:00:00,0.29505,0.29525,0.29451,0.29462,598578.588036
2026-01-05 06:00:00,0.29462,0.29493,0.29411,0.29481,777595.258085
2026-01-05 07:00:00,0.29481,0.29586,0.29464,0.29478,2350869.47218
2026-01-05 08:00:00,0.29478,0.29488,0.29291,0.29307,1166151.485926
2026-01-05 09:00:00,0.29307,0.2931,0.2918,0.29211,1920936.309552
2026-01-05 10:00:00,0.29211,0.29253,0.29172,0.29243,1874541.400976
2026-01-05 11:00:00,0.29243,0.29266,0.29214,0.29253,942298.551215
2026-01-05 12:00:00,0.29252,0.29252,0.29204,0.29228,611843.526016
2026-01-05 13:00:00,0.29229,0.29258,0.29196,0.29254,703062.433275
2026-01-05 14:00:00,0.29252,0.2927,0.292,0.29259,565464.919632
2026-01-05 15:00:00,0.2926,0.29303,0.29219,0.29294,1161782.571421
2026-01-05 16:00:00,0.29295,0.29311,0.29236,0.29257,1824030.053478
2026-01-05 17:00:00,0.29256,0.29264,0.29169,0.29209,1888919.629337
2026-01-05 18:00:00,0.29208,0.29225,0.29165,0.29223,1182401.559975
2026-01-05 19:00:00,0.29223,0.29238,0.29173,0.29208,1238512.178683
2026-01-05 20:00:00,0.29208,0.29282,0.29208,0.29266,833803.70778
2026-01-05 21:00:00,0.29266,0.29277,0.2924,0.29253,624513.805488
2026-01-05 22:00:00,0.29254,0.29266,0.29213,0.29245,826681.131919
2026-01-05 23:00:00,0.29245,0.29248,0.292,0.29209,602428.673262
2026-01-06 00:00:00,0.29209,0.29275,0.292,0.29242,1059076.810707
2026-01-06 01:00:00,0.29241,0.29302,0.29241,0.29283,529669.621965
2026-01-06 02:00:00,0.29282,0.293,0.29271,0.293,258600.87448
2026-01-06 03:00:00,0.293,0.29319,0.29283,0.29319,803943.37606
2026-01-06 04:00:00,0.29319,0.29342,0.29248,0.29249,1981259.063597
2026-01-06 05:00:00,0.29253,0.29293,0.29253,0.29292,322908.374713
2026-01-06 06:00:00,0.29292,0.29336,0.29285,0.29296,749574.713458
2026-01-06 07:00:00,0.29296,0.29327,0.29235,0.29314,1103784.712042
2026-01-06 08:00:00,0.29315,0.29328,0.29212,0.29212,575967.861629
2026-01-06 09:00:00,0.29213,0.29232,0.291,0.29101,2407135.181097
2026-01-06 10:00:00,0.29102,0.29162,0.29095,0.29128,1891870.688218
2026-01-06 11:00:00,0.29128,0.29188,0.29127,0.29159,696271.307585
2026-01-06 12:00:00,0.29159,0.29196,0.29142,0.29191,738224.26195
2026-01-06 13:00:00,0.29191,0.29219,0.29165,0.29196,865929.801525
2026-01-06 14:00:00,0.29196,0.29326,0.29177,0.29241,2058353.011002
2026-01-06 15:00:00,0.29241,0.29276,0.29196,0.29206,976700.90537
2026-01-06 16:00:00,0.29208,0.2925,0.29173,0.2924,1265423.985331
2026-01-06 17:00:00,0.2924,0.29253,0.29147,0.29151,836315.366803
2026-01-06 18:00:00,0.2915,0.29209,0.29131,0.29196,724692.613789
2026-01-06 19:00:00,0.29197,0.29241,0.29186,0.29189,437944.249753
2026-01-06 20:00:00,0.29188,0.29268,0.29175,0.29267,571541.786042
2026-01-06 21:00:00,0.29268,0.29341,0.29253,0.29341,663588.26618
2026-01-06 22:00:00,0.2934,0.29362,0.29302,0.29361,574403.86802
2026-01-06 23:00:00,0.29362,0.29424,0.29356,0.29422,602126.314068
2026-01-07 00:00:00,0.29422,0.295,0.29398,0.29398,688064.794905
2026-01-07 01:00:00,0.29398,0.29466,0.29397,0.29404,634160.99724
2026-01-07 02:00:00,0.29404,0.29477,0.29403,0.29471,473175.427053
2026-01-07 03:00:00,0.29471,0.29509,0.29444,0.29463,514193.745219
2026-01-07 04:00:00,0.29463,0.29512,0.29462,0.29489,481888.356035
2026-01-07 05:00:00,0.29489,0.29528,0.29481,0.2949,521859.364644
2026-01-07 06:00:00,0.2949,0.29514,0.29472,0.29486,352985.455671
2026-01-07 07:00:00,0.29486,0.29505,0.29436,0.29488,758598.164703
2026-01-07 08:00:00,0.29488,0.29525,0.29453,0.2952,458929.28013
2026-01-07 09:00:00,0.2952,0.29555,0.29469,0.29476,1106237.785538
2026-01-07 10:00:00,0.29475,0.29605,0.29462,0.29494,1008884.81018
2026-01-07 11:00:00,0.29494,0.2954,0.29476,0.29517,608432.295689
2026-01-07 12:00:00,0.29518,0.2963,0.29474,0.29603,1530283.151803
2026-01-07 13:00:00,0.29604,0.29694,0.29559,0.29692,1209010.26069
2026-01-07 14:00:00,0.29691,0.29691,0.2957,0.29672,1303834.12772
2026-01-07 15:00:00,0.29672,0.29673,0.29563,0.29644,758783.768241
2026-01-07 16:00:00,0.29644,0.29843,0.29644,0.29782,3181380.13094
2026-01-07 17:00:00,0.29782,0.29849,0.29775,0.29802,1222337.067104
2026-01-07 18:00:00,0.29803,0.29869,0.29782,0.29827,855752.322183
2026-01-07 19:00:00,0.29827,0.29827,0.29645,0.29744,1613434.938195
2026-01-07 20:00:00,0.29744,0.2981,0.29715,0.29804,1049989.54398
2026-01-07 21:00:00,0.29804,0.29852,0.29784,0.29852,750068.137512
2026-01-07 22:00:00,0.29852,0.29852,0.29799,0.29813,1010943.132606
2026-01-07 23:00:00,0.29811,0.29837,0.2977,0.29815,665281.953988
2026-01-08 00:00:00,0.29815,0.2985,0.29683,0.29729,963368.091796
2026-01-08 01:00:00,0.29729,0.29859,0.29725,0.29856,828261.968273
2026-01-08 02:00:00,0.29856,0.29856,0.29727,0.2979,286245.976836
2026-01-08 03:00:00,0.2979,0.2986,0.29776,0.29796,498500.429652
2026-01-08 04:00:00,0.29796,0.29846,0.29774,0.29835,473952.195495
2026-01-08 05:00:00,0.29834,0.29857,0.29785,0.29805,386427.58013
2026-01-08 06:00:00,0.29805,0.29824,0.29627,0.29639,528947.296697
2026-01-08 07:00:00,0.29638,0.29682,0.29577,0.29659,597801.799493
2026-01-08 08:00:00,0.2966,0.29673,0.29504,0.29529,1492904.573529
2026-01-08 09:00:00,0.2953,0.29606,0.29523,0.29575,1748867.090871
2026-01-08 10:00:00,0.29576,0.29651,0.29529,0.29647,784171.722371
2026-01-08 11:00:00,0.29647,0.29664,0.29619,0.29664,750347.357984
2026-01-08 12:00:00,0.29663,0.29664,0.2959,0.29617,665006.896076
2026-01-08 13:00:00,0.29618,0.29666,0.29579,0.29653,718608.240069
2026-01-08 14:00:00,0.29654,0.29654,0.29504,0.2955,814906.849925
2026-01-08 15:00:00,0.2955,0.29608,0.29521,0.29577,575300.876368
2026-01-08 16:00:00,0.29578,0.29578,0.2947,0.29499,924157.247836
2026-01-08 17:00:00,0.29501,0.29508,0.29463,0.2949,990688.875927
2026-01-08 18:00:00,0.2949,0.29512,0.29426,0.29474,624470.46895
2026-01-08 19:00:00,0.29474,0.29506,0.29465,0.29474,641470.200495
2026-01-08 20:00:00,0.29474,0.29537,0.29448,0.29518,504114.313151
2026-01-08 21:00:00,0.29519,0.29564,0.29519,0.29541,303598.982317
2026-01-08 22:00:00,0.29541,0.29565,0.29504,0.29532,535096.8038
2026-01-08 23:00:00,0.29533,0.29536,0.29484,0.2949,360362.038151
2026-01-09 00:00:00,0.2949,0.29536,0.29482,0.29533,248379.446258
2026-01-09 01:00:00,0.29533,0.2954,0.29458,0.29461,437675.432182
2026-01-09 02:00:00,0.29461,0.29492,0.29435,0.29444,537259.470833
2026-01-09 03:00:00,0.29444,0.29444,0.29385,0.29399,354803.607708
2026-01-09 04:00:00,0.29398,0.29398,0.29344,0.29352,362642.567603
2026-01-09 05:00:00,0.29353,0.29398,0.29339,0.29398,907965.555455
2026-01-09 06:00:00,0.29396,0.29449,0.29394,0.29421,410455.044648
2026-01-09 07:00:00,0.29425,0.29436,0.2929,0.29328,1441893.923003
2026-01-09 08:00:00,0.29323,0.2935,0.29266,0.29274,432887.081254
2026-01-09 09:00:00,0.29274,0.29312,0.29222,0.29247,1335947.549669
2026-01-09 10:00:00,0.29248,0.29349,0.29248,0.29294,960374.344728
2026-01-09 11:00:00,0.29294,0.29356,0.29288,0.29315,999376.521907
2026-01-09 12:00:00,0.29315,0.29392,0.29299,0.29377,585809.401136
2026-01-09 13:00:00,0.29378,0.29518,0.29378,0.29503,519517.036687
2026-01-09 14:00:00,0.29509,0.29579,0.29468,0.29578,2379745.397585
2026-01-09 15:00:00,0.29579,0.29693,0.29534,0.29652,823812.240557
2026-01-09 16:00:00,0.29653,0.29744,0.2964,0.29744,1220399.917394
2026-01-09 17:00:00,0.29744,0.29744,0.29681,0.29735,605042.143914
2026-01-09 18:00:00,0.29739,0.29797,0.29727,0.29785,511677.190913
2026-01-09 19:00:00,0.29785,0.29822,0.29771,0.29822,587402.100573
2026-01-09 20:00:00,0.29822,0.29911,0.29821,0.29889,856753.902442
2026-01-09 21:00:00,0.2989,0.2997,0.29821,0.2983,1071814.964364
2026-01-09 22:00:00,0.29839,0.29864,0.29732,0.29749,645889.927265
2026-01-09 23:00:00,0.2975,0.29858,0.2975,0.29842,520104.344079
2026-01-10 00:00:00,0.29843,0.29857,0.29762,0.29815,552845.355552
2026-01-10 01:00:00,0.29816,0.29869,0.29815,0.29868,379137.770681
2026-01-10 02:00:00,0.29869,0.29869,0.29825,0.29825,310245.802875
2026-01-10 03:00:00,0.29822,0.2984,0.29803,0.29811,305616.117627
2026-01-10 04:00:00,0.29811,0.29811,0.2972,0.29768,308404.826641
2026-01-10 05:00:00,0.29768,0.29825,0.29768,0.2982,189326.604031
2026-01-10 06:00:00,0.2982,0.29891,0.29816,0.2989,836073.750299
2026-01-10 07:00:00,0.29891,0.29895,0.2979,0.29791,390628.816287
2026-01-10 08:00:00,0.29792,0.29831,0.29767,0.29813,875516.68649
2026-01-10 09:00:00,0.29815,0.29857,0.29749,0.29794,583891.866618
2026-01-10 10:00:00,0.29793,0.29813,0.29753,0.29802,684581.456727
2026-01-10 11:00:00,0.29808,0.29859,0.29799,0.29858,506999.711771
2026-01-10 12:00:00,0.29858,0.29868,0.29813,0.29828,675106.881758
2026-01-10 13:00:00,0.29827,0.29838,0.29778,0.29796,798785.351369
2026-01-10 14:00:00,0.29796,0.29884,0.29791,0.29869,686752.474611
2026-01-10 15:00:00,0.29871,0.29952,0.29853,0.29924,740142.032614
2026-01-10 16:00:00,0.29925,0.29954,0.29907,0.29926,1071572.29055
2026-01-10 17:00:00,0.29925,0.29956,0.29912,0.29954,693255.080591
2026-01-10 18:00:00,0.29953,0.3,0.29922,0.29934,690052.715107
2026-01-10 19:00:00,0.29934,0.29947,0.29913,0.29946,463346.438915
2026-01-10 20:00:00,0.29947,0.30035,0.29935,0.30033,468364.371683
2026-01-10 21:00:00,0.30033,0.30106,0.29988,0.29997,887307.776082
2026-01-10 22:00:00,0.29997,0.30125,0.29971,0.30124,629139.610877
2026-01-10 23:00:00,0.30125,0.30253,0.30103,0.30242,1020630.162175
2026-01-11 00:00:00,0.30242,0.30332,0.30176,0.30308,1152103.187392
2026-01-11 01:00:00,0.30308,0.30345,0.3023,0.30241,1188310.518811
2026-01-11 02:00:00,0.30241,0.30273,0.29944,0.29987,752242.008319
2026-01-11 03:00:00,0.29987,0.30033,0.29928,0.30016,496718.645084
2026-01-11 04:00:00,0.30016,0.30068,0.29949,0.30068,351196.394458
2026-01-11 05:00:00,0.30068,0.30116,0.30002,0.30051,442935.008307
2026-01-11 06:00:00,0.3005,0.30124,0.29961,0.29981,498669.810691
2026-01-11 07:00:00,0.29982,0.30009,0.29866,0.2988,633988.357141
2026-01-11 08:00:00,0.29881,0.2992,0.29841,0.29905,448434.509144
2026-01-11 09:00:00,0.29903,0.29944,0.29872,0.29897,716189.547295
2026-01-11 10:00:00,0.29898,0.29951,0.29882,0.29902,813584.68259
2026-01-11 11:00:00,0.29902,0.29956,0.29865,0.29956,399876.75803
2026-01-11 12:00:00,0.29956,0.29956,0.29861,0.29865,879278.457413
2026-01-11 13:00:00,0.29864,0.29988,0.29852,0.29982,463006.159657
2026-01-11 14:00:00,0.29981,0.30009,0.29966,0.29987,844328.418809
2026-01-11 15:00:00,0.29987,0.29998,0.29923,0.29935,539860.702731
2026-01-11 16:00:00,0.29933,0.30025,0.29919,0.29992,1096453.806394
2026-01-11 17:00:00,0.29992,0.30127,0.29985,0.30111,738969.135266
2026-01-11 18:00:00,0.30112,0.30297,0.30108,0.30297,868630.469297
2026-01-11 19:00:00,0.30298,0.30338,0.30179,0.30251,838384.940047
2026-01-11 20:00:00,0.30251,0.30253,0.2996,0.30008,1081058.9124
2026-01-11 21:00:00,0.30004,0.30004,0.2991,0.29989,603702.759977
2026-01-11 22:00:00,0.29989,0.29993,0.29938,0.29938,653888.590476
2026-01-11 23:00:00,0.29938,0.30009,0.29906,0.29953,503159.94005
2026-01-12 00:00:00,0.29953,0.29953,0.29889,0.29913,737373.232595
2026-01-12 01:00:00,0.29913,0.29924,0.29871,0.29881,742115.495715
2026-01-12 02:00:00,0.29882,0.29966,0.29868,0.29934,927432.222437
2026-01-12 03:00:00,0.29934,0.29993,0.29919,0.29922,517787.504026
2026-01-12 04:00:00,0.29921,0.29932,0.29898,0.29903,223418.596779
2026-01-12 05:00:00,0.29902,0.29905,0.29874,0.29887,300787.549519
2026-01-12 06:00:00,0.29891,0.29891,0.29773,0.29792,935618.984811
2026-01-12 07:00:00,0.29792,0.29818,0.29721,0.29773,428304.688308
2026-01-12 08:00:00,0.29771,0.29839,0.29712,0.29834,808327.982108
2026-01-12 09:00:00,0.29835,0.29869,0.29794,0.29813,973217.926493
2026-01-12 10:00:00,0.29815,0.29839,0.29728,0.29763,1755161.531966
2026-01-12 11:00:00,0.29763,0.29771,0.29735,0.29745,475405.601935
2026-01-12 12:00:00,0.29745,0.29801,0.29739,0.29801,693529.337573
2026-01-12 13:00:00,0.29801,0.29801,0.29749,0.29783,511057.185166
2026-01-12 14:00:00,0.29782,0.29806,0.29739,0.29789,555133.342362
2026-01-12 15:00:00,0.29788,0.29872,0.29722,0.29872,826103.808569
2026-01-12 16:00:00,0.29873,0.29949,0.29872,0.29928,1017449.99137
2026-01-12 17:00:00,0.29927,0.29943,0.29834,0.2986,650312.219914
2026-01-12 18:00:00,0.29859,0.29922,0.2983,0.29916,421224.958321
2026-01-12 19:00:00,0.29916,0.3,0.29904,0.3,628820.373153
2026-01-12 20:00:00,0.3,0.3,0.2994,0.29972,701033.430262
2026-01-12 21:00:00,0.29973,0.3,0.2996,0.29997,1323622.76293
2026-01-12 22:00:00,0.29996,0.30075,0.29964,0.29989,592281.392683
2026-01-12 23:00:00,0.29989,0.3,0.29956,0.29984,274286.831044
2026-01-13 00:00:00,0.29984,0.30041,0.29951,0.30034,435260.958398
2026-01-13 01:00:00,0.30036,0.30072,0.29937,0.29937,721117.831071
2026-01-13 02:00:00,0.29937,0.29937,0.29885,0.29908,371738.943141
2026-01-13 03:00:00,0.29908,0.30018,0.29906,0.30012,478315.135824
2026-01-13 04:00:00,0.30011,0.30012,0.29873,0.29874,611007.536854
2026-01-13 05:00:00,0.29874,0.29939,0.29842,0.29851,305297.313606
2026-01-13 06:00:00,0.29851,0.29936,0.2985,0.29896,728663.201677
2026-01-13 07:00:00,0.29896,0.29977,0.29896,0.29927,568396.822519
2026-01-13 08:00:00,0.29933,0.29956,0.29893,0.29893,491299.167425
2026-01-13 09:00:00,0.29893,0.29935,0.29883,0.29922,857204.547589
2026-01-13 10:00:00,0.29922,0.29929,0.29867,0.29882,1391966.864901
2026-01-13 11:00:00,0.29882,0.29892,0.29846,0.29853,1281441.317593
2026-01-13 12:00:00,0.29853,0.29894,0.2985,0.29894,578745.765376
2026-01-13 13:00:00,0.29894,0.29955,0.29892,0.29907,783508.092397
2026-01-13 14:00:00,0.29907,0.29954,0.29894,0.29946,976094.112026
2026-01-13 15:00:00,0.29945,0.3032,0.29937,0.30142,1991783.692863
2026-01-13 16:00:00,0.30144,0.30218,0.30107,0.30218,1785820.905679
2026-01-13 17:00:00,0.30218,0.30276,0.3018,0.30196,929887.996276
2026-01-13 18:00:00,0.30196,0.3035,0.30196,0.3035,802685.829853
2026-01-13 19:00:00,0.3035,0.3048,0.3035,0.3046,826867.265931
2026-01-13 20:00:00,0.3046,0.30663,0.3046,0.30608,1359579.697703
2026-01-13 21:00:00,0.30609,0.30651,0.30425,0.30527,1192039.511806
2026-01-13 22:00:00,0.30527,0.30688,0.30497,0.30547,1480902.653852
2026-01-13 23:00:00,0.30547,0.30731,0.30514,0.30715,1176934.444215
2026-01-14 00:00:00,0.30714,0.30739,0.30582,0.30582,668812.27937
2026-01-14 01:00:00,0.30583,0.30584,0.30445,0.30467,700040.844952
2026-01-14 02:00:00,0.30467,0.30491,0.3041,0.30456,598664.408485
2026-01-14 03:00:00,0.30456,0.30478,0.30406,0.30469,569970.195985
2026-01-14 04:00:00,0.30469,0.30513,0.30453,0.30466,573434.33243
2026-01-14 05:00:00,0.30467,0.30472,0.30283,0.30347,647009.864277
2026-01-14 06:00:00,0.30348,0.30383,0.30236,0.30382,915895.999425
2026-01-14 07:00:00,0.30383,0.30482,0.30279,0.30301,1182345.022615
2026-01-14 08:00:00,0.303,0.30322,0.30143,0.30182,1343617.831333
2026-01-14 09:00:00,0.30183,0.30292,0.30156,0.30245,1088574.145576
2026-01-14 10:00:00,0.30245,0.30292,0.30162,0.30192,1601315.859821
2026-01-14 11:00:00,0.30193,0.30235,0.30088,0.30145,1501234.158097
2026-01-14 12:00:00,0.30145,0.30295,0.30116,0.30246,1013053.57551
2026-01-14 13:00:00,0.30245,0.30276,0.30192,0.30264,920275.174636
2026-01-14 14:00:00,0.30261,0.30444,0.30261,0.30347,1264625.070222
2026-01-14 15:00:00,0.30348,0.3036,0.30201,0.30295,1596409.426126
2026-01-14 16:00:00,0.303,0.30434,0.30273,0.30433,1485815.062649
2026-01-14 17:00:00,0.30433,0.30483,0.30297,0.30329,1274011.233607
2026-01-14 18:00:00,0.3033,0.3033,0.30131,0.30155,982973.827937
2026-01-14 19:00:00,0.30156,0.30292,0.30156,0.3029,933924.959132
2026-01-14 20:00:00,0.30289,0.30327,0.30276,0.30305,697997.057248
2026-01-14 21:00:00,0.30304,0.30389,0.30295,0.30336,818625.240492
2026-01-14 22:00:00,0.30336,0.304,0.30281,0.30387,813024.749158
2026-01-14 23:00:00,0.30388,0.30499,0.30371,0.30461,1284396.064376
2026-01-15 00:00:00,0.30461,0.30461,0.30349,0.30371,865545.028639
2026-01-15 01:00:00,0.30375,0.30449,0.30355,0.30422,903895.371876
2026-01-15 02:00:00,0.30422,0.30562,0.30401,0.30524,1438633.459416
2026-01-15 03:00:00,0.30525,0.30577,0.30439,0.30487,790334.872111
2026-01-15 04:00:00,0.30488,0.30617,0.30482,0.30611,906228.781609
2026-01-15 05:00:00,0.30614,0.3066,0.30475,0.30576,2692293.089581
2026-01-15 06:00:00,0.30575,0.30653,0.30517,0.30563,1214101.578343
2026-01-15 07:00:00,0.30562,0.30669,0.3052,0.30602,1379645.065976
2026-01-15 08:00:00,0.30605,0.30708,0.30581,0.30636,3069678.742646
2026-01-15 09:00:00,0.30637,0.30693,0.30201,0.30483,3193011.54224
2026-01-15 10:00:00,0.30484,0.30549,0.30428,0.30458,1548218.320429
2026-01-15 11:00:00,0.30461,0.30579,0.30445,0.30533,977537.20521
2026-01-15 12:00:00,0.30533,0.30664,0.30486,0.30662,1414481.953719
2026-01-15 13:00:00,0.30663,0.30892,0.3064,0.30803,2026313.204494
2026-01-15 14:00:00,0.30808,0.30846,0.30685,0.30719,1142642.784085
2026-01-15 15:00:00,0.3072,0.30846,0.30669,0.3082,1007021.812857
2026-01-15 16:00:00,0.30821,0.30947,0.30759,0.30918,2085939.408215
2026-01-15 17:00:00,0.30919,0.31005,0.30888,0.30893,1266754.638401
2026-01-15 18:00:00,0.30893,0.30939,0.308,0.30889,1124477.063422
2026-01-15 19:00:00,0.3089,0.31,0.30831,0.30999,1148817.291437
2026-01-15 20:00:00,0.30999,0.31078,0.30951,0.31073,847570.65828
2026-01-15 21:00:00,0.31074,0.312,0.31049,0.312,971859.89792
2026-01-15 22:00:00,0.31199,0.3126,0.31172,0.31208,1196267.756179
2026-01-15 23:00:00,0.31208,0.31269,0.31103,0.31269,976043.871281
2026-01-16 00:00:00,0.3127,0.31275,0.31101,0.31132,831291.155438
2026-01-16 01:00:00,0.31133,0.31149,0.31084,0.31141,389170.379482
2026-01-16 02:00:00,0.31142,0.31146,0.31087,0.31145,453945.693397
2026-01-16 03:00:00,0.31146,0.31256,0.31133,0.31221,594966.256369
2026-01-16 04:00:00,0.3122,0.3122,0.30983,0.3099,681276.782575
2026-01-16 05:00:00,0.30989,0.31011,0.30921,0.31003,696431.20211
2026-01-16 06:00:00,0.31009,0.31055,0.30952,0.30953,468703.082044
2026-01-16 07:00:00,0.30954,0.3096,0.30828,0.30877,598880.063176
2026-01-16 08:00:00,0.30877,0.30877,0.30787,0.30805,775846.995948
2026-01-16 09:00:00,0.30804,0.3081,0.30632,0.30764,1196917.138349
2026-01-16 10:00:00,0.30764,0.30811,0.30703,0.30748,1243208.354966
2026-01-16 11:00:00,0.30749,0.30858,0.30686,0.30858,1136070.094137
2026-01-16 12:00:00,0.30858,0.30913,0.30812,0.30853,791416.18605
2026-01-16 13:00:00,0.30854,0.3087,0.30725,0.30807,877192.002461
2026-01-16 14:00:00,0.30807,0.30807,0.307,0.30703,950380.386509
2026-01-16 15:00:00,0.30702,0.3072,0.30574,0.30592,1059767.538567
2026-01-16 16:00:00,0.30591,0.30688,0.30524,0.30677,1837310.691894
2026-01-16 17:00:00,0.30677,0.30834,0.30657,0.30796,1385855.407446
2026-01-16 18:00:00,0.30793,0.30829,0.30721,0.30725,1033602.817836
2026-01-16 19:00:00,0.30725,0.30876,0.30723,0.30849,1038211.596927
2026-01-16 20:00:00,0.30849,0.31052,0.3084,0.31038,914723.961311
2026-01-16 21:00:00,0.31036,0.31089,0.31012,0.31044,618695.758235
2026-01-16 22:00:00,0.31044,0.31111,0.31041,0.31091,1413412.603222
2026-01-16 23:00:00,0.31091,0.31106,0.30902,0.30957,795295.326471
2026-01-17 00:00:00,0.30958,0.30974,0.30894,0.30974,457362.299515
2026-01-17 01:00:00,0.30974,0.31075,0.30953,0.30984,643705.194029
2026-01-17 02:00:00,0.30984,0.31058,0.30953,0.31047,205913.964807
2026-01-17 03:00:00,0.31047,0.31074,0.31028,0.31049,406212.634658
2026-01-17 04:00:00,0.31048,0.312,0.30996,0.31194,578240.275767
2026-01-17 05:00:00,0.31195,0.31219,0.31094,0.31134,414622.549549
2026-01-17 06:00:00,0.31134,0.31204,0.31106,0.3117,457091.639212
2026-01-17 07:00:00,0.3117,0.31187,0.31084,0.31181,437598.908969
2026-01-17 08:00:00,0.31179,0.31198,0.30927,0.30943,741407.557534
2026-01-17 09:00:00,0.30944,0.31272,0.30938,0.31119,4588642.264677
2026-01-17 10:00:00,0.31119,0.31288,0.31094,0.31219,1882907.954094
2026-01-17 11:00:00,0.31219,0.31337,0.31175,0.31277,713450.468682
2026-01-17 12:00:00,0.31277,0.31333,0.31193,0.31263,1290787.980113
2026-01-17 13:00:00,0.31263,0.31378,0.31222,0.31376,623018.750498
2026-01-17 14:00:00,0.31374,0.31485,0.31367,0.31416,1368126.232508
2026-01-17 15:00:00,0.31416,0.31556,0.31415,0.31475,1270000.078308
2026-01-17 16:00:00,0.31475,0.31612,0.31447,0.31508,1742250.023296
2026-01-17 17:00:00,0.31508,0.31628,0.31474,0.3161,884696.832961
2026-01-17 18:00:00,0.3161,0.31672,0.3158,0.31581,710968.057616
2026-01-17 19:00:00,0.31581,0.31666,0.31556,0.31645,693416.705157
2026-01-17 20:00:00,0.31643,0.3179,0.3161,0.31763,1480968.543413
2026-01-17 21:00:00,0.31761,0.31873,0.31761,0.31858,1299748.952436
2026-01-17 22:00:00,0.31859,0.3191,0.31832,0.31852,1445222.869002
2026-01-17 23:00:00,0.31851,0.31958,0.31839,0.31874,1164710.202143
2026-01-18 00:00:00,0.31873,0.31939,0.31721,0.3175,1196661.274051
2026-01-18 01:00:00,0.3175,0.31824,0.31719,0.31817,816337.670169
2026-01-18 02:00:00,0.31817,0.31943,0.31802,0.31899,729969.418459
2026-01-18 03:00:00,0.31898,0.3204,0.31878,0.32039,623442.596328
2026-01-18 04:00:00,0.32039,0.32042,0.31915,0.31954,606651.413112
2026-01-18 05:00:00,0.31953,0.32094,0.31953,0.32066,862637.646577
2026-01-18 06:00:00,0.32066,0.32066,0.31919,0.31966,655289.891616
2026-01-18 07:00:00,0.31966,0.31997,0.3181,0.31827,1068162.983592
2026-01-18 08:00:00,0.31825,0.31825,0.315,0.31552,1484302.55017
2026-01-18 09:00:00,0.31552,0.31699,0.31503,0.31694,1269609.504658
2026-01-18 10:00:00,0.31694,0.31747,0.3165,0.31721,632104.529316
2026-01-18 11:00:00,0.3172,0.31813,0.31673,0.31732,681304.908596
2026-01-18 12:00:00,0.31733,0.31733,0.31553,0.3161,974609.519059
2026-01-18 13:00:00,0.3161,0.31696,0.31541,0.31696,909728.462444
2026-01-18 14:00:00,0.31697,0.31872,0.31615,0.31866,1769019.983211
2026-01-18 15:00:00,0.31866,0.31992,0.31865,0.31961,1080995.159027
2026-01-18 16:00:00,0.31961,0.32001,0.31853,0.31881,1126050.701137
2026-01-18 17:00:00,0.31883,0.319,0.31838,0.31877,615577.718777
2026-01-18 18:00:00,0.31877,0.32019,0.31877,0.31991,1321206.236828
2026-01-18 19:00:00,0.31991,0.32001,0.31869,0.31894,849459.611977
2026-01-18 20:00:00,0.31894,0.32057,0.31893,0.3205,1011759.322533
2026-01-18 21:00:00,0.3205,0.32063,0.31925,0.31941,644899.846454
2026-01-18 22:00:00,0.31942,0.3204,0.31938,0.32014,820973.824978
2026-01-18 23:00:00,0.32014,0.3205,0.31757,0.3177,1362034.041613
2026-01-19 00:00:00,0.31768,0.31827,0.31439,0.31599,4472470.959552
2026-01-19 01:00:00,0.31598,0.31822,0.3155,0.3174,1695891.917884
2026-01-19 02:00:00,0.3174,0.31821,0.31712,0.31758,434700.248758
2026-01-19 03:00:00,0.31758,0.31891,0.31756,0.31881,1518527.03416
2026-01-19 04:00:00,0.3188,0.32079,0.31853,0.31963,1832879.08366
2026-01-19 05:00:00,0.31966,0.32009,0.31911,0.32,442703.424666
2026-01-19 06:00:00,0.32,0.32029,0.31755,0.31804,1450276.465961
2026-01-19 07:00:00,0.31806,0.31838,0.31617,0.31714,753704.101443
2026-01-19 08:00:00,0.31714,0.31732,0.31614,0.31647,982391.134449
2026-01-19 09:00:00,0.31649,0.31658,0.31355,0.31443,1236497.360065
2026-01-19 10:00:00,0.31443,0.31622,0.31393,0.31614,1841306.230672
2026-01-19 11:00:00,0.31613,0.31613,0.31478,0.31544,988475.85344
2026-01-19 12:00:00,0.31544,0.31544,0.31423,0.31471,1759920.582852
2026-01-19 13:00:00,0.31471,0.31533,0.31421,0.31437,589324.313739
2026-01-19 14:00:00,0.31437,0.31437,0.31135,0.31239,1373960.91898
2026-01-19 15:00:00,0.3124,0.31242,0.30804,0.31037,2286954.259016
2026-01-19 16:00:00,0.31037,0.31089,0.30958,0.30987,1205613.917093
2026-01-19 17:00:00,0.30989,0.31,0.30806,0.30833,1708990.25782
2026-01-19 18:00:00,0.30832,0.30931,0.30832,0.30924,914111.823165
2026-01-19 19:00:00,0.30924,0.30973,0.30888,0.3093,829491.365153
2026-01-19 20:00:00,0.30931,0.31075,0.30923,0.31059,1476546.611018
2026-01-19 21:00:00,0.31059,0.31168,0.31002,0.3116,651645.826496
2026-01-19 22:00:00,0.31161,0.31182,0.31053,0.31143,660400.509357
2026-01-19 23:00:00,0.31144,0.31234,0.31106,0.31193,820694.154192
2026-01-20 00:00:00,0.31191,0.31203,0.31015,0.31017,552936.86084
2026-01-20 01:00:00,0.31018,0.31154,0.31013,0.3113,509205.733837
2026-01-20 02:00:00,0.31131,0.31132,0.31025,0.31028,584677.464187
2026-01-20 03:00:00,0.31027,0.31067,0.31024,0.31046,385517.38903
2026-01-20 04:00:00,0.31045,0.31229,0.31031,0.31218,1296246.265573
2026-01-20 05:00:00,0.31218,0.31407,0.31206,0.3129,953359.402489
2026-01-20 06:00:00,0.31291,0.31323,0.31205,0.31221,634293.366348
2026-01-20 07:00:00,0.31221,0.31249,0.30657,0.30685,1937098.979869
2026-01-20 08:00:00,0.30685,0.30729,0.3059,0.30684,1804960.648671
2026-01-20 09:00:00,0.30684,0.30691,0.30278,0.30361,1882838.411225
2026-01-20 10:00:00,0.30359,0.30512,0.30317,0.30382,1838323.510668
2026-01-20 11:00:00,0.30381,0.30458,0.30327,0.30437,1864567.322451
2026-01-20 12:00:00,0.30437,0.30437,0.30209,0.30235,1441095.330547
2026-01-20 13:00:00,0.30235,0.30291,0.30171,0.30181,2369715.548902
2026-01-20 14:00:00,0.30181,0.30277,0.3012,0.30174,2111164.212125
2026-01-20 15:00:00,0.30174,0.30184,0.2977,0.29804,2514506.387585
2026-01-20 16:00:00,0.29804,0.29866,0.29774,0.29834,1917646.209657
2026-01-20 17:00:00,0.29832,0.29886,0.2979,0.29819,1312076.028489
2026-01-20 18:00:00,0.2982,0.29838,0.29692,0.29736,2339490.566792
2026-01-20 19:00:00,0.29736,0.29798,0.29699,0.29786,1268356.723844
2026-01-20 20:00:00,0.29785,0.2981,0.29717,0.29761,1159881.848553
2026-01-20 21:00:00,0.29762,0.298,0.29749,0.29792,1011053.338507
2026-01-20 22:00:00,0.29792,0.29884,0.29754,0.29766,1940216.958213
2026-01-20 23:00:00,0.29768,0.29791,0.29676,0.29679,1036815.432384
2026-01-21 00:00:00,0.2968,0.29758,0.29612,0.29756,1873592.587402
2026-01-21 01:00:00,0.29755,0.29783,0.29687,0.29746,773905.503002
2026-01-21 02:00:00,0.29743,0.2979,0.29723,0.2977,428441.821354
2026-01-21 03:00:00,0.2977,0.29796,0.29762,0.29795,608869.06496
2026-01-21 04:00:00,0.29795,0.29876,0.29787,0.29799,522522.651422
2026-01-21 05:00:00,0.29799,0.29826,0.29774,0.29805,221362.70674
2026-01-21 06:00:00,0.29805,0.29813,0.29751,0.29769,596087.287115
2026-01-21 07:00:00,0.29769,0.29819,0.29703,0.29819,801945.484173
2026-01-21 08:00:00,0.29819,0.29831,0.29612,0.29632,1590709.203485
2026-01-21 09:00:00,0.29631,0.29656,0.296,0.29605,1055310.304861
2026-01-21 10:00:00,0.29605,0.29649,0.29584,0.2961,998552.300703
2026-01-21 11:00:00,0.2961,0.29683,0.2952,0.29544,1051858.481365
2026-01-21 12:00:00,0.29545,0.2957,0.29481,0.29548,1663575.304954
2026-01-21 13:00:00,0.29548,0.29582,0.295,0.29531,1054940.832525
2026-01-21 14:00:00,0.29531,0.29733,0.29527,0.2969,926907.257473
2026-01-21 15:00:00,0.2969,0.29958,0.29679,0.2992,1536609.116114
2026-01-21 16:00:00,0.2992,0.29951,0.29697,0.2971,1291673.715918
2026-01-21 17:00:00,0.29711,0.29868,0.29705,0.29859,1206484.414217
2026-01-21 18:00:00,0.29858,0.29874,0.29779,0.29812,746053.325242
2026-01-21 19:00:00,0.29813,0.2989,0.29745,0.29881,2370601.979514
2026-01-21 20:00:00,0.29881,0.29954,0.29848,0.29912,891848.106728
2026-01-21 21:00:00,0.29913,0.29998,0.29892,0.29971,1026335.305818
2026-01-21 22:00:00,0.29971,0.30044,0.29948,0.29952,1338438.759198
2026-01-21 23:00:00,0.29952,0.29977,0.29903,0.29929,601144.228754
2026-01-22 00:00:00,0.2993,0.29948,0.29901,0.29908,395923.619603
2026-01-22 01:00:00,0.29909,0.29992,0.29909,0.29992,554599.943402
2026-01-22 02:00:00,0.29992,0.30056,0.29976,0.29977,455840.608429
2026-01-22 03:00:00,0.29977,0.29982,0.29936,0.29971,353606.288982
2026-01-22 04:00:00,0.29972,0.30004,0.29951,0.29998,309122.741606
2026-01-22 05:00:00,0.29998,0.30136,0.29975,0.30114,420614.043544
2026-01-22 06:00:00,0.30114,0.3016,0.30027,0.30046,403771.799365
2026-01-22 07:00:00,0.30046,0.30072,0.29925,0.2995,633531.034346
2026-01-22 08:00:00,0.29949,0.30005,0.29834,0.29979,1256980.666279
2026-01-22 09:00:00,0.29978,0.30061,0.29945,0.30034,676071.880511
2026-01-22 10:00:00,0.30034,0.30043,0.29953,0.2997,662103.506709
2026-01-22 11:00:00,0.2997,0.2997,0.29835,0.29932,4384846.015234
2026-01-22 12:00:00,0.29933,0.30075,0.2992,0.30067,2144591.506824
2026-01-22 13:00:00,0.30067,0.30114,0.29993,0.30068,2345205.523986
2026-01-22 14:00:00,0.30069,0.30136,0.29942,0.30022,2756477.43697
2026-01-22 15:00:00,0.30023,0.3009,0.2997,0.30049,2440541.539428
2026-01-22 16:00:00,0.30047,0.30142,0.30021,0.30142,1479645.813737
2026-01-22 17:00:00,0.30142,0.30341,0.30139,0.30299,1518607.465002
2026-01-22 18:00:00,0.30299,0.30363,0.30259,0.30351,1274224.653408
2026-01-22 19:00:00,0.30351,0.30443,0.30313,0.30443,1556997.355418
2026-01-22 20:00:00,0.30443,0.30699,0.3044,0.30665,2149598.10657
2026-01-22 21:00:00,0.30665,0.30744,0.30646,0.30709,1324328.995817
2026-01-22 22:00:00,0.3071,0.30798,0.30651,0.30651,985649.359133
2026-01-22 23:00:00,0.30654,0.30683,0.3051,0.30528,860914.664086
2026-01-23 00:00:00,0.30532,0.30789,0.30522,0.30722,1079644.179664
2026-01-23 01:00:00,0.30722,0.30764,0.30652,0.30764,737742.989306
2026-01-23 02:00:00,0.30764,0.30851,0.30755,0.3085,337893.847183
2026-01-23 03:00:00,0.30849,0.30943,0.30849,0.30929,443093.622591
2026-01-23 04:00:00,0.3093,0.3103,0.30785,0.30874,1562035.27808
2026-01-23 05:00:00,0.30874,0.30983,0.30804,0.30983,969513.865648
2026-01-23 06:00:00,0.30984,0.31106,0.30811,0.30858,2162453.425988
2026-01-23 07:00:00,0.30858,0.30967,0.30834,0.30945,610438.193617
2026-01-23 08:00:00,0.30943,0.30965,0.30839,0.30841,639215.71398
2026-01-23 09:00:00,0.3084,0.309,0.30811,0.30865,727228.581699
2026-01-23 10:00:00,0.30865,0.31005,0.30826,0.3086,943738.197726
2026-01-23 11:00:00,0.30863,0.30868,0.30631,0.30647,1169847.955808
2026-01-23 12:00:00,0.30648,0.30661,0.30534,0.3054,1563737.033938
2026-01-23 13:00:00,0.3054,0.3054,0.30206,0.30295,1861888.955137
2026-01-23 14:00:00,0.30293,0.30366,0.29884,0.29906,2375053.89834
2026-01-23 15:00:00,0.29909,0.29993,0.29806,0.2991,2450265.597064
2026-01-23 16:00:00,0.2991,0.30086,0.29895,0.29992,1848979.234229
2026-01-23 17:00:00,0.29992,0.3008,0.29927,0.2995,1680556.228284
2026-01-23 18:00:00,0.2995,0.29961,0.29883,0.29886,1488488.475821
2026-01-23 19:00:00,0.29887,0.3,0.29849,0.29927,1578348.948867
2026-01-23 20:00:00,0.29926,0.29926,0.29838,0.29854,1246097.992734
2026-01-23 21:00:00,0.29853,0.2987,0.29624,0.29625,1801370.242416
2026-01-23 22:00:00,0.29624,0.29747,0.29621,0.29726,541250.918759
2026-01-23 23:00:00,0.29725,0.29805,0.29705,0.29792,712369.010184
2026-01-24 00:00:00,0.29792,0.29799,0.29711,0.2978,569295.333151
2026-01-24 01:00:00,0.29771,0.29821,0.29766,0.29808,538629.660544
2026-01-24 02:00:00,0.29809,0.29809,0.29717,0.29719,348650.353896
2026-01-24 03:00:00,0.29719,0.2974,0.29682,0.29694,459055.91165
2026-01-24 04:00:00,0.29694,0.29751,0.29668,0.2975,492631.706495
2026-01-24 05:00:00,0.2975,0.2975,0.29708,0.29737,616514.55922
2026-01-24 06:00:00,0.29737,0.29738,0.29683,0.29706,588183.554549
2026-01-24 07:00:00,0.29706,0.29728,0.29667,0.29711,451145.218581
2026-01-24 08:00:00,0.29711,0.29809,0.29705,0.29748,696176.798474
2026-01-24 09:00:00,0.29748,0.29758,0.29675,0.29693,1102810.180569
2026-01-24 10:00:00,0.29693,0.29722,0.29501,0.29505,1853808.509117
2026-01-24 11:00:00,0.29505,0.2953,0.29452,0.29515,1064041.875147
2026-01-24 12:00:00,0.29515,0.2953,0.29393,0.29423,1696188.053935
2026-01-24 13:00:00,0.29422,0.29562,0.29421,0.29552,1272432.87145
2026-01-24 14:00:00,0.29553,0.29638,0.2954,0.29636,1202374.803451
2026-01-24 15:00:00,0.29637,0.29661,0.29577,0.29619,751245.032565
2026-01-24 16:00:00,0.29621,0.29631,0.29594,0.29616,1002173.477569
2026-01-24 17:00:00,0.29616,0.29625,0.29576,0.29623,636632.771246
2026-01-24 18:00:00,0.29625,0.29697,0.29596,0.29671,929880.715075
2026-01-24 19:00:00,0.29672,0.29759,0.29629,0.29648,859046.470531
2026-01-24 20:00:00,0.29648,0.29668,0.295,0.29545,755660.831032
2026-01-24 21:00:00,0.29546,0.2967,0.29535,0.29596,1573930.330737
2026-01-24 22:00:00,0.29597,0.2961,0.29526,0.29577,1003864.431244
2026-01-24 23:00:00,0.29577,0.29577,0.29521,0.29541,411585.609408
2026-01-25 00:00:00,0.2954,0.29591,0.29503,0.29572,775737.055967
2026-01-25 01:00:00,0.29573,0.29586,0.29543,0.2958,539816.612558
2026-01-25 02:00:00,0.2958,0.29605,0.29542,0.29566,646665.429181
2026-01-25 03:00:00,0.29567,0.2959,0.2955,0.29588,361924.638248
2026-01-25 04:00:00,0.29588,0.29631,0.29545,0.29623,286851.600503
2026-01-25 05:00:00,0.29625,0.29628,0.29547,0.29547,332254.067262
2026-01-25 06:00:00,0.29547,0.29594,0.29538,0.29575,393648.663497
2026-01-25 07:00:00,0.29575,0.29596,0.29551,0.29559,305665.899341
2026-01-25 08:00:00,0.29559,0.29648,0.29559,0.29619,670153.10348
2026-01-25 09:00:00,0.2962,0.29749,0.2962,0.29743,956586.726634
2026-01-25 10:00:00,0.29743,0.2975,0.29665,0.29731,1005215.820563
2026-01-25 11:00:00,0.29732,0.29749,0.29705,0.29746,669518.817097
2026-01-25 12:00:00,0.29746,0.29862,0.29731,0.29771,1448475.070169
2026-01-25 13:00:00,0.29771,0.29867,0.29748,0.29863,968352.373866
2026-01-25 14:00:00,0.29864,0.29898,0.29757,0.29808,1096492.938827
2026-01-25 15:00:00,0.29808,0.29838,0.29792,0.29812,786165.909408
2026-01-25 16:00:00,0.29812,0.29822,0.29704,0.29778,1637314.811784
2026-01-25 17:00:00,0.29777,0.29784,0.29696,0.29754,973092.776167
2026-01-25 18:00:00,0.29755,0.29779,0.29626,0.29636,1140684.818954
2026-01-25 19:00:00,0.29636,0.2965,0.29434,0.29476,2075586.792217
2026-01-25 20:00:00,0.29474,0.29523,0.29473,0.29515,718918.731405
2026-01-25 21:00:00,0.29513,0.29567,0.29508,0.29557,1145489.542283
2026-01-25 22:00:00,0.29557,0.29557,0.29489,0.29551,886449.908655
2026-01-25 23:00:00,0.29552,0.29607,0.29505,0.29573,668150.976556
2026-01-26 00:00:00,0.29574,0.2965,0.29569,0.29642,397720.707666
2026-01-26 01:00:00,0.29642,0.2972,0.29609,0.29663,780286.767526
2026-01-26 02:00:00,0.29667,0.29694,0.29646,0.2968,425151.456342
2026-01-26 03:00:00,0.2968,0.29682,0.29637,0.29666,154959.083617
2026-01-26 04:00:00,0.29667,0.2973,0.29667,0.29697,242820.633013
2026-01-26 05:00:00,0.29697,0.29735,0.29693,0.29729,356500.39238
2026-01-26 06:00:00,0.29728,0.2974,0.2971,0.29736,359140.306129
2026-01-26 07:00:00,0.29736,0.29736,0.29597,0.29637,345244.521598
2026-01-26 08:00:00,0.29637,0.29679,0.29598,0.29649,900244.284592
2026-01-26 09:00:00,0.29649,0.29649,0.29525,0.29525,1198037.101077
2026-01-26 10:00:00,0.29526,0.29565,0.29525,0.29565,597052.821375
2026-01-26 11:00:00,0.29565,0.29574,0.2952,0.29536,1085584.581157
2026-01-26 12:00:00,0.29536,0.29551,0.2949,0.29521,889333.068898
2026-01-26 13:00:00,0.29521,0.2957,0.29487,0.29503,1533478.966677
2026-01-26 14:00:00,0.29503,0.29505,0.29467,0.29499,758044.91981
2026-01-26 15:00:00,0.29498,0.29589,0.29485,0.2949,1067848.168562
2026-01-26 16:00:00,0.2949,0.2964,0.29469,0.29629,1684510.883485
2026-01-26 17:00:00,0.29629,0.29657,0.29606,0.29655,872526.031159
2026-01-26 18:00:00,0.29656,0.29656,0.29593,0.2964,756843.002715
2026-01-26 19:00:00,0.2964,0.2969,0.29635,0.29669,792190.448568
2026-01-26 20:00:00,0.29672,0.2972,0.29669,0.29707,637808.005729
2026-01-26 21:00:00,0.29707,0.29707,0.29638,0.29683,861218.935302
2026-01-26 22:00:00,0.2968,0.29698,0.29655,0.29672,449270.202843
2026-01-26 23:00:00,0.29672,0.29717,0.29655,0.29662,620706.897161
2026-01-27 00:00:00,0.29662,0.29672,0.29608,0.29629,414583.301422
2026-01-27 01:00:00,0.29629,0.29658,0.2961,0.2961,641008.398149
2026-01-27 02:00:00,0.2961,0.29629,0.29558,0.29559,514441.202351
2026-01-27 03:00:00,0.29559,0.29624,0.29557,0.29596,353209.536976
2026-01-27 04:00:00,0.29596,0.29611,0.29566,0.29583,319979.092026
2026-01-27 05:00:00,0.29583,0.296,0.29568,0.296,188223.519032
2026-01-27 06:00:00,0.296,0.296,0.29554,0.29557,544803.653985
2026-01-27 07:00:00,0.29559,0.29561,0.29515,0.29532,544266.854434
2026-01-27 08:00:00,0.29536,0.29563,0.29452,0.29452,860098.339734
2026-01-27 09:00:00,0.29451,0.29519,0.29436,0.29437,949667.222526
2026-01-27 10:00:00,0.29437,0.29491,0.29413,0.2945,1302135.340222
2026-01-27 11:00:00,0.2945,0.29465,0.29394,0.29394,1047895.210509
2026-01-27 12:00:00,0.29394,0.29434,0.29386,0.29413,726662.548996
2026-01-27 13:00:00,0.29414,0.29419,0.29341,0.29373,1642108.352655
2026-01-27 14:00:00,0.29374,0.29379,0.29301,0.29309,1458718.347514
2026-01-27 15:00:00,0.2931,0.29385,0.293,0.29359,1294427.65802
2026-01-27 16:00:00,0.29359,0.29523,0.29359,0.29487,2126922.836644
2026-01-27 17:00:00,0.29488,0.29504,0.29379,0.29383,1470304.32257
2026-01-27 18:00:00,0.29383,0.2946,0.2937,0.29438,1041851.608644
2026-01-27 19:00:00,0.29438,0.29468,0.2942,0.29461,841677.361053
2026-01-27 20:00:00,0.29462,0.29515,0.29436,0.29482,962823.230341
2026-01-27 21:00:00,0.29482,0.29482,0.29434,0.29474,865806.230282
2026-01-27 22:00:00,0.29474,0.29491,0.2944,0.29446,767414.891487
2026-01-27 23:00:00,0.29446,0.29468,0.29434,0.29463,836339.402677
2026-01-28 00:00:00,0.29464,0.29464,0.29387,0.29415,688959.72157
2026-01-28 01:00:00,0.29415,0.29432,0.29362,0.29362,731531.575075
2026-01-28 02:00:00,0.29363,0.29408,0.29358,0.29384,945059.565304
2026-01-28 03:00:00,0.29388,0.29427,0.29327,0.29337,573711.857975
2026-01-28 04:00:00,0.29338,0.29348,0.2928,0.2933,1045533.955045
2026-01-28 05:00:00,0.2933,0.29351,0.29311,0.29339,754935.02344
2026-01-28 06:00:00,0.29341,0.29365,0.29306,0.29341,1178188.793139
2026-01-28 07:00:00,0.29341,0.29354,0.29322,0.29342,617762.896258
2026-01-28 08:00:00,0.29342,0.29346,0.29206,0.2923,1424949.042312
2026-01-28 09:00:00,0.29229,0.29245,0.29178,0.29206,2532555.600966
2026-01-28 10:00:00,0.29213,0.29269,0.29136,0.29219,2716117.28619
2026-01-28 11:00:00,0.29219,0.29304,0.29189,0.29298,1620607.654891
2026-01-28 12:00:00,0.29298,0.2931,0.29222,0.29252,1453058.539969
2026-01-28 13:00:00,0.29252,0.29266,0.29228,0.2925,1319283.866385
2026-01-28 14:00:00,0.29249,0.29261,0.29075,0.29122,1651544.491704
2026-01-28 15:00:00,0.29122,0.29193,0.29099,0.29115,1340685.411428
2026-01-28 16:00:00,0.29115,0.29127,0.29089,0.29122,1277015.468537
2026-01-28 17:00:00,0.29122,0.29362,0.29104,0.29341,1200388.550915
2026-01-28 18:00:00,0.29342,0.29389,0.29321,0.29383,1236457.333006
2026-01-28 19:00:00,0.29386,0.2942,0.29352,0.29384,1279764.869776
2026-01-28 20:00:00,0.29384,0.29467,0.29344,0.29371,1212377.775634
2026-01-28 21:00:00,0.29368,0.29473,0.29351,0.29465,797890.771156
2026-01-28 22:00:00,0.29466,0.29532,0.29448,0.29524,1085728.529386
2026-01-28 23:00:00,0.29524,0.2955,0.29462,0.2954,1060006.88937
2026-01-29 00:00:00,0.2954,0.2955,0.29519,0.2955,887778.635674
2026-01-29 01:00:00,0.2955,0.2955,0.29486,0.29516,1026729.311782
2026-01-29 02:00:00,0.29517,0.29517,0.29431,0.29462,504781.654727
2026-01-29 03:00:00,0.29463,0.29478,0.29431,0.29442,624399.344904
2026-01-29 04:00:00,0.29442,0.2949,0.29441,0.2949,505578.04059
2026-01-29 05:00:00,0.2949,0.29519,0.29453,0.2951,456820.066558
2026-01-29 06:00:00,0.29511,0.2954,0.29389,0.29404,979122.34011
2026-01-29 07:00:00,0.29405,0.29519,0.29405,0.2949,1046227.23704
2026-01-29 08:00:00,0.29491,0.29516,0.29423,0.29458,783032.742283
2026-01-29 09:00:00,0.29461,0.29529,0.2946,0.29513,828324.912295
2026-01-29 10:00:00,0.29513,0.29531,0.29483,0.29525,1024938.936997
2026-01-29 11:00:00,0.29525,0.29537,0.29466,0.29479,991122.038047
2026-01-29 12:00:00,0.29479,0.29515,0.29466,0.295,1129471.698366
2026-01-29 13:00:00,0.295,0.29535,0.29496,0.29509,1028682.412044
2026-01-29 14:00:00,0.2951,0.2954,0.29333,0.2934,2619365.495902
2026-01-29 15:00:00,0.29339,0.29401,0.29171,0.29204,5318249.925311
2026-01-29 16:00:00,0.29206,0.29206,0.29081,0.29178,3062536.140466
2026-01-29 17:00:00,0.29178,0.2924,0.29153,0.29153,1315431.745321
2026-01-29 18:00:00,0.29151,0.29277,0.29056,0.29057,2317062.493821
2026-01-29 19:00:00,0.29057,0.29365,0.28999,0.29334,2548379.175802
2026-01-29 20:00:00,0.29335,0.29355,0.2928,0.2934,1749221.815324
2026-01-29 21:00:00,0.29339,0.29507,0.29304,0.29503,1127409.503159
2026-01-29 22:00:00,0.29503,0.29518,0.29475,0.29496,875987.075398
2026-01-29 23:00:00,0.29496,0.2955,0.29451,0.29508,1535286.287521
2026-01-30 00:00:00,0.29508,0.2955,0.29463,0.29487,1551072.469655
2026-01-30 01:00:00,0.29484,0.29531,0.29279,0.29306,2562714.903814
2026-01-30 02:00:00,0.29308,0.29326,0.2916,0.29217,1797839.653087
2026-01-30 03:00:00,0.2922,0.29305,0.29214,0.29285,587315.661329
2026-01-30 04:00:00,0.29284,0.29299,0.29229,0.29283,613808.743169
2026-01-30 05:00:00,0.29283,0.29289,0.29179,0.2924,627141.378476
2026-01-30 06:00:00,0.29239,0.29239,0.2909,0.29129,1529889.51789
2026-01-30 07:00:00,0.29129,0.2922,0.29085,0.29087,1486727.660311
2026-01-30 08:00:00,0.29087,0.29094,0.28961,0.28975,2786426.984003
2026-01-30 09:00:00,0.28975,0.29027,0.28911,0.28973,3019141.348238
2026-01-30 10:00:00,0.28973,0.28974,0.28829,0.28934,1654056.969837
2026-01-30 11:00:00,0.28934,0.29037,0.28916,0.29031,880776.299635
2026-01-30 12:00:00,0.29031,0.29035,0.28916,0.29005,1152351.263952
2026-01-30 13:00:00,0.29004,0.29202,0.29004,0.29181,1578087.250672
2026-01-30 14:00:00,0.29182,0.29258,0.29078,0.29105,1948553.250566
2026-01-30 15:00:00,0.29105,0.29184,0.29059,0.29165,1823866.190637
2026-01-30 16:00:00,0.29165,0.29296,0.29165,0.29261,1831890.168192
2026-01-30 17:00:00,0.29261,0.29328,0.29243,0.29319,1167526.331525
2026-01-30 18:00:00,0.29318,0.29406,0.292,0.29399,1601238.124746
2026-01-30 19:00:00,0.29399,0.295,0.29399,0.29482,1340801.140307
2026-01-30 20:00:00,0.29482,0.29547,0.29284,0.29324,1214549.269925
2026-01-30 21:00:00,0.29329,0.2943,0.29323,0.29409,743165.143523
2026-01-30 22:00:00,0.29405,0.29412,0.29322,0.29409,1054810.793687
2026-01-30 23:00:00,0.29411,0.29446,0.29369,0.29435,880756.945094
2026-01-31 00:00:00,0.29436,0.29448,0.29346,0.29346,1077513.3273
2026-01-31 01:00:00,0.29347,0.29382,0.29296,0.29297,1079334.392462
2026-01-31 02:00:00,0.29297,0.29309,0.29257,0.2928,475731.982827
2026-01-31 03:00:00,0.29283,0.29312,0.29271,0.29301,236021.008763
2026-01-31 04:00:00,0.29301,0.29307,0.29241,0.29242,371986.445454
2026-01-31 05:00:00,0.29242,0.29263,0.29166,0.2918,411816.851973
2026-01-31 06:00:00,0.2918,0.29219,0.29146,0.2915,731040.328509
2026-01-31 07:00:00,0.29151,0.29214,0.29143,0.2919,646455.929026
2026-01-31 08:00:00,0.29191,0.29191,0.29114,0.29115,1146827.95256
2026-01-31 09:00:00,0.29115,0.29123,0.29074,0.29095,822840.465026
2026-01-31 10:00:00,0.29088,0.29121,0.29077,0.29108,773120.807371
2026-01-31 11:00:00,0.29108,0.29196,0.29105,0.29189,1183111.922483
2026-01-31 12:00:00,0.29189,0.29191,0.28974,0.28975,1091739.2482
2026-01-31 13:00:00,0.28975,0.29033,0.28888,0.28911,2305710.751539
2026-01-31 14:00:00,0.28912,0.28928,0.28663,0.28782,6791846.549404
2026-01-31 15:00:00,0.2878,0.2884,0.28732,0.2876,1517980.148916
2026-01-31 16:00:00,0.2876,0.28843,0.28681,0.28681,3765064.537354
2026-01-31 17:00:00,0.28681,0.28771,0.28517,0.28569,4733703.057093
2026-01-31 18:00:00,0.2857,0.286,0.28383,0.28491,9610078.73184
2026-01-31 19:00:00,0.28491,0.28637,0.28466,0.28579,2936631.969935
2026-01-31 20:00:00,0.28579,0.28589,0.28429,0.28481,1739422.297812
2026-01-31 21:00:00,0.28482,0.28637,0.28443,0.28622,1405977.07895
2026-01-31 22:00:00,0.28622,0.28629,0.2856,0.28577,1265544.399682
2026-01-31 23:00:00,0.28577,0.28688,0.28556,0.2867,983309.385599
2026-02-01 00:00:00,0.28669,0.28674,0.2859,0.2864,678639.807413
2026-02-01 01:00:00,0.28641,0.28677,0.28598,0.28611,1401577.467697
2026-02-01 02:00:00,0.28611,0.28652,0.28591,0.28629,1710984.004158
2026-02-01 03:00:00,0.28627,0.28662,0.28605,0.28618,1756690.129909
2026-02-01 04:00:00,0.28619,0.28698,0.28596,0.28625,1251311.831134
2026-02-01 05:00:00,0.28624,0.28624,0.2856,0.28567,748690.102025
2026-02-01 06:00:00,0.28568,0.28702,0.28566,0.287,539183.612838
2026-02-01 07:00:00,0.28698,0.28768,0.28662,0.2871,1058216.221332
2026-02-01 08:00:00,0.2871,0.2874,0.28655,0.28658,539924.925602
2026-02-01 09:00:00,0.28658,0.287,0.2863,0.28674,903857.460244
2026-02-01 10:00:00,0.28671,0.28671,0.28534,0.28547,1664187.241603
2026-02-01 11:00:00,0.28546,0.28612,0.28546,0.28579,1054405.169866
2026-02-01 12:00:00,0.28578,0.28578,0.28538,0.28568,1497509.578974
2026-02-01 13:00:00,0.28567,0.28621,0.28566,0.28589,967966.580907
2026-02-01 14:00:00,0.2859,0.28613,0.28511,0.28597,2080103.889
2026-02-01 15:00:00,0.28599,0.28621,0.28452,0.28453,2872358.678017
2026-02-01 16:00:00,0.28452,0.28573,0.28393,0.28431,3738120.244233
2026-02-01 17:00:00,0.28432,0.28518,0.28421,0.28507,1446131.295682
2026-02-01 18:00:00,0.28507,0.28675,0.28506,0.28632,1984742.264948
2026-02-01 19:00:00,0.28633,0.28709,0.28625,0.28644,1455744.107182
2026-02-01 20:00:00,0.28644,0.28647,0.28482,0.28586,1084439.699038
2026-02-01 21:00:00,0.28585,0.28591,0.28451,0.28464,1509463.529502
2026-02-01 22:00:00,0.28464,0.28596,0.28448,0.28518,1413345.704648
2026-02-01 23:00:00,0.2852,0.28566,0.28406,0.28478,2316402.215165
2026-02-02 00:00:00,0.28478,0.28563,0.28438,0.28512,829506.253589
2026-02-02 01:00:00,0.28512,0.28516,0.28394,0.28424,1311395.689947
2026-02-02 02:00:00,0.28425,0.2843,0.28352,0.28356,888026.617357
2026-02-02 03:00:00,0.28356,0.28427,0.28217,0.28305,6990607.756807
2026-02-02 04:00:00,0.28309,0.28398,0.28226,0.28336,1064898.296539
2026-02-02 05:00:00,0.28333,0.28334,0.282,0.28224,775136.15882
2026-02-02 06:00:00,0.28223,0.28318,0.28138,0.28307,1908473.081076
2026-02-02 07:00:00,0.28307,0.28391,0.28303,0.28368,1573675.643715
2026-02-02 08:00:00,0.28368,0.28451,0.28332,0.28411,3001285.005503
2026-02-02 09:00:00,0.28413,0.2847,0.28288,0.28373,4275691.561048
2026-02-02 10:00:00,0.28379,0.28425,0.28303,0.28402,4403466.517567
2026-02-02 11:00:00,0.28403,0.28443,0.28347,0.28364,5753409.891098
2026-02-02 12:00:00,0.28363,0.28402,0.28294,0.28294,5632654.302017
2026-02-02 13:00:00,0.28294,0.28365,0.28252,0.28365,5033010.716916
2026-02-02 14:00:00,0.28363,0.28373,0.28243,0.28321,5963475.148789
2026-02-02 15:00:00,0.2832,0.28428,0.2828,0.28428,5294799.224325
2026-02-02 16:00:00,0.28429,0.28488,0.28375,0.28421,5998676.322337
2026-02-02 17:00:00,0.28421,0.28461,0.2838,0.28388,4535881.71446
2026-02-02 18:00:00,0.28388,0.28411,0.28343,0.28355,4653242.006236
2026-02-02 19:00:00,0.28355,0.28391,0.28299,0.28301,4511957.404306
2026-02-02 20:00:00,0.283,0.2838,0.28238,0.28317,5215128.83257
2026-02-02 21:00:00,0.28317,0.28405,0.28298,0.28361,5556444.349727
2026-02-02 22:00:00,0.28361,0.28399,0.28317,0.28342,5523865.97377
2026-02-02 23:00:00,0.28342,0.28354,0.28315,0.28346,6235109.224082
2026-02-03 00:00:00,0.28346,0.28357,0.28275,0.2833,4443259.751841
2026-02-03 01:00:00,0.28329,0.28411,0.28287,0.28395,5090883.032762
2026-02-03 02:00:00,0.28397,0.28397,0.28307,0.28319,4239393.803377
2026-02-03 03:00:00,0.28318,0.28365,0.28285,0.28355,4704954.867622
2026-02-03 04:00:00,0.28357,0.28368,0.28336,0.28352,4144027.558716
2026-02-03 05:00:00,0.28352,0.28352,0.28299,0.28326,4824941.40331
2026-02-03 06:00:00,0.28325,0.28375,0.28303,0.28361,4731576.235525
2026-02-03 07:00:00,0.2836,0.28394,0.28347,0.28375,5171848.879557
2026-02-03 08:00:00,0.28377,0.28421,0.28345,0.2838,4916942.263344
2026-02-03 09:00:00,0.28381,0.28413,0.28318,0.28342,2879706.190019
2026-02-03 10:00:00,0.28342,0.28396,0.28282,0.28293,1929493.812939
2026-02-03 11:00:00,0.28295,0.28337,0.28295,0.28319,1403845.784221
2026-02-03 12:00:00,0.28319,0.28364,0.28294,0.28296,774873.222731
2026-02-03 13:00:00,0.28296,0.28338,0.28291,0.28327,1241741.123305
2026-02-03 14:00:00,0.28327,0.28357,0.28283,0.28285,1718233.453218
2026-02-03 15:00:00,0.28285,0.2835,0.28282,0.28327,1699601.432753
2026-02-03 16:00:00,0.28327,0.28379,0.28303,0.28318,2098261.936544
2026-02-03 17:00:00,0.28318,0.28353,0.28273,0.28326,2414481.265499
2026-02-03 18:00:00,0.28326,0.2836,0.28148,0.28149,4191201.80962
2026-02-03 19:00:00,0.28149,0.28414,0.2814,0.28374,2865798.208969
2026-02-03 20:00:00,0.28375,0.28612,0.28354,0.28612,2501679.109489
2026-02-03 21:00:00,0.28612,0.28699,0.28608,0.28677,2496504.045402
2026-02-03 22:00:00,0.28676,0.28682,0.2861,0.28627,1183924.522635
2026-02-03 23:00:00,0.28626,0.2863,0.28566,0.28618,998310.033317
2026-02-04 00:00:00,0.28616,0.287,0.28608,0.28682,996356.698509
2026-02-04 01:00:00,0.28681,0.28745,0.28658,0.28692,1121390.757455
2026-02-04 02:00:00,0.28693,0.28702,0.28629,0.28677,616564.254763
2026-02-04 03:00:00,0.28678,0.28712,0.2867,0.28699,736790.995453
2026-02-04 04:00:00,0.287,0.28716,0.28674,0.28688,260275.062524
2026-02-04 05:00:00,0.28688,0.28713,0.28668,0.28669,607807.638799
2026-02-04 06:00:00,0.28669,0.28733,0.28669,0.28728,787703.143866
2026-02-04 07:00:00,0.28728,0.28754,0.28698,0.28699,1056892.025793
2026-02-04 08:00:00,0.28699,0.28699,0.28666,0.28681,724486.873576
2026-02-04 09:00:00,0.2868,0.28722,0.28667,0.2872,1055843.62272
2026-02-04 10:00:00,0.28719,0.28757,0.2869,0.28756,1030989.435419
2026-02-04 11:00:00,0.28756,0.28757,0.28688,0.28708,1611271.426855
2026-02-04 12:00:00,0.28707,0.28709,0.28487,0.28488,2858309.840886
2026-02-04 13:00:00,0.28487,0.28504,0.28446,0.28451,2363051.801685
2026-02-04 14:00:00,0.28452,0.2851,0.2839,0.28392,2445161.256154
2026-02-04 15:00:00,0.28391,0.28472,0.28389,0.28403,3418841.040476
2026-02-04 16:00:00,0.28406,0.28425,0.28305,0.28338,3380618.592173
2026-02-04 17:00:00,0.28339,0.28349,0.28215,0.28269,4728477.890768
2026-02-04 18:00:00,0.28269,0.28457,0.28209,0.28431,4098298.789146
2026-02-04 19:00:00,0.28432,0.28477,0.28379,0.28453,2193847.312103
2026-02-04 20:00:00,0.28451,0.28469,0.28363,0.28391,3017056.579101
2026-02-04 21:00:00,0.28392,0.28398,0.28277,0.28295,2006160.374294
2026-02-04 22:00:00,0.28294,0.28379,0.28225,0.28258,2082113.496403
2026-02-04 23:00:00,0.28258,0.28362,0.28256,0.28341,952098.956282
2026-02-05 00:00:00,0.28342,0.28367,0.28281,0.28281,893979.36193
2026-02-05 01:00:00,0.2828,0.28394,0.2822,0.28221,2786858.575416
2026-02-05 02:00:00,0.2822,0.28237,0.28124,0.28166,2286164.880833
2026-02-05 03:00:00,0.28167,0.28244,0.28074,0.2816,2410061.303493
2026-02-05 04:00:00,0.28159,0.28211,0.28079,0.28128,2120348.113312
2026-02-05 05:00:00,0.28128,0.2816,0.28059,0.28077,1947208.475665
2026-02-05 06:00:00,0.28077,0.28089,0.28017,0.28059,2053031.406899
2026-02-05 07:00:00,0.28059,0.28141,0.28045,0.28062,1722609.13914
2026-02-05 08:00:00,0.28063,0.28086,0.28025,0.28064,1951992.52639
2026-02-05 09:00:00,0.28065,0.28163,0.28064,0.28157,1613359.142451
2026-02-05 10:00:00,0.28157,0.28176,0.28062,0.28068,1928061.977463
2026-02-05 11:00:00,0.28068,0.28076,0.27934,0.27945,4973553.737957
2026-02-05 12:00:00,0.27946,0.27968,0.27784,0.27808,4007165.448513
2026-02-05 13:00:00,0.27807,0.279,0.27798,0.27821,3564108.848429
2026-02-05 14:00:00,0.2782,0.27989,0.27791,0.27852,4456493.201339
2026-02-05 15:00:00,0.27852,0.27859,0.27615,0.27752,7242470.100957
2026-02-05 16:00:00,0.27752,0.27846,0.27687,0.27822,3593722.809314
2026-02-05 17:00:00,0.27822,0.27832,0.27666,0.27681,4971203.866476
2026-02-05 18:00:00,0.2768,0.27708,0.27307,0.27379,6507678.574137
2026-02-05 19:00:00,0.2738,0.27404,0.27296,0.27308,3234123.497535
2026-02-05 20:00:00,0.27308,0.27386,0.27173,0.27231,6145962.240613
2026-02-05 21:00:00,0.27231,0.27298,0.27079,0.27111,3983026.952768
2026-02-05 22:00:00,0.27111,0.27161,0.27033,0.2707,2246600.570944
2026-02-05 23:00:00,0.2707,0.27218,0.26933,0.26943,3641530.900036
2026-02-06 00:00:00,0.26943,0.27006,0.26748,0.26975,4725293.49993
2026-02-06 01:00:00,0.26975,0.27131,0.26954,0.27131,2843774.388413
2026-02-06 02:00:00,0.27131,0.27199,0.2701,0.27022,1189048.923925
2026-02-06 03:00:00,0.27022,0.27045,0.26947,0.26952,897243.60847
2026-02-06 04:00:00,0.2695,0.27075,0.26937,0.26985,926185.848165
2026-02-06 05:00:00,0.26985,0.27178,0.26971,0.27172,1507644.092618
2026-02-06 06:00:00,0.27172,0.272,0.26846,0.26919,2499072.42556
2026-02-06 07:00:00,0.26919,0.26955,0.26864,0.26905,2538100.28364
2026-02-06 08:00:00,0.26905,0.26988,0.26829,0.26927,3915753.770293
2026-02-06 09:00:00,0.26928,0.27023,0.26849,0.27009,4552194.888215
2026-02-06 10:00:00,0.27011,0.27017,0.2689,0.26981,1869798.721194
2026-02-06 11:00:00,0.26981,0.27021,0.26932,0.26961,1168210.739805
2026-02-06 12:00:00,0.26962,0.26962,0.2687,0.26895,2103062.054076
2026-02-06 13:00:00,0.26897,0.2701,0.26881,0.27,3494063.378334
2026-02-06 14:00:00,0.26999,0.2714,0.26945,0.27119,2567732.615602
2026-02-06 15:00:00,0.27118,0.27234,0.27086,0.27233,2928127.553937
2026-02-06 16:00:00,0.27233,0.27321,0.27217,0.27317,2730441.543754
2026-02-06 17:00:00,0.27317,0.27407,0.27294,0.2733,2612234.799981
2026-02-06 18:00:00,0.2733,0.2736,0.2723,0.2729,2314996.21992
2026-02-06 19:00:00,0.2729,0.27323,0.27232,0.27282,1406336.670003
2026-02-06 20:00:00,0.27279,0.27357,0.27262,0.27315,1781008.760543
2026-02-06 21:00:00,0.27316,0.27364,0.27264,0.27359,1762291.702101
2026-02-06 22:00:00,0.27359,0.27408,0.27356,0.27392,1640523.772217
2026-02-06 23:00:00,0.27393,0.27445,0.27367,0.27414,1861934.586788
2026-02-07 00:00:00,0.27414,0.27429,0.27315,0.27378,753836.536265
2026-02-07 01:00:00,0.27378,0.27406,0.27333,0.27393,795901.953129
2026-02-07 02:00:00,0.27393,0.27423,0.27371,0.27423,587267.222537
2026-02-07 03:00:00,0.27423,0.275,0.27423,0.27497,1240866.770931
2026-02-07 04:00:00,0.27497,0.27585,0.27497,0.27573,1427695.041999
2026-02-07 05:00:00,0.27573,0.27605,0.27481,0.27562,1379232.25363
2026-02-07 06:00:00,0.27563,0.27641,0.27511,0.27519,1207306.59714
2026-02-07 07:00:00,0.27521,0.27552,0.27363,0.27383,1744218.715078
2026-02-07 08:00:00,0.27384,0.27487,0.27369,0.27454,1301647.227119
2026-02-07 09:00:00,0.27453,0.27494,0.27393,0.27416,1389620.701309
2026-02-07 10:00:00,0.27414,0.27433,0.27378,0.27419,1283805.546469
2026-02-07 11:00:00,0.27419,0.27477,0.27417,0.2746,1555329.263219
2026-02-07 12:00:00,0.2746,0.27588,0.2745,0.27539,1945620.719932
2026-02-07 13:00:00,0.27539,0.27599,0.27521,0.27599,2630987.954361
2026-02-07 14:00:00,0.27599,0.2761,0.27501,0.27518,1810428.298974
2026-02-07 15:00:00,0.27519,0.27596,0.27509,0.27562,1649965.52728
2026-02-07 16:00:00,0.27562,0.27624,0.27538,0.27616,5100329.120196
2026-02-07 17:00:00,0.27616,0.27692,0.2761,0.27692,1845539.478733
2026-02-07 18:00:00,0.27692,0.27759,0.27691,0.27757,1801325.908133
2026-02-07 19:00:00,0.27757,0.27789,0.27737,0.27785,1915370.863925
2026-02-07 20:00:00,0.27786,0.27807,0.2775,0.27781,1345271.665979
2026-02-07 21:00:00,0.27781,0.27829,0.2772,0.27819,1575502.474321
2026-02-07 22:00:00,0.27819,0.2788,0.27813,0.2788,1542675.270568
2026-02-07 23:00:00,0.2788,0.27881,0.27793,0.27827,1466655.646602
2026-02-08 00:00:00,0.27827,0.27835,0.27708,0.27742,1125235.979821
2026-02-08 01:00:00,0.27742,0.27783,0.27664,0.27763,1010046.074738
2026-02-08 02:00:00,0.27763,0.27795,0.27752,0.27772,669429.887373
2026-02-08 03:00:00,0.27771,0.27777,0.277,0.27702,462041.227834
2026-02-08 04:00:00,0.27702,0.27702,0.27639,0.27691,572021.832205
2026-02-08 05:00:00,0.27694,0.27707,0.27622,0.27625,509964.103472
2026-02-08 06:00:00,0.27625,0.27679,0.27625,0.27669,848861.972077
2026-02-08 07:00:00,0.27669,0.27722,0.27655,0.27721,1012384.104911
2026-02-08 08:00:00,0.27722,0.27813,0.27679,0.27771,1344438.976119
2026-02-08 09:00:00,0.2777,0.2777,0.2773,0.2773,1396915.895615
2026-02-08 10:00:00,0.27731,0.27773,0.27731,0.27773,1026210.712941
2026-02-08 11:00:00,0.27773,0.27873,0.27773,0.27864,1196738.43468
2026-02-08 12:00:00,0.27864,0.27958,0.27863,0.27955,1821844.335774
2026-02-08 13:00:00,0.27955,0.27955,0.27849,0.27883,1956722.383082
2026-02-08 14:00:00,0.27883,0.27905,0.27866,0.2789,2307926.780826
2026-02-08 15:00:00,0.2789,0.27932,0.27865,0.27918,1718747.517774
2026-02-08 16:00:00,0.27919,0.27979,0.27886,0.27895,2079824.794747
2026-02-08 17:00:00,0.27896,0.27939,0.2788,0.27936,1748819.048004
2026-02-08 18:00:00,0.27936,0.27944,0.27885,0.27921,2107872.941159
2026-02-08 19:00:00,0.27921,0.27968,0.27909,0.27963,2069602.498602
2026-02-08 20:00:00,0.27963,0.27963,0.27906,0.27907,2118282.06585
2026-02-08 21:00:00,0.27908,0.27926,0.27848,0.27887,1436051.710107
2026-02-08 22:00:00,0.27888,0.27906,0.27827,0.27837,1240415.843048
2026-02-08 23:00:00,0.27838,0.27903,0.27774,0.27777,990430.862011
2026-02-09 00:00:00,0.27777,0.27811,0.27747,0.2778,845521.21784
2026-02-09 01:00:00,0.27781,0.27845,0.27737,0.27756,741786.063854
2026-02-09 02:00:00,0.27756,0.27835,0.27748,0.27807,376213.620372
2026-02-09 03:00:00,0.27807,0.27934,0.27806,0.27925,339515.328772
2026-02-09 04:00:00,0.27925,0.27927,0.27907,0.27913,257771.646667
2026-02-09 05:00:00,0.27913,0.2794,0.27878,0.27888,468234.136368
2026-02-09 06:00:00,0.27888,0.27895,0.2784,0.27865,692172.18876
2026-02-09 07:00:00,0.27865,0.27872,0.27819,0.27846,798452.814639
2026-02-09 08:00:00,0.27846,0.2791,0.27788,0.27907,1253857.423824
2026-02-09 09:00:00,0.27908,0.27936,0.27841,0.27865,1185156.188304
2026-02-09 10:00:00,0.27864,0.27874,0.27729,0.27752,1282058.905517
2026-02-09 11:00:00,0.27752,0.27762,0.27719,0.27757,1506221.320021
2026-02-09 12:00:00,0.27757,0.27852,0.2774,0.27852,1281563.158542
2026-02-09 13:00:00,0.27852,0.27897,0.27807,0.27808,1534793.712958
2026-02-09 14:00:00,0.27808,0.27814,0.27611,0.27718,4020538.906505
2026-02-09 15:00:00,0.27722,0.2783,0.27701,0.27774,1803034.93441
2026-02-09 16:00:00,0.27775,0.27864,0.27726,0.27861,1234858.073169
2026-02-09 17:00:00,0.27862,0.27893,0.27844,0.27887,1974067.705695
2026-02-09 18:00:00,0.27887,0.2791,0.27842,0.27869,1473195.90788
2026-02-09 19:00:00,0.2787,0.27906,0.27861,0.27905,853954.335009
2026-02-09 20:00:00,0.27906,0.27927,0.27867,0.279,1292286.877076
2026-02-09 21:00:00,0.279,0.27902,0.27863,0.279,1414464.493553
2026-02-09 22:00:00,0.279,0.27949,0.27893,0.27942,1034067.359678
2026-02-09 23:00:00,0.27942,0.27943,0.27876,0.27921,471647.108521
2026-02-10 00:00:00,0.27921,0.27955,0.27876,0.27911,645090.410081
2026-02-10 01:00:00,0.27909,0.27946,0.27897,0.27942,502177.744449
2026-02-10 02:00:00,0.27942,0.2803,0.27928,0.2803,661946.540962
2026-02-10 03:00:00,0.2803,0.28059,0.27849,0.27865,502846.157308
2026-02-10 04:00:00,0.27865,0.27891,0.27817,0.27817,302859.622305
2026-02-10 05:00:00,0.27818,0.27827,0.27771,0.27785,621723.552725
2026-02-10 06:00:00,0.27785,0.278,0.27705,0.27714,834367.24432
2026-02-10 07:00:00,0.27714,0.27749,0.27691,0.27704,952128.585886
2026-02-10 08:00:00,0.27703,0.27742,0.27669,0.27742,877900.137292
2026-02-10 09:00:00,0.27742,0.27757,0.27652,0.27665,759622.613892
2026-02-10 10:00:00,0.27666,0.27681,0.27609,0.27651,1305457.72019
2026-02-10 11:00:00,0.27651,0.27689,0.27647,0.2766,1102045.356514
2026-02-10 12:00:00,0.2766,0.27706,0.27659,0.27668,1310173.23056
2026-02-10 13:00:00,0.27668,0.27792,0.27656,0.27787,1617029.094497
2026-02-10 14:00:00,0.27788,0.27828,0.27696,0.27792,3718495.091369
2026-02-10 15:00:00,0.27792,0.27811,0.27753,0.27761,1233139.306318
2026-02-10 16:00:00,0.27761,0.27836,0.27759,0.2781,2009735.224666
2026-02-10 17:00:00,0.2781,0.27835,0.27781,0.27815,1636060.115123
2026-02-10 18:00:00,0.27816,0.27819,0.27729,0.27771,1562792.03965
2026-02-10 19:00:00,0.27771,0.27828,0.27771,0.27822,1181791.362163
2026-02-10 20:00:00,0.27822,0.27823,0.27754,0.27801,1283465.471845
2026-02-10 21:00:00,0.27801,0.27826,0.2778,0.27826,1364319.899137
2026-02-10 22:00:00,0.27826,0.27889,0.2781,0.27836,923311.466324
2026-02-10 23:00:00,0.27836,0.27836,0.27791,0.27815,1101930.23292
2026-02-11 00:00:00,0.27821,0.27841,0.27786,0.27813,1022023.591882
2026-02-11 01:00:00,0.27813,0.27841,0.2777,0.27771,449851.282968
2026-02-11 02:00:00,0.27771,0.27774,0.27719,0.27724,617421.658293
2026-02-11 03:00:00,0.27725,0.27725,0.27626,0.27647,1155620.795587
2026-02-11 04:00:00,0.27646,0.27656,0.27557,0.27572,2182669.407229
2026-02-11 05:00:00,0.27573,0.27585,0.27539,0.27539,916383.071561
2026-02-11 06:00:00,0.27539,0.27539,0.27453,0.27454,2665704.707563
2026-02-11 07:00:00,0.27455,0.27529,0.27431,0.27493,1336164.026863
2026-02-11 08:00:00,0.27493,0.27501,0.27402,0.27408,1341376.518586
2026-02-11 09:00:00,0.27408,0.27436,0.27408,0.27416,1044686.571732
2026-02-11 10:00:00,0.27416,0.27431,0.27384,0.27413,2369355.045273
2026-02-11 11:00:00,0.27413,0.27462,0.27382,0.27415,3034825.822795
2026-02-11 12:00:00,0.27415,0.27421,0.27392,0.2741,1612556.240711
2026-02-11 13:00:00,0.2741,0.27538,0.27409,0.2753,2115470.025934
2026-02-11 14:00:00,0.2753,0.2761,0.2751,0.27526,1714167.667486
2026-02-11 15:00:00,0.27527,0.27566,0.27462,0.2753,2089636.781543
2026-02-11 16:00:00,0.2753,0.27655,0.27523,0.27546,1908173.004259
2026-02-11 17:00:00,0.27546,0.2764,0.27532,0.27633,2882152.741652
2026-02-11 18:00:00,0.27633,0.27719,0.27627,0.27703,1490029.920247
2026-02-11 19:00:00,0.27703,0.27755,0.27677,0.27691,1628175.095169
2026-02-11 20:00:00,0.27691,0.27761,0.2769,0.27743,1229803.223703
2026-02-11 21:00:00,0.27744,0.27811,0.27739,0.27808,1781200.369942
2026-02-11 22:00:00,0.27808,0.27834,0.27765,0.27771,1640029.860933
2026-02-11 23:00:00,0.27771,0.27851,0.27729,0.27846,1532451.485576
2026-02-12 00:00:00,0.27846,0.27914,0.27833,0.27904,697343.529389
2026-02-12 01:00:00,0.27904,0.27922,0.27856,0.27857,777902.427307
2026-02-12 02:00:00,0.27857,0.27895,0.27856,0.27882,476903.96081
2026-02-12 03:00:00,0.27882,0.27882,0.27824,0.27863,545225.900957
2026-02-12 04:00:00,0.27863,0.2792,0.278,0.27805,768385.178417
2026-02-12 05:00:00,0.27805,0.27889,0.27795,0.27888,554998.299371
2026-02-12 06:00:00,0.27889,0.27932,0.2788,0.27927,921493.310595
2026-02-12 07:00:00,0.27928,0.27977,0.27928,0.2794,942408.821772
2026-02-12 08:00:00,0.2794,0.27963,0.27899,0.27926,770089.695692
2026-02-12 09:00:00,0.27926,0.27932,0.27832,0.2784,1633602.604065
2026-02-12 10:00:00,0.2784,0.27857,0.27803,0.27852,1323518.500717
2026-02-12 11:00:00,0.27853,0.27878,0.27823,0.27832,1150794.956658
2026-02-12 12:00:00,0.27832,0.27863,0.27815,0.2783,1344825.707535
2026-02-12 13:00:00,0.2783,0.27871,0.27818,0.27865,2229043.683669
2026-02-12 14:00:00,0.27867,0.27875,0.27803,0.27818,2582988.890952
2026-02-12 15:00:00,0.27818,0.27827,0.27746,0.2775,1907908.602792
2026-02-12 16:00:00,0.2775,0.27756,0.27631,0.27648,3038907.463806
2026-02-12 17:00:00,0.27648,0.27687,0.27624,0.27647,3008498.727951
2026-02-12 18:00:00,0.27646,0.27721,0.27631,0.27711,1790482.249411
2026-02-12 19:00:00,0.27711,0.27792,0.2771,0.27779,1528036.353145
2026-02-12 20:00:00,0.27779,0.27848,0.27778,0.2784,2142018.676034
2026-02-12 21:00:00,0.27841,0.27951,0.27836,0.27914,3634070.833249
2026-02-12 22:00:00,0.27914,0.28055,0.27914,0.28,3339598.11872
2026-02-12 23:00:00,0.28,0.2802,0.27978,0.28012,1294742.583768
2026-02-13 00:00:00,0.28012,0.28044,0.27977,0.2802,1980923.69554
2026-02-13 01:00:00,0.2802,0.28061,0.28014,0.28035,1203620.312696
2026-02-13 02:00:00,0.28036,0.28043,0.27902,0.27919,1129277.497833
2026-02-13 03:00:00,0.2792,0.27938,0.27879,0.27904,966169.441612
2026-02-13 04:00:00,0.27904,0.2791,0.27852,0.27909,983827.023832
2026-02-13 05:00:00,0.2791,0.27917,0.27842,0.27846,803027.732477
2026-02-13 06:00:00,0.27846,0.27865,0.27803,0.27861,905498.309085
2026-02-13 07:00:00,0.27861,0.27868,0.27806,0.27821,1032118.091344
2026-02-13 08:00:00,0.27821,0.27891,0.27809,0.27865,1316607.747676
2026-02-13 09:00:00,0.27864,0.27864,0.27792,0.27793,1278228.472791
2026-02-13 10:00:00,0.27793,0.27845,0.27781,0.27845,1663191.682782
2026-02-13 11:00:00,0.27845,0.27845,0.27726,0.27739,1768074.601544
2026-02-13 12:00:00,0.27739,0.27753,0.27719,0.27741,1859571.612339
2026-02-13 13:00:00,0.27741,0.27786,0.277,0.27756,1997988.672381
2026-02-13 14:00:00,0.27756,0.27834,0.27722,0.2781,2349707.456347
2026-02-13 15:00:00,0.27811,0.27923,0.27791,0.27857,2659978.226915
2026-02-13 16:00:00,0.27858,0.27961,0.27851,0.27942,1563330.286934
2026-02-13 17:00:00,0.27942,0.28048,0.27942,0.28027,1884342.219136
2026-02-13 18:00:00,0.28028,0.28099,0.27981,0.28099,2335008.871288
2026-02-13 19:00:00,0.28099,0.28163,0.28078,0.28106,1836652.104375
2026-02-13 20:00:00,0.28106,0.28181,0.28106,0.28151,1960950.982208
2026-02-13 21:00:00,0.28152,0.28246,0.28152,0.28245,1669539.59049
2026-02-13 22:00:00,0.28245,0.28264,0.28146,0.28183,1644535.685704
2026-02-13 23:00:00,0.28183,0.28245,0.28175,0.28237,1286174.903207
2026-02-14 00:00:00,0.28238,0.28263,0.28197,0.2825,1191596.267876
2026-02-14 01:00:00,0.28251,0.28271,0.28175,0.28247,1348603.841236
2026-02-14 02:00:00,0.28247,0.28284,0.28242,0.2828,796534.469177
2026-02-14 03:00:00,0.2828,0.28323,0.28279,0.28295,877205.769958
2026-02-14 04:00:00,0.28296,0.28297,0.28226,0.28236,676129.140963
2026-02-14 05:00:00,0.28236,0.28304,0.28232,0.28292,741130.605942
2026-02-14 06:00:00,0.28293,0.28296,0.28279,0.28296,558322.911936
2026-02-14 07:00:00,0.28296,0.28308,0.28275,0.28286,512814.547171
2026-02-14 08:00:00,0.28286,0.28309,0.28217,0.28254,1280383.735686
2026-02-14 09:00:00,0.28255,0.28259,0.28238,0.28248,1220431.097862
2026-02-14 10:00:00,0.28249,0.28306,0.28234,0.28302,616964.283337
2026-02-14 11:00:00,0.28303,0.284,0.28302,0.28362,1426061.140329
2026-02-14 12:00:00,0.28362,0.28399,0.2836,0.28371,984603.410685
2026-02-14 13:00:00,0.28371,0.28381,0.28297,0.28354,1507222.419988
2026-02-14 14:00:00,0.28354,0.28366,0.28323,0.2833,1325117.131596
2026-02-14 15:00:00,0.2833,0.2836,0.28318,0.28318,1530039.004307
2026-02-14 16:00:00,0.28319,0.28334,0.28251,0.28317,1521935.500872
2026-02-14 17:00:00,0.28317,0.28338,0.28309,0.28309,902947.431054
2026-02-14 18:00:00,0.2831,0.2834,0.28303,0.2833,749354.251383
2026-02-14 19:00:00,0.2833,0.28331,0.28302,0.28306,636532.860789
2026-02-14 20:00:00,0.28306,0.28306,0.28268,0.28273,1140861.113357
2026-02-14 21:00:00,0.28274,0.28297,0.28241,0.28284,1644810.367804
2026-02-14 22:00:00,0.28284,0.2831,0.2826,0.2827,986637.098477
2026-02-14 23:00:00,0.2827,0.28288,0.28231,0.28265,1630573.338686
2026-02-15 00:00:00,0.28264,0.28276,0.28204,0.28212,839061.737215
2026-02-15 01:00:00,0.28212,0.28245,0.28176,0.28202,702294.120481
2026-02-15 02:00:00,0.28202,0.28209,0.2816,0.28199,782817.642625
2026-02-15 03:00:00,0.28199,0.28201,0.28116,0.28183,453928.857709
2026-02-15 04:00:00,0.28182,0.28232,0.28178,0.28221,657091.245648
2026-02-15 05:00:00,0.28221,0.28228,0.28162,0.28172,564364.015939
2026-02-15 06:00:00,0.28172,0.28198,0.28162,0.28198,240645.54352
2026-02-15 07:00:00,0.28198,0.28232,0.28164,0.28209,641465.537448
2026-02-15 08:00:00,0.28209,0.28219,0.28141,0.28159,524903.398926
2026-02-15 09:00:00,0.28159,0.28179,0.28121,0.28123,1016861.081932
2026-02-15 10:00:00,0.28124,0.28124,0.2807,0.2811,1279224.442476
2026-02-15 11:00:00,0.28109,0.28127,0.28103,0.28108,532608.830016
2026-02-15 12:00:00,0.28108,0.28128,0.27997,0.28029,1070150.506421
2026-02-15 13:00:00,0.2803,0.28109,0.28029,0.28052,1060608.552734
2026-02-15 14:00:00,0.28052,0.28081,0.2801,0.28052,708860.074661
2026-02-15 15:00:00,0.28052,0.28088,0.28029,0.28074,1243780.927373
2026-02-15 16:00:00,0.28074,0.28075,0.28023,0.28068,1381554.873844
2026-02-15 17:00:00,0.28068,0.28072,0.27988,0.28029,1068336.042073
2026-02-15 18:00:00,0.28026,0.28026,0.27981,0.28005,1004049.35428
2026-02-15 19:00:00,0.28005,0.28028,0.2798,0.28015,1175349.929369
2026-02-15 20:00:00,0.28015,0.28027,0.2799,0.28017,1129835.994688
2026-02-15 21:00:00,0.28017,0.28052,0.28001,0.28023,1308024.255915
2026-02-15 22:00:00,0.28024,0.28094,0.2798,0.28073,1146179.801992
2026-02-15 23:00:00,0.28074,0.28074,0.28016,0.28055,797906.136796
2026-02-16 00:00:00,0.28056,0.28093,0.28053,0.28073,597621.205458
2026-02-16 01:00:00,0.28073,0.28106,0.28003,0.28038,633926.757551
2026-02-16 02:00:00,0.2804,0.2804,0.27999,0.28,353735.892858
2026-02-16 03:00:00,0.28,0.28025,0.27951,0.27971,627230.227885
2026-02-16 04:00:00,0.27971,0.28024,0.27958,0.28022,755139.490733
2026-02-16 05:00:00,0.28022,0.2804,0.27979,0.27994,387998.179653
2026-02-16 06:00:00,0.27995,0.28017,0.27952,0.27988,1952752.396956
2026-02-16 07:00:00,0.27988,0.27999,0.27951,0.27983,688958.927703
2026-02-16 08:00:00,0.27984,0.27994,0.27955,0.27974,766631.645946
2026-02-16 09:00:00,0.27974,0.28076,0.27973,0.28054,985950.493369
2026-02-16 10:00:00,0.28054,0.28077,0.28038,0.28063,1228822.507414
2026-02-16 11:00:00,0.28063,0.28084,0.2804,0.28075,663905.478797
2026-02-16 12:00:00,0.28075,0.28148,0.2806,0.28146,1014776.387623
2026-02-16 13:00:00,0.28146,0.28161,0.28054,0.28122,1354774.27098
2026-02-16 14:00:00,0.28122,0.28212,0.28109,0.28208,763559.307486
2026-02-16 15:00:00,0.28208,0.28243,0.28161,0.28214,1748472.623155
2026-02-16 16:00:00,0.28215,0.28313,0.28207,0.28258,1323493.480236
2026-02-16 17:00:00,0.28258,0.28313,0.28227,0.28308,948952.983936
2026-02-16 18:00:00,0.28308,0.28351,0.28288,0.28308,1306572.752813
2026-02-16 19:00:00,0.28308,0.28386,0.28307,0.28359,1206173.549711
2026-02-16 20:00:00,0.28359,0.2848,0.28359,0.28461,1097100.747164
2026-02-16 21:00:00,0.28461,0.28537,0.2846,0.28522,1642036.165393
2026-02-16 22:00:00,0.28522,0.28546,0.28385,0.28439,2033014.33444
2026-02-16 23:00:00,0.28439,0.28481,0.2841,0.28461,1321649.933009
2026-02-17 00:00:00,0.28461,0.28552,0.28431,0.2852,1893438.527246
2026-02-17 01:00:00,0.2852,0.28554,0.2851,0.28516,680433.68751
2026-02-17 02:00:00,0.28516,0.28534,0.28444,0.28472,685446.989741
2026-02-17 03:00:00,0.28472,0.28473,0.28396,0.28428,429194.935306
2026-02-17 04:00:00,0.2843,0.28443,0.28398,0.28443,435403.339205
2026-02-17 05:00:00,0.28443,0.2845,0.28398,0.28449,550347.846162
2026-02-17 06:00:00,0.2845,0.28486,0.2845,0.28467,348733.942886
2026-02-17 07:00:00,0.28467,0.28467,0.28429,0.28455,584106.982533
2026-02-17 08:00:00,0.28455,0.28477,0.284,0.28417,1575365.60183
2026-02-17 09:00:00,0.28418,0.28444,0.28179,0.28275,1508743.273145
2026-02-17 10:00:00,0.28275,0.28277,0.28151,0.28166,1376922.06373
2026-02-17 11:00:00,0.28166,0.28205,0.28105,0.28124,1079711.816099
2026-02-17 12:00:00,0.28124,0.28146,0.28092,0.28133,2209148.564163
2026-02-17 13:00:00,0.28134,0.28173,0.28027,0.28091,1603526.804367
2026-02-17 14:00:00,0.28096,0.28146,0.2802,0.28042,1541395.781677
2026-02-17 15:00:00,0.28042,0.28071,0.27938,0.28026,1269358.12585
2026-02-17 16:00:00,0.28026,0.2814,0.27985,0.28117,1713312.799616
2026-02-17 17:00:00,0.28117,0.28129,0.28039,0.28089,1760104.894464
2026-02-17 18:00:00,0.2809,0.28222,0.28079,0.28216,1656389.603371
2026-02-17 19:00:00,0.28216,0.28231,0.28197,0.2822,933013.706725
2026-02-17 20:00:00,0.2822,0.28245,0.28197,0.28223,1061283.976846
2026-02-17 21:00:00,0.28223,0.28225,0.28164,0.2822,1295304.476665
2026-02-17 22:00:00,0.28221,0.2826,0.28202,0.28241,1061820.987854
2026-02-17 23:00:00,0.28241,0.28242,0.28175,0.28231,957563.479843
2026-02-18 00:00:00,0.28232,0.28232,0.28149,0.28179,589484.315961
2026-02-18 01:00:00,0.28179,0.28179,0.28113,0.28145,662243.792617
2026-02-18 02:00:00,0.28146,0.28162,0.2811,0.28131,326041.002103
2026-02-18 03:00:00,0.28133,0.28155,0.28105,0.28152,174523.540156
2026-02-18 04:00:00,0.28155,0.2822,0.28139,0.28218,346500.399211
2026-02-18 05:00:00,0.28219,0.28226,0.2815,0.28151,298542.497669
2026-02-18 06:00:00,0.28152,0.28166,0.28147,0.28149,272457.447282
2026-02-18 07:00:00,0.28149,0.28188,0.28142,0.28185,730671.534113
2026-02-18 08:00:00,0.28181,0.28193,0.28117,0.28118,755972.227134
2026-02-18 09:00:00,0.28118,0.28118,0.28049,0.28068,831589.636113
2026-02-18 10:00:00,0.28069,0.28086,0.28021,0.28026,1186806.058769
2026-02-18 11:00:00,0.28026,0.28069,0.28018,0.28019,687578.878768
2026-02-18 12:00:00,0.28019,0.28019,0.27936,0.27964,1537316.286871
2026-02-18 13:00:00,0.27964,0.28,0.27953,0.27994,925834.86464
2026-02-18 14:00:00,0.27994,0.28032,0.27963,0.28011,1510773.47575
2026-02-18 15:00:00,0.28011,0.28117,0.27991,0.28016,1704438.359373
2026-02-18 16:00:00,0.28015,0.28018,0.27966,0.28012,1774497.37681
2026-02-18 17:00:00,0.28012,0.28012,0.2797,0.27984,1688597.117263
2026-02-18 18:00:00,0.27984,0.28009,0.27956,0.27968,1636394.088004
2026-02-18 19:00:00,0.27969,0.27998,0.27862,0.27864,1760951.897161
2026-02-18 20:00:00,0.27865,0.27881,0.27809,0.27847,1652528.227771
2026-02-18 21:00:00,0.27848,0.27952,0.27846,0.27933,1197911.254109
2026-02-18 22:00:00,0.27934,0.27945,0.27883,0.27888,1401832.501443
2026-02-18 23:00:00,0.27889,0.27907,0.27853,0.27879,1099183.397688
2026-02-19 00:00:00,0.2788,0.27897,0.27836,0.27897,415927.908942
2026-02-19 01:00:00,0.27897,0.28028,0.27897,0.28009,875599.25342
2026-02-19 02:00:00,0.28009,0.28015,0.27986,0.28014,220956.320749
2026-02-19 03:00:00,0.28014,0.28028,0.2799,0.28004,470249.675607
2026-02-19 04:00:00,0.28005,0.28026,0.27998,0.27999,428263.18283
2026-02-19 05:00:00,0.27999,0.28022,0.27992,0.28021,416108.714784
2026-02-19 06:00:00,0.28022,0.28079,0.28013,0.28056,725176.779931
2026-02-19 07:00:00,0.28056,0.28065,0.27988,0.28024,653205.353518
2026-02-19 08:00:00,0.28024,0.28024,0.27947,0.27974,908535.408551
2026-02-19 09:00:00,0.27975,0.27996,0.27941,0.27995,1050926.166976
2026-02-19 10:00:00,0.27995,0.28124,0.27973,0.2811,1772055.334356
2026-02-19 11:00:00,0.2811,0.28114,0.27991,0.28025,750506.256632
2026-02-19 12:00:00,0.28025,0.28038,0.27974,0.28003,947525.397995
2026-02-19 13:00:00,0.28005,0.28005,0.27938,0.27958,1149281.497636
2026-02-19 14:00:00,0.27958,0.28018,0.27907,0.28004,943946.607941
2026-02-19 15:00:00,0.28005,0.2806,0.2798,0.2806,911436.859206
2026-02-19 16:00:00,0.2806,0.28299,0.28054,0.28246,2191938.367864
2026-02-19 17:00:00,0.28246,0.28292,0.28223,0.28262,1546006.166064
2026-02-19 18:00:00,0.28263,0.2841,0.28262,0.28403,1958204.13413
2026-02-19 19:00:00,0.28403,0.2841,0.28339,0.28404,2071325.29555
2026-02-19 20:00:00,0.28405,0.2848,0.28405,0.28474,1519952.211661
2026-02-19 21:00:00,0.28474,0.28514,0.28455,0.28491,1665141.526625
2026-02-19 22:00:00,0.28491,0.28527,0.28445,0.28495,1243584.961362
2026-02-19 23:00:00,0.28495,0.28555,0.28466,0.28498,1664089.620247
2026-02-20 00:00:00,0.28496,0.28568,0.2847,0.285,1971115.324014
2026-02-20 01:00:00,0.285,0.28516,0.28345,0.28357,1108140.526221
2026-02-20 02:00:00,0.28357,0.28386,0.28334,0.28362,542287.147053
2026-02-20 03:00:00,0.28363,0.28379,0.2831,0.28335,377165.128807
2026-02-20 04:00:00,0.28337,0.28402,0.28337,0.28391,303785.354185
2026-02-20 05:00:00,0.28391,0.28393,0.28339,0.28349,504222.032836
2026-02-20 06:00:00,0.28343,0.28392,0.28338,0.28392,325536.550231
2026-02-20 07:00:00,0.28391,0.28391,0.28325,0.28345,830790.611909
2026-02-20 08:00:00,0.28344,0.28366,0.28265,0.28332,1099310.661562
2026-02-20 09:00:00,0.28332,0.2836,0.28295,0.2836,820956.967308
2026-02-20 10:00:00,0.28359,0.28573,0.28354,0.28526,1990208.130447
2026-02-20 11:00:00,0.28526,0.28535,0.28472,0.28494,1553962.275313
2026-02-20 12:00:00,0.28493,0.28514,0.28476,0.28505,1199857.743152
2026-02-20 13:00:00,0.28504,0.28519,0.28428,0.28486,1384914.622872
2026-02-20 14:00:00,0.28486,0.28679,0.28473,0.28585,2332693.044478
2026-02-20 15:00:00,0.28586,0.28781,0.28534,0.28623,4066635.473168
2026-02-20 16:00:00,0.28624,0.28698,0.28464,0.2857,2665902.351312
2026-02-20 17:00:00,0.28567,0.28603,0.28499,0.28579,1643075.434118
2026-02-20 18:00:00,0.28578,0.28589,0.28508,0.28515,1281481.909887
2026-02-20 19:00:00,0.28516,0.28528,0.28483,0.28528,1098198.512456
2026-02-20 20:00:00,0.28527,0.28566,0.28525,0.28562,1208146.064781
2026-02-20 21:00:00,0.28562,0.28608,0.28528,0.28568,1767262.688925
2026-02-20 22:00:00,0.28568,0.28584,0.2852,0.28563,2094067.198574
2026-02-20 23:00:00,0.28563,0.28591,0.28529,0.28544,2082948.249073
2026-02-21 00:00:00,0.28544,0.2859,0.28511,0.2854,2284396.210561
2026-02-21 01:00:00,0.28541,0.28547,0.28512,0.28532,1042869.925902
2026-02-21 02:00:00,0.28533,0.28533,0.28488,0.28495,560319.424831
2026-02-21 03:00:00,0.28495,0.28495,0.2846,0.28479,478141.500331
2026-02-21 04:00:00,0.28478,0.28479,0.28455,0.28477,376854.432244
2026-02-21 05:00:00,0.28477,0.28477,0.2845,0.2846,374613.205119
2026-02-21 06:00:00,0.2846,0.28491,0.28457,0.28489,225548.897887
2026-02-21 07:00:00,0.28488,0.2852,0.28486,0.2852,552002.706972
2026-02-21 08:00:00,0.2852,0.28546,0.2847,0.28543,1382360.989415
2026-02-21 09:00:00,0.28543,0.287,0.28514,0.28663,1515129.803284
2026-02-21 10:00:00,0.28663,0.28696,0.28658,0.28678,917798.283884
2026-02-21 11:00:00,0.28678,0.28684,0.28586,0.28628,1354405.533505
2026-02-21 12:00:00,0.28628,0.28628,0.28607,0.28627,1055105.969195
2026-02-21 13:00:00,0.28627,0.28632,0.28587,0.28617,1430295.671483
2026-02-21 14:00:00,0.28617,0.28642,0.2859,0.28618,1106710.871916
2026-02-21 15:00:00,0.28618,0.28761,0.28617,0.28747,1655792.630262
2026-02-21 16:00:00,0.28747,0.2878,0.28734,0.28763,1100901.455265
2026-02-21 17:00:00,0.28762,0.2879,0.28717,0.28767,1210805.69141
2026-02-21 18:00:00,0.28767,0.28862,0.28761,0.28857,1461320.113663
2026-02-21 19:00:00,0.28857,0.28914,0.28848,0.28909,1597231.18503
2026-02-21 20:00:00,0.28909,0.28942,0.28898,0.28917,1537466.451393
2026-02-21 21:00:00,0.28917,0.28969,0.28917,0.28965,1489028.597653
2026-02-21 22:00:00,0.28965,0.2898,0.28881,0.28882,1926579.235462
2026-02-21 23:00:00,0.28881,0.28926,0.28867,0.2892,1635132.143778
2026-02-22 00:00:00,0.2892,0.2897,0.28879,0.28929,2272979.413018
2026-02-22 01:00:00,0.28929,0.28972,0.28928,0.2896,697202.658308
2026-02-22 02:00:00,0.2896,0.28971,0.28857,0.28895,587527.809891
2026-02-22 03:00:00,0.28897,0.28908,0.28856,0.28894,721658.31552
2026-02-22 04:00:00,0.28894,0.28894,0.2878,0.28786,472743.534112
2026-02-22 05:00:00,0.28788,0.28806,0.28746,0.28806,364064.335269
2026-02-22 06:00:00,0.28806,0.28864,0.28785,0.28856,570882.457133
2026-02-22 07:00:00,0.28856,0.28864,0.28782,0.28787,410977.516612
2026-02-22 08:00:00,0.28787,0.28787,0.28732,0.28767,567445.632937
2026-02-22 09:00:00,0.28768,0.2892,0.28767,0.28916,1513297.780064
2026-02-22 10:00:00,0.28915,0.28942,0.28911,0.28925,1271739.362329
2026-02-22 11:00:00,0.28925,0.28941,0.28843,0.28876,1335324.802867
2026-02-22 12:00:00,0.28876,0.28907,0.28835,0.28888,1349219.519724
2026-02-22 13:00:00,0.28888,0.2894,0.28886,0.28887,1870743.865546
2026-02-22 14:00:00,0.28885,0.28947,0.2887,0.28944,1741882.027708
2026-02-22 15:00:00,0.28944,0.28974,0.28915,0.28955,2143021.348031
2026-02-22 16:00:00,0.28957,0.28989,0.28928,0.28985,1744347.040608
2026-02-22 17:00:00,0.28985,0.29074,0.28985,0.29064,1447292.205758
2026-02-22 18:00:00,0.29065,0.2911,0.28983,0.29033,1543649.275163
2026-02-22 19:00:00,0.29034,0.29054,0.28994,0.29054,1188657.611325
2026-02-22 20:00:00,0.29052,0.29057,0.2902,0.29037,1265754.366978
2026-02-22 21:00:00,0.29037,0.2913,0.29034,0.29121,1810551.986721
2026-02-22 22:00:00,0.29122,0.29132,0.29064,0.29065,1463418.02799
2026-02-22 23:00:00,0.29064,0.29092,0.29032,0.29065,1175789.094396
2026-02-23 00:00:00,0.29065,0.29067,0.2897,0.28995,1348936.387256
2026-02-23 01:00:00,0.28998,0.28999,0.28699,0.287,1704719.265247
2026-02-23 02:00:00,0.287,0.28782,0.28661,0.28764,892685.190131
2026-02-23 03:00:00,0.28764,0.28791,0.28716,0.28732,523690.589856
2026-02-23 04:00:00,0.28731,0.28731,0.2864,0.28678,550434.327303
2026-02-23 05:00:00,0.28678,0.28769,0.28672,0.28718,703889.808041
2026-02-23 06:00:00,0.28719,0.28764,0.28712,0.28759,596694.206231
2026-02-23 07:00:00,0.2876,0.28793,0.28737,0.28783,388204.241253
2026-02-23 08:00:00,0.28783,0.28783,0.28702,0.28724,726313.071521
2026-02-23 09:00:00,0.28725,0.28891,0.28712,0.2881,3281459.034403
2026-02-23 10:00:00,0.28812,0.28834,0.28779,0.2881,1611360.406093
2026-02-23 11:00:00,0.2881,0.28841,0.28686,0.28694,1000322.478207
2026-02-23 12:00:00,0.28695,0.28711,0.28446,0.2845,1653984.167101
2026-02-23 13:00:00,0.28453,0.28528,0.2841,0.28483,1918388.503565
2026-02-23 14:00:00,0.28484,0.28513,0.28446,0.28455,1395260.916393
2026-02-23 15:00:00,0.28454,0.28456,0.28361,0.28375,1702446.38679
2026-02-23 16:00:00,0.28374,0.28374,0.28255,0.28311,3544012.73189
2026-02-23 17:00:00,0.2831,0.28333,0.28163,0.28191,2784310.181215
2026-02-23 18:00:00,0.28191,0.28264,0.28166,0.28233,3127086.054044
2026-02-23 19:00:00,0.28233,0.28253,0.28212,0.28229,1821426.533135
2026-02-23 20:00:00,0.28229,0.28229,0.28067,0.28102,2843418.009618
2026-02-23 21:00:00,0.28102,0.28173,0.28102,0.28146,2060561.971
2026-02-23 22:00:00,0.28147,0.28165,0.28109,0.28117,1981336.059297
2026-02-23 23:00:00,0.28117,0.2819,0.28116,0.28185,1166876.36592
2026-02-24 00:00:00,0.28184,0.28252,0.28142,0.28248,1831484.024912
2026-02-24 01:00:00,0.28248,0.28248,0.2815,0.28204,945021.829264
2026-02-24 02:00:00,0.28204,0.28269,0.28186,0.28263,706345.523348
2026-02-24 03:00:00,0.28265,0.28267,0.28183,0.28196,620202.448444
2026-02-24 04:00:00,0.28196,0.28208,0.28135,0.28204,890134.880488
2026-02-24 05:00:00,0.28204,0.28207,0.28108,0.28126,438010.687565
2026-02-24 06:00:00,0.28126,0.28201,0.28117,0.28178,325726.228701
2026-02-24 07:00:00,0.28178,0.28178,0.28103,0.28131,686476.907929
2026-02-24 08:00:00,0.28129,0.28129,0.28071,0.28114,903960.260269
2026-02-24 09:00:00,0.28113,0.28123,0.2803,0.28049,1450913.698686
2026-02-24 10:00:00,0.2805,0.28063,0.28,0.28026,1156629.063908
2026-02-24 11:00:00,0.28026,0.28061,0.28016,0.28057,1011291.298342
2026-02-24 12:00:00,0.28058,0.28155,0.28047,0.28135,1342539.831294
2026-02-24 13:00:00,0.28135,0.28149,0.28041,0.28094,1793942.941995
2026-02-24 14:00:00,0.28094,0.28094,0.28008,0.28046,2117710.115873
2026-02-24 15:00:00,0.28047,0.2818,0.2802,0.28178,1654946.497731
2026-02-24 16:00:00,0.28177,0.28261,0.28172,0.28227,1944267.480173
2026-02-24 17:00:00,0.28228,0.28253,0.28194,0.28212,2871577.770553
2026-02-24 18:00:00,0.28211,0.28257,0.28211,0.28244,1671887.467144
2026-02-24 19:00:00,0.28244,0.28291,0.28233,0.28278,1912336.334047
2026-02-24 20:00:00,0.28278,0.28344,0.28277,0.28331,2826557.841167
2026-02-24 21:00:00,0.28331,0.28366,0.28273,0.28355,3033566.051621
2026-02-24 22:00:00,0.28355,0.28376,0.28303,0.28337,1981318.666868
2026-02-24 23:00:00,0.28336,0.28394,0.28301,0.28394,1440012.572548
2026-02-25 00:00:00,0.28394,0.28434,0.28363,0.28431,1967861.520472
2026-02-25 01:00:00,0.28431,0.28573,0.28414,0.28523,2824433.675851
2026-02-25 02:00:00,0.28523,0.286,0.28519,0.28596,1135176.143819
2026-02-25 03:00:00,0.28597,0.28671,0.28578,0.28619,1325423.449945
2026-02-25 04:00:00,0.28619,0.28696,0.28604,0.28688,884134.819112
2026-02-25 05:00:00,0.28688,0.28698,0.28586,0.28634,853582.82209
2026-02-25 06:00:00,0.28634,0.28673,0.28615,0.28616,803370.846223
2026-02-25 07:00:00,0.28615,0.28645,0.28611,0.28645,753456.922769
2026-02-25 08:00:00,0.28648,0.2874,0.28622,0.28673,889242.295134
2026-02-25 09:00:00,0.28673,0.28696,0.28618,0.28675,1002035.721401
2026-02-25 10:00:00,0.28674,0.28678,0.286,0.28628,928652.249896
2026-02-25 11:00:00,0.28628,0.28631,0.28516,0.28559,1590045.804317
2026-02-25 12:00:00,0.28561,0.28576,0.2852,0.28568,1649107.982817
2026-02-25 13:00:00,0.28568,0.28614,0.2856,0.28573,1718724.852777
2026-02-25 14:00:00,0.28574,0.2863,0.28573,0.28622,1388984.82229
2026-02-25 15:00:00,0.28621,0.28631,0.28469,0.28483,1929898.379282
2026-02-25 16:00:00,0.28482,0.28544,0.28471,0.28512,1764326.341565
2026-02-25 17:00:00,0.28512,0.28545,0.2845,0.2853,1971626.888114
2026-02-25 18:00:00,0.28529,0.286,0.28485,0.28599,1671713.891544
2026-02-25 19:00:00,0.28599,0.2866,0.28595,0.28654,2375060.890243
2026-02-25 20:00:00,0.28654,0.28655,0.28542,0.28555,1820591.100262
2026-02-25 21:00:00,0.28554,0.28641,0.28518,0.28622,2367331.352954
2026-02-25 22:00:00,0.28622,0.28654,0.28593,0.28617,2115607.225002
2026-02-25 23:00:00,0.28617,0.28617,0.28503,0.28537,1677211.261417
2026-02-26 00:00:00,0.28537,0.28636,0.2848,0.28575,1941800.004399
2026-02-26 01:00:00,0.28575,0.28606,0.28561,0.28589,1051171.645357
2026-02-26 02:00:00,0.2859,0.2859,0.28516,0.28551,842267.656442
2026-02-26 03:00:00,0.2855,0.28558,0.28515,0.28542,410611.253287
2026-02-26 04:00:00,0.28543,0.2875,0.28531,0.28722,1770359.940279
2026-02-26 05:00:00,0.28722,0.28774,0.28676,0.28703,723661.623128
2026-02-26 06:00:00,0.28704,0.28738,0.28672,0.28694,603991.891203
2026-02-26 07:00:00,0.28694,0.28706,0.28637,0.28653,626464.564991
2026-02-26 08:00:00,0.28654,0.28685,0.28605,0.28618,1181322.86569
2026-02-26 09:00:00,0.28619,0.28654,0.2861,0.28652,925265.590004
2026-02-26 10:00:00,0.28652,0.28653,0.28576,0.28606,1202042.16193
2026-02-26 11:00:00,0.28606,0.28646,0.28593,0.28645,1231391.860925
2026-02-26 12:00:00,0.28645,0.28677,0.28637,0.28677,766574.655263
2026-02-26 13:00:00,0.28676,0.28685,0.28652,0.28672,1127737.663385
2026-02-26 14:00:00,0.28674,0.28691,0.28621,0.28648,1350681.399859
2026-02-26 15:00:00,0.28648,0.28673,0.2859,0.2864,1528684.821398
2026-02-26 16:00:00,0.2864,0.28641,0.28503,0.28522,1604123.614694
2026-02-26 17:00:00,0.28522,0.28542,0.28503,0.2853,1398704.211219
2026-02-26 18:00:00,0.28529,0.28533,0.285,0.28525,1644569.84866
2026-02-26 19:00:00,0.28525,0.28636,0.28517,0.28596,1484350.9463
2026-02-26 20:00:00,0.28596,0.28619,0.28568,0.28588,2186646.296618
2026-02-26 21:00:00,0.28588,0.28614,0.28576,0.28604,2200774.356534
2026-02-26 22:00:00,0.28605,0.28605,0.28531,0.28569,1723865.867636
2026-02-26 23:00:00,0.28569,0.28586,0.2856,0.28585,1268603.161167
2026-02-27 00:00:00,0.28585,0.2859,0.28533,0.28554,1130645.594854
2026-02-27 01:00:00,0.28554,0.28573,0.28507,0.28512,1335243.799255
2026-02-27 02:00:00,0.28513,0.28513,0.28456,0.28483,1073282.360686
2026-02-27 03:00:00,0.28483,0.28484,0.28449,0.28469,655282.373864
2026-02-27 04:00:00,0.28468,0.28522,0.28453,0.28503,679658.325384
2026-02-27 05:00:00,0.28503,0.28521,0.28476,0.28516,768613.614826
2026-02-27 06:00:00,0.28516,0.28529,0.28453,0.28484,880698.786196
2026-02-27 07:00:00,0.28484,0.28516,0.28451,0.28516,708916.158247
2026-02-27 08:00:00,0.28517,0.28541,0.28489,0.28541,630641.928154
2026-02-27 09:00:00,0.28541,0.28561,0.28488,0.2851,1010797.114856
2026-02-27 10:00:00,0.28509,0.28515,0.28437,0.28442,1263194.47157
2026-02-27 11:00:00,0.28442,0.28474,0.284,0.28471,1602944.690988
2026-02-27 12:00:00,0.28471,0.28487,0.28415,0.28425,1265378.016124
2026-02-27 13:00:00,0.28425,0.28437,0.28377,0.28417,2141061.942971
2026-02-27 14:00:00,0.28417,0.2842,0.28371,0.28381,2241777.978182
2026-02-27 15:00:00,0.2838,0.28399,0.2831,0.2834,1997723.326877
2026-02-27 16:00:00,0.28339,0.28355,0.28252,0.28262,2004934.1547
2026-02-27 17:00:00,0.28261,0.28261,0.28192,0.28238,2539366.199651
2026-02-27 18:00:00,0.28235,0.28247,0.28192,0.28242,2133326.990928
2026-02-27 19:00:00,0.28242,0.28249,0.28172,0.2821,1869431.018835
2026-02-27 20:00:00,0.28211,0.28275,0.28204,0.28262,1854598.249303
2026-02-27 21:00:00,0.2826,0.28286,0.28252,0.28283,2398249.86307
2026-02-27 22:00:00,0.28283,0.28298,0.28223,0.28286,2437933.33189
2026-02-27 23:00:00,0.28287,0.28311,0.28258,0.2829,1785070.629807
2026-02-28 00:00:00,0.28291,0.28303,0.28228,0.28243,1587443.253715
2026-02-28 01:00:00,0.28241,0.28286,0.28236,0.28262,1821574.083605
2026-02-28 02:00:00,0.28262,0.2828,0.28236,0.28266,861424.148928
2026-02-28 03:00:00,0.28266,0.28289,0.28256,0.28261,903356.233355
2026-02-28 04:00:00,0.28261,0.28282,0.28248,0.28277,332374.30951
2026-02-28 05:00:00,0.28277,0.28281,0.28249,0.28265,353581.571431
2026-02-28 06:00:00,0.28265,0.28289,0.28073,0.28087,2390303.074017
2026-02-28 07:00:00,0.28087,0.28146,0.28028,0.28061,2106688.138688
2026-02-28 08:00:00,0.28061,0.28067,0.27882,0.27891,1933243.098888
2026-02-28 09:00:00,0.27891,0.28,0.27865,0.27875,2109276.144657
2026-02-28 10:00:00,0.27874,0.27909,0.2783,0.27908,1508738.126485
2026-02-28 11:00:00,0.27909,0.27956,0.27896,0.27927,1515713.290198
2026-02-28 12:00:00,0.27928,0.27951,0.2791,0.27949,1765483.027354
2026-02-28 13:00:00,0.2795,0.28016,0.27926,0.28016,1880740.00529
2026-02-28 14:00:00,0.28016,0.28037,0.2796,0.2797,1893951.838185
2026-02-28 15:00:00,0.27971,0.28041,0.2796,0.28032,2148175.91167
2026-02-28 16:00:00,0.28033,0.28066,0.28016,0.28066,1919181.482774
2026-02-28 17:00:00,0.28066,0.28163,0.28039,0.28158,2546378.616818
2026-02-28 18:00:00,0.28158,0.28217,0.28152,0.28217,1678761.544197
2026-02-28 19:00:00,0.28217,0.28228,0.28176,0.28206,1533614.507154
2026-02-28 20:00:00,0.28206,0.28228,0.28165,0.28193,1791958.564488
2026-02-28 21:00:00,0.28193,0.28225,0.28175,0.28216,2175034.989696
2026-02-28 22:00:00,0.28216,0.2825,0.28182,0.28183,2229466.278105
2026-02-28 23:00:00,0.28182,0.28213,0.2817,0.28188,1615079.92416
2026-03-01 00:00:00,0.28189,0.28204,0.28162,0.28184,1880682.324309
2026-03-01 01:00:00,0.28184,0.28316,0.28131,0.28299,1316016.151523
2026-03-01 02:00:00,0.28299,0.2836,0.28219,0.2823,1434504.016399
2026-03-01 03:00:00,0.2823,0.28235,0.28198,0.28202,725496.025751
2026-03-01 04:00:00,0.28202,0.28233,0.28191,0.2822,328775.298807
2026-03-01 05:00:00,0.28219,0.28253,0.28219,0.28236,589874.115258
2026-03-01 06:00:00,0.28237,0.28252,0.28214,0.2822,541977.64299
2026-03-01 07:00:00,0.28219,0.28224,0.28164,0.2818,875748.003875
2026-03-01 08:00:00,0.2818,0.28193,0.28116,0.28131,1093805.084246
2026-03-01 09:00:00,0.28133,0.28158,0.2811,0.2811,1157705.242175
2026-03-01 10:00:00,0.28111,0.28143,0.28105,0.28109,792509.019383
2026-03-01 11:00:00,0.28109,0.28129,0.28074,0.28118,942083.011158
2026-03-01 12:00:00,0.28118,0.28118,0.28089,0.28091,1340527.118195
2026-03-01 13:00:00,0.28091,0.28232,0.2809,0.28205,1978753.466871
2026-03-01 14:00:00,0.28205,0.28229,0.28152,0.28159,1573398.486601
2026-03-01 15:00:00,0.28159,0.28193,0.28155,0.28162,1548601.158387
2026-03-01 16:00:00,0.28162,0.28194,0.28112,0.28134,1812485.812865
2026-03-01 17:00:00,0.28134,0.28168,0.2812,0.28126,1562422.509825
2026-03-01 18:00:00,0.28125,0.28164,0.28122,0.28138,2120462.183404
2026-03-01 19:00:00,0.28138,0.28139,0.28079,0.2808,1807258.910859
2026-03-01 20:00:00,0.28079,0.28106,0.27958,0.28022,2352764.902937
2026-03-01 21:00:00,0.2802,0.28043,0.27998,0.28037,2084528.908027
2026-03-01 22:00:00,0.28036,0.28111,0.28032,0.28055,1883064.598166
2026-03-01 23:00:00,0.28055,0.281,0.28044,0.28073,1441309.31304
2026-03-02 00:00:00,0.28074,0.28137,0.28071,0.28105,1679666.879479
2026-03-02 01:00:00,0.28104,0.28198,0.28099,0.28184,746608.983083
2026-03-02 02:00:00,0.28185,0.28193,0.28124,0.28147,736105.968813
2026-03-02 03:00:00,0.28146,0.2815,0.2811,0.28127,313267.823107
2026-03-02 04:00:00,0.28127,0.28152,0.28088,0.28123,1147415.016761
2026-03-02 05:00:00,0.28124,0.28136,0.28102,0.28119,493102.645215
2026-03-02 06:00:00,0.2812,0.28141,0.28101,0.28115,351695.222245
2026-03-02 07:00:00,0.28114,0.2817,0.28088,0.28122,927847.282391
2026-03-02 08:00:00,0.28125,0.28152,0.28096,0.28142,832210.425628
2026-03-02 09:00:00,0.28142,0.28208,0.28142,0.28171,1294547.017171
2026-03-02 10:00:00,0.28171,0.28177,0.28123,0.28157,723438.343152
2026-03-02 11:00:00,0.28157,0.28167,0.28125,0.28164,1205142.808134
2026-03-02 12:00:00,0.28165,0.28176,0.2814,0.28173,872306.176294
2026-03-02 13:00:00,0.28172,0.28177,0.28152,0.28157,798187.957872
2026-03-02 14:00:00,0.28157,0.28226,0.28139,0.28215,1930176.839196
2026-03-02 15:00:00,0.28215,0.2834,0.282,0.28251,2864042.613403
2026-03-02 16:00:00,0.2825,0.28304,0.28246,0.28257,1600311.711777
2026-03-02 17:00:00,0.28255,0.28289,0.28199,0.28219,1495843.653399
2026-03-02 18:00:00,0.28222,0.28256,0.28217,0.28248,1294160.946904
2026-03-02 19:00:00,0.28248,0.28272,0.2823,0.28266,1417685.299164
2026-03-02 20:00:00,0.28267,0.28314,0.28231,0.28276,1787113.668449
2026-03-02 21:00:00,0.28277,0.28322,0.28277,0.28309,1693686.962294
2026-03-02 22:00:00,0.28309,0.28333,0.28271,0.28318,2106291.233163
2026-03-02 23:00:00,0.28318,0.28344,0.28306,0.28333,1371852.071474
2026-03-03 00:00:00,0.28333,0.28366,0.28311,0.28339,1254132.767606
2026-03-03 01:00:00,0.28339,0.28367,0.28298,0.28304,1010985.811046
2026-03-03 02:00:00,0.28305,0.28352,0.28289,0.28304,711622.832027
2026-03-03 03:00:00,0.28305,0.28321,0.2829,0.28313,375411.730556
2026-03-03 04:00:00,0.28312,0.28321,0.28275,0.28277,374630.955322
2026-03-03 05:00:00,0.28277,0.28301,0.28161,0.28208,697371.110253
2026-03-03 06:00:00,0.2821,0.28238,0.28198,0.28231,341518.834369
2026-03-03 07:00:00,0.28228,0.28232,0.28211,0.28222,356160.221326
2026-03-03 08:00:00,0.28222,0.28235,0.28142,0.28155,1016839.079861
2026-03-03 09:00:00,0.28155,0.28161,0.28091,0.28107,1296484.18663
2026-03-03 10:00:00,0.28107,0.28121,0.28083,0.28111,1213725.707285
2026-03-03 11:00:00,0.28111,0.28146,0.28093,0.28112,1205695.585917
2026-03-03 12:00:00,0.28113,0.28182,0.28067,0.28098,1442895.666001
2026-03-03 13:00:00,0.28099,0.28112,0.28085,0.28085,1448600.370746
2026-03-03 14:00:00,0.28085,0.28138,0.28017,0.28055,2275321.530838
2026-03-03 15:00:00,0.28055,0.28099,0.28024,0.28082,3247786.126289
2026-03-03 16:00:00,0.28081,0.28114,0.28034,0.28061,3116519.095089
2026-03-03 17:00:00,0.28061,0.28088,0.28031,0.28082,1888374.590969
2026-03-03 18:00:00,0.28082,0.28102,0.28062,0.28089,2468898.329589
2026-03-03 19:00:00,0.28088,0.28116,0.28061,0.28086,2614787.003365
2026-03-03 20:00:00,0.28087,0.28101,0.28062,0.28068,1957320.485602
2026-03-03 21:00:00,0.28068,0.28084,0.28044,0.28067,3152923.633053
2026-03-03 22:00:00,0.28066,0.28088,0.28025,0.28035,2597756.067539
2026-03-03 23:00:00,0.28035,0.28093,0.28031,0.28056,1771598.741317
2026-03-04 00:00:00,0.28054,0.28054,0.27902,0.27902,2199130.445236
2026-03-04 01:00:00,0.27902,0.27949,0.27901,0.27931,2004744.601291
2026-03-04 02:00:00,0.27931,0.28081,0.27921,0.28042,2660703.845146
2026-03-04 03:00:00,0.28042,0.28048,0.27988,0.28021,1229750.047989
2026-03-04 04:00:00,0.28023,0.28032,0.28002,0.28022,401365.589464
2026-03-04 05:00:00,0.28022,0.28066,0.28008,0.28055,314149.040199
2026-03-04 06:00:00,0.28056,0.28293,0.2805,0.2829,1113925.875196
2026-03-04 07:00:00,0.2829,0.28352,0.28207,0.28332,2191293.32343
2026-03-04 08:00:00,0.28332,0.28418,0.28303,0.2839,1925713.777014
2026-03-04 09:00:00,0.28391,0.28443,0.28379,0.28395,1929866.278764
2026-03-04 10:00:00,0.28396,0.28439,0.28337,0.28379,1481005.81676
2026-03-04 11:00:00,0.28378,0.28442,0.28371,0.28433,1336188.287669
2026-03-04 12:00:00,0.28433,0.28511,0.28394,0.28433,2519856.680306
2026-03-04 13:00:00,0.28434,0.28479,0.28402,0.28443,1574433.435922
2026-03-04 14:00:00,0.28443,0.28522,0.28442,0.28475,2082347.047361
2026-03-04 15:00:00,0.28475,0.28614,0.2847,0.28602,2957675.219188
2026-03-04 16:00:00,0.28602,0.28639,0.28554,0.28606,2480425.117084
2026-03-04 17:00:00,0.28605,0.28691,0.28593,0.28677,2997082.477212
2026-03-04 18:00:00,0.28677,0.287,0.28613,0.28697,1560590.866235
2026-03-04 19:00:00,0.287,0.28799,0.28699,0.28775,1964950.45306
2026-03-04 20:00:00,0.28774,0.288,0.28692,0.28724,2391294.134451
2026-03-04 21:00:00,0.28724,0.28756,0.28712,0.28743,2475730.1162
2026-03-04 22:00:00,0.28744,0.2881,0.28727,0.28739,2598175.665686
2026-03-04 23:00:00,0.28738,0.28789,0.28669,0.28702,2041804.323104
2026-03-05 00:00:00,0.28702,0.28801,0.28702,0.28756,1761908.736042
2026-03-05 01:00:00,0.28753,0.28772,0.2869,0.28723,1432649.649425
2026-03-05 02:00:00,0.28724,0.28813,0.28723,0.28747,1218158.781588
2026-03-05 03:00:00,0.28747,0.28755,0.28468,0.28497,2240050.403521
2026-03-05 04:00:00,0.28497,0.28531,0.28474,0.28511,812790.146799
2026-03-05 05:00:00,0.2851,0.28531,0.28446,0.28459,1121979.2575
2026-03-05 06:00:00,0.2846,0.28492,0.28441,0.28488,960527.752904
2026-03-05 07:00:00,0.28489,0.28493,0.28395,0.28421,754143.326395
2026-03-05 08:00:00,0.2842,0.2844,0.28378,0.28434,1155256.947812
2026-03-05 09:00:00,0.28434,0.28465,0.28411,0.28456,1610086.755433
2026-03-05 10:00:00,0.28457,0.28478,0.28429,0.28472,1382525.801091
2026-03-05 11:00:00,0.28472,0.28475,0.2841,0.28424,1270039.14677
2026-03-05 12:00:00,0.28425,0.28429,0.28404,0.28411,1554593.135549
2026-03-05 13:00:00,0.28411,0.28411,0.28339,0.28353,2051548.884495
2026-03-05 14:00:00,0.28352,0.28352,0.28272,0.28336,3012992.826028
2026-03-05 15:00:00,0.28337,0.28343,0.28262,0.2833,1630835.533542
2026-03-05 16:00:00,0.2833,0.2833,0.28253,0.28282,2269784.171305
2026-03-05 17:00:00,0.28281,0.28283,0.28251,0.28266,2145867.961848
2026-03-05 18:00:00,0.28266,0.28282,0.28252,0.28281,1593375.030538
2026-03-05 19:00:00,0.28282,0.28306,0.28264,0.28281,2297758.197909
2026-03-05 20:00:00,0.28282,0.28307,0.28274,0.28279,2635573.76873
2026-03-05 21:00:00,0.2828,0.28733,0.28279,0.28444,7006548.849213
2026-03-05 22:00:00,0.28446,0.28541,0.284,0.2852,3793467.796006
2026-03-05 23:00:00,0.2852,0.28568,0.28496,0.28522,2872275.667145
2026-03-06 00:00:00,0.28523,0.28557,0.28507,0.28546,1171727.083248
2026-03-06 01:00:00,0.28546,0.28554,0.28493,0.28511,1336764.601322
2026-03-06 02:00:00,0.28512,0.28544,0.28508,0.28522,547438.715108
2026-03-06 03:00:00,0.28523,0.28557,0.28523,0.2853,1276921.591595
2026-03-06 04:00:00,0.2853,0.28563,0.28516,0.28557,1016146.591427
2026-03-06 05:00:00,0.28558,0.28633,0.28513,0.28593,1725993.815298
2026-03-06 06:00:00,0.28594,0.28665,0.28566,0.28641,2358174.279033
2026-03-06 07:00:00,0.28643,0.28681,0.28609,0.28611,1839444.224349
2026-03-06 08:00:00,0.28611,0.28624,0.28545,0.28589,833354.026734
2026-03-06 09:00:00,0.2859,0.28695,0.2859,0.28645,2354672.931246
2026-03-06 10:00:00,0.28645,0.28709,0.28641,0.28699,2039452.228419
2026-03-06 11:00:00,0.28698,0.28698,0.2867,0.28692,1275133.13145
2026-03-06 12:00:00,0.2869,0.28709,0.28649,0.28706,1706168.467902
2026-03-06 13:00:00,0.28706,0.28728,0.28587,0.28605,2420323.773827
2026-03-06 14:00:00,0.28604,0.28605,0.28533,0.2856,2964558.498229
2026-03-06 15:00:00,0.28563,0.28588,0.28507,0.28547,2344553.740708
2026-03-06 16:00:00,0.28546,0.28576,0.28534,0.28559,2300400.159799
2026-03-06 17:00:00,0.28561,0.28597,0.28539,0.28565,2322911.798152
2026-03-06 18:00:00,0.28565,0.28585,0.28525,0.28526,1849277.428492
2026-03-06 19:00:00,0.28526,0.28537,0.2849,0.28491,2704094.783758
2026-03-06 20:00:00,0.28491,0.28516,0.28483,0.28502,2545560.776485
2026-03-06 21:00:00,0.28501,0.28505,0.28463,0.2847,3066435.571191
2026-03-06 22:00:00,0.28469,0.28504,0.28445,0.28494,2789689.961987
2026-03-06 23:00:00,0.28493,0.28493,0.28454,0.28454,1279506.568159
2026-03-07 00:00:00,0.28453,0.28499,0.28381,0.28483,2095933.8506
2026-03-07 01:00:00,0.28483,0.28519,0.28451,0.28498,1432334.508025
2026-03-07 02:00:00,0.28498,0.28498,0.28444,0.28448,638426.62891
2026-03-07 03:00:00,0.28446,0.28457,0.28397,0.28434,948065.244687
2026-03-07 04:00:00,0.28433,0.28433,0.2838,0.28393,892909.395449
2026-03-07 05:00:00,0.28393,0.28393,0.28369,0.28381,821093.358211
2026-03-07 06:00:00,0.28381,0.28391,0.2835,0.28369,1257228.638747
2026-03-07 07:00:00,0.28368,0.28378,0.28352,0.2837,1288105.723193
2026-03-07 08:00:00,0.28371,0.28375,0.28318,0.2833,1375238.965169
2026-03-07 09:00:00,0.28329,0.28354,0.28326,0.28351,1090921.273675
2026-03-07 10:00:00,0.28351,0.2838,0.2835,0.28372,947662.436345
2026-03-07 11:00:00,0.28372,0.28421,0.28371,0.28413,1524182.996463
2026-03-07 12:00:00,0.28413,0.28433,0.28413,0.28428,1279254.654821
2026-03-07 13:00:00,0.28429,0.28456,0.28428,0.2844,1788907.150433
2026-03-07 14:00:00,0.28441,0.28462,0.28423,0.28459,1724841.182647
2026-03-07 15:00:00,0.28459,0.28506,0.28458,0.28499,2403608.664607
2026-03-07 16:00:00,0.28499,0.28539,0.28481,0.28521,2529373.949427
2026-03-07 17:00:00,0.28521,0.2859,0.28515,0.28583,1920738.853518
2026-03-07 18:00:00,0.28583,0.28635,0.28553,0.28613,3231285.073311
2026-03-07 19:00:00,0.28614,0.28628,0.2853,0.28563,2148942.515438
2026-03-07 20:00:00,0.28563,0.28627,0.28562,0.28627,2769705.73728
2026-03-07 21:00:00,0.28627,0.28694,0.28619,0.2868,3843149.33775
2026-03-07 22:00:00,0.2868,0.28696,0.28589,0.28642,2313163.600214
2026-03-07 23:00:00,0.28641,0.28679,0.28641,0.2867,2472932.012376
2026-03-08 00:00:00,0.2867,0.28693,0.28665,0.28677,1386941.795191
2026-03-08 01:00:00,0.28678,0.28698,0.28672,0.2869,1425667.03272
2026-03-08 02:00:00,0.2869,0.28726,0.28655,0.28661,760873.637621
2026-03-08 03:00:00,0.28661,0.28691,0.28644,0.28644,693571.094572
2026-03-08 04:00:00,0.28645,0.28672,0.28615,0.28626,1098607.163598
2026-03-08 05:00:00,0.28626,0.28648,0.28625,0.28637,384095.344736
2026-03-08 06:00:00,0.28636,0.2865,0.28601,0.28618,1101372.122863
2026-03-08 07:00:00,0.2862,0.2866,0.28582,0.28642,682953.421243
2026-03-08 08:00:00,0.28643,0.28674,0.2863,0.28673,845411.051226
2026-03-08 09:00:00,0.28674,0.28695,0.28668,0.28673,1132361.578539
2026-03-08 10:00:00,0.28672,0.28727,0.28672,0.28707,1133327.433576
2026-03-08 11:00:00,0.28707,0.28712,0.28604,0.28607,1617349.922186
2026-03-08 12:00:00,0.28606,0.28709,0.28592,0.28708,1817806.138577
2026-03-08 13:00:00,0.28708,0.28758,0.2863,0.28742,2948068.475798
2026-03-08 14:00:00,0.28742,0.28817,0.28742,0.28817,2613959.3238
2026-03-08 15:00:00,0.28819,0.2887,0.28812,0.28867,2814019.280147
2026-03-08 16:00:00,0.28871,0.28988,0.28828,0.28866,4106818.688402
2026-03-08 17:00:00,0.28866,0.28947,0.28866,0.28939,2601901.097645
2026-03-08 18:00:00,0.2894,0.28961,0.28921,0.28957,2714910.60871
2026-03-08 19:00:00,0.28957,0.28999,0.28941,0.28997,2464587.61313
2026-03-08 20:00:00,0.28997,0.29059,0.28996,0.29043,3292744.912114
2026-03-08 21:00:00,0.29044,0.29097,0.28998,0.29059,2370928.171219
2026-03-08 22:00:00,0.2906,0.29063,0.28908,0.28928,2372985.086561
2026-03-08 23:00:00,0.28927,0.28953,0.28887,0.2892,1679580.062424
2026-03-09 00:00:00,0.28921,0.28991,0.28921,0.28941,2507990.179883
2026-03-09 01:00:00,0.28942,0.28979,0.28933,0.28962,924697.691933
2026-03-09 02:00:00,0.28962,0.28981,0.28912,0.28937,872645.746993
2026-03-09 03:00:00,0.28937,0.291,0.28929,0.29037,2415835.087947
2026-03-09 04:00:00,0.29037,0.29049,0.289,0.28901,1348586.133051
2026-03-09 05:00:00,0.28901,0.28965,0.28901,0.28922,693587.577406
2026-03-09 06:00:00,0.28916,0.28916,0.28785,0.28847,2683149.583338
2026-03-09 07:00:00,0.28846,0.28871,0.28794,0.28825,775400.062937
2026-03-09 08:00:00,0.28826,0.28834,0.2878,0.28788,1335408.231818
2026-03-09 09:00:00,0.28788,0.28817,0.28755,0.28767,3062815.802171
2026-03-09 10:00:00,0.28767,0.28772,0.285,0.28527,1962205.312792
2026-03-09 11:00:00,0.28524,0.28571,0.2846,0.28508,2481927.614763
2026-03-09 12:00:00,0.28509,0.28527,0.28386,0.28511,3248384.577962
2026-03-09 13:00:00,0.2851,0.28544,0.2846,0.28521,2420741.184744
2026-03-09 14:00:00,0.28521,0.28521,0.28449,0.28486,1642155.120753
2026-03-09 15:00:00,0.28485,0.28561,0.28485,0.28541,1404621.586269
2026-03-09 16:00:00,0.28541,0.28574,0.28536,0.28552,1938227.17626
2026-03-09 17:00:00,0.28552,0.28584,0.28532,0.28575,1918250.435669
2026-03-09 18:00:00,0.28575,0.28635,0.28543,0.28569,2400876.893789
2026-03-09 19:00:00,0.28569,0.28613,0.28556,0.28604,2313414.260026
2026-03-09 20:00:00,0.28603,0.28626,0.28594,0.28602,2283743.895901
2026-03-09 21:00:00,0.28603,0.28622,0.28576,0.28597,1600950.874713
2026-03-09 22:00:00,0.28596,0.28605,0.28567,0.28593,1368943.070665
2026-03-09 23:00:00,0.28594,0.28599,0.28545,0.28561,1414169.211038
2026-03-10 00:00:00,0.2856,0.28585,0.28522,0.28565,1456657.180234
2026-03-10 01:00:00,0.28565,0.28583,0.28543,0.28583,1161948.459671
2026-03-10 02:00:00,0.28583,0.28648,0.28557,0.28593,1615045.30243
2026-03-10 03:00:00,0.28593,0.28602,0.2857,0.28602,752599.620963
2026-03-10 04:00:00,0.28602,0.28631,0.28602,0.28615,506371.710116
2026-03-10 05:00:00,0.28614,0.28623,0.28589,0.2861,420461.684427
2026-03-10 06:00:00,0.2861,0.28621,0.28593,0.28621,400189.328706
2026-03-10 07:00:00,0.2862,0.2863,0.28604,0.28619,920935.536446
2026-03-10 08:00:00,0.28618,0.28641,0.28559,0.28573,981895.73545
2026-03-10 09:00:00,0.28573,0.28613,0.28517,0.28567,1713489.02317
2026-03-10 10:00:00,0.28566,0.28566,0.28514,0.28537,1613966.7308
2026-03-10 11:00:00,0.28538,0.2854,0.284,0.28402,1658305.074435
2026-03-10 12:00:00,0.28402,0.28491,0.28389,0.28478,2085039.616247
2026-03-10 13:00:00,0.28479,0.28484,0.28366,0.284,2210804.840569
2026-03-10 14:00:00,0.28401,0.28482,0.28377,0.2846,3423899.409507
2026-03-10 15:00:00,0.28461,0.28476,0.2842,0.28433,1971551.779151
2026-03-10 16:00:00,0.28433,0.28488,0.2842,0.28433,2679229.356109
2026-03-10 17:00:00,0.28434,0.2849,0.28422,0.28465,2286114.685366
2026-03-10 18:00:00,0.28465,0.28475,0.28419,0.28464,2718004.907687
2026-03-10 19:00:00,0.28463,0.28553,0.28451,0.28535,2471516.782959
2026-03-10 20:00:00,0.28535,0.2856,0.28504,0.28514,3479881.26867
2026-03-10 21:00:00,0.28515,0.28566,0.28514,0.28544,3292947.635859
2026-03-10 22:00:00,0.28544,0.28572,0.28529,0.28557,2631185.658185
2026-03-10 23:00:00,0.28557,0.28609,0.28557,0.28585,1125249.277689
2026-03-11 00:00:00,0.28585,0.28601,0.28549,0.28556,960759.069688
2026-03-11 01:00:00,0.28555,0.28602,0.28555,0.28602,805105.260682
2026-03-11 02:00:00,0.28602,0.28608,0.28531,0.28599,825484.035152
2026-03-11 03:00:00,0.286,0.28689,0.2859,0.28676,1148138.081202
2026-03-11 04:00:00,0.28676,0.28691,0.28673,0.28687,494326.456442
2026-03-11 05:00:00,0.28687,0.28689,0.2865,0.28663,746492.194699
2026-03-11 06:00:00,0.28664,0.28778,0.28663,0.28747,1804194.22369
2026-03-11 07:00:00,0.28746,0.28746,0.28697,0.28703,1073281.174306
2026-03-11 08:00:00,0.28703,0.28769,0.28688,0.28734,1616414.755532
2026-03-11 09:00:00,0.28734,0.28801,0.28729,0.288,1671438.17513
2026-03-11 10:00:00,0.288,0.28853,0.288,0.28826,1545629.359526
2026-03-11 11:00:00,0.28826,0.28842,0.28789,0.2881,1339080.777632
2026-03-11 12:00:00,0.28809,0.2892,0.288,0.28856,2055964.125151
2026-03-11 13:00:00,0.28856,0.2894,0.28855,0.28926,2064533.417729
2026-03-11 14:00:00,0.28926,0.28993,0.28926,0.28983,1862116.759634
2026-03-11 15:00:00,0.28984,0.29054,0.28984,0.29044,3373271.630511
2026-03-11 16:00:00,0.29044,0.29091,0.29043,0.29091,2140270.749466
2026-03-11 17:00:00,0.29091,0.29169,0.29023,0.29061,3346797.724788
2026-03-11 18:00:00,0.29062,0.29138,0.28989,0.29037,2860676.635433
2026-03-11 19:00:00,0.29037,0.29061,0.28993,0.2902,2569303.248612
2026-03-11 20:00:00,0.29021,0.29139,0.2902,0.29138,2890168.489579
2026-03-11 21:00:00,0.29139,0.29139,0.29067,0.29067,2082132.957184
2026-03-11 22:00:00,0.29067,0.29089,0.29045,0.29068,2602395.854695
2026-03-11 23:00:00,0.29069,0.29134,0.29068,0.29134,1926585.897752
2026-03-12 00:00:00,0.29134,0.2921,0.29047,0.29078,2595984.364647
2026-03-12 01:00:00,0.29078,0.29078,0.29007,0.29018,1631760.25628
2026-03-12 02:00:00,0.2902,0.29036,0.28991,0.29011,729134.144929
2026-03-12 03:00:00,0.2901,0.29028,0.28968,0.28987,1319028.876841
2026-03-12 04:00:00,0.28986,0.28996,0.28937,0.2897,794313.12864
2026-03-12 05:00:00,0.2897,0.28976,0.28955,0.28976,568197.181177
2026-03-12 06:00:00,0.28976,0.29041,0.28975,0.28982,722709.163046
2026-03-12 07:00:00,0.28982,0.29,0.28971,0.28978,676135.7881
2026-03-12 08:00:00,0.28978,0.28989,0.28962,0.28985,905697.69669
2026-03-12 09:00:00,0.28985,0.29035,0.28983,0.29005,1251705.565384
2026-03-12 10:00:00,0.29004,0.29036,0.28941,0.28944,1294749.232368
2026-03-12 11:00:00,0.28943,0.28943,0.28905,0.28913,1343530.399972
2026-03-12 12:00:00,0.28912,0.28913,0.28865,0.28878,1668548.729131
2026-03-12 13:00:00,0.28878,0.28898,0.2886,0.28886,1738909.350939
2026-03-12 14:00:00,0.28886,0.28951,0.28876,0.28951,2121491.522638
2026-03-12 15:00:00,0.28951,0.28975,0.28928,0.28966,1354400.426161
2026-03-12 16:00:00,0.28965,0.28966,0.28893,0.28917,3055958.206069
2026-03-12 17:00:00,0.28917,0.28954,0.28904,0.28917,1532960.144497
2026-03-12 18:00:00,0.28916,0.28926,0.28884,0.28892,1481708.442855
2026-03-12 19:00:00,0.28891,0.28921,0.28866,0.28891,2523338.877118
2026-03-12 20:00:00,0.28892,0.28903,0.28886,0.28886,2185183.00569
2026-03-12 21:00:00,0.28887,0.28966,0.28883,0.28927,2635900.0305
2026-03-12 22:00:00,0.28926,0.28926,0.28883,0.28905,2481360.486478
2026-03-12 23:00:00,0.28907,0.28927,0.28885,0.28913,1834985.857701
2026-03-13 00:00:00,0.28913,0.29043,0.28886,0.29024,2075731.491841
2026-03-13 01:00:00,0.29024,0.29079,0.29011,0.29044,2152848.698869
2026-03-13 02:00:00,0.29044,0.29046,0.28989,0.29012,1196982.116949
2026-03-13 03:00:00,0.29011,0.29017,0.28992,0.28995,584106.415095
2026-03-13 04:00:00,0.28994,0.28999,0.28969,0.28987,556110.213077
2026-03-13 05:00:00,0.28986,0.28998,0.2897,0.28974,656810.536344
2026-03-13 06:00:00,0.28971,0.28987,0.28917,0.28939,853872.084247
2026-03-13 07:00:00,0.28938,0.28938,0.28907,0.28914,998239.185292
2026-03-13 08:00:00,0.28913,0.28987,0.28912,0.28963,968912.741991
2026-03-13 09:00:00,0.28963,0.28963,0.28908,0.28951,1254608.051105
2026-03-13 10:00:00,0.28949,0.28971,0.28858,0.28874,2411769.358381
2026-03-13 11:00:00,0.28874,0.28889,0.28856,0.28875,1918079.155812
2026-03-13 12:00:00,0.28875,0.28937,0.28855,0.28918,1788178.590382
2026-03-13 13:00:00,0.28917,0.28927,0.28875,0.28922,2281405.677634
2026-03-13 14:00:00,0.28922,0.29049,0.28922,0.28994,3741053.46279
2026-03-13 15:00:00,0.28993,0.29024,0.28951,0.28965,2856507.148323
2026-03-13 16:00:00,0.28966,0.29012,0.28953,0.29007,3435087.163165
2026-03-13 17:00:00,0.29006,0.29069,0.29,0.29067,2676196.145699
2026-03-13 18:00:00,0.29067,0.29147,0.29066,0.29091,3117000.719651
2026-03-13 19:00:00,0.29092,0.29193,0.29087,0.29192,3650615.704564
2026-03-13 20:00:00,0.29193,0.29237,0.29169,0.29181,3264613.839831
2026-03-13 21:00:00,0.29182,0.2925,0.29182,0.29249,3965915.582785
2026-03-13 22:00:00,0.29248,0.29287,0.29219,0.29266,3268625.004675
2026-03-13 23:00:00,0.29266,0.29356,0.29266,0.29349,3107701.901026
2026-03-14 00:00:00,0.29349,0.29408,0.29282,0.29327,3372329.750058
2026-03-14 01:00:00,0.29327,0.29384,0.29313,0.29329,1910814.655182
2026-03-14 02:00:00,0.2933,0.29386,0.29329,0.29374,1501568.698459
2026-03-14 03:00:00,0.29374,0.29408,0.29374,0.29408,685477.921072
2026-03-14 04:00:00,0.29408,0.29453,0.29384,0.29408,1234796.939285
2026-03-14 05:00:00,0.29408,0.2945,0.29407,0.29448,1137130.362217
2026-03-14 06:00:00,0.29449,0.29465,0.29345,0.29398,964468.165903
2026-03-14 07:00:00,0.29398,0.29412,0.29372,0.29408,712803.080269
2026-03-14 08:00:00,0.29408,0.29408,0.29333,0.29341,2144689.393837
2026-03-14 09:00:00,0.29341,0.2941,0.2934,0.29368,2387252.169266
2026-03-14 10:00:00,0.29369,0.29439,0.29368,0.2943,2151672.858533
2026-03-14 11:00:00,0.2943,0.29499,0.2943,0.29495,1841402.615424
2026-03-14 12:00:00,0.29495,0.29723,0.29495,0.29723,4744967.078708
2026-03-14 13:00:00,0.29723,0.29736,0.29649,0.29658,2675589.731492
2026-03-14 14:00:00,0.29658,0.2977,0.29657,0.29747,2696641.620334
2026-03-14 15:00:00,0.29749,0.29836,0.29748,0.29829,2884747.99353
2026-03-14 16:00:00,0.2983,0.29885,0.29819,0.29882,2156774.926517
2026-03-14 17:00:00,0.29882,0.29923,0.29695,0.29721,3367813.840043
2026-03-14 18:00:00,0.29721,0.29747,0.29666,0.29687,2542395.355351
2026-03-14 19:00:00,0.29687,0.29717,0.29665,0.29717,2360745.00084
2026-03-14 20:00:00,0.29717,0.29718,0.29676,0.29718,1771236.63712
2026-03-14 21:00:00,0.29717,0.2976,0.297,0.29738,3690740.575777
2026-03-14 22:00:00,0.29738,0.29785,0.29736,0.29784,3955685.092108
2026-03-14 23:00:00,0.29784,0.29819,0.29784,0.2979,3514807.34691
2026-03-15 00:00:00,0.29791,0.29805,0.29757,0.2978,3098660.64233
2026-03-15 01:00:00,0.2978,0.29786,0.29685,0.29704,2063245.866852
2026-03-15 02:00:00,0.29705,0.29734,0.29693,0.29717,794607.464507
2026-03-15 03:00:00,0.29716,0.29725,0.29669,0.29698,1242597.736178
2026-03-15 04:00:00,0.29698,0.29698,0.29641,0.29649,1020043.100868
2026-03-15 05:00:00,0.29649,0.29653,0.2961,0.29619,493962.62952
2026-03-15 06:00:00,0.29617,0.29626,0.29602,0.29625,898001.80436
2026-03-15 07:00:00,0.29624,0.2963,0.29593,0.29629,637649.273171
2026-03-15 08:00:00,0.2963,0.29694,0.29621,0.29686,1282750.617777
2026-03-15 09:00:00,0.29686,0.29735,0.29685,0.29713,1545319.771875
2026-03-15 10:00:00,0.29713,0.29715,0.29669,0.29674,1516707.740974
2026-03-15 11:00:00,0.29675,0.29784,0.29639,0.29743,2793644.920739
2026-03-15 12:00:00,0.29742,0.29786,0.29722,0.29786,1719089.34196
2026-03-15 13:00:00,0.29786,0.29837,0.29757,0.29799,3355784.782597
2026-03-15 14:00:00,0.29798,0.29814,0.29756,0.29764,2485550.061536
2026-03-15 15:00:00,0.29763,0.29889,0.29762,0.2988,2030116.375049
2026-03-15 16:00:00,0.29882,0.29882,0.2983,0.29854,2770562.740476
2026-03-15 17:00:00,0.29854,0.29888,0.29849,0.29878,2114562.681159
2026-03-15 18:00:00,0.29879,0.2988,0.29819,0.29846,2080938.597734
2026-03-15 19:00:00,0.29845,0.29918,0.29835,0.29884,2504799.227364
2026-03-15 20:00:00,0.29884,0.29886,0.29838,0.29848,1924295.523333
2026-03-15 21:00:00,0.29847,0.29864,0.29825,0.29835,3614134.565376
2026-03-15 22:00:00,0.29836,0.29884,0.29827,0.29856,3114702.374185
2026-03-15 23:00:00,0.29855,0.29896,0.29849,0.29871,2478547.763736
2026-03-16 00:00:00,0.2987,0.29871,0.29798,0.29799,1512746.484002
2026-03-16 01:00:00,0.29799,0.29814,0.29785,0.29799,1349379.069031
2026-03-16 02:00:00,0.298,0.29809,0.29746,0.29751,1311504.696435
2026-03-16 03:00:00,0.29751,0.29824,0.29727,0.29805,1779136.443789
2026-03-16 04:00:00,0.29803,0.29826,0.29793,0.29798,940320.930801
2026-03-16 05:00:00,0.29798,0.29841,0.29796,0.29837,898208.328796
2026-03-16 06:00:00,0.29837,0.29849,0.29779,0.29785,949340.460909
2026-03-16 07:00:00,0.29782,0.29782,0.29655,0.29667,1713344.365876
2026-03-16 08:00:00,0.29666,0.29686,0.29641,0.29671,1142003.394239
2026-03-16 09:00:00,0.29672,0.29841,0.29652,0.29815,1705845.653492
2026-03-16 10:00:00,0.29816,0.29837,0.29798,0.29834,1316019.265693
2026-03-16 11:00:00,0.29834,0.29851,0.298,0.2984,1810437.449745
2026-03-16 12:00:00,0.29841,0.29864,0.29831,0.29836,2069203.178817
2026-03-16 13:00:00,0.29836,0.29845,0.29814,0.2983,1310871.446596
2026-03-16 14:00:00,0.2983,0.29838,0.29775,0.29787,2068650.148738
2026-03-16 15:00:00,0.29787,0.29801,0.29768,0.29777,1725333.478179
2026-03-16 16:00:00,0.29778,0.29874,0.29777,0.29874,1815337.510049
2026-03-16 17:00:00,0.29874,0.29874,0.29664,0.29689,1939000.447984
2026-03-16 18:00:00,0.29689,0.29719,0.29671,0.29713,1896328.749522
2026-03-16 19:00:00,0.29713,0.29745,0.29577,0.29596,4143726.882096
2026-03-16 20:00:00,0.29597,0.29597,0.29541,0.29579,3006277.149295
2026-03-16 21:00:00,0.29579,0.29596,0.29538,0.29549,4906372.578305
2026-03-16 22:00:00,0.29549,0.29581,0.29515,0.29555,2867506.734433
2026-03-16 23:00:00,0.29555,0.29578,0.29535,0.29559,1680863.192235
2026-03-17 00:00:00,0.2956,0.29575,0.29524,0.29558,1669219.165733
2026-03-17 01:00:00,0.29559,0.2966,0.29539,0.29579,1961254.351593
2026-03-17 02:00:00,0.29578,0.29646,0.29563,0.29646,900402.194181
2026-03-17 03:00:00,0.29646,0.29715,0.29617,0.29703,1442558.676739
2026-03-17 04:00:00,0.29704,0.29723,0.29659,0.29671,926374.688266
2026-03-17 05:00:00,0.2967,0.2967,0.29617,0.29658,989194.289113
2026-03-17 06:00:00,0.29658,0.29735,0.2964,0.29734,1077603.627507
2026-03-17 07:00:00,0.29734,0.29894,0.29734,0.29879,1975484.486423
2026-03-17 08:00:00,0.2988,0.2999,0.2988,0.29989,2373085.301962
2026-03-17 09:00:00,0.29989,0.30273,0.29988,0.30124,4520801.431134
2026-03-17 10:00:00,0.30124,0.30186,0.30051,0.30174,2253941.474239
2026-03-17 11:00:00,0.30175,0.30288,0.30134,0.30194,2809064.662116
2026-03-17 12:00:00,0.30194,0.30298,0.30194,0.30237,1371223.55642
2026-03-17 13:00:00,0.30236,0.3026,0.30188,0.30247,2578876.868052
2026-03-17 14:00:00,0.30249,0.30478,0.3024,0.30469,3068270.541137
2026-03-17 15:00:00,0.30469,0.305,0.30336,0.30442,4102828.552816
2026-03-17 16:00:00,0.30441,0.30489,0.3037,0.30427,2298375.896762
2026-03-17 17:00:00,0.30427,0.30557,0.30393,0.30547,2701551.619276
2026-03-17 18:00:00,0.30547,0.30577,0.30408,0.30456,3639478.000701
2026-03-17 19:00:00,0.30456,0.30611,0.30452,0.306,2746131.920609
2026-03-17 20:00:00,0.306,0.30669,0.30504,0.30603,2994760.21933
2026-03-17 21:00:00,0.30604,0.30639,0.30556,0.30628,4053712.964916
2026-03-17 22:00:00,0.30628,0.30751,0.30591,0.30625,3296355.343587
2026-03-17 23:00:00,0.30625,0.30741,0.30625,0.30675,1767527.792634
2026-03-18 00:00:00,0.30676,0.30892,0.30676,0.30837,3668992.679848
2026-03-18 01:00:00,0.30837,0.30947,0.30824,0.30923,2014205.82281
2026-03-18 02:00:00,0.30923,0.30923,0.30788,0.30804,1275835.983185
2026-03-18 03:00:00,0.30803,0.30803,0.3055,0.30612,1139967.322336
2026-03-18 04:00:00,0.30611,0.30653,0.30439,0.30453,1711166.890077
2026-03-18 05:00:00,0.30452,0.3046,0.30313,0.30315,1139883.654277
2026-03-18 06:00:00,0.30314,0.30342,0.30241,0.3026,972027.884223
2026-03-18 07:00:00,0.30261,0.30283,0.3014,0.30187,1591466.432494
2026-03-18 08:00:00,0.30187,0.30344,0.30121,0.30275,2671935.722017
2026-03-18 09:00:00,0.30275,0.30303,0.30231,0.30264,1522764.00832
2026-03-18 10:00:00,0.30264,0.30437,0.3024,0.30372,1816669.051623
2026-03-18 11:00:00,0.30372,0.30372,0.30223,0.30275,2209025.183135
2026-03-18 12:00:00,0.30274,0.3028,0.29917,0.30009,3678571.559179
2026-03-18 13:00:00,0.30008,0.30156,0.29972,0.30156,2079901.000434
2026-03-18 14:00:00,0.30156,0.30191,0.30072,0.30108,2534632.701384
2026-03-18 15:00:00,0.30108,0.30256,0.30084,0.30221,2586336.889187
2026-03-18 16:00:00,0.30221,0.30315,0.30178,0.30254,2570249.678059
2026-03-18 17:00:00,0.30255,0.30324,0.30167,0.30312,2623085.064308
2026-03-18 18:00:00,0.30313,0.30369,0.30238,0.3025,2663909.074424
2026-03-18 19:00:00,0.30251,0.30434,0.30245,0.30414,3489225.568074
2026-03-18 20:00:00,0.30415,0.30418,0.30291,0.30308,2764753.184945
2026-03-18 21:00:00,0.30308,0.30459,0.30307,0.30437,4141808.259273
2026-03-18 22:00:00,0.30436,0.30436,0.30376,0.30415,2734440.015208
2026-03-18 23:00:00,0.30417,0.30463,0.30387,0.30451,1949151.618774
2026-03-19 00:00:00,0.30451,0.3053,0.30384,0.30405,2062356.735223
2026-03-19 01:00:00,0.30405,0.30516,0.30362,0.3046,1798436.671185
2026-03-19 02:00:00,0.30463,0.30528,0.30374,0.30375,1463031.534546
2026-03-19 03:00:00,0.30374,0.30501,0.30367,0.3043,1041640.006865
2026-03-19 04:00:00,0.30429,0.30488,0.30386,0.30388,1312580.674131
2026-03-19 05:00:00,0.30388,0.30415,0.30354,0.30404,994919.952358
2026-03-19 06:00:00,0.30404,0.30497,0.30353,0.30373,971831.275057
2026-03-19 07:00:00,0.30373,0.30383,0.30252,0.30266,1773889.373584
2026-03-19 08:00:00,0.30266,0.3035,0.30148,0.3018,1458671.079365
2026-03-19 09:00:00,0.30179,0.30291,0.30119,0.30218,2289886.060501
2026-03-19 10:00:00,0.30218,0.30338,0.30207,0.30273,1573551.383012
2026-03-19 11:00:00,0.30273,0.30377,0.30248,0.30305,1692738.754786
2026-03-19 12:00:00,0.30304,0.30319,0.30183,0.30192,1397456.157658
2026-03-19 13:00:00,0.30191,0.30325,0.30141,0.30325,2505976.103382
2026-03-19 14:00:00,0.30325,0.30331,0.30234,0.30322,2500608.801808
2026-03-19 15:00:00,0.30321,0.30329,0.2998,0.30001,3654837.686567
2026-03-19 16:00:00,0.29998,0.30042,0.29912,0.30042,3810055.964974
2026-03-19 17:00:00,0.30042,0.30115,0.29931,0.30096,3544585.032711
2026-03-19 18:00:00,0.30095,0.3012,0.2998,0.30071,2809328.119031
2026-03-19 19:00:00,0.30072,0.30114,0.30031,0.30102,4598378.475874
2026-03-19 20:00:00,0.30101,0.3024,0.30077,0.30238,3599772.603999
2026-03-19 21:00:00,0.30239,0.30332,0.30234,0.30329,3412754.046142
2026-03-19 22:00:00,0.30326,0.30437,0.30288,0.30436,4071014.743011
2026-03-19 23:00:00,0.30437,0.30473,0.30298,0.30365,2978090.624597
2026-03-20 00:00:00,0.30363,0.30465,0.30319,0.30398,2015477.554256
2026-03-20 01:00:00,0.30398,0.30455,0.30377,0.3041,1364795.878293
2026-03-20 02:00:00,0.30413,0.30475,0.30376,0.30411,899892.723685
2026-03-20 03:00:00,0.30411,0.30439,0.30397,0.30411,1196247.885085
2026-03-20 04:00:00,0.30411,0.30425,0.30366,0.30372,351001.800697
2026-03-20 05:00:00,0.30372,0.30379,0.30324,0.30336,585126.818583
2026-03-20 06:00:00,0.30337,0.30386,0.30321,0.30342,616537.278256
2026-03-20 07:00:00,0.30339,0.30491,0.30282,0.30431,1211796.984807
2026-03-20 08:00:00,0.30431,0.30581,0.30393,0.30532,2097734.909849
2026-03-20 09:00:00,0.30532,0.30564,0.305,0.30564,1533966.541088
2026-03-20 10:00:00,0.30564,0.30768,0.30558,0.30726,2600652.69108
2026-03-20 11:00:00,0.30726,0.30751,0.30598,0.30635,1786510.056753
2026-03-20 12:00:00,0.30636,0.30725,0.3053,0.30594,1540701.08933
2026-03-20 13:00:00,0.30595,0.30722,0.3057,0.30635,2579284.206675
2026-03-20 14:00:00,0.30636,0.30689,0.30583,0.30621,1662440.864576
2026-03-20 15:00:00,0.30621,0.30835,0.30562,0.3081,2167885.838179
2026-03-20 16:00:00,0.30809,0.30814,0.3071,0.30792,2285346.500777
2026-03-20 17:00:00,0.30792,0.3091,0.3076,0.3088,2976585.383595
2026-03-20 18:00:00,0.30883,0.30961,0.30816,0.30893,3076402.948227
2026-03-20 19:00:00,0.30893,0.31016,0.30893,0.30991,4366818.235767
2026-03-20 20:00:00,0.30993,0.31068,0.30937,0.31005,3186751.462817
2026-03-20 21:00:00,0.31005,0.31078,0.30941,0.30968,4565988.581652
2026-03-20 22:00:00,0.30968,0.31081,0.30967,0.31061,2714919.594068
2026-03-20 23:00:00,0.3106,0.3109,0.30959,0.30963,2730453.47278
2026-03-21 00:00:00,0.30958,0.30997,0.30812,0.30878,1963541.811275
2026-03-21 01:00:00,0.30877,0.30878,0.30801,0.30844,1213342.81248
2026-03-21 02:00:00,0.30844,0.30845,0.30769,0.3082,630014.792142
2026-03-21 03:00:00,0.3082,0.30884,0.30774,0.30882,556683.039388
2026-03-21 04:00:00,0.30882,0.30973,0.30865,0.30901,819425.609115
2026-03-21 05:00:00,0.30901,0.30925,0.30887,0.30919,548094.594776
2026-03-21 06:00:00,0.30919,0.31282,0.30873,0.31199,2596306.695662
2026-03-21 07:00:00,0.312,0.31302,0.30923,0.30926,2195545.707842
2026-03-21 08:00:00,0.30926,0.30936,0.30838,0.30884,1750153.538502
2026-03-21 09:00:00,0.30884,0.31009,0.30872,0.30978,1414284.427191
2026-03-21 10:00:00,0.30981,0.31053,0.30911,0.31053,1764768.056179
2026-03-21 11:00:00,0.31054,0.3107,0.30964,0.31019,1301474.753038
2026-03-21 12:00:00,0.3102,0.31081,0.30911,0.30939,1916819.904131
2026-03-21 13:00:00,0.30939,0.30954,0.30853,0.30908,2588456.48531
2026-03-21 14:00:00,0.30908,0.30911,0.30803,0.30826,2875727.871886
2026-03-21 15:00:00,0.30828,0.30929,0.30818,0.30918,2842713.254813
2026-03-21 16:00:00,0.30919,0.30958,0.30858,0.3092,2592215.335242
2026-03-21 17:00:00,0.30919,0.31166,0.30904,0.31163,2964720.166276
2026-03-21 18:00:00,0.31164,0.3117,0.31068,0.3108,2167127.074082
2026-03-21 19:00:00,0.3108,0.3112,0.31031,0.31058,2198752.902888
2026-03-21 20:00:00,0.31057,0.3113,0.31042,0.31063,2627277.4958
2026-03-21 21:00:00,0.31062,0.31126,0.31059,0.31095,2353251.195065
2026-03-21 22:00:00,0.31095,0.31222,0.31088,0.31215,2339064.692229
2026-03-21 23:00:00,0.31214,0.31361,0.3113,0.31207,2574471.901807
2026-03-22 00:00:00,0.31207,0.3125,0.31042,0.31099,2627181.767185
2026-03-22 01:00:00,0.311,0.31143,0.31044,0.31098,1221112.445742
2026-03-22 02:00:00,0.31098,0.31098,0.30857,0.30897,1462546.910231
2026-03-22 03:00:00,0.30896,0.30921,0.30796,0.30895,1314455.925796
2026-03-22 04:00:00,0.30895,0.30934,0.30806,0.30841,702469.263741
2026-03-22 05:00:00,0.30843,0.30911,0.30812,0.30872,683606.806107
2026-03-22 06:00:00,0.30872,0.31018,0.30833,0.31012,1467798.7442
2026-03-22 07:00:00,0.31016,0.31034,0.30853,0.30862,1373506.830514
2026-03-22 08:00:00,0.30862,0.30946,0.30856,0.30906,1149449.046044
2026-03-22 09:00:00,0.30907,0.31019,0.30894,0.30984,1203017.369351
2026-03-22 10:00:00,0.30984,0.31005,0.30922,0.30996,1000812.751501
2026-03-22 11:00:00,0.30997,0.31145,0.30997,0.3106,1290273.708168
2026-03-22 12:00:00,0.31066,0.31365,0.31062,0.31315,2872491.396693
2026-03-22 13:00:00,0.3131,0.31421,0.31252,0.31334,3296593.962997
2026-03-22 14:00:00,0.31334,0.31518,0.31298,0.31391,3959888.864114
2026-03-22 15:00:00,0.31397,0.31491,0.31397,0.31482,3006349.916242
2026-03-22 16:00:00,0.31479,0.3174,0.31479,0.31697,3801611.83126
2026-03-22 17:00:00,0.31705,0.31797,0.31673,0.31786,3693241.618718
2026-03-22 18:00:00,0.31783,0.31834,0.31727,0.31805,3382267.773251
2026-03-22 19:00:00,0.31803,0.31852,0.31775,0.318,2529450.860154
2026-03-22 20:00:00,0.31799,0.31898,0.3177,0.31784,3228572.830993
2026-03-22 21:00:00,0.31779,0.31812,0.3137,0.31392,3922571.875897
2026-03-22 22:00:00,0.31392,0.3145,0.31143,0.31168,3499803.337453
2026-03-22 23:00:00,0.31168,0.31191,0.31018,0.31038,2617488.036767
2026-03-23 00:00:00,0.31037,0.3113,0.30962,0.31044,2832886.95326
2026-03-23 01:00:00,0.31041,0.31195,0.31033,0.31041,1126706.597834
2026-03-23 02:00:00,0.31041,0.31041,0.30907,0.30951,1686263.233822
2026-03-23 03:00:00,0.30952,0.30992,0.30836,0.30895,1605254.628808
2026-03-23 04:00:00,0.30892,0.30927,0.30837,0.30925,553434.850824
2026-03-23 05:00:00,0.30925,0.30941,0.308,0.30861,833797.711627
2026-03-23 06:00:00,0.30864,0.30888,0.30666,0.30678,2159449.688191
2026-03-23 07:00:00,0.30683,0.30812,0.30503,0.308,2087624.530375
2026-03-23 08:00:00,0.30802,0.30862,0.30729,0.30757,1402553.285235
2026-03-23 09:00:00,0.30757,0.30758,0.30624,0.30712,1451778.533003
2026-03-23 10:00:00,0.30712,0.30791,0.30683,0.30706,1204576.335046
2026-03-23 11:00:00,0.30707,0.31067,0.30703,0.30819,3700231.572281
2026-03-23 12:00:00,0.30819,0.30952,0.30801,0.30908,1916509.406045
2026-03-23 13:00:00,0.30912,0.31068,0.30865,0.31067,2439825.929064
2026-03-23 14:00:00,0.31068,0.31081,0.3066,0.30803,2585443.23787
2026-03-23 15:00:00,0.30799,0.30799,0.3048,0.30562,3342313.544671
2026-03-23 16:00:00,0.30562,0.30688,0.30558,0.30588,2103921.186072
2026-03-23 17:00:00,0.30591,0.30612,0.305,0.30501,2518580.678241
2026-03-23 18:00:00,0.305,0.3054,0.30335,0.30401,3393411.571305
2026-03-23 19:00:00,0.30401,0.30552,0.30399,0.30454,3014545.862541
2026-03-23 20:00:00,0.30455,0.30459,0.30405,0.30418,2328686.42939
2026-03-23 21:00:00,0.30417,0.30576,0.30383,0.30523,2624132.656546
2026-03-23 22:00:00,0.30524,0.30631,0.3047,0.30619,1344149.208265
2026-03-23 23:00:00,0.30618,0.30822,0.30546,0.30814,2184500.230367
2026-03-24 00:00:00,0.30815,0.3089,0.30695,0.3086,2462944.482173
2026-03-24 01:00:00,0.30858,0.30942,0.3084,0.3084,1393605.293535
2026-03-24 02:00:00,0.3084,0.30958,0.30825,0.30873,727889.59496
2026-03-24 03:00:00,0.30874,0.3104,0.30869,0.31017,811254.862441
2026-03-24 04:00:00,0.31016,0.31042,0.30934,0.31033,925421.389642
2026-03-24 05:00:00,0.31034,0.31093,0.30978,0.31027,1033794.34856
2026-03-24 06:00:00,0.31027,0.31096,0.31026,0.31065,757960.679438
2026-03-24 07:00:00,0.31065,0.31082,0.31011,0.3102,1395913.800048
2026-03-24 08:00:00,0.31019,0.31042,0.30935,0.30986,1187268.790472
2026-03-24 09:00:00,0.30987,0.30997,0.30821,0.3093,1677390.574694
2026-03-24 10:00:00,0.30931,0.31031,0.30901,0.31031,1264677.909049
2026-03-24 11:00:00,0.31031,0.3117,0.31031,0.31049,1520552.613872
2026-03-24 12:00:00,0.3105,0.31217,0.31025,0.31116,2195942.427208
2026-03-24 13:00:00,0.31116,0.31139,0.30974,0.31026,2244246.152326
2026-03-24 14:00:00,0.31029,0.31112,0.30886,0.30971,2542198.99135
2026-03-24 15:00:00,0.30971,0.3105,0.30938,0.31025,1829695.806165
2026-03-24 16:00:00,0.31024,0.31063,0.3093,0.31027,2155777.542748
2026-03-24 17:00:00,0.31027,0.31103,0.30972,0.31033,2256208.118952
2026-03-24 18:00:00,0.3103,0.31075,0.31005,0.3103,1941128.771935
2026-03-24 19:00:00,0.31032,0.31058,0.30875,0.30878,2548813.503365
2026-03-24 20:00:00,0.30877,0.31005,0.30865,0.30866,2758731.839703
2026-03-24 21:00:00,0.30865,0.30902,0.30712,0.30808,3326092.88467
2026-03-24 22:00:00,0.30809,0.30844,0.30762,0.30772,2094772.608529
2026-03-24 23:00:00,0.30773,0.30773,0.30595,0.30603,4184682.203418
2026-03-25 00:00:00,0.30604,0.30667,0.3054,0.3062,2268149.411277
2026-03-25 01:00:00,0.30619,0.30766,0.3061,0.30755,1336760.553763
2026-03-25 02:00:00,0.30756,0.30777,0.30695,0.30715,688487.232448
2026-03-25 03:00:00,0.30716,0.30765,0.30666,0.30741,662019.687091
2026-03-25 04:00:00,0.30742,0.30753,0.30679,0.30689,425577.851863
2026-03-25 05:00:00,0.30688,0.30755,0.30668,0.30755,480909.268068
2026-03-25 06:00:00,0.30755,0.30792,0.30732,0.30732,647951.862731
2026-03-25 07:00:00,0.30733,0.3079,0.30731,0.30785,1044610.47377
2026-03-25 08:00:00,0.30785,0.30843,0.30784,0.30801,1609551.532154
2026-03-25 09:00:00,0.30801,0.30909,0.30801,0.30907,1424067.040784
2026-03-25 10:00:00,0.30906,0.3099,0.30906,0.30946,1506081.831001
2026-03-25 11:00:00,0.30947,0.30994,0.30931,0.30989,1089590.303362
2026-03-25 12:00:00,0.3099,0.31082,0.3096,0.30967,2188083.289139
2026-03-25 13:00:00,0.30966,0.31018,0.30959,0.31018,1631581.430143
2026-03-25 14:00:00,0.31018,0.31114,0.30977,0.3109,2662567.620993
2026-03-25 15:00:00,0.3109,0.31147,0.31067,0.31142,2104867.455888
2026-03-25 16:00:00,0.31143,0.31297,0.31142,0.31289,3069785.845466
2026-03-25 17:00:00,0.3129,0.3145,0.3128,0.31385,3460140.123137
2026-03-25 18:00:00,0.31385,0.31408,0.31242,0.314,2281432.946915
2026-03-25 19:00:00,0.31401,0.315,0.31401,0.31485,2141886.330772
2026-03-25 20:00:00,0.31484,0.31543,0.31468,0.31543,2962835.580064
2026-03-25 21:00:00,0.31543,0.31594,0.3138,0.31472,3329796.871423
2026-03-25 22:00:00,0.31472,0.31638,0.3147,0.31632,2547707.275797
2026-03-25 23:00:00,0.31631,0.31659,0.31423,0.31451,1962428.175374
2026-03-26 00:00:00,0.31451,0.31478,0.31302,0.31339,1511223.866625
2026-03-26 01:00:00,0.31339,0.31447,0.3133,0.31424,938205.901469
2026-03-26 02:00:00,0.31426,0.31435,0.3136,0.31409,1030761.284019
2026-03-26 03:00:00,0.31409,0.3147,0.3135,0.3147,1832623.696787
2026-03-26 04:00:00,0.3147,0.31584,0.31469,0.31565,1489996.083055
2026-03-26 05:00:00,0.31566,0.31629,0.3146,0.31462,1952492.936403
2026-03-26 06:00:00,0.31461,0.31507,0.31446,0.31504,1191280.493655
2026-03-26 07:00:00,0.31504,0.31517,0.31461,0.31472,1833998.294688
2026-03-26 08:00:00,0.31472,0.31518,0.31471,0.31504,1069300.470176
2026-03-26 09:00:00,0.31504,0.31522,0.31239,0.31252,3097866.582187
2026-03-26 10:00:00,0.3125,0.3125,0.31061,0.31121,2538483.693565
2026-03-26 11:00:00,0.31121,0.31208,0.31077,0.31196,1926721.296444
2026-03-26 12:00:00,0.31197,0.31299,0.31072,0.31152,2632495.066267
2026-03-26 13:00:00,0.31152,0.31153,0.31059,0.31143,2423408.016567
2026-03-26 14:00:00,0.31142,0.3121,0.31024,0.31112,2465984.12882
2026-03-26 15:00:00,0.31112,0.31142,0.31058,0.31103,2182791.490948
2026-03-26 16:00:00,0.31102,0.3116,0.311,0.31152,2419681.203153
2026-03-26 17:00:00,0.31152,0.31168,0.3099,0.31073,3432204.860108
2026-03-26 18:00:00,0.31073,0.31103,0.31037,0.31062,2758534.278278
2026-03-26 19:00:00,0.31062,0.31064,0.30919,0.30934,3731644.32445
2026-03-26 20:00:00,0.30934,0.31009,0.30901,0.30981,3787622.201969
2026-03-26 21:00:00,0.30977,0.31148,0.30974,0.31107,4178845.399982
2026-03-26 22:00:00,0.31107,0.31171,0.31102,0.3117,1952225.399381
2026-03-26 23:00:00,0.31171,0.31171,0.31122,0.31151,1066914.855596
2026-03-27 00:00:00,0.31151,0.31189,0.3112,0.31126,1732686.084159
2026-03-27 01:00:00,0.31127,0.31156,0.31073,0.31099,801890.830435
2026-03-27 02:00:00,0.311,0.31103,0.31048,0.31071,1074185.979269
2026-03-27 03:00:00,0.31072,0.31123,0.31045,0.31097,718303.887566
2026-03-27 04:00:00,0.31098,0.31418,0.31065,0.31407,1572254.988749
2026-03-27 05:00:00,0.31407,0.31545,0.31397,0.31462,1611271.38225
2026-03-27 06:00:00,0.31463,0.31538,0.31403,0.31503,1123925.791952
2026-03-27 07:00:00,0.31504,0.31686,0.31483,0.31646,944787.17885
2026-03-27 08:00:00,0.31646,0.31731,0.31571,0.31584,1782199.168512
2026-03-27 09:00:00,0.31584,0.31584,0.31313,0.31376,1545569.585686
2026-03-27 10:00:00,0.31376,0.31518,0.31188,0.31211,2539471.710048
2026-03-27 11:00:00,0.3121,0.31211,0.31073,0.31083,2169356.346075
2026-03-27 12:00:00,0.31083,0.31253,0.31076,0.31244,1294830.352092
2026-03-27 13:00:00,0.31244,0.313,0.31034,0.31034,2110187.68516
2026-03-27 14:00:00,0.31033,0.31034,0.30791,0.30834,2226778.853742
2026-03-27 15:00:00,0.30835,0.31051,0.30772,0.3092,3100343.021511
2026-03-27 16:00:00,0.30921,0.30921,0.30814,0.30852,2963767.225972
2026-03-27 17:00:00,0.30852,0.31001,0.30835,0.30891,2254233.662174
2026-03-27 18:00:00,0.30891,0.31022,0.30891,0.30966,3035041.291987
2026-03-27 19:00:00,0.30965,0.31094,0.30895,0.31044,3401543.413335
2026-03-27 20:00:00,0.31044,0.31156,0.31003,0.31144,2935672.518748
2026-03-27 21:00:00,0.31142,0.31201,0.31045,0.31066,2226961.099869
2026-03-27 22:00:00,0.31064,0.31139,0.31021,0.31036,1786207.282541
2026-03-27 23:00:00,0.31041,0.31139,0.3099,0.31135,1394513.529895
2026-03-28 00:00:00,0.31131,0.31146,0.31022,0.31033,924654.194685
2026-03-28 01:00:00,0.31033,0.31054,0.30985,0.30993,1011330.103879
2026-03-28 02:00:00,0.31005,0.31082,0.31,0.31031,1234370.418884
2026-03-28 03:00:00,0.31031,0.31131,0.31025,0.31031,494552.350214
2026-03-28 04:00:00,0.31029,0.31104,0.30993,0.3104,604756.181215
2026-03-28 05:00:00,0.31042,0.31057,0.31008,0.31049,530032.780403
2026-03-28 06:00:00,0.31049,0.31213,0.31031,0.31141,2175416.545579
2026-03-28 07:00:00,0.31141,0.31188,0.31129,0.31164,1087957.452118
2026-03-28 08:00:00,0.31164,0.31274,0.31164,0.3119,1071428.77497
2026-03-28 09:00:00,0.31191,0.31268,0.3114,0.31159,1629960.976698
2026-03-28 10:00:00,0.31159,0.31202,0.31068,0.31129,1260796.58401
2026-03-28 11:00:00,0.31129,0.31452,0.31125,0.31446,1723403.689925
2026-03-28 12:00:00,0.31446,0.31614,0.31392,0.31479,2282833.235317
2026-03-28 13:00:00,0.31479,0.31689,0.31471,0.31676,2417977.671694
2026-03-28 14:00:00,0.31678,0.31723,0.31581,0.31626,1976707.334372
2026-03-28 15:00:00,0.31626,0.31672,0.31494,0.31547,2201108.641748
2026-03-28 16:00:00,0.3155,0.31741,0.31549,0.31608,2447338.668229
2026-03-28 17:00:00,0.31609,0.31777,0.31608,0.3171,2075354.829564
2026-03-28 18:00:00,0.31708,0.31842,0.31702,0.31834,2394861.765354
2026-03-28 19:00:00,0.31835,0.31861,0.31759,0.31824,2145706.228404
2026-03-28 20:00:00,0.31825,0.31851,0.31633,0.31712,2506150.186256
2026-03-28 21:00:00,0.31706,0.3172,0.31638,0.31703,2660409.035285
2026-03-28 22:00:00,0.31702,0.31724,0.31619,0.31656,1959401.573067
2026-03-28 23:00:00,0.31656,0.31691,0.31605,0.31661,1667287.924198
2026-03-29 00:00:00,0.31665,0.31749,0.31576,0.31609,1578658.040157
2026-03-29 01:00:00,0.31607,0.31751,0.31575,0.31626,1353689.400334
2026-03-29 02:00:00,0.31626,0.3166,0.3156,0.31579,709487.201861
2026-03-29 03:00:00,0.3158,0.31605,0.31529,0.31531,836461.035953
2026-03-29 04:00:00,0.3153,0.31549,0.31489,0.31525,748752.107954
2026-03-29 05:00:00,0.31523,0.3165,0.31496,0.31634,558445.007771
2026-03-29 06:00:00,0.31634,0.31682,0.31527,0.31531,845240.202362
2026-03-29 07:00:00,0.31531,0.31832,0.31501,0.31777,1493133.809829
2026-03-29 08:00:00,0.31775,0.3199,0.31763,0.31948,1759156.402528
2026-03-29 09:00:00,0.3195,0.32025,0.31907,0.32005,2397488.46031
2026-03-29 10:00:00,0.32004,0.32009,0.31783,0.31869,1613662.625261
2026-03-29 11:00:00,0.31869,0.31974,0.31869,0.31971,1504413.458177
2026-03-29 12:00:00,0.3197,0.32009,0.31924,0.3197,1668698.278568
2026-03-29 13:00:00,0.3197,0.31996,0.31818,0.31849,2341874.159162
2026-03-29 14:00:00,0.31849,0.31999,0.31842,0.31906,1859920.982182
2026-03-29 15:00:00,0.31917,0.31921,0.31787,0.31801,2150089.27619
2026-03-29 16:00:00,0.31801,0.31839,0.31779,0.31815,2061741.399407
2026-03-29 17:00:00,0.3181,0.31941,0.31801,0.3187,2569183.533574
2026-03-29 18:00:00,0.3187,0.31965,0.31852,0.31963,2115505.421341
2026-03-29 19:00:00,0.31964,0.32032,0.31955,0.32032,2092080.479612
2026-03-29 20:00:00,0.32032,0.3241,0.32031,0.32356,4545409.604189
2026-03-29 21:00:00,0.32357,0.32378,0.32269,0.32331,2237126.686451
2026-03-29 22:00:00,0.32332,0.3247,0.32163,0.3224,2811722.888036
2026-03-29 23:00:00,0.32244,0.32341,0.32144,0.32188,1957436.817279
2026-03-30 00:00:00,0.32193,0.32251,0.32019,0.32047,2848689.98609
2026-03-30 01:00:00,0.32047,0.32264,0.32039,0.32257,1561968.783281
2026-03-30 02:00:00,0.3226,0.323,0.32169,0.32273,1099317.27312
2026-03-30 03:00:00,0.3227,0.32308,0.32239,0.32308,647876.121128
2026-03-30 04:00:00,0.32309,0.32354,0.32118,0.3216,1263379.508488
2026-03-30 05:00:00,0.32161,0.32355,0.32153,0.32328,2432988.325363
2026-03-30 06:00:00,0.32328,0.32349,0.32218,0.3222,2234003.574774
2026-03-30 07:00:00,0.3222,0.32288,0.32215,0.32259,544323.653636
2026-03-30 08:00:00,0.32259,0.3227,0.32148,0.3215,1836382.842226
2026-03-30 09:00:00,0.32151,0.323,0.3215,0.323,1778690.730662
2026-03-30 10:00:00,0.323,0.32413,0.32298,0.3238,1720288.516699
2026-03-30 11:00:00,0.32381,0.32408,0.32297,0.32393,2260928.422099
2026-03-30 12:00:00,0.32394,0.32439,0.31812,0.31827,5263340.050406
2026-03-30 13:00:00,0.31827,0.31942,0.31711,0.31909,4141847.271987
2026-03-30 14:00:00,0.31909,0.31922,0.31655,0.31731,2534244.749337
2026-03-30 15:00:00,0.31727,0.31839,0.31713,0.31806,2148908.180425
2026-03-30 16:00:00,0.31806,0.31918,0.31719,0.31918,2694535.034557
2026-03-30 17:00:00,0.31918,0.31978,0.31841,0.3195,2531955.842629
2026-03-30 18:00:00,0.31952,0.32152,0.31917,0.32082,3190113.317172
2026-03-30 19:00:00,0.32082,0.32108,0.31906,0.3204,3085384.340694
2026-03-30 20:00:00,0.32041,0.32066,0.31922,0.31999,2867817.780128
2026-03-30 21:00:00,0.32004,0.32064,0.31978,0.31982,2165856.582825
2026-03-30 22:00:00,0.31983,0.32059,0.31981,0.32027,1840889.374275
2026-03-30 23:00:00,0.32027,0.32028,0.31933,0.31999,1434982.560627
2026-03-31 00:00:00,0.32,0.32022,0.31879,0.31943,1047449.585402
2026-03-31 01:00:00,0.31942,0.32031,0.31897,0.31991,923566.66885
2026-03-31 02:00:00,0.31992,0.32042,0.31904,0.31904,742209.938639
2026-03-31 03:00:00,0.31905,0.31949,0.31847,0.31887,565382.178361
2026-03-31 04:00:00,0.31886,0.32035,0.3188,0.3203,749678.285212
2026-03-31 05:00:00,0.3203,0.32135,0.32013,0.32065,749354.050936
2026-03-31 06:00:00,0.3207,0.32143,0.32039,0.32116,885069.723483
2026-03-31 07:00:00,0.32116,0.32173,0.32092,0.32098,885899.330224
2026-03-31 08:00:00,0.32099,0.32099,0.31843,0.31932,1774518.973692
2026-03-31 09:00:00,0.31932,0.31934,0.31785,0.31865,1658174.878511
2026-03-31 10:00:00,0.31866,0.31904,0.31699,0.31716,1564446.314715
2026-03-31 11:00:00,0.31716,0.31716,0.31529,0.31536,3291713.287511
2026-03-31 12:00:00,0.31536,0.31627,0.31461,0.3161,2558980.340003
2026-03-31 13:00:00,0.31606,0.31606,0.3149,0.31532,1814643.047456
2026-03-31 14:00:00,0.31532,0.31545,0.31253,0.31307,3463368.946083
2026-03-31 15:00:00,0.31306,0.31306,0.31176,0.31217,3798183.347655
2026-03-31 16:00:00,0.31219,0.31221,0.31085,0.31169,4216401.001619
2026-03-31 17:00:00,0.31169,0.31409,0.31145,0.31296,4490141.636965
2026-03-31 18:00:00,0.31297,0.31325,0.3127,0.31303,3428426.105899
2026-03-31 19:00:00,0.31304,0.31347,0.31267,0.31315,2656501.866478
2026-03-31 20:00:00,0.31315,0.31373,0.31294,0.31343,3667328.551312
2026-03-31 21:00:00,0.31343,0.3141,0.31325,0.3133,4340717.525748
2026-03-31 22:00:00,0.31333,0.31398,0.31284,0.31341,2425068.858516
2026-03-31 23:00:00,0.31342,0.3142,0.31332,0.31339,2065542.869374
2026-04-01 00:00:00,0.31339,0.31427,0.31306,0.31409,1511684.566099
2026-04-01 01:00:00,0.3141,0.31465,0.3139,0.31421,1322323.066189
2026-04-01 02:00:00,0.31421,0.31488,0.3142,0.31468,994165.821974
2026-04-01 03:00:00,0.3147,0.31637,0.3147,0.31637,1431229.530491
2026-04-01 04:00:00,0.31637,0.31665,0.31595,0.31637,817548.649879
2026-04-01 05:00:00,0.3164,0.31648,0.31589,0.3159,869257.528788
2026-04-01 06:00:00,0.31589,0.31679,0.31511,0.3156,1351419.720046
2026-04-01 07:00:00,0.31559,0.31583,0.31401,0.31561,2458408.903818
2026-04-01 08:00:00,0.31564,0.31625,0.31491,0.31547,1969324.002677
2026-04-01 09:00:00,0.31547,0.31567,0.31498,0.31517,1899433.917224
2026-04-01 10:00:00,0.31517,0.316,0.31489,0.31596,991518.581204
2026-04-01 11:00:00,0.31597,0.31597,0.31565,0.31568,1133210.924276
2026-04-01 12:00:00,0.31568,0.31599,0.3152,0.31548,2660806.179794
2026-04-01 13:00:00,0.31549,0.31582,0.31461,0.31538,2645298.040785
2026-04-01 14:00:00,0.31538,0.31592,0.31496,0.3159,1570771.50219
2026-04-01 15:00:00,0.3159,0.31597,0.31501,0.31545,1809740.660099
2026-04-01 16:00:00,0.31546,0.31593,0.3154,0.31571,2457172.586174
2026-04-01 17:00:00,0.31572,0.3158,0.31464,0.31502,3344149.51462
2026-04-01 18:00:00,0.31503,0.31637,0.31475,0.31605,2712992.983697
2026-04-01 19:00:00,0.31605,0.3163,0.31545,0.31578,2118466.90651
2026-04-01 20:00:00,0.31577,0.31617,0.31527,0.31606,2299582.729161
2026-04-01 21:00:00,0.31606,0.31614,0.3153,0.31581,2823215.566391
2026-04-01 22:00:00,0.31581,0.31636,0.31527,0.31597,1934403.963136
2026-04-01 23:00:00,0.31597,0.31627,0.31553,0.31554,1791875.464235
2026-04-02 00:00:00,0.31553,0.31619,0.31533,0.31607,1020643.049993
2026-04-02 01:00:00,0.31606,0.31633,0.31533,0.31578,1326060.945552
2026-04-02 02:00:00,0.31578,0.31607,0.31487,0.31495,1237558.790597
2026-04-02 03:00:00,0.31496,0.315,0.31454,0.31461,1055587.688947
2026-04-02 04:00:00,0.31462,0.31492,0.31428,0.31438,1360942.693524
2026-04-02 05:00:00,0.31438,0.3153,0.31438,0.3153,1959736.929196
2026-04-02 06:00:00,0.3153,0.31576,0.31518,0.31562,1904792.543615
2026-04-02 07:00:00,0.31562,0.31583,0.31548,0.3157,794408.118778
2026-04-02 08:00:00,0.3157,0.31606,0.31529,0.31534,1730512.711992
2026-04-02 09:00:00,0.31535,0.31549,0.31521,0.31538,1449188.391369
2026-04-02 10:00:00,0.31536,0.31622,0.3153,0.31588,990344.487216
2026-04-02 11:00:00,0.31589,0.31607,0.31549,0.31587,1687191.255183
2026-04-02 12:00:00,0.31584,0.31648,0.31573,0.31626,1502874.887667
2026-04-02 13:00:00,0.31623,0.31661,0.3159,0.31609,1919452.873214
2026-04-02 14:00:00,0.31609,0.31641,0.31541,0.31542,2435924.882844
2026-04-02 15:00:00,0.3154,0.31547,0.31476,0.31492,3676579.866905
2026-04-02 16:00:00,0.31489,0.31529,0.31472,0.31519,1891834.428203
2026-04-02 17:00:00,0.31519,0.31521,0.3124,0.31402,3414585.728564
2026-04-02 18:00:00,0.31404,0.31518,0.31397,0.3151,1491929.030956
2026-04-02 19:00:00,0.31511,0.31532,0.31479,0.31532,1664383.073939
2026-04-02 20:00:00,0.31532,0.31547,0.31497,0.31504,2010719.28392
2026-04-02 21:00:00,0.31504,0.3155,0.31484,0.31541,1667856.88397
2026-04-02 22:00:00,0.31541,0.31545,0.31473,0.31505,1960612.347168
2026-04-02 23:00:00,0.31505,0.31546,0.31505,0.31528,1100503.198948
2026-04-03 00:00:00,0.31529,0.31537,0.31505,0.31526,673185.2911
2026-04-03 01:00:00,0.31525,0.31539,0.31489,0.31489,499793.408503
2026-04-03 02:00:00,0.3149,0.31491,0.31446,0.31467,590297.555319
2026-04-03 03:00:00,0.31468,0.31509,0.31449,0.31452,476122.828492
2026-04-03 04:00:00,0.31454,0.31465,0.3144,0.31465,417088.988806
2026-04-03 05:00:00,0.31463,0.31526,0.31462,0.3151,543809.549783
2026-04-03 06:00:00,0.3151,0.31541,0.31508,0.31533,636735.149038
2026-04-03 07:00:00,0.31534,0.31534,0.3147,0.31478,811749.648431
2026-04-03 08:00:00,0.31479,0.315,0.31428,0.31469,1754434.609724
2026-04-03 09:00:00,0.31469,0.31478,0.31265,0.31343,2054759.27193
2026-04-03 10:00:00,0.31342,0.31396,0.31323,0.31396,1282428.106397
2026-04-03 11:00:00,0.31395,0.31408,0.31318,0.31332,1926955.384704
2026-04-03 12:00:00,0.31332,0.31411,0.31332,0.31401,1814513.546997
2026-04-03 13:00:00,0.31401,0.3142,0.31364,0.31392,1596573.919368
2026-04-03 14:00:00,0.3139,0.31417,0.31338,0.31413,2533734.393642
2026-04-03 15:00:00,0.31413,0.31446,0.3139,0.31434,1605723.542637
2026-04-03 16:00:00,0.31434,0.31495,0.31427,0.31458,2220645.52431
2026-04-03 17:00:00,0.31458,0.315,0.31421,0.3149,1971111.259204
2026-04-03 18:00:00,0.3149,0.31506,0.31448,0.31452,2127287.58046
2026-04-03 19:00:00,0.31453,0.31497,0.31452,0.31491,2237089.136921
2026-04-03 20:00:00,0.3149,0.31492,0.31456,0.31482,2286469.038577
2026-04-03 21:00:00,0.31481,0.31517,0.3147,0.31493,2828923.514299
2026-04-03 22:00:00,0.31488,0.3155,0.31477,0.3154,2490501.589153
2026-04-03 23:00:00,0.3154,0.3155,0.3152,0.31525,1486925.440593
2026-04-04 00:00:00,0.31526,0.31578,0.31519,0.31568,718502.762879
2026-04-04 01:00:00,0.31569,0.31617,0.31557,0.31568,1139659.827794
2026-04-04 02:00:00,0.31569,0.31569,0.31499,0.31531,539177.650413
2026-04-04 03:00:00,0.3153,0.31552,0.31527,0.31546,257924.384309
2026-04-04 04:00:00,0.31547,0.31567,0.31536,0.31566,286162.797539
2026-04-04 05:00:00,0.31566,0.31572,0.31536,0.3157,371947.75567
2026-04-04 06:00:00,0.3157,0.31588,0.31567,0.31575,495452.882789
2026-04-04 07:00:00,0.31577,0.31621,0.31568,0.31621,758612.719919
2026-04-04 08:00:00,0.31621,0.31754,0.31615,0.31736,3354483.501786
2026-04-04 09:00:00,0.31736,0.318,0.3173,0.31746,1450876.815638
2026-04-04 10:00:00,0.31743,0.31797,0.31731,0.31773,1448703.108988
2026-04-04 11:00:00,0.3177,0.31794,0.31617,0.31721,1857581.266955
2026-04-04 12:00:00,0.3172,0.31738,0.31689,0.31704,1811577.343539
2026-04-04 13:00:00,0.31705,0.31735,0.31702,0.31735,1457001.112269
2026-04-04 14:00:00,0.31734,0.31749,0.31697,0.31728,1736064.531566
2026-04-04 15:00:00,0.31724,0.3173,0.31639,0.31688,1693510.079042
2026-04-04 16:00:00,0.31689,0.3176,0.31688,0.31747,1874755.351488
2026-04-04 17:00:00,0.31745,0.31784,0.31705,0.31728,1693096.716926
2026-04-04 18:00:00,0.31726,0.31775,0.31715,0.31763,1726065.341352
2026-04-04 19:00:00,0.31764,0.31789,0.31744,0.31755,2136684.081828
2026-04-04 20:00:00,0.31756,0.31798,0.31756,0.31793,2042785.110621
2026-04-04 21:00:00,0.31793,0.318,0.31766,0.31781,2894650.267798
2026-04-04 22:00:00,0.31781,0.31799,0.31772,0.3179,2113232.241632
2026-04-04 23:00:00,0.31791,0.31792,0.31749,0.31751,1523461.688003
2026-04-05 00:00:00,0.31751,0.31758,0.31707,0.31737,890760.820251
2026-04-05 01:00:00,0.31738,0.31744,0.31712,0.31739,542585.425657
2026-04-05 02:00:00,0.3174,0.31791,0.31728,0.31787,406970.78939
2026-04-05 03:00:00,0.31786,0.318,0.31762,0.31799,451162.13732
2026-04-05 04:00:00,0.31799,0.318,0.31781,0.31796,596265.649759
2026-04-05 05:00:00,0.31796,0.318,0.3174,0.31751,475583.995796
2026-04-05 06:00:00,0.31753,0.318,0.31729,0.31797,606565.082304
2026-04-05 07:00:00,0.31795,0.31799,0.3177,0.31789,414843.872565
2026-04-05 08:00:00,0.31789,0.318,0.3178,0.31798,1094343.826172
2026-04-05 09:00:00,0.31798,0.318,0.31749,0.31757,1034088.41232
2026-04-05 10:00:00,0.31757,0.31775,0.31748,0.31768,1021808.618864
2026-04-05 11:00:00,0.31765,0.31846,0.3176,0.31823,2283026.189939
2026-04-05 12:00:00,0.31824,0.31939,0.318,0.31879,2242500.260305
2026-04-05 13:00:00,0.31877,0.31935,0.31876,0.31935,2076455.695437
2026-04-05 14:00:00,0.31935,0.31952,0.31885,0.31891,1791877.332446
2026-04-05 15:00:00,0.3189,0.31924,0.31845,0.31882,2234057.231256
2026-04-05 16:00:00,0.31882,0.31939,0.31877,0.31938,2544239.196782
2026-04-05 17:00:00,0.31939,0.31965,0.31915,0.31951,2614883.849181
2026-04-05 18:00:00,0.3195,0.3198,0.31935,0.31943,2587423.809935
2026-04-05 19:00:00,0.31943,0.31958,0.31919,0.3192,2039004.472997
2026-04-05 20:00:00,0.31921,0.31952,0.31858,0.31866,2619225.007971
2026-04-05 21:00:00,0.31866,0.3193,0.31857,0.31913,2075974.776942
2026-04-05 22:00:00,0.31912,0.3194,0.31895,0.31931,1259259.739758
2026-04-05 23:00:00,0.31933,0.31934,0.31873,0.31885,1503029.254218
2026-04-06 00:00:00,0.31886,0.31953,0.31886,0.31891,1225089.634796
2026-04-06 01:00:00,0.31892,0.3194,0.31892,0.31925,525098.322987
2026-04-06 02:00:00,0.31925,0.31931,0.31809,0.31813,958525.445807
2026-04-06 03:00:00,0.31813,0.31879,0.31813,0.31825,1255030.291291
2026-04-06 04:00:00,0.31823,0.3185,0.31754,0.31754,1341577.966394
2026-04-06 05:00:00,0.31755,0.31794,0.31744,0.31794,564553.35413
2026-04-06 06:00:00,0.31794,0.31794,0.31728,0.31772,874150.52916
2026-04-06 07:00:00,0.31772,0.31773,0.31746,0.31763,812557.187166
2026-04-06 08:00:00,0.31762,0.31763,0.3174,0.31741,444859.976067
2026-04-06 09:00:00,0.31741,0.31785,0.31693,0.3171,1172313.304626
2026-04-06 10:00:00,0.3171,0.31746,0.31663,0.31706,1663370.58784
2026-04-06 11:00:00,0.31706,0.31845,0.31701,0.31838,1445916.988623
2026-04-06 12:00:00,0.31838,0.31864,0.31803,0.31843,1609023.330298
2026-04-06 13:00:00,0.31844,0.31865,0.31768,0.31801,1255937.820274
2026-04-06 14:00:00,0.31801,0.31806,0.31769,0.31783,939102.813257
2026-04-06 15:00:00,0.31783,0.31784,0.31702,0.31768,2509821.562081
2026-04-06 16:00:00,0.31768,0.31769,0.31631,0.31637,2505662.853108
2026-04-06 17:00:00,0.31637,0.31665,0.31613,0.31649,1917131.90982
2026-04-06 18:00:00,0.31648,0.31649,0.31576,0.31589,3278317.151789
2026-04-06 19:00:00,0.31589,0.3162,0.3158,0.31616,2281280.979789
2026-04-06 20:00:00,0.31611,0.31624,0.31572,0.31576,2863835.747209
2026-04-06 21:00:00,0.31579,0.31605,0.31518,0.31603,7953612.682104
2026-04-06 22:00:00,0.31602,0.31663,0.31588,0.31626,2725747.593524
2026-04-06 23:00:00,0.31624,0.31723,0.31558,0.31646,1590983.146308
2026-04-07 00:00:00,0.31647,0.31683,0.31621,0.31627,809729.009295
2026-04-07 01:00:00,0.31626,0.31683,0.31618,0.31629,1144815.219819
2026-04-07 02:00:00,0.3163,0.31665,0.31625,0.31662,560999.892928
2026-04-07 03:00:00,0.31663,0.31676,0.316,0.31611,492649.091222
2026-04-07 04:00:00,0.31612,0.31647,0.31602,0.31628,395864.605679
2026-04-07 05:00:00,0.31628,0.31664,0.31617,0.31653,463064.551932
2026-04-07 06:00:00,0.31653,0.3166,0.31591,0.3165,788331.435957
2026-04-07 07:00:00,0.31648,0.31671,0.31616,0.31629,736840.551765
2026-04-07 08:00:00,0.31627,0.31643,0.31612,0.31617,625857.64202
2026-04-07 09:00:00,0.31618,0.31618,0.31502,0.31521,2012807.787225
2026-04-07 10:00:00,0.3152,0.3154,0.31432,0.31482,2030637.166369
2026-04-07 11:00:00,0.31483,0.31485,0.31404,0.31453,1458847.77897
2026-04-07 12:00:00,0.31453,0.31463,0.31395,0.31404,2158991.217002
2026-04-07 13:00:00,0.31404,0.31427,0.31328,0.31406,3660721.962375
2026-04-07 14:00:00,0.31406,0.31434,0.31333,0.31348,3017593.305525
2026-04-07 15:00:00,0.31344,0.31405,0.31334,0.31404,1710481.673084
2026-04-07 16:00:00,0.31404,0.31441,0.31364,0.31425,2239792.507978
2026-04-07 17:00:00,0.31425,0.31452,0.31379,0.31433,2271157.450844
2026-04-07 18:00:00,0.31433,0.31433,0.31379,0.31404,1937513.863134
2026-04-07 19:00:00,0.31404,0.31442,0.314,0.31421,2064451.527369
2026-04-07 20:00:00,0.31421,0.31485,0.31417,0.31468,2251966.861655
2026-04-07 21:00:00,0.31467,0.31501,0.3144,0.31482,2906582.093191
2026-04-07 22:00:00,0.31482,0.3157,0.31473,0.31544,3071037.367641
2026-04-07 23:00:00,0.31545,0.31591,0.31506,0.31558,2005833.677009
2026-04-08 00:00:00,0.31558,0.31572,0.31473,0.31535,1522055.023035
2026-04-08 01:00:00,0.31535,0.31538,0.31469,0.31469,842425.162833
2026-04-08 02:00:00,0.31469,0.31529,0.31461,0.31516,1305201.692247
2026-04-08 03:00:00,0.31516,0.31596,0.31516,0.31593,783277.117524
2026-04-08 04:00:00,0.31593,0.31655,0.31572,0.31647,1043515.035969
2026-04-08 05:00:00,0.31645,0.31656,0.31619,0.31629,596446.705681
2026-04-08 06:00:00,0.31626,0.31629,0.31569,0.31586,930822.283084
2026-04-08 07:00:00,0.31585,0.31643,0.31582,0.31626,979889.03877
2026-04-08 08:00:00,0.31627,0.31634,0.31567,0.31611,1048759.243145
2026-04-08 09:00:00,0.31611,0.31652,0.3161,0.31635,1292838.148092
2026-04-08 10:00:00,0.31637,0.31688,0.31631,0.31687,1445806.387975
2026-04-08 11:00:00,0.31687,0.31801,0.31683,0.31793,1669956.178034
2026-04-08 12:00:00,0.31794,0.31815,0.31752,0.31753,2127566.03971
2026-04-08 13:00:00,0.31752,0.31827,0.31752,0.31771,1986624.057571
2026-04-08 14:00:00,0.31771,0.31827,0.31727,0.31766,2113264.220533
2026-04-08 15:00:00,0.31769,0.31799,0.31761,0.31778,1684228.628168
2026-04-08 16:00:00,0.31779,0.31812,0.31747,0.31812,2007567.464186
2026-04-08 17:00:00,0.31813,0.31845,0.31806,0.31828,2377286.553274
2026-04-08 18:00:00,0.31826,0.31845,0.3176,0.31769,1926460.702819
2026-04-08 19:00:00,0.31769,0.31816,0.31765,0.31805,2063524.539602
2026-04-08 20:00:00,0.31806,0.31816,0.31778,0.31784,1573929.318308
2026-04-08 21:00:00,0.31784,0.31808,0.31763,0.318,2400873.798207
2026-04-08 22:00:00,0.31801,0.31802,0.31769,0.31792,1742770.677716
2026-04-08 23:00:00,0.31791,0.31804,0.31758,0.31791,1190042.0776
2026-04-09 00:00:00,0.31791,0.31859,0.31756,0.31761,2061869.486603
2026-04-09 01:00:00,0.31762,0.31779,0.31702,0.31726,620100.118317
2026-04-09 02:00:00,0.31725,0.31763,0.3166,0.31673,734134.150839
2026-04-09 03:00:00,0.31674,0.31716,0.31668,0.31709,560104.839329
2026-04-09 04:00:00,0.3171,0.31736,0.31688,0.31708,606709.993515
2026-04-09 05:00:00,0.31709,0.31745,0.317,0.31717,646754.439482
2026-04-09 06:00:00,0.31715,0.31761,0.31713,0.31761,1000822.08231
2026-04-09 07:00:00,0.31761,0.31768,0.31637,0.31694,1264558.852219
2026-04-09 08:00:00,0.31694,0.31707,0.31679,0.31689,978780.456683
2026-04-09 09:00:00,0.31682,0.31731,0.3168,0.31717,1033376.954291
2026-04-09 10:00:00,0.31717,0.31807,0.3167,0.3177,1427531.537026
2026-04-09 11:00:00,0.31771,0.3179,0.31748,0.31781,1164016.304622
2026-04-09 12:00:00,0.31781,0.31892,0.3178,0.31858,1403331.248205
2026-04-09 13:00:00,0.31859,0.31875,0.31799,0.31832,2010487.274625
2026-04-09 14:00:00,0.31833,0.31893,0.31833,0.31869,1743492.292878
2026-04-09 15:00:00,0.31869,0.31889,0.31843,0.31885,2286693.9087
2026-04-09 16:00:00,0.31885,0.31933,0.31878,0.31914,2848614.745481
2026-04-09 17:00:00,0.31915,0.31934,0.3191,0.31916,2344967.878784
2026-04-09 18:00:00,0.31915,0.31962,0.31896,0.31951,2654400.254519
2026-04-09 19:00:00,0.31953,0.32,0.31943,0.32,3302316.940976
2026-04-09 20:00:00,0.31999,0.32056,0.31999,0.3204,3000087.931569
2026-04-09 21:00:00,0.32041,0.3207,0.31946,0.31986,3332633.85188
2026-04-09 22:00:00,0.31986,0.3204,0.31984,0.32029,1939185.603568
2026-04-09 23:00:00,0.32029,0.32047,0.31994,0.3203,1540415.611132
2026-04-10 00:00:00,0.32032,0.32087,0.32029,0.32069,1273597.165799
2026-04-10 01:00:00,0.3207,0.32095,0.32064,0.32065,733077.334261
2026-04-10 02:00:00,0.32064,0.32077,0.31996,0.32015,983602.954199
2026-04-10 03:00:00,0.32014,0.32041,0.31984,0.32039,432536.685602
2026-04-10 04:00:00,0.32039,0.32065,0.31963,0.31963,643835.646262
2026-04-10 05:00:00,0.31963,0.31991,0.31926,0.31941,524761.065194
2026-04-10 06:00:00,0.31941,0.31972,0.31917,0.31946,733951.13306
2026-04-10 07:00:00,0.31946,0.31996,0.31942,0.31989,866006.404505
2026-04-10 08:00:00,0.31989,0.31995,0.3193,0.31949,935139.109232
2026-04-10 09:00:00,0.3195,0.31996,0.31945,0.31981,978633.944798
2026-04-10 10:00:00,0.31982,0.31983,0.31945,0.31953,2248814.407456
2026-04-10 11:00:00,0.31953,0.31964,0.31931,0.31948,1479013.023768
2026-04-10 12:00:00,0.31948,0.31949,0.31811,0.31817,1634836.878941
2026-04-10 13:00:00,0.31816,0.31865,0.31791,0.31865,1850989.446049
2026-04-10 14:00:00,0.31865,0.31871,0.31816,0.31824,2091721.291007
2026-04-10 15:00:00,0.31824,0.31824,0.31782,0.31801,2456999.688782
2026-04-10 16:00:00,0.31801,0.31821,0.31781,0.31789,3150106.552741
2026-04-10 17:00:00,0.31788,0.31852,0.31757,0.31852,2889717.60598
2026-04-10 18:00:00,0.31852,0.31852,0.31693,0.31733,7014681.691072
2026-04-10 19:00:00,0.31733,0.31733,0.31688,0.31709,3398868.213622
2026-04-10 20:00:00,0.31709,0.31797,0.31706,0.31787,3161155.045597
2026-04-10 21:00:00,0.31788,0.31861,0.31788,0.31851,4108262.443907
2026-04-10 22:00:00,0.31852,0.31902,0.31845,0.31902,2141806.084591
2026-04-10 23:00:00,0.31902,0.31925,0.31902,0.31923,2312509.85484
2026-04-11 00:00:00,0.31923,0.31925,0.31861,0.31897,897390.493338
2026-04-11 01:00:00,0.31897,0.31907,0.31857,0.31904,793587.263623
2026-04-11 02:00:00,0.31904,0.31913,0.31873,0.31888,632737.231367
2026-04-11 03:00:00,0.31889,0.31905,0.31781,0.31781,1132430.930534
2026-04-11 04:00:00,0.31782,0.31858,0.31781,0.31835,722706.501694
2026-04-11 05:00:00,0.31835,0.31884,0.31811,0.31881,584385.832091
2026-04-11 06:00:00,0.31882,0.31894,0.31872,0.31887,682014.681811
2026-04-11 07:00:00,0.31888,0.31893,0.31858,0.31873,670739.026114
2026-04-11 08:00:00,0.31874,0.31887,0.3184,0.31847,1078672.763136
2026-04-11 09:00:00,0.31847,0.31886,0.31839,0.31879,1296249.321964
2026-04-11 10:00:00,0.31879,0.31882,0.31848,0.31882,1408918.821884
2026-04-11 11:00:00,0.31882,0.31898,0.31752,0.31793,2517889.813618
2026-04-11 12:00:00,0.31793,0.31836,0.31779,0.31825,2858682.564748
2026-04-11 13:00:00,0.31825,0.3183,0.31764,0.31827,2541735.79181
2026-04-11 14:00:00,0.31827,0.31865,0.31818,0.31842,1930722.422149
2026-04-11 15:00:00,0.31842,0.31854,0.31808,0.31852,2021681.885207
2026-04-11 16:00:00,0.31851,0.31905,0.31851,0.31899,2645156.475753
2026-04-11 17:00:00,0.31899,0.31951,0.31889,0.3195,2638264.384865
2026-04-11 18:00:00,0.31951,0.31993,0.31942,0.31982,3011813.613199
2026-04-11 19:00:00,0.31982,0.31996,0.3196,0.31976,2020188.198342
2026-04-11 20:00:00,0.31977,0.31988,0.31961,0.31974,1688112.297474
2026-04-11 21:00:00,0.31975,0.31995,0.31952,0.31978,1893568.878651
2026-04-11 22:00:00,0.31978,0.31985,0.319,0.31908,2202254.96217
2026-04-11 23:00:00,0.31908,0.31908,0.31862,0.31884,1263963.772874
2026-04-12 00:00:00,0.31885,0.31924,0.31864,0.31911,1084093.024629
2026-04-12 01:00:00,0.31911,0.31937,0.31854,0.31855,994888.27698
2026-04-12 02:00:00,0.31853,0.32,0.31838,0.31986,1390275.949787
2026-04-12 03:00:00,0.31987,0.32018,0.31982,0.32008,378769.107293
2026-04-12 04:00:00,0.32006,0.32061,0.31997,0.32039,1155905.327487
2026-04-12 05:00:00,0.32045,0.32051,0.32014,0.32033,378154.687971
2026-04-12 06:00:00,0.32033,0.32034,0.31973,0.3203,591976.984175
2026-04-12 07:00:00,0.32029,0.32032,0.31993,0.32028,673028.305868
2026-04-12 08:00:00,0.32028,0.32093,0.32012,0.32084,948588.847295
2026-04-12 09:00:00,0.32085,0.32157,0.32081,0.32157,1419579.37277
2026-04-12 10:00:00,0.32158,0.32232,0.32137,0.32146,1685459.146676
2026-04-12 11:00:00,0.32146,0.32185,0.32131,0.32173,1457534.225637
2026-04-12 12:00:00,0.3217,0.32214,0.3213,0.32174,1680267.85405
2026-04-12 13:00:00,0.32173,0.32206,0.32147,0.32178,2151233.477626
2026-04-12 14:00:00,0.32179,0.32234,0.32179,0.32205,1833831.16929
2026-04-12 15:00:00,0.32205,0.32271,0.32139,0.32265,3011759.447147
2026-04-12 16:00:00,0.32266,0.32311,0.32229,0.32242,2211917.180011
2026-04-12 17:00:00,0.32241,0.32244,0.32162,0.32179,2245378.591402
2026-04-12 18:00:00,0.3218,0.32262,0.3218,0.32254,2039301.924879
2026-04-12 19:00:00,0.32254,0.32266,0.32246,0.32257,1716480.544504
2026-04-12 20:00:00,0.32258,0.32285,0.32241,0.32253,1368122.210971
2026-04-12 21:00:00,0.32252,0.32283,0.32197,0.32226,1671916.882287
2026-04-12 22:00:00,0.32223,0.32261,0.32191,0.32227,1266958.061728
2026-04-12 23:00:00,0.32225,0.32234,0.32125,0.32131,1210203.294293
2026-04-13 00:00:00,0.3213,0.3223,0.32126,0.322,832898.25746
2026-04-13 01:00:00,0.32201,0.32213,0.32164,0.32167,565933.485303
2026-04-13 02:00:00,0.32167,0.32167,0.3204,0.32055,747294.732348
2026-04-13 03:00:00,0.32054,0.32073,0.32042,0.3207,495590.960787
2026-04-13 04:00:00,0.32069,0.32078,0.32028,0.32031,561410.245043
2026-04-13 05:00:00,0.32031,0.32058,0.32004,0.32056,363443.711649
2026-04-13 06:00:00,0.32056,0.32072,0.32022,0.32071,755361.07357
2026-04-13 07:00:00,0.32072,0.32205,0.32066,0.32163,2896586.979345
2026-04-13 08:00:00,0.32163,0.32239,0.32163,0.32235,805597.630753
2026-04-13 09:00:00,0.32235,0.32235,0.32182,0.32217,1650547.606421
2026-04-13 10:00:00,0.32218,0.3222,0.32148,0.32171,1048835.243839
2026-04-13 11:00:00,0.32173,0.32183,0.32153,0.32174,654006.454709
2026-04-13 12:00:00,0.32173,0.32173,0.32079,0.3208,1260276.724275
2026-04-13 13:00:00,0.32079,0.32081,0.32034,0.32056,1680777.68775
2026-04-13 14:00:00,0.32055,0.32072,0.31958,0.32004,2307669.148701
2026-04-13 15:00:00,0.32003,0.32073,0.31987,0.32009,1787293.411267
2026-04-13 16:00:00,0.32009,0.32014,0.31919,0.31955,2971597.970434
2026-04-13 17:00:00,0.31955,0.31958,0.31919,0.31952,2457326.134639
2026-04-13 18:00:00,0.31951,0.31964,0.3192,0.31933,1461480.540207
2026-04-13 19:00:00,0.31931,0.32015,0.31925,0.32001,2626354.808459
2026-04-13 20:00:00,0.31997,0.32072,0.31981,0.32072,1893364.119719
2026-04-13 21:00:00,0.32072,0.32087,0.3204,0.32086,1172003.036178
2026-04-13 22:00:00,0.32087,0.32138,0.32072,0.32122,1679778.082834
2026-04-13 23:00:00,0.32123,0.32129,0.32035,0.32036,1608992.432341
2026-04-14 00:00:00,0.32035,0.32061,0.32003,0.32055,965496.756252
2026-04-14 01:00:00,0.32056,0.32161,0.32056,0.32145,780018.03377
2026-04-14 02:00:00,0.32146,0.32171,0.32087,0.32094,825626.985569
2026-04-14 03:00:00,0.32094,0.32094,0.32038,0.3206,313692.498027
2026-04-14 04:00:00,0.3206,0.32075,0.32051,0.32075,295125.860177
2026-04-14 05:00:00,0.32075,0.32144,0.32059,0.32137,632115.549611
2026-04-14 06:00:00,0.32137,0.32164,0.32103,0.32161,767461.241641
2026-04-14 07:00:00,0.32161,0.32161,0.32079,0.32145,941965.798547
2026-04-14 08:00:00,0.32146,0.3216,0.32104,0.32142,830251.586528
2026-04-14 09:00:00,0.32142,0.32155,0.32113,0.32133,1082804.795795
2026-04-14 10:00:00,0.32134,0.32167,0.32089,0.32126,1029674.815147
2026-04-14 11:00:00,0.32126,0.32134,0.32093,0.32121,1085897.646436
2026-04-14 12:00:00,0.32123,0.3215,0.32106,0.32146,1596795.259097
2026-04-14 13:00:00,0.32146,0.32158,0.32078,0.32094,1615242.829377
2026-04-14 14:00:00,0.32095,0.32159,0.3206,0.32138,2159088.172488
2026-04-14 15:00:00,0.32138,0.32206,0.32131,0.32195,2119151.428219
2026-04-14 16:00:00,0.32195,0.3221,0.32179,0.32191,2376542.185534
2026-04-14 17:00:00,0.32192,0.32272,0.32192,0.3227,2054830.378756
2026-04-14 18:00:00,0.3227,0.32349,0.32246,0.32334,4293599.199821
2026-04-14 19:00:00,0.32337,0.3235,0.32318,0.32334,2660590.161512
2026-04-14 20:00:00,0.32334,0.3235,0.32295,0.32343,2293027.425008
2026-04-14 21:00:00,0.32343,0.32381,0.32338,0.3236,2893040.993962
2026-04-14 22:00:00,0.3236,0.32376,0.32309,0.32319,2017296.139326
2026-04-14 23:00:00,0.3232,0.32375,0.3232,0.32372,1763895.87335
2026-04-15 00:00:00,0.32374,0.32447,0.32374,0.32431,1942276.934516
2026-04-15 01:00:00,0.32431,0.32498,0.3243,0.32438,963367.049375
2026-04-15 02:00:00,0.32439,0.32455,0.32362,0.32427,895020.194963
2026-04-15 03:00:00,0.32427,0.32437,0.32398,0.32437,631322.926074
2026-04-15 04:00:00,0.32437,0.32447,0.3235,0.32365,547164.408896
2026-04-15 05:00:00,0.32365,0.32365,0.323,0.32317,658768.918033
2026-04-15 06:00:00,0.32318,0.32368,0.32305,0.32352,737517.153556
2026-04-15 07:00:00,0.32352,0.3247,0.3232,0.32339,4462687.551961
2026-04-15 08:00:00,0.32339,0.32339,0.32252,0.32252,1582618.747786
2026-04-15 09:00:00,0.32252,0.32271,0.32166,0.32245,2471579.11471
2026-04-15 10:00:00,0.32245,0.32296,0.32237,0.3225,1596842.282659
2026-04-15 11:00:00,0.32251,0.32267,0.32192,0.32192,1959979.682747
2026-04-15 12:00:00,0.32192,0.32709,0.32183,0.32699,3671617.433979
2026-04-15 13:00:00,0.327,0.32726,0.32634,0.32652,2180925.185191
2026-04-15 14:00:00,0.32652,0.32709,0.32603,0.32651,2385898.841412
2026-04-15 15:00:00,0.32651,0.32741,0.32644,0.32727,2112292.801143
2026-04-15 16:00:00,0.32727,0.32743,0.32664,0.32719,2561405.576262
2026-04-15 17:00:00,0.32719,0.32796,0.3268,0.32785,2666821.194056
2026-04-15 18:00:00,0.32785,0.32832,0.32771,0.32831,1803306.699307
2026-04-15 19:00:00,0.32831,0.32864,0.3273,0.32767,3078729.030508
2026-04-15 20:00:00,0.32766,0.32817,0.32754,0.32808,2026563.870965
2026-04-15 21:00:00,0.32808,0.3283,0.32759,0.32766,2900058.427787
2026-04-15 22:00:00,0.32765,0.3278,0.32734,0.32758,2501053.305908
2026-04-15 23:00:00,0.32757,0.32758,0.32639,0.32721,1738147.818216
2026-04-16 00:00:00,0.32721,0.32758,0.32627,0.32643,1847094.077388
2026-04-16 01:00:00,0.32642,0.32643,0.32588,0.32589,847184.881378
2026-04-16 02:00:00,0.32589,0.32607,0.32562,0.32562,723997.336582
2026-04-16 03:00:00,0.32561,0.32574,0.32518,0.32531,690030.913121
2026-04-16 04:00:00,0.32532,0.32537,0.32507,0.32537,447373.704562
2026-04-16 05:00:00,0.32537,0.3259,0.32534,0.32567,387983.046615
2026-04-16 06:00:00,0.32566,0.32609,0.32551,0.326,721024.855788
2026-04-16 07:00:00,0.326,0.32601,0.32552,0.32601,1174953.820441
2026-04-16 08:00:00,0.326,0.32614,0.3257,0.32591,1036506.228703
2026-04-16 09:00:00,0.32592,0.32639,0.32557,0.32639,1162071.202255
2026-04-16 10:00:00,0.3264,0.32689,0.32627,0.32676,1276544.484561
2026-04-16 11:00:00,0.32676,0.32738,0.32675,0.32736,1507824.768781
2026-04-16 12:00:00,0.32737,0.3276,0.32649,0.32654,2624299.049887
2026-04-16 13:00:00,0.32655,0.32735,0.32631,0.32721,1932958.048043
2026-04-16 14:00:00,0.32722,0.32799,0.32671,0.32729,2838136.672953
2026-04-16 15:00:00,0.32729,0.32732,0.32557,0.32588,2615593.146118
2026-04-16 16:00:00,0.32589,0.32683,0.32544,0.32667,2210200.909177
2026-04-16 17:00:00,0.32667,0.3274,0.32647,0.32647,2713101.17134
2026-04-16 18:00:00,0.32647,0.32655,0.32601,0.32609,3468795.170277
2026-04-16 19:00:00,0.3261,0.32713,0.32599,0.32662,3209007.146701
2026-04-16 20:00:00,0.32662,0.32722,0.32621,0.32722,2020538.495612
2026-04-16 21:00:00,0.32722,0.3274,0.32682,0.32695,2144500.83088
2026-04-16 22:00:00,0.32696,0.32741,0.32696,0.32714,2162951.092108
2026-04-16 23:00:00,0.32714,0.32731,0.32682,0.32703,755706.385966
2026-04-17 00:00:00,0.32703,0.32711,0.32656,0.32663,1183695.6713
2026-04-17 01:00:00,0.32661,0.32689,0.32626,0.32664,1279835.275732
2026-04-17 02:00:00,0.32665,0.3268,0.32643,0.32661,586860.092693
2026-04-17 03:00:00,0.32661,0.32661,0.32531,0.32532,485579.449804
2026-04-17 04:00:00,0.32532,0.32588,0.32531,0.32539,777421.410079
2026-04-17 05:00:00,0.32539,0.32577,0.32487,0.32564,795504.155231
2026-04-17 06:00:00,0.32565,0.32626,0.32562,0.32612,673257.624343
2026-04-17 07:00:00,0.32611,0.32622,0.32514,0.32514,810567.175657
2026-04-17 08:00:00,0.32514,0.32514,0.32439,0.32489,1564626.138773
2026-04-17 09:00:00,0.32489,0.32519,0.32416,0.32421,2004368.273871
2026-04-17 10:00:00,0.32421,0.32475,0.32327,0.3239,2527466.184336
2026-04-17 11:00:00,0.32391,0.32447,0.32369,0.32427,2258619.340099
2026-04-17 12:00:00,0.32427,0.3244,0.32393,0.32409,2455982.50018
2026-04-17 13:00:00,0.32409,0.32525,0.32395,0.32521,2679166.919071
2026-04-17 14:00:00,0.32522,0.32524,0.32466,0.32477,2769170.72442
2026-04-17 15:00:00,0.32475,0.32526,0.324,0.32524,2906771.826028
2026-04-17 16:00:00,0.32523,0.32578,0.32514,0.32578,3371564.050408
2026-04-17 17:00:00,0.32577,0.32656,0.32538,0.32649,3603354.168494
2026-04-17 18:00:00,0.3265,0.32716,0.32648,0.32716,4824176.213459
2026-04-17 19:00:00,0.32716,0.32724,0.32635,0.32705,4193750.762693
2026-04-17 20:00:00,0.32705,0.32764,0.32698,0.32736,2771179.240709
2026-04-17 21:00:00,0.32742,0.32748,0.32672,0.32703,2922437.413309
2026-04-17 22:00:00,0.32703,0.32777,0.32702,0.32738,1554770.190039
2026-04-17 23:00:00,0.32738,0.32803,0.32737,0.32783,2122353.462673
2026-04-18 00:00:00,0.32781,0.32829,0.32722,0.32723,1300187.601855
2026-04-18 01:00:00,0.32722,0.32725,0.3269,0.32691,1239886.109902
2026-04-18 02:00:00,0.32691,0.32748,0.3269,0.32746,489440.372391
2026-04-18 03:00:00,0.32746,0.32746,0.32697,0.32701,353901.234681
2026-04-18 04:00:00,0.327,0.327,0.32645,0.32674,321325.692394
2026-04-18 05:00:00,0.32674,0.32696,0.32653,0.32691,358246.970963
2026-04-18 06:00:00,0.32692,0.32753,0.32671,0.32743,976025.041273
2026-04-18 07:00:00,0.32744,0.32776,0.32697,0.32737,794902.774467
2026-04-18 08:00:00,0.32738,0.32795,0.32728,0.32778,1047259.793675
2026-04-18 09:00:00,0.32778,0.32778,0.32734,0.32755,1380198.100837
2026-04-18 10:00:00,0.32755,0.32817,0.32726,0.32812,1274920.099007
2026-04-18 11:00:00,0.32813,0.32823,0.32754,0.32809,1709929.12227
2026-04-18 12:00:00,0.3281,0.32858,0.32755,0.32853,2702569.199986
2026-04-18 13:00:00,0.32853,0.32877,0.3281,0.32828,2772879.385413
2026-04-18 14:00:00,0.32829,0.32968,0.32829,0.32968,2018477.54524
2026-04-18 15:00:00,0.32968,0.3302,0.32919,0.32946,2722058.989146
2026-04-18 16:00:00,0.32948,0.33003,0.32916,0.32969,3432145.702413
2026-04-18 17:00:00,0.32969,0.33002,0.32944,0.32994,2685368.878498
2026-04-18 18:00:00,0.32993,0.33016,0.32926,0.3295,2211714.063329
2026-04-18 19:00:00,0.32949,0.32974,0.32905,0.32974,2591291.185185
2026-04-18 20:00:00,0.32974,0.32986,0.32874,0.32906,2002671.471533
2026-04-18 21:00:00,0.32906,0.32969,0.32868,0.32952,3577093.446513
2026-04-18 22:00:00,0.32952,0.32967,0.32911,0.32966,2887487.485085
2026-04-18 23:00:00,0.32967,0.32976,0.32931,0.32954,1264431.654336
2026-04-19 00:00:00,0.32954,0.32975,0.32879,0.32886,1192625.353599
2026-04-19 01:00:00,0.32885,0.32885,0.32755,0.32755,1257250.250979
2026-04-19 02:00:00,0.32755,0.32805,0.32737,0.32774,631331.286643
2026-04-19 03:00:00,0.32774,0.3279,0.32757,0.3279,351312.88132
2026-04-19 04:00:00,0.3279,0.32806,0.32762,0.32787,399485.961034
2026-04-19 05:00:00,0.32787,0.32862,0.32769,0.32854,557731.639777
2026-04-19 06:00:00,0.32854,0.32982,0.32853,0.32975,1380453.325174
2026-04-19 07:00:00,0.32975,0.33,0.32934,0.32989,899323.076044
2026-04-19 08:00:00,0.32989,0.334,0.32988,0.33383,2911972.201158
2026-04-19 09:00:00,0.33384,0.33452,0.33256,0.33314,2655725.536225
2026-04-19 10:00:00,0.33313,0.33404,0.3311,0.33153,3296330.852919
2026-04-19 11:00:00,0.33153,0.33161,0.32886,0.33007,3023824.648098
2026-04-19 12:00:00,0.33006,0.33014,0.32961,0.32994,2641047.862971
2026-04-19 13:00:00,0.32994,0.3313,0.32987,0.3307,3237602.275833
2026-04-19 14:00:00,0.3307,0.33211,0.33047,0.33199,3865558.93516
2026-04-19 15:00:00,0.33201,0.33439,0.33201,0.33431,4814079.200813
2026-04-19 16:00:00,0.33431,0.33672,0.33407,0.33517,5025742.076117
2026-04-19 17:00:00,0.33518,0.33544,0.33331,0.33356,3374753.053765
2026-04-19 18:00:00,0.33358,0.33375,0.33265,0.33274,2456485.405575
2026-04-19 19:00:00,0.33274,0.33289,0.33199,0.33203,2318198.489585
2026-04-19 20:00:00,0.33202,0.33319,0.33072,0.33073,3216678.100708
2026-04-19 21:00:00,0.33073,0.33073,0.32936,0.32998,3501204.382424
2026-04-19 22:00:00,0.32998,0.33026,0.32927,0.32954,2561316.241866
2026-04-19 23:00:00,0.32954,0.32972,0.32818,0.32908,1896699.299671
2026-04-20 00:00:00,0.32906,0.33021,0.32857,0.33016,1249421.522687
2026-04-20 01:00:00,0.33015,0.33105,0.33015,0.33102,611408.453843
2026-04-20 02:00:00,0.33103,0.33215,0.33102,0.33215,1171735.264863
2026-04-20 03:00:00,0.33216,0.33271,0.3318,0.33268,927726.568901
2026-04-20 04:00:00,0.33268,0.33303,0.33187,0.33221,792861.595938
2026-04-20 05:00:00,0.33221,0.33245,0.33152,0.33184,808339.620506
2026-04-20 06:00:00,0.33183,0.33205,0.331,0.33178,893153.755668
2026-04-20 07:00:00,0.33177,0.33192,0.3302,0.3306,1893409.195387
2026-04-20 08:00:00,0.33062,0.33064,0.32901,0.32966,1601180.060568
2026-04-20 09:00:00,0.32967,0.33057,0.32943,0.33018,1658152.859882
2026-04-20 10:00:00,0.33017,0.33131,0.33,0.33003,1766175.221326
2026-04-20 11:00:00,0.33003,0.33012,0.32869,0.32906,2284617.065449
2026-04-20 12:00:00,0.32907,0.32941,0.32808,0.32846,2121177.320797
2026-04-20 13:00:00,0.32846,0.32883,0.3279,0.32814,2952901.578616
2026-04-20 14:00:00,0.32813,0.32853,0.32682,0.32786,3248898.830704
2026-04-20 15:00:00,0.32785,0.32825,0.32756,0.3277,2630337.647584
2026-04-20 16:00:00,0.3277,0.32812,0.32623,0.32761,3733561.556251
2026-04-20 17:00:00,0.32762,0.32834,0.32757,0.32817,1780150.260306
2026-04-20 18:00:00,0.32817,0.3285,0.32759,0.32778,1882327.421775
2026-04-20 19:00:00,0.32778,0.3283,0.3277,0.3283,2508210.366795
2026-04-20 20:00:00,0.3283,0.32854,0.32804,0.32833,2044119.222447
2026-04-20 21:00:00,0.32833,0.32858,0.32827,0.32849,2199840.347198
2026-04-20 22:00:00,0.32849,0.32867,0.32801,0.32836,1864136.253541
2026-04-20 23:00:00,0.32836,0.32946,0.32822,0.32882,2494636.272643
2026-04-21 00:00:00,0.32882,0.32906,0.32826,0.32859,1662775.117217
2026-04-21 01:00:00,0.32859,0.32888,0.32846,0.32871,605668.750428
2026-04-21 02:00:00,0.32872,0.32873,0.32812,0.32852,565925.4544
2026-04-21 03:00:00,0.32852,0.32889,0.32847,0.32868,460021.671838
2026-04-21 04:00:00,0.32868,0.32868,0.3285,0.32855,337462.249742
2026-04-21 05:00:00,0.32854,0.32871,0.3284,0.32854,376806.116199
2026-04-21 06:00:00,0.32854,0.32926,0.32804,0.32926,1146681.158709
2026-04-21 07:00:00,0.32926,0.32964,0.32888,0.32889,988185.959848
2026-04-21 08:00:00,0.3289,0.32925,0.3284,0.32906,892223.386872
2026-04-21 09:00:00,0.32905,0.3291,0.32853,0.32875,1258786.751049
2026-04-21 10:00:00,0.32876,0.32914,0.32838,0.32895,1070549.167965
2026-04-21 11:00:00,0.32896,0.32924,0.32882,0.32913,1452433.119095
2026-04-21 12:00:00,0.32912,0.32961,0.32894,0.32935,2141678.865495
2026-04-21 13:00:00,0.32936,0.33026,0.32935,0.33004,2690415.131895
2026-04-21 14:00:00,0.33004,0.331,0.3297,0.33088,2592718.443419
2026-04-21 15:00:00,0.33089,0.3318,0.32992,0.33026,2863913.472175
2026-04-21 16:00:00,0.33028,0.33217,0.32966,0.33175,3507575.839453
2026-04-21 17:00:00,0.33177,0.33202,0.33115,0.3317,3196140.941753
2026-04-21 18:00:00,0.33171,0.3334,0.33171,0.33298,3539207.922409
2026-04-21 19:00:00,0.33298,0.33316,0.33118,0.33235,3579561.271457
2026-04-21 20:00:00,0.33232,0.33492,0.33232,0.33452,5700212.840785
2026-04-21 21:00:00,0.33452,0.33562,0.33409,0.3344,4143863.672875
2026-04-21 22:00:00,0.33441,0.33458,0.33323,0.33376,3053940.503794
2026-04-21 23:00:00,0.33376,0.33379,0.33258,0.33307,2221706.834164
2026-04-22 00:00:00,0.33306,0.33513,0.33174,0.3325,1890361.706371
2026-04-22 01:00:00,0.33251,0.33385,0.33242,0.33336,1073937.112525
2026-04-22 02:00:00,0.33336,0.33371,0.33215,0.33271,1047287.420913
2026-04-22 03:00:00,0.33269,0.33269,0.33117,0.33246,894658.6536
2026-04-22 04:00:00,0.33246,0.33255,0.33154,0.33195,975456.613963
2026-04-22 05:00:00,0.33197,0.33319,0.33169,0.33297,898059.837788
2026-04-22 06:00:00,0.33296,0.33395,0.33284,0.33373,975967.233367
2026-04-22 07:00:00,0.33373,0.33373,0.33222,0.33236,1113372.454334
2026-04-22 08:00:00,0.33237,0.33273,0.33212,0.33265,975457.431407
2026-04-22 09:00:00,0.33263,0.33308,0.33173,0.33298,1498941.816434
2026-04-22 10:00:00,0.33298,0.3339,0.33286,0.3339,1147517.400687
2026-04-22 11:00:00,0.3339,0.33529,0.33313,0.33449,1817923.048753
2026-04-22 12:00:00,0.33451,0.33532,0.33265,0.33316,3030051.57091
2026-04-22 13:00:00,0.33318,0.33402,0.33137,0.33181,2969990.642941
2026-04-22 14:00:00,0.33177,0.33186,0.32756,0.32905,4303294.038109
2026-04-22 15:00:00,0.32903,0.3297,0.32841,0.32898,3685963.341852
2026-04-22 16:00:00,0.32899,0.32923,0.32801,0.32886,4370150.45508
2026-04-22 17:00:00,0.32886,0.32895,0.32801,0.32895,3845541.793809
2026-04-22 18:00:00,0.32894,0.329,0.32805,0.32895,3881122.591978
2026-04-22 19:00:00,0.32895,0.32943,0.32883,0.32939,3975030.503072
2026-04-22 20:00:00,0.3294,0.32951,0.32879,0.32948,5169279.616059
2026-04-22 21:00:00,0.32948,0.32976,0.32865,0.32928,5199329.748859
2026-04-22 22:00:00,0.32929,0.32999,0.32928,0.32999,2766900.170996
2026-04-22 23:00:00,0.32999,0.33013,0.32949,0.3296,3077334.361263
2026-04-23 00:00:00,0.3296,0.32993,0.32884,0.32977,1742463.10382
2026-04-23 01:00:00,0.32977,0.32999,0.32929,0.32981,1101437.259577
2026-04-23 02:00:00,0.32981,0.32983,0.32893,0.32923,563798.212301
2026-04-23 03:00:00,0.32923,0.32938,0.32889,0.32938,383889.143364
2026-04-23 04:00:00,0.32943,0.32949,0.32861,0.32883,511781.646432
2026-04-23 05:00:00,0.32883,0.32884,0.32755,0.32819,770830.591473
2026-04-23 06:00:00,0.32818,0.32818,0.32637,0.32729,1783196.823085
2026-04-23 07:00:00,0.3273,0.32824,0.32704,0.32802,1201199.127316
2026-04-23 08:00:00,0.32802,0.32872,0.32764,0.32851,1158654.339821
2026-04-23 09:00:00,0.32852,0.32898,0.32802,0.32823,1354121.601084
2026-04-23 10:00:00,0.32822,0.32871,0.32778,0.32815,1730332.437422
2026-04-23 11:00:00,0.32815,0.32816,0.32782,0.32786,1674301.453649
2026-04-23 12:00:00,0.32787,0.32838,0.32728,0.32815,2918788.271321
2026-04-23 13:00:00,0.32814,0.32835,0.32762,0.32774,2577000.514949
2026-04-23 14:00:00,0.32773,0.3285,0.32769,0.32846,2502171.191203
2026-04-23 15:00:00,0.32847,0.32868,0.32821,0.32868,2888917.85708
2026-04-23 16:00:00,0.32868,0.33032,0.32868,0.32897,3749811.774265
2026-04-23 17:00:00,0.32897,0.32927,0.32881,0.32915,3394271.847571
2026-04-23 18:00:00,0.32914,0.32923,0.32845,0.32868,2824964.971235
2026-04-23 19:00:00,0.32869,0.3293,0.32868,0.3292,3640300.777741
2026-04-23 20:00:00,0.32921,0.32936,0.32898,0.32929,3671374.880968
2026-04-23 21:00:00,0.32929,0.32954,0.32852,0.32914,3280228.656991
2026-04-23 22:00:00,0.32914,0.32956,0.32891,0.32927,2487674.687482
2026-04-23 23:00:00,0.32927,0.32937,0.32844,0.32871,1606382.516332
2026-04-24 00:00:00,0.32871,0.32888,0.3279,0.32827,1430440.37009
2026-04-24 01:00:00,0.32827,0.32876,0.32801,0.32843,865412.646715
2026-04-24 02:00:00,0.32837,0.32837,0.32752,0.32822,881394.457857
2026-04-24 03:00:00,0.32822,0.32891,0.32822,0.32875,745022.775154
2026-04-24 04:00:00,0.32874,0.32875,0.32767,0.32781,669870.442695
2026-04-24 05:00:00,0.32782,0.32818,0.32758,0.32767,674881.590619
2026-04-24 06:00:00,0.32767,0.32796,0.32742,0.32748,966543.670804
2026-04-24 07:00:00,0.32748,0.32805,0.3273,0.32801,827861.789436
2026-04-24 08:00:00,0.32802,0.32805,0.32755,0.32767,851841.934877
2026-04-24 09:00:00,0.32767,0.32824,0.32766,0.32806,1516088.787552
2026-04-24 10:00:00,0.32806,0.32831,0.32798,0.32821,1861714.05965
2026-04-24 11:00:00,0.32821,0.32835,0.32761,0.3279,2141481.580833
2026-04-24 12:00:00,0.32789,0.32836,0.3278,0.32795,1934399.889632
2026-04-24 13:00:00,0.32796,0.32834,0.32783,0.32834,2266187.319213
2026-04-24 14:00:00,0.32833,0.32834,0.3265,0.32679,5029075.253922
2026-04-24 15:00:00,0.32678,0.32705,0.32511,0.32563,6613724.289959
2026-04-24 16:00:00,0.32564,0.32564,0.31942,0.32406,13618848.687343
2026-04-24 17:00:00,0.32407,0.32476,0.32392,0.32426,3787059.81942
2026-04-24 18:00:00,0.32427,0.32453,0.32403,0.32453,3248926.227186
2026-04-24 19:00:00,0.32453,0.32469,0.32412,0.32468,2958278.592346
2026-04-24 20:00:00,0.32465,0.32468,0.32323,0.3238,3850589.905841
2026-04-24 21:00:00,0.32377,0.32419,0.32345,0.32346,3024129.473759
2026-04-24 22:00:00,0.32347,0.32411,0.32322,0.32402,3330354.207347
2026-04-24 23:00:00,0.32402,0.32402,0.32219,0.3232,3222991.090537
2026-04-25 00:00:00,0.3232,0.32368,0.32284,0.32294,1595855.623921
2026-04-25 01:00:00,0.32295,0.32314,0.32243,0.32255,1015707.670973
2026-04-25 02:00:00,0.32257,0.32309,0.32232,0.32301,835607.275296
2026-04-25 03:00:00,0.32302,0.32348,0.323,0.32348,516754.3161
2026-04-25 04:00:00,0.32348,0.32398,0.32347,0.3238,314463.831256
2026-04-25 05:00:00,0.32381,0.32407,0.32375,0.32399,517160.632581
2026-04-25 06:00:00,0.32399,0.32402,0.32358,0.32392,539194.470995
2026-04-25 07:00:00,0.32393,0.32399,0.32308,0.32351,1678597.684947
2026-04-25 08:00:00,0.3235,0.32366,0.32095,0.32235,2405088.433737
2026-04-25 09:00:00,0.32236,0.32257,0.32203,0.32216,2310478.806101
2026-04-25 10:00:00,0.32216,0.32268,0.32174,0.3222,2393410.492696
2026-04-25 11:00:00,0.32222,0.32296,0.32222,0.32296,2290164.966119
2026-04-25 12:00:00,0.32296,0.32337,0.32266,0.32336,3171627.63992
2026-04-25 13:00:00,0.32336,0.32338,0.32282,0.32321,3654186.029796
2026-04-25 14:00:00,0.32322,0.32338,0.32282,0.32336,3455181.938233
2026-04-25 15:00:00,0.32335,0.32421,0.3232,0.32377,3288426.695034
2026-04-25 16:00:00,0.32375,0.32422,0.32375,0.32418,2802632.604978
2026-04-25 17:00:00,0.32417,0.32452,0.32386,0.32431,1952871.469605
2026-04-25 18:00:00,0.32431,0.32454,0.32383,0.32415,1508811.105043
2026-04-25 19:00:00,0.32415,0.32447,0.32383,0.32395,2121412.006197
2026-04-25 20:00:00,0.32393,0.32413,0.32374,0.32401,1214908.890833
2026-04-25 21:00:00,0.32401,0.3242,0.32312,0.32391,2794657.712552
2026-04-25 22:00:00,0.32391,0.32447,0.32384,0.32439,1378188.702523
2026-04-25 23:00:00,0.32439,0.32448,0.3238,0.3238,1772587.719996
2026-04-26 00:00:00,0.32379,0.32424,0.32372,0.3241,1305353.681349
2026-04-26 01:00:00,0.32414,0.3244,0.3238,0.32419,1177408.737322
2026-04-26 02:00:00,0.32419,0.32425,0.3238,0.32388,580102.906912
2026-04-26 03:00:00,0.32389,0.32389,0.32365,0.32373,369427.100398
2026-04-26 04:00:00,0.32373,0.32399,0.32372,0.32392,454403.809631
2026-04-26 05:00:00,0.32393,0.32393,0.32346,0.32369,463312.048797
2026-04-26 06:00:00,0.3237,0.3237,0.32337,0.32353,778998.822865
2026-04-26 07:00:00,0.32354,0.32422,0.32353,0.324,775753.099222
2026-04-26 08:00:00,0.324,0.32413,0.32334,0.32366,1177229.924594
2026-04-26 09:00:00,0.32369,0.32462,0.32361,0.32418,1372953.345127
2026-04-26 10:00:00,0.32418,0.32424,0.32377,0.32396,1434584.360269
2026-04-26 11:00:00,0.32395,0.32395,0.32274,0.32293,1609262.437729
2026-04-26 12:00:00,0.32293,0.32377,0.32288,0.32369,1640110.055392
2026-04-26 13:00:00,0.32368,0.32395,0.32354,0.32361,1704882.835912
2026-04-26 14:00:00,0.32361,0.32384,0.32341,0.3237,1857344.819463
2026-04-26 15:00:00,0.3237,0.32392,0.32344,0.32381,2665650.382893
2026-04-26 16:00:00,0.32382,0.32405,0.32368,0.32401,2144824.757292
2026-04-26 17:00:00,0.32401,0.32414,0.32379,0.32411,1933496.101885
2026-04-26 18:00:00,0.3241,0.3243,0.32398,0.32417,1971106.26008
2026-04-26 19:00:00,0.32418,0.3244,0.32386,0.32388,1532713.07619
2026-04-26 20:00:00,0.32389,0.32403,0.3234,0.32349,1357144.707594
2026-04-26 21:00:00,0.32348,0.32379,0.32337,0.32366,1986028.179158
2026-04-26 22:00:00,0.32365,0.32373,0.32334,0.3235,935628.063457
2026-04-26 23:00:00,0.32349,0.32404,0.32337,0.32337,1117610.583714
2026-04-27 00:00:00,0.32337,0.32392,0.32321,0.32391,915274.934065
2026-04-27 01:00:00,0.32392,0.3241,0.3232,0.3236,903026.414704
2026-04-27 02:00:00,0.32362,0.32373,0.3231,0.32332,473770.488487
2026-04-27 03:00:00,0.32331,0.32396,0.32315,0.32376,496423.894264
2026-04-27 04:00:00,0.32378,0.32435,0.32341,0.32395,546332.155472
2026-04-27 05:00:00,0.32396,0.32401,0.3234,0.32378,1044004.925378
2026-04-27 06:00:00,0.32377,0.32386,0.32352,0.32381,719619.382183
2026-04-27 07:00:00,0.32382,0.32394,0.32328,0.32345,840831.719485
2026-04-27 08:00:00,0.32345,0.32415,0.32326,0.3239,1426676.005134
2026-04-27 09:00:00,0.32389,0.32523,0.32374,0.3248,2351254.266974
2026-04-27 10:00:00,0.32481,0.32552,0.3248,0.32546,1464428.212066
2026-04-27 11:00:00,0.32549,0.32567,0.32496,0.32555,1394225.150955
2026-04-27 12:00:00,0.32555,0.3259,0.32503,0.3256,1710938.405415
2026-04-27 13:00:00,0.32559,0.32599,0.32476,0.32579,2094300.55442
2026-04-27 14:00:00,0.32581,0.32643,0.32568,0.32578,2655966.484
2026-04-27 15:00:00,0.32578,0.32578,0.32451,0.32489,2291259.414658
2026-04-27 16:00:00,0.3249,0.32524,0.32472,0.32523,2666586.683247
2026-04-27 17:00:00,0.32523,0.32576,0.32518,0.3256,2711651.559272
2026-04-27 18:00:00,0.32559,0.32598,0.32516,0.32576,2581135.796758
2026-04-27 19:00:00,0.32577,0.32605,0.32553,0.3259,3140941.926672
2026-04-27 20:00:00,0.3259,0.32608,0.32564,0.32581,3034830.556226
2026-04-27 21:00:00,0.32581,0.32634,0.32567,0.32578,2588591.47416
2026-04-27 22:00:00,0.32577,0.32607,0.3254,0.32543,1901569.715538
2026-04-27 23:00:00,0.3254,0.32546,0.32508,0.32538,1580129.359878
2026-04-28 00:00:00,0.32541,0.32576,0.325,0.32502,842704.049941
2026-04-28 01:00:00,0.32503,0.32509,0.32432,0.32472,1043250.879484
2026-04-28 02:00:00,0.32476,0.32494,0.32464,0.32465,568750.549586
2026-04-28 03:00:00,0.32465,0.32471,0.32397,0.32422,937571.258629
2026-04-28 04:00:00,0.32422,0.32443,0.32388,0.32432,344021.186024
2026-04-28 05:00:00,0.32432,0.32444,0.32398,0.32424,771122.358099
2026-04-28 06:00:00,0.32424,0.32426,0.32324,0.32372,1009088.640913
2026-04-28 07:00:00,0.32372,0.32383,0.32324,0.32355,945131.675701
2026-04-28 08:00:00,0.32356,0.32356,0.32303,0.3233,964712.718353
2026-04-28 09:00:00,0.32331,0.32368,0.32317,0.32322,1289371.39448
2026-04-28 10:00:00,0.32322,0.32382,0.32314,0.32362,1232285.223566
2026-04-28 11:00:00,0.32361,0.32399,0.32327,0.32352,1875400.503853
2026-04-28 12:00:00,0.32353,0.32401,0.32353,0.32383,1702108.467419
2026-04-28 13:00:00,0.32383,0.32385,0.32322,0.32336,1963135.874546
2026-04-28 14:00:00,0.32336,0.32402,0.32311,0.32369,2489813.067681
2026-04-28 15:00:00,0.3237,0.32384,0.32233,0.32348,5878647.308046
2026-04-28 16:00:00,0.32348,0.32367,0.32304,0.32347,2348652.176591
2026-04-28 17:00:00,0.32347,0.324,0.32333,0.32381,2345260.402717
2026-04-28 18:00:00,0.32379,0.32379,0.32284,0.32367,3619093.468586
2026-04-28 19:00:00,0.32368,0.32387,0.32309,0.32332,3959612.09168
2026-04-28 20:00:00,0.32334,0.32349,0.32125,0.32258,5990003.971813
2026-04-28 21:00:00,0.32257,0.3233,0.32248,0.32283,3973331.54175
2026-04-28 22:00:00,0.32283,0.32322,0.32262,0.32314,2444422.390781
2026-04-28 23:00:00,0.32315,0.32332,0.32282,0.32297,1601734.706537
2026-04-29 00:00:00,0.32297,0.32307,0.32259,0.32307,1282316.867511
2026-04-29 01:00:00,0.32307,0.32307,0.3218,0.32183,1573805.396132
2026-04-29 02:00:00,0.32182,0.32218,0.32182,0.32207,773289.34921
2026-04-29 03:00:00,0.32206,0.32254,0.32201,0.32213,498568.316265
2026-04-29 04:00:00,0.32213,0.32227,0.32159,0.32169,800591.29543
2026-04-29 05:00:00,0.32168,0.32281,0.3215,0.32216,1011858.735627
2026-04-29 06:00:00,0.32216,0.32243,0.32216,0.32234,372914.120669
2026-04-29 07:00:00,0.32233,0.32288,0.32219,0.32228,865098.148749
2026-04-29 08:00:00,0.32228,0.32419,0.32227,0.32341,2573092.969497
2026-04-29 09:00:00,0.32341,0.32368,0.32249,0.32331,1895526.740404
2026-04-29 10:00:00,0.32331,0.32349,0.32284,0.32337,1461459.192296
2026-04-29 11:00:00,0.32338,0.32361,0.32296,0.32304,1279856.300972
2026-04-29 12:00:00,0.32304,0.3237,0.323,0.32365,1648229.548907
2026-04-29 13:00:00,0.32364,0.32365,0.32303,0.32334,1480985.740437
2026-04-29 14:00:00,0.32334,0.3238,0.32307,0.32368,3374894.490376
2026-04-29 15:00:00,0.32369,0.32374,0.32277,0.32285,3207397.280579
2026-04-29 16:00:00,0.32285,0.32355,0.3227,0.32343,2130702.775518
2026-04-29 17:00:00,0.32343,0.32357,0.32305,0.32353,2021118.780035
2026-04-29 18:00:00,0.32353,0.32362,0.32278,0.32345,2968619.673195
2026-04-29 19:00:00,0.32344,0.32371,0.32303,0.32341,4100274.735919
2026-04-29 20:00:00,0.32341,0.3241,0.32324,0.32345,2487817.908083
2026-04-29 21:00:00,0.32345,0.32378,0.32337,0.32377,2807586.242085
2026-04-29 22:00:00,0.32376,0.32377,0.32353,0.32355,2410754.611576
2026-04-29 23:00:00,0.32352,0.32353,0.32316,0.32317,1253164.642286
2026-04-30 00:00:00,0.32317,0.32355,0.32316,0.32331,1066826.180077
2026-04-30 01:00:00,0.32334,0.32378,0.32334,0.32365,983340.80814
2026-04-30 02:00:00,0.32366,0.32399,0.32364,0.3239,721756.415255
2026-04-30 03:00:00,0.32385,0.32439,0.32385,0.3243,782432.782348
2026-04-30 04:00:00,0.3243,0.32454,0.32418,0.32419,610021.439509
2026-04-30 05:00:00,0.32419,0.32471,0.324,0.32466,759595.56077
2026-04-30 06:00:00,0.32466,0.32479,0.32409,0.32416,912692.44691
2026-04-30 07:00:00,0.32416,0.32477,0.32415,0.32464,1423211.960954
2026-04-30 08:00:00,0.32465,0.32489,0.3246,0.32469,1104165.921275
2026-04-30 09:00:00,0.32474,0.32623,0.32472,0.32568,2280327.624838
2026-04-30 10:00:00,0.32569,0.32687,0.32569,0.3259,2680254.992276
2026-04-30 11:00:00,0.3259,0.32603,0.3257,0.32571,2129962.335611
2026-04-30 12:00:00,0.32571,0.32636,0.32571,0.32628,2869308.318955
2026-04-30 13:00:00,0.32626,0.32627,0.3252,0.32566,4942046.057655
2026-04-30 14:00:00,0.32566,0.32607,0.32557,0.32578,3039939.104674
2026-04-30 15:00:00,0.32577,0.32607,0.32532,0.32577,3848939.048572
2026-04-30 16:00:00,0.32578,0.32647,0.32576,0.32638,4170199.311069
2026-04-30 17:00:00,0.32638,0.3264,0.326,0.32622,3643058.266633
2026-04-30 18:00:00,0.32622,0.32668,0.32621,0.32661,3652803.259431
2026-04-30 19:00:00,0.32661,0.32696,0.32651,0.32688,4714989.167841
2026-04-30 20:00:00,0.32688,0.32705,0.32673,0.32673,2968032.579967
2026-04-30 21:00:00,0.32674,0.32702,0.32634,0.32657,4867780.049287
2026-04-30 22:00:00,0.32657,0.32668,0.32628,0.32656,1792078.318334
2026-04-30 23:00:00,0.32657,0.32684,0.32646,0.32673,2300645.80047
2026-05-01 00:00:00,0.32673,0.32759,0.3267,0.32689,2731224.20543
2026-05-01 01:00:00,0.32688,0.32689,0.32601,0.32619,1707908.843516
2026-05-01 02:00:00,0.3262,0.32635,0.32595,0.32603,858941.898996
2026-05-01 03:00:00,0.32604,0.32638,0.32603,0.32617,532919.784333
2026-05-01 04:00:00,0.32617,0.32624,0.32558,0.32608,724662.421702
2026-05-01 05:00:00,0.32608,0.32645,0.32607,0.32644,481873.977844
2026-05-01 06:00:00,0.32644,0.32648,0.32623,0.32648,382143.168609
2026-05-01 07:00:00,0.32648,0.32649,0.32607,0.32607,551051.650742
2026-05-01 08:00:00,0.32607,0.32609,0.32571,0.32609,944441.304903
2026-05-01 09:00:00,0.32609,0.3265,0.32604,0.3265,1338082.960592
2026-05-01 10:00:00,0.32649,0.3265,0.32494,0.32591,3720876.715793
2026-05-01 11:00:00,0.32591,0.32622,0.32581,0.32622,2770099.127989
2026-05-01 12:00:00,0.32622,0.32688,0.32608,0.32654,2649282.28435
2026-05-01 13:00:00,0.32654,0.32694,0.32628,0.32628,2100215.160458
2026-05-01 14:00:00,0.32628,0.32676,0.32585,0.32614,2364615.529292
2026-05-01 15:00:00,0.32614,0.32655,0.32569,0.32611,2676833.869614
2026-05-01 16:00:00,0.32612,0.32644,0.32605,0.32631,2275546.8877
2026-05-01 17:00:00,0.32631,0.32692,0.3261,0.32679,2266781.433707
2026-05-01 18:00:00,0.32678,0.32697,0.32652,0.32669,1949785.154572
2026-05-01 19:00:00,0.3267,0.32683,0.3267,0.32682,2386474.687552
2026-05-01 20:00:00,0.32682,0.32699,0.32641,0.3268,2615317.433628
2026-05-01 21:00:00,0.32682,0.32714,0.32671,0.3271,2951619.221563
2026-05-01 22:00:00,0.3271,0.3273,0.32682,0.32694,2314613.042939
2026-05-01 23:00:00,0.32694,0.32705,0.32666,0.32704,1106143.330509
2026-05-02 00:00:00,0.32705,0.32723,0.32623,0.32639,1564910.733423
2026-05-02 01:00:00,0.32639,0.32684,0.32637,0.32669,633596.310958
2026-05-02 02:00:00,0.3267,0.32711,0.3267,0.3271,417625.522126
2026-05-02 03:00:00,0.32711,0.32737,0.32711,0.32736,270784.98435
2026-05-02 04:00:00,0.32737,0.32822,0.32737,0.32792,1358218.54459
2026-05-02 05:00:00,0.32792,0.3292,0.32791,0.329,1430931.552055
2026-05-02 06:00:00,0.329,0.32941,0.32872,0.32887,1705333.372182
2026-05-02 07:00:00,0.32887,0.32905,0.32869,0.32904,892531.025711
2026-05-02 08:00:00,0.32906,0.33016,0.32906,0.3301,1896769.91021
2026-05-02 09:00:00,0.3301,0.33019,0.32991,0.33018,1361571.043313
2026-05-02 10:00:00,0.33019,0.3316,0.33016,0.33088,2786456.17218
2026-05-02 11:00:00,0.33088,0.33091,0.33019,0.33019,1671219.265754
2026-05-02 12:00:00,0.33018,0.3309,0.32942,0.33086,3246923.016331
2026-05-02 13:00:00,0.33087,0.33175,0.33086,0.33175,3361120.780602
2026-05-02 14:00:00,0.33175,0.33224,0.33136,0.33188,4019085.286881
2026-05-02 15:00:00,0.33188,0.33288,0.33187,0.33253,4329976.377805
2026-05-02 16:00:00,0.33251,0.33421,0.32972,0.33,5732342.700224
2026-05-02 17:00:00,0.32998,0.33238,0.32987,0.33206,5965093.110378
2026-05-02 18:00:00,0.33203,0.33281,0.33091,0.33114,3214241.359592
2026-05-02 19:00:00,0.33114,0.33147,0.33084,0.33135,2621717.083847
2026-05-02 20:00:00,0.33136,0.33145,0.331,0.3314,1787960.992487
2026-05-02 21:00:00,0.33142,0.33153,0.33043,0.33043,2805663.219884
2026-05-02 22:00:00,0.33043,0.33043,0.32981,0.3301,2357280.175457
2026-05-02 23:00:00,0.33011,0.33033,0.32985,0.32993,1802353.864277
2026-05-03 00:00:00,0.32994,0.33107,0.32994,0.33079,1066823.272488
2026-05-03 01:00:00,0.33079,0.3308,0.33034,0.33035,900332.526297
2026-05-03 02:00:00,0.33035,0.33039,0.32933,0.32987,820857.187058
2026-05-03 03:00:00,0.32988,0.33013,0.32983,0.33012,329446.68457
2026-05-03 04:00:00,0.33013,0.33016,0.32959,0.32988,262014.166832
2026-05-03 05:00:00,0.32989,0.34373,0.32955,0.34049,11514434.169454
2026-05-03 06:00:00,0.34049,0.34089,0.33684,0.33699,2432310.433626
2026-05-03 07:00:00,0.33698,0.33766,0.33642,0.3376,1166895.362891
2026-05-03 08:00:00,0.33762,0.33933,0.33716,0.33915,1997967.662166
2026-05-03 09:00:00,0.33915,0.34064,0.33853,0.33999,1949017.810924
2026-05-03 10:00:00,0.33999,0.34064,0.33775,0.33787,2042638.392306
2026-05-03 11:00:00,0.33787,0.33838,0.33588,0.33639,2807431.635943
2026-05-03 12:00:00,0.33639,0.3372,0.33555,0.3372,2899445.399062
2026-05-03 13:00:00,0.3372,0.33862,0.33719,0.33844,3851813.023593
2026-05-03 14:00:00,0.33844,0.33885,0.33757,0.33815,3248626.646293
2026-05-03 15:00:00,0.33815,0.33945,0.33809,0.3383,3316940.514811
2026-05-03 16:00:00,0.3383,0.33863,0.33715,0.33741,4322029.054086
2026-05-03 17:00:00,0.33741,0.33823,0.33718,0.33807,2670125.726838
2026-05-03 18:00:00,0.33808,0.33947,0.33808,0.33915,3002110.019734
2026-05-03 19:00:00,0.33914,0.3393,0.33855,0.33875,3033395.045005
2026-05-03 20:00:00,0.33875,0.33997,0.33875,0.33989,2429671.855868
2026-05-03 21:00:00,0.33988,0.33989,0.33755,0.33837,3623534.123424
2026-05-03 22:00:00,0.33837,0.33901,0.33745,0.33774,2677803.806652
2026-05-03 23:00:00,0.33773,0.3387,0.33773,0.33864,1413651.050352
2026-05-04 00:00:00,0.33864,0.33899,0.33783,0.33805,1049397.145159
2026-05-04 01:00:00,0.33807,0.33888,0.33776,0.33848,1322550.450807
2026-05-04 02:00:00,0.33849,0.3386,0.33769,0.33858,925574.590004
2026-05-04 03:00:00,0.33859,0.33859,0.33781,0.33801,532238.648627
2026-05-04 04:00:00,0.33801,0.33801,0.3375,0.33795,579303.867625
2026-05-04 05:00:00,0.33795,0.33946,0.33776,0.33923,747697.240807
2026-05-04 06:00:00,0.33923,0.34028,0.33888,0.34005,1102406.970751
2026-05-04 07:00:00,0.34001,0.34039,0.33908,0.33919,1709607.001993
2026-05-04 08:00:00,0.33914,0.33953,0.33868,0.33936,870921.801279
2026-05-04 09:00:00,0.33936,0.33993,0.339,0.33992,1428734.33334
2026-05-04 10:00:00,0.33992,0.34097,0.33875,0.34076,2406589.368748
2026-05-04 11:00:00,0.34075,0.34077,0.33977,0.33995,1603952.762054
2026-05-04 12:00:00,0.33997,0.34059,0.33645,0.33841,4425445.335275
2026-05-04 13:00:00,0.33841,0.33847,0.3373,0.33809,2394187.559524
2026-05-04 14:00:00,0.33809,0.33981,0.33809,0.33939,2918723.919999
2026-05-04 15:00:00,0.33938,0.33999,0.3391,0.33987,3751033.244712
2026-05-04 16:00:00,0.33987,0.3407,0.33987,0.34068,2669280.342079
2026-05-04 17:00:00,0.34068,0.34172,0.34055,0.34119,3362272.40728
2026-05-04 18:00:00,0.34116,0.34116,0.33955,0.33995,4105761.382641
2026-05-04 19:00:00,0.33994,0.34015,0.33939,0.33979,2147137.117709
2026-05-04 20:00:00,0.3398,0.34126,0.33931,0.3411,3761677.240416
2026-05-04 21:00:00,0.3411,0.34157,0.3402,0.34086,2707088.929546
2026-05-04 22:00:00,0.34087,0.34089,0.34015,0.3406,1327655.337204
2026-05-04 23:00:00,0.3406,0.34141,0.34049,0.34072,1962083.752286
2026-05-05 00:00:00,0.34071,0.342,0.34045,0.34194,1787540.838841
2026-05-05 01:00:00,0.34194,0.34194,0.34047,0.34068,713824.084374
2026-05-05 02:00:00,0.34064,0.3408,0.33992,0.34004,834895.210634
2026-05-05 03:00:00,0.34004,0.34045,0.3388,0.33919,1183000.741787
2026-05-05 04:00:00,0.33921,0.33925,0.33875,0.33902,410405.51021
2026-05-05 05:00:00,0.33902,0.33971,0.33901,0.33923,1203000.035569
2026-05-05 06:00:00,0.33923,0.34032,0.3387,0.34014,1909022.027296
2026-05-05 07:00:00,0.34015,0.3411,0.34014,0.34081,1632073.212656
2026-05-05 08:00:00,0.34081,0.34109,0.34012,0.34016,1648420.762192
2026-05-05 09:00:00,0.34015,0.34049,0.33953,0.34042,1678800.545601
2026-05-05 10:00:00,0.34043,0.3413,0.33994,0.3413,2361842.583886
2026-05-05 11:00:00,0.3413,0.34166,0.33893,0.33976,2231265.011627
2026-05-05 12:00:00,0.3397,0.3397,0.33759,0.33814,4684869.609327
2026-05-05 13:00:00,0.33813,0.33984,0.33802,0.33984,3430688.487243
2026-05-05 14:00:00,0.33985,0.34125,0.33985,0.34114,4177348.726971
2026-05-05 15:00:00,0.34113,0.34338,0.34113,0.34315,6170245.770665
2026-05-05 16:00:00,0.34315,0.34456,0.34263,0.34366,5305943.468456
2026-05-05 17:00:00,0.34367,0.34447,0.34348,0.34429,4336419.097916
2026-05-05 18:00:00,0.3443,0.34566,0.3443,0.34535,3545754.99611
2026-05-05 19:00:00,0.34535,0.34612,0.3442,0.34449,3832858.934818
2026-05-05 20:00:00,0.3445,0.34464,0.34388,0.34442,4511833.340429
2026-05-05 21:00:00,0.34442,0.34535,0.34408,0.3451,4401540.689626
2026-05-05 22:00:00,0.34509,0.34553,0.34473,0.34518,3310029.301505
2026-05-05 23:00:00,0.34518,0.34524,0.34434,0.34476,2698171.400255
2026-05-06 00:00:00,0.34476,0.34552,0.34412,0.34531,1689926.363737
2026-05-06 01:00:00,0.34533,0.34539,0.34345,0.34378,1390663.946087
2026-05-06 02:00:00,0.34375,0.34429,0.3434,0.3434,934645.628284
2026-05-06 03:00:00,0.3434,0.3434,0.34301,0.34316,411264.893609
2026-05-06 04:00:00,0.34318,0.34365,0.34318,0.34358,670259.484471
2026-05-06 05:00:00,0.3436,0.34486,0.34329,0.34391,1161059.13461
2026-05-06 06:00:00,0.3439,0.34441,0.34303,0.34332,1204432.785776
2026-05-06 07:00:00,0.34329,0.3435,0.34265,0.34278,1561465.701331
2026-05-06 08:00:00,0.34278,0.34291,0.34199,0.34291,1802031.386657
2026-05-06 09:00:00,0.34291,0.34352,0.3429,0.34326,2122298.135462
2026-05-06 10:00:00,0.34325,0.34379,0.34287,0.34322,3002233.556497
2026-05-06 11:00:00,0.34321,0.34367,0.34292,0.3433,2002019.489674
2026-05-06 12:00:00,0.34328,0.34414,0.34239,0.3436,2910143.764384
2026-05-06 13:00:00,0.3436,0.34548,0.3434,0.3446,3555788.786254
2026-05-06 14:00:00,0.34458,0.34532,0.34381,0.34391,2472132.126101
2026-05-06 15:00:00,0.34389,0.3449,0.34376,0.34489,2339676.878836
2026-05-06 16:00:00,0.3449,0.34696,0.3447,0.34674,4784012.512493
2026-05-06 17:00:00,0.34675,0.34699,0.34572,0.34631,3163668.426865
2026-05-06 18:00:00,0.34631,0.347,0.34602,0.3469,2057137.325239
2026-05-06 19:00:00,0.3469,0.34751,0.34677,0.34678,2351804.15732
2026-05-06 20:00:00,0.34678,0.34678,0.3461,0.34662,2152189.282552
2026-05-06 21:00:00,0.34662,0.34685,0.3456,0.34572,2620187.04307
2026-05-06 22:00:00,0.34572,0.34669,0.34571,0.34619,3594673.52639
2026-05-06 23:00:00,0.34619,0.34696,0.34512,0.34628,2372583.005168
2026-05-07 00:00:00,0.34627,0.34725,0.34627,0.34663,1178833.234182
2026-05-07 01:00:00,0.34663,0.34721,0.34577,0.34577,1094556.087191
2026-05-07 02:00:00,0.34577,0.34583,0.34507,0.34545,672252.825555
2026-05-07 03:00:00,0.34547,0.34557,0.34466,0.3449,949035.652874
2026-05-07 04:00:00,0.3449,0.3452,0.34393,0.34431,1016556.832247
2026-05-07 05:00:00,0.34431,0.34493,0.34431,0.34453,1021540.949566
2026-05-07 06:00:00,0.34453,0.34556,0.34425,0.34527,1342396.479257
2026-05-07 07:00:00,0.34526,0.34534,0.34435,0.34435,1279542.182572
2026-05-07 08:00:00,0.34436,0.34515,0.34417,0.34515,1261240.685617
2026-05-07 09:00:00,0.34517,0.3464,0.34498,0.34639,1528609.848284
2026-05-07 10:00:00,0.3464,0.34715,0.34624,0.34691,1811591.852682
2026-05-07 11:00:00,0.3469,0.34709,0.34647,0.34693,1468047.936151
2026-05-07 12:00:00,0.34693,0.34709,0.34639,0.34671,1571683.875694
2026-05-07 13:00:00,0.34671,0.34838,0.34661,0.34838,2491236.463335
2026-05-07 14:00:00,0.34838,0.34919,0.3479,0.34859,2715921.40488
2026-05-07 15:00:00,0.3486,0.3487,0.34764,0.3485,2811492.815113
2026-05-07 16:00:00,0.3485,0.3495,0.34802,0.3494,2865969.850524
2026-05-07 17:00:00,0.3494,0.34983,0.34895,0.34983,2718869.81501
2026-05-07 18:00:00,0.34982,0.34994,0.34951,0.34971,2471108.822931
2026-05-07 19:00:00,0.3497,0.34983,0.34898,0.34953,2129384.741702
2026-05-07 20:00:00,0.34952,0.34954,0.34742,0.34776,5527603.787807
2026-05-07 21:00:00,0.34775,0.34858,0.34775,0.3485,2315454.813437
2026-05-07 22:00:00,0.3485,0.34904,0.34828,0.34879,2500490.755488
2026-05-07 23:00:00,0.34878,0.34922,0.34861,0.34898,838431.128953
2026-05-08 00:00:00,0.34899,0.34921,0.34831,0.34921,1047330.960579
2026-05-08 01:00:00,0.3492,0.34921,0.3477,0.3478,981774.711392
2026-05-08 02:00:00,0.34779,0.3479,0.34688,0.34702,1009057.239229
2026-05-08 03:00:00,0.34701,0.34771,0.3469,0.3477,913696.503417
2026-05-08 04:00:00,0.3477,0.34782,0.3475,0.34763,290616.810273
2026-05-08 05:00:00,0.34763,0.34848,0.34731,0.34831,599632.192109
2026-05-08 06:00:00,0.34832,0.34948,0.34831,0.34948,716426.540242
2026-05-08 07:00:00,0.34948,0.35188,0.34947,0.3516,2172718.197711
2026-05-08 08:00:00,0.35156,0.35168,0.34899,0.3493,10883505.813656
2026-05-08 09:00:00,0.34931,0.34993,0.34888,0.34939,2885602.384405
2026-05-08 10:00:00,0.34939,0.34987,0.34796,0.34809,3658478.789559
2026-05-08 11:00:00,0.34809,0.34842,0.34769,0.34841,1653559.371789
2026-05-08 12:00:00,0.34841,0.34915,0.34827,0.34861,2138564.020782
2026-05-08 13:00:00,0.3486,0.3495,0.3485,0.34909,1937234.409879
2026-05-08 14:00:00,0.34912,0.34987,0.34868,0.34965,3361721.718163
2026-05-08 15:00:00,0.34965,0.35028,0.3494,0.34978,3171176.817721
2026-05-08 16:00:00,0.34978,0.35089,0.34971,0.35084,2358944.877162
2026-05-08 17:00:00,0.35085,0.35085,0.34991,0.35027,2243027.869457
2026-05-08 18:00:00,0.35027,0.35029,0.34943,0.3499,1602613.482123
2026-05-08 19:00:00,0.34989,0.35031,0.34929,0.34939,2132926.52539
2026-05-08 20:00:00,0.34938,0.35014,0.34928,0.34995,2161004.112419
2026-05-08 21:00:00,0.34995,0.35053,0.34984,0.35008,2445900.8627
2026-05-08 22:00:00,0.35009,0.35053,0.34977,0.35053,1482167.507149
2026-05-08 23:00:00,0.35053,0.35089,0.34986,0.35012,1737391.435342
2026-05-09 00:00:00,0.35012,0.35073,0.34963,0.3498,1812100.306816
2026-05-09 01:00:00,0.34981,0.35079,0.34968,0.35052,1040085.389676
2026-05-09 02:00:00,0.35053,0.35081,0.35021,0.35026,668390.385927
2026-05-09 03:00:00,0.35024,0.35094,0.35003,0.35084,750922.812977
2026-05-09 04:00:00,0.35087,0.35179,0.35087,0.35179,791025.493184
2026-05-09 05:00:00,0.3518,0.35348,0.3518,0.35287,1464866.213602
2026-05-09 06:00:00,0.35287,0.35317,0.35252,0.35287,956181.682449
2026-05-09 07:00:00,0.35287,0.35287,0.35109,0.3512,1562031.278242
2026-05-09 08:00:00,0.35119,0.35134,0.35016,0.35119,1379931.913264
2026-05-09 09:00:00,0.35119,0.35198,0.35068,0.35198,1222571.2523
2026-05-09 10:00:00,0.35198,0.35218,0.35158,0.35165,1603494.530721
2026-05-09 11:00:00,0.35165,0.3531,0.35157,0.35301,2031643.904891
2026-05-09 12:00:00,0.353,0.3535,0.35181,0.35189,2010508.289831
2026-05-09 13:00:00,0.35188,0.35197,0.35094,0.35172,1856437.235501
2026-05-09 14:00:00,0.35171,0.35291,0.35171,0.35255,1755122.108748
2026-05-09 15:00:00,0.35255,0.35275,0.35039,0.35209,2695025.169656
2026-05-09 16:00:00,0.35209,0.35209,0.35052,0.35058,3881526.578434
2026-05-09 17:00:00,0.35058,0.35071,0.34985,0.3506,2113943.063513
2026-05-09 18:00:00,0.35056,0.3511,0.35008,0.35065,2243413.934934
2026-05-09 19:00:00,0.35065,0.35139,0.35061,0.35104,1587244.98326
2026-05-09 20:00:00,0.35104,0.35145,0.35041,0.35067,1336518.242577
2026-05-09 21:00:00,0.35067,0.3509,0.3503,0.35071,2236965.194451
2026-05-09 22:00:00,0.35071,0.35077,0.35017,0.35028,1478438.008198
2026-05-09 23:00:00,0.35029,0.35042,0.3494,0.35023,1591507.241957
2026-05-10 00:00:00,0.35023,0.35046,0.34985,0.35018,681694.656733
2026-05-10 01:00:00,0.35019,0.3508,0.35018,0.35036,888086.079073
2026-05-10 02:00:00,0.35036,0.35098,0.35036,0.35082,623299.205309
2026-05-10 03:00:00,0.35082,0.35113,0.3504,0.35099,427734.033126
2026-05-10 04:00:00,0.35099,0.35099,0.3503,0.35041,283300.317935
2026-05-10 05:00:00,0.35041,0.35041,0.34846,0.34931,1156821.14747
2026-05-10 06:00:00,0.34931,0.34965,0.34907,0.34965,963333.663322
2026-05-10 07:00:00,0.34964,0.34976,0.3491,0.34976,785740.741195
2026-05-10 08:00:00,0.34976,0.34976,0.34918,0.34942,660969.643079
2026-05-10 09:00:00,0.34943,0.34982,0.349,0.34942,1090523.383808
2026-05-10 10:00:00,0.34942,0.34943,0.34853,0.34905,1507816.25929
2026-05-10 11:00:00,0.34905,0.35057,0.34904,0.35056,1069750.624398
2026-05-10 12:00:00,0.35057,0.35109,0.34959,0.35109,1738774.359769
2026-05-10 13:00:00,0.35113,0.35144,0.35103,0.35144,1802283.888104
2026-05-10 14:00:00,0.35144,0.35148,0.35099,0.35132,1195608.352395
2026-05-10 15:00:00,0.35133,0.35135,0.35009,0.35058,2056330.779244
2026-05-10 16:00:00,0.35058,0.35131,0.35058,0.35123,2296871.188182
2026-05-10 17:00:00,0.35123,0.35243,0.35122,0.35234,2784510.745742
2026-05-10 18:00:00,0.35234,0.35234,0.35143,0.3519,1690335.55338
2026-05-10 19:00:00,0.3519,0.3519,0.35132,0.35154,1800766.794177
2026-05-10 20:00:00,0.35154,0.35154,0.35055,0.35142,2046738.503918
2026-05-10 21:00:00,0.35142,0.35182,0.35053,0.35078,2098610.467211
2026-05-10 22:00:00,0.35077,0.35135,0.35077,0.35091,1158588.88117
2026-05-10 23:00:00,0.35092,0.35119,0.35039,0.35069,1271783.210467
2026-05-11 00:00:00,0.35069,0.35069,0.34914,0.34957,1631593.437384
2026-05-11 01:00:00,0.34958,0.3502,0.34921,0.34996,1079735.713693
2026-05-11 02:00:00,0.35002,0.35038,0.34968,0.34992,990969.177119
2026-05-11 03:00:00,0.34992,0.35016,0.3492,0.34956,1129091.308237
2026-05-11 04:00:00,0.34955,0.35007,0.34945,0.34993,831065.802584
2026-05-11 05:00:00,0.34996,0.3503,0.34985,0.35017,561266.960894
2026-05-11 06:00:00,0.35016,0.35017,0.34972,0.34979,872037.26909
2026-05-11 07:00:00,0.34979,0.35015,0.34978,0.34998,556973.841574
2026-05-11 08:00:00,0.34999,0.35058,0.34979,0.35058,508747.581312
2026-05-11 09:00:00,0.35058,0.351,0.35056,0.35094,1130255.959326
2026-05-11 10:00:00,0.35095,0.35164,0.3509,0.35124,1038392.185366
2026-05-11 11:00:00,0.35124,0.35157,0.35105,0.3514,1000724.145475
2026-05-11 12:00:00,0.3514,0.35285,0.35086,0.35233,9667441.971151
2026-05-11 13:00:00,0.35234,0.35253,0.35168,0.35182,2203123.333849
2026-05-11 14:00:00,0.35183,0.35194,0.35114,0.35119,1744199.715937
2026-05-11 15:00:00,0.3512,0.35141,0.35078,0.35095,1972305.993894
2026-05-11 16:00:00,0.35094,0.35166,0.35044,0.35127,2864417.303695
2026-05-11 17:00:00,0.35127,0.35149,0.35105,0.35111,2190810.976526
2026-05-11 18:00:00,0.35111,0.35171,0.35094,0.35171,2791729.014032
2026-05-11 19:00:00,0.35171,0.35185,0.35041,0.35062,2914454.214862
2026-05-11 20:00:00,0.35062,0.35131,0.35061,0.35101,3352316.290651
2026-05-11 21:00:00,0.351,0.35123,0.35072,0.35123,2685134.201907
2026-05-11 22:00:00,0.35123,0.35142,0.35108,0.35142,2023539.944439
2026-05-11 23:00:00,0.35142,0.35161,0.35125,0.35131,1414887.751454
2026-05-12 00:00:00,0.35132,0.35144,0.35033,0.35065,1465669.777728
2026-05-12 01:00:00,0.35066,0.35108,0.35033,0.35049,992781.741221
2026-05-12 02:00:00,0.35049,0.3505,0.34764,0.34887,1907406.645525
2026-05-12 03:00:00,0.34886,0.34951,0.34821,0.34887,2258985.455764
2026-05-12 04:00:00,0.34883,0.34883,0.34818,0.34843,931928.053132
2026-05-12 05:00:00,0.34842,0.34906,0.34842,0.34888,842660.878256
2026-05-12 06:00:00,0.34889,0.34942,0.34828,0.34912,1941410.340841
2026-05-12 07:00:00,0.34911,0.34961,0.34873,0.34912,2868971.00639
2026-05-12 08:00:00,0.34912,0.34969,0.34896,0.34968,1587133.53056
2026-05-12 09:00:00,0.34969,0.34974,0.34936,0.34955,1447461.508449
2026-05-12 10:00:00,0.34954,0.34955,0.3487,0.34878,1376593.514645
2026-05-12 11:00:00,0.34879,0.34931,0.34878,0.34908,1738028.58236
2026-05-12 12:00:00,0.34909,0.34963,0.3489,0.34925,1731909.879385
2026-05-12 13:00:00,0.34924,0.34945,0.34785,0.34796,1883392.199989
2026-05-12 14:00:00,0.34794,0.34852,0.34761,0.34825,1928204.393122
2026-05-12 15:00:00,0.34825,0.34836,0.34781,0.34819,1701792.734656
2026-05-12 16:00:00,0.34819,0.34826,0.34732,0.34755,2448857.396616
2026-05-12 17:00:00,0.34755,0.34848,0.34691,0.34847,2682654.964294
2026-05-12 18:00:00,0.34848,0.34937,0.34844,0.34937,2226497.425636
2026-05-12 19:00:00,0.34937,0.3501,0.34934,0.34976,2470904.692283
2026-05-12 20:00:00,0.34977,0.35021,0.34957,0.35015,3236376.678524
2026-05-12 21:00:00,0.35016,0.3502,0.34986,0.34994,2518673.885329
2026-05-12 22:00:00,0.34994,0.3504,0.3494,0.34951,2104637.6642
2026-05-12 23:00:00,0.34952,0.34976,0.3486,0.3492,1543974.079558
2026-05-13 00:00:00,0.34921,0.34934,0.34858,0.34869,1070848.4421
2026-05-13 01:00:00,0.34871,0.34921,0.34871,0.34899,831476.5961
2026-05-13 02:00:00,0.34899,0.34933,0.34891,0.34897,642388.845383
2026-05-13 03:00:00,0.34896,0.34908,0.34874,0.34907,643491.010139
2026-05-13 04:00:00,0.34908,0.3494,0.34879,0.3494,1014264.7597
2026-05-13 05:00:00,0.3494,0.34956,0.34897,0.34901,835831.128163
2026-05-13 06:00:00,0.34901,0.35014,0.34894,0.35,1387070.025996
2026-05-13 07:00:00,0.35,0.35,0.34959,0.34978,891849.053623
2026-05-13 08:00:00,0.34978,0.35009,0.34926,0.35009,864828.139815
2026-05-13 09:00:00,0.35009,0.3508,0.35008,0.3508,1589703.865371
2026-05-13 10:00:00,0.3508,0.35167,0.35068,0.35119,1569258.907212
2026-05-13 11:00:00,0.3512,0.3518,0.35108,0.35108,2245170.267999
2026-05-13 12:00:00,0.35107,0.35125,0.34981,0.35044,2066263.74623
2026-05-13 13:00:00,0.35044,0.35086,0.34922,0.34932,2371894.591291
2026-05-13 14:00:00,0.34933,0.35043,0.34901,0.35032,2418075.486942
2026-05-13 15:00:00,0.35032,0.35045,0.34931,0.34985,2906627.988967
2026-05-13 16:00:00,0.34985,0.35054,0.34983,0.35034,3124243.69165
2026-05-13 17:00:00,0.35033,0.35095,0.35033,0.35064,3061833.960693
2026-05-13 18:00:00,0.35064,0.35075,0.35017,0.35024,2660597.75025
2026-05-13 19:00:00,0.35025,0.35074,0.35012,0.35028,2527786.598605
2026-05-13 20:00:00,0.35028,0.35066,0.35006,0.35042,2805395.765085
2026-05-13 21:00:00,0.35042,0.35042,0.34984,0.35002,1776843.758233
2026-05-13 22:00:00,0.35001,0.35022,0.34943,0.34977,2085848.454475
2026-05-13 23:00:00,0.34977,0.3501,0.34964,0.34965,941355.152275
2026-05-14 00:00:00,0.34965,0.34995,0.34936,0.34957,1042733.324323
2026-05-14 01:00:00,0.34958,0.34999,0.34955,0.34994,817264.132415
2026-05-14 02:00:00,0.34994,0.35055,0.34971,0.35032,463375.132069
2026-05-14 03:00:00,0.35035,0.35045,0.34989,0.34998,638978.217152
2026-05-14 04:00:00,0.34998,0.35096,0.34997,0.35086,754188.04843
2026-05-14 05:00:00,0.35086,0.35096,0.3506,0.3509,484264.656876
2026-05-14 06:00:00,0.3509,0.35158,0.35088,0.35114,1066856.90149
2026-05-14 07:00:00,0.35115,0.35123,0.35079,0.35123,761900.542816
2026-05-14 08:00:00,0.35122,0.35234,0.35087,0.35233,1542675.6767
2026-05-14 09:00:00,0.35234,0.35324,0.35233,0.35324,1236419.508542
2026-05-14 10:00:00,0.35324,0.35557,0.35279,0.35461,4315654.152472
2026-05-14 11:00:00,0.35461,0.35493,0.35391,0.35433,1879019.217702
2026-05-14 12:00:00,0.35433,0.35533,0.35381,0.35498,1603542.381346
2026-05-14 13:00:00,0.35499,0.35515,0.3544,0.35471,1916854.663279
2026-05-14 14:00:00,0.3547,0.35555,0.35382,0.35448,2296639.613816
2026-05-14 15:00:00,0.35449,0.35477,0.35414,0.35417,1736851.204632
2026-05-14 16:00:00,0.35417,0.35471,0.35382,0.35451,2652813.292984
2026-05-14 17:00:00,0.35451,0.35462,0.35418,0.35435,1510118.1934
2026-05-14 18:00:00,0.35435,0.35482,0.35396,0.35446,2123494.558477
2026-05-14 19:00:00,0.35446,0.35503,0.35421,0.3548,2199216.796408
2026-05-14 20:00:00,0.35482,0.35529,0.354,0.35441,2831238.126453
2026-05-14 21:00:00,0.35442,0.35449,0.35185,0.35333,2398947.611346
2026-05-14 22:00:00,0.35332,0.35381,0.35332,0.35379,3001972.39301
2026-05-14 23:00:00,0.35378,0.35421,0.35353,0.35382,2122350.044649
2026-05-15 00:00:00,0.35382,0.35429,0.35361,0.35362,1420162.859797
2026-05-15 01:00:00,0.35362,0.35362,0.35273,0.35293,1072311.350339
2026-05-15 02:00:00,0.35294,0.35363,0.35228,0.35337,846353.111061
2026-05-15 03:00:00,0.35337,0.35357,0.35227,0.35355,1153563.316517
2026-05-15 04:00:00,0.35355,0.35393,0.35342,0.35392,531300.686813
2026-05-15 05:00:00,0.35392,0.35409,0.35301,0.35306,469634.60626
2026-05-15 06:00:00,0.35306,0.35341,0.3528,0.35341,905423.362958
2026-05-15 07:00:00,0.35341,0.35365,0.35148,0.35166,3035513.370533
2026-05-15 08:00:00,0.35167,0.35227,0.35134,0.35227,1592620.570343
2026-05-15 09:00:00,0.35227,0.35249,0.35172,0.35182,2326640.928462
2026-05-15 10:00:00,0.35182,0.35204,0.35159,0.35203,2273708.999699
2026-05-15 11:00:00,0.35204,0.35237,0.35153,0.35222,2547020.866701
2026-05-15 12:00:00,0.35222,0.3524,0.35178,0.35188,3294734.280539
2026-05-15 13:00:00,0.35189,0.35208,0.35008,0.35037,4076520.528893
2026-05-15 14:00:00,0.35037,0.35122,0.35,0.35057,3277081.334087
2026-05-15 15:00:00,0.35056,0.35128,0.35041,0.3512,3926111.566557
2026-05-15 16:00:00,0.3512,0.35252,0.35119,0.35238,3343919.052183
2026-05-15 17:00:00,0.35237,0.35238,0.352,0.35225,1891951.38075
2026-05-15 18:00:00,0.35225,0.35225,0.35174,0.35201,1738850.583501
2026-05-15 19:00:00,0.352,0.35217,0.35188,0.35207,2143736.278196
2026-05-15 20:00:00,0.3521,0.35212,0.35139,0.35167,2559037.821266
2026-05-15 21:00:00,0.35168,0.35216,0.35157,0.35157,2626688.97039
2026-05-15 22:00:00,0.35156,0.35208,0.35156,0.35205,1908503.634443
2026-05-15 23:00:00,0.35206,0.35228,0.35165,0.35223,1263829.542321
2026-05-16 00:00:00,0.35223,0.35241,0.35165,0.35194,1441484.06102
2026-05-16 01:00:00,0.35193,0.35232,0.3518,0.35224,918161.668955
2026-05-16 02:00:00,0.35223,0.35227,0.35135,0.35147,737467.609762
2026-05-16 03:00:00,0.35148,0.35164,0.3514,0.3516,582493.877004
2026-05-16 04:00:00,0.35161,0.35175,0.35064,0.35115,987123.2648
2026-05-16 05:00:00,0.35116,0.35145,0.35088,0.35145,625216.842608
2026-05-16 06:00:00,0.35145,0.35145,0.35091,0.35123,879715.410694
2026-05-16 07:00:00,0.35123,0.35197,0.34906,0.35136,4276761.052432
2026-05-16 08:00:00,0.35136,0.35228,0.35131,0.35179,1216251.315974
2026-05-16 09:00:00,0.35179,0.35204,0.35107,0.35139,2751195.910256
2026-05-16 10:00:00,0.3514,0.35233,0.35118,0.35228,1056887.299039
2026-05-16 11:00:00,0.35228,0.35324,0.3517,0.352,3309293.414013
2026-05-16 12:00:00,0.352,0.35206,0.35142,0.35153,2534570.946419
2026-05-16 13:00:00,0.35152,0.35179,0.35091,0.35179,2700741.489252
2026-05-16 14:00:00,0.35179,0.35188,0.35037,0.35186,3256889.756835
2026-05-16 15:00:00,0.35187,0.35301,0.35183,0.353,2096400.345251
2026-05-16 16:00:00,0.353,0.35468,0.3529,0.35451,2858704.398257
2026-05-16 17:00:00,0.35452,0.35465,0.35381,0.35444,1830529.579792
2026-05-16 18:00:00,0.35444,0.35467,0.35401,0.35433,2160818.847966
2026-05-16 19:00:00,0.35433,0.3548,0.35419,0.3548,2018692.155158
2026-05-16 20:00:00,0.3548,0.35516,0.35433,0.35433,2311166.581584
2026-05-16 21:00:00,0.35432,0.35497,0.35428,0.35497,1741891.8919
2026-05-16 22:00:00,0.35496,0.35543,0.3549,0.355,1898778.677956
2026-05-16 23:00:00,0.35501,0.35542,0.35496,0.35525,1330900.080557
2026-05-17 00:00:00,0.35526,0.35578,0.35434,0.35435,2015803.845171
2026-05-17 01:00:00,0.35436,0.35436,0.35347,0.35369,1477782.624655
2026-05-17 02:00:00,0.35369,0.35408,0.35357,0.35404,647982.237698
2026-05-17 03:00:00,0.35403,0.35414,0.35354,0.35408,318919.292551
2026-05-17 04:00:00,0.35408,0.35426,0.35399,0.35399,344647.93759
2026-05-17 05:00:00,0.354,0.35426,0.35399,0.35426,195214.897345
2026-05-17 06:00:00,0.35426,0.35458,0.35408,0.35412,437098.172717
2026-05-17 07:00:00,0.35412,0.35465,0.354,0.35452,587646.524237
2026-05-17 08:00:00,0.35452,0.35477,0.35436,0.35476,504350.756025
2026-05-17 09:00:00,0.35477,0.35505,0.35445,0.35495,1370967.827643
2026-05-17 10:00:00,0.35495,0.35566,0.35495,0.35552,2248443.660929
2026-05-17 11:00:00,0.35552,0.35663,0.35536,0.35644,2966929.635577
2026-05-17 12:00:00,0.35645,0.35701,0.35641,0.35664,2394341.423143
2026-05-17 13:00:00,0.35665,0.35674,0.35619,0.3567,2057677.229443
2026-05-17 14:00:00,0.3567,0.35755,0.35669,0.35747,3862451.937552
2026-05-17 15:00:00,0.35747,0.35763,0.357,0.35747,3155726.92682
2026-05-17 16:00:00,0.35747,0.35747,0.35696,0.35698,2588523.865176
2026-05-17 17:00:00,0.35698,0.35738,0.35592,0.35618,2850906.375064
2026-05-17 18:00:00,0.35617,0.35667,0.35611,0.35621,2766158.815708
2026-05-17 19:00:00,0.35622,0.35685,0.3562,0.3562,2872027.577585
2026-05-17 20:00:00,0.3562,0.3562,0.3556,0.35591,2369714.509868
2026-05-17 21:00:00,0.35591,0.35651,0.3559,0.35651,2005723.046891
2026-05-17 22:00:00,0.35651,0.35656,0.35599,0.35624,1939555.964218
2026-05-17 23:00:00,0.35623,0.35628,0.35466,0.35526,2326203.332243
2026-05-18 00:00:00,0.35527,0.35534,0.3543,0.35448,1347446.528744
2026-05-18 01:00:00,0.35447,0.35502,0.35418,0.35485,932818.546826
2026-05-18 02:00:00,0.35486,0.35596,0.35486,0.35551,430932.643353
2026-05-18 03:00:00,0.35551,0.35718,0.3555,0.35687,913952.799859
2026-05-18 04:00:00,0.35687,0.35688,0.35648,0.35672,558401.858923
2026-05-18 05:00:00,0.35672,0.35695,0.35628,0.35644,700198.692976
2026-05-18 06:00:00,0.35643,0.35661,0.35541,0.35599,1126970.502326
2026-05-18 07:00:00,0.356,0.35642,0.3553,0.35627,1197241.028614
2026-05-18 08:00:00,0.35627,0.35643,0.35528,0.35559,1769355.721599
2026-05-18 09:00:00,0.3556,0.3556,0.35458,0.35501,1568153.817977
2026-05-18 10:00:00,0.35501,0.35721,0.35479,0.35711,3598180.067165
2026-05-18 11:00:00,0.35712,0.35712,0.35588,0.35617,2402822.466913
2026-05-18 12:00:00,0.35616,0.35731,0.35605,0.35731,1604248.073897
2026-05-18 13:00:00,0.3573,0.35848,0.35717,0.35791,3272438.347522
2026-05-18 14:00:00,0.3579,0.35817,0.35617,0.35648,2525779.98333
2026-05-18 15:00:00,0.35651,0.35651,0.35381,0.35439,5848170.793576
2026-05-18 16:00:00,0.35438,0.35581,0.35429,0.35568,2678275.012321
2026-05-18 17:00:00,0.35569,0.35596,0.35518,0.35576,2245149.175595
2026-05-18 18:00:00,0.35574,0.35574,0.35457,0.35504,2129438.225706
2026-05-18 19:00:00,0.35505,0.35661,0.35504,0.35638,2724821.487753
2026-05-18 20:00:00,0.35638,0.35685,0.35621,0.35621,2682811.209676
2026-05-18 21:00:00,0.3562,0.35663,0.35594,0.35594,2140187.240798
2026-05-18 22:00:00,0.35591,0.3565,0.3558,0.35598,2216004.531445
2026-05-18 23:00:00,0.35598,0.35608,0.35562,0.35569,1115561.496917
2026-05-19 00:00:00,0.3557,0.35637,0.35541,0.35576,1147774.752887
2026-05-19 01:00:00,0.35575,0.35579,0.35548,0.3557,1094113.317724
2026-05-19 02:00:00,0.35572,0.35776,0.35572,0.35659,2624450.510396
2026-05-19 03:00:00,0.35658,0.35733,0.35609,0.35711,1117182.705649
2026-05-19 04:00:00,0.35711,0.35727,0.35678,0.35697,828111.079803
2026-05-19 05:00:00,0.35697,0.35739,0.35655,0.35681,770998.262409
2026-05-19 06:00:00,0.35681,0.35715,0.35664,0.35681,689255.651042
2026-05-19 07:00:00,0.35681,0.35703,0.35647,0.35675,791037.692866
2026-05-19 08:00:00,0.35676,0.35676,0.3553,0.35544,1363467.938842
2026-05-19 09:00:00,0.35543,0.3556,0.35416,0.35459,1991354.518358
2026-05-19 10:00:00,0.35457,0.35572,0.35443,0.35525,1429891.509916
2026-05-19 11:00:00,0.35525,0.35549,0.35481,0.35531,1850080.302903
2026-05-19 12:00:00,0.35531,0.35584,0.35508,0.35584,2210292.003592
2026-05-19 13:00:00,0.35585,0.35684,0.35584,0.35641,2363947.518674
2026-05-19 14:00:00,0.3564,0.35641,0.35451,0.35451,3119086.380728
2026-05-19 15:00:00,0.35451,0.35484,0.35421,0.35449,2166420.257556
2026-05-19 16:00:00,0.35449,0.35555,0.35446,0.35549,2252745.649099
2026-05-19 17:00:00,0.35548,0.35549,0.35481,0.35502,2661159.448338
2026-05-19 18:00:00,0.35503,0.35564,0.35502,0.35546,1663646.994295
2026-05-19 19:00:00,0.35546,0.35583,0.35543,0.35578,1386873.840165
2026-05-19 20:00:00,0.35578,0.35611,0.35577,0.35607,1773185.801663
2026-05-19 21:00:00,0.35607,0.35628,0.35601,0.35601,1974337.941493
2026-05-19 22:00:00,0.35601,0.35637,0.35561,0.35636,1868586.36513
2026-05-19 23:00:00,0.35636,0.35646,0.3563,0.35637,1746639.840514
2026-05-20 00:00:00,0.35636,0.35656,0.35594,0.35652,1567309.58314
2026-05-20 01:00:00,0.35652,0.35662,0.35599,0.35605,865814.535974
2026-05-20 02:00:00,0.35605,0.35634,0.35572,0.35634,775034.681139
2026-05-20 03:00:00,0.35634,0.35639,0.35545,0.3556,727486.558891
2026-05-20 04:00:00,0.35561,0.3562,0.35556,0.3556,661366.410594
2026-05-20 05:00:00,0.3556,0.35595,0.35523,0.35561,1396420.403762
2026-05-20 06:00:00,0.35561,0.35674,0.35556,0.35673,949135.227677
2026-05-20 07:00:00,0.35673,0.3571,0.35643,0.35704,1188178.988413
2026-05-20 08:00:00,0.35705,0.35715,0.35656,0.35669,1161791.05154
2026-05-20 09:00:00,0.35669,0.35726,0.3566,0.35726,1629199.351996
2026-05-20 10:00:00,0.35726,0.35835,0.35726,0.35806,2935275.30138
2026-05-20 11:00:00,0.35805,0.35842,0.35763,0.35842,1216631.823202
2026-05-20 12:00:00,0.35842,0.35923,0.35828,0.35883,2829939.117049
2026-05-20 13:00:00,0.35883,0.35907,0.35757,0.35801,3400732.435001
2026-05-20 14:00:00,0.35801,0.35899,0.35791,0.35885,2329920.452727
2026-05-20 15:00:00,0.35885,0.35885,0.35793,0.35848,2784761.159906
2026-05-20 16:00:00,0.35849,0.35898,0.35813,0.35868,2146971.768293
2026-05-20 17:00:00,0.35869,0.35897,0.3584,0.35895,2357983.454702
2026-05-20 18:00:00,0.35895,0.35941,0.35895,0.35924,1682237.545062
2026-05-20 19:00:00,0.35924,0.35971,0.35923,0.35959,2319424.86871
2026-05-20 20:00:00,0.35959,0.35994,0.35938,0.35967,2179241.597847
2026-05-20 21:00:00,0.35967,0.35999,0.35965,0.35993,1766586.182995
2026-05-20 22:00:00,0.35994,0.35994,0.35934,0.3595,1244949.729218
2026-05-20 23:00:00,0.35951,0.35951,0.35916,0.35929,1595953.755296
2026-05-21 00:00:00,0.35929,0.35972,0.35885,0.3592,1131439.349901
2026-05-21 01:00:00,0.35919,0.35946,0.35884,0.35919,1075469.975915
2026-05-21 02:00:00,0.35918,0.35979,0.35882,0.35979,612155.414173
2026-05-21 03:00:00,0.35978,0.3598,0.35943,0.35946,284194.426751
2026-05-21 04:00:00,0.35946,0.35981,0.35925,0.35981,530800.26416
2026-05-21 05:00:00,0.35981,0.36085,0.35973,0.36085,1883094.500739
2026-05-21 06:00:00,0.36085,0.361,0.36038,0.3607,1295593.864242
2026-05-21 07:00:00,0.36071,0.36071,0.35906,0.35964,1697406.734779
2026-05-21 08:00:00,0.35964,0.35993,0.35953,0.35984,646935.863522
2026-05-21 09:00:00,0.35984,0.36163,0.35984,0.36149,2351761.822919
2026-05-21 10:00:00,0.3615,0.36188,0.36128,0.3615,1984120.290213
2026-05-21 11:00:00,0.36151,0.36182,0.36108,0.36157,1623958.173399
2026-05-21 12:00:00,0.36158,0.36379,0.36158,0.36309,4044020.15074
2026-05-21 13:00:00,0.36308,0.36386,0.36199,0.36217,2358965.479316
2026-05-21 14:00:00,0.36217,0.36244,0.36165,0.36212,2213344.300243
2026-05-21 15:00:00,0.36214,0.36357,0.36213,0.36331,3191434.35571
2026-05-21 16:00:00,0.3633,0.36423,0.3633,0.36405,2694485.349014
2026-05-21 17:00:00,0.36405,0.36478,0.36372,0.36446,2265869.394577
2026-05-21 18:00:00,0.36446,0.36477,0.36436,0.36459,2352183.055894
2026-05-21 19:00:00,0.36459,0.36484,0.36425,0.36447,2233305.270415
2026-05-21 20:00:00,0.36447,0.36447,0.36357,0.36403,2628206.140985
2026-05-21 21:00:00,0.36403,0.36465,0.36378,0.36464,2474918.710436
2026-05-21 22:00:00,0.36465,0.36542,0.3646,0.36523,3282634.836879
2026-05-21 23:00:00,0.36521,0.36552,0.36488,0.36551,1974214.225213
2026-05-22 00:00:00,0.36551,0.36612,0.36524,0.36548,1642558.151132
2026-05-22 01:00:00,0.36546,0.36552,0.36491,0.36546,1023374.821401
2026-05-22 02:00:00,0.36547,0.36652,0.36447,0.36482,2039141.647163
2026-05-22 03:00:00,0.36481,0.36509,0.36388,0.36509,1043511.61714
2026-05-22 04:00:00,0.36509,0.36524,0.36431,0.36479,661675.658788
2026-05-22 05:00:00,0.36479,0.36509,0.36446,0.36446,652948.139301
2026-05-22 06:00:00,0.36447,0.36585,0.36446,0.36563,1090032.391305
2026-05-22 07:00:00,0.36564,0.36564,0.36474,0.36521,1316663.666822
2026-05-22 08:00:00,0.3652,0.36524,0.36439,0.36511,1471350.692419
2026-05-22 09:00:00,0.36511,0.36524,0.36465,0.36472,1593688.796013
2026-05-22 10:00:00,0.36472,0.36525,0.3644,0.36503,1698190.450171
2026-05-22 11:00:00,0.36503,0.36546,0.36481,0.36491,1410309.764939
2026-05-22 12:00:00,0.3649,0.36532,0.36363,0.36387,3595464.295071
2026-05-22 13:00:00,0.36387,0.3643,0.35946,0.3598,4415517.065282
2026-05-22 14:00:00,0.35978,0.36151,0.35946,0.36151,3766014.118792
2026-05-22 15:00:00,0.36153,0.36268,0.36153,0.36267,2550915.19851
2026-05-22 16:00:00,0.36268,0.36325,0.36245,0.36284,3397175.171275
2026-05-22 17:00:00,0.36285,0.36325,0.36272,0.36291,2023630.885726
2026-05-22 18:00:00,0.36292,0.36302,0.36249,0.36291,2602121.70519
2026-05-22 19:00:00,0.36292,0.36301,0.36211,0.36241,3242545.244463
2026-05-22 20:00:00,0.36241,0.36294,0.36213,0.36243,2588810.292739
2026-05-22 21:00:00,0.36243,0.36304,0.36236,0.36298,2472090.695711
2026-05-22 22:00:00,0.36299,0.3633,0.3628,0.36299,2701224.612197
2026-05-22 23:00:00,0.363,0.36313,0.36187,0.36222,2065069.045729
2026-05-23 00:00:00,0.36221,0.36271,0.36151,0.36187,2004534.917552
2026-05-23 01:00:00,0.36188,0.36285,0.36186,0.3628,1073498.45903
2026-05-23 02:00:00,0.3628,0.36327,0.36263,0.36323,875971.264145
2026-05-23 03:00:00,0.36323,0.3634,0.36322,0.36339,578476.087872
2026-05-23 04:00:00,0.3634,0.36341,0.36223,0.36234,857644.128634
2026-05-23 05:00:00,0.36235,0.36235,0.36153,0.36185,831442.760157
2026-05-23 06:00:00,0.36185,0.36207,0.36153,0.36161,883883.061673
2026-05-23 07:00:00,0.36161,0.36194,0.36026,0.36072,2095434.30526
2026-05-23 08:00:00,0.36072,0.36082,0.35995,0.36041,1564346.797684
2026-05-23 09:00:00,0.36041,0.36092,0.35979,0.3607,1926773.865608
2026-05-23 10:00:00,0.3607,0.36218,0.35857,0.35941,4596789.983974
2026-05-23 11:00:00,0.35941,0.35951,0.35892,0.35922,2455878.482671
2026-05-23 12:00:00,0.35922,0.3593,0.35851,0.35924,2058794.73973
2026-05-23 13:00:00,0.35924,0.3593,0.35918,0.3593,1973845.461401
2026-05-23 14:00:00,0.35929,0.35947,0.35903,0.35935,2764403.374592
2026-05-23 15:00:00,0.35935,0.35986,0.35929,0.35985,2641720.496455
2026-05-23 16:00:00,0.35986,0.36014,0.35929,0.36011,2821964.451347
2026-05-23 17:00:00,0.36011,0.36045,0.3601,0.36035,2372945.744869
2026-05-23 18:00:00,0.36036,0.36123,0.36035,0.36104,2427824.835229
2026-05-23 19:00:00,0.36104,0.36176,0.36103,0.36167,2567136.443691
2026-05-23 20:00:00,0.36166,0.36182,0.36134,0.36177,2583092.940822
2026-05-23 21:00:00,0.36178,0.36242,0.36164,0.36194,3847933.067859
2026-05-23 22:00:00,0.36194,0.3627,0.36194,0.3627,2477870.510999
2026-05-23 23:00:00,0.36269,0.36308,0.36269,0.363,4047066.866444
2026-05-24 00:00:00,0.363,0.363,0.36212,0.36239,1577273.140735
2026-05-24 01:00:00,0.36239,0.36294,0.36217,0.36269,1207516.659134
2026-05-24 02:00:00,0.36269,0.36269,0.36223,0.36246,479534.693866
2026-05-24 03:00:00,0.36246,0.36359,0.36246,0.36325,970293.308714
2026-05-24 04:00:00,0.36324,0.36391,0.36323,0.3636,458958.898843
2026-05-24 05:00:00,0.36361,0.36361,0.36309,0.36324,534355.612804
2026-05-24 06:00:00,0.36324,0.36324,0.3629,0.36292,448625.999368
2026-05-24 07:00:00,0.36292,0.36302,0.36243,0.363,964246.357773
2026-05-24 08:00:00,0.363,0.363,0.36273,0.36295,874840.882022
2026-05-24 09:00:00,0.36295,0.36427,0.36295,0.36418,1754285.742037
2026-05-24 10:00:00,0.36418,0.36438,0.3641,0.36422,1231450.726089
2026-05-24 11:00:00,0.36422,0.365,0.36421,0.36469,2105576.919412
2026-05-24 12:00:00,0.36468,0.36575,0.36454,0.36569,2263147.332359
2026-05-24 13:00:00,0.36568,0.36613,0.36505,0.36513,2305733.3784
2026-05-24 14:00:00,0.36513,0.36609,0.36509,0.36576,2995999.518961
2026-05-24 15:00:00,0.36578,0.36628,0.36504,0.36525,2329449.474185
2026-05-24 16:00:00,0.36525,0.36587,0.36525,0.36586,2627841.462981
2026-05-24 17:00:00,0.36586,0.36724,0.36585,0.36716,3229858.754138
2026-05-24 18:00:00,0.36716,0.36803,0.36682,0.36791,2613713.900044
2026-05-24 19:00:00,0.36791,0.368,0.36736,0.36768,1886452.844286
2026-05-24 20:00:00,0.36767,0.36784,0.36501,0.36504,3105186.799223
2026-05-24 21:00:00,0.36504,0.36546,0.36448,0.36448,2806590.598289
2026-05-24 22:00:00,0.36449,0.36553,0.36448,0.36552,1944052.031146
2026-05-24 23:00:00,0.36551,0.36585,0.36548,0.36565,1150461.818511
2026-05-25 00:00:00,0.36566,0.36617,0.36544,0.36549,1355768.960597
2026-05-25 01:00:00,0.36549,0.36577,0.36523,0.36523,913607.095864
2026-05-25 02:00:00,0.36523,0.36555,0.36511,0.36519,605582.868899
2026-05-25 03:00:00,0.3652,0.3652,0.364,0.36432,926339.745596
2026-05-25 04:00:00,0.36432,0.36531,0.36431,0.36531,594889.885907
2026-05-25 05:00:00,0.36531,0.3668,0.3653,0.36674,857514.222791
2026-05-25 06:00:00,0.36681,0.36762,0.36621,0.36712,1047491.122514
2026-05-25 07:00:00,0.36712,0.36751,0.36678,0.36684,1032558.748688
2026-05-25 08:00:00,0.36684,0.36747,0.36639,0.36745,1577007.358856
2026-05-25 09:00:00,0.36744,0.36758,0.36694,0.36695,1401412.170217
2026-05-25 10:00:00,0.36695,0.36695,0.36614,0.36641,1866667.884335
2026-05-25 11:00:00,0.36638,0.3666,0.3657,0.36658,2188377.664874
2026-05-25 12:00:00,0.36658,0.37,0.36647,0.36984,4866351.258545
2026-05-25 13:00:00,0.36985,0.3706,0.36868,0.37039,3838882.659358
2026-05-25 14:00:00,0.3704,0.37314,0.3704,0.37305,5694461.33119
2026-05-25 15:00:00,0.37305,0.37374,0.36768,0.37063,6485252.035623
2026-05-25 16:00:00,0.37062,0.37394,0.37062,0.37346,4310806.415777
2026-05-25 17:00:00,0.37346,0.37393,0.37265,0.37283,2332381.154824
2026-05-25 18:00:00,0.37284,0.37341,0.37247,0.37292,2478144.42478
2026-05-25 19:00:00,0.37292,0.37312,0.37104,0.3717,4001956.773285
2026-05-25 20:00:00,0.3717,0.37173,0.37109,0.3717,2316769.658404
2026-05-25 21:00:00,0.37171,0.37214,0.37138,0.3721,2503684.793758
2026-05-25 22:00:00,0.37211,0.37239,0.37141,0.37191,3387750.270613
2026-05-25 23:00:00,0.37191,0.37236,0.37181,0.37182,2353102.505949
2026-05-26 00:00:00,0.37181,0.37271,0.37137,0.37168,2011711.980397
2026-05-26 01:00:00,0.37167,0.37382,0.37145,0.37382,2033170.117093
2026-05-26 02:00:00,0.37382,0.37496,0.3735,0.37457,1624304.47993
2026-05-26 03:00:00,0.37457,0.37457,0.37348,0.37416,1695124.698553
2026-05-26 04:00:00,0.37419,0.37622,0.37403,0.37573,3088757.819997
2026-05-26 05:00:00,0.37574,0.37574,0.37471,0.37492,873199.565076
2026-05-26 06:00:00,0.37492,0.37495,0.3734,0.37389,1020378.23585
2026-05-26 07:00:00,0.3739,0.37392,0.37314,0.37339,1440357.221943
2026-05-26 08:00:00,0.37334,0.37499,0.37317,0.37486,1086363.863057
2026-05-26 09:00:00,0.37485,0.37508,0.37277,0.37303,3922699.965037
2026-05-26 10:00:00,0.37303,0.37308,0.37231,0.37243,2952447.718079
2026-05-26 11:00:00,0.37243,0.3762,0.37243,0.37579,3591958.889254
2026-05-26 12:00:00,0.3758,0.37719,0.3758,0.37619,4411385.535571
2026-05-26 13:00:00,0.3762,0.37663,0.37406,0.37542,4617554.667824
2026-05-26 14:00:00,0.37542,0.37542,0.37305,0.37535,4068183.840318
2026-05-26 15:00:00,0.3753,0.37672,0.37514,0.37578,2745219.620203
2026-05-26 16:00:00,0.37575,0.376,0.37467,0.37518,3149611.163956
2026-05-26 17:00:00,0.37518,0.37524,0.37449,0.3747,2008102.85345
2026-05-26 18:00:00,0.37471,0.37509,0.37413,0.37438,1614873.960488
2026-05-26 19:00:00,0.37438,0.37487,0.37395,0.37428,2573678.407208
2026-05-26 20:00:00,0.37427,0.37471,0.37416,0.37462,1965228.085338
2026-05-26 21:00:00,0.37462,0.37553,0.37462,0.37548,3170251.043881
2026-05-26 22:00:00,0.37548,0.37615,0.37543,0.37607,2307911.360228
2026-05-26 23:00:00,0.37608,0.37618,0.37559,0.3758,2628777.79523
2026-05-27 00:00:00,0.37579,0.37595,0.37432,0.3752,2614535.219122
2026-05-27 01:00:00,0.37519,0.37539,0.37463,0.37499,1497594.844616
2026-05-27 02:00:00,0.375,0.37523,0.37412,0.37443,1019147.909064
2026-05-27 03:00:00,0.37443,0.37443,0.37339,0.37348,1043738.656021
2026-05-27 04:00:00,0.37349,0.3739,0.37321,0.37354,1370114.445614
2026-05-27 05:00:00,0.37354,0.37391,0.3734,0.37378,1000961.676239
2026-05-27 06:00:00,0.37379,0.37379,0.37274,0.37315,1303610.16693
2026-05-27 07:00:00,0.37316,0.37409,0.37315,0.37359,1935103.383892
2026-05-27 08:00:00,0.3736,0.37419,0.37353,0.37419,1422329.130697
2026-05-27 09:00:00,0.37419,0.37419,0.37287,0.37307,1787885.41927
2026-05-27 10:00:00,0.37307,0.37332,0.37282,0.37332,1016475.360974
2026-05-27 11:00:00,0.37332,0.37473,0.3729,0.37408,1876359.376831
2026-05-27 12:00:00,0.37409,0.37458,0.37353,0.37354,1991488.132585
2026-05-27 13:00:00,0.37354,0.37391,0.37249,0.37259,2448242.388684
2026-05-27 14:00:00,0.37258,0.37258,0.37012,0.37042,3883947.405272
2026-05-27 15:00:00,0.37041,0.37187,0.37018,0.37144,2403755.899372
2026-05-27 16:00:00,0.37143,0.37165,0.37058,0.37075,2333728.863188
2026-05-27 17:00:00,0.37075,0.37091,0.36999,0.37031,1731655.145457
2026-05-27 18:00:00,0.3703,0.37133,0.36883,0.37011,3021331.388986
2026-05-27 19:00:00,0.37013,0.37035,0.3694,0.36961,2567603.981133
2026-05-27 20:00:00,0.36961,0.36992,0.36917,0.36984,2256210.905207
2026-05-27 21:00:00,0.36984,0.37023,0.36781,0.36873,2672820.830774
2026-05-27 22:00:00,0.36874,0.36896,0.36847,0.36855,1811734.755524
2026-05-27 23:00:00,0.36855,0.36886,0.36806,0.36813,2698347.740381
2026-05-28 00:00:00,0.36812,0.36867,0.36798,0.36808,1536966.817272
2026-05-28 01:00:00,0.36809,0.36839,0.36674,0.36747,2351782.216922
2026-05-28 02:00:00,0.36747,0.36811,0.36706,0.36752,1409720.717598
2026-05-28 03:00:00,0.36753,0.36812,0.36575,0.36673,2176018.962189
2026-05-28 04:00:00,0.36672,0.36683,0.36535,0.36558,2300836.214474
2026-05-28 05:00:00,0.36557,0.36557,0.3643,0.36473,2100238.119618
2026-05-28 06:00:00,0.36473,0.36473,0.36003,0.36052,5648867.838048
2026-05-28 07:00:00,0.36051,0.36105,0.35975,0.36079,1906143.554925
2026-05-28 08:00:00,0.36078,0.36081,0.35868,0.35922,3401574.26173
2026-05-28 09:00:00,0.35922,0.35922,0.34812,0.35415,12442234.886806
2026-05-28 10:00:00,0.35415,0.3543,0.34904,0.3498,13321647.507697
2026-05-28 11:00:00,0.3498,0.3508,0.34867,0.34999,4949410.257368
2026-05-28 12:00:00,0.34999,0.35075,0.34895,0.34923,4817704.992683
2026-05-28 13:00:00,0.34924,0.3495,0.34803,0.34867,4650211.976145
2026-05-28 14:00:00,0.34868,0.3504,0.34828,0.35028,2755017.407976
2026-05-28 15:00:00,0.35028,0.35112,0.35011,0.3504,2052722.054632
2026-05-28 16:00:00,0.3504,0.35246,0.35028,0.35188,3225867.389739
2026-05-28 17:00:00,0.35189,0.35355,0.35166,0.35355,2109379.621055
2026-05-28 18:00:00,0.35355,0.3543,0.35354,0.35401,2174718.015801
2026-05-28 19:00:00,0.35401,0.35409,0.35252,0.35272,2579281.231665
2026-05-28 20:00:00,0.35272,0.35414,0.35254,0.35382,2155493.99317
2026-05-28 21:00:00,0.35382,0.35426,0.35287,0.35296,2569304.038278
2026-05-28 22:00:00,0.35296,0.35301,0.35185,0.35227,3485488.311195
2026-05-28 23:00:00,0.35228,0.35309,0.35215,0.35302,1626355.722398
2026-05-29 00:00:00,0.35303,0.35311,0.35177,0.35216,2368200.625823
2026-05-29 01:00:00,0.35214,0.35257,0.35155,0.35194,1089028.666782
2026-05-29 02:00:00,0.35195,0.35205,0.35152,0.35168,667691.24368
2026-05-29 03:00:00,0.35169,0.35193,0.35018,0.35018,1858965.284923
2026-05-29 04:00:00,0.35019,0.3508,0.34996,0.35047,1028108.161792
2026-05-29 05:00:00,0.35046,0.35113,0.35034,0.35078,831804.908323
2026-05-29 06:00:00,0.35078,0.35091,0.35026,0.3504,717545.20944
2026-05-29 07:00:00,0.35039,0.3507,0.34664,0.34674,5241915.303216
2026-05-29 08:00:00,0.34673,0.34808,0.33972,0.34304,14426624.287937
2026-05-29 09:00:00,0.34304,0.34448,0.34295,0.34328,2998896.473047
2026-05-29 10:00:00,0.34327,0.34337,0.34157,0.34194,5375390.382784
2026-05-29 11:00:00,0.34194,0.34287,0.34157,0.34256,4319051.790098
2026-05-29 12:00:00,0.34256,0.34409,0.34197,0.34406,4362405.145715
2026-05-29 13:00:00,0.34406,0.34757,0.34393,0.34749,5065865.385661
2026-05-29 14:00:00,0.34749,0.34796,0.34606,0.34699,3418008.275812
2026-05-29 15:00:00,0.34699,0.34811,0.34647,0.34789,3660116.519229
2026-05-29 16:00:00,0.34789,0.34794,0.34369,0.34451,7089588.663093
2026-05-29 17:00:00,0.34453,0.34556,0.34374,0.34474,3861596.214863
2026-05-29 18:00:00,0.34474,0.34539,0.34424,0.34432,2395817.819994
2026-05-29 19:00:00,0.34433,0.34455,0.34387,0.34427,2449951.661978
2026-05-29 20:00:00,0.34427,0.34456,0.34394,0.34433,1903941.114038
2026-05-29 21:00:00,0.34433,0.34512,0.34406,0.34435,2503935.894961
2026-05-29 22:00:00,0.34436,0.34469,0.34376,0.34468,2407109.70971
2026-05-29 23:00:00,0.34468,0.34485,0.34419,0.34427,2668667.325029
2026-05-30 00:00:00,0.34427,0.34479,0.34412,0.34471,1482029.310678
2026-05-30 01:00:00,0.34471,0.34502,0.34426,0.34479,865776.860809
2026-05-30 02:00:00,0.34479,0.34558,0.34478,0.34528,825689.281148
2026-05-30 03:00:00,0.34529,0.34529,0.34285,0.34325,2364923.696601
2026-05-30 04:00:00,0.34325,0.34356,0.34232,0.34281,1649159.924838
2026-05-30 05:00:00,0.34281,0.34305,0.34212,0.3428,955330.005335
2026-05-30 06:00:00,0.3428,0.3433,0.3428,0.3433,754634.871817
2026-05-30 07:00:00,0.3433,0.34351,0.34195,0.34207,1141123.011031
2026-05-30 08:00:00,0.3421,0.34254,0.34197,0.34253,1276744.712832
2026-05-30 09:00:00,0.34253,0.34335,0.34234,0.34335,844706.613525
2026-05-30 10:00:00,0.34335,0.34397,0.34334,0.34383,1783752.261762
2026-05-30 11:00:00,0.34383,0.34449,0.34382,0.34449,1280469.745388
2026-05-30 12:00:00,0.34448,0.34483,0.34353,0.34424,2517756.741038
2026-05-30 13:00:00,0.34424,0.34447,0.34377,0.34434,1962874.658148
2026-05-30 14:00:00,0.34434,0.34456,0.34339,0.34424,2783747.590125
2026-05-30 15:00:00,0.34427,0.34843,0.34417,0.34768,6692082.641571
2026-05-30 16:00:00,0.34768,0.34966,0.34748,0.3486,3769925.916569
2026-05-30 17:00:00,0.34859,0.34914,0.34765,0.34809,2279316.640355
2026-05-30 18:00:00,0.34808,0.34858,0.34764,0.34789,1579266.065004
2026-05-30 19:00:00,0.34789,0.34809,0.34738,0.3475,2140264.361421
2026-05-30 20:00:00,0.3475,0.34757,0.34686,0.34744,1924441.992265
2026-05-30 21:00:00,0.34745,0.34785,0.34737,0.3477,2560183.099057
2026-05-30 22:00:00,0.3477,0.34771,0.34688,0.34768,1771188.014758
2026-05-30 23:00:00,0.34769,0.3482,0.34738,0.34819,1543456.445357
2026-05-31 00:00:00,0.3482,0.34824,0.34664,0.34722,2059971.769677
2026-05-31 01:00:00,0.34723,0.34736,0.34672,0.34691,640528.920239
2026-05-31 02:00:00,0.34691,0.34691,0.34541,0.34577,1326298.236898
2026-05-31 03:00:00,0.34578,0.34615,0.34554,0.34615,621669.144761
2026-05-31 04:00:00,0.34615,0.3462,0.34595,0.34596,525096.80867
2026-05-31 05:00:00,0.34596,0.34744,0.34586,0.34744,756193.35838
2026-05-31 06:00:00,0.34744,0.34762,0.34696,0.34739,908269.897744
2026-05-31 07:00:00,0.34739,0.34739,0.3469,0.34734,650367.600464
2026-05-31 08:00:00,0.34734,0.34834,0.34734,0.34834,736294.720604
2026-05-31 09:00:00,0.34834,0.35075,0.34825,0.34927,2716297.421205
2026-05-31 10:00:00,0.34927,0.3503,0.3491,0.34957,2426582.970854
2026-05-31 11:00:00,0.34956,0.34956,0.34856,0.34879,1345228.938317
2026-05-31 12:00:00,0.34879,0.34922,0.34821,0.34886,1178541.931634
2026-05-31 13:00:00,0.34887,0.34941,0.34871,0.34928,1783817.521876
2026-05-31 14:00:00,0.34929,0.34932,0.34843,0.34914,1980405.917908
2026-05-31 15:00:00,0.34914,0.34915,0.34841,0.34884,1682237.532606
2026-05-31 16:00:00,0.34884,0.34958,0.34875,0.3489,2606775.896113
2026-05-31 17:00:00,0.34891,0.34954,0.3489,0.34953,1619482.380395
2026-05-31 18:00:00,0.34954,0.34988,0.34908,0.34958,1948901.652292
2026-05-31 19:00:00,0.34959,0.35043,0.34942,0.35018,1936527.769385
2026-05-31 20:00:00,0.35017,0.35045,0.34999,0.35028,1917905.307351
2026-05-31 21:00:00,0.35028,0.35099,0.35024,0.35093,2859780.315784
2026-05-31 22:00:00,0.35093,0.35109,0.35055,0.35066,1301400.043159
2026-05-31 23:00:00,0.35067,0.3515,0.35066,0.35147,1430827.23953
2026-06-01 00:00:00,0.35146,0.35218,0.3511,0.35217,2042798.589122
2026-06-01 01:00:00,0.35218,0.35232,0.35061,0.35072,1319113.345183
2026-06-01 02:00:00,0.35073,0.35114,0.35033,0.35063,843642.458056
2026-06-01 03:00:00,0.35063,0.35085,0.35048,0.3507,257153.572411
2026-06-01 04:00:00,0.3507,0.35128,0.35064,0.35109,947721.621144
2026-06-01 05:00:00,0.35109,0.35272,0.35108,0.35236,1275204.906195
2026-06-01 06:00:00,0.35236,0.35242,0.35092,0.35149,2015164.894205
2026-06-01 07:00:00,0.35148,0.35155,0.35066,0.35079,1111380.829545
2026-06-01 08:00:00,0.3508,0.35216,0.35079,0.35213,1531352.175764
2026-06-01 09:00:00,0.35213,0.35226,0.35128,0.35128,1358339.674686
2026-06-01 10:00:00,0.35128,0.35184,0.35011,0.35115,2171788.923183
2026-06-01 11:00:00,0.35116,0.35117,0.34944,0.35005,2756514.031127
2026-06-01 12:00:00,0.35013,0.35027,0.34862,0.34864,2863572.921574
2026-06-01 13:00:00,0.34864,0.34971,0.34845,0.34913,2517690.939249
2026-06-01 14:00:00,0.34915,0.34952,0.34686,0.34749,2958391.293969
2026-06-01 15:00:00,0.34749,0.34749,0.34599,0.34672,2434249.77045
2026-06-01 16:00:00,0.34673,0.34726,0.34627,0.34721,2814901.452845
2026-06-01 17:00:00,0.3472,0.3472,0.34559,0.3457,3013095.750597
2026-06-01 18:00:00,0.3457,0.34596,0.34454,0.34469,2873785.097476
2026-06-01 19:00:00,0.34468,0.34469,0.34392,0.3443,2918908.657687
2026-06-01 20:00:00,0.34431,0.34449,0.34318,0.34364,2977356.838593
2026-06-01 21:00:00,0.34365,0.3444,0.34364,0.3441,3176747.82312
2026-06-01 22:00:00,0.34411,0.34435,0.34376,0.34401,2325566.418628
2026-06-01 23:00:00,0.34401,0.34426,0.34356,0.34368,1953406.285091
2026-06-02 00:00:00,0.34368,0.34372,0.34308,0.34308,1153738.476541
2026-06-02 01:00:00,0.34309,0.34337,0.34251,0.34298,1266241.806856
2026-06-02 02:00:00,0.34297,0.34337,0.34235,0.34332,1113909.679274
2026-06-02 03:00:00,0.34334,0.34346,0.34159,0.3421,1597404.98789
2026-06-02 04:00:00,0.3421,0.34268,0.34163,0.34247,986560.144541
2026-06-02 05:00:00,0.34251,0.34288,0.34203,0.34215,875597.050453
2026-06-02 06:00:00,0.34216,0.34224,0.33956,0.34023,2961910.684278
2026-06-02 07:00:00,0.34024,0.34159,0.33977,0.34141,1414629.232411
2026-06-02 08:00:00,0.34142,0.34162,0.34065,0.3409,2285128.136007
2026-06-02 09:00:00,0.34091,0.34171,0.34058,0.34116,2249392.636081
2026-06-02 10:00:00,0.34117,0.34138,0.34059,0.34062,1503266.868281
2026-06-02 11:00:00,0.34062,0.34294,0.34048,0.34283,2447978.689693
2026-06-02 12:00:00,0.34283,0.34323,0.33987,0.34054,2740802.475309
2026-06-02 13:00:00,0.34054,0.34191,0.34011,0.34054,2511763.012762
2026-06-02 14:00:00,0.34054,0.34058,0.33657,0.33768,7172818.38652
2026-06-02 15:00:00,0.33768,0.33779,0.33647,0.33713,3482859.541242
2026-06-02 16:00:00,0.33713,0.33847,0.33686,0.33808,3034168.013227
2026-06-02 17:00:00,0.33808,0.33904,0.33806,0.3381,2319678.981605
2026-06-02 18:00:00,0.33814,0.33831,0.33688,0.3373,2674041.474018
2026-06-02 19:00:00,0.33729,0.33736,0.33496,0.3357,4221239.155629
2026-06-02 20:00:00,0.3357,0.33602,0.33481,0.33497,2972748.4349
2026-06-02 21:00:00,0.33497,0.3361,0.3348,0.33557,3002347.520689
2026-06-02 22:00:00,0.33556,0.33609,0.33243,0.33359,5156574.726292
2026-06-02 23:00:00,0.33359,0.3336,0.33219,0.33269,3961039.210882
2026-06-03 00:00:00,0.3327,0.33358,0.33175,0.33335,2361470.603094
2026-06-03 01:00:00,0.33335,0.33377,0.33242,0.33281,1222948.115841
2026-06-03 02:00:00,0.33282,0.33308,0.33244,0.33274,558592.775514
2026-06-03 03:00:00,0.33275,0.333,0.32967,0.32986,3423196.753139
2026-06-03 04:00:00,0.32986,0.33197,0.32932,0.33174,1870952.997289
2026-06-03 05:00:00,0.33175,0.33376,0.33175,0.33324,1639055.30104
2026-06-03 06:00:00,0.33325,0.33412,0.33293,0.33408,637569.848458
2026-06-03 07:00:00,0.33408,0.33408,0.33328,0.33365,1085150.0649
2026-06-03 08:00:00,0.33365,0.33385,0.33312,0.33335,1050200.81005
2026-06-03 09:00:00,0.33336,0.33348,0.33218,0.33252,2481773.876038
2026-06-03 10:00:00,0.33253,0.33281,0.33168,0.3324,1846377.91619
2026-06-03 11:00:00,0.33241,0.3332,0.33215,0.33222,1681428.974416
2026-06-03 12:00:00,0.33222,0.33286,0.33185,0.33279,1771074.359224
2026-06-03 13:00:00,0.33279,0.33447,0.33279,0.33382,2569565.350834
2026-06-03 14:00:00,0.33382,0.33548,0.33322,0.335,3047606.610383
2026-06-03 15:00:00,0.33499,0.33594,0.33421,0.33558,3006237.128452
2026-06-03 16:00:00,0.33559,0.33597,0.33324,0.33366,2843824.502311
2026-06-03 17:00:00,0.33369,0.33518,0.33334,0.33395,2474164.986028
2026-06-03 18:00:00,0.33395,0.33484,0.33347,0.33483,2087675.447775
2026-06-03 19:00:00,0.33484,0.33517,0.33389,0.33414,2722908.773734
2026-06-03 20:00:00,0.33413,0.33459,0.33304,0.33319,2959216.418838
2026-06-03 21:00:00,0.33318,0.3344,0.33318,0.3344,2686147.230626
2026-06-03 22:00:00,0.3344,0.33449,0.33378,0.33383,2891305.09194
2026-06-03 23:00:00,0.33384,0.33384,0.33298,0.33328,1319267.102891
2026-06-04 00:00:00,0.3333,0.33387,0.3326,0.33289,2435646.370297
2026-06-04 01:00:00,0.33289,0.33299,0.33006,0.33053,3768940.820615
2026-06-04 02:00:00,0.33054,0.33204,0.32928,0.33145,2626081.406242
2026-06-04 03:00:00,0.33145,0.33306,0.33145,0.33304,2145971.944511
2026-06-04 04:00:00,0.333,0.33327,0.33263,0.33295,957335.147576
2026-06-04 05:00:00,0.33298,0.33298,0.33134,0.33212,593369.514096
2026-06-04 06:00:00,0.33208,0.33364,0.33174,0.33201,1179344.513704
2026-06-04 07:00:00,0.33207,0.33234,0.33109,0.3313,1953472.175036
2026-06-04 08:00:00,0.3313,0.3313,0.32991,0.33075,7229474.925403
2026-06-04 09:00:00,0.33075,0.33075,0.3272,0.3277,6444265.414761
2026-06-04 10:00:00,0.32778,0.32786,0.32638,0.32717,3041657.724615
2026-06-04 11:00:00,0.32717,0.32898,0.32712,0.32839,2581273.349327
2026-06-04 12:00:00,0.32839,0.33025,0.32822,0.33023,2447813.925608
2026-06-04 13:00:00,0.33023,0.33034,0.32852,0.32864,4059630.649341
2026-06-04 14:00:00,0.32864,0.3294,0.32829,0.3291,3412253.997947
2026-06-04 15:00:00,0.3291,0.33118,0.32903,0.33117,2837530.473634
2026-06-04 16:00:00,0.33118,0.33156,0.32968,0.33118,3215620.645883
2026-06-04 17:00:00,0.33118,0.33122,0.32995,0.3312,2146057.047127
2026-06-04 18:00:00,0.3312,0.33267,0.3312,0.33214,2922818.402287
2026-06-04 19:00:00,0.33215,0.33241,0.33159,0.33189,3110868.427765
2026-06-04 20:00:00,0.33188,0.33227,0.33162,0.33205,2736813.796454
2026-06-04 21:00:00,0.33205,0.33279,0.33066,0.33168,3391178.339543
2026-06-04 22:00:00,0.33167,0.3319,0.33092,0.33157,2640981.027199
2026-06-04 23:00:00,0.33155,0.3326,0.33154,0.33255,2185188.63648
2026-06-05 00:00:00,0.33256,0.33272,0.32798,0.32808,3094066.826255
2026-06-05 01:00:00,0.32811,0.32851,0.32715,0.32851,2011071.354143
2026-06-05 02:00:00,0.32852,0.32883,0.32663,0.32695,1959026.156966
2026-06-05 03:00:00,0.32695,0.32825,0.32631,0.32788,3001750.843522
2026-06-05 04:00:00,0.32789,0.32969,0.32789,0.32937,833393.283014
2026-06-05 05:00:00,0.32937,0.32953,0.32691,0.32693,845450.314092
2026-06-05 06:00:00,0.32693,0.32694,0.32416,0.32416,6474892.657324
2026-06-05 07:00:00,0.32416,0.32589,0.32265,0.32577,7526185.684811
2026-06-05 08:00:00,0.32579,0.32673,0.32455,0.32477,3374005.889813
2026-06-05 09:00:00,0.32477,0.32664,0.32415,0.32653,2862917.949579
2026-06-05 10:00:00,0.32653,0.32751,0.32355,0.3253,4432253.138916
2026-06-05 11:00:00,0.3253,0.32605,0.32469,0.32538,2883284.853159
2026-06-05 12:00:00,0.32534,0.32632,0.32497,0.32527,2802786.90411
2026-06-05 13:00:00,0.32527,0.32707,0.32441,0.32449,3771213.39262
2026-06-05 14:00:00,0.3245,0.32548,0.3233,0.32344,3790445.207513
2026-06-05 15:00:00,0.32344,0.32356,0.32012,0.32049,5508911.261924
2026-06-05 16:00:00,0.32042,0.32362,0.319,0.32347,7110800.841064
2026-06-05 17:00:00,0.3235,0.32375,0.32083,0.32208,3236337.5728
2026-06-05 18:00:00,0.32209,0.32228,0.3199,0.32013,2708158.176386
2026-06-05 19:00:00,0.32013,0.3221,0.31942,0.32161,4761262.717716
2026-06-05 20:00:00,0.32161,0.32317,0.32085,0.32283,4002085.383981
2026-06-05 21:00:00,0.32283,0.32347,0.32185,0.32204,4543730.778809
2026-06-05 22:00:00,0.32206,0.32216,0.32134,0.32151,3004792.226877
2026-06-05 23:00:00,0.32152,0.32156,0.3196,0.3202,2577533.349657
2026-06-06 00:00:00,0.32021,0.32123,0.31974,0.3207,2003716.113023
2026-06-06 01:00:00,0.3207,0.3215,0.32043,0.32087,1403815.93291
2026-06-06 02:00:00,0.32087,0.32087,0.31996,0.32017,1085010.570573
2026-06-06 03:00:00,0.32016,0.32038,0.31955,0.31993,661782.357213
2026-06-06 04:00:00,0.31994,0.32087,0.31832,0.31865,2608873.46078
2026-06-06 05:00:00,0.31866,0.32046,0.3181,0.32025,1936523.168114
2026-06-06 06:00:00,0.32025,0.32154,0.32001,0.32041,1314995.802285
2026-06-06 07:00:00,0.32041,0.32191,0.3204,0.32054,1883018.028121
2026-06-06 08:00:00,0.32054,0.3206,0.3194,0.31965,2808294.708412
2026-06-06 09:00:00,0.31966,0.32073,0.3196,0.3196,1865123.554415
2026-06-06 10:00:00,0.31961,0.31961,0.3184,0.31871,2235372.719715
2026-06-06 11:00:00,0.3187,0.3205,0.31855,0.32026,2562465.607167
2026-06-06 12:00:00,0.32027,0.32089,0.31908,0.32089,2698755.644947
2026-06-06 13:00:00,0.32089,0.32117,0.32018,0.32077,2834737.527352
2026-06-06 14:00:00,0.32077,0.3214,0.32066,0.32114,2478988.187503
2026-06-06 15:00:00,0.32114,0.32202,0.32045,0.32195,2924924.523802
2026-06-06 16:00:00,0.32194,0.32243,0.3217,0.32209,2840208.713129
2026-06-06 17:00:00,0.32209,0.32212,0.32091,0.32135,3078830.120045
2026-06-06 18:00:00,0.32138,0.32283,0.32136,0.3228,2668243.130145
2026-06-06 19:00:00,0.3228,0.32335,0.32225,0.32238,2984669.70191
2026-06-06 20:00:00,0.32238,0.32292,0.32226,0.32265,2748023.60392
2026-06-06 21:00:00,0.32264,0.32348,0.32243,0.32331,3178535.04557
2026-06-06 22:00:00,0.32334,0.32395,0.32316,0.32365,2675075.477514
2026-06-06 23:00:00,0.32366,0.3248,0.32365,0.32441,2820407.985809
2026-06-07 00:00:00,0.3244,0.32445,0.32289,0.32337,1839820.734955
2026-06-07 01:00:00,0.32339,0.32442,0.32331,0.32419,1366263.583258
2026-06-07 02:00:00,0.32419,0.32438,0.32369,0.32416,790994.9699
2026-06-07 03:00:00,0.32417,0.32434,0.32355,0.32393,535883.370348
2026-06-07 04:00:00,0.32393,0.32487,0.32375,0.3248,937092.275929
2026-06-07 05:00:00,0.3248,0.32594,0.32469,0.32558,1896719.358625
2026-06-07 06:00:00,0.32558,0.32699,0.32478,0.32683,2409088.091394
2026-06-07 07:00:00,0.32683,0.32859,0.32683,0.32786,3637440.896202
2026-06-07 08:00:00,0.3278,0.32893,0.32705,0.32887,1982836.149946
2026-06-07 09:00:00,0.32887,0.3296,0.32818,0.32917,3139675.815256
2026-06-07 10:00:00,0.32917,0.32976,0.32846,0.32866,1317237.596092
2026-06-07 11:00:00,0.32868,0.32927,0.32853,0.329,1722617.937086
2026-06-07 12:00:00,0.32899,0.32908,0.32744,0.32845,3417190.384575
2026-06-07 13:00:00,0.32846,0.32848,0.32766,0.32816,2099245.185973
2026-06-07 14:00:00,0.32815,0.32899,0.32811,0.32832,2422064.567477
2026-06-07 15:00:00,0.32833,0.32901,0.32796,0.32796,2121740.058504
2026-06-07 16:00:00,0.328,0.32851,0.32705,0.32711,2633637.036191
2026-06-07 17:00:00,0.32711,0.32791,0.32662,0.32722,2822505.146688
2026-06-07 18:00:00,0.32722,0.32791,0.32669,0.3274,2616062.63164
2026-06-07 19:00:00,0.32739,0.32739,0.32507,0.32552,2608097.87614
2026-06-07 20:00:00,0.32552,0.32622,0.32542,0.32608,1830670.448432
2026-06-07 21:00:00,0.32609,0.32615,0.32457,0.32484,2424565.936016
2026-06-07 22:00:00,0.32486,0.32762,0.32474,0.3262,2893436.223632
2026-06-07 23:00:00,0.32624,0.32711,0.32594,0.32697,1586502.685686
2026-06-08 00:00:00,0.32697,0.32758,0.32614,0.32701,1694949.015233
2026-06-08 01:00:00,0.32701,0.32715,0.32617,0.32638,906649.17692
2026-06-08 02:00:00,0.32637,0.32739,0.32628,0.32685,1057626.560092
2026-06-08 03:00:00,0.32684,0.32729,0.32641,0.32683,432460.812086
2026-06-08 04:00:00,0.32683,0.32765,0.3266,0.32717,1019183.56705
2026-06-08 05:00:00,0.32718,0.32762,0.32676,0.32717,1003975.46769
2026-06-08 06:00:00,0.32716,0.32776,0.32716,0.32729,1410525.065938
2026-06-08 07:00:00,0.32732,0.32737,0.32542,0.32675,2697915.813909
2026-06-08 08:00:00,0.32674,0.32694,0.32576,0.32646,1721462.329082
2026-06-08 09:00:00,0.32647,0.32718,0.32629,0.3265,1880632.219475
2026-06-08 10:00:00,0.32649,0.32723,0.32589,0.32616,2284217.43699
2026-06-08 11:00:00,0.32615,0.32814,0.32593,0.32784,4515350.019055
2026-06-08 12:00:00,0.32784,0.32785,0.3266,0.32698,2821959.757901
2026-06-08 13:00:00,0.32696,0.3271,0.32619,0.32632,2186553.557978
2026-06-08 14:00:00,0.32633,0.32703,0.32617,0.32647,3722002.505109
2026-06-08 15:00:00,0.32647,0.32738,0.32621,0.32625,2974027.294606
2026-06-08 16:00:00,0.32625,0.32645,0.32559,0.3257,4790039.738435
2026-06-08 17:00:00,0.32571,0.32615,0.32552,0.32569,3118372.08934
2026-06-08 18:00:00,0.32569,0.32628,0.32548,0.32591,3300416.06586
2026-06-08 19:00:00,0.32592,0.32662,0.32584,0.32658,3101871.792327
2026-06-08 20:00:00,0.32659,0.3269,0.32604,0.32685,3707201.14627
2026-06-08 21:00:00,0.32687,0.32792,0.32686,0.32736,3830747.77636
2026-06-08 22:00:00,0.32737,0.32737,0.32676,0.32697,2788841.028444
2026-06-08 23:00:00,0.32696,0.32728,0.32624,0.32673,1883367.261636
2026-06-09 00:00:00,0.32674,0.32677,0.32547,0.32555,2081254.271673
2026-06-09 01:00:00,0.32554,0.32598,0.32527,0.3257,1655151.545421
2026-06-09 02:00:00,0.32571,0.32581,0.32474,0.32542,1638889.165387
2026-06-09 03:00:00,0.32543,0.32585,0.32489,0.32548,1052858.096557
2026-06-09 04:00:00,0.32547,0.32555,0.3249,0.32532,1087514.755792
2026-06-09 05:00:00,0.32533,0.32533,0.32476,0.32489,1219081.161191
2026-06-09 06:00:00,0.32489,0.32521,0.32426,0.32438,999692.00168
2026-06-09 07:00:00,0.32437,0.32437,0.32351,0.32359,1836030.8331
2026-06-09 08:00:00,0.32359,0.32411,0.32306,0.32308,1943886.228445
2026-06-09 09:00:00,0.32307,0.32327,0.32112,0.3215,4228744.714927
2026-06-09 10:00:00,0.32145,0.32223,0.3207,0.32222,2198542.203668
2026-06-09 11:00:00,0.32222,0.32297,0.32176,0.32297,2302895.297108
2026-06-09 12:00:00,0.32297,0.32342,0.32288,0.32341,2209393.992692
2026-06-09 13:00:00,0.32342,0.32354,0.32181,0.32345,2962807.37615
2026-06-09 14:00:00,0.32344,0.32352,0.32108,0.32187,3441153.683059
2026-06-09 15:00:00,0.32187,0.32293,0.32151,0.32192,3094414.51519
2026-06-09 16:00:00,0.32192,0.32232,0.32125,0.32226,3340516.968874
2026-06-09 17:00:00,0.32227,0.32334,0.32225,0.32325,2655813.592407
2026-06-09 18:00:00,0.32325,0.32389,0.32284,0.32321,2575470.448882
2026-06-09 19:00:00,0.32321,0.32365,0.323,0.32363,1907415.346282
2026-06-09 20:00:00,0.32364,0.32416,0.3229,0.32297,2931921.854104
2026-06-09 21:00:00,0.32298,0.32334,0.32244,0.32262,3494979.279694
2026-06-09 22:00:00,0.32263,0.32289,0.3222,0.32256,2897326.490575
2026-06-09 23:00:00,0.32256,0.32298,0.32246,0.32291,1690316.935509
2026-06-10 00:00:00,0.32291,0.32302,0.32216,0.32254,1646693.208701
2026-06-10 01:00:00,0.32256,0.32277,0.32187,0.3222,1445035.510255
2026-06-10 02:00:00,0.32219,0.32247,0.32097,0.32115,997259.385221
2026-06-10 03:00:00,0.32115,0.32214,0.32115,0.32144,928245.032299
2026-06-10 04:00:00,0.32143,0.32241,0.32117,0.32128,1453162.02095
2026-06-10 05:00:00,0.32129,0.32261,0.32129,0.32227,1111293.465572
2026-06-10 06:00:00,0.32228,0.32263,0.32179,0.32215,1016026.192028
2026-06-10 07:00:00,0.32215,0.32317,0.3221,0.3226,1843565.10992
2026-06-10 08:00:00,0.3226,0.3226,0.32173,0.32217,1665837.027904
2026-06-10 09:00:00,0.32216,0.32305,0.32195,0.32294,1782733.820391
2026-06-10 10:00:00,0.32294,0.32317,0.32232,0.32279,1745700.002301
2026-06-10 11:00:00,0.32279,0.32297,0.3221,0.32285,2046342.374014
2026-06-10 12:00:00,0.32284,0.32349,0.32216,0.32298,2085990.915983
2026-06-10 13:00:00,0.32298,0.32336,0.32207,0.32209,2166260.721532
2026-06-10 14:00:00,0.32209,0.3227,0.32139,0.3224,3330236.650016
2026-06-10 15:00:00,0.3224,0.32313,0.32226,0.32293,2843834.135456
2026-06-10 16:00:00,0.32293,0.32338,0.32264,0.32313,2279592.396576
2026-06-10 17:00:00,0.32312,0.32313,0.32157,0.32157,2248191.636965
2026-06-10 18:00:00,0.32157,0.32202,0.32134,0.32162,3018801.994811
2026-06-10 19:00:00,0.32162,0.32214,0.32147,0.32174,2864028.309157
2026-06-10 20:00:00,0.32174,0.32228,0.32135,0.32158,3588277.815202
2026-06-10 21:00:00,0.3216,0.32208,0.32135,0.32141,3698804.160672
2026-06-10 22:00:00,0.3214,0.322,0.32129,0.32155,3552184.693959
2026-06-10 23:00:00,0.32155,0.32159,0.32064,0.3211,2017774.797594
2026-06-11 00:00:00,0.32103,0.32148,0.32078,0.32092,2009599.620439
2026-06-11 01:00:00,0.32091,0.32184,0.32083,0.32177,1357513.556256
2026-06-11 02:00:00,0.32176,0.32214,0.32117,0.3214,1383341.446398
2026-06-11 03:00:00,0.3214,0.3223,0.32102,0.32205,1116598.576891
2026-06-11 04:00:00,0.32206,0.32218,0.32153,0.32189,1125860.136549
2026-06-11 05:00:00,0.32189,0.32201,0.32156,0.32197,937573.673403
2026-06-11 06:00:00,0.32197,0.32245,0.32182,0.32208,1017964.611649
2026-06-11 07:00:00,0.32208,0.32241,0.32185,0.3222,1275268.738719
2026-06-11 08:00:00,0.3222,0.32271,0.3222,0.32262,1434829.074763
2026-06-11 09:00:00,0.32262,0.3229,0.32233,0.32247,1921315.446119
2026-06-11 10:00:00,0.32248,0.32312,0.32159,0.32211,2447056.289954
2026-06-11 11:00:00,0.3221,0.3221,0.3215,0.32184,2264424.961303
2026-06-11 12:00:00,0.32185,0.32257,0.32155,0.32198,2589908.250989
2026-06-11 13:00:00,0.32199,0.32217,0.32082,0.3218,2227235.060064
2026-06-11 14:00:00,0.3218,0.32199,0.32075,0.32118,3161144.664647
2026-06-11 15:00:00,0.32118,0.32159,0.32001,0.32001,3325169.836654
2026-06-11 16:00:00,0.32003,0.32051,0.31061,0.3156,13412056.999974
2026-06-11 17:00:00,0.3156,0.31686,0.31413,0.3157,7222738.923284
2026-06-11 18:00:00,0.31577,0.316,0.31201,0.31435,12046939.345153
2026-06-11 19:00:00,0.31436,0.3147,0.31358,0.31374,4196921.721967
2026-06-11 20:00:00,0.31374,0.31378,0.3128,0.31348,2859318.806401
2026-06-11 21:00:00,0.31349,0.31371,0.31282,0.31335,3026762.080876
2026-06-11 22:00:00,0.31343,0.31635,0.31318,0.31602,4254618.667541
2026-06-11 23:00:00,0.31602,0.31709,0.31523,0.31703,4335461.120652
2026-06-12 00:00:00,0.31703,0.31706,0.3158,0.31649,3769749.488565
2026-06-12 01:00:00,0.31649,0.31654,0.31526,0.31527,1268950.792349
2026-06-12 02:00:00,0.31528,0.31639,0.31514,0.31636,682897.387399
2026-06-12 03:00:00,0.31636,0.31672,0.31527,0.31547,1142756.339748
2026-06-12 04:00:00,0.31545,0.31566,0.31525,0.31526,600579.860126
2026-06-12 05:00:00,0.31526,0.31572,0.31332,0.31359,1343620.852247
2026-06-12 06:00:00,0.31359,0.31388,0.31263,0.31303,2353075.23888
2026-06-12 07:00:00,0.31305,0.31403,0.31305,0.31403,1074393.745564
2026-06-12 08:00:00,0.31402,0.3141,0.31331,0.31336,1033674.230209
2026-06-12 09:00:00,0.31337,0.31337,0.31263,0.31309,1589350.728848
2026-06-12 10:00:00,0.31309,0.31309,0.31228,0.31278,2076541.872643
2026-06-12 11:00:00,0.31277,0.31308,0.31208,0.31241,2065505.267539
2026-06-12 12:00:00,0.31241,0.31267,0.31205,0.31253,1942529.385535
2026-06-12 13:00:00,0.31253,0.31346,0.31236,0.31345,1730854.892048
2026-06-12 14:00:00,0.31345,0.31411,0.31323,0.31411,2159074.588147
2026-06-12 15:00:00,0.3141,0.31457,0.31327,0.31388,2966220.819748
2026-06-12 16:00:00,0.31388,0.31515,0.31273,0.314,3732214.217793
2026-06-12 17:00:00,0.31389,0.315,0.31375,0.31474,2182659.439669
2026-06-12 18:00:00,0.31475,0.3152,0.31461,0.3151,2298780.298901
2026-06-12 19:00:00,0.31509,0.31533,0.31471,0.31503,2059176.510253
2026-06-12 20:00:00,0.31503,0.31546,0.31503,0.31546,2637061.768866
2026-06-12 21:00:00,0.31546,0.31583,0.31456,0.31525,2722654.558393
2026-06-12 22:00:00,0.31526,0.31574,0.31519,0.31555,2900241.059988
2026-06-12 23:00:00,0.31555,0.31573,0.31516,0.31545,1487165.807011
2026-06-13 00:00:00,0.31545,0.31573,0.31511,0.31537,856310.511769
2026-06-13 01:00:00,0.31537,0.31562,0.31526,0.31561,1050959.970699
2026-06-13 02:00:00,0.31562,0.31586,0.31479,0.31516,627004.988577
2026-06-13 03:00:00,0.31517,0.3155,0.31487,0.31512,703744.362849
2026-06-13 04:00:00,0.31513,0.3158,0.31513,0.31559,565958.244176
2026-06-13 05:00:00,0.31559,0.31574,0.31529,0.31567,678391.927711
2026-06-13 06:00:00,0.31567,0.31575,0.31548,0.31559,537220.726
2026-06-13 07:00:00,0.31559,0.31566,0.3149,0.31566,844251.227198
2026-06-13 08:00:00,0.31566,0.3161,0.31544,0.31598,935590.706528
2026-06-13 09:00:00,0.31598,0.31709,0.31598,0.31674,3202439.985264
2026-06-13 10:00:00,0.3167,0.31687,0.31641,0.31655,2094071.244473
2026-06-13 11:00:00,0.31655,0.31689,0.31635,0.3168,1210145.672409
2026-06-13 12:00:00,0.3168,0.31706,0.31673,0.3169,1216062.408475
2026-06-13 13:00:00,0.3169,0.31758,0.31683,0.31744,1648356.6275
2026-06-13 14:00:00,0.31745,0.31789,0.31728,0.31773,1932526.160397
2026-06-13 15:00:00,0.31773,0.31775,0.31682,0.3171,1851362.556241
2026-06-13 16:00:00,0.31711,0.31738,0.31687,0.31737,2280285.28167
2026-06-13 17:00:00,0.31737,0.31747,0.31716,0.31738,1270633.295012
2026-06-13 18:00:00,0.31737,0.31757,0.3173,0.31752,1419273.061245
2026-06-13 19:00:00,0.31752,0.31835,0.31751,0.31825,2325045.3468
2026-06-13 20:00:00,0.31825,0.31849,0.31811,0.31848,2380452.358196
2026-06-13 21:00:00,0.31848,0.3185,0.31674,0.31718,2977363.668278
2026-06-13 22:00:00,0.3172,0.31748,0.31662,0.31698,3496882.143385
2026-06-13 23:00:00,0.31699,0.3174,0.31699,0.31727,1982591.027797
2026-06-14 00:00:00,0.31727,0.31733,0.31599,0.31617,2028088.906657
2026-06-14 01:00:00,0.31619,0.31635,0.3157,0.3157,970947.306551
2026-06-14 02:00:00,0.3157,0.31603,0.31543,0.31561,989066.79031
2026-06-14 03:00:00,0.31561,0.31591,0.31553,0.31575,356058.087406
2026-06-14 04:00:00,0.31575,0.31594,0.31565,0.31584,237103.092369
2026-06-14 05:00:00,0.31584,0.31606,0.31577,0.31577,328576.172935
2026-06-14 06:00:00,0.31578,0.31586,0.31543,0.31584,793026.360259
2026-06-14 07:00:00,0.31583,0.31691,0.31583,0.31691,1406713.033451
2026-06-14 08:00:00,0.3169,0.31748,0.31661,0.31728,1334637.870987
2026-06-14 09:00:00,0.31728,0.3178,0.31711,0.31752,1822267.435289
2026-06-14 10:00:00,0.31752,0.31815,0.31752,0.31797,1310225.082755
2026-06-14 11:00:00,0.31797,0.31829,0.31795,0.31822,1527132.725438
2026-06-14 12:00:00,0.31823,0.31871,0.3179,0.3181,2288801.363157
2026-06-14 13:00:00,0.3181,0.31832,0.31672,0.31704,2407827.068371
2026-06-14 14:00:00,0.31704,0.31767,0.31695,0.31766,2149258.387019
2026-06-14 15:00:00,0.31767,0.31846,0.31767,0.31845,1644626.087677
2026-06-14 16:00:00,0.31845,0.31866,0.31824,0.31838,2244373.662995
2026-06-14 17:00:00,0.31838,0.31894,0.31838,0.3189,1564026.608513
2026-06-14 18:00:00,0.3189,0.31903,0.31882,0.31903,1471130.442338
2026-06-14 19:00:00,0.31904,0.31917,0.31838,0.31891,1683010.901047
2026-06-14 20:00:00,0.3189,0.31912,0.31867,0.31902,2450758.783194
2026-06-14 21:00:00,0.31902,0.31941,0.31901,0.31927,2791120.046449
2026-06-14 22:00:00,0.31928,0.32017,0.31899,0.3199,5196452.460675
2026-06-14 23:00:00,0.3199,0.3228,0.31975,0.32184,4419620.643286
2026-06-15 00:00:00,0.32185,0.3221,0.31987,0.32017,4608889.333161
2026-06-15 01:00:00,0.32018,0.32055,0.31958,0.32033,2209948.661915
2026-06-15 02:00:00,0.32033,0.32222,0.3202,0.32079,2874653.657745
2026-06-15 03:00:00,0.3208,0.32132,0.3206,0.32118,1326703.884125
2026-06-15 04:00:00,0.32118,0.32128,0.32072,0.32092,1209676.373104
2026-06-15 05:00:00,0.32093,0.32113,0.3204,0.32069,1184034.538627
2026-06-15 06:00:00,0.3207,0.32071,0.31991,0.31998,1680803.148167
2026-06-15 07:00:00,0.31999,0.32018,0.31984,0.32008,790676.444257
2026-06-15 08:00:00,0.32008,0.32045,0.31986,0.31993,1795940.696076
2026-06-15 09:00:00,0.31994,0.32036,0.3195,0.32018,2155150.591403
2026-06-15 10:00:00,0.32017,0.32039,0.3198,0.32021,1988616.428194
2026-06-15 11:00:00,0.3202,0.32088,0.31936,0.32075,3809074.342955
2026-06-15 12:00:00,0.32074,0.32115,0.32062,0.321,2304148.72337
2026-06-15 13:00:00,0.32101,0.32185,0.31985,0.31988,4158324.836349
2026-06-15 14:00:00,0.3199,0.31991,0.31823,0.31912,3618591.476863
2026-06-15 15:00:00,0.31912,0.32,0.3189,0.31967,3305010.89708
2026-06-15 16:00:00,0.31968,0.3197,0.31878,0.3192,2965190.815612
2026-06-15 17:00:00,0.3192,0.31992,0.31897,0.31974,3281286.047179
2026-06-15 18:00:00,0.31974,0.31999,0.31958,0.31992,2444121.901952
2026-06-15 19:00:00,0.31993,0.32013,0.3198,0.32007,3046775.315593
2026-06-15 20:00:00,0.32007,0.3202,0.32002,0.32019,1755729.562627
2026-06-15 21:00:00,0.32019,0.32022,0.31988,0.32009,3180603.863668
2026-06-15 22:00:00,0.32008,0.32043,0.31844,0.31881,2875765.818893
2026-06-15 23:00:00,0.3188,0.3189,0.31813,0.31826,2437659.104837
2026-06-16 00:00:00,0.31826,0.31875,0.31774,0.31855,1473724.641579
2026-06-16 01:00:00,0.31855,0.31912,0.31841,0.31911,932299.538433
2026-06-16 02:00:00,0.31912,0.31912,0.31753,0.31754,1175516.081617
2026-06-16 03:00:00,0.31754,0.31796,0.31742,0.31777,1168488.846686
2026-06-16 04:00:00,0.31777,0.31779,0.31738,0.31755,607478.221896
2026-06-16 05:00:00,0.31756,0.3182,0.31747,0.31805,672264.917034
2026-06-16 06:00:00,0.31804,0.31844,0.31798,0.31819,1056341.649005
2026-06-16 07:00:00,0.31818,0.31827,0.31787,0.31808,1107155.973954
2026-06-16 08:00:00,0.31809,0.31809,0.31721,0.31744,1622432.776182
2026-06-16 09:00:00,0.31744,0.318,0.3174,0.31759,1682580.318612
2026-06-16 10:00:00,0.31758,0.31813,0.31755,0.31782,1858509.576086
2026-06-16 11:00:00,0.31782,0.31794,0.31702,0.31742,2002214.217148
2026-06-16 12:00:00,0.31742,0.31808,0.31718,0.31769,1817321.166804
2026-06-16 13:00:00,0.3177,0.31821,0.3171,0.31771,2726080.496977
2026-06-16 14:00:00,0.31771,0.31772,0.31618,0.31703,4566770.30744
2026-06-16 15:00:00,0.31704,0.31756,0.31687,0.31745,1554454.680184
2026-06-16 16:00:00,0.31744,0.31772,0.31723,0.31725,2099265.970177
2026-06-16 17:00:00,0.31725,0.31825,0.31717,0.31821,1464510.918209
2026-06-16 18:00:00,0.31821,0.31847,0.31726,0.31727,2795559.960399
2026-06-16 19:00:00,0.31727,0.31741,0.31649,0.31653,2774526.646301
2026-06-16 20:00:00,0.31656,0.31751,0.3164,0.31667,4824483.710257
2026-06-16 21:00:00,0.31667,0.31699,0.31616,0.31689,3340509.659349
2026-06-16 22:00:00,0.31689,0.31711,0.31647,0.31699,2539347.478388
2026-06-16 23:00:00,0.31699,0.3172,0.31676,0.31704,1953753.345063
2026-06-17 00:00:00,0.31704,0.3172,0.31661,0.31683,1286572.863946
2026-06-17 01:00:00,0.31683,0.31722,0.31673,0.31722,803579.765017
2026-06-17 02:00:00,0.31722,0.31744,0.31712,0.31732,438660.202836
2026-06-17 03:00:00,0.31733,0.31743,0.31712,0.31742,293818.657833
2026-06-17 04:00:00,0.31742,0.3176,0.31734,0.31738,233230.857128
2026-06-17 05:00:00,0.31738,0.31825,0.31732,0.31825,437498.936101
2026-06-17 06:00:00,0.31825,0.31856,0.31796,0.3184,866724.21646
2026-06-17 07:00:00,0.3184,0.319,0.31828,0.31891,1303457.033771
2026-06-17 08:00:00,0.31891,0.31919,0.31865,0.31908,1460328.2167
2026-06-17 09:00:00,0.31908,0.32014,0.31907,0.32014,1435310.442181
2026-06-17 10:00:00,0.32014,0.32069,0.31963,0.3199,1279004.229498
2026-06-17 11:00:00,0.31991,0.32043,0.31971,0.32005,1368504.654108
2026-06-17 12:00:00,0.32005,0.32057,0.3199,0.32049,1672488.942034
2026-06-17 13:00:00,0.32048,0.32058,0.32026,0.32056,1437478.393165
2026-06-17 14:00:00,0.32055,0.32141,0.32033,0.32073,2532365.490728
2026-06-17 15:00:00,0.32072,0.3215,0.32062,0.3215,1864151.890981
2026-06-17 16:00:00,0.3215,0.32239,0.32115,0.32165,2942427.080583
2026-06-17 17:00:00,0.32164,0.32172,0.32125,0.32168,1862224.336084
2026-06-17 18:00:00,0.32168,0.32168,0.32004,0.32084,3751478.281898
2026-06-17 19:00:00,0.32085,0.32104,0.31961,0.32019,3412268.249756
2026-06-17 20:00:00,0.32019,0.32066,0.31978,0.32065,2735830.534812
2026-06-17 21:00:00,0.32064,0.321,0.32013,0.32081,3566872.716968
2026-06-17 22:00:00,0.3208,0.321,0.3202,0.32097,2535625.468114
2026-06-17 23:00:00,0.32098,0.32191,0.32085,0.32184,1993020.851531
2026-06-18 00:00:00,0.32185,0.32271,0.32113,0.32139,3081889.498067
2026-06-18 01:00:00,0.32139,0.32184,0.32122,0.32125,1324039.779809
2026-06-18 02:00:00,0.32125,0.32179,0.32125,0.3215,550698.470218
2026-06-18 03:00:00,0.32148,0.32149,0.321,0.3212,595957.156614
2026-06-18 04:00:00,0.3212,0.3212,0.3201,0.32054,821630.855907
2026-06-18 05:00:00,0.32053,0.32053,0.32005,0.32034,1004126.277572
2026-06-18 06:00:00,0.32034,0.32065,0.3201,0.32045,837718.383261
2026-06-18 07:00:00,0.32044,0.32127,0.32029,0.32091,1105066.577241
2026-06-18 08:00:00,0.32091,0.32146,0.32077,0.32131,1321979.927205
2026-06-18 09:00:00,0.32131,0.32165,0.32099,0.32126,1525901.650399
2026-06-18 10:00:00,0.32125,0.32141,0.32082,0.32099,1502922.112998
2026-06-18 11:00:00,0.32099,0.32099,0.31954,0.31983,2694770.608965
2026-06-18 12:00:00,0.31982,0.32038,0.31969,0.32006,1307752.50436
2026-06-18 13:00:00,0.32006,0.32042,0.31986,0.31999,1859395.244058
2026-06-18 14:00:00,0.31999,0.32041,0.31972,0.31992,1601679.537808
2026-06-18 15:00:00,0.31991,0.31992,0.31793,0.31821,4047445.499423
2026-06-18 16:00:00,0.3182,0.31926,0.31811,0.31917,2488020.346096
2026-06-18 17:00:00,0.31917,0.3194,0.31886,0.31936,1987001.198091
2026-06-18 18:00:00,0.31937,0.31975,0.31903,0.31961,2268817.058428
2026-06-18 19:00:00,0.3196,0.32027,0.31953,0.32007,2651687.26216
2026-06-18 20:00:00,0.32007,0.32042,0.32003,0.32023,1911718.075143
2026-06-18 21:00:00,0.32026,0.32062,0.32015,0.32047,2548779.202721
2026-06-18 22:00:00,0.32047,0.3208,0.3204,0.32051,2688407.135576
2026-06-18 23:00:00,0.3205,0.32088,0.3205,0.32087,1627460.937997
2026-06-19 00:00:00,0.32087,0.32123,0.32063,0.32084,1866730.761977
2026-06-19 01:00:00,0.32084,0.3212,0.32077,0.32119,910939.938304
2026-06-19 02:00:00,0.3212,0.3214,0.32108,0.3213,446206.34468
2026-06-19 03:00:00,0.3213,0.32159,0.32085,0.32119,1451580.617582
2026-06-19 04:00:00,0.32119,0.32136,0.32051,0.3207,970951.850106
2026-06-19 05:00:00,0.32069,0.32087,0.32026,0.32054,807828.183912
2026-06-19 06:00:00,0.32055,0.32092,0.32038,0.32063,427123.158257
2026-06-19 07:00:00,0.32063,0.32064,0.32023,0.32055,901886.388758
2026-06-19 08:00:00,0.32055,0.32096,0.32055,0.32096,683436.03052
2026-06-19 09:00:00,0.32096,0.32207,0.32079,0.32197,2358566.427499
2026-06-19 10:00:00,0.32198,0.32221,0.32146,0.32164,1926942.072464
2026-06-19 11:00:00,0.32164,0.32208,0.3215,0.32191,1551714.681429
2026-06-19 12:00:00,0.32191,0.32323,0.32191,0.32323,3544541.181289
2026-06-19 13:00:00,0.32322,0.32352,0.31948,0.31988,3535126.819491
2026-06-19 14:00:00,0.31989,0.3208,0.31989,0.3208,1819083.868554
2026-06-19 15:00:00,0.3208,0.32128,0.32069,0.32128,3001471.023912
2026-06-19 16:00:00,0.32128,0.32251,0.32127,0.32232,2545003.509919
2026-06-19 17:00:00,0.32232,0.32267,0.32198,0.32262,1395824.697403
2026-06-19 18:00:00,0.32262,0.32272,0.32228,0.32253,2277563.964806
2026-06-19 19:00:00,0.32253,0.32314,0.32252,0.32308,2424152.818675
2026-06-19 20:00:00,0.32309,0.32326,0.32271,0.32325,1790556.815464
2026-06-19 21:00:00,0.32325,0.32354,0.32276,0.32325,3993813.175941
2026-06-19 22:00:00,0.32326,0.32364,0.32291,0.32339,2541887.660268
2026-06-19 23:00:00,0.32339,0.324,0.32316,0.324,2521828.140998
2026-06-20 00:00:00,0.32399,0.32409,0.32291,0.32308,1602702.79725
2026-06-20 01:00:00,0.32306,0.32343,0.32245,0.32309,1180085.748979
2026-06-20 02:00:00,0.32308,0.32309,0.32234,0.3228,1006722.043832
2026-06-20 03:00:00,0.3228,0.32286,0.32248,0.32268,321086.946765
2026-06-20 04:00:00,0.32268,0.32271,0.3222,0.32251,582900.263345
2026-06-20 05:00:00,0.32252,0.32252,0.32189,0.32242,856097.983709
2026-06-20 06:00:00,0.32241,0.32262,0.32228,0.32232,645532.528311
2026-06-20 07:00:00,0.32231,0.32276,0.32203,0.32253,821272.662076
2026-06-20 08:00:00,0.32253,0.32291,0.32221,0.32291,859991.433666
2026-06-20 09:00:00,0.32291,0.32363,0.32232,0.32355,1474669.362988
2026-06-20 10:00:00,0.32355,0.32423,0.32351,0.32421,1972554.311869
2026-06-20 11:00:00,0.32421,0.325,0.32403,0.32472,2384004.156256
2026-06-20 12:00:00,0.32473,0.32551,0.3244,0.32525,2847978.471154
2026-06-20 13:00:00,0.32526,0.32635,0.32525,0.3261,3026363.066947
2026-06-20 14:00:00,0.32609,0.3261,0.32365,0.32537,2442886.250621
2026-06-20 15:00:00,0.32536,0.32577,0.32353,0.32427,2241044.072952
2026-06-20 16:00:00,0.32429,0.32523,0.32408,0.32523,1603200.146522
2026-06-20 17:00:00,0.32523,0.32523,0.32446,0.32491,2462671.548407
2026-06-20 18:00:00,0.32491,0.32547,0.32491,0.32535,1495513.488165
2026-06-20 19:00:00,0.32536,0.32588,0.32523,0.32569,2087197.610902
2026-06-20 20:00:00,0.3257,0.32586,0.3256,0.32576,964875.637941
2026-06-20 21:00:00,0.32577,0.32666,0.32552,0.32648,2951940.815768
2026-06-20 22:00:00,0.32647,0.327,0.32628,0.32677,2783140.653664
2026-06-20 23:00:00,0.32677,0.327,0.3265,0.32684,1486441.550758
2026-06-21 00:00:00,0.32684,0.32696,0.3266,0.32664,1074544.727722
2026-06-21 01:00:00,0.32665,0.32692,0.32648,0.3269,775007.969679
2026-06-21 02:00:00,0.32691,0.32696,0.3268,0.32696,304180.237365
2026-06-21 03:00:00,0.32696,0.327,0.32626,0.32639,673558.116508
2026-06-21 04:00:00,0.32639,0.32659,0.32611,0.32611,268630.910157
2026-06-21 05:00:00,0.32612,0.32669,0.32611,0.32647,351792.31266
2026-06-21 06:00:00,0.32647,0.32649,0.32603,0.32605,346365.542581
2026-06-21 07:00:00,0.32604,0.3275,0.32601,0.32745,1278917.675531
2026-06-21 08:00:00,0.32745,0.32758,0.32697,0.32713,1157004.335123
2026-06-21 09:00:00,0.32713,0.32752,0.32702,0.32704,1214588.323431
2026-06-21 10:00:00,0.32705,0.32721,0.32672,0.32693,1101613.450375
2026-06-21 11:00:00,0.32693,0.3272,0.32654,0.32685,1786491.064469
2026-06-21 12:00:00,0.32686,0.32686,0.32633,0.32683,1557979.934553
2026-06-21 13:00:00,0.32683,0.32687,0.3265,0.32674,1014812.738422
2026-06-21 14:00:00,0.32675,0.32683,0.32646,0.32662,1024502.814195
2026-06-21 15:00:00,0.32662,0.32705,0.32652,0.32677,912333.798848
2026-06-21 16:00:00,0.32676,0.32745,0.32651,0.32745,1712382.350041
2026-06-21 17:00:00,0.32745,0.32765,0.32726,0.32747,1804210.045614
2026-06-21 18:00:00,0.32747,0.32779,0.32746,0.32746,1110382.182928
2026-06-21 19:00:00,0.32745,0.328,0.32745,0.32794,1149118.607356
2026-06-21 20:00:00,0.32794,0.32805,0.32783,0.32798,1956340.743466
2026-06-21 21:00:00,0.32799,0.32804,0.32726,0.32771,1881224.424538
2026-06-21 22:00:00,0.32771,0.32831,0.32765,0.32822,2085604.665414
2026-06-21 23:00:00,0.32823,0.32838,0.3273,0.32784,1774743.080259
2026-06-22 00:00:00,0.32783,0.32796,0.32754,0.32789,1296992.537324
2026-06-22 01:00:00,0.32791,0.32852,0.32786,0.3284,1610081.729376
2026-06-22 02:00:00,0.32841,0.32844,0.32807,0.32818,420998.534806
2026-06-22 03:00:00,0.32818,0.32844,0.32782,0.32821,492893.734715
2026-06-22 04:00:00,0.32821,0.32836,0.32799,0.32831,388423.552169
2026-06-22 05:00:00,0.32831,0.32864,0.32829,0.32861,757569.754354
2026-06-22 06:00:00,0.32863,0.32954,0.3285,0.32941,993490.623146
2026-06-22 07:00:00,0.32941,0.33039,0.32941,0.33025,2266433.681458
2026-06-22 08:00:00,0.33025,0.33077,0.3301,0.33075,671312.538847
2026-06-22 09:00:00,0.33075,0.33169,0.33053,0.33072,2782232.895381
2026-06-22 10:00:00,0.33072,0.33151,0.33072,0.33117,975113.438425
2026-06-22 11:00:00,0.33116,0.33166,0.33116,0.33131,1502317.65369
2026-06-22 12:00:00,0.33131,0.33181,0.3313,0.33165,1694610.786687
2026-06-22 13:00:00,0.33166,0.33184,0.33108,0.33165,1533483.134888
2026-06-22 14:00:00,0.33165,0.332,0.33159,0.33197,1973284.184762
2026-06-22 15:00:00,0.33197,0.33224,0.3284,0.33007,2963141.374637
2026-06-22 16:00:00,0.33007,0.33316,0.32986,0.33316,4326972.492889
2026-06-22 17:00:00,0.33316,0.33319,0.33169,0.33246,1479525.742131
2026-06-22 18:00:00,0.33247,0.33276,0.33212,0.33256,2193063.906892
2026-06-22 19:00:00,0.33255,0.3327,0.33193,0.33237,2365255.946461
2026-06-22 20:00:00,0.33237,0.33375,0.33237,0.33375,2010415.129744
2026-06-22 21:00:00,0.33375,0.33381,0.33312,0.33371,2042598.407722
2026-06-22 22:00:00,0.3337,0.3339,0.33346,0.33362,2463558.004737
2026-06-22 23:00:00,0.33363,0.33415,0.33361,0.33414,1839218.008245
2026-06-23 00:00:00,0.33414,0.33434,0.33335,0.33407,1127268.336115
2026-06-23 01:00:00,0.33407,0.33407,0.33346,0.33374,909091.292259
2026-06-23 02:00:00,0.33375,0.3339,0.33326,0.33348,575476.363725
2026-06-23 03:00:00,0.33349,0.33363,0.33302,0.33363,381328.673589
2026-06-23 04:00:00,0.33363,0.33364,0.33229,0.33235,678570.998576
2026-06-23 05:00:00,0.33237,0.33261,0.3313,0.33211,2049168.448528
2026-06-23 06:00:00,0.33215,0.33217,0.33093,0.33178,1278517.831976
2026-06-23 07:00:00,0.33178,0.33239,0.33148,0.33161,1089301.593014
2026-06-23 08:00:00,0.3317,0.33192,0.33027,0.33031,1686153.74472
2026-06-23 09:00:00,0.33031,0.33056,0.32943,0.3299,1363378.259643
2026-06-23 10:00:00,0.3299,0.33015,0.32851,0.32894,2002626.100483
2026-06-23 11:00:00,0.32894,0.33006,0.32894,0.32997,1074565.279958
2026-06-23 12:00:00,0.32997,0.33003,0.32926,0.32947,912957.358857
2026-06-23 13:00:00,0.32948,0.3301,0.32939,0.32974,1167107.127827
2026-06-23 14:00:00,0.32975,0.33067,0.32958,0.32965,2329900.68128
2026-06-23 15:00:00,0.32965,0.33048,0.3295,0.32988,1477224.47439
2026-06-23 16:00:00,0.32988,0.33088,0.32966,0.33069,2114660.181008
2026-06-23 17:00:00,0.33068,0.33069,0.32992,0.33005,1101284.594813
2026-06-23 18:00:00,0.33004,0.33012,0.32925,0.32929,1033373.906241
2026-06-23 19:00:00,0.32929,0.32942,0.32849,0.32899,1807652.792113
2026-06-23 20:00:00,0.32899,0.32918,0.32876,0.32898,761106.772022
2026-06-23 21:00:00,0.32898,0.32955,0.32865,0.32949,1787224.704887
2026-06-23 22:00:00,0.3295,0.32958,0.32899,0.32952,2048949.598399
2026-06-23 23:00:00,0.32952,0.32961,0.32906,0.32932,1462791.650356
2026-06-24 00:00:00,0.32932,0.32968,0.32904,0.32938,849400.63403
2026-06-24 01:00:00,0.32937,0.32938,0.32885,0.32889,715070.370822
2026-06-24 02:00:00,0.32889,0.32916,0.32867,0.32881,547888.819956
2026-06-24 03:00:00,0.32881,0.32987,0.32881,0.32934,422977.986443
2026-06-24 04:00:00,0.32935,0.32952,0.32917,0.32949,363056.770868
2026-06-24 05:00:00,0.32949,0.32971,0.32921,0.32923,297102.538612
2026-06-24 06:00:00,0.32923,0.32923,0.32875,0.32897,612175.697525
2026-06-24 07:00:00,0.32897,0.3293,0.32893,0.32918,1173267.412026
2026-06-24 08:00:00,0.32918,0.33096,0.32899,0.33078,1063434.382345
2026-06-24 09:00:00,0.33078,0.33124,0.33078,0.33107,1329459.748652
2026-06-24 10:00:00,0.33107,0.3321,0.33051,0.33156,1819303.745692
2026-06-24 11:00:00,0.33157,0.33172,0.33099,0.33149,1458355.985041
2026-06-24 12:00:00,0.33148,0.33162,0.33128,0.33131,1440230.134926
2026-06-24 13:00:00,0.3313,0.33144,0.32878,0.32931,3576467.113609
2026-06-24 14:00:00,0.3293,0.32949,0.32889,0.32929,2575971.652139
2026-06-24 15:00:00,0.32929,0.3295,0.32716,0.32749,4038845.037079
2026-06-24 16:00:00,0.32749,0.32777,0.32574,0.32626,4759723.921351
2026-06-24 17:00:00,0.32626,0.32642,0.32514,0.32539,2836603.576966
2026-06-24 18:00:00,0.32538,0.3263,0.32513,0.32618,2079456.476736
2026-06-24 19:00:00,0.32618,0.32649,0.32533,0.32586,2550246.725779
2026-06-24 20:00:00,0.32585,0.32737,0.32562,0.32736,2136845.577313
2026-06-24 21:00:00,0.32737,0.32745,0.32703,0.32744,1930716.994527
2026-06-24 22:00:00,0.32745,0.3282,0.32745,0.32769,2381694.463809
2026-06-24 23:00:00,0.32768,0.32779,0.32709,0.32761,1834743.461595
2026-06-25 00:00:00,0.3276,0.3278,0.32714,0.3278,1403154.257668
2026-06-25 01:00:00,0.32782,0.3279,0.32713,0.32771,1117312.541179
2026-06-25 02:00:00,0.32772,0.32779,0.32738,0.32778,436560.018468
2026-06-25 03:00:00,0.32778,0.32778,0.32733,0.32738,215988.468737
2026-06-25 04:00:00,0.32738,0.32793,0.32726,0.32787,437043.78995
2026-06-25 05:00:00,0.32788,0.33062,0.32787,0.32981,2706077.943184
2026-06-25 06:00:00,0.3298,0.32995,0.329,0.32913,1087527.259892
2026-06-25 07:00:00,0.32913,0.32966,0.32907,0.32949,1902989.242432
2026-06-25 08:00:00,0.3295,0.3297,0.32895,0.32936,1550094.526193
2026-06-25 09:00:00,0.32935,0.32952,0.32889,0.32941,1726476.515083
2026-06-25 10:00:00,0.32942,0.32946,0.32875,0.32886,1116022.118236
2026-06-25 11:00:00,0.32888,0.32928,0.32835,0.32844,1391279.493054
2026-06-25 12:00:00,0.32844,0.32855,0.32674,0.32707,2375262.557443
2026-06-25 13:00:00,0.32707,0.32745,0.32231,0.32276,5273743.867665
2026-06-25 14:00:00,0.32275,0.32414,0.32262,0.32335,3239911.059241
2026-06-25 15:00:00,0.3234,0.32359,0.32261,0.32339,1663612.361018
2026-06-25 16:00:00,0.32336,0.32409,0.32283,0.32409,1966851.610559
2026-06-25 17:00:00,0.32409,0.32488,0.32344,0.32429,1914934.74385
2026-06-25 18:00:00,0.32429,0.32471,0.32405,0.32455,1885820.528112
2026-06-25 19:00:00,0.32455,0.32455,0.32375,0.32383,2348332.845289
2026-06-25 20:00:00,0.32385,0.32439,0.32379,0.32387,1938434.602937
2026-06-25 21:00:00,0.32388,0.32447,0.32366,0.32428,3289716.099666
2026-06-25 22:00:00,0.32429,0.32447,0.32387,0.32416,2553470.670067
2026-06-25 23:00:00,0.32415,0.32436,0.32379,0.32389,1627071.671517
2026-06-26 00:00:00,0.32389,0.3242,0.32375,0.32397,1234737.131308
2026-06-26 01:00:00,0.32396,0.32414,0.32325,0.32336,931255.584404
2026-06-26 02:00:00,0.32335,0.32339,0.32158,0.32189,2433580.904484
2026-06-26 03:00:00,0.32189,0.32212,0.32125,0.32212,2087251.390161
2026-06-26 04:00:00,0.32212,0.32248,0.32172,0.32199,808264.494038
2026-06-26 05:00:00,0.32199,0.3223,0.32164,0.32209,950599.620491
2026-06-26 06:00:00,0.3221,0.32298,0.32162,0.32296,789466.64735
2026-06-26 07:00:00,0.32297,0.32313,0.32243,0.32289,1348165.838046
2026-06-26 08:00:00,0.32291,0.32301,0.32236,0.32254,1083973.59765
2026-06-26 09:00:00,0.32254,0.32264,0.32227,0.32233,1660875.954874
2026-06-26 10:00:00,0.32233,0.32254,0.32214,0.32219,1436176.23795
2026-06-26 11:00:00,0.32218,0.32234,0.322,0.32207,1281027.296699
2026-06-26 12:00:00,0.32207,0.32207,0.32051,0.32054,5419484.445011
2026-06-26 13:00:00,0.32054,0.32055,0.31829,0.32,5062336.552126
2026-06-26 14:00:00,0.32001,0.32035,0.31926,0.31935,1103619.697725
2026-06-26 15:00:00,0.31935,0.32062,0.31908,0.32027,1750748.267003
2026-06-26 16:00:00,0.32028,0.3205,0.31911,0.31945,2570890.194107
2026-06-26 17:00:00,0.31944,0.32047,0.31925,0.32044,1651155.050983
2026-06-26 18:00:00,0.32044,0.32045,0.31986,0.32012,1488632.220099
2026-06-26 19:00:00,0.32013,0.32044,0.3201,0.3201,916477.270666
2026-06-26 20:00:00,0.32001,0.32083,0.31982,0.31997,1234104.538216
2026-06-26 21:00:00,0.31998,0.32063,0.31982,0.32048,1577439.384849
2026-06-26 22:00:00,0.32049,0.32067,0.32019,0.32026,1440360.996714
2026-06-26 23:00:00,0.32028,0.32068,0.32028,0.32064,1292735.583391
2026-06-27 00:00:00,0.32064,0.3207,0.31984,0.3205,755668.248937
2026-06-27 01:00:00,0.32049,0.32073,0.32038,0.32038,566441.393841
2026-06-27 02:00:00,0.32039,0.32117,0.32033,0.32094,490181.674718
2026-06-27 03:00:00,0.32095,0.32095,0.32051,0.32062,240398.047568
2026-06-27 04:00:00,0.32065,0.32114,0.32065,0.32098,558917.86649
2026-06-27 05:00:00,0.32099,0.32105,0.32072,0.32097,320959.76704
2026-06-27 06:00:00,0.32097,0.32112,0.32064,0.32082,511227.962382
2026-06-27 07:00:00,0.32083,0.32135,0.32083,0.32135,622828.104822
2026-06-27 08:00:00,0.32135,0.32135,0.32093,0.32118,698308.38399
2026-06-27 09:00:00,0.32117,0.32135,0.32095,0.32133,1141960.44225
2026-06-27 10:00:00,0.32135,0.32157,0.3209,0.32106,934511.71042
2026-06-27 11:00:00,0.32106,0.32137,0.32101,0.32132,803623.876554
2026-06-27 12:00:00,0.32132,0.32142,0.32075,0.32087,903132.256816
2026-06-27 13:00:00,0.3209,0.32104,0.32076,0.32087,1293854.944799
2026-06-27 14:00:00,0.32088,0.32095,0.32049,0.32082,1299770.104284
2026-06-27 15:00:00,0.32083,0.32119,0.32067,0.32079,1516109.23465
2026-06-27 16:00:00,0.3208,0.32127,0.32079,0.32121,1380094.770092
2026-06-27 17:00:00,0.32121,0.32121,0.3205,0.32099,1225368.398092
2026-06-27 18:00:00,0.32099,0.32116,0.32063,0.32098,904698.551915
2026-06-27 19:00:00,0.32096,0.32098,0.32051,0.32057,902207.291938
2026-06-27 20:00:00,0.32057,0.32075,0.32052,0.32075,1005035.93368
2026-06-27 21:00:00,0.32078,0.32122,0.32068,0.32093,1903677.761578
2026-06-27 22:00:00,0.32093,0.32131,0.3206,0.32116,1976754.242753
2026-06-27 23:00:00,0.32116,0.3214,0.32089,0.32134,2788120.964605
2026-06-28 00:00:00,0.32135,0.32248,0.32115,0.32219,2050165.830109
2026-06-28 01:00:00,0.32219,0.32227,0.32196,0.32215,667955.242333
2026-06-28 02:00:00,0.32216,0.32235,0.32209,0.32216,350176.149824
2026-06-28 03:00:00,0.32216,0.32276,0.32215,0.32258,556961.210886
2026-06-28 04:00:00,0.32263,0.3229,0.32239,0.32269,562244.158338
2026-06-28 05:00:00,0.3227,0.3227,0.32182,0.32245,506271.099125
2026-06-28 06:00:00,0.32244,0.32245,0.32122,0.32161,723229.021843
2026-06-28 07:00:00,0.3216,0.32197,0.32139,0.32174,661777.30943
2026-06-28 08:00:00,0.32173,0.32192,0.3213,0.3219,696773.713677
2026-06-28 09:00:00,0.32191,0.32239,0.32185,0.32239,586094.039976
2026-06-28 10:00:00,0.32238,0.32349,0.32226,0.32303,1308024.809911
2026-06-28 11:00:00,0.32304,0.32383,0.32301,0.32369,1330679.476405
2026-06-28 12:00:00,0.32369,0.32457,0.32365,0.32442,1675637.573534
2026-06-28 13:00:00,0.32442,0.32453,0.32359,0.32372,1379197.44389
2026-06-28 14:00:00,0.32375,0.32454,0.32316,0.32355,1556952.871814
2026-06-28 15:00:00,0.32354,0.32384,0.32323,0.32348,1391109.447093
2026-06-28 16:00:00,0.32349,0.32397,0.32325,0.32356,1276079.460073
2026-06-28 17:00:00,0.32357,0.32362,0.32283,0.32317,1169727.783399
2026-06-28 18:00:00,0.32315,0.32332,0.32292,0.32326,724135.035079
2026-06-28 19:00:00,0.32325,0.32349,0.32284,0.32295,1281004.964254
2026-06-28 20:00:00,0.32294,0.32338,0.3227,0.32337,1475282.387036
2026-06-28 21:00:00,0.32337,0.32358,0.32253,0.32254,1835366.487434
2026-06-28 22:00:00,0.32252,0.32316,0.32188,0.32208,2010255.99262
2026-06-28 23:00:00,0.32208,0.3227,0.32206,0.3222,1221321.39356
2026-06-29 00:00:00,0.3222,0.32232,0.32168,0.32228,942340.09357
2026-06-29 01:00:00,0.32228,0.32243,0.32199,0.32231,440491.409152
2026-06-29 02:00:00,0.32231,0.32231,0.32117,0.32187,520511.883609
2026-06-29 03:00:00,0.32189,0.32227,0.32189,0.3222,457480.682916
2026-06-29 04:00:00,0.32221,0.32249,0.32221,0.32248,356047.176416
2026-06-29 05:00:00,0.32249,0.32279,0.32221,0.32278,490259.475166
2026-06-29 06:00:00,0.32279,0.32396,0.32273,0.3234,1136009.963963
2026-06-29 07:00:00,0.3234,0.32427,0.32312,0.32407,1177062.256779
2026-06-29 08:00:00,0.32408,0.3245,0.32408,0.3243,901535.019582
2026-06-29 09:00:00,0.3243,0.32471,0.32395,0.32406,820642.766538
2026-06-29 10:00:00,0.32406,0.32423,0.32337,0.32353,1085640.880041
2026-06-29 11:00:00,0.32358,0.32377,0.32221,0.32237,1600039.444229
2026-06-29 12:00:00,0.32238,0.32255,0.32154,0.32185,1664742.682939
2026-06-29 13:00:00,0.32185,0.3228,0.32185,0.32197,2259184.470949
2026-06-29 14:00:00,0.32197,0.32243,0.32166,0.32221,1531785.470073
2026-06-29 15:00:00,0.32221,0.32374,0.32213,0.32354,2109152.521527
2026-06-29 16:00:00,0.32355,0.32355,0.3213,0.3215,1869042.517113
2026-06-29 17:00:00,0.3215,0.32237,0.32072,0.32192,2485144.581027
2026-06-29 18:00:00,0.32193,0.32206,0.32119,0.32141,1231116.236197
2026-06-29 19:00:00,0.32142,0.32184,0.32115,0.32173,1099138.796436
2026-06-29 20:00:00,0.32174,0.32199,0.32149,0.32157,848452.788759
2026-06-29 21:00:00,0.32158,0.32194,0.32147,0.3219,1315506.96791
2026-06-29 22:00:00,0.3219,0.322,0.32143,0.32147,869901.597803
2026-06-29 23:00:00,0.32147,0.32158,0.32121,0.32141,969777.857675
2026-06-30 00:00:00,0.32142,0.32153,0.31986,0.31996,2137016.88671
2026-06-30 01:00:00,0.31995,0.32001,0.31913,0.31955,2882743.607935
2026-06-30 02:00:00,0.31954,0.32032,0.31921,0.32029,964966.650601
2026-06-30 03:00:00,0.32029,0.32035,0.31966,0.31996,509774.45511
2026-06-30 04:00:00,0.31998,0.3203,0.31964,0.32005,425259.511675
2026-06-30 05:00:00,0.32004,0.32048,0.31985,0.32017,457130.229767
2026-06-30 06:00:00,0.32018,0.32019,0.31953,0.31979,474356.586196
2026-06-30 07:00:00,0.31981,0.31996,0.31921,0.31936,533162.247915
2026-06-30 08:00:00,0.31936,0.31946,0.31879,0.31883,739874.865331
2026-06-30 09:00:00,0.31884,0.31906,0.31815,0.31815,1253995.210934
2026-06-30 10:00:00,0.31815,0.31825,0.31716,0.31745,1867751.415059
2026-06-30 11:00:00,0.31744,0.31806,0.31722,0.31748,1415494.851195
2026-06-30 12:00:00,0.31748,0.31766,0.31708,0.31709,981362.524496
2026-06-30 13:00:00,0.31708,0.31781,0.31635,0.3167,4998459.567003
2026-06-30 14:00:00,0.3167,0.31728,0.3166,0.31663,1174722.811351
2026-06-30 15:00:00,0.31663,0.31733,0.31639,0.31682,1001577.780488
2026-06-30 16:00:00,0.31682,0.31683,0.31487,0.315,3556363.055479
2026-06-30 17:00:00,0.315,0.31571,0.3149,0.31523,1168941.43832
2026-06-30 18:00:00,0.31523,0.31557,0.31488,0.31513,1376962.820715
2026-06-30 19:00:00,0.31514,0.31593,0.3151,0.31525,1337792.068368
2026-06-30 20:00:00,0.31524,0.31576,0.31498,0.315,995772.439275
2026-06-30 21:00:00,0.315,0.31567,0.3149,0.31501,1205897.343995
2026-06-30 22:00:00,0.315,0.31544,0.3149,0.31544,482685.465603
2026-06-30 23:00:00,0.31547,0.31571,0.31532,0.31532,380890.370886
2026-07-01 00:00:00,0.31532,0.31538,0.31451,0.31471,1625718.166258
2026-07-01 01:00:00,0.31471,0.31513,0.31425,0.31483,1375733.228319
2026-07-01 02:00:00,0.31483,0.31575,0.31483,0.31564,820656.40679
2026-07-01 03:00:00,0.31565,0.31681,0.31565,0.31671,871945.759564
2026-07-01 04:00:00,0.31672,0.31714,0.31652,0.31667,425730.21733
2026-07-01 05:00:00,0.31668,0.31784,0.31651,0.31671,699718.452561
2026-07-01 06:00:00,0.31671,0.31722,0.31581,0.31661,1912825.91249
2026-07-01 07:00:00,0.31662,0.31683,0.31632,0.31645,442263.628005
2026-07-01 08:00:00,0.31647,0.31648,0.31602,0.31632,624734.881739
2026-07-01 09:00:00,0.31631,0.31698,0.31631,0.31695,1000980.460288
2026-07-01 10:00:00,0.31695,0.31697,0.31651,0.31666,561842.577537
2026-07-01 11:00:00,0.31667,0.31783,0.31661,0.31754,943424.152157
2026-07-01 12:00:00,0.31754,0.31755,0.31661,0.31692,648112.77894
2026-07-01 13:00:00,0.31692,0.31755,0.31655,0.31755,995333.213712
2026-07-01 14:00:00,0.31755,0.3184,0.31738,0.31749,1053060.908841
2026-07-01 15:00:00,0.3175,0.31906,0.31749,0.31792,894367.330861
2026-07-01 16:00:00,0.31792,0.31845,0.31783,0.31799,927009.254195
2026-07-01 17:00:00,0.31799,0.3186,0.31795,0.31837,793945.534311
2026-07-01 18:00:00,0.31838,0.31838,0.31767,0.31778,420353.367464
2026-07-01 19:00:00,0.31778,0.31787,0.31726,0.31735,693771.92224
2026-07-01 20:00:00,0.31737,0.31746,0.31693,0.3172,510788.892166
2026-07-01 21:00:00,0.31721,0.31777,0.31713,0.31739,576529.782656
2026-07-01 22:00:00,0.3174,0.31756,0.31666,0.31681,747396.4779
2026-07-01 23:00:00,0.31677,0.31677,0.31583,0.3161,1010207.378152
2026-07-02 00:00:00,0.31611,0.31627,0.31579,0.31626,822205.268761
2026-07-02 01:00:00,0.31627,0.31662,0.31626,0.31654,340999.278255
2026-07-02 02:00:00,0.31655,0.31678,0.31641,0.31659,318081.181332
2026-07-02 03:00:00,0.31659,0.31659,0.31611,0.31652,406807.761732
2026-07-02 04:00:00,0.31653,0.31668,0.31623,0.3165,444656.645209
2026-07-02 05:00:00,0.31649,0.3165,0.31575,0.31583,552687.021574
2026-07-02 06:00:00,0.31584,0.31595,0.31531,0.3155,1686145.11714
2026-07-02 07:00:00,0.31551,0.31705,0.31549,0.31701,782121.904406
2026-07-02 08:00:00,0.31701,0.31778,0.31698,0.31749,678551.412249
2026-07-02 09:00:00,0.31748,0.31781,0.31693,0.31712,1187844.379058
2026-07-02 10:00:00,0.31711,0.31712,0.31677,0.31681,598647.486526
2026-07-02 11:00:00,0.31682,0.31793,0.31681,0.31741,653766.985995
2026-07-02 12:00:00,0.31741,0.31771,0.31725,0.31725,599682.975626
2026-07-02 13:00:00,0.31726,0.31889,0.31725,0.31869,820792.144627
2026-07-02 14:00:00,0.31868,0.31968,0.31816,0.31863,1464126.91898
2026-07-02 15:00:00,0.31864,0.31873,0.31789,0.31847,818377.022992
2026-07-02 16:00:00,0.31848,0.31891,0.31788,0.31813,853367.275146
2026-07-02 17:00:00,0.31811,0.31839,0.31774,0.31781,680332.654679
2026-07-02 18:00:00,0.31781,0.31826,0.31774,0.31777,417330.512344
2026-07-02 19:00:00,0.31778,0.31781,0.31736,0.31736,394761.109403
2026-07-02 20:00:00,0.31737,0.31791,0.31737,0.31785,290196.527483
2026-07-02 21:00:00,0.31785,0.31787,0.31716,0.31764,514106.963846
2026-07-02 22:00:00,0.31764,0.31772,0.31739,0.31754,541424.795044
2026-07-02 23:00:00,0.31754,0.31786,0.31722,0.3176,405860.436712
2026-07-03 00:00:00,0.31761,0.3179,0.31723,0.31728,381671.700428
2026-07-03 01:00:00,0.31729,0.31786,0.31729,0.31754,676916.576544
2026-07-03 02:00:00,0.31754,0.31754,0.31706,0.31732,452370.694715
2026-07-03 03:00:00,0.3173,0.31765,0.31709,0.31764,259960.004583
2026-07-03 04:00:00,0.31763,0.31777,0.31716,0.31731,299734.385431
2026-07-03 05:00:00,0.31724,0.31767,0.31714,0.31742,215709.698076
2026-07-03 06:00:00,0.31743,0.31957,0.31719,0.31895,1233086.539338
2026-07-03 07:00:00,0.31895,0.31927,0.31879,0.31923,379340.696022
2026-07-03 08:00:00,0.31923,0.31966,0.31903,0.31965,1048311.332107
2026-07-03 09:00:00,0.31966,0.32007,0.31953,0.31997,986095.592032
2026-07-03 10:00:00,0.31998,0.32038,0.31954,0.32019,918984.085828
2026-07-03 11:00:00,0.3202,0.32049,0.32004,0.32037,864591.254277
2026-07-03 12:00:00,0.32037,0.3208,0.32017,0.32056,675731.42206
2026-07-03 13:00:00,0.32056,0.32115,0.3205,0.3211,626656.806631
2026-07-03 14:00:00,0.3211,0.3213,0.3203,0.32061,778950.786043
2026-07-03 15:00:00,0.32062,0.32137,0.32033,0.32077,1165644.748178
2026-07-03 16:00:00,0.32079,0.32107,0.32024,0.32032,614646.065026
2026-07-03 17:00:00,0.32033,0.32085,0.32033,0.32058,429956.909958
2026-07-03 18:00:00,0.32058,0.32099,0.32058,0.32094,381252.525055
2026-07-03 19:00:00,0.32094,0.32132,0.32085,0.32126,262014.049844
2026-07-03 20:00:00,0.32126,0.32236,0.32126,0.32218,499622.618092
2026-07-03 21:00:00,0.32218,0.32338,0.32203,0.32275,1403733.677221
2026-07-03 22:00:00,0.32276,0.32304,0.32255,0.32293,578016.197305
2026-07-03 23:00:00,0.32294,0.32374,0.3229,0.32351,1065779.254125
2026-07-04 00:00:00,0.32351,0.32456,0.32351,0.32434,1356370.908725
2026-07-04 01:00:00,0.32432,0.32432,0.32356,0.32386,749050.907849
2026-07-04 02:00:00,0.32387,0.32441,0.32365,0.32397,251188.176792
2026-07-04 03:00:00,0.32388,0.32399,0.32333,0.32397,487664.746275
2026-07-04 04:00:00,0.32398,0.32407,0.32363,0.32366,254306.8511
2026-07-04 05:00:00,0.32367,0.32367,0.32293,0.32297,239109.697558
2026-07-04 06:00:00,0.32297,0.32332,0.32278,0.32329,401079.610966
2026-07-04 07:00:00,0.32328,0.32398,0.32316,0.32397,362956.01737
2026-07-04 08:00:00,0.32397,0.32437,0.32374,0.32423,538777.643898
2026-07-04 09:00:00,0.32423,0.32472,0.3241,0.32463,653100.630576
2026-07-04 10:00:00,0.32463,0.32559,0.32458,0.32539,1378683.778596
2026-07-04 11:00:00,0.32539,0.32566,0.32505,0.32565,458971.776659
2026-07-04 12:00:00,0.32566,0.32601,0.32516,0.32596,615092.563298
2026-07-04 13:00:00,0.32596,0.32658,0.32564,0.32588,807996.421259
2026-07-04 14:00:00,0.32588,0.32591,0.32551,0.32558,749452.451132
2026-07-04 15:00:00,0.32558,0.32613,0.3253,0.32589,546009.406066
2026-07-04 16:00:00,0.32588,0.32622,0.32569,0.32612,635787.766993
2026-07-04 17:00:00,0.32612,0.32627,0.32551,0.32607,478017.595056
2026-07-04 18:00:00,0.32605,0.32674,0.32604,0.32639,948270.094865
2026-07-04 19:00:00,0.3264,0.32657,0.32601,0.32648,404621.629712
2026-07-04 20:00:00,0.32649,0.32663,0.32599,0.32622,534416.514062
2026-07-04 21:00:00,0.32622,0.32622,0.32573,0.32614,557942.966993
2026-07-04 22:00:00,0.32613,0.32613,0.32555,0.32561,567410.869174
2026-07-04 23:00:00,0.32562,0.32562,0.32493,0.32533,660648.491104
2026-07-05 00:00:00,0.32534,0.32592,0.32498,0.32519,833168.37305
2026-07-05 01:00:00,0.32518,0.32521,0.32449,0.32504,523717.105766
2026-07-05 02:00:00,0.32504,0.32512,0.32422,0.32443,522679.002903
2026-07-05 03:00:00,0.32444,0.32483,0.32418,0.32448,231883.492436
2026-07-05 04:00:00,0.32449,0.32486,0.32443,0.32482,296519.952151
2026-07-05 05:00:00,0.32482,0.32517,0.32482,0.32508,355094.266417
2026-07-05 06:00:00,0.32507,0.32515,0.32474,0.32514,264292.591028
2026-07-05 07:00:00,0.32515,0.32516,0.32488,0.32509,318131.383021
2026-07-05 08:00:00,0.32509,0.32511,0.32484,0.32509,254863.0638
2026-07-05 09:00:00,0.32508,0.32536,0.32381,0.32498,1560996.790066
2026-07-05 10:00:00,0.32498,0.32563,0.32479,0.32552,498651.154566
2026-07-05 11:00:00,0.32552,0.32608,0.32531,0.32608,480530.855327
2026-07-05 12:00:00,0.32609,0.32973,0.32609,0.32892,2956823.312423
2026-07-05 13:00:00,0.32892,0.3294,0.32824,0.32847,1171183.591609
2026-07-05 14:00:00,0.32847,0.32969,0.32847,0.32927,701637.390813
2026-07-05 15:00:00,0.32927,0.33039,0.32885,0.32928,1535688.648157
2026-07-05 16:00:00,0.32929,0.3301,0.32818,0.32838,1216392.529815
2026-07-05 17:00:00,0.32839,0.32859,0.32798,0.3283,3662980.574255
2026-07-05 18:00:00,0.3283,0.32872,0.32828,0.32864,484588.383493
2026-07-05 19:00:00,0.32864,0.32864,0.32798,0.32835,418705.667423
2026-07-05 20:00:00,0.32836,0.32848,0.32789,0.32798,438206.908873
2026-07-05 21:00:00,0.32798,0.32853,0.32798,0.32828,427332.463403
2026-07-05 22:00:00,0.32828,0.32915,0.32826,0.32906,708163.315934
2026-07-05 23:00:00,0.32907,0.3295,0.32894,0.32945,825363.258666
2026-07-06 00:00:00,0.32945,0.32966,0.32862,0.32933,673148.355155
2026-07-06 01:00:00,0.32934,0.33027,0.32892,0.33006,781433.17767
2026-07-06 02:00:00,0.33004,0.33039,0.32972,0.32972,572444.233911
2026-07-06 03:00:00,0.32973,0.32973,0.32811,0.32882,862772.990424
2026-07-06 04:00:00,0.32883,0.32916,0.3285,0.329,145887.651938
2026-07-06 05:00:00,0.32903,0.32949,0.32897,0.32945,272286.740918
2026-07-06 06:00:00,0.32945,0.3297,0.32863,0.32899,419797.321714
2026-07-06 07:00:00,0.329,0.32909,0.32812,0.32812,919581.819145
2026-07-06 08:00:00,0.32812,0.32812,0.32701,0.32714,816317.924013
2026-07-06 09:00:00,0.32714,0.32788,0.32651,0.327,910560.749005
2026-07-06 10:00:00,0.327,0.32723,0.32686,0.32714,363998.402483
2026-07-06 11:00:00,0.32712,0.32804,0.32636,0.32782,668314.09171
2026-07-06 12:00:00,0.32781,0.32861,0.32693,0.32693,912745.701362
2026-07-06 13:00:00,0.3269,0.32795,0.32659,0.32756,1248262.391166
2026-07-06 14:00:00,0.32756,0.32765,0.32707,0.3272,425679.943282
2026-07-06 15:00:00,0.32721,0.32785,0.3264,0.3277,1110313.178111
2026-07-06 16:00:00,0.32764,0.32809,0.32704,0.32726,739926.498532
2026-07-06 17:00:00,0.32726,0.32917,0.32724,0.32904,739147.815012
2026-07-06 18:00:00,0.32905,0.32924,0.32851,0.32864,395358.026723
2026-07-06 19:00:00,0.32865,0.32905,0.32831,0.32861,591049.512823
2026-07-06 20:00:00,0.32861,0.32951,0.32848,0.32928,562841.795646
2026-07-06 21:00:00,0.32928,0.32994,0.32918,0.32969,645880.290487
2026-07-06 22:00:00,0.3297,0.32975,0.32903,0.32937,625764.777074
2026-07-06 23:00:00,0.32937,0.32982,0.32929,0.32979,398282.757293
2026-07-07 00:00:00,0.3298,0.33007,0.32954,0.33006,395412.260137
2026-07-07 01:00:00,0.33006,0.33006,0.32931,0.32931,620245.895729
2026-07-07 02:00:00,0.32931,0.33005,0.32931,0.33004,689097.250362
2026-07-07 03:00:00,0.33004,0.33013,0.32955,0.32993,235670.228046
2026-07-07 04:00:00,0.32993,0.3306,0.32985,0.33053,471241.30321
2026-07-07 05:00:00,0.33052,0.33098,0.32996,0.33021,838249.352325
2026-07-07 06:00:00,0.3302,0.33037,0.32912,0.32964,612489.998385
2026-07-07 07:00:00,0.32965,0.3298,0.32928,0.32949,493271.068188
2026-07-07 08:00:00,0.32952,0.32999,0.32909,0.32988,1076883.224332
2026-07-07 09:00:00,0.32988,0.33079,0.32969,0.33078,1311303.248135
2026-07-07 10:00:00,0.33075,0.33087,0.33037,0.33077,399160.716377
2026-07-07 11:00:00,0.33077,0.33113,0.33032,0.33113,566684.497375
2026-07-07 12:00:00,0.33113,0.3316,0.33059,0.33109,721346.269494
2026-07-07 13:00:00,0.33109,0.3313,0.33062,0.33123,710873.727164
2026-07-07 14:00:00,0.33123,0.33165,0.33086,0.33164,535131.372203
2026-07-07 15:00:00,0.33164,0.33236,0.33147,0.33186,634281.728004
2026-07-07 16:00:00,0.33183,0.33256,0.33114,0.33249,749973.481656
2026-07-07 17:00:00,0.3325,0.3331,0.3325,0.33264,474194.639565
2026-07-07 18:00:00,0.33263,0.33274,0.33196,0.33197,651268.539877
2026-07-07 19:00:00,0.33196,0.33207,0.33124,0.33171,584394.174846
2026-07-07 20:00:00,0.33171,0.33184,0.33123,0.33143,318445.285255
2026-07-07 21:00:00,0.33147,0.33193,0.33126,0.33157,357510.910201
2026-07-07 22:00:00,0.33157,0.33192,0.33137,0.33192,355876.948316
2026-07-07 23:00:00,0.33192,0.33208,0.33165,0.33165,145503.838567
2026-07-08 00:00:00,0.33166,0.33213,0.33166,0.33198,376018.680041
2026-07-08 01:00:00,0.33202,0.33202,0.3304,0.33047,605404.795345
2026-07-08 02:00:00,0.33047,0.33096,0.32962,0.33096,837484.905446
2026-07-08 03:00:00,0.331,0.33108,0.33057,0.33073,286473.705466
2026-07-08 04:00:00,0.33075,0.33082,0.32972,0.3301,393262.405285
2026-07-08 05:00:00,0.33009,0.33018,0.32927,0.32943,509424.541747
2026-07-08 06:00:00,0.32943,0.32943,0.32895,0.32905,645278.87799
2026-07-08 07:00:00,0.32905,0.32977,0.32864,0.32971,626036.987881
2026-07-08 08:00:00,0.32967,0.3299,0.32685,0.32774,3983525.04549
2026-07-08 09:00:00,0.32774,0.32816,0.32757,0.32762,758434.554858
2026-07-08 10:00:00,0.32762,0.32808,0.32752,0.32784,711419.900654
2026-07-08 11:00:00,0.32782,0.32785,0.32705,0.32761,700435.26283
2026-07-08 12:00:00,0.32762,0.32804,0.32741,0.32769,517886.302716
2026-07-08 13:00:00,0.32768,0.32852,0.3271,0.32836,1640580.0816
2026-07-08 14:00:00,0.32836,0.32926,0.32835,0.32885,513289.793465
2026-07-08 15:00:00,0.32886,0.32914,0.32821,0.32855,625016.534809
2026-07-08 16:00:00,0.32856,0.32962,0.32855,0.32949,652306.111351
2026-07-08 17:00:00,0.32943,0.32991,0.3293,0.32963,463432.802611
2026-07-08 18:00:00,0.32964,0.3306,0.32956,0.33046,327625.774439
2026-07-08 19:00:00,0.33046,0.33047,0.3299,0.33013,266126.614974
2026-07-08 20:00:00,0.33011,0.3304,0.32939,0.32966,582021.314419
2026-07-08 21:00:00,0.32967,0.33011,0.32967,0.32998,355028.796768
2026-07-08 22:00:00,0.32999,0.3302,0.32962,0.32962,289457.469075
2026-07-08 23:00:00,0.32963,0.32963,0.32818,0.32845,404297.599767
2026-07-09 00:00:00,0.32846,0.32881,0.3281,0.32819,282989.672918
2026-07-09 01:00:00,0.32819,0.32944,0.32796,0.3282,877943.252318
2026-07-09 02:00:00,0.32821,0.3286,0.32789,0.32794,458119.424879
2026-07-09 03:00:00,0.32795,0.32925,0.32795,0.32924,404943.448298
2026-07-09 04:00:00,0.32925,0.33077,0.3291,0.3304,408519.489561
2026-07-09 05:00:00,0.3304,0.3313,0.3304,0.33126,484253.505588
2026-07-09 06:00:00,0.33128,0.33159,0.33091,0.33134,635729.449394
2026-07-09 07:00:00,0.33135,0.33198,0.33114,0.33186,694852.104711
2026-07-09 08:00:00,0.33185,0.33185,0.33073,0.33073,789743.752721
2026-07-09 09:00:00,0.33073,0.33147,0.33073,0.33147,387611.01875
2026-07-09 10:00:00,0.33147,0.33177,0.33115,0.33161,452612.808719
2026-07-09 11:00:00,0.33161,0.33175,0.33065,0.33088,633642.631927
2026-07-09 12:00:00,0.33085,0.33113,0.33035,0.3308,608701.889245
2026-07-09 13:00:00,0.33082,0.3318,0.33082,0.33133,564997.20935
2026-07-09 14:00:00,0.33132,0.33151,0.33092,0.33151,358490.275774
2026-07-09 15:00:00,0.3315,0.33176,0.33142,0.33153,447255.566673
2026-07-09 16:00:00,0.33152,0.33236,0.33141,0.33206,868982.323908
2026-07-09 17:00:00,0.33207,0.3326,0.33184,0.33212,973782.050288
2026-07-09 18:00:00,0.33213,0.33232,0.33167,0.33193,325645.205781
2026-07-09 19:00:00,0.33193,0.33209,0.33171,0.33185,433959.966297
2026-07-09 20:00:00,0.33185,0.33216,0.33179,0.33209,289329.183591
2026-07-09 21:00:00,0.33209,0.33252,0.33194,0.33247,750019.65647
2026-07-09 22:00:00,0.33247,0.3326,0.33241,0.33251,337336.338153
2026-07-09 23:00:00,0.33252,0.33257,0.33157,0.33225,367998.025588
2026-07-10 00:00:00,0.33223,0.33239,0.33068,0.332,1944010.670173
2026-07-10 01:00:00,0.33201,0.3324,0.33167,0.33181,812856.769081
2026-07-10 02:00:00,0.33182,0.332,0.33146,0.3319,318177.631451
2026-07-10 03:00:00,0.3319,0.3319,0.33124,0.33142,269818.401448
2026-07-10 04:00:00,0.33142,0.33173,0.33141,0.33168,158225.52308
2026-07-10 05:00:00,0.33169,0.3335,0.33153,0.33328,710503.084339
2026-07-10 06:00:00,0.33328,0.33365,0.33215,0.33222,728853.163848
2026-07-10 07:00:00,0.33221,0.33234,0.33015,0.33053,1154611.227205
2026-07-10 08:00:00,0.33037,0.33097,0.33027,0.3308,905757.402141
2026-07-10 09:00:00,0.3308,0.33088,0.3301,0.33011,638686.059932
2026-07-10 10:00:00,0.33011,0.3305,0.32939,0.32948,983612.553254
2026-07-10 11:00:00,0.32948,0.32996,0.32932,0.32951,843641.425543
2026-07-10 12:00:00,0.3295,0.33058,0.32943,0.33036,554520.330589
2026-07-10 13:00:00,0.33037,0.33122,0.33012,0.33088,558581.122236
2026-07-10 14:00:00,0.33088,0.33098,0.33006,0.33096,791676.664849
2026-07-10 15:00:00,0.33096,0.33119,0.33047,0.3308,559282.281025
2026-07-10 16:00:00,0.3308,0.33099,0.33054,0.33088,564977.390571
2026-07-10 17:00:00,0.33089,0.33089,0.33009,0.33041,612929.805363
2026-07-10 18:00:00,0.33042,0.33053,0.32998,0.33052,591901.428774
2026-07-10 19:00:00,0.33053,0.33138,0.33034,0.33086,770243.06151
2026-07-10 20:00:00,0.33087,0.33095,0.33039,0.33076,419244.571124
2026-07-10 21:00:00,0.33077,0.3311,0.33048,0.33086,496146.584117
2026-07-10 22:00:00,0.33085,0.33114,0.33059,0.3306,334340.97415
2026-07-10 23:00:00,0.3306,0.33063,0.33022,0.33048,477511.886177
2026-07-11 00:00:00,0.33049,0.33066,0.33009,0.3302,582910.138449
2026-07-11 01:00:00,0.3302,0.33046,0.32983,0.32997,839528.53912
2026-07-11 02:00:00,0.32997,0.33029,0.3298,0.33013,291340.618701
2026-07-11 03:00:00,0.33013,0.33031,0.32994,0.32996,275312.9958
2026-07-11 04:00:00,0.32996,0.33013,0.32981,0.33011,495034.304052
2026-07-11 05:00:00,0.3301,0.33011,0.32988,0.32996,344353.921525
2026-07-11 06:00:00,0.32995,0.33016,0.32974,0.33002,470033.537551
2026-07-11 07:00:00,0.33003,0.33007,0.32944,0.32948,452699.055643
2026-07-11 08:00:00,0.32949,0.32976,0.32879,0.32924,750629.957136
2026-07-11 09:00:00,0.32925,0.32981,0.32924,0.32963,677541.814335
2026-07-11 10:00:00,0.32964,0.32964,0.3294,0.32945,263236.827292
2026-07-11 11:00:00,0.32944,0.33099,0.32944,0.33066,518343.990444
2026-07-11 12:00:00,0.33072,0.33146,0.33072,0.33146,657518.154102
2026-07-11 13:00:00,0.33141,0.33162,0.33104,0.33147,570673.328268
2026-07-11 14:00:00,0.33149,0.33178,0.33137,0.33171,581637.621358
2026-07-11 15:00:00,0.33171,0.33182,0.33105,0.33132,469335.038929
2026-07-11 16:00:00,0.33129,0.33148,0.33087,0.33114,665327.136131
2026-07-11 17:00:00,0.33114,0.33136,0.33093,0.33129,370547.033558
2026-07-11 18:00:00,0.33127,0.33134,0.331,0.33113,288535.127363
2026-07-11 19:00:00,0.33113,0.33116,0.33075,0.33088,362789.856477
2026-07-11 20:00:00,0.33084,0.33109,0.33076,0.33083,568478.115074
2026-07-11 21:00:00,0.33083,0.33117,0.33072,0.33086,484651.19793
2026-07-11 22:00:00,0.33086,0.33095,0.33025,0.33031,376013.543197
2026-07-11 23:00:00,0.33032,0.33044,0.32969,0.32972,518891.059781
2026-07-12 00:00:00,0.32973,0.32988,0.32938,0.32966,810166.285712
2026-07-12 01:00:00,0.32961,0.32993,0.3295,0.32972,481697.888672
2026-07-12 02:00:00,0.32973,0.32981,0.32942,0.32948,374197.05885
2026-07-12 03:00:00,0.32949,0.33005,0.32945,0.33004,355846.737255
2026-07-12 04:00:00,0.33005,0.33014,0.32977,0.32981,297314.919968
2026-07-12 05:00:00,0.32982,0.32994,0.32957,0.32977,377649.925031
2026-07-12 06:00:00,0.32978,0.32995,0.3296,0.32992,269611.478352
2026-07-12 07:00:00,0.32992,0.33,0.32974,0.32974,426560.568331
2026-07-12 08:00:00,0.32974,0.33011,0.3296,0.33011,386884.084273
2026-07-12 09:00:00,0.33011,0.3304,0.33007,0.33033,538178.95689
2026-07-12 10:00:00,0.33033,0.33053,0.33032,0.33053,338367.965306
2026-07-12 11:00:00,0.33053,0.33228,0.33052,0.33167,1138696.734727
2026-07-12 12:00:00,0.33167,0.33224,0.33139,0.33202,884425.413338
2026-07-12 13:00:00,0.33202,0.33216,0.33083,0.33087,538817.922578
2026-07-12 14:00:00,0.33087,0.33165,0.33085,0.33163,715108.65602
2026-07-12 15:00:00,0.33163,0.3321,0.33098,0.33116,599315.288596
2026-07-12 16:00:00,0.33116,0.33139,0.33065,0.3312,770769.623106
2026-07-12 17:00:00,0.3312,0.33156,0.33101,0.3313,537063.266745
2026-07-12 18:00:00,0.3313,0.33177,0.3313,0.33171,412847.519034
2026-07-12 19:00:00,0.33171,0.33184,0.3314,0.33161,433945.828567
2026-07-12 20:00:00,0.33164,0.33172,0.33126,0.3316,416752.832544
2026-07-12 21:00:00,0.33159,0.33175,0.33135,0.33169,603584.527291
2026-07-12 22:00:00,0.33168,0.33168,0.33108,0.3316,631042.543196
2026-07-12 23:00:00,0.33161,0.33165,0.33112,0.33146,729397.005033
2026-07-13 00:00:00,0.33147,0.33233,0.33109,0.33162,550110.369167
2026-07-13 01:00:00,0.33162,0.33189,0.3313,0.33135,525930.426203
2026-07-13 02:00:00,0.33136,0.33212,0.33101,0.33118,1266714.003682
2026-07-13 03:00:00,0.33119,0.33126,0.33025,0.33047,612435.359205
2026-07-13 04:00:00,0.33048,0.33069,0.33015,0.33051,572219.456943
2026-07-13 05:00:00,0.33051,0.33083,0.33015,0.33064,552782.773813
2026-07-13 06:00:00,0.33064,0.33064,0.32962,0.32982,566688.725161
2026-07-13 07:00:00,0.32983,0.33006,0.32952,0.3297,1109259.198239
2026-07-13 08:00:00,0.3297,0.33024,0.32948,0.32995,835547.015328
2026-07-13 09:00:00,0.32995,0.33056,0.32964,0.33016,1014493.710371
2026-07-13 10:00:00,0.33016,0.33023,0.32608,0.3275,1729375.322745
2026-07-13 11:00:00,0.3275,0.32793,0.32743,0.32744,492088.119701
2026-07-13 12:00:00,0.32747,0.32748,0.32627,0.32676,1843496.772958
2026-07-13 13:00:00,0.32675,0.32681,0.32597,0.32609,1063050.076763
2026-07-13 14:00:00,0.32609,0.32667,0.3259,0.32657,1059770.626701
2026-07-13 15:00:00,0.32657,0.32658,0.32607,0.32608,463432.441218
2026-07-13 16:00:00,0.32609,0.32647,0.32567,0.32582,942878.174136
2026-07-13 17:00:00,0.32582,0.32627,0.32529,0.32575,1184622.526953
2026-07-13 18:00:00,0.32575,0.32595,0.32528,0.32586,925569.421012
2026-07-13 19:00:00,0.32587,0.32612,0.32544,0.32594,775979.973682
2026-07-13 20:00:00,0.32593,0.32602,0.32543,0.32563,552714.10576
2026-07-13 21:00:00,0.32562,0.32599,0.32483,0.32503,1350631.727533
2026-07-13 22:00:00,0.32503,0.32503,0.32422,0.32435,2210419.237303
2026-07-13 23:00:00,0.32436,0.32498,0.3238,0.32449,1208764.900897
2026-07-14 00:00:00,0.32449,0.32453,0.32387,0.32433,476016.506668
2026-07-14 01:00:00,0.32433,0.3246,0.32403,0.32434,476328.07693
2026-07-14 02:00:00,0.32434,0.32487,0.32424,0.32434,363252.87943
2026-07-14 03:00:00,0.32434,0.32521,0.32434,0.32515,384541.272465
2026-07-14 04:00:00,0.32517,0.32535,0.32483,0.32515,386716.479208
2026-07-14 05:00:00,0.32515,0.32567,0.32502,0.32511,628220.639477
2026-07-14 06:00:00,0.32511,0.32565,0.32492,0.32522,1465391.003891
2026-07-14 07:00:00,0.3252,0.32529,0.32485,0.32519,528560.73065
2026-07-14 08:00:00,0.32521,0.32521,0.32478,0.32507,446829.441292
2026-07-14 09:00:00,0.32507,0.32539,0.32484,0.32495,575699.252417
2026-07-14 10:00:00,0.32496,0.32529,0.3248,0.32502,560361.256407
2026-07-14 11:00:00,0.32502,0.32568,0.32486,0.32563,542692.543673
2026-07-14 12:00:00,0.32563,0.32605,0.32504,0.32603,1375860.934261
2026-07-14 13:00:00,0.32604,0.32612,0.32522,0.32559,1369709.493547
2026-07-14 14:00:00,0.32558,0.32585,0.32503,0.32584,734821.959033
2026-07-14 15:00:00,0.32583,0.32656,0.32563,0.32578,1007856.013586
2026-07-14 16:00:00,0.32579,0.32587,0.32481,0.32519,2314884.980349
2026-07-14 17:00:00,0.32519,0.32563,0.32501,0.3255,566082.274123
2026-07-14 18:00:00,0.32551,0.32563,0.32492,0.32538,879071.807495
2026-07-14 19:00:00,0.32538,0.32552,0.32514,0.32541,657930.616292
2026-07-14 20:00:00,0.3254,0.3255,0.32508,0.32527,782121.77897
2026-07-14 21:00:00,0.32528,0.32551,0.32513,0.32531,461739.386804
2026-07-14 22:00:00,0.32532,0.32632,0.32515,0.32597,740296.021775
2026-07-14 23:00:00,0.32596,0.32609,0.32588,0.32588,484020.729645
2026-07-15 00:00:00,0.32589,0.32602,0.3257,0.32578,632103.633005
2026-07-15 01:00:00,0.32578,0.32623,0.32571,0.32597,515047.286023
2026-07-15 02:00:00,0.32596,0.32604,0.32556,0.32582,330656.653709
2026-07-15 03:00:00,0.32583,0.32709,0.32583,0.32702,860615.185538
2026-07-15 04:00:00,0.32703,0.3274,0.3266,0.3266,582566.419508
2026-07-15 05:00:00,0.3266,0.32698,0.32647,0.3268,746207.358649
2026-07-15 06:00:00,0.32681,0.3274,0.32673,0.32739,597797.547743
2026-07-15 07:00:00,0.32739,0.32833,0.32726,0.32776,1137434.076115
2026-07-15 08:00:00,0.32776,0.32797,0.32739,0.32785,559415.780099
2026-07-15 09:00:00,0.32785,0.32837,0.32785,0.32821,736245.347872
2026-07-15 10:00:00,0.32822,0.32889,0.328,0.32808,880141.907232
2026-07-15 11:00:00,0.3281,0.32858,0.32788,0.32807,745002.735176
2026-07-15 12:00:00,0.32808,0.32874,0.32776,0.32857,962978.045612
2026-07-15 13:00:00,0.32858,0.32893,0.32717,0.32739,1806453.747591
2026-07-15 14:00:00,0.32739,0.32779,0.32723,0.32751,648804.654844
2026-07-15 15:00:00,0.32751,0.32787,0.32733,0.32768,881451.261179
2026-07-15 16:00:00,0.32772,0.32792,0.32394,0.32469,5789301.529797
2026-07-15 17:00:00,0.3247,0.32531,0.32426,0.32519,1060928.533593
2026-07-15 18:00:00,0.32518,0.32525,0.32462,0.32484,708277.121954
2026-07-15 19:00:00,0.32484,0.32504,0.32429,0.32431,634372.843316
2026-07-15 20:00:00,0.3243,0.32526,0.32418,0.32488,549823.105421
2026-07-15 21:00:00,0.32489,0.32542,0.32431,0.32442,604277.707548
2026-07-15 22:00:00,0.32447,0.32483,0.32435,0.32459,689521.155811
2026-07-15 23:00:00,0.3246,0.32464,0.32436,0.32457,382717.281508
2026-07-16 00:00:00,0.32457,0.32458,0.32395,0.32421,813366.024284
2026-07-16 01:00:00,0.32425,0.3247,0.32425,0.32453,484125.715577
2026-07-16 02:00:00,0.32453,0.32492,0.32453,0.32491,198272.367906
2026-07-16 03:00:00,0.3249,0.32495,0.32342,0.32375,901316.332362
2026-07-16 04:00:00,0.32375,0.3244,0.3237,0.32407,404998.284018
2026-07-16 05:00:00,0.32406,0.32435,0.32395,0.32426,365199.659268
2026-07-16 06:00:00,0.32426,0.32476,0.32415,0.32465,460624.058864
2026-07-16 07:00:00,0.32465,0.32488,0.32394,0.32412,1033954.424702
2026-07-16 08:00:00,0.32412,0.32421,0.32342,0.32359,846190.247384
2026-07-16 09:00:00,0.32358,0.32388,0.32309,0.32329,1189883.357452
2026-07-16 10:00:00,0.32329,0.32371,0.32319,0.32365,405054.414528
2026-07-16 11:00:00,0.32365,0.32392,0.32336,0.32352,687229.100139
2026-07-16 12:00:00,0.32352,0.3237,0.3231,0.32342,752058.132729
2026-07-16 13:00:00,0.32343,0.32365,0.32258,0.32319,1942665.556166
2026-07-16 14:00:00,0.32318,0.32369,0.32288,0.32324,2358747.858978
2026-07-16 15:00:00,0.32324,0.32388,0.32306,0.3235,774498.564946
2026-07-16 16:00:00,0.3235,0.3235,0.32301,0.32331,943220.77011
2026-07-16 17:00:00,0.3233,0.3233,0.32286,0.32307,1124917.05016
2026-07-16 18:00:00,0.32307,0.32316,0.32296,0.32315,458336.20936
2026-07-16 19:00:00,0.32315,0.32329,0.32297,0.32316,600181.534429
2026-07-16 20:00:00,0.32315,0.32346,0.32308,0.32334,594805.893021
2026-07-16 21:00:00,0.32335,0.32357,0.32311,0.32355,526356.053569
2026-07-16 22:00:00,0.32359,0.32369,0.32321,0.32335,906438.921159
2026-07-16 23:00:00,0.32335,0.32335,0.32295,0.32321,710980.395841
2026-07-17 00:00:00,0.32322,0.32357,0.32249,0.32355,986394.060515
2026-07-17 01:00:00,0.32355,0.32399,0.32281,0.32297,750357.592518
2026-07-17 02:00:00,0.32296,0.32315,0.32164,0.3218,840464.298333
2026-07-17 03:00:00,0.32192,0.32217,0.32164,0.32174,263200.253271
2026-07-17 04:00:00,0.32175,0.32221,0.32152,0.32214,434312.730939
2026-07-17 05:00:00,0.32213,0.32224,0.32162,0.32198,1517176.974582
2026-07-17 06:00:00,0.32198,0.32242,0.32162,0.32214,751340.54836
2026-07-17 07:00:00,0.32216,0.32319,0.32147,0.32247,2521992.230659
2026-07-17 08:00:00,0.32247,0.32272,0.32223,0.32233,649757.837144
2026-07-17 09:00:00,0.32233,0.32255,0.32205,0.32209,724554.651395
2026-07-17 10:00:00,0.3221,0.32247,0.32206,0.32233,416493.192947
2026-07-17 11:00:00,0.32233,0.32303,0.32225,0.32276,921964.634581
2026-07-17 12:00:00,0.32275,0.32295,0.32269,0.32274,388154.002614
2026-07-17 13:00:00,0.32274,0.32325,0.32266,0.32316,650992.463504
2026-07-17 14:00:00,0.32316,0.32349,0.32269,0.3229,543498.40127
2026-07-17 15:00:00,0.32291,0.32328,0.32268,0.32296,734021.933821
2026-07-17 16:00:00,0.32295,0.32353,0.32274,0.32314,1140513.859368
2026-07-17 17:00:00,0.32314,0.32366,0.32302,0.3231,649066.65595
2026-07-17 18:00:00,0.32311,0.32329,0.32276,0.32298,785761.235345
2026-07-17 19:00:00,0.323,0.32306,0.32262,0.32285,519877.978447
2026-07-17 20:00:00,0.32285,0.32306,0.3227,0.32305,441626.401086
2026-07-17 21:00:00,0.32304,0.32313,0.32259,0.32298,678006.347786
2026-07-17 22:00:00,0.323,0.32302,0.32268,0.32285,470212.155256
2026-07-17 23:00:00,0.32284,0.32292,0.32263,0.32264,284975.433753
2026-07-18 00:00:00,0.32264,0.32293,0.32263,0.32285,283628.514502
2026-07-18 01:00:00,0.32285,0.32314,0.32271,0.3229,392570.019177
2026-07-18 02:00:00,0.32291,0.32303,0.32251,0.32264,506130.803027
2026-07-18 03:00:00,0.32265,0.32273,0.32217,0.32224,247990.082709
2026-07-18 04:00:00,0.32225,0.32228,0.32196,0.32208,309342.426938
2026-07-18 05:00:00,0.32208,0.32223,0.32188,0.32192,280124.052644
2026-07-18 06:00:00,0.32192,0.32197,0.32179,0.3219,289143.599124
2026-07-18 07:00:00,0.32191,0.32241,0.32191,0.32226,324721.781516
2026-07-18 08:00:00,0.32226,0.32356,0.32209,0.32349,782178.057594
2026-07-18 09:00:00,0.32349,0.32416,0.32302,0.32344,918455.843085
2026-07-18 10:00:00,0.32351,0.32394,0.32303,0.32311,1319121.257125
2026-07-18 11:00:00,0.3231,0.3239,0.32299,0.32381,509518.121261
2026-07-18 12:00:00,0.3238,0.32384,0.32331,0.32368,549704.083113
2026-07-18 13:00:00,0.32369,0.32384,0.32333,0.3238,510862.082013
2026-07-18 14:00:00,0.32377,0.32427,0.32272,0.32298,594954.915327
2026-07-18 15:00:00,0.32297,0.32303,0.32227,0.32271,327533.991563
2026-07-18 16:00:00,0.32273,0.32328,0.32263,0.32306,701193.210596
2026-07-18 17:00:00,0.32305,0.32552,0.32254,0.32474,2125665.947111
2026-07-18 18:00:00,0.32475,0.32563,0.32475,0.32526,896443.648765
2026-07-18 19:00:00,0.32527,0.32598,0.32524,0.32579,389319.06032
2026-07-18 20:00:00,0.32582,0.3264,0.32579,0.32579,439023.382542
2026-07-18 21:00:00,0.32578,0.32603,0.32557,0.32558,563070.25609
2026-07-18 22:00:00,0.32558,0.32608,0.32554,0.32588,319387.854022
2026-07-18 23:00:00,0.32588,0.32604,0.32581,0.32581,270240.291886
2026-07-19 00:00:00,0.32582,0.32643,0.32581,0.32617,642331.767131
2026-07-19 01:00:00,0.32612,0.32623,0.3258,0.32584,218685.114341
2026-07-19 02:00:00,0.32585,0.32631,0.32575,0.32576,237940.907193
2026-07-19 03:00:00,0.32576,0.32609,0.32576,0.32599,211824.254736
2026-07-19 04:00:00,0.32599,0.32621,0.32583,0.32595,474822.030892
2026-07-19 05:00:00,0.32595,0.32596,0.32576,0.32576,175433.088044
2026-07-19 06:00:00,0.32579,0.32584,0.32551,0.32571,282190.798805
2026-07-19 07:00:00,0.32571,0.32598,0.32538,0.32594,241246.324875
2026-07-19 08:00:00,0.32595,0.3281,0.32582,0.32631,2662365.640434
2026-07-19 09:00:00,0.3263,0.327,0.32609,0.327,479356.61048
2026-07-19 10:00:00,0.32699,0.32748,0.32693,0.32726,507672.772224
2026-07-19 11:00:00,0.32726,0.32778,0.32717,0.32739,197073.992215
2026-07-19 12:00:00,0.32739,0.32773,0.32714,0.32732,350661.237939
2026-07-19 13:00:00,0.32734,0.32738,0.32706,0.32737,389955.777897
2026-07-19 14:00:00,0.32738,0.3274,0.32688,0.32724,277475.201342
2026-07-19 15:00:00,0.32723,0.32746,0.32709,0.32745,390126.094319
2026-07-19 16:00:00,0.32746,0.32752,0.32715,0.32732,525471.711327
2026-07-19 17:00:00,0.32732,0.32734,0.3269,0.32696,412768.689748
2026-07-19 18:00:00,0.32695,0.32723,0.32658,0.32721,355737.583466
2026-07-19 19:00:00,0.32721,0.32723,0.32692,0.3271,267651.791658
2026-07-19 20:00:00,0.32711,0.32715,0.32676,0.32714,304745.5737
2026-07-19 21:00:00,0.32715,0.32734,0.32714,0.32729,178123.373757
2026-07-19 22:00:00,0.32728,0.32736,0.32689,0.32725,316033.716043
2026-07-19 23:00:00,0.32725,0.32738,0.32695,0.32696,432268.497604
2026-07-20 00:00:00,0.32697,0.32754,0.32674,0.32706,451818.501368
2026-07-20 01:00:00,0.32707,0.3276,0.32667,0.32685,607725.638656
2026-07-20 02:00:00,0.32686,0.32703,0.32642,0.32657,221582.617677
2026-07-20 03:00:00,0.32657,0.32662,0.32621,0.32656,230442.67214
2026-07-20 04:00:00,0.32658,0.32675,0.32649,0.3265,201729.180408
2026-07-20 05:00:00,0.3265,0.32667,0.32618,0.32659,231137.855149
2026-07-20 06:00:00,0.3266,0.32685,0.32621,0.32663,652707.593108
2026-07-20 07:00:00,0.32664,0.32664,0.32594,0.32625,464098.708656
2026-07-20 08:00:00,0.32625,0.32627,0.32545,0.326,673668.87273
2026-07-20 09:00:00,0.326,0.32642,0.3258,0.32606,572027.094283
2026-07-20 10:00:00,0.32606,0.32687,0.32581,0.3263,651417.473664
2026-07-20 11:00:00,0.32629,0.32636,0.32556,0.32618,606343.925931
2026-07-20 12:00:00,0.32618,0.32625,0.32569,0.3259,701327.97215
2026-07-20 13:00:00,0.3259,0.32631,0.3255,0.32558,506503.61003
2026-07-20 14:00:00,0.32558,0.32576,0.32533,0.3256,442818.80084
2026-07-20 15:00:00,0.3256,0.32607,0.32522,0.32575,1095668.869913
2026-07-20 16:00:00,0.32577,0.32662,0.32577,0.32632,937607.308412
2026-07-20 17:00:00,0.32632,0.32673,0.32622,0.32651,477938.967055
2026-07-20 18:00:00,0.32651,0.32708,0.32651,0.32673,457318.384523
2026-07-20 19:00:00,0.32672,0.32701,0.32656,0.32687,450493.906468
2026-07-20 20:00:00,0.32688,0.32718,0.32672,0.32672,528142.634647
2026-07-20 21:00:00,0.32671,0.32718,0.32658,0.32678,433198.322979
2026-07-20 22:00:00,0.32677,0.32688,0.32653,0.32677,472284.855808
2026-07-20 23:00:00,0.32677,0.32694,0.32677,0.32691,243053.222296
2026-07-21 00:00:00,0.32691,0.32705,0.3264,0.32675,500587.457935
2026-07-21 01:00:00,0.32675,0.32682,0.32566,0.32626,893684.412693
2026-07-21 02:00:00,0.32622,0.32622,0.32598,0.3261,230931.614206
2026-07-21 03:00:00,0.32611,0.32645,0.32591,0.32602,421491.608933
2026-07-21 04:00:00,0.32603,0.32608,0.32586,0.32589,342290.005809
2026-07-21 05:00:00,0.32589,0.32636,0.32588,0.32622,345544.488741
2026-07-21 06:00:00,0.32621,0.32681,0.3262,0.32679,544950.537034
2026-07-21 07:00:00,0.32679,0.32714,0.32647,0.3268,939900.570425
2026-07-21 08:00:00,0.32679,0.32694,0.32637,0.32658,497264.283028
2026-07-21 09:00:00,0.32658,0.32688,0.32656,0.32681,638620.472388
2026-07-21 10:00:00,0.32681,0.32696,0.32668,0.32689,446694.734526
2026-07-21 11:00:00,0.32688,0.32795,0.32688,0.32751,734036.057379
2026-07-21 12:00:00,0.32751,0.328,0.32751,0.328,409904.76554
2026-07-21 13:00:00,0.328,0.32926,0.328,0.32872,1442317.599153
2026-07-21 14:00:00,0.32871,0.32896,0.32856,0.32865,668952.614297
2026-07-21 15:00:00,0.32866,0.32894,0.32848,0.32868,525810.881202
2026-07-21 16:00:00,0.32868,0.32899,0.32833,0.32839,767779.194961
2026-07-21 17:00:00,0.32838,0.32874,0.32835,0.32844,473421.234924
2026-07-21 18:00:00,0.32845,0.33038,0.32844,0.32985,1473519.785604
2026-07-21 19:00:00,0.32985,0.33005,0.32934,0.32941,1686759.445658
2026-07-21 20:00:00,0.32936,0.32973,0.32936,0.32969,628733.038904
2026-07-21 21:00:00,0.3297,0.32981,0.32909,0.32919,795068.179436
2026-07-21 22:00:00,0.32918,0.3295,0.32915,0.32931,534642.520792
2026-07-21 23:00:00,0.32931,0.3298,0.32931,0.32971,498115.244221
2026-07-22 00:00:00,0.32972,0.32994,0.32934,0.32939,888867.332252
2026-07-22 01:00:00,0.32939,0.32952,0.32896,0.32918,650392.291874
2026-07-22 02:00:00,0.32925,0.32948,0.32911,0.32945,371397.631781
2026-07-22 03:00:00,0.32944,0.32944,0.3285,0.3288,809851.547794
2026-07-22 04:00:00,0.3288,0.32931,0.3288,0.32929,377869.821472
2026-07-22 05:00:00,0.32929,0.32933,0.32879,0.32896,469502.154108
2026-07-22 06:00:00,0.32896,0.32903,0.32877,0.32889,255987.375104
2026-07-22 07:00:00,0.3289,0.3293,0.32865,0.32921,445691.545789
2026-07-22 08:00:00,0.32922,0.32936,0.32887,0.32927,629886.423364
2026-07-22 09:00:00,0.32928,0.32982,0.32927,0.32974,704719.658603
2026-07-22 10:00:00,0.32973,0.33051,0.32973,0.33051,555642.126544
2026-07-22 11:00:00,0.33051,0.33063,0.32994,0.33013,582256.680382
2026-07-22 12:00:00,0.33013,0.33039,0.32952,0.32978,810892.684134
2026-07-22 13:00:00,0.32977,0.33016,0.32954,0.32962,539968.374637
2026-07-22 14:00:00,0.32962,0.32977,0.32789,0.32833,1307928.041696
2026-07-22 15:00:00,0.32833,0.3287,0.32828,0.32844,282131.407653
2026-07-22 16:00:00,0.32845,0.32872,0.32819,0.32871,586373.752868
2026-07-22 17:00:00,0.32871,0.32886,0.32865,0.32879,278562.963461
2026-07-22 18:00:00,0.32879,0.3288,0.32848,0.32861,479790.83175
2026-07-22 19:00:00,0.32862,0.32869,0.32826,0.32868,343864.386124
2026-07-22 20:00:00,0.32867,0.32885,0.32853,0.32861,507359.325581
2026-07-22 21:00:00,0.32862,0.32885,0.32841,0.32853,291051.198875
2026-07-22 22:00:00,0.32854,0.32885,0.32853,0.3287,231991.703042
2026-07-22 23:00:00,0.3287,0.32908,0.3287,0.32903,279629.560883
2026-07-23 00:00:00,0.32903,0.32907,0.32864,0.32895,242659.027048
2026-07-23 01:00:00,0.32896,0.32918,0.32885,0.32918,351771.485667
2026-07-23 02:00:00,0.32919,0.32938,0.32914,0.32923,176804.799439
2026-07-23 03:00:00,0.32924,0.32924,0.32836,0.32861,496223.397746
2026-07-23 04:00:00,0.3286,0.32896,0.3285,0.32879,223408.315183
2026-07-23 05:00:00,0.32879,0.32901,0.32874,0.32897,231584.921747
2026-07-23 06:00:00,0.32898,0.32928,0.32898,0.3292,373877.804182
2026-07-23 07:00:00,0.3292,0.3295,0.32905,0.32922,472127.35315
2026-07-23 08:00:00,0.32922,0.32922,0.3272,0.32775,1046561.9956
2026-07-23 09:00:00,0.32775,0.32797,0.32728,0.32738,688794.876379
2026-07-23 10:00:00,0.32738,0.32843,0.32736,0.32835,281513.641484
2026-07-23 11:00:00,0.32835,0.32853,0.32677,0.32746,816402.099385
2026-07-23 12:00:00,0.32746,0.32747,0.32617,0.32661,632791.448921
2026-07-23 13:00:00,0.32661,0.32682,0.3263,0.32663,769843.126607
2026-07-23 14:00:00,0.32663,0.32685,0.32633,0.32639,1146909.114523
2026-07-23 15:00:00,0.32639,0.32684,0.32625,0.32657,595676.279511
2026-07-23 16:00:00,0.32658,0.32688,0.32534,0.32658,1796261.1655
2026-07-23 17:00:00,0.32658,0.32706,0.32658,0.32684,289353.193008
2026-07-23 18:00:00,0.32685,0.32712,0.32682,0.32712,224172.733245
2026-07-23 19:00:00,0.32712,0.32737,0.32709,0.32723,375759.231853
2026-07-23 20:00:00,0.32725,0.32799,0.32724,0.32799,438540.573059
2026-07-23 21:00:00,0.328,0.3288,0.328,0.32856,529904.501805
2026-07-23 22:00:00,0.32854,0.32868,0.32844,0.32868,201027.196402
2026-07-23 23:00:00,0.32867,0.329,0.32866,0.32892,494451.131211
2026-07-24 00:00:00,0.32893,0.32912,0.32873,0.32873,705798.562644
2026-07-24 01:00:00,0.32874,0.32895,0.3287,0.32888,307445.617814
2026-07-24 02:00:00,0.32888,0.32899,0.32815,0.32856,665055.447192
2026-07-24 03:00:00,0.32857,0.32901,0.32837,0.32901,312124.020131
2026-07-24 04:00:00,0.32905,0.33,0.32905,0.32936,799913.355002
2026-07-24 05:00:00,0.32936,0.32996,0.32936,0.32992,615843.864808
2026-07-24 06:00:00,0.32993,0.33073,0.32985,0.33053,989429.578689
2026-07-24 07:00:00,0.33053,0.3315,0.33038,0.33145,937744.567431
2026-07-24 08:00:00,0.33146,0.33185,0.33088,0.33112,499623.281065
2026-07-24 09:00:00,0.33113,0.33142,0.33102,0.33128,735411.447293
2026-07-24 10:00:00,0.33128,0.33188,0.33119,0.3314,876169.084372
2026-07-24 11:00:00,0.33139,0.33184,0.33134,0.33156,328534.575994
2026-07-24 12:00:00,0.33155,0.33158,0.33107,0.33108,495677.666548
2026-07-24 13:00:00,0.33108,0.33108,0.33028,0.3305,828199.24302
2026-07-24 14:00:00,0.33052,0.33085,0.33014,0.33074,531348.36173
2026-07-24 15:00:00,0.33072,0.33091,0.33019,0.33033,607855.317314
2026-07-24 16:00:00,0.33033,0.33069,0.33032,0.33063,661446.299139
2026-07-24 17:00:00,0.33062,0.33079,0.33034,0.33075,418024.829263
2026-07-24 18:00:00,0.33074,0.33079,0.33037,0.33071,818673.436159
2026-07-24 19:00:00,0.33071,0.33276,0.33042,0.33227,1166461.003097
2026-07-24 20:00:00,0.33233,0.33243,0.33084,0.33121,923042.987139
2026-07-24 21:00:00,0.3312,0.33122,0.33056,0.33065,1028858.243918
2026-07-24 22:00:00,0.33065,0.33072,0.33037,0.33056,527882.535208
2026-07-24 23:00:00,0.33055,0.33087,0.33051,0.33081,450235.882695
2026-07-25 00:00:00,0.3308,0.33123,0.33064,0.33106,597105.86126
2026-07-25 01:00:00,0.33106,0.33126,0.33091,0.33122,324956.943299
2026-07-25 02:00:00,0.33123,0.33127,0.33099,0.3311,146847.816572
2026-07-25 03:00:00,0.33111,0.33111,0.32979,0.33013,505618.18077
2026-07-25 04:00:00,0.33012,0.33032,0.3299,0.3299,430078.535647
2026-07-25 05:00:00,0.32991,0.33018,0.32978,0.33,611012.934365
2026-07-25 06:00:00,0.32988,0.32989,0.32951,0.32967,338417.45958
2026-07-25 07:00:00,0.32966,0.32987,0.32948,0.3295,435845.538732
2026-07-25 08:00:00,0.3295,0.32975,0.32937,0.32955,390761.78208
2026-07-25 09:00:00,0.32955,0.32999,0.32954,0.32984,323526.547728
2026-07-25 10:00:00,0.32985,0.32989,0.3297,0.32977,410760.790223
2026-07-25 11:00:00,0.32978,0.33007,0.32977,0.32994,456571.922849
2026-07-25 12:00:00,0.32995,0.33006,0.3299,0.33,355402.323595
2026-07-25 13:00:00,0.32999,0.33013,0.3298,0.32986,461534.731264
2026-07-25 14:00:00,0.32987,0.33,0.32965,0.32993,357415.491843
2026-07-25 15:00:00,0.32994,0.33015,0.3298,0.33005,696018.726673
2026-07-25 16:00:00,0.33006,0.33215,0.32988,0.33207,1462599.782571
2026-07-25 17:00:00,0.33207,0.33348,0.33172,0.33234,2050987.89576
2026-07-25 18:00:00,0.33234,0.33249,0.33077,0.33128,1298745.315066
2026-07-25 19:00:00,0.33129,0.33132,0.33051,0.33064,698503.528532
2026-07-25 20:00:00,0.33062,0.33088,0.33055,0.33087,196698.888568
2026-07-25 21:00:00,0.33085,0.33145,0.33071,0.3313,466293.694635
2026-07-25 22:00:00,0.33131,0.3316,0.33124,0.3316,291897.089974
2026-07-25 23:00:00,0.3316,0.33171,0.33139,0.3316,223068.230274
2026-07-26 00:00:00,0.3316,0.33262,0.33126,0.33162,544760.803562
2026-07-26 01:00:00,0.33162,0.33162,0.33129,0.33138,286671.494757
2026-07-26 02:00:00,0.33138,0.33143,0.33118,0.33125,210995.364802
2026-07-26 03:00:00,0.33125,0.33166,0.33101,0.33119,740401.567126
2026-07-26 04:00:00,0.33118,0.33156,0.33118,0.33133,379833.644594
2026-07-26 05:00:00,0.33133,0.33141,0.33121,0.33128,157509.454063
2026-07-26 06:00:00,0.33128,0.33149,0.33103,0.33138,205604.48061
2026-07-26 07:00:00,0.33138,0.3314,0.33092,0.331,298333.761965
2026-07-26 08:00:00,0.33099,0.33102,0.33047,0.33102,336089.817725
2026-07-26 09:00:00,0.33102,0.33194,0.33101,0.33185,339548.292112
2026-07-26 10:00:00,0.33185,0.33258,0.33132,0.33239,413595.864238
2026-07-26 11:00:00,0.3324,0.33266,0.33213,0.33236,323760.662463
2026-07-26 12:00:00,0.33236,0.333,0.33231,0.33276,414377.882838
2026-07-26 13:00:00,0.33276,0.33283,0.33255,0.33266,285849.627022
2026-07-26 14:00:00,0.33269,0.33277,0.33241,0.33274,357532.406779
2026-07-26 15:00:00,0.33274,0.33292,0.33268,0.33287,323229.514909
2026-07-26 16:00:00,0.33287,0.33308,0.33276,0.33301,433342.215976
2026-07-26 17:00:00,0.333,0.33301,0.33249,0.33249,263188.815158
2026-07-26 18:00:00,0.3325,0.33254,0.33221,0.3324,256208.32772
2026-07-26 19:00:00,0.33241,0.33242,0.33207,0.33213,225672.42801
2026-07-26 20:00:00,0.33212,0.33213,0.33197,0.33202,167409.080967
2026-07-26 21:00:00,0.33203,0.33246,0.33185,0.33209,422517.618309
2026-07-26 22:00:00,0.33212,0.33244,0.33212,0.33227,230609.21081
2026-07-26 23:00:00,0.33227,0.33253,0.33179,0.33252,250649.249125
2026-07-27 00:00:00,0.33253,0.33254,0.33175,0.33185,397168.730202
2026-07-27 01:00:00,0.33185,0.33198,0.33167,0.33168,241189.051389
2026-07-27 02:00:00,0.33168,0.33173,0.33132,0.33137,235878.548319
2026-07-27 03:00:00,0.33137,0.33166,0.33131,0.33153,265359.033951
2026-07-27 04:00:00,0.33154,0.33176,0.33154,0.33176,204121.596517
2026-07-27 05:00:00,0.33176,0.33222,0.33152,0.33205,272430.743009
2026-07-27 06:00:00,0.33204,0.33231,0.33193,0.33206,183989.242179
2026-07-27 07:00:00,0.33204,0.33205,0.33151,0.33151,262502.979093
2026-07-27 08:00:00,0.33152,0.33163,0.33135,0.33162,308042.384388
2026-07-27 09:00:00,0.33162,0.33197,0.33144,0.33145,923604.817921
2026-07-27 10:00:00,0.33144,0.33146,0.33052,0.33057,1318799.963718
2026-07-27 11:00:00,0.33056,0.33105,0.3301,0.33059,1173741.699535
2026-07-27 12:00:00,0.33058,0.33115,0.33037,0.33095,1386347.535315
2026-07-27 13:00:00,0.33096,0.33104,0.33032,0.3304,1641619.185252
2026-07-27 14:00:00,0.33041,0.33062,0.3288,0.32881,1726563.238356
2026-07-27 15:00:00,0.32882,0.32914,0.32863,0.32871,2446917.527278
2026-07-27 16:00:00,0.32871,0.32884,0.32842,0.32867,1779775.895528
2026-07-27 17:00:00,0.32868,0.32871,0.32851,0.32855,1042099.752465
2026-07-27 18:00:00,0.32856,0.32856,0.32777,0.32812,1749567.906292
2026-07-27 19:00:00,0.32812,0.32844,0.32781,0.32794,1352823.21718
2026-07-27 20:00:00,0.32793,0.32812,0.32769,0.32775,1240418.757636
2026-07-27 21:00:00,0.32776,0.32777,0.32738,0.32742,1085156.407819
2026-07-27 22:00:00,0.32742,0.32743,0.3261,0.32624,2656298.259158
2026-07-27 23:00:00,0.32624,0.32624,0.3249,0.32495,4681825.045863
2026-07-28 00:00:00,0.32495,0.32497,0.32392,0.32392,4440824.12508
2026-07-28 01:00:00,0.32393,0.32441,0.32324,0.32355,2231457.480481
2026-07-28 02:00:00,0.32356,0.32421,0.32343,0.32391,1096935.492895
2026-07-28 03:00:00,0.32392,0.32492,0.32392,0.3245,1373066.653336
2026-07-28 04:00:00,0.32451,0.32492,0.32432,0.3244,1292065.024799
2026-07-28 05:00:00,0.3244,0.32461,0.32422,0.32432,929262.30722
2026-07-28 06:00:00,0.32431,0.32521,0.32431,0.32521,601522.344477
2026-07-28 07:00:00,0.32521,0.32535,0.32475,0.32533,532982.49595
2026-07-28 08:00:00,0.32532,0.32629,0.32514,0.32588,616211.720998
2026-07-28 09:00:00,0.32589,0.32631,0.32567,0.32612,1049236.13637
2026-07-28 10:00:00,0.32612,0.32628,0.32573,0.32605,627854.373664
2026-07-28 11:00:00,0.32606,0.32613,0.32486,0.32515,559696.807578
2026-07-28 12:00:00,0.32516,0.32546,0.32498,0.32538,731096.29485
2026-07-28 13:00:00,0.32537,0.32548,0.32457,0.3246,755902.280958
2026-07-28 14:00:00,0.32461,0.32501,0.32451,0.32452,444985.874379
2026-07-28 15:00:00,0.32451,0.32477,0.32432,0.32457,819180.939388
2026-07-28 16:00:00,0.32456,0.32456,0.32429,0.3244,622023.014653
2026-07-28 17:00:00,0.3244,0.32459,0.32426,0.32454,465539.206295
2026-07-28 18:00:00,0.32456,0.3248,0.32442,0.32445,580860.410059
2026-07-28 19:00:00,0.32445,0.32467,0.32428,0.32447,402542.922141
2026-07-28 20:00:00,0.32447,0.32456,0.32438,0.32455,402331.71158
2026-07-28 21:00:00,0.32455,0.3248,0.32436,0.32469,717463.398263
2026-07-28 22:00:00,0.32468,0.32477,0.32429,0.32445,371999.780278
2026-07-28 23:00:00,0.32445,0.32512,0.32432,0.3248,412909.689
2026-07-29 00:00:00,0.3248,0.32517,0.32473,0.32501,253759.785508
2026-07-29 01:00:00,0.32503,0.32522,0.32446,0.32448,345009.549903
2026-07-29 02:00:00,0.32447,0.32519,0.32441,0.32508,360207.19228
2026-07-29 03:00:00,0.32508,0.32508,0.32472,0.32496,258467.674076
2026-07-29 04:00:00,0.32495,0.32527,0.32474,0.32526,420853.458697
2026-07-29 05:00:00,0.32526,0.32558,0.32517,0.32558,217713.685604
2026-07-29 06:00:00,0.32558,0.32606,0.32555,0.32605,239726.341541
2026-07-29 07:00:00,0.32605,0.32617,0.32582,0.3261,344807.451651
2026-07-29 08:00:00,0.32608,0.3263,0.3259,0.3259,384433.246612
2026-07-29 09:00:00,0.32588,0.32629,0.32581,0.32627,400568.955507
2026-07-29 10:00:00,0.32628,0.32672,0.32618,0.32638,610511.183563
2026-07-29 11:00:00,0.32638,0.32763,0.32638,0.32694,699657.958962
2026-07-29 12:00:00,0.32694,0.32726,0.32685,0.32717,341944.563643
2026-07-29 13:00:00,0.32717,0.32727,0.32659,0.32676,495147.501883
2026-07-29 14:00:00,0.32676,0.32687,0.32644,0.32671,885184.419632
2026-07-29 15:00:00,0.32671,0.32679,0.32636,0.32638,392082.698645
2026-07-29 16:00:00,0.32639,0.32672,0.32619,0.32671,578182.189497
2026-07-29 17:00:00,0.32672,0.32673,0.3261,0.32632,775463.818969
2026-07-29 18:00:00,0.32632,0.32679,0.32533,0.32565,1137232.982547
2026-07-29 19:00:00,0.32565,0.32571,0.32547,0.3257,722756.920472
2026-07-29 20:00:00,0.32571,0.326,0.32547,0.32561,790868.910424
2026-07-29 21:00:00,0.32562,0.32627,0.32547,0.32627,1014753.103189
2026-07-29 22:00:00,0.32627,0.32632,0.32579,0.32587,729875.188766
2026-07-29 23:00:00,0.32592,0.32602,0.32562,0.32575,606340.327779
2026-07-30 00:00:00,0.32576,0.32614,0.32556,0.32571,289729.653293
2026-07-30 01:00:00,0.32571,0.32639,0.32558,0.32631,541492.223649
2026-07-30 02:00:00,0.32632,0.32645,0.32568,0.32568,300399.426217
2026-07-30 03:00:00,0.32569,0.32593,0.32566,0.32571,229552.501072
2026-07-30 04:00:00,0.32571,0.32605,0.32571,0.32593,301042.554663
2026-07-30 05:00:00,0.32594,0.32627,0.32593,0.32625,322675.779518
2026-07-30 06:00:00,0.32625,0.32704,0.32624,0.32678,764655.742996
2026-07-30 07:00:00,0.32679,0.32838,0.32679,0.32779,2169986.829452
2026-07-30 08:00:00,0.32779,0.32809,0.32752,0.32786,427346.150022
2026-07-30 09:00:00,0.32786,0.32857,0.32783,0.32845,979183.253289
2026-07-30 10:00:00,0.32845,0.32874,0.32811,0.32862,1058258.6381
2026-07-30 11:00:00,0.32863,0.32878,0.32852,0.32873,519183.266094
2026-07-30 12:00:00,0.32879,0.32918,0.32873,0.32885,654269.929445
2026-07-30 13:00:00,0.32885,0.329,0.32811,0.32841,1320331.046226
2026-07-30 14:00:00,0.32842,0.32883,0.32808,0.32874,1285984.922951
2026-07-30 15:00:00,0.32875,0.32943,0.32861,0.32928,1023628.945292
2026-07-30 16:00:00,0.32926,0.32974,0.32908,0.32939,1032671.072317
2026-07-30 17:00:00,0.3294,0.32946,0.32865,0.32902,1209477.859704
2026-07-30 18:00:00,0.32902,0.32925,0.32902,0.32918,1145714.163027
2026-07-30 19:00:00,0.32918,0.32919,0.32876,0.3291,788648.405514
2026-07-30 20:00:00,0.3291,0.32926,0.32896,0.32907,842263.971915
2026-07-30 21:00:00,0.32907,0.32916,0.32889,0.32911,606045.190205
2026-07-30 22:00:00,0.32915,0.32922,0.32895,0.32896,491538.248449
2026-07-30 23:00:00,0.32896,0.32908,0.32855,0.32858,616271.870609
2026-07-31 00:00:00,0.32858,0.3291,0.32843,0.32856,806596.806074
2026-07-31 01:00:00,0.32857,0.32946,0.32857,0.32894,990874.17974
2026-07-31 02:00:00,0.32895,0.32909,0.32829,0.32836,505842.632759
2026-07-31 03:00:00,0.32835,0.32886,0.32792,0.32845,984375.996827
2026-07-31 04:00:00,0.32845,0.32869,0.3284,0.3286,389916.017654
2026-07-31 05:00:00,0.3286,0.32897,0.32849,0.32896,482975.100301
2026-07-31 06:00:00,0.32896,0.329,0.32841,0.32862,491951.660969
2026-07-31 07:00:00,0.32862,0.32885,0.32848,0.32863,688812.19833
2026-07-31 08:00:00,0.32863,0.32903,0.32862,0.32876,585740.767612
2026-07-31 09:00:00,0.32875,0.32902,0.32765,0.32791,1451062.276962
2026-07-31 10:00:00,0.32791,0.32798,0.32601,0.32673,1761449.338012
2026-07-31 11:00:00,0.32674,0.32702,0.32637,0.32687,751482.630536
2026-07-31 12:00:00,0.32689,0.32717,0.32632,0.327,1615742.247117
2026-07-31 13:00:00,0.32701,0.32723,0.32667,0.32695,1045920.852248
2026-07-31 14:00:00,0.32698,0.32714,0.32601,0.32607,1420715.683668
2026-07-31 15:00:00,0.32607,0.32646,0.326,0.32621,533401.131027
2026-07-31 16:00:00,0.3262,0.32669,0.32617,0.32665,993681.508755
2026-07-31 17:00:00,0.32665,0.32697,0.32652,0.32681,460350.907824
2026-07-31 18:00:00,0.32681,0.32681,0.32609,0.3263,483624.530792
2026-07-31 19:00:00,0.3263,0.32643,0.3261,0.32617,544069.673044
2026-07-31 20:00:00,0.32616,0.32662,0.32602,0.32604,665619.233602
2026-07-31 21:00:00,0.32604,0.32642,0.32603,0.32614,441853.797634
2026-07-31 22:00:00,0.32614,0.32642,0.32613,0.32642,201859.796833
2026-07-31 23:00:00,0.32642,0.32643,0.3258,0.32602,479358.169488
2026-08-01 00:00:00,0.32603,0.3267,0.32587,0.32657,723397.969453
2026-08-01 01:00:00,0.32658,0.32707,0.32646,0.3269,916513.697334
2026-08-01 02:00:00,0.32691,0.32736,0.32683,0.32717,508768.384512
2026-08-01 03:00:00,0.32717,0.32731,0.32665,0.3268,425025.374039
2026-08-01 04:00:00,0.3268,0.32713,0.32645,0.32646,402127.0036
2026-08-01 05:00:00,0.32647,0.32711,0.32583,0.32711,1078955.693656
2026-08-01 06:00:00,0.32711,0.3278,0.3271,0.32778,458234.458737
2026-08-01 07:00:00,0.32777,0.32778,0.32731,0.32739,368872.933091
2026-08-01 08:00:00,0.32739,0.32786,0.32732,0.32785,723926.878116
2026-08-01 09:00:00,0.32786,0.32802,0.3276,0.32769,768733.15235
2026-08-01 10:00:00,0.32769,0.32829,0.32758,0.32797,938864.790688
2026-08-01 11:00:00,0.32798,0.32807,0.32765,0.32801,643531.685864
2026-08-01 12:00:00,0.328,0.32828,0.32764,0.32817,874337.479286
2026-08-01 13:00:00,0.32817,0.32835,0.32809,0.32835,693532.471627
2026-08-01 14:00:00,0.32835,0.32845,0.32829,0.32834,404404.47274
2026-08-01 15:00:00,0.32835,0.32865,0.3283,0.32855,728234.658396
2026-08-01 16:00:00,0.32855,0.32942,0.32824,0.32926,1337380.707319
2026-08-01 17:00:00,0.32926,0.32934,0.32848,0.32882,866538.268078
2026-08-01 18:00:00,0.32881,0.32881,0.3273,0.32754,1083683.779704
2026-08-01 19:00:00,0.32764,0.32774,0.32728,0.32756,723153.880497
2026-08-01 20:00:00,0.3276,0.32766,0.32728,0.32756,589028.934828
2026-08-01 21:00:00,0.32758,0.32775,0.32738,0.32752,661210.915111
2026-08-01 22:00:00,0.32753,0.32781,0.32752,0.32779,393260.311906
2026-08-01 23:00:00,0.32779,0.32798,0.32779,0.32795,249742.424949
2026-08-02 00:00:00,0.32796,0.3288,0.32795,0.32811,1221243.441114
2026-08-02 01:00:00,0.32813,0.32834,0.32807,0.32825,541995.017823
2026-08-02 02:00:00,0.32825,0.32875,0.32819,0.32835,543009.373724
2026-08-02 03:00:00,0.32835,0.32836,0.3282,0.32821,230675.325507
2026-08-02 04:00:00,0.32819,0.32823,0.32794,0.3282,267385.394689
2026-08-02 05:00:00,0.3282,0.3282,0.32785,0.32786,690814.410915
2026-08-02 06:00:00,0.32787,0.32861,0.32776,0.32825,470337.41734
2026-08-02 07:00:00,0.32824,0.32849,0.32819,0.32839,393706.476004
2026-08-02 08:00:00,0.32839,0.32839,0.32734,0.32746,681663.012253
2026-08-02 09:00:00,0.32746,0.32746,0.32617,0.32659,9720606.763946
2026-08-02 10:00:00,0.32658,0.32676,0.32633,0.32661,475397.157383
2026-08-02 11:00:00,0.32661,0.32669,0.32639,0.32646,578153.898784
2026-08-02 12:00:00,0.32646,0.32681,0.32627,0.32663,362388.893135
2026-08-02 13:00:00,0.32663,0.32808,0.32648,0.32766,597082.694051
2026-08-02 14:00:00,0.32767,0.32781,0.32754,0.32755,469982.678007
2026-08-02 15:00:00,0.32755,0.32769,0.32718,0.32747,689450.449141
2026-08-02 16:00:00,0.32749,0.32785,0.32743,0.32767,576675.514746
2026-08-02 17:00:00,0.32768,0.32775,0.32716,0.32732,866890.254568
2026-08-02 18:00:00,0.32733,0.32778,0.32732,0.3275,333252.218089
2026-08-02 19:00:00,0.3275,0.32751,0.3273,0.32746,334994.829304
2026-08-02 20:00:00,0.32746,0.32752,0.3272,0.3272,414388.900573
2026-08-02 21:00:00,0.32722,0.32759,0.32703,0.32729,413449.227719
2026-08-02 22:00:00,0.3273,0.3273,0.32674,0.32677,428304.823155
2026-08-02 23:00:00,0.32677,0.32696,0.32663,0.32683,313673.49265
2026-08-03 00:00:00,0.32684,0.32684,0.32579,0.3263,1189402.788851
2026-08-03 01:00:00,0.3263,0.32669,0.32625,0.32641,481171.284288
2026-08-03 02:00:00,0.32641,0.32658,0.32625,0.32643,276624.32254
2026-08-03 03:00:00,0.32643,0.32663,0.32601,0.32605,212516.356095
2026-08-03 04:00:00,0.32604,0.32638,0.32601,0.32613,131599.944995
2026-08-03 05:00:00,0.32612,0.3262,0.32584,0.32608,209395.165323
2026-08-03 06:00:00,0.32609,0.32627,0.32584,0.32602,179999.795429
2026-08-03 07:00:00,0.32602,0.32621,0.3255,0.3257,472796.853622
2026-08-03 08:00:00,0.3257,0.32644,0.32569,0.3264,313148.739987
2026-08-03 09:00:00,0.3264,0.32794,0.32638,0.3275,1128540.643829
2026-08-03 10:00:00,0.3275,0.32829,0.3275,0.32791,388976.334618
2026-08-03 11:00:00,0.32791,0.32816,0.32763,0.32772,398830.863546
2026-08-03 12:00:00,0.32771,0.32781,0.327,0.32758,828710.957896
2026-08-03 13:00:00,0.32758,0.32767,0.32714,0.32746,566148.76575
2026-08-03 14:00:00,0.32746,0.32863,0.32728,0.32855,622613.352345
2026-08-03 15:00:00,0.32855,0.32962,0.32855,0.32909,1337446.770398
2026-08-03 16:00:00,0.32909,0.32957,0.32909,0.3294,882459.313629
2026-08-03 17:00:00,0.32938,0.32959,0.32882,0.32883,189058.391589
2026-08-03 18:00:00,0.32883,0.32916,0.3286,0.32899,441338.87406
2026-08-03 19:00:00,0.32898,0.32915,0.32888,0.32901,483531.282414
2026-08-03 20:00:00,0.32901,0.32916,0.32877,0.32888,212503.656409
2026-08-03 21:00:00,0.32891,0.32894,0.32853,0.32859,428804.302055
2026-08-03 22:00:00,0.32859,0.32895,0.32858,0.32887,293036.299472
2026-08-03 23:00:00,0.32888,0.32888,0.32856,0.32885,395717.869514
2026-08-04 00:00:00,0.32885,0.32948,0.32862,0.32869,251035.249048
2026-08-04 01:00:00,0.3287,0.32945,0.3287,0.32933,381893.594342
2026-08-04 02:00:00,0.32935,0.32945,0.32883,0.32914,327409.208339
2026-08-04 03:00:00,0.32914,0.32925,0.32888,0.32889,172306.016057
2026-08-04 04:00:00,0.32889,0.32935,0.32888,0.32889,323777.131308
2026-08-04 05:00:00,0.32889,0.32907,0.3286,0.32895,360199.782503
2026-08-04 06:00:00,0.32895,0.3291,0.32883,0.32899,426806.015992
2026-08-04 07:00:00,0.32895,0.32965,0.32887,0.32963,931291.743318
2026-08-04 08:00:00,0.32963,0.3303,0.3294,0.33023,674383.195819
2026-08-04 09:00:00,0.33025,0.33065,0.32939,0.32943,553739.168561
2026-08-04 10:00:00,0.32944,0.3296,0.32898,0.32906,340315.372778
2026-08-04 11:00:00,0.32907,0.32968,0.32893,0.32943,487760.322937
2026-08-04 12:00:00,0.32943,0.33024,0.32921,0.32997,570769.119527
2026-08-04 13:00:00,0.32995,0.33018,0.32951,0.32967,1122565.82775
2026-08-04 14:00:00,0.32966,0.32981,0.32935,0.32957,508948.209559
2026-08-04 15:00:00,0.32957,0.32984,0.32737,0.32853,1465900.203735
2026-08-04 16:00:00,0.32853,0.3313,0.32829,0.33129,1456492.502091
2026-08-04 17:00:00,0.33129,0.33129,0.32941,0.32961,695669.546695
2026-08-04 18:00:00,0.32958,0.32958,0.32885,0.32889,537140.03545
2026-08-04 19:00:00,0.32888,0.32911,0.3287,0.32878,386516.29864
2026-08-04 20:00:00,0.32879,0.32891,0.3276,0.32779,2686140.473878
2026-08-04 21:00:00,0.32777,0.32808,0.32746,0.32751,411533.490074
2026-08-04 22:00:00,0.32751,0.32751,0.32718,0.32739,437436.403249
2026-08-04 23:00:00,0.3274,0.32772,0.32712,0.32733,641781.154769
2026-08-05 00:00:00,0.32734,0.32734,0.32635,0.32642,820084.799391
2026-08-05 01:00:00,0.32643,0.32706,0.32643,0.32704,543541.159013
2026-08-05 02:00:00,0.32705,0.32721,0.32662,0.32664,336953.587176
2026-08-05 03:00:00,0.32664,0.32686,0.32649,0.32674,322330.199853
2026-08-05 04:00:00,0.32674,0.32698,0.32647,0.32698,226706.794234
2026-08-05 05:00:00,0.32698,0.32731,0.32681,0.32711,193552.526869
2026-08-05 06:00:00,0.32711,0.32733,0.32683,0.32726,290065.232893
2026-08-05 07:00:00,0.32726,0.32743,0.32697,0.32743,521073.228846
2026-08-05 08:00:00,0.32743,0.32843,0.32717,0.3284,479492.615131
2026-08-05 09:00:00,0.3284,0.32855,0.32804,0.32836,711386.510269
2026-08-05 10:00:00,0.32836,0.32877,0.32824,0.32873,768851.602082
2026-08-05 11:00:00,0.32873,0.32924,0.32836,0.32861,931706.626171
2026-08-05 12:00:00,0.32862,0.3288,0.32829,0.32876,976291.340834
2026-08-05 13:00:00,0.32876,0.32876,0.32802,0.32843,1292259.769487
2026-08-05 14:00:00,0.32842,0.3286,0.32761,0.32798,1419360.226382
2026-08-05 15:00:00,0.32798,0.32803,0.32718,0.32759,3959941.734894
2026-08-05 16:00:00,0.3276,0.32834,0.32757,0.32834,3270663.415351
2026-08-05 17:00:00,0.32834,0.32834,0.32793,0.3282,1062363.44922
2026-08-05 18:00:00,0.3282,0.32836,0.32797,0.32809,885270.160689
2026-08-05 19:00:00,0.3281,0.32812,0.32794,0.32794,529766.133635
2026-08-05 20:00:00,0.32795,0.32815,0.32786,0.32787,884564.440603
2026-08-05 21:00:00,0.32787,0.32803,0.3276,0.32766,596797.049526
2026-08-05 22:00:00,0.32767,0.3278,0.32737,0.32743,349433.864654
2026-08-05 23:00:00,0.32744,0.32757,0.32726,0.3275,593176.696987
2026-08-06 00:00:00,0.32755,0.32776,0.32732,0.32775,341996.899514
2026-08-06 01:00:00,0.32776,0.32874,0.32769,0.32862,853943.005232
2026-08-06 02:00:00,0.32862,0.32893,0.32812,0.32819,435449.911653
2026-08-06 03:00:00,0.32812,0.3284,0.32703,0.32717,563526.996352
2026-08-06 04:00:00,0.32716,0.32743,0.32643,0.3267,594776.515855
2026-08-06 05:00:00,0.32668,0.32676,0.32592,0.32672,478297.159756
2026-08-06 06:00:00,0.32671,0.32716,0.32572,0.32696,840869.999409
2026-08-06 07:00:00,0.32697,0.32752,0.32695,0.32741,882990.087421
2026-08-06 08:00:00,0.32741,0.32741,0.32668,0.32712,764211.496326
2026-08-06 09:00:00,0.32711,0.32769,0.32699,0.3275,928260.766577
2026-08-06 10:00:00,0.3275,0.32764,0.32739,0.32757,317569.268064
2026-08-06 11:00:00,0.32758,0.32758,0.32705,0.32738,359143.084581
2026-08-06 12:00:00,0.32735,0.32753,0.32717,0.32732,442214.308198
2026-08-06 13:00:00,0.32729,0.32834,0.32722,0.32804,566154.10402
2026-08-06 14:00:00,0.32804,0.32823,0.32737,0.32758,1260524.17963
2026-08-06 15:00:00,0.32759,0.32785,0.32741,0.3276,306049.604308
2026-08-06 16:00:00,0.32761,0.32794,0.32683,0.32697,2723640.758671
2026-08-06 17:00:00,0.32697,0.32726,0.3268,0.32701,591034.251269
2026-08-06 18:00:00,0.32701,0.32727,0.32678,0.32727,313354.041578
2026-08-06 19:00:00,0.32727,0.32727,0.32685,0.32706,419358.787036
2026-08-06 20:00:00,0.32705,0.32722,0.32687,0.32687,278142.088216
2026-08-06 21:00:00,0.32688,0.32722,0.32685,0.32715,282789.227255
2026-08-06 22:00:00,0.32711,0.32745,0.32698,0.32745,498365.547654
2026-08-06 23:00:00,0.32745,0.32745,0.32704,0.32715,280014.16865
2026-08-07 00:00:00,0.32714,0.32758,0.32694,0.327,244053.965354
2026-08-07 01:00:00,0.327,0.32743,0.32693,0.32736,352881.533819
2026-08-07 02:00:00,0.32737,0.32778,0.327,0.32721,692815.345621
2026-08-07 03:00:00,0.32721,0.32826,0.32721,0.32775,680799.88421
2026-08-07 04:00:00,0.32775,0.32811,0.32759,0.32764,196105.003331
2026-08-07 05:00:00,0.32764,0.32785,0.32649,0.32677,1235515.258554
2026-08-07 06:00:00,0.32677,0.32718,0.32677,0.32704,401352.605287
2026-08-07 07:00:00,0.327,0.32726,0.32675,0.32702,476623.130078
2026-08-07 08:00:00,0.32703,0.32722,0.32701,0.32721,257590.10413
2026-08-07 09:00:00,0.32721,0.32748,0.32641,0.32692,1053401.703211
2026-08-07 10:00:00,0.32692,0.3271,0.32678,0.32705,449748.850697
2026-08-07 11:00:00,0.32704,0.32836,0.32677,0.32813,880098.545478
2026-08-07 12:00:00,0.32812,0.32836,0.32766,0.32777,1028574.405396
2026-08-07 13:00:00,0.32777,0.32809,0.32759,0.32779,689680.729465
2026-08-07 14:00:00,0.32779,0.3282,0.32744,0.32809,1109920.433426
2026-08-07 15:00:00,0.3281,0.32853,0.32737,0.32768,992255.450941
2026-08-07 16:00:00,0.32762,0.32826,0.32731,0.32757,1995448.770112
2026-08-07 17:00:00,0.32757,0.32784,0.32731,0.32744,491780.721173
2026-08-07 18:00:00,0.32745,0.32762,0.32704,0.32759,334301.704293
2026-08-07 19:00:00,0.32758,0.32758,0.32715,0.32728,331438.155198
2026-08-07 20:00:00,0.32733,0.32745,0.32718,0.32735,404014.469878
2026-08-07 21:00:00,0.32735,0.3276,0.32722,0.32731,350828.380893
2026-08-07 22:00:00,0.32732,0.32757,0.32731,0.32756,224153.927631
2026-08-07 23:00:00,0.32757,0.32765,0.32752,0.32761,227993.38522
2026-08-08 00:00:00,0.3276,0.32793,0.3275,0.32786,613746.045918
2026-08-08 01:00:00,0.32786,0.328,0.32754,0.32775,555806.058637
2026-08-08 02:00:00,0.32777,0.32795,0.32771,0.32782,152499.498393
2026-08-08 03:00:00,0.32782,0.32793,0.32773,0.32781,243872.093214
2026-08-08 04:00:00,0.3278,0.32783,0.32748,0.32753,332852.632996
2026-08-08 05:00:00,0.32753,0.32804,0.32734,0.32767,406981.323584
2026-08-08 06:00:00,0.32768,0.32773,0.32728,0.32743,296921.223038
2026-08-08 07:00:00,0.32744,0.32758,0.32722,0.3273,324945.308254
2026-08-08 08:00:00,0.32731,0.32785,0.32718,0.32768,459930.567344
2026-08-08 09:00:00,0.32768,0.32828,0.32755,0.32819,596460.866448
2026-08-08 10:00:00,0.3282,0.32969,0.32819,0.3291,1465782.764411
2026-08-08 11:00:00,0.32906,0.32925,0.32863,0.32884,548372.053007
2026-08-08 12:00:00,0.32886,0.32931,0.32868,0.32873,482061.025989
2026-08-08 13:00:00,0.32874,0.32909,0.32874,0.32883,426417.263157
2026-08-08 14:00:00,0.32883,0.32883,0.32841,0.32865,430162.542453
2026-08-08 15:00:00,0.32865,0.32899,0.32849,0.32887,453074.369804
2026-08-08 16:00:00,0.32887,0.32922,0.32865,0.329,778830.014821
2026-08-08 17:00:00,0.329,0.32906,0.32875,0.32883,175692.388487
2026-08-08 18:00:00,0.32884,0.329,0.32882,0.32893,198736.288004
2026-08-08 19:00:00,0.32893,0.32907,0.32881,0.32891,249894.674272
2026-08-08 20:00:00,0.3289,0.32895,0.32883,0.32889,220820.198378
2026-08-08 21:00:00,0.32889,0.32896,0.3288,0.32887,278989.293006
2026-08-08 22:00:00,0.32887,0.32908,0.32879,0.32908,292751.59126
2026-08-08 23:00:00,0.32908,0.3294,0.32892,0.3291,366005.064996
2026-08-09 00:00:00,0.32909,0.32961,0.32901,0.32934,525739.650427
2026-08-09 01:00:00,0.32934,0.32997,0.32934,0.32965,675163.318039
2026-08-09 02:00:00,0.32966,0.32997,0.3296,0.32976,269261.326487
2026-08-09 03:00:00,0.32977,0.33,0.32976,0.32992,347562.9191
2026-08-09 04:00:00,0.32993,0.33028,0.32991,0.32998,442685.42387
2026-08-09 05:00:00,0.32998,0.33033,0.32998,0.33029,356498.238844
2026-08-09 06:00:00,0.33028,0.33041,0.32979,0.32995,361708.528787
2026-08-09 07:00:00,0.32995,0.32995,0.32951,0.32956,449236.94541
2026-08-09 08:00:00,0.32956,0.32993,0.32933,0.32962,341682.03263
2026-08-09 09:00:00,0.32963,0.32992,0.32948,0.32974,486703.573506
2026-08-09 10:00:00,0.32975,0.32987,0.32931,0.32958,706105.969379
2026-08-09 11:00:00,0.32959,0.33009,0.32956,0.33,374309.239379
2026-08-09 12:00:00,0.33,0.33004,0.32974,0.32985,312806.573768
2026-08-09 13:00:00,0.32985,0.33028,0.32977,0.32987,408917.268598
2026-08-09 14:00:00,0.32987,0.33026,0.32986,0.32999,400815.236882
2026-08-09 15:00:00,0.32999,0.33019,0.32985,0.32998,543508.344035
2026-08-09 16:00:00,0.33,0.33024,0.32972,0.32979,540751.922732
2026-08-09 17:00:00,0.32979,0.33027,0.32972,0.32999,472800.624949
2026-08-09 18:00:00,0.32998,0.32999,0.32971,0.32978,223044.483312
2026-08-09 19:00:00,0.32978,0.3299,0.32969,0.32983,296281.532059
2026-08-09 20:00:00,0.32984,0.3299,0.32976,0.32977,255369.885268
2026-08-09 21:00:00,0.32977,0.32983,0.32952,0.32978,216158.441454
2026-08-09 22:00:00,0.32978,0.33028,0.32957,0.32964,706079.032868
2026-08-09 23:00:00,0.32964,0.32996,0.32958,0.3299,438250.441035
2026-08-10 00:00:00,0.32991,0.33113,0.32972,0.3304,613864.436512
2026-08-10 01:00:00,0.33039,0.33093,0.33038,0.33046,823205.750086
2026-08-10 02:00:00,0.33047,0.33059,0.33012,0.33023,348848.903657
2026-08-10 03:00:00,0.33024,0.33039,0.32962,0.32996,481552.712088
2026-08-10 04:00:00,0.32996,0.33016,0.32989,0.33006,348802.596958
2026-08-10 05:00:00,0.33005,0.33026,0.3299,0.33008,299507.440584
2026-08-10 06:00:00,0.33008,0.33031,0.32972,0.32983,342247.693384
2026-08-10 07:00:00,0.32984,0.33017,0.3296,0.32999,751914.482861
2026-08-10 08:00:00,0.32998,0.33072,0.32969,0.3307,668175.84274
2026-08-10 09:00:00,0.33069,0.33081,0.33043,0.3306,770020.264879
2026-08-10 10:00:00,0.33059,0.3318,0.33057,0.33175,835988.235284
2026-08-10 11:00:00,0.33178,0.33183,0.3312,0.33163,948811.969456
2026-08-10 12:00:00,0.33163,0.33194,0.33147,0.33194,1782619.621414
2026-08-10 13:00:00,0.33193,0.332,0.33063,0.33093,54164119.396342
2026-08-10 14:00:00,0.33093,0.33149,0.33091,0.33111,57431252.589065
2026-08-10 15:00:00,0.3311,0.33148,0.33076,0.33085,15016651.435069
2026-08-10 16:00:00,0.33084,0.33136,0.33082,0.33118,965405.098819
2026-08-10 17:00:00,0.33119,0.33134,0.33093,0.33116,581773.589786
2026-08-10 18:00:00,0.33117,0.33128,0.33078,0.33101,1239156.16973
2026-08-10 19:00:00,0.33101,0.33126,0.33062,0.33096,756638.076368
2026-08-10 20:00:00,0.33096,0.33112,0.33082,0.33101,371913.835918
2026-08-10 21:00:00,0.33099,0.3312,0.33093,0.33099,354135.257381
2026-08-10 22:00:00,0.33097,0.33105,0.33068,0.33072,284262.753334
2026-08-10 23:00:00,0.33072,0.33095,0.33053,0.3308,283880.432733
2026-08-11 00:00:00,0.3308,0.33125,0.33073,0.33091,390047.066526
2026-08-11 01:00:00,0.33091,0.33142,0.33085,0.33116,596692.917667
2026-08-11 02:00:00,0.33116,0.33135,0.33098,0.33134,315245.053372
2026-08-11 03:00:00,0.33135,0.33137,0.33097,0.33132,246628.107828
2026-08-11 04:00:00,0.33132,0.33188,0.33132,0.33184,373224.414367
2026-08-11 05:00:00,0.33181,0.33189,0.33165,0.33188,141187.02503
2026-08-11 06:00:00,0.33188,0.3319,0.33144,0.33172,827217.581532
2026-08-11 07:00:00,0.33173,0.33229,0.33158,0.33213,948902.372378
2026-08-11 08:00:00,0.33213,0.33227,0.33139,0.33202,737788.717537
2026-08-11 09:00:00,0.33201,0.33505,0.332,0.33496,1683025.054413
2026-08-11 10:00:00,0.33497,0.33774,0.33497,0.33639,1937410.139816
2026-08-11 11:00:00,0.33636,0.33673,0.33591,0.33659,1003537.167817
2026-08-11 12:00:00,0.3366,0.33725,0.33556,0.33633,1385135.316569
2026-08-11 13:00:00,0.33634,0.33653,0.33526,0.33572,1022176.868183
2026-08-11 14:00:00,0.33576,0.3366,0.3349,0.33506,1227904.292813
2026-08-11 15:00:00,0.33505,0.33548,0.33413,0.33493,2006227.276347
2026-08-11 16:00:00,0.33493,0.33528,0.33441,0.3347,1344607.50169
2026-08-11 17:00:00,0.33471,0.33515,0.3346,0.3351,768858.649924
2026-08-11 18:00:00,0.33511,0.3355,0.33487,0.33534,953510.774913
2026-08-11 19:00:00,0.33534,0.33543,0.33492,0.33524,670631.480666
2026-08-11 20:00:00,0.33523,0.33546,0.33502,0.33532,712648.099678
2026-08-11 21:00:00,0.33529,0.33552,0.33504,0.33521,804471.870056
2026-08-11 22:00:00,0.33521,0.33528,0.33501,0.33511,516844.761954
2026-08-11 23:00:00,0.33511,0.33518,0.33496,0.33518,356275.166686
2026-08-12 00:00:00,0.3352,0.33581,0.33494,0.33501,952368.872051
2026-08-12 01:00:00,0.33502,0.33508,0.33432,0.33479,830098.537785
2026-08-12 02:00:00,0.3348,0.3348,0.33436,0.33436,275316.121486
2026-08-12 03:00:00,0.33437,0.33461,0.33347,0.33432,873221.172698
2026-08-12 04:00:00,0.33433,0.33454,0.33423,0.33445,402624.9033
2026-08-12 05:00:00,0.33446,0.33555,0.33438,0.33538,558963.857381
2026-08-12 06:00:00,0.33539,0.33657,0.33516,0.33646,928532.228225
2026-08-12 07:00:00,0.33645,0.33679,0.33589,0.33622,1051984.360682
2026-08-12 08:00:00,0.33622,0.33641,0.33568,0.33638,431398.336974
2026-08-12 09:00:00,0.33638,0.33678,0.33614,0.3362,821524.135485
2026-08-12 10:00:00,0.33622,0.3375,0.33621,0.33694,1050803.600562
2026-08-12 11:00:00,0.33694,0.33744,0.33676,0.337,524686.436442
2026-08-12 12:00:00,0.337,0.33703,0.33606,0.33635,798621.649954
2026-08-12 13:00:00,0.33634,0.33652,0.33593,0.33625,654118.305548
2026-08-12 14:00:00,0.33624,0.33638,0.33552,0.33554,744412.154336
2026-08-12 15:00:00,0.33553,0.33632,0.33552,0.33609,655489.55192
2026-08-12 16:00:00,0.3361,0.33619,0.3355,0.33591,464940.045091
2026-08-12 17:00:00,0.33586,0.33625,0.33577,0.33611,355088.132715
2026-08-12 18:00:00,0.33612,0.33626,0.33585,0.33594,386399.432818
2026-08-12 19:00:00,0.33595,0.33599,0.33552,0.33579,550284.939155
2026-08-12 20:00:00,0.3358,0.33627,0.33561,0.3358,700120.808008
2026-08-12 21:00:00,0.3358,0.33598,0.33566,0.3357,346074.043503
2026-08-12 22:00:00,0.33575,0.33601,0.33564,0.33573,381196.364377
2026-08-12 23:00:00,0.33573,0.33636,0.33572,0.33636,434104.523978
2026-08-13 00:00:00,0.33636,0.33669,0.33559,0.336,1000013.064135
2026-08-13 01:00:00,0.336,0.33648,0.33577,0.33603,453967.840308
2026-08-13 02:00:00,0.33603,0.33633,0.33603,0.33611,217063.086474
2026-08-13 03:00:00,0.33611,0.33621,0.33574,0.33613,199956.472564
2026-08-13 04:00:00,0.33612,0.3363,0.33578,0.33582,264910.513841
2026-08-13 05:00:00,0.33583,0.3376,0.3356,0.3376,684140.620553
2026-08-13 06:00:00,0.3376,0.3387,0.33723,0.33749,1586228.017473
2026-08-13 07:00:00,0.33761,0.33797,0.3368,0.3369,2050304.298115
2026-08-13 08:00:00,0.33691,0.33742,0.33563,0.3358,4618130.411251
2026-08-13 09:00:00,0.3358,0.3358,0.33382,0.33382,2060541.888579
2026-08-13 10:00:00,0.33382,0.33447,0.33359,0.33376,1434090.569324
2026-08-13 11:00:00,0.33375,0.33416,0.33356,0.33396,665993.800671
2026-08-13 12:00:00,0.33396,0.33454,0.33386,0.33437,662434.525205
2026-08-13 13:00:00,0.33438,0.33464,0.33416,0.33455,636755.66683
2026-08-13 14:00:00,0.33455,0.33487,0.33454,0.33481,427993.722811
2026-08-13 15:00:00,0.33481,0.33481,0.33431,0.33447,386702.733118
2026-08-13 16:00:00,0.33447,0.33488,0.33399,0.33404,576784.11835
2026-08-13 17:00:00,0.33404,0.33452,0.33376,0.33388,384034.9308
2026-08-13 18:00:00,0.33388,0.33415,0.33327,0.33366,567060.336549
2026-08-13 19:00:00,0.33366,0.33413,0.3335,0.33402,399361.107992
2026-08-13 20:00:00,0.33402,0.33445,0.33394,0.33432,548393.519652
2026-08-13 21:00:00,0.33433,0.33438,0.33418,0.33432,289271.860897
2026-08-13 22:00:00,0.33434,0.33468,0.33433,0.33451,377249.927664
2026-08-13 23:00:00,0.3345,0.33468,0.33424,0.33467,250974.055655
2026-08-14 00:00:00,0.33467,0.33467,0.33419,0.3343,601920.317875
2026-08-14 01:00:00,0.33431,0.3346,0.3343,0.33448,389735.491823
2026-08-14 02:00:00,0.33448,0.33466,0.33438,0.33446,323771.187398
2026-08-14 03:00:00,0.33446,0.33451,0.33384,0.33391,166407.730992
2026-08-14 04:00:00,0.33389,0.33429,0.33389,0.33429,199413.857273
2026-08-14 05:00:00,0.33429,0.33459,0.33406,0.33408,207849.253186
2026-08-14 06:00:00,0.33407,0.3341,0.33356,0.33386,426665.060178
2026-08-14 07:00:00,0.3339,0.33479,0.3339,0.33425,408384.10179
2026-08-14 08:00:00,0.33425,0.33434,0.33302,0.3337,734786.411963
2026-08-14 09:00:00,0.3337,0.3339,0.33329,0.33365,616591.752654
2026-08-14 10:00:00,0.33364,0.33372,0.33345,0.33354,460742.472675
2026-08-14 11:00:00,0.33353,0.33399,0.33301,0.33334,802180.236032
2026-08-14 12:00:00,0.3333,0.33361,0.33292,0.33351,1090345.668123
2026-08-14 13:00:00,0.3335,0.33351,0.33235,0.33262,1264654.512669
2026-08-14 14:00:00,0.33258,0.33315,0.33239,0.33277,778657.52581
2026-08-14 15:00:00,0.33277,0.33311,0.33235,0.33241,704938.215957
2026-08-14 16:00:00,0.33239,0.33279,0.33166,0.33256,1533151.568659
2026-08-14 17:00:00,0.33256,0.33278,0.33229,0.3326,795816.616459
2026-08-14 18:00:00,0.33261,0.333,0.33261,0.33279,811958.909966
2026-08-14 19:00:00,0.3328,0.33306,0.33273,0.33296,387015.089387
2026-08-14 20:00:00,0.33296,0.33307,0.33274,0.33296,523989.024455
2026-08-14 21:00:00,0.33294,0.33299,0.3324,0.33258,553668.55694
2026-08-14 22:00:00,0.33258,0.33287,0.33236,0.33281,681351.052798
2026-08-14 23:00:00,0.33281,0.33298,0.33239,0.33273,748871.590834
2026-08-15 00:00:00,0.33273,0.3328,0.33181,0.33236,702910.278254
2026-08-15 01:00:00,0.33236,0.33286,0.33231,0.33284,417400.407378
2026-08-15 02:00:00,0.33284,0.3332,0.3328,0.3332,245585.595764
2026-08-15 03:00:00,0.33321,0.33338,0.33297,0.33311,473729.59558
2026-08-15 04:00:00,0.33311,0.33339,0.33291,0.33295,410840.973106
2026-08-15 05:00:00,0.33294,0.33294,0.3324,0.33259,280477.132715
2026-08-15 06:00:00,0.3326,0.3328,0.33251,0.33279,298149.609799
2026-08-15 07:00:00,0.3328,0.33303,0.33254,0.33257,470226.839908
2026-08-15 08:00:00,0.33257,0.33267,0.33229,0.33237,284588.73564
2026-08-15 09:00:00,0.33236,0.33252,0.33227,0.33233,679564.610248
2026-08-15 10:00:00,0.33232,0.33233,0.33156,0.33215,838391.037311
2026-08-15 11:00:00,0.33214,0.33214,0.3307,0.33108,921415.88149
2026-08-15 12:00:00,0.33107,0.33128,0.33083,0.33112,547146.342354
2026-08-15 13:00:00,0.33113,0.33143,0.33104,0.3311,459190.3302
2026-08-15 14:00:00,0.3311,0.33154,0.33101,0.33113,441013.053097
2026-08-15 15:00:00,0.33114,0.33147,0.33113,0.33138,280957.305611
2026-08-15 16:00:00,0.33137,0.33249,0.33129,0.33209,718037.250091
2026-08-15 17:00:00,0.3321,0.33226,0.3318,0.33193,368960.69124
2026-08-15 18:00:00,0.33191,0.33224,0.33154,0.33192,414565.570121
2026-08-15 19:00:00,0.33193,0.33215,0.33162,0.33169,310151.551553
2026-08-15 20:00:00,0.33169,0.33174,0.33145,0.33149,250901.832891
2026-08-15 21:00:00,0.33149,0.33169,0.33134,0.33149,826322.571733
2026-08-15 22:00:00,0.3315,0.33162,0.33138,0.33156,590968.394975
2026-08-15 23:00:00,0.33155,0.33159,0.3311,0.33126,468914.331761
2026-08-16 00:00:00,0.33126,0.33142,0.33085,0.33101,452098.192148
2026-08-16 01:00:00,0.33102,0.33132,0.33092,0.33132,355823.112627
2026-08-16 02:00:00,0.3313,0.33144,0.33119,0.33123,207572.434568
2026-08-16 03:00:00,0.33124,0.33134,0.33081,0.33094,212240.577301
2026-08-16 04:00:00,0.33093,0.33123,0.33088,0.33104,147169.635066
2026-08-16 05:00:00,0.33105,0.33141,0.33098,0.33106,118374.28457
2026-08-16 06:00:00,0.33106,0.33127,0.33097,0.33109,159363.09298
2026-08-16 07:00:00,0.33109,0.33134,0.331,0.33112,130482.14067
2026-08-16 08:00:00,0.33111,0.33119,0.33086,0.33111,251806.503361
2026-08-16 09:00:00,0.33112,0.33131,0.33107,0.33128,503544.263861
2026-08-16 10:00:00,0.33128,0.33153,0.33127,0.33135,384442.073131
2026-08-16 11:00:00,0.33134,0.3318,0.3313,0.33173,511316.753254
2026-08-16 12:00:00,0.33173,0.33193,0.33166,0.33188,500107.621199
2026-08-16 13:00:00,0.33187,0.33213,0.33154,0.3316,681321.88676
2026-08-16 14:00:00,0.3316,0.3321,0.33128,0.33176,630017.962952
2026-08-16 15:00:00,0.33175,0.33208,0.33171,0.33205,379489.317582
2026-08-16 16:00:00,0.33205,0.33238,0.33193,0.33224,620367.672135
2026-08-16 17:00:00,0.33224,0.3325,0.3321,0.33221,495399.5881
2026-08-16 18:00:00,0.33221,0.33229,0.33196,0.33196,344482.655681
2026-08-16 19:00:00,0.33196,0.33206,0.33169,0.33175,208345.884341
2026-08-16 20:00:00,0.33176,0.33199,0.33155,0.33163,444262.782901
2026-08-16 21:00:00,0.33164,0.33185,0.33143,0.33145,433373.914621
2026-08-16 22:00:00,0.33146,0.33153,0.33111,0.33125,486028.304214
2026-08-16 23:00:00,0.33126,0.33148,0.33102,0.33124,323915.349625
2026-08-17 00:00:00,0.33123,0.33142,0.33112,0.33129,411347.649781
2026-08-17 01:00:00,0.33127,0.33268,0.33122,0.33223,827421.489472
2026-08-17 02:00:00,0.33223,0.33257,0.3321,0.33236,458928.773562
2026-08-17 03:00:00,0.33237,0.33256,0.33225,0.33246,118762.843629
2026-08-17 04:00:00,0.33246,0.33263,0.33222,0.33254,170700.720311
2026-08-17 05:00:00,0.33258,0.3327,0.33233,0.33257,232354.373622
2026-08-17 06:00:00,0.33255,0.33292,0.33243,0.33287,494942.457094
2026-08-17 07:00:00,0.33288,0.33306,0.33258,0.33283,708314.399977
2026-08-17 08:00:00,0.33282,0.3331,0.33279,0.33303,312911.943378
2026-08-17 09:00:00,0.33303,0.33372,0.33295,0.3331,613095.558505
2026-08-17 10:00:00,0.33311,0.33331,0.33227,0.33275,578720.575871
2026-08-17 11:00:00,0.33275,0.3328,0.33227,0.33234,524353.295731
2026-08-17 12:00:00,0.33237,0.33251,0.33175,0.332,601837.509675
2026-08-17 13:00:00,0.33198,0.33211,0.33179,0.332,461117.972007
2026-08-17 14:00:00,0.33203,0.33203,0.3316,0.33169,617928.781453
2026-08-17 15:00:00,0.33169,0.3319,0.32964,0.32973,2662928.104836
2026-08-17 16:00:00,0.32972,0.33148,0.32843,0.33147,3407936.593761
2026-08-17 17:00:00,0.33147,0.33155,0.3302,0.33102,992513.247457
2026-08-17 18:00:00,0.33102,0.33127,0.33095,0.33113,405031.587298
2026-08-17 19:00:00,0.33113,0.3315,0.331,0.33142,415475.438196
2026-08-17 20:00:00,0.33142,0.33145,0.3313,0.33141,516405.034081
2026-08-17 21:00:00,0.3314,0.33152,0.33129,0.33141,261652.239504
2026-08-17 22:00:00,0.3314,0.33153,0.33117,0.33148,340446.571124
2026-08-17 23:00:00,0.33147,0.33169,0.33122,0.33129,143891.863358
2026-08-18 00:00:00,0.33133,0.3315,0.3311,0.33121,254508.891159
2026-08-18 01:00:00,0.33124,0.33136,0.3311,0.33118,426680.878319
2026-08-18 02:00:00,0.33118,0.33171,0.33083,0.33132,460434.741713
2026-08-18 03:00:00,0.33133,0.33247,0.33133,0.33189,403997.406628
2026-08-18 04:00:00,0.3319,0.33199,0.33161,0.33182,210365.07022
2026-08-18 05:00:00,0.33182,0.33196,0.33154,0.33175,319217.155388
2026-08-18 06:00:00,0.33174,0.33293,0.33166,0.33284,709267.986748
2026-08-18 07:00:00,0.33284,0.33385,0.33281,0.33336,1320904.959521
2026-08-18 08:00:00,0.33336,0.33352,0.33251,0.33272,477809.808624
2026-08-18 09:00:00,0.3327,0.33321,0.33268,0.33313,817620.710357
2026-08-18 10:00:00,0.33309,0.33338,0.33239,0.33274,744426.619789
2026-08-18 11:00:00,0.33275,0.33326,0.33246,0.33282,743779.065906
2026-08-18 12:00:00,0.33283,0.33291,0.33236,0.33269,465684.457703
2026-08-18 13:00:00,0.33265,0.33286,0.3322,0.33252,539846.459537
2026-08-18 14:00:00,0.33252,0.33285,0.33225,0.33236,842786.092647
2026-08-18 15:00:00,0.33236,0.33298,0.33132,0.33206,2137999.224037
2026-08-18 16:00:00,0.33209,0.33485,0.33209,0.33483,1626608.102139
2026-08-18 17:00:00,0.33483,0.3352,0.33368,0.33393,850986.179631
2026-08-18 18:00:00,0.33394,0.33414,0.33355,0.33361,599914.292012
2026-08-18 19:00:00,0.33362,0.33363,0.33302,0.33311,508910.441366
2026-08-18 20:00:00,0.33312,0.33322,0.33284,0.33293,465232.637681
2026-08-18 21:00:00,0.33293,0.33333,0.33285,0.33297,396154.964643
2026-08-18 22:00:00,0.33298,0.33318,0.33278,0.33284,273651.266396
2026-08-18 23:00:00,0.33283,0.33298,0.33276,0.33277,434797.865416
2026-08-19 00:00:00,0.33281,0.33325,0.3321,0.3327,921879.856717
2026-08-19 01:00:00,0.33272,0.33286,0.33236,0.33273,399298.989002
2026-08-19 02:00:00,0.33274,0.33274,0.33218,0.33222,182040.377661
2026-08-19 03:00:00,0.33221,0.33301,0.33211,0.33297,566427.45873
2026-08-19 04:00:00,0.33297,0.33323,0.3327,0.33292,511985.35155
2026-08-19 05:00:00,0.33295,0.33319,0.33286,0.33311,170103.193418
2026-08-19 06:00:00,0.33312,0.33332,0.33306,0.33329,374745.524528
2026-08-19 07:00:00,0.33328,0.33345,0.33304,0.33343,397958.824836
2026-08-19 08:00:00,0.33343,0.33347,0.3331,0.33316,408110.258422
2026-08-19 09:00:00,0.33315,0.33325,0.3329,0.33306,570427.430351
2026-08-19 10:00:00,0.33306,0.33317,0.3326,0.33271,523955.281465
2026-08-19 11:00:00,0.3327,0.33278,0.33244,0.3325,398142.733999
2026-08-19 12:00:00,0.33252,0.333,0.33231,0.33247,787513.527633
2026-08-19 13:00:00,0.33246,0.33309,0.33233,0.33251,696134.753256
2026-08-19 14:00:00,0.33254,0.333,0.33214,0.33271,1122114.41238
2026-08-19 15:00:00,0.33271,0.33411,0.33241,0.33358,1478139.257678
2026-08-19 16:00:00,0.3336,0.33388,0.33344,0.3336,1334632.786137
2026-08-19 17:00:00,0.3336,0.33369,0.33249,0.33257,859533.932301
2026-08-19 18:00:00,0.33257,0.33257,0.33154,0.33224,1451701.228806
2026-08-19 19:00:00,0.33223,0.33246,0.33185,0.33213,525068.147846
2026-08-19 20:00:00,0.33218,0.3336,0.33208,0.33344,910797.240776
2026-08-19 21:00:00,0.33345,0.33388,0.33298,0.33369,1405580.042025
2026-08-19 22:00:00,0.3337,0.33391,0.33305,0.33378,980013.907715
2026-08-19 23:00:00,0.33378,0.33475,0.33371,0.3346,1185167.176327
2026-08-20 00:00:00,0.33461,0.33484,0.33432,0.3344,961582.748876
2026-08-20 01:00:00,0.33439,0.33471,0.33382,0.33383,869448.231225
2026-08-20 02:00:00,0.33384,0.33404,0.3337,0.3337,347981.735572
2026-08-20 03:00:00,0.33369,0.33369,0.3322,0.33221,711474.05962
2026-08-20 04:00:00,0.33221,0.33265,0.33217,0.33257,505666.71269
2026-08-20 05:00:00,0.33258,0.33327,0.33227,0.33326,521349.875797
2026-08-20 06:00:00,0.33327,0.33354,0.33311,0.33332,607162.935427
2026-08-20 07:00:00,0.33334,0.33402,0.33331,0.33402,563221.424212
2026-08-20 08:00:00,0.33399,0.33492,0.33393,0.33474,1095030.342687
2026-08-20 09:00:00,0.33474,0.33522,0.33458,0.33477,1052027.633056
2026-08-20 10:00:00,0.33477,0.33753,0.33455,0.33646,3685594.193657
2026-08-20 11:00:00,0.33647,0.33787,0.33647,0.33729,1656872.049561
2026-08-20 12:00:00,0.3373,0.3381,0.33662,0.33767,913626.835169
2026-08-20 13:00:00,0.33767,0.33918,0.33752,0.33808,1480217.452199
2026-08-20 14:00:00,0.33809,0.33936,0.33788,0.33841,838162.888723
2026-08-20 15:00:00,0.33841,0.33887,0.33804,0.33868,567485.411866
2026-08-20 16:00:00,0.3387,0.33999,0.33869,0.33988,974872.754999
2026-08-20 17:00:00,0.33983,0.34049,0.33886,0.339,1040503.257078
2026-08-20 18:00:00,0.33908,0.33936,0.33871,0.33903,740035.518564
2026-08-20 19:00:00,0.33894,0.33987,0.33883,0.33947,418960.548941
2026-08-20 20:00:00,0.33948,0.34045,0.33938,0.34021,489299.530121
2026-08-20 21:00:00,0.34025,0.34035,0.33947,0.33958,554795.584523
2026-08-20 22:00:00,0.33961,0.34013,0.33943,0.33963,508789.70523
2026-08-20 23:00:00,0.33964,0.34016,0.33718,0.33745,947922.30321
2026-08-21 00:00:00,0.33748,0.33886,0.33738,0.33818,848232.396292
2026-08-21 01:00:00,0.33817,0.33852,0.33789,0.33811,796886.571774
2026-08-21 02:00:00,0.33811,0.33835,0.33788,0.33819,534466.139868
2026-08-21 03:00:00,0.33818,0.33852,0.3381,0.33834,441930.106954
2026-08-21 04:00:00,0.33835,0.33849,0.33768,0.33781,414062.014115
2026-08-21 05:00:00,0.3378,0.33859,0.33777,0.33826,604014.469234
2026-08-21 06:00:00,0.33828,0.33844,0.33809,0.33828,562214.185246
2026-08-21 07:00:00,0.33832,0.33938,0.33832,0.3392,824069.554112
2026-08-21 08:00:00,0.33921,0.34041,0.33901,0.34036,1012421.532413
2026-08-21 09:00:00,0.34036,0.34183,0.33955,0.34134,1438020.098784
2026-08-21 10:00:00,0.3413,0.3415,0.33994,0.34033,920581.255103
2026-08-21 11:00:00,0.34034,0.34037,0.33918,0.34008,838363.234414
2026-08-21 12:00:00,0.34015,0.34117,0.33985,0.34093,1079088.884061
2026-08-21 13:00:00,0.34086,0.34087,0.33995,0.34009,719178.821269
2026-08-21 14:00:00,0.34009,0.34019,0.3395,0.34003,616753.3901
2026-08-21 15:00:00,0.34003,0.34053,0.33988,0.3401,495802.289307
2026-08-21 16:00:00,0.34011,0.34066,0.33981,0.34053,666705.787171
2026-08-21 17:00:00,0.34058,0.34069,0.33994,0.34006,571611.104938
2026-08-21 18:00:00,0.34006,0.34041,0.3397,0.34013,452011.067436
2026-08-21 19:00:00,0.34016,0.34032,0.33976,0.34014,350424.553121
2026-08-21 20:00:00,0.34018,0.34123,0.34009,0.34118,265435.812066
2026-08-21 21:00:00,0.34118,0.34212,0.34097,0.34194,696208.211715
2026-08-21 22:00:00,0.34194,0.34345,0.34188,0.34325,940696.588273
2026-08-21 23:00:00,0.34333,0.34376,0.34272,0.34359,721333.785177
2026-08-22 00:00:00,0.3436,0.34438,0.34328,0.34431,1086396.270003
2026-08-22 01:00:00,0.34431,0.34498,0.3432,0.34376,1073650.740014
2026-08-22 02:00:00,0.34365,0.34567,0.34334,0.34549,1457278.546654
2026-08-22 03:00:00,0.34551,0.34712,0.3454,0.34698,1329114.443722
2026-08-22 04:00:00,0.347,0.35081,0.34642,0.34997,2714801.259521
2026-08-22 05:00:00,0.34997,0.35072,0.33718,0.34586,10026824.318866
2026-08-22 06:00:00,0.34584,0.34597,0.34504,0.34568,1202930.067782
2026-08-22 07:00:00,0.34569,0.34627,0.34515,0.34518,483691.663207
2026-08-22 08:00:00,0.34519,0.34579,0.34396,0.34434,1229466.470116
2026-08-22 09:00:00,0.34434,0.34442,0.3433,0.34394,1043217.397719
2026-08-22 10:00:00,0.34395,0.34396,0.34283,0.34296,874112.542312
2026-08-22 11:00:00,0.34298,0.34314,0.34185,0.34286,771814.126332
2026-08-22 12:00:00,0.34292,0.34332,0.34272,0.34304,549976.531096
2026-08-22 13:00:00,0.34305,0.34364,0.34279,0.34357,665561.541695
2026-08-22 14:00:00,0.34364,0.34378,0.34311,0.34373,381401.60165
2026-08-22 15:00:00,0.34373,0.34431,0.34365,0.34387,423827.082402
2026-08-22 16:00:00,0.34387,0.34453,0.34378,0.34451,874669.2094
2026-08-22 17:00:00,0.34453,0.34464,0.34423,0.34457,514564.0388
2026-08-22 18:00:00,0.34455,0.34583,0.34436,0.34545,910489.115031
2026-08-22 19:00:00,0.34544,0.34548,0.34492,0.34536,206777.167797
2026-08-22 20:00:00,0.34536,0.34568,0.3451,0.34541,379544.07618
2026-08-22 21:00:00,0.3454,0.34544,0.34453,0.34463,685226.791434
2026-08-22 22:00:00,0.34463,0.34496,0.34446,0.34492,465870.284139
2026-08-22 23:00:00,0.34493,0.34516,0.3441,0.34429,403586.808896
2026-08-23 00:00:00,0.34427,0.34563,0.34406,0.34543,953431.055144
2026-08-23 01:00:00,0.34542,0.34568,0.34521,0.3454,293073.444801
2026-08-23 02:00:00,0.34541,0.34557,0.3435,0.3435,4248690.441475
2026-08-23 03:00:00,0.3435,0.34363,0.34289,0.34292,2733044.832355
2026-08-23 04:00:00,0.34293,0.34301,0.3422,0.34227,645059.980298
2026-08-23 05:00:00,0.34227,0.34286,0.34204,0.34216,737517.511488
2026-08-23 06:00:00,0.34212,0.34232,0.3419,0.34197,402228.267608
2026-08-23 07:00:00,0.34197,0.3426,0.34197,0.34246,612389.235675
2026-08-23 08:00:00,0.34249,0.343,0.34249,0.34298,847662.864404
2026-08-23 09:00:00,0.34298,0.34312,0.34215,0.3427,776924.224208
2026-08-23 10:00:00,0.34267,0.3439,0.34264,0.34372,745500.299971
2026-08-23 11:00:00,0.34375,0.34398,0.34348,0.34378,547152.791039
2026-08-23 12:00:00,0.34379,0.34388,0.34334,0.34375,408836.846754
2026-08-23 13:00:00,0.34375,0.34434,0.3436,0.34426,609698.373719
2026-08-23 14:00:00,0.34427,0.34442,0.34304,0.34353,742012.488952
2026-08-23 15:00:00,0.34353,0.34401,0.34336,0.34342,540109.019393
2026-08-23 16:00:00,0.34345,0.34385,0.34337,0.34357,453845.871238
2026-08-23 17:00:00,0.3436,0.34405,0.34324,0.34356,642191.655582
2026-08-23 18:00:00,0.34354,0.34398,0.34342,0.34386,289109.647964
2026-08-23 19:00:00,0.34385,0.34408,0.34368,0.34389,250005.399582
2026-08-23 20:00:00,0.34389,0.34399,0.34353,0.34357,424645.616198
2026-08-23 21:00:00,0.34356,0.34466,0.34356,0.34428,577743.675115
2026-08-23 22:00:00,0.34421,0.34444,0.34383,0.34407,333499.078765
2026-08-23 23:00:00,0.34408,0.34423,0.34371,0.3439,459078.771474
2026-08-24 00:00:00,0.34389,0.34426,0.34281,0.34362,1093675.011322
2026-08-24 01:00:00,0.34366,0.34374,0.34314,0.34318,286042.535417
2026-08-24 02:00:00,0.34318,0.34382,0.34313,0.3433,543125.195559
2026-08-24 03:00:00,0.34332,0.34366,0.34294,0.34335,285700.297477
2026-08-24 04:00:00,0.34335,0.34424,0.34335,0.34387,614761.987633
2026-08-24 05:00:00,0.34392,0.34487,0.34389,0.34482,637486.783171
2026-08-24 06:00:00,0.34482,0.34495,0.34418,0.34422,490598.329228
2026-08-24 07:00:00,0.34423,0.34461,0.34374,0.34385,703536.267376
2026-08-24 08:00:00,0.34384,0.34507,0.34301,0.34339,1302222.250936
2026-08-24 09:00:00,0.3434,0.34403,0.34336,0.34403,478514.4871
2026-08-24 10:00:00,0.34406,0.34412,0.34336,0.34345,456196.292775
2026-08-24 11:00:00,0.34346,0.34431,0.34333,0.34422,451713.159221
2026-08-24 12:00:00,0.34421,0.34503,0.34356,0.34482,727207.995632
2026-08-24 13:00:00,0.34484,0.34487,0.34375,0.34379,856088.588306
2026-08-24 14:00:00,0.34379,0.34453,0.34371,0.34427,538539.033358
2026-08-24 15:00:00,0.3443,0.34472,0.34316,0.34337,542902.792547
2026-08-24 16:00:00,0.34335,0.34392,0.34327,0.34338,595545.392281
2026-08-24 17:00:00,0.34338,0.34358,0.34271,0.34316,548321.657306
2026-08-24 18:00:00,0.34315,0.34386,0.34313,0.34376,315289.20274
2026-08-24 19:00:00,0.34374,0.34397,0.34357,0.34382,313993.393274
2026-08-24 20:00:00,0.34383,0.34388,0.34323,0.34368,231921.458639
2026-08-24 21:00:00,0.34368,0.34425,0.34368,0.34405,294310.333933
2026-08-24 22:00:00,0.34405,0.34453,0.34405,0.3444,272043.916763
2026-08-24 23:00:00,0.34438,0.34507,0.34414,0.34507,363572.848562
2026-08-25 00:00:00,0.34503,0.34585,0.34471,0.34581,543878.022845
2026-08-25 01:00:00,0.34582,0.34605,0.34567,0.34605,416829.516416
2026-08-25 02:00:00,0.34605,0.34676,0.34574,0.34581,709075.480786
2026-08-25 03:00:00,0.34583,0.34586,0.34425,0.34484,2080506.316401
2026-08-25 04:00:00,0.34483,0.34498,0.34382,0.34441,1510406.131441
2026-08-25 05:00:00,0.34442,0.3448,0.34429,0.34476,434277.496461
2026-08-25 06:00:00,0.34476,0.34479,0.34446,0.34457,255760.504172
2026-08-25 07:00:00,0.34457,0.34474,0.34368,0.34402,1138399.218269
2026-08-25 08:00:00,0.34391,0.34395,0.34282,0.34336,669042.706543
2026-08-25 09:00:00,0.34337,0.34355,0.34199,0.34229,1771235.04233
2026-08-25 10:00:00,0.34226,0.34298,0.34154,0.34263,679315.985174
2026-08-25 11:00:00,0.34263,0.34306,0.34246,0.34252,435610.723732
2026-08-25 12:00:00,0.34251,0.34296,0.34213,0.34291,1020071.668162
2026-08-25 13:00:00,0.34291,0.34291,0.34133,0.34165,1363592.453214
2026-08-25 14:00:00,0.34164,0.34262,0.34157,0.34191,754166.72282
2026-08-25 15:00:00,0.34192,0.34208,0.34169,0.34208,413161.191265
2026-08-25 16:00:00,0.34207,0.34207,0.34114,0.3415,1284045.125553
2026-08-25 17:00:00,0.34151,0.34153,0.34066,0.341,961852.455097
2026-08-25 18:00:00,0.34101,0.34115,0.3397,0.34013,1191958.575998
2026-08-25 19:00:00,0.34012,0.34016,0.33832,0.33848,1401097.997288
2026-08-25 20:00:00,0.33847,0.33847,0.33742,0.33762,1580247.139738
2026-08-25 21:00:00,0.33761,0.33797,0.33714,0.3375,1713829.037657
2026-08-25 22:00:00,0.3375,0.33783,0.33634,0.33696,3760663.781268
2026-08-25 23:00:00,0.33696,0.33699,0.33585,0.33624,1677011.966652
2026-08-26 00:00:00,0.33624,0.33624,0.33525,0.33529,1794209.321269
2026-08-26 01:00:00,0.3353,0.33637,0.3353,0.3363,1101772.455857
2026-08-26 02:00:00,0.3363,0.33715,0.33564,0.33713,865949.525663
2026-08-26 03:00:00,0.33713,0.33782,0.33711,0.33739,406257.236675
2026-08-26 04:00:00,0.33735,0.33849,0.33733,0.33796,757813.310383
2026-08-26 05:00:00,0.338,0.33931,0.33782,0.33884,514936.000279
2026-08-26 06:00:00,0.33885,0.33896,0.33771,0.33812,588119.370864
2026-08-26 07:00:00,0.33812,0.33843,0.3371,0.3371,740770.985633
2026-08-26 08:00:00,0.33716,0.33827,0.3368,0.33756,921252.32281
2026-08-26 09:00:00,0.33757,0.33757,0.33644,0.33651,1029646.535062
2026-08-26 10:00:00,0.33651,0.33653,0.33601,0.33646,955185.573842
2026-08-26 11:00:00,0.33645,0.33677,0.33514,0.33557,1155034.754062
2026-08-26 12:00:00,0.33559,0.33614,0.33546,0.33581,989813.84066
2026-08-26 13:00:00,0.33581,0.33582,0.33345,0.33481,4270317.681621
2026-08-26 14:00:00,0.33479,0.3349,0.33419,0.3346,1262003.94072
2026-08-26 15:00:00,0.33462,0.33549,0.33428,0.33443,800766.890619
2026-08-26 16:00:00,0.33442,0.33478,0.33418,0.33423,936040.131988
2026-08-26 17:00:00,0.33423,0.3354,0.33418,0.33535,450228.442025
2026-08-26 18:00:00,0.33536,0.33585,0.33493,0.33585,455808.751068
2026-08-26 19:00:00,0.3358,0.33589,0.33441,0.33568,3149871.157252
2026-08-26 20:00:00,0.33575,0.33589,0.33513,0.33589,652631.823465
2026-08-26 21:00:00,0.33588,0.33611,0.33503,0.33559,933913.043223
2026-08-26 22:00:00,0.3356,0.33646,0.33558,0.3362,810715.740817
2026-08-26 23:00:00,0.33619,0.33621,0.33544,0.33602,645554.008015
2026-08-27 00:00:00,0.33602,0.33614,0.33515,0.33541,639231.136678
2026-08-27 01:00:00,0.3354,0.33585,0.33526,0.3356,595562.881247
2026-08-27 02:00:00,0.33562,0.33579,0.33502,0.33503,411897.873213
2026-08-27 03:00:00,0.33501,0.33513,0.33364,0.33433,1964852.284217
2026-08-27 04:00:00,0.33433,0.33464,0.33391,0.33432,494373.250814
2026-08-27 05:00:00,0.33433,0.3349,0.33412,0.3349,386569.56353
2026-08-27 06:00:00,0.33491,0.33514,0.33437,0.33493,369950.978691
2026-08-27 07:00:00,0.33495,0.33516,0.33477,0.33515,321777.579753
2026-08-27 08:00:00,0.33513,0.33671,0.33505,0.33637,1028221.241894
2026-08-27 09:00:00,0.33633,0.33684,0.33616,0.3364,582308.442988
2026-08-27 10:00:00,0.3364,0.33655,0.33551,0.3357,618323.120807
2026-08-27 11:00:00,0.33568,0.3369,0.33567,0.33686,1126458.473847
2026-08-27 12:00:00,0.33686,0.33854,0.33685,0.33853,1281333.262868
2026-08-27 13:00:00,0.33854,0.33862,0.33675,0.33742,1606609.139551
2026-08-27 14:00:00,0.33742,0.33836,0.33737,0.3376,875078.287498
2026-08-27 15:00:00,0.33759,0.33787,0.33733,0.33738,993168.793179
2026-08-27 16:00:00,0.3374,0.33863,0.3372,0.33764,1698551.408478
2026-08-27 17:00:00,0.33764,0.33847,0.33761,0.33803,661316.733541
2026-08-27 18:00:00,0.33806,0.33813,0.33689,0.33746,1053006.26029
2026-08-27 19:00:00,0.33748,0.33785,0.33743,0.33765,576144.803544
2026-08-27 20:00:00,0.33764,0.33798,0.33762,0.33784,256513.437638
2026-08-27 21:00:00,0.33785,0.33785,0.33731,0.33773,454966.527346
2026-08-27 22:00:00,0.3377,0.33777,0.33741,0.33748,226790.159582
2026-08-27 23:00:00,0.33748,0.33786,0.33738,0.33766,353297.912106
2026-08-28 00:00:00,0.33767,0.33885,0.33744,0.33863,603945.655066
2026-08-28 01:00:00,0.33864,0.33985,0.33864,0.33894,1594169.880888
2026-08-28 02:00:00,0.33893,0.33896,0.33809,0.3385,732840.863555
2026-08-28 03:00:00,0.3385,0.33876,0.33804,0.33853,442722.675379
2026-08-28 04:00:00,0.33853,0.33898,0.33836,0.33885,368788.84173
2026-08-28 05:00:00,0.33885,0.3394,0.33864,0.33926,675826.387744
2026-08-28 06:00:00,0.33925,0.34045,0.33922,0.34018,2110585.963765
2026-08-28 07:00:00,0.34017,0.34028,0.33927,0.3396,720600.232659
2026-08-28 08:00:00,0.33965,0.33997,0.33903,0.33943,693216.028832
2026-08-28 09:00:00,0.33947,0.34038,0.33891,0.33902,930521.260779
2026-08-28 10:00:00,0.33903,0.34067,0.33848,0.3406,1170074.396503
2026-08-28 11:00:00,0.34062,0.34139,0.34054,0.34108,883067.628982
2026-08-28 12:00:00,0.34108,0.3414,0.34094,0.34136,854910.362514
2026-08-28 13:00:00,0.34138,0.34189,0.34086,0.34139,1018695.586897
2026-08-28 14:00:00,0.3414,0.3415,0.33996,0.34065,1513150.159405
2026-08-28 15:00:00,0.34065,0.34117,0.33955,0.33983,1446237.391861
2026-08-28 16:00:00,0.33987,0.34031,0.33852,0.33927,2041382.360276
2026-08-28 17:00:00,0.33928,0.33993,0.33902,0.33972,834498.429215
2026-08-28 18:00:00,0.33973,0.34028,0.33946,0.34003,796683.562688
2026-08-28 19:00:00,0.34007,0.34149,0.34005,0.34132,1277250.426194
2026-08-28 20:00:00,0.34131,0.3416,0.3408,0.3415,732305.17325
2026-08-28 21:00:00,0.34148,0.34238,0.34147,0.34162,1511315.922969
2026-08-28 22:00:00,0.34162,0.34196,0.34148,0.3418,546700.721259
2026-08-28 23:00:00,0.34181,0.34181,0.34124,0.34135,366492.589382
2026-08-29 00:00:00,0.34137,0.3423,0.34025,0.34063,1769672.660464
2026-08-29 01:00:00,0.34063,0.34115,0.34049,0.34113,1273050.165387
2026-08-29 02:00:00,0.34114,0.34149,0.34088,0.34106,467016.07183
2026-08-29 03:00:00,0.34106,0.34108,0.34038,0.34038,474554.453954
2026-08-29 04:00:00,0.3404,0.34062,0.34006,0.34027,453868.026077
2026-08-29 05:00:00,0.34028,0.34039,0.33957,0.33958,1149177.517549
2026-08-29 06:00:00,0.33962,0.33962,0.33764,0.33836,1197088.017407
2026-08-29 07:00:00,0.33837,0.33901,0.33812,0.33901,451407.127963
2026-08-29 08:00:00,0.33892,0.33912,0.33819,0.33841,316806.791064
2026-08-29 09:00:00,0.33841,0.33868,0.33822,0.33829,473827.20905
2026-08-29 10:00:00,0.33827,0.33887,0.33826,0.33852,388139.607651
2026-08-29 11:00:00,0.33852,0.33878,0.33836,0.33841,362380.01188
2026-08-29 12:00:00,0.33842,0.33882,0.33828,0.33862,478352.39879
2026-08-29 13:00:00,0.33861,0.33885,0.33819,0.33823,592554.335918
2026-08-29 14:00:00,0.33824,0.33866,0.33812,0.3386,886475.341683
2026-08-29 15:00:00,0.3386,0.33861,0.33793,0.33827,718868.845133
2026-08-29 16:00:00,0.33824,0.33875,0.33796,0.33805,553124.443611
2026-08-29 17:00:00,0.33803,0.33881,0.3379,0.33861,614491.852702
2026-08-29 18:00:00,0.33862,0.3391,0.33859,0.33901,640699.79778
2026-08-29 19:00:00,0.33901,0.33944,0.33893,0.33938,332244.21422
2026-08-29 20:00:00,0.3394,0.33986,0.33914,0.33983,486968.667124
2026-08-29 21:00:00,0.33982,0.34064,0.33968,0.34043,677386.969458
2026-08-29 22:00:00,0.34044,0.34104,0.34041,0.34102,720704.704946
2026-08-29 23:00:00,0.34102,0.34139,0.34075,0.3409,575709.485332
2026-08-30 00:00:00,0.34089,0.34111,0.34034,0.34034,491026.156952
2026-08-30 01:00:00,0.34036,0.34071,0.33992,0.33999,549668.195608
2026-08-30 02:00:00,0.33998,0.34003,0.33963,0.33978,251770.668952
2026-08-30 03:00:00,0.33983,0.34037,0.33983,0.34017,228843.755107
2026-08-30 04:00:00,0.34017,0.34082,0.34009,0.34079,249510.469009
2026-08-30 05:00:00,0.34078,0.34101,0.34074,0.34098,249098.320033
2026-08-30 06:00:00,0.34098,0.34125,0.3406,0.34075,525659.313336
2026-08-30 07:00:00,0.34076,0.34103,0.34042,0.34068,430496.892962
2026-08-30 08:00:00,0.34068,0.34086,0.34033,0.34054,278880.201314
2026-08-30 09:00:00,0.34053,0.34074,0.34033,0.34059,445858.981508
2026-08-30 10:00:00,0.34059,0.34064,0.34037,0.34046,215791.453433
2026-08-30 11:00:00,0.34047,0.34066,0.34038,0.34064,224096.812688
2026-08-30 12:00:00,0.34064,0.34095,0.34037,0.34047,517782.584972
2026-08-30 13:00:00,0.34045,0.34091,0.34039,0.3407,345784.250337
2026-08-30 14:00:00,0.3407,0.34077,0.34031,0.34052,472830.315993
2026-08-30 15:00:00,0.34053,0.34064,0.34,0.34017,554367.600951
2026-08-30 16:00:00,0.34017,0.34156,0.34009,0.34147,861484.94059
2026-08-30 17:00:00,0.34144,0.34155,0.3407,0.3408,433385.209451
2026-08-30 18:00:00,0.3408,0.34085,0.3405,0.34057,385323.838268
2026-08-30 19:00:00,0.34059,0.34061,0.34026,0.34034,345512.14511
2026-08-30 20:00:00,0.34034,0.34037,0.33956,0.33958,396528.797743
2026-08-30 21:00:00,0.33956,0.33956,0.33892,0.33909,649357.666615
2026-08-30 22:00:00,0.33908,0.3391,0.33795,0.33807,741407.070369
2026-08-30 23:00:00,0.33803,0.33807,0.33574,0.33618,3842780.913957
2026-08-31 00:00:00,0.33614,0.33629,0.33529,0.33575,2047568.682967
2026-08-31 01:00:00,0.33574,0.3365,0.3357,0.33598,709523.891349
2026-08-31 02:00:00,0.33598,0.33653,0.33589,0.33596,382771.990625
2026-08-31 03:00:00,0.33596,0.33663,0.33587,0.33633,666580.695607
2026-08-31 04:00:00,0.33632,0.33703,0.3363,0.33647,621326.163763
2026-08-31 05:00:00,0.33647,0.33714,0.33616,0.33666,398751.548937
2026-08-31 06:00:00,0.33661,0.33718,0.3365,0.33714,552850.592055
2026-08-31 07:00:00,0.33715,0.33733,0.33676,0.33695,515296.160546
2026-08-31 08:00:00,0.33696,0.33696,0.33622,0.33641,686513.747001
2026-08-31 09:00:00,0.3364,0.3368,0.33458,0.33466,4207138.305222
2026-08-31 10:00:00,0.33465,0.33616,0.33419,0.33563,1026863.042201
2026-08-31 11:00:00,0.33562,0.33565,0.33435,0.33441,718371.233104
2026-08-31 12:00:00,0.33439,0.33508,0.33422,0.33457,802476.071208
2026-08-31 13:00:00,0.33456,0.33459,0.33187,0.33214,2968592.839885
2026-08-31 14:00:00,0.33216,0.3336,0.33165,0.33301,1221584.637981
2026-08-31 15:00:00,0.33301,0.33328,0.33222,0.33298,1434842.741747
2026-08-31 16:00:00,0.333,0.3335,0.33274,0.33322,970181.054902
2026-08-31 17:00:00,0.33323,0.33371,0.33294,0.33344,895926.399726
2026-08-31 18:00:00,0.33344,0.33423,0.33319,0.33378,834869.061049
2026-08-31 19:00:00,0.33379,0.33397,0.33348,0.33354,536052.5484
2026-08-31 20:00:00,0.33354,0.33369,0.33316,0.33316,595498.155713
2026-08-31 21:00:00,0.33317,0.33351,0.33306,0.33314,864625.858413
2026-08-31 22:00:00,0.33314,0.33317,0.33259,0.3326,608580.424805
2026-08-31 23:00:00,0.3326,0.33286,0.33237,0.33251,767847.176238
2026-09-01 00:00:00,0.33252,0.33257,0.33197,0.33218,1337896.389064
2026-09-01 01:00:00,0.33219,0.33257,0.33189,0.33191,1008274.38907
2026-09-01 02:00:00,0.33191,0.33253,0.33169,0.33201,1454332.496033
2026-09-01 03:00:00,0.33201,0.3324,0.33201,0.33219,341131.968049
2026-09-01 04:00:00,0.33219,0.33236,0.33147,0.33177,668424.343916
2026-09-01 05:00:00,0.33177,0.33202,0.33155,0.33163,673943.862356
2026-09-01 06:00:00,0.33161,0.33187,0.33138,0.33163,1105556.043941
2026-09-01 07:00:00,0.3316,0.33179,0.33133,0.33179,898402.76397
2026-09-01 08:00:00,0.33177,0.33182,0.33012,0.33013,2649090.724051
2026-09-01 09:00:00,0.33013,0.33069,0.32933,0.32958,1756465.330057
2026-09-01 10:00:00,0.32959,0.32972,0.32804,0.32837,3479384.100299
2026-09-01 11:00:00,0.32836,0.32937,0.32786,0.32876,2313730.676709
2026-09-01 12:00:00,0.32876,0.32876,0.32442,0.32627,9680574.629279
2026-09-01 13:00:00,0.32627,0.32676,0.326,0.32618,1963503.63535
2026-09-01 14:00:00,0.32619,0.32619,0.32508,0.32529,5374431.781927
2026-09-01 15:00:00,0.3253,0.32575,0.32401,0.32463,2878089.798578
2026-09-01 16:00:00,0.32463,0.32468,0.32301,0.32333,10426816.933655
2026-09-01 17:00:00,0.32333,0.32358,0.32242,0.32251,5418529.491646
2026-09-01 18:00:00,0.32252,0.32296,0.32179,0.32239,7223301.140818
2026-09-01 19:00:00,0.32238,0.32427,0.32228,0.32388,2975357.162802
2026-09-01 20:00:00,0.32387,0.32396,0.32295,0.32314,697569.262015
2026-09-01 21:00:00,0.32318,0.32335,0.32293,0.32309,807692.984606
2026-09-01 22:00:00,0.3231,0.32315,0.32242,0.32286,736673.697724
2026-09-01 23:00:00,0.32286,0.32288,0.32224,0.32229,1024028.986019
2026-09-02 00:00:00,0.3223,0.32266,0.32182,0.32191,1071460.592788
2026-09-02 01:00:00,0.32192,0.32266,0.32166,0.32175,984966.916238
2026-09-02 02:00:00,0.32171,0.3222,0.32151,0.32209,768823.648758
2026-09-02 03:00:00,0.32209,0.32222,0.32162,0.3219,322732.802829
2026-09-02 04:00:00,0.32191,0.3222,0.3218,0.32211,352897.352574
2026-09-02 05:00:00,0.32209,0.323,0.32187,0.32277,575358.566
2026-09-02 06:00:00,0.32279,0.3233,0.32257,0.32314,845420.006369
2026-09-02 07:00:00,0.32316,0.32376,0.32274,0.32297,796297.007739
2026-09-02 08:00:00,0.32291,0.32354,0.32253,0.32295,913379.11862
2026-09-02 09:00:00,0.32295,0.32346,0.32232,0.32292,571529.429288
2026-09-02 10:00:00,0.32292,0.32315,0.32257,0.32308,402366.502865
2026-09-02 11:00:00,0.32308,0.32312,0.32255,0.32307,628682.798103
2026-09-02 12:00:00,0.32306,0.32473,0.32293,0.32356,1358615.628835
2026-09-02 13:00:00,0.32359,0.32508,0.32352,0.32489,946088.767147
2026-09-02 14:00:00,0.32488,0.32561,0.32439,0.32504,2670065.067799
2026-09-02 15:00:00,0.32503,0.32503,0.32388,0.32426,1047514.280834
2026-09-02 16:00:00,0.32425,0.32435,0.32367,0.32368,1288520.063681
2026-09-02 17:00:00,0.32369,0.32401,0.32359,0.32383,375602.445039
2026-09-02 18:00:00,0.32384,0.32507,0.32373,0.32497,614852.291883
2026-09-02 19:00:00,0.32497,0.32521,0.32428,0.32445,764003.85463
2026-09-02 20:00:00,0.32445,0.3248,0.32425,0.32469,386249.699013
2026-09-02 21:00:00,0.3247,0.32492,0.32459,0.32472,494634.001348
2026-09-02 22:00:00,0.32472,0.32498,0.32453,0.32497,326299.211663
2026-09-02 23:00:00,0.32497,0.32539,0.32493,0.32525,890239.489761
2026-09-03 00:00:00,0.32521,0.32533,0.3246,0.325,649118.203282
2026-09-03 01:00:00,0.32503,0.32543,0.32475,0.32497,446390.584432
2026-09-03 02:00:00,0.32496,0.32562,0.32496,0.32546,766590.032046
2026-09-03 03:00:00,0.32548,0.326,0.32548,0.326,1200589.485118
2026-09-03 04:00:00,0.326,0.32631,0.3259,0.32622,1175518.224326
2026-09-03 05:00:00,0.32619,0.3265,0.3255,0.32636,610042.575776
2026-09-03 06:00:00,0.32636,0.32666,0.3263,0.32637,353277.686069
2026-09-03 07:00:00,0.32638,0.32666,0.32607,0.32624,940905.954265
2026-09-03 08:00:00,0.32623,0.32665,0.3262,0.32656,508807.610146
2026-09-03 09:00:00,0.32655,0.32738,0.32655,0.3273,1067999.748368
2026-09-03 10:00:00,0.32728,0.32848,0.32718,0.3284,2276613.342691
2026-09-03 11:00:00,0.3284,0.32864,0.32775,0.32795,1186240.927054
2026-09-03 12:00:00,0.32795,0.32829,0.32774,0.32802,1347909.527003
2026-09-03 13:00:00,0.328,0.32934,0.32789,0.32904,2731769.54494
2026-09-03 14:00:00,0.32904,0.33,0.32871,0.32999,5650787.1894
2026-09-03 15:00:00,0.32997,0.33238,0.32987,0.3317,8171485.739127
2026-09-03 16:00:00,0.3317,0.33237,0.33144,0.33207,2903941.741641
2026-09-03 17:00:00,0.33208,0.3321,0.33139,0.33159,1183755.577655
2026-09-03 18:00:00,0.33157,0.33161,0.3308,0.33119,1499044.214398
2026-09-03 19:00:00,0.33124,0.33156,0.33099,0.33143,700508.200213
2026-09-03 20:00:00,0.33142,0.33204,0.33113,0.3319,778945.725639
2026-09-03 21:00:00,0.33189,0.33201,0.33117,0.3313,935605.701746
2026-09-03 22:00:00,0.33129,0.33129,0.33052,0.33058,747818.307291
2026-09-03 23:00:00,0.33058,0.33092,0.33049,0.33077,426308.674772
2026-09-04 00:00:00,0.33076,0.33083,0.32995,0.32999,579081.378439
2026-09-04 01:00:00,0.32999,0.33036,0.32994,0.32996,417987.453881
2026-09-04 02:00:00,0.33,0.33008,0.32925,0.32953,1011115.179262
2026-09-04 03:00:00,0.32953,0.32982,0.32935,0.32935,501821.196777
2026-09-04 04:00:00,0.32935,0.32951,0.32892,0.32906,621452.355273
2026-09-04 05:00:00,0.32905,0.32906,0.3285,0.32862,238934.248252
2026-09-04 06:00:00,0.3286,0.32872,0.3279,0.32827,525857.995925
2026-09-04 07:00:00,0.32826,0.32839,0.32767,0.32799,474004.458949
2026-09-04 08:00:00,0.32799,0.32861,0.32769,0.32845,658820.568892
2026-09-04 09:00:00,0.32847,0.32898,0.32776,0.3279,1325480.362044
2026-09-04 10:00:00,0.3279,0.32856,0.32777,0.32855,427838.709386
2026-09-04 11:00:00,0.32856,0.32976,0.32832,0.32971,842398.116986
2026-09-04 12:00:00,0.32971,0.32979,0.32756,0.32853,1873386.188518
2026-09-04 13:00:00,0.32852,0.32984,0.32849,0.3298,880112.835111
2026-09-04 14:00:00,0.3298,0.32987,0.32872,0.3293,846476.689131
2026-09-04 15:00:00,0.32931,0.33035,0.32924,0.3303,779266.747296
2026-09-04 16:00:00,0.3303,0.33075,0.33016,0.33073,816947.927576
2026-09-04 17:00:00,0.33071,0.33101,0.33069,0.33101,536245.765517
2026-09-04 18:00:00,0.33101,0.33203,0.331,0.332,546951.64199
2026-09-04 19:00:00,0.332,0.33206,0.3316,0.33164,602171.708409
2026-09-04 20:00:00,0.33163,0.33184,0.33131,0.3315,612390.805382
2026-09-04 21:00:00,0.33151,0.33155,0.33116,0.3313,427670.196464
2026-09-04 22:00:00,0.3313,0.33181,0.3313,0.33181,328327.945754
2026-09-04 23:00:00,0.33177,0.33177,0.33103,0.33139,347628.753371
2026-09-05 00:00:00,0.33139,0.33181,0.33132,0.33168,392662.739174
2026-09-05 01:00:00,0.33168,0.33193,0.3316,0.33184,463113.006732
2026-09-05 02:00:00,0.33185,0.33209,0.33135,0.33143,624469.987395
2026-09-05 03:00:00,0.33143,0.33203,0.33143,0.33201,176167.714492
2026-09-05 04:00:00,0.33201,0.33209,0.3316,0.33182,184595.028241
2026-09-05 05:00:00,0.3318,0.33201,0.33157,0.33199,248872.240514
2026-09-05 06:00:00,0.33198,0.33285,0.33195,0.33283,383623.799429
2026-09-05 07:00:00,0.33283,0.33342,0.33247,0.33267,639726.33648
2026-09-05 08:00:00,0.33269,0.33298,0.33242,0.3328,557409.046782
2026-09-05 09:00:00,0.33281,0.33298,0.33174,0.33229,989897.818347
2026-09-05 10:00:00,0.3323,0.33301,0.33229,0.33278,530221.246042
2026-09-05 11:00:00,0.33279,0.33323,0.33268,0.33319,586764.413263
2026-09-05 12:00:00,0.33322,0.33333,0.33273,0.33316,235667.783128
2026-09-05 13:00:00,0.33316,0.33336,0.33297,0.33326,239659.779888
2026-09-05 14:00:00,0.33325,0.33339,0.33287,0.33316,361730.127325
2026-09-05 15:00:00,0.33316,0.33437,0.33308,0.33433,495332.155036
2026-09-05 16:00:00,0.33432,0.33467,0.33396,0.3346,704326.972961
2026-09-05 17:00:00,0.3346,0.33466,0.33385,0.33413,518978.522052
2026-09-05 18:00:00,0.33414,0.33436,0.33405,0.33434,290559.22618
2026-09-05 19:00:00,0.33434,0.33434,0.33377,0.33399,748315.329404
2026-09-05 20:00:00,0.33399,0.33462,0.33385,0.33452,524666.233784
2026-09-05 21:00:00,0.33455,0.33484,0.3345,0.33468,264719.26624
2026-09-05 22:00:00,0.33468,0.33473,0.33383,0.33389,365185.271117
2026-09-05 23:00:00,0.33389,0.33425,0.33377,0.3338,246265.60112
2026-09-06 00:00:00,0.3338,0.33449,0.3338,0.3342,808999.075525
2026-09-06 01:00:00,0.3342,0.33454,0.33396,0.33399,382398.561652
2026-09-06 02:00:00,0.33402,0.33418,0.33311,0.33315,680333.63979
2026-09-06 03:00:00,0.33315,0.33317,0.33286,0.33293,253648.81158
2026-09-06 04:00:00,0.33293,0.33349,0.33285,0.33289,185777.517031
2026-09-06 05:00:00,0.33289,0.33387,0.33286,0.33341,1706022.277658
2026-09-06 06:00:00,0.33342,0.33391,0.33326,0.33379,806984.921278
2026-09-06 07:00:00,0.33379,0.33379,0.33327,0.33369,401182.692404
2026-09-06 08:00:00,0.33371,0.33409,0.33334,0.33378,627016.392482
2026-09-06 09:00:00,0.3338,0.33426,0.33375,0.33418,568504.811338
2026-09-06 10:00:00,0.3342,0.3343,0.33404,0.33421,230713.29008
2026-09-06 11:00:00,0.33422,0.33534,0.33405,0.33501,541605.12235
2026-09-06 12:00:00,0.33504,0.33553,0.33484,0.33551,407227.837043
2026-09-06 13:00:00,0.3355,0.33567,0.33492,0.33503,648727.174328
2026-09-06 14:00:00,0.33506,0.33536,0.33475,0.33518,602162.06054
2026-09-06 15:00:00,0.33517,0.33535,0.33497,0.33533,214914.95985
2026-09-06 16:00:00,0.33533,0.33553,0.33527,0.33533,525782.818778
2026-09-06 17:00:00,0.33534,0.33556,0.33509,0.33528,504407.298387
2026-09-06 18:00:00,0.33532,0.33556,0.3351,0.33544,500845.387146
2026-09-06 19:00:00,0.33544,0.33544,0.33486,0.33488,411998.936031
2026-09-06 20:00:00,0.3349,0.33632,0.33476,0.33606,644783.922158
2026-09-06 21:00:00,0.33608,0.33634,0.33594,0.33615,329954.329568
2026-09-06 22:00:00,0.33616,0.33622,0.33533,0.33546,596559.172865
2026-09-06 23:00:00,0.33546,0.33566,0.33511,0.33511,280867.104788
2026-09-07 00:00:00,0.33512,0.3355,0.33493,0.33522,453603.570802
2026-09-07 01:00:00,0.33525,0.33541,0.33501,0.33515,411933.384264
2026-09-07 02:00:00,0.33516,0.3357,0.33494,0.33514,316643.309068
2026-09-07 03:00:00,0.33516,0.33582,0.33499,0.33567,282339.610172
2026-09-07 04:00:00,0.33568,0.33705,0.33566,0.33673,711259.183363
2026-09-07 05:00:00,0.33672,0.33738,0.33655,0.33716,392268.604425
2026-09-07 06:00:00,0.33718,0.33737,0.33644,0.33682,437576.690814
2026-09-07 07:00:00,0.33682,0.33711,0.33614,0.3365,593934.076435
2026-09-07 08:00:00,0.3365,0.33686,0.33638,0.33678,644128.164852
2026-09-07 09:00:00,0.33678,0.33698,0.33661,0.33668,563790.722285
2026-09-07 10:00:00,0.33669,0.33703,0.33651,0.33679,298000.969351
2026-09-07 11:00:00,0.33679,0.3368,0.33626,0.33635,411339.410398
2026-09-07 12:00:00,0.33636,0.33647,0.33543,0.33567,1418295.608031
2026-09-07 13:00:00,0.33567,0.33581,0.33523,0.33536,605400.486608
2026-09-07 14:00:00,0.33536,0.33541,0.33469,0.33481,542952.133546
2026-09-07 15:00:00,0.33483,0.33483,0.33367,0.3338,1611488.617772
2026-09-07 16:00:00,0.33379,0.33426,0.33377,0.33394,654065.208281
2026-09-07 17:00:00,0.33394,0.33421,0.33371,0.33384,395586.929871
2026-09-07 18:00:00,0.33384,0.33472,0.33371,0.33444,1012119.55592
2026-09-07 19:00:00,0.33443,0.33467,0.3343,0.33464,457598.087496
2026-09-07 20:00:00,0.33464,0.33481,0.33434,0.33449,568069.424648
2026-09-07 21:00:00,0.33449,0.33486,0.33444,0.33475,409934.172038
2026-09-07 22:00:00,0.33476,0.33476,0.33404,0.33433,564525.145286
2026-09-07 23:00:00,0.33436,0.33459,0.33411,0.33453,214952.141196
2026-09-08 00:00:00,0.33454,0.33497,0.33394,0.33426,724747.823814
2026-09-08 01:00:00,0.33425,0.33493,0.33422,0.33475,383917.688858
2026-09-08 02:00:00,0.33477,0.33525,0.33475,0.33496,241438.308915
2026-09-08 03:00:00,0.33496,0.33537,0.33468,0.33509,347385.823288
2026-09-08 04:00:00,0.3351,0.33574,0.33485,0.33557,347868.193636
2026-09-08 05:00:00,0.33557,0.33735,0.33544,0.33735,629947.285338
2026-09-08 06:00:00,0.33734,0.33792,0.33734,0.33744,567032.562719
2026-09-08 07:00:00,0.33744,0.33906,0.33717,0.33812,1471243.102764
2026-09-08 08:00:00,0.33808,0.33845,0.33762,0.3384,1366744.78892
2026-09-08 09:00:00,0.3384,0.33924,0.3377,0.33885,1331849.379961
2026-09-08 10:00:00,0.33884,0.33886,0.33763,0.33777,937938.308616
2026-09-08 11:00:00,0.33777,0.33872,0.33777,0.33862,851811.329937
2026-09-08 12:00:00,0.33861,0.33897,0.3383,0.33889,834798.142934
2026-09-08 13:00:00,0.33889,0.33929,0.33836,0.33884,808202.302184
2026-09-08 14:00:00,0.33883,0.34007,0.3388,0.34006,901254.745609
2026-09-08 15:00:00,0.34006,0.3403,0.33876,0.33938,1278909.709214
2026-09-08 16:00:00,0.33938,0.33989,0.3391,0.33979,909812.504243
2026-09-08 17:00:00,0.33979,0.33989,0.33882,0.33924,809795.072267
2026-09-08 18:00:00,0.33924,0.33938,0.33875,0.33909,428024.225132
2026-09-08 19:00:00,0.33909,0.33918,0.33824,0.33833,565682.719377
2026-09-08 20:00:00,0.33832,0.33841,0.33782,0.33785,662068.794889
2026-09-08 21:00:00,0.33784,0.33846,0.33781,0.33804,370585.738806
2026-09-08 22:00:00,0.33804,0.33879,0.33797,0.33871,476860.4217
2026-09-08 23:00:00,0.33871,0.33927,0.33855,0.33874,503165.099901
2026-09-09 00:00:00,0.33878,0.33965,0.33878,0.3394,517848.379669
2026-09-09 01:00:00,0.33941,0.33959,0.33889,0.33914,359638.499012
2026-09-09 02:00:00,0.33916,0.33936,0.3385,0.33917,343873.253962
2026-09-09 03:00:00,0.33919,0.33932,0.33874,0.33916,274118.133824
2026-09-09 04:00:00,0.33917,0.33931,0.33832,0.33885,1018140.284831
2026-09-09 05:00:00,0.33886,0.33888,0.33823,0.33858,437792.786816
2026-09-09 06:00:00,0.33858,0.33914,0.33806,0.33903,644629.116787
2026-09-09 07:00:00,0.33902,0.33966,0.33831,0.33938,1010824.152488
2026-09-09 08:00:00,0.33938,0.33951,0.33914,0.33946,921044.31986
2026-09-09 09:00:00,0.33947,0.33951,0.33897,0.33903,541675.036674
2026-09-09 10:00:00,0.33903,0.33926,0.33883,0.33891,285584.64669
2026-09-09 11:00:00,0.33891,0.33941,0.33874,0.33929,536585.19551
2026-09-09 12:00:00,0.33932,0.33932,0.33879,0.33893,1139059.637975
2026-09-09 13:00:00,0.33894,0.33942,0.33843,0.33848,866352.068424
2026-09-09 14:00:00,0.33848,0.33884,0.3384,0.33861,428048.315681
2026-09-09 15:00:00,0.33862,0.33891,0.33783,0.33833,1978393.694539
2026-09-09 16:00:00,0.33833,0.34069,0.33832,0.34066,1188936.256316
2026-09-09 17:00:00,0.34065,0.34077,0.33993,0.34022,413699.299286
2026-09-09 18:00:00,0.34025,0.34045,0.33986,0.3399,400415.41023
2026-09-09 19:00:00,0.33992,0.34009,0.33944,0.33948,456159.507365
2026-09-09 20:00:00,0.33949,0.33981,0.33918,0.33929,751895.966352
2026-09-09 21:00:00,0.33929,0.33967,0.33897,0.33898,489741.498119
2026-09-09 22:00:00,0.33899,0.33912,0.33812,0.33832,619246.569002
2026-09-09 23:00:00,0.33832,0.33912,0.33828,0.3389,417327.242452
2026-09-10 00:00:00,0.33892,0.33934,0.33892,0.33914,322483.737638
2026-09-10 01:00:00,0.33914,0.33959,0.33852,0.33864,543224.289734
2026-09-10 02:00:00,0.33864,0.33973,0.33864,0.33973,341866.276377
2026-09-10 03:00:00,0.33973,0.3402,0.33933,0.33957,733598.277418
2026-09-10 04:00:00,0.33958,0.34072,0.33932,0.3404,645003.084019
2026-09-10 05:00:00,0.3404,0.34075,0.3396,0.34066,753152.892471
2026-09-10 06:00:00,0.34067,0.34067,0.33972,0.33974,493721.449001
2026-09-10 07:00:00,0.33975,0.33997,0.33933,0.33965,495336.954662
2026-09-10 08:00:00,0.33962,0.3399,0.3393,0.33953,952788.358262
2026-09-10 09:00:00,0.33953,0.34044,0.33944,0.3404,604316.294045
2026-09-10 10:00:00,0.34038,0.34078,0.34017,0.3403,527342.633911
2026-09-10 11:00:00,0.3403,0.34056,0.34011,0.34035,422096.6396
2026-09-10 12:00:00,0.34033,0.34073,0.33841,0.33864,1308615.073591
2026-09-10 13:00:00,0.33864,0.33907,0.3382,0.33862,1196593.033517
2026-09-10 14:00:00,0.33862,0.33908,0.3385,0.33851,683372.884953
2026-09-10 15:00:00,0.33852,0.33923,0.33851,0.3391,451422.354175
2026-09-10 16:00:00,0.33911,0.33918,0.33834,0.33889,974358.117926
2026-09-10 17:00:00,0.3389,0.33993,0.33886,0.33983,292333.363605
2026-09-10 18:00:00,0.33984,0.33997,0.33915,0.33975,299956.654675
2026-09-10 19:00:00,0.33975,0.33985,0.33939,0.3396,332070.934056
2026-09-10 20:00:00,0.33961,0.33977,0.33913,0.33931,248740.175348
2026-09-10 21:00:00,0.3393,0.3403,0.33918,0.34028,504598.625236
2026-09-10 22:00:00,0.34028,0.3412,0.34014,0.34016,492364.288651
2026-09-10 23:00:00,0.34015,0.34059,0.33983,0.33999,387295.832415
2026-09-11 00:00:00,0.34003,0.34109,0.34003,0.34103,306921.162403
2026-09-11 01:00:00,0.34102,0.3412,0.34044,0.34089,348602.953972
2026-09-11 02:00:00,0.34094,0.34104,0.34037,0.34063,151917.136212
2026-09-11 03:00:00,0.34061,0.34061,0.3395,0.33999,361277.516066
2026-09-11 04:00:00,0.33999,0.34007,0.33864,0.33922,545335.49203
2026-09-11 05:00:00,0.33922,0.33926,0.33888,0.33898,204685.92327
2026-09-11 06:00:00,0.33897,0.33934,0.33857,0.33886,505143.296165
2026-09-11 07:00:00,0.33887,0.33888,0.33853,0.3386,1000204.1757
2026-09-11 08:00:00,0.33859,0.33886,0.33855,0.33877,476779.919131
2026-09-11 09:00:00,0.33877,0.33899,0.3385,0.33864,530590.677758
2026-09-11 10:00:00,0.33866,0.33899,0.33861,0.33864,184819.914288
